id,asset,milestone_year,rep_period,time_block_start,time_block_end,dual_balance_consumer
1,e_demand,2030,1,1,1,0.008593845145357718
2,e_demand,2030,1,2,2,0.008593845145357718
3,e_demand,2030,1,3,3,0.008593845145357718
4,e_demand,2030,1,4,4,0.008593845145357718
5,e_demand,2030,1,5,5,0.008593845145357718
6,e_demand,2030,1,6,6,0.008593845145357718
7,e_demand,2030,1,7,7,0.008593845145357718
8,e_demand,2030,1,8,8,0.008593845145357718
9,e_demand,2030,1,9,9,0.21484612863394306
10,e_demand,2030,1,10,10,0.21484612863394298
11,e_demand,2030,1,11,11,0.21484612863394298
12,e_demand,2030,1,12,12,0.21484612863394298
13,e_demand,2030,1,13,13,0.21484612863394306
14,e_demand,2030,1,14,14,0.21484612863394298
15,e_demand,2030,1,15,15,0.21484612863394298
16,e_demand,2030,1,16,16,0.21484612863394298
17,e_demand,2030,1,17,17,0.21484612863394298
18,e_demand,2030,1,18,18,0.21484612863394298
19,e_demand,2030,1,19,19,0.21484612863394298
20,e_demand,2030,1,20,20,0.21484612863394306
21,e_demand,2030,1,21,21,0.008593845145357718
22,e_demand,2030,1,22,22,0.008593845145357718
23,e_demand,2030,1,23,23,0.008593845145357718
24,e_demand,2030,1,24,24,0.008593845145357718
25,e_demand,2030,2,1,1,0.11866375150792056
26,e_demand,2030,2,2,2,0.11866375150792048
27,e_demand,2030,2,3,3,0.11866375150792048
28,e_demand,2030,2,4,4,0.11866375150792048
29,e_demand,2030,2,5,5,0.11866375150792048
30,e_demand,2030,2,6,6,0.11866375150792048
31,e_demand,2030,2,7,7,0.11866375150792048
32,e_demand,2030,2,8,8,0.11866375150792048
33,e_demand,2030,2,9,9,0.11866375150792048
34,e_demand,2030,2,10,10,0.11866375150792048
35,e_demand,2030,2,11,11,0.11866375150792048
36,e_demand,2030,2,12,12,0.11866375150792048
37,e_demand,2030,2,13,13,0.11866375150792048
38,e_demand,2030,2,14,14,0.11866375150792048
39,e_demand,2030,2,15,15,0.11866375150792048
40,e_demand,2030,2,16,16,0.11866375150792048
41,e_demand,2030,2,17,17,0.11866375150792048
42,e_demand,2030,2,18,18,0.11866375150792048
43,e_demand,2030,2,19,19,0.11866375150792056
44,e_demand,2030,2,20,20,0.11866375150792048
45,e_demand,2030,2,21,21,0.11866375150792048
46,e_demand,2030,2,22,22,0.11866375150792048
47,e_demand,2030,2,23,23,0.11866375150792048
48,e_demand,2030,2,24,24,0.11866375150792048
49,e_demand,2030,3,1,1,0.022746129782178718
50,e_demand,2030,3,2,2,0.022746129782178718
51,e_demand,2030,3,3,3,0.02274612978217873
52,e_demand,2030,3,4,4,0.022746129782178718
53,e_demand,2030,3,5,5,0.022746129782178718
54,e_demand,2030,3,6,6,0.02274612978217873
55,e_demand,2030,3,7,7,0.022746129782178718
56,e_demand,2030,3,8,8,0.022746129782178718
57,e_demand,2030,3,9,9,0.022746129782178718
58,e_demand,2030,3,10,10,0.022746129782178718
59,e_demand,2030,3,11,11,0.02274612978217873
60,e_demand,2030,3,12,12,0.022746129782178718
61,e_demand,2030,3,13,13,0.02274612978217873
62,e_demand,2030,3,14,14,0.022746129782178718
63,e_demand,2030,3,15,15,0.022746129782178718
64,e_demand,2030,3,16,16,0.022746129782178718
65,e_demand,2030,3,17,17,0.022746129782178718
66,e_demand,2030,3,18,18,0.02274612978217873
67,e_demand,2030,3,19,19,0.022746129782178718
68,e_demand,2030,3,20,20,0.0009098451912871487
69,e_demand,2030,3,21,21,0.0009098451912871487
70,e_demand,2030,3,22,22,0.0009098451912871487
71,e_demand,2030,3,23,23,0.0009098451912871487
72,e_demand,2030,3,24,24,0.0009098451912871487
73,e_demand,2030,4,1,1,0.05377776419554899
74,e_demand,2030,4,2,2,0.05377776419554897
75,e_demand,2030,4,3,3,0.05377776419554897
76,e_demand,2030,4,4,4,0.05377776419554897
77,e_demand,2030,4,5,5,0.05377776419554897
78,e_demand,2030,4,6,6,0.05377776419554897
79,e_demand,2030,4,7,7,0.05377776419554897
80,e_demand,2030,4,8,8,0.05377776419554897
81,e_demand,2030,4,9,9,0.05377776419554897
82,e_demand,2030,4,10,10,0.05377776419554897
83,e_demand,2030,4,11,11,0.05377776419554897
84,e_demand,2030,4,12,12,0.05377776419554897
85,e_demand,2030,4,13,13,0.05377776419554897
86,e_demand,2030,4,14,14,0.05377776419554899
87,e_demand,2030,4,15,15,0.05377776419554897
88,e_demand,2030,4,16,16,0.05377776419554897
89,e_demand,2030,4,17,17,0.05377776419554897
90,e_demand,2030,4,18,18,0.05377776419554897
91,e_demand,2030,4,19,19,0.05377776419554899
92,e_demand,2030,4,20,20,0.05377776419554897
93,e_demand,2030,4,21,21,0.05377776419554897
94,e_demand,2030,4,22,22,0.05377776419554897
95,e_demand,2030,4,23,23,0.05377776419554897
96,e_demand,2030,4,24,24,0.05377776419554897
97,e_demand,2030,5,1,1,0.3086184533287025
98,e_demand,2030,5,2,2,0.3086184533287025
99,e_demand,2030,5,3,3,0.3086184533287025
100,e_demand,2030,5,4,4,0.3086184533287025
101,e_demand,2030,5,5,5,0.3086184533287025
102,e_demand,2030,5,6,6,0.3086184533287025
103,e_demand,2030,5,7,7,0.3086184533287025
104,e_demand,2030,5,8,8,0.3086184533287025
105,e_demand,2030,5,9,9,0.3086184533287025
106,e_demand,2030,5,10,10,0.3086184533287025
107,e_demand,2030,5,11,11,0.3086184533287025
108,e_demand,2030,5,12,12,0.3086184533287025
109,e_demand,2030,5,13,13,0.3086184533287025
110,e_demand,2030,5,14,14,0.3086184533287025
111,e_demand,2030,5,15,15,0.3086184533287025
112,e_demand,2030,5,16,16,0.3086184533287025
113,e_demand,2030,5,17,17,0.3086184533287025
114,e_demand,2030,5,18,18,0.3086184533287025
115,e_demand,2030,5,19,19,0.3086184533287025
116,e_demand,2030,5,20,20,0.3086184533287025
117,e_demand,2030,5,21,21,0.3086184533287025
118,e_demand,2030,5,22,22,0.3086184533287025
119,e_demand,2030,5,23,23,0.3086184533287025
120,e_demand,2030,5,24,24,0.3086184533287025
121,e_demand,2030,6,1,1,0.001649618229217001
122,e_demand,2030,6,2,2,0.001649618229217001
123,e_demand,2030,6,3,3,0.001649618229217001
124,e_demand,2030,6,4,4,0.001649618229217001
125,e_demand,2030,6,5,5,0.001649618229217001
126,e_demand,2030,6,6,6,0.04124045573042502
127,e_demand,2030,6,7,7,0.04124045573042502
128,e_demand,2030,6,8,8,0.04124045573042502
129,e_demand,2030,6,9,9,0.04124045573042502
130,e_demand,2030,6,10,10,0.04124045573042502
131,e_demand,2030,6,11,11,0.041240455730425014
132,e_demand,2030,6,12,12,0.04124045573042502
133,e_demand,2030,6,13,13,0.04124045573042502
134,e_demand,2030,6,14,14,0.04124045573042502
135,e_demand,2030,6,15,15,0.04124045573042502
136,e_demand,2030,6,16,16,0.04124045573042502
137,e_demand,2030,6,17,17,0.04124045573042502
138,e_demand,2030,6,18,18,0.04124045573042502
139,e_demand,2030,6,19,19,0.04124045573042502
140,e_demand,2030,6,20,20,0.04124045573042502
141,e_demand,2030,6,21,21,0.041240455730425014
142,e_demand,2030,6,22,22,0.04124045573042502
143,e_demand,2030,6,23,23,0.04124045573042502
144,e_demand,2030,6,24,24,0.04124045573042502
145,e_demand,2030,7,1,1,0.06694222573534622
146,e_demand,2030,7,2,2,0.06694222573534621
147,e_demand,2030,7,3,3,0.06694222573534621
148,e_demand,2030,7,4,4,0.06694222573534622
149,e_demand,2030,7,5,5,0.06694222573534621
150,e_demand,2030,7,6,6,0.06694222573534621
151,e_demand,2030,7,7,7,0.06694222573534621
152,e_demand,2030,7,8,8,0.06694222573534621
153,e_demand,2030,7,9,9,0.06694222573534621
154,e_demand,2030,7,10,10,0.06694222573534621
155,e_demand,2030,7,11,11,0.06694222573534621
156,e_demand,2030,7,12,12,0.06694222573534621
157,e_demand,2030,7,13,13,0.06694222573534621
158,e_demand,2030,7,14,14,0.06694222573534621
159,e_demand,2030,7,15,15,0.06694222573534621
160,e_demand,2030,7,16,16,0.06694222573534622
161,e_demand,2030,7,17,17,0.06694222573534621
162,e_demand,2030,7,18,18,0.06694222573534621
163,e_demand,2030,7,19,19,0.06694222573534621
164,e_demand,2030,7,20,20,0.06694222573534621
165,e_demand,2030,7,21,21,0.06694222573534621
166,e_demand,2030,7,22,22,0.06694222573534621
167,e_demand,2030,7,23,23,0.06694222573534621
168,e_demand,2030,7,24,24,0.06694222573534621
169,e_demand,2030,8,1,1,0.0288837606941958
170,e_demand,2030,8,2,2,0.028883760694195786
171,e_demand,2030,8,3,3,0.028883760694195786
172,e_demand,2030,8,4,4,0.028883760694195786
173,e_demand,2030,8,5,5,0.0288837606941958
174,e_demand,2030,8,6,6,0.028883760694195786
175,e_demand,2030,8,7,7,0.028883760694195786
176,e_demand,2030,8,8,8,0.028883760694195786
177,e_demand,2030,8,9,9,0.028883760694195786
178,e_demand,2030,8,10,10,0.028883760694195786
179,e_demand,2030,8,11,11,0.028883760694195786
180,e_demand,2030,8,12,12,0.028883760694195786
181,e_demand,2030,8,13,13,0.028883760694195786
182,e_demand,2030,8,14,14,0.028883760694195786
183,e_demand,2030,8,15,15,0.0288837606941958
184,e_demand,2030,8,16,16,0.028883760694195786
185,e_demand,2030,8,17,17,0.028883760694195786
186,e_demand,2030,8,18,18,0.028883760694195786
187,e_demand,2030,8,19,19,0.0288837606941958
188,e_demand,2030,8,20,20,0.028883760694195786
189,e_demand,2030,8,21,21,0.028883760694195786
190,e_demand,2030,8,22,22,0.028883760694195786
191,e_demand,2030,8,23,23,0.028883760694195786
192,e_demand,2030,8,24,24,0.0288837606941958
193,e_demand,2030,9,1,1,0.06988947348190928
194,e_demand,2030,9,2,2,0.06988947348190923
195,e_demand,2030,9,3,3,0.06988947348190923
196,e_demand,2030,9,4,4,0.06988947348190923
197,e_demand,2030,9,5,5,0.06988947348190923
198,e_demand,2030,9,6,6,0.06988947348190923
199,e_demand,2030,9,7,7,0.06988947348190923
200,e_demand,2030,9,8,8,0.06988947348190923
201,e_demand,2030,9,9,9,0.06988947348190923
202,e_demand,2030,9,10,10,0.06988947348190923
203,e_demand,2030,9,11,11,0.06988947348190928
204,e_demand,2030,9,12,12,0.06988947348190923
205,e_demand,2030,9,13,13,0.06988947348190923
206,e_demand,2030,9,14,14,0.06988947348190923
207,e_demand,2030,9,15,15,0.06988947348190923
208,e_demand,2030,9,16,16,0.06988947348190923
209,e_demand,2030,9,17,17,0.06988947348190923
210,e_demand,2030,9,18,18,0.06988947348190923
211,e_demand,2030,9,19,19,0.06988947348190923
212,e_demand,2030,9,20,20,0.06988947348190923
213,e_demand,2030,9,21,21,0.06988947348190923
214,e_demand,2030,9,22,22,0.06988947348190923
215,e_demand,2030,9,23,23,0.06988947348190923
216,e_demand,2030,9,24,24,0.06988947348190923
217,e_demand,2030,10,1,1,0.0017633392601384842
218,e_demand,2030,10,2,2,0.0017633392601384842
219,e_demand,2030,10,3,3,0.0017633392601384842
220,e_demand,2030,10,4,4,0.0017633392601384842
221,e_demand,2030,10,5,5,0.0017633392601384842
222,e_demand,2030,10,6,6,0.0017633392601384842
223,e_demand,2030,10,7,7,0.04408348150346211
224,e_demand,2030,10,8,8,0.044083481503462106
225,e_demand,2030,10,9,9,0.044083481503462106
226,e_demand,2030,10,10,10,0.044083481503462106
227,e_demand,2030,10,11,11,0.044083481503462106
228,e_demand,2030,10,12,12,0.044083481503462106
229,e_demand,2030,10,13,13,0.044083481503462106
230,e_demand,2030,10,14,14,0.044083481503462106
231,e_demand,2030,10,15,15,0.044083481503462106
232,e_demand,2030,10,16,16,0.044083481503462106
233,e_demand,2030,10,17,17,0.044083481503462106
234,e_demand,2030,10,18,18,0.044083481503462106
235,e_demand,2030,10,19,19,0.04408348150346211
236,e_demand,2030,10,20,20,0.044083481503462106
237,e_demand,2030,10,21,21,0.044083481503462106
238,e_demand,2030,10,22,22,0.04408348150346211
239,e_demand,2030,10,23,23,0.044083481503462106
240,e_demand,2030,10,24,24,0.044083481503462106
241,e_demand,2030,11,1,1,0.061935211922890525
242,e_demand,2030,11,2,2,0.061935211922890525
243,e_demand,2030,11,3,3,0.061935211922890525
244,e_demand,2030,11,4,4,0.061935211922890525
245,e_demand,2030,11,5,5,0.061935211922890525
246,e_demand,2030,11,6,6,0.061935211922890525
247,e_demand,2030,11,7,7,0.06193521192289053
248,e_demand,2030,11,8,8,0.061935211922890525
249,e_demand,2030,11,9,9,0.061935211922890525
250,e_demand,2030,11,10,10,0.061935211922890525
251,e_demand,2030,11,11,11,0.061935211922890525
252,e_demand,2030,11,12,12,0.061935211922890525
253,e_demand,2030,11,13,13,0.061935211922890525
254,e_demand,2030,11,14,14,0.061935211922890525
255,e_demand,2030,11,15,15,0.061935211922890525
256,e_demand,2030,11,16,16,0.061935211922890525
257,e_demand,2030,11,17,17,0.061935211922890525
258,e_demand,2030,11,18,18,0.06193521192289053
259,e_demand,2030,11,19,19,0.061935211922890525
260,e_demand,2030,11,20,20,0.061935211922890525
261,e_demand,2030,11,21,21,0.06193521192289053
262,e_demand,2030,11,22,22,0.061935211922890525
263,e_demand,2030,11,23,23,0.061935211922890525
264,e_demand,2030,11,24,24,0.061935211922890525
265,e_demand,2030,12,1,1,0.030138485716680707
266,e_demand,2030,12,2,2,0.030138485716680707
267,e_demand,2030,12,3,3,0.03013848571668068
268,e_demand,2030,12,4,4,0.03013848571668068
269,e_demand,2030,12,5,5,0.030138485716680707
270,e_demand,2030,12,6,6,0.03013848571668068
271,e_demand,2030,12,7,7,0.030138485716680707
272,e_demand,2030,12,8,8,0.03013848571668068
273,e_demand,2030,12,9,9,0.03013848571668068
274,e_demand,2030,12,10,10,0.03013848571668068
275,e_demand,2030,12,11,11,0.03013848571668068
276,e_demand,2030,12,12,12,0.03013848571668068
277,e_demand,2030,12,13,13,0.03013848571668068
278,e_demand,2030,12,14,14,0.030138485716680707
279,e_demand,2030,12,15,15,0.03013848571668068
280,e_demand,2030,12,16,16,0.03013848571668068
281,e_demand,2030,12,17,17,0.030138485716680707
282,e_demand,2030,12,18,18,0.03013848571668068
283,e_demand,2030,12,19,19,0.03013848571668068
284,e_demand,2030,12,20,20,0.030138485716680707
285,e_demand,2030,12,21,21,0.03013848571668068
286,e_demand,2030,12,22,22,0.03013848571668068
287,e_demand,2030,12,23,23,0.03013848571668068
288,e_demand,2030,12,24,24,0.03013848571668068
289,e_demand,2030,13,1,1,0.04202806935298629
290,e_demand,2030,13,2,2,0.04202806935298629
291,e_demand,2030,13,3,3,0.04202806935298629
292,e_demand,2030,13,4,4,0.04202806935298629
293,e_demand,2030,13,5,5,0.04202806935298629
294,e_demand,2030,13,6,6,0.04202806935298632
295,e_demand,2030,13,7,7,0.04202806935298629
296,e_demand,2030,13,8,8,0.04202806935298629
297,e_demand,2030,13,9,9,0.04202806935298632
298,e_demand,2030,13,10,10,0.04202806935298629
299,e_demand,2030,13,11,11,0.04202806935298629
300,e_demand,2030,13,12,12,0.04202806935298629
301,e_demand,2030,13,13,13,0.04202806935298629
302,e_demand,2030,13,14,14,0.04202806935298632
303,e_demand,2030,13,15,15,0.04202806935298632
304,e_demand,2030,13,16,16,0.04202806935298629
305,e_demand,2030,13,17,17,0.04202806935298629
306,e_demand,2030,13,18,18,0.04202806935298629
307,e_demand,2030,13,19,19,0.04202806935298629
308,e_demand,2030,13,20,20,0.04202806935298629
309,e_demand,2030,13,21,21,0.04202806935298629
310,e_demand,2030,13,22,22,0.04202806935298629
311,e_demand,2030,13,23,23,0.04202806935298629
312,e_demand,2030,13,24,24,0.04202806935298629
313,e_demand,2030,14,1,1,0.020265441328592673
314,e_demand,2030,14,2,2,0.02026544132859266
315,e_demand,2030,14,3,3,0.0008106176531437064
316,e_demand,2030,14,4,4,0.0008106176531437064
317,e_demand,2030,14,5,5,0.0008106176531437064
318,e_demand,2030,14,6,6,0.020265441328592673
319,e_demand,2030,14,7,7,0.02026544132859266
320,e_demand,2030,14,8,8,0.02026544132859266
321,e_demand,2030,14,9,9,0.02026544132859266
322,e_demand,2030,14,10,10,0.020265441328592673
323,e_demand,2030,14,11,11,0.02026544132859266
324,e_demand,2030,14,12,12,0.02026544132859266
325,e_demand,2030,14,13,13,0.020265441328592673
326,e_demand,2030,14,14,14,0.02026544132859266
327,e_demand,2030,14,15,15,0.02026544132859266
328,e_demand,2030,14,16,16,0.02026544132859266
329,e_demand,2030,14,17,17,0.020265441328592673
330,e_demand,2030,14,18,18,0.02026544132859266
331,e_demand,2030,14,19,19,0.020265441328592673
332,e_demand,2030,14,20,20,0.02026544132859266
333,e_demand,2030,14,21,21,0.020265441328592673
334,e_demand,2030,14,22,22,0.02026544132859266
335,e_demand,2030,14,23,23,0.02026544132859266
336,e_demand,2030,14,24,24,0.02026544132859266
337,e_demand,2030,15,1,1,0.041441101201476524
338,e_demand,2030,15,2,2,0.0414411012014765
339,e_demand,2030,15,3,3,0.041441101201476524
340,e_demand,2030,15,4,4,0.0414411012014765
341,e_demand,2030,15,5,5,0.0414411012014765
342,e_demand,2030,15,6,6,0.0414411012014765
343,e_demand,2030,15,7,7,0.0414411012014765
344,e_demand,2030,15,8,8,0.041441101201476524
345,e_demand,2030,15,9,9,0.0414411012014765
346,e_demand,2030,15,10,10,0.0414411012014765
347,e_demand,2030,15,11,11,0.0414411012014765
348,e_demand,2030,15,12,12,0.0414411012014765
349,e_demand,2030,15,13,13,0.0414411012014765
350,e_demand,2030,15,14,14,0.0414411012014765
351,e_demand,2030,15,15,15,0.0414411012014765
352,e_demand,2030,15,16,16,0.0414411012014765
353,e_demand,2030,15,17,17,0.0414411012014765
354,e_demand,2030,15,18,18,0.0414411012014765
355,e_demand,2030,15,19,19,0.0414411012014765
356,e_demand,2030,15,20,20,0.0414411012014765
357,e_demand,2030,15,21,21,0.0414411012014765
358,e_demand,2030,15,22,22,0.0414411012014765
359,e_demand,2030,15,23,23,0.0414411012014765
360,e_demand,2030,15,24,24,0.0414411012014765
361,e_demand,2030,16,1,1,0.07401455670631063
362,e_demand,2030,16,2,2,0.07401455670631064
363,e_demand,2030,16,3,3,0.07401455670631064
364,e_demand,2030,16,4,4,0.07401455670631064
365,e_demand,2030,16,5,5,0.07401455670631064
366,e_demand,2030,16,6,6,0.07401455670631064
367,e_demand,2030,16,7,7,0.07401455670631064
368,e_demand,2030,16,8,8,0.07401455670631064
369,e_demand,2030,16,9,9,0.07401455670631064
370,e_demand,2030,16,10,10,0.07401455670631064
371,e_demand,2030,16,11,11,0.07401455670631063
372,e_demand,2030,16,12,12,0.07401455670631063
373,e_demand,2030,16,13,13,0.07401455670631064
374,e_demand,2030,16,14,14,0.07401455670631064
375,e_demand,2030,16,15,15,0.07401455670631064
376,e_demand,2030,16,16,16,0.07401455670631064
377,e_demand,2030,16,17,17,0.07401455670631063
378,e_demand,2030,16,18,18,0.07401455670631064
379,e_demand,2030,16,19,19,0.07401455670631064
380,e_demand,2030,16,20,20,0.07401455670631064
381,e_demand,2030,16,21,21,0.07401455670631064
382,e_demand,2030,16,22,22,0.07401455670631064
383,e_demand,2030,16,23,23,0.07401455670631064
384,e_demand,2030,16,24,24,0.07401455670631064
385,e_demand,2030,17,1,1,0.03674032311391598
386,e_demand,2030,17,2,2,0.03674032311391598
387,e_demand,2030,17,3,3,0.03674032311391597
388,e_demand,2030,17,4,4,0.03674032311391598
389,e_demand,2030,17,5,5,0.03674032311391598
390,e_demand,2030,17,6,6,0.03674032311391598
391,e_demand,2030,17,7,7,0.03674032311391598
392,e_demand,2030,17,8,8,0.03674032311391597
393,e_demand,2030,17,9,9,0.03674032311391598
394,e_demand,2030,17,10,10,0.03674032311391597
395,e_demand,2030,17,11,11,0.03674032311391597
396,e_demand,2030,17,12,12,0.03674032311391598
397,e_demand,2030,17,13,13,0.03674032311391598
398,e_demand,2030,17,14,14,0.03674032311391598
399,e_demand,2030,17,15,15,0.03674032311391598
400,e_demand,2030,17,16,16,0.03674032311391598
401,e_demand,2030,17,17,17,0.03674032311391598
402,e_demand,2030,17,18,18,0.03674032311391598
403,e_demand,2030,17,19,19,0.03674032311391597
404,e_demand,2030,17,20,20,0.03674032311391598
405,e_demand,2030,17,21,21,0.03674032311391598
406,e_demand,2030,17,22,22,0.03674032311391598
407,e_demand,2030,17,23,23,0.03674032311391598
408,e_demand,2030,17,24,24,0.03674032311391598
409,e_demand,2030,18,1,1,0.031170701580651085
410,e_demand,2030,18,2,2,0.031170701580651085
411,e_demand,2030,18,3,3,0.031170701580651085
412,e_demand,2030,18,4,4,0.031170701580651102
413,e_demand,2030,18,5,5,0.031170701580651085
414,e_demand,2030,18,6,6,0.031170701580651085
415,e_demand,2030,18,7,7,0.031170701580651085
416,e_demand,2030,18,8,8,0.031170701580651085
417,e_demand,2030,18,9,9,0.031170701580651085
418,e_demand,2030,18,10,10,0.031170701580651085
419,e_demand,2030,18,11,11,0.031170701580651102
420,e_demand,2030,18,12,12,0.031170701580651085
421,e_demand,2030,18,13,13,0.031170701580651085
422,e_demand,2030,18,14,14,0.031170701580651102
423,e_demand,2030,18,15,15,0.031170701580651102
424,e_demand,2030,18,16,16,0.031170701580651085
425,e_demand,2030,18,17,17,0.031170701580651085
426,e_demand,2030,18,18,18,0.031170701580651085
427,e_demand,2030,18,19,19,0.031170701580651085
428,e_demand,2030,18,20,20,0.031170701580651085
429,e_demand,2030,18,21,21,0.031170701580651085
430,e_demand,2030,18,22,22,0.031170701580651085
431,e_demand,2030,18,23,23,0.031170701580651085
432,e_demand,2030,18,24,24,0.031170701580651085
433,e_demand,2030,19,1,1,0.07399006582014789
434,e_demand,2030,19,2,2,0.07399006582014789
435,e_demand,2030,19,3,3,0.07399006582014789
436,e_demand,2030,19,4,4,0.07399006582014789
437,e_demand,2030,19,5,5,0.07399006582014789
438,e_demand,2030,19,6,6,0.07399006582014789
439,e_demand,2030,19,7,7,0.07399006582014789
440,e_demand,2030,19,8,8,0.07399006582014789
441,e_demand,2030,19,9,9,0.07399006582014789
442,e_demand,2030,19,10,10,0.07399006582014789
443,e_demand,2030,19,11,11,0.07399006582014789
444,e_demand,2030,19,12,12,0.07399006582014789
445,e_demand,2030,19,13,13,0.07399006582014789
446,e_demand,2030,19,14,14,0.07399006582014789
447,e_demand,2030,19,15,15,0.07399006582014789
448,e_demand,2030,19,16,16,0.07399006582014789
449,e_demand,2030,19,17,17,0.07399006582014789
450,e_demand,2030,19,18,18,0.07399006582014789
451,e_demand,2030,19,19,19,0.07399006582014789
452,e_demand,2030,19,20,20,0.07399006582014789
453,e_demand,2030,19,21,21,0.07399006582014789
454,e_demand,2030,19,22,22,0.07399006582014789
455,e_demand,2030,19,23,23,0.07399006582014789
456,e_demand,2030,19,24,24,0.07399006582014789
457,e_demand,2030,20,1,1,0.04053696291064913
458,e_demand,2030,20,2,2,0.04053696291064911
459,e_demand,2030,20,3,3,0.04053696291064911
460,e_demand,2030,20,4,4,0.04053696291064911
461,e_demand,2030,20,5,5,0.04053696291064911
462,e_demand,2030,20,6,6,0.04053696291064911
463,e_demand,2030,20,7,7,0.04053696291064913
464,e_demand,2030,20,8,8,0.04053696291064913
465,e_demand,2030,20,9,9,0.04053696291064911
466,e_demand,2030,20,10,10,0.04053696291064911
467,e_demand,2030,20,11,11,0.04053696291064911
468,e_demand,2030,20,12,12,0.04053696291064911
469,e_demand,2030,20,13,13,0.04053696291064911
470,e_demand,2030,20,14,14,0.04053696291064911
471,e_demand,2030,20,15,15,0.04053696291064911
472,e_demand,2030,20,16,16,0.04053696291064911
473,e_demand,2030,20,17,17,0.04053696291064911
474,e_demand,2030,20,18,18,0.04053696291064911
475,e_demand,2030,20,19,19,0.04053696291064911
476,e_demand,2030,20,20,20,0.04053696291064911
477,e_demand,2030,20,21,21,0.04053696291064911
478,e_demand,2030,20,22,22,0.04053696291064913
479,e_demand,2030,20,23,23,0.04053696291064911
480,e_demand,2030,20,24,24,0.04053696291064911
481,e_demand,2030,21,1,1,0.026546477179601877
482,e_demand,2030,21,2,2,0.026546477179601895
483,e_demand,2030,21,3,3,0.026546477179601877
484,e_demand,2030,21,4,4,0.026546477179601877
485,e_demand,2030,21,5,5,0.026546477179601877
486,e_demand,2030,21,6,6,0.026546477179601877
487,e_demand,2030,21,7,7,0.026546477179601877
488,e_demand,2030,21,8,8,0.026546477179601877
489,e_demand,2030,21,9,9,0.026546477179601877
490,e_demand,2030,21,10,10,0.026546477179601895
491,e_demand,2030,21,11,11,0.026546477179601895
492,e_demand,2030,21,12,12,0.026546477179601877
493,e_demand,2030,21,13,13,0.026546477179601877
494,e_demand,2030,21,14,14,0.026546477179601877
495,e_demand,2030,21,15,15,0.026546477179601877
496,e_demand,2030,21,16,16,0.026546477179601895
497,e_demand,2030,21,17,17,0.026546477179601877
498,e_demand,2030,21,18,18,0.026546477179601877
499,e_demand,2030,21,19,19,0.026546477179601895
500,e_demand,2030,21,20,20,0.026546477179601877
501,e_demand,2030,21,21,21,0.026546477179601877
502,e_demand,2030,21,22,22,0.026546477179601877
503,e_demand,2030,21,23,23,0.026546477179601877
504,e_demand,2030,21,24,24,0.0010618590871840751
505,e_demand,2030,22,1,1,0.05329963184554995
506,e_demand,2030,22,2,2,0.05329963184554993
507,e_demand,2030,22,3,3,0.05329963184554993
508,e_demand,2030,22,4,4,0.05329963184554993
509,e_demand,2030,22,5,5,0.05329963184554993
510,e_demand,2030,22,6,6,0.05329963184554993
511,e_demand,2030,22,7,7,0.05329963184554993
512,e_demand,2030,22,8,8,0.05329963184554993
513,e_demand,2030,22,9,9,0.05329963184554993
514,e_demand,2030,22,10,10,0.05329963184554993
515,e_demand,2030,22,11,11,0.05329963184554995
516,e_demand,2030,22,12,12,0.05329963184554993
517,e_demand,2030,22,13,13,0.05329963184554995
518,e_demand,2030,22,14,14,0.05329963184554993
519,e_demand,2030,22,15,15,0.05329963184554993
520,e_demand,2030,22,16,16,0.05329963184554993
521,e_demand,2030,22,17,17,0.05329963184554993
522,e_demand,2030,22,18,18,0.05329963184554993
523,e_demand,2030,22,19,19,0.05329963184554993
524,e_demand,2030,22,20,20,0.05329963184554993
525,e_demand,2030,22,21,21,0.05329963184554993
526,e_demand,2030,22,22,22,0.05329963184554993
527,e_demand,2030,22,23,23,0.05329963184554993
528,e_demand,2030,22,24,24,0.05329963184554993
529,e_demand,2030,23,1,1,0.07900530476549819
530,e_demand,2030,23,2,2,0.07900530476549812
531,e_demand,2030,23,3,3,0.07900530476549812
532,e_demand,2030,23,4,4,0.07900530476549812
533,e_demand,2030,23,5,5,0.07900530476549812
534,e_demand,2030,23,6,6,0.07900530476549812
535,e_demand,2030,23,7,7,0.07900530476549812
536,e_demand,2030,23,8,8,0.07900530476549812
537,e_demand,2030,23,9,9,0.07900530476549812
538,e_demand,2030,23,10,10,0.07900530476549812
539,e_demand,2030,23,11,11,0.07900530476549812
540,e_demand,2030,23,12,12,0.07900530476549812
541,e_demand,2030,23,13,13,0.07900530476549812
542,e_demand,2030,23,14,14,0.07900530476549812
543,e_demand,2030,23,15,15,0.07900530476549812
544,e_demand,2030,23,16,16,0.07900530476549812
545,e_demand,2030,23,17,17,0.07900530476549812
546,e_demand,2030,23,18,18,0.07900530476549812
547,e_demand,2030,23,19,19,0.07900530476549812
548,e_demand,2030,23,20,20,0.07900530476549812
549,e_demand,2030,23,21,21,0.07900530476549812
550,e_demand,2030,23,22,22,0.0031602121906199247
551,e_demand,2030,23,23,23,0.0031602121906199247
552,e_demand,2030,23,24,24,0.0031602121906199247
553,e_demand,2030,24,1,1,0.026401110846494245
554,e_demand,2030,24,2,2,0.026401110846494245
555,e_demand,2030,24,3,3,0.026401110846494262
556,e_demand,2030,24,4,4,0.026401110846494245
557,e_demand,2030,24,5,5,0.026401110846494245
558,e_demand,2030,24,6,6,0.026401110846494245
559,e_demand,2030,24,7,7,0.026401110846494262
560,e_demand,2030,24,8,8,0.026401110846494245
561,e_demand,2030,24,9,9,0.026401110846494245
562,e_demand,2030,24,10,10,0.026401110846494262
563,e_demand,2030,24,11,11,0.026401110846494245
564,e_demand,2030,24,12,12,0.026401110846494245
565,e_demand,2030,24,13,13,0.026401110846494245
566,e_demand,2030,24,14,14,0.026401110846494262
567,e_demand,2030,24,15,15,0.026401110846494245
568,e_demand,2030,24,16,16,0.026401110846494245
569,e_demand,2030,24,17,17,0.026401110846494262
570,e_demand,2030,24,18,18,0.026401110846494245
571,e_demand,2030,24,19,19,0.026401110846494245
572,e_demand,2030,24,20,20,0.026401110846494245
573,e_demand,2030,24,21,21,0.026401110846494262
574,e_demand,2030,24,22,22,0.026401110846494245
575,e_demand,2030,24,23,23,0.026401110846494262
576,e_demand,2030,24,24,24,0.026401110846494245
577,e_demand,2030,25,1,1,0.10001720561453782
578,e_demand,2030,25,2,2,0.10001720561453778
579,e_demand,2030,25,3,3,0.10001720561453778
580,e_demand,2030,25,4,4,0.10001720561453778
581,e_demand,2030,25,5,5,0.10001720561453778
582,e_demand,2030,25,6,6,0.10001720561453778
583,e_demand,2030,25,7,7,0.10001720561453778
584,e_demand,2030,25,8,8,0.10001720561453778
585,e_demand,2030,25,9,9,0.10001720561453778
586,e_demand,2030,25,10,10,0.10001720561453778
587,e_demand,2030,25,11,11,0.10001720561453778
588,e_demand,2030,25,12,12,0.10001720561453778
589,e_demand,2030,25,13,13,0.10001720561453778
590,e_demand,2030,25,14,14,0.10001720561453778
591,e_demand,2030,25,15,15,0.10001720561453778
592,e_demand,2030,25,16,16,0.10001720561453778
593,e_demand,2030,25,17,17,0.10001720561453778
594,e_demand,2030,25,18,18,0.10001720561453778
595,e_demand,2030,25,19,19,0.10001720561453778
596,e_demand,2030,25,20,20,0.10001720561453778
597,e_demand,2030,25,21,21,0.10001720561453778
598,e_demand,2030,25,22,22,0.10001720561453778
599,e_demand,2030,25,23,23,0.10001720561453778
600,e_demand,2030,25,24,24,0.10001720561453778
601,e_demand,2030,26,1,1,0.29379668785239343
602,e_demand,2030,26,2,2,0.29379668785239343
603,e_demand,2030,26,3,3,0.29379668785239343
604,e_demand,2030,26,4,4,0.29379668785239343
605,e_demand,2030,26,5,5,0.29379668785239343
606,e_demand,2030,26,6,6,0.29379668785239343
607,e_demand,2030,26,7,7,0.29379668785239343
608,e_demand,2030,26,8,8,0.29379668785239343
609,e_demand,2030,26,9,9,0.29379668785239343
610,e_demand,2030,26,10,10,0.29379668785239343
611,e_demand,2030,26,11,11,0.29379668785239343
612,e_demand,2030,26,12,12,0.29379668785239343
613,e_demand,2030,26,13,13,0.29379668785239343
614,e_demand,2030,26,14,14,0.29379668785239343
615,e_demand,2030,26,15,15,0.29379668785239343
616,e_demand,2030,26,16,16,0.29379668785239343
617,e_demand,2030,26,17,17,0.29379668785239343
618,e_demand,2030,26,18,18,0.29379668785239343
619,e_demand,2030,26,19,19,0.29379668785239343
620,e_demand,2030,26,20,20,0.29379668785239343
621,e_demand,2030,26,21,21,0.29379668785239343
622,e_demand,2030,26,22,22,0.29379668785239343
623,e_demand,2030,26,23,23,0.29379668785239343
624,e_demand,2030,26,24,24,0.29379668785239343
625,e_demand,2030,27,1,1,0.052140390378237284
626,e_demand,2030,27,2,2,0.05214039037823726
627,e_demand,2030,27,3,3,0.05214039037823726
628,e_demand,2030,27,4,4,0.05214039037823726
629,e_demand,2030,27,5,5,0.05214039037823726
630,e_demand,2030,27,6,6,0.05214039037823726
631,e_demand,2030,27,7,7,0.05214039037823726
632,e_demand,2030,27,8,8,0.05214039037823726
633,e_demand,2030,27,9,9,0.05214039037823726
634,e_demand,2030,27,10,10,0.05214039037823726
635,e_demand,2030,27,11,11,0.05214039037823726
636,e_demand,2030,27,12,12,0.05214039037823726
637,e_demand,2030,27,13,13,0.05214039037823726
638,e_demand,2030,27,14,14,0.05214039037823726
639,e_demand,2030,27,15,15,0.05214039037823726
640,e_demand,2030,27,16,16,0.05214039037823726
641,e_demand,2030,27,17,17,0.05214039037823726
642,e_demand,2030,27,18,18,0.05214039037823726
643,e_demand,2030,27,19,19,0.05214039037823726
644,e_demand,2030,27,20,20,0.05214039037823726
645,e_demand,2030,27,21,21,0.05214039037823726
646,e_demand,2030,27,22,22,0.05214039037823726
647,e_demand,2030,27,23,23,0.052140390378237284
648,e_demand,2030,27,24,24,0.05214039037823726
649,e_demand,2030,28,1,1,0.05719989023440855
650,e_demand,2030,28,2,2,0.05719989023440855
651,e_demand,2030,28,3,3,0.05719989023440855
652,e_demand,2030,28,4,4,0.05719989023440855
653,e_demand,2030,28,5,5,0.05719989023440855
654,e_demand,2030,28,6,6,0.05719989023440855
655,e_demand,2030,28,7,7,0.05719989023440855
656,e_demand,2030,28,8,8,0.05719989023440851
657,e_demand,2030,28,9,9,0.05719989023440851
658,e_demand,2030,28,10,10,0.05719989023440851
659,e_demand,2030,28,11,11,0.05719989023440855
660,e_demand,2030,28,12,12,0.05719989023440851
661,e_demand,2030,28,13,13,0.05719989023440851
662,e_demand,2030,28,14,14,0.05719989023440851
663,e_demand,2030,28,15,15,0.05719989023440851
664,e_demand,2030,28,16,16,0.05719989023440855
665,e_demand,2030,28,17,17,0.05719989023440855
666,e_demand,2030,28,18,18,0.05719989023440855
667,e_demand,2030,28,19,19,0.05719989023440855
668,e_demand,2030,28,20,20,0.05719989023440855
669,e_demand,2030,28,21,21,0.05719989023440855
670,e_demand,2030,28,22,22,0.05719989023440855
671,e_demand,2030,28,23,23,0.05719989023440855
672,e_demand,2030,28,24,24,0.05719989023440855
673,e_demand,2030,29,1,1,0.03441600909076157
674,e_demand,2030,29,2,2,0.03441600909076155
675,e_demand,2030,29,3,3,0.03441600909076155
676,e_demand,2030,29,4,4,0.03441600909076155
677,e_demand,2030,29,5,5,0.03441600909076155
678,e_demand,2030,29,6,6,0.03441600909076155
679,e_demand,2030,29,7,7,0.03441600909076155
680,e_demand,2030,29,8,8,0.03441600909076155
681,e_demand,2030,29,9,9,0.03441600909076155
682,e_demand,2030,29,10,10,0.03441600909076155
683,e_demand,2030,29,11,11,0.03441600909076155
684,e_demand,2030,29,12,12,0.03441600909076157
685,e_demand,2030,29,13,13,0.03441600909076157
686,e_demand,2030,29,14,14,0.03441600909076157
687,e_demand,2030,29,15,15,0.03441600909076157
688,e_demand,2030,29,16,16,0.03441600909076157
689,e_demand,2030,29,17,17,0.03441600909076157
690,e_demand,2030,29,18,18,0.03441600909076155
691,e_demand,2030,29,19,19,0.03441600909076157
692,e_demand,2030,29,20,20,0.03441600909076157
693,e_demand,2030,29,21,21,0.03441600909076155
694,e_demand,2030,29,22,22,0.03441600909076155
695,e_demand,2030,29,23,23,0.03441600909076155
696,e_demand,2030,29,24,24,0.03441600909076155
697,e_demand,2030,30,1,1,0.02321450342792516
698,e_demand,2030,30,2,2,0.02321450342792516
699,e_demand,2030,30,3,3,0.02321450342792516
700,e_demand,2030,30,4,4,0.02321450342792516
701,e_demand,2030,30,5,5,0.02321450342792516
702,e_demand,2030,30,6,6,0.02321450342792516
703,e_demand,2030,30,7,7,0.02321450342792516
704,e_demand,2030,30,8,8,0.02321450342792516
705,e_demand,2030,30,9,9,0.023214503427925155
706,e_demand,2030,30,10,10,0.02321450342792516
707,e_demand,2030,30,11,11,0.023214503427925155
708,e_demand,2030,30,12,12,0.023214503427925155
709,e_demand,2030,30,13,13,0.023214503427925155
710,e_demand,2030,30,14,14,0.023214503427925155
711,e_demand,2030,30,15,15,0.023214503427925155
712,e_demand,2030,30,16,16,0.02321450342792516
713,e_demand,2030,30,17,17,0.02321450342792516
714,e_demand,2030,30,18,18,0.02321450342792516
715,e_demand,2030,30,19,19,0.02321450342792516
716,e_demand,2030,30,20,20,0.02321450342792516
717,e_demand,2030,30,21,21,0.02321450342792516
718,e_demand,2030,30,22,22,0.02321450342792516
719,e_demand,2030,30,23,23,0.02321450342792516
720,e_demand,2030,30,24,24,0.02321450342792516
721,e_demand,2030,31,1,1,0.01409317336689802
722,e_demand,2030,31,2,2,0.01409317336689802
723,e_demand,2030,31,3,3,0.01409317336689802
724,e_demand,2030,31,4,4,0.01409317336689802
725,e_demand,2030,31,5,5,0.01409317336689802
726,e_demand,2030,31,6,6,0.01409317336689802
727,e_demand,2030,31,7,7,0.01409317336689802
728,e_demand,2030,31,8,8,0.01409317336689802
729,e_demand,2030,31,9,9,0.01409317336689802
730,e_demand,2030,31,10,10,0.01409317336689802
731,e_demand,2030,31,11,11,0.01409317336689802
732,e_demand,2030,31,12,12,0.01409317336689802
733,e_demand,2030,31,13,13,0.01409317336689802
734,e_demand,2030,31,14,14,0.01409317336689802
735,e_demand,2030,31,15,15,0.01409317336689802
736,e_demand,2030,31,16,16,0.01409317336689802
737,e_demand,2030,31,17,17,0.01409317336689802
738,e_demand,2030,31,18,18,0.01409317336689802
739,e_demand,2030,31,19,19,0.01409317336689802
740,e_demand,2030,31,20,20,0.01409317336689802
741,e_demand,2030,31,21,21,0.01409317336689802
742,e_demand,2030,31,22,22,0.01409317336689802
743,e_demand,2030,31,23,23,0.01409317336689802
744,e_demand,2030,31,24,24,0.01409317336689802
745,e_demand,2030,32,1,1,0.044549566130526984
746,e_demand,2030,32,2,2,0.04454956613052698
747,e_demand,2030,32,3,3,0.04454956613052698
748,e_demand,2030,32,4,4,0.04454956613052698
749,e_demand,2030,32,5,5,0.04454956613052698
750,e_demand,2030,32,6,6,0.04454956613052698
751,e_demand,2030,32,7,7,0.04454956613052698
752,e_demand,2030,32,8,8,0.04454956613052698
753,e_demand,2030,32,9,9,0.04454956613052698
754,e_demand,2030,32,10,10,0.04454956613052698
755,e_demand,2030,32,11,11,0.04454956613052698
756,e_demand,2030,32,12,12,0.04454956613052698
757,e_demand,2030,32,13,13,0.04454956613052698
758,e_demand,2030,32,14,14,0.04454956613052698
759,e_demand,2030,32,15,15,0.044549566130526984
760,e_demand,2030,32,16,16,0.044549566130526984
761,e_demand,2030,32,17,17,0.044549566130526984
762,e_demand,2030,32,18,18,0.044549566130526984
763,e_demand,2030,32,19,19,0.044549566130526984
764,e_demand,2030,32,20,20,0.044549566130526984
765,e_demand,2030,32,21,21,0.044549566130526984
766,e_demand,2030,32,22,22,0.04454956613052699
767,e_demand,2030,32,23,23,0.04454956613052699
768,e_demand,2030,32,24,24,0.04454956613052699
769,e_demand,2030,33,1,1,0.009731241521273202
770,e_demand,2030,33,2,2,0.009731241521273202
771,e_demand,2030,33,3,3,0.009731241521273202
772,e_demand,2030,33,4,4,0.009731241521273202
773,e_demand,2030,33,5,5,0.009731241521273202
774,e_demand,2030,33,6,6,0.009731241521273202
775,e_demand,2030,33,7,7,0.009731241521273203
776,e_demand,2030,33,8,8,0.009731241521273202
777,e_demand,2030,33,9,9,0.009731241521273202
778,e_demand,2030,33,10,10,0.009731241521273202
779,e_demand,2030,33,11,11,0.009731241521273202
780,e_demand,2030,33,12,12,0.009731241521273202
781,e_demand,2030,33,13,13,0.009731241521273202
782,e_demand,2030,33,14,14,0.009731241521273202
783,e_demand,2030,33,15,15,0.009731241521273203
784,e_demand,2030,33,16,16,0.009731241521273202
785,e_demand,2030,33,17,17,0.009731241521273202
786,e_demand,2030,33,18,18,0.009731241521273202
787,e_demand,2030,33,19,19,0.009731241521273202
788,e_demand,2030,33,20,20,0.009731241521273202
789,e_demand,2030,33,21,21,0.009731241521273202
790,e_demand,2030,33,22,22,0.009731241521273202
791,e_demand,2030,33,23,23,0.009731241521273202
792,e_demand,2030,33,24,24,0.009731241521273202
793,e_demand,2030,34,1,1,0.07849584852473343
794,e_demand,2030,34,2,2,0.07849584852473343
795,e_demand,2030,34,3,3,0.07849584852473343
796,e_demand,2030,34,4,4,0.07849584852473343
797,e_demand,2030,34,5,5,0.07849584852473343
798,e_demand,2030,34,6,6,0.07849584852473343
799,e_demand,2030,34,7,7,0.07849584852473343
800,e_demand,2030,34,8,8,0.07849584852473343
801,e_demand,2030,34,9,9,0.07849584852473343
802,e_demand,2030,34,10,10,0.07849584852473337
803,e_demand,2030,34,11,11,0.07849584852473337
804,e_demand,2030,34,12,12,0.07849584852473337
805,e_demand,2030,34,13,13,0.07849584852473337
806,e_demand,2030,34,14,14,0.07849584852473343
807,e_demand,2030,34,15,15,0.07849584852473343
808,e_demand,2030,34,16,16,0.07849584852473343
809,e_demand,2030,34,17,17,0.07849584852473343
810,e_demand,2030,34,18,18,0.07849584852473343
811,e_demand,2030,34,19,19,0.07849584852473343
812,e_demand,2030,34,20,20,0.07849584852473343
813,e_demand,2030,34,21,21,0.07849584852473343
814,e_demand,2030,34,22,22,0.07849584852473343
815,e_demand,2030,34,23,23,0.07849584852473343
816,e_demand,2030,34,24,24,0.07849584852473343
817,e_demand,2030,35,1,1,0.016765798518581655
818,e_demand,2030,35,2,2,0.016765798518581655
819,e_demand,2030,35,3,3,0.016765798518581655
820,e_demand,2030,35,4,4,0.016765798518581655
821,e_demand,2030,35,5,5,0.016765798518581655
822,e_demand,2030,35,6,6,0.016765798518581655
823,e_demand,2030,35,7,7,0.016765798518581655
824,e_demand,2030,35,8,8,0.016765798518581655
825,e_demand,2030,35,9,9,0.016765798518581655
826,e_demand,2030,35,10,10,0.016765798518581655
827,e_demand,2030,35,11,11,0.016765798518581655
828,e_demand,2030,35,12,12,0.016765798518581655
829,e_demand,2030,35,13,13,0.016765798518581655
830,e_demand,2030,35,14,14,0.016765798518581655
831,e_demand,2030,35,15,15,0.016765798518581655
832,e_demand,2030,35,16,16,0.016765798518581655
833,e_demand,2030,35,17,17,0.016765798518581655
834,e_demand,2030,35,18,18,0.016765798518581655
835,e_demand,2030,35,19,19,0.016765798518581655
836,e_demand,2030,35,20,20,0.016765798518581655
837,e_demand,2030,35,21,21,0.016765798518581655
838,e_demand,2030,35,22,22,0.016765798518581655
839,e_demand,2030,35,23,23,0.016765798518581655
840,e_demand,2030,35,24,24,0.016765798518581655
841,e_demand,2030,36,1,1,0.01841133874648366
842,e_demand,2030,36,2,2,0.018411338746483662
843,e_demand,2030,36,3,3,0.018411338746483662
844,e_demand,2030,36,4,4,0.018411338746483662
845,e_demand,2030,36,5,5,0.018411338746483662
846,e_demand,2030,36,6,6,0.018411338746483662
847,e_demand,2030,36,7,7,0.018411338746483662
848,e_demand,2030,36,8,8,0.018411338746483662
849,e_demand,2030,36,9,9,0.018411338746483662
850,e_demand,2030,36,10,10,0.01841133874648366
851,e_demand,2030,36,11,11,0.018411338746483662
852,e_demand,2030,36,12,12,0.018411338746483662
853,e_demand,2030,36,13,13,0.018411338746483662
854,e_demand,2030,36,14,14,0.018411338746483662
855,e_demand,2030,36,15,15,0.018411338746483662
856,e_demand,2030,36,16,16,0.018411338746483662
857,e_demand,2030,36,17,17,0.018411338746483662
858,e_demand,2030,36,18,18,0.018411338746483662
859,e_demand,2030,36,19,19,0.018411338746483662
860,e_demand,2030,36,20,20,0.018411338746483662
861,e_demand,2030,36,21,21,0.018411338746483662
862,e_demand,2030,36,22,22,0.018411338746483662
863,e_demand,2030,36,23,23,0.018411338746483662
864,e_demand,2030,36,24,24,0.018411338746483662
865,e_demand,2030,37,1,1,0.04675587719603367
866,e_demand,2030,37,2,2,0.04675587719603367
867,e_demand,2030,37,3,3,0.04675587719603367
868,e_demand,2030,37,4,4,0.04675587719603367
869,e_demand,2030,37,5,5,0.04675587719603367
870,e_demand,2030,37,6,6,0.04675587719603367
871,e_demand,2030,37,7,7,0.04675587719603367
872,e_demand,2030,37,8,8,0.04675587719603367
873,e_demand,2030,37,9,9,0.0467558771960337
874,e_demand,2030,37,10,10,0.04675587719603367
875,e_demand,2030,37,11,11,0.04675587719603367
876,e_demand,2030,37,12,12,0.04675587719603367
877,e_demand,2030,37,13,13,0.04675587719603367
878,e_demand,2030,37,14,14,0.04675587719603367
879,e_demand,2030,37,15,15,0.04675587719603367
880,e_demand,2030,37,16,16,0.04675587719603367
881,e_demand,2030,37,17,17,0.04675587719603367
882,e_demand,2030,37,18,18,0.04675587719603367
883,e_demand,2030,37,19,19,0.04675587719603367
884,e_demand,2030,37,20,20,0.04675587719603367
885,e_demand,2030,37,21,21,0.04675587719603367
886,e_demand,2030,37,22,22,0.04675587719603367
887,e_demand,2030,37,23,23,0.04675587719603367
888,e_demand,2030,37,24,24,0.04675587719603367
889,e_demand,2030,38,1,1,0.023160485986625314
890,e_demand,2030,38,2,2,0.023160485986625307
891,e_demand,2030,38,3,3,0.023160485986625307
892,e_demand,2030,38,4,4,0.023160485986625307
893,e_demand,2030,38,5,5,0.023160485986625307
894,e_demand,2030,38,6,6,0.023160485986625307
895,e_demand,2030,38,7,7,0.023160485986625307
896,e_demand,2030,38,8,8,0.023160485986625307
897,e_demand,2030,38,9,9,0.023160485986625307
898,e_demand,2030,38,10,10,0.023160485986625307
899,e_demand,2030,38,11,11,0.023160485986625307
900,e_demand,2030,38,12,12,0.023160485986625307
901,e_demand,2030,38,13,13,0.023160485986625307
902,e_demand,2030,38,14,14,0.023160485986625307
903,e_demand,2030,38,15,15,0.023160485986625307
904,e_demand,2030,38,16,16,0.023160485986625307
905,e_demand,2030,38,17,17,0.023160485986625314
906,e_demand,2030,38,18,18,0.023160485986625307
907,e_demand,2030,38,19,19,0.023160485986625307
908,e_demand,2030,38,20,20,0.023160485986625307
909,e_demand,2030,38,21,21,0.023160485986625307
910,e_demand,2030,38,22,22,0.023160485986625307
911,e_demand,2030,38,23,23,0.023160485986625307
912,e_demand,2030,38,24,24,0.023160485986625307
913,e_demand,2030,39,1,1,0.05771895285086564
914,e_demand,2030,39,2,2,0.05771895285086564
915,e_demand,2030,39,3,3,0.05771895285086564
916,e_demand,2030,39,4,4,0.05771895285086564
917,e_demand,2030,39,5,5,0.05771895285086564
918,e_demand,2030,39,6,6,0.05771895285086564
919,e_demand,2030,39,7,7,0.05771895285086564
920,e_demand,2030,39,8,8,0.05771895285086563
921,e_demand,2030,39,9,9,0.05771895285086563
922,e_demand,2030,39,10,10,0.05771895285086563
923,e_demand,2030,39,11,11,0.05771895285086563
924,e_demand,2030,39,12,12,0.05771895285086563
925,e_demand,2030,39,13,13,0.05771895285086563
926,e_demand,2030,39,14,14,0.05771895285086563
927,e_demand,2030,39,15,15,0.05771895285086563
928,e_demand,2030,39,16,16,0.05771895285086563
929,e_demand,2030,39,17,17,0.05771895285086563
930,e_demand,2030,39,18,18,0.05771895285086563
931,e_demand,2030,39,19,19,0.05771895285086563
932,e_demand,2030,39,20,20,0.05771895285086563
933,e_demand,2030,39,21,21,0.05771895285086563
934,e_demand,2030,39,22,22,0.05771895285086563
935,e_demand,2030,39,23,23,0.05771895285086563
936,e_demand,2030,39,24,24,0.05771895285086563
937,e_demand,2030,40,1,1,0.04536092983014471
938,e_demand,2030,40,2,2,0.04536092983014471
939,e_demand,2030,40,3,3,0.04536092983014471
940,e_demand,2030,40,4,4,0.04536092983014471
941,e_demand,2030,40,5,5,0.04536092983014471
942,e_demand,2030,40,6,6,0.04536092983014471
943,e_demand,2030,40,7,7,0.04536092983014471
944,e_demand,2030,40,8,8,0.04536092983014471
945,e_demand,2030,40,9,9,0.04536092983014471
946,e_demand,2030,40,10,10,0.04536092983014471
947,e_demand,2030,40,11,11,0.04536092983014471
948,e_demand,2030,40,12,12,0.04536092983014471
949,e_demand,2030,40,13,13,0.04536092983014471
950,e_demand,2030,40,14,14,0.04536092983014471
951,e_demand,2030,40,15,15,0.04536092983014471
952,e_demand,2030,40,16,16,0.04536092983014471
953,e_demand,2030,40,17,17,0.04536092983014471
954,e_demand,2030,40,18,18,0.04536092983014471
955,e_demand,2030,40,19,19,0.04536092983014471
956,e_demand,2030,40,20,20,0.04536092983014471
957,e_demand,2030,40,21,21,0.04536092983014471
958,e_demand,2030,40,22,22,0.04536092983014471
959,e_demand,2030,40,23,23,0.04536092983014471
960,e_demand,2030,40,24,24,0.04536092983014471
961,e_demand,2030,41,1,1,0.0710664524092897
962,e_demand,2030,41,2,2,0.0710664524092897
963,e_demand,2030,41,3,3,0.0710664524092897
964,e_demand,2030,41,4,4,0.0710664524092897
965,e_demand,2030,41,5,5,0.0710664524092897
966,e_demand,2030,41,6,6,0.0710664524092897
967,e_demand,2030,41,7,7,0.0710664524092897
968,e_demand,2030,41,8,8,0.0710664524092897
969,e_demand,2030,41,9,9,0.0710664524092897
970,e_demand,2030,41,10,10,0.0710664524092897
971,e_demand,2030,41,11,11,0.0710664524092897
972,e_demand,2030,41,12,12,0.0710664524092897
973,e_demand,2030,41,13,13,0.0710664524092897
974,e_demand,2030,41,14,14,0.0710664524092897
975,e_demand,2030,41,15,15,0.0710664524092897
976,e_demand,2030,41,16,16,0.0710664524092897
977,e_demand,2030,41,17,17,0.0710664524092897
978,e_demand,2030,41,18,18,0.0710664524092897
979,e_demand,2030,41,19,19,0.0710664524092897
980,e_demand,2030,41,20,20,0.0710664524092897
981,e_demand,2030,41,21,21,0.0710664524092897
982,e_demand,2030,41,22,22,0.0710664524092897
983,e_demand,2030,41,23,23,0.0710664524092897
984,e_demand,2030,41,24,24,0.0710664524092897
985,e_demand,2030,42,1,1,0.055026578404057
986,e_demand,2030,42,2,2,0.055026578404057
987,e_demand,2030,42,3,3,0.055026578404057
988,e_demand,2030,42,4,4,0.055026578404057
989,e_demand,2030,42,5,5,0.055026578404057
990,e_demand,2030,42,6,6,0.055026578404057
991,e_demand,2030,42,7,7,0.055026578404057
992,e_demand,2030,42,8,8,0.055026578404057
993,e_demand,2030,42,9,9,0.055026578404057
994,e_demand,2030,42,10,10,0.055026578404057
995,e_demand,2030,42,11,11,0.055026578404057
996,e_demand,2030,42,12,12,0.055026578404057
997,e_demand,2030,42,13,13,0.055026578404057
998,e_demand,2030,42,14,14,0.055026578404057
999,e_demand,2030,42,15,15,0.055026578404057
1000,e_demand,2030,42,16,16,0.055026578404057
1001,e_demand,2030,42,17,17,0.055026578404057
1002,e_demand,2030,42,18,18,0.055026578404057
1003,e_demand,2030,42,19,19,0.055026578404057
1004,e_demand,2030,42,20,20,0.055026578404057
1005,e_demand,2030,42,21,21,0.055026578404057
1006,e_demand,2030,42,22,22,0.055026578404057
1007,e_demand,2030,42,23,23,0.055026578404057
1008,e_demand,2030,42,24,24,0.055026578404057
1009,e_demand,2030,43,1,1,0.06619603120275383
1010,e_demand,2030,43,2,2,0.06619603120275383
1011,e_demand,2030,43,3,3,0.06619603120275383
1012,e_demand,2030,43,4,4,0.06619603120275383
1013,e_demand,2030,43,5,5,0.06619603120275383
1014,e_demand,2030,43,6,6,0.06619603120275383
1015,e_demand,2030,43,7,7,0.06619603120275383
1016,e_demand,2030,43,8,8,0.06619603120275383
1017,e_demand,2030,43,9,9,0.06619603120275383
1018,e_demand,2030,43,10,10,0.06619603120275382
1019,e_demand,2030,43,11,11,0.06619603120275382
1020,e_demand,2030,43,12,12,0.06619603120275382
1021,e_demand,2030,43,13,13,0.06619603120275382
1022,e_demand,2030,43,14,14,0.06619603120275382
1023,e_demand,2030,43,15,15,0.06619603120275382
1024,e_demand,2030,43,16,16,0.06619603120275382
1025,e_demand,2030,43,17,17,0.06619603120275382
1026,e_demand,2030,43,18,18,0.06619603120275382
1027,e_demand,2030,43,19,19,0.06619603120275382
1028,e_demand,2030,43,20,20,0.06619603120275382
1029,e_demand,2030,43,21,21,0.06619603120275383
1030,e_demand,2030,43,22,22,0.06619603120275383
1031,e_demand,2030,43,23,23,0.06619603120275383
1032,e_demand,2030,43,24,24,0.06619603120275383
1033,e_demand,2030,44,1,1,0.1362909208545827
1034,e_demand,2030,44,2,2,0.13629092085458278
1035,e_demand,2030,44,3,3,0.13629092085458278
1036,e_demand,2030,44,4,4,0.13629092085458278
1037,e_demand,2030,44,5,5,0.13629092085458278
1038,e_demand,2030,44,6,6,0.13629092085458278
1039,e_demand,2030,44,7,7,0.13629092085458278
1040,e_demand,2030,44,8,8,0.13629092085458278
1041,e_demand,2030,44,9,9,0.13629092085458278
1042,e_demand,2030,44,10,10,0.13629092085458278
1043,e_demand,2030,44,11,11,0.13629092085458278
1044,e_demand,2030,44,12,12,0.13629092085458278
1045,e_demand,2030,44,13,13,0.13629092085458278
1046,e_demand,2030,44,14,14,0.13629092085458278
1047,e_demand,2030,44,15,15,0.13629092085458278
1048,e_demand,2030,44,16,16,0.13629092085458278
1049,e_demand,2030,44,17,17,0.13629092085458278
1050,e_demand,2030,44,18,18,0.13629092085458278
1051,e_demand,2030,44,19,19,0.13629092085458278
1052,e_demand,2030,44,20,20,0.13629092085458278
1053,e_demand,2030,44,21,21,0.13629092085458278
1054,e_demand,2030,44,22,22,0.13629092085458278
1055,e_demand,2030,44,23,23,0.13629092085458278
1056,e_demand,2030,44,24,24,0.13629092085458278
1057,e_demand,2030,45,1,1,0.07796138027865972
1058,e_demand,2030,45,2,2,0.07796138027865972
1059,e_demand,2030,45,3,3,0.07796138027865972
1060,e_demand,2030,45,4,4,0.07796138027865972
1061,e_demand,2030,45,5,5,0.07796138027865972
1062,e_demand,2030,45,6,6,0.07796138027865972
1063,e_demand,2030,45,7,7,0.07796138027865972
1064,e_demand,2030,45,8,8,0.07796138027865972
1065,e_demand,2030,45,9,9,0.07796138027865972
1066,e_demand,2030,45,10,10,0.07796138027865972
1067,e_demand,2030,45,11,11,0.07796138027865972
1068,e_demand,2030,45,12,12,0.07796138027865972
1069,e_demand,2030,45,13,13,0.07796138027865972
1070,e_demand,2030,45,14,14,0.07796138027865972
1071,e_demand,2030,45,15,15,0.07796138027865972
1072,e_demand,2030,45,16,16,0.07796138027865972
1073,e_demand,2030,45,17,17,0.07796138027865972
1074,e_demand,2030,45,18,18,0.07796138027865972
1075,e_demand,2030,45,19,19,0.07796138027865972
1076,e_demand,2030,45,20,20,0.07796138027865972
1077,e_demand,2030,45,21,21,0.07796138027865972
1078,e_demand,2030,45,22,22,0.07796138027865972
1079,e_demand,2030,45,23,23,0.07796138027865972
1080,e_demand,2030,45,24,24,0.07796138027865972
1081,e_demand,2030,46,1,1,0.021332846532634186
1082,e_demand,2030,46,2,2,0.021332846532634186
1083,e_demand,2030,46,3,3,0.021332846532634186
1084,e_demand,2030,46,4,4,0.021332846532634186
1085,e_demand,2030,46,5,5,0.021332846532634186
1086,e_demand,2030,46,6,6,0.021332846532634186
1087,e_demand,2030,46,7,7,0.021332846532634186
1088,e_demand,2030,46,8,8,0.021332846532634186
1089,e_demand,2030,46,9,9,0.021332846532634186
1090,e_demand,2030,46,10,10,0.021332846532634186
1091,e_demand,2030,46,11,11,0.021332846532634186
1092,e_demand,2030,46,12,12,0.021332846532634186
1093,e_demand,2030,46,13,13,0.021332846532634186
1094,e_demand,2030,46,14,14,0.021332846532634186
1095,e_demand,2030,46,15,15,0.021332846532634186
1096,e_demand,2030,46,16,16,0.021332846532634186
1097,e_demand,2030,46,17,17,0.021332846532634186
1098,e_demand,2030,46,18,18,0.021332846532634186
1099,e_demand,2030,46,19,19,0.021332846532634186
1100,e_demand,2030,46,20,20,0.021332846532634186
1101,e_demand,2030,46,21,21,0.021332846532634186
1102,e_demand,2030,46,22,22,0.021332846532634186
1103,e_demand,2030,46,23,23,0.021332846532634186
1104,e_demand,2030,46,24,24,0.021332846532634186
1105,e_demand,2030,47,1,1,0.05997473363647285
1106,e_demand,2030,47,2,2,0.05997473363647285
1107,e_demand,2030,47,3,3,0.05997473363647285
1108,e_demand,2030,47,4,4,0.05997473363647285
1109,e_demand,2030,47,5,5,0.05997473363647285
1110,e_demand,2030,47,6,6,0.05997473363647285
1111,e_demand,2030,47,7,7,0.05997473363647285
1112,e_demand,2030,47,8,8,0.05997473363647285
1113,e_demand,2030,47,9,9,0.05997473363647285
1114,e_demand,2030,47,10,10,0.05997473363647285
1115,e_demand,2030,47,11,11,0.05997473363647285
1116,e_demand,2030,47,12,12,0.05997473363647285
1117,e_demand,2030,47,13,13,0.05997473363647285
1118,e_demand,2030,47,14,14,0.05997473363647285
1119,e_demand,2030,47,15,15,0.05997473363647285
1120,e_demand,2030,47,16,16,0.05997473363647285
1121,e_demand,2030,47,17,17,0.05997473363647285
1122,e_demand,2030,47,18,18,0.05997473363647285
1123,e_demand,2030,47,19,19,0.05997473363647285
1124,e_demand,2030,47,20,20,0.05997473363647285
1125,e_demand,2030,47,21,21,0.05997473363647285
1126,e_demand,2030,47,22,22,0.05997473363647285
1127,e_demand,2030,47,23,23,0.05997473363647285
1128,e_demand,2030,47,24,24,0.05997473363647285
1129,e_demand,2030,48,1,1,0.10016920601692227
1130,e_demand,2030,48,2,2,0.10016920601692227
1131,e_demand,2030,48,3,3,0.10016920601692227
1132,e_demand,2030,48,4,4,0.10016920601692227
1133,e_demand,2030,48,5,5,0.10016920601692227
1134,e_demand,2030,48,6,6,0.10016920601692227
1135,e_demand,2030,48,7,7,0.10016920601692227
1136,e_demand,2030,48,8,8,0.10016920601692227
1137,e_demand,2030,48,9,9,0.10016920601692227
1138,e_demand,2030,48,10,10,0.10016920601692227
1139,e_demand,2030,48,11,11,0.10016920601692227
1140,e_demand,2030,48,12,12,0.10016920601692227
1141,e_demand,2030,48,13,13,0.10016920601692227
1142,e_demand,2030,48,14,14,0.10016920601692227
1143,e_demand,2030,48,15,15,0.10016920601692227
1144,e_demand,2030,48,16,16,0.10016920601692227
1145,e_demand,2030,48,17,17,0.10016920601692227
1146,e_demand,2030,48,18,18,0.10016920601692227
1147,e_demand,2030,48,19,19,0.10016920601692227
1148,e_demand,2030,48,20,20,0.10016920601692227
1149,e_demand,2030,48,21,21,0.10016920601692227
1150,e_demand,2030,48,22,22,0.10016920601692227
1151,e_demand,2030,48,23,23,0.10016920601692227
1152,e_demand,2030,48,24,24,0.10016920601692227
1153,e_demand,2030,49,1,1,0.007458514230154012
1154,e_demand,2030,49,2,2,0.007458514230154012
1155,e_demand,2030,49,3,3,0.007458514230154012
1156,e_demand,2030,49,4,4,0.007458514230154012
1157,e_demand,2030,49,5,5,0.007458514230154012
1158,e_demand,2030,49,6,6,0.007458514230154012
1159,e_demand,2030,49,7,7,0.007458514230154012
1160,e_demand,2030,49,8,8,0.007458514230154012
1161,e_demand,2030,49,9,9,0.007458514230154012
1162,e_demand,2030,49,10,10,0.1864628557538503
1163,e_demand,2030,49,11,11,0.1864628557538503
1164,e_demand,2030,49,12,12,0.1864628557538503
1165,e_demand,2030,49,13,13,0.007458514230154012
1166,e_demand,2030,49,14,14,0.007458514230154012
1167,e_demand,2030,49,15,15,0.007458514230154012
1168,e_demand,2030,49,16,16,0.007458514230154012
1169,e_demand,2030,49,17,17,0.007458514230154012
1170,e_demand,2030,49,18,18,0.007458514230154012
1171,e_demand,2030,49,19,19,0.007458514230154012
1172,e_demand,2030,49,20,20,0.007458514230154012
1173,e_demand,2030,49,21,21,0.007458514230154012
1174,e_demand,2030,49,22,22,0.007458514230154012
1175,e_demand,2030,49,23,23,0.007458514230154012
1176,e_demand,2030,49,24,24,0.007458514230154012
1177,e_demand,2030,50,1,1,0.12711995409220023
1178,e_demand,2030,50,2,2,0.1271199540922003
1179,e_demand,2030,50,3,3,0.1271199540922003
1180,e_demand,2030,50,4,4,0.1271199540922003
1181,e_demand,2030,50,5,5,0.1271199540922003
1182,e_demand,2030,50,6,6,0.12711995409220023
1183,e_demand,2030,50,7,7,0.1271199540922003
1184,e_demand,2030,50,8,8,0.1271199540922003
1185,e_demand,2030,50,9,9,0.12711995409220023
1186,e_demand,2030,50,10,10,0.1271199540922003
1187,e_demand,2030,50,11,11,0.1271199540922003
1188,e_demand,2030,50,12,12,0.1271199540922003
1189,e_demand,2030,50,13,13,0.1271199540922003
1190,e_demand,2030,50,14,14,0.1271199540922003
1191,e_demand,2030,50,15,15,0.1271199540922003
1192,e_demand,2030,50,16,16,0.1271199540922003
1193,e_demand,2030,50,17,17,0.1271199540922003
1194,e_demand,2030,50,18,18,0.1271199540922003
1195,e_demand,2030,50,19,19,0.1271199540922003
1196,e_demand,2030,50,20,20,0.1271199540922003
1197,e_demand,2030,50,21,21,0.1271199540922003
1198,e_demand,2030,50,22,22,0.1271199540922003
1199,e_demand,2030,50,23,23,0.1271199540922003
1200,e_demand,2030,50,24,24,0.1271199540922003
1201,e_demand,2030,51,1,1,0.08398807255194413
1202,e_demand,2030,51,2,2,0.0839880725519441
1203,e_demand,2030,51,3,3,0.0839880725519441
1204,e_demand,2030,51,4,4,0.0839880725519441
1205,e_demand,2030,51,5,5,0.0839880725519441
1206,e_demand,2030,51,6,6,0.0839880725519441
1207,e_demand,2030,51,7,7,0.0839880725519441
1208,e_demand,2030,51,8,8,0.0839880725519441
1209,e_demand,2030,51,9,9,0.0839880725519441
1210,e_demand,2030,51,10,10,0.0839880725519441
1211,e_demand,2030,51,11,11,0.0839880725519441
1212,e_demand,2030,51,12,12,0.0839880725519441
1213,e_demand,2030,51,13,13,0.0839880725519441
1214,e_demand,2030,51,14,14,0.0839880725519441
1215,e_demand,2030,51,15,15,0.0839880725519441
1216,e_demand,2030,51,16,16,0.0839880725519441
1217,e_demand,2030,51,17,17,0.0839880725519441
1218,e_demand,2030,51,18,18,0.0839880725519441
1219,e_demand,2030,51,19,19,0.0839880725519441
1220,e_demand,2030,51,20,20,0.0839880725519441
1221,e_demand,2030,51,21,21,0.0839880725519441
1222,e_demand,2030,51,22,22,0.0839880725519441
1223,e_demand,2030,51,23,23,0.0839880725519441
1224,e_demand,2030,51,24,24,0.0839880725519441
1225,e_demand,2030,52,1,1,0.002698685335074225
1226,e_demand,2030,52,2,2,0.002698685335074225
1227,e_demand,2030,52,3,3,0.002698685335074225
1228,e_demand,2030,52,4,4,0.002698685335074225
1229,e_demand,2030,52,5,5,0.06746713337685557
1230,e_demand,2030,52,6,6,0.06746713337685557
1231,e_demand,2030,52,7,7,0.06746713337685563
1232,e_demand,2030,52,8,8,0.06746713337685563
1233,e_demand,2030,52,9,9,0.06746713337685563
1234,e_demand,2030,52,10,10,0.06746713337685563
1235,e_demand,2030,52,11,11,0.06746713337685563
1236,e_demand,2030,52,12,12,0.06746713337685557
1237,e_demand,2030,52,13,13,0.06746713337685563
1238,e_demand,2030,52,14,14,0.06746713337685557
1239,e_demand,2030,52,15,15,0.06746713337685563
1240,e_demand,2030,52,16,16,0.06746713337685563
1241,e_demand,2030,52,17,17,0.06746713337685563
1242,e_demand,2030,52,18,18,0.06746713337685563
1243,e_demand,2030,52,19,19,0.06746713337685563
1244,e_demand,2030,52,20,20,0.06746713337685563
1245,e_demand,2030,52,21,21,0.06746713337685563
1246,e_demand,2030,52,22,22,0.06746713337685563
1247,e_demand,2030,52,23,23,0.06746713337685563
1248,e_demand,2030,52,24,24,0.06746713337685563
1249,e_demand,2030,53,1,1,0.11308882848723589
1250,e_demand,2030,53,2,2,0.11308882848723592
1251,e_demand,2030,53,3,3,0.11308882848723592
1252,e_demand,2030,53,4,4,0.11308882848723592
1253,e_demand,2030,53,5,5,0.11308882848723592
1254,e_demand,2030,53,6,6,0.11308882848723592
1255,e_demand,2030,53,7,7,0.11308882848723592
1256,e_demand,2030,53,8,8,0.11308882848723592
1257,e_demand,2030,53,9,9,0.11308882848723592
1258,e_demand,2030,53,10,10,0.11308882848723592
1259,e_demand,2030,53,11,11,0.11308882848723592
1260,e_demand,2030,53,12,12,0.11308882848723592
1261,e_demand,2030,53,13,13,0.11308882848723592
1262,e_demand,2030,53,14,14,0.11308882848723592
1263,e_demand,2030,53,15,15,0.11308882848723592
1264,e_demand,2030,53,16,16,0.11308882848723592
1265,e_demand,2030,53,17,17,0.11308882848723592
1266,e_demand,2030,53,18,18,0.11308882848723592
1267,e_demand,2030,53,19,19,0.11308882848723592
1268,e_demand,2030,53,20,20,0.11308882848723592
1269,e_demand,2030,53,21,21,0.11308882848723592
1270,e_demand,2030,53,22,22,0.11308882848723592
1271,e_demand,2030,53,23,23,0.11308882848723592
1272,e_demand,2030,53,24,24,0.11308882848723592
1273,e_demand,2030,54,1,1,0.08977264097110554
1274,e_demand,2030,54,2,2,0.08977264097110556
1275,e_demand,2030,54,3,3,0.08977264097110556
1276,e_demand,2030,54,4,4,0.08977264097110556
1277,e_demand,2030,54,5,5,0.08977264097110556
1278,e_demand,2030,54,6,6,0.08977264097110554
1279,e_demand,2030,54,7,7,0.08977264097110556
1280,e_demand,2030,54,8,8,0.08977264097110556
1281,e_demand,2030,54,9,9,0.08977264097110556
1282,e_demand,2030,54,10,10,0.08977264097110556
1283,e_demand,2030,54,11,11,0.08977264097110556
1284,e_demand,2030,54,12,12,0.08977264097110556
1285,e_demand,2030,54,13,13,0.08977264097110556
1286,e_demand,2030,54,14,14,0.08977264097110556
1287,e_demand,2030,54,15,15,0.08977264097110556
1288,e_demand,2030,54,16,16,0.08977264097110556
1289,e_demand,2030,54,17,17,0.08977264097110556
1290,e_demand,2030,54,18,18,0.08977264097110556
1291,e_demand,2030,54,19,19,0.08977264097110556
1292,e_demand,2030,54,20,20,0.08977264097110556
1293,e_demand,2030,54,21,21,0.08977264097110556
1294,e_demand,2030,54,22,22,0.08977264097110556
1295,e_demand,2030,54,23,23,0.08977264097110556
1296,e_demand,2030,54,24,24,0.08977264097110556
1297,e_demand,2030,55,1,1,0.11834115113035683
1298,e_demand,2030,55,2,2,0.1183411511303568
1299,e_demand,2030,55,3,3,0.1183411511303568
1300,e_demand,2030,55,4,4,0.1183411511303568
1301,e_demand,2030,55,5,5,0.1183411511303568
1302,e_demand,2030,55,6,6,0.1183411511303568
1303,e_demand,2030,55,7,7,0.1183411511303568
1304,e_demand,2030,55,8,8,0.1183411511303568
1305,e_demand,2030,55,9,9,0.1183411511303568
1306,e_demand,2030,55,10,10,0.1183411511303568
1307,e_demand,2030,55,11,11,0.1183411511303568
1308,e_demand,2030,55,12,12,0.1183411511303568
1309,e_demand,2030,55,13,13,0.1183411511303568
1310,e_demand,2030,55,14,14,0.1183411511303568
1311,e_demand,2030,55,15,15,0.1183411511303568
1312,e_demand,2030,55,16,16,0.11834115113035683
1313,e_demand,2030,55,17,17,0.1183411511303568
1314,e_demand,2030,55,18,18,0.1183411511303568
1315,e_demand,2030,55,19,19,0.1183411511303568
1316,e_demand,2030,55,20,20,0.1183411511303568
1317,e_demand,2030,55,21,21,0.1183411511303568
1318,e_demand,2030,55,22,22,0.1183411511303568
1319,e_demand,2030,55,23,23,0.1183411511303568
1320,e_demand,2030,55,24,24,0.1183411511303568
1321,e_demand,2030,56,1,1,0.010434170718807458
1322,e_demand,2030,56,2,2,0.010434170718807458
1323,e_demand,2030,56,3,3,0.010434170718807458
1324,e_demand,2030,56,4,4,0.010434170718807458
1325,e_demand,2030,56,5,5,0.010434170718807458
1326,e_demand,2030,56,6,6,0.010434170718807458
1327,e_demand,2030,56,7,7,0.010434170718807458
1328,e_demand,2030,56,8,8,0.010434170718807458
1329,e_demand,2030,56,9,9,0.010434170718807458
1330,e_demand,2030,56,10,10,0.010434170718807458
1331,e_demand,2030,56,11,11,0.010434170718807458
1332,e_demand,2030,56,12,12,0.010434170718807458
1333,e_demand,2030,56,13,13,0.010434170718807458
1334,e_demand,2030,56,14,14,0.010434170718807458
1335,e_demand,2030,56,15,15,0.010434170718807458
1336,e_demand,2030,56,16,16,0.010434170718807458
1337,e_demand,2030,56,17,17,0.010434170718807458
1338,e_demand,2030,56,18,18,0.010434170718807458
1339,e_demand,2030,56,19,19,0.010434170718807458
1340,e_demand,2030,56,20,20,0.010434170718807458
1341,e_demand,2030,56,21,21,0.010434170718807458
1342,e_demand,2030,56,22,22,0.0004173668287522982
1343,e_demand,2030,56,23,23,0.0004173668287522982
1344,e_demand,2030,56,24,24,0.0004173668287522982
1345,e_demand,2030,57,1,1,0.003461674242247671
1346,e_demand,2030,57,2,2,0.003461674242247671
1347,e_demand,2030,57,3,3,0.003461674242247671
1348,e_demand,2030,57,4,4,0.003461674242247671
1349,e_demand,2030,57,5,5,0.003461674242247671
1350,e_demand,2030,57,6,6,0.003461674242247671
1351,e_demand,2030,57,7,7,0.0865418560561917
1352,e_demand,2030,57,8,8,0.0865418560561917
1353,e_demand,2030,57,9,9,0.08654185605619176
1354,e_demand,2030,57,10,10,0.08654185605619176
1355,e_demand,2030,57,11,11,0.08654185605619176
1356,e_demand,2030,57,12,12,0.08654185605619176
1357,e_demand,2030,57,13,13,0.08654185605619176
1358,e_demand,2030,57,14,14,0.08654185605619176
1359,e_demand,2030,57,15,15,0.0865418560561917
1360,e_demand,2030,57,16,16,0.08654185605619176
1361,e_demand,2030,57,17,17,0.08654185605619176
1362,e_demand,2030,57,18,18,0.08654185605619176
1363,e_demand,2030,57,19,19,0.08654185605619176
1364,e_demand,2030,57,20,20,0.08654185605619176
1365,e_demand,2030,57,21,21,0.08654185605619176
1366,e_demand,2030,57,22,22,0.08654185605619176
1367,e_demand,2030,57,23,23,0.08654185605619176
1368,e_demand,2030,57,24,24,0.08654185605619176
1369,e_demand,2030,58,1,1,0.03136762505676087
1370,e_demand,2030,58,2,2,0.03136762505676087
1371,e_demand,2030,58,3,3,0.03136762505676087
1372,e_demand,2030,58,4,4,0.03136762505676086
1373,e_demand,2030,58,5,5,0.03136762505676087
1374,e_demand,2030,58,6,6,0.03136762505676087
1375,e_demand,2030,58,7,7,0.03136762505676087
1376,e_demand,2030,58,8,8,0.03136762505676087
1377,e_demand,2030,58,9,9,0.03136762505676086
1378,e_demand,2030,58,10,10,0.03136762505676087
1379,e_demand,2030,58,11,11,0.03136762505676087
1380,e_demand,2030,58,12,12,0.03136762505676087
1381,e_demand,2030,58,13,13,0.03136762505676086
1382,e_demand,2030,58,14,14,0.03136762505676087
1383,e_demand,2030,58,15,15,0.03136762505676087
1384,e_demand,2030,58,16,16,0.03136762505676087
1385,e_demand,2030,58,17,17,0.03136762505676086
1386,e_demand,2030,58,18,18,0.03136762505676087
1387,e_demand,2030,58,19,19,0.03136762505676087
1388,e_demand,2030,58,20,20,0.03136762505676087
1389,e_demand,2030,58,21,21,0.03136762505676087
1390,e_demand,2030,58,22,22,0.03136762505676087
1391,e_demand,2030,58,23,23,0.03136762505676087
1392,e_demand,2030,58,24,24,0.03136762505676087
1393,e_demand,2030,59,1,1,0.008655184027292857
1394,e_demand,2030,59,2,2,0.008655184027292857
1395,e_demand,2030,59,3,3,0.008655184027292854
1396,e_demand,2030,59,4,4,0.008655184027292857
1397,e_demand,2030,59,5,5,0.008655184027292857
1398,e_demand,2030,59,6,6,0.008655184027292857
1399,e_demand,2030,59,7,7,0.008655184027292854
1400,e_demand,2030,59,8,8,0.008655184027292857
1401,e_demand,2030,59,9,9,0.008655184027292854
1402,e_demand,2030,59,10,10,0.008655184027292854
1403,e_demand,2030,59,11,11,0.008655184027292857
1404,e_demand,2030,59,12,12,0.008655184027292854
1405,e_demand,2030,59,13,13,0.008655184027292857
1406,e_demand,2030,59,14,14,0.008655184027292854
1407,e_demand,2030,59,15,15,0.008655184027292857
1408,e_demand,2030,59,16,16,0.008655184027292857
1409,e_demand,2030,59,17,17,0.008655184027292854
1410,e_demand,2030,59,18,18,0.008655184027292857
1411,e_demand,2030,59,19,19,0.00034620736109171427
1412,e_demand,2030,59,20,20,0.00034620736109171427
1413,e_demand,2030,59,21,21,0.00034620736109171427
1414,e_demand,2030,59,22,22,0.00034620736109171427
1415,e_demand,2030,59,23,23,0.00034620736109171427
1416,e_demand,2030,59,24,24,0.00034620736109171427
1417,e_demand,2030,60,1,1,0.06287672373045493
1418,e_demand,2030,60,2,2,0.06287672373045491
1419,e_demand,2030,60,3,3,0.06287672373045491
1420,e_demand,2030,60,4,4,0.06287672373045491
1421,e_demand,2030,60,5,5,0.06287672373045491
1422,e_demand,2030,60,6,6,0.06287672373045491
1423,e_demand,2030,60,7,7,0.06287672373045491
1424,e_demand,2030,60,8,8,0.06287672373045491
1425,e_demand,2030,60,9,9,0.06287672373045491
1426,e_demand,2030,60,10,10,0.06287672373045491
1427,e_demand,2030,60,11,11,0.06287672373045491
1428,e_demand,2030,60,12,12,0.06287672373045491
1429,e_demand,2030,60,13,13,0.06287672373045491
1430,e_demand,2030,60,14,14,0.06287672373045491
1431,e_demand,2030,60,15,15,0.06287672373045491
1432,e_demand,2030,60,16,16,0.06287672373045491
1433,e_demand,2030,60,17,17,0.06287672373045491
1434,e_demand,2030,60,18,18,0.06287672373045491
1435,e_demand,2030,60,19,19,0.06287672373045491
1436,e_demand,2030,60,20,20,0.06287672373045493
1437,e_demand,2030,60,21,21,0.06287672373045491
1438,e_demand,2030,60,22,22,0.06287672373045491
1439,e_demand,2030,60,23,23,0.06287672373045491
1440,e_demand,2030,60,24,24,0.06287672373045491
1441,e_demand,2030,61,1,1,0.04256317626177766
1442,e_demand,2030,61,2,2,0.04256317626177766
1443,e_demand,2030,61,3,3,0.04256317626177766
1444,e_demand,2030,61,4,4,0.04256317626177766
1445,e_demand,2030,61,5,5,0.04256317626177766
1446,e_demand,2030,61,6,6,0.04256317626177766
1447,e_demand,2030,61,7,7,0.04256317626177766
1448,e_demand,2030,61,8,8,0.04256317626177766
1449,e_demand,2030,61,9,9,0.04256317626177766
1450,e_demand,2030,61,10,10,0.04256317626177766
1451,e_demand,2030,61,11,11,0.04256317626177766
1452,e_demand,2030,61,12,12,0.04256317626177766
1453,e_demand,2030,61,13,13,0.04256317626177766
1454,e_demand,2030,61,14,14,0.04256317626177766
1455,e_demand,2030,61,15,15,0.04256317626177766
1456,e_demand,2030,61,16,16,0.04256317626177766
1457,e_demand,2030,61,17,17,0.04256317626177766
1458,e_demand,2030,61,18,18,0.04256317626177766
1459,e_demand,2030,61,19,19,0.04256317626177766
1460,e_demand,2030,61,20,20,0.04256317626177766
1461,e_demand,2030,61,21,21,0.04256317626177766
1462,e_demand,2030,61,22,22,0.04256317626177766
1463,e_demand,2030,61,23,23,0.04256317626177766
1464,e_demand,2030,61,24,24,0.04256317626177766
1465,e_demand,2030,62,1,1,0.10131405675294221
1466,e_demand,2030,62,2,2,0.10131405675294217
1467,e_demand,2030,62,3,3,0.10131405675294217
1468,e_demand,2030,62,4,4,0.10131405675294217
1469,e_demand,2030,62,5,5,0.10131405675294217
1470,e_demand,2030,62,6,6,0.10131405675294217
1471,e_demand,2030,62,7,7,0.10131405675294217
1472,e_demand,2030,62,8,8,0.10131405675294217
1473,e_demand,2030,62,9,9,0.10131405675294217
1474,e_demand,2030,62,10,10,0.10131405675294217
1475,e_demand,2030,62,11,11,0.10131405675294217
1476,e_demand,2030,62,12,12,0.10131405675294217
1477,e_demand,2030,62,13,13,0.10131405675294217
1478,e_demand,2030,62,14,14,0.10131405675294217
1479,e_demand,2030,62,15,15,0.10131405675294217
1480,e_demand,2030,62,16,16,0.10131405675294217
1481,e_demand,2030,62,17,17,0.10131405675294217
1482,e_demand,2030,62,18,18,0.10131405675294217
1483,e_demand,2030,62,19,19,0.10131405675294217
1484,e_demand,2030,62,20,20,0.10131405675294217
1485,e_demand,2030,62,21,21,0.10131405675294221
1486,e_demand,2030,62,22,22,0.10131405675294217
1487,e_demand,2030,62,23,23,0.10131405675294217
1488,e_demand,2030,62,24,24,0.10131405675294217
1489,e_demand,2030,63,1,1,0.01770872434094261
1490,e_demand,2030,63,2,2,0.01770872434094261
1491,e_demand,2030,63,3,3,0.01770872434094261
1492,e_demand,2030,63,4,4,0.01770872434094261
1493,e_demand,2030,63,5,5,0.01770872434094261
1494,e_demand,2030,63,6,6,0.01770872434094261
1495,e_demand,2030,63,7,7,0.01770872434094261
1496,e_demand,2030,63,8,8,0.01770872434094261
1497,e_demand,2030,63,9,9,0.01770872434094261
1498,e_demand,2030,63,10,10,0.01770872434094261
1499,e_demand,2030,63,11,11,0.01770872434094261
1500,e_demand,2030,63,12,12,0.01770872434094261
1501,e_demand,2030,63,13,13,0.01770872434094261
1502,e_demand,2030,63,14,14,0.01770872434094261
1503,e_demand,2030,63,15,15,0.01770872434094261
1504,e_demand,2030,63,16,16,0.01770872434094261
1505,e_demand,2030,63,17,17,0.01770872434094261
1506,e_demand,2030,63,18,18,0.01770872434094261
1507,e_demand,2030,63,19,19,0.0007083489736377043
1508,e_demand,2030,63,20,20,0.0007083489736377043
1509,e_demand,2030,63,21,21,0.0007083489736377043
1510,e_demand,2030,63,22,22,0.0007083489736377043
1511,e_demand,2030,63,23,23,0.0007083489736377043
1512,e_demand,2030,63,24,24,0.0007083489736377043
1513,e_demand,2030,64,1,1,0.04102175449264846
1514,e_demand,2030,64,2,2,0.04102175449264847
1515,e_demand,2030,64,3,3,0.04102175449264846
1516,e_demand,2030,64,4,4,0.04102175449264847
1517,e_demand,2030,64,5,5,0.04102175449264846
1518,e_demand,2030,64,6,6,0.04102175449264847
1519,e_demand,2030,64,7,7,0.04102175449264847
1520,e_demand,2030,64,8,8,0.04102175449264847
1521,e_demand,2030,64,9,9,0.04102175449264847
1522,e_demand,2030,64,10,10,0.04102175449264847
1523,e_demand,2030,64,11,11,0.04102175449264847
1524,e_demand,2030,64,12,12,0.04102175449264847
1525,e_demand,2030,64,13,13,0.04102175449264846
1526,e_demand,2030,64,14,14,0.04102175449264847
1527,e_demand,2030,64,15,15,0.04102175449264847
1528,e_demand,2030,64,16,16,0.04102175449264847
1529,e_demand,2030,64,17,17,0.04102175449264847
1530,e_demand,2030,64,18,18,0.04102175449264847
1531,e_demand,2030,64,19,19,0.04102175449264847
1532,e_demand,2030,64,20,20,0.04102175449264847
1533,e_demand,2030,64,21,21,0.04102175449264846
1534,e_demand,2030,64,22,22,0.04102175449264847
1535,e_demand,2030,64,23,23,0.04102175449264847
1536,e_demand,2030,64,24,24,0.04102175449264847
1537,e_demand,2030,65,1,1,0.0672297003303787
1538,e_demand,2030,65,2,2,0.0672297003303787
1539,e_demand,2030,65,3,3,0.06722970033037867
1540,e_demand,2030,65,4,4,0.06722970033037867
1541,e_demand,2030,65,5,5,0.06722970033037867
1542,e_demand,2030,65,6,6,0.06722970033037867
1543,e_demand,2030,65,7,7,0.06722970033037867
1544,e_demand,2030,65,8,8,0.06722970033037867
1545,e_demand,2030,65,9,9,0.06722970033037867
1546,e_demand,2030,65,10,10,0.06722970033037867
1547,e_demand,2030,65,11,11,0.06722970033037867
1548,e_demand,2030,65,12,12,0.0672297003303787
1549,e_demand,2030,65,13,13,0.06722970033037867
1550,e_demand,2030,65,14,14,0.06722970033037867
1551,e_demand,2030,65,15,15,0.06722970033037867
1552,e_demand,2030,65,16,16,0.06722970033037867
1553,e_demand,2030,65,17,17,0.06722970033037867
1554,e_demand,2030,65,18,18,0.06722970033037867
1555,e_demand,2030,65,19,19,0.06722970033037867
1556,e_demand,2030,65,20,20,0.06722970033037867
1557,e_demand,2030,65,21,21,0.06722970033037867
1558,e_demand,2030,65,22,22,0.06722970033037867
1559,e_demand,2030,65,23,23,0.06722970033037867
1560,e_demand,2030,65,24,24,0.06722970033037867
1561,e_demand,2030,66,1,1,0.021064887948564873
1562,e_demand,2030,66,2,2,0.021064887948564873
1563,e_demand,2030,66,3,3,0.021064887948564873
1564,e_demand,2030,66,4,4,0.021064887948564873
1565,e_demand,2030,66,5,5,0.021064887948564873
1566,e_demand,2030,66,6,6,0.021064887948564873
1567,e_demand,2030,66,7,7,0.021064887948564873
1568,e_demand,2030,66,8,8,0.021064887948564873
1569,e_demand,2030,66,9,9,0.021064887948564873
1570,e_demand,2030,66,10,10,0.021064887948564873
1571,e_demand,2030,66,11,11,0.021064887948564873
1572,e_demand,2030,66,12,12,0.021064887948564873
1573,e_demand,2030,66,13,13,0.021064887948564873
1574,e_demand,2030,66,14,14,0.021064887948564873
1575,e_demand,2030,66,15,15,0.021064887948564873
1576,e_demand,2030,66,16,16,0.021064887948564873
1577,e_demand,2030,66,17,17,0.021064887948564873
1578,e_demand,2030,66,18,18,0.021064887948564873
1579,e_demand,2030,66,19,19,0.021064887948564873
1580,e_demand,2030,66,20,20,0.021064887948564873
1581,e_demand,2030,66,21,21,0.021064887948564873
1582,e_demand,2030,66,22,22,0.021064887948564873
1583,e_demand,2030,66,23,23,0.021064887948564873
1584,e_demand,2030,66,24,24,0.021064887948564873
1585,e_demand,2030,67,1,1,0.05813341155656615
1586,e_demand,2030,67,2,2,0.058133411556566136
1587,e_demand,2030,67,3,3,0.058133411556566136
1588,e_demand,2030,67,4,4,0.058133411556566136
1589,e_demand,2030,67,5,5,0.058133411556566136
1590,e_demand,2030,67,6,6,0.058133411556566136
1591,e_demand,2030,67,7,7,0.058133411556566136
1592,e_demand,2030,67,8,8,0.058133411556566136
1593,e_demand,2030,67,9,9,0.058133411556566136
1594,e_demand,2030,67,10,10,0.058133411556566136
1595,e_demand,2030,67,11,11,0.058133411556566136
1596,e_demand,2030,67,12,12,0.05813341155656615
1597,e_demand,2030,67,13,13,0.058133411556566136
1598,e_demand,2030,67,14,14,0.058133411556566136
1599,e_demand,2030,67,15,15,0.058133411556566136
1600,e_demand,2030,67,16,16,0.058133411556566136
1601,e_demand,2030,67,17,17,0.058133411556566136
1602,e_demand,2030,67,18,18,0.058133411556566136
1603,e_demand,2030,67,19,19,0.058133411556566136
1604,e_demand,2030,67,20,20,0.058133411556566136
1605,e_demand,2030,67,21,21,0.05813341155656615
1606,e_demand,2030,67,22,22,0.058133411556566136
1607,e_demand,2030,67,23,23,0.058133411556566136
1608,e_demand,2030,67,24,24,0.058133411556566136
1609,e_demand,2030,68,1,1,0.036000298778662995
1610,e_demand,2030,68,2,2,0.036000298778662995
1611,e_demand,2030,68,3,3,0.036000298778662995
1612,e_demand,2030,68,4,4,0.03600029877866299
1613,e_demand,2030,68,5,5,0.036000298778662995
1614,e_demand,2030,68,6,6,0.03600029877866299
1615,e_demand,2030,68,7,7,0.03600029877866299
1616,e_demand,2030,68,8,8,0.03600029877866299
1617,e_demand,2030,68,9,9,0.03600029877866299
1618,e_demand,2030,68,10,10,0.03600029877866299
1619,e_demand,2030,68,11,11,0.03600029877866299
1620,e_demand,2030,68,12,12,0.03600029877866299
1621,e_demand,2030,68,13,13,0.03600029877866299
1622,e_demand,2030,68,14,14,0.03600029877866299
1623,e_demand,2030,68,15,15,0.03600029877866299
1624,e_demand,2030,68,16,16,0.03600029877866299
1625,e_demand,2030,68,17,17,0.036000298778662995
1626,e_demand,2030,68,18,18,0.03600029877866299
1627,e_demand,2030,68,19,19,0.03600029877866299
1628,e_demand,2030,68,20,20,0.03600029877866299
1629,e_demand,2030,68,21,21,0.03600029877866299
1630,e_demand,2030,68,22,22,0.03600029877866299
1631,e_demand,2030,68,23,23,0.03600029877866299
1632,e_demand,2030,68,24,24,0.03600029877866299
1633,e_demand,2030,69,1,1,0.08425828253263212
1634,e_demand,2030,69,2,2,0.08425828253263218
1635,e_demand,2030,69,3,3,0.08425828253263218
1636,e_demand,2030,69,4,4,0.08425828253263218
1637,e_demand,2030,69,5,5,0.08425828253263218
1638,e_demand,2030,69,6,6,0.08425828253263218
1639,e_demand,2030,69,7,7,0.08425828253263218
1640,e_demand,2030,69,8,8,0.08425828253263218
1641,e_demand,2030,69,9,9,0.08425828253263218
1642,e_demand,2030,69,10,10,0.08425828253263218
1643,e_demand,2030,69,11,11,0.08425828253263212
1644,e_demand,2030,69,12,12,0.08425828253263218
1645,e_demand,2030,69,13,13,0.08425828253263218
1646,e_demand,2030,69,14,14,0.08425828253263218
1647,e_demand,2030,69,15,15,0.08425828253263212
1648,e_demand,2030,69,16,16,0.08425828253263218
1649,e_demand,2030,69,17,17,0.08425828253263218
1650,e_demand,2030,69,18,18,0.08425828253263218
1651,e_demand,2030,69,19,19,0.08425828253263218
1652,e_demand,2030,69,20,20,0.08425828253263218
1653,e_demand,2030,69,21,21,0.08425828253263218
1654,e_demand,2030,69,22,22,0.08425828253263218
1655,e_demand,2030,69,23,23,0.08425828253263218
1656,e_demand,2030,69,24,24,0.08425828253263212
1657,e_demand,2030,70,1,1,0.03959507998611388
1658,e_demand,2030,70,2,2,0.03959507998611388
1659,e_demand,2030,70,3,3,0.03959507998611388
1660,e_demand,2030,70,4,4,0.03959507998611389
1661,e_demand,2030,70,5,5,0.03959507998611389
1662,e_demand,2030,70,6,6,0.03959507998611389
1663,e_demand,2030,70,7,7,0.03959507998611389
1664,e_demand,2030,70,8,8,0.03959507998611389
1665,e_demand,2030,70,9,9,0.03959507998611389
1666,e_demand,2030,70,10,10,0.03959507998611388
1667,e_demand,2030,70,11,11,0.03959507998611389
1668,e_demand,2030,70,12,12,0.03959507998611388
1669,e_demand,2030,70,13,13,0.03959507998611389
1670,e_demand,2030,70,14,14,0.03959507998611389
1671,e_demand,2030,70,15,15,0.03959507998611389
1672,e_demand,2030,70,16,16,0.03959507998611389
1673,e_demand,2030,70,17,17,0.03959507998611389
1674,e_demand,2030,70,18,18,0.03959507998611388
1675,e_demand,2030,70,19,19,0.03959507998611389
1676,e_demand,2030,70,20,20,0.03959507998611389
1677,e_demand,2030,70,21,21,0.03959507998611389
1678,e_demand,2030,70,22,22,0.03959507998611388
1679,e_demand,2030,70,23,23,0.03959507998611389
1680,e_demand,2030,70,24,24,0.03959507998611389
1681,e_demand,2030,71,1,1,0.06782586721458235
1682,e_demand,2030,71,2,2,0.06782586721458235
1683,e_demand,2030,71,3,3,0.06782586721458235
1684,e_demand,2030,71,4,4,0.06782586721458235
1685,e_demand,2030,71,5,5,0.06782586721458235
1686,e_demand,2030,71,6,6,0.06782586721458235
1687,e_demand,2030,71,7,7,0.06782586721458235
1688,e_demand,2030,71,8,8,0.06782586721458235
1689,e_demand,2030,71,9,9,0.06782586721458235
1690,e_demand,2030,71,10,10,0.06782586721458235
1691,e_demand,2030,71,11,11,0.06782586721458235
1692,e_demand,2030,71,12,12,0.06782586721458235
1693,e_demand,2030,71,13,13,0.06782586721458235
1694,e_demand,2030,71,14,14,0.06782586721458235
1695,e_demand,2030,71,15,15,0.06782586721458235
1696,e_demand,2030,71,16,16,0.06782586721458235
1697,e_demand,2030,71,17,17,0.06782586721458235
1698,e_demand,2030,71,18,18,0.0027130346885832937
1699,e_demand,2030,71,19,19,0.0027130346885832937
1700,e_demand,2030,71,20,20,0.0027130346885832937
1701,e_demand,2030,71,21,21,0.0027130346885832937
1702,e_demand,2030,71,22,22,0.0027130346885832937
1703,e_demand,2030,71,23,23,0.06782586721458235
1704,e_demand,2030,71,24,24,0.06782586721458235
1705,e_demand,2030,72,1,1,0.05657338858218318
1706,e_demand,2030,72,2,2,0.056573388582183214
1707,e_demand,2030,72,3,3,0.056573388582183214
1708,e_demand,2030,72,4,4,0.056573388582183214
1709,e_demand,2030,72,5,5,0.056573388582183214
1710,e_demand,2030,72,6,6,0.05657338858218318
1711,e_demand,2030,72,7,7,0.056573388582183214
1712,e_demand,2030,72,8,8,0.05657338858218318
1713,e_demand,2030,72,9,9,0.056573388582183214
1714,e_demand,2030,72,10,10,0.056573388582183214
1715,e_demand,2030,72,11,11,0.056573388582183214
1716,e_demand,2030,72,12,12,0.056573388582183214
1717,e_demand,2030,72,13,13,0.056573388582183214
1718,e_demand,2030,72,14,14,0.056573388582183214
1719,e_demand,2030,72,15,15,0.056573388582183214
1720,e_demand,2030,72,16,16,0.056573388582183214
1721,e_demand,2030,72,17,17,0.056573388582183214
1722,e_demand,2030,72,18,18,0.056573388582183214
1723,e_demand,2030,72,19,19,0.056573388582183214
1724,e_demand,2030,72,20,20,0.056573388582183214
1725,e_demand,2030,72,21,21,0.056573388582183214
1726,e_demand,2030,72,22,22,0.056573388582183214
1727,e_demand,2030,72,23,23,0.056573388582183214
1728,e_demand,2030,72,24,24,0.056573388582183214
1729,e_demand,2030,73,1,1,0.008365203641961281
1730,e_demand,2030,73,2,2,0.008365203641961281
1731,e_demand,2030,73,3,3,0.008365203641961281
1732,e_demand,2030,73,4,4,0.008365203641961281
1733,e_demand,2030,73,5,5,0.008365203641961281
1734,e_demand,2030,73,6,6,0.008365203641961281
1735,e_demand,2030,73,7,7,0.008365203641961281
1736,e_demand,2030,73,8,8,0.008365203641961281
1737,e_demand,2030,73,9,9,0.008365203641961281
1738,e_demand,2030,73,10,10,0.008365203641961281
1739,e_demand,2030,73,11,11,0.008365203641961281
1740,e_demand,2030,73,12,12,0.008365203641961281
1741,e_demand,2030,73,13,13,0.008365203641961281
1742,e_demand,2030,73,14,14,0.20913009104903188
1743,e_demand,2030,73,15,15,0.209130091049032
1744,e_demand,2030,73,16,16,0.209130091049032
1745,e_demand,2030,73,17,17,0.209130091049032
1746,e_demand,2030,73,18,18,0.008365203641961281
1747,e_demand,2030,73,19,19,0.008365203641961281
1748,e_demand,2030,73,20,20,0.008365203641961281
1749,e_demand,2030,73,21,21,0.008365203641961281
1750,e_demand,2030,73,22,22,0.008365203641961281
1751,e_demand,2030,73,23,23,0.008365203641961281
1752,e_demand,2030,73,24,24,0.008365203641961281
1753,e_demand,2030,74,1,1,0.16354365239119154
1754,e_demand,2030,74,2,2,0.16354365239119154
1755,e_demand,2030,74,3,3,0.16354365239119154
1756,e_demand,2030,74,4,4,0.16354365239119154
1757,e_demand,2030,74,5,5,0.16354365239119154
1758,e_demand,2030,74,6,6,0.16354365239119154
1759,e_demand,2030,74,7,7,0.16354365239119154
1760,e_demand,2030,74,8,8,0.16354365239119154
1761,e_demand,2030,74,9,9,0.16354365239119154
1762,e_demand,2030,74,10,10,0.16354365239119154
1763,e_demand,2030,74,11,11,0.16354365239119154
1764,e_demand,2030,74,12,12,0.16354365239119154
1765,e_demand,2030,74,13,13,0.16354365239119154
1766,e_demand,2030,74,14,14,0.16354365239119154
1767,e_demand,2030,74,15,15,0.16354365239119154
1768,e_demand,2030,74,16,16,0.16354365239119154
1769,e_demand,2030,74,17,17,0.16354365239119154
1770,e_demand,2030,74,18,18,0.16354365239119154
1771,e_demand,2030,74,19,19,0.16354365239119154
1772,e_demand,2030,74,20,20,0.16354365239119154
1773,e_demand,2030,74,21,21,0.16354365239119154
1774,e_demand,2030,74,22,22,0.16354365239119154
1775,e_demand,2030,74,23,23,0.16354365239119154
1776,e_demand,2030,74,24,24,0.16354365239119154
1777,e_demand,2030,75,1,1,0.02597642042591314
1778,e_demand,2030,75,2,2,0.02597642042591314
1779,e_demand,2030,75,3,3,0.02597642042591312
1780,e_demand,2030,75,4,4,0.02597642042591314
1781,e_demand,2030,75,5,5,0.02597642042591314
1782,e_demand,2030,75,6,6,0.02597642042591314
1783,e_demand,2030,75,7,7,0.02597642042591314
1784,e_demand,2030,75,8,8,0.02597642042591314
1785,e_demand,2030,75,9,9,0.02597642042591314
1786,e_demand,2030,75,10,10,0.02597642042591314
1787,e_demand,2030,75,11,11,0.02597642042591314
1788,e_demand,2030,75,12,12,0.02597642042591314
1789,e_demand,2030,75,13,13,0.02597642042591312
1790,e_demand,2030,75,14,14,0.02597642042591314
1791,e_demand,2030,75,15,15,0.02597642042591312
1792,e_demand,2030,75,16,16,0.02597642042591314
1793,e_demand,2030,75,17,17,0.02597642042591312
1794,e_demand,2030,75,18,18,0.02597642042591314
1795,e_demand,2030,75,19,19,0.0010390568170365257
1796,e_demand,2030,75,20,20,0.0010390568170365257
1797,e_demand,2030,75,21,21,0.0010390568170365257
1798,e_demand,2030,75,22,22,0.0010390568170365257
1799,e_demand,2030,75,23,23,0.0010390568170365257
1800,e_demand,2030,75,24,24,0.0010390568170365257
1801,e_demand,2030,76,1,1,0.2609539179205929
1802,e_demand,2030,76,2,2,0.260953917920593
1803,e_demand,2030,76,3,3,0.260953917920593
1804,e_demand,2030,76,4,4,0.260953917920593
1805,e_demand,2030,76,5,5,0.260953917920593
1806,e_demand,2030,76,6,6,0.260953917920593
1807,e_demand,2030,76,7,7,0.260953917920593
1808,e_demand,2030,76,8,8,0.260953917920593
1809,e_demand,2030,76,9,9,0.260953917920593
1810,e_demand,2030,76,10,10,0.260953917920593
1811,e_demand,2030,76,11,11,0.260953917920593
1812,e_demand,2030,76,12,12,0.260953917920593
1813,e_demand,2030,76,13,13,0.260953917920593
1814,e_demand,2030,76,14,14,0.260953917920593
1815,e_demand,2030,76,15,15,0.260953917920593
1816,e_demand,2030,76,16,16,0.260953917920593
1817,e_demand,2030,76,17,17,0.260953917920593
1818,e_demand,2030,76,18,18,0.260953917920593
1819,e_demand,2030,76,19,19,0.260953917920593
1820,e_demand,2030,76,20,20,0.260953917920593
1821,e_demand,2030,76,21,21,0.260953917920593
1822,e_demand,2030,76,22,22,0.260953917920593
1823,e_demand,2030,76,23,23,0.260953917920593
1824,e_demand,2030,76,24,24,0.260953917920593
1825,e_demand,2030,77,1,1,0.0009520611399548789
1826,e_demand,2030,77,2,2,0.0009520611399548789
1827,e_demand,2030,77,3,3,0.0009520611399548789
1828,e_demand,2030,77,4,4,0.0009520611399548789
1829,e_demand,2030,77,5,5,0.0009520611399548789
1830,e_demand,2030,77,6,6,0.023801528498871974
1831,e_demand,2030,77,7,7,0.023801528498871974
1832,e_demand,2030,77,8,8,0.023801528498871974
1833,e_demand,2030,77,9,9,0.023801528498871974
1834,e_demand,2030,77,10,10,0.023801528498871967
1835,e_demand,2030,77,11,11,0.023801528498871974
1836,e_demand,2030,77,12,12,0.023801528498871967
1837,e_demand,2030,77,13,13,0.023801528498871967
1838,e_demand,2030,77,14,14,0.023801528498871967
1839,e_demand,2030,77,15,15,0.023801528498871974
1840,e_demand,2030,77,16,16,0.023801528498871974
1841,e_demand,2030,77,17,17,0.023801528498871974
1842,e_demand,2030,77,18,18,0.023801528498871974
1843,e_demand,2030,77,19,19,0.023801528498871974
1844,e_demand,2030,77,20,20,0.023801528498871967
1845,e_demand,2030,77,21,21,0.023801528498871974
1846,e_demand,2030,77,22,22,0.023801528498871967
1847,e_demand,2030,77,23,23,0.023801528498871974
1848,e_demand,2030,77,24,24,0.023801528498871974
1849,e_demand,2030,78,1,1,0.05702487273794766
1850,e_demand,2030,78,2,2,0.057024872737947714
1851,e_demand,2030,78,3,3,0.057024872737947714
1852,e_demand,2030,78,4,4,0.05702487273794766
1853,e_demand,2030,78,5,5,0.057024872737947714
1854,e_demand,2030,78,6,6,0.057024872737947714
1855,e_demand,2030,78,7,7,0.057024872737947714
1856,e_demand,2030,78,8,8,0.05702487273794766
1857,e_demand,2030,78,9,9,0.057024872737947714
1858,e_demand,2030,78,10,10,0.057024872737947714
1859,e_demand,2030,78,11,11,0.057024872737947714
1860,e_demand,2030,78,12,12,0.05702487273794766
1861,e_demand,2030,78,13,13,0.057024872737947714
1862,e_demand,2030,78,14,14,0.057024872737947714
1863,e_demand,2030,78,15,15,0.057024872737947714
1864,e_demand,2030,78,16,16,0.057024872737947714
1865,e_demand,2030,78,17,17,0.057024872737947714
1866,e_demand,2030,78,18,18,0.057024872737947714
1867,e_demand,2030,78,19,19,0.057024872737947714
1868,e_demand,2030,78,20,20,0.057024872737947714
1869,e_demand,2030,78,21,21,0.05702487273794766
1870,e_demand,2030,78,22,22,0.05702487273794766
1871,e_demand,2030,78,23,23,0.057024872737947714
1872,e_demand,2030,78,24,24,0.057024872737947714
1873,e_demand,2030,79,1,1,0.025754060662056266
1874,e_demand,2030,79,2,2,0.025754060662056266
1875,e_demand,2030,79,3,3,0.025754060662056252
1876,e_demand,2030,79,4,4,0.025754060662056252
1877,e_demand,2030,79,5,5,0.025754060662056266
1878,e_demand,2030,79,6,6,0.025754060662056266
1879,e_demand,2030,79,7,7,0.025754060662056266
1880,e_demand,2030,79,8,8,0.025754060662056252
1881,e_demand,2030,79,9,9,0.025754060662056266
1882,e_demand,2030,79,10,10,0.025754060662056266
1883,e_demand,2030,79,11,11,0.025754060662056252
1884,e_demand,2030,79,12,12,0.025754060662056266
1885,e_demand,2030,79,13,13,0.025754060662056266
1886,e_demand,2030,79,14,14,0.025754060662056266
1887,e_demand,2030,79,15,15,0.025754060662056266
1888,e_demand,2030,79,16,16,0.025754060662056252
1889,e_demand,2030,79,17,17,0.025754060662056266
1890,e_demand,2030,79,18,18,0.025754060662056252
1891,e_demand,2030,79,19,19,0.025754060662056266
1892,e_demand,2030,79,20,20,0.025754060662056266
1893,e_demand,2030,79,21,21,0.025754060662056266
1894,e_demand,2030,79,22,22,0.025754060662056266
1895,e_demand,2030,79,23,23,0.025754060662056266
1896,e_demand,2030,79,24,24,0.025754060662056266
1897,e_demand,2030,80,1,1,0.03307496657711602
1898,e_demand,2030,80,2,2,0.0013229986630846416
1899,e_demand,2030,80,3,3,0.0013229986630846416
1900,e_demand,2030,80,4,4,0.0013229986630846416
1901,e_demand,2030,80,5,5,0.0013229986630846416
1902,e_demand,2030,80,6,6,0.03307496657711604
1903,e_demand,2030,80,7,7,0.03307496657711604
1904,e_demand,2030,80,8,8,0.03307496657711604
1905,e_demand,2030,80,9,9,0.03307496657711604
1906,e_demand,2030,80,10,10,0.03307496657711604
1907,e_demand,2030,80,11,11,0.03307496657711604
1908,e_demand,2030,80,12,12,0.03307496657711604
1909,e_demand,2030,80,13,13,0.03307496657711604
1910,e_demand,2030,80,14,14,0.03307496657711602
1911,e_demand,2030,80,15,15,0.03307496657711604
1912,e_demand,2030,80,16,16,0.03307496657711602
1913,e_demand,2030,80,17,17,0.03307496657711604
1914,e_demand,2030,80,18,18,0.03307496657711604
1915,e_demand,2030,80,19,19,0.03307496657711604
1916,e_demand,2030,80,20,20,0.03307496657711602
1917,e_demand,2030,80,21,21,0.03307496657711604
1918,e_demand,2030,80,22,22,0.03307496657711602
1919,e_demand,2030,80,23,23,0.03307496657711604
1920,e_demand,2030,80,24,24,0.03307496657711604
1921,e_demand,2030,81,1,1,0.02714191168989709
1922,e_demand,2030,81,2,2,0.027141911689897068
1923,e_demand,2030,81,3,3,0.02714191168989709
1924,e_demand,2030,81,4,4,0.02714191168989709
1925,e_demand,2030,81,5,5,0.02714191168989709
1926,e_demand,2030,81,6,6,0.02714191168989709
1927,e_demand,2030,81,7,7,0.027141911689897068
1928,e_demand,2030,81,8,8,0.02714191168989709
1929,e_demand,2030,81,9,9,0.02714191168989709
1930,e_demand,2030,81,10,10,0.02714191168989709
1931,e_demand,2030,81,11,11,0.027141911689897068
1932,e_demand,2030,81,12,12,0.02714191168989709
1933,e_demand,2030,81,13,13,0.027141911689897068
1934,e_demand,2030,81,14,14,0.02714191168989709
1935,e_demand,2030,81,15,15,0.027141911689897068
1936,e_demand,2030,81,16,16,0.02714191168989709
1937,e_demand,2030,81,17,17,0.02714191168989709
1938,e_demand,2030,81,18,18,0.027141911689897068
1939,e_demand,2030,81,19,19,0.02714191168989709
1940,e_demand,2030,81,20,20,0.027141911689897068
1941,e_demand,2030,81,21,21,0.02714191168989709
1942,e_demand,2030,81,22,22,0.02714191168989709
1943,e_demand,2030,81,23,23,0.02714191168989709
1944,e_demand,2030,81,24,24,0.0010856764675958835
1945,e_demand,2030,82,1,1,0.07757571857223455
1946,e_demand,2030,82,2,2,0.07757571857223464
1947,e_demand,2030,82,3,3,0.07757571857223464
1948,e_demand,2030,82,4,4,0.07757571857223464
1949,e_demand,2030,82,5,5,0.07757571857223464
1950,e_demand,2030,82,6,6,0.07757571857223464
1951,e_demand,2030,82,7,7,0.07757571857223464
1952,e_demand,2030,82,8,8,0.07757571857223464
1953,e_demand,2030,82,9,9,0.07757571857223464
1954,e_demand,2030,82,10,10,0.07757571857223464
1955,e_demand,2030,82,11,11,0.07757571857223464
1956,e_demand,2030,82,12,12,0.07757571857223464
1957,e_demand,2030,82,13,13,0.07757571857223464
1958,e_demand,2030,82,14,14,0.07757571857223464
1959,e_demand,2030,82,15,15,0.07757571857223464
1960,e_demand,2030,82,16,16,0.07757571857223464
1961,e_demand,2030,82,17,17,0.07757571857223455
1962,e_demand,2030,82,18,18,0.07757571857223455
1963,e_demand,2030,82,19,19,0.07757571857223464
1964,e_demand,2030,82,20,20,0.07757571857223464
1965,e_demand,2030,82,21,21,0.07757571857223455
1966,e_demand,2030,82,22,22,0.07757571857223464
1967,e_demand,2030,82,23,23,0.07757571857223464
1968,e_demand,2030,82,24,24,0.07757571857223464
1969,e_demand,2030,83,1,1,0.0016853659051681484
1970,e_demand,2030,83,2,2,0.0016853659051681484
1971,e_demand,2030,83,3,3,0.0016853659051681484
1972,e_demand,2030,83,4,4,0.0016853659051681484
1973,e_demand,2030,83,5,5,0.0016853659051681484
1974,e_demand,2030,83,6,6,0.0016853659051681484
1975,e_demand,2030,83,7,7,0.0016853659051681484
1976,e_demand,2030,83,8,8,0.042134147629203714
1977,e_demand,2030,83,9,9,0.042134147629203714
1978,e_demand,2030,83,10,10,0.042134147629203714
1979,e_demand,2030,83,11,11,0.042134147629203714
1980,e_demand,2030,83,12,12,0.042134147629203714
1981,e_demand,2030,83,13,13,0.042134147629203714
1982,e_demand,2030,83,14,14,0.042134147629203714
1983,e_demand,2030,83,15,15,0.042134147629203714
1984,e_demand,2030,83,16,16,0.04213414762920368
1985,e_demand,2030,83,17,17,0.042134147629203714
1986,e_demand,2030,83,18,18,0.042134147629203714
1987,e_demand,2030,83,19,19,0.042134147629203714
1988,e_demand,2030,83,20,20,0.042134147629203714
1989,e_demand,2030,83,21,21,0.042134147629203714
1990,e_demand,2030,83,22,22,0.042134147629203714
1991,e_demand,2030,83,23,23,0.04213414762920368
1992,e_demand,2030,83,24,24,0.042134147629203714
1993,e_demand,2030,84,1,1,0.038255353712731206
1994,e_demand,2030,84,2,2,0.038255353712731206
1995,e_demand,2030,84,3,3,0.03825535371273119
1996,e_demand,2030,84,4,4,0.038255353712731206
1997,e_demand,2030,84,5,5,0.038255353712731206
1998,e_demand,2030,84,6,6,0.038255353712731206
1999,e_demand,2030,84,7,7,0.03825535371273119
2000,e_demand,2030,84,8,8,0.038255353712731206
2001,e_demand,2030,84,9,9,0.038255353712731206
2002,e_demand,2030,84,10,10,0.03825535371273119
2003,e_demand,2030,84,11,11,0.038255353712731206
2004,e_demand,2030,84,12,12,0.03825535371273119
2005,e_demand,2030,84,13,13,0.038255353712731206
2006,e_demand,2030,84,14,14,0.038255353712731206
2007,e_demand,2030,84,15,15,0.038255353712731206
2008,e_demand,2030,84,16,16,0.038255353712731206
2009,e_demand,2030,84,17,17,0.038255353712731206
2010,e_demand,2030,84,18,18,0.038255353712731206
2011,e_demand,2030,84,19,19,0.038255353712731206
2012,e_demand,2030,84,20,20,0.03825535371273119
2013,e_demand,2030,84,21,21,0.038255353712731206
2014,e_demand,2030,84,22,22,0.038255353712731206
2015,e_demand,2030,84,23,23,0.038255353712731206
2016,e_demand,2030,84,24,24,0.038255353712731206
2017,e_demand,2030,85,1,1,0.0014208550892411407
2018,e_demand,2030,85,2,2,0.0014208550892411407
2019,e_demand,2030,85,3,3,0.0014208550892411407
2020,e_demand,2030,85,4,4,0.0014208550892411407
2021,e_demand,2030,85,5,5,0.0014208550892411407
2022,e_demand,2030,85,6,6,0.0014208550892411407
2023,e_demand,2030,85,7,7,0.0014208550892411407
2024,e_demand,2030,85,8,8,0.03552137723102849
2025,e_demand,2030,85,9,9,0.035521377231028516
2026,e_demand,2030,85,10,10,0.035521377231028516
2027,e_demand,2030,85,11,11,0.035521377231028516
2028,e_demand,2030,85,12,12,0.035521377231028516
2029,e_demand,2030,85,13,13,0.035521377231028516
2030,e_demand,2030,85,14,14,0.03552137723102849
2031,e_demand,2030,85,15,15,0.035521377231028516
2032,e_demand,2030,85,16,16,0.035521377231028516
2033,e_demand,2030,85,17,17,0.03552137723102849
2034,e_demand,2030,85,18,18,0.03552137723102849
2035,e_demand,2030,85,19,19,0.03552137723102849
2036,e_demand,2030,85,20,20,0.035521377231028516
2037,e_demand,2030,85,21,21,0.035521377231028516
2038,e_demand,2030,85,22,22,0.035521377231028516
2039,e_demand,2030,85,23,23,0.035521377231028516
2040,e_demand,2030,85,24,24,0.035521377231028516
2041,e_demand,2030,86,1,1,0.05840543707053187
2042,e_demand,2030,86,2,2,0.0584054370705319
2043,e_demand,2030,86,3,3,0.0584054370705319
2044,e_demand,2030,86,4,4,0.0584054370705319
2045,e_demand,2030,86,5,5,0.0584054370705319
2046,e_demand,2030,86,6,6,0.0584054370705319
2047,e_demand,2030,86,7,7,0.0584054370705319
2048,e_demand,2030,86,8,8,0.0584054370705319
2049,e_demand,2030,86,9,9,0.0584054370705319
2050,e_demand,2030,86,10,10,0.0584054370705319
2051,e_demand,2030,86,11,11,0.0584054370705319
2052,e_demand,2030,86,12,12,0.0584054370705319
2053,e_demand,2030,86,13,13,0.0584054370705319
2054,e_demand,2030,86,14,14,0.0584054370705319
2055,e_demand,2030,86,15,15,0.05840543707053187
2056,e_demand,2030,86,16,16,0.0584054370705319
2057,e_demand,2030,86,17,17,0.0584054370705319
2058,e_demand,2030,86,18,18,0.0584054370705319
2059,e_demand,2030,86,19,19,0.0584054370705319
2060,e_demand,2030,86,20,20,0.0584054370705319
2061,e_demand,2030,86,21,21,0.0584054370705319
2062,e_demand,2030,86,22,22,0.05840543707053187
2063,e_demand,2030,86,23,23,0.0584054370705319
2064,e_demand,2030,86,24,24,0.0584054370705319
2065,e_demand,2030,87,1,1,0.05466086349267223
2066,e_demand,2030,87,2,2,0.05466086349267223
2067,e_demand,2030,87,3,3,0.05466086349267223
2068,e_demand,2030,87,4,4,0.05466086349267223
2069,e_demand,2030,87,5,5,0.05466086349267223
2070,e_demand,2030,87,6,6,0.0546608634926722
2071,e_demand,2030,87,7,7,0.0546608634926722
2072,e_demand,2030,87,8,8,0.05466086349267223
2073,e_demand,2030,87,9,9,0.05466086349267223
2074,e_demand,2030,87,10,10,0.05466086349267223
2075,e_demand,2030,87,11,11,0.05466086349267223
2076,e_demand,2030,87,12,12,0.05466086349267223
2077,e_demand,2030,87,13,13,0.0546608634926722
2078,e_demand,2030,87,14,14,0.05466086349267223
2079,e_demand,2030,87,15,15,0.05466086349267223
2080,e_demand,2030,87,16,16,0.05466086349267223
2081,e_demand,2030,87,17,17,0.05466086349267223
2082,e_demand,2030,87,18,18,0.05466086349267223
2083,e_demand,2030,87,19,19,0.05466086349267223
2084,e_demand,2030,87,20,20,0.05466086349267223
2085,e_demand,2030,87,21,21,0.05466086349267223
2086,e_demand,2030,87,22,22,0.0021864345397068895
2087,e_demand,2030,87,23,23,0.0021864345397068895
2088,e_demand,2030,87,24,24,0.05466086349267223
2089,e_demand,2030,88,1,1,0.049801732935545344
2090,e_demand,2030,88,2,2,0.04980173293554535
2091,e_demand,2030,88,3,3,0.04980173293554535
2092,e_demand,2030,88,4,4,0.049801732935545344
2093,e_demand,2030,88,5,5,0.04980173293554535
2094,e_demand,2030,88,6,6,0.04980173293554535
2095,e_demand,2030,88,7,7,0.04980173293554535
2096,e_demand,2030,88,8,8,0.04980173293554535
2097,e_demand,2030,88,9,9,0.049801732935545344
2098,e_demand,2030,88,10,10,0.04980173293554535
2099,e_demand,2030,88,11,11,0.04980173293554535
2100,e_demand,2030,88,12,12,0.049801732935545344
2101,e_demand,2030,88,13,13,0.04980173293554535
2102,e_demand,2030,88,14,14,0.04980173293554535
2103,e_demand,2030,88,15,15,0.04980173293554535
2104,e_demand,2030,88,16,16,0.04980173293554535
2105,e_demand,2030,88,17,17,0.04980173293554535
2106,e_demand,2030,88,18,18,0.04980173293554535
2107,e_demand,2030,88,19,19,0.04980173293554535
2108,e_demand,2030,88,20,20,0.04980173293554535
2109,e_demand,2030,88,21,21,0.04980173293554535
2110,e_demand,2030,88,22,22,0.04980173293554535
2111,e_demand,2030,88,23,23,0.04980173293554535
2112,e_demand,2030,88,24,24,0.04980173293554535
2113,e_demand,2030,89,1,1,0.0011455687278245476
2114,e_demand,2030,89,2,2,0.0011455687278245476
2115,e_demand,2030,89,3,3,0.0011455687278245476
2116,e_demand,2030,89,4,4,0.0011455687278245476
2117,e_demand,2030,89,5,5,0.0011455687278245476
2118,e_demand,2030,89,6,6,0.0011455687278245476
2119,e_demand,2030,89,7,7,0.0011455687278245476
2120,e_demand,2030,89,8,8,0.028639218195613693
2121,e_demand,2030,89,9,9,0.028639218195613693
2122,e_demand,2030,89,10,10,0.028639218195613693
2123,e_demand,2030,89,11,11,0.028639218195613693
2124,e_demand,2030,89,12,12,0.02863921819561367
2125,e_demand,2030,89,13,13,0.028639218195613693
2126,e_demand,2030,89,14,14,0.028639218195613693
2127,e_demand,2030,89,15,15,0.028639218195613693
2128,e_demand,2030,89,16,16,0.028639218195613693
2129,e_demand,2030,89,17,17,0.028639218195613693
2130,e_demand,2030,89,18,18,0.028639218195613693
2131,e_demand,2030,89,19,19,0.028639218195613693
2132,e_demand,2030,89,20,20,0.028639218195613693
2133,e_demand,2030,89,21,21,0.028639218195613693
2134,e_demand,2030,89,22,22,0.028639218195613693
2135,e_demand,2030,89,23,23,0.02863921819561367
2136,e_demand,2030,89,24,24,0.02863921819561367
2137,e_demand,2030,90,1,1,0.05338167620472268
2138,e_demand,2030,90,2,2,0.05338167620472268
2139,e_demand,2030,90,3,3,0.05338167620472263
2140,e_demand,2030,90,4,4,0.05338167620472268
2141,e_demand,2030,90,5,5,0.05338167620472268
2142,e_demand,2030,90,6,6,0.05338167620472268
2143,e_demand,2030,90,7,7,0.05338167620472268
2144,e_demand,2030,90,8,8,0.05338167620472268
2145,e_demand,2030,90,9,9,0.05338167620472268
2146,e_demand,2030,90,10,10,0.05338167620472268
2147,e_demand,2030,90,11,11,0.05338167620472263
2148,e_demand,2030,90,12,12,0.05338167620472268
2149,e_demand,2030,90,13,13,0.05338167620472263
2150,e_demand,2030,90,14,14,0.05338167620472268
2151,e_demand,2030,90,15,15,0.05338167620472268
2152,e_demand,2030,90,16,16,0.05338167620472268
2153,e_demand,2030,90,17,17,0.05338167620472268
2154,e_demand,2030,90,18,18,0.05338167620472263
2155,e_demand,2030,90,19,19,0.05338167620472268
2156,e_demand,2030,90,20,20,0.05338167620472268
2157,e_demand,2030,90,21,21,0.05338167620472268
2158,e_demand,2030,90,22,22,0.05338167620472268
2159,e_demand,2030,90,23,23,0.05338167620472268
2160,e_demand,2030,90,24,24,0.05338167620472268
2161,e_demand,2030,91,1,1,0.0010169942021902472
2162,e_demand,2030,91,2,2,0.0010169942021902472
2163,e_demand,2030,91,3,3,0.0010169942021902472
2164,e_demand,2030,91,4,4,0.0010169942021902472
2165,e_demand,2030,91,5,5,0.0010169942021902472
2166,e_demand,2030,91,6,6,0.0010169942021902472
2167,e_demand,2030,91,7,7,0.02542485505475618
2168,e_demand,2030,91,8,8,0.02542485505475618
2169,e_demand,2030,91,9,9,0.02542485505475618
2170,e_demand,2030,91,10,10,0.02542485505475616
2171,e_demand,2030,91,11,11,0.02542485505475618
2172,e_demand,2030,91,12,12,0.02542485505475618
2173,e_demand,2030,91,13,13,0.02542485505475618
2174,e_demand,2030,91,14,14,0.02542485505475616
2175,e_demand,2030,91,15,15,0.02542485505475618
2176,e_demand,2030,91,16,16,0.02542485505475618
2177,e_demand,2030,91,17,17,0.025424855054756158
2178,e_demand,2030,91,18,18,0.02542485505475618
2179,e_demand,2030,91,19,19,0.02542485505475616
2180,e_demand,2030,91,20,20,0.02542485505475618
2181,e_demand,2030,91,21,21,0.025424855054756158
2182,e_demand,2030,91,22,22,0.02542485505475618
2183,e_demand,2030,91,23,23,0.02542485505475618
2184,e_demand,2030,91,24,24,0.02542485505475618
2185,e_demand,2030,92,1,1,0.046561417196953135
2186,e_demand,2030,92,2,2,0.046561417196953135
2187,e_demand,2030,92,3,3,0.046561417196953156
2188,e_demand,2030,92,4,4,0.046561417196953156
2189,e_demand,2030,92,5,5,0.046561417196953156
2190,e_demand,2030,92,6,6,0.046561417196953156
2191,e_demand,2030,92,7,7,0.046561417196953156
2192,e_demand,2030,92,8,8,0.046561417196953156
2193,e_demand,2030,92,9,9,0.046561417196953135
2194,e_demand,2030,92,10,10,0.046561417196953156
2195,e_demand,2030,92,11,11,0.046561417196953156
2196,e_demand,2030,92,12,12,0.046561417196953156
2197,e_demand,2030,92,13,13,0.046561417196953156
2198,e_demand,2030,92,14,14,0.046561417196953156
2199,e_demand,2030,92,15,15,0.046561417196953156
2200,e_demand,2030,92,16,16,0.046561417196953156
2201,e_demand,2030,92,17,17,0.046561417196953135
2202,e_demand,2030,92,18,18,0.046561417196953135
2203,e_demand,2030,92,19,19,0.046561417196953156
2204,e_demand,2030,92,20,20,0.046561417196953156
2205,e_demand,2030,92,21,21,0.046561417196953135
2206,e_demand,2030,92,22,22,0.046561417196953156
2207,e_demand,2030,92,23,23,0.046561417196953156
2208,e_demand,2030,92,24,24,0.046561417196953156
2209,e_demand,2030,93,1,1,0.054433742688126154
2210,e_demand,2030,93,2,2,0.0544337426881262
2211,e_demand,2030,93,3,3,0.0544337426881262
2212,e_demand,2030,93,4,4,0.0544337426881262
2213,e_demand,2030,93,5,5,0.054433742688126154
2214,e_demand,2030,93,6,6,0.0544337426881262
2215,e_demand,2030,93,7,7,0.0544337426881262
2216,e_demand,2030,93,8,8,0.0544337426881262
2217,e_demand,2030,93,9,9,0.0544337426881262
2218,e_demand,2030,93,10,10,0.0544337426881262
2219,e_demand,2030,93,11,11,0.0544337426881262
2220,e_demand,2030,93,12,12,0.0544337426881262
2221,e_demand,2030,93,13,13,0.0544337426881262
2222,e_demand,2030,93,14,14,0.0544337426881262
2223,e_demand,2030,93,15,15,0.0544337426881262
2224,e_demand,2030,93,16,16,0.0544337426881262
2225,e_demand,2030,93,17,17,0.0544337426881262
2226,e_demand,2030,93,18,18,0.0544337426881262
2227,e_demand,2030,93,19,19,0.0544337426881262
2228,e_demand,2030,93,20,20,0.0544337426881262
2229,e_demand,2030,93,21,21,0.0544337426881262
2230,e_demand,2030,93,22,22,0.002177349707525048
2231,e_demand,2030,93,23,23,0.002177349707525048
2232,e_demand,2030,93,24,24,0.002177349707525048
2233,e_demand,2030,94,1,1,0.08777692974153728
2234,e_demand,2030,94,2,2,0.08777692974153734
2235,e_demand,2030,94,3,3,0.08777692974153734
2236,e_demand,2030,94,4,4,0.08777692974153728
2237,e_demand,2030,94,5,5,0.08777692974153734
2238,e_demand,2030,94,6,6,0.08777692974153734
2239,e_demand,2030,94,7,7,0.08777692974153734
2240,e_demand,2030,94,8,8,0.08777692974153728
2241,e_demand,2030,94,9,9,0.08777692974153734
2242,e_demand,2030,94,10,10,0.08777692974153734
2243,e_demand,2030,94,11,11,0.08777692974153734
2244,e_demand,2030,94,12,12,0.08777692974153728
2245,e_demand,2030,94,13,13,0.08777692974153734
2246,e_demand,2030,94,14,14,0.08777692974153734
2247,e_demand,2030,94,15,15,0.08777692974153734
2248,e_demand,2030,94,16,16,0.08777692974153734
2249,e_demand,2030,94,17,17,0.08777692974153734
2250,e_demand,2030,94,18,18,0.08777692974153734
2251,e_demand,2030,94,19,19,0.08777692974153734
2252,e_demand,2030,94,20,20,0.08777692974153734
2253,e_demand,2030,94,21,21,0.08777692974153734
2254,e_demand,2030,94,22,22,0.08777692974153734
2255,e_demand,2030,94,23,23,0.08777692974153734
2256,e_demand,2030,94,24,24,0.08777692974153734
2257,e_demand,2030,95,1,1,0.05060795818735419
2258,e_demand,2030,95,2,2,0.05060795818735419
2259,e_demand,2030,95,3,3,0.05060795818735419
2260,e_demand,2030,95,4,4,0.05060795818735419
2261,e_demand,2030,95,5,5,0.05060795818735419
2262,e_demand,2030,95,6,6,0.050607958187354134
2263,e_demand,2030,95,7,7,0.05060795818735419
2264,e_demand,2030,95,8,8,0.05060795818735419
2265,e_demand,2030,95,9,9,0.050607958187354134
2266,e_demand,2030,95,10,10,0.05060795818735419
2267,e_demand,2030,95,11,11,0.05060795818735419
2268,e_demand,2030,95,12,12,0.050607958187354134
2269,e_demand,2030,95,13,13,0.05060795818735419
2270,e_demand,2030,95,14,14,0.05060795818735419
2271,e_demand,2030,95,15,15,0.05060795818735419
2272,e_demand,2030,95,16,16,0.05060795818735419
2273,e_demand,2030,95,17,17,0.05060795818735419
2274,e_demand,2030,95,18,18,0.05060795818735419
2275,e_demand,2030,95,19,19,0.05060795818735419
2276,e_demand,2030,95,20,20,0.05060795818735419
2277,e_demand,2030,95,21,21,0.05060795818735419
2278,e_demand,2030,95,22,22,0.05060795818735419
2279,e_demand,2030,95,23,23,0.05060795818735419
2280,e_demand,2030,95,24,24,0.05060795818735419
2281,e_demand,2030,96,1,1,0.001370938636966123
2282,e_demand,2030,96,2,2,0.001370938636966123
2283,e_demand,2030,96,3,3,0.001370938636966123
2284,e_demand,2030,96,4,4,0.03427346592415306
2285,e_demand,2030,96,5,5,0.03427346592415306
2286,e_demand,2030,96,6,6,0.03427346592415308
2287,e_demand,2030,96,7,7,0.03427346592415308
2288,e_demand,2030,96,8,8,0.03427346592415308
2289,e_demand,2030,96,9,9,0.03427346592415308
2290,e_demand,2030,96,10,10,0.03427346592415308
2291,e_demand,2030,96,11,11,0.03427346592415308
2292,e_demand,2030,96,12,12,0.03427346592415308
2293,e_demand,2030,96,13,13,0.03427346592415306
2294,e_demand,2030,96,14,14,0.03427346592415306
2295,e_demand,2030,96,15,15,0.03427346592415308
2296,e_demand,2030,96,16,16,0.03427346592415308
2297,e_demand,2030,96,17,17,0.03427346592415306
2298,e_demand,2030,96,18,18,0.03427346592415308
2299,e_demand,2030,96,19,19,0.03427346592415308
2300,e_demand,2030,96,20,20,0.03427346592415306
2301,e_demand,2030,96,21,21,0.03427346592415308
2302,e_demand,2030,96,22,22,0.03427346592415308
2303,e_demand,2030,96,23,23,0.03427346592415308
2304,e_demand,2030,96,24,24,0.03427346592415308
2305,e_demand,2030,97,1,1,0.1730681554986077
2306,e_demand,2030,97,2,2,0.17306815549860768
2307,e_demand,2030,97,3,3,0.17306815549860768
2308,e_demand,2030,97,4,4,0.17306815549860768
2309,e_demand,2030,97,5,5,0.17306815549860768
2310,e_demand,2030,97,6,6,0.17306815549860768
2311,e_demand,2030,97,7,7,0.17306815549860768
2312,e_demand,2030,97,8,8,0.17306815549860768
2313,e_demand,2030,97,9,9,0.17306815549860768
2314,e_demand,2030,97,10,10,0.17306815549860768
2315,e_demand,2030,97,11,11,0.17306815549860768
2316,e_demand,2030,97,12,12,0.17306815549860768
2317,e_demand,2030,97,13,13,0.17306815549860768
2318,e_demand,2030,97,14,14,0.17306815549860768
2319,e_demand,2030,97,15,15,0.17306815549860768
2320,e_demand,2030,97,16,16,0.17306815549860768
2321,e_demand,2030,97,17,17,0.17306815549860768
2322,e_demand,2030,97,18,18,0.17306815549860768
2323,e_demand,2030,97,19,19,0.17306815549860768
2324,e_demand,2030,97,20,20,0.17306815549860768
2325,e_demand,2030,97,21,21,0.17306815549860768
2326,e_demand,2030,97,22,22,0.17306815549860768
2327,e_demand,2030,97,23,23,0.17306815549860768
2328,e_demand,2030,97,24,24,0.17306815549860768
2329,e_demand,2030,98,1,1,0.18797213362151038
2330,e_demand,2030,98,2,2,0.18797213362151038
2331,e_demand,2030,98,3,3,0.18797213362151038
2332,e_demand,2030,98,4,4,0.18797213362151038
2333,e_demand,2030,98,5,5,0.18797213362151038
2334,e_demand,2030,98,6,6,0.18797213362151027
2335,e_demand,2030,98,7,7,0.18797213362151038
2336,e_demand,2030,98,8,8,0.18797213362151038
2337,e_demand,2030,98,9,9,0.18797213362151038
2338,e_demand,2030,98,10,10,0.18797213362151038
2339,e_demand,2030,98,11,11,0.18797213362151038
2340,e_demand,2030,98,12,12,0.18797213362151038
2341,e_demand,2030,98,13,13,0.18797213362151038
2342,e_demand,2030,98,14,14,0.18797213362151038
2343,e_demand,2030,98,15,15,0.18797213362151038
2344,e_demand,2030,98,16,16,0.18797213362151038
2345,e_demand,2030,98,17,17,0.18797213362151038
2346,e_demand,2030,98,18,18,0.18797213362151038
2347,e_demand,2030,98,19,19,0.18797213362151038
2348,e_demand,2030,98,20,20,0.18797213362151038
2349,e_demand,2030,98,21,21,0.18797213362151038
2350,e_demand,2030,98,22,22,0.18797213362151038
2351,e_demand,2030,98,23,23,0.18797213362151027
2352,e_demand,2030,98,24,24,0.18797213362151038
2353,e_demand,2030,99,1,1,0.04013201917078009
2354,e_demand,2030,99,2,2,0.04013201917078009
2355,e_demand,2030,99,3,3,0.04013201917078009
2356,e_demand,2030,99,4,4,0.04013201917078009
2357,e_demand,2030,99,5,5,0.04013201917078009
2358,e_demand,2030,99,6,6,0.04013201917078009
2359,e_demand,2030,99,7,7,0.04013201917078009
2360,e_demand,2030,99,8,8,0.04013201917078009
2361,e_demand,2030,99,9,9,0.04013201917078009
2362,e_demand,2030,99,10,10,0.04013201917078009
2363,e_demand,2030,99,11,11,0.04013201917078009
2364,e_demand,2030,99,12,12,0.04013201917078009
2365,e_demand,2030,99,13,13,0.04013201917078009
2366,e_demand,2030,99,14,14,0.04013201917078009
2367,e_demand,2030,99,15,15,0.04013201917078009
2368,e_demand,2030,99,16,16,0.04013201917078009
2369,e_demand,2030,99,17,17,0.04013201917078009
2370,e_demand,2030,99,18,18,0.04013201917078009
2371,e_demand,2030,99,19,19,0.04013201917078009
2372,e_demand,2030,99,20,20,0.04013201917078009
2373,e_demand,2030,99,21,21,0.04013201917078009
2374,e_demand,2030,99,22,22,0.04013201917078009
2375,e_demand,2030,99,23,23,0.04013201917078009
2376,e_demand,2030,99,24,24,0.04013201917078009
2377,e_demand,2030,100,1,1,0.01877296768011343
2378,e_demand,2030,100,2,2,0.01877296768011343
2379,e_demand,2030,100,3,3,0.01877296768011343
2380,e_demand,2030,100,4,4,0.01877296768011343
2381,e_demand,2030,100,5,5,0.01877296768011343
2382,e_demand,2030,100,6,6,0.01877296768011343
2383,e_demand,2030,100,7,7,0.01877296768011343
2384,e_demand,2030,100,8,8,0.018772967680113436
2385,e_demand,2030,100,9,9,0.018772967680113436
2386,e_demand,2030,100,10,10,0.01877296768011343
2387,e_demand,2030,100,11,11,0.018772967680113436
2388,e_demand,2030,100,12,12,0.018772967680113436
2389,e_demand,2030,100,13,13,0.01877296768011343
2390,e_demand,2030,100,14,14,0.01877296768011343
2391,e_demand,2030,100,15,15,0.01877296768011343
2392,e_demand,2030,100,16,16,0.01877296768011343
2393,e_demand,2030,100,17,17,0.018772967680113436
2394,e_demand,2030,100,18,18,0.01877296768011343
2395,e_demand,2030,100,19,19,0.018772967680113436
2396,e_demand,2030,100,20,20,0.018772967680113436
2397,e_demand,2030,100,21,21,0.018772967680113436
2398,e_demand,2030,100,22,22,0.01877296768011343
2399,e_demand,2030,100,23,23,0.01877296768011343
2400,e_demand,2030,100,24,24,0.01877296768011343
2401,e_demand,2030,101,1,1,0.01704633091216403
2402,e_demand,2030,101,2,2,0.01704633091216403
2403,e_demand,2030,101,3,3,0.01704633091216403
2404,e_demand,2030,101,4,4,0.01704633091216403
2405,e_demand,2030,101,5,5,0.01704633091216403
2406,e_demand,2030,101,6,6,0.01704633091216403
2407,e_demand,2030,101,7,7,0.01704633091216403
2408,e_demand,2030,101,8,8,0.017046330912164034
2409,e_demand,2030,101,9,9,0.01704633091216403
2410,e_demand,2030,101,10,10,0.01704633091216403
2411,e_demand,2030,101,11,11,0.017046330912164034
2412,e_demand,2030,101,12,12,0.01704633091216403
2413,e_demand,2030,101,13,13,0.01704633091216403
2414,e_demand,2030,101,14,14,0.01704633091216403
2415,e_demand,2030,101,15,15,0.01704633091216403
2416,e_demand,2030,101,16,16,0.01704633091216403
2417,e_demand,2030,101,17,17,0.017046330912164034
2418,e_demand,2030,101,18,18,0.01704633091216403
2419,e_demand,2030,101,19,19,0.01704633091216403
2420,e_demand,2030,101,20,20,0.017046330912164034
2421,e_demand,2030,101,21,21,0.01704633091216403
2422,e_demand,2030,101,22,22,0.01704633091216403
2423,e_demand,2030,101,23,23,0.01704633091216403
2424,e_demand,2030,101,24,24,0.01704633091216403
2425,e_demand,2030,102,1,1,0.02816044226773709
2426,e_demand,2030,102,2,2,0.028160442267737083
2427,e_demand,2030,102,3,3,0.028160442267737083
2428,e_demand,2030,102,4,4,0.028160442267737083
2429,e_demand,2030,102,5,5,0.028160442267737083
2430,e_demand,2030,102,6,6,0.028160442267737083
2431,e_demand,2030,102,7,7,0.02816044226773709
2432,e_demand,2030,102,8,8,0.028160442267737083
2433,e_demand,2030,102,9,9,0.02816044226773709
2434,e_demand,2030,102,10,10,0.02816044226773709
2435,e_demand,2030,102,11,11,0.02816044226773709
2436,e_demand,2030,102,12,12,0.028160442267737083
2437,e_demand,2030,102,13,13,0.028160442267737083
2438,e_demand,2030,102,14,14,0.028160442267737083
2439,e_demand,2030,102,15,15,0.028160442267737083
2440,e_demand,2030,102,16,16,0.028160442267737083
2441,e_demand,2030,102,17,17,0.028160442267737083
2442,e_demand,2030,102,18,18,0.028160442267737083
2443,e_demand,2030,102,19,19,0.028160442267737083
2444,e_demand,2030,102,20,20,0.028160442267737083
2445,e_demand,2030,102,21,21,0.028160442267737083
2446,e_demand,2030,102,22,22,0.028160442267737083
2447,e_demand,2030,102,23,23,0.028160442267737083
2448,e_demand,2030,102,24,24,0.028160442267737083
2449,e_demand,2030,103,1,1,0.042420167450115134
2450,e_demand,2030,103,2,2,0.04242016745011513
2451,e_demand,2030,103,3,3,0.04242016745011513
2452,e_demand,2030,103,4,4,0.04242016745011513
2453,e_demand,2030,103,5,5,0.04242016745011513
2454,e_demand,2030,103,6,6,0.04242016745011513
2455,e_demand,2030,103,7,7,0.04242016745011513
2456,e_demand,2030,103,8,8,0.04242016745011513
2457,e_demand,2030,103,9,9,0.04242016745011513
2458,e_demand,2030,103,10,10,0.04242016745011513
2459,e_demand,2030,103,11,11,0.04242016745011513
2460,e_demand,2030,103,12,12,0.04242016745011513
2461,e_demand,2030,103,13,13,0.04242016745011513
2462,e_demand,2030,103,14,14,0.04242016745011513
2463,e_demand,2030,103,15,15,0.04242016745011513
2464,e_demand,2030,103,16,16,0.042420167450115134
2465,e_demand,2030,103,17,17,0.04242016745011513
2466,e_demand,2030,103,18,18,0.04242016745011513
2467,e_demand,2030,103,19,19,0.04242016745011513
2468,e_demand,2030,103,20,20,0.04242016745011513
2469,e_demand,2030,103,21,21,0.04242016745011513
2470,e_demand,2030,103,22,22,0.04242016745011513
2471,e_demand,2030,103,23,23,0.04242016745011513
2472,e_demand,2030,103,24,24,0.04242016745011513
2473,e_demand,2030,104,1,1,0.04052429167434702
2474,e_demand,2030,104,2,2,0.040524291674347006
2475,e_demand,2030,104,3,3,0.040524291674347006
2476,e_demand,2030,104,4,4,0.040524291674347006
2477,e_demand,2030,104,5,5,0.040524291674347006
2478,e_demand,2030,104,6,6,0.040524291674347006
2479,e_demand,2030,104,7,7,0.040524291674347006
2480,e_demand,2030,104,8,8,0.040524291674347006
2481,e_demand,2030,104,9,9,0.04052429167434702
2482,e_demand,2030,104,10,10,0.040524291674347006
2483,e_demand,2030,104,11,11,0.04052429167434702
2484,e_demand,2030,104,12,12,0.040524291674347006
2485,e_demand,2030,104,13,13,0.040524291674347006
2486,e_demand,2030,104,14,14,0.040524291674347006
2487,e_demand,2030,104,15,15,0.040524291674347006
2488,e_demand,2030,104,16,16,0.040524291674347006
2489,e_demand,2030,104,17,17,0.040524291674347006
2490,e_demand,2030,104,18,18,0.040524291674347006
2491,e_demand,2030,104,19,19,0.040524291674347006
2492,e_demand,2030,104,20,20,0.040524291674347006
2493,e_demand,2030,104,21,21,0.040524291674347006
2494,e_demand,2030,104,22,22,0.040524291674347006
2495,e_demand,2030,104,23,23,0.040524291674347006
2496,e_demand,2030,104,24,24,0.040524291674347006
2497,e_demand,2030,105,1,1,0.020494537250706765
2498,e_demand,2030,105,2,2,0.020494537250706758
2499,e_demand,2030,105,3,3,0.020494537250706758
2500,e_demand,2030,105,4,4,0.020494537250706765
2501,e_demand,2030,105,5,5,0.020494537250706758
2502,e_demand,2030,105,6,6,0.020494537250706765
2503,e_demand,2030,105,7,7,0.020494537250706758
2504,e_demand,2030,105,8,8,0.020494537250706758
2505,e_demand,2030,105,9,9,0.020494537250706765
2506,e_demand,2030,105,10,10,0.020494537250706758
2507,e_demand,2030,105,11,11,0.020494537250706765
2508,e_demand,2030,105,12,12,0.020494537250706758
2509,e_demand,2030,105,13,13,0.020494537250706758
2510,e_demand,2030,105,14,14,0.020494537250706758
2511,e_demand,2030,105,15,15,0.020494537250706758
2512,e_demand,2030,105,16,16,0.020494537250706758
2513,e_demand,2030,105,17,17,0.020494537250706758
2514,e_demand,2030,105,18,18,0.020494537250706758
2515,e_demand,2030,105,19,19,0.020494537250706765
2516,e_demand,2030,105,20,20,0.020494537250706765
2517,e_demand,2030,105,21,21,0.020494537250706758
2518,e_demand,2030,105,22,22,0.020494537250706758
2519,e_demand,2030,105,23,23,0.020494537250706758
2520,e_demand,2030,105,24,24,0.020494537250706758
2521,e_demand,2030,106,1,1,0.04817605499057399
2522,e_demand,2030,106,2,2,0.04817605499057399
2523,e_demand,2030,106,3,3,0.04817605499057399
2524,e_demand,2030,106,4,4,0.04817605499057399
2525,e_demand,2030,106,5,5,0.04817605499057399
2526,e_demand,2030,106,6,6,0.04817605499057399
2527,e_demand,2030,106,7,7,0.04817605499057399
2528,e_demand,2030,106,8,8,0.04817605499057399
2529,e_demand,2030,106,9,9,0.04817605499057399
2530,e_demand,2030,106,10,10,0.048176054990574
2531,e_demand,2030,106,11,11,0.048176054990574
2532,e_demand,2030,106,12,12,0.048176054990574
2533,e_demand,2030,106,13,13,0.048176054990574
2534,e_demand,2030,106,14,14,0.048176054990574
2535,e_demand,2030,106,15,15,0.048176054990574
2536,e_demand,2030,106,16,16,0.048176054990574
2537,e_demand,2030,106,17,17,0.04817605499057399
2538,e_demand,2030,106,18,18,0.04817605499057399
2539,e_demand,2030,106,19,19,0.04817605499057399
2540,e_demand,2030,106,20,20,0.04817605499057399
2541,e_demand,2030,106,21,21,0.04817605499057399
2542,e_demand,2030,106,22,22,0.04817605499057399
2543,e_demand,2030,106,23,23,0.04817605499057399
2544,e_demand,2030,106,24,24,0.04817605499057399
2545,e_demand,2030,107,1,1,0.0630125428168299
2546,e_demand,2030,107,2,2,0.06301254281682991
2547,e_demand,2030,107,3,3,0.06301254281682991
2548,e_demand,2030,107,4,4,0.06301254281682991
2549,e_demand,2030,107,5,5,0.06301254281682991
2550,e_demand,2030,107,6,6,0.06301254281682991
2551,e_demand,2030,107,7,7,0.06301254281682991
2552,e_demand,2030,107,8,8,0.06301254281682991
2553,e_demand,2030,107,9,9,0.06301254281682991
2554,e_demand,2030,107,10,10,0.06301254281682991
2555,e_demand,2030,107,11,11,0.06301254281682991
2556,e_demand,2030,107,12,12,0.06301254281682991
2557,e_demand,2030,107,13,13,0.06301254281682991
2558,e_demand,2030,107,14,14,0.06301254281682991
2559,e_demand,2030,107,15,15,0.0630125428168299
2560,e_demand,2030,107,16,16,0.06301254281682991
2561,e_demand,2030,107,17,17,0.06301254281682991
2562,e_demand,2030,107,18,18,0.06301254281682991
2563,e_demand,2030,107,19,19,0.06301254281682991
2564,e_demand,2030,107,20,20,0.06301254281682991
2565,e_demand,2030,107,21,21,0.06301254281682991
2566,e_demand,2030,107,22,22,0.06301254281682991
2567,e_demand,2030,107,23,23,0.06301254281682991
2568,e_demand,2030,107,24,24,0.06301254281682991
2569,e_demand,2030,108,1,1,0.024215340857513236
2570,e_demand,2030,108,2,2,0.024215340857513246
2571,e_demand,2030,108,3,3,0.024215340857513236
2572,e_demand,2030,108,4,4,0.024215340857513236
2573,e_demand,2030,108,5,5,0.024215340857513236
2574,e_demand,2030,108,6,6,0.024215340857513236
2575,e_demand,2030,108,7,7,0.024215340857513236
2576,e_demand,2030,108,8,8,0.024215340857513236
2577,e_demand,2030,108,9,9,0.024215340857513236
2578,e_demand,2030,108,10,10,0.024215340857513236
2579,e_demand,2030,108,11,11,0.024215340857513236
2580,e_demand,2030,108,12,12,0.024215340857513236
2581,e_demand,2030,108,13,13,0.024215340857513236
2582,e_demand,2030,108,14,14,0.024215340857513236
2583,e_demand,2030,108,15,15,0.024215340857513236
2584,e_demand,2030,108,16,16,0.024215340857513236
2585,e_demand,2030,108,17,17,0.024215340857513236
2586,e_demand,2030,108,18,18,0.024215340857513246
2587,e_demand,2030,108,19,19,0.024215340857513236
2588,e_demand,2030,108,20,20,0.024215340857513236
2589,e_demand,2030,108,21,21,0.024215340857513236
2590,e_demand,2030,108,22,22,0.024215340857513236
2591,e_demand,2030,108,23,23,0.024215340857513236
2592,e_demand,2030,108,24,24,0.024215340857513236
2593,e_demand,2030,109,1,1,0.038585516879723475
2594,e_demand,2030,109,2,2,0.03858551687972347
2595,e_demand,2030,109,3,3,0.03858551687972347
2596,e_demand,2030,109,4,4,0.03858551687972347
2597,e_demand,2030,109,5,5,0.03858551687972347
2598,e_demand,2030,109,6,6,0.03858551687972347
2599,e_demand,2030,109,7,7,0.03858551687972347
2600,e_demand,2030,109,8,8,0.03858551687972347
2601,e_demand,2030,109,9,9,0.038585516879723475
2602,e_demand,2030,109,10,10,0.03858551687972347
2603,e_demand,2030,109,11,11,0.038585516879723475
2604,e_demand,2030,109,12,12,0.03858551687972347
2605,e_demand,2030,109,13,13,0.03858551687972347
2606,e_demand,2030,109,14,14,0.03858551687972347
2607,e_demand,2030,109,15,15,0.03858551687972347
2608,e_demand,2030,109,16,16,0.03858551687972347
2609,e_demand,2030,109,17,17,0.03858551687972347
2610,e_demand,2030,109,18,18,0.03858551687972347
2611,e_demand,2030,109,19,19,0.03858551687972347
2612,e_demand,2030,109,20,20,0.03858551687972347
2613,e_demand,2030,109,21,21,0.03858551687972347
2614,e_demand,2030,109,22,22,0.03858551687972347
2615,e_demand,2030,109,23,23,0.03858551687972347
2616,e_demand,2030,109,24,24,0.03858551687972347
2617,e_demand,2030,110,1,1,0.058197241228746324
2618,e_demand,2030,110,2,2,0.05819724122874631
2619,e_demand,2030,110,3,3,0.05819724122874631
2620,e_demand,2030,110,4,4,0.05819724122874631
2621,e_demand,2030,110,5,5,0.05819724122874631
2622,e_demand,2030,110,6,6,0.05819724122874631
2623,e_demand,2030,110,7,7,0.05819724122874631
2624,e_demand,2030,110,8,8,0.05819724122874631
2625,e_demand,2030,110,9,9,0.058197241228746324
2626,e_demand,2030,110,10,10,0.058197241228746324
2627,e_demand,2030,110,11,11,0.058197241228746324
2628,e_demand,2030,110,12,12,0.058197241228746324
2629,e_demand,2030,110,13,13,0.05819724122874631
2630,e_demand,2030,110,14,14,0.05819724122874631
2631,e_demand,2030,110,15,15,0.05819724122874631
2632,e_demand,2030,110,16,16,0.05819724122874631
2633,e_demand,2030,110,17,17,0.05819724122874631
2634,e_demand,2030,110,18,18,0.05819724122874631
2635,e_demand,2030,110,19,19,0.05819724122874631
2636,e_demand,2030,110,20,20,0.05819724122874631
2637,e_demand,2030,110,21,21,0.05819724122874631
2638,e_demand,2030,110,22,22,0.05819724122874631
2639,e_demand,2030,110,23,23,0.05819724122874631
2640,e_demand,2030,110,24,24,0.05819724122874631
2641,e_demand,2030,111,1,1,0.19373928003133073
2642,e_demand,2030,111,2,2,0.19373928003133073
2643,e_demand,2030,111,3,3,0.19373928003133073
2644,e_demand,2030,111,4,4,0.19373928003133073
2645,e_demand,2030,111,5,5,0.19373928003133073
2646,e_demand,2030,111,6,6,0.19373928003133073
2647,e_demand,2030,111,7,7,0.19373928003133073
2648,e_demand,2030,111,8,8,0.19373928003133073
2649,e_demand,2030,111,9,9,0.19373928003133073
2650,e_demand,2030,111,10,10,0.19373928003133073
2651,e_demand,2030,111,11,11,0.19373928003133073
2652,e_demand,2030,111,12,12,0.19373928003133073
2653,e_demand,2030,111,13,13,0.19373928003133073
2654,e_demand,2030,111,14,14,0.19373928003133073
2655,e_demand,2030,111,15,15,0.19373928003133073
2656,e_demand,2030,111,16,16,0.19373928003133073
2657,e_demand,2030,111,17,17,0.19373928003133073
2658,e_demand,2030,111,18,18,0.19373928003133073
2659,e_demand,2030,111,19,19,0.19373928003133073
2660,e_demand,2030,111,20,20,0.19373928003133073
2661,e_demand,2030,111,21,21,0.19373928003133073
2662,e_demand,2030,111,22,22,0.19373928003133073
2663,e_demand,2030,111,23,23,0.19373928003133073
2664,e_demand,2030,111,24,24,0.19373928003133073
2665,e_demand,2030,112,1,1,0.036997891803387306
2666,e_demand,2030,112,2,2,0.036997891803387306
2667,e_demand,2030,112,3,3,0.036997891803387306
2668,e_demand,2030,112,4,4,0.036997891803387285
2669,e_demand,2030,112,5,5,0.036997891803387306
2670,e_demand,2030,112,6,6,0.036997891803387285
2671,e_demand,2030,112,7,7,0.036997891803387285
2672,e_demand,2030,112,8,8,0.036997891803387306
2673,e_demand,2030,112,9,9,0.036997891803387306
2674,e_demand,2030,112,10,10,0.036997891803387285
2675,e_demand,2030,112,11,11,0.036997891803387306
2676,e_demand,2030,112,12,12,0.036997891803387306
2677,e_demand,2030,112,13,13,0.036997891803387306
2678,e_demand,2030,112,14,14,0.036997891803387306
2679,e_demand,2030,112,15,15,0.036997891803387306
2680,e_demand,2030,112,16,16,0.036997891803387285
2681,e_demand,2030,112,17,17,0.036997891803387285
2682,e_demand,2030,112,18,18,0.036997891803387285
2683,e_demand,2030,112,19,19,0.036997891803387285
2684,e_demand,2030,112,20,20,0.036997891803387285
2685,e_demand,2030,112,21,21,0.036997891803387285
2686,e_demand,2030,112,22,22,0.036997891803387285
2687,e_demand,2030,112,23,23,0.036997891803387285
2688,e_demand,2030,112,24,24,0.036997891803387285
2689,e_demand,2030,113,1,1,0.027535603596966954
2690,e_demand,2030,113,2,2,0.02753560359696694
2691,e_demand,2030,113,3,3,0.02753560359696694
2692,e_demand,2030,113,4,4,0.02753560359696694
2693,e_demand,2030,113,5,5,0.02753560359696694
2694,e_demand,2030,113,6,6,0.0011014241438786776
2695,e_demand,2030,113,7,7,0.02753560359696694
2696,e_demand,2030,113,8,8,0.02753560359696694
2697,e_demand,2030,113,9,9,0.027535603596966954
2698,e_demand,2030,113,10,10,0.02753560359696694
2699,e_demand,2030,113,11,11,0.02753560359696694
2700,e_demand,2030,113,12,12,0.02753560359696694
2701,e_demand,2030,113,13,13,0.02753560359696694
2702,e_demand,2030,113,14,14,0.02753560359696694
2703,e_demand,2030,113,15,15,0.02753560359696694
2704,e_demand,2030,113,16,16,0.02753560359696694
2705,e_demand,2030,113,17,17,0.02753560359696694
2706,e_demand,2030,113,18,18,0.02753560359696694
2707,e_demand,2030,113,19,19,0.02753560359696694
2708,e_demand,2030,113,20,20,0.027535603596966954
2709,e_demand,2030,113,21,21,0.02753560359696694
2710,e_demand,2030,113,22,22,0.02753560359696694
2711,e_demand,2030,113,23,23,0.02753560359696694
2712,e_demand,2030,113,24,24,0.02753560359696694
2713,e_demand,2030,114,1,1,0.054110399369589265
2714,e_demand,2030,114,2,2,0.05411039936958923
2715,e_demand,2030,114,3,3,0.05411039936958923
2716,e_demand,2030,114,4,4,0.05411039936958923
2717,e_demand,2030,114,5,5,0.05411039936958923
2718,e_demand,2030,114,6,6,0.05411039936958923
2719,e_demand,2030,114,7,7,0.05411039936958923
2720,e_demand,2030,114,8,8,0.05411039936958923
2721,e_demand,2030,114,9,9,0.05411039936958923
2722,e_demand,2030,114,10,10,0.05411039936958923
2723,e_demand,2030,114,11,11,0.05411039936958923
2724,e_demand,2030,114,12,12,0.05411039936958923
2725,e_demand,2030,114,13,13,0.05411039936958923
2726,e_demand,2030,114,14,14,0.05411039936958923
2727,e_demand,2030,114,15,15,0.05411039936958923
2728,e_demand,2030,114,16,16,0.054110399369589265
2729,e_demand,2030,114,17,17,0.05411039936958923
2730,e_demand,2030,114,18,18,0.05411039936958923
2731,e_demand,2030,114,19,19,0.05411039936958923
2732,e_demand,2030,114,20,20,0.05411039936958923
2733,e_demand,2030,114,21,21,0.05411039936958923
2734,e_demand,2030,114,22,22,0.05411039936958923
2735,e_demand,2030,114,23,23,0.05411039936958923
2736,e_demand,2030,114,24,24,0.05411039936958923
2737,e_demand,2030,115,1,1,0.12814662152621045
2738,e_demand,2030,115,2,2,0.12814662152621045
2739,e_demand,2030,115,3,3,0.12814662152621045
2740,e_demand,2030,115,4,4,0.12814662152621045
2741,e_demand,2030,115,5,5,0.12814662152621045
2742,e_demand,2030,115,6,6,0.12814662152621045
2743,e_demand,2030,115,7,7,0.12814662152621045
2744,e_demand,2030,115,8,8,0.12814662152621045
2745,e_demand,2030,115,9,9,0.12814662152621045
2746,e_demand,2030,115,10,10,0.12814662152621045
2747,e_demand,2030,115,11,11,0.12814662152621045
2748,e_demand,2030,115,12,12,0.12814662152621045
2749,e_demand,2030,115,13,13,0.12814662152621045
2750,e_demand,2030,115,14,14,0.12814662152621045
2751,e_demand,2030,115,15,15,0.12814662152621045
2752,e_demand,2030,115,16,16,0.12814662152621045
2753,e_demand,2030,115,17,17,0.12814662152621045
2754,e_demand,2030,115,18,18,0.12814662152621045
2755,e_demand,2030,115,19,19,0.12814662152621045
2756,e_demand,2030,115,20,20,0.12814662152621045
2757,e_demand,2030,115,21,21,0.12814662152621045
2758,e_demand,2030,115,22,22,0.12814662152621045
2759,e_demand,2030,115,23,23,0.12814662152621045
2760,e_demand,2030,115,24,24,0.12814662152621045
2761,e_demand,2030,116,1,1,0.06208113804186252
2762,e_demand,2030,116,2,2,0.06208113804186252
2763,e_demand,2030,116,3,3,0.06208113804186252
2764,e_demand,2030,116,4,4,0.06208113804186252
2765,e_demand,2030,116,5,5,0.06208113804186252
2766,e_demand,2030,116,6,6,0.06208113804186252
2767,e_demand,2030,116,7,7,0.06208113804186252
2768,e_demand,2030,116,8,8,0.06208113804186252
2769,e_demand,2030,116,9,9,0.06208113804186252
2770,e_demand,2030,116,10,10,0.06208113804186252
2771,e_demand,2030,116,11,11,0.06208113804186252
2772,e_demand,2030,116,12,12,0.06208113804186252
2773,e_demand,2030,116,13,13,0.06208113804186252
2774,e_demand,2030,116,14,14,0.06208113804186252
2775,e_demand,2030,116,15,15,0.06208113804186252
2776,e_demand,2030,116,16,16,0.06208113804186252
2777,e_demand,2030,116,17,17,0.06208113804186252
2778,e_demand,2030,116,18,18,0.06208113804186252
2779,e_demand,2030,116,19,19,0.06208113804186252
2780,e_demand,2030,116,20,20,0.06208113804186252
2781,e_demand,2030,116,21,21,0.06208113804186252
2782,e_demand,2030,116,22,22,0.06208113804186252
2783,e_demand,2030,116,23,23,0.06208113804186252
2784,e_demand,2030,116,24,24,0.06208113804186252
2785,e_demand,2030,117,1,1,0.06902315466418228
2786,e_demand,2030,117,2,2,0.06902315466418228
2787,e_demand,2030,117,3,3,0.06902315466418228
2788,e_demand,2030,117,4,4,0.06902315466418228
2789,e_demand,2030,117,5,5,0.06902315466418228
2790,e_demand,2030,117,6,6,0.06902315466418228
2791,e_demand,2030,117,7,7,0.06902315466418228
2792,e_demand,2030,117,8,8,0.06902315466418228
2793,e_demand,2030,117,9,9,0.06902315466418231
2794,e_demand,2030,117,10,10,0.06902315466418228
2795,e_demand,2030,117,11,11,0.06902315466418231
2796,e_demand,2030,117,12,12,0.06902315466418231
2797,e_demand,2030,117,13,13,0.06902315466418231
2798,e_demand,2030,117,14,14,0.06902315466418231
2799,e_demand,2030,117,15,15,0.06902315466418231
2800,e_demand,2030,117,16,16,0.06902315466418231
2801,e_demand,2030,117,17,17,0.06902315466418228
2802,e_demand,2030,117,18,18,0.06902315466418228
2803,e_demand,2030,117,19,19,0.06902315466418228
2804,e_demand,2030,117,20,20,0.06902315466418228
2805,e_demand,2030,117,21,21,0.06902315466418228
2806,e_demand,2030,117,22,22,0.06902315466418228
2807,e_demand,2030,117,23,23,0.06902315466418228
2808,e_demand,2030,117,24,24,0.06902315466418228
2809,e_demand,2030,118,1,1,0.11652907445615579
2810,e_demand,2030,118,2,2,0.11652907445615573
2811,e_demand,2030,118,3,3,0.11652907445615573
2812,e_demand,2030,118,4,4,0.11652907445615573
2813,e_demand,2030,118,5,5,0.11652907445615573
2814,e_demand,2030,118,6,6,0.11652907445615573
2815,e_demand,2030,118,7,7,0.11652907445615573
2816,e_demand,2030,118,8,8,0.11652907445615573
2817,e_demand,2030,118,9,9,0.11652907445615573
2818,e_demand,2030,118,10,10,0.11652907445615573
2819,e_demand,2030,118,11,11,0.11652907445615573
2820,e_demand,2030,118,12,12,0.11652907445615573
2821,e_demand,2030,118,13,13,0.11652907445615573
2822,e_demand,2030,118,14,14,0.11652907445615573
2823,e_demand,2030,118,15,15,0.11652907445615573
2824,e_demand,2030,118,16,16,0.11652907445615573
2825,e_demand,2030,118,17,17,0.11652907445615573
2826,e_demand,2030,118,18,18,0.11652907445615573
2827,e_demand,2030,118,19,19,0.11652907445615573
2828,e_demand,2030,118,20,20,0.11652907445615573
2829,e_demand,2030,118,21,21,0.11652907445615573
2830,e_demand,2030,118,22,22,0.11652907445615573
2831,e_demand,2030,118,23,23,0.11652907445615573
2832,e_demand,2030,118,24,24,0.11652907445615573
2833,e_demand,2030,119,1,1,0.02721100014626027
2834,e_demand,2030,119,2,2,0.02721100014626026
2835,e_demand,2030,119,3,3,0.02721100014626026
2836,e_demand,2030,119,4,4,0.02721100014626026
2837,e_demand,2030,119,5,5,0.02721100014626026
2838,e_demand,2030,119,6,6,0.02721100014626026
2839,e_demand,2030,119,7,7,0.02721100014626026
2840,e_demand,2030,119,8,8,0.02721100014626027
2841,e_demand,2030,119,9,9,0.02721100014626026
2842,e_demand,2030,119,10,10,0.02721100014626026
2843,e_demand,2030,119,11,11,0.02721100014626026
2844,e_demand,2030,119,12,12,0.02721100014626026
2845,e_demand,2030,119,13,13,0.02721100014626026
2846,e_demand,2030,119,14,14,0.02721100014626026
2847,e_demand,2030,119,15,15,0.02721100014626026
2848,e_demand,2030,119,16,16,0.02721100014626026
2849,e_demand,2030,119,17,17,0.02721100014626026
2850,e_demand,2030,119,18,18,0.02721100014626026
2851,e_demand,2030,119,19,19,0.02721100014626026
2852,e_demand,2030,119,20,20,0.02721100014626026
2853,e_demand,2030,119,21,21,0.02721100014626026
2854,e_demand,2030,119,22,22,0.02721100014626026
2855,e_demand,2030,119,23,23,0.02721100014626026
2856,e_demand,2030,119,24,24,0.02721100014626026
2857,e_demand,2030,120,1,1,0.04054216528490103
2858,e_demand,2030,120,2,2,0.040542165284901004
2859,e_demand,2030,120,3,3,0.040542165284901004
2860,e_demand,2030,120,4,4,0.04054216528490103
2861,e_demand,2030,120,5,5,0.040542165284901004
2862,e_demand,2030,120,6,6,0.040542165284901004
2863,e_demand,2030,120,7,7,0.040542165284901004
2864,e_demand,2030,120,8,8,0.04054216528490103
2865,e_demand,2030,120,9,9,0.040542165284901004
2866,e_demand,2030,120,10,10,0.040542165284901004
2867,e_demand,2030,120,11,11,0.040542165284901004
2868,e_demand,2030,120,12,12,0.04054216528490103
2869,e_demand,2030,120,13,13,0.040542165284901004
2870,e_demand,2030,120,14,14,0.040542165284901004
2871,e_demand,2030,120,15,15,0.040542165284901004
2872,e_demand,2030,120,16,16,0.040542165284901004
2873,e_demand,2030,120,17,17,0.040542165284901004
2874,e_demand,2030,120,18,18,0.040542165284901004
2875,e_demand,2030,120,19,19,0.040542165284901004
2876,e_demand,2030,120,20,20,0.040542165284901004
2877,e_demand,2030,120,21,21,0.040542165284901004
2878,e_demand,2030,120,22,22,0.040542165284901004
2879,e_demand,2030,120,23,23,0.04054216528490103
2880,e_demand,2030,120,24,24,0.040542165284901004
2881,e_demand,2030,121,1,1,0.10334621950697306
2882,e_demand,2030,121,2,2,0.10334621950697304
2883,e_demand,2030,121,3,3,0.004133848780278921
2884,e_demand,2030,121,4,4,0.004133848780278921
2885,e_demand,2030,121,5,5,0.004133848780278921
2886,e_demand,2030,121,6,6,0.004133848780278921
2887,e_demand,2030,121,7,7,0.004133848780278921
2888,e_demand,2030,121,8,8,0.004133848780278921
2889,e_demand,2030,121,9,9,0.004133848780278921
2890,e_demand,2030,121,10,10,0.10334621950697304
2891,e_demand,2030,121,11,11,0.10334621950697304
2892,e_demand,2030,121,12,12,0.10334621950697304
2893,e_demand,2030,121,13,13,0.10334621950697304
2894,e_demand,2030,121,14,14,0.10334621950697304
2895,e_demand,2030,121,15,15,0.10334621950697304
2896,e_demand,2030,121,16,16,0.10334621950697304
2897,e_demand,2030,121,17,17,0.10334621950697304
2898,e_demand,2030,121,18,18,0.10334621950697304
2899,e_demand,2030,121,19,19,0.10334621950697304
2900,e_demand,2030,121,20,20,0.10334621950697304
2901,e_demand,2030,121,21,21,0.10334621950697304
2902,e_demand,2030,121,22,22,0.004133848780278921
2903,e_demand,2030,121,23,23,0.004133848780278921
2904,e_demand,2030,121,24,24,0.004133848780278921
2905,e_demand,2030,122,1,1,0.05734180988136725
2906,e_demand,2030,122,2,2,0.05734180988136721
2907,e_demand,2030,122,3,3,0.05734180988136721
2908,e_demand,2030,122,4,4,0.05734180988136721
2909,e_demand,2030,122,5,5,0.05734180988136721
2910,e_demand,2030,122,6,6,0.05734180988136721
2911,e_demand,2030,122,7,7,0.05734180988136725
2912,e_demand,2030,122,8,8,0.05734180988136721
2913,e_demand,2030,122,9,9,0.05734180988136721
2914,e_demand,2030,122,10,10,0.05734180988136721
2915,e_demand,2030,122,11,11,0.05734180988136721
2916,e_demand,2030,122,12,12,0.05734180988136721
2917,e_demand,2030,122,13,13,0.05734180988136721
2918,e_demand,2030,122,14,14,0.05734180988136721
2919,e_demand,2030,122,15,15,0.05734180988136721
2920,e_demand,2030,122,16,16,0.05734180988136721
2921,e_demand,2030,122,17,17,0.05734180988136721
2922,e_demand,2030,122,18,18,0.05734180988136721
2923,e_demand,2030,122,19,19,0.05734180988136721
2924,e_demand,2030,122,20,20,0.05734180988136721
2925,e_demand,2030,122,21,21,0.05734180988136721
2926,e_demand,2030,122,22,22,0.05734180988136721
2927,e_demand,2030,122,23,23,0.05734180988136721
2928,e_demand,2030,122,24,24,0.05734180988136721
2929,e_demand,2030,123,1,1,0.07327013777793309
2930,e_demand,2030,123,2,2,0.07327013777793308
2931,e_demand,2030,123,3,3,0.07327013777793308
2932,e_demand,2030,123,4,4,0.07327013777793308
2933,e_demand,2030,123,5,5,0.07327013777793308
2934,e_demand,2030,123,6,6,0.07327013777793308
2935,e_demand,2030,123,7,7,0.07327013777793308
2936,e_demand,2030,123,8,8,0.07327013777793308
2937,e_demand,2030,123,9,9,0.07327013777793308
2938,e_demand,2030,123,10,10,0.07327013777793308
2939,e_demand,2030,123,11,11,0.07327013777793308
2940,e_demand,2030,123,12,12,0.07327013777793308
2941,e_demand,2030,123,13,13,0.07327013777793308
2942,e_demand,2030,123,14,14,0.07327013777793308
2943,e_demand,2030,123,15,15,0.07327013777793308
2944,e_demand,2030,123,16,16,0.07327013777793308
2945,e_demand,2030,123,17,17,0.07327013777793308
2946,e_demand,2030,123,18,18,0.07327013777793308
2947,e_demand,2030,123,19,19,0.07327013777793308
2948,e_demand,2030,123,20,20,0.07327013777793308
2949,e_demand,2030,123,21,21,0.07327013777793308
2950,e_demand,2030,123,22,22,0.07327013777793308
2951,e_demand,2030,123,23,23,0.07327013777793308
2952,e_demand,2030,123,24,24,0.07327013777793308
2953,e_demand,2030,124,1,1,0.02809162315555817
2954,e_demand,2030,124,2,2,0.02809162315555817
2955,e_demand,2030,124,3,3,0.02809162315555817
2956,e_demand,2030,124,4,4,0.02809162315555817
2957,e_demand,2030,124,5,5,0.028091623155558187
2958,e_demand,2030,124,6,6,0.02809162315555817
2959,e_demand,2030,124,7,7,0.02809162315555817
2960,e_demand,2030,124,8,8,0.02809162315555817
2961,e_demand,2030,124,9,9,0.02809162315555817
2962,e_demand,2030,124,10,10,0.028091623155558187
2963,e_demand,2030,124,11,11,0.02809162315555817
2964,e_demand,2030,124,12,12,0.028091623155558187
2965,e_demand,2030,124,13,13,0.02809162315555817
2966,e_demand,2030,124,14,14,0.02809162315555817
2967,e_demand,2030,124,15,15,0.02809162315555817
2968,e_demand,2030,124,16,16,0.02809162315555817
2969,e_demand,2030,124,17,17,0.02809162315555817
2970,e_demand,2030,124,18,18,0.02809162315555817
2971,e_demand,2030,124,19,19,0.02809162315555817
2972,e_demand,2030,124,20,20,0.028091623155558187
2973,e_demand,2030,124,21,21,0.02809162315555817
2974,e_demand,2030,124,22,22,0.02809162315555817
2975,e_demand,2030,124,23,23,0.02809162315555817
2976,e_demand,2030,124,24,24,0.02809162315555817
2977,e_demand,2030,125,1,1,0.04311740256486014
2978,e_demand,2030,125,2,2,0.043117402564860144
2979,e_demand,2030,125,3,3,0.043117402564860144
2980,e_demand,2030,125,4,4,0.043117402564860144
2981,e_demand,2030,125,5,5,0.043117402564860144
2982,e_demand,2030,125,6,6,0.04311740256486014
2983,e_demand,2030,125,7,7,0.043117402564860144
2984,e_demand,2030,125,8,8,0.043117402564860144
2985,e_demand,2030,125,9,9,0.043117402564860144
2986,e_demand,2030,125,10,10,0.043117402564860144
2987,e_demand,2030,125,11,11,0.04311740256486014
2988,e_demand,2030,125,12,12,0.043117402564860144
2989,e_demand,2030,125,13,13,0.043117402564860144
2990,e_demand,2030,125,14,14,0.043117402564860144
2991,e_demand,2030,125,15,15,0.043117402564860144
2992,e_demand,2030,125,16,16,0.04311740256486014
2993,e_demand,2030,125,17,17,0.043117402564860144
2994,e_demand,2030,125,18,18,0.043117402564860144
2995,e_demand,2030,125,19,19,0.043117402564860144
2996,e_demand,2030,125,20,20,0.043117402564860144
2997,e_demand,2030,125,21,21,0.043117402564860144
2998,e_demand,2030,125,22,22,0.043117402564860144
2999,e_demand,2030,125,23,23,0.043117402564860144
3000,e_demand,2030,125,24,24,0.043117402564860144
3001,e_demand,2030,126,1,1,0.1943545944706583
3002,e_demand,2030,126,2,2,0.1943545944706583
3003,e_demand,2030,126,3,3,0.1943545944706583
3004,e_demand,2030,126,4,4,0.1943545944706583
3005,e_demand,2030,126,5,5,0.1943545944706583
3006,e_demand,2030,126,6,6,0.1943545944706583
3007,e_demand,2030,126,7,7,0.1943545944706583
3008,e_demand,2030,126,8,8,0.1943545944706583
3009,e_demand,2030,126,9,9,0.1943545944706583
3010,e_demand,2030,126,10,10,0.1943545944706583
3011,e_demand,2030,126,11,11,0.1943545944706583
3012,e_demand,2030,126,12,12,0.1943545944706583
3013,e_demand,2030,126,13,13,0.1943545944706583
3014,e_demand,2030,126,14,14,0.1943545944706583
3015,e_demand,2030,126,15,15,0.1943545944706583
3016,e_demand,2030,126,16,16,0.1943545944706583
3017,e_demand,2030,126,17,17,0.1943545944706583
3018,e_demand,2030,126,18,18,0.1943545944706583
3019,e_demand,2030,126,19,19,0.1943545944706583
3020,e_demand,2030,126,20,20,0.1943545944706583
3021,e_demand,2030,126,21,21,0.1943545944706583
3022,e_demand,2030,126,22,22,0.1943545944706583
3023,e_demand,2030,126,23,23,0.1943545944706583
3024,e_demand,2030,126,24,24,0.1943545944706583
3025,e_demand,2030,127,1,1,0.024098705695046917
3026,e_demand,2030,127,2,2,0.024098705695046917
3027,e_demand,2030,127,3,3,0.024098705695046917
3028,e_demand,2030,127,4,4,0.024098705695046917
3029,e_demand,2030,127,5,5,0.024098705695046917
3030,e_demand,2030,127,6,6,0.024098705695046917
3031,e_demand,2030,127,7,7,0.024098705695046917
3032,e_demand,2030,127,8,8,0.024098705695046917
3033,e_demand,2030,127,9,9,0.024098705695046917
3034,e_demand,2030,127,10,10,0.024098705695046917
3035,e_demand,2030,127,11,11,0.024098705695046928
3036,e_demand,2030,127,12,12,0.024098705695046928
3037,e_demand,2030,127,13,13,0.024098705695046917
3038,e_demand,2030,127,14,14,0.024098705695046928
3039,e_demand,2030,127,15,15,0.024098705695046917
3040,e_demand,2030,127,16,16,0.024098705695046917
3041,e_demand,2030,127,17,17,0.024098705695046917
3042,e_demand,2030,127,18,18,0.024098705695046917
3043,e_demand,2030,127,19,19,0.024098705695046917
3044,e_demand,2030,127,20,20,0.024098705695046917
3045,e_demand,2030,127,21,21,0.024098705695046928
3046,e_demand,2030,127,22,22,0.024098705695046928
3047,e_demand,2030,127,23,23,0.024098705695046928
3048,e_demand,2030,127,24,24,0.024098705695046917
3049,e_demand,2030,128,1,1,0.0032452682561229613
3050,e_demand,2030,128,2,2,0.0032452682561229613
3051,e_demand,2030,128,3,3,0.0032452682561229613
3052,e_demand,2030,128,4,4,0.0032452682561229613
3053,e_demand,2030,128,5,5,0.0032452682561229613
3054,e_demand,2030,128,6,6,0.0032452682561229613
3055,e_demand,2030,128,7,7,0.0032452682561229613
3056,e_demand,2030,128,8,8,0.0811317064030741
3057,e_demand,2030,128,9,9,0.0811317064030741
3058,e_demand,2030,128,10,10,0.08113170640307404
3059,e_demand,2030,128,11,11,0.08113170640307404
3060,e_demand,2030,128,12,12,0.08113170640307404
3061,e_demand,2030,128,13,13,0.08113170640307404
3062,e_demand,2030,128,14,14,0.08113170640307404
3063,e_demand,2030,128,15,15,0.08113170640307404
3064,e_demand,2030,128,16,16,0.0811317064030741
3065,e_demand,2030,128,17,17,0.08113170640307404
3066,e_demand,2030,128,18,18,0.0032452682561229613
3067,e_demand,2030,128,19,19,0.0032452682561229613
3068,e_demand,2030,128,20,20,0.0032452682561229613
3069,e_demand,2030,128,21,21,0.0032452682561229613
3070,e_demand,2030,128,22,22,0.0032452682561229613
3071,e_demand,2030,128,23,23,0.0032452682561229613
3072,e_demand,2030,128,24,24,0.0032452682561229613
3073,e_demand,2030,129,1,1,0.03968143009803018
3074,e_demand,2030,129,2,2,0.03968143009803016
3075,e_demand,2030,129,3,3,0.03968143009803016
3076,e_demand,2030,129,4,4,0.03968143009803016
3077,e_demand,2030,129,5,5,0.03968143009803016
3078,e_demand,2030,129,6,6,0.03968143009803016
3079,e_demand,2030,129,7,7,0.03968143009803016
3080,e_demand,2030,129,8,8,0.03968143009803016
3081,e_demand,2030,129,9,9,0.03968143009803016
3082,e_demand,2030,129,10,10,0.03968143009803016
3083,e_demand,2030,129,11,11,0.03968143009803016
3084,e_demand,2030,129,12,12,0.03968143009803016
3085,e_demand,2030,129,13,13,0.03968143009803016
3086,e_demand,2030,129,14,14,0.03968143009803016
3087,e_demand,2030,129,15,15,0.03968143009803016
3088,e_demand,2030,129,16,16,0.03968143009803018
3089,e_demand,2030,129,17,17,0.03968143009803016
3090,e_demand,2030,129,18,18,0.03968143009803016
3091,e_demand,2030,129,19,19,0.03968143009803016
3092,e_demand,2030,129,20,20,0.03968143009803016
3093,e_demand,2030,129,21,21,0.03968143009803016
3094,e_demand,2030,129,22,22,0.03968143009803016
3095,e_demand,2030,129,23,23,0.03968143009803016
3096,e_demand,2030,129,24,24,0.03968143009803016
3097,e_demand,2030,130,1,1,0.03508432367352604
3098,e_demand,2030,130,2,2,0.035084323673526034
3099,e_demand,2030,130,3,3,0.035084323673526034
3100,e_demand,2030,130,4,4,0.035084323673526034
3101,e_demand,2030,130,5,5,0.035084323673526034
3102,e_demand,2030,130,6,6,0.035084323673526034
3103,e_demand,2030,130,7,7,0.035084323673526034
3104,e_demand,2030,130,8,8,0.035084323673526034
3105,e_demand,2030,130,9,9,0.035084323673526034
3106,e_demand,2030,130,10,10,0.035084323673526034
3107,e_demand,2030,130,11,11,0.03508432367352604
3108,e_demand,2030,130,12,12,0.035084323673526034
3109,e_demand,2030,130,13,13,0.035084323673526034
3110,e_demand,2030,130,14,14,0.035084323673526034
3111,e_demand,2030,130,15,15,0.035084323673526034
3112,e_demand,2030,130,16,16,0.035084323673526034
3113,e_demand,2030,130,17,17,0.035084323673526034
3114,e_demand,2030,130,18,18,0.03508432367352604
3115,e_demand,2030,130,19,19,0.035084323673526034
3116,e_demand,2030,130,20,20,0.035084323673526034
3117,e_demand,2030,130,21,21,0.035084323673526034
3118,e_demand,2030,130,22,22,0.035084323673526034
3119,e_demand,2030,130,23,23,0.035084323673526034
3120,e_demand,2030,130,24,24,0.035084323673526034
3121,e_demand,2030,131,1,1,0.04318436874375891
3122,e_demand,2030,131,2,2,0.0431843687437589
3123,e_demand,2030,131,3,3,0.0431843687437589
3124,e_demand,2030,131,4,4,0.0431843687437589
3125,e_demand,2030,131,5,5,0.0431843687437589
3126,e_demand,2030,131,6,6,0.0431843687437589
3127,e_demand,2030,131,7,7,0.0431843687437589
3128,e_demand,2030,131,8,8,0.0431843687437589
3129,e_demand,2030,131,9,9,0.0431843687437589
3130,e_demand,2030,131,10,10,0.0431843687437589
3131,e_demand,2030,131,11,11,0.0431843687437589
3132,e_demand,2030,131,12,12,0.0431843687437589
3133,e_demand,2030,131,13,13,0.04318436874375891
3134,e_demand,2030,131,14,14,0.0431843687437589
3135,e_demand,2030,131,15,15,0.0431843687437589
3136,e_demand,2030,131,16,16,0.0431843687437589
3137,e_demand,2030,131,17,17,0.0431843687437589
3138,e_demand,2030,131,18,18,0.04318436874375891
3139,e_demand,2030,131,19,19,0.0431843687437589
3140,e_demand,2030,131,20,20,0.04318436874375891
3141,e_demand,2030,131,21,21,0.0431843687437589
3142,e_demand,2030,131,22,22,0.0431843687437589
3143,e_demand,2030,131,23,23,0.0431843687437589
3144,e_demand,2030,131,24,24,0.0431843687437589
3145,e_demand,2030,132,1,1,0.12313312315551822
3146,e_demand,2030,132,2,2,0.12313312315551812
3147,e_demand,2030,132,3,3,0.12313312315551812
3148,e_demand,2030,132,4,4,0.12313312315551812
3149,e_demand,2030,132,5,5,0.12313312315551812
3150,e_demand,2030,132,6,6,0.12313312315551812
3151,e_demand,2030,132,7,7,0.12313312315551812
3152,e_demand,2030,132,8,8,0.12313312315551812
3153,e_demand,2030,132,9,9,0.12313312315551812
3154,e_demand,2030,132,10,10,0.12313312315551822
3155,e_demand,2030,132,11,11,0.12313312315551812
3156,e_demand,2030,132,12,12,0.12313312315551812
3157,e_demand,2030,132,13,13,0.12313312315551812
3158,e_demand,2030,132,14,14,0.12313312315551812
3159,e_demand,2030,132,15,15,0.12313312315551812
3160,e_demand,2030,132,16,16,0.12313312315551812
3161,e_demand,2030,132,17,17,0.12313312315551812
3162,e_demand,2030,132,18,18,0.12313312315551812
3163,e_demand,2030,132,19,19,0.12313312315551812
3164,e_demand,2030,132,20,20,0.12313312315551812
3165,e_demand,2030,132,21,21,0.12313312315551812
3166,e_demand,2030,132,22,22,0.12313312315551812
3167,e_demand,2030,132,23,23,0.12313312315551812
3168,e_demand,2030,132,24,24,0.12313312315551812
3169,e_demand,2030,133,1,1,0.04329378827024983
3170,e_demand,2030,133,2,2,0.04329378827024983
3171,e_demand,2030,133,3,3,0.04329378827024983
3172,e_demand,2030,133,4,4,0.04329378827024983
3173,e_demand,2030,133,5,5,0.04329378827024983
3174,e_demand,2030,133,6,6,0.04329378827024983
3175,e_demand,2030,133,7,7,0.04329378827024983
3176,e_demand,2030,133,8,8,0.04329378827024983
3177,e_demand,2030,133,9,9,0.04329378827024983
3178,e_demand,2030,133,10,10,0.04329378827024983
3179,e_demand,2030,133,11,11,0.04329378827024983
3180,e_demand,2030,133,12,12,0.04329378827024983
3181,e_demand,2030,133,13,13,0.04329378827024983
3182,e_demand,2030,133,14,14,0.04329378827024983
3183,e_demand,2030,133,15,15,0.04329378827024983
3184,e_demand,2030,133,16,16,0.04329378827024983
3185,e_demand,2030,133,17,17,0.04329378827024983
3186,e_demand,2030,133,18,18,0.04329378827024983
3187,e_demand,2030,133,19,19,0.04329378827024983
3188,e_demand,2030,133,20,20,0.04329378827024983
3189,e_demand,2030,133,21,21,0.04329378827024983
3190,e_demand,2030,133,22,22,0.04329378827024983
3191,e_demand,2030,133,23,23,0.04329378827024983
3192,e_demand,2030,133,24,24,0.04329378827024983
3193,e_demand,2030,134,1,1,0.001019658895455327
3194,e_demand,2030,134,2,2,0.001019658895455327
3195,e_demand,2030,134,3,3,0.001019658895455327
3196,e_demand,2030,134,4,4,0.001019658895455327
3197,e_demand,2030,134,5,5,0.001019658895455327
3198,e_demand,2030,134,6,6,0.025491472386383177
3199,e_demand,2030,134,7,7,0.025491472386383173
3200,e_demand,2030,134,8,8,0.025491472386383173
3201,e_demand,2030,134,9,9,0.025491472386383173
3202,e_demand,2030,134,10,10,0.025491472386383173
3203,e_demand,2030,134,11,11,0.025491472386383177
3204,e_demand,2030,134,12,12,0.025491472386383173
3205,e_demand,2030,134,13,13,0.025491472386383173
3206,e_demand,2030,134,14,14,0.025491472386383177
3207,e_demand,2030,134,15,15,0.025491472386383173
3208,e_demand,2030,134,16,16,0.025491472386383173
3209,e_demand,2030,134,17,17,0.025491472386383173
3210,e_demand,2030,134,18,18,0.025491472386383173
3211,e_demand,2030,134,19,19,0.025491472386383173
3212,e_demand,2030,134,20,20,0.025491472386383177
3213,e_demand,2030,134,21,21,0.025491472386383173
3214,e_demand,2030,134,22,22,0.025491472386383173
3215,e_demand,2030,134,23,23,0.025491472386383173
3216,e_demand,2030,134,24,24,0.025491472386383173
3217,e_demand,2030,135,1,1,0.04279783337161339
3218,e_demand,2030,135,2,2,0.042797833371613386
3219,e_demand,2030,135,3,3,0.042797833371613386
3220,e_demand,2030,135,4,4,0.04279783337161339
3221,e_demand,2030,135,5,5,0.042797833371613386
3222,e_demand,2030,135,6,6,0.042797833371613386
3223,e_demand,2030,135,7,7,0.042797833371613386
3224,e_demand,2030,135,8,8,0.042797833371613386
3225,e_demand,2030,135,9,9,0.042797833371613386
3226,e_demand,2030,135,10,10,0.042797833371613386
3227,e_demand,2030,135,11,11,0.042797833371613386
3228,e_demand,2030,135,12,12,0.042797833371613386
3229,e_demand,2030,135,13,13,0.042797833371613386
3230,e_demand,2030,135,14,14,0.042797833371613386
3231,e_demand,2030,135,15,15,0.042797833371613386
3232,e_demand,2030,135,16,16,0.042797833371613386
3233,e_demand,2030,135,17,17,0.042797833371613386
3234,e_demand,2030,135,18,18,0.042797833371613386
3235,e_demand,2030,135,19,19,0.042797833371613386
3236,e_demand,2030,135,20,20,0.042797833371613386
3237,e_demand,2030,135,21,21,0.042797833371613386
3238,e_demand,2030,135,22,22,0.042797833371613386
3239,e_demand,2030,135,23,23,0.042797833371613386
3240,e_demand,2030,135,24,24,0.042797833371613386
3241,e_demand,2030,136,1,1,0.08750518480410929
3242,e_demand,2030,136,2,2,0.08750518480410927
3243,e_demand,2030,136,3,3,0.08750518480410927
3244,e_demand,2030,136,4,4,0.08750518480410927
3245,e_demand,2030,136,5,5,0.08750518480410927
3246,e_demand,2030,136,6,6,0.08750518480410927
3247,e_demand,2030,136,7,7,0.08750518480410927
3248,e_demand,2030,136,8,8,0.08750518480410927
3249,e_demand,2030,136,9,9,0.08750518480410927
3250,e_demand,2030,136,10,10,0.08750518480410927
3251,e_demand,2030,136,11,11,0.08750518480410927
3252,e_demand,2030,136,12,12,0.08750518480410927
3253,e_demand,2030,136,13,13,0.08750518480410927
3254,e_demand,2030,136,14,14,0.08750518480410927
3255,e_demand,2030,136,15,15,0.08750518480410927
3256,e_demand,2030,136,16,16,0.08750518480410927
3257,e_demand,2030,136,17,17,0.08750518480410927
3258,e_demand,2030,136,18,18,0.08750518480410927
3259,e_demand,2030,136,19,19,0.08750518480410927
3260,e_demand,2030,136,20,20,0.08750518480410927
3261,e_demand,2030,136,21,21,0.08750518480410927
3262,e_demand,2030,136,22,22,0.08750518480410927
3263,e_demand,2030,136,23,23,0.08750518480410927
3264,e_demand,2030,136,24,24,0.08750518480410927
3265,e_demand,2030,137,1,1,0.05675705340211841
3266,e_demand,2030,137,2,2,0.056757053402118375
3267,e_demand,2030,137,3,3,0.05675705340211841
3268,e_demand,2030,137,4,4,0.056757053402118375
3269,e_demand,2030,137,5,5,0.056757053402118375
3270,e_demand,2030,137,6,6,0.05675705340211841
3271,e_demand,2030,137,7,7,0.056757053402118375
3272,e_demand,2030,137,8,8,0.05675705340211841
3273,e_demand,2030,137,9,9,0.056757053402118375
3274,e_demand,2030,137,10,10,0.056757053402118375
3275,e_demand,2030,137,11,11,0.056757053402118375
3276,e_demand,2030,137,12,12,0.056757053402118375
3277,e_demand,2030,137,13,13,0.056757053402118375
3278,e_demand,2030,137,14,14,0.056757053402118375
3279,e_demand,2030,137,15,15,0.056757053402118375
3280,e_demand,2030,137,16,16,0.056757053402118375
3281,e_demand,2030,137,17,17,0.056757053402118375
3282,e_demand,2030,137,18,18,0.056757053402118375
3283,e_demand,2030,137,19,19,0.056757053402118375
3284,e_demand,2030,137,20,20,0.056757053402118375
3285,e_demand,2030,137,21,21,0.056757053402118375
3286,e_demand,2030,137,22,22,0.056757053402118375
3287,e_demand,2030,137,23,23,0.056757053402118375
3288,e_demand,2030,137,24,24,0.056757053402118375
3289,e_demand,2030,138,1,1,0.09188535982181578
3290,e_demand,2030,138,2,2,0.09188535982181574
3291,e_demand,2030,138,3,3,0.09188535982181574
3292,e_demand,2030,138,4,4,0.09188535982181574
3293,e_demand,2030,138,5,5,0.09188535982181574
3294,e_demand,2030,138,6,6,0.09188535982181574
3295,e_demand,2030,138,7,7,0.09188535982181574
3296,e_demand,2030,138,8,8,0.09188535982181574
3297,e_demand,2030,138,9,9,0.09188535982181578
3298,e_demand,2030,138,10,10,0.09188535982181574
3299,e_demand,2030,138,11,11,0.09188535982181574
3300,e_demand,2030,138,12,12,0.09188535982181574
3301,e_demand,2030,138,13,13,0.09188535982181574
3302,e_demand,2030,138,14,14,0.09188535982181574
3303,e_demand,2030,138,15,15,0.09188535982181574
3304,e_demand,2030,138,16,16,0.09188535982181574
3305,e_demand,2030,138,17,17,0.09188535982181574
3306,e_demand,2030,138,18,18,0.09188535982181574
3307,e_demand,2030,138,19,19,0.09188535982181574
3308,e_demand,2030,138,20,20,0.09188535982181574
3309,e_demand,2030,138,21,21,0.09188535982181574
3310,e_demand,2030,138,22,22,0.09188535982181578
3311,e_demand,2030,138,23,23,0.09188535982181574
3312,e_demand,2030,138,24,24,0.09188535982181574
3313,e_demand,2030,139,1,1,0.0015074956732645242
3314,e_demand,2030,139,2,2,0.0015074956732645242
3315,e_demand,2030,139,3,3,0.0015074956732645242
3316,e_demand,2030,139,4,4,0.0015074956732645242
3317,e_demand,2030,139,5,5,0.0015074956732645242
3318,e_demand,2030,139,6,6,0.0015074956732645242
3319,e_demand,2030,139,7,7,0.0015074956732645242
3320,e_demand,2030,139,8,8,0.0015074956732645242
3321,e_demand,2030,139,9,9,0.0015074956732645242
3322,e_demand,2030,139,10,10,0.0015074956732645242
3323,e_demand,2030,139,11,11,0.0015074956732645242
3324,e_demand,2030,139,12,12,0.03768739183161311
3325,e_demand,2030,139,13,13,0.03768739183161311
3326,e_demand,2030,139,14,14,0.0376873918316131
3327,e_demand,2030,139,15,15,0.03768739183161311
3328,e_demand,2030,139,16,16,0.0376873918316131
3329,e_demand,2030,139,17,17,0.03768739183161311
3330,e_demand,2030,139,18,18,0.0376873918316131
3331,e_demand,2030,139,19,19,0.0376873918316131
3332,e_demand,2030,139,20,20,0.0376873918316131
3333,e_demand,2030,139,21,21,0.0376873918316131
3334,e_demand,2030,139,22,22,0.0376873918316131
3335,e_demand,2030,139,23,23,0.0376873918316131
3336,e_demand,2030,139,24,24,0.0376873918316131
3337,e_demand,2030,140,1,1,0.06572024326507132
3338,e_demand,2030,140,2,2,0.06572024326507131
3339,e_demand,2030,140,3,3,0.06572024326507131
3340,e_demand,2030,140,4,4,0.06572024326507131
3341,e_demand,2030,140,5,5,0.06572024326507131
3342,e_demand,2030,140,6,6,0.06572024326507131
3343,e_demand,2030,140,7,7,0.06572024326507132
3344,e_demand,2030,140,8,8,0.06572024326507131
3345,e_demand,2030,140,9,9,0.06572024326507131
3346,e_demand,2030,140,10,10,0.06572024326507131
3347,e_demand,2030,140,11,11,0.06572024326507131
3348,e_demand,2030,140,12,12,0.06572024326507131
3349,e_demand,2030,140,13,13,0.06572024326507131
3350,e_demand,2030,140,14,14,0.06572024326507131
3351,e_demand,2030,140,15,15,0.06572024326507132
3352,e_demand,2030,140,16,16,0.06572024326507131
3353,e_demand,2030,140,17,17,0.06572024326507131
3354,e_demand,2030,140,18,18,0.06572024326507131
3355,e_demand,2030,140,19,19,0.06572024326507131
3356,e_demand,2030,140,20,20,0.06572024326507131
3357,e_demand,2030,140,21,21,0.06572024326507131
3358,e_demand,2030,140,22,22,0.0026288097306028523
3359,e_demand,2030,140,23,23,0.06572024326507131
3360,e_demand,2030,140,24,24,0.06572024326507131
3361,e_demand,2030,141,1,1,0.11898838532283981
3362,e_demand,2030,141,2,2,0.11898838532283973
3363,e_demand,2030,141,3,3,0.11898838532283973
3364,e_demand,2030,141,4,4,0.11898838532283973
3365,e_demand,2030,141,5,5,0.11898838532283973
3366,e_demand,2030,141,6,6,0.11898838532283973
3367,e_demand,2030,141,7,7,0.11898838532283973
3368,e_demand,2030,141,8,8,0.11898838532283973
3369,e_demand,2030,141,9,9,0.11898838532283973
3370,e_demand,2030,141,10,10,0.11898838532283973
3371,e_demand,2030,141,11,11,0.11898838532283973
3372,e_demand,2030,141,12,12,0.11898838532283973
3373,e_demand,2030,141,13,13,0.11898838532283973
3374,e_demand,2030,141,14,14,0.11898838532283973
3375,e_demand,2030,141,15,15,0.11898838532283973
3376,e_demand,2030,141,16,16,0.11898838532283973
3377,e_demand,2030,141,17,17,0.11898838532283973
3378,e_demand,2030,141,18,18,0.11898838532283973
3379,e_demand,2030,141,19,19,0.11898838532283973
3380,e_demand,2030,141,20,20,0.11898838532283973
3381,e_demand,2030,141,21,21,0.11898838532283973
3382,e_demand,2030,141,22,22,0.11898838532283973
3383,e_demand,2030,141,23,23,0.11898838532283973
3384,e_demand,2030,141,24,24,0.11898838532283973
3385,e_demand,2030,142,1,1,0.06338973791245334
3386,e_demand,2030,142,2,2,0.06338973791245334
3387,e_demand,2030,142,3,3,0.06338973791245331
3388,e_demand,2030,142,4,4,0.06338973791245331
3389,e_demand,2030,142,5,5,0.06338973791245331
3390,e_demand,2030,142,6,6,0.06338973791245331
3391,e_demand,2030,142,7,7,0.06338973791245331
3392,e_demand,2030,142,8,8,0.06338973791245331
3393,e_demand,2030,142,9,9,0.06338973791245331
3394,e_demand,2030,142,10,10,0.06338973791245331
3395,e_demand,2030,142,11,11,0.06338973791245331
3396,e_demand,2030,142,12,12,0.06338973791245331
3397,e_demand,2030,142,13,13,0.06338973791245331
3398,e_demand,2030,142,14,14,0.06338973791245331
3399,e_demand,2030,142,15,15,0.06338973791245331
3400,e_demand,2030,142,16,16,0.06338973791245331
3401,e_demand,2030,142,17,17,0.06338973791245331
3402,e_demand,2030,142,18,18,0.06338973791245331
3403,e_demand,2030,142,19,19,0.06338973791245331
3404,e_demand,2030,142,20,20,0.06338973791245331
3405,e_demand,2030,142,21,21,0.06338973791245331
3406,e_demand,2030,142,22,22,0.06338973791245331
3407,e_demand,2030,142,23,23,0.06338973791245331
3408,e_demand,2030,142,24,24,0.06338973791245331
3409,e_demand,2030,143,1,1,0.023551520004086654
3410,e_demand,2030,143,2,2,0.023551520004086654
3411,e_demand,2030,143,3,3,0.023551520004086647
3412,e_demand,2030,143,4,4,0.023551520004086647
3413,e_demand,2030,143,5,5,0.023551520004086647
3414,e_demand,2030,143,6,6,0.023551520004086647
3415,e_demand,2030,143,7,7,0.023551520004086647
3416,e_demand,2030,143,8,8,0.023551520004086647
3417,e_demand,2030,143,9,9,0.023551520004086647
3418,e_demand,2030,143,10,10,0.023551520004086654
3419,e_demand,2030,143,11,11,0.023551520004086647
3420,e_demand,2030,143,12,12,0.023551520004086654
3421,e_demand,2030,143,13,13,0.023551520004086647
3422,e_demand,2030,143,14,14,0.023551520004086647
3423,e_demand,2030,143,15,15,0.023551520004086647
3424,e_demand,2030,143,16,16,0.023551520004086647
3425,e_demand,2030,143,17,17,0.023551520004086654
3426,e_demand,2030,143,18,18,0.023551520004086647
3427,e_demand,2030,143,19,19,0.023551520004086647
3428,e_demand,2030,143,20,20,0.023551520004086647
3429,e_demand,2030,143,21,21,0.023551520004086647
3430,e_demand,2030,143,22,22,0.023551520004086647
3431,e_demand,2030,143,23,23,0.023551520004086647
3432,e_demand,2030,143,24,24,0.023551520004086654
3433,e_demand,2030,144,1,1,0.07718566548743311
3434,e_demand,2030,144,2,2,0.07718566548743311
3435,e_demand,2030,144,3,3,0.07718566548743311
3436,e_demand,2030,144,4,4,0.003087426619497324
3437,e_demand,2030,144,5,5,0.003087426619497324
3438,e_demand,2030,144,6,6,0.003087426619497324
3439,e_demand,2030,144,7,7,0.07718566548743311
3440,e_demand,2030,144,8,8,0.07718566548743311
3441,e_demand,2030,144,9,9,0.07718566548743311
3442,e_demand,2030,144,10,10,0.07718566548743311
3443,e_demand,2030,144,11,11,0.07718566548743311
3444,e_demand,2030,144,12,12,0.07718566548743311
3445,e_demand,2030,144,13,13,0.07718566548743311
3446,e_demand,2030,144,14,14,0.07718566548743311
3447,e_demand,2030,144,15,15,0.07718566548743311
3448,e_demand,2030,144,16,16,0.07718566548743311
3449,e_demand,2030,144,17,17,0.07718566548743311
3450,e_demand,2030,144,18,18,0.07718566548743311
3451,e_demand,2030,144,19,19,0.07718566548743311
3452,e_demand,2030,144,20,20,0.07718566548743311
3453,e_demand,2030,144,21,21,0.07718566548743311
3454,e_demand,2030,144,22,22,0.07718566548743311
3455,e_demand,2030,144,23,23,0.07718566548743311
3456,e_demand,2030,144,24,24,0.07718566548743311
3457,e_demand,2030,145,1,1,0.005799085120271234
3458,e_demand,2030,145,2,2,0.005799085120271234
3459,e_demand,2030,145,3,3,0.005799085120271234
3460,e_demand,2030,145,4,4,0.005799085120271234
3461,e_demand,2030,145,5,5,0.005799085120271234
3462,e_demand,2030,145,6,6,0.005799085120271234
3463,e_demand,2030,145,7,7,0.005799085120271234
3464,e_demand,2030,145,8,8,0.005799085120271234
3465,e_demand,2030,145,9,9,0.14497712800678092
3466,e_demand,2030,145,10,10,0.14497712800678086
3467,e_demand,2030,145,11,11,0.14497712800678086
3468,e_demand,2030,145,12,12,0.14497712800678086
3469,e_demand,2030,145,13,13,0.14497712800678086
3470,e_demand,2030,145,14,14,0.14497712800678086
3471,e_demand,2030,145,15,15,0.14497712800678092
3472,e_demand,2030,145,16,16,0.14497712800678092
3473,e_demand,2030,145,17,17,0.14497712800678092
3474,e_demand,2030,145,18,18,0.14497712800678086
3475,e_demand,2030,145,19,19,0.14497712800678086
3476,e_demand,2030,145,20,20,0.14497712800678086
3477,e_demand,2030,145,21,21,0.14497712800678086
3478,e_demand,2030,145,22,22,0.005799085120271234
3479,e_demand,2030,145,23,23,0.005799085120271234
3480,e_demand,2030,145,24,24,0.005799085120271234
3481,e_demand,2030,146,1,1,0.17517537043507056
3482,e_demand,2030,146,2,2,0.17517537043507048
3483,e_demand,2030,146,3,3,0.17517537043507048
3484,e_demand,2030,146,4,4,0.17517537043507048
3485,e_demand,2030,146,5,5,0.17517537043507048
3486,e_demand,2030,146,6,6,0.17517537043507048
3487,e_demand,2030,146,7,7,0.17517537043507048
3488,e_demand,2030,146,8,8,0.17517537043507048
3489,e_demand,2030,146,9,9,0.17517537043507048
3490,e_demand,2030,146,10,10,0.17517537043507048
3491,e_demand,2030,146,11,11,0.17517537043507048
3492,e_demand,2030,146,12,12,0.17517537043507048
3493,e_demand,2030,146,13,13,0.17517537043507048
3494,e_demand,2030,146,14,14,0.17517537043507048
3495,e_demand,2030,146,15,15,0.17517537043507048
3496,e_demand,2030,146,16,16,0.17517537043507048
3497,e_demand,2030,146,17,17,0.17517537043507048
3498,e_demand,2030,146,18,18,0.17517537043507048
3499,e_demand,2030,146,19,19,0.17517537043507048
3500,e_demand,2030,146,20,20,0.17517537043507048
3501,e_demand,2030,146,21,21,0.17517537043507048
3502,e_demand,2030,146,22,22,0.17517537043507048
3503,e_demand,2030,146,23,23,0.17517537043507048
3504,e_demand,2030,146,24,24,0.17517537043507048
3505,e_demand,2030,147,1,1,0.016873009854494067
3506,e_demand,2030,147,2,2,0.016873009854494067
3507,e_demand,2030,147,3,3,0.016873009854494067
3508,e_demand,2030,147,4,4,0.016873009854494078
3509,e_demand,2030,147,5,5,0.016873009854494067
3510,e_demand,2030,147,6,6,0.016873009854494067
3511,e_demand,2030,147,7,7,0.016873009854494067
3512,e_demand,2030,147,8,8,0.016873009854494067
3513,e_demand,2030,147,9,9,0.016873009854494078
3514,e_demand,2030,147,10,10,0.016873009854494067
3515,e_demand,2030,147,11,11,0.016873009854494078
3516,e_demand,2030,147,12,12,0.016873009854494067
3517,e_demand,2030,147,13,13,0.016873009854494078
3518,e_demand,2030,147,14,14,0.016873009854494067
3519,e_demand,2030,147,15,15,0.016873009854494067
3520,e_demand,2030,147,16,16,0.016873009854494067
3521,e_demand,2030,147,17,17,0.016873009854494078
3522,e_demand,2030,147,18,18,0.016873009854494067
3523,e_demand,2030,147,19,19,0.016873009854494067
3524,e_demand,2030,147,20,20,0.016873009854494067
3525,e_demand,2030,147,21,21,0.0006749203941797626
3526,e_demand,2030,147,22,22,0.0006749203941797626
3527,e_demand,2030,147,23,23,0.0006749203941797626
3528,e_demand,2030,147,24,24,0.0006749203941797626
3529,e_demand,2030,148,1,1,0.04175203181091044
3530,e_demand,2030,148,2,2,0.04175203181091041
3531,e_demand,2030,148,3,3,0.04175203181091041
3532,e_demand,2030,148,4,4,0.04175203181091041
3533,e_demand,2030,148,5,5,0.04175203181091041
3534,e_demand,2030,148,6,6,0.04175203181091041
3535,e_demand,2030,148,7,7,0.04175203181091044
3536,e_demand,2030,148,8,8,0.04175203181091041
3537,e_demand,2030,148,9,9,0.04175203181091041
3538,e_demand,2030,148,10,10,0.04175203181091041
3539,e_demand,2030,148,11,11,0.04175203181091041
3540,e_demand,2030,148,12,12,0.04175203181091041
3541,e_demand,2030,148,13,13,0.04175203181091041
3542,e_demand,2030,148,14,14,0.04175203181091041
3543,e_demand,2030,148,15,15,0.04175203181091041
3544,e_demand,2030,148,16,16,0.04175203181091041
3545,e_demand,2030,148,17,17,0.04175203181091044
3546,e_demand,2030,148,18,18,0.04175203181091041
3547,e_demand,2030,148,19,19,0.04175203181091041
3548,e_demand,2030,148,20,20,0.04175203181091041
3549,e_demand,2030,148,21,21,0.04175203181091041
3550,e_demand,2030,148,22,22,0.04175203181091041
3551,e_demand,2030,148,23,23,0.04175203181091041
3552,e_demand,2030,148,24,24,0.04175203181091041
3553,e_demand,2030,149,1,1,0.0028138681004080965
3554,e_demand,2030,149,2,2,0.0028138681004080965
3555,e_demand,2030,149,3,3,0.07034670251020243
3556,e_demand,2030,149,4,4,0.07034670251020243
3557,e_demand,2030,149,5,5,0.0703467025102024
3558,e_demand,2030,149,6,6,0.0703467025102024
3559,e_demand,2030,149,7,7,0.0703467025102024
3560,e_demand,2030,149,8,8,0.0703467025102024
3561,e_demand,2030,149,9,9,0.07034670251020243
3562,e_demand,2030,149,10,10,0.0703467025102024
3563,e_demand,2030,149,11,11,0.07034670251020243
3564,e_demand,2030,149,12,12,0.0703467025102024
3565,e_demand,2030,149,13,13,0.0703467025102024
3566,e_demand,2030,149,14,14,0.0703467025102024
3567,e_demand,2030,149,15,15,0.0703467025102024
3568,e_demand,2030,149,16,16,0.0703467025102024
3569,e_demand,2030,149,17,17,0.0703467025102024
3570,e_demand,2030,149,18,18,0.0703467025102024
3571,e_demand,2030,149,19,19,0.0703467025102024
3572,e_demand,2030,149,20,20,0.0703467025102024
3573,e_demand,2030,149,21,21,0.0703467025102024
3574,e_demand,2030,149,22,22,0.0703467025102024
3575,e_demand,2030,149,23,23,0.0703467025102024
3576,e_demand,2030,149,24,24,0.07034670251020243
3577,e_demand,2030,150,1,1,0.2151827503776194
3578,e_demand,2030,150,2,2,0.21518275037761933
3579,e_demand,2030,150,3,3,0.21518275037761933
3580,e_demand,2030,150,4,4,0.21518275037761933
3581,e_demand,2030,150,5,5,0.21518275037761933
3582,e_demand,2030,150,6,6,0.21518275037761933
3583,e_demand,2030,150,7,7,0.21518275037761933
3584,e_demand,2030,150,8,8,0.21518275037761933
3585,e_demand,2030,150,9,9,0.21518275037761933
3586,e_demand,2030,150,10,10,0.21518275037761933
3587,e_demand,2030,150,11,11,0.21518275037761933
3588,e_demand,2030,150,12,12,0.21518275037761933
3589,e_demand,2030,150,13,13,0.21518275037761933
3590,e_demand,2030,150,14,14,0.21518275037761933
3591,e_demand,2030,150,15,15,0.21518275037761933
3592,e_demand,2030,150,16,16,0.21518275037761933
3593,e_demand,2030,150,17,17,0.21518275037761933
3594,e_demand,2030,150,18,18,0.21518275037761933
3595,e_demand,2030,150,19,19,0.21518275037761933
3596,e_demand,2030,150,20,20,0.21518275037761933
3597,e_demand,2030,150,21,21,0.21518275037761933
3598,e_demand,2030,150,22,22,0.21518275037761933
3599,e_demand,2030,150,23,23,0.21518275037761933
3600,e_demand,2030,150,24,24,0.21518275037761933
3601,e_demand,2030,151,1,1,0.1293283824551125
3602,e_demand,2030,151,2,2,0.1293283824551125
3603,e_demand,2030,151,3,3,0.1293283824551125
3604,e_demand,2030,151,4,4,0.1293283824551125
3605,e_demand,2030,151,5,5,0.1293283824551125
3606,e_demand,2030,151,6,6,0.1293283824551125
3607,e_demand,2030,151,7,7,0.1293283824551125
3608,e_demand,2030,151,8,8,0.1293283824551125
3609,e_demand,2030,151,9,9,0.1293283824551125
3610,e_demand,2030,151,10,10,0.1293283824551125
3611,e_demand,2030,151,11,11,0.1293283824551125
3612,e_demand,2030,151,12,12,0.1293283824551125
3613,e_demand,2030,151,13,13,0.1293283824551125
3614,e_demand,2030,151,14,14,0.1293283824551125
3615,e_demand,2030,151,15,15,0.1293283824551125
3616,e_demand,2030,151,16,16,0.1293283824551125
3617,e_demand,2030,151,17,17,0.1293283824551125
3618,e_demand,2030,151,18,18,0.1293283824551125
3619,e_demand,2030,151,19,19,0.1293283824551125
3620,e_demand,2030,151,20,20,0.1293283824551125
3621,e_demand,2030,151,21,21,0.1293283824551125
3622,e_demand,2030,151,22,22,0.1293283824551125
3623,e_demand,2030,151,23,23,0.1293283824551125
3624,e_demand,2030,151,24,24,0.1293283824551125
3625,e_demand,2030,152,1,1,0.045721407338067344
3626,e_demand,2030,152,2,2,0.04572140733806738
3627,e_demand,2030,152,3,3,0.045721407338067344
3628,e_demand,2030,152,4,4,0.045721407338067344
3629,e_demand,2030,152,5,5,0.045721407338067344
3630,e_demand,2030,152,6,6,0.045721407338067344
3631,e_demand,2030,152,7,7,0.045721407338067344
3632,e_demand,2030,152,8,8,0.045721407338067344
3633,e_demand,2030,152,9,9,0.045721407338067344
3634,e_demand,2030,152,10,10,0.04572140733806738
3635,e_demand,2030,152,11,11,0.045721407338067344
3636,e_demand,2030,152,12,12,0.045721407338067344
3637,e_demand,2030,152,13,13,0.045721407338067344
3638,e_demand,2030,152,14,14,0.045721407338067344
3639,e_demand,2030,152,15,15,0.045721407338067344
3640,e_demand,2030,152,16,16,0.045721407338067344
3641,e_demand,2030,152,17,17,0.045721407338067344
3642,e_demand,2030,152,18,18,0.045721407338067344
3643,e_demand,2030,152,19,19,0.045721407338067344
3644,e_demand,2030,152,20,20,0.045721407338067344
3645,e_demand,2030,152,21,21,0.045721407338067344
3646,e_demand,2030,152,22,22,0.0018288562935226938
3647,e_demand,2030,152,23,23,0.0018288562935226938
3648,e_demand,2030,152,24,24,0.0018288562935226938
3649,e_demand,2030,153,1,1,0.057203444587595804
3650,e_demand,2030,153,2,2,0.05720344458759576
3651,e_demand,2030,153,3,3,0.05720344458759576
3652,e_demand,2030,153,4,4,0.05720344458759576
3653,e_demand,2030,153,5,5,0.05720344458759576
3654,e_demand,2030,153,6,6,0.05720344458759576
3655,e_demand,2030,153,7,7,0.05720344458759576
3656,e_demand,2030,153,8,8,0.05720344458759576
3657,e_demand,2030,153,9,9,0.05720344458759576
3658,e_demand,2030,153,10,10,0.05720344458759576
3659,e_demand,2030,153,11,11,0.05720344458759576
3660,e_demand,2030,153,12,12,0.05720344458759576
3661,e_demand,2030,153,13,13,0.05720344458759576
3662,e_demand,2030,153,14,14,0.05720344458759576
3663,e_demand,2030,153,15,15,0.05720344458759576
3664,e_demand,2030,153,16,16,0.05720344458759576
3665,e_demand,2030,153,17,17,0.057203444587595804
3666,e_demand,2030,153,18,18,0.057203444587595804
3667,e_demand,2030,153,19,19,0.05720344458759576
3668,e_demand,2030,153,20,20,0.05720344458759576
3669,e_demand,2030,153,21,21,0.05720344458759576
3670,e_demand,2030,153,22,22,0.05720344458759576
3671,e_demand,2030,153,23,23,0.05720344458759576
3672,e_demand,2030,153,24,24,0.05720344458759576
3673,e_demand,2030,154,1,1,0.04265072035720387
3674,e_demand,2030,154,2,2,0.042650720357203874
3675,e_demand,2030,154,3,3,0.001706028814288155
3676,e_demand,2030,154,4,4,0.001706028814288155
3677,e_demand,2030,154,5,5,0.001706028814288155
3678,e_demand,2030,154,6,6,0.001706028814288155
3679,e_demand,2030,154,7,7,0.001706028814288155
3680,e_demand,2030,154,8,8,0.04265072035720387
3681,e_demand,2030,154,9,9,0.042650720357203874
3682,e_demand,2030,154,10,10,0.042650720357203874
3683,e_demand,2030,154,11,11,0.042650720357203874
3684,e_demand,2030,154,12,12,0.042650720357203874
3685,e_demand,2030,154,13,13,0.042650720357203874
3686,e_demand,2030,154,14,14,0.042650720357203874
3687,e_demand,2030,154,15,15,0.042650720357203874
3688,e_demand,2030,154,16,16,0.042650720357203874
3689,e_demand,2030,154,17,17,0.042650720357203874
3690,e_demand,2030,154,18,18,0.042650720357203874
3691,e_demand,2030,154,19,19,0.04265072035720387
3692,e_demand,2030,154,20,20,0.042650720357203874
3693,e_demand,2030,154,21,21,0.04265072035720387
3694,e_demand,2030,154,22,22,0.042650720357203874
3695,e_demand,2030,154,23,23,0.042650720357203874
3696,e_demand,2030,154,24,24,0.042650720357203874
3697,e_demand,2030,155,1,1,0.013060701090748571
3698,e_demand,2030,155,2,2,0.013060701090748581
3699,e_demand,2030,155,3,3,0.013060701090748581
3700,e_demand,2030,155,4,4,0.013060701090748571
3701,e_demand,2030,155,5,5,0.013060701090748571
3702,e_demand,2030,155,6,6,0.013060701090748571
3703,e_demand,2030,155,7,7,0.013060701090748571
3704,e_demand,2030,155,8,8,0.013060701090748581
3705,e_demand,2030,155,9,9,0.013060701090748571
3706,e_demand,2030,155,10,10,0.013060701090748581
3707,e_demand,2030,155,11,11,0.013060701090748571
3708,e_demand,2030,155,12,12,0.013060701090748571
3709,e_demand,2030,155,13,13,0.013060701090748581
3710,e_demand,2030,155,14,14,0.013060701090748571
3711,e_demand,2030,155,15,15,0.013060701090748571
3712,e_demand,2030,155,16,16,0.013060701090748571
3713,e_demand,2030,155,17,17,0.013060701090748581
3714,e_demand,2030,155,18,18,0.013060701090748571
3715,e_demand,2030,155,19,19,0.013060701090748571
3716,e_demand,2030,155,20,20,0.013060701090748571
3717,e_demand,2030,155,21,21,0.013060701090748571
3718,e_demand,2030,155,22,22,0.013060701090748571
3719,e_demand,2030,155,23,23,0.013060701090748581
3720,e_demand,2030,155,24,24,0.013060701090748581
3721,e_demand,2030,156,1,1,0.050485563229772185
3722,e_demand,2030,156,2,2,0.05048556322977216
3723,e_demand,2030,156,3,3,0.05048556322977216
3724,e_demand,2030,156,4,4,0.05048556322977216
3725,e_demand,2030,156,5,5,0.05048556322977216
3726,e_demand,2030,156,6,6,0.05048556322977216
3727,e_demand,2030,156,7,7,0.05048556322977216
3728,e_demand,2030,156,8,8,0.05048556322977216
3729,e_demand,2030,156,9,9,0.05048556322977216
3730,e_demand,2030,156,10,10,0.05048556322977216
3731,e_demand,2030,156,11,11,0.05048556322977216
3732,e_demand,2030,156,12,12,0.05048556322977216
3733,e_demand,2030,156,13,13,0.05048556322977216
3734,e_demand,2030,156,14,14,0.05048556322977216
3735,e_demand,2030,156,15,15,0.050485563229772185
3736,e_demand,2030,156,16,16,0.05048556322977216
3737,e_demand,2030,156,17,17,0.050485563229772185
3738,e_demand,2030,156,18,18,0.05048556322977216
3739,e_demand,2030,156,19,19,0.05048556322977216
3740,e_demand,2030,156,20,20,0.05048556322977216
3741,e_demand,2030,156,21,21,0.05048556322977216
3742,e_demand,2030,156,22,22,0.05048556322977216
3743,e_demand,2030,156,23,23,0.05048556322977216
3744,e_demand,2030,156,24,24,0.05048556322977216
3745,e_demand,2030,157,1,1,0.046561025250814764
3746,e_demand,2030,157,2,2,0.046561025250814715
3747,e_demand,2030,157,3,3,0.046561025250814764
3748,e_demand,2030,157,4,4,0.046561025250814715
3749,e_demand,2030,157,5,5,0.046561025250814764
3750,e_demand,2030,157,6,6,0.046561025250814715
3751,e_demand,2030,157,7,7,0.046561025250814715
3752,e_demand,2030,157,8,8,0.046561025250814715
3753,e_demand,2030,157,9,9,0.046561025250814715
3754,e_demand,2030,157,10,10,0.046561025250814715
3755,e_demand,2030,157,11,11,0.046561025250814715
3756,e_demand,2030,157,12,12,0.046561025250814715
3757,e_demand,2030,157,13,13,0.046561025250814715
3758,e_demand,2030,157,14,14,0.046561025250814715
3759,e_demand,2030,157,15,15,0.046561025250814715
3760,e_demand,2030,157,16,16,0.046561025250814764
3761,e_demand,2030,157,17,17,0.046561025250814715
3762,e_demand,2030,157,18,18,0.046561025250814715
3763,e_demand,2030,157,19,19,0.046561025250814715
3764,e_demand,2030,157,20,20,0.046561025250814764
3765,e_demand,2030,157,21,21,0.046561025250814715
3766,e_demand,2030,157,22,22,0.046561025250814764
3767,e_demand,2030,157,23,23,0.046561025250814715
3768,e_demand,2030,157,24,24,0.046561025250814715
3769,e_demand,2030,158,1,1,0.010539051852752846
3770,e_demand,2030,158,2,2,0.010539051852752846
3771,e_demand,2030,158,3,3,0.010539051852752852
3772,e_demand,2030,158,4,4,0.010539051852752846
3773,e_demand,2030,158,5,5,0.010539051852752846
3774,e_demand,2030,158,6,6,0.010539051852752846
3775,e_demand,2030,158,7,7,0.010539051852752846
3776,e_demand,2030,158,8,8,0.010539051852752852
3777,e_demand,2030,158,9,9,0.010539051852752846
3778,e_demand,2030,158,10,10,0.010539051852752852
3779,e_demand,2030,158,11,11,0.010539051852752846
3780,e_demand,2030,158,12,12,0.010539051852752852
3781,e_demand,2030,158,13,13,0.010539051852752852
3782,e_demand,2030,158,14,14,0.010539051852752846
3783,e_demand,2030,158,15,15,0.010539051852752846
3784,e_demand,2030,158,16,16,0.010539051852752846
3785,e_demand,2030,158,17,17,0.010539051852752852
3786,e_demand,2030,158,18,18,0.010539051852752852
3787,e_demand,2030,158,19,19,0.010539051852752846
3788,e_demand,2030,158,20,20,0.010539051852752852
3789,e_demand,2030,158,21,21,0.010539051852752846
3790,e_demand,2030,158,22,22,0.010539051852752846
3791,e_demand,2030,158,23,23,0.010539051852752846
3792,e_demand,2030,158,24,24,0.010539051852752852
3793,e_demand,2030,159,1,1,0.003529006181323462
3794,e_demand,2030,159,2,2,0.003529006181323462
3795,e_demand,2030,159,3,3,0.08822515453308655
3796,e_demand,2030,159,4,4,0.08822515453308655
3797,e_demand,2030,159,5,5,0.08822515453308655
3798,e_demand,2030,159,6,6,0.08822515453308653
3799,e_demand,2030,159,7,7,0.08822515453308655
3800,e_demand,2030,159,8,8,0.08822515453308653
3801,e_demand,2030,159,9,9,0.08822515453308653
3802,e_demand,2030,159,10,10,0.08822515453308655
3803,e_demand,2030,159,11,11,0.08822515453308653
3804,e_demand,2030,159,12,12,0.08822515453308653
3805,e_demand,2030,159,13,13,0.08822515453308653
3806,e_demand,2030,159,14,14,0.08822515453308653
3807,e_demand,2030,159,15,15,0.08822515453308653
3808,e_demand,2030,159,16,16,0.08822515453308653
3809,e_demand,2030,159,17,17,0.08822515453308653
3810,e_demand,2030,159,18,18,0.08822515453308653
3811,e_demand,2030,159,19,19,0.08822515453308653
3812,e_demand,2030,159,20,20,0.08822515453308653
3813,e_demand,2030,159,21,21,0.08822515453308653
3814,e_demand,2030,159,22,22,0.08822515453308653
3815,e_demand,2030,159,23,23,0.08822515453308653
3816,e_demand,2030,159,24,24,0.08822515453308653
3817,e_demand,2030,160,1,1,0.06194492816901153
3818,e_demand,2030,160,2,2,0.06194492816901147
3819,e_demand,2030,160,3,3,0.06194492816901147
3820,e_demand,2030,160,4,4,0.06194492816901153
3821,e_demand,2030,160,5,5,0.06194492816901147
3822,e_demand,2030,160,6,6,0.06194492816901147
3823,e_demand,2030,160,7,7,0.06194492816901147
3824,e_demand,2030,160,8,8,0.06194492816901147
3825,e_demand,2030,160,9,9,0.06194492816901147
3826,e_demand,2030,160,10,10,0.06194492816901147
3827,e_demand,2030,160,11,11,0.06194492816901147
3828,e_demand,2030,160,12,12,0.06194492816901147
3829,e_demand,2030,160,13,13,0.06194492816901147
3830,e_demand,2030,160,14,14,0.06194492816901147
3831,e_demand,2030,160,15,15,0.06194492816901147
3832,e_demand,2030,160,16,16,0.06194492816901147
3833,e_demand,2030,160,17,17,0.06194492816901147
3834,e_demand,2030,160,18,18,0.06194492816901147
3835,e_demand,2030,160,19,19,0.06194492816901147
3836,e_demand,2030,160,20,20,0.06194492816901147
3837,e_demand,2030,160,21,21,0.06194492816901147
3838,e_demand,2030,160,22,22,0.06194492816901147
3839,e_demand,2030,160,23,23,0.06194492816901147
3840,e_demand,2030,160,24,24,0.06194492816901147
3841,e_demand,2030,161,1,1,0.030770870504489116
3842,e_demand,2030,161,2,2,0.030770870504489116
3843,e_demand,2030,161,3,3,0.030770870504489116
3844,e_demand,2030,161,4,4,0.030770870504489116
3845,e_demand,2030,161,5,5,0.030770870504489116
3846,e_demand,2030,161,6,6,0.03077087050448913
3847,e_demand,2030,161,7,7,0.030770870504489116
3848,e_demand,2030,161,8,8,0.030770870504489116
3849,e_demand,2030,161,9,9,0.03077087050448913
3850,e_demand,2030,161,10,10,0.030770870504489116
3851,e_demand,2030,161,11,11,0.030770870504489116
3852,e_demand,2030,161,12,12,0.030770870504489116
3853,e_demand,2030,161,13,13,0.030770870504489116
3854,e_demand,2030,161,14,14,0.030770870504489116
3855,e_demand,2030,161,15,15,0.030770870504489116
3856,e_demand,2030,161,16,16,0.0012308348201795643
3857,e_demand,2030,161,17,17,0.030770870504489116
3858,e_demand,2030,161,18,18,0.030770870504489116
3859,e_demand,2030,161,19,19,0.0012308348201795643
3860,e_demand,2030,161,20,20,0.0012308348201795643
3861,e_demand,2030,161,21,21,0.0012308348201795643
3862,e_demand,2030,161,22,22,0.0012308348201795643
3863,e_demand,2030,161,23,23,0.0012308348201795643
3864,e_demand,2030,161,24,24,0.0012308348201795643
3865,e_demand,2030,162,1,1,0.047654851789136296
3866,e_demand,2030,162,2,2,0.047654851789136296
3867,e_demand,2030,162,3,3,0.047654851789136296
3868,e_demand,2030,162,4,4,0.047654851789136324
3869,e_demand,2030,162,5,5,0.047654851789136296
3870,e_demand,2030,162,6,6,0.047654851789136296
3871,e_demand,2030,162,7,7,0.047654851789136296
3872,e_demand,2030,162,8,8,0.047654851789136324
3873,e_demand,2030,162,9,9,0.047654851789136296
3874,e_demand,2030,162,10,10,0.047654851789136296
3875,e_demand,2030,162,11,11,0.047654851789136324
3876,e_demand,2030,162,12,12,0.047654851789136296
3877,e_demand,2030,162,13,13,0.047654851789136296
3878,e_demand,2030,162,14,14,0.047654851789136296
3879,e_demand,2030,162,15,15,0.047654851789136296
3880,e_demand,2030,162,16,16,0.047654851789136296
3881,e_demand,2030,162,17,17,0.047654851789136296
3882,e_demand,2030,162,18,18,0.047654851789136296
3883,e_demand,2030,162,19,19,0.047654851789136296
3884,e_demand,2030,162,20,20,0.047654851789136296
3885,e_demand,2030,162,21,21,0.047654851789136296
3886,e_demand,2030,162,22,22,0.047654851789136324
3887,e_demand,2030,162,23,23,0.047654851789136296
3888,e_demand,2030,162,24,24,0.047654851789136296
3889,e_demand,2030,163,1,1,0.001335979882313218
3890,e_demand,2030,163,2,2,0.001335979882313218
3891,e_demand,2030,163,3,3,0.001335979882313218
3892,e_demand,2030,163,4,4,0.001335979882313218
3893,e_demand,2030,163,5,5,0.001335979882313218
3894,e_demand,2030,163,6,6,0.03339949705783047
3895,e_demand,2030,163,7,7,0.03339949705783045
3896,e_demand,2030,163,8,8,0.03339949705783045
3897,e_demand,2030,163,9,9,0.03339949705783045
3898,e_demand,2030,163,10,10,0.03339949705783045
3899,e_demand,2030,163,11,11,0.03339949705783047
3900,e_demand,2030,163,12,12,0.03339949705783045
3901,e_demand,2030,163,13,13,0.03339949705783045
3902,e_demand,2030,163,14,14,0.03339949705783045
3903,e_demand,2030,163,15,15,0.03339949705783047
3904,e_demand,2030,163,16,16,0.03339949705783045
3905,e_demand,2030,163,17,17,0.03339949705783047
3906,e_demand,2030,163,18,18,0.03339949705783045
3907,e_demand,2030,163,19,19,0.03339949705783045
3908,e_demand,2030,163,20,20,0.03339949705783045
3909,e_demand,2030,163,21,21,0.03339949705783045
3910,e_demand,2030,163,22,22,0.03339949705783045
3911,e_demand,2030,163,23,23,0.03339949705783045
3912,e_demand,2030,163,24,24,0.03339949705783045
3913,e_demand,2030,164,1,1,0.04554641836313206
3914,e_demand,2030,164,2,2,0.04554641836313204
3915,e_demand,2030,164,3,3,0.04554641836313204
3916,e_demand,2030,164,4,4,0.04554641836313206
3917,e_demand,2030,164,5,5,0.04554641836313204
3918,e_demand,2030,164,6,6,0.04554641836313204
3919,e_demand,2030,164,7,7,0.04554641836313204
3920,e_demand,2030,164,8,8,0.04554641836313204
3921,e_demand,2030,164,9,9,0.04554641836313206
3922,e_demand,2030,164,10,10,0.04554641836313204
3923,e_demand,2030,164,11,11,0.04554641836313204
3924,e_demand,2030,164,12,12,0.04554641836313204
3925,e_demand,2030,164,13,13,0.04554641836313204
3926,e_demand,2030,164,14,14,0.04554641836313204
3927,e_demand,2030,164,15,15,0.04554641836313204
3928,e_demand,2030,164,16,16,0.04554641836313204
3929,e_demand,2030,164,17,17,0.04554641836313204
3930,e_demand,2030,164,18,18,0.04554641836313204
3931,e_demand,2030,164,19,19,0.04554641836313204
3932,e_demand,2030,164,20,20,0.04554641836313204
3933,e_demand,2030,164,21,21,0.001821856734525281
3934,e_demand,2030,164,22,22,0.001821856734525281
3935,e_demand,2030,164,23,23,0.001821856734525281
3936,e_demand,2030,164,24,24,0.001821856734525281
3937,e_demand,2030,165,1,1,0.029421652029362803
3938,e_demand,2030,165,2,2,0.029421652029362803
3939,e_demand,2030,165,3,3,0.029421652029362783
3940,e_demand,2030,165,4,4,0.029421652029362783
3941,e_demand,2030,165,5,5,0.029421652029362783
3942,e_demand,2030,165,6,6,0.029421652029362783
3943,e_demand,2030,165,7,7,0.029421652029362783
3944,e_demand,2030,165,8,8,0.029421652029362783
3945,e_demand,2030,165,9,9,0.029421652029362783
3946,e_demand,2030,165,10,10,0.029421652029362783
3947,e_demand,2030,165,11,11,0.029421652029362783
3948,e_demand,2030,165,12,12,0.029421652029362803
3949,e_demand,2030,165,13,13,0.029421652029362783
3950,e_demand,2030,165,14,14,0.029421652029362783
3951,e_demand,2030,165,15,15,0.029421652029362783
3952,e_demand,2030,165,16,16,0.029421652029362783
3953,e_demand,2030,165,17,17,0.029421652029362783
3954,e_demand,2030,165,18,18,0.029421652029362783
3955,e_demand,2030,165,19,19,0.029421652029362783
3956,e_demand,2030,165,20,20,0.029421652029362783
3957,e_demand,2030,165,21,21,0.029421652029362783
3958,e_demand,2030,165,22,22,0.029421652029362783
3959,e_demand,2030,165,23,23,0.029421652029362783
3960,e_demand,2030,165,24,24,0.029421652029362783
3961,e_demand,2030,166,1,1,0.07042314116032693
3962,e_demand,2030,166,2,2,0.07042314116032689
3963,e_demand,2030,166,3,3,0.07042314116032689
3964,e_demand,2030,166,4,4,0.07042314116032689
3965,e_demand,2030,166,5,5,0.07042314116032689
3966,e_demand,2030,166,6,6,0.07042314116032689
3967,e_demand,2030,166,7,7,0.07042314116032693
3968,e_demand,2030,166,8,8,0.07042314116032689
3969,e_demand,2030,166,9,9,0.07042314116032689
3970,e_demand,2030,166,10,10,0.07042314116032689
3971,e_demand,2030,166,11,11,0.07042314116032689
3972,e_demand,2030,166,12,12,0.07042314116032689
3973,e_demand,2030,166,13,13,0.07042314116032689
3974,e_demand,2030,166,14,14,0.07042314116032689
3975,e_demand,2030,166,15,15,0.07042314116032689
3976,e_demand,2030,166,16,16,0.07042314116032689
3977,e_demand,2030,166,17,17,0.07042314116032689
3978,e_demand,2030,166,18,18,0.07042314116032689
3979,e_demand,2030,166,19,19,0.07042314116032689
3980,e_demand,2030,166,20,20,0.07042314116032689
3981,e_demand,2030,166,21,21,0.07042314116032689
3982,e_demand,2030,166,22,22,0.07042314116032689
3983,e_demand,2030,166,23,23,0.07042314116032689
3984,e_demand,2030,166,24,24,0.07042314116032689
3985,e_demand,2030,167,1,1,0.0036262692239154865
3986,e_demand,2030,167,2,2,0.0036262692239154865
3987,e_demand,2030,167,3,3,0.0036262692239154865
3988,e_demand,2030,167,4,4,0.0036262692239154865
3989,e_demand,2030,167,5,5,0.0036262692239154865
3990,e_demand,2030,167,6,6,0.0036262692239154865
3991,e_demand,2030,167,7,7,0.0036262692239154865
3992,e_demand,2030,167,8,8,0.09065673059788723
3993,e_demand,2030,167,9,9,0.09065673059788723
3994,e_demand,2030,167,10,10,0.09065673059788716
3995,e_demand,2030,167,11,11,0.09065673059788723
3996,e_demand,2030,167,12,12,0.09065673059788716
3997,e_demand,2030,167,13,13,0.09065673059788716
3998,e_demand,2030,167,14,14,0.09065673059788716
3999,e_demand,2030,167,15,15,0.09065673059788716
4000,e_demand,2030,167,16,16,0.09065673059788716
4001,e_demand,2030,167,17,17,0.09065673059788716
4002,e_demand,2030,167,18,18,0.09065673059788723
4003,e_demand,2030,167,19,19,0.09065673059788716
4004,e_demand,2030,167,20,20,0.09065673059788723
4005,e_demand,2030,167,21,21,0.0036262692239154865
4006,e_demand,2030,167,22,22,0.0036262692239154865
4007,e_demand,2030,167,23,23,0.0036262692239154865
4008,e_demand,2030,167,24,24,0.0036262692239154865
4009,e_demand,2030,168,1,1,0.05964512423046891
4010,e_demand,2030,168,2,2,0.05964512423046886
4011,e_demand,2030,168,3,3,0.05964512423046886
4012,e_demand,2030,168,4,4,0.05964512423046886
4013,e_demand,2030,168,5,5,0.05964512423046886
4014,e_demand,2030,168,6,6,0.05964512423046886
4015,e_demand,2030,168,7,7,0.05964512423046886
4016,e_demand,2030,168,8,8,0.05964512423046891
4017,e_demand,2030,168,9,9,0.05964512423046886
4018,e_demand,2030,168,10,10,0.05964512423046886
4019,e_demand,2030,168,11,11,0.05964512423046891
4020,e_demand,2030,168,12,12,0.05964512423046886
4021,e_demand,2030,168,13,13,0.05964512423046886
4022,e_demand,2030,168,14,14,0.05964512423046886
4023,e_demand,2030,168,15,15,0.05964512423046886
4024,e_demand,2030,168,16,16,0.05964512423046886
4025,e_demand,2030,168,17,17,0.05964512423046886
4026,e_demand,2030,168,18,18,0.05964512423046886
4027,e_demand,2030,168,19,19,0.05964512423046886
4028,e_demand,2030,168,20,20,0.05964512423046886
4029,e_demand,2030,168,21,21,0.05964512423046886
4030,e_demand,2030,168,22,22,0.05964512423046886
4031,e_demand,2030,168,23,23,0.05964512423046886
4032,e_demand,2030,168,24,24,0.05964512423046886
4033,e_demand,2030,169,1,1,0.28256169340953774
4034,e_demand,2030,169,2,2,0.28256169340953774
4035,e_demand,2030,169,3,3,0.28256169340953774
4036,e_demand,2030,169,4,4,0.28256169340953774
4037,e_demand,2030,169,5,5,0.28256169340953774
4038,e_demand,2030,169,6,6,0.28256169340953774
4039,e_demand,2030,169,7,7,0.28256169340953774
4040,e_demand,2030,169,8,8,0.28256169340953774
4041,e_demand,2030,169,9,9,0.28256169340953774
4042,e_demand,2030,169,10,10,0.28256169340953774
4043,e_demand,2030,169,11,11,0.28256169340953774
4044,e_demand,2030,169,12,12,0.28256169340953774
4045,e_demand,2030,169,13,13,0.28256169340953774
4046,e_demand,2030,169,14,14,0.28256169340953774
4047,e_demand,2030,169,15,15,0.28256169340953774
4048,e_demand,2030,169,16,16,0.28256169340953774
4049,e_demand,2030,169,17,17,0.28256169340953774
4050,e_demand,2030,169,18,18,0.28256169340953774
4051,e_demand,2030,169,19,19,0.28256169340953774
4052,e_demand,2030,169,20,20,0.28256169340953774
4053,e_demand,2030,169,21,21,0.28256169340953774
4054,e_demand,2030,169,22,22,0.28256169340953774
4055,e_demand,2030,169,23,23,0.28256169340953774
4056,e_demand,2030,169,24,24,0.28256169340953774
4057,e_demand,2030,170,1,1,2.6123100458922845
4058,e_demand,2030,170,2,2,2.6123100458922845
4059,e_demand,2030,170,3,3,2.6123100458922845
4060,e_demand,2030,170,4,4,2.6123100458922845
4061,e_demand,2030,170,5,5,2.6123100458922845
4062,e_demand,2030,170,6,6,2.6123100458922845
4063,e_demand,2030,170,7,7,2.6123100458922845
4064,e_demand,2030,170,8,8,2.6123100458922845
4065,e_demand,2030,170,9,9,2.6123100458922845
4066,e_demand,2030,170,10,10,2.6123100458922845
4067,e_demand,2030,170,11,11,2.6123100458922845
4068,e_demand,2030,170,12,12,2.6123100458922845
4069,e_demand,2030,170,13,13,2.6123100458922845
4070,e_demand,2030,170,14,14,2.6123100458922845
4071,e_demand,2030,170,15,15,2.6123100458922845
4072,e_demand,2030,170,16,16,2.6123100458922845
4073,e_demand,2030,170,17,17,2.6123100458922845
4074,e_demand,2030,170,18,18,2.6123100458922845
4075,e_demand,2030,170,19,19,2.6123100458922845
4076,e_demand,2030,170,20,20,2.6123100458922845
4077,e_demand,2030,170,21,21,2.6123100458922845
4078,e_demand,2030,170,22,22,2.6123100458922845
4079,e_demand,2030,170,23,23,2.6123100458922845
4080,e_demand,2030,170,24,24,2.6123100458922845
4081,e_demand,2030,171,1,1,0.1539673258210507
4082,e_demand,2030,171,2,2,0.1539673258210507
4083,e_demand,2030,171,3,3,0.1539673258210507
4084,e_demand,2030,171,4,4,0.1539673258210507
4085,e_demand,2030,171,5,5,0.1539673258210507
4086,e_demand,2030,171,6,6,0.1539673258210507
4087,e_demand,2030,171,7,7,0.1539673258210507
4088,e_demand,2030,171,8,8,0.1539673258210507
4089,e_demand,2030,171,9,9,0.1539673258210507
4090,e_demand,2030,171,10,10,0.1539673258210507
4091,e_demand,2030,171,11,11,0.7490505603410915
4092,e_demand,2030,171,12,12,0.7490505603410915
4093,e_demand,2030,171,13,13,0.7490505603410915
4094,e_demand,2030,171,14,14,0.7490505603410915
4095,e_demand,2030,171,15,15,0.7490505603410915
4096,e_demand,2030,171,16,16,0.215554256149471
4097,e_demand,2030,171,17,17,0.1539673258210507
4098,e_demand,2030,171,18,18,0.7490505603410915
4099,e_demand,2030,171,19,19,0.7490505603410915
4100,e_demand,2030,171,20,20,0.7490505603410915
4101,e_demand,2030,171,21,21,0.7490505603410915
4102,e_demand,2030,171,22,22,0.1539673258210507
4103,e_demand,2030,171,23,23,0.7490505603410915
4104,e_demand,2030,171,24,24,0.1539673258210507
4105,e_demand,2030,172,1,1,0.10630703665413051
4106,e_demand,2030,172,2,2,0.10630703665413051
4107,e_demand,2030,172,3,3,0.10630703665413051
4108,e_demand,2030,172,4,4,0.10630703665413051
4109,e_demand,2030,172,5,5,0.10630703665413051
4110,e_demand,2030,172,6,6,0.5171834020584801
4111,e_demand,2030,172,7,7,0.10630703665413051
4112,e_demand,2030,172,8,8,0.5171834020584801
4113,e_demand,2030,172,9,9,0.5171834020584801
4114,e_demand,2030,172,10,10,0.5171834020584801
4115,e_demand,2030,172,11,11,0.5171834020584801
4116,e_demand,2030,172,12,12,0.5171834020584801
4117,e_demand,2030,172,13,13,0.5171834020584801
4118,e_demand,2030,172,14,14,0.5171834020584801
4119,e_demand,2030,172,15,15,0.5171834020584801
4120,e_demand,2030,172,16,16,0.5171834020584801
4121,e_demand,2030,172,17,17,0.5171834020584801
4122,e_demand,2030,172,18,18,0.5171834020584801
4123,e_demand,2030,172,19,19,0.5171834020584801
4124,e_demand,2030,172,20,20,0.5171834020584801
4125,e_demand,2030,172,21,21,0.10630703665413051
4126,e_demand,2030,172,22,22,0.10630703665413051
4127,e_demand,2030,172,23,23,0.10630703665413051
4128,e_demand,2030,172,24,24,0.10630703665413051
4129,e_demand,2030,173,1,1,0.08358100346220365
4130,e_demand,2030,173,2,2,0.08358100346220365
4131,e_demand,2030,173,3,3,0.08358100346220365
4132,e_demand,2030,173,4,4,0.08358100346220365
4133,e_demand,2030,173,5,5,0.08358100346220365
4134,e_demand,2030,173,6,6,0.08358100346220365
4135,e_demand,2030,173,7,7,0.11701340484708514
4136,e_demand,2030,173,8,8,0.40662132139645657
4137,e_demand,2030,173,9,9,0.40662132139645657
4138,e_demand,2030,173,10,10,0.40662132139645657
4139,e_demand,2030,173,11,11,0.40662132139645657
4140,e_demand,2030,173,12,12,0.40662132139645657
4141,e_demand,2030,173,13,13,0.40662132139645657
4142,e_demand,2030,173,14,14,0.40662132139645657
4143,e_demand,2030,173,15,15,0.08358100346220365
4144,e_demand,2030,173,16,16,0.08358100346220365
4145,e_demand,2030,173,17,17,0.08358100346220365
4146,e_demand,2030,173,18,18,0.08358100346220365
4147,e_demand,2030,173,19,19,0.08358100346220365
4148,e_demand,2030,173,20,20,0.08358100346220365
4149,e_demand,2030,173,21,21,0.08358100346220365
4150,e_demand,2030,173,22,22,0.08358100346220365
4151,e_demand,2030,173,23,23,0.08358100346220365
4152,e_demand,2030,173,24,24,0.08358100346220365
4153,e_demand,2030,174,1,1,0.13893532633231132
4154,e_demand,2030,174,2,2,0.13893532633231132
4155,e_demand,2030,174,3,3,0.13893532633231132
4156,e_demand,2030,174,4,4,0.13893532633231132
4157,e_demand,2030,174,5,5,0.13893532633231132
4158,e_demand,2030,174,6,6,0.13893532633231132
4159,e_demand,2030,174,7,7,0.13893532633231132
4160,e_demand,2030,174,8,8,0.13893532633231132
4161,e_demand,2030,174,9,9,0.13893532633231132
4162,e_demand,2030,174,10,10,0.13893532633231132
4163,e_demand,2030,174,11,11,0.6759199296696601
4164,e_demand,2030,174,12,12,0.6759199296696601
4165,e_demand,2030,174,13,13,0.6759199296696601
4166,e_demand,2030,174,14,14,0.6759199296696601
4167,e_demand,2030,174,15,15,0.6759199296696601
4168,e_demand,2030,174,16,16,0.6759199296696601
4169,e_demand,2030,174,17,17,0.6759199296696601
4170,e_demand,2030,174,18,18,0.6759199296696601
4171,e_demand,2030,174,19,19,0.6759199296696601
4172,e_demand,2030,174,20,20,0.6759199296696601
4173,e_demand,2030,174,21,21,0.6759199296696601
4174,e_demand,2030,174,22,22,0.6759199296696601
4175,e_demand,2030,174,23,23,0.6759199296696601
4176,e_demand,2030,174,24,24,0.6759199296696601
4177,e_demand,2030,175,1,1,0.07559675439656217
4178,e_demand,2030,175,2,2,0.07559675439656217
4179,e_demand,2030,175,3,3,0.07559675439656217
4180,e_demand,2030,175,4,4,0.07559675439656217
4181,e_demand,2030,175,5,5,0.07559675439656217
4182,e_demand,2030,175,6,6,0.07559675439656217
4183,e_demand,2030,175,7,7,0.07559675439656217
4184,e_demand,2030,175,8,8,0.07559675439656217
4185,e_demand,2030,175,9,9,0.07559675439656217
4186,e_demand,2030,175,10,10,0.07559675439656217
4187,e_demand,2030,175,11,11,0.36777797457186734
4188,e_demand,2030,175,12,12,0.10583545615518705
4189,e_demand,2030,175,13,13,0.07559675439656217
4190,e_demand,2030,175,14,14,0.07559675439656217
4191,e_demand,2030,175,15,15,0.07559675439656217
4192,e_demand,2030,175,16,16,0.07559675439656217
4193,e_demand,2030,175,17,17,0.07559675439656217
4194,e_demand,2030,175,18,18,0.07559675439656217
4195,e_demand,2030,175,19,19,0.07559675439656217
4196,e_demand,2030,175,20,20,0.07559675439656217
4197,e_demand,2030,175,21,21,0.07559675439656217
4198,e_demand,2030,175,22,22,0.07559675439656217
4199,e_demand,2030,175,23,23,0.07559675439656217
4200,e_demand,2030,175,24,24,0.07559675439656217
4201,e_demand,2030,176,1,1,0.09577693126152421
4202,e_demand,2030,176,2,2,0.09577693126152421
4203,e_demand,2030,176,3,3,0.09577693126152421
4204,e_demand,2030,176,4,4,0.09577693126152421
4205,e_demand,2030,176,5,5,0.09577693126152421
4206,e_demand,2030,176,6,6,0.09577693126152421
4207,e_demand,2030,176,7,7,0.09577693126152421
4208,e_demand,2030,176,8,8,0.09577693126152421
4209,e_demand,2030,176,9,9,0.09577693126152421
4210,e_demand,2030,176,10,10,0.09577693126152421
4211,e_demand,2030,176,11,11,0.09577693126152421
4212,e_demand,2030,176,12,12,0.09577693126152421
4213,e_demand,2030,176,13,13,0.09577693126152421
4214,e_demand,2030,176,14,14,0.09577693126152421
4215,e_demand,2030,176,15,15,0.09577693126152421
4216,e_demand,2030,176,16,16,0.4659544721363623
4217,e_demand,2030,176,17,17,0.4659544721363623
4218,e_demand,2030,176,18,18,0.4659544721363623
4219,e_demand,2030,176,19,19,0.4659544721363623
4220,e_demand,2030,176,20,20,0.4659544721363623
4221,e_demand,2030,176,21,21,0.4659544721363623
4222,e_demand,2030,176,22,22,0.4659544721363623
4223,e_demand,2030,176,23,23,0.09577693126152421
4224,e_demand,2030,176,24,24,0.4659544721363623
4225,e_demand,2030,177,1,1,0.09220964722497592
4226,e_demand,2030,177,2,2,0.09220964722497592
4227,e_demand,2030,177,3,3,0.09220964722497592
4228,e_demand,2030,177,4,4,0.09220964722497592
4229,e_demand,2030,177,5,5,0.09220964722497592
4230,e_demand,2030,177,6,6,0.09220964722497592
4231,e_demand,2030,177,7,7,0.09220964722497592
4232,e_demand,2030,177,8,8,0.09220964722497592
4233,e_demand,2030,177,9,9,0.4485996464145853
4234,e_demand,2030,177,10,10,0.4485996464145853
4235,e_demand,2030,177,11,11,0.4485996464145853
4236,e_demand,2030,177,12,12,0.4485996464145853
4237,e_demand,2030,177,13,13,0.4485996464145853
4238,e_demand,2030,177,14,14,0.09220964722497592
4239,e_demand,2030,177,15,15,0.09220964722497592
4240,e_demand,2030,177,16,16,0.09220964722497592
4241,e_demand,2030,177,17,17,0.09220964722497592
4242,e_demand,2030,177,18,18,0.09220964722497592
4243,e_demand,2030,177,19,19,0.09220964722497592
4244,e_demand,2030,177,20,20,0.09220964722497592
4245,e_demand,2030,177,21,21,0.09220964722497592
4246,e_demand,2030,177,22,22,0.09220964722497592
4247,e_demand,2030,177,23,23,0.09220964722497592
4248,e_demand,2030,177,24,24,0.09220964722497592
4249,e_demand,2030,178,1,1,0.047079856007603664
4250,e_demand,2030,178,2,2,0.047079856007603664
4251,e_demand,2030,178,3,3,0.047079856007603664
4252,e_demand,2030,178,4,4,0.047079856007603664
4253,e_demand,2030,178,5,5,0.047079856007603664
4254,e_demand,2030,178,6,6,0.047079856007603664
4255,e_demand,2030,178,7,7,0.047079856007603664
4256,e_demand,2030,178,8,8,0.047079856007603664
4257,e_demand,2030,178,9,9,0.047079856007603664
4258,e_demand,2030,178,10,10,0.047079856007603664
4259,e_demand,2030,178,11,11,0.047079856007603664
4260,e_demand,2030,178,12,12,0.047079856007603664
4261,e_demand,2030,178,13,13,0.047079856007603664
4262,e_demand,2030,178,14,14,0.047079856007603664
4263,e_demand,2030,178,15,15,0.047079856007603664
4264,e_demand,2030,178,16,16,0.047079856007603664
4265,e_demand,2030,178,17,17,0.047079856007603664
4266,e_demand,2030,178,18,18,0.047079856007603664
4267,e_demand,2030,178,19,19,0.047079856007603664
4268,e_demand,2030,178,20,20,0.047079856007603664
4269,e_demand,2030,178,21,21,0.047079856007603664
4270,e_demand,2030,178,22,22,0.047079856007603664
4271,e_demand,2030,178,23,23,0.047079856007603664
4272,e_demand,2030,178,24,24,0.047079856007603664
4273,e_demand,2030,179,1,1,0.09167379389675827
4274,e_demand,2030,179,2,2,0.09167379389675827
4275,e_demand,2030,179,3,3,0.09167379389675827
4276,e_demand,2030,179,4,4,0.09167379389675827
4277,e_demand,2030,179,5,5,0.09167379389675827
4278,e_demand,2030,179,6,6,0.09167379389675827
4279,e_demand,2030,179,7,7,0.09167379389675827
4280,e_demand,2030,179,8,8,0.09167379389675827
4281,e_demand,2030,179,9,9,0.09167379389675827
4282,e_demand,2030,179,10,10,0.09167379389675827
4283,e_demand,2030,179,11,11,0.44599272164258175
4284,e_demand,2030,179,12,12,0.44599272164258175
4285,e_demand,2030,179,13,13,0.44599272164258175
4286,e_demand,2030,179,14,14,0.44599272164258175
4287,e_demand,2030,179,15,15,0.44599272164258175
4288,e_demand,2030,179,16,16,0.44599272164258175
4289,e_demand,2030,179,17,17,0.44599272164258175
4290,e_demand,2030,179,18,18,0.44599272164258175
4291,e_demand,2030,179,19,19,0.44599272164258175
4292,e_demand,2030,179,20,20,0.44599272164258175
4293,e_demand,2030,179,21,21,0.44599272164258175
4294,e_demand,2030,179,22,22,0.44599272164258175
4295,e_demand,2030,179,23,23,0.44599272164258175
4296,e_demand,2030,179,24,24,0.09167379389675827
4297,e_demand,2030,180,1,1,0.08600958478498395
4298,e_demand,2030,180,2,2,0.08600958478498395
4299,e_demand,2030,180,3,3,0.08600958478498395
4300,e_demand,2030,180,4,4,0.08600958478498395
4301,e_demand,2030,180,5,5,0.08600958478498395
4302,e_demand,2030,180,6,6,0.08600958478498395
4303,e_demand,2030,180,7,7,0.08600958478498395
4304,e_demand,2030,180,8,8,0.08600958478498395
4305,e_demand,2030,180,9,9,0.08600958478498395
4306,e_demand,2030,180,10,10,0.41843636196406886
4307,e_demand,2030,180,11,11,0.41843636196406886
4308,e_demand,2030,180,12,12,0.41843636196406886
4309,e_demand,2030,180,13,13,0.41843636196406886
4310,e_demand,2030,180,14,14,0.41843636196406886
4311,e_demand,2030,180,15,15,0.08600958478498395
4312,e_demand,2030,180,16,16,0.08600958478498395
4313,e_demand,2030,180,17,17,0.08600958478498395
4314,e_demand,2030,180,18,18,0.08600958478498395
4315,e_demand,2030,180,19,19,0.08600958478498395
4316,e_demand,2030,180,20,20,0.08600958478498395
4317,e_demand,2030,180,21,21,0.08600958478498395
4318,e_demand,2030,180,22,22,0.08600958478498395
4319,e_demand,2030,180,23,23,0.08600958478498395
4320,e_demand,2030,180,24,24,0.08600958478498395
4321,e_demand,2030,181,1,1,0.12884874555920658
4322,e_demand,2030,181,2,2,0.12884874555920658
4323,e_demand,2030,181,3,3,0.12884874555920658
4324,e_demand,2030,181,4,4,0.12884874555920658
4325,e_demand,2030,181,5,5,0.12884874555920658
4326,e_demand,2030,181,6,6,0.12884874555920658
4327,e_demand,2030,181,7,7,0.12884874555920658
4328,e_demand,2030,181,8,8,0.12884874555920658
4329,e_demand,2030,181,9,9,0.12884874555920658
4330,e_demand,2030,181,10,10,0.12884874555920658
4331,e_demand,2030,181,11,11,0.12884874555920658
4332,e_demand,2030,181,12,12,0.12884874555920658
4333,e_demand,2030,181,13,13,0.12884874555920658
4334,e_demand,2030,181,14,14,0.12884874555920658
4335,e_demand,2030,181,15,15,0.12884874555920658
4336,e_demand,2030,181,16,16,0.12884874555920658
4337,e_demand,2030,181,17,17,0.12884874555920658
4338,e_demand,2030,181,18,18,0.12884874555920658
4339,e_demand,2030,181,19,19,0.6268487456393484
4340,e_demand,2030,181,20,20,0.6268487456393484
4341,e_demand,2030,181,21,21,0.18038824378288923
4342,e_demand,2030,181,22,22,0.12884874555920658
4343,e_demand,2030,181,23,23,0.12884874555920658
4344,e_demand,2030,181,24,24,0.12884874555920658
4345,e_demand,2030,182,1,1,0.08378121928132079
4346,e_demand,2030,182,2,2,0.08378121928132079
4347,e_demand,2030,182,3,3,0.08378121928132079
4348,e_demand,2030,182,4,4,0.08378121928132079
4349,e_demand,2030,182,5,5,0.08378121928132079
4350,e_demand,2030,182,6,6,0.08378121928132079
4351,e_demand,2030,182,7,7,0.08378121928132079
4352,e_demand,2030,182,8,8,0.08378121928132079
4353,e_demand,2030,182,9,9,0.08378121928132079
4354,e_demand,2030,182,10,10,0.08378121928132079
4355,e_demand,2030,182,11,11,0.08378121928132079
4356,e_demand,2030,182,12,12,0.08378121928132079
4357,e_demand,2030,182,13,13,0.08378121928132079
4358,e_demand,2030,182,14,14,0.08378121928132079
4359,e_demand,2030,182,15,15,0.08378121928132079
4360,e_demand,2030,182,16,16,0.08378121928132079
4361,e_demand,2030,182,17,17,0.08378121928132079
4362,e_demand,2030,182,18,18,0.08378121928132079
4363,e_demand,2030,182,19,19,0.08378121928132079
4364,e_demand,2030,182,20,20,0.08378121928132079
4365,e_demand,2030,182,21,21,0.08378121928132079
4366,e_demand,2030,182,22,22,0.08378121928132079
4367,e_demand,2030,182,23,23,0.08378121928132079
4368,e_demand,2030,182,24,24,0.08378121928132079
4369,e_demand,2030,183,1,1,0.10153332296171479
4370,e_demand,2030,183,2,2,0.10153332296171479
4371,e_demand,2030,183,3,3,0.10153332296171479
4372,e_demand,2030,183,4,4,0.10153332296171479
4373,e_demand,2030,183,5,5,0.10153332296171479
4374,e_demand,2030,183,6,6,0.10153332296171479
4375,e_demand,2030,183,7,7,0.10153332296171479
4376,e_demand,2030,183,8,8,0.10153332296171479
4377,e_demand,2030,183,9,9,0.49395929982026976
4378,e_demand,2030,183,10,10,0.49395929982026976
4379,e_demand,2030,183,11,11,0.49395929982026976
4380,e_demand,2030,183,12,12,0.49395929982026976
4381,e_demand,2030,183,13,13,0.49395929982026976
4382,e_demand,2030,183,14,14,0.49395929982026976
4383,e_demand,2030,183,15,15,0.49395929982026976
4384,e_demand,2030,183,16,16,0.49395929982026976
4385,e_demand,2030,183,17,17,0.49395929982026976
4386,e_demand,2030,183,18,18,0.49395929982026976
4387,e_demand,2030,183,19,19,0.14214665214640068
4388,e_demand,2030,183,20,20,0.10153332296171479
4389,e_demand,2030,183,21,21,0.10153332296171479
4390,e_demand,2030,183,22,22,0.10153332296171479
4391,e_demand,2030,183,23,23,0.10153332296171479
4392,e_demand,2030,183,24,24,0.10153332296171479
4393,e_demand,2030,184,1,1,0.07399857824103777
4394,e_demand,2030,184,2,2,0.07399857824103777
4395,e_demand,2030,184,3,3,0.07399857824103777
4396,e_demand,2030,184,4,4,0.07399857824103777
4397,e_demand,2030,184,5,5,0.07399857824103777
4398,e_demand,2030,184,6,6,0.07399857824103777
4399,e_demand,2030,184,7,7,0.07399857824103777
4400,e_demand,2030,184,8,8,0.07399857824103777
4401,e_demand,2030,184,9,9,0.07399857824103777
4402,e_demand,2030,184,10,10,0.07399857824103777
4403,e_demand,2030,184,11,11,0.07399857824103777
4404,e_demand,2030,184,12,12,0.07399857824103777
4405,e_demand,2030,184,13,13,0.07399857824103777
4406,e_demand,2030,184,14,14,0.07399857824103777
4407,e_demand,2030,184,15,15,0.07399857824103777
4408,e_demand,2030,184,16,16,0.07399857824103777
4409,e_demand,2030,184,17,17,0.07399857824103777
4410,e_demand,2030,184,18,18,0.07399857824103777
4411,e_demand,2030,184,19,19,0.07399857824103777
4412,e_demand,2030,184,20,20,0.07399857824103777
4413,e_demand,2030,184,21,21,0.07399857824103777
4414,e_demand,2030,184,22,22,0.07399857824103777
4415,e_demand,2030,184,23,23,0.07399857824103777
4416,e_demand,2030,184,24,24,0.07399857824103777
4417,e_demand,2030,185,1,1,0.06239469871179418
4418,e_demand,2030,185,2,2,0.06239469871179418
4419,e_demand,2030,185,3,3,0.06239469871179418
4420,e_demand,2030,185,4,4,0.06239469871179418
4421,e_demand,2030,185,5,5,0.06239469871179418
4422,e_demand,2030,185,6,6,0.06239469871179418
4423,e_demand,2030,185,7,7,0.06239469871179418
4424,e_demand,2030,185,8,8,0.06239469871179418
4425,e_demand,2030,185,9,9,0.06239469871179418
4426,e_demand,2030,185,10,10,0.06239469871179418
4427,e_demand,2030,185,11,11,0.06239469871179418
4428,e_demand,2030,185,12,12,0.06239469871179418
4429,e_demand,2030,185,13,13,0.06239469871179418
4430,e_demand,2030,185,14,14,0.06239469871179418
4431,e_demand,2030,185,15,15,0.06239469871179418
4432,e_demand,2030,185,16,16,0.06239469871179418
4433,e_demand,2030,185,17,17,0.06239469871179418
4434,e_demand,2030,185,18,18,0.06239469871179418
4435,e_demand,2030,185,19,19,0.06239469871179418
4436,e_demand,2030,185,20,20,0.06239469871179418
4437,e_demand,2030,185,21,21,0.06239469871179418
4438,e_demand,2030,185,22,22,0.06239469871179418
4439,e_demand,2030,185,23,23,0.06239469871179418
4440,e_demand,2030,185,24,24,0.06239469871179418
4441,e_demand,2030,186,1,1,0.05908443226560628
4442,e_demand,2030,186,2,2,0.05908443226560628
4443,e_demand,2030,186,3,3,0.05908443226560628
4444,e_demand,2030,186,4,4,0.05908443226560628
4445,e_demand,2030,186,5,5,0.05908443226560628
4446,e_demand,2030,186,6,6,0.05908443226560628
4447,e_demand,2030,186,7,7,0.05908443226560628
4448,e_demand,2030,186,8,8,0.2874455788588928
4449,e_demand,2030,186,9,9,0.2874455788588928
4450,e_demand,2030,186,10,10,0.2874455788588928
4451,e_demand,2030,186,11,11,0.2874455788588928
4452,e_demand,2030,186,12,12,0.2874455788588928
4453,e_demand,2030,186,13,13,0.2874455788588928
4454,e_demand,2030,186,14,14,0.05908443226560628
4455,e_demand,2030,186,15,15,0.05908443226560628
4456,e_demand,2030,186,16,16,0.05908443226560628
4457,e_demand,2030,186,17,17,0.05908443226560628
4458,e_demand,2030,186,18,18,0.05908443226560628
4459,e_demand,2030,186,19,19,0.05908443226560628
4460,e_demand,2030,186,20,20,0.05908443226560628
4461,e_demand,2030,186,21,21,0.05908443226560628
4462,e_demand,2030,186,22,22,0.05908443226560628
4463,e_demand,2030,186,23,23,0.05908443226560628
4464,e_demand,2030,186,24,24,0.05908443226560628
4465,e_demand,2030,187,1,1,0.1973810355241803
4466,e_demand,2030,187,2,2,0.1973810355241803
4467,e_demand,2030,187,3,3,0.1973810355241803
4468,e_demand,2030,187,4,4,0.1973810355241803
4469,e_demand,2030,187,5,5,0.1973810355241803
4470,e_demand,2030,187,6,6,0.1973810355241803
4471,e_demand,2030,187,7,7,0.1973810355241803
4472,e_demand,2030,187,8,8,0.1973810355241803
4473,e_demand,2030,187,9,9,0.1973810355241803
4474,e_demand,2030,187,10,10,0.1973810355241803
4475,e_demand,2030,187,11,11,0.1973810355241803
4476,e_demand,2030,187,12,12,0.1973810355241803
4477,e_demand,2030,187,13,13,0.1973810355241803
4478,e_demand,2030,187,14,14,0.1973810355241803
4479,e_demand,2030,187,15,15,0.1973810355241803
4480,e_demand,2030,187,16,16,0.1973810355241803
4481,e_demand,2030,187,17,17,0.1973810355241803
4482,e_demand,2030,187,18,18,0.1973810355241803
4483,e_demand,2030,187,19,19,0.1973810355241803
4484,e_demand,2030,187,20,20,0.1973810355241803
4485,e_demand,2030,187,21,21,0.1973810355241803
4486,e_demand,2030,187,22,22,0.1973810355241803
4487,e_demand,2030,187,23,23,0.1973810355241803
4488,e_demand,2030,187,24,24,0.1973810355241803
4489,e_demand,2030,188,1,1,0.1114412863314827
4490,e_demand,2030,188,2,2,0.1114412863314827
4491,e_demand,2030,188,3,3,0.1114412863314827
4492,e_demand,2030,188,4,4,0.1114412863314827
4493,e_demand,2030,188,5,5,0.1114412863314827
4494,e_demand,2030,188,6,6,0.1114412863314827
4495,e_demand,2030,188,7,7,0.1114412863314827
4496,e_demand,2030,188,8,8,0.1114412863314827
4497,e_demand,2030,188,9,9,0.1114412863314827
4498,e_demand,2030,188,10,10,0.1114412863314827
4499,e_demand,2030,188,11,11,0.1114412863314827
4500,e_demand,2030,188,12,12,0.1114412863314827
4501,e_demand,2030,188,13,13,0.1114412863314827
4502,e_demand,2030,188,14,14,0.1114412863314827
4503,e_demand,2030,188,15,15,0.1114412863314827
4504,e_demand,2030,188,16,16,0.1114412863314827
4505,e_demand,2030,188,17,17,0.1114412863314827
4506,e_demand,2030,188,18,18,0.1114412863314827
4507,e_demand,2030,188,19,19,0.1114412863314827
4508,e_demand,2030,188,20,20,0.1114412863314827
4509,e_demand,2030,188,21,21,0.1114412863314827
4510,e_demand,2030,188,22,22,0.1114412863314827
4511,e_demand,2030,188,23,23,0.1114412863314827
4512,e_demand,2030,188,24,24,0.1114412863314827
4513,e_demand,2030,189,1,1,0.06596823038245299
4514,e_demand,2030,189,2,2,0.06596823038245299
4515,e_demand,2030,189,3,3,0.06596823038245299
4516,e_demand,2030,189,4,4,0.06596823038245299
4517,e_demand,2030,189,5,5,0.06596823038245299
4518,e_demand,2030,189,6,6,0.06596823038245299
4519,e_demand,2030,189,7,7,0.06596823038245299
4520,e_demand,2030,189,8,8,0.06596823038245299
4521,e_demand,2030,189,9,9,0.06596823038245299
4522,e_demand,2030,189,10,10,0.06596823038245299
4523,e_demand,2030,189,11,11,0.09235552253543418
4524,e_demand,2030,189,12,12,0.3209352352467158
4525,e_demand,2030,189,13,13,0.3209352352467158
4526,e_demand,2030,189,14,14,0.3209352352467158
4527,e_demand,2030,189,15,15,0.3209352352467158
4528,e_demand,2030,189,16,16,0.3209352352467158
4529,e_demand,2030,189,17,17,0.3209352352467158
4530,e_demand,2030,189,18,18,0.3209352352467158
4531,e_demand,2030,189,19,19,0.3209352352467158
4532,e_demand,2030,189,20,20,0.3209352352467158
4533,e_demand,2030,189,21,21,0.06596823038245299
4534,e_demand,2030,189,22,22,0.06596823038245299
4535,e_demand,2030,189,23,23,0.06596823038245299
4536,e_demand,2030,189,24,24,0.06596823038245299
4537,e_demand,2030,190,1,1,0.042032266391442565
4538,e_demand,2030,190,2,2,0.042032266391442565
4539,e_demand,2030,190,3,3,0.042032266391442565
4540,e_demand,2030,190,4,4,0.042032266391442565
4541,e_demand,2030,190,5,5,0.042032266391442565
4542,e_demand,2030,190,6,6,0.042032266391442565
4543,e_demand,2030,190,7,7,0.042032266391442565
4544,e_demand,2030,190,8,8,0.042032266391442565
4545,e_demand,2030,190,9,9,0.042032266391442565
4546,e_demand,2030,190,10,10,0.042032266391442565
4547,e_demand,2030,190,11,11,0.042032266391442565
4548,e_demand,2030,190,12,12,0.042032266391442565
4549,e_demand,2030,190,13,13,0.042032266391442565
4550,e_demand,2030,190,14,14,0.042032266391442565
4551,e_demand,2030,190,15,15,0.042032266391442565
4552,e_demand,2030,190,16,16,0.042032266391442565
4553,e_demand,2030,190,17,17,0.042032266391442565
4554,e_demand,2030,190,18,18,0.042032266391442565
4555,e_demand,2030,190,19,19,0.042032266391442565
4556,e_demand,2030,190,20,20,0.042032266391442565
4557,e_demand,2030,190,21,21,0.042032266391442565
4558,e_demand,2030,190,22,22,0.042032266391442565
4559,e_demand,2030,190,23,23,0.042032266391442565
4560,e_demand,2030,190,24,24,0.042032266391442565
4561,e_demand,2030,191,1,1,0.06934446896792294
4562,e_demand,2030,191,2,2,0.06934446896792294
4563,e_demand,2030,191,3,3,0.06934446896792294
4564,e_demand,2030,191,4,4,0.06934446896792294
4565,e_demand,2030,191,5,5,0.06934446896792294
4566,e_demand,2030,191,6,6,0.06934446896792294
4567,e_demand,2030,191,7,7,0.06934446896792294
4568,e_demand,2030,191,8,8,0.337360625444314
4569,e_demand,2030,191,9,9,0.337360625444314
4570,e_demand,2030,191,10,10,0.337360625444314
4571,e_demand,2030,191,11,11,0.337360625444314
4572,e_demand,2030,191,12,12,0.337360625444314
4573,e_demand,2030,191,13,13,0.337360625444314
4574,e_demand,2030,191,14,14,0.337360625444314
4575,e_demand,2030,191,15,15,0.337360625444314
4576,e_demand,2030,191,16,16,0.337360625444314
4577,e_demand,2030,191,17,17,0.337360625444314
4578,e_demand,2030,191,18,18,0.337360625444314
4579,e_demand,2030,191,19,19,0.337360625444314
4580,e_demand,2030,191,20,20,0.06934446896792294
4581,e_demand,2030,191,21,21,0.06934446896792294
4582,e_demand,2030,191,22,22,0.06934446896792294
4583,e_demand,2030,191,23,23,0.06934446896792294
4584,e_demand,2030,191,24,24,0.06934446896792294
4585,e_demand,2030,192,1,1,0.5253745507714802
4586,e_demand,2030,192,2,2,0.5253745507714802
4587,e_demand,2030,192,3,3,0.5253745507714802
4588,e_demand,2030,192,4,4,0.5253745507714802
4589,e_demand,2030,192,5,5,0.5253745507714802
4590,e_demand,2030,192,6,6,0.5253745507714802
4591,e_demand,2030,192,7,7,0.5253745507714802
4592,e_demand,2030,192,8,8,0.5253745507714802
4593,e_demand,2030,192,9,9,2.5559455523811025
4594,e_demand,2030,192,10,10,2.5559455523811025
4595,e_demand,2030,192,11,11,2.5559455523811025
4596,e_demand,2030,192,12,12,2.5559455523811025
4597,e_demand,2030,192,13,13,2.5559455523811025
4598,e_demand,2030,192,14,14,2.5559455523811025
4599,e_demand,2030,192,15,15,2.5559455523811025
4600,e_demand,2030,192,16,16,0.7355243710800722
4601,e_demand,2030,192,17,17,0.5253745507714802
4602,e_demand,2030,192,18,18,0.5253745507714802
4603,e_demand,2030,192,19,19,0.5253745507714802
4604,e_demand,2030,192,20,20,0.5253745507714802
4605,e_demand,2030,192,21,21,0.5253745507714802
4606,e_demand,2030,192,22,22,0.5253745507714802
4607,e_demand,2030,192,23,23,0.5253745507714802
4608,e_demand,2030,192,24,24,0.5253745507714802
4609,e_demand,2030,193,1,1,0.005657556330860673
4610,e_demand,2030,193,2,2,0.005657556330860673
4611,e_demand,2030,193,3,3,0.005657556330860673
4612,e_demand,2030,193,4,4,0.005657556330860673
4613,e_demand,2030,193,5,5,0.005657556330860673
4614,e_demand,2030,193,6,6,0.005657556330860673
4615,e_demand,2030,193,7,7,0.005657556330860673
4616,e_demand,2030,193,8,8,0.005657556330860673
4617,e_demand,2030,193,9,9,0.14143890827151687
4618,e_demand,2030,193,10,10,0.14143890827151687
4619,e_demand,2030,193,11,11,0.14143890827151692
4620,e_demand,2030,193,12,12,0.14143890827151687
4621,e_demand,2030,193,13,13,0.14143890827151692
4622,e_demand,2030,193,14,14,0.14143890827151692
4623,e_demand,2030,193,15,15,0.14143890827151692
4624,e_demand,2030,193,16,16,0.14143890827151692
4625,e_demand,2030,193,17,17,0.005657556330860673
4626,e_demand,2030,193,18,18,0.005657556330860673
4627,e_demand,2030,193,19,19,0.005657556330860673
4628,e_demand,2030,193,20,20,0.005657556330860673
4629,e_demand,2030,193,21,21,0.005657556330860673
4630,e_demand,2030,193,22,22,0.005657556330860673
4631,e_demand,2030,193,23,23,0.005657556330860673
4632,e_demand,2030,193,24,24,0.005657556330860673
4633,e_demand,2030,194,1,1,0.11220672081101343
4634,e_demand,2030,194,2,2,0.11220672081101338
4635,e_demand,2030,194,3,3,0.11220672081101338
4636,e_demand,2030,194,4,4,0.11220672081101338
4637,e_demand,2030,194,5,5,0.11220672081101338
4638,e_demand,2030,194,6,6,0.11220672081101338
4639,e_demand,2030,194,7,7,0.11220672081101338
4640,e_demand,2030,194,8,8,0.11220672081101338
4641,e_demand,2030,194,9,9,0.11220672081101338
4642,e_demand,2030,194,10,10,0.11220672081101338
4643,e_demand,2030,194,11,11,0.11220672081101338
4644,e_demand,2030,194,12,12,0.11220672081101338
4645,e_demand,2030,194,13,13,0.11220672081101338
4646,e_demand,2030,194,14,14,0.11220672081101338
4647,e_demand,2030,194,15,15,0.11220672081101338
4648,e_demand,2030,194,16,16,0.11220672081101338
4649,e_demand,2030,194,17,17,0.11220672081101338
4650,e_demand,2030,194,18,18,0.11220672081101338
4651,e_demand,2030,194,19,19,0.11220672081101338
4652,e_demand,2030,194,20,20,0.11220672081101338
4653,e_demand,2030,194,21,21,0.11220672081101343
4654,e_demand,2030,194,22,22,0.11220672081101338
4655,e_demand,2030,194,23,23,0.11220672081101338
4656,e_demand,2030,194,24,24,0.11220672081101338
4657,e_demand,2030,195,1,1,0.0022969973604263505
4658,e_demand,2030,195,2,2,0.0022969973604263505
4659,e_demand,2030,195,3,3,0.0022969973604263505
4660,e_demand,2030,195,4,4,0.0022969973604263505
4661,e_demand,2030,195,5,5,0.0022969973604263505
4662,e_demand,2030,195,6,6,0.0022969973604263505
4663,e_demand,2030,195,7,7,0.0022969973604263505
4664,e_demand,2030,195,8,8,0.05742493401065875
4665,e_demand,2030,195,9,9,0.05742493401065875
4666,e_demand,2030,195,10,10,0.05742493401065881
4667,e_demand,2030,195,11,11,0.05742493401065875
4668,e_demand,2030,195,12,12,0.05742493401065881
4669,e_demand,2030,195,13,13,0.05742493401065875
4670,e_demand,2030,195,14,14,0.05742493401065875
4671,e_demand,2030,195,15,15,0.05742493401065875
4672,e_demand,2030,195,16,16,0.05742493401065875
4673,e_demand,2030,195,17,17,0.05742493401065875
4674,e_demand,2030,195,18,18,0.05742493401065875
4675,e_demand,2030,195,19,19,0.05742493401065875
4676,e_demand,2030,195,20,20,0.05742493401065875
4677,e_demand,2030,195,21,21,0.05742493401065875
4678,e_demand,2030,195,22,22,0.05742493401065875
4679,e_demand,2030,195,23,23,0.05742493401065875
4680,e_demand,2030,195,24,24,0.05742493401065875
4681,e_demand,2030,196,1,1,0.10328378280275156
4682,e_demand,2030,196,2,2,0.10328378280275154
4683,e_demand,2030,196,3,3,0.10328378280275154
4684,e_demand,2030,196,4,4,0.10328378280275154
4685,e_demand,2030,196,5,5,0.10328378280275154
4686,e_demand,2030,196,6,6,0.10328378280275154
4687,e_demand,2030,196,7,7,0.10328378280275154
4688,e_demand,2030,196,8,8,0.10328378280275154
4689,e_demand,2030,196,9,9,0.10328378280275154
4690,e_demand,2030,196,10,10,0.10328378280275154
4691,e_demand,2030,196,11,11,0.10328378280275154
4692,e_demand,2030,196,12,12,0.10328378280275154
4693,e_demand,2030,196,13,13,0.10328378280275154
4694,e_demand,2030,196,14,14,0.10328378280275154
4695,e_demand,2030,196,15,15,0.10328378280275154
4696,e_demand,2030,196,16,16,0.10328378280275156
4697,e_demand,2030,196,17,17,0.10328378280275154
4698,e_demand,2030,196,18,18,0.10328378280275154
4699,e_demand,2030,196,19,19,0.10328378280275154
4700,e_demand,2030,196,20,20,0.10328378280275154
4701,e_demand,2030,196,21,21,0.10328378280275154
4702,e_demand,2030,196,22,22,0.10328378280275154
4703,e_demand,2030,196,23,23,0.10328378280275154
4704,e_demand,2030,196,24,24,0.10328378280275154
4705,e_demand,2030,197,1,1,0.001946067621280462
4706,e_demand,2030,197,2,2,0.001946067621280462
4707,e_demand,2030,197,3,3,0.001946067621280462
4708,e_demand,2030,197,4,4,0.04865169053201155
4709,e_demand,2030,197,5,5,0.04865169053201155
4710,e_demand,2030,197,6,6,0.048651690532011585
4711,e_demand,2030,197,7,7,0.04865169053201155
4712,e_demand,2030,197,8,8,0.04865169053201155
4713,e_demand,2030,197,9,9,0.04865169053201155
4714,e_demand,2030,197,10,10,0.04865169053201155
4715,e_demand,2030,197,11,11,0.048651690532011585
4716,e_demand,2030,197,12,12,0.04865169053201155
4717,e_demand,2030,197,13,13,0.04865169053201155
4718,e_demand,2030,197,14,14,0.04865169053201155
4719,e_demand,2030,197,15,15,0.048651690532011585
4720,e_demand,2030,197,16,16,0.04865169053201155
4721,e_demand,2030,197,17,17,0.04865169053201155
4722,e_demand,2030,197,18,18,0.04865169053201155
4723,e_demand,2030,197,19,19,0.048651690532011585
4724,e_demand,2030,197,20,20,0.04865169053201155
4725,e_demand,2030,197,21,21,0.04865169053201155
4726,e_demand,2030,197,22,22,0.04865169053201155
4727,e_demand,2030,197,23,23,0.04865169053201155
4728,e_demand,2030,197,24,24,0.04865169053201155
4729,e_demand,2030,198,1,1,0.10452225832051978
4730,e_demand,2030,198,2,2,0.10452225832051973
4731,e_demand,2030,198,3,3,0.10452225832051973
4732,e_demand,2030,198,4,4,0.10452225832051973
4733,e_demand,2030,198,5,5,0.10452225832051973
4734,e_demand,2030,198,6,6,0.10452225832051973
4735,e_demand,2030,198,7,7,0.10452225832051973
4736,e_demand,2030,198,8,8,0.10452225832051973
4737,e_demand,2030,198,9,9,0.10452225832051973
4738,e_demand,2030,198,10,10,0.10452225832051973
4739,e_demand,2030,198,11,11,0.10452225832051973
4740,e_demand,2030,198,12,12,0.10452225832051973
4741,e_demand,2030,198,13,13,0.10452225832051973
4742,e_demand,2030,198,14,14,0.10452225832051973
4743,e_demand,2030,198,15,15,0.10452225832051973
4744,e_demand,2030,198,16,16,0.10452225832051973
4745,e_demand,2030,198,17,17,0.10452225832051973
4746,e_demand,2030,198,18,18,0.10452225832051973
4747,e_demand,2030,198,19,19,0.10452225832051978
4748,e_demand,2030,198,20,20,0.10452225832051973
4749,e_demand,2030,198,21,21,0.10452225832051973
4750,e_demand,2030,198,22,22,0.10452225832051973
4751,e_demand,2030,198,23,23,0.10452225832051973
4752,e_demand,2030,198,24,24,0.10452225832051973
4753,e_demand,2030,199,1,1,0.13082089673156105
4754,e_demand,2030,199,2,2,0.13082089673156105
4755,e_demand,2030,199,3,3,0.13082089673156105
4756,e_demand,2030,199,4,4,0.13082089673156105
4757,e_demand,2030,199,5,5,0.13082089673156105
4758,e_demand,2030,199,6,6,0.13082089673156105
4759,e_demand,2030,199,7,7,0.13082089673156105
4760,e_demand,2030,199,8,8,0.13082089673156105
4761,e_demand,2030,199,9,9,0.13082089673156105
4762,e_demand,2030,199,10,10,0.13082089673156105
4763,e_demand,2030,199,11,11,0.13082089673156105
4764,e_demand,2030,199,12,12,0.13082089673156105
4765,e_demand,2030,199,13,13,0.13082089673156105
4766,e_demand,2030,199,14,14,0.13082089673156105
4767,e_demand,2030,199,15,15,0.13082089673156105
4768,e_demand,2030,199,16,16,0.13082089673156105
4769,e_demand,2030,199,17,17,0.13082089673156105
4770,e_demand,2030,199,18,18,0.13082089673156105
4771,e_demand,2030,199,19,19,0.13082089673156105
4772,e_demand,2030,199,20,20,0.13082089673156105
4773,e_demand,2030,199,21,21,0.13082089673156105
4774,e_demand,2030,199,22,22,0.13082089673156105
4775,e_demand,2030,199,23,23,0.13082089673156105
4776,e_demand,2030,199,24,24,0.13082089673156105
4777,e_demand,2030,200,1,1,0.05300828317425187
4778,e_demand,2030,200,2,2,0.053008283174251845
4779,e_demand,2030,200,3,3,0.053008283174251845
4780,e_demand,2030,200,4,4,0.053008283174251845
4781,e_demand,2030,200,5,5,0.053008283174251845
4782,e_demand,2030,200,6,6,0.053008283174251845
4783,e_demand,2030,200,7,7,0.053008283174251845
4784,e_demand,2030,200,8,8,0.053008283174251845
4785,e_demand,2030,200,9,9,0.053008283174251845
4786,e_demand,2030,200,10,10,0.053008283174251845
4787,e_demand,2030,200,11,11,0.05300828317425187
4788,e_demand,2030,200,12,12,0.053008283174251845
4789,e_demand,2030,200,13,13,0.053008283174251845
4790,e_demand,2030,200,14,14,0.053008283174251845
4791,e_demand,2030,200,15,15,0.05300828317425187
4792,e_demand,2030,200,16,16,0.053008283174251845
4793,e_demand,2030,200,17,17,0.053008283174251845
4794,e_demand,2030,200,18,18,0.053008283174251845
4795,e_demand,2030,200,19,19,0.053008283174251845
4796,e_demand,2030,200,20,20,0.053008283174251845
4797,e_demand,2030,200,21,21,0.053008283174251845
4798,e_demand,2030,200,22,22,0.053008283174251845
4799,e_demand,2030,200,23,23,0.053008283174251845
4800,e_demand,2030,200,24,24,0.053008283174251845
4801,e_demand,2030,201,1,1,0.020531246154641
4802,e_demand,2030,201,2,2,0.020531246154641
4803,e_demand,2030,201,3,3,0.020531246154641025
4804,e_demand,2030,201,4,4,0.020531246154641
4805,e_demand,2030,201,5,5,0.020531246154641
4806,e_demand,2030,201,6,6,0.020531246154641025
4807,e_demand,2030,201,7,7,0.020531246154641
4808,e_demand,2030,201,8,8,0.020531246154641025
4809,e_demand,2030,201,9,9,0.020531246154641025
4810,e_demand,2030,201,10,10,0.020531246154641
4811,e_demand,2030,201,11,11,0.020531246154641
4812,e_demand,2030,201,12,12,0.020531246154641
4813,e_demand,2030,201,13,13,0.020531246154641025
4814,e_demand,2030,201,14,14,0.020531246154641
4815,e_demand,2030,201,15,15,0.020531246154641
4816,e_demand,2030,201,16,16,0.00082124984618564
4817,e_demand,2030,201,17,17,0.00082124984618564
4818,e_demand,2030,201,18,18,0.00082124984618564
4819,e_demand,2030,201,19,19,0.00082124984618564
4820,e_demand,2030,201,20,20,0.00082124984618564
4821,e_demand,2030,201,21,21,0.00082124984618564
4822,e_demand,2030,201,22,22,0.00082124984618564
4823,e_demand,2030,201,23,23,0.00082124984618564
4824,e_demand,2030,201,24,24,0.00082124984618564
4825,e_demand,2030,202,1,1,0.0027987921538453163
4826,e_demand,2030,202,2,2,0.0027987921538453163
4827,e_demand,2030,202,3,3,0.0027987921538453163
4828,e_demand,2030,202,4,4,0.0027987921538453163
4829,e_demand,2030,202,5,5,0.0027987921538453163
4830,e_demand,2030,202,6,6,0.06996980384613291
4831,e_demand,2030,202,7,7,0.06996980384613294
4832,e_demand,2030,202,8,8,0.06996980384613291
4833,e_demand,2030,202,9,9,0.06996980384613291
4834,e_demand,2030,202,10,10,0.06996980384613291
4835,e_demand,2030,202,11,11,0.06996980384613291
4836,e_demand,2030,202,12,12,0.06996980384613291
4837,e_demand,2030,202,13,13,0.06996980384613291
4838,e_demand,2030,202,14,14,0.06996980384613294
4839,e_demand,2030,202,15,15,0.06996980384613291
4840,e_demand,2030,202,16,16,0.06996980384613294
4841,e_demand,2030,202,17,17,0.06996980384613291
4842,e_demand,2030,202,18,18,0.06996980384613291
4843,e_demand,2030,202,19,19,0.06996980384613294
4844,e_demand,2030,202,20,20,0.06996980384613291
4845,e_demand,2030,202,21,21,0.06996980384613291
4846,e_demand,2030,202,22,22,0.06996980384613291
4847,e_demand,2030,202,23,23,0.06996980384613291
4848,e_demand,2030,202,24,24,0.06996980384613291
4849,e_demand,2030,203,1,1,0.024169667813752235
4850,e_demand,2030,203,2,2,0.024169667813752235
4851,e_demand,2030,203,3,3,0.024169667813752255
4852,e_demand,2030,203,4,4,0.024169667813752235
4853,e_demand,2030,203,5,5,0.024169667813752235
4854,e_demand,2030,203,6,6,0.024169667813752235
4855,e_demand,2030,203,7,7,0.024169667813752235
4856,e_demand,2030,203,8,8,0.024169667813752235
4857,e_demand,2030,203,9,9,0.024169667813752235
4858,e_demand,2030,203,10,10,0.024169667813752255
4859,e_demand,2030,203,11,11,0.024169667813752235
4860,e_demand,2030,203,12,12,0.024169667813752255
4861,e_demand,2030,203,13,13,0.024169667813752235
4862,e_demand,2030,203,14,14,0.024169667813752235
4863,e_demand,2030,203,15,15,0.024169667813752235
4864,e_demand,2030,203,16,16,0.024169667813752235
4865,e_demand,2030,203,17,17,0.024169667813752255
4866,e_demand,2030,203,18,18,0.024169667813752235
4867,e_demand,2030,203,19,19,0.024169667813752235
4868,e_demand,2030,203,20,20,0.0009667867125500896
4869,e_demand,2030,203,21,21,0.0009667867125500896
4870,e_demand,2030,203,22,22,0.0009667867125500896
4871,e_demand,2030,203,23,23,0.0009667867125500896
4872,e_demand,2030,203,24,24,0.0009667867125500896
4873,e_demand,2030,204,1,1,0.0692542481811441
4874,e_demand,2030,204,2,2,0.0692542481811441
4875,e_demand,2030,204,3,3,0.0692542481811441
4876,e_demand,2030,204,4,4,0.0692542481811441
4877,e_demand,2030,204,5,5,0.0692542481811441
4878,e_demand,2030,204,6,6,0.0692542481811441
4879,e_demand,2030,204,7,7,0.0692542481811441
4880,e_demand,2030,204,8,8,0.0692542481811441
4881,e_demand,2030,204,9,9,0.0692542481811441
4882,e_demand,2030,204,10,10,0.0692542481811441
4883,e_demand,2030,204,11,11,0.0692542481811441
4884,e_demand,2030,204,12,12,0.0692542481811441
4885,e_demand,2030,204,13,13,0.0692542481811441
4886,e_demand,2030,204,14,14,0.0692542481811441
4887,e_demand,2030,204,15,15,0.0692542481811441
4888,e_demand,2030,204,16,16,0.0692542481811441
4889,e_demand,2030,204,17,17,0.0692542481811441
4890,e_demand,2030,204,18,18,0.0692542481811441
4891,e_demand,2030,204,19,19,0.0692542481811441
4892,e_demand,2030,204,20,20,0.0692542481811441
4893,e_demand,2030,204,21,21,0.0692542481811441
4894,e_demand,2030,204,22,22,0.0692542481811441
4895,e_demand,2030,204,23,23,0.0692542481811441
4896,e_demand,2030,204,24,24,0.0692542481811441
4897,e_demand,2030,205,1,1,0.06420468855138368
4898,e_demand,2030,205,2,2,0.06420468855138364
4899,e_demand,2030,205,3,3,0.06420468855138368
4900,e_demand,2030,205,4,4,0.06420468855138364
4901,e_demand,2030,205,5,5,0.06420468855138364
4902,e_demand,2030,205,6,6,0.06420468855138368
4903,e_demand,2030,205,7,7,0.06420468855138364
4904,e_demand,2030,205,8,8,0.06420468855138364
4905,e_demand,2030,205,9,9,0.06420468855138364
4906,e_demand,2030,205,10,10,0.06420468855138364
4907,e_demand,2030,205,11,11,0.06420468855138364
4908,e_demand,2030,205,12,12,0.06420468855138368
4909,e_demand,2030,205,13,13,0.06420468855138364
4910,e_demand,2030,205,14,14,0.06420468855138364
4911,e_demand,2030,205,15,15,0.06420468855138364
4912,e_demand,2030,205,16,16,0.06420468855138364
4913,e_demand,2030,205,17,17,0.06420468855138364
4914,e_demand,2030,205,18,18,0.06420468855138364
4915,e_demand,2030,205,19,19,0.06420468855138364
4916,e_demand,2030,205,20,20,0.06420468855138364
4917,e_demand,2030,205,21,21,0.06420468855138364
4918,e_demand,2030,205,22,22,0.06420468855138364
4919,e_demand,2030,205,23,23,0.06420468855138364
4920,e_demand,2030,205,24,24,0.06420468855138364
4921,e_demand,2030,206,1,1,0.1480734748357147
4922,e_demand,2030,206,2,2,0.1480734748357146
4923,e_demand,2030,206,3,3,0.1480734748357146
4924,e_demand,2030,206,4,4,0.1480734748357146
4925,e_demand,2030,206,5,5,0.1480734748357146
4926,e_demand,2030,206,6,6,0.1480734748357146
4927,e_demand,2030,206,7,7,0.1480734748357146
4928,e_demand,2030,206,8,8,0.1480734748357146
4929,e_demand,2030,206,9,9,0.1480734748357146
4930,e_demand,2030,206,10,10,0.1480734748357146
4931,e_demand,2030,206,11,11,0.1480734748357146
4932,e_demand,2030,206,12,12,0.1480734748357146
4933,e_demand,2030,206,13,13,0.1480734748357146
4934,e_demand,2030,206,14,14,0.1480734748357146
4935,e_demand,2030,206,15,15,0.1480734748357146
4936,e_demand,2030,206,16,16,0.1480734748357146
4937,e_demand,2030,206,17,17,0.1480734748357146
4938,e_demand,2030,206,18,18,0.1480734748357146
4939,e_demand,2030,206,19,19,0.1480734748357146
4940,e_demand,2030,206,20,20,0.1480734748357146
4941,e_demand,2030,206,21,21,0.1480734748357146
4942,e_demand,2030,206,22,22,0.1480734748357146
4943,e_demand,2030,206,23,23,0.1480734748357146
4944,e_demand,2030,206,24,24,0.1480734748357146
4945,e_demand,2030,207,1,1,0.021863698665807212
4946,e_demand,2030,207,2,2,0.021863698665807216
4947,e_demand,2030,207,3,3,0.021863698665807212
4948,e_demand,2030,207,4,4,0.021863698665807212
4949,e_demand,2030,207,5,5,0.021863698665807212
4950,e_demand,2030,207,6,6,0.021863698665807212
4951,e_demand,2030,207,7,7,0.021863698665807212
4952,e_demand,2030,207,8,8,0.021863698665807216
4953,e_demand,2030,207,9,9,0.021863698665807212
4954,e_demand,2030,207,10,10,0.021863698665807216
4955,e_demand,2030,207,11,11,0.021863698665807212
4956,e_demand,2030,207,12,12,0.021863698665807212
4957,e_demand,2030,207,13,13,0.021863698665807216
4958,e_demand,2030,207,14,14,0.021863698665807212
4959,e_demand,2030,207,15,15,0.021863698665807212
4960,e_demand,2030,207,16,16,0.021863698665807216
4961,e_demand,2030,207,17,17,0.021863698665807216
4962,e_demand,2030,207,18,18,0.021863698665807212
4963,e_demand,2030,207,19,19,0.021863698665807212
4964,e_demand,2030,207,20,20,0.021863698665807212
4965,e_demand,2030,207,21,21,0.021863698665807212
4966,e_demand,2030,207,22,22,0.021863698665807212
4967,e_demand,2030,207,23,23,0.021863698665807212
4968,e_demand,2030,207,24,24,0.0008745479466322884
4969,e_demand,2030,208,1,1,0.001970507261469165
4970,e_demand,2030,208,2,2,0.001970507261469165
4971,e_demand,2030,208,3,3,0.001970507261469165
4972,e_demand,2030,208,4,4,0.001970507261469165
4973,e_demand,2030,208,5,5,0.001970507261469165
4974,e_demand,2030,208,6,6,0.049262681536729115
4975,e_demand,2030,208,7,7,0.04926268153672917
4976,e_demand,2030,208,8,8,0.049262681536729115
4977,e_demand,2030,208,9,9,0.049262681536729115
4978,e_demand,2030,208,10,10,0.049262681536729115
4979,e_demand,2030,208,11,11,0.049262681536729115
4980,e_demand,2030,208,12,12,0.049262681536729115
4981,e_demand,2030,208,13,13,0.049262681536729115
4982,e_demand,2030,208,14,14,0.049262681536729115
4983,e_demand,2030,208,15,15,0.049262681536729115
4984,e_demand,2030,208,16,16,0.04926268153672917
4985,e_demand,2030,208,17,17,0.049262681536729115
4986,e_demand,2030,208,18,18,0.049262681536729115
4987,e_demand,2030,208,19,19,0.049262681536729115
4988,e_demand,2030,208,20,20,0.049262681536729115
4989,e_demand,2030,208,21,21,0.04926268153672917
4990,e_demand,2030,208,22,22,0.049262681536729115
4991,e_demand,2030,208,23,23,0.049262681536729115
4992,e_demand,2030,208,24,24,0.049262681536729115
4993,e_demand,2030,209,1,1,0.025767779944533473
4994,e_demand,2030,209,2,2,0.025767779944533473
4995,e_demand,2030,209,3,3,0.025767779944533473
4996,e_demand,2030,209,4,4,0.025767779944533484
4997,e_demand,2030,209,5,5,0.025767779944533473
4998,e_demand,2030,209,6,6,0.025767779944533473
4999,e_demand,2030,209,7,7,0.025767779944533473
5000,e_demand,2030,209,8,8,0.025767779944533484
5001,e_demand,2030,209,9,9,0.025767779944533484
5002,e_demand,2030,209,10,10,0.025767779944533473
5003,e_demand,2030,209,11,11,0.025767779944533473
5004,e_demand,2030,209,12,12,0.025767779944533473
5005,e_demand,2030,209,13,13,0.025767779944533473
5006,e_demand,2030,209,14,14,0.025767779944533473
5007,e_demand,2030,209,15,15,0.001030711197781339
5008,e_demand,2030,209,16,16,0.001030711197781339
5009,e_demand,2030,209,17,17,0.001030711197781339
5010,e_demand,2030,209,18,18,0.001030711197781339
5011,e_demand,2030,209,19,19,0.001030711197781339
5012,e_demand,2030,209,20,20,0.001030711197781339
5013,e_demand,2030,209,21,21,0.001030711197781339
5014,e_demand,2030,209,22,22,0.001030711197781339
5015,e_demand,2030,209,23,23,0.001030711197781339
5016,e_demand,2030,209,24,24,0.001030711197781339
5017,e_demand,2030,210,1,1,0.03138210082204598
5018,e_demand,2030,210,2,2,0.031382100822046004
5019,e_demand,2030,210,3,3,0.03138210082204598
5020,e_demand,2030,210,4,4,0.031382100822046004
5021,e_demand,2030,210,5,5,0.03138210082204598
5022,e_demand,2030,210,6,6,0.03138210082204598
5023,e_demand,2030,210,7,7,0.03138210082204598
5024,e_demand,2030,210,8,8,0.03138210082204598
5025,e_demand,2030,210,9,9,0.03138210082204598
5026,e_demand,2030,210,10,10,0.03138210082204598
5027,e_demand,2030,210,11,11,0.03138210082204598
5028,e_demand,2030,210,12,12,0.03138210082204598
5029,e_demand,2030,210,13,13,0.031382100822046004
5030,e_demand,2030,210,14,14,0.03138210082204598
5031,e_demand,2030,210,15,15,0.03138210082204598
5032,e_demand,2030,210,16,16,0.03138210082204598
5033,e_demand,2030,210,17,17,0.031382100822046004
5034,e_demand,2030,210,18,18,0.03138210082204598
5035,e_demand,2030,210,19,19,0.03138210082204598
5036,e_demand,2030,210,20,20,0.03138210082204598
5037,e_demand,2030,210,21,21,0.03138210082204598
5038,e_demand,2030,210,22,22,0.03138210082204598
5039,e_demand,2030,210,23,23,0.03138210082204598
5040,e_demand,2030,210,24,24,0.03138210082204598
5041,e_demand,2030,211,1,1,0.02499247810177655
5042,e_demand,2030,211,2,2,0.02499247810177655
5043,e_demand,2030,211,3,3,0.02499247810177655
5044,e_demand,2030,211,4,4,0.024992478101776544
5045,e_demand,2030,211,5,5,0.024992478101776544
5046,e_demand,2030,211,6,6,0.024992478101776544
5047,e_demand,2030,211,7,7,0.024992478101776544
5048,e_demand,2030,211,8,8,0.024992478101776544
5049,e_demand,2030,211,9,9,0.024992478101776544
5050,e_demand,2030,211,10,10,0.024992478101776544
5051,e_demand,2030,211,11,11,0.024992478101776544
5052,e_demand,2030,211,12,12,0.024992478101776544
5053,e_demand,2030,211,13,13,0.024992478101776544
5054,e_demand,2030,211,14,14,0.024992478101776544
5055,e_demand,2030,211,15,15,0.024992478101776544
5056,e_demand,2030,211,16,16,0.024992478101776544
5057,e_demand,2030,211,17,17,0.024992478101776544
5058,e_demand,2030,211,18,18,0.024992478101776544
5059,e_demand,2030,211,19,19,0.024992478101776544
5060,e_demand,2030,211,20,20,0.024992478101776544
5061,e_demand,2030,211,21,21,0.02499247810177655
5062,e_demand,2030,211,22,22,0.024992478101776544
5063,e_demand,2030,211,23,23,0.024992478101776544
5064,e_demand,2030,211,24,24,0.024992478101776544
5065,e_demand,2030,212,1,1,0.0018983304887539975
5066,e_demand,2030,212,2,2,0.0018983304887539975
5067,e_demand,2030,212,3,3,0.0018983304887539975
5068,e_demand,2030,212,4,4,0.0018983304887539975
5069,e_demand,2030,212,5,5,0.0018983304887539975
5070,e_demand,2030,212,6,6,0.0018983304887539975
5071,e_demand,2030,212,7,7,0.0018983304887539975
5072,e_demand,2030,212,8,8,0.0018983304887539975
5073,e_demand,2030,212,9,9,0.0018983304887539975
5074,e_demand,2030,212,10,10,0.04745826221884994
5075,e_demand,2030,212,11,11,0.04745826221884994
5076,e_demand,2030,212,12,12,0.04745826221884998
5077,e_demand,2030,212,13,13,0.04745826221884994
5078,e_demand,2030,212,14,14,0.04745826221884994
5079,e_demand,2030,212,15,15,0.04745826221884994
5080,e_demand,2030,212,16,16,0.04745826221884994
5081,e_demand,2030,212,17,17,0.04745826221884998
5082,e_demand,2030,212,18,18,0.04745826221884994
5083,e_demand,2030,212,19,19,0.04745826221884994
5084,e_demand,2030,212,20,20,0.04745826221884994
5085,e_demand,2030,212,21,21,0.04745826221884994
5086,e_demand,2030,212,22,22,0.04745826221884994
5087,e_demand,2030,212,23,23,0.04745826221884994
5088,e_demand,2030,212,24,24,0.04745826221884998
5089,e_demand,2030,213,1,1,0.04469084977673729
5090,e_demand,2030,213,2,2,0.04469084977673729
5091,e_demand,2030,213,3,3,0.04469084977673731
5092,e_demand,2030,213,4,4,0.04469084977673729
5093,e_demand,2030,213,5,5,0.04469084977673729
5094,e_demand,2030,213,6,6,0.04469084977673729
5095,e_demand,2030,213,7,7,0.04469084977673729
5096,e_demand,2030,213,8,8,0.04469084977673729
5097,e_demand,2030,213,9,9,0.04469084977673729
5098,e_demand,2030,213,10,10,0.04469084977673729
5099,e_demand,2030,213,11,11,0.04469084977673731
5100,e_demand,2030,213,12,12,0.04469084977673731
5101,e_demand,2030,213,13,13,0.04469084977673729
5102,e_demand,2030,213,14,14,0.04469084977673729
5103,e_demand,2030,213,15,15,0.04469084977673731
5104,e_demand,2030,213,16,16,0.04469084977673729
5105,e_demand,2030,213,17,17,0.04469084977673729
5106,e_demand,2030,213,18,18,0.04469084977673731
5107,e_demand,2030,213,19,19,0.04469084977673731
5108,e_demand,2030,213,20,20,0.04469084977673731
5109,e_demand,2030,213,21,21,0.04469084977673729
5110,e_demand,2030,213,22,22,0.001787633991069492
5111,e_demand,2030,213,23,23,0.001787633991069492
5112,e_demand,2030,213,24,24,0.001787633991069492
5113,e_demand,2030,214,1,1,0.001235017679203567
5114,e_demand,2030,214,2,2,0.001235017679203567
5115,e_demand,2030,214,3,3,0.001235017679203567
5116,e_demand,2030,214,4,4,0.001235017679203567
5117,e_demand,2030,214,5,5,0.03087544198008919
5118,e_demand,2030,214,6,6,0.030875441980089176
5119,e_demand,2030,214,7,7,0.030875441980089176
5120,e_demand,2030,214,8,8,0.03087544198008919
5121,e_demand,2030,214,9,9,0.030875441980089176
5122,e_demand,2030,214,10,10,0.03087544198008919
5123,e_demand,2030,214,11,11,0.03087544198008919
5124,e_demand,2030,214,12,12,0.030875441980089176
5125,e_demand,2030,214,13,13,0.030875441980089176
5126,e_demand,2030,214,14,14,0.030875441980089176
5127,e_demand,2030,214,15,15,0.001235017679203567
5128,e_demand,2030,214,16,16,0.001235017679203567
5129,e_demand,2030,214,17,17,0.001235017679203567
5130,e_demand,2030,214,18,18,0.001235017679203567
5131,e_demand,2030,214,19,19,0.001235017679203567
5132,e_demand,2030,214,20,20,0.001235017679203567
5133,e_demand,2030,214,21,21,0.001235017679203567
5134,e_demand,2030,214,22,22,0.001235017679203567
5135,e_demand,2030,214,23,23,0.001235017679203567
5136,e_demand,2030,214,24,24,0.001235017679203567
5137,e_demand,2030,215,1,1,0.09363866378933518
5138,e_demand,2030,215,2,2,0.09363866378933514
5139,e_demand,2030,215,3,3,0.09363866378933514
5140,e_demand,2030,215,4,4,0.09363866378933514
5141,e_demand,2030,215,5,5,0.09363866378933514
5142,e_demand,2030,215,6,6,0.09363866378933514
5143,e_demand,2030,215,7,7,0.09363866378933514
5144,e_demand,2030,215,8,8,0.09363866378933514
5145,e_demand,2030,215,9,9,0.09363866378933514
5146,e_demand,2030,215,10,10,0.09363866378933514
5147,e_demand,2030,215,11,11,0.09363866378933514
5148,e_demand,2030,215,12,12,0.09363866378933514
5149,e_demand,2030,215,13,13,0.09363866378933514
5150,e_demand,2030,215,14,14,0.09363866378933514
5151,e_demand,2030,215,15,15,0.09363866378933514
5152,e_demand,2030,215,16,16,0.09363866378933514
5153,e_demand,2030,215,17,17,0.09363866378933514
5154,e_demand,2030,215,18,18,0.09363866378933514
5155,e_demand,2030,215,19,19,0.09363866378933514
5156,e_demand,2030,215,20,20,0.09363866378933514
5157,e_demand,2030,215,21,21,0.09363866378933514
5158,e_demand,2030,215,22,22,0.09363866378933514
5159,e_demand,2030,215,23,23,0.09363866378933514
5160,e_demand,2030,215,24,24,0.09363866378933514
5161,e_demand,2030,216,1,1,0.0033523610314992887
5162,e_demand,2030,216,2,2,0.0033523610314992887
5163,e_demand,2030,216,3,3,0.0033523610314992887
5164,e_demand,2030,216,4,4,0.0033523610314992887
5165,e_demand,2030,216,5,5,0.0033523610314992887
5166,e_demand,2030,216,6,6,0.0033523610314992887
5167,e_demand,2030,216,7,7,0.0033523610314992887
5168,e_demand,2030,216,8,8,0.0033523610314992887
5169,e_demand,2030,216,9,9,0.0033523610314992887
5170,e_demand,2030,216,10,10,0.08380902578748227
5171,e_demand,2030,216,11,11,0.08380902578748223
5172,e_demand,2030,216,12,12,0.08380902578748223
5173,e_demand,2030,216,13,13,0.08380902578748223
5174,e_demand,2030,216,14,14,0.08380902578748223
5175,e_demand,2030,216,15,15,0.08380902578748227
5176,e_demand,2030,216,16,16,0.08380902578748227
5177,e_demand,2030,216,17,17,0.0033523610314992887
5178,e_demand,2030,216,18,18,0.0033523610314992887
5179,e_demand,2030,216,19,19,0.0033523610314992887
5180,e_demand,2030,216,20,20,0.0033523610314992887
5181,e_demand,2030,216,21,21,0.0033523610314992887
5182,e_demand,2030,216,22,22,0.0033523610314992887
5183,e_demand,2030,216,23,23,0.0033523610314992887
5184,e_demand,2030,216,24,24,0.0033523610314992887
5185,e_demand,2030,217,1,1,0.08468029075315828
5186,e_demand,2030,217,2,2,0.08468029075315837
5187,e_demand,2030,217,3,3,0.08468029075315837
5188,e_demand,2030,217,4,4,0.08468029075315837
5189,e_demand,2030,217,5,5,0.08468029075315837
5190,e_demand,2030,217,6,6,0.08468029075315837
5191,e_demand,2030,217,7,7,0.08468029075315837
5192,e_demand,2030,217,8,8,0.08468029075315837
5193,e_demand,2030,217,9,9,0.08468029075315837
5194,e_demand,2030,217,10,10,0.08468029075315837
5195,e_demand,2030,217,11,11,0.08468029075315837
5196,e_demand,2030,217,12,12,0.08468029075315837
5197,e_demand,2030,217,13,13,0.08468029075315837
5198,e_demand,2030,217,14,14,0.08468029075315837
5199,e_demand,2030,217,15,15,0.08468029075315828
5200,e_demand,2030,217,16,16,0.08468029075315837
5201,e_demand,2030,217,17,17,0.08468029075315837
5202,e_demand,2030,217,18,18,0.08468029075315837
5203,e_demand,2030,217,19,19,0.08468029075315837
5204,e_demand,2030,217,20,20,0.08468029075315837
5205,e_demand,2030,217,21,21,0.08468029075315837
5206,e_demand,2030,217,22,22,0.08468029075315837
5207,e_demand,2030,217,23,23,0.08468029075315837
5208,e_demand,2030,217,24,24,0.08468029075315828
5209,e_demand,2030,218,1,1,0.17131845821025565
5210,e_demand,2030,218,2,2,0.17131845821025565
5211,e_demand,2030,218,3,3,0.17131845821025565
5212,e_demand,2030,218,4,4,0.17131845821025565
5213,e_demand,2030,218,5,5,0.17131845821025565
5214,e_demand,2030,218,6,6,0.1713184582102558
5215,e_demand,2030,218,7,7,0.17131845821025565
5216,e_demand,2030,218,8,8,0.17131845821025565
5217,e_demand,2030,218,9,9,0.17131845821025565
5218,e_demand,2030,218,10,10,0.17131845821025565
5219,e_demand,2030,218,11,11,0.17131845821025565
5220,e_demand,2030,218,12,12,0.17131845821025565
5221,e_demand,2030,218,13,13,0.17131845821025565
5222,e_demand,2030,218,14,14,0.17131845821025565
5223,e_demand,2030,218,15,15,0.17131845821025565
5224,e_demand,2030,218,16,16,0.17131845821025565
5225,e_demand,2030,218,17,17,0.17131845821025565
5226,e_demand,2030,218,18,18,0.17131845821025565
5227,e_demand,2030,218,19,19,0.17131845821025565
5228,e_demand,2030,218,20,20,0.17131845821025565
5229,e_demand,2030,218,21,21,0.17131845821025565
5230,e_demand,2030,218,22,22,0.17131845821025565
5231,e_demand,2030,218,23,23,0.1713184582102558
5232,e_demand,2030,218,24,24,0.17131845821025565
5233,e_demand,2030,219,1,1,0.08264936474475784
5234,e_demand,2030,219,2,2,0.08264936474475784
5235,e_demand,2030,219,3,3,0.08264936474475784
5236,e_demand,2030,219,4,4,0.08264936474475784
5237,e_demand,2030,219,5,5,0.08264936474475784
5238,e_demand,2030,219,6,6,0.08264936474475784
5239,e_demand,2030,219,7,7,0.08264936474475784
5240,e_demand,2030,219,8,8,0.08264936474475784
5241,e_demand,2030,219,9,9,0.08264936474475784
5242,e_demand,2030,219,10,10,0.08264936474475784
5243,e_demand,2030,219,11,11,0.08264936474475784
5244,e_demand,2030,219,12,12,0.08264936474475784
5245,e_demand,2030,219,13,13,0.08264936474475784
5246,e_demand,2030,219,14,14,0.08264936474475784
5247,e_demand,2030,219,15,15,0.08264936474475784
5248,e_demand,2030,219,16,16,0.08264936474475784
5249,e_demand,2030,219,17,17,0.08264936474475784
5250,e_demand,2030,219,18,18,0.08264936474475784
5251,e_demand,2030,219,19,19,0.08264936474475784
5252,e_demand,2030,219,20,20,0.08264936474475784
5253,e_demand,2030,219,21,21,0.08264936474475784
5254,e_demand,2030,219,22,22,0.08264936474475784
5255,e_demand,2030,219,23,23,0.08264936474475784
5256,e_demand,2030,219,24,24,0.08264936474475784
5257,e_demand,2030,220,1,1,0.30639947464142
5258,e_demand,2030,220,2,2,0.30639947464142
5259,e_demand,2030,220,3,3,0.30639947464142
5260,e_demand,2030,220,4,4,0.30639947464142
5261,e_demand,2030,220,5,5,0.30639947464142
5262,e_demand,2030,220,6,6,0.30639947464142
5263,e_demand,2030,220,7,7,0.30639947464142
5264,e_demand,2030,220,8,8,0.30639947464142
5265,e_demand,2030,220,9,9,0.30639947464142
5266,e_demand,2030,220,10,10,0.30639947464142
5267,e_demand,2030,220,11,11,0.30639947464142
5268,e_demand,2030,220,12,12,0.30639947464142
5269,e_demand,2030,220,13,13,0.30639947464142
5270,e_demand,2030,220,14,14,0.30639947464142
5271,e_demand,2030,220,15,15,0.30639947464142
5272,e_demand,2030,220,16,16,0.30639947464142
5273,e_demand,2030,220,17,17,0.30639947464142
5274,e_demand,2030,220,18,18,0.30639947464142
5275,e_demand,2030,220,19,19,0.30639947464142
5276,e_demand,2030,220,20,20,0.30639947464142
5277,e_demand,2030,220,21,21,0.30639947464142
5278,e_demand,2030,220,22,22,0.30639947464142
5279,e_demand,2030,220,23,23,0.30639947464142
5280,e_demand,2030,220,24,24,0.30639947464142
5281,e_demand,2030,221,1,1,0.019465702493940053
5282,e_demand,2030,221,2,2,0.019465702493940053
5283,e_demand,2030,221,3,3,0.019465702493940053
5284,e_demand,2030,221,4,4,0.019465702493940053
5285,e_demand,2030,221,5,5,0.019465702493940053
5286,e_demand,2030,221,6,6,0.019465702493940053
5287,e_demand,2030,221,7,7,0.019465702493940053
5288,e_demand,2030,221,8,8,0.019465702493940053
5289,e_demand,2030,221,9,9,0.019465702493940053
5290,e_demand,2030,221,10,10,0.019465702493940053
5291,e_demand,2030,221,11,11,0.019465702493940053
5292,e_demand,2030,221,12,12,0.019465702493940053
5293,e_demand,2030,221,13,13,0.019465702493940053
5294,e_demand,2030,221,14,14,0.019465702493940053
5295,e_demand,2030,221,15,15,0.019465702493940053
5296,e_demand,2030,221,16,16,0.019465702493940053
5297,e_demand,2030,221,17,17,0.019465702493940053
5298,e_demand,2030,221,18,18,0.019465702493940053
5299,e_demand,2030,221,19,19,0.019465702493940053
5300,e_demand,2030,221,20,20,0.019465702493940053
5301,e_demand,2030,221,21,21,0.019465702493940053
5302,e_demand,2030,221,22,22,0.019465702493940053
5303,e_demand,2030,221,23,23,0.019465702493940053
5304,e_demand,2030,221,24,24,0.019465702493940053
5305,e_demand,2030,222,1,1,0.043551715130365924
5306,e_demand,2030,222,2,2,0.04355171513036594
5307,e_demand,2030,222,3,3,0.04355171513036594
5308,e_demand,2030,222,4,4,0.04355171513036594
5309,e_demand,2030,222,5,5,0.04355171513036594
5310,e_demand,2030,222,6,6,0.04355171513036594
5311,e_demand,2030,222,7,7,0.04355171513036594
5312,e_demand,2030,222,8,8,0.04355171513036594
5313,e_demand,2030,222,9,9,0.043551715130365924
5314,e_demand,2030,222,10,10,0.043551715130365924
5315,e_demand,2030,222,11,11,0.043551715130365924
5316,e_demand,2030,222,12,12,0.043551715130365924
5317,e_demand,2030,222,13,13,0.043551715130365924
5318,e_demand,2030,222,14,14,0.043551715130365924
5319,e_demand,2030,222,15,15,0.04355171513036594
5320,e_demand,2030,222,16,16,0.04355171513036594
5321,e_demand,2030,222,17,17,0.04355171513036594
5322,e_demand,2030,222,18,18,0.04355171513036594
5323,e_demand,2030,222,19,19,0.04355171513036594
5324,e_demand,2030,222,20,20,0.04355171513036594
5325,e_demand,2030,222,21,21,0.04355171513036594
5326,e_demand,2030,222,22,22,0.04355171513036594
5327,e_demand,2030,222,23,23,0.04355171513036594
5328,e_demand,2030,222,24,24,0.04355171513036594
5329,e_demand,2030,223,1,1,0.026533036135096354
5330,e_demand,2030,223,2,2,0.026533036135096354
5331,e_demand,2030,223,3,3,0.026533036135096354
5332,e_demand,2030,223,4,4,0.026533036135096354
5333,e_demand,2030,223,5,5,0.026533036135096354
5334,e_demand,2030,223,6,6,0.026533036135096354
5335,e_demand,2030,223,7,7,0.026533036135096354
5336,e_demand,2030,223,8,8,0.026533036135096354
5337,e_demand,2030,223,9,9,0.026533036135096354
5338,e_demand,2030,223,10,10,0.026533036135096354
5339,e_demand,2030,223,11,11,0.026533036135096354
5340,e_demand,2030,223,12,12,0.026533036135096354
5341,e_demand,2030,223,13,13,0.026533036135096354
5342,e_demand,2030,223,14,14,0.026533036135096354
5343,e_demand,2030,223,15,15,0.026533036135096354
5344,e_demand,2030,223,16,16,0.026533036135096354
5345,e_demand,2030,223,17,17,0.026533036135096354
5346,e_demand,2030,223,18,18,0.026533036135096354
5347,e_demand,2030,223,19,19,0.026533036135096354
5348,e_demand,2030,223,20,20,0.026533036135096354
5349,e_demand,2030,223,21,21,0.026533036135096354
5350,e_demand,2030,223,22,22,0.026533036135096354
5351,e_demand,2030,223,23,23,0.026533036135096354
5352,e_demand,2030,223,24,24,0.026533036135096354
5353,e_demand,2030,224,1,1,0.10102995759505125
5354,e_demand,2030,224,2,2,0.1010299575950513
5355,e_demand,2030,224,3,3,0.1010299575950513
5356,e_demand,2030,224,4,4,0.1010299575950513
5357,e_demand,2030,224,5,5,0.1010299575950513
5358,e_demand,2030,224,6,6,0.1010299575950513
5359,e_demand,2030,224,7,7,0.1010299575950513
5360,e_demand,2030,224,8,8,0.1010299575950513
5361,e_demand,2030,224,9,9,0.1010299575950513
5362,e_demand,2030,224,10,10,0.1010299575950513
5363,e_demand,2030,224,11,11,0.1010299575950513
5364,e_demand,2030,224,12,12,0.1010299575950513
5365,e_demand,2030,224,13,13,0.1010299575950513
5366,e_demand,2030,224,14,14,0.1010299575950513
5367,e_demand,2030,224,15,15,0.1010299575950513
5368,e_demand,2030,224,16,16,0.1010299575950513
5369,e_demand,2030,224,17,17,0.10102995759505125
5370,e_demand,2030,224,18,18,0.1010299575950513
5371,e_demand,2030,224,19,19,0.1010299575950513
5372,e_demand,2030,224,20,20,0.10102995759505125
5373,e_demand,2030,224,21,21,0.1010299575950513
5374,e_demand,2030,224,22,22,0.1010299575950513
5375,e_demand,2030,224,23,23,0.1010299575950513
5376,e_demand,2030,224,24,24,0.1010299575950513
5377,e_demand,2030,225,1,1,0.014341778850048854
5378,e_demand,2030,225,2,2,0.014341778850048854
5379,e_demand,2030,225,3,3,0.014341778850048854
5380,e_demand,2030,225,4,4,0.014341778850048854
5381,e_demand,2030,225,5,5,0.014341778850048854
5382,e_demand,2030,225,6,6,0.014341778850048854
5383,e_demand,2030,225,7,7,0.014341778850048852
5384,e_demand,2030,225,8,8,0.014341778850048852
5385,e_demand,2030,225,9,9,0.014341778850048854
5386,e_demand,2030,225,10,10,0.014341778850048852
5387,e_demand,2030,225,11,11,0.014341778850048854
5388,e_demand,2030,225,12,12,0.014341778850048854
5389,e_demand,2030,225,13,13,0.014341778850048854
5390,e_demand,2030,225,14,14,0.014341778850048854
5391,e_demand,2030,225,15,15,0.014341778850048854
5392,e_demand,2030,225,16,16,0.014341778850048854
5393,e_demand,2030,225,17,17,0.014341778850048854
5394,e_demand,2030,225,18,18,0.014341778850048854
5395,e_demand,2030,225,19,19,0.014341778850048854
5396,e_demand,2030,225,20,20,0.014341778850048854
5397,e_demand,2030,225,21,21,0.014341778850048854
5398,e_demand,2030,225,22,22,0.014341778850048854
5399,e_demand,2030,225,23,23,0.014341778850048854
5400,e_demand,2030,225,24,24,0.014341778850048854
5401,e_demand,2030,226,1,1,0.03947858525350878
5402,e_demand,2030,226,2,2,0.039478585253508794
5403,e_demand,2030,226,3,3,0.039478585253508794
5404,e_demand,2030,226,4,4,0.039478585253508794
5405,e_demand,2030,226,5,5,0.039478585253508794
5406,e_demand,2030,226,6,6,0.039478585253508794
5407,e_demand,2030,226,7,7,0.039478585253508794
5408,e_demand,2030,226,8,8,0.039478585253508794
5409,e_demand,2030,226,9,9,0.039478585253508794
5410,e_demand,2030,226,10,10,0.039478585253508794
5411,e_demand,2030,226,11,11,0.039478585253508794
5412,e_demand,2030,226,12,12,0.039478585253508794
5413,e_demand,2030,226,13,13,0.039478585253508794
5414,e_demand,2030,226,14,14,0.039478585253508794
5415,e_demand,2030,226,15,15,0.039478585253508794
5416,e_demand,2030,226,16,16,0.039478585253508794
5417,e_demand,2030,226,17,17,0.039478585253508794
5418,e_demand,2030,226,18,18,0.039478585253508794
5419,e_demand,2030,226,19,19,0.039478585253508794
5420,e_demand,2030,226,20,20,0.039478585253508794
5421,e_demand,2030,226,21,21,0.039478585253508794
5422,e_demand,2030,226,22,22,0.039478585253508794
5423,e_demand,2030,226,23,23,0.039478585253508794
5424,e_demand,2030,226,24,24,0.039478585253508794
5425,e_demand,2030,227,1,1,0.037887820915066414
5426,e_demand,2030,227,2,2,0.03788782091506641
5427,e_demand,2030,227,3,3,0.03788782091506641
5428,e_demand,2030,227,4,4,0.03788782091506641
5429,e_demand,2030,227,5,5,0.03788782091506641
5430,e_demand,2030,227,6,6,0.03788782091506641
5431,e_demand,2030,227,7,7,0.03788782091506641
5432,e_demand,2030,227,8,8,0.03788782091506641
5433,e_demand,2030,227,9,9,0.03788782091506641
5434,e_demand,2030,227,10,10,0.03788782091506641
5435,e_demand,2030,227,11,11,0.03788782091506641
5436,e_demand,2030,227,12,12,0.03788782091506641
5437,e_demand,2030,227,13,13,0.03788782091506641
5438,e_demand,2030,227,14,14,0.03788782091506641
5439,e_demand,2030,227,15,15,0.03788782091506641
5440,e_demand,2030,227,16,16,0.037887820915066414
5441,e_demand,2030,227,17,17,0.037887820915066414
5442,e_demand,2030,227,18,18,0.03788782091506641
5443,e_demand,2030,227,19,19,0.03788782091506641
5444,e_demand,2030,227,20,20,0.03788782091506641
5445,e_demand,2030,227,21,21,0.03788782091506641
5446,e_demand,2030,227,22,22,0.03788782091506641
5447,e_demand,2030,227,23,23,0.03788782091506641
5448,e_demand,2030,227,24,24,0.03788782091506641
5449,e_demand,2030,228,1,1,0.04575533954858328
5450,e_demand,2030,228,2,2,0.04575533954858328
5451,e_demand,2030,228,3,3,0.04575533954858328
5452,e_demand,2030,228,4,4,0.04575533954858328
5453,e_demand,2030,228,5,5,0.04575533954858328
5454,e_demand,2030,228,6,6,0.04575533954858328
5455,e_demand,2030,228,7,7,0.04575533954858328
5456,e_demand,2030,228,8,8,0.04575533954858328
5457,e_demand,2030,228,9,9,0.04575533954858328
5458,e_demand,2030,228,10,10,0.04575533954858328
5459,e_demand,2030,228,11,11,0.04575533954858328
5460,e_demand,2030,228,12,12,0.04575533954858328
5461,e_demand,2030,228,13,13,0.04575533954858328
5462,e_demand,2030,228,14,14,0.04575533954858328
5463,e_demand,2030,228,15,15,0.04575533954858328
5464,e_demand,2030,228,16,16,0.04575533954858328
5465,e_demand,2030,228,17,17,0.04575533954858328
5466,e_demand,2030,228,18,18,0.04575533954858328
5467,e_demand,2030,228,19,19,0.04575533954858328
5468,e_demand,2030,228,20,20,0.04575533954858328
5469,e_demand,2030,228,21,21,0.04575533954858328
5470,e_demand,2030,228,22,22,0.04575533954858328
5471,e_demand,2030,228,23,23,0.04575533954858328
5472,e_demand,2030,228,24,24,0.04575533954858328
5473,e_demand,2030,229,1,1,0.05533981196915754
5474,e_demand,2030,229,2,2,0.05533981196915754
5475,e_demand,2030,229,3,3,0.05533981196915754
5476,e_demand,2030,229,4,4,0.05533981196915754
5477,e_demand,2030,229,5,5,0.05533981196915754
5478,e_demand,2030,229,6,6,0.05533981196915754
5479,e_demand,2030,229,7,7,0.05533981196915754
5480,e_demand,2030,229,8,8,0.05533981196915754
5481,e_demand,2030,229,9,9,0.05533981196915751
5482,e_demand,2030,229,10,10,0.05533981196915751
5483,e_demand,2030,229,11,11,0.05533981196915754
5484,e_demand,2030,229,12,12,0.05533981196915754
5485,e_demand,2030,229,13,13,0.05533981196915754
5486,e_demand,2030,229,14,14,0.05533981196915754
5487,e_demand,2030,229,15,15,0.05533981196915754
5488,e_demand,2030,229,16,16,0.05533981196915754
5489,e_demand,2030,229,17,17,0.05533981196915754
5490,e_demand,2030,229,18,18,0.05533981196915754
5491,e_demand,2030,229,19,19,0.05533981196915754
5492,e_demand,2030,229,20,20,0.05533981196915754
5493,e_demand,2030,229,21,21,0.05533981196915754
5494,e_demand,2030,229,22,22,0.05533981196915754
5495,e_demand,2030,229,23,23,0.05533981196915754
5496,e_demand,2030,229,24,24,0.05533981196915754
5497,e_demand,2030,230,1,1,0.032151839420484
5498,e_demand,2030,230,2,2,0.032151839420484
5499,e_demand,2030,230,3,3,0.00128607357681936
5500,e_demand,2030,230,4,4,0.00128607357681936
5501,e_demand,2030,230,5,5,0.00128607357681936
5502,e_demand,2030,230,6,6,0.00128607357681936
5503,e_demand,2030,230,7,7,0.032151839420484
5504,e_demand,2030,230,8,8,0.032151839420484
5505,e_demand,2030,230,9,9,0.032151839420484
5506,e_demand,2030,230,10,10,0.032151839420484
5507,e_demand,2030,230,11,11,0.032151839420484
5508,e_demand,2030,230,12,12,0.032151839420484
5509,e_demand,2030,230,13,13,0.032151839420484
5510,e_demand,2030,230,14,14,0.032151839420484
5511,e_demand,2030,230,15,15,0.032151839420484
5512,e_demand,2030,230,16,16,0.032151839420484
5513,e_demand,2030,230,17,17,0.032151839420484
5514,e_demand,2030,230,18,18,0.032151839420484
5515,e_demand,2030,230,19,19,0.032151839420484
5516,e_demand,2030,230,20,20,0.032151839420484
5517,e_demand,2030,230,21,21,0.032151839420484
5518,e_demand,2030,230,22,22,0.032151839420484
5519,e_demand,2030,230,23,23,0.032151839420484
5520,e_demand,2030,230,24,24,0.032151839420484
5521,e_demand,2030,231,1,1,0.018892711503763582
5522,e_demand,2030,231,2,2,0.018892711503763582
5523,e_demand,2030,231,3,3,0.018892711503763582
5524,e_demand,2030,231,4,4,0.018892711503763582
5525,e_demand,2030,231,5,5,0.018892711503763582
5526,e_demand,2030,231,6,6,0.018892711503763582
5527,e_demand,2030,231,7,7,0.018892711503763582
5528,e_demand,2030,231,8,8,0.018892711503763582
5529,e_demand,2030,231,9,9,0.018892711503763582
5530,e_demand,2030,231,10,10,0.018892711503763582
5531,e_demand,2030,231,11,11,0.018892711503763582
5532,e_demand,2030,231,12,12,0.018892711503763582
5533,e_demand,2030,231,13,13,0.018892711503763582
5534,e_demand,2030,231,14,14,0.018892711503763582
5535,e_demand,2030,231,15,15,0.018892711503763582
5536,e_demand,2030,231,16,16,0.018892711503763582
5537,e_demand,2030,231,17,17,0.018892711503763582
5538,e_demand,2030,231,18,18,0.018892711503763582
5539,e_demand,2030,231,19,19,0.018892711503763582
5540,e_demand,2030,231,20,20,0.018892711503763582
5541,e_demand,2030,231,21,21,0.018892711503763582
5542,e_demand,2030,231,22,22,0.018892711503763582
5543,e_demand,2030,231,23,23,0.018892711503763582
5544,e_demand,2030,231,24,24,0.018892711503763582
5545,e_demand,2030,232,1,1,0.03605449061390409
5546,e_demand,2030,232,2,2,0.03605449061390409
5547,e_demand,2030,232,3,3,0.03605449061390409
5548,e_demand,2030,232,4,4,0.03605449061390409
5549,e_demand,2030,232,5,5,0.03605449061390409
5550,e_demand,2030,232,6,6,0.03605449061390409
5551,e_demand,2030,232,7,7,0.03605449061390409
5552,e_demand,2030,232,8,8,0.03605449061390409
5553,e_demand,2030,232,9,9,0.03605449061390409
5554,e_demand,2030,232,10,10,0.03605449061390407
5555,e_demand,2030,232,11,11,0.03605449061390409
5556,e_demand,2030,232,12,12,0.03605449061390407
5557,e_demand,2030,232,13,13,0.03605449061390407
5558,e_demand,2030,232,14,14,0.03605449061390407
5559,e_demand,2030,232,15,15,0.03605449061390407
5560,e_demand,2030,232,16,16,0.03605449061390407
5561,e_demand,2030,232,17,17,0.03605449061390407
5562,e_demand,2030,232,18,18,0.03605449061390407
5563,e_demand,2030,232,19,19,0.03605449061390409
5564,e_demand,2030,232,20,20,0.03605449061390409
5565,e_demand,2030,232,21,21,0.03605449061390409
5566,e_demand,2030,232,22,22,0.03605449061390409
5567,e_demand,2030,232,23,23,0.03605449061390409
5568,e_demand,2030,232,24,24,0.03605449061390409
5569,e_demand,2030,233,1,1,0.07840905973417255
5570,e_demand,2030,233,2,2,0.07840905973417255
5571,e_demand,2030,233,3,3,0.07840905973417255
5572,e_demand,2030,233,4,4,0.07840905973417255
5573,e_demand,2030,233,5,5,0.07840905973417255
5574,e_demand,2030,233,6,6,0.07840905973417255
5575,e_demand,2030,233,7,7,0.07840905973417255
5576,e_demand,2030,233,8,8,0.0784090597341725
5577,e_demand,2030,233,9,9,0.0784090597341725
5578,e_demand,2030,233,10,10,0.0784090597341725
5579,e_demand,2030,233,11,11,0.0784090597341725
5580,e_demand,2030,233,12,12,0.0784090597341725
5581,e_demand,2030,233,13,13,0.0784090597341725
5582,e_demand,2030,233,14,14,0.0784090597341725
5583,e_demand,2030,233,15,15,0.0784090597341725
5584,e_demand,2030,233,16,16,0.0784090597341725
5585,e_demand,2030,233,17,17,0.0784090597341725
5586,e_demand,2030,233,18,18,0.0784090597341725
5587,e_demand,2030,233,19,19,0.0784090597341725
5588,e_demand,2030,233,20,20,0.07840905973417255
5589,e_demand,2030,233,21,21,0.07840905973417255
5590,e_demand,2030,233,22,22,0.07840905973417255
5591,e_demand,2030,233,23,23,0.07840905973417255
5592,e_demand,2030,233,24,24,0.07840905973417255
5593,e_demand,2030,234,1,1,0.032665619903429026
5594,e_demand,2030,234,2,2,0.03266561990342904
5595,e_demand,2030,234,3,3,0.03266561990342904
5596,e_demand,2030,234,4,4,0.03266561990342904
5597,e_demand,2030,234,5,5,0.03266561990342904
5598,e_demand,2030,234,6,6,0.03266561990342904
5599,e_demand,2030,234,7,7,0.03266561990342904
5600,e_demand,2030,234,8,8,0.03266561990342904
5601,e_demand,2030,234,9,9,0.03266561990342904
5602,e_demand,2030,234,10,10,0.03266561990342904
5603,e_demand,2030,234,11,11,0.032665619903429026
5604,e_demand,2030,234,12,12,0.03266561990342904
5605,e_demand,2030,234,13,13,0.03266561990342904
5606,e_demand,2030,234,14,14,0.03266561990342904
5607,e_demand,2030,234,15,15,0.03266561990342904
5608,e_demand,2030,234,16,16,0.03266561990342904
5609,e_demand,2030,234,17,17,0.03266561990342904
5610,e_demand,2030,234,18,18,0.03266561990342904
5611,e_demand,2030,234,19,19,0.03266561990342904
5612,e_demand,2030,234,20,20,0.03266561990342904
5613,e_demand,2030,234,21,21,0.03266561990342904
5614,e_demand,2030,234,22,22,0.03266561990342904
5615,e_demand,2030,234,23,23,0.03266561990342904
5616,e_demand,2030,234,24,24,0.03266561990342904
5617,e_demand,2030,235,1,1,0.06042262035564108
5618,e_demand,2030,235,2,2,0.060422620355641124
5619,e_demand,2030,235,3,3,0.060422620355641124
5620,e_demand,2030,235,4,4,0.060422620355641124
5621,e_demand,2030,235,5,5,0.060422620355641124
5622,e_demand,2030,235,6,6,0.060422620355641124
5623,e_demand,2030,235,7,7,0.060422620355641124
5624,e_demand,2030,235,8,8,0.060422620355641124
5625,e_demand,2030,235,9,9,0.060422620355641124
5626,e_demand,2030,235,10,10,0.060422620355641124
5627,e_demand,2030,235,11,11,0.060422620355641124
5628,e_demand,2030,235,12,12,0.060422620355641124
5629,e_demand,2030,235,13,13,0.060422620355641124
5630,e_demand,2030,235,14,14,0.060422620355641124
5631,e_demand,2030,235,15,15,0.060422620355641124
5632,e_demand,2030,235,16,16,0.060422620355641124
5633,e_demand,2030,235,17,17,0.060422620355641124
5634,e_demand,2030,235,18,18,0.060422620355641124
5635,e_demand,2030,235,19,19,0.060422620355641124
5636,e_demand,2030,235,20,20,0.060422620355641124
5637,e_demand,2030,235,21,21,0.06042262035564108
5638,e_demand,2030,235,22,22,0.060422620355641124
5639,e_demand,2030,235,23,23,0.060422620355641124
5640,e_demand,2030,235,24,24,0.060422620355641124
5641,e_demand,2030,236,1,1,0.12460296316783644
5642,e_demand,2030,236,2,2,0.12460296316783644
5643,e_demand,2030,236,3,3,0.12460296316783644
5644,e_demand,2030,236,4,4,0.12460296316783644
5645,e_demand,2030,236,5,5,0.12460296316783644
5646,e_demand,2030,236,6,6,0.12460296316783644
5647,e_demand,2030,236,7,7,0.12460296316783644
5648,e_demand,2030,236,8,8,0.12460296316783644
5649,e_demand,2030,236,9,9,0.12460296316783644
5650,e_demand,2030,236,10,10,0.12460296316783644
5651,e_demand,2030,236,11,11,0.12460296316783644
5652,e_demand,2030,236,12,12,0.12460296316783644
5653,e_demand,2030,236,13,13,0.12460296316783644
5654,e_demand,2030,236,14,14,0.12460296316783644
5655,e_demand,2030,236,15,15,0.12460296316783644
5656,e_demand,2030,236,16,16,0.12460296316783644
5657,e_demand,2030,236,17,17,0.12460296316783644
5658,e_demand,2030,236,18,18,0.12460296316783644
5659,e_demand,2030,236,19,19,0.12460296316783644
5660,e_demand,2030,236,20,20,0.12460296316783644
5661,e_demand,2030,236,21,21,0.12460296316783644
5662,e_demand,2030,236,22,22,0.12460296316783644
5663,e_demand,2030,236,23,23,0.12460296316783644
5664,e_demand,2030,236,24,24,0.12460296316783644
5665,e_demand,2030,237,1,1,0.05282266921838105
5666,e_demand,2030,237,2,2,0.05282266921838106
5667,e_demand,2030,237,3,3,0.05282266921838106
5668,e_demand,2030,237,4,4,0.05282266921838105
5669,e_demand,2030,237,5,5,0.05282266921838106
5670,e_demand,2030,237,6,6,0.05282266921838106
5671,e_demand,2030,237,7,7,0.05282266921838106
5672,e_demand,2030,237,8,8,0.05282266921838106
5673,e_demand,2030,237,9,9,0.05282266921838106
5674,e_demand,2030,237,10,10,0.05282266921838106
5675,e_demand,2030,237,11,11,0.05282266921838106
5676,e_demand,2030,237,12,12,0.05282266921838106
5677,e_demand,2030,237,13,13,0.05282266921838106
5678,e_demand,2030,237,14,14,0.05282266921838106
5679,e_demand,2030,237,15,15,0.05282266921838106
5680,e_demand,2030,237,16,16,0.05282266921838106
5681,e_demand,2030,237,17,17,0.05282266921838106
5682,e_demand,2030,237,18,18,0.05282266921838106
5683,e_demand,2030,237,19,19,0.05282266921838106
5684,e_demand,2030,237,20,20,0.05282266921838106
5685,e_demand,2030,237,21,21,0.05282266921838106
5686,e_demand,2030,237,22,22,0.05282266921838106
5687,e_demand,2030,237,23,23,0.05282266921838106
5688,e_demand,2030,237,24,24,0.05282266921838106
5689,e_demand,2030,238,1,1,0.03355632883325823
5690,e_demand,2030,238,2,2,0.03355632883325823
5691,e_demand,2030,238,3,3,0.03355632883325823
5692,e_demand,2030,238,4,4,0.03355632883325823
5693,e_demand,2030,238,5,5,0.03355632883325823
5694,e_demand,2030,238,6,6,0.03355632883325823
5695,e_demand,2030,238,7,7,0.03355632883325823
5696,e_demand,2030,238,8,8,0.03355632883325823
5697,e_demand,2030,238,9,9,0.03355632883325823
5698,e_demand,2030,238,10,10,0.03355632883325823
5699,e_demand,2030,238,11,11,0.03355632883325823
5700,e_demand,2030,238,12,12,0.03355632883325823
5701,e_demand,2030,238,13,13,0.03355632883325823
5702,e_demand,2030,238,14,14,0.03355632883325823
5703,e_demand,2030,238,15,15,0.03355632883325823
5704,e_demand,2030,238,16,16,0.03355632883325823
5705,e_demand,2030,238,17,17,0.03355632883325823
5706,e_demand,2030,238,18,18,0.03355632883325823
5707,e_demand,2030,238,19,19,0.03355632883325823
5708,e_demand,2030,238,20,20,0.03355632883325823
5709,e_demand,2030,238,21,21,0.03355632883325823
5710,e_demand,2030,238,22,22,0.03355632883325823
5711,e_demand,2030,238,23,23,0.03355632883325823
5712,e_demand,2030,238,24,24,0.03355632883325823
5713,e_demand,2030,239,1,1,0.029663325921306067
5714,e_demand,2030,239,2,2,0.029663325921306067
5715,e_demand,2030,239,3,3,0.029663325921306067
5716,e_demand,2030,239,4,4,0.029663325921306067
5717,e_demand,2030,239,5,5,0.029663325921306067
5718,e_demand,2030,239,6,6,0.029663325921306067
5719,e_demand,2030,239,7,7,0.029663325921306067
5720,e_demand,2030,239,8,8,0.029663325921306067
5721,e_demand,2030,239,9,9,0.029663325921306067
5722,e_demand,2030,239,10,10,0.029663325921306067
5723,e_demand,2030,239,11,11,0.029663325921306067
5724,e_demand,2030,239,12,12,0.029663325921306067
5725,e_demand,2030,239,13,13,0.029663325921306067
5726,e_demand,2030,239,14,14,0.029663325921306067
5727,e_demand,2030,239,15,15,0.029663325921306067
5728,e_demand,2030,239,16,16,0.029663325921306067
5729,e_demand,2030,239,17,17,0.029663325921306067
5730,e_demand,2030,239,18,18,0.029663325921306067
5731,e_demand,2030,239,19,19,0.029663325921306067
5732,e_demand,2030,239,20,20,0.029663325921306067
5733,e_demand,2030,239,21,21,0.029663325921306067
5734,e_demand,2030,239,22,22,0.0011865330368522424
5735,e_demand,2030,239,23,23,0.029663325921306067
5736,e_demand,2030,239,24,24,0.0011865330368522424
5737,e_demand,2030,240,1,1,0.058570633438761954
5738,e_demand,2030,240,2,2,0.058570633438761954
5739,e_demand,2030,240,3,3,0.058570633438761954
5740,e_demand,2030,240,4,4,0.058570633438761954
5741,e_demand,2030,240,5,5,0.058570633438761954
5742,e_demand,2030,240,6,6,0.058570633438761954
5743,e_demand,2030,240,7,7,0.058570633438761954
5744,e_demand,2030,240,8,8,0.058570633438761954
5745,e_demand,2030,240,9,9,0.058570633438761954
5746,e_demand,2030,240,10,10,0.058570633438761954
5747,e_demand,2030,240,11,11,0.058570633438761954
5748,e_demand,2030,240,12,12,0.058570633438761954
5749,e_demand,2030,240,13,13,0.058570633438761954
5750,e_demand,2030,240,14,14,0.058570633438761954
5751,e_demand,2030,240,15,15,0.058570633438761954
5752,e_demand,2030,240,16,16,0.058570633438761954
5753,e_demand,2030,240,17,17,0.058570633438761954
5754,e_demand,2030,240,18,18,0.058570633438761954
5755,e_demand,2030,240,19,19,0.058570633438761954
5756,e_demand,2030,240,20,20,0.058570633438761954
5757,e_demand,2030,240,21,21,0.058570633438761954
5758,e_demand,2030,240,22,22,0.058570633438761954
5759,e_demand,2030,240,23,23,0.058570633438761954
5760,e_demand,2030,240,24,24,0.058570633438761954
5761,h2_demand,2030,1,1,1,0.3305325055906816
5762,h2_demand,2030,1,2,2,0.3305325055906816
5763,h2_demand,2030,1,3,3,0.3305325055906816
5764,h2_demand,2030,1,4,4,0.3305325055906816
5765,h2_demand,2030,1,5,5,0.3305325055906816
5766,h2_demand,2030,1,6,6,0.3305325055906816
5767,h2_demand,2030,1,7,7,0.3305325055906816
5768,h2_demand,2030,1,8,8,0.3305325055906816
5769,h2_demand,2030,1,9,9,0.3305325055906816
5770,h2_demand,2030,1,10,10,0.7823254570193646
5771,h2_demand,2030,1,11,11,0.3305325055906815
5772,h2_demand,2030,1,12,12,0.3305325055906815
5773,h2_demand,2030,1,13,13,0.3305325055906816
5774,h2_demand,2030,1,14,14,0.3305325055906815
5775,h2_demand,2030,1,15,15,0.3305325055906815
5776,h2_demand,2030,1,16,16,0.3305325055906815
5777,h2_demand,2030,1,17,17,0.3305325055906815
5778,h2_demand,2030,1,18,18,0.3305325055906815
5779,h2_demand,2030,1,19,19,0.3305325055906815
5780,h2_demand,2030,1,20,20,0.3305325055906816
5781,h2_demand,2030,1,21,21,0.3305325055906816
5782,h2_demand,2030,1,22,22,0.3305325055906816
5783,h2_demand,2030,1,23,23,0.3305325055906816
5784,h2_demand,2030,1,24,24,0.3305325055906816
5785,h2_demand,2030,2,1,1,0.18255961770449317
5786,h2_demand,2030,2,2,2,0.18255961770449303
5787,h2_demand,2030,2,3,3,0.18255961770449303
5788,h2_demand,2030,2,4,4,0.18255961770449303
5789,h2_demand,2030,2,5,5,0.18255961770449303
5790,h2_demand,2030,2,6,6,0.18255961770449303
5791,h2_demand,2030,2,7,7,0.18255961770449303
5792,h2_demand,2030,2,8,8,0.18255961770449303
5793,h2_demand,2030,2,9,9,0.18255961770449303
5794,h2_demand,2030,2,10,10,0.18255961770449303
5795,h2_demand,2030,2,11,11,0.18255961770449303
5796,h2_demand,2030,2,12,12,0.18255961770449303
5797,h2_demand,2030,2,13,13,0.18255961770449303
5798,h2_demand,2030,2,14,14,0.18255961770449303
5799,h2_demand,2030,2,15,15,0.18255961770449303
5800,h2_demand,2030,2,16,16,0.18255961770449303
5801,h2_demand,2030,2,17,17,0.18255961770449303
5802,h2_demand,2030,2,18,18,0.18255961770449303
5803,h2_demand,2030,2,19,19,0.18255961770449317
5804,h2_demand,2030,2,20,20,0.18255961770449303
5805,h2_demand,2030,2,21,21,0.18255961770449303
5806,h2_demand,2030,2,22,22,0.18255961770449303
5807,h2_demand,2030,2,23,23,0.18255961770449303
5808,h2_demand,2030,2,24,24,0.18255961770449303
5809,h2_demand,2030,3,1,1,0.03499404581873648
5810,h2_demand,2030,3,2,2,0.03499404581873648
5811,h2_demand,2030,3,3,3,0.034994045818736504
5812,h2_demand,2030,3,4,4,0.03499404581873648
5813,h2_demand,2030,3,5,5,0.03499404581873648
5814,h2_demand,2030,3,6,6,0.034994045818736504
5815,h2_demand,2030,3,7,7,0.03499404581873648
5816,h2_demand,2030,3,8,8,0.03499404581873648
5817,h2_demand,2030,3,9,9,0.03499404581873648
5818,h2_demand,2030,3,10,10,0.03499404581873648
5819,h2_demand,2030,3,11,11,0.034994045818736504
5820,h2_demand,2030,3,12,12,0.03499404581873648
5821,h2_demand,2030,3,13,13,0.034994045818736504
5822,h2_demand,2030,3,14,14,0.03499404581873648
5823,h2_demand,2030,3,15,15,0.03499404581873648
5824,h2_demand,2030,3,16,16,0.03499404581873648
5825,h2_demand,2030,3,17,17,0.03499404581873648
5826,h2_demand,2030,3,18,18,0.034994045818736504
5827,h2_demand,2030,3,19,19,0.03499404581873648
5828,h2_demand,2030,3,20,20,0.018609152100175667
5829,h2_demand,2030,3,21,21,0.018609152100175667
5830,h2_demand,2030,3,22,22,0.018609152100175667
5831,h2_demand,2030,3,23,23,0.018609152100175667
5832,h2_demand,2030,3,24,24,0.018609152100175667
5833,h2_demand,2030,4,1,1,0.08273502183930613
5834,h2_demand,2030,4,2,2,0.0827350218393061
5835,h2_demand,2030,4,3,3,0.0827350218393061
5836,h2_demand,2030,4,4,4,0.0827350218393061
5837,h2_demand,2030,4,5,5,0.0827350218393061
5838,h2_demand,2030,4,6,6,0.0827350218393061
5839,h2_demand,2030,4,7,7,0.0827350218393061
5840,h2_demand,2030,4,8,8,0.0827350218393061
5841,h2_demand,2030,4,9,9,0.0827350218393061
5842,h2_demand,2030,4,10,10,0.0827350218393061
5843,h2_demand,2030,4,11,11,0.0827350218393061
5844,h2_demand,2030,4,12,12,0.0827350218393061
5845,h2_demand,2030,4,13,13,0.0827350218393061
5846,h2_demand,2030,4,14,14,0.08273502183930613
5847,h2_demand,2030,4,15,15,0.0827350218393061
5848,h2_demand,2030,4,16,16,0.0827350218393061
5849,h2_demand,2030,4,17,17,0.0827350218393061
5850,h2_demand,2030,4,18,18,0.0827350218393061
5851,h2_demand,2030,4,19,19,0.08273502183930613
5852,h2_demand,2030,4,20,20,0.0827350218393061
5853,h2_demand,2030,4,21,21,0.0827350218393061
5854,h2_demand,2030,4,22,22,0.0827350218393061
5855,h2_demand,2030,4,23,23,0.0827350218393061
5856,h2_demand,2030,4,24,24,0.0827350218393061
5857,h2_demand,2030,5,1,1,0.4747976205056961
5858,h2_demand,2030,5,2,2,0.4747976205056961
5859,h2_demand,2030,5,3,3,0.4747976205056961
5860,h2_demand,2030,5,4,4,0.4747976205056961
5861,h2_demand,2030,5,5,5,0.4747976205056961
5862,h2_demand,2030,5,6,6,0.4747976205056961
5863,h2_demand,2030,5,7,7,0.4747976205056961
5864,h2_demand,2030,5,8,8,0.4747976205056961
5865,h2_demand,2030,5,9,9,0.4747976205056961
5866,h2_demand,2030,5,10,10,0.4747976205056961
5867,h2_demand,2030,5,11,11,0.4747976205056961
5868,h2_demand,2030,5,12,12,0.4747976205056962
5869,h2_demand,2030,5,13,13,0.4747976205056961
5870,h2_demand,2030,5,14,14,0.4747976205056961
5871,h2_demand,2030,5,15,15,0.4747976205056961
5872,h2_demand,2030,5,16,16,0.4747976205056961
5873,h2_demand,2030,5,17,17,0.4747976205056961
5874,h2_demand,2030,5,18,18,0.4747976205056961
5875,h2_demand,2030,5,19,19,0.4747976205056961
5876,h2_demand,2030,5,20,20,0.4747976205056961
5877,h2_demand,2030,5,21,21,0.4747976205056961
5878,h2_demand,2030,5,22,22,0.4747976205056961
5879,h2_demand,2030,5,23,23,0.4747976205056961
5880,h2_demand,2030,5,24,24,0.4747976205056961
5881,h2_demand,2030,6,1,1,0.06344685496988464
5882,h2_demand,2030,6,2,2,0.06344685496988464
5883,h2_demand,2030,6,3,3,0.06344685496988464
5884,h2_demand,2030,6,4,4,0.06344685496988464
5885,h2_demand,2030,6,5,5,0.06344685496988464
5886,h2_demand,2030,6,6,6,0.06344685496988464
5887,h2_demand,2030,6,7,7,0.06344685496988464
5888,h2_demand,2030,6,8,8,0.06344685496988464
5889,h2_demand,2030,6,9,9,0.06344685496988464
5890,h2_demand,2030,6,10,10,0.06344685496988464
5891,h2_demand,2030,6,11,11,0.06344685496988463
5892,h2_demand,2030,6,12,12,0.06344685496988464
5893,h2_demand,2030,6,13,13,0.06344685496988464
5894,h2_demand,2030,6,14,14,0.06344685496988464
5895,h2_demand,2030,6,15,15,0.06344685496988464
5896,h2_demand,2030,6,16,16,0.06344685496988464
5897,h2_demand,2030,6,17,17,0.06344685496988464
5898,h2_demand,2030,6,18,18,0.06344685496988464
5899,h2_demand,2030,6,19,19,0.06344685496988464
5900,h2_demand,2030,6,20,20,0.06344685496988464
5901,h2_demand,2030,6,21,21,0.06344685496988463
5902,h2_demand,2030,6,22,22,0.06344685496988464
5903,h2_demand,2030,6,23,23,0.06344685496988464
5904,h2_demand,2030,6,24,24,0.06344685496988464
5905,h2_demand,2030,7,1,1,0.10298803959284034
5906,h2_demand,2030,7,2,2,0.10298803959284031
5907,h2_demand,2030,7,3,3,0.10298803959284031
5908,h2_demand,2030,7,4,4,0.10298803959284034
5909,h2_demand,2030,7,5,5,0.10298803959284031
5910,h2_demand,2030,7,6,6,0.10298803959284031
5911,h2_demand,2030,7,7,7,0.10298803959284031
5912,h2_demand,2030,7,8,8,0.10298803959284031
5913,h2_demand,2030,7,9,9,0.10298803959284031
5914,h2_demand,2030,7,10,10,0.10298803959284031
5915,h2_demand,2030,7,11,11,0.10298803959284031
5916,h2_demand,2030,7,12,12,0.10298803959284031
5917,h2_demand,2030,7,13,13,0.10298803959284031
5918,h2_demand,2030,7,14,14,0.10298803959284031
5919,h2_demand,2030,7,15,15,0.10298803959284031
5920,h2_demand,2030,7,16,16,0.10298803959284034
5921,h2_demand,2030,7,17,17,0.10298803959284031
5922,h2_demand,2030,7,18,18,0.10298803959284031
5923,h2_demand,2030,7,19,19,0.10298803959284031
5924,h2_demand,2030,7,20,20,0.10298803959284031
5925,h2_demand,2030,7,21,21,0.10298803959284031
5926,h2_demand,2030,7,22,22,0.10298803959284031
5927,h2_demand,2030,7,23,23,0.10298803959284031
5928,h2_demand,2030,7,24,24,0.10298803959284031
5929,h2_demand,2030,8,1,1,0.04443655491414738
5930,h2_demand,2030,8,2,2,0.04443655491414736
5931,h2_demand,2030,8,3,3,0.04443655491414736
5932,h2_demand,2030,8,4,4,0.04443655491414736
5933,h2_demand,2030,8,5,5,0.04443655491414738
5934,h2_demand,2030,8,6,6,0.04443655491414736
5935,h2_demand,2030,8,7,7,0.04443655491414736
5936,h2_demand,2030,8,8,8,0.04443655491414736
5937,h2_demand,2030,8,9,9,0.04443655491414736
5938,h2_demand,2030,8,10,10,0.04443655491414736
5939,h2_demand,2030,8,11,11,0.04443655491414736
5940,h2_demand,2030,8,12,12,0.04443655491414736
5941,h2_demand,2030,8,13,13,0.04443655491414736
5942,h2_demand,2030,8,14,14,0.04443655491414736
5943,h2_demand,2030,8,15,15,0.04443655491414738
5944,h2_demand,2030,8,16,16,0.04443655491414736
5945,h2_demand,2030,8,17,17,0.04443655491414736
5946,h2_demand,2030,8,18,18,0.04443655491414736
5947,h2_demand,2030,8,19,19,0.04443655491414738
5948,h2_demand,2030,8,20,20,0.04443655491414736
5949,h2_demand,2030,8,21,21,0.04443655491414736
5950,h2_demand,2030,8,22,22,0.04443655491414736
5951,h2_demand,2030,8,23,23,0.04443655491414736
5952,h2_demand,2030,8,24,24,0.04443655491414738
5953,h2_demand,2030,9,1,1,0.10752226689524504
5954,h2_demand,2030,9,2,2,0.10752226689524495
5955,h2_demand,2030,9,3,3,0.10752226689524495
5956,h2_demand,2030,9,4,4,0.10752226689524495
5957,h2_demand,2030,9,5,5,0.10752226689524495
5958,h2_demand,2030,9,6,6,0.10752226689524495
5959,h2_demand,2030,9,7,7,0.10752226689524495
5960,h2_demand,2030,9,8,8,0.10752226689524495
5961,h2_demand,2030,9,9,9,0.10752226689524495
5962,h2_demand,2030,9,10,10,0.10752226689524495
5963,h2_demand,2030,9,11,11,0.10752226689524504
5964,h2_demand,2030,9,12,12,0.10752226689524495
5965,h2_demand,2030,9,13,13,0.10752226689524495
5966,h2_demand,2030,9,14,14,0.10752226689524495
5967,h2_demand,2030,9,15,15,0.10752226689524495
5968,h2_demand,2030,9,16,16,0.10752226689524495
5969,h2_demand,2030,9,17,17,0.10752226689524495
5970,h2_demand,2030,9,18,18,0.10752226689524495
5971,h2_demand,2030,9,19,19,0.10752226689524495
5972,h2_demand,2030,9,20,20,0.10752226689524495
5973,h2_demand,2030,9,21,21,0.10752226689524495
5974,h2_demand,2030,9,22,22,0.10752226689524495
5975,h2_demand,2030,9,23,23,0.10752226689524495
5976,h2_demand,2030,9,24,24,0.10752226689524495
5977,h2_demand,2030,10,1,1,0.0635251035692211
5978,h2_demand,2030,10,2,2,0.15035527472004992
5979,h2_demand,2030,10,3,3,0.15035527472004992
5980,h2_demand,2030,10,4,4,0.0635251035692211
5981,h2_demand,2030,10,5,5,0.0635251035692211
5982,h2_demand,2030,10,6,6,0.15035527472004992
5983,h2_demand,2030,10,7,7,0.06782074077455709
5984,h2_demand,2030,10,8,8,0.06782074077455708
5985,h2_demand,2030,10,9,9,0.06782074077455708
5986,h2_demand,2030,10,10,10,0.06782074077455708
5987,h2_demand,2030,10,11,11,0.06782074077455708
5988,h2_demand,2030,10,12,12,0.06782074077455708
5989,h2_demand,2030,10,13,13,0.06782074077455708
5990,h2_demand,2030,10,14,14,0.06782074077455708
5991,h2_demand,2030,10,15,15,0.06782074077455708
5992,h2_demand,2030,10,16,16,0.06782074077455708
5993,h2_demand,2030,10,17,17,0.06782074077455708
5994,h2_demand,2030,10,18,18,0.06782074077455708
5995,h2_demand,2030,10,19,19,0.06782074077455709
5996,h2_demand,2030,10,20,20,0.06782074077455708
5997,h2_demand,2030,10,21,21,0.06782074077455708
5998,h2_demand,2030,10,22,22,0.15035527472004992
5999,h2_demand,2030,10,23,23,0.15035527472004992
6000,h2_demand,2030,10,24,24,0.15035527472004992
6001,h2_demand,2030,11,1,1,0.09528494141983157
6002,h2_demand,2030,11,2,2,0.09528494141983157
6003,h2_demand,2030,11,3,3,0.09528494141983157
6004,h2_demand,2030,11,4,4,0.09528494141983157
6005,h2_demand,2030,11,5,5,0.09528494141983157
6006,h2_demand,2030,11,6,6,0.09528494141983157
6007,h2_demand,2030,11,7,7,0.09528494141983158
6008,h2_demand,2030,11,8,8,0.09528494141983157
6009,h2_demand,2030,11,9,9,0.09528494141983157
6010,h2_demand,2030,11,10,10,0.09528494141983157
6011,h2_demand,2030,11,11,11,0.09528494141983157
6012,h2_demand,2030,11,12,12,0.09528494141983157
6013,h2_demand,2030,11,13,13,0.09528494141983157
6014,h2_demand,2030,11,14,14,0.09528494141983157
6015,h2_demand,2030,11,15,15,0.09528494141983157
6016,h2_demand,2030,11,16,16,0.09528494141983157
6017,h2_demand,2030,11,17,17,0.09528494141983157
6018,h2_demand,2030,11,18,18,0.09528494141983158
6019,h2_demand,2030,11,19,19,0.19129125903272473
6020,h2_demand,2030,11,20,20,0.09528494141983157
6021,h2_demand,2030,11,21,21,0.09528494141983158
6022,h2_demand,2030,11,22,22,0.09528494141983157
6023,h2_demand,2030,11,23,23,0.09528494141983157
6024,h2_demand,2030,11,24,24,0.09528494141983157
6025,h2_demand,2030,12,1,1,0.0463669011025857
6026,h2_demand,2030,12,2,2,0.0463669011025857
6027,h2_demand,2030,12,3,3,0.04636690110258566
6028,h2_demand,2030,12,4,4,0.04636690110258566
6029,h2_demand,2030,12,5,5,0.0463669011025857
6030,h2_demand,2030,12,6,6,0.04636690110258566
6031,h2_demand,2030,12,7,7,0.0463669011025857
6032,h2_demand,2030,12,8,8,0.04636690110258566
6033,h2_demand,2030,12,9,9,0.04636690110258566
6034,h2_demand,2030,12,10,10,0.04636690110258566
6035,h2_demand,2030,12,11,11,0.04636690110258566
6036,h2_demand,2030,12,12,12,0.04636690110258566
6037,h2_demand,2030,12,13,13,0.04636690110258566
6038,h2_demand,2030,12,14,14,0.0463669011025857
6039,h2_demand,2030,12,15,15,0.04636690110258566
6040,h2_demand,2030,12,16,16,0.04636690110258566
6041,h2_demand,2030,12,17,17,0.0463669011025857
6042,h2_demand,2030,12,18,18,0.04636690110258566
6043,h2_demand,2030,12,19,19,0.04636690110258566
6044,h2_demand,2030,12,20,20,0.0463669011025857
6045,h2_demand,2030,12,21,21,0.04636690110258566
6046,h2_demand,2030,12,22,22,0.04636690110258566
6047,h2_demand,2030,12,23,23,0.04636690110258566
6048,h2_demand,2030,12,24,24,0.04636690110258566
6049,h2_demand,2030,13,1,1,0.06465856823536352
6050,h2_demand,2030,13,2,2,0.06465856823536352
6051,h2_demand,2030,13,3,3,0.06465856823536352
6052,h2_demand,2030,13,4,4,0.06465856823536352
6053,h2_demand,2030,13,5,5,0.06465856823536352
6054,h2_demand,2030,13,6,6,0.06465856823536356
6055,h2_demand,2030,13,7,7,0.06465856823536352
6056,h2_demand,2030,13,8,8,0.06465856823536352
6057,h2_demand,2030,13,9,9,0.06465856823536356
6058,h2_demand,2030,13,10,10,0.06465856823536352
6059,h2_demand,2030,13,11,11,0.06465856823536352
6060,h2_demand,2030,13,12,12,0.06465856823536352
6061,h2_demand,2030,13,13,13,0.06465856823536352
6062,h2_demand,2030,13,14,14,0.06465856823536356
6063,h2_demand,2030,13,15,15,0.06465856823536356
6064,h2_demand,2030,13,16,16,0.06465856823536352
6065,h2_demand,2030,13,17,17,0.06465856823536352
6066,h2_demand,2030,13,18,18,0.06465856823536352
6067,h2_demand,2030,13,19,19,0.06465856823536352
6068,h2_demand,2030,13,20,20,0.06465856823536352
6069,h2_demand,2030,13,21,21,0.06465856823536352
6070,h2_demand,2030,13,22,22,0.06465856823536352
6071,h2_demand,2030,13,23,23,0.06465856823536352
6072,h2_demand,2030,13,24,24,0.06465856823536352
6073,h2_demand,2030,14,1,1,0.031177602043988725
6074,h2_demand,2030,14,2,2,0.031177602043988704
6075,h2_demand,2030,14,3,3,0.01915258767950137
6076,h2_demand,2030,14,4,4,0.01915258767950137
6077,h2_demand,2030,14,5,5,0.01915258767950137
6078,h2_demand,2030,14,6,6,0.031177602043988725
6079,h2_demand,2030,14,7,7,0.031177602043988704
6080,h2_demand,2030,14,8,8,0.031177602043988704
6081,h2_demand,2030,14,9,9,0.031177602043988704
6082,h2_demand,2030,14,10,10,0.031177602043988725
6083,h2_demand,2030,14,11,11,0.031177602043988704
6084,h2_demand,2030,14,12,12,0.031177602043988704
6085,h2_demand,2030,14,13,13,0.031177602043988725
6086,h2_demand,2030,14,14,14,0.031177602043988704
6087,h2_demand,2030,14,15,15,0.031177602043988704
6088,h2_demand,2030,14,16,16,0.031177602043988704
6089,h2_demand,2030,14,17,17,0.031177602043988725
6090,h2_demand,2030,14,18,18,0.031177602043988704
6091,h2_demand,2030,14,19,19,0.031177602043988725
6092,h2_demand,2030,14,20,20,0.031177602043988704
6093,h2_demand,2030,14,21,21,0.031177602043988725
6094,h2_demand,2030,14,22,22,0.031177602043988704
6095,h2_demand,2030,14,23,23,0.031177602043988704
6096,h2_demand,2030,14,24,24,0.031177602043988704
6097,h2_demand,2030,15,1,1,0.06375554030996387
6098,h2_demand,2030,15,2,2,0.06375554030996385
6099,h2_demand,2030,15,3,3,0.06375554030996387
6100,h2_demand,2030,15,4,4,0.06375554030996385
6101,h2_demand,2030,15,5,5,0.06375554030996385
6102,h2_demand,2030,15,6,6,0.06375554030996385
6103,h2_demand,2030,15,7,7,0.06375554030996385
6104,h2_demand,2030,15,8,8,0.06375554030996387
6105,h2_demand,2030,15,9,9,0.06375554030996385
6106,h2_demand,2030,15,10,10,0.06375554030996385
6107,h2_demand,2030,15,11,11,0.06375554030996385
6108,h2_demand,2030,15,12,12,0.06375554030996385
6109,h2_demand,2030,15,13,13,0.06375554030996385
6110,h2_demand,2030,15,14,14,0.06375554030996385
6111,h2_demand,2030,15,15,15,0.06375554030996385
6112,h2_demand,2030,15,16,16,0.06375554030996385
6113,h2_demand,2030,15,17,17,0.06375554030996385
6114,h2_demand,2030,15,18,18,0.06375554030996385
6115,h2_demand,2030,15,19,19,0.06375554030996385
6116,h2_demand,2030,15,20,20,0.06375554030996385
6117,h2_demand,2030,15,21,21,0.06375554030996385
6118,h2_demand,2030,15,22,22,0.06375554030996385
6119,h2_demand,2030,15,23,23,0.06375554030996385
6120,h2_demand,2030,15,24,24,0.06375554030996385
6121,h2_demand,2030,16,1,1,0.11386854877893943
6122,h2_demand,2030,16,2,2,0.11386854877893944
6123,h2_demand,2030,16,3,3,0.11386854877893944
6124,h2_demand,2030,16,4,4,0.11386854877893944
6125,h2_demand,2030,16,5,5,0.11386854877893944
6126,h2_demand,2030,16,6,6,0.11386854877893944
6127,h2_demand,2030,16,7,7,0.11386854877893944
6128,h2_demand,2030,16,8,8,0.11386854877893944
6129,h2_demand,2030,16,9,9,0.11386854877893944
6130,h2_demand,2030,16,10,10,0.11386854877893944
6131,h2_demand,2030,16,11,11,0.11386854877893943
6132,h2_demand,2030,16,12,12,0.11386854877893943
6133,h2_demand,2030,16,13,13,0.11386854877893944
6134,h2_demand,2030,16,14,14,0.11386854877893944
6135,h2_demand,2030,16,15,15,0.11386854877893944
6136,h2_demand,2030,16,16,16,0.11386854877893944
6137,h2_demand,2030,16,17,17,0.11386854877893943
6138,h2_demand,2030,16,18,18,0.11386854877893944
6139,h2_demand,2030,16,19,19,0.11386854877893944
6140,h2_demand,2030,16,20,20,0.11386854877893944
6141,h2_demand,2030,16,21,21,0.11386854877893944
6142,h2_demand,2030,16,22,22,0.11386854877893944
6143,h2_demand,2030,16,23,23,0.11386854877893944
6144,h2_demand,2030,16,24,24,0.11386854877893944
6145,h2_demand,2030,17,1,1,0.056523574021409194
6146,h2_demand,2030,17,2,2,0.056523574021409194
6147,h2_demand,2030,17,3,3,0.05652357402140918
6148,h2_demand,2030,17,4,4,0.056523574021409194
6149,h2_demand,2030,17,5,5,0.056523574021409194
6150,h2_demand,2030,17,6,6,0.056523574021409194
6151,h2_demand,2030,17,7,7,0.056523574021409194
6152,h2_demand,2030,17,8,8,0.05652357402140918
6153,h2_demand,2030,17,9,9,0.056523574021409194
6154,h2_demand,2030,17,10,10,0.05652357402140918
6155,h2_demand,2030,17,11,11,0.05652357402140918
6156,h2_demand,2030,17,12,12,0.056523574021409194
6157,h2_demand,2030,17,13,13,0.056523574021409194
6158,h2_demand,2030,17,14,14,0.056523574021409194
6159,h2_demand,2030,17,15,15,0.056523574021409194
6160,h2_demand,2030,17,16,16,0.056523574021409194
6161,h2_demand,2030,17,17,17,0.056523574021409194
6162,h2_demand,2030,17,18,18,0.056523574021409194
6163,h2_demand,2030,17,19,19,0.05652357402140918
6164,h2_demand,2030,17,20,20,0.056523574021409194
6165,h2_demand,2030,17,21,21,0.056523574021409194
6166,h2_demand,2030,17,22,22,0.056523574021409194
6167,h2_demand,2030,17,23,23,0.056523574021409194
6168,h2_demand,2030,17,24,24,0.056523574021409194
6169,h2_demand,2030,18,1,1,0.04795492550869397
6170,h2_demand,2030,18,2,2,0.04795492550869397
6171,h2_demand,2030,18,3,3,0.04795492550869397
6172,h2_demand,2030,18,4,4,0.047954925508694
6173,h2_demand,2030,18,5,5,0.04795492550869397
6174,h2_demand,2030,18,6,6,0.04795492550869397
6175,h2_demand,2030,18,7,7,0.04795492550869397
6176,h2_demand,2030,18,8,8,0.04795492550869397
6177,h2_demand,2030,18,9,9,0.04795492550869397
6178,h2_demand,2030,18,10,10,0.04795492550869397
6179,h2_demand,2030,18,11,11,0.047954925508694
6180,h2_demand,2030,18,12,12,0.04795492550869397
6181,h2_demand,2030,18,13,13,0.04795492550869397
6182,h2_demand,2030,18,14,14,0.047954925508694
6183,h2_demand,2030,18,15,15,0.047954925508694
6184,h2_demand,2030,18,16,16,0.04795492550869397
6185,h2_demand,2030,18,17,17,0.04795492550869397
6186,h2_demand,2030,18,18,18,0.04795492550869397
6187,h2_demand,2030,18,19,19,0.04795492550869397
6188,h2_demand,2030,18,20,20,0.04795492550869397
6189,h2_demand,2030,18,21,21,0.04795492550869397
6190,h2_demand,2030,18,22,22,0.04795492550869397
6191,h2_demand,2030,18,23,23,0.04795492550869397
6192,h2_demand,2030,18,24,24,0.04795492550869397
6193,h2_demand,2030,19,1,1,0.11383087049253521
6194,h2_demand,2030,19,2,2,0.11383087049253521
6195,h2_demand,2030,19,3,3,0.11383087049253521
6196,h2_demand,2030,19,4,4,0.11383087049253521
6197,h2_demand,2030,19,5,5,0.11383087049253521
6198,h2_demand,2030,19,6,6,0.11383087049253521
6199,h2_demand,2030,19,7,7,0.11383087049253521
6200,h2_demand,2030,19,8,8,0.11383087049253521
6201,h2_demand,2030,19,9,9,0.11383087049253521
6202,h2_demand,2030,19,10,10,0.11383087049253521
6203,h2_demand,2030,19,11,11,0.11383087049253521
6204,h2_demand,2030,19,12,12,0.11383087049253521
6205,h2_demand,2030,19,13,13,0.11383087049253521
6206,h2_demand,2030,19,14,14,0.11383087049253521
6207,h2_demand,2030,19,15,15,0.11383087049253521
6208,h2_demand,2030,19,16,16,0.11383087049253521
6209,h2_demand,2030,19,17,17,0.2306298704310837
6210,h2_demand,2030,19,18,18,0.11383087049253521
6211,h2_demand,2030,19,19,19,0.2306298704310837
6212,h2_demand,2030,19,20,20,0.11383087049253521
6213,h2_demand,2030,19,21,21,0.11383087049253521
6214,h2_demand,2030,19,22,22,0.11383087049253521
6215,h2_demand,2030,19,23,23,0.11383087049253521
6216,h2_demand,2030,19,24,24,0.11383087049253521
6217,h2_demand,2030,20,1,1,0.06236455832407558
6218,h2_demand,2030,20,2,2,0.06236455832407558
6219,h2_demand,2030,20,3,3,0.06236455832407558
6220,h2_demand,2030,20,4,4,0.06236455832407558
6221,h2_demand,2030,20,5,5,0.06236455832407558
6222,h2_demand,2030,20,6,6,0.06236455832407558
6223,h2_demand,2030,20,7,7,0.06236455832407558
6224,h2_demand,2030,20,8,8,0.06236455832407558
6225,h2_demand,2030,20,9,9,0.06236455832407558
6226,h2_demand,2030,20,10,10,0.06236455832407558
6227,h2_demand,2030,20,11,11,0.06236455832407558
6228,h2_demand,2030,20,12,12,0.06236455832407558
6229,h2_demand,2030,20,13,13,0.06236455832407558
6230,h2_demand,2030,20,14,14,0.06236455832407558
6231,h2_demand,2030,20,15,15,0.06236455832407558
6232,h2_demand,2030,20,16,16,0.06236455832407558
6233,h2_demand,2030,20,17,17,0.06236455832407558
6234,h2_demand,2030,20,18,18,0.06236455832407558
6235,h2_demand,2030,20,19,19,0.06236455832407558
6236,h2_demand,2030,20,20,20,0.06236455832407558
6237,h2_demand,2030,20,21,21,0.06236455832407558
6238,h2_demand,2030,20,22,22,0.06236455832407558
6239,h2_demand,2030,20,23,23,0.062364558324075545
6240,h2_demand,2030,20,24,24,0.062364558324075545
6241,h2_demand,2030,21,1,1,0.04084073412246445
6242,h2_demand,2030,21,2,2,0.04084073412246445
6243,h2_demand,2030,21,3,3,0.040840734122464424
6244,h2_demand,2030,21,4,4,0.04084073412246445
6245,h2_demand,2030,21,5,5,0.04084073412246445
6246,h2_demand,2030,21,6,6,0.04084073412246445
6247,h2_demand,2030,21,7,7,0.04084073412246445
6248,h2_demand,2030,21,8,8,0.04084073412246445
6249,h2_demand,2030,21,9,9,0.04084073412246445
6250,h2_demand,2030,21,10,10,0.04084073412246445
6251,h2_demand,2030,21,11,11,0.04084073412246445
6252,h2_demand,2030,21,12,12,0.04084073412246445
6253,h2_demand,2030,21,13,13,0.04084073412246445
6254,h2_demand,2030,21,14,14,0.040840734122464424
6255,h2_demand,2030,21,15,15,0.040840734122464424
6256,h2_demand,2030,21,16,16,0.04084073412246445
6257,h2_demand,2030,21,17,17,0.040840734122464424
6258,h2_demand,2030,21,18,18,0.040840734122464424
6259,h2_demand,2030,21,19,19,0.04084073412246445
6260,h2_demand,2030,21,20,20,0.040840734122464424
6261,h2_demand,2030,21,21,21,0.040840734122464424
6262,h2_demand,2030,21,22,22,0.040840734122464424
6263,h2_demand,2030,21,23,23,0.040840734122464424
6264,h2_demand,2030,21,24,24,0.017255210166741232
6265,h2_demand,2030,22,1,1,0.08199943360853838
6266,h2_demand,2030,22,2,2,0.08199943360853834
6267,h2_demand,2030,22,3,3,0.08199943360853834
6268,h2_demand,2030,22,4,4,0.08199943360853834
6269,h2_demand,2030,22,5,5,0.08199943360853834
6270,h2_demand,2030,22,6,6,0.08199943360853834
6271,h2_demand,2030,22,7,7,0.10720282240127248
6272,h2_demand,2030,22,8,8,0.08199943360853834
6273,h2_demand,2030,22,9,9,0.08199943360853834
6274,h2_demand,2030,22,10,10,0.08199943360853834
6275,h2_demand,2030,22,11,11,0.08199943360853838
6276,h2_demand,2030,22,12,12,0.08199943360853834
6277,h2_demand,2030,22,13,13,0.08199943360853838
6278,h2_demand,2030,22,14,14,0.08199943360853834
6279,h2_demand,2030,22,15,15,0.08199943360853834
6280,h2_demand,2030,22,16,16,0.08199943360853834
6281,h2_demand,2030,22,17,17,0.10720282240127248
6282,h2_demand,2030,22,18,18,0.08199943360853834
6283,h2_demand,2030,22,19,19,0.08199943360853834
6284,h2_demand,2030,22,20,20,0.08199943360853834
6285,h2_demand,2030,22,21,21,0.08199943360853834
6286,h2_demand,2030,22,22,22,0.08199943360853834
6287,h2_demand,2030,22,23,23,0.08199943360853834
6288,h2_demand,2030,22,24,24,0.08199943360853834
6289,h2_demand,2030,23,1,1,0.12154662271615105
6290,h2_demand,2030,23,2,2,0.12154662271615095
6291,h2_demand,2030,23,3,3,0.12154662271615095
6292,h2_demand,2030,23,4,4,0.20132103533522797
6293,h2_demand,2030,23,5,5,0.12154662271615095
6294,h2_demand,2030,23,6,6,0.12154662271615095
6295,h2_demand,2030,23,7,7,0.12154662271615095
6296,h2_demand,2030,23,8,8,0.12154662271615095
6297,h2_demand,2030,23,9,9,0.12154662271615095
6298,h2_demand,2030,23,10,10,0.12154662271615095
6299,h2_demand,2030,23,11,11,0.12154662271615095
6300,h2_demand,2030,23,12,12,0.12154662271615095
6301,h2_demand,2030,23,13,13,0.12154662271615095
6302,h2_demand,2030,23,14,14,0.12154662271615095
6303,h2_demand,2030,23,15,15,0.12154662271615095
6304,h2_demand,2030,23,16,16,0.12154662271615095
6305,h2_demand,2030,23,17,17,0.12154662271615095
6306,h2_demand,2030,23,18,18,0.12154662271615095
6307,h2_demand,2030,23,19,19,0.12154662271615095
6308,h2_demand,2030,23,20,20,0.12154662271615095
6309,h2_demand,2030,23,21,21,0.12154662271615095
6310,h2_demand,2030,23,22,22,0.08505813742913383
6311,h2_demand,2030,23,23,23,0.08505813742913383
6312,h2_demand,2030,23,24,24,0.08505813742913383
6313,h2_demand,2030,24,1,1,0.04061709360999114
6314,h2_demand,2030,24,2,2,0.04061709360999114
6315,h2_demand,2030,24,3,3,0.04061709360999117
6316,h2_demand,2030,24,4,4,0.04061709360999114
6317,h2_demand,2030,24,5,5,0.04061709360999114
6318,h2_demand,2030,24,6,6,0.04061709360999114
6319,h2_demand,2030,24,7,7,0.04061709360999117
6320,h2_demand,2030,24,8,8,0.04061709360999114
6321,h2_demand,2030,24,9,9,0.04061709360999114
6322,h2_demand,2030,24,10,10,0.04061709360999117
6323,h2_demand,2030,24,11,11,0.04061709360999114
6324,h2_demand,2030,24,12,12,0.04061709360999114
6325,h2_demand,2030,24,13,13,0.04061709360999114
6326,h2_demand,2030,24,14,14,0.04061709360999117
6327,h2_demand,2030,24,15,15,0.04061709360999114
6328,h2_demand,2030,24,16,16,0.04061709360999114
6329,h2_demand,2030,24,17,17,0.04061709360999117
6330,h2_demand,2030,24,18,18,0.04061709360999114
6331,h2_demand,2030,24,19,19,0.04061709360999114
6332,h2_demand,2030,24,20,20,0.04061709360999114
6333,h2_demand,2030,24,21,21,0.04061709360999117
6334,h2_demand,2030,24,22,22,0.04061709360999114
6335,h2_demand,2030,24,23,23,0.04061709360999117
6336,h2_demand,2030,24,24,24,0.04061709360999114
6337,h2_demand,2030,25,1,1,0.15387262402236587
6338,h2_demand,2030,25,2,2,0.1538726240223658
6339,h2_demand,2030,25,3,3,0.1538726240223658
6340,h2_demand,2030,25,4,4,0.1538726240223658
6341,h2_demand,2030,25,5,5,0.1538726240223658
6342,h2_demand,2030,25,6,6,0.1538726240223658
6343,h2_demand,2030,25,7,7,0.1538726240223658
6344,h2_demand,2030,25,8,8,0.1538726240223658
6345,h2_demand,2030,25,9,9,0.1538726240223658
6346,h2_demand,2030,25,10,10,0.1538726240223658
6347,h2_demand,2030,25,11,11,0.1538726240223658
6348,h2_demand,2030,25,12,12,0.1538726240223658
6349,h2_demand,2030,25,13,13,0.1538726240223658
6350,h2_demand,2030,25,14,14,0.1538726240223658
6351,h2_demand,2030,25,15,15,0.1538726240223658
6352,h2_demand,2030,25,16,16,0.1538726240223658
6353,h2_demand,2030,25,17,17,0.1538726240223658
6354,h2_demand,2030,25,18,18,0.1538726240223658
6355,h2_demand,2030,25,19,19,0.1538726240223658
6356,h2_demand,2030,25,20,20,0.1538726240223658
6357,h2_demand,2030,25,21,21,0.1538726240223658
6358,h2_demand,2030,25,22,22,0.1538726240223658
6359,h2_demand,2030,25,23,23,0.1538726240223658
6360,h2_demand,2030,25,24,24,0.1538726240223658
6361,h2_demand,2030,26,1,1,0.45199490438829754
6362,h2_demand,2030,26,2,2,0.45199490438829754
6363,h2_demand,2030,26,3,3,0.45199490438829754
6364,h2_demand,2030,26,4,4,0.45199490438829754
6365,h2_demand,2030,26,5,5,0.45199490438829754
6366,h2_demand,2030,26,6,6,0.45199490438829754
6367,h2_demand,2030,26,7,7,0.45199490438829754
6368,h2_demand,2030,26,8,8,0.45199490438829754
6369,h2_demand,2030,26,9,9,0.45199490438829754
6370,h2_demand,2030,26,10,10,0.45199490438829754
6371,h2_demand,2030,26,11,11,0.45199490438829754
6372,h2_demand,2030,26,12,12,0.45199490438829754
6373,h2_demand,2030,26,13,13,0.45199490438829754
6374,h2_demand,2030,26,14,14,0.45199490438829754
6375,h2_demand,2030,26,15,15,0.45199490438829754
6376,h2_demand,2030,26,16,16,0.45199490438829754
6377,h2_demand,2030,26,17,17,0.45199490438829754
6378,h2_demand,2030,26,18,18,0.45199490438829754
6379,h2_demand,2030,26,19,19,0.45199490438829754
6380,h2_demand,2030,26,20,20,0.45199490438829754
6381,h2_demand,2030,26,21,21,0.45199490438829754
6382,h2_demand,2030,26,22,22,0.45199490438829754
6383,h2_demand,2030,26,23,23,0.45199490438829754
6384,h2_demand,2030,26,24,24,0.45199490438829754
6385,h2_demand,2030,27,1,1,0.08021598519728812
6386,h2_demand,2030,27,2,2,0.08021598519728809
6387,h2_demand,2030,27,3,3,0.08021598519728809
6388,h2_demand,2030,27,4,4,0.08021598519728809
6389,h2_demand,2030,27,5,5,0.08021598519728809
6390,h2_demand,2030,27,6,6,0.08021598519728809
6391,h2_demand,2030,27,7,7,0.08021598519728809
6392,h2_demand,2030,27,8,8,0.08021598519728809
6393,h2_demand,2030,27,9,9,0.08021598519728809
6394,h2_demand,2030,27,10,10,0.08021598519728809
6395,h2_demand,2030,27,11,11,0.08021598519728809
6396,h2_demand,2030,27,12,12,0.08021598519728809
6397,h2_demand,2030,27,13,13,0.08021598519728809
6398,h2_demand,2030,27,14,14,0.08021598519728809
6399,h2_demand,2030,27,15,15,0.08021598519728809
6400,h2_demand,2030,27,16,16,0.08021598519728809
6401,h2_demand,2030,27,17,17,0.08021598519728809
6402,h2_demand,2030,27,18,18,0.08021598519728809
6403,h2_demand,2030,27,19,19,0.08021598519728809
6404,h2_demand,2030,27,20,20,0.08021598519728809
6405,h2_demand,2030,27,21,21,0.08021598519728809
6406,h2_demand,2030,27,22,22,0.08021598519728809
6407,h2_demand,2030,27,23,23,0.08021598519728812
6408,h2_demand,2030,27,24,24,0.08021598519728809
6409,h2_demand,2030,28,1,1,0.0879998311298593
6410,h2_demand,2030,28,2,2,0.0879998311298593
6411,h2_demand,2030,28,3,3,0.0879998311298593
6412,h2_demand,2030,28,4,4,0.0879998311298593
6413,h2_demand,2030,28,5,5,0.0879998311298593
6414,h2_demand,2030,28,6,6,0.0879998311298593
6415,h2_demand,2030,28,7,7,0.0879998311298593
6416,h2_demand,2030,28,8,8,0.08799983112985924
6417,h2_demand,2030,28,9,9,0.08799983112985924
6418,h2_demand,2030,28,10,10,0.08799983112985924
6419,h2_demand,2030,28,11,11,0.0879998311298593
6420,h2_demand,2030,28,12,12,0.08799983112985924
6421,h2_demand,2030,28,13,13,0.08799983112985924
6422,h2_demand,2030,28,14,14,0.09259258355672054
6423,h2_demand,2030,28,15,15,0.08799983112985924
6424,h2_demand,2030,28,16,16,0.0879998311298593
6425,h2_demand,2030,28,17,17,0.0879998311298593
6426,h2_demand,2030,28,18,18,0.0879998311298593
6427,h2_demand,2030,28,19,19,0.0879998311298593
6428,h2_demand,2030,28,20,20,0.0879998311298593
6429,h2_demand,2030,28,21,21,0.0879998311298593
6430,h2_demand,2030,28,22,22,0.0879998311298593
6431,h2_demand,2030,28,23,23,0.0879998311298593
6432,h2_demand,2030,28,24,24,0.0879998311298593
6433,h2_demand,2030,29,1,1,0.052947706293479335
6434,h2_demand,2030,29,2,2,0.0529477062934793
6435,h2_demand,2030,29,3,3,0.0529477062934793
6436,h2_demand,2030,29,4,4,0.0529477062934793
6437,h2_demand,2030,29,5,5,0.0529477062934793
6438,h2_demand,2030,29,6,6,0.0529477062934793
6439,h2_demand,2030,29,7,7,0.0529477062934793
6440,h2_demand,2030,29,8,8,0.0529477062934793
6441,h2_demand,2030,29,9,9,0.0529477062934793
6442,h2_demand,2030,29,10,10,0.0529477062934793
6443,h2_demand,2030,29,11,11,0.0529477062934793
6444,h2_demand,2030,29,12,12,0.052947706293479335
6445,h2_demand,2030,29,13,13,0.052947706293479335
6446,h2_demand,2030,29,14,14,0.052947706293479335
6447,h2_demand,2030,29,15,15,0.052947706293479335
6448,h2_demand,2030,29,16,16,0.052947706293479335
6449,h2_demand,2030,29,17,17,0.052947706293479335
6450,h2_demand,2030,29,18,18,0.0529477062934793
6451,h2_demand,2030,29,19,19,0.052947706293479335
6452,h2_demand,2030,29,20,20,0.052947706293479335
6453,h2_demand,2030,29,21,21,0.0529477062934793
6454,h2_demand,2030,29,22,22,0.0529477062934793
6455,h2_demand,2030,29,23,23,0.0529477062934793
6456,h2_demand,2030,29,24,24,0.0529477062934793
6457,h2_demand,2030,30,1,1,0.0357146206583464
6458,h2_demand,2030,30,2,2,0.0357146206583464
6459,h2_demand,2030,30,3,3,0.0357146206583464
6460,h2_demand,2030,30,4,4,0.0357146206583464
6461,h2_demand,2030,30,5,5,0.0357146206583464
6462,h2_demand,2030,30,6,6,0.0357146206583464
6463,h2_demand,2030,30,7,7,0.0357146206583464
6464,h2_demand,2030,30,8,8,0.0357146206583464
6465,h2_demand,2030,30,9,9,0.03571462065834639
6466,h2_demand,2030,30,10,10,0.0357146206583464
6467,h2_demand,2030,30,11,11,0.03571462065834639
6468,h2_demand,2030,30,12,12,0.03571462065834639
6469,h2_demand,2030,30,13,13,0.03571462065834639
6470,h2_demand,2030,30,14,14,0.03571462065834639
6471,h2_demand,2030,30,15,15,0.03571462065834639
6472,h2_demand,2030,30,16,16,0.0357146206583464
6473,h2_demand,2030,30,17,17,0.0357146206583464
6474,h2_demand,2030,30,18,18,0.0357146206583464
6475,h2_demand,2030,30,19,19,0.0357146206583464
6476,h2_demand,2030,30,20,20,0.0357146206583464
6477,h2_demand,2030,30,21,21,0.0357146206583464
6478,h2_demand,2030,30,22,22,0.0357146206583464
6479,h2_demand,2030,30,23,23,0.0357146206583464
6480,h2_demand,2030,30,24,24,0.0357146206583464
6481,h2_demand,2030,31,1,1,0.021681805179843104
6482,h2_demand,2030,31,2,2,0.021681805179843104
6483,h2_demand,2030,31,3,3,0.021681805179843104
6484,h2_demand,2030,31,4,4,0.021681805179843104
6485,h2_demand,2030,31,5,5,0.021681805179843104
6486,h2_demand,2030,31,6,6,0.021681805179843104
6487,h2_demand,2030,31,7,7,0.021681805179843104
6488,h2_demand,2030,31,8,8,0.021681805179843104
6489,h2_demand,2030,31,9,9,0.021681805179843104
6490,h2_demand,2030,31,10,10,0.021681805179843104
6491,h2_demand,2030,31,11,11,0.021681805179843104
6492,h2_demand,2030,31,12,12,0.021681805179843104
6493,h2_demand,2030,31,13,13,0.021681805179843104
6494,h2_demand,2030,31,14,14,0.021681805179843104
6495,h2_demand,2030,31,15,15,0.021681805179843104
6496,h2_demand,2030,31,16,16,0.021681805179843104
6497,h2_demand,2030,31,17,17,0.021681805179843104
6498,h2_demand,2030,31,18,18,0.021681805179843104
6499,h2_demand,2030,31,19,19,0.021681805179843104
6500,h2_demand,2030,31,20,20,0.021681805179843104
6501,h2_demand,2030,31,21,21,0.021681805179843104
6502,h2_demand,2030,31,22,22,0.021681805179843104
6503,h2_demand,2030,31,23,23,0.021681805179843104
6504,h2_demand,2030,31,24,24,0.021681805179843104
6505,h2_demand,2030,32,1,1,0.06853779404696458
6506,h2_demand,2030,32,2,2,0.0685377940469646
6507,h2_demand,2030,32,3,3,0.0685377940469646
6508,h2_demand,2030,32,4,4,0.0685377940469646
6509,h2_demand,2030,32,5,5,0.0685377940469646
6510,h2_demand,2030,32,6,6,0.0685377940469646
6511,h2_demand,2030,32,7,7,0.0685377940469646
6512,h2_demand,2030,32,8,8,0.0685377940469646
6513,h2_demand,2030,32,9,9,0.0685377940469646
6514,h2_demand,2030,32,10,10,0.0685377940469646
6515,h2_demand,2030,32,11,11,0.0685377940469646
6516,h2_demand,2030,32,12,12,0.0685377940469646
6517,h2_demand,2030,32,13,13,0.0685377940469646
6518,h2_demand,2030,32,14,14,0.0685377940469646
6519,h2_demand,2030,32,15,15,0.0685377940469646
6520,h2_demand,2030,32,16,16,0.06853779404696458
6521,h2_demand,2030,32,17,17,0.0685377940469646
6522,h2_demand,2030,32,18,18,0.0685377940469646
6523,h2_demand,2030,32,19,19,0.0685377940469646
6524,h2_demand,2030,32,20,20,0.0685377940469646
6525,h2_demand,2030,32,21,21,0.0685377940469646
6526,h2_demand,2030,32,22,22,0.0685377940469646
6527,h2_demand,2030,32,23,23,0.0685377940469646
6528,h2_demand,2030,32,24,24,0.0685377940469646
6529,h2_demand,2030,33,1,1,0.014971140801958771
6530,h2_demand,2030,33,2,2,0.014971140801958771
6531,h2_demand,2030,33,3,3,0.014971140801958771
6532,h2_demand,2030,33,4,4,0.014971140801958771
6533,h2_demand,2030,33,5,5,0.014971140801958771
6534,h2_demand,2030,33,6,6,0.014971140801958771
6535,h2_demand,2030,33,7,7,0.014971140801958773
6536,h2_demand,2030,33,8,8,0.014971140801958771
6537,h2_demand,2030,33,9,9,0.014971140801958771
6538,h2_demand,2030,33,10,10,0.014971140801958771
6539,h2_demand,2030,33,11,11,0.014971140801958771
6540,h2_demand,2030,33,12,12,0.014971140801958771
6541,h2_demand,2030,33,13,13,0.014971140801958771
6542,h2_demand,2030,33,14,14,0.014971140801958771
6543,h2_demand,2030,33,15,15,0.014971140801958773
6544,h2_demand,2030,33,16,16,0.014971140801958771
6545,h2_demand,2030,33,17,17,0.014971140801958771
6546,h2_demand,2030,33,18,18,0.014971140801958771
6547,h2_demand,2030,33,19,19,0.014971140801958771
6548,h2_demand,2030,33,20,20,0.014971140801958771
6549,h2_demand,2030,33,21,21,0.014971140801958771
6550,h2_demand,2030,33,22,22,0.014971140801958771
6551,h2_demand,2030,33,23,23,0.014971140801958771
6552,h2_demand,2030,33,24,24,0.014971140801958771
6553,h2_demand,2030,34,1,1,0.12076284388420527
6554,h2_demand,2030,34,2,2,0.12076284388420527
6555,h2_demand,2030,34,3,3,0.12076284388420527
6556,h2_demand,2030,34,4,4,0.12076284388420527
6557,h2_demand,2030,34,5,5,0.12076284388420527
6558,h2_demand,2030,34,6,6,0.12076284388420527
6559,h2_demand,2030,34,7,7,0.12076284388420527
6560,h2_demand,2030,34,8,8,0.12076284388420527
6561,h2_demand,2030,34,9,9,0.12076284388420527
6562,h2_demand,2030,34,10,10,0.12076284388420518
6563,h2_demand,2030,34,11,11,0.12076284388420518
6564,h2_demand,2030,34,12,12,0.12076284388420518
6565,h2_demand,2030,34,13,13,0.12076284388420518
6566,h2_demand,2030,34,14,14,0.12076284388420527
6567,h2_demand,2030,34,15,15,0.12076284388420527
6568,h2_demand,2030,34,16,16,0.12076284388420527
6569,h2_demand,2030,34,17,17,0.12076284388420527
6570,h2_demand,2030,34,18,18,0.12076284388420527
6571,h2_demand,2030,34,19,19,0.12076284388420527
6572,h2_demand,2030,34,20,20,0.12076284388420527
6573,h2_demand,2030,34,21,21,0.12076284388420527
6574,h2_demand,2030,34,22,22,0.12076284388420527
6575,h2_demand,2030,34,23,23,0.12076284388420527
6576,h2_demand,2030,34,24,24,0.12076284388420527
6577,h2_demand,2030,35,1,1,0.025793536182433314
6578,h2_demand,2030,35,2,2,0.025793536182433314
6579,h2_demand,2030,35,3,3,0.025793536182433314
6580,h2_demand,2030,35,4,4,0.025793536182433314
6581,h2_demand,2030,35,5,5,0.025793536182433314
6582,h2_demand,2030,35,6,6,0.025793536182433314
6583,h2_demand,2030,35,7,7,0.025793536182433314
6584,h2_demand,2030,35,8,8,0.025793536182433314
6585,h2_demand,2030,35,9,9,0.025793536182433314
6586,h2_demand,2030,35,10,10,0.025793536182433314
6587,h2_demand,2030,35,11,11,0.025793536182433314
6588,h2_demand,2030,35,12,12,0.025793536182433314
6589,h2_demand,2030,35,13,13,0.025793536182433314
6590,h2_demand,2030,35,14,14,0.025793536182433314
6591,h2_demand,2030,35,15,15,0.025793536182433314
6592,h2_demand,2030,35,16,16,0.025793536182433314
6593,h2_demand,2030,35,17,17,0.025793536182433314
6594,h2_demand,2030,35,18,18,0.025793536182433314
6595,h2_demand,2030,35,19,19,0.025793536182433314
6596,h2_demand,2030,35,20,20,0.025793536182433314
6597,h2_demand,2030,35,21,21,0.025793536182433314
6598,h2_demand,2030,35,22,22,0.025793536182433314
6599,h2_demand,2030,35,23,23,0.025793536182433314
6600,h2_demand,2030,35,24,24,0.025793536182433314
6601,h2_demand,2030,36,1,1,0.02832513653305178
6602,h2_demand,2030,36,2,2,0.028325136533051787
6603,h2_demand,2030,36,3,3,0.028325136533051787
6604,h2_demand,2030,36,4,4,0.028325136533051787
6605,h2_demand,2030,36,5,5,0.028325136533051787
6606,h2_demand,2030,36,6,6,0.028325136533051787
6607,h2_demand,2030,36,7,7,0.028325136533051787
6608,h2_demand,2030,36,8,8,0.028325136533051787
6609,h2_demand,2030,36,9,9,0.028325136533051787
6610,h2_demand,2030,36,10,10,0.02832513653305178
6611,h2_demand,2030,36,11,11,0.03279710596397087
6612,h2_demand,2030,36,12,12,0.03279710596397087
6613,h2_demand,2030,36,13,13,0.028325136533051787
6614,h2_demand,2030,36,14,14,0.028325136533051787
6615,h2_demand,2030,36,15,15,0.028325136533051787
6616,h2_demand,2030,36,16,16,0.03279710596397087
6617,h2_demand,2030,36,17,17,0.028325136533051787
6618,h2_demand,2030,36,18,18,0.028325136533051787
6619,h2_demand,2030,36,19,19,0.028325136533051787
6620,h2_demand,2030,36,20,20,0.03279710596397087
6621,h2_demand,2030,36,21,21,0.028325136533051787
6622,h2_demand,2030,36,22,22,0.028325136533051787
6623,h2_demand,2030,36,23,23,0.03279710596397087
6624,h2_demand,2030,36,24,24,0.028325136533051787
6625,h2_demand,2030,37,1,1,0.07193211876312872
6626,h2_demand,2030,37,2,2,0.07193211876312872
6627,h2_demand,2030,37,3,3,0.07193211876312872
6628,h2_demand,2030,37,4,4,0.07193211876312872
6629,h2_demand,2030,37,5,5,0.07193211876312872
6630,h2_demand,2030,37,6,6,0.07193211876312872
6631,h2_demand,2030,37,7,7,0.07193211876312872
6632,h2_demand,2030,37,8,8,0.07193211876312872
6633,h2_demand,2030,37,9,9,0.07193211876312876
6634,h2_demand,2030,37,10,10,0.07193211876312872
6635,h2_demand,2030,37,11,11,0.07193211876312872
6636,h2_demand,2030,37,12,12,0.07193211876312872
6637,h2_demand,2030,37,13,13,0.07193211876312872
6638,h2_demand,2030,37,14,14,0.07193211876312872
6639,h2_demand,2030,37,15,15,0.07193211876312872
6640,h2_demand,2030,37,16,16,0.07193211876312872
6641,h2_demand,2030,37,17,17,0.07193211876312872
6642,h2_demand,2030,37,18,18,0.07193211876312872
6643,h2_demand,2030,37,19,19,0.07193211876312872
6644,h2_demand,2030,37,20,20,0.07193211876312872
6645,h2_demand,2030,37,21,21,0.07193211876312872
6646,h2_demand,2030,37,22,22,0.07193211876312872
6647,h2_demand,2030,37,23,23,0.07193211876312872
6648,h2_demand,2030,37,24,24,0.07193211876312872
6649,h2_demand,2030,38,1,1,0.03563151690250048
6650,h2_demand,2030,38,2,2,0.03563151690250047
6651,h2_demand,2030,38,3,3,0.03563151690250047
6652,h2_demand,2030,38,4,4,0.03563151690250047
6653,h2_demand,2030,38,5,5,0.03563151690250047
6654,h2_demand,2030,38,6,6,0.03563151690250047
6655,h2_demand,2030,38,7,7,0.03563151690250047
6656,h2_demand,2030,38,8,8,0.03563151690250047
6657,h2_demand,2030,38,9,9,0.03563151690250047
6658,h2_demand,2030,38,10,10,0.03563151690250047
6659,h2_demand,2030,38,11,11,0.03563151690250047
6660,h2_demand,2030,38,12,12,0.03563151690250047
6661,h2_demand,2030,38,13,13,0.03563151690250047
6662,h2_demand,2030,38,14,14,0.03563151690250047
6663,h2_demand,2030,38,15,15,0.03563151690250047
6664,h2_demand,2030,38,16,16,0.03563151690250047
6665,h2_demand,2030,38,17,17,0.03563151690250048
6666,h2_demand,2030,38,18,18,0.03563151690250047
6667,h2_demand,2030,38,19,19,0.03563151690250047
6668,h2_demand,2030,38,20,20,0.03563151690250047
6669,h2_demand,2030,38,21,21,0.03563151690250047
6670,h2_demand,2030,38,22,22,0.03563151690250047
6671,h2_demand,2030,38,23,23,0.03563151690250047
6672,h2_demand,2030,38,24,24,0.03563151690250047
6673,h2_demand,2030,39,1,1,0.08879838900133175
6674,h2_demand,2030,39,2,2,0.08879838900133175
6675,h2_demand,2030,39,3,3,0.08879838900133175
6676,h2_demand,2030,39,4,4,0.08879838900133175
6677,h2_demand,2030,39,5,5,0.08879838900133175
6678,h2_demand,2030,39,6,6,0.08879838900133175
6679,h2_demand,2030,39,7,7,0.08879838900133175
6680,h2_demand,2030,39,8,8,0.08879838900133173
6681,h2_demand,2030,39,9,9,0.08879838900133173
6682,h2_demand,2030,39,10,10,0.08879838900133173
6683,h2_demand,2030,39,11,11,0.08879838900133173
6684,h2_demand,2030,39,12,12,0.08879838900133173
6685,h2_demand,2030,39,13,13,0.08879838900133173
6686,h2_demand,2030,39,14,14,0.08879838900133173
6687,h2_demand,2030,39,15,15,0.08879838900133173
6688,h2_demand,2030,39,16,16,0.08879838900133173
6689,h2_demand,2030,39,17,17,0.08879838900133173
6690,h2_demand,2030,39,18,18,0.08879838900133173
6691,h2_demand,2030,39,19,19,0.08879838900133173
6692,h2_demand,2030,39,20,20,0.08879838900133173
6693,h2_demand,2030,39,21,21,0.08879838900133173
6694,h2_demand,2030,39,22,22,0.08879838900133173
6695,h2_demand,2030,39,23,23,0.08879838900133173
6696,h2_demand,2030,39,24,24,0.08879838900133173
6697,h2_demand,2030,40,1,1,0.06978604589253032
6698,h2_demand,2030,40,2,2,0.06978604589253032
6699,h2_demand,2030,40,3,3,0.06978604589253032
6700,h2_demand,2030,40,4,4,0.06978604589253032
6701,h2_demand,2030,40,5,5,0.06978604589253032
6702,h2_demand,2030,40,6,6,0.06978604589253032
6703,h2_demand,2030,40,7,7,0.06978604589253032
6704,h2_demand,2030,40,8,8,0.06978604589253032
6705,h2_demand,2030,40,9,9,0.06978604589253032
6706,h2_demand,2030,40,10,10,0.06978604589253032
6707,h2_demand,2030,40,11,11,0.06978604589253032
6708,h2_demand,2030,40,12,12,0.06978604589253032
6709,h2_demand,2030,40,13,13,0.06978604589253032
6710,h2_demand,2030,40,14,14,0.06978604589253032
6711,h2_demand,2030,40,15,15,0.06978604589253032
6712,h2_demand,2030,40,16,16,0.06978604589253032
6713,h2_demand,2030,40,17,17,0.06978604589253032
6714,h2_demand,2030,40,18,18,0.06978604589253032
6715,h2_demand,2030,40,19,19,0.06978604589253032
6716,h2_demand,2030,40,20,20,0.06978604589253032
6717,h2_demand,2030,40,21,21,0.06978604589253032
6718,h2_demand,2030,40,22,22,0.06978604589253032
6719,h2_demand,2030,40,23,23,0.06978604589253032
6720,h2_demand,2030,40,24,24,0.06978604589253032
6721,h2_demand,2030,41,1,1,0.10933300370659953
6722,h2_demand,2030,41,2,2,0.10933300370659953
6723,h2_demand,2030,41,3,3,0.10933300370659953
6724,h2_demand,2030,41,4,4,0.10933300370659953
6725,h2_demand,2030,41,5,5,0.10933300370659953
6726,h2_demand,2030,41,6,6,0.10933300370659953
6727,h2_demand,2030,41,7,7,0.10933300370659953
6728,h2_demand,2030,41,8,8,0.10933300370659953
6729,h2_demand,2030,41,9,9,0.10933300370659953
6730,h2_demand,2030,41,10,10,0.10933300370659953
6731,h2_demand,2030,41,11,11,0.10933300370659953
6732,h2_demand,2030,41,12,12,0.10933300370659953
6733,h2_demand,2030,41,13,13,0.10933300370659953
6734,h2_demand,2030,41,14,14,0.10933300370659953
6735,h2_demand,2030,41,15,15,0.10933300370659953
6736,h2_demand,2030,41,16,16,0.10933300370659953
6737,h2_demand,2030,41,17,17,0.10933300370659953
6738,h2_demand,2030,41,18,18,0.10933300370659953
6739,h2_demand,2030,41,19,19,0.10933300370659953
6740,h2_demand,2030,41,20,20,0.10933300370659953
6741,h2_demand,2030,41,21,21,0.10933300370659953
6742,h2_demand,2030,41,22,22,0.1527659625255716
6743,h2_demand,2030,41,23,23,0.10933300370659953
6744,h2_demand,2030,41,24,24,0.10933300370659953
6745,h2_demand,2030,42,1,1,0.08465627446778
6746,h2_demand,2030,42,2,2,0.08465627446778
6747,h2_demand,2030,42,3,3,0.08465627446778
6748,h2_demand,2030,42,4,4,0.08465627446778
6749,h2_demand,2030,42,5,5,0.08465627446778
6750,h2_demand,2030,42,6,6,0.08465627446778
6751,h2_demand,2030,42,7,7,0.08465627446778
6752,h2_demand,2030,42,8,8,0.08465627446778
6753,h2_demand,2030,42,9,9,0.08465627446778
6754,h2_demand,2030,42,10,10,0.08465627446778
6755,h2_demand,2030,42,11,11,0.08465627446778
6756,h2_demand,2030,42,12,12,0.08465627446778
6757,h2_demand,2030,42,13,13,0.08465627446778
6758,h2_demand,2030,42,14,14,0.08465627446778
6759,h2_demand,2030,42,15,15,0.08465627446778
6760,h2_demand,2030,42,16,16,0.08465627446778
6761,h2_demand,2030,42,17,17,0.08465627446778
6762,h2_demand,2030,42,18,18,0.08465627446778
6763,h2_demand,2030,42,19,19,0.08465627446778
6764,h2_demand,2030,42,20,20,0.08465627446778
6765,h2_demand,2030,42,21,21,0.08465627446778
6766,h2_demand,2030,42,22,22,0.08465627446778
6767,h2_demand,2030,42,23,23,0.08465627446778
6768,h2_demand,2030,42,24,24,0.08465627446778
6769,h2_demand,2030,43,1,1,0.10184004800423666
6770,h2_demand,2030,43,2,2,0.10184004800423666
6771,h2_demand,2030,43,3,3,0.10184004800423666
6772,h2_demand,2030,43,4,4,0.10184004800423666
6773,h2_demand,2030,43,5,5,0.10184004800423666
6774,h2_demand,2030,43,6,6,0.10184004800423666
6775,h2_demand,2030,43,7,7,0.10184004800423666
6776,h2_demand,2030,43,8,8,0.10184004800423666
6777,h2_demand,2030,43,9,9,0.10184004800423666
6778,h2_demand,2030,43,10,10,0.10184004800423663
6779,h2_demand,2030,43,11,11,0.10184004800423663
6780,h2_demand,2030,43,12,12,0.10184004800423663
6781,h2_demand,2030,43,13,13,0.10184004800423663
6782,h2_demand,2030,43,14,14,0.10184004800423663
6783,h2_demand,2030,43,15,15,0.10184004800423663
6784,h2_demand,2030,43,16,16,0.10184004800423663
6785,h2_demand,2030,43,17,17,0.10184004800423663
6786,h2_demand,2030,43,18,18,0.10184004800423663
6787,h2_demand,2030,43,19,19,0.10184004800423663
6788,h2_demand,2030,43,20,20,0.10184004800423663
6789,h2_demand,2030,43,21,21,0.10184004800423666
6790,h2_demand,2030,43,22,22,0.10184004800423666
6791,h2_demand,2030,43,23,23,0.10184004800423666
6792,h2_demand,2030,43,24,24,0.10184004800423666
6793,h2_demand,2030,44,1,1,0.20967833977628106
6794,h2_demand,2030,44,2,2,0.20967833977628117
6795,h2_demand,2030,44,3,3,0.20967833977628117
6796,h2_demand,2030,44,4,4,0.20967833977628117
6797,h2_demand,2030,44,5,5,0.20967833977628117
6798,h2_demand,2030,44,6,6,0.20967833977628117
6799,h2_demand,2030,44,7,7,0.20967833977628117
6800,h2_demand,2030,44,8,8,0.20967833977628117
6801,h2_demand,2030,44,9,9,0.20967833977628117
6802,h2_demand,2030,44,10,10,0.20967833977628117
6803,h2_demand,2030,44,11,11,0.20967833977628117
6804,h2_demand,2030,44,12,12,0.20967833977628117
6805,h2_demand,2030,44,13,13,0.20967833977628117
6806,h2_demand,2030,44,14,14,0.20967833977628117
6807,h2_demand,2030,44,15,15,0.20967833977628117
6808,h2_demand,2030,44,16,16,0.20967833977628117
6809,h2_demand,2030,44,17,17,0.20967833977628117
6810,h2_demand,2030,44,18,18,0.3782524761911901
6811,h2_demand,2030,44,19,19,0.20967833977628117
6812,h2_demand,2030,44,20,20,0.20967833977628117
6813,h2_demand,2030,44,21,21,0.20967833977628117
6814,h2_demand,2030,44,22,22,0.20967833977628117
6815,h2_demand,2030,44,23,23,0.20967833977628117
6816,h2_demand,2030,44,24,24,0.20967833977628117
6817,h2_demand,2030,45,1,1,0.11994058504409187
6818,h2_demand,2030,45,2,2,0.11994058504409186
6819,h2_demand,2030,45,3,3,0.11994058504409186
6820,h2_demand,2030,45,4,4,0.11994058504409186
6821,h2_demand,2030,45,5,5,0.11994058504409186
6822,h2_demand,2030,45,6,6,0.11994058504409186
6823,h2_demand,2030,45,7,7,0.11994058504409186
6824,h2_demand,2030,45,8,8,0.11994058504409186
6825,h2_demand,2030,45,9,9,0.11994058504409186
6826,h2_demand,2030,45,10,10,0.11994058504409186
6827,h2_demand,2030,45,11,11,0.11994058504409186
6828,h2_demand,2030,45,12,12,0.11994058504409186
6829,h2_demand,2030,45,13,13,0.11994058504409186
6830,h2_demand,2030,45,14,14,0.11994058504409186
6831,h2_demand,2030,45,15,15,0.28388304152447774
6832,h2_demand,2030,45,16,16,0.11994058504409186
6833,h2_demand,2030,45,17,17,0.11994058504409186
6834,h2_demand,2030,45,18,18,0.11994058504409186
6835,h2_demand,2030,45,19,19,0.11994058504409186
6836,h2_demand,2030,45,20,20,0.11994058504409186
6837,h2_demand,2030,45,21,21,0.11994058504409186
6838,h2_demand,2030,45,22,22,0.11994058504409186
6839,h2_demand,2030,45,23,23,0.11994058504409186
6840,h2_demand,2030,45,24,24,0.11994058504409186
6841,h2_demand,2030,46,1,1,0.032819763896360286
6842,h2_demand,2030,46,2,2,0.032819763896360286
6843,h2_demand,2030,46,3,3,0.032819763896360286
6844,h2_demand,2030,46,4,4,0.032819763896360286
6845,h2_demand,2030,46,5,5,0.032819763896360286
6846,h2_demand,2030,46,6,6,0.032819763896360286
6847,h2_demand,2030,46,7,7,0.032819763896360286
6848,h2_demand,2030,46,8,8,0.032819763896360286
6849,h2_demand,2030,46,9,9,0.032819763896360286
6850,h2_demand,2030,46,10,10,0.032819763896360286
6851,h2_demand,2030,46,11,11,0.032819763896360286
6852,h2_demand,2030,46,12,12,0.032819763896360286
6853,h2_demand,2030,46,13,13,0.032819763896360286
6854,h2_demand,2030,46,14,14,0.032819763896360286
6855,h2_demand,2030,46,15,15,0.032819763896360286
6856,h2_demand,2030,46,16,16,0.032819763896360286
6857,h2_demand,2030,46,17,17,0.032819763896360286
6858,h2_demand,2030,46,18,18,0.032819763896360286
6859,h2_demand,2030,46,19,19,0.032819763896360286
6860,h2_demand,2030,46,20,20,0.032819763896360286
6861,h2_demand,2030,46,21,21,0.032819763896360286
6862,h2_demand,2030,46,22,22,0.032819763896360286
6863,h2_demand,2030,46,23,23,0.032819763896360286
6864,h2_demand,2030,46,24,24,0.032819763896360286
6865,h2_demand,2030,47,1,1,0.092268820979189
6866,h2_demand,2030,47,2,2,0.092268820979189
6867,h2_demand,2030,47,3,3,0.092268820979189
6868,h2_demand,2030,47,4,4,0.092268820979189
6869,h2_demand,2030,47,5,5,0.092268820979189
6870,h2_demand,2030,47,6,6,0.092268820979189
6871,h2_demand,2030,47,7,7,0.092268820979189
6872,h2_demand,2030,47,8,8,0.092268820979189
6873,h2_demand,2030,47,9,9,0.092268820979189
6874,h2_demand,2030,47,10,10,0.092268820979189
6875,h2_demand,2030,47,11,11,0.092268820979189
6876,h2_demand,2030,47,12,12,0.092268820979189
6877,h2_demand,2030,47,13,13,0.092268820979189
6878,h2_demand,2030,47,14,14,0.092268820979189
6879,h2_demand,2030,47,15,15,0.092268820979189
6880,h2_demand,2030,47,16,16,0.092268820979189
6881,h2_demand,2030,47,17,17,0.092268820979189
6882,h2_demand,2030,47,18,18,0.092268820979189
6883,h2_demand,2030,47,19,19,0.092268820979189
6884,h2_demand,2030,47,20,20,0.092268820979189
6885,h2_demand,2030,47,21,21,0.092268820979189
6886,h2_demand,2030,47,22,22,0.092268820979189
6887,h2_demand,2030,47,23,23,0.092268820979189
6888,h2_demand,2030,47,24,24,0.092268820979189
6889,h2_demand,2030,48,1,1,0.15410647079526502
6890,h2_demand,2030,48,2,2,0.15410647079526502
6891,h2_demand,2030,48,3,3,0.15410647079526502
6892,h2_demand,2030,48,4,4,0.25755897717103876
6893,h2_demand,2030,48,5,5,0.15410647079526502
6894,h2_demand,2030,48,6,6,0.15410647079526502
6895,h2_demand,2030,48,7,7,0.15410647079526502
6896,h2_demand,2030,48,8,8,0.15410647079526502
6897,h2_demand,2030,48,9,9,0.15410647079526502
6898,h2_demand,2030,48,10,10,0.15410647079526502
6899,h2_demand,2030,48,11,11,0.15410647079526502
6900,h2_demand,2030,48,12,12,0.15410647079526502
6901,h2_demand,2030,48,13,13,0.15410647079526502
6902,h2_demand,2030,48,14,14,0.15410647079526502
6903,h2_demand,2030,48,15,15,0.15410647079526502
6904,h2_demand,2030,48,16,16,0.15410647079526502
6905,h2_demand,2030,48,17,17,0.15410647079526502
6906,h2_demand,2030,48,18,18,0.15410647079526502
6907,h2_demand,2030,48,19,19,0.15410647079526502
6908,h2_demand,2030,48,20,20,0.15410647079526502
6909,h2_demand,2030,48,21,21,0.15410647079526502
6910,h2_demand,2030,48,22,22,0.15410647079526502
6911,h2_demand,2030,48,23,23,0.15410647079526502
6912,h2_demand,2030,48,24,24,0.15410647079526502
6913,h2_demand,2030,49,1,1,0.28686593192900045
6914,h2_demand,2030,49,2,2,0.28686593192900045
6915,h2_demand,2030,49,3,3,0.28686593192900045
6916,h2_demand,2030,49,4,4,0.28686593192900045
6917,h2_demand,2030,49,5,5,0.28686593192900045
6918,h2_demand,2030,49,6,6,0.28686593192900045
6919,h2_demand,2030,49,7,7,0.28686593192900045
6920,h2_demand,2030,49,8,8,0.28686593192900045
6921,h2_demand,2030,49,9,9,0.28686593192900045
6922,h2_demand,2030,49,10,10,0.6789726199502969
6923,h2_demand,2030,49,11,11,0.28686593192900045
6924,h2_demand,2030,49,12,12,0.28686593192900045
6925,h2_demand,2030,49,13,13,0.28686593192900045
6926,h2_demand,2030,49,14,14,0.28686593192900045
6927,h2_demand,2030,49,15,15,0.28686593192900045
6928,h2_demand,2030,49,16,16,0.6789726199502969
6929,h2_demand,2030,49,17,17,0.28686593192900045
6930,h2_demand,2030,49,18,18,0.28686593192900045
6931,h2_demand,2030,49,19,19,0.28686593192900045
6932,h2_demand,2030,49,20,20,0.28686593192900045
6933,h2_demand,2030,49,21,21,0.28686593192900045
6934,h2_demand,2030,49,22,22,0.28686593192900045
6935,h2_demand,2030,49,23,23,0.28686593192900045
6936,h2_demand,2030,49,24,24,0.28686593192900045
6937,h2_demand,2030,50,1,1,0.1955691601418465
6938,h2_demand,2030,50,2,2,0.19556916014184664
6939,h2_demand,2030,50,3,3,0.1955691601418466
6940,h2_demand,2030,50,4,4,0.46288558613454817
6941,h2_demand,2030,50,5,5,0.1955691601418466
6942,h2_demand,2030,50,6,6,0.1955691601418465
6943,h2_demand,2030,50,7,7,0.1955691601418466
6944,h2_demand,2030,50,8,8,0.1955691601418466
6945,h2_demand,2030,50,9,9,0.1955691601418465
6946,h2_demand,2030,50,10,10,0.1955691601418466
6947,h2_demand,2030,50,11,11,0.1955691601418466
6948,h2_demand,2030,50,12,12,0.1955691601418466
6949,h2_demand,2030,50,13,13,0.1955691601418466
6950,h2_demand,2030,50,14,14,0.1955691601418466
6951,h2_demand,2030,50,15,15,0.1955691601418466
6952,h2_demand,2030,50,16,16,0.1955691601418466
6953,h2_demand,2030,50,17,17,0.1955691601418466
6954,h2_demand,2030,50,18,18,0.1955691601418466
6955,h2_demand,2030,50,19,19,0.46288558613454817
6956,h2_demand,2030,50,20,20,0.1955691601418466
6957,h2_demand,2030,50,21,21,0.1955691601418466
6958,h2_demand,2030,50,22,22,0.1955691601418466
6959,h2_demand,2030,50,23,23,0.1955691601418466
6960,h2_demand,2030,50,24,24,0.1955691601418466
6961,h2_demand,2030,51,1,1,0.12921241931068325
6962,h2_demand,2030,51,2,2,0.12921241931068322
6963,h2_demand,2030,51,3,3,0.12921241931068322
6964,h2_demand,2030,51,4,4,0.12921241931068322
6965,h2_demand,2030,51,5,5,0.12921241931068322
6966,h2_demand,2030,51,6,6,0.12921241931068322
6967,h2_demand,2030,51,7,7,0.12921241931068322
6968,h2_demand,2030,51,8,8,0.12921241931068322
6969,h2_demand,2030,51,9,9,0.12921241931068322
6970,h2_demand,2030,51,10,10,0.12921241931068322
6971,h2_demand,2030,51,11,11,0.12921241931068322
6972,h2_demand,2030,51,12,12,0.12921241931068322
6973,h2_demand,2030,51,13,13,0.12921241931068322
6974,h2_demand,2030,51,14,14,0.12921241931068322
6975,h2_demand,2030,51,15,15,0.12921241931068322
6976,h2_demand,2030,51,16,16,0.12921241931068322
6977,h2_demand,2030,51,17,17,0.12921241931068322
6978,h2_demand,2030,51,18,18,0.12921241931068322
6979,h2_demand,2030,51,19,19,0.12921241931068322
6980,h2_demand,2030,51,20,20,0.12921241931068322
6981,h2_demand,2030,51,21,21,0.12921241931068322
6982,h2_demand,2030,51,22,22,0.12921241931068322
6983,h2_demand,2030,51,23,23,0.12921241931068322
6984,h2_demand,2030,51,24,24,0.12921241931068322
6985,h2_demand,2030,52,1,1,0.08637826360032098
6986,h2_demand,2030,52,2,2,0.08637826360032098
6987,h2_demand,2030,52,3,3,0.08637826360032098
6988,h2_demand,2030,52,4,4,0.08637826360032098
6989,h2_demand,2030,52,5,5,0.10379558981054703
6990,h2_demand,2030,52,6,6,0.10379558981054703
6991,h2_demand,2030,52,7,7,0.10379558981054711
6992,h2_demand,2030,52,8,8,0.10379558981054711
6993,h2_demand,2030,52,9,9,0.10379558981054711
6994,h2_demand,2030,52,10,10,0.10379558981054711
6995,h2_demand,2030,52,11,11,0.10379558981054711
6996,h2_demand,2030,52,12,12,0.10379558981054703
6997,h2_demand,2030,52,13,13,0.10379558981054711
6998,h2_demand,2030,52,14,14,0.10379558981054703
6999,h2_demand,2030,52,15,15,0.10379558981054711
7000,h2_demand,2030,52,16,16,0.10379558981054711
7001,h2_demand,2030,52,17,17,0.10379558981054711
7002,h2_demand,2030,52,18,18,0.10379558981054711
7003,h2_demand,2030,52,19,19,0.10379558981054711
7004,h2_demand,2030,52,20,20,0.10379558981054711
7005,h2_demand,2030,52,21,21,0.10379558981054711
7006,h2_demand,2030,52,22,22,0.10379558981054711
7007,h2_demand,2030,52,23,23,0.10379558981054711
7008,h2_demand,2030,52,24,24,0.10379558981054711
7009,h2_demand,2030,53,1,1,0.17398281305728597
7010,h2_demand,2030,53,2,2,0.17398281305728602
7011,h2_demand,2030,53,3,3,0.17398281305728602
7012,h2_demand,2030,53,4,4,0.17398281305728602
7013,h2_demand,2030,53,5,5,0.17398281305728602
7014,h2_demand,2030,53,6,6,0.17398281305728602
7015,h2_demand,2030,53,7,7,0.17398281305728602
7016,h2_demand,2030,53,8,8,0.17398281305728602
7017,h2_demand,2030,53,9,9,0.17398281305728602
7018,h2_demand,2030,53,10,10,0.17398281305728602
7019,h2_demand,2030,53,11,11,0.17398281305728602
7020,h2_demand,2030,53,12,12,0.17398281305728602
7021,h2_demand,2030,53,13,13,0.17398281305728602
7022,h2_demand,2030,53,14,14,0.17398281305728602
7023,h2_demand,2030,53,15,15,0.17398281305728602
7024,h2_demand,2030,53,16,16,0.17398281305728602
7025,h2_demand,2030,53,17,17,0.17398281305728602
7026,h2_demand,2030,53,18,18,0.17398281305728602
7027,h2_demand,2030,53,19,19,0.17398281305728602
7028,h2_demand,2030,53,20,20,0.17398281305728602
7029,h2_demand,2030,53,21,21,0.17398281305728602
7030,h2_demand,2030,53,22,22,0.17398281305728602
7031,h2_demand,2030,53,23,23,0.17398281305728602
7032,h2_demand,2030,53,24,24,0.17398281305728602
7033,h2_demand,2030,54,1,1,0.13811175534016237
7034,h2_demand,2030,54,2,2,0.13811175534016237
7035,h2_demand,2030,54,3,3,0.13811175534016237
7036,h2_demand,2030,54,4,4,0.13811175534016237
7037,h2_demand,2030,54,5,5,0.13811175534016237
7038,h2_demand,2030,54,6,6,0.13811175534016237
7039,h2_demand,2030,54,7,7,0.3268917286157689
7040,h2_demand,2030,54,8,8,0.13811175534016237
7041,h2_demand,2030,54,9,9,0.13811175534016237
7042,h2_demand,2030,54,10,10,0.13811175534016237
7043,h2_demand,2030,54,11,11,0.13811175534016237
7044,h2_demand,2030,54,12,12,0.3268917286157689
7045,h2_demand,2030,54,13,13,0.13811175534016237
7046,h2_demand,2030,54,14,14,0.13811175534016237
7047,h2_demand,2030,54,15,15,0.13811175534016237
7048,h2_demand,2030,54,16,16,0.13811175534016237
7049,h2_demand,2030,54,17,17,0.13811175534016237
7050,h2_demand,2030,54,18,18,0.13811175534016237
7051,h2_demand,2030,54,19,19,0.13811175534016237
7052,h2_demand,2030,54,20,20,0.13811175534016237
7053,h2_demand,2030,54,21,21,0.13811175534016237
7054,h2_demand,2030,54,22,22,0.13811175534016237
7055,h2_demand,2030,54,23,23,0.13811175534016237
7056,h2_demand,2030,54,24,24,0.13811175534016237
7057,h2_demand,2030,55,1,1,0.18206330943131818
7058,h2_demand,2030,55,2,2,0.18206330943131813
7059,h2_demand,2030,55,3,3,0.18206330943131813
7060,h2_demand,2030,55,4,4,0.18206330943131813
7061,h2_demand,2030,55,5,5,0.18206330943131813
7062,h2_demand,2030,55,6,6,0.18206330943131813
7063,h2_demand,2030,55,7,7,0.18206330943131813
7064,h2_demand,2030,55,8,8,0.18206330943131813
7065,h2_demand,2030,55,9,9,0.18206330943131813
7066,h2_demand,2030,55,10,10,0.18206330943131813
7067,h2_demand,2030,55,11,11,0.18206330943131813
7068,h2_demand,2030,55,12,12,0.18206330943131813
7069,h2_demand,2030,55,13,13,0.18206330943131813
7070,h2_demand,2030,55,14,14,0.18206330943131813
7071,h2_demand,2030,55,15,15,0.18206330943131813
7072,h2_demand,2030,55,16,16,0.18206330943131818
7073,h2_demand,2030,55,17,17,0.18206330943131813
7074,h2_demand,2030,55,18,18,0.18206330943131813
7075,h2_demand,2030,55,19,19,0.18206330943131813
7076,h2_demand,2030,55,20,20,0.18206330943131813
7077,h2_demand,2030,55,21,21,0.18206330943131813
7078,h2_demand,2030,55,22,22,0.18206330943131813
7079,h2_demand,2030,55,23,23,0.18206330943131813
7080,h2_demand,2030,55,24,24,0.18206330943131813
7081,h2_demand,2030,56,1,1,0.016052570336626857
7082,h2_demand,2030,56,2,2,0.016052570336626857
7083,h2_demand,2030,56,3,3,0.016052570336626857
7084,h2_demand,2030,56,4,4,0.016052570336626857
7085,h2_demand,2030,56,5,5,0.016052570336626857
7086,h2_demand,2030,56,6,6,0.016052570336626857
7087,h2_demand,2030,56,7,7,0.016052570336626857
7088,h2_demand,2030,56,8,8,0.016052570336626857
7089,h2_demand,2030,56,9,9,0.016052570336626857
7090,h2_demand,2030,56,10,10,0.016052570336626857
7091,h2_demand,2030,56,11,11,0.016052570336626857
7092,h2_demand,2030,56,12,12,0.016052570336626857
7093,h2_demand,2030,56,13,13,0.016052570336626857
7094,h2_demand,2030,56,14,14,0.016052570336626857
7095,h2_demand,2030,56,15,15,0.016052570336626857
7096,h2_demand,2030,56,16,16,0.016052570336626857
7097,h2_demand,2030,56,17,17,0.016052570336626857
7098,h2_demand,2030,56,18,18,0.016052570336626857
7099,h2_demand,2030,56,19,19,0.016052570336626857
7100,h2_demand,2030,56,20,20,0.016052570336626857
7101,h2_demand,2030,56,21,21,0.016052570336626857
7102,h2_demand,2030,56,22,22,0.007308415536851158
7103,h2_demand,2030,56,23,23,0.007308415536851158
7104,h2_demand,2030,56,24,24,0.007308415536851158
7105,h2_demand,2030,57,1,1,0.05625220643652465
7106,h2_demand,2030,57,2,2,0.05625220643652465
7107,h2_demand,2030,57,3,3,0.05625220643652465
7108,h2_demand,2030,57,4,4,0.05625220643652465
7109,h2_demand,2030,57,5,5,0.05625220643652465
7110,h2_demand,2030,57,6,6,0.05625220643652465
7111,h2_demand,2030,57,7,7,0.1331413170095257
7112,h2_demand,2030,57,8,8,0.1331413170095257
7113,h2_demand,2030,57,9,9,0.13314131700952578
7114,h2_demand,2030,57,10,10,0.13314131700952578
7115,h2_demand,2030,57,11,11,0.13314131700952578
7116,h2_demand,2030,57,12,12,0.13314131700952578
7117,h2_demand,2030,57,13,13,0.13314131700952578
7118,h2_demand,2030,57,14,14,0.13314131700952578
7119,h2_demand,2030,57,15,15,0.1331413170095257
7120,h2_demand,2030,57,16,16,0.13314131700952578
7121,h2_demand,2030,57,17,17,0.13314131700952578
7122,h2_demand,2030,57,18,18,0.13314131700952578
7123,h2_demand,2030,57,19,19,0.13314131700952578
7124,h2_demand,2030,57,20,20,0.13314131700952578
7125,h2_demand,2030,57,21,21,0.13314131700952578
7126,h2_demand,2030,57,22,22,0.13314131700952578
7127,h2_demand,2030,57,23,23,0.13314131700952578
7128,h2_demand,2030,57,24,24,0.13314131700952578
7129,h2_demand,2030,58,1,1,0.048257884702709024
7130,h2_demand,2030,58,2,2,0.048257884702709024
7131,h2_demand,2030,58,3,3,0.04825788470270903
7132,h2_demand,2030,58,4,4,0.04825788470270902
7133,h2_demand,2030,58,5,5,0.048257884702709024
7134,h2_demand,2030,58,6,6,0.048257884702709024
7135,h2_demand,2030,58,7,7,0.048257884702709024
7136,h2_demand,2030,58,8,8,0.048257884702709024
7137,h2_demand,2030,58,9,9,0.04825788470270902
7138,h2_demand,2030,58,10,10,0.048257884702709024
7139,h2_demand,2030,58,11,11,0.048257884702709024
7140,h2_demand,2030,58,12,12,0.048257884702709024
7141,h2_demand,2030,58,13,13,0.04825788470270902
7142,h2_demand,2030,58,14,14,0.048257884702709024
7143,h2_demand,2030,58,15,15,0.048257884702709024
7144,h2_demand,2030,58,16,16,0.048257884702709024
7145,h2_demand,2030,58,17,17,0.04825788470270902
7146,h2_demand,2030,58,18,18,0.048257884702709024
7147,h2_demand,2030,58,19,19,0.048257884702709024
7148,h2_demand,2030,58,20,20,0.048257884702709024
7149,h2_demand,2030,58,21,21,0.048257884702709024
7150,h2_demand,2030,58,22,22,0.048257884702709024
7151,h2_demand,2030,58,23,23,0.048257884702709024
7152,h2_demand,2030,58,24,24,0.048257884702709024
7153,h2_demand,2030,59,1,1,0.013315667734296701
7154,h2_demand,2030,59,2,2,0.013315667734296701
7155,h2_demand,2030,59,3,3,0.013315667734296696
7156,h2_demand,2030,59,4,4,0.013315667734296701
7157,h2_demand,2030,59,5,5,0.013315667734296701
7158,h2_demand,2030,59,6,6,0.013315667734296701
7159,h2_demand,2030,59,7,7,0.013315667734296696
7160,h2_demand,2030,59,8,8,0.013315667734296701
7161,h2_demand,2030,59,9,9,0.013315667734296696
7162,h2_demand,2030,59,10,10,0.013315667734296696
7163,h2_demand,2030,59,11,11,0.013315667734296701
7164,h2_demand,2030,59,12,12,0.013315667734296696
7165,h2_demand,2030,59,13,13,0.013315667734296701
7166,h2_demand,2030,59,14,14,0.013315667734296696
7167,h2_demand,2030,59,15,15,0.013315667734296701
7168,h2_demand,2030,59,16,16,0.013315667734296701
7169,h2_demand,2030,59,17,17,0.013315667734296696
7170,h2_demand,2030,59,18,18,0.013315667734296701
7171,h2_demand,2030,59,19,19,0.006108845783393568
7172,h2_demand,2030,59,20,20,0.006108845783393568
7173,h2_demand,2030,59,21,21,0.006108845783393568
7174,h2_demand,2030,59,22,22,0.006108845783393568
7175,h2_demand,2030,59,23,23,0.006108845783393568
7176,h2_demand,2030,59,24,24,0.006108845783393568
7177,h2_demand,2030,60,1,1,0.09673342112377681
7178,h2_demand,2030,60,2,2,0.09673342112377678
7179,h2_demand,2030,60,3,3,0.09673342112377678
7180,h2_demand,2030,60,4,4,0.09673342112377678
7181,h2_demand,2030,60,5,5,0.09673342112377678
7182,h2_demand,2030,60,6,6,0.09673342112377678
7183,h2_demand,2030,60,7,7,0.09673342112377678
7184,h2_demand,2030,60,8,8,0.09673342112377678
7185,h2_demand,2030,60,9,9,0.09673342112377678
7186,h2_demand,2030,60,10,10,0.09673342112377678
7187,h2_demand,2030,60,11,11,0.09673342112377678
7188,h2_demand,2030,60,12,12,0.09673342112377678
7189,h2_demand,2030,60,13,13,0.09673342112377678
7190,h2_demand,2030,60,14,14,0.09673342112377678
7191,h2_demand,2030,60,15,15,0.09673342112377678
7192,h2_demand,2030,60,16,16,0.09673342112377678
7193,h2_demand,2030,60,17,17,0.09673342112377678
7194,h2_demand,2030,60,18,18,0.09673342112377678
7195,h2_demand,2030,60,19,19,0.09673342112377678
7196,h2_demand,2030,60,20,20,0.09673342112377681
7197,h2_demand,2030,60,21,21,0.09673342112377678
7198,h2_demand,2030,60,22,22,0.0967334211237768
7199,h2_demand,2030,60,23,23,0.09673342112377678
7200,h2_demand,2030,60,24,24,0.09673342112377678
7201,h2_demand,2030,61,1,1,0.0654818096335041
7202,h2_demand,2030,61,2,2,0.0654818096335041
7203,h2_demand,2030,61,3,3,0.0654818096335041
7204,h2_demand,2030,61,4,4,0.15498653167693277
7205,h2_demand,2030,61,5,5,0.0654818096335041
7206,h2_demand,2030,61,6,6,0.0654818096335041
7207,h2_demand,2030,61,7,7,0.0654818096335041
7208,h2_demand,2030,61,8,8,0.0654818096335041
7209,h2_demand,2030,61,9,9,0.0654818096335041
7210,h2_demand,2030,61,10,10,0.0654818096335041
7211,h2_demand,2030,61,11,11,0.0654818096335041
7212,h2_demand,2030,61,12,12,0.15498653167693277
7213,h2_demand,2030,61,13,13,0.0654818096335041
7214,h2_demand,2030,61,14,14,0.0654818096335041
7215,h2_demand,2030,61,15,15,0.0654818096335041
7216,h2_demand,2030,61,16,16,0.0654818096335041
7217,h2_demand,2030,61,17,17,0.0654818096335041
7218,h2_demand,2030,61,18,18,0.0654818096335041
7219,h2_demand,2030,61,19,19,0.0654818096335041
7220,h2_demand,2030,61,20,20,0.0654818096335041
7221,h2_demand,2030,61,21,21,0.0654818096335041
7222,h2_demand,2030,61,22,22,0.0654818096335041
7223,h2_demand,2030,61,23,23,0.0654818096335041
7224,h2_demand,2030,61,24,24,0.0654818096335041
7225,h2_demand,2030,62,1,1,0.15586777961991108
7226,h2_demand,2030,62,2,2,0.15586777961991102
7227,h2_demand,2030,62,3,3,0.15586777961991102
7228,h2_demand,2030,62,4,4,0.15586777961991102
7229,h2_demand,2030,62,5,5,0.15586777961991102
7230,h2_demand,2030,62,6,6,0.15586777961991102
7231,h2_demand,2030,62,7,7,0.15586777961991102
7232,h2_demand,2030,62,8,8,0.15586777961991102
7233,h2_demand,2030,62,9,9,0.15586777961991102
7234,h2_demand,2030,62,10,10,0.15586777961991102
7235,h2_demand,2030,62,11,11,0.15586777961991102
7236,h2_demand,2030,62,12,12,0.15586777961991102
7237,h2_demand,2030,62,13,13,0.15586777961991102
7238,h2_demand,2030,62,14,14,0.15586777961991102
7239,h2_demand,2030,62,15,15,0.15586777961991102
7240,h2_demand,2030,62,16,16,0.15586777961991102
7241,h2_demand,2030,62,17,17,0.15586777961991102
7242,h2_demand,2030,62,18,18,0.15586777961991102
7243,h2_demand,2030,62,19,19,0.15586777961991102
7244,h2_demand,2030,62,20,20,0.15586777961991102
7245,h2_demand,2030,62,21,21,0.15586777961991108
7246,h2_demand,2030,62,22,22,0.15586777961991102
7247,h2_demand,2030,62,23,23,0.15586777961991102
7248,h2_demand,2030,62,24,24,0.15586777961991102
7249,h2_demand,2030,63,1,1,0.02724419129375786
7250,h2_demand,2030,63,2,2,0.02724419129375786
7251,h2_demand,2030,63,3,3,0.037101758457200165
7252,h2_demand,2030,63,4,4,0.02724419129375786
7253,h2_demand,2030,63,5,5,0.02724419129375786
7254,h2_demand,2030,63,6,6,0.037101758457200165
7255,h2_demand,2030,63,7,7,0.02724419129375786
7256,h2_demand,2030,63,8,8,0.037101758457200165
7257,h2_demand,2030,63,9,9,0.02724419129375786
7258,h2_demand,2030,63,10,10,0.02724419129375786
7259,h2_demand,2030,63,11,11,0.02724419129375786
7260,h2_demand,2030,63,12,12,0.02724419129375786
7261,h2_demand,2030,63,13,13,0.037101758457200165
7262,h2_demand,2030,63,14,14,0.02724419129375786
7263,h2_demand,2030,63,15,15,0.02724419129375786
7264,h2_demand,2030,63,16,16,0.037101758457200165
7265,h2_demand,2030,63,17,17,0.02724419129375786
7266,h2_demand,2030,63,18,18,0.02724419129375786
7267,h2_demand,2030,63,19,19,0.015675492948167072
7268,h2_demand,2030,63,20,20,0.015675492948167072
7269,h2_demand,2030,63,21,21,0.015675492948167072
7270,h2_demand,2030,63,22,22,0.015675492948167072
7271,h2_demand,2030,63,23,23,0.015675492948167072
7272,h2_demand,2030,63,24,24,0.015675492948167072
7273,h2_demand,2030,64,1,1,0.06311039152715146
7274,h2_demand,2030,64,2,2,0.06311039152715149
7275,h2_demand,2030,64,3,3,0.06311039152715146
7276,h2_demand,2030,64,4,4,0.06311039152715149
7277,h2_demand,2030,64,5,5,0.06311039152715146
7278,h2_demand,2030,64,6,6,0.06311039152715149
7279,h2_demand,2030,64,7,7,0.06311039152715149
7280,h2_demand,2030,64,8,8,0.06311039152715149
7281,h2_demand,2030,64,9,9,0.06311039152715149
7282,h2_demand,2030,64,10,10,0.06311039152715149
7283,h2_demand,2030,64,11,11,0.06311039152715149
7284,h2_demand,2030,64,12,12,0.06311039152715149
7285,h2_demand,2030,64,13,13,0.06311039152715146
7286,h2_demand,2030,64,14,14,0.06311039152715149
7287,h2_demand,2030,64,15,15,0.06311039152715149
7288,h2_demand,2030,64,16,16,0.06311039152715149
7289,h2_demand,2030,64,17,17,0.06311039152715149
7290,h2_demand,2030,64,18,18,0.06311039152715149
7291,h2_demand,2030,64,19,19,0.06311039152715149
7292,h2_demand,2030,64,20,20,0.06311039152715149
7293,h2_demand,2030,64,21,21,0.06311039152715146
7294,h2_demand,2030,64,22,22,0.06311039152715149
7295,h2_demand,2030,64,23,23,0.06311039152715149
7296,h2_demand,2030,64,24,24,0.06311039152715149
7297,h2_demand,2030,65,1,1,0.1034303082005826
7298,h2_demand,2030,65,2,2,0.1034303082005826
7299,h2_demand,2030,65,3,3,0.10343030820058256
7300,h2_demand,2030,65,4,4,0.10343030820058256
7301,h2_demand,2030,65,5,5,0.10343030820058256
7302,h2_demand,2030,65,6,6,0.10343030820058256
7303,h2_demand,2030,65,7,7,0.10343030820058256
7304,h2_demand,2030,65,8,8,0.10343030820058256
7305,h2_demand,2030,65,9,9,0.10343030820058256
7306,h2_demand,2030,65,10,10,0.10343030820058256
7307,h2_demand,2030,65,11,11,0.10343030820058256
7308,h2_demand,2030,65,12,12,0.1034303082005826
7309,h2_demand,2030,65,13,13,0.10343030820058256
7310,h2_demand,2030,65,14,14,0.10343030820058256
7311,h2_demand,2030,65,15,15,0.10343030820058256
7312,h2_demand,2030,65,16,16,0.10343030820058256
7313,h2_demand,2030,65,17,17,0.10343030820058256
7314,h2_demand,2030,65,18,18,0.10343030820058256
7315,h2_demand,2030,65,19,19,0.10343030820058256
7316,h2_demand,2030,65,20,20,0.10343030820058256
7317,h2_demand,2030,65,21,21,0.10343030820058256
7318,h2_demand,2030,65,22,22,0.10343030820058256
7319,h2_demand,2030,65,23,23,0.10343030820058256
7320,h2_demand,2030,65,24,24,0.10343030820058256
7321,h2_demand,2030,66,1,1,0.032407519920869036
7322,h2_demand,2030,66,2,2,0.032407519920869036
7323,h2_demand,2030,66,3,3,0.032407519920869036
7324,h2_demand,2030,66,4,4,0.032407519920869036
7325,h2_demand,2030,66,5,5,0.032407519920869036
7326,h2_demand,2030,66,6,6,0.032407519920869036
7327,h2_demand,2030,66,7,7,0.032407519920869036
7328,h2_demand,2030,66,8,8,0.032407519920869036
7329,h2_demand,2030,66,9,9,0.032407519920869036
7330,h2_demand,2030,66,10,10,0.032407519920869036
7331,h2_demand,2030,66,11,11,0.032407519920869036
7332,h2_demand,2030,66,12,12,0.032407519920869036
7333,h2_demand,2030,66,13,13,0.032407519920869036
7334,h2_demand,2030,66,14,14,0.032407519920869036
7335,h2_demand,2030,66,15,15,0.032407519920869036
7336,h2_demand,2030,66,16,16,0.032407519920869036
7337,h2_demand,2030,66,17,17,0.032407519920869036
7338,h2_demand,2030,66,18,18,0.032407519920869036
7339,h2_demand,2030,66,19,19,0.032407519920869036
7340,h2_demand,2030,66,20,20,0.032407519920869036
7341,h2_demand,2030,66,21,21,0.032407519920869036
7342,h2_demand,2030,66,22,22,0.032407519920869036
7343,h2_demand,2030,66,23,23,0.032407519920869036
7344,h2_demand,2030,66,24,24,0.032407519920869036
7345,h2_demand,2030,67,1,1,0.08943601777933254
7346,h2_demand,2030,67,2,2,0.08943601777933251
7347,h2_demand,2030,67,3,3,0.08943601777933251
7348,h2_demand,2030,67,4,4,0.08943601777933251
7349,h2_demand,2030,67,5,5,0.08943601777933251
7350,h2_demand,2030,67,6,6,0.08943601777933251
7351,h2_demand,2030,67,7,7,0.08943601777933251
7352,h2_demand,2030,67,8,8,0.08943601777933251
7353,h2_demand,2030,67,9,9,0.08943601777933251
7354,h2_demand,2030,67,10,10,0.08943601777933251
7355,h2_demand,2030,67,11,11,0.08943601777933251
7356,h2_demand,2030,67,12,12,0.08943601777933254
7357,h2_demand,2030,67,13,13,0.08943601777933251
7358,h2_demand,2030,67,14,14,0.08943601777933251
7359,h2_demand,2030,67,15,15,0.08943601777933251
7360,h2_demand,2030,67,16,16,0.08943601777933251
7361,h2_demand,2030,67,17,17,0.08943601777933251
7362,h2_demand,2030,67,18,18,0.08943601777933251
7363,h2_demand,2030,67,19,19,0.08943601777933251
7364,h2_demand,2030,67,20,20,0.08943601777933251
7365,h2_demand,2030,67,21,21,0.08943601777933254
7366,h2_demand,2030,67,22,22,0.08943601777933251
7367,h2_demand,2030,67,23,23,0.08943601777933251
7368,h2_demand,2030,67,24,24,0.08943601777933251
7369,h2_demand,2030,68,1,1,0.05538507504409691
7370,h2_demand,2030,68,2,2,0.05538507504409691
7371,h2_demand,2030,68,3,3,0.05538507504409691
7372,h2_demand,2030,68,4,4,0.0553850750440969
7373,h2_demand,2030,68,5,5,0.05538507504409691
7374,h2_demand,2030,68,6,6,0.0553850750440969
7375,h2_demand,2030,68,7,7,0.0553850750440969
7376,h2_demand,2030,68,8,8,0.0553850750440969
7377,h2_demand,2030,68,9,9,0.0553850750440969
7378,h2_demand,2030,68,10,10,0.0553850750440969
7379,h2_demand,2030,68,11,11,0.0553850750440969
7380,h2_demand,2030,68,12,12,0.0553850750440969
7381,h2_demand,2030,68,13,13,0.0553850750440969
7382,h2_demand,2030,68,14,14,0.0553850750440969
7383,h2_demand,2030,68,15,15,0.0553850750440969
7384,h2_demand,2030,68,16,16,0.0553850750440969
7385,h2_demand,2030,68,17,17,0.05538507504409691
7386,h2_demand,2030,68,18,18,0.0553850750440969
7387,h2_demand,2030,68,19,19,0.0553850750440969
7388,h2_demand,2030,68,20,20,0.0553850750440969
7389,h2_demand,2030,68,21,21,0.0553850750440969
7390,h2_demand,2030,68,22,22,0.0553850750440969
7391,h2_demand,2030,68,23,23,0.0553850750440969
7392,h2_demand,2030,68,24,24,0.0553850750440969
7393,h2_demand,2030,69,1,1,0.12962812697328016
7394,h2_demand,2030,69,2,2,0.12962812697328027
7395,h2_demand,2030,69,3,3,0.12962812697328027
7396,h2_demand,2030,69,4,4,0.12962812697328027
7397,h2_demand,2030,69,5,5,0.12962812697328027
7398,h2_demand,2030,69,6,6,0.12962812697328027
7399,h2_demand,2030,69,7,7,0.12962812697328027
7400,h2_demand,2030,69,8,8,0.12962812697328027
7401,h2_demand,2030,69,9,9,0.12962812697328027
7402,h2_demand,2030,69,10,10,0.30681213484800035
7403,h2_demand,2030,69,11,11,0.1296281269732802
7404,h2_demand,2030,69,12,12,0.12962812697328027
7405,h2_demand,2030,69,13,13,0.12962812697328027
7406,h2_demand,2030,69,14,14,0.12962812697328027
7407,h2_demand,2030,69,15,15,0.1296281269732802
7408,h2_demand,2030,69,16,16,0.12962812697328027
7409,h2_demand,2030,69,17,17,0.12962812697328027
7410,h2_demand,2030,69,18,18,0.12962812697328027
7411,h2_demand,2030,69,19,19,0.12962812697328027
7412,h2_demand,2030,69,20,20,0.12962812697328027
7413,h2_demand,2030,69,21,21,0.12962812697328027
7414,h2_demand,2030,69,22,22,0.12962812697328027
7415,h2_demand,2030,69,23,23,0.12962812697328027
7416,h2_demand,2030,69,24,24,0.1296281269732802
7417,h2_demand,2030,70,1,1,0.06091550767094443
7418,h2_demand,2030,70,2,2,0.07431861912890295
7419,h2_demand,2030,70,3,3,0.06091550767094443
7420,h2_demand,2030,70,4,4,0.06091550767094444
7421,h2_demand,2030,70,5,5,0.06091550767094444
7422,h2_demand,2030,70,6,6,0.06091550767094444
7423,h2_demand,2030,70,7,7,0.06091550767094444
7424,h2_demand,2030,70,8,8,0.06091550767094444
7425,h2_demand,2030,70,9,9,0.06091550767094444
7426,h2_demand,2030,70,10,10,0.06091550767094443
7427,h2_demand,2030,70,11,11,0.07431861912890295
7428,h2_demand,2030,70,12,12,0.06091550767094443
7429,h2_demand,2030,70,13,13,0.06091550767094444
7430,h2_demand,2030,70,14,14,0.06091550767094444
7431,h2_demand,2030,70,15,15,0.06091550767094444
7432,h2_demand,2030,70,16,16,0.06091550767094444
7433,h2_demand,2030,70,17,17,0.06091550767094444
7434,h2_demand,2030,70,18,18,0.06091550767094443
7435,h2_demand,2030,70,19,19,0.06091550767094444
7436,h2_demand,2030,70,20,20,0.07431861912890295
7437,h2_demand,2030,70,21,21,0.06091550767094444
7438,h2_demand,2030,70,22,22,0.06091550767094443
7439,h2_demand,2030,70,23,23,0.06091550767094444
7440,h2_demand,2030,70,24,24,0.06091550767094444
7441,h2_demand,2030,71,1,1,0.10434748802243438
7442,h2_demand,2030,71,2,2,0.10434748802243438
7443,h2_demand,2030,71,3,3,0.10434748802243438
7444,h2_demand,2030,71,4,4,0.10434748802243438
7445,h2_demand,2030,71,5,5,0.10434748802243438
7446,h2_demand,2030,71,6,6,0.10434748802243438
7447,h2_demand,2030,71,7,7,0.10434748802243438
7448,h2_demand,2030,71,8,8,0.10434748802243438
7449,h2_demand,2030,71,9,9,0.10434748802243438
7450,h2_demand,2030,71,10,10,0.10434748802243438
7451,h2_demand,2030,71,11,11,0.10434748802243438
7452,h2_demand,2030,71,12,12,0.10434748802243438
7453,h2_demand,2030,71,13,13,0.10434748802243438
7454,h2_demand,2030,71,14,14,0.10434748802243438
7455,h2_demand,2030,71,15,15,0.10434748802243438
7456,h2_demand,2030,71,16,16,0.10434748802243438
7457,h2_demand,2030,71,17,17,0.10434748802243438
7458,h2_demand,2030,71,18,18,0.04408681368947853
7459,h2_demand,2030,71,19,19,0.04408681368947853
7460,h2_demand,2030,71,20,20,0.04408681368947853
7461,h2_demand,2030,71,21,21,0.04408681368947853
7462,h2_demand,2030,71,22,22,0.04408681368947853
7463,h2_demand,2030,71,23,23,0.10434748802243438
7464,h2_demand,2030,71,24,24,0.10434748802243438
7465,h2_demand,2030,72,1,1,0.08703598243412795
7466,h2_demand,2030,72,2,2,0.09630887364296727
7467,h2_demand,2030,72,3,3,0.08703598243412801
7468,h2_demand,2030,72,4,4,0.08703598243412801
7469,h2_demand,2030,72,5,5,0.08703598243412801
7470,h2_demand,2030,72,6,6,0.08703598243412795
7471,h2_demand,2030,72,7,7,0.08703598243412801
7472,h2_demand,2030,72,8,8,0.08703598243412795
7473,h2_demand,2030,72,9,9,0.08703598243412801
7474,h2_demand,2030,72,10,10,0.08703598243412801
7475,h2_demand,2030,72,11,11,0.08703598243412801
7476,h2_demand,2030,72,12,12,0.09630887364296727
7477,h2_demand,2030,72,13,13,0.08703598243412801
7478,h2_demand,2030,72,14,14,0.08703598243412801
7479,h2_demand,2030,72,15,15,0.08703598243412801
7480,h2_demand,2030,72,16,16,0.08703598243412801
7481,h2_demand,2030,72,17,17,0.08703598243412801
7482,h2_demand,2030,72,18,18,0.08703598243412801
7483,h2_demand,2030,72,19,19,0.08703598243412801
7484,h2_demand,2030,72,20,20,0.08703598243412801
7485,h2_demand,2030,72,21,21,0.08703598243412801
7486,h2_demand,2030,72,22,22,0.08703598243412801
7487,h2_demand,2030,72,23,23,0.08703598243412801
7488,h2_demand,2030,72,24,24,0.08703598243412801
7489,h2_demand,2030,73,1,1,0.32173860161389517
7490,h2_demand,2030,73,2,2,0.32173860161389517
7491,h2_demand,2030,73,3,3,0.32173860161389517
7492,h2_demand,2030,73,4,4,0.32173860161389517
7493,h2_demand,2030,73,5,5,0.32173860161389517
7494,h2_demand,2030,73,6,6,0.32173860161389517
7495,h2_demand,2030,73,7,7,0.32173860161389517
7496,h2_demand,2030,73,8,8,0.32173860161389517
7497,h2_demand,2030,73,9,9,0.32173860161389517
7498,h2_demand,2030,73,10,10,0.32173860161389517
7499,h2_demand,2030,73,11,11,0.32173860161389517
7500,h2_demand,2030,73,12,12,0.32173860161389517
7501,h2_demand,2030,73,13,13,0.32173860161389517
7502,h2_demand,2030,73,14,14,0.32173860161389517
7503,h2_demand,2030,73,15,15,0.32173860161389534
7504,h2_demand,2030,73,16,16,0.32173860161389534
7505,h2_demand,2030,73,17,17,0.32173860161389534
7506,h2_demand,2030,73,18,18,0.32173860161389517
7507,h2_demand,2030,73,19,19,0.32173860161389517
7508,h2_demand,2030,73,20,20,0.32173860161389517
7509,h2_demand,2030,73,21,21,0.32173860161389517
7510,h2_demand,2030,73,22,22,0.32173860161389517
7511,h2_demand,2030,73,23,23,0.32173860161389517
7512,h2_demand,2030,73,24,24,0.32173860161389517
7513,h2_demand,2030,74,1,1,0.2516056190633716
7514,h2_demand,2030,74,2,2,0.2516056190633716
7515,h2_demand,2030,74,3,3,0.2516056190633716
7516,h2_demand,2030,74,4,4,0.2516056190633716
7517,h2_demand,2030,74,5,5,0.2516056190633716
7518,h2_demand,2030,74,6,6,0.2516056190633716
7519,h2_demand,2030,74,7,7,0.2516056190633716
7520,h2_demand,2030,74,8,8,0.2516056190633716
7521,h2_demand,2030,74,9,9,0.2516056190633716
7522,h2_demand,2030,74,10,10,0.2516056190633716
7523,h2_demand,2030,74,11,11,0.2516056190633716
7524,h2_demand,2030,74,12,12,0.2516056190633716
7525,h2_demand,2030,74,13,13,0.2516056190633716
7526,h2_demand,2030,74,14,14,0.2516056190633716
7527,h2_demand,2030,74,15,15,0.2516056190633716
7528,h2_demand,2030,74,16,16,0.2516056190633716
7529,h2_demand,2030,74,17,17,0.2516056190633716
7530,h2_demand,2030,74,18,18,0.2516056190633716
7531,h2_demand,2030,74,19,19,0.2516056190633716
7532,h2_demand,2030,74,20,20,0.2516056190633716
7533,h2_demand,2030,74,21,21,0.2516056190633716
7534,h2_demand,2030,74,22,22,0.2516056190633716
7535,h2_demand,2030,74,23,23,0.2516056190633716
7536,h2_demand,2030,74,24,24,0.2516056190633716
7537,h2_demand,2030,75,1,1,0.03996372373217406
7538,h2_demand,2030,75,2,2,0.03996372373217406
7539,h2_demand,2030,75,3,3,0.03996372373217403
7540,h2_demand,2030,75,4,4,0.03996372373217406
7541,h2_demand,2030,75,5,5,0.03996372373217406
7542,h2_demand,2030,75,6,6,0.03996372373217406
7543,h2_demand,2030,75,7,7,0.03996372373217406
7544,h2_demand,2030,75,8,8,0.03996372373217406
7545,h2_demand,2030,75,9,9,0.03996372373217406
7546,h2_demand,2030,75,10,10,0.03996372373217406
7547,h2_demand,2030,75,11,11,0.03996372373217406
7548,h2_demand,2030,75,12,12,0.03996372373217406
7549,h2_demand,2030,75,13,13,0.03996372373217403
7550,h2_demand,2030,75,14,14,0.03996372373217406
7551,h2_demand,2030,75,15,15,0.045750128863168815
7552,h2_demand,2030,75,16,16,0.045750128863168815
7553,h2_demand,2030,75,17,17,0.045750128863168815
7554,h2_demand,2030,75,18,18,0.045750128863168815
7555,h2_demand,2030,75,19,19,0.019329429444688826
7556,h2_demand,2030,75,20,20,0.019329429444688826
7557,h2_demand,2030,75,21,21,0.019329429444688826
7558,h2_demand,2030,75,22,22,0.019329429444688826
7559,h2_demand,2030,75,23,23,0.019329429444688826
7560,h2_demand,2030,75,24,24,0.019329429444688826
7561,h2_demand,2030,76,1,1,0.4014675660316814
7562,h2_demand,2030,76,2,2,0.40146756603168154
7563,h2_demand,2030,76,3,3,0.40146756603168154
7564,h2_demand,2030,76,4,4,0.40146756603168154
7565,h2_demand,2030,76,5,5,0.40146756603168154
7566,h2_demand,2030,76,6,6,0.40146756603168154
7567,h2_demand,2030,76,7,7,0.40146756603168154
7568,h2_demand,2030,76,8,8,0.40146756603168154
7569,h2_demand,2030,76,9,9,0.40146756603168154
7570,h2_demand,2030,76,10,10,0.40146756603168154
7571,h2_demand,2030,76,11,11,0.40146756603168154
7572,h2_demand,2030,76,12,12,0.40146756603168154
7573,h2_demand,2030,76,13,13,0.40146756603168154
7574,h2_demand,2030,76,14,14,0.40146756603168154
7575,h2_demand,2030,76,15,15,0.40146756603168154
7576,h2_demand,2030,76,16,16,0.40146756603168154
7577,h2_demand,2030,76,17,17,0.40146756603168154
7578,h2_demand,2030,76,18,18,0.40146756603168154
7579,h2_demand,2030,76,19,19,0.40146756603168154
7580,h2_demand,2030,76,20,20,0.40146756603168154
7581,h2_demand,2030,76,21,21,0.40146756603168154
7582,h2_demand,2030,76,22,22,0.40146756603168154
7583,h2_demand,2030,76,23,23,0.40146756603168154
7584,h2_demand,2030,76,24,24,0.40146756603168154
7585,h2_demand,2030,77,1,1,0.01998526890035028
7586,h2_demand,2030,77,2,2,0.01998526890035028
7587,h2_demand,2030,77,3,3,0.01998526890035028
7588,h2_demand,2030,77,4,4,0.01998526890035028
7589,h2_demand,2030,77,5,5,0.01998526890035028
7590,h2_demand,2030,77,6,6,0.036617736152110725
7591,h2_demand,2030,77,7,7,0.036617736152110725
7592,h2_demand,2030,77,8,8,0.036617736152110725
7593,h2_demand,2030,77,9,9,0.036617736152110725
7594,h2_demand,2030,77,10,10,0.03661773615211072
7595,h2_demand,2030,77,11,11,0.036617736152110725
7596,h2_demand,2030,77,12,12,0.03661773615211072
7597,h2_demand,2030,77,13,13,0.03661773615211072
7598,h2_demand,2030,77,14,14,0.03661773615211072
7599,h2_demand,2030,77,15,15,0.036617736152110725
7600,h2_demand,2030,77,16,16,0.036617736152110725
7601,h2_demand,2030,77,17,17,0.036617736152110725
7602,h2_demand,2030,77,18,18,0.036617736152110725
7603,h2_demand,2030,77,19,19,0.036617736152110725
7604,h2_demand,2030,77,20,20,0.03661773615211072
7605,h2_demand,2030,77,21,21,0.036617736152110725
7606,h2_demand,2030,77,22,22,0.03661773615211072
7607,h2_demand,2030,77,23,23,0.036617736152110725
7608,h2_demand,2030,77,24,24,0.036617736152110725
7609,h2_demand,2030,78,1,1,0.0877305734429964
7610,h2_demand,2030,78,2,2,0.11979212231231187
7611,h2_demand,2030,78,3,3,0.08773057344299648
7612,h2_demand,2030,78,4,4,0.0877305734429964
7613,h2_demand,2030,78,5,5,0.08773057344299648
7614,h2_demand,2030,78,6,6,0.08773057344299648
7615,h2_demand,2030,78,7,7,0.08773057344299648
7616,h2_demand,2030,78,8,8,0.0877305734429964
7617,h2_demand,2030,78,9,9,0.08773057344299648
7618,h2_demand,2030,78,10,10,0.11979212231231187
7619,h2_demand,2030,78,11,11,0.08773057344299648
7620,h2_demand,2030,78,12,12,0.0877305734429964
7621,h2_demand,2030,78,13,13,0.08773057344299648
7622,h2_demand,2030,78,14,14,0.08773057344299648
7623,h2_demand,2030,78,15,15,0.08773057344299648
7624,h2_demand,2030,78,16,16,0.08773057344299648
7625,h2_demand,2030,78,17,17,0.08773057344299648
7626,h2_demand,2030,78,18,18,0.08773057344299648
7627,h2_demand,2030,78,19,19,0.08773057344299648
7628,h2_demand,2030,78,20,20,0.08773057344299648
7629,h2_demand,2030,78,21,21,0.0877305734429964
7630,h2_demand,2030,78,22,22,0.0877305734429964
7631,h2_demand,2030,78,23,23,0.08773057344299648
7632,h2_demand,2030,78,24,24,0.08773057344299648
7633,h2_demand,2030,79,1,1,0.05470506003592457
7634,h2_demand,2030,79,2,2,0.03962163178777887
7635,h2_demand,2030,79,3,3,0.05470506003592457
7636,h2_demand,2030,79,4,4,0.05470506003592457
7637,h2_demand,2030,79,5,5,0.05470506003592457
7638,h2_demand,2030,79,6,6,0.05470506003592457
7639,h2_demand,2030,79,7,7,0.05470506003592457
7640,h2_demand,2030,79,8,8,0.03962163178777885
7641,h2_demand,2030,79,9,9,0.05470506003592457
7642,h2_demand,2030,79,10,10,0.05470506003592457
7643,h2_demand,2030,79,11,11,0.05470506003592457
7644,h2_demand,2030,79,12,12,0.05470506003592457
7645,h2_demand,2030,79,13,13,0.05470506003592457
7646,h2_demand,2030,79,14,14,0.05470506003592457
7647,h2_demand,2030,79,15,15,0.05470506003592457
7648,h2_demand,2030,79,16,16,0.05470506003592457
7649,h2_demand,2030,79,17,17,0.05470506003592457
7650,h2_demand,2030,79,18,18,0.05470506003592457
7651,h2_demand,2030,79,19,19,0.05470506003592457
7652,h2_demand,2030,79,20,20,0.05470506003592457
7653,h2_demand,2030,79,21,21,0.05470506003592457
7654,h2_demand,2030,79,22,22,0.05470506003592457
7655,h2_demand,2030,79,23,23,0.05470506003592457
7656,h2_demand,2030,79,24,24,0.05470506003592457
7657,h2_demand,2030,80,1,1,0.05088456396479387
7658,h2_demand,2030,80,2,2,0.021498728275125428
7659,h2_demand,2030,80,3,3,0.021498728275125428
7660,h2_demand,2030,80,4,4,0.021498728275125428
7661,h2_demand,2030,80,5,5,0.021498728275125428
7662,h2_demand,2030,80,6,6,0.050884563964793905
7663,h2_demand,2030,80,7,7,0.050884563964793905
7664,h2_demand,2030,80,8,8,0.050884563964793905
7665,h2_demand,2030,80,9,9,0.050884563964793905
7666,h2_demand,2030,80,10,10,0.050884563964793905
7667,h2_demand,2030,80,11,11,0.050884563964793905
7668,h2_demand,2030,80,12,12,0.050884563964793905
7669,h2_demand,2030,80,13,13,0.050884563964793905
7670,h2_demand,2030,80,14,14,0.05088456396479387
7671,h2_demand,2030,80,15,15,0.050884563964793905
7672,h2_demand,2030,80,16,16,0.05088456396479387
7673,h2_demand,2030,80,17,17,0.050884563964793905
7674,h2_demand,2030,80,18,18,0.050884563964793905
7675,h2_demand,2030,80,19,19,0.050884563964793905
7676,h2_demand,2030,80,20,20,0.05088456396479387
7677,h2_demand,2030,80,21,21,0.050884563964793905
7678,h2_demand,2030,80,22,22,0.05088456396479387
7679,h2_demand,2030,80,23,23,0.050884563964793905
7680,h2_demand,2030,80,24,24,0.050884563964793905
7681,h2_demand,2030,81,1,1,0.041756787215226285
7682,h2_demand,2030,81,2,2,0.04175678721522626
7683,h2_demand,2030,81,3,3,0.041756787215226285
7684,h2_demand,2030,81,4,4,0.041756787215226285
7685,h2_demand,2030,81,5,5,0.041756787215226285
7686,h2_demand,2030,81,6,6,0.041756787215226285
7687,h2_demand,2030,81,7,7,0.04175678721522626
7688,h2_demand,2030,81,8,8,0.041756787215226285
7689,h2_demand,2030,81,9,9,0.05081677390753699
7690,h2_demand,2030,81,10,10,0.05081677390753699
7691,h2_demand,2030,81,11,11,0.05081677390753699
7692,h2_demand,2030,81,12,12,0.05081677390753699
7693,h2_demand,2030,81,13,13,0.05081677390753699
7694,h2_demand,2030,81,14,14,0.05081677390753699
7695,h2_demand,2030,81,15,15,0.05081677390753699
7696,h2_demand,2030,81,16,16,0.05081677390753699
7697,h2_demand,2030,81,17,17,0.05081677390753699
7698,h2_demand,2030,81,18,18,0.05081677390753699
7699,h2_demand,2030,81,19,19,0.05081677390753699
7700,h2_demand,2030,81,20,20,0.05081677390753699
7701,h2_demand,2030,81,21,21,0.05081677390753699
7702,h2_demand,2030,81,22,22,0.05081677390753699
7703,h2_demand,2030,81,23,23,0.05081677390753699
7704,h2_demand,2030,81,24,24,0.021470086975934385
7705,h2_demand,2030,82,1,1,0.1193472593418993
7706,h2_demand,2030,82,2,2,0.11934725934189944
7707,h2_demand,2030,82,3,3,0.11934725934189944
7708,h2_demand,2030,82,4,4,0.11934725934189944
7709,h2_demand,2030,82,5,5,0.11934725934189944
7710,h2_demand,2030,82,6,6,0.11934725934189944
7711,h2_demand,2030,82,7,7,0.11934725934189944
7712,h2_demand,2030,82,8,8,0.11934725934189944
7713,h2_demand,2030,82,9,9,0.11934725934189944
7714,h2_demand,2030,82,10,10,0.11934725934189944
7715,h2_demand,2030,82,11,11,0.11934725934189944
7716,h2_demand,2030,82,12,12,0.11934725934189944
7717,h2_demand,2030,82,13,13,0.11934725934189944
7718,h2_demand,2030,82,14,14,0.11934725934189944
7719,h2_demand,2030,82,15,15,0.11934725934189944
7720,h2_demand,2030,82,16,16,0.11934725934189944
7721,h2_demand,2030,82,17,17,0.1193472593418993
7722,h2_demand,2030,82,18,18,0.1193472593418993
7723,h2_demand,2030,82,19,19,0.11934725934189944
7724,h2_demand,2030,82,20,20,0.11934725934189944
7725,h2_demand,2030,82,21,21,0.1193472593418993
7726,h2_demand,2030,82,22,22,0.11934725934189944
7727,h2_demand,2030,82,23,23,0.11934725934189944
7728,h2_demand,2030,82,24,24,0.11934725934189944
7729,h2_demand,2030,83,1,1,0.10143802686863812
7730,h2_demand,2030,83,2,2,0.04285756635199961
7731,h2_demand,2030,83,3,3,0.04285756635199961
7732,h2_demand,2030,83,4,4,0.10143802686863812
7733,h2_demand,2030,83,5,5,0.04285756635199961
7734,h2_demand,2030,83,6,6,0.04285756635199961
7735,h2_demand,2030,83,7,7,0.10143802686863812
7736,h2_demand,2030,83,8,8,0.06482176558339033
7737,h2_demand,2030,83,9,9,0.06482176558339033
7738,h2_demand,2030,83,10,10,0.06482176558339033
7739,h2_demand,2030,83,11,11,0.06482176558339033
7740,h2_demand,2030,83,12,12,0.06482176558339033
7741,h2_demand,2030,83,13,13,0.06482176558339033
7742,h2_demand,2030,83,14,14,0.06482176558339033
7743,h2_demand,2030,83,15,15,0.06482176558339033
7744,h2_demand,2030,83,16,16,0.06482176558339027
7745,h2_demand,2030,83,17,17,0.06482176558339033
7746,h2_demand,2030,83,18,18,0.06482176558339033
7747,h2_demand,2030,83,19,19,0.06482176558339033
7748,h2_demand,2030,83,20,20,0.06482176558339033
7749,h2_demand,2030,83,21,21,0.06482176558339033
7750,h2_demand,2030,83,22,22,0.06482176558339033
7751,h2_demand,2030,83,23,23,0.06482176558339027
7752,h2_demand,2030,83,24,24,0.06482176558339033
7753,h2_demand,2030,84,1,1,0.05885439032727877
7754,h2_demand,2030,84,2,2,0.05885439032727877
7755,h2_demand,2030,84,3,3,0.11226655313339258
7756,h2_demand,2030,84,4,4,0.05885439032727877
7757,h2_demand,2030,84,5,5,0.05885439032727877
7758,h2_demand,2030,84,6,6,0.05885439032727877
7759,h2_demand,2030,84,7,7,0.11226655313339258
7760,h2_demand,2030,84,8,8,0.11226655313339258
7761,h2_demand,2030,84,9,9,0.11226655313339258
7762,h2_demand,2030,84,10,10,0.05885439032727875
7763,h2_demand,2030,84,11,11,0.05885439032727877
7764,h2_demand,2030,84,12,12,0.05885439032727875
7765,h2_demand,2030,84,13,13,0.11226655313339258
7766,h2_demand,2030,84,14,14,0.05885439032727877
7767,h2_demand,2030,84,15,15,0.05885439032727877
7768,h2_demand,2030,84,16,16,0.11226655313339258
7769,h2_demand,2030,84,17,17,0.05885439032727877
7770,h2_demand,2030,84,18,18,0.11226655313339258
7771,h2_demand,2030,84,19,19,0.05885439032727877
7772,h2_demand,2030,84,20,20,0.11226655313339258
7773,h2_demand,2030,84,21,21,0.05885439032727877
7774,h2_demand,2030,84,22,22,0.05885439032727877
7775,h2_demand,2030,84,23,23,0.05885439032727877
7776,h2_demand,2030,84,24,24,0.11226655313339258
7777,h2_demand,2030,85,1,1,0.0420855124200095
7778,h2_demand,2030,85,2,2,0.0420855124200095
7779,h2_demand,2030,85,3,3,0.0420855124200095
7780,h2_demand,2030,85,4,4,0.0420855124200095
7781,h2_demand,2030,85,5,5,0.0420855124200095
7782,h2_demand,2030,85,6,6,0.0420855124200095
7783,h2_demand,2030,85,7,7,0.0420855124200095
7784,h2_demand,2030,85,8,8,0.054648272663120744
7785,h2_demand,2030,85,9,9,0.054648272663120785
7786,h2_demand,2030,85,10,10,0.054648272663120785
7787,h2_demand,2030,85,11,11,0.054648272663120785
7788,h2_demand,2030,85,12,12,0.054648272663120785
7789,h2_demand,2030,85,13,13,0.054648272663120785
7790,h2_demand,2030,85,14,14,0.054648272663120744
7791,h2_demand,2030,85,15,15,0.054648272663120785
7792,h2_demand,2030,85,16,16,0.054648272663120785
7793,h2_demand,2030,85,17,17,0.054648272663120744
7794,h2_demand,2030,85,18,18,0.054648272663120744
7795,h2_demand,2030,85,19,19,0.054648272663120744
7796,h2_demand,2030,85,20,20,0.054648272663120785
7797,h2_demand,2030,85,21,21,0.054648272663120785
7798,h2_demand,2030,85,22,22,0.054648272663120785
7799,h2_demand,2030,85,23,23,0.054648272663120785
7800,h2_demand,2030,85,24,24,0.054648272663120785
7801,h2_demand,2030,86,1,1,0.08985451857004902
7802,h2_demand,2030,86,2,2,0.08985451857004907
7803,h2_demand,2030,86,3,3,0.08985451857004907
7804,h2_demand,2030,86,4,4,0.08985451857004907
7805,h2_demand,2030,86,5,5,0.08985451857004907
7806,h2_demand,2030,86,6,6,0.08985451857004907
7807,h2_demand,2030,86,7,7,0.08985451857004907
7808,h2_demand,2030,86,8,8,0.08985451857004907
7809,h2_demand,2030,86,9,9,0.08985451857004907
7810,h2_demand,2030,86,10,10,0.08985451857004907
7811,h2_demand,2030,86,11,11,0.08985451857004907
7812,h2_demand,2030,86,12,12,0.08985451857004907
7813,h2_demand,2030,86,13,13,0.08985451857004907
7814,h2_demand,2030,86,14,14,0.08985451857004907
7815,h2_demand,2030,86,15,15,0.08985451857004902
7816,h2_demand,2030,86,16,16,0.08985451857004907
7817,h2_demand,2030,86,17,17,0.08985451857004907
7818,h2_demand,2030,86,18,18,0.08985451857004907
7819,h2_demand,2030,86,19,19,0.08985451857004907
7820,h2_demand,2030,86,20,20,0.08985451857004907
7821,h2_demand,2030,86,21,21,0.08985451857004907
7822,h2_demand,2030,86,22,22,0.08985451857004902
7823,h2_demand,2030,86,23,23,0.08985451857004907
7824,h2_demand,2030,86,24,24,0.08985451857004907
7825,h2_demand,2030,87,1,1,0.08409363614257266
7826,h2_demand,2030,87,2,2,0.08409363614257266
7827,h2_demand,2030,87,3,3,0.08409363614257266
7828,h2_demand,2030,87,4,4,0.08409363614257266
7829,h2_demand,2030,87,5,5,0.08409363614257266
7830,h2_demand,2030,87,6,6,0.08409363614257262
7831,h2_demand,2030,87,7,7,0.0840936361425726
7832,h2_demand,2030,87,8,8,0.08409363614257266
7833,h2_demand,2030,87,9,9,0.08409363614257266
7834,h2_demand,2030,87,10,10,0.08409363614257266
7835,h2_demand,2030,87,11,11,0.08409363614257266
7836,h2_demand,2030,87,12,12,0.08409363614257266
7837,h2_demand,2030,87,13,13,0.0840936361425726
7838,h2_demand,2030,87,14,14,0.08409363614257266
7839,h2_demand,2030,87,15,15,0.08409363614257266
7840,h2_demand,2030,87,16,16,0.19903819205342627
7841,h2_demand,2030,87,17,17,0.08409363614257266
7842,h2_demand,2030,87,18,18,0.08409363614257266
7843,h2_demand,2030,87,19,19,0.08409363614257266
7844,h2_demand,2030,87,20,20,0.19903819205342627
7845,h2_demand,2030,87,21,21,0.08409363614257266
7846,h2_demand,2030,87,22,22,0.08409363614257262
7847,h2_demand,2030,87,23,23,0.08409363614257262
7848,h2_demand,2030,87,24,24,0.08409363614257266
7849,h2_demand,2030,88,1,1,0.07661805067006976
7850,h2_demand,2030,88,2,2,0.07661805067006977
7851,h2_demand,2030,88,3,3,0.07661805067006977
7852,h2_demand,2030,88,4,4,0.07661805067006976
7853,h2_demand,2030,88,5,5,0.07661805067006977
7854,h2_demand,2030,88,6,6,0.07661805067006977
7855,h2_demand,2030,88,7,7,0.07661805067006977
7856,h2_demand,2030,88,8,8,0.07661805067006977
7857,h2_demand,2030,88,9,9,0.07661805067006976
7858,h2_demand,2030,88,10,10,0.07661805067006977
7859,h2_demand,2030,88,11,11,0.07661805067006977
7860,h2_demand,2030,88,12,12,0.07661805067006976
7861,h2_demand,2030,88,13,13,0.07661805067006977
7862,h2_demand,2030,88,14,14,0.07661805067006977
7863,h2_demand,2030,88,15,15,0.07661805067006977
7864,h2_demand,2030,88,16,16,0.07661805067006977
7865,h2_demand,2030,88,17,17,0.07661805067006977
7866,h2_demand,2030,88,18,18,0.07661805067006977
7867,h2_demand,2030,88,19,19,0.07661805067006977
7868,h2_demand,2030,88,20,20,0.07661805067006977
7869,h2_demand,2030,88,21,21,0.07661805067006977
7870,h2_demand,2030,88,22,22,0.07661805067006977
7871,h2_demand,2030,88,23,23,0.07661805067006977
7872,h2_demand,2030,88,24,24,0.07661805067006977
7873,h2_demand,2030,89,1,1,0.018674071157195868
7874,h2_demand,2030,89,2,2,0.018674071157195868
7875,h2_demand,2030,89,3,3,0.018674071157195868
7876,h2_demand,2030,89,4,4,0.018674071157195868
7877,h2_demand,2030,89,5,5,0.04419898498744584
7878,h2_demand,2030,89,6,6,0.018674071157195868
7879,h2_demand,2030,89,7,7,0.018674071157195868
7880,h2_demand,2030,89,8,8,0.044060335685559525
7881,h2_demand,2030,89,9,9,0.044060335685559525
7882,h2_demand,2030,89,10,10,0.044060335685559525
7883,h2_demand,2030,89,11,11,0.044060335685559525
7884,h2_demand,2030,89,12,12,0.04406033568555948
7885,h2_demand,2030,89,13,13,0.044060335685559525
7886,h2_demand,2030,89,14,14,0.044060335685559525
7887,h2_demand,2030,89,15,15,0.044060335685559525
7888,h2_demand,2030,89,16,16,0.044060335685559525
7889,h2_demand,2030,89,17,17,0.044060335685559525
7890,h2_demand,2030,89,18,18,0.044060335685559525
7891,h2_demand,2030,89,19,19,0.044060335685559525
7892,h2_demand,2030,89,20,20,0.044060335685559525
7893,h2_demand,2030,89,21,21,0.044060335685559525
7894,h2_demand,2030,89,22,22,0.044060335685559525
7895,h2_demand,2030,89,23,23,0.04406033568555948
7896,h2_demand,2030,89,24,24,0.04406033568555948
7897,h2_demand,2030,90,1,1,0.08212565569957335
7898,h2_demand,2030,90,2,2,0.08212565569957335
7899,h2_demand,2030,90,3,3,0.08212565569957327
7900,h2_demand,2030,90,4,4,0.08212565569957335
7901,h2_demand,2030,90,5,5,0.08212565569957335
7902,h2_demand,2030,90,6,6,0.08212565569957335
7903,h2_demand,2030,90,7,7,0.08212565569957335
7904,h2_demand,2030,90,8,8,0.08212565569957335
7905,h2_demand,2030,90,9,9,0.08212565569957335
7906,h2_demand,2030,90,10,10,0.08212565569957335
7907,h2_demand,2030,90,11,11,0.15277598656488317
7908,h2_demand,2030,90,12,12,0.08212565569957335
7909,h2_demand,2030,90,13,13,0.08212565569957327
7910,h2_demand,2030,90,14,14,0.08212565569957335
7911,h2_demand,2030,90,15,15,0.08212565569957335
7912,h2_demand,2030,90,16,16,0.08212565569957335
7913,h2_demand,2030,90,17,17,0.08212565569957335
7914,h2_demand,2030,90,18,18,0.08212565569957327
7915,h2_demand,2030,90,19,19,0.08212565569957335
7916,h2_demand,2030,90,20,20,0.15277598656488317
7917,h2_demand,2030,90,21,21,0.08212565569957335
7918,h2_demand,2030,90,22,22,0.08212565569957335
7919,h2_demand,2030,90,23,23,0.08212565569957335
7920,h2_demand,2030,90,24,24,0.08212565569957335
7921,h2_demand,2030,91,1,1,0.034333173032716845
7922,h2_demand,2030,91,2,2,0.034333173032716845
7923,h2_demand,2030,91,3,3,0.034333173032716845
7924,h2_demand,2030,91,4,4,0.034333173032716845
7925,h2_demand,2030,91,5,5,0.034333173032716845
7926,h2_demand,2030,91,6,6,0.034333173032716845
7927,h2_demand,2030,91,7,7,0.0812619480064304
7928,h2_demand,2030,91,8,8,0.03911516162270181
7929,h2_demand,2030,91,9,9,0.03911516162270181
7930,h2_demand,2030,91,10,10,0.03911516162270178
7931,h2_demand,2030,91,11,11,0.03911516162270181
7932,h2_demand,2030,91,12,12,0.03911516162270181
7933,h2_demand,2030,91,13,13,0.0812619480064304
7934,h2_demand,2030,91,14,14,0.0812619480064304
7935,h2_demand,2030,91,15,15,0.0812619480064304
7936,h2_demand,2030,91,16,16,0.03911516162270181
7937,h2_demand,2030,91,17,17,0.0812619480064304
7938,h2_demand,2030,91,18,18,0.03911516162270181
7939,h2_demand,2030,91,19,19,0.03911516162270178
7940,h2_demand,2030,91,20,20,0.03911516162270181
7941,h2_demand,2030,91,21,21,0.0812619480064304
7942,h2_demand,2030,91,22,22,0.03911516162270181
7943,h2_demand,2030,91,23,23,0.03911516162270181
7944,h2_demand,2030,91,24,24,0.03911516162270181
7945,h2_demand,2030,92,1,1,0.07163294953377405
7946,h2_demand,2030,92,2,2,0.07163294953377405
7947,h2_demand,2030,92,3,3,0.07163294953377408
7948,h2_demand,2030,92,4,4,0.07163294953377408
7949,h2_demand,2030,92,5,5,0.07163294953377408
7950,h2_demand,2030,92,6,6,0.07163294953377408
7951,h2_demand,2030,92,7,7,0.07163294953377408
7952,h2_demand,2030,92,8,8,0.07163294953377408
7953,h2_demand,2030,92,9,9,0.07163294953377405
7954,h2_demand,2030,92,10,10,0.07163294953377408
7955,h2_demand,2030,92,11,11,0.07163294953377408
7956,h2_demand,2030,92,12,12,0.11141336752194432
7957,h2_demand,2030,92,13,13,0.07163294953377408
7958,h2_demand,2030,92,14,14,0.07163294953377408
7959,h2_demand,2030,92,15,15,0.07163294953377408
7960,h2_demand,2030,92,16,16,0.07163294953377408
7961,h2_demand,2030,92,17,17,0.07163294953377405
7962,h2_demand,2030,92,18,18,0.07163294953377405
7963,h2_demand,2030,92,19,19,0.07163294953377408
7964,h2_demand,2030,92,20,20,0.07163294953377408
7965,h2_demand,2030,92,21,21,0.07163294953377405
7966,h2_demand,2030,92,22,22,0.07163294953377408
7967,h2_demand,2030,92,23,23,0.11141336752194432
7968,h2_demand,2030,92,24,24,0.07163294953377408
7969,h2_demand,2030,93,1,1,0.08374421952019408
7970,h2_demand,2030,93,2,2,0.08374421952019415
7971,h2_demand,2030,93,3,3,0.08374421952019415
7972,h2_demand,2030,93,4,4,0.08374421952019415
7973,h2_demand,2030,93,5,5,0.08374421952019408
7974,h2_demand,2030,93,6,6,0.08374421952019415
7975,h2_demand,2030,93,7,7,0.08374421952019415
7976,h2_demand,2030,93,8,8,0.08374421952019415
7977,h2_demand,2030,93,9,9,0.08374421952019415
7978,h2_demand,2030,93,10,10,0.08374421952019415
7979,h2_demand,2030,93,11,11,0.08374421952019415
7980,h2_demand,2030,93,12,12,0.08374421952019415
7981,h2_demand,2030,93,13,13,0.08374421952019415
7982,h2_demand,2030,93,14,14,0.08374421952019415
7983,h2_demand,2030,93,15,15,0.08374421952019415
7984,h2_demand,2030,93,16,16,0.08374421952019415
7985,h2_demand,2030,93,17,17,0.08374421952019415
7986,h2_demand,2030,93,18,18,0.08374421952019415
7987,h2_demand,2030,93,19,19,0.08374421952019415
7988,h2_demand,2030,93,20,20,0.08374421952019416
7989,h2_demand,2030,93,21,21,0.08374421952019415
7990,h2_demand,2030,93,22,22,0.03538193274728204
7991,h2_demand,2030,93,23,23,0.03538193274728204
7992,h2_demand,2030,93,24,24,0.03538193274728204
7993,h2_demand,2030,94,1,1,0.1350414303715958
7994,h2_demand,2030,94,2,2,0.13504143037159588
7995,h2_demand,2030,94,3,3,0.13504143037159588
7996,h2_demand,2030,94,4,4,0.1350414303715958
7997,h2_demand,2030,94,5,5,0.13504143037159588
7998,h2_demand,2030,94,6,6,0.13504143037159588
7999,h2_demand,2030,94,7,7,0.13504143037159588
8000,h2_demand,2030,94,8,8,0.1350414303715958
8001,h2_demand,2030,94,9,9,0.13504143037159588
8002,h2_demand,2030,94,10,10,0.13504143037159588
8003,h2_demand,2030,94,11,11,0.13504143037159588
8004,h2_demand,2030,94,12,12,0.1350414303715958
8005,h2_demand,2030,94,13,13,0.13504143037159588
8006,h2_demand,2030,94,14,14,0.13504143037159588
8007,h2_demand,2030,94,15,15,0.13504143037159588
8008,h2_demand,2030,94,16,16,0.13504143037159588
8009,h2_demand,2030,94,17,17,0.13504143037159588
8010,h2_demand,2030,94,18,18,0.13504143037159588
8011,h2_demand,2030,94,19,19,0.13504143037159588
8012,h2_demand,2030,94,20,20,0.13504143037159588
8013,h2_demand,2030,94,21,21,0.13504143037159588
8014,h2_demand,2030,94,22,22,0.13504143037159588
8015,h2_demand,2030,94,23,23,0.13504143037159588
8016,h2_demand,2030,94,24,24,0.13504143037159588
8017,h2_demand,2030,95,1,1,0.07785839721131413
8018,h2_demand,2030,95,2,2,0.07785839721131413
8019,h2_demand,2030,95,3,3,0.07785839721131413
8020,h2_demand,2030,95,4,4,0.07785839721131413
8021,h2_demand,2030,95,5,5,0.07785839721131413
8022,h2_demand,2030,95,6,6,0.07785839721131405
8023,h2_demand,2030,95,7,7,0.07785839721131413
8024,h2_demand,2030,95,8,8,0.07785839721131413
8025,h2_demand,2030,95,9,9,0.07785839721131405
8026,h2_demand,2030,95,10,10,0.07785839721131413
8027,h2_demand,2030,95,11,11,0.07785839721131413
8028,h2_demand,2030,95,12,12,0.07785839721131405
8029,h2_demand,2030,95,13,13,0.07785839721131413
8030,h2_demand,2030,95,14,14,0.07785839721131413
8031,h2_demand,2030,95,15,15,0.07785839721131413
8032,h2_demand,2030,95,16,16,0.07785839721131413
8033,h2_demand,2030,95,17,17,0.07785839721131413
8034,h2_demand,2030,95,18,18,0.07785839721131413
8035,h2_demand,2030,95,19,19,0.07785839721131413
8036,h2_demand,2030,95,20,20,0.07785839721131413
8037,h2_demand,2030,95,21,21,0.07785839721131413
8038,h2_demand,2030,95,22,22,0.07785839721131413
8039,h2_demand,2030,95,23,23,0.07785839721131413
8040,h2_demand,2030,95,24,24,0.07785839721131413
8041,h2_demand,2030,96,1,1,0.034781052222012714
8042,h2_demand,2030,96,2,2,0.034781052222012714
8043,h2_demand,2030,96,3,3,0.034781052222012714
8044,h2_demand,2030,96,4,4,0.05272840911408163
8045,h2_demand,2030,96,5,5,0.05272840911408163
8046,h2_demand,2030,96,6,6,0.052728409114081665
8047,h2_demand,2030,96,7,7,0.052728409114081665
8048,h2_demand,2030,96,8,8,0.052728409114081665
8049,h2_demand,2030,96,9,9,0.052728409114081665
8050,h2_demand,2030,96,10,10,0.052728409114081665
8051,h2_demand,2030,96,11,11,0.052728409114081665
8052,h2_demand,2030,96,12,12,0.052728409114081665
8053,h2_demand,2030,96,13,13,0.05272840911408163
8054,h2_demand,2030,96,14,14,0.05272840911408163
8055,h2_demand,2030,96,15,15,0.052728409114081665
8056,h2_demand,2030,96,16,16,0.052728409114081665
8057,h2_demand,2030,96,17,17,0.05272840911408163
8058,h2_demand,2030,96,18,18,0.052728409114081665
8059,h2_demand,2030,96,19,19,0.052728409114081665
8060,h2_demand,2030,96,20,20,0.05272840911408163
8061,h2_demand,2030,96,21,21,0.052728409114081665
8062,h2_demand,2030,96,22,22,0.052728409114081665
8063,h2_demand,2030,96,23,23,0.052728409114081665
8064,h2_demand,2030,96,24,24,0.052728409114081665
8065,h2_demand,2030,97,1,1,0.2662587007670888
8066,h2_demand,2030,97,2,2,0.2662587007670888
8067,h2_demand,2030,97,3,3,0.2662587007670888
8068,h2_demand,2030,97,4,4,0.2662587007670888
8069,h2_demand,2030,97,5,5,0.2662587007670888
8070,h2_demand,2030,97,6,6,0.2662587007670888
8071,h2_demand,2030,97,7,7,0.2662587007670888
8072,h2_demand,2030,97,8,8,0.2662587007670888
8073,h2_demand,2030,97,9,9,0.2662587007670888
8074,h2_demand,2030,97,10,10,0.2662587007670888
8075,h2_demand,2030,97,11,11,0.2662587007670888
8076,h2_demand,2030,97,12,12,0.2662587007670888
8077,h2_demand,2030,97,13,13,0.2662587007670888
8078,h2_demand,2030,97,14,14,0.2662587007670888
8079,h2_demand,2030,97,15,15,0.2662587007670888
8080,h2_demand,2030,97,16,16,0.2662587007670888
8081,h2_demand,2030,97,17,17,0.2662587007670888
8082,h2_demand,2030,97,18,18,0.2662587007670888
8083,h2_demand,2030,97,19,19,0.2662587007670888
8084,h2_demand,2030,97,20,20,0.2662587007670888
8085,h2_demand,2030,97,21,21,0.2662587007670888
8086,h2_demand,2030,97,22,22,0.2662587007670888
8087,h2_demand,2030,97,23,23,0.2662587007670888
8088,h2_demand,2030,97,24,24,0.2662587007670888
8089,h2_demand,2030,98,1,1,0.2891878978792467
8090,h2_demand,2030,98,2,2,0.2891878978792467
8091,h2_demand,2030,98,3,3,0.2891878978792467
8092,h2_demand,2030,98,4,4,0.2891878978792467
8093,h2_demand,2030,98,5,5,0.2891878978792467
8094,h2_demand,2030,98,6,6,0.28918789787924654
8095,h2_demand,2030,98,7,7,0.2891878978792467
8096,h2_demand,2030,98,8,8,0.2891878978792467
8097,h2_demand,2030,98,9,9,0.2891878978792467
8098,h2_demand,2030,98,10,10,0.2891878978792467
8099,h2_demand,2030,98,11,11,0.2891878978792467
8100,h2_demand,2030,98,12,12,0.2891878978792467
8101,h2_demand,2030,98,13,13,0.2891878978792467
8102,h2_demand,2030,98,14,14,0.2891878978792467
8103,h2_demand,2030,98,15,15,0.2891878978792467
8104,h2_demand,2030,98,16,16,0.2891878978792467
8105,h2_demand,2030,98,17,17,0.2891878978792467
8106,h2_demand,2030,98,18,18,0.2891878978792467
8107,h2_demand,2030,98,19,19,0.2891878978792467
8108,h2_demand,2030,98,20,20,0.2891878978792467
8109,h2_demand,2030,98,21,21,0.2891878978792467
8110,h2_demand,2030,98,22,22,0.2891878978792467
8111,h2_demand,2030,98,23,23,0.28918789787924654
8112,h2_demand,2030,98,24,24,0.2891878978792467
8113,h2_demand,2030,99,1,1,0.06174156795504629
8114,h2_demand,2030,99,2,2,0.06174156795504629
8115,h2_demand,2030,99,3,3,0.06174156795504629
8116,h2_demand,2030,99,4,4,0.06174156795504629
8117,h2_demand,2030,99,5,5,0.06174156795504629
8118,h2_demand,2030,99,6,6,0.06174156795504629
8119,h2_demand,2030,99,7,7,0.06174156795504629
8120,h2_demand,2030,99,8,8,0.06174156795504629
8121,h2_demand,2030,99,9,9,0.06174156795504629
8122,h2_demand,2030,99,10,10,0.06174156795504629
8123,h2_demand,2030,99,11,11,0.06174156795504629
8124,h2_demand,2030,99,12,12,0.06174156795504629
8125,h2_demand,2030,99,13,13,0.06174156795504629
8126,h2_demand,2030,99,14,14,0.06174156795504629
8127,h2_demand,2030,99,15,15,0.06174156795504629
8128,h2_demand,2030,99,16,16,0.06174156795504629
8129,h2_demand,2030,99,17,17,0.06174156795504629
8130,h2_demand,2030,99,18,18,0.06174156795504629
8131,h2_demand,2030,99,19,19,0.06174156795504629
8132,h2_demand,2030,99,20,20,0.06174156795504629
8133,h2_demand,2030,99,21,21,0.06174156795504629
8134,h2_demand,2030,99,22,22,0.06174156795504629
8135,h2_demand,2030,99,23,23,0.06174156795504629
8136,h2_demand,2030,99,24,24,0.06174156795504629
8137,h2_demand,2030,100,1,1,0.02888148873863604
8138,h2_demand,2030,100,2,2,0.02888148873863604
8139,h2_demand,2030,100,3,3,0.02888148873863604
8140,h2_demand,2030,100,4,4,0.02888148873863604
8141,h2_demand,2030,100,5,5,0.02888148873863604
8142,h2_demand,2030,100,6,6,0.02888148873863604
8143,h2_demand,2030,100,7,7,0.02888148873863604
8144,h2_demand,2030,100,8,8,0.028881488738636052
8145,h2_demand,2030,100,9,9,0.028881488738636052
8146,h2_demand,2030,100,10,10,0.02888148873863604
8147,h2_demand,2030,100,11,11,0.028881488738636052
8148,h2_demand,2030,100,12,12,0.06634851812758787
8149,h2_demand,2030,100,13,13,0.06634851812758787
8150,h2_demand,2030,100,14,14,0.02888148873863604
8151,h2_demand,2030,100,15,15,0.06634851812758787
8152,h2_demand,2030,100,16,16,0.06634851812758787
8153,h2_demand,2030,100,17,17,0.06634851812758787
8154,h2_demand,2030,100,18,18,0.06634851812758787
8155,h2_demand,2030,100,19,19,0.06634851812758787
8156,h2_demand,2030,100,20,20,0.028881488738636052
8157,h2_demand,2030,100,21,21,0.06634851812758787
8158,h2_demand,2030,100,22,22,0.06634851812758787
8159,h2_demand,2030,100,23,23,0.06634851812758787
8160,h2_demand,2030,100,24,24,0.06634851812758787
8161,h2_demand,2030,101,1,1,0.02622512448025235
8162,h2_demand,2030,101,2,2,0.02622512448025235
8163,h2_demand,2030,101,3,3,0.02622512448025235
8164,h2_demand,2030,101,4,4,0.02622512448025235
8165,h2_demand,2030,101,5,5,0.02622512448025235
8166,h2_demand,2030,101,6,6,0.02622512448025235
8167,h2_demand,2030,101,7,7,0.02622512448025235
8168,h2_demand,2030,101,8,8,0.026225124480252358
8169,h2_demand,2030,101,9,9,0.02622512448025235
8170,h2_demand,2030,101,10,10,0.02622512448025235
8171,h2_demand,2030,101,11,11,0.026225124480252358
8172,h2_demand,2030,101,12,12,0.02622512448025235
8173,h2_demand,2030,101,13,13,0.02622512448025235
8174,h2_demand,2030,101,14,14,0.02622512448025235
8175,h2_demand,2030,101,15,15,0.02622512448025235
8176,h2_demand,2030,101,16,16,0.02622512448025235
8177,h2_demand,2030,101,17,17,0.026225124480252358
8178,h2_demand,2030,101,18,18,0.02622512448025235
8179,h2_demand,2030,101,19,19,0.02622512448025235
8180,h2_demand,2030,101,20,20,0.026225124480252358
8181,h2_demand,2030,101,21,21,0.02622512448025235
8182,h2_demand,2030,101,22,22,0.02622512448025235
8183,h2_demand,2030,101,23,23,0.02622512448025235
8184,h2_demand,2030,101,24,24,0.02622512448025235
8185,h2_demand,2030,102,1,1,0.04332375733498014
8186,h2_demand,2030,102,2,2,0.043323757334980124
8187,h2_demand,2030,102,3,3,0.07351172107497948
8188,h2_demand,2030,102,4,4,0.07351172107497948
8189,h2_demand,2030,102,5,5,0.07351172107497948
8190,h2_demand,2030,102,6,6,0.07351172107497948
8191,h2_demand,2030,102,7,7,0.07351172107497948
8192,h2_demand,2030,102,8,8,0.07351172107497948
8193,h2_demand,2030,102,9,9,0.07351172107497948
8194,h2_demand,2030,102,10,10,0.07351172107497948
8195,h2_demand,2030,102,11,11,0.04332375733498014
8196,h2_demand,2030,102,12,12,0.07351172107497948
8197,h2_demand,2030,102,13,13,0.07351172107497948
8198,h2_demand,2030,102,14,14,0.07351172107497948
8199,h2_demand,2030,102,15,15,0.07351172107497948
8200,h2_demand,2030,102,16,16,0.07351172107497948
8201,h2_demand,2030,102,17,17,0.043323757334980124
8202,h2_demand,2030,102,18,18,0.07351172107497948
8203,h2_demand,2030,102,19,19,0.07351172107497948
8204,h2_demand,2030,102,20,20,0.07351172107497948
8205,h2_demand,2030,102,21,21,0.07351172107497948
8206,h2_demand,2030,102,22,22,0.07351172107497948
8207,h2_demand,2030,102,23,23,0.07351172107497948
8208,h2_demand,2030,102,24,24,0.07351172107497948
8209,h2_demand,2030,103,1,1,0.0652617960771002
8210,h2_demand,2030,103,2,2,0.06526179607710018
8211,h2_demand,2030,103,3,3,0.06526179607710018
8212,h2_demand,2030,103,4,4,0.06526179607710018
8213,h2_demand,2030,103,5,5,0.06526179607710018
8214,h2_demand,2030,103,6,6,0.06526179607710018
8215,h2_demand,2030,103,7,7,0.06526179607710018
8216,h2_demand,2030,103,8,8,0.06526179607710018
8217,h2_demand,2030,103,9,9,0.06526179607710018
8218,h2_demand,2030,103,10,10,0.06526179607710018
8219,h2_demand,2030,103,11,11,0.06526179607710018
8220,h2_demand,2030,103,12,12,0.06526179607710018
8221,h2_demand,2030,103,13,13,0.06526179607710018
8222,h2_demand,2030,103,14,14,0.06526179607710018
8223,h2_demand,2030,103,15,15,0.06526179607710018
8224,h2_demand,2030,103,16,16,0.0652617960771002
8225,h2_demand,2030,103,17,17,0.06526179607710018
8226,h2_demand,2030,103,18,18,0.06526179607710018
8227,h2_demand,2030,103,19,19,0.06526179607710018
8228,h2_demand,2030,103,20,20,0.06526179607710018
8229,h2_demand,2030,103,21,21,0.15117426213531376
8230,h2_demand,2030,103,22,22,0.15117426213531376
8231,h2_demand,2030,103,23,23,0.15117426213531376
8232,h2_demand,2030,103,24,24,0.15117426213531376
8233,h2_demand,2030,104,1,1,0.062345064114380025
8234,h2_demand,2030,104,2,2,0.062345064114380004
8235,h2_demand,2030,104,3,3,0.062345064114380004
8236,h2_demand,2030,104,4,4,0.062345064114380004
8237,h2_demand,2030,104,5,5,0.062345064114380004
8238,h2_demand,2030,104,6,6,0.062345064114380004
8239,h2_demand,2030,104,7,7,0.062345064114380004
8240,h2_demand,2030,104,8,8,0.062345064114380004
8241,h2_demand,2030,104,9,9,0.062345064114380025
8242,h2_demand,2030,104,10,10,0.062345064114380004
8243,h2_demand,2030,104,11,11,0.062345064114380025
8244,h2_demand,2030,104,12,12,0.062345064114380004
8245,h2_demand,2030,104,13,13,0.062345064114380004
8246,h2_demand,2030,104,14,14,0.062345064114380004
8247,h2_demand,2030,104,15,15,0.062345064114380004
8248,h2_demand,2030,104,16,16,0.062345064114380004
8249,h2_demand,2030,104,17,17,0.062345064114380004
8250,h2_demand,2030,104,18,18,0.062345064114380004
8251,h2_demand,2030,104,19,19,0.062345064114380004
8252,h2_demand,2030,104,20,20,0.062345064114380004
8253,h2_demand,2030,104,21,21,0.062345064114380004
8254,h2_demand,2030,104,22,22,0.062345064114380004
8255,h2_demand,2030,104,23,23,0.062345064114380004
8256,h2_demand,2030,104,24,24,0.062345064114380004
8257,h2_demand,2030,105,1,1,0.031530057308779634
8258,h2_demand,2030,105,2,2,0.03153005730877963
8259,h2_demand,2030,105,3,3,0.03153005730877963
8260,h2_demand,2030,105,4,4,0.031530057308779634
8261,h2_demand,2030,105,5,5,0.03153005730877963
8262,h2_demand,2030,105,6,6,0.031530057308779634
8263,h2_demand,2030,105,7,7,0.03153005730877963
8264,h2_demand,2030,105,8,8,0.03153005730877963
8265,h2_demand,2030,105,9,9,0.031530057308779634
8266,h2_demand,2030,105,10,10,0.03153005730877963
8267,h2_demand,2030,105,11,11,0.031530057308779634
8268,h2_demand,2030,105,12,12,0.03153005730877963
8269,h2_demand,2030,105,13,13,0.03153005730877963
8270,h2_demand,2030,105,14,14,0.03153005730877963
8271,h2_demand,2030,105,15,15,0.03153005730877963
8272,h2_demand,2030,105,16,16,0.03153005730877963
8273,h2_demand,2030,105,17,17,0.03153005730877963
8274,h2_demand,2030,105,18,18,0.03153005730877963
8275,h2_demand,2030,105,19,19,0.031530057308779634
8276,h2_demand,2030,105,20,20,0.031530057308779634
8277,h2_demand,2030,105,21,21,0.03153005730877963
8278,h2_demand,2030,105,22,22,0.03153005730877963
8279,h2_demand,2030,105,23,23,0.03153005730877963
8280,h2_demand,2030,105,24,24,0.03153005730877963
8281,h2_demand,2030,106,1,1,0.07411700767780613
8282,h2_demand,2030,106,2,2,0.07411700767780613
8283,h2_demand,2030,106,3,3,0.07411700767780613
8284,h2_demand,2030,106,4,4,0.07411700767780613
8285,h2_demand,2030,106,5,5,0.07411700767780613
8286,h2_demand,2030,106,6,6,0.07411700767780613
8287,h2_demand,2030,106,7,7,0.07411700767780613
8288,h2_demand,2030,106,8,8,0.07411700767780613
8289,h2_demand,2030,106,9,9,0.07411700767780613
8290,h2_demand,2030,106,10,10,0.07411700767780614
8291,h2_demand,2030,106,11,11,0.07411700767780614
8292,h2_demand,2030,106,12,12,0.07411700767780614
8293,h2_demand,2030,106,13,13,0.07411700767780614
8294,h2_demand,2030,106,14,14,0.07411700767780614
8295,h2_demand,2030,106,15,15,0.07411700767780614
8296,h2_demand,2030,106,16,16,0.07411700767780614
8297,h2_demand,2030,106,17,17,0.07411700767780613
8298,h2_demand,2030,106,18,18,0.07411700767780613
8299,h2_demand,2030,106,19,19,0.07411700767780613
8300,h2_demand,2030,106,20,20,0.07411700767780613
8301,h2_demand,2030,106,21,21,0.07411700767780613
8302,h2_demand,2030,106,22,22,0.07411700767780613
8303,h2_demand,2030,106,23,23,0.07411700767780613
8304,h2_demand,2030,106,24,24,0.07411700767780613
8305,h2_demand,2030,107,1,1,0.09694237356435369
8306,h2_demand,2030,107,2,2,0.0969423735643537
8307,h2_demand,2030,107,3,3,0.0969423735643537
8308,h2_demand,2030,107,4,4,0.0969423735643537
8309,h2_demand,2030,107,5,5,0.0969423735643537
8310,h2_demand,2030,107,6,6,0.0969423735643537
8311,h2_demand,2030,107,7,7,0.0969423735643537
8312,h2_demand,2030,107,8,8,0.0969423735643537
8313,h2_demand,2030,107,9,9,0.0969423735643537
8314,h2_demand,2030,107,10,10,0.0969423735643537
8315,h2_demand,2030,107,11,11,0.0969423735643537
8316,h2_demand,2030,107,12,12,0.0969423735643537
8317,h2_demand,2030,107,13,13,0.0969423735643537
8318,h2_demand,2030,107,14,14,0.0969423735643537
8319,h2_demand,2030,107,15,15,0.09694237356435369
8320,h2_demand,2030,107,16,16,0.0969423735643537
8321,h2_demand,2030,107,17,17,0.0969423735643537
8322,h2_demand,2030,107,18,18,0.0969423735643537
8323,h2_demand,2030,107,19,19,0.0969423735643537
8324,h2_demand,2030,107,20,20,0.0969423735643537
8325,h2_demand,2030,107,21,21,0.0969423735643537
8326,h2_demand,2030,107,22,22,0.0969423735643537
8327,h2_demand,2030,107,23,23,0.0969423735643537
8328,h2_demand,2030,107,24,24,0.0969423735643537
8329,h2_demand,2030,108,1,1,0.03725437055002036
8330,h2_demand,2030,108,2,2,0.03725437055002038
8331,h2_demand,2030,108,3,3,0.03725437055002036
8332,h2_demand,2030,108,4,4,0.03725437055002036
8333,h2_demand,2030,108,5,5,0.03725437055002036
8334,h2_demand,2030,108,6,6,0.03725437055002036
8335,h2_demand,2030,108,7,7,0.03725437055002036
8336,h2_demand,2030,108,8,8,0.03725437055002036
8337,h2_demand,2030,108,9,9,0.03725437055002036
8338,h2_demand,2030,108,10,10,0.08695908921813515
8339,h2_demand,2030,108,11,11,0.03725437055002036
8340,h2_demand,2030,108,12,12,0.03725437055002036
8341,h2_demand,2030,108,13,13,0.08695908921813515
8342,h2_demand,2030,108,14,14,0.03725437055002036
8343,h2_demand,2030,108,15,15,0.08695908921813515
8344,h2_demand,2030,108,16,16,0.03725437055002036
8345,h2_demand,2030,108,17,17,0.08695908921813515
8346,h2_demand,2030,108,18,18,0.08695908921813515
8347,h2_demand,2030,108,19,19,0.03725437055002036
8348,h2_demand,2030,108,20,20,0.03725437055002036
8349,h2_demand,2030,108,21,21,0.03725437055002036
8350,h2_demand,2030,108,22,22,0.03725437055002036
8351,h2_demand,2030,108,23,23,0.03725437055002036
8352,h2_demand,2030,108,24,24,0.08695908921813515
8353,h2_demand,2030,109,1,1,0.059362333661113036
8354,h2_demand,2030,109,2,2,0.05936233366111302
8355,h2_demand,2030,109,3,3,0.05936233366111302
8356,h2_demand,2030,109,4,4,0.05936233366111302
8357,h2_demand,2030,109,5,5,0.05936233366111302
8358,h2_demand,2030,109,6,6,0.05936233366111302
8359,h2_demand,2030,109,7,7,0.05936233366111302
8360,h2_demand,2030,109,8,8,0.05936233366111302
8361,h2_demand,2030,109,9,9,0.059362333661113036
8362,h2_demand,2030,109,10,10,0.05936233366111302
8363,h2_demand,2030,109,11,11,0.059362333661113036
8364,h2_demand,2030,109,12,12,0.05936233366111302
8365,h2_demand,2030,109,13,13,0.05936233366111302
8366,h2_demand,2030,109,14,14,0.05936233366111302
8367,h2_demand,2030,109,15,15,0.05936233366111302
8368,h2_demand,2030,109,16,16,0.05936233366111302
8369,h2_demand,2030,109,17,17,0.05936233366111302
8370,h2_demand,2030,109,18,18,0.05936233366111302
8371,h2_demand,2030,109,19,19,0.05936233366111302
8372,h2_demand,2030,109,20,20,0.05936233366111302
8373,h2_demand,2030,109,21,21,0.05936233366111302
8374,h2_demand,2030,109,22,22,0.05936233366111302
8375,h2_demand,2030,109,23,23,0.05936233366111302
8376,h2_demand,2030,109,24,24,0.05936233366111302
8377,h2_demand,2030,110,1,1,0.08953421727499433
8378,h2_demand,2030,110,2,2,0.08953421727499432
8379,h2_demand,2030,110,3,3,0.08953421727499432
8380,h2_demand,2030,110,4,4,0.08953421727499432
8381,h2_demand,2030,110,5,5,0.08953421727499432
8382,h2_demand,2030,110,6,6,0.08953421727499432
8383,h2_demand,2030,110,7,7,0.08953421727499432
8384,h2_demand,2030,110,8,8,0.08953421727499432
8385,h2_demand,2030,110,9,9,0.08953421727499433
8386,h2_demand,2030,110,10,10,0.08953421727499433
8387,h2_demand,2030,110,11,11,0.08953421727499433
8388,h2_demand,2030,110,12,12,0.198065035788859
8389,h2_demand,2030,110,13,13,0.08953421727499432
8390,h2_demand,2030,110,14,14,0.08953421727499432
8391,h2_demand,2030,110,15,15,0.08953421727499432
8392,h2_demand,2030,110,16,16,0.08953421727499432
8393,h2_demand,2030,110,17,17,0.08953421727499432
8394,h2_demand,2030,110,18,18,0.08953421727499432
8395,h2_demand,2030,110,19,19,0.08953421727499432
8396,h2_demand,2030,110,20,20,0.08953421727499432
8397,h2_demand,2030,110,21,21,0.08953421727499432
8398,h2_demand,2030,110,22,22,0.08953421727499432
8399,h2_demand,2030,110,23,23,0.08953421727499432
8400,h2_demand,2030,110,24,24,0.08953421727499432
8401,h2_demand,2030,111,1,1,0.2980604308174319
8402,h2_demand,2030,111,2,2,0.2980604308174319
8403,h2_demand,2030,111,3,3,0.2980604308174319
8404,h2_demand,2030,111,4,4,0.6317353915101884
8405,h2_demand,2030,111,5,5,0.6317353915101884
8406,h2_demand,2030,111,6,6,0.2980604308174319
8407,h2_demand,2030,111,7,7,0.2980604308174319
8408,h2_demand,2030,111,8,8,0.6317353915101884
8409,h2_demand,2030,111,9,9,0.6317353915101884
8410,h2_demand,2030,111,10,10,0.6317353915101884
8411,h2_demand,2030,111,11,11,0.2980604308174319
8412,h2_demand,2030,111,12,12,0.2980604308174319
8413,h2_demand,2030,111,13,13,0.2980604308174319
8414,h2_demand,2030,111,14,14,0.2980604308174319
8415,h2_demand,2030,111,15,15,0.2980604308174319
8416,h2_demand,2030,111,16,16,0.2980604308174319
8417,h2_demand,2030,111,17,17,0.2980604308174319
8418,h2_demand,2030,111,18,18,0.6317353915101884
8419,h2_demand,2030,111,19,19,0.2980604308174319
8420,h2_demand,2030,111,20,20,0.6317353915101884
8421,h2_demand,2030,111,21,21,0.2980604308174319
8422,h2_demand,2030,111,22,22,0.2980604308174319
8423,h2_demand,2030,111,23,23,0.2980604308174319
8424,h2_demand,2030,111,24,24,0.6317353915101884
8425,h2_demand,2030,112,1,1,0.0769806230179267
8426,h2_demand,2030,112,2,2,0.0769806230179267
8427,h2_demand,2030,112,3,3,0.0769806230179267
8428,h2_demand,2030,112,4,4,0.0769806230179267
8429,h2_demand,2030,112,5,5,0.0769806230179267
8430,h2_demand,2030,112,6,6,0.0769806230179267
8431,h2_demand,2030,112,7,7,0.0769806230179267
8432,h2_demand,2030,112,8,8,0.0769806230179267
8433,h2_demand,2030,112,9,9,0.0769806230179267
8434,h2_demand,2030,112,10,10,0.0769806230179267
8435,h2_demand,2030,112,11,11,0.0769806230179267
8436,h2_demand,2030,112,12,12,0.0769806230179267
8437,h2_demand,2030,112,13,13,0.0769806230179267
8438,h2_demand,2030,112,14,14,0.056919833543672776
8439,h2_demand,2030,112,15,15,0.0769806230179267
8440,h2_demand,2030,112,16,16,0.0769806230179267
8441,h2_demand,2030,112,17,17,0.0769806230179267
8442,h2_demand,2030,112,18,18,0.0769806230179267
8443,h2_demand,2030,112,19,19,0.0769806230179267
8444,h2_demand,2030,112,20,20,0.0769806230179267
8445,h2_demand,2030,112,21,21,0.0769806230179267
8446,h2_demand,2030,112,22,22,0.0769806230179267
8447,h2_demand,2030,112,23,23,0.0769806230179267
8448,h2_demand,2030,112,24,24,0.0769806230179267
8449,h2_demand,2030,113,1,1,0.04236246707225685
8450,h2_demand,2030,113,2,2,0.0748926271250024
8451,h2_demand,2030,113,3,3,0.0748926271250024
8452,h2_demand,2030,113,4,4,0.0748926271250024
8453,h2_demand,2030,113,5,5,0.042362467072256826
8454,h2_demand,2030,113,6,6,0.0748926271250024
8455,h2_demand,2030,113,7,7,0.042362467072256826
8456,h2_demand,2030,113,8,8,0.042362467072256826
8457,h2_demand,2030,113,9,9,0.0748926271250024
8458,h2_demand,2030,113,10,10,0.0748926271250024
8459,h2_demand,2030,113,11,11,0.0748926271250024
8460,h2_demand,2030,113,12,12,0.042362467072256826
8461,h2_demand,2030,113,13,13,0.0748926271250024
8462,h2_demand,2030,113,14,14,0.042362467072256826
8463,h2_demand,2030,113,15,15,0.042362467072256826
8464,h2_demand,2030,113,16,16,0.0748926271250024
8465,h2_demand,2030,113,17,17,0.0748926271250024
8466,h2_demand,2030,113,18,18,0.0748926271250024
8467,h2_demand,2030,113,19,19,0.0748926271250024
8468,h2_demand,2030,113,20,20,0.0748926271250024
8469,h2_demand,2030,113,21,21,0.0748926271250024
8470,h2_demand,2030,113,22,22,0.0748926271250024
8471,h2_demand,2030,113,23,23,0.042362467072256826
8472,h2_demand,2030,113,24,24,0.0748926271250024
8473,h2_demand,2030,114,1,1,0.08324676826090656
8474,h2_demand,2030,114,2,2,0.0832467682609065
8475,h2_demand,2030,114,3,3,0.0832467682609065
8476,h2_demand,2030,114,4,4,0.0832467682609065
8477,h2_demand,2030,114,5,5,0.0832467682609065
8478,h2_demand,2030,114,6,6,0.0832467682609065
8479,h2_demand,2030,114,7,7,0.0832467682609065
8480,h2_demand,2030,114,8,8,0.0832467682609065
8481,h2_demand,2030,114,9,9,0.0832467682609065
8482,h2_demand,2030,114,10,10,0.0832467682609065
8483,h2_demand,2030,114,11,11,0.0832467682609065
8484,h2_demand,2030,114,12,12,0.0832467682609065
8485,h2_demand,2030,114,13,13,0.0832467682609065
8486,h2_demand,2030,114,14,14,0.0832467682609065
8487,h2_demand,2030,114,15,15,0.0832467682609065
8488,h2_demand,2030,114,16,16,0.08324676826090656
8489,h2_demand,2030,114,17,17,0.0832467682609065
8490,h2_demand,2030,114,18,18,0.0832467682609065
8491,h2_demand,2030,114,19,19,0.0832467682609065
8492,h2_demand,2030,114,20,20,0.0832467682609065
8493,h2_demand,2030,114,21,21,0.19703377103173136
8494,h2_demand,2030,114,22,22,0.19703377103173136
8495,h2_demand,2030,114,23,23,0.19703377103173136
8496,h2_demand,2030,114,24,24,0.19703377103173136
8497,h2_demand,2030,115,1,1,0.19714864850186223
8498,h2_demand,2030,115,2,2,0.19714864850186223
8499,h2_demand,2030,115,3,3,0.19714864850186223
8500,h2_demand,2030,115,4,4,0.19714864850186223
8501,h2_demand,2030,115,5,5,0.19714864850186223
8502,h2_demand,2030,115,6,6,0.19714864850186223
8503,h2_demand,2030,115,7,7,0.19714864850186223
8504,h2_demand,2030,115,8,8,0.19714864850186223
8505,h2_demand,2030,115,9,9,0.19714864850186223
8506,h2_demand,2030,115,10,10,0.19714864850186223
8507,h2_demand,2030,115,11,11,0.19714864850186223
8508,h2_demand,2030,115,12,12,0.19714864850186223
8509,h2_demand,2030,115,13,13,0.19714864850186223
8510,h2_demand,2030,115,14,14,0.19714864850186223
8511,h2_demand,2030,115,15,15,0.19714864850186223
8512,h2_demand,2030,115,16,16,0.19714864850186223
8513,h2_demand,2030,115,17,17,0.19714864850186223
8514,h2_demand,2030,115,18,18,0.19714864850186223
8515,h2_demand,2030,115,19,19,0.19714864850186223
8516,h2_demand,2030,115,20,20,0.19714864850186223
8517,h2_demand,2030,115,21,21,0.19714864850186223
8518,h2_demand,2030,115,22,22,0.19714864850186223
8519,h2_demand,2030,115,23,23,0.19714864850186223
8520,h2_demand,2030,115,24,24,0.19714864850186223
8521,h2_demand,2030,116,1,1,0.09550944314132695
8522,h2_demand,2030,116,2,2,0.09550944314132695
8523,h2_demand,2030,116,3,3,0.09550944314132695
8524,h2_demand,2030,116,4,4,0.09550944314132695
8525,h2_demand,2030,116,5,5,0.09550944314132695
8526,h2_demand,2030,116,6,6,0.09550944314132695
8527,h2_demand,2030,116,7,7,0.09550944314132695
8528,h2_demand,2030,116,8,8,0.09550944314132695
8529,h2_demand,2030,116,9,9,0.09550944314132695
8530,h2_demand,2030,116,10,10,0.09550944314132695
8531,h2_demand,2030,116,11,11,0.09550944314132695
8532,h2_demand,2030,116,12,12,0.09550944314132695
8533,h2_demand,2030,116,13,13,0.16742346612179504
8534,h2_demand,2030,116,14,14,0.09550944314132695
8535,h2_demand,2030,116,15,15,0.09550944314132695
8536,h2_demand,2030,116,16,16,0.09550944314132695
8537,h2_demand,2030,116,17,17,0.09550944314132695
8538,h2_demand,2030,116,18,18,0.09550944314132695
8539,h2_demand,2030,116,19,19,0.09550944314132695
8540,h2_demand,2030,116,20,20,0.09550944314132695
8541,h2_demand,2030,116,21,21,0.09550944314132695
8542,h2_demand,2030,116,22,22,0.09550944314132695
8543,h2_demand,2030,116,23,23,0.09550944314132695
8544,h2_demand,2030,116,24,24,0.09550944314132695
8545,h2_demand,2030,117,1,1,0.10618946871412657
8546,h2_demand,2030,117,2,2,0.10618946871412657
8547,h2_demand,2030,117,3,3,0.12275966655539639
8548,h2_demand,2030,117,4,4,0.10618946871412657
8549,h2_demand,2030,117,5,5,0.10618946871412657
8550,h2_demand,2030,117,6,6,0.10618946871412657
8551,h2_demand,2030,117,7,7,0.10618946871412657
8552,h2_demand,2030,117,8,8,0.12275966655539639
8553,h2_demand,2030,117,9,9,0.10618946871412661
8554,h2_demand,2030,117,10,10,0.10618946871412657
8555,h2_demand,2030,117,11,11,0.12275966655539639
8556,h2_demand,2030,117,12,12,0.12275966655539639
8557,h2_demand,2030,117,13,13,0.12275966655539639
8558,h2_demand,2030,117,14,14,0.10618946871412661
8559,h2_demand,2030,117,15,15,0.10618946871412661
8560,h2_demand,2030,117,16,16,0.10618946871412661
8561,h2_demand,2030,117,17,17,0.10618946871412657
8562,h2_demand,2030,117,18,18,0.10618946871412657
8563,h2_demand,2030,117,19,19,0.10618946871412657
8564,h2_demand,2030,117,20,20,0.10618946871412657
8565,h2_demand,2030,117,21,21,0.10618946871412657
8566,h2_demand,2030,117,22,22,0.10618946871412657
8567,h2_demand,2030,117,23,23,0.10618946871412657
8568,h2_demand,2030,117,24,24,0.10618946871412657
8569,h2_demand,2030,118,1,1,0.1792754991633166
8570,h2_demand,2030,118,2,2,0.1792754991633165
8571,h2_demand,2030,118,3,3,0.1792754991633165
8572,h2_demand,2030,118,4,4,0.1792754991633165
8573,h2_demand,2030,118,5,5,0.1792754991633165
8574,h2_demand,2030,118,6,6,0.1792754991633165
8575,h2_demand,2030,118,7,7,0.27507486241394097
8576,h2_demand,2030,118,8,8,0.27507486241394097
8577,h2_demand,2030,118,9,9,0.27507486241394097
8578,h2_demand,2030,118,10,10,0.1792754991633165
8579,h2_demand,2030,118,11,11,0.1792754991633165
8580,h2_demand,2030,118,12,12,0.1792754991633165
8581,h2_demand,2030,118,13,13,0.1792754991633165
8582,h2_demand,2030,118,14,14,0.1792754991633165
8583,h2_demand,2030,118,15,15,0.1792754991633165
8584,h2_demand,2030,118,16,16,0.1792754991633165
8585,h2_demand,2030,118,17,17,0.1792754991633165
8586,h2_demand,2030,118,18,18,0.1792754991633165
8587,h2_demand,2030,118,19,19,0.1792754991633165
8588,h2_demand,2030,118,20,20,0.1792754991633165
8589,h2_demand,2030,118,21,21,0.1792754991633165
8590,h2_demand,2030,118,22,22,0.1792754991633165
8591,h2_demand,2030,118,23,23,0.1792754991633165
8592,h2_demand,2030,118,24,24,0.1792754991633165
8593,h2_demand,2030,119,1,1,0.05207029641129438
8594,h2_demand,2030,119,2,2,0.0418630771480927
8595,h2_demand,2030,119,3,3,0.0418630771480927
8596,h2_demand,2030,119,4,4,0.0418630771480927
8597,h2_demand,2030,119,5,5,0.0418630771480927
8598,h2_demand,2030,119,6,6,0.0418630771480927
8599,h2_demand,2030,119,7,7,0.0418630771480927
8600,h2_demand,2030,119,8,8,0.04186307714809272
8601,h2_demand,2030,119,9,9,0.0418630771480927
8602,h2_demand,2030,119,10,10,0.0418630771480927
8603,h2_demand,2030,119,11,11,0.0418630771480927
8604,h2_demand,2030,119,12,12,0.0418630771480927
8605,h2_demand,2030,119,13,13,0.0418630771480927
8606,h2_demand,2030,119,14,14,0.0418630771480927
8607,h2_demand,2030,119,15,15,0.0418630771480927
8608,h2_demand,2030,119,16,16,0.0418630771480927
8609,h2_demand,2030,119,17,17,0.0418630771480927
8610,h2_demand,2030,119,18,18,0.0418630771480927
8611,h2_demand,2030,119,19,19,0.0418630771480927
8612,h2_demand,2030,119,20,20,0.0418630771480927
8613,h2_demand,2030,119,21,21,0.0418630771480927
8614,h2_demand,2030,119,22,22,0.0418630771480927
8615,h2_demand,2030,119,23,23,0.0418630771480927
8616,h2_demand,2030,119,24,24,0.0418630771480927
8617,h2_demand,2030,120,1,1,0.06237256197677081
8618,h2_demand,2030,120,2,2,0.06237256197677077
8619,h2_demand,2030,120,3,3,0.06237256197677077
8620,h2_demand,2030,120,4,4,0.06237256197677081
8621,h2_demand,2030,120,5,5,0.06237256197677077
8622,h2_demand,2030,120,6,6,0.06237256197677077
8623,h2_demand,2030,120,7,7,0.06237256197677077
8624,h2_demand,2030,120,8,8,0.06237256197677081
8625,h2_demand,2030,120,9,9,0.06237256197677077
8626,h2_demand,2030,120,10,10,0.06237256197677077
8627,h2_demand,2030,120,11,11,0.06237256197677077
8628,h2_demand,2030,120,12,12,0.06237256197677081
8629,h2_demand,2030,120,13,13,0.06237256197677077
8630,h2_demand,2030,120,14,14,0.06237256197677077
8631,h2_demand,2030,120,15,15,0.06237256197677077
8632,h2_demand,2030,120,16,16,0.06237256197677077
8633,h2_demand,2030,120,17,17,0.06237256197677077
8634,h2_demand,2030,120,18,18,0.06237256197677077
8635,h2_demand,2030,120,19,19,0.06237256197677077
8636,h2_demand,2030,120,20,20,0.06237256197677077
8637,h2_demand,2030,120,21,21,0.06237256197677077
8638,h2_demand,2030,120,22,22,0.06237256197677077
8639,h2_demand,2030,120,23,23,0.06237256197677081
8640,h2_demand,2030,120,24,24,0.06237256197677077
8641,h2_demand,2030,121,1,1,0.15899418385688163
8642,h2_demand,2030,121,2,2,0.15899418385688158
8643,h2_demand,2030,121,3,3,0.15100006830785592
8644,h2_demand,2030,121,4,4,0.15100006830785592
8645,h2_demand,2030,121,5,5,0.15100006830785592
8646,h2_demand,2030,121,6,6,0.15100006830785592
8647,h2_demand,2030,121,7,7,0.15100006830785592
8648,h2_demand,2030,121,8,8,0.15100006830785592
8649,h2_demand,2030,121,9,9,0.15100006830785592
8650,h2_demand,2030,121,10,10,0.15899418385688158
8651,h2_demand,2030,121,11,11,0.15899418385688158
8652,h2_demand,2030,121,12,12,0.15899418385688158
8653,h2_demand,2030,121,13,13,0.15899418385688158
8654,h2_demand,2030,121,14,14,0.15899418385688158
8655,h2_demand,2030,121,15,15,0.15899418385688158
8656,h2_demand,2030,121,16,16,0.15899418385688158
8657,h2_demand,2030,121,17,17,0.15899418385688158
8658,h2_demand,2030,121,18,18,0.15899418385688158
8659,h2_demand,2030,121,19,19,0.15899418385688158
8660,h2_demand,2030,121,20,20,0.15899418385688158
8661,h2_demand,2030,121,21,21,0.15899418385688158
8662,h2_demand,2030,121,22,22,0.15100006830785592
8663,h2_demand,2030,121,23,23,0.15100006830785592
8664,h2_demand,2030,121,24,24,0.15100006830785592
8665,h2_demand,2030,122,1,1,0.0882181690482573
8666,h2_demand,2030,122,2,2,0.08821816904825723
8667,h2_demand,2030,122,3,3,0.08821816904825723
8668,h2_demand,2030,122,4,4,0.08821816904825723
8669,h2_demand,2030,122,5,5,0.08821816904825723
8670,h2_demand,2030,122,6,6,0.08821816904825723
8671,h2_demand,2030,122,7,7,0.0882181690482573
8672,h2_demand,2030,122,8,8,0.08821816904825723
8673,h2_demand,2030,122,9,9,0.08821816904825723
8674,h2_demand,2030,122,10,10,0.08821816904825723
8675,h2_demand,2030,122,11,11,0.08821816904825724
8676,h2_demand,2030,122,12,12,0.08821816904825723
8677,h2_demand,2030,122,13,13,0.08821816904825723
8678,h2_demand,2030,122,14,14,0.08821816904825723
8679,h2_demand,2030,122,15,15,0.08821816904825723
8680,h2_demand,2030,122,16,16,0.08821816904825723
8681,h2_demand,2030,122,17,17,0.08821816904825723
8682,h2_demand,2030,122,18,18,0.08821816904825723
8683,h2_demand,2030,122,19,19,0.08821816904825723
8684,h2_demand,2030,122,20,20,0.08821816904825723
8685,h2_demand,2030,122,21,21,0.08821816904825723
8686,h2_demand,2030,122,22,22,0.08821816904825723
8687,h2_demand,2030,122,23,23,0.08821816904825724
8688,h2_demand,2030,122,24,24,0.08821816904825723
8689,h2_demand,2030,123,1,1,0.11272328888912782
8690,h2_demand,2030,123,2,2,0.1127232888891278
8691,h2_demand,2030,123,3,3,0.1127232888891278
8692,h2_demand,2030,123,4,4,0.1127232888891278
8693,h2_demand,2030,123,5,5,0.1127232888891278
8694,h2_demand,2030,123,6,6,0.1127232888891278
8695,h2_demand,2030,123,7,7,0.1127232888891278
8696,h2_demand,2030,123,8,8,0.26343575039369443
8697,h2_demand,2030,123,9,9,0.1127232888891278
8698,h2_demand,2030,123,10,10,0.1127232888891278
8699,h2_demand,2030,123,11,11,0.1127232888891278
8700,h2_demand,2030,123,12,12,0.1127232888891278
8701,h2_demand,2030,123,13,13,0.1127232888891278
8702,h2_demand,2030,123,14,14,0.1127232888891278
8703,h2_demand,2030,123,15,15,0.1127232888891278
8704,h2_demand,2030,123,16,16,0.26343575039369443
8705,h2_demand,2030,123,17,17,0.1127232888891278
8706,h2_demand,2030,123,18,18,0.1127232888891278
8707,h2_demand,2030,123,19,19,0.26343575039369443
8708,h2_demand,2030,123,20,20,0.1127232888891278
8709,h2_demand,2030,123,21,21,0.1127232888891278
8710,h2_demand,2030,123,22,22,0.26343575039369443
8711,h2_demand,2030,123,23,23,0.1127232888891278
8712,h2_demand,2030,123,24,24,0.1127232888891278
8713,h2_demand,2030,124,1,1,0.0432178817777818
8714,h2_demand,2030,124,2,2,0.0432178817777818
8715,h2_demand,2030,124,3,3,0.0432178817777818
8716,h2_demand,2030,124,4,4,0.0432178817777818
8717,h2_demand,2030,124,5,5,0.043217881777781825
8718,h2_demand,2030,124,6,6,0.0432178817777818
8719,h2_demand,2030,124,7,7,0.0432178817777818
8720,h2_demand,2030,124,8,8,0.0432178817777818
8721,h2_demand,2030,124,9,9,0.0432178817777818
8722,h2_demand,2030,124,10,10,0.043217881777781825
8723,h2_demand,2030,124,11,11,0.0432178817777818
8724,h2_demand,2030,124,12,12,0.043217881777781825
8725,h2_demand,2030,124,13,13,0.0432178817777818
8726,h2_demand,2030,124,14,14,0.0432178817777818
8727,h2_demand,2030,124,15,15,0.0432178817777818
8728,h2_demand,2030,124,16,16,0.0432178817777818
8729,h2_demand,2030,124,17,17,0.0432178817777818
8730,h2_demand,2030,124,18,18,0.0432178817777818
8731,h2_demand,2030,124,19,19,0.0432178817777818
8732,h2_demand,2030,124,20,20,0.043217881777781825
8733,h2_demand,2030,124,21,21,0.0432178817777818
8734,h2_demand,2030,124,22,22,0.0432178817777818
8735,h2_demand,2030,124,23,23,0.0432178817777818
8736,h2_demand,2030,124,24,24,0.0432178817777818
8737,h2_demand,2030,125,1,1,0.06633446548440021
8738,h2_demand,2030,125,2,2,0.06633446548440021
8739,h2_demand,2030,125,3,3,0.06633446548440021
8740,h2_demand,2030,125,4,4,0.06633446548440021
8741,h2_demand,2030,125,5,5,0.06633446548440021
8742,h2_demand,2030,125,6,6,0.06633446548440021
8743,h2_demand,2030,125,7,7,0.06633446548440021
8744,h2_demand,2030,125,8,8,0.06633446548440021
8745,h2_demand,2030,125,9,9,0.06633446548440021
8746,h2_demand,2030,125,10,10,0.06633446548440021
8747,h2_demand,2030,125,11,11,0.06633446548440021
8748,h2_demand,2030,125,12,12,0.06633446548440021
8749,h2_demand,2030,125,13,13,0.06633446548440021
8750,h2_demand,2030,125,14,14,0.06633446548440021
8751,h2_demand,2030,125,15,15,0.06633446548440021
8752,h2_demand,2030,125,16,16,0.06633446548440021
8753,h2_demand,2030,125,17,17,0.06633446548440021
8754,h2_demand,2030,125,18,18,0.06633446548440021
8755,h2_demand,2030,125,19,19,0.06633446548440021
8756,h2_demand,2030,125,20,20,0.06633446548440021
8757,h2_demand,2030,125,21,21,0.06633446548440021
8758,h2_demand,2030,125,22,22,0.06633446548440021
8759,h2_demand,2030,125,23,23,0.06633446548440021
8760,h2_demand,2030,125,24,24,0.06633446548440021
8761,h2_demand,2030,126,1,1,0.29900706841639735
8762,h2_demand,2030,126,2,2,0.29900706841639735
8763,h2_demand,2030,126,3,3,0.29900706841639735
8764,h2_demand,2030,126,4,4,0.29900706841639735
8765,h2_demand,2030,126,5,5,0.29900706841639735
8766,h2_demand,2030,126,6,6,0.29900706841639735
8767,h2_demand,2030,126,7,7,0.29900706841639735
8768,h2_demand,2030,126,8,8,0.29900706841639735
8769,h2_demand,2030,126,9,9,0.29900706841639735
8770,h2_demand,2030,126,10,10,0.29900706841639735
8771,h2_demand,2030,126,11,11,0.29900706841639735
8772,h2_demand,2030,126,12,12,0.29900706841639735
8773,h2_demand,2030,126,13,13,0.29900706841639735
8774,h2_demand,2030,126,14,14,0.29900706841639735
8775,h2_demand,2030,126,15,15,0.29900706841639735
8776,h2_demand,2030,126,16,16,0.29900706841639735
8777,h2_demand,2030,126,17,17,0.29900706841639735
8778,h2_demand,2030,126,18,18,0.29900706841639735
8779,h2_demand,2030,126,19,19,0.29900706841639735
8780,h2_demand,2030,126,20,20,0.29900706841639735
8781,h2_demand,2030,126,21,21,0.29900706841639735
8782,h2_demand,2030,126,22,22,0.29900706841639735
8783,h2_demand,2030,126,23,23,0.29900706841639735
8784,h2_demand,2030,126,24,24,0.29900706841639735
8785,h2_demand,2030,127,1,1,0.03707493183853371
8786,h2_demand,2030,127,2,2,0.03707493183853371
8787,h2_demand,2030,127,3,3,0.03707493183853371
8788,h2_demand,2030,127,4,4,0.05733502596254241
8789,h2_demand,2030,127,5,5,0.03707493183853371
8790,h2_demand,2030,127,6,6,0.03707493183853371
8791,h2_demand,2030,127,7,7,0.03707493183853371
8792,h2_demand,2030,127,8,8,0.03707493183853371
8793,h2_demand,2030,127,9,9,0.05733502596254241
8794,h2_demand,2030,127,10,10,0.03707493183853371
8795,h2_demand,2030,127,11,11,0.037074931838533734
8796,h2_demand,2030,127,12,12,0.037074931838533734
8797,h2_demand,2030,127,13,13,0.03707493183853371
8798,h2_demand,2030,127,14,14,0.05733502596254241
8799,h2_demand,2030,127,15,15,0.03707493183853371
8800,h2_demand,2030,127,16,16,0.03707493183853371
8801,h2_demand,2030,127,17,17,0.03707493183853371
8802,h2_demand,2030,127,18,18,0.03707493183853371
8803,h2_demand,2030,127,19,19,0.03707493183853371
8804,h2_demand,2030,127,20,20,0.03707493183853371
8805,h2_demand,2030,127,21,21,0.037074931838533734
8806,h2_demand,2030,127,22,22,0.037074931838533734
8807,h2_demand,2030,127,23,23,0.05733502596254241
8808,h2_demand,2030,127,24,24,0.05733502596254241
8809,h2_demand,2030,128,1,1,0.12481800985088314
8810,h2_demand,2030,128,2,2,0.12481800985088314
8811,h2_demand,2030,128,3,3,0.12481800985088314
8812,h2_demand,2030,128,4,4,0.12481800985088314
8813,h2_demand,2030,128,5,5,0.12481800985088314
8814,h2_demand,2030,128,6,6,0.12481800985088314
8815,h2_demand,2030,128,7,7,0.12481800985088314
8816,h2_demand,2030,128,8,8,0.12481800985088322
8817,h2_demand,2030,128,9,9,0.12481800985088322
8818,h2_demand,2030,128,10,10,0.12481800985088314
8819,h2_demand,2030,128,11,11,0.12481800985088314
8820,h2_demand,2030,128,12,12,0.12481800985088314
8821,h2_demand,2030,128,13,13,0.12481800985088314
8822,h2_demand,2030,128,14,14,0.12481800985088314
8823,h2_demand,2030,128,15,15,0.12481800985088314
8824,h2_demand,2030,128,16,16,0.12481800985088322
8825,h2_demand,2030,128,17,17,0.12481800985088314
8826,h2_demand,2030,128,18,18,0.12481800985088314
8827,h2_demand,2030,128,19,19,0.12481800985088314
8828,h2_demand,2030,128,20,20,0.12481800985088314
8829,h2_demand,2030,128,21,21,0.12481800985088314
8830,h2_demand,2030,128,22,22,0.12481800985088314
8831,h2_demand,2030,128,23,23,0.12481800985088314
8832,h2_demand,2030,128,24,24,0.12481800985088314
8833,h2_demand,2030,129,1,1,0.0610483539969695
8834,h2_demand,2030,129,2,2,0.0610483539969695
8835,h2_demand,2030,129,3,3,0.0610483539969695
8836,h2_demand,2030,129,4,4,0.0610483539969695
8837,h2_demand,2030,129,5,5,0.0610483539969695
8838,h2_demand,2030,129,6,6,0.0610483539969695
8839,h2_demand,2030,129,7,7,0.0610483539969695
8840,h2_demand,2030,129,8,8,0.0610483539969695
8841,h2_demand,2030,129,9,9,0.0610483539969695
8842,h2_demand,2030,129,10,10,0.0610483539969695
8843,h2_demand,2030,129,11,11,0.0610483539969695
8844,h2_demand,2030,129,12,12,0.0610483539969695
8845,h2_demand,2030,129,13,13,0.0610483539969695
8846,h2_demand,2030,129,14,14,0.0610483539969695
8847,h2_demand,2030,129,15,15,0.0610483539969695
8848,h2_demand,2030,129,16,16,0.0610483539969695
8849,h2_demand,2030,129,17,17,0.0610483539969695
8850,h2_demand,2030,129,18,18,0.0610483539969695
8851,h2_demand,2030,129,19,19,0.0610483539969695
8852,h2_demand,2030,129,20,20,0.0610483539969695
8853,h2_demand,2030,129,21,21,0.0610483539969695
8854,h2_demand,2030,129,22,22,0.0610483539969695
8855,h2_demand,2030,129,23,23,0.0610483539969695
8856,h2_demand,2030,129,24,24,0.0610483539969695
8857,h2_demand,2030,130,1,1,0.053975882574655444
8858,h2_demand,2030,130,2,2,0.05397588257465543
8859,h2_demand,2030,130,3,3,0.05397588257465543
8860,h2_demand,2030,130,4,4,0.05397588257465543
8861,h2_demand,2030,130,5,5,0.05397588257465543
8862,h2_demand,2030,130,6,6,0.05397588257465543
8863,h2_demand,2030,130,7,7,0.05397588257465543
8864,h2_demand,2030,130,8,8,0.05397588257465543
8865,h2_demand,2030,130,9,9,0.05397588257465543
8866,h2_demand,2030,130,10,10,0.05397588257465543
8867,h2_demand,2030,130,11,11,0.053975882574655444
8868,h2_demand,2030,130,12,12,0.05397588257465543
8869,h2_demand,2030,130,13,13,0.05397588257465543
8870,h2_demand,2030,130,14,14,0.05397588257465543
8871,h2_demand,2030,130,15,15,0.05397588257465543
8872,h2_demand,2030,130,16,16,0.05397588257465543
8873,h2_demand,2030,130,17,17,0.05397588257465543
8874,h2_demand,2030,130,18,18,0.053975882574655444
8875,h2_demand,2030,130,19,19,0.05397588257465543
8876,h2_demand,2030,130,20,20,0.05397588257465543
8877,h2_demand,2030,130,21,21,0.05397588257465543
8878,h2_demand,2030,130,22,22,0.05397588257465543
8879,h2_demand,2030,130,23,23,0.05397588257465543
8880,h2_demand,2030,130,24,24,0.05397588257465543
8881,h2_demand,2030,131,1,1,0.0664374903750137
8882,h2_demand,2030,131,2,2,0.06643749037501369
8883,h2_demand,2030,131,3,3,0.06643749037501369
8884,h2_demand,2030,131,4,4,0.06643749037501369
8885,h2_demand,2030,131,5,5,0.06643749037501369
8886,h2_demand,2030,131,6,6,0.06643749037501369
8887,h2_demand,2030,131,7,7,0.06643749037501369
8888,h2_demand,2030,131,8,8,0.06643749037501369
8889,h2_demand,2030,131,9,9,0.06643749037501369
8890,h2_demand,2030,131,10,10,0.06643749037501369
8891,h2_demand,2030,131,11,11,0.06643749037501369
8892,h2_demand,2030,131,12,12,0.06643749037501369
8893,h2_demand,2030,131,13,13,0.0664374903750137
8894,h2_demand,2030,131,14,14,0.06643749037501369
8895,h2_demand,2030,131,15,15,0.06643749037501369
8896,h2_demand,2030,131,16,16,0.06643749037501369
8897,h2_demand,2030,131,17,17,0.06643749037501369
8898,h2_demand,2030,131,18,18,0.0664374903750137
8899,h2_demand,2030,131,19,19,0.06643749037501369
8900,h2_demand,2030,131,20,20,0.0664374903750137
8901,h2_demand,2030,131,21,21,0.06643749037501369
8902,h2_demand,2030,131,22,22,0.06643749037501369
8903,h2_demand,2030,131,23,23,0.06643749037501369
8904,h2_demand,2030,131,24,24,0.06643749037501369
8905,h2_demand,2030,132,1,1,0.18943557408541262
8906,h2_demand,2030,132,2,2,0.18943557408541248
8907,h2_demand,2030,132,3,3,0.18943557408541248
8908,h2_demand,2030,132,4,4,0.18943557408541248
8909,h2_demand,2030,132,5,5,0.18943557408541248
8910,h2_demand,2030,132,6,6,0.18943557408541248
8911,h2_demand,2030,132,7,7,0.18943557408541248
8912,h2_demand,2030,132,8,8,0.18943557408541248
8913,h2_demand,2030,132,9,9,0.18943557408541248
8914,h2_demand,2030,132,10,10,0.18943557408541262
8915,h2_demand,2030,132,11,11,0.18943557408541248
8916,h2_demand,2030,132,12,12,0.18943557408541248
8917,h2_demand,2030,132,13,13,0.18943557408541248
8918,h2_demand,2030,132,14,14,0.18943557408541248
8919,h2_demand,2030,132,15,15,0.18943557408541248
8920,h2_demand,2030,132,16,16,0.18943557408541248
8921,h2_demand,2030,132,17,17,0.18943557408541248
8922,h2_demand,2030,132,18,18,0.18943557408541248
8923,h2_demand,2030,132,19,19,0.18943557408541248
8924,h2_demand,2030,132,20,20,0.18943557408541248
8925,h2_demand,2030,132,21,21,0.18943557408541248
8926,h2_demand,2030,132,22,22,0.18943557408541248
8927,h2_demand,2030,132,23,23,0.18943557408541248
8928,h2_demand,2030,132,24,24,0.18943557408541248
8929,h2_demand,2030,133,1,1,0.06660582810807665
8930,h2_demand,2030,133,2,2,0.06660582810807665
8931,h2_demand,2030,133,3,3,0.06660582810807665
8932,h2_demand,2030,133,4,4,0.06660582810807665
8933,h2_demand,2030,133,5,5,0.06660582810807665
8934,h2_demand,2030,133,6,6,0.06660582810807665
8935,h2_demand,2030,133,7,7,0.06660582810807665
8936,h2_demand,2030,133,8,8,0.06660582810807665
8937,h2_demand,2030,133,9,9,0.06660582810807665
8938,h2_demand,2030,133,10,10,0.06660582810807665
8939,h2_demand,2030,133,11,11,0.06660582810807665
8940,h2_demand,2030,133,12,12,0.06660582810807665
8941,h2_demand,2030,133,13,13,0.06660582810807665
8942,h2_demand,2030,133,14,14,0.06660582810807665
8943,h2_demand,2030,133,15,15,0.06660582810807665
8944,h2_demand,2030,133,16,16,0.06660582810807665
8945,h2_demand,2030,133,17,17,0.06660582810807665
8946,h2_demand,2030,133,18,18,0.06660582810807665
8947,h2_demand,2030,133,19,19,0.06660582810807665
8948,h2_demand,2030,133,20,20,0.06660582810807665
8949,h2_demand,2030,133,21,21,0.06660582810807665
8950,h2_demand,2030,133,22,22,0.06660582810807665
8951,h2_demand,2030,133,23,23,0.06660582810807665
8952,h2_demand,2030,133,24,24,0.06660582810807665
8953,h2_demand,2030,134,1,1,0.0389550417015528
8954,h2_demand,2030,134,2,2,0.0389550417015528
8955,h2_demand,2030,134,3,3,0.0389550417015528
8956,h2_demand,2030,134,4,4,0.0389550417015528
8957,h2_demand,2030,134,5,5,0.0389550417015528
8958,h2_demand,2030,134,6,6,0.039217649825204884
8959,h2_demand,2030,134,7,7,0.03921764982520488
8960,h2_demand,2030,134,8,8,0.03921764982520488
8961,h2_demand,2030,134,9,9,0.03921764982520488
8962,h2_demand,2030,134,10,10,0.03921764982520488
8963,h2_demand,2030,134,11,11,0.039217649825204884
8964,h2_demand,2030,134,12,12,0.03921764982520488
8965,h2_demand,2030,134,13,13,0.03921764982520488
8966,h2_demand,2030,134,14,14,0.039217649825204884
8967,h2_demand,2030,134,15,15,0.03921764982520488
8968,h2_demand,2030,134,16,16,0.03921764982520488
8969,h2_demand,2030,134,17,17,0.03921764982520488
8970,h2_demand,2030,134,18,18,0.03921764982520488
8971,h2_demand,2030,134,19,19,0.03921764982520488
8972,h2_demand,2030,134,20,20,0.039217649825204884
8973,h2_demand,2030,134,21,21,0.03921764982520488
8974,h2_demand,2030,134,22,22,0.03921764982520488
8975,h2_demand,2030,134,23,23,0.03921764982520488
8976,h2_demand,2030,134,24,24,0.03921764982520488
8977,h2_demand,2030,135,1,1,0.0658493002293197
8978,h2_demand,2030,135,2,2,0.0658493002293197
8979,h2_demand,2030,135,3,3,0.0658493002293197
8980,h2_demand,2030,135,4,4,0.0658493002293197
8981,h2_demand,2030,135,5,5,0.0658493002293197
8982,h2_demand,2030,135,6,6,0.0658493002293197
8983,h2_demand,2030,135,7,7,0.0658493002293197
8984,h2_demand,2030,135,8,8,0.0658493002293197
8985,h2_demand,2030,135,9,9,0.15585633190371526
8986,h2_demand,2030,135,10,10,0.0658493002293197
8987,h2_demand,2030,135,11,11,0.0658493002293197
8988,h2_demand,2030,135,12,12,0.0658493002293197
8989,h2_demand,2030,135,13,13,0.0658493002293197
8990,h2_demand,2030,135,14,14,0.15585633190371526
8991,h2_demand,2030,135,15,15,0.0658493002293197
8992,h2_demand,2030,135,16,16,0.0658493002293197
8993,h2_demand,2030,135,17,17,0.0658493002293197
8994,h2_demand,2030,135,18,18,0.0658493002293197
8995,h2_demand,2030,135,19,19,0.0658493002293197
8996,h2_demand,2030,135,20,20,0.0658493002293197
8997,h2_demand,2030,135,21,21,0.15585633190371526
8998,h2_demand,2030,135,22,22,0.0658493002293197
8999,h2_demand,2030,135,23,23,0.0658493002293197
9000,h2_demand,2030,135,24,24,0.0658493002293197
9001,h2_demand,2030,136,1,1,0.1346233612370912
9002,h2_demand,2030,136,2,2,0.13462336123709118
9003,h2_demand,2030,136,3,3,0.13462336123709118
9004,h2_demand,2030,136,4,4,0.13462336123709118
9005,h2_demand,2030,136,5,5,0.13462336123709118
9006,h2_demand,2030,136,6,6,0.13462336123709118
9007,h2_demand,2030,136,7,7,0.13462336123709118
9008,h2_demand,2030,136,8,8,0.13462336123709118
9009,h2_demand,2030,136,9,9,0.13462336123709118
9010,h2_demand,2030,136,10,10,0.13462336123709118
9011,h2_demand,2030,136,11,11,0.13462336123709118
9012,h2_demand,2030,136,12,12,0.13462336123709118
9013,h2_demand,2030,136,13,13,0.3022050750028186
9014,h2_demand,2030,136,14,14,0.3022050750028186
9015,h2_demand,2030,136,15,15,0.13462336123709118
9016,h2_demand,2030,136,16,16,0.3022050750028186
9017,h2_demand,2030,136,17,17,0.13462336123709118
9018,h2_demand,2030,136,18,18,0.13462336123709118
9019,h2_demand,2030,136,19,19,0.13462336123709118
9020,h2_demand,2030,136,20,20,0.13462336123709118
9021,h2_demand,2030,136,21,21,0.13462336123709118
9022,h2_demand,2030,136,22,22,0.13462336123709118
9023,h2_demand,2030,136,23,23,0.13462336123709118
9024,h2_demand,2030,136,24,24,0.13462336123709118
9025,h2_demand,2030,137,1,1,0.08731854369556678
9026,h2_demand,2030,137,2,2,0.08731854369556673
9027,h2_demand,2030,137,3,3,0.08731854369556678
9028,h2_demand,2030,137,4,4,0.08731854369556673
9029,h2_demand,2030,137,5,5,0.08731854369556673
9030,h2_demand,2030,137,6,6,0.08731854369556678
9031,h2_demand,2030,137,7,7,0.08731854369556673
9032,h2_demand,2030,137,8,8,0.08731854369556678
9033,h2_demand,2030,137,9,9,0.08731854369556673
9034,h2_demand,2030,137,10,10,0.08731854369556673
9035,h2_demand,2030,137,11,11,0.08731854369556673
9036,h2_demand,2030,137,12,12,0.08731854369556673
9037,h2_demand,2030,137,13,13,0.08731854369556673
9038,h2_demand,2030,137,14,14,0.08731854369556673
9039,h2_demand,2030,137,15,15,0.20425966191725245
9040,h2_demand,2030,137,16,16,0.08731854369556673
9041,h2_demand,2030,137,17,17,0.08731854369556673
9042,h2_demand,2030,137,18,18,0.08731854369556673
9043,h2_demand,2030,137,19,19,0.08731854369556673
9044,h2_demand,2030,137,20,20,0.08731854369556673
9045,h2_demand,2030,137,21,21,0.08731854369556673
9046,h2_demand,2030,137,22,22,0.08731854369556673
9047,h2_demand,2030,137,23,23,0.08731854369556673
9048,h2_demand,2030,137,24,24,0.08731854369556673
9049,h2_demand,2030,138,1,1,0.14136209203356273
9050,h2_demand,2030,138,2,2,0.14136209203356268
9051,h2_demand,2030,138,3,3,0.14136209203356268
9052,h2_demand,2030,138,4,4,0.14136209203356268
9053,h2_demand,2030,138,5,5,0.14136209203356268
9054,h2_demand,2030,138,6,6,0.14136209203356268
9055,h2_demand,2030,138,7,7,0.14136209203356268
9056,h2_demand,2030,138,8,8,0.14136209203356268
9057,h2_demand,2030,138,9,9,0.14136209203356273
9058,h2_demand,2030,138,10,10,0.14136209203356268
9059,h2_demand,2030,138,11,11,0.14136209203356268
9060,h2_demand,2030,138,12,12,0.14136209203356268
9061,h2_demand,2030,138,13,13,0.14136209203356268
9062,h2_demand,2030,138,14,14,0.14136209203356268
9063,h2_demand,2030,138,15,15,0.14136209203356268
9064,h2_demand,2030,138,16,16,0.14136209203356268
9065,h2_demand,2030,138,17,17,0.14136209203356268
9066,h2_demand,2030,138,18,18,0.14136209203356268
9067,h2_demand,2030,138,19,19,0.14136209203356268
9068,h2_demand,2030,138,20,20,0.14136209203356268
9069,h2_demand,2030,138,21,21,0.14136209203356268
9070,h2_demand,2030,138,22,22,0.14136209203356273
9071,h2_demand,2030,138,23,23,0.14136209203356268
9072,h2_demand,2030,138,24,24,0.14136209203356268
9073,h2_demand,2030,139,1,1,0.1373233954102081
9074,h2_demand,2030,139,2,2,0.1373233954102081
9075,h2_demand,2030,139,3,3,0.1373233954102081
9076,h2_demand,2030,139,4,4,0.05801913456081293
9077,h2_demand,2030,139,5,5,0.05801913456081293
9078,h2_demand,2030,139,6,6,0.05801913456081293
9079,h2_demand,2030,139,7,7,0.05801913456081293
9080,h2_demand,2030,139,8,8,0.05801913456081293
9081,h2_demand,2030,139,9,9,0.05801913456081293
9082,h2_demand,2030,139,10,10,0.05801913456081293
9083,h2_demand,2030,139,11,11,0.05801913456081293
9084,h2_demand,2030,139,12,12,0.05801913456081293
9085,h2_demand,2030,139,13,13,0.05801913456081293
9086,h2_demand,2030,139,14,14,0.05801913456081293
9087,h2_demand,2030,139,15,15,0.05801913456081293
9088,h2_demand,2030,139,16,16,0.05801913456081293
9089,h2_demand,2030,139,17,17,0.05801913456081293
9090,h2_demand,2030,139,18,18,0.05801913456081293
9091,h2_demand,2030,139,19,19,0.05801913456081293
9092,h2_demand,2030,139,20,20,0.05801913456081293
9093,h2_demand,2030,139,21,21,0.05801913456081293
9094,h2_demand,2030,139,22,22,0.05801913456081293
9095,h2_demand,2030,139,23,23,0.05801913456081293
9096,h2_demand,2030,139,24,24,0.1373233954102081
9097,h2_demand,2030,140,1,1,0.10110806656164818
9098,h2_demand,2030,140,2,2,0.10110806656164815
9099,h2_demand,2030,140,3,3,0.10110806656164815
9100,h2_demand,2030,140,4,4,0.10110806656164815
9101,h2_demand,2030,140,5,5,0.10110806656164815
9102,h2_demand,2030,140,6,6,0.10110806656164815
9103,h2_demand,2030,140,7,7,0.10110806656164818
9104,h2_demand,2030,140,8,8,0.10110806656164815
9105,h2_demand,2030,140,9,9,0.10110806656164815
9106,h2_demand,2030,140,10,10,0.10110806656164815
9107,h2_demand,2030,140,11,11,0.10110806656164815
9108,h2_demand,2030,140,12,12,0.10110806656164815
9109,h2_demand,2030,140,13,13,0.10110806656164815
9110,h2_demand,2030,140,14,14,0.10110806656164815
9111,h2_demand,2030,140,15,15,0.10110806656164818
9112,h2_demand,2030,140,16,16,0.10110806656164815
9113,h2_demand,2030,140,17,17,0.10110806656164815
9114,h2_demand,2030,140,18,18,0.10110806656164815
9115,h2_demand,2030,140,19,19,0.10110806656164815
9116,h2_demand,2030,140,20,20,0.10110806656164815
9117,h2_demand,2030,140,21,21,0.10110806656164815
9118,h2_demand,2030,140,22,22,0.0943364431220212
9119,h2_demand,2030,140,23,23,0.10110806656164815
9120,h2_demand,2030,140,24,24,0.10110806656164815
9121,h2_demand,2030,141,1,1,0.18305905434283046
9122,h2_demand,2030,141,2,2,0.18305905434283035
9123,h2_demand,2030,141,3,3,0.18305905434283035
9124,h2_demand,2030,141,4,4,0.18305905434283035
9125,h2_demand,2030,141,5,5,0.18305905434283035
9126,h2_demand,2030,141,6,6,0.18305905434283035
9127,h2_demand,2030,141,7,7,0.18305905434283035
9128,h2_demand,2030,141,8,8,0.18305905434283035
9129,h2_demand,2030,141,9,9,0.18305905434283035
9130,h2_demand,2030,141,10,10,0.18305905434283035
9131,h2_demand,2030,141,11,11,0.18305905434283035
9132,h2_demand,2030,141,12,12,0.18305905434283035
9133,h2_demand,2030,141,13,13,0.18305905434283035
9134,h2_demand,2030,141,14,14,0.18305905434283035
9135,h2_demand,2030,141,15,15,0.18305905434283035
9136,h2_demand,2030,141,16,16,0.18305905434283035
9137,h2_demand,2030,141,17,17,0.18305905434283035
9138,h2_demand,2030,141,18,18,0.18305905434283035
9139,h2_demand,2030,141,19,19,0.18305905434283035
9140,h2_demand,2030,141,20,20,0.18305905434283035
9141,h2_demand,2030,141,21,21,0.18305905434283035
9142,h2_demand,2030,141,22,22,0.18305905434283035
9143,h2_demand,2030,141,23,23,0.18305905434283035
9144,h2_demand,2030,141,24,24,0.18305905434283035
9145,h2_demand,2030,142,1,1,0.09752267371146667
9146,h2_demand,2030,142,2,2,0.09752267371146667
9147,h2_demand,2030,142,3,3,0.09752267371146663
9148,h2_demand,2030,142,4,4,0.09752267371146663
9149,h2_demand,2030,142,5,5,0.09752267371146663
9150,h2_demand,2030,142,6,6,0.09752267371146663
9151,h2_demand,2030,142,7,7,0.09752267371146663
9152,h2_demand,2030,142,8,8,0.2304819962446491
9153,h2_demand,2030,142,9,9,0.09752267371146663
9154,h2_demand,2030,142,10,10,0.09752267371146663
9155,h2_demand,2030,142,11,11,0.09752267371146663
9156,h2_demand,2030,142,12,12,0.2304819962446491
9157,h2_demand,2030,142,13,13,0.09752267371146663
9158,h2_demand,2030,142,14,14,0.09752267371146663
9159,h2_demand,2030,142,15,15,0.09752267371146663
9160,h2_demand,2030,142,16,16,0.09752267371146663
9161,h2_demand,2030,142,17,17,0.09752267371146663
9162,h2_demand,2030,142,18,18,0.09752267371146663
9163,h2_demand,2030,142,19,19,0.09752267371146663
9164,h2_demand,2030,142,20,20,0.09752267371146663
9165,h2_demand,2030,142,21,21,0.09752267371146663
9166,h2_demand,2030,142,22,22,0.09752267371146663
9167,h2_demand,2030,142,23,23,0.09752267371146663
9168,h2_demand,2030,142,24,24,0.09752267371146663
9169,h2_demand,2030,143,1,1,0.03623310769859485
9170,h2_demand,2030,143,2,2,0.03623310769859485
9171,h2_demand,2030,143,3,3,0.036233107698594835
9172,h2_demand,2030,143,4,4,0.060976308682132316
9173,h2_demand,2030,143,5,5,0.036233107698594835
9174,h2_demand,2030,143,6,6,0.060976308682132316
9175,h2_demand,2030,143,7,7,0.036233107698594835
9176,h2_demand,2030,143,8,8,0.036233107698594835
9177,h2_demand,2030,143,9,9,0.036233107698594835
9178,h2_demand,2030,143,10,10,0.03623310769859485
9179,h2_demand,2030,143,11,11,0.036233107698594835
9180,h2_demand,2030,143,12,12,0.03623310769859485
9181,h2_demand,2030,143,13,13,0.036233107698594835
9182,h2_demand,2030,143,14,14,0.036233107698594835
9183,h2_demand,2030,143,15,15,0.036233107698594835
9184,h2_demand,2030,143,16,16,0.036233107698594835
9185,h2_demand,2030,143,17,17,0.03623310769859485
9186,h2_demand,2030,143,18,18,0.036233107698594835
9187,h2_demand,2030,143,19,19,0.036233107698594835
9188,h2_demand,2030,143,20,20,0.060976308682132316
9189,h2_demand,2030,143,21,21,0.036233107698594835
9190,h2_demand,2030,143,22,22,0.060976308682132316
9191,h2_demand,2030,143,23,23,0.036233107698594835
9192,h2_demand,2030,143,24,24,0.03623310769859485
9193,h2_demand,2030,144,1,1,0.118747177672974
9194,h2_demand,2030,144,2,2,0.118747177672974
9195,h2_demand,2030,144,3,3,0.118747177672974
9196,h2_demand,2030,144,4,4,0.118747177672974
9197,h2_demand,2030,144,5,5,0.118747177672974
9198,h2_demand,2030,144,6,6,0.118747177672974
9199,h2_demand,2030,144,7,7,0.118747177672974
9200,h2_demand,2030,144,8,8,0.118747177672974
9201,h2_demand,2030,144,9,9,0.118747177672974
9202,h2_demand,2030,144,10,10,0.118747177672974
9203,h2_demand,2030,144,11,11,0.118747177672974
9204,h2_demand,2030,144,12,12,0.118747177672974
9205,h2_demand,2030,144,13,13,0.118747177672974
9206,h2_demand,2030,144,14,14,0.118747177672974
9207,h2_demand,2030,144,15,15,0.118747177672974
9208,h2_demand,2030,144,16,16,0.118747177672974
9209,h2_demand,2030,144,17,17,0.118747177672974
9210,h2_demand,2030,144,18,18,0.118747177672974
9211,h2_demand,2030,144,19,19,0.118747177672974
9212,h2_demand,2030,144,20,20,0.118747177672974
9213,h2_demand,2030,144,21,21,0.118747177672974
9214,h2_demand,2030,144,22,22,0.118747177672974
9215,h2_demand,2030,144,23,23,0.118747177672974
9216,h2_demand,2030,144,24,24,0.118747177672974
9217,h2_demand,2030,145,1,1,0.09423513320440759
9218,h2_demand,2030,145,2,2,0.09423513320440759
9219,h2_demand,2030,145,3,3,0.09423513320440759
9220,h2_demand,2030,145,4,4,0.09423513320440759
9221,h2_demand,2030,145,5,5,0.09423513320440759
9222,h2_demand,2030,145,6,6,0.09423513320440759
9223,h2_demand,2030,145,7,7,0.2230417353950475
9224,h2_demand,2030,145,8,8,0.09423513320440759
9225,h2_demand,2030,145,9,9,0.22304173539504754
9226,h2_demand,2030,145,10,10,0.22304173539504746
9227,h2_demand,2030,145,11,11,0.22304173539504746
9228,h2_demand,2030,145,12,12,0.22304173539504746
9229,h2_demand,2030,145,13,13,0.22304173539504746
9230,h2_demand,2030,145,14,14,0.22304173539504746
9231,h2_demand,2030,145,15,15,0.22304173539504754
9232,h2_demand,2030,145,16,16,0.22304173539504754
9233,h2_demand,2030,145,17,17,0.22304173539504754
9234,h2_demand,2030,145,18,18,0.22304173539504746
9235,h2_demand,2030,145,19,19,0.22304173539504746
9236,h2_demand,2030,145,20,20,0.22304173539504746
9237,h2_demand,2030,145,21,21,0.22304173539504746
9238,h2_demand,2030,145,22,22,0.09423513320440759
9239,h2_demand,2030,145,23,23,0.09423513320440759
9240,h2_demand,2030,145,24,24,0.09423513320440759
9241,h2_demand,2030,146,1,1,0.2695005699001085
9242,h2_demand,2030,146,2,2,0.2695005699001084
9243,h2_demand,2030,146,3,3,0.2695005699001084
9244,h2_demand,2030,146,4,4,0.2695005699001084
9245,h2_demand,2030,146,5,5,0.2695005699001084
9246,h2_demand,2030,146,6,6,0.2695005699001084
9247,h2_demand,2030,146,7,7,0.2695005699001084
9248,h2_demand,2030,146,8,8,0.2695005699001084
9249,h2_demand,2030,146,9,9,0.2695005699001084
9250,h2_demand,2030,146,10,10,0.2695005699001084
9251,h2_demand,2030,146,11,11,0.2695005699001084
9252,h2_demand,2030,146,12,12,0.2695005699001084
9253,h2_demand,2030,146,13,13,0.2695005699001084
9254,h2_demand,2030,146,14,14,0.2695005699001084
9255,h2_demand,2030,146,15,15,0.2695005699001084
9256,h2_demand,2030,146,16,16,0.2695005699001084
9257,h2_demand,2030,146,17,17,0.2695005699001084
9258,h2_demand,2030,146,18,18,0.2695005699001084
9259,h2_demand,2030,146,19,19,0.2695005699001084
9260,h2_demand,2030,146,20,20,0.2695005699001084
9261,h2_demand,2030,146,21,21,0.2695005699001084
9262,h2_demand,2030,146,22,22,0.2695005699001084
9263,h2_demand,2030,146,23,23,0.2695005699001084
9264,h2_demand,2030,146,24,24,0.2695005699001084
9265,h2_demand,2030,147,1,1,0.02595847669922164
9266,h2_demand,2030,147,2,2,0.02595847669922164
9267,h2_demand,2030,147,3,3,0.02595847669922164
9268,h2_demand,2030,147,4,4,0.025958476699221654
9269,h2_demand,2030,147,5,5,0.02595847669922164
9270,h2_demand,2030,147,6,6,0.02595847669922164
9271,h2_demand,2030,147,7,7,0.02595847669922164
9272,h2_demand,2030,147,8,8,0.02595847669922164
9273,h2_demand,2030,147,9,9,0.025958476699221654
9274,h2_demand,2030,147,10,10,0.02595847669922164
9275,h2_demand,2030,147,11,11,0.025958476699221654
9276,h2_demand,2030,147,12,12,0.02595847669922164
9277,h2_demand,2030,147,13,13,0.025958476699221654
9278,h2_demand,2030,147,14,14,0.02595847669922164
9279,h2_demand,2030,147,15,15,0.02595847669922164
9280,h2_demand,2030,147,16,16,0.02595847669922164
9281,h2_demand,2030,147,17,17,0.025958476699221654
9282,h2_demand,2030,147,18,18,0.02595847669922164
9283,h2_demand,2030,147,19,19,0.02595847669922164
9284,h2_demand,2030,147,20,20,0.02595847669922164
9285,h2_demand,2030,147,21,21,0.010967456405421147
9286,h2_demand,2030,147,22,22,0.010967456405421147
9287,h2_demand,2030,147,23,23,0.025958476699221644
9288,h2_demand,2030,147,24,24,0.010967456405421147
9289,h2_demand,2030,148,1,1,0.06423389509370836
9290,h2_demand,2030,148,2,2,0.06423389509370832
9291,h2_demand,2030,148,3,3,0.06423389509370832
9292,h2_demand,2030,148,4,4,0.06423389509370832
9293,h2_demand,2030,148,5,5,0.06423389509370832
9294,h2_demand,2030,148,6,6,0.06423389509370832
9295,h2_demand,2030,148,7,7,0.06423389509370836
9296,h2_demand,2030,148,8,8,0.06423389509370832
9297,h2_demand,2030,148,9,9,0.06423389509370832
9298,h2_demand,2030,148,10,10,0.06423389509370832
9299,h2_demand,2030,148,11,11,0.06423389509370832
9300,h2_demand,2030,148,12,12,0.06423389509370832
9301,h2_demand,2030,148,13,13,0.06423389509370832
9302,h2_demand,2030,148,14,14,0.06423389509370832
9303,h2_demand,2030,148,15,15,0.06423389509370832
9304,h2_demand,2030,148,16,16,0.06423389509370832
9305,h2_demand,2030,148,17,17,0.06423389509370836
9306,h2_demand,2030,148,18,18,0.06423389509370832
9307,h2_demand,2030,148,19,19,0.06423389509370832
9308,h2_demand,2030,148,20,20,0.06423389509370832
9309,h2_demand,2030,148,21,21,0.06423389509370832
9310,h2_demand,2030,148,22,22,0.06423389509370832
9311,h2_demand,2030,148,23,23,0.06423389509370832
9312,h2_demand,2030,148,24,24,0.06423389509370832
9313,h2_demand,2030,149,1,1,0.04572535663163157
9314,h2_demand,2030,149,2,2,0.04572535663163157
9315,h2_demand,2030,149,3,3,0.1082256961695422
9316,h2_demand,2030,149,4,4,0.1082256961695422
9317,h2_demand,2030,149,5,5,0.10822569616954215
9318,h2_demand,2030,149,6,6,0.10822569616954215
9319,h2_demand,2030,149,7,7,0.10822569616954215
9320,h2_demand,2030,149,8,8,0.10822569616954215
9321,h2_demand,2030,149,9,9,0.1082256961695422
9322,h2_demand,2030,149,10,10,0.10822569616954215
9323,h2_demand,2030,149,11,11,0.10822569616954215
9324,h2_demand,2030,149,12,12,0.10822569616954215
9325,h2_demand,2030,149,13,13,0.10822569616954215
9326,h2_demand,2030,149,14,14,0.10822569616954215
9327,h2_demand,2030,149,15,15,0.10822569616954215
9328,h2_demand,2030,149,16,16,0.10822569616954215
9329,h2_demand,2030,149,17,17,0.10822569616954215
9330,h2_demand,2030,149,18,18,0.10822569616954215
9331,h2_demand,2030,149,19,19,0.10822569616954215
9332,h2_demand,2030,149,20,20,0.10822569616954215
9333,h2_demand,2030,149,21,21,0.10822569616954215
9334,h2_demand,2030,149,22,22,0.10822569616954215
9335,h2_demand,2030,149,23,23,0.10822569616954215
9336,h2_demand,2030,149,24,24,0.1082256961695422
9337,h2_demand,2030,150,1,1,0.3310503851963375
9338,h2_demand,2030,150,2,2,0.3310503851963374
9339,h2_demand,2030,150,3,3,0.3310503851963374
9340,h2_demand,2030,150,4,4,0.3310503851963374
9341,h2_demand,2030,150,5,5,0.3310503851963374
9342,h2_demand,2030,150,6,6,0.3310503851963374
9343,h2_demand,2030,150,7,7,0.3310503851963374
9344,h2_demand,2030,150,8,8,0.3310503851963374
9345,h2_demand,2030,150,9,9,0.3310503851963374
9346,h2_demand,2030,150,10,10,0.3310503851963374
9347,h2_demand,2030,150,11,11,0.3310503851963374
9348,h2_demand,2030,150,12,12,0.3310503851963374
9349,h2_demand,2030,150,13,13,0.3310503851963374
9350,h2_demand,2030,150,14,14,0.3310503851963374
9351,h2_demand,2030,150,15,15,0.3310503851963374
9352,h2_demand,2030,150,16,16,0.3310503851963374
9353,h2_demand,2030,150,17,17,0.3310503851963374
9354,h2_demand,2030,150,18,18,0.3310503851963374
9355,h2_demand,2030,150,19,19,0.3310503851963374
9356,h2_demand,2030,150,20,20,0.3310503851963374
9357,h2_demand,2030,150,21,21,0.3310503851963374
9358,h2_demand,2030,150,22,22,0.3310503851963374
9359,h2_demand,2030,150,23,23,0.3310503851963374
9360,h2_demand,2030,150,24,24,0.3310503851963374
9361,h2_demand,2030,151,1,1,0.1989667422386346
9362,h2_demand,2030,151,2,2,0.1989667422386346
9363,h2_demand,2030,151,3,3,0.1989667422386346
9364,h2_demand,2030,151,4,4,0.1989667422386346
9365,h2_demand,2030,151,5,5,0.1989667422386346
9366,h2_demand,2030,151,6,6,0.1989667422386346
9367,h2_demand,2030,151,7,7,0.1989667422386346
9368,h2_demand,2030,151,8,8,0.1989667422386346
9369,h2_demand,2030,151,9,9,0.1989667422386346
9370,h2_demand,2030,151,10,10,0.1989667422386346
9371,h2_demand,2030,151,11,11,0.1989667422386346
9372,h2_demand,2030,151,12,12,0.1989667422386346
9373,h2_demand,2030,151,13,13,0.1989667422386346
9374,h2_demand,2030,151,14,14,0.1989667422386346
9375,h2_demand,2030,151,15,15,0.1989667422386346
9376,h2_demand,2030,151,16,16,0.1989667422386346
9377,h2_demand,2030,151,17,17,0.1989667422386346
9378,h2_demand,2030,151,18,18,0.1989667422386346
9379,h2_demand,2030,151,19,19,0.1989667422386346
9380,h2_demand,2030,151,20,20,0.1989667422386346
9381,h2_demand,2030,151,21,21,0.1989667422386346
9382,h2_demand,2030,151,22,22,0.1989667422386346
9383,h2_demand,2030,151,23,23,0.1989667422386346
9384,h2_demand,2030,151,24,24,0.1989667422386346
9385,h2_demand,2030,152,1,1,0.07034062667394975
9386,h2_demand,2030,152,2,2,0.0703406266739498
9387,h2_demand,2030,152,3,3,0.07034062667394975
9388,h2_demand,2030,152,4,4,0.07034062667394975
9389,h2_demand,2030,152,5,5,0.07034062667394975
9390,h2_demand,2030,152,6,6,0.07034062667394975
9391,h2_demand,2030,152,7,7,0.07034062667394975
9392,h2_demand,2030,152,8,8,0.07034062667394975
9393,h2_demand,2030,152,9,9,0.07034062667394975
9394,h2_demand,2030,152,10,10,0.0703406266739498
9395,h2_demand,2030,152,11,11,0.07034062667394975
9396,h2_demand,2030,152,12,12,0.07034062667394975
9397,h2_demand,2030,152,13,13,0.07034062667394975
9398,h2_demand,2030,152,14,14,0.07034062667394975
9399,h2_demand,2030,152,15,15,0.07034062667394975
9400,h2_demand,2030,152,16,16,0.07034062667394975
9401,h2_demand,2030,152,17,17,0.07034062667394975
9402,h2_demand,2030,152,18,18,0.07034062667394975
9403,h2_demand,2030,152,19,19,0.07034062667394975
9404,h2_demand,2030,152,20,20,0.07034062667394975
9405,h2_demand,2030,152,21,21,0.07034062667394975
9406,h2_demand,2030,152,22,22,0.029718914769743796
9407,h2_demand,2030,152,23,23,0.029718914769743796
9408,h2_demand,2030,152,24,24,0.029718914769743796
9409,h2_demand,2030,153,1,1,0.088005299365532
9410,h2_demand,2030,153,2,2,0.08800529936553193
9411,h2_demand,2030,153,3,3,0.08800529936553193
9412,h2_demand,2030,153,4,4,0.08800529936553193
9413,h2_demand,2030,153,5,5,0.08800529936553193
9414,h2_demand,2030,153,6,6,0.08800529936553193
9415,h2_demand,2030,153,7,7,0.08800529936553193
9416,h2_demand,2030,153,8,8,0.08800529936553193
9417,h2_demand,2030,153,9,9,0.08800529936553193
9418,h2_demand,2030,153,10,10,0.08800529936553193
9419,h2_demand,2030,153,11,11,0.08800529936553193
9420,h2_demand,2030,153,12,12,0.08800529936553193
9421,h2_demand,2030,153,13,13,0.08800529936553193
9422,h2_demand,2030,153,14,14,0.08800529936553193
9423,h2_demand,2030,153,15,15,0.08800529936553193
9424,h2_demand,2030,153,16,16,0.08800529936553193
9425,h2_demand,2030,153,17,17,0.088005299365532
9426,h2_demand,2030,153,18,18,0.088005299365532
9427,h2_demand,2030,153,19,19,0.08800529936553193
9428,h2_demand,2030,153,20,20,0.08800529936553193
9429,h2_demand,2030,153,21,21,0.08800529936553193
9430,h2_demand,2030,153,22,22,0.08800529936553193
9431,h2_demand,2030,153,23,23,0.08800529936553193
9432,h2_demand,2030,153,24,24,0.08800529936553193
9433,h2_demand,2030,154,1,1,0.06561649285723671
9434,h2_demand,2030,154,2,2,0.06561649285723672
9435,h2_demand,2030,154,3,3,0.02772296823218252
9436,h2_demand,2030,154,4,4,0.02772296823218252
9437,h2_demand,2030,154,5,5,0.02772296823218252
9438,h2_demand,2030,154,6,6,0.02772296823218252
9439,h2_demand,2030,154,7,7,0.02772296823218252
9440,h2_demand,2030,154,8,8,0.06561649285723671
9441,h2_demand,2030,154,9,9,0.06561649285723672
9442,h2_demand,2030,154,10,10,0.06561649285723672
9443,h2_demand,2030,154,11,11,0.06561649285723672
9444,h2_demand,2030,154,12,12,0.06561649285723672
9445,h2_demand,2030,154,13,13,0.06561649285723672
9446,h2_demand,2030,154,14,14,0.06561649285723672
9447,h2_demand,2030,154,15,15,0.06561649285723672
9448,h2_demand,2030,154,16,16,0.06561649285723672
9449,h2_demand,2030,154,17,17,0.06561649285723672
9450,h2_demand,2030,154,18,18,0.06561649285723672
9451,h2_demand,2030,154,19,19,0.06561649285723671
9452,h2_demand,2030,154,20,20,0.06561649285723672
9453,h2_demand,2030,154,21,21,0.06561649285723671
9454,h2_demand,2030,154,22,22,0.06561649285723672
9455,h2_demand,2030,154,23,23,0.06561649285723672
9456,h2_demand,2030,154,24,24,0.06561649285723672
9457,h2_demand,2030,155,1,1,0.020093386293459338
9458,h2_demand,2030,155,2,2,0.020093386293459355
9459,h2_demand,2030,155,3,3,0.020093386293459355
9460,h2_demand,2030,155,4,4,0.020093386293459338
9461,h2_demand,2030,155,5,5,0.020093386293459338
9462,h2_demand,2030,155,6,6,0.020093386293459338
9463,h2_demand,2030,155,7,7,0.020093386293459338
9464,h2_demand,2030,155,8,8,0.020093386293459355
9465,h2_demand,2030,155,9,9,0.020093386293459338
9466,h2_demand,2030,155,10,10,0.020093386293459355
9467,h2_demand,2030,155,11,11,0.020093386293459338
9468,h2_demand,2030,155,12,12,0.020093386293459338
9469,h2_demand,2030,155,13,13,0.020093386293459355
9470,h2_demand,2030,155,14,14,0.020093386293459338
9471,h2_demand,2030,155,15,15,0.020093386293459338
9472,h2_demand,2030,155,16,16,0.020093386293459338
9473,h2_demand,2030,155,17,17,0.020093386293459355
9474,h2_demand,2030,155,18,18,0.020093386293459338
9475,h2_demand,2030,155,19,19,0.020093386293459338
9476,h2_demand,2030,155,20,20,0.020093386293459338
9477,h2_demand,2030,155,21,21,0.020093386293459338
9478,h2_demand,2030,155,22,22,0.020093386293459338
9479,h2_demand,2030,155,23,23,0.020093386293459355
9480,h2_demand,2030,155,24,24,0.020093386293459355
9481,h2_demand,2030,156,1,1,0.07767009727657259
9482,h2_demand,2030,156,2,2,0.07767009727657254
9483,h2_demand,2030,156,3,3,0.07767009727657254
9484,h2_demand,2030,156,4,4,0.07767009727657254
9485,h2_demand,2030,156,5,5,0.07767009727657254
9486,h2_demand,2030,156,6,6,0.07767009727657254
9487,h2_demand,2030,156,7,7,0.07767009727657254
9488,h2_demand,2030,156,8,8,0.07767009727657254
9489,h2_demand,2030,156,9,9,0.07767009727657254
9490,h2_demand,2030,156,10,10,0.07767009727657254
9491,h2_demand,2030,156,11,11,0.07767009727657254
9492,h2_demand,2030,156,12,12,0.07767009727657254
9493,h2_demand,2030,156,13,13,0.07767009727657254
9494,h2_demand,2030,156,14,14,0.07767009727657254
9495,h2_demand,2030,156,15,15,0.07767009727657259
9496,h2_demand,2030,156,16,16,0.07767009727657254
9497,h2_demand,2030,156,17,17,0.07767009727657259
9498,h2_demand,2030,156,18,18,0.07767009727657254
9499,h2_demand,2030,156,19,19,0.07767009727657254
9500,h2_demand,2030,156,20,20,0.07767009727657254
9501,h2_demand,2030,156,21,21,0.07767009727657254
9502,h2_demand,2030,156,22,22,0.07767009727657254
9503,h2_demand,2030,156,23,23,0.07767009727657254
9504,h2_demand,2030,156,24,24,0.07767009727657254
9505,h2_demand,2030,157,1,1,0.07163234653971501
9506,h2_demand,2030,157,2,2,0.07163234653971501
9507,h2_demand,2030,157,3,3,0.07163234653971501
9508,h2_demand,2030,157,4,4,0.07163234653971501
9509,h2_demand,2030,157,5,5,0.07163234653971501
9510,h2_demand,2030,157,6,6,0.07163234653971501
9511,h2_demand,2030,157,7,7,0.07163234653971501
9512,h2_demand,2030,157,8,8,0.07163234653971501
9513,h2_demand,2030,157,9,9,0.07163234653971501
9514,h2_demand,2030,157,10,10,0.07163234653971501
9515,h2_demand,2030,157,11,11,0.07163234653971501
9516,h2_demand,2030,157,12,12,0.07163234653971501
9517,h2_demand,2030,157,13,13,0.07163234653971501
9518,h2_demand,2030,157,14,14,0.07163234653971501
9519,h2_demand,2030,157,15,15,0.07163234653971501
9520,h2_demand,2030,157,16,16,0.07163234653971501
9521,h2_demand,2030,157,17,17,0.07163234653971501
9522,h2_demand,2030,157,18,18,0.07163234653971501
9523,h2_demand,2030,157,19,19,0.07163234653971501
9524,h2_demand,2030,157,20,20,0.07163234653971501
9525,h2_demand,2030,157,21,21,0.07163234653971501
9526,h2_demand,2030,157,22,22,0.07163234653971501
9527,h2_demand,2030,157,23,23,0.07163234653971494
9528,h2_demand,2030,157,24,24,0.07163234653971494
9529,h2_demand,2030,158,1,1,0.01621392592731208
9530,h2_demand,2030,158,2,2,0.01621392592731208
9531,h2_demand,2030,158,3,3,0.01621392592731208
9532,h2_demand,2030,158,4,4,0.01621392592731207
9533,h2_demand,2030,158,5,5,0.01621392592731207
9534,h2_demand,2030,158,6,6,0.01621392592731207
9535,h2_demand,2030,158,7,7,0.01621392592731207
9536,h2_demand,2030,158,8,8,0.01621392592731208
9537,h2_demand,2030,158,9,9,0.01621392592731208
9538,h2_demand,2030,158,10,10,0.01621392592731208
9539,h2_demand,2030,158,11,11,0.01621392592731207
9540,h2_demand,2030,158,12,12,0.01621392592731208
9541,h2_demand,2030,158,13,13,0.01621392592731208
9542,h2_demand,2030,158,14,14,0.01621392592731207
9543,h2_demand,2030,158,15,15,0.01621392592731207
9544,h2_demand,2030,158,16,16,0.01621392592731208
9545,h2_demand,2030,158,17,17,0.01621392592731208
9546,h2_demand,2030,158,18,18,0.01621392592731208
9547,h2_demand,2030,158,19,19,0.01621392592731207
9548,h2_demand,2030,158,20,20,0.01621392592731208
9549,h2_demand,2030,158,21,21,0.01621392592731207
9550,h2_demand,2030,158,22,22,0.01621392592731207
9551,h2_demand,2030,158,23,23,0.01621392592731207
9552,h2_demand,2030,158,24,24,0.01621392592731208
9553,h2_demand,2030,159,1,1,0.13573100697397927
9554,h2_demand,2030,159,2,2,0.057346350446506246
9555,h2_demand,2030,159,3,3,0.1357310069739793
9556,h2_demand,2030,159,4,4,0.1357310069739793
9557,h2_demand,2030,159,5,5,0.1357310069739793
9558,h2_demand,2030,159,6,6,0.13573100697397927
9559,h2_demand,2030,159,7,7,0.1357310069739793
9560,h2_demand,2030,159,8,8,0.13573100697397927
9561,h2_demand,2030,159,9,9,0.13573100697397927
9562,h2_demand,2030,159,10,10,0.1357310069739793
9563,h2_demand,2030,159,11,11,0.13573100697397927
9564,h2_demand,2030,159,12,12,0.13573100697397927
9565,h2_demand,2030,159,13,13,0.13573100697397927
9566,h2_demand,2030,159,14,14,0.13573100697397927
9567,h2_demand,2030,159,15,15,0.13573100697397927
9568,h2_demand,2030,159,16,16,0.13573100697397927
9569,h2_demand,2030,159,17,17,0.13573100697397927
9570,h2_demand,2030,159,18,18,0.13573100697397927
9571,h2_demand,2030,159,19,19,0.13573100697397927
9572,h2_demand,2030,159,20,20,0.13573100697397927
9573,h2_demand,2030,159,21,21,0.13573100697397927
9574,h2_demand,2030,159,22,22,0.13573100697397927
9575,h2_demand,2030,159,23,23,0.13573100697397927
9576,h2_demand,2030,159,24,24,0.13573100697397927
9577,h2_demand,2030,160,1,1,0.09529988949078697
9578,h2_demand,2030,160,2,2,0.09529988949078697
9579,h2_demand,2030,160,3,3,0.09529988949078687
9580,h2_demand,2030,160,4,4,0.09529988949078697
9581,h2_demand,2030,160,5,5,0.09529988949078687
9582,h2_demand,2030,160,6,6,0.09529988949078687
9583,h2_demand,2030,160,7,7,0.09529988949078687
9584,h2_demand,2030,160,8,8,0.09529988949078687
9585,h2_demand,2030,160,9,9,0.09529988949078687
9586,h2_demand,2030,160,10,10,0.09529988949078687
9587,h2_demand,2030,160,11,11,0.09529988949078687
9588,h2_demand,2030,160,12,12,0.09529988949078687
9589,h2_demand,2030,160,13,13,0.09529988949078687
9590,h2_demand,2030,160,14,14,0.09529988949078687
9591,h2_demand,2030,160,15,15,0.09529988949078687
9592,h2_demand,2030,160,16,16,0.09529988949078687
9593,h2_demand,2030,160,17,17,0.09529988949078687
9594,h2_demand,2030,160,18,18,0.09529988949078687
9595,h2_demand,2030,160,19,19,0.09529988949078687
9596,h2_demand,2030,160,20,20,0.09529988949078687
9597,h2_demand,2030,160,21,21,0.09529988949078687
9598,h2_demand,2030,160,22,22,0.09529988949078687
9599,h2_demand,2030,160,23,23,0.09529988949078687
9600,h2_demand,2030,160,24,24,0.09529988949078687
9601,h2_demand,2030,161,1,1,0.0473398007761371
9602,h2_demand,2030,161,2,2,0.0473398007761371
9603,h2_demand,2030,161,3,3,0.0473398007761371
9604,h2_demand,2030,161,4,4,0.0473398007761371
9605,h2_demand,2030,161,5,5,0.0473398007761371
9606,h2_demand,2030,161,6,6,0.04733980077613712
9607,h2_demand,2030,161,7,7,0.0473398007761371
9608,h2_demand,2030,161,8,8,0.0473398007761371
9609,h2_demand,2030,161,9,9,0.04733980077613712
9610,h2_demand,2030,161,10,10,0.0473398007761371
9611,h2_demand,2030,161,11,11,0.0473398007761371
9612,h2_demand,2030,161,12,12,0.0473398007761371
9613,h2_demand,2030,161,13,13,0.0473398007761371
9614,h2_demand,2030,161,14,14,0.0473398007761371
9615,h2_demand,2030,161,15,15,0.0473398007761371
9616,h2_demand,2030,161,16,16,0.020001065827917937
9617,h2_demand,2030,161,17,17,0.0473398007761371
9618,h2_demand,2030,161,18,18,0.0473398007761371
9619,h2_demand,2030,161,19,19,0.020001065827917937
9620,h2_demand,2030,161,20,20,0.020001065827917937
9621,h2_demand,2030,161,21,21,0.020001065827917937
9622,h2_demand,2030,161,22,22,0.020001065827917937
9623,h2_demand,2030,161,23,23,0.020001065827917937
9624,h2_demand,2030,161,24,24,0.020001065827917937
9625,h2_demand,2030,162,1,1,0.07331515659867122
9626,h2_demand,2030,162,2,2,0.07331515659867122
9627,h2_demand,2030,162,3,3,0.07331515659867122
9628,h2_demand,2030,162,4,4,0.07331515659867126
9629,h2_demand,2030,162,5,5,0.07331515659867122
9630,h2_demand,2030,162,6,6,0.07331515659867122
9631,h2_demand,2030,162,7,7,0.07331515659867122
9632,h2_demand,2030,162,8,8,0.07331515659867126
9633,h2_demand,2030,162,9,9,0.07331515659867122
9634,h2_demand,2030,162,10,10,0.07331515659867122
9635,h2_demand,2030,162,11,11,0.07331515659867126
9636,h2_demand,2030,162,12,12,0.07331515659867122
9637,h2_demand,2030,162,13,13,0.07331515659867122
9638,h2_demand,2030,162,14,14,0.07331515659867122
9639,h2_demand,2030,162,15,15,0.07331515659867122
9640,h2_demand,2030,162,16,16,0.07331515659867122
9641,h2_demand,2030,162,17,17,0.07331515659867122
9642,h2_demand,2030,162,18,18,0.07331515659867122
9643,h2_demand,2030,162,19,19,0.07331515659867122
9644,h2_demand,2030,162,20,20,0.07331515659867122
9645,h2_demand,2030,162,21,21,0.07331515659867122
9646,h2_demand,2030,162,22,22,0.07331515659867126
9647,h2_demand,2030,162,23,23,0.07331515659867122
9648,h2_demand,2030,162,24,24,0.07331515659867122
9649,h2_demand,2030,163,1,1,0.0217096730875898
9650,h2_demand,2030,163,2,2,0.0217096730875898
9651,h2_demand,2030,163,3,3,0.0217096730875898
9652,h2_demand,2030,163,4,4,0.0217096730875898
9653,h2_demand,2030,163,5,5,0.0217096730875898
9654,h2_demand,2030,163,6,6,0.05138384162743149
9655,h2_demand,2030,163,7,7,0.051383841627431454
9656,h2_demand,2030,163,8,8,0.051383841627431454
9657,h2_demand,2030,163,9,9,0.051383841627431454
9658,h2_demand,2030,163,10,10,0.051383841627431454
9659,h2_demand,2030,163,11,11,0.05138384162743149
9660,h2_demand,2030,163,12,12,0.051383841627431454
9661,h2_demand,2030,163,13,13,0.051383841627431454
9662,h2_demand,2030,163,14,14,0.051383841627431454
9663,h2_demand,2030,163,15,15,0.05138384162743149
9664,h2_demand,2030,163,16,16,0.051383841627431454
9665,h2_demand,2030,163,17,17,0.05138384162743149
9666,h2_demand,2030,163,18,18,0.051383841627431454
9667,h2_demand,2030,163,19,19,0.051383841627431454
9668,h2_demand,2030,163,20,20,0.051383841627431454
9669,h2_demand,2030,163,21,21,0.051383841627431454
9670,h2_demand,2030,163,22,22,0.051383841627431454
9671,h2_demand,2030,163,23,23,0.051383841627431454
9672,h2_demand,2030,163,24,24,0.051383841627431454
9673,h2_demand,2030,164,1,1,0.070071412866357
9674,h2_demand,2030,164,2,2,0.07007141286635697
9675,h2_demand,2030,164,3,3,0.07007141286635697
9676,h2_demand,2030,164,4,4,0.070071412866357
9677,h2_demand,2030,164,5,5,0.07007141286635697
9678,h2_demand,2030,164,6,6,0.07007141286635697
9679,h2_demand,2030,164,7,7,0.07007141286635697
9680,h2_demand,2030,164,8,8,0.07007141286635697
9681,h2_demand,2030,164,9,9,0.070071412866357
9682,h2_demand,2030,164,10,10,0.07007141286635697
9683,h2_demand,2030,164,11,11,0.07007141286635697
9684,h2_demand,2030,164,12,12,0.07007141286635697
9685,h2_demand,2030,164,13,13,0.07007141286635697
9686,h2_demand,2030,164,14,14,0.07007141286635697
9687,h2_demand,2030,164,15,15,0.07007141286635697
9688,h2_demand,2030,164,16,16,0.07007141286635697
9689,h2_demand,2030,164,17,17,0.07007141286635697
9690,h2_demand,2030,164,18,18,0.07007141286635697
9691,h2_demand,2030,164,19,19,0.07007141286635697
9692,h2_demand,2030,164,20,20,0.07007141286635697
9693,h2_demand,2030,164,21,21,0.029605171936035835
9694,h2_demand,2030,164,22,22,0.070071412866357
9695,h2_demand,2030,164,23,23,0.029605171936035835
9696,h2_demand,2030,164,24,24,0.070071412866357
9697,h2_demand,2030,165,1,1,0.04526408004517354
9698,h2_demand,2030,165,2,2,0.045264080045173544
9699,h2_demand,2030,165,3,3,0.04526408004517351
9700,h2_demand,2030,165,4,4,0.04526408004517351
9701,h2_demand,2030,165,5,5,0.04526408004517351
9702,h2_demand,2030,165,6,6,0.04526408004517351
9703,h2_demand,2030,165,7,7,0.04526408004517351
9704,h2_demand,2030,165,8,8,0.04526408004517351
9705,h2_demand,2030,165,9,9,0.04526408004517351
9706,h2_demand,2030,165,10,10,0.04526408004517351
9707,h2_demand,2030,165,11,11,0.04526408004517351
9708,h2_demand,2030,165,12,12,0.04526408004517354
9709,h2_demand,2030,165,13,13,0.04526408004517351
9710,h2_demand,2030,165,14,14,0.04526408004517351
9711,h2_demand,2030,165,15,15,0.04526408004517351
9712,h2_demand,2030,165,16,16,0.04526408004517351
9713,h2_demand,2030,165,17,17,0.04526408004517351
9714,h2_demand,2030,165,18,18,0.04526408004517351
9715,h2_demand,2030,165,19,19,0.04526408004517351
9716,h2_demand,2030,165,20,20,0.04526408004517351
9717,h2_demand,2030,165,21,21,0.04526408004517351
9718,h2_demand,2030,165,22,22,0.04526408004517351
9719,h2_demand,2030,165,23,23,0.04526408004517351
9720,h2_demand,2030,165,24,24,0.04526408004517351
9721,h2_demand,2030,166,1,1,0.10834329409281064
9722,h2_demand,2030,166,2,2,0.10834329409281059
9723,h2_demand,2030,166,3,3,0.10834329409281059
9724,h2_demand,2030,166,4,4,0.10834329409281059
9725,h2_demand,2030,166,5,5,0.10834329409281059
9726,h2_demand,2030,166,6,6,0.10834329409281059
9727,h2_demand,2030,166,7,7,0.10834329409281064
9728,h2_demand,2030,166,8,8,0.10834329409281064
9729,h2_demand,2030,166,9,9,0.10834329409281059
9730,h2_demand,2030,166,10,10,0.10834329409281059
9731,h2_demand,2030,166,11,11,0.10834329409281059
9732,h2_demand,2030,166,12,12,0.10834329409281064
9733,h2_demand,2030,166,13,13,0.10834329409281059
9734,h2_demand,2030,166,14,14,0.10834329409281059
9735,h2_demand,2030,166,15,15,0.10834329409281059
9736,h2_demand,2030,166,16,16,0.10834329409281059
9737,h2_demand,2030,166,17,17,0.10834329409281059
9738,h2_demand,2030,166,18,18,0.10834329409281059
9739,h2_demand,2030,166,19,19,0.10834329409281059
9740,h2_demand,2030,166,20,20,0.10834329409281059
9741,h2_demand,2030,166,21,21,0.10834329409281059
9742,h2_demand,2030,166,22,22,0.10834329409281059
9743,h2_demand,2030,166,23,23,0.10834329409281064
9744,h2_demand,2030,166,24,24,0.10834329409281064
9745,h2_demand,2030,167,1,1,0.058926874888626704
9746,h2_demand,2030,167,2,2,0.058926874888626704
9747,h2_demand,2030,167,3,3,0.058926874888626704
9748,h2_demand,2030,167,4,4,0.058926874888626704
9749,h2_demand,2030,167,5,5,0.058926874888626704
9750,h2_demand,2030,167,6,6,0.058926874888626704
9751,h2_demand,2030,167,7,7,0.058926874888626704
9752,h2_demand,2030,167,8,8,0.1394718932275188
9753,h2_demand,2030,167,9,9,0.1394718932275188
9754,h2_demand,2030,167,10,10,0.1394718932275188
9755,h2_demand,2030,167,11,11,0.1394718932275188
9756,h2_demand,2030,167,12,12,0.1394718932275188
9757,h2_demand,2030,167,13,13,0.1394718932275188
9758,h2_demand,2030,167,14,14,0.1394718932275188
9759,h2_demand,2030,167,15,15,0.1394718932275188
9760,h2_demand,2030,167,16,16,0.1394718932275188
9761,h2_demand,2030,167,17,17,0.1394718932275188
9762,h2_demand,2030,167,18,18,0.1394718932275188
9763,h2_demand,2030,167,19,19,0.13947189322751868
9764,h2_demand,2030,167,20,20,0.1394718932275188
9765,h2_demand,2030,167,21,21,0.058926874888626704
9766,h2_demand,2030,167,22,22,0.058926874888626704
9767,h2_demand,2030,167,23,23,0.058926874888626704
9768,h2_demand,2030,167,24,24,0.058926874888626704
9769,h2_demand,2030,168,1,1,0.09176172958533678
9770,h2_demand,2030,168,2,2,0.0917617295853367
9771,h2_demand,2030,168,3,3,0.0917617295853367
9772,h2_demand,2030,168,4,4,0.0917617295853367
9773,h2_demand,2030,168,5,5,0.0917617295853367
9774,h2_demand,2030,168,6,6,0.0917617295853367
9775,h2_demand,2030,168,7,7,0.0917617295853367
9776,h2_demand,2030,168,8,8,0.09176172958533678
9777,h2_demand,2030,168,9,9,0.0917617295853367
9778,h2_demand,2030,168,10,10,0.0917617295853367
9779,h2_demand,2030,168,11,11,0.09176172958533678
9780,h2_demand,2030,168,12,12,0.0917617295853367
9781,h2_demand,2030,168,13,13,0.0917617295853367
9782,h2_demand,2030,168,14,14,0.0917617295853367
9783,h2_demand,2030,168,15,15,0.0917617295853367
9784,h2_demand,2030,168,16,16,0.0917617295853367
9785,h2_demand,2030,168,17,17,0.0917617295853367
9786,h2_demand,2030,168,18,18,0.0917617295853367
9787,h2_demand,2030,168,19,19,0.0917617295853367
9788,h2_demand,2030,168,20,20,0.0917617295853367
9789,h2_demand,2030,168,21,21,0.0917617295853367
9790,h2_demand,2030,168,22,22,0.0917617295853368
9791,h2_demand,2030,168,23,23,0.0917617295853367
9792,h2_demand,2030,168,24,24,0.0917617295853368
9793,h2_demand,2030,169,1,1,1.0138961625213785
9794,h2_demand,2030,169,2,2,1.0138961625213785
9795,h2_demand,2030,169,3,3,1.0138961625213785
9796,h2_demand,2030,169,4,4,1.0138961625213785
9797,h2_demand,2030,169,5,5,1.0138961625213785
9798,h2_demand,2030,169,6,6,1.0138961625213785
9799,h2_demand,2030,169,7,7,1.0138961625213785
9800,h2_demand,2030,169,8,8,1.0138961625213785
9801,h2_demand,2030,169,9,9,1.0138961625213785
9802,h2_demand,2030,169,10,10,1.0138961625213785
9803,h2_demand,2030,169,11,11,1.0138961625213785
9804,h2_demand,2030,169,12,12,1.0138961625213785
9805,h2_demand,2030,169,13,13,1.0138961625213785
9806,h2_demand,2030,169,14,14,1.0138961625213785
9807,h2_demand,2030,169,15,15,1.0138961625213785
9808,h2_demand,2030,169,16,16,1.0138961625213785
9809,h2_demand,2030,169,17,17,1.0138961625213785
9810,h2_demand,2030,169,18,18,1.0138961625213785
9811,h2_demand,2030,169,19,19,1.0138961625213785
9812,h2_demand,2030,169,20,20,1.0138961625213785
9813,h2_demand,2030,169,21,21,1.0138961625213785
9814,h2_demand,2030,169,22,22,1.0138961625213785
9815,h2_demand,2030,169,23,23,1.0138961625213785
9816,h2_demand,2030,169,24,24,1.0138961625213785
9817,h2_demand,2030,170,1,1,4.018938532141976
9818,h2_demand,2030,170,2,2,4.018938532141976
9819,h2_demand,2030,170,3,3,4.018938532141976
9820,h2_demand,2030,170,4,4,4.018938532141976
9821,h2_demand,2030,170,5,5,4.018938532141976
9822,h2_demand,2030,170,6,6,4.018938532141976
9823,h2_demand,2030,170,7,7,4.018938532141976
9824,h2_demand,2030,170,8,8,4.018938532141976
9825,h2_demand,2030,170,9,9,4.018938532141976
9826,h2_demand,2030,170,10,10,4.018938532141976
9827,h2_demand,2030,170,11,11,4.018938532141976
9828,h2_demand,2030,170,12,12,4.018938532141976
9829,h2_demand,2030,170,13,13,4.018938532141976
9830,h2_demand,2030,170,14,14,4.018938532141976
9831,h2_demand,2030,170,15,15,4.018938532141976
9832,h2_demand,2030,170,16,16,4.018938532141976
9833,h2_demand,2030,170,17,17,4.018938532141976
9834,h2_demand,2030,170,18,18,4.018938532141976
9835,h2_demand,2030,170,19,19,4.018938532141976
9836,h2_demand,2030,170,20,20,4.018938532141976
9837,h2_demand,2030,170,21,21,4.018938532141976
9838,h2_demand,2030,170,22,22,4.018938532141976
9839,h2_demand,2030,170,23,23,4.018938532141976
9840,h2_demand,2030,170,24,24,4.018938532141976
9841,h2_demand,2030,171,1,1,0.4917134169509462
9842,h2_demand,2030,171,2,2,0.4917134169509462
9843,h2_demand,2030,171,3,3,0.4917134169509462
9844,h2_demand,2030,171,4,4,0.4917134169509462
9845,h2_demand,2030,171,5,5,0.4917134169509462
9846,h2_demand,2030,171,6,6,0.4917134169509462
9847,h2_demand,2030,171,7,7,0.4917134169509462
9848,h2_demand,2030,171,8,8,0.4917134169509462
9849,h2_demand,2030,171,9,9,0.4917134169509462
9850,h2_demand,2030,171,10,10,0.4917134169509462
9851,h2_demand,2030,171,11,11,1.152385477447833
9852,h2_demand,2030,171,12,12,1.152385477447833
9853,h2_demand,2030,171,13,13,1.152385477447833
9854,h2_demand,2030,171,14,14,1.152385477447833
9855,h2_demand,2030,171,15,15,1.152385477447833
9856,h2_demand,2030,171,16,16,0.4917134169509462
9857,h2_demand,2030,171,17,17,0.4917134169509462
9858,h2_demand,2030,171,18,18,1.152385477447833
9859,h2_demand,2030,171,19,19,1.152385477447833
9860,h2_demand,2030,171,20,20,1.152385477447833
9861,h2_demand,2030,171,21,21,1.152385477447833
9862,h2_demand,2030,171,22,22,0.4917134169509462
9863,h2_demand,2030,171,23,23,1.152385477447833
9864,h2_demand,2030,171,24,24,0.4917134169509462
9865,h2_demand,2030,172,1,1,0.3361692113380121
9866,h2_demand,2030,172,2,2,0.7956667723976617
9867,h2_demand,2030,172,3,3,0.3361692113380121
9868,h2_demand,2030,172,4,4,0.3361692113380121
9869,h2_demand,2030,172,5,5,0.3361692113380121
9870,h2_demand,2030,172,6,6,0.7956667723976617
9871,h2_demand,2030,172,7,7,0.3361692113380121
9872,h2_demand,2030,172,8,8,0.7956667723976617
9873,h2_demand,2030,172,9,9,0.7956667723976617
9874,h2_demand,2030,172,10,10,0.7956667723976617
9875,h2_demand,2030,172,11,11,0.7956667723976617
9876,h2_demand,2030,172,12,12,0.7956667723976617
9877,h2_demand,2030,172,13,13,0.7956667723976617
9878,h2_demand,2030,172,14,14,0.7956667723976617
9879,h2_demand,2030,172,15,15,0.7956667723976617
9880,h2_demand,2030,172,16,16,0.7956667723976617
9881,h2_demand,2030,172,17,17,0.7956667723976617
9882,h2_demand,2030,172,18,18,0.7956667723976617
9883,h2_demand,2030,172,19,19,0.7956667723976617
9884,h2_demand,2030,172,20,20,0.7956667723976617
9885,h2_demand,2030,172,21,21,0.3361692113380121
9886,h2_demand,2030,172,22,22,0.3361692113380121
9887,h2_demand,2030,172,23,23,0.3361692113380121
9888,h2_demand,2030,172,24,24,0.3361692113380121
9889,h2_demand,2030,173,1,1,0.26789741836844005
9890,h2_demand,2030,173,2,2,0.26789741836844005
9891,h2_demand,2030,173,3,3,0.26789741836844005
9892,h2_demand,2030,173,4,4,0.26789741836844005
9893,h2_demand,2030,173,5,5,0.26789741836844005
9894,h2_demand,2030,173,6,6,0.26789741836844005
9895,h2_demand,2030,173,7,7,0.6340767298661302
9896,h2_demand,2030,173,8,8,0.6340767298661302
9897,h2_demand,2030,173,9,9,0.6340767298661302
9898,h2_demand,2030,173,10,10,0.6340767298661302
9899,h2_demand,2030,173,11,11,0.6340767298661302
9900,h2_demand,2030,173,12,12,0.6340767298661302
9901,h2_demand,2030,173,13,13,0.6340767298661302
9902,h2_demand,2030,173,14,14,0.6255712636868562
9903,h2_demand,2030,173,15,15,0.26789741836844005
9904,h2_demand,2030,173,16,16,0.26789741836844005
9905,h2_demand,2030,173,17,17,0.26789741836844005
9906,h2_demand,2030,173,18,18,0.26789741836844005
9907,h2_demand,2030,173,19,19,0.26789741836844005
9908,h2_demand,2030,173,20,20,0.26789741836844005
9909,h2_demand,2030,173,21,21,0.26789741836844005
9910,h2_demand,2030,173,22,22,0.26789741836844005
9911,h2_demand,2030,173,23,23,0.26789741836844005
9912,h2_demand,2030,173,24,24,0.26789741836844005
9913,h2_demand,2030,174,1,1,0.44141099453448773
9914,h2_demand,2030,174,2,2,0.44141099453448773
9915,h2_demand,2030,174,3,3,0.44141099453448773
9916,h2_demand,2030,174,4,4,0.44141099453448773
9917,h2_demand,2030,174,5,5,0.44141099453448773
9918,h2_demand,2030,174,6,6,0.44141099453448773
9919,h2_demand,2030,174,7,7,0.44141099453448773
9920,h2_demand,2030,174,8,8,0.44141099453448773
9921,h2_demand,2030,174,9,9,0.44141099453448773
9922,h2_demand,2030,174,10,10,0.44141099453448773
9923,h2_demand,2030,174,11,11,1.0398768148764
9924,h2_demand,2030,174,12,12,1.0398768148764
9925,h2_demand,2030,174,13,13,1.0398768148764
9926,h2_demand,2030,174,14,14,1.0398768148764
9927,h2_demand,2030,174,15,15,1.0398768148764
9928,h2_demand,2030,174,16,16,1.0398768148764
9929,h2_demand,2030,174,17,17,1.0398768148764
9930,h2_demand,2030,174,18,18,1.0398768148764
9931,h2_demand,2030,174,19,19,1.0398768148764
9932,h2_demand,2030,174,20,20,1.0398768148764
9933,h2_demand,2030,174,21,21,1.0398768148764
9934,h2_demand,2030,174,22,22,1.0398768148764
9935,h2_demand,2030,174,23,23,1.0398768148764
9936,h2_demand,2030,174,24,24,1.0398768148764
9937,h2_demand,2030,175,1,1,0.24690913817396012
9938,h2_demand,2030,175,2,2,0.24690913817396012
9939,h2_demand,2030,175,3,3,0.24690913817396012
9940,h2_demand,2030,175,4,4,0.24690913817396012
9941,h2_demand,2030,175,5,5,0.24690913817396012
9942,h2_demand,2030,175,6,6,0.24690913817396012
9943,h2_demand,2030,175,7,7,0.24690913817396012
9944,h2_demand,2030,175,8,8,0.24690913817396012
9945,h2_demand,2030,175,9,9,0.24690913817396012
9946,h2_demand,2030,175,10,10,0.24690913817396012
9947,h2_demand,2030,175,11,11,0.5658122685721035
9948,h2_demand,2030,175,12,12,0.24690913817396012
9949,h2_demand,2030,175,13,13,0.24690913817396012
9950,h2_demand,2030,175,14,14,0.24690913817396012
9951,h2_demand,2030,175,15,15,0.24690913817396012
9952,h2_demand,2030,175,16,16,0.24690913817396012
9953,h2_demand,2030,175,17,17,0.24690913817396012
9954,h2_demand,2030,175,18,18,0.24690913817396012
9955,h2_demand,2030,175,19,19,0.24690913817396012
9956,h2_demand,2030,175,20,20,0.24690913817396012
9957,h2_demand,2030,175,21,21,0.24690913817396012
9958,h2_demand,2030,175,22,22,0.24690913817396012
9959,h2_demand,2030,175,23,23,0.24690913817396012
9960,h2_demand,2030,175,24,24,0.24690913817396012
9961,h2_demand,2030,176,1,1,0.30287040688863553
9962,h2_demand,2030,176,2,2,0.30287040688863553
9963,h2_demand,2030,176,3,3,0.30287040688863553
9964,h2_demand,2030,176,4,4,0.30287040688863553
9965,h2_demand,2030,176,5,5,0.30287040688863553
9966,h2_demand,2030,176,6,6,0.30287040688863553
9967,h2_demand,2030,176,7,7,0.30287040688863553
9968,h2_demand,2030,176,8,8,0.30287040688863553
9969,h2_demand,2030,176,9,9,0.30287040688863553
9970,h2_demand,2030,176,10,10,0.30287040688863553
9971,h2_demand,2030,176,11,11,0.30287040688863553
9972,h2_demand,2030,176,12,12,0.30287040688863553
9973,h2_demand,2030,176,13,13,0.30287040688863553
9974,h2_demand,2030,176,14,14,0.30287040688863553
9975,h2_demand,2030,176,15,15,0.30287040688863553
9976,h2_demand,2030,176,16,16,0.7168530340559419
9977,h2_demand,2030,176,17,17,0.7168530340559419
9978,h2_demand,2030,176,18,18,0.7168530340559419
9979,h2_demand,2030,176,19,19,0.7168530340559419
9980,h2_demand,2030,176,20,20,0.7168530340559419
9981,h2_demand,2030,176,21,21,0.7168530340559419
9982,h2_demand,2030,176,22,22,0.7168530340559419
9983,h2_demand,2030,176,23,23,0.30287040688863553
9984,h2_demand,2030,176,24,24,0.7168530340559419
9985,h2_demand,2030,177,1,1,0.2931087138230104
9986,h2_demand,2030,177,2,2,0.2931087138230104
9987,h2_demand,2030,177,3,3,0.2931087138230104
9988,h2_demand,2030,177,4,4,0.2931087138230104
9989,h2_demand,2030,177,5,5,0.2931087138230104
9990,h2_demand,2030,177,6,6,0.2931087138230104
9991,h2_demand,2030,177,7,7,0.2931087138230104
9992,h2_demand,2030,177,8,8,0.2931087138230104
9993,h2_demand,2030,177,9,9,0.690153302176285
9994,h2_demand,2030,177,10,10,0.690153302176285
9995,h2_demand,2030,177,11,11,0.690153302176285
9996,h2_demand,2030,177,12,12,0.690153302176285
9997,h2_demand,2030,177,13,13,0.690153302176285
9998,h2_demand,2030,177,14,14,0.2931087138230104
9999,h2_demand,2030,177,15,15,0.2931087138230104
10000,h2_demand,2030,177,16,16,0.2931087138230104
10001,h2_demand,2030,177,17,17,0.2931087138230104
10002,h2_demand,2030,177,18,18,0.2931087138230104
10003,h2_demand,2030,177,19,19,0.2931087138230104
10004,h2_demand,2030,177,20,20,0.2931087138230104
10005,h2_demand,2030,177,21,21,0.2931087138230104
10006,h2_demand,2030,177,22,22,0.2931087138230104
10007,h2_demand,2030,177,23,23,0.2931087138230104
10008,h2_demand,2030,177,24,24,0.2931087138230104
10009,h2_demand,2030,178,1,1,0.14907618358147534
10010,h2_demand,2030,178,2,2,0.14907618358147534
10011,h2_demand,2030,178,3,3,0.14907618358147534
10012,h2_demand,2030,178,4,4,0.14907618358147534
10013,h2_demand,2030,178,5,5,0.14907618358147534
10014,h2_demand,2030,178,6,6,0.14907618358147534
10015,h2_demand,2030,178,7,7,0.14907618358147534
10016,h2_demand,2030,178,8,8,0.14907618358147534
10017,h2_demand,2030,178,9,9,0.14907618358147534
10018,h2_demand,2030,178,10,10,0.14907618358147534
10019,h2_demand,2030,178,11,11,0.14907618358147534
10020,h2_demand,2030,178,12,12,0.14907618358147534
10021,h2_demand,2030,178,13,13,0.14907618358147534
10022,h2_demand,2030,178,14,14,0.14907618358147534
10023,h2_demand,2030,178,15,15,0.14907618358147534
10024,h2_demand,2030,178,16,16,0.14907618358147534
10025,h2_demand,2030,178,17,17,0.14907618358147534
10026,h2_demand,2030,178,18,18,0.14907618358147534
10027,h2_demand,2030,178,19,19,0.14907618358147534
10028,h2_demand,2030,178,20,20,0.14907618358147534
10029,h2_demand,2030,178,21,21,0.14907618358147534
10030,h2_demand,2030,178,22,22,0.14907618358147534
10031,h2_demand,2030,178,23,23,0.14907618358147534
10032,h2_demand,2030,178,24,24,0.14907618358147534
10033,h2_demand,2030,179,1,1,0.28989526906767815
10034,h2_demand,2030,179,2,2,0.28989526906767815
10035,h2_demand,2030,179,3,3,0.28989526906767815
10036,h2_demand,2030,179,4,4,0.28989526906767815
10037,h2_demand,2030,179,5,5,0.28989526906767815
10038,h2_demand,2030,179,6,6,0.28989526906767815
10039,h2_demand,2030,179,7,7,0.28989526906767815
10040,h2_demand,2030,179,8,8,0.28989526906767815
10041,h2_demand,2030,179,9,9,0.28989526906767815
10042,h2_demand,2030,179,10,10,0.28989526906767815
10043,h2_demand,2030,179,11,11,0.6861426486808949
10044,h2_demand,2030,179,12,12,0.6861426486808949
10045,h2_demand,2030,179,13,13,0.6861426486808949
10046,h2_demand,2030,179,14,14,0.6861426486808949
10047,h2_demand,2030,179,15,15,0.6861426486808949
10048,h2_demand,2030,179,16,16,0.6861426486808949
10049,h2_demand,2030,179,17,17,0.6861426486808949
10050,h2_demand,2030,179,18,18,0.6861426486808949
10051,h2_demand,2030,179,19,19,0.6861426486808949
10052,h2_demand,2030,179,20,20,0.6861426486808949
10053,h2_demand,2030,179,21,21,0.6861426486808949
10054,h2_demand,2030,179,22,22,0.6861426486808949
10055,h2_demand,2030,179,23,23,0.6861426486808949
10056,h2_demand,2030,179,24,24,0.28989526906767815
10057,h2_demand,2030,180,1,1,0.27444554997662685
10058,h2_demand,2030,180,2,2,0.27444554997662685
10059,h2_demand,2030,180,3,3,0.27444554997662685
10060,h2_demand,2030,180,4,4,0.27444554997662685
10061,h2_demand,2030,180,5,5,0.27444554997662685
10062,h2_demand,2030,180,6,6,0.27444554997662685
10063,h2_demand,2030,180,7,7,0.27444554997662685
10064,h2_demand,2030,180,8,8,0.27444554997662685
10065,h2_demand,2030,180,9,9,0.27444554997662685
10066,h2_demand,2030,180,10,10,0.6437482491754905
10067,h2_demand,2030,180,11,11,0.6437482491754905
10068,h2_demand,2030,180,12,12,0.6437482491754905
10069,h2_demand,2030,180,13,13,0.6437482491754905
10070,h2_demand,2030,180,14,14,0.6437482491754905
10071,h2_demand,2030,180,15,15,0.27444554997662685
10072,h2_demand,2030,180,16,16,0.27444554997662685
10073,h2_demand,2030,180,17,17,0.27444554997662685
10074,h2_demand,2030,180,18,18,0.27444554997662685
10075,h2_demand,2030,180,19,19,0.27444554997662685
10076,h2_demand,2030,180,20,20,0.27444554997662685
10077,h2_demand,2030,180,21,21,0.27444554997662685
10078,h2_demand,2030,180,22,22,0.27444554997662685
10079,h2_demand,2030,180,23,23,0.27444554997662685
10080,h2_demand,2030,180,24,24,0.27444554997662685
10081,h2_demand,2030,181,1,1,0.4074516846655765
10082,h2_demand,2030,181,2,2,0.4074516846655765
10083,h2_demand,2030,181,3,3,0.4074516846655765
10084,h2_demand,2030,181,4,4,0.4074516846655765
10085,h2_demand,2030,181,5,5,0.4074516846655765
10086,h2_demand,2030,181,6,6,0.4074516846655765
10087,h2_demand,2030,181,7,7,0.4074516846655765
10088,h2_demand,2030,181,8,8,0.4074516846655765
10089,h2_demand,2030,181,9,9,0.4074516846655765
10090,h2_demand,2030,181,10,10,0.4074516846655765
10091,h2_demand,2030,181,11,11,0.4074516846655765
10092,h2_demand,2030,181,12,12,0.4074516846655765
10093,h2_demand,2030,181,13,13,0.4074516846655765
10094,h2_demand,2030,181,14,14,0.4074516846655765
10095,h2_demand,2030,181,15,15,0.4074516846655765
10096,h2_demand,2030,181,16,16,0.4074516846655765
10097,h2_demand,2030,181,17,17,0.4074516846655765
10098,h2_demand,2030,181,18,18,0.4074516846655765
10099,h2_demand,2030,181,19,19,0.9643826855989975
10100,h2_demand,2030,181,20,20,0.9643826855989975
10101,h2_demand,2030,181,21,21,0.4074516846655765
10102,h2_demand,2030,181,22,22,0.4074516846655765
10103,h2_demand,2030,181,23,23,0.4074516846655765
10104,h2_demand,2030,181,24,24,0.4074516846655765
10105,h2_demand,2030,182,1,1,0.26492737967913343
10106,h2_demand,2030,182,2,2,0.26492737967913343
10107,h2_demand,2030,182,3,3,0.26492737967913343
10108,h2_demand,2030,182,4,4,0.26492737967913343
10109,h2_demand,2030,182,5,5,0.26492737967913343
10110,h2_demand,2030,182,6,6,0.26492737967913343
10111,h2_demand,2030,182,7,7,0.26492737967913343
10112,h2_demand,2030,182,8,8,0.26492737967913343
10113,h2_demand,2030,182,9,9,0.26492737967913343
10114,h2_demand,2030,182,10,10,0.26492737967913343
10115,h2_demand,2030,182,11,11,0.26492737967913343
10116,h2_demand,2030,182,12,12,0.26492737967913343
10117,h2_demand,2030,182,13,13,0.26492737967913343
10118,h2_demand,2030,182,14,14,0.26492737967913343
10119,h2_demand,2030,182,15,15,0.26492737967913343
10120,h2_demand,2030,182,16,16,0.26492737967913343
10121,h2_demand,2030,182,17,17,0.26492737967913343
10122,h2_demand,2030,182,18,18,0.26492737967913343
10123,h2_demand,2030,182,19,19,0.26492737967913343
10124,h2_demand,2030,182,20,20,0.26492737967913343
10125,h2_demand,2030,182,21,21,0.26492737967913343
10126,h2_demand,2030,182,22,22,0.26492737967913343
10127,h2_demand,2030,182,23,23,0.26492737967913343
10128,h2_demand,2030,182,24,24,0.26492737967913343
10129,h2_demand,2030,183,1,1,0.32107354488317535
10130,h2_demand,2030,183,2,2,0.32107354488317535
10131,h2_demand,2030,183,3,3,0.32107354488317535
10132,h2_demand,2030,183,4,4,0.32107354488317535
10133,h2_demand,2030,183,5,5,0.32107354488317535
10134,h2_demand,2030,183,6,6,0.32107354488317535
10135,h2_demand,2030,183,7,7,0.32107354488317535
10136,h2_demand,2030,183,8,8,0.32107354488317535
10137,h2_demand,2030,183,9,9,0.7599373843388765
10138,h2_demand,2030,183,10,10,0.7599373843388765
10139,h2_demand,2030,183,11,11,0.7599373843388765
10140,h2_demand,2030,183,12,12,0.7599373843388765
10141,h2_demand,2030,183,13,13,0.7599373843388765
10142,h2_demand,2030,183,14,14,0.7599373843388765
10143,h2_demand,2030,183,15,15,0.7599373843388765
10144,h2_demand,2030,183,16,16,0.7599373843388765
10145,h2_demand,2030,183,17,17,0.7599373843388765
10146,h2_demand,2030,183,18,18,0.7599373843388765
10147,h2_demand,2030,183,19,19,0.32107354488317535
10148,h2_demand,2030,183,20,20,0.32107354488317535
10149,h2_demand,2030,183,21,21,0.32107354488317535
10150,h2_demand,2030,183,22,22,0.32107354488317535
10151,h2_demand,2030,183,23,23,0.32107354488317535
10152,h2_demand,2030,183,24,24,0.32107354488317535
10153,h2_demand,2030,184,1,1,0.23311547421095896
10154,h2_demand,2030,184,2,2,0.23311547421095896
10155,h2_demand,2030,184,3,3,0.23311547421095896
10156,h2_demand,2030,184,4,4,0.23311547421095896
10157,h2_demand,2030,184,5,5,0.23311547421095896
10158,h2_demand,2030,184,6,6,0.23311547421095896
10159,h2_demand,2030,184,7,7,0.23311547421095896
10160,h2_demand,2030,184,8,8,0.23311547421095896
10161,h2_demand,2030,184,9,9,0.23311547421095896
10162,h2_demand,2030,184,10,10,0.23311547421095896
10163,h2_demand,2030,184,11,11,0.23311547421095896
10164,h2_demand,2030,184,12,12,0.23311547421095896
10165,h2_demand,2030,184,13,13,0.23311547421095896
10166,h2_demand,2030,184,14,14,0.23311547421095896
10167,h2_demand,2030,184,15,15,0.23311547421095896
10168,h2_demand,2030,184,16,16,0.23311547421095896
10169,h2_demand,2030,184,17,17,0.23311547421095896
10170,h2_demand,2030,184,18,18,0.23311547421095896
10171,h2_demand,2030,184,19,19,0.23311547421095896
10172,h2_demand,2030,184,20,20,0.23311547421095896
10173,h2_demand,2030,184,21,21,0.23311547421095896
10174,h2_demand,2030,184,22,22,0.23311547421095896
10175,h2_demand,2030,184,23,23,0.23311547421095896
10176,h2_demand,2030,184,24,24,0.23311547421095896
10177,h2_demand,2030,185,1,1,0.1969500933627901
10178,h2_demand,2030,185,2,2,0.1969500933627901
10179,h2_demand,2030,185,3,3,0.1969500933627901
10180,h2_demand,2030,185,4,4,0.1969500933627901
10181,h2_demand,2030,185,5,5,0.1969500933627901
10182,h2_demand,2030,185,6,6,0.1969500933627901
10183,h2_demand,2030,185,7,7,0.1969500933627901
10184,h2_demand,2030,185,8,8,0.1969500933627901
10185,h2_demand,2030,185,9,9,0.1969500933627901
10186,h2_demand,2030,185,10,10,0.1969500933627901
10187,h2_demand,2030,185,11,11,0.1969500933627901
10188,h2_demand,2030,185,12,12,0.1969500933627901
10189,h2_demand,2030,185,13,13,0.1969500933627901
10190,h2_demand,2030,185,14,14,0.1969500933627901
10191,h2_demand,2030,185,15,15,0.1969500933627901
10192,h2_demand,2030,185,16,16,0.1969500933627901
10193,h2_demand,2030,185,17,17,0.1969500933627901
10194,h2_demand,2030,185,18,18,0.1969500933627901
10195,h2_demand,2030,185,19,19,0.1969500933627901
10196,h2_demand,2030,185,20,20,0.1969500933627901
10197,h2_demand,2030,185,21,21,0.1969500933627901
10198,h2_demand,2030,185,22,22,0.1969500933627901
10199,h2_demand,2030,185,23,23,0.1969500933627901
10200,h2_demand,2030,185,24,24,0.1969500933627901
10201,h2_demand,2030,186,1,1,0.1879884274952957
10202,h2_demand,2030,186,2,2,0.1879884274952957
10203,h2_demand,2030,186,3,3,0.1879884274952957
10204,h2_demand,2030,186,4,4,0.1879884274952957
10205,h2_demand,2030,186,5,5,0.1879884274952957
10206,h2_demand,2030,186,6,6,0.1879884274952957
10207,h2_demand,2030,186,7,7,0.1879884274952957
10208,h2_demand,2030,186,8,8,0.4422239674752197
10209,h2_demand,2030,186,9,9,0.4422239674752197
10210,h2_demand,2030,186,10,10,0.4422239674752197
10211,h2_demand,2030,186,11,11,0.4422239674752197
10212,h2_demand,2030,186,12,12,0.4422239674752197
10213,h2_demand,2030,186,13,13,0.4422239674752197
10214,h2_demand,2030,186,14,14,0.1879884274952957
10215,h2_demand,2030,186,15,15,0.1879884274952957
10216,h2_demand,2030,186,16,16,0.1879884274952957
10217,h2_demand,2030,186,17,17,0.1879884274952957
10218,h2_demand,2030,186,18,18,0.1879884274952957
10219,h2_demand,2030,186,19,19,0.1879884274952957
10220,h2_demand,2030,186,20,20,0.1879884274952957
10221,h2_demand,2030,186,21,21,0.1879884274952957
10222,h2_demand,2030,186,22,22,0.1879884274952957
10223,h2_demand,2030,186,23,23,0.1879884274952957
10224,h2_demand,2030,186,24,24,0.1879884274952957
10225,h2_demand,2030,187,1,1,0.6257778046016514
10226,h2_demand,2030,187,2,2,0.6257778046016514
10227,h2_demand,2030,187,3,3,0.6257778046016514
10228,h2_demand,2030,187,4,4,0.6257778046016514
10229,h2_demand,2030,187,5,5,0.6257778046016514
10230,h2_demand,2030,187,6,6,0.6257778046016514
10231,h2_demand,2030,187,7,7,0.6257778046016514
10232,h2_demand,2030,187,8,8,0.6257778046016514
10233,h2_demand,2030,187,9,9,0.6257778046016514
10234,h2_demand,2030,187,10,10,0.6257778046016514
10235,h2_demand,2030,187,11,11,0.6257778046016514
10236,h2_demand,2030,187,12,12,0.6257778046016514
10237,h2_demand,2030,187,13,13,0.6257778046016514
10238,h2_demand,2030,187,14,14,0.6257778046016514
10239,h2_demand,2030,187,15,15,0.6257778046016514
10240,h2_demand,2030,187,16,16,0.6257778046016514
10241,h2_demand,2030,187,17,17,0.6257778046016514
10242,h2_demand,2030,187,18,18,0.6257778046016514
10243,h2_demand,2030,187,19,19,0.6257778046016514
10244,h2_demand,2030,187,20,20,0.6257778046016514
10245,h2_demand,2030,187,21,21,0.6257778046016514
10246,h2_demand,2030,187,22,22,0.6257778046016514
10247,h2_demand,2030,187,23,23,0.6257778046016514
10248,h2_demand,2030,187,24,24,0.6257778046016514
10249,h2_demand,2030,188,1,1,0.3517324934342959
10250,h2_demand,2030,188,2,2,0.3517324934342959
10251,h2_demand,2030,188,3,3,0.3517324934342959
10252,h2_demand,2030,188,4,4,0.3517324934342959
10253,h2_demand,2030,188,5,5,0.3517324934342959
10254,h2_demand,2030,188,6,6,0.3517324934342959
10255,h2_demand,2030,188,7,7,0.3517324934342959
10256,h2_demand,2030,188,8,8,0.3517324934342959
10257,h2_demand,2030,188,9,9,0.3517324934342959
10258,h2_demand,2030,188,10,10,0.3517324934342959
10259,h2_demand,2030,188,11,11,0.3517324934342959
10260,h2_demand,2030,188,12,12,0.3517324934342959
10261,h2_demand,2030,188,13,13,0.3517324934342959
10262,h2_demand,2030,188,14,14,0.3517324934342959
10263,h2_demand,2030,188,15,15,0.3517324934342959
10264,h2_demand,2030,188,16,16,0.3517324934342959
10265,h2_demand,2030,188,17,17,0.3517324934342959
10266,h2_demand,2030,188,18,18,0.3517324934342959
10267,h2_demand,2030,188,19,19,0.3517324934342959
10268,h2_demand,2030,188,20,20,0.3517324934342959
10269,h2_demand,2030,188,21,21,0.3517324934342959
10270,h2_demand,2030,188,22,22,0.3517324934342959
10271,h2_demand,2030,188,23,23,0.3517324934342959
10272,h2_demand,2030,188,24,24,0.3517324934342959
10273,h2_demand,2030,189,1,1,0.20860790291036527
10274,h2_demand,2030,189,2,2,0.20860790291036527
10275,h2_demand,2030,189,3,3,0.20860790291036527
10276,h2_demand,2030,189,4,4,0.20860790291036527
10277,h2_demand,2030,189,5,5,0.20860790291036527
10278,h2_demand,2030,189,6,6,0.20860790291036527
10279,h2_demand,2030,189,7,7,0.20860790291036527
10280,h2_demand,2030,189,8,8,0.20860790291036527
10281,h2_demand,2030,189,9,9,0.20860790291036527
10282,h2_demand,2030,189,10,10,0.20860790291036527
10283,h2_demand,2030,189,11,11,0.20860790291036527
10284,h2_demand,2030,189,12,12,0.4937465157641781
10285,h2_demand,2030,189,13,13,0.4937465157641781
10286,h2_demand,2030,189,14,14,0.4937465157641781
10287,h2_demand,2030,189,15,15,0.4937465157641781
10288,h2_demand,2030,189,16,16,0.4937465157641781
10289,h2_demand,2030,189,17,17,0.4937465157641781
10290,h2_demand,2030,189,18,18,0.4937465157641781
10291,h2_demand,2030,189,19,19,0.4937465157641781
10292,h2_demand,2030,189,20,20,0.4937465157641781
10293,h2_demand,2030,189,21,21,0.20860790291036527
10294,h2_demand,2030,189,22,22,0.20860790291036527
10295,h2_demand,2030,189,23,23,0.20860790291036527
10296,h2_demand,2030,189,24,24,0.20860790291036527
10297,h2_demand,2030,190,1,1,0.13275531798664966
10298,h2_demand,2030,190,2,2,0.13275531798664966
10299,h2_demand,2030,190,3,3,0.13275531798664966
10300,h2_demand,2030,190,4,4,0.13275531798664966
10301,h2_demand,2030,190,5,5,0.13275531798664966
10302,h2_demand,2030,190,6,6,0.13275531798664966
10303,h2_demand,2030,190,7,7,0.13275531798664966
10304,h2_demand,2030,190,8,8,0.13275531798664966
10305,h2_demand,2030,190,9,9,0.13275531798664966
10306,h2_demand,2030,190,10,10,0.13275531798664966
10307,h2_demand,2030,190,11,11,0.13275531798664966
10308,h2_demand,2030,190,12,12,0.13275531798664966
10309,h2_demand,2030,190,13,13,0.13275531798664966
10310,h2_demand,2030,190,14,14,0.13275531798664966
10311,h2_demand,2030,190,15,15,0.13275531798664966
10312,h2_demand,2030,190,16,16,0.13275531798664966
10313,h2_demand,2030,190,17,17,0.13275531798664966
10314,h2_demand,2030,190,18,18,0.13275531798664966
10315,h2_demand,2030,190,19,19,0.13275531798664966
10316,h2_demand,2030,190,20,20,0.13275531798664966
10317,h2_demand,2030,190,21,21,0.13275531798664966
10318,h2_demand,2030,190,22,22,0.13275531798664966
10319,h2_demand,2030,190,23,23,0.13275531798664966
10320,h2_demand,2030,190,24,24,0.13275531798664966
10321,h2_demand,2030,191,1,1,0.2192844065388041
10322,h2_demand,2030,191,2,2,0.2192844065388041
10323,h2_demand,2030,191,3,3,0.2192844065388041
10324,h2_demand,2030,191,4,4,0.2192844065388041
10325,h2_demand,2030,191,5,5,0.2192844065388041
10326,h2_demand,2030,191,6,6,0.2192844065388041
10327,h2_demand,2030,191,7,7,0.2192844065388041
10328,h2_demand,2030,191,8,8,0.5190163468374062
10329,h2_demand,2030,191,9,9,0.5190163468374062
10330,h2_demand,2030,191,10,10,0.5190163468374062
10331,h2_demand,2030,191,11,11,0.5190163468374062
10332,h2_demand,2030,191,12,12,0.5190163468374062
10333,h2_demand,2030,191,13,13,0.5190163468374062
10334,h2_demand,2030,191,14,14,0.5190163468374062
10335,h2_demand,2030,191,15,15,0.5190163468374062
10336,h2_demand,2030,191,16,16,0.5190163468374062
10337,h2_demand,2030,191,17,17,0.5190163468374062
10338,h2_demand,2030,191,18,18,0.5190163468374062
10339,h2_demand,2030,191,19,19,0.5190163468374062
10340,h2_demand,2030,191,20,20,0.2192844065388041
10341,h2_demand,2030,191,21,21,0.2192844065388041
10342,h2_demand,2030,191,22,22,0.2192844065388041
10343,h2_demand,2030,191,23,23,0.2192844065388041
10344,h2_demand,2030,191,24,24,0.2192844065388041
10345,h2_demand,2030,192,1,1,1.6613646090477168
10346,h2_demand,2030,192,2,2,1.6613646090477168
10347,h2_demand,2030,192,3,3,1.6613646090477168
10348,h2_demand,2030,192,4,4,1.6613646090477168
10349,h2_demand,2030,192,5,5,1.6613646090477168
10350,h2_demand,2030,192,6,6,1.6613646090477168
10351,h2_demand,2030,192,7,7,1.6613646090477168
10352,h2_demand,2030,192,8,8,1.6613646090477168
10353,h2_demand,2030,192,9,9,3.9322239267401575
10354,h2_demand,2030,192,10,10,3.9322239267401575
10355,h2_demand,2030,192,11,11,3.9322239267401575
10356,h2_demand,2030,192,12,12,3.9322239267401575
10357,h2_demand,2030,192,13,13,3.9322239267401575
10358,h2_demand,2030,192,14,14,3.9322239267401575
10359,h2_demand,2030,192,15,15,3.9322239267401575
10360,h2_demand,2030,192,16,16,1.6613646090477168
10361,h2_demand,2030,192,17,17,1.6613646090477168
10362,h2_demand,2030,192,18,18,1.6613646090477168
10363,h2_demand,2030,192,19,19,1.6613646090477168
10364,h2_demand,2030,192,20,20,1.6613646090477168
10365,h2_demand,2030,192,21,21,1.6613646090477168
10366,h2_demand,2030,192,22,22,1.6613646090477168
10367,h2_demand,2030,192,23,23,1.6613646090477168
10368,h2_demand,2030,192,24,24,1.6613646090477168
10369,h2_demand,2030,193,1,1,0.21759832041771823
10370,h2_demand,2030,193,2,2,0.21759832041771823
10371,h2_demand,2030,193,3,3,0.21759832041771823
10372,h2_demand,2030,193,4,4,0.21759832041771823
10373,h2_demand,2030,193,5,5,0.21759832041771823
10374,h2_demand,2030,193,6,6,0.21759832041771823
10375,h2_demand,2030,193,7,7,0.21759832041771823
10376,h2_demand,2030,193,8,8,0.21759832041771823
10377,h2_demand,2030,193,9,9,0.21759832041771823
10378,h2_demand,2030,193,10,10,0.21759832041771823
10379,h2_demand,2030,193,11,11,0.21759832041771832
10380,h2_demand,2030,193,12,12,0.21759832041771826
10381,h2_demand,2030,193,13,13,0.21759832041771832
10382,h2_demand,2030,193,14,14,0.21759832041771832
10383,h2_demand,2030,193,15,15,0.21759832041771832
10384,h2_demand,2030,193,16,16,0.21759832041771832
10385,h2_demand,2030,193,17,17,0.21759832041771823
10386,h2_demand,2030,193,18,18,0.21759832041771823
10387,h2_demand,2030,193,19,19,0.21759832041771823
10388,h2_demand,2030,193,20,20,0.21759832041771823
10389,h2_demand,2030,193,21,21,0.21759832041771823
10390,h2_demand,2030,193,22,22,0.21759832041771823
10391,h2_demand,2030,193,23,23,0.21759832041771823
10392,h2_demand,2030,193,24,24,0.21759832041771823
10393,h2_demand,2030,194,1,1,0.17262572432463605
10394,h2_demand,2030,194,2,2,0.17262572432463597
10395,h2_demand,2030,194,3,3,0.17262572432463594
10396,h2_demand,2030,194,4,4,0.17262572432463594
10397,h2_demand,2030,194,5,5,0.17262572432463594
10398,h2_demand,2030,194,6,6,0.17262572432463594
10399,h2_demand,2030,194,7,7,0.17262572432463594
10400,h2_demand,2030,194,8,8,0.17262572432463594
10401,h2_demand,2030,194,9,9,0.17262572432463594
10402,h2_demand,2030,194,10,10,0.17262572432463594
10403,h2_demand,2030,194,11,11,0.17262572432463594
10404,h2_demand,2030,194,12,12,0.17262572432463594
10405,h2_demand,2030,194,13,13,0.17262572432463594
10406,h2_demand,2030,194,14,14,0.17262572432463594
10407,h2_demand,2030,194,15,15,0.17262572432463594
10408,h2_demand,2030,194,16,16,0.17262572432463594
10409,h2_demand,2030,194,17,17,0.17262572432463594
10410,h2_demand,2030,194,18,18,0.17262572432463594
10411,h2_demand,2030,194,19,19,0.17262572432463594
10412,h2_demand,2030,194,20,20,0.17262572432463594
10413,h2_demand,2030,194,21,21,0.17262572432463605
10414,h2_demand,2030,194,22,22,0.17262572432463594
10415,h2_demand,2030,194,23,23,0.17262572432463594
10416,h2_demand,2030,194,24,24,0.17262572432463594
10417,h2_demand,2030,195,1,1,0.08834605232409037
10418,h2_demand,2030,195,2,2,0.08834605232409037
10419,h2_demand,2030,195,3,3,0.08834605232409037
10420,h2_demand,2030,195,4,4,0.08834605232409037
10421,h2_demand,2030,195,5,5,0.08834605232409037
10422,h2_demand,2030,195,6,6,0.08834605232409037
10423,h2_demand,2030,195,7,7,0.08834605232409037
10424,h2_demand,2030,195,8,8,0.08834605232409037
10425,h2_demand,2030,195,9,9,0.08834605232409037
10426,h2_demand,2030,195,10,10,0.2091030824238825
10427,h2_demand,2030,195,11,11,0.08834605232409037
10428,h2_demand,2030,195,12,12,0.08834605232409047
10429,h2_demand,2030,195,13,13,0.08834605232409037
10430,h2_demand,2030,195,14,14,0.08834605232409037
10431,h2_demand,2030,195,15,15,0.08834605232409037
10432,h2_demand,2030,195,16,16,0.08834605232409037
10433,h2_demand,2030,195,17,17,0.08834605232409037
10434,h2_demand,2030,195,18,18,0.08834605232409037
10435,h2_demand,2030,195,19,19,0.08834605232409037
10436,h2_demand,2030,195,20,20,0.08834605232409037
10437,h2_demand,2030,195,21,21,0.08834605232409037
10438,h2_demand,2030,195,22,22,0.08834605232409037
10439,h2_demand,2030,195,23,23,0.08834605232409037
10440,h2_demand,2030,195,24,24,0.2091030824238825
10441,h2_demand,2030,196,1,1,0.15889812738884856
10442,h2_demand,2030,196,2,2,0.1588981273888485
10443,h2_demand,2030,196,3,3,0.1588981273888485
10444,h2_demand,2030,196,4,4,0.1588981273888485
10445,h2_demand,2030,196,5,5,0.1588981273888485
10446,h2_demand,2030,196,6,6,0.1588981273888485
10447,h2_demand,2030,196,7,7,0.1588981273888485
10448,h2_demand,2030,196,8,8,0.1588981273888485
10449,h2_demand,2030,196,9,9,0.1588981273888485
10450,h2_demand,2030,196,10,10,0.1588981273888485
10451,h2_demand,2030,196,11,11,0.1588981273888485
10452,h2_demand,2030,196,12,12,0.1588981273888485
10453,h2_demand,2030,196,13,13,0.1588981273888485
10454,h2_demand,2030,196,14,14,0.1588981273888485
10455,h2_demand,2030,196,15,15,0.1588981273888485
10456,h2_demand,2030,196,16,16,0.15889812738884854
10457,h2_demand,2030,196,17,17,0.1588981273888485
10458,h2_demand,2030,196,18,18,0.1588981273888485
10459,h2_demand,2030,196,19,19,0.1588981273888485
10460,h2_demand,2030,196,20,20,0.1588981273888485
10461,h2_demand,2030,196,21,21,0.1588981273888485
10462,h2_demand,2030,196,22,22,0.1588981273888485
10463,h2_demand,2030,196,23,23,0.1588981273888485
10464,h2_demand,2030,196,24,24,0.1588981273888485
10465,h2_demand,2030,197,1,1,0.07484875466463316
10466,h2_demand,2030,197,2,2,0.07484875466463316
10467,h2_demand,2030,197,3,3,0.07484875466463316
10468,h2_demand,2030,197,4,4,0.07484875466463314
10469,h2_demand,2030,197,5,5,0.07484875466463314
10470,h2_demand,2030,197,6,6,0.0748487546646332
10471,h2_demand,2030,197,7,7,0.07484875466463314
10472,h2_demand,2030,197,8,8,0.07484875466463314
10473,h2_demand,2030,197,9,9,0.07484875466463314
10474,h2_demand,2030,197,10,10,0.07484875466463314
10475,h2_demand,2030,197,11,11,0.0748487546646332
10476,h2_demand,2030,197,12,12,0.07484875466463314
10477,h2_demand,2030,197,13,13,0.07484875466463314
10478,h2_demand,2030,197,14,14,0.07484875466463314
10479,h2_demand,2030,197,15,15,0.0748487546646332
10480,h2_demand,2030,197,16,16,0.07484875466463314
10481,h2_demand,2030,197,17,17,0.07484875466463314
10482,h2_demand,2030,197,18,18,0.07484875466463314
10483,h2_demand,2030,197,19,19,0.0748487546646332
10484,h2_demand,2030,197,20,20,0.07484875466463314
10485,h2_demand,2030,197,21,21,0.07484875466463314
10486,h2_demand,2030,197,22,22,0.07484875466463314
10487,h2_demand,2030,197,23,23,0.07484875466463314
10488,h2_demand,2030,197,24,24,0.07484875466463316
10489,h2_demand,2030,198,1,1,0.3805999392645233
10490,h2_demand,2030,198,2,2,0.16080347433926112
10491,h2_demand,2030,198,3,3,0.1608034743392611
10492,h2_demand,2030,198,4,4,0.1608034743392611
10493,h2_demand,2030,198,5,5,0.1608034743392611
10494,h2_demand,2030,198,6,6,0.3805999392645233
10495,h2_demand,2030,198,7,7,0.1608034743392611
10496,h2_demand,2030,198,8,8,0.1608034743392611
10497,h2_demand,2030,198,9,9,0.1608034743392611
10498,h2_demand,2030,198,10,10,0.1608034743392611
10499,h2_demand,2030,198,11,11,0.1608034743392611
10500,h2_demand,2030,198,12,12,0.1608034743392611
10501,h2_demand,2030,198,13,13,0.3805999392645233
10502,h2_demand,2030,198,14,14,0.1608034743392611
10503,h2_demand,2030,198,15,15,0.1608034743392611
10504,h2_demand,2030,198,16,16,0.3805999392645233
10505,h2_demand,2030,198,17,17,0.1608034743392611
10506,h2_demand,2030,198,18,18,0.1608034743392611
10507,h2_demand,2030,198,19,19,0.1608034743392612
10508,h2_demand,2030,198,20,20,0.1608034743392611
10509,h2_demand,2030,198,21,21,0.1608034743392611
10510,h2_demand,2030,198,22,22,0.1608034743392611
10511,h2_demand,2030,198,23,23,0.1608034743392611
10512,h2_demand,2030,198,24,24,0.1608034743392611
10513,h2_demand,2030,199,1,1,0.20126291804855545
10514,h2_demand,2030,199,2,2,0.20126291804855545
10515,h2_demand,2030,199,3,3,0.20126291804855545
10516,h2_demand,2030,199,4,4,0.20126291804855545
10517,h2_demand,2030,199,5,5,0.20126291804855545
10518,h2_demand,2030,199,6,6,0.20126291804855545
10519,h2_demand,2030,199,7,7,0.20126291804855545
10520,h2_demand,2030,199,8,8,0.20126291804855545
10521,h2_demand,2030,199,9,9,0.20126291804855545
10522,h2_demand,2030,199,10,10,0.20126291804855545
10523,h2_demand,2030,199,11,11,0.4763619362095986
10524,h2_demand,2030,199,12,12,0.20126291804855545
10525,h2_demand,2030,199,13,13,0.20126291804855545
10526,h2_demand,2030,199,14,14,0.20126291804855545
10527,h2_demand,2030,199,15,15,0.20126291804855545
10528,h2_demand,2030,199,16,16,0.20126291804855545
10529,h2_demand,2030,199,17,17,0.20126291804855545
10530,h2_demand,2030,199,18,18,0.20126291804855545
10531,h2_demand,2030,199,19,19,0.20126291804855545
10532,h2_demand,2030,199,20,20,0.20126291804855545
10533,h2_demand,2030,199,21,21,0.20126291804855545
10534,h2_demand,2030,199,22,22,0.4763619362095986
10535,h2_demand,2030,199,23,23,0.20126291804855545
10536,h2_demand,2030,199,24,24,0.20126291804855545
10537,h2_demand,2030,200,1,1,0.08155120488346441
10538,h2_demand,2030,200,2,2,0.08155120488346437
10539,h2_demand,2030,200,3,3,0.08155120488346437
10540,h2_demand,2030,200,4,4,0.08155120488346437
10541,h2_demand,2030,200,5,5,0.08155120488346437
10542,h2_demand,2030,200,6,6,0.08155120488346437
10543,h2_demand,2030,200,7,7,0.08155120488346437
10544,h2_demand,2030,200,8,8,0.08155120488346437
10545,h2_demand,2030,200,9,9,0.08155120488346437
10546,h2_demand,2030,200,10,10,0.08155120488346437
10547,h2_demand,2030,200,11,11,0.08155120488346441
10548,h2_demand,2030,200,12,12,0.08155120488346437
10549,h2_demand,2030,200,13,13,0.08155120488346437
10550,h2_demand,2030,200,14,14,0.08155120488346437
10551,h2_demand,2030,200,15,15,0.08155120488346441
10552,h2_demand,2030,200,16,16,0.08155120488346437
10553,h2_demand,2030,200,17,17,0.08155120488346437
10554,h2_demand,2030,200,18,18,0.08155120488346437
10555,h2_demand,2030,200,19,19,0.08155120488346437
10556,h2_demand,2030,200,20,20,0.08155120488346437
10557,h2_demand,2030,200,21,21,0.08155120488346437
10558,h2_demand,2030,200,22,22,0.08155120488346437
10559,h2_demand,2030,200,23,23,0.19302060327447157
10560,h2_demand,2030,200,24,24,0.08155120488346437
10561,h2_demand,2030,201,1,1,0.03158653254560154
10562,h2_demand,2030,201,2,2,0.03158653254560154
10563,h2_demand,2030,201,3,3,0.03158653254560157
10564,h2_demand,2030,201,4,4,0.03158653254560154
10565,h2_demand,2030,201,5,5,0.03158653254560154
10566,h2_demand,2030,201,6,6,0.03158653254560157
10567,h2_demand,2030,201,7,7,0.03158653254560154
10568,h2_demand,2030,201,8,8,0.03158653254560157
10569,h2_demand,2030,201,9,9,0.03158653254560157
10570,h2_demand,2030,201,10,10,0.03158653254560154
10571,h2_demand,2030,201,11,11,0.07476102377657168
10572,h2_demand,2030,201,12,12,0.07476102377657168
10573,h2_demand,2030,201,13,13,0.03158653254560157
10574,h2_demand,2030,201,14,14,0.07476102377657168
10575,h2_demand,2030,201,15,15,0.03158653254560154
10576,h2_demand,2030,201,16,16,0.03158653254560154
10577,h2_demand,2030,201,17,17,0.03158653254560154
10578,h2_demand,2030,201,18,18,0.03158653254560154
10579,h2_demand,2030,201,19,19,0.03158653254560154
10580,h2_demand,2030,201,20,20,0.03158653254560154
10581,h2_demand,2030,201,21,21,0.03158653254560154
10582,h2_demand,2030,201,22,22,0.03158653254560154
10583,h2_demand,2030,201,23,23,0.03158653254560154
10584,h2_demand,2030,201,24,24,0.07476102377657168
10585,h2_demand,2030,202,1,1,0.10764585207097374
10586,h2_demand,2030,202,2,2,0.10764585207097374
10587,h2_demand,2030,202,3,3,0.10764585207097374
10588,h2_demand,2030,202,4,4,0.10764585207097374
10589,h2_demand,2030,202,5,5,0.10764585207097374
10590,h2_demand,2030,202,6,6,0.25478308182478987
10591,h2_demand,2030,202,7,7,0.10764585207097374
10592,h2_demand,2030,202,8,8,0.1076458520709737
10593,h2_demand,2030,202,9,9,0.1076458520709737
10594,h2_demand,2030,202,10,10,0.1076458520709737
10595,h2_demand,2030,202,11,11,0.1076458520709737
10596,h2_demand,2030,202,12,12,0.1076458520709737
10597,h2_demand,2030,202,13,13,0.1076458520709737
10598,h2_demand,2030,202,14,14,0.10764585207097374
10599,h2_demand,2030,202,15,15,0.1076458520709737
10600,h2_demand,2030,202,16,16,0.10764585207097374
10601,h2_demand,2030,202,17,17,0.1076458520709737
10602,h2_demand,2030,202,18,18,0.1076458520709737
10603,h2_demand,2030,202,19,19,0.10764585207097374
10604,h2_demand,2030,202,20,20,0.1076458520709737
10605,h2_demand,2030,202,21,21,0.1076458520709737
10606,h2_demand,2030,202,22,22,0.1076458520709737
10607,h2_demand,2030,202,23,23,0.1076458520709737
10608,h2_demand,2030,202,24,24,0.1076458520709737
10609,h2_demand,2030,203,1,1,0.03718410432884959
10610,h2_demand,2030,203,2,2,0.03718410432884959
10611,h2_demand,2030,203,3,3,0.037184104328849624
10612,h2_demand,2030,203,4,4,0.03718410432884959
10613,h2_demand,2030,203,5,5,0.03718410432884959
10614,h2_demand,2030,203,6,6,0.03718410432884959
10615,h2_demand,2030,203,7,7,0.03718410432884959
10616,h2_demand,2030,203,8,8,0.03718410432884959
10617,h2_demand,2030,203,9,9,0.03718410432884959
10618,h2_demand,2030,203,10,10,0.037184104328849624
10619,h2_demand,2030,203,11,11,0.03718410432884959
10620,h2_demand,2030,203,12,12,0.037184104328849624
10621,h2_demand,2030,203,13,13,0.03718410432884959
10622,h2_demand,2030,203,14,14,0.03718410432884959
10623,h2_demand,2030,203,15,15,0.03718410432884959
10624,h2_demand,2030,203,16,16,0.03718410432884959
10625,h2_demand,2030,203,17,17,0.037184104328849624
10626,h2_demand,2030,203,18,18,0.03718410432884959
10627,h2_demand,2030,203,19,19,0.03718410432884959
10628,h2_demand,2030,203,20,20,0.08800971438780966
10629,h2_demand,2030,203,21,21,0.03718410432884959
10630,h2_demand,2030,203,22,22,0.03718410432884959
10631,h2_demand,2030,203,23,23,0.03718410432884959
10632,h2_demand,2030,203,24,24,0.03718410432884959
10633,h2_demand,2030,204,1,1,0.10654499720176015
10634,h2_demand,2030,204,2,2,0.10654499720176015
10635,h2_demand,2030,204,3,3,0.10654499720176015
10636,h2_demand,2030,204,4,4,0.10654499720176015
10637,h2_demand,2030,204,5,5,0.10654499720176015
10638,h2_demand,2030,204,6,6,0.10654499720176015
10639,h2_demand,2030,204,7,7,0.10654499720176015
10640,h2_demand,2030,204,8,8,0.10654499720176015
10641,h2_demand,2030,204,9,9,0.10654499720176015
10642,h2_demand,2030,204,10,10,0.10654499720176015
10643,h2_demand,2030,204,11,11,0.10654499720176015
10644,h2_demand,2030,204,12,12,0.10654499720176015
10645,h2_demand,2030,204,13,13,0.10654499720176015
10646,h2_demand,2030,204,14,14,0.10654499720176015
10647,h2_demand,2030,204,15,15,0.10654499720176015
10648,h2_demand,2030,204,16,16,0.10654499720176015
10649,h2_demand,2030,204,17,17,0.10654499720176015
10650,h2_demand,2030,204,18,18,0.10654499720176015
10651,h2_demand,2030,204,19,19,0.10654499720176015
10652,h2_demand,2030,204,20,20,0.10654499720176015
10653,h2_demand,2030,204,21,21,0.10654499720176015
10654,h2_demand,2030,204,22,22,0.10654499720176015
10655,h2_demand,2030,204,23,23,0.10654499720176015
10656,h2_demand,2030,204,24,24,0.10654499720176015
10657,h2_demand,2030,205,1,1,0.2337903998229718
10658,h2_demand,2030,205,2,2,0.0987764439252056
10659,h2_demand,2030,205,3,3,0.09877644392520565
10660,h2_demand,2030,205,4,4,0.0987764439252056
10661,h2_demand,2030,205,5,5,0.2337903998229718
10662,h2_demand,2030,205,6,6,0.09877644392520565
10663,h2_demand,2030,205,7,7,0.0987764439252056
10664,h2_demand,2030,205,8,8,0.0987764439252056
10665,h2_demand,2030,205,9,9,0.0987764439252056
10666,h2_demand,2030,205,10,10,0.0987764439252056
10667,h2_demand,2030,205,11,11,0.0987764439252056
10668,h2_demand,2030,205,12,12,0.09877644392520565
10669,h2_demand,2030,205,13,13,0.0987764439252056
10670,h2_demand,2030,205,14,14,0.0987764439252056
10671,h2_demand,2030,205,15,15,0.2337903998229718
10672,h2_demand,2030,205,16,16,0.0987764439252056
10673,h2_demand,2030,205,17,17,0.0987764439252056
10674,h2_demand,2030,205,18,18,0.0987764439252056
10675,h2_demand,2030,205,19,19,0.2337903998229718
10676,h2_demand,2030,205,20,20,0.0987764439252056
10677,h2_demand,2030,205,21,21,0.0987764439252056
10678,h2_demand,2030,205,22,22,0.0987764439252056
10679,h2_demand,2030,205,23,23,0.0987764439252056
10680,h2_demand,2030,205,24,24,0.0987764439252056
10681,h2_demand,2030,206,1,1,0.22780534590109952
10682,h2_demand,2030,206,2,2,0.22780534590109935
10683,h2_demand,2030,206,3,3,0.22780534590109935
10684,h2_demand,2030,206,4,4,0.22780534590109935
10685,h2_demand,2030,206,5,5,0.22780534590109935
10686,h2_demand,2030,206,6,6,0.22780534590109935
10687,h2_demand,2030,206,7,7,0.22780534590109935
10688,h2_demand,2030,206,8,8,0.22780534590109935
10689,h2_demand,2030,206,9,9,0.22780534590109935
10690,h2_demand,2030,206,10,10,0.22780534590109935
10691,h2_demand,2030,206,11,11,0.22780534590109935
10692,h2_demand,2030,206,12,12,0.22780534590109935
10693,h2_demand,2030,206,13,13,0.22780534590109935
10694,h2_demand,2030,206,14,14,0.22780534590109935
10695,h2_demand,2030,206,15,15,0.22780534590109935
10696,h2_demand,2030,206,16,16,0.22780534590109935
10697,h2_demand,2030,206,17,17,0.22780534590109935
10698,h2_demand,2030,206,18,18,0.22780534590109935
10699,h2_demand,2030,206,19,19,0.22780534590109935
10700,h2_demand,2030,206,20,20,0.22780534590109935
10701,h2_demand,2030,206,21,21,0.22780534590109935
10702,h2_demand,2030,206,22,22,0.22780534590109935
10703,h2_demand,2030,206,23,23,0.22780534590109935
10704,h2_demand,2030,206,24,24,0.22780534590109935
10705,h2_demand,2030,207,1,1,0.0796129218600168
10706,h2_demand,2030,207,2,2,0.0796129218600168
10707,h2_demand,2030,207,3,3,0.0796129218600168
10708,h2_demand,2030,207,4,4,0.033636459485857244
10709,h2_demand,2030,207,5,5,0.0796129218600168
10710,h2_demand,2030,207,6,6,0.0796129218600168
10711,h2_demand,2030,207,7,7,0.0796129218600168
10712,h2_demand,2030,207,8,8,0.0796129218600168
10713,h2_demand,2030,207,9,9,0.0796129218600168
10714,h2_demand,2030,207,10,10,0.0796129218600168
10715,h2_demand,2030,207,11,11,0.0796129218600168
10716,h2_demand,2030,207,12,12,0.0796129218600168
10717,h2_demand,2030,207,13,13,0.0796129218600168
10718,h2_demand,2030,207,14,14,0.0796129218600168
10719,h2_demand,2030,207,15,15,0.0796129218600168
10720,h2_demand,2030,207,16,16,0.0796129218600168
10721,h2_demand,2030,207,17,17,0.0796129218600168
10722,h2_demand,2030,207,18,18,0.0796129218600168
10723,h2_demand,2030,207,19,19,0.0796129218600168
10724,h2_demand,2030,207,20,20,0.0796129218600168
10725,h2_demand,2030,207,21,21,0.0796129218600168
10726,h2_demand,2030,207,22,22,0.0796129218600168
10727,h2_demand,2030,207,23,23,0.0796129218600168
10728,h2_demand,2030,207,24,24,0.0796129218600168
10729,h2_demand,2030,208,1,1,0.07578874082573807
10730,h2_demand,2030,208,2,2,0.07578874082573807
10731,h2_demand,2030,208,3,3,0.07578874082573807
10732,h2_demand,2030,208,4,4,0.07578874082573807
10733,h2_demand,2030,208,5,5,0.07578874082573807
10734,h2_demand,2030,208,6,6,0.0757887408257371
10735,h2_demand,2030,208,7,7,0.07578874082573718
10736,h2_demand,2030,208,8,8,0.0757887408257371
10737,h2_demand,2030,208,9,9,0.0757887408257371
10738,h2_demand,2030,208,10,10,0.0757887408257371
10739,h2_demand,2030,208,11,11,0.0757887408257371
10740,h2_demand,2030,208,12,12,0.0757887408257371
10741,h2_demand,2030,208,13,13,0.0757887408257371
10742,h2_demand,2030,208,14,14,0.0757887408257371
10743,h2_demand,2030,208,15,15,0.0757887408257371
10744,h2_demand,2030,208,16,16,0.07578874082573718
10745,h2_demand,2030,208,17,17,0.0757887408257371
10746,h2_demand,2030,208,18,18,0.0757887408257371
10747,h2_demand,2030,208,19,19,0.0757887408257371
10748,h2_demand,2030,208,20,20,0.0757887408257371
10749,h2_demand,2030,208,21,21,0.07578874082573718
10750,h2_demand,2030,208,22,22,0.0757887408257371
10751,h2_demand,2030,208,23,23,0.0757887408257371
10752,h2_demand,2030,208,24,24,0.0757887408257371
10753,h2_demand,2030,209,1,1,0.03964273837620534
10754,h2_demand,2030,209,2,2,0.03964273837620534
10755,h2_demand,2030,209,3,3,0.03964273837620534
10756,h2_demand,2030,209,4,4,0.039642738376205355
10757,h2_demand,2030,209,5,5,0.03964273837620534
10758,h2_demand,2030,209,6,6,0.03964273837620534
10759,h2_demand,2030,209,7,7,0.03964273837620534
10760,h2_demand,2030,209,8,8,0.039642738376205355
10761,h2_demand,2030,209,9,9,0.039642738376205355
10762,h2_demand,2030,209,10,10,0.03964273837620534
10763,h2_demand,2030,209,11,11,0.03964273837620534
10764,h2_demand,2030,209,12,12,0.03964273837620534
10765,h2_demand,2030,209,13,13,0.0938289665709002
10766,h2_demand,2030,209,14,14,0.0938289665709002
10767,h2_demand,2030,209,15,15,0.0938289665709002
10768,h2_demand,2030,209,16,16,0.03964273837620534
10769,h2_demand,2030,209,17,17,0.03964273837620534
10770,h2_demand,2030,209,18,18,0.03964273837620534
10771,h2_demand,2030,209,19,19,0.03964273837620534
10772,h2_demand,2030,209,20,20,0.03964273837620534
10773,h2_demand,2030,209,21,21,0.03964273837620534
10774,h2_demand,2030,209,22,22,0.03964273837620534
10775,h2_demand,2030,209,23,23,0.03964273837620534
10776,h2_demand,2030,209,24,24,0.03964273837620534
10777,h2_demand,2030,210,1,1,0.04828015511083997
10778,h2_demand,2030,210,2,2,0.04828015511084
10779,h2_demand,2030,210,3,3,0.04828015511083997
10780,h2_demand,2030,210,4,4,0.04828015511084
10781,h2_demand,2030,210,5,5,0.04828015511083997
10782,h2_demand,2030,210,6,6,0.04828015511083997
10783,h2_demand,2030,210,7,7,0.04828015511083997
10784,h2_demand,2030,210,8,8,0.04828015511083997
10785,h2_demand,2030,210,9,9,0.04828015511083997
10786,h2_demand,2030,210,10,10,0.04828015511083997
10787,h2_demand,2030,210,11,11,0.04828015511083997
10788,h2_demand,2030,210,12,12,0.04828015511083997
10789,h2_demand,2030,210,13,13,0.04828015511084
10790,h2_demand,2030,210,14,14,0.04828015511083997
10791,h2_demand,2030,210,15,15,0.04828015511083997
10792,h2_demand,2030,210,16,16,0.04828015511083997
10793,h2_demand,2030,210,17,17,0.04828015511084
10794,h2_demand,2030,210,18,18,0.04828015511083997
10795,h2_demand,2030,210,19,19,0.04828015511083997
10796,h2_demand,2030,210,20,20,0.04828015511083997
10797,h2_demand,2030,210,21,21,0.04828015511083997
10798,h2_demand,2030,210,22,22,0.04828015511083997
10799,h2_demand,2030,210,23,23,0.04828015511083997
10800,h2_demand,2030,210,24,24,0.04828015511083997
10801,h2_demand,2030,211,1,1,0.03844996631042546
10802,h2_demand,2030,211,2,2,0.03844996631042546
10803,h2_demand,2030,211,3,3,0.03844996631042546
10804,h2_demand,2030,211,4,4,0.03844996631042545
10805,h2_demand,2030,211,5,5,0.09100583742112534
10806,h2_demand,2030,211,6,6,0.03844996631042545
10807,h2_demand,2030,211,7,7,0.03844996631042545
10808,h2_demand,2030,211,8,8,0.03844996631042545
10809,h2_demand,2030,211,9,9,0.03844996631042545
10810,h2_demand,2030,211,10,10,0.03844996631042545
10811,h2_demand,2030,211,11,11,0.03844996631042545
10812,h2_demand,2030,211,12,12,0.03844996631042545
10813,h2_demand,2030,211,13,13,0.09100583742112534
10814,h2_demand,2030,211,14,14,0.09100583742112534
10815,h2_demand,2030,211,15,15,0.03844996631042545
10816,h2_demand,2030,211,16,16,0.03844996631042545
10817,h2_demand,2030,211,17,17,0.03844996631042545
10818,h2_demand,2030,211,18,18,0.03844996631042545
10819,h2_demand,2030,211,19,19,0.03844996631042545
10820,h2_demand,2030,211,20,20,0.03844996631042545
10821,h2_demand,2030,211,21,21,0.09100583742112534
10822,h2_demand,2030,211,22,22,0.03844996631042545
10823,h2_demand,2030,211,23,23,0.03844996631042545
10824,h2_demand,2030,211,24,24,0.03844996631042545
10825,h2_demand,2030,212,1,1,0.17281115054656326
10826,h2_demand,2030,212,2,2,0.17281115054656326
10827,h2_demand,2030,212,3,3,0.17281115054656326
10828,h2_demand,2030,212,4,4,0.17281115054656326
10829,h2_demand,2030,212,5,5,0.17281115054656326
10830,h2_demand,2030,212,6,6,0.17281115054656326
10831,h2_demand,2030,212,7,7,0.17281115054656326
10832,h2_demand,2030,212,8,8,0.17281115054656326
10833,h2_demand,2030,212,9,9,0.17281115054656326
10834,h2_demand,2030,212,10,10,0.07301271110592299
10835,h2_demand,2030,212,11,11,0.07301271110592297
10836,h2_demand,2030,212,12,12,0.07301271110592304
10837,h2_demand,2030,212,13,13,0.07301271110592297
10838,h2_demand,2030,212,14,14,0.07301271110592297
10839,h2_demand,2030,212,15,15,0.07301271110592297
10840,h2_demand,2030,212,16,16,0.07301271110592297
10841,h2_demand,2030,212,17,17,0.07301271110592304
10842,h2_demand,2030,212,18,18,0.07301271110592297
10843,h2_demand,2030,212,19,19,0.07301271110592297
10844,h2_demand,2030,212,20,20,0.07301271110592297
10845,h2_demand,2030,212,21,21,0.07301271110592297
10846,h2_demand,2030,212,22,22,0.07301271110592297
10847,h2_demand,2030,212,23,23,0.07301271110592297
10848,h2_demand,2030,212,24,24,0.07301271110592304
10849,h2_demand,2030,213,1,1,0.06875515350267275
10850,h2_demand,2030,213,2,2,0.06875515350267275
10851,h2_demand,2030,213,3,3,0.06875515350267278
10852,h2_demand,2030,213,4,4,0.06875515350267275
10853,h2_demand,2030,213,5,5,0.06875515350267275
10854,h2_demand,2030,213,6,6,0.06875515350267275
10855,h2_demand,2030,213,7,7,0.06875515350267275
10856,h2_demand,2030,213,8,8,0.06875515350267275
10857,h2_demand,2030,213,9,9,0.06875515350267275
10858,h2_demand,2030,213,10,10,0.06875515350267275
10859,h2_demand,2030,213,11,11,0.06875515350267278
10860,h2_demand,2030,213,12,12,0.06875515350267278
10861,h2_demand,2030,213,13,13,0.06875515350267275
10862,h2_demand,2030,213,14,14,0.06875515350267275
10863,h2_demand,2030,213,15,15,0.06875515350267278
10864,h2_demand,2030,213,16,16,0.06875515350267275
10865,h2_demand,2030,213,17,17,0.06875515350267275
10866,h2_demand,2030,213,18,18,0.06875515350267278
10867,h2_demand,2030,213,19,19,0.06875515350267278
10868,h2_demand,2030,213,20,20,0.06875515350267278
10869,h2_demand,2030,213,21,21,0.06875515350267275
10870,h2_demand,2030,213,22,22,0.06875515350267275
10871,h2_demand,2030,213,23,23,0.06875515350267275
10872,h2_demand,2030,213,24,24,0.06875515350267275
10873,h2_demand,2030,214,1,1,0.11242764489791233
10874,h2_demand,2030,214,2,2,0.11242764489791233
10875,h2_demand,2030,214,3,3,0.11242764489791233
10876,h2_demand,2030,214,4,4,0.11242764489791233
10877,h2_demand,2030,214,5,5,0.04750067996936798
10878,h2_demand,2030,214,6,6,0.04750067996936796
10879,h2_demand,2030,214,7,7,0.047500679969367965
10880,h2_demand,2030,214,8,8,0.04750067996936798
10881,h2_demand,2030,214,9,9,0.04750067996936796
10882,h2_demand,2030,214,10,10,0.04750067996936798
10883,h2_demand,2030,214,11,11,0.04750067996936798
10884,h2_demand,2030,214,12,12,0.11242764489791233
10885,h2_demand,2030,214,13,13,0.11242764489791233
10886,h2_demand,2030,214,14,14,0.11242764489791233
10887,h2_demand,2030,214,15,15,0.11242764489791233
10888,h2_demand,2030,214,16,16,0.11242764489791233
10889,h2_demand,2030,214,17,17,0.11242764489791233
10890,h2_demand,2030,214,18,18,0.11242764489791233
10891,h2_demand,2030,214,19,19,0.11242764489791233
10892,h2_demand,2030,214,20,20,0.11242764489791233
10893,h2_demand,2030,214,21,21,0.11242764489791233
10894,h2_demand,2030,214,22,22,0.11242764489791233
10895,h2_demand,2030,214,23,23,0.11242764489791233
10896,h2_demand,2030,214,24,24,0.11242764489791233
10897,h2_demand,2030,215,1,1,0.14405948275282335
10898,h2_demand,2030,215,2,2,0.1440594827528233
10899,h2_demand,2030,215,3,3,0.14405948275282326
10900,h2_demand,2030,215,4,4,0.14405948275282326
10901,h2_demand,2030,215,5,5,0.14405948275282326
10902,h2_demand,2030,215,6,6,0.14405948275282326
10903,h2_demand,2030,215,7,7,0.14405948275282326
10904,h2_demand,2030,215,8,8,0.14405948275282326
10905,h2_demand,2030,215,9,9,0.14405948275282326
10906,h2_demand,2030,215,10,10,0.14405948275282326
10907,h2_demand,2030,215,11,11,0.14405948275282326
10908,h2_demand,2030,215,12,12,0.14405948275282326
10909,h2_demand,2030,215,13,13,0.14405948275282326
10910,h2_demand,2030,215,14,14,0.14405948275282326
10911,h2_demand,2030,215,15,15,0.14405948275282326
10912,h2_demand,2030,215,16,16,0.14405948275282326
10913,h2_demand,2030,215,17,17,0.14405948275282326
10914,h2_demand,2030,215,18,18,0.14405948275282326
10915,h2_demand,2030,215,19,19,0.14405948275282326
10916,h2_demand,2030,215,20,20,0.14405948275282326
10917,h2_demand,2030,215,21,21,0.14405948275282326
10918,h2_demand,2030,215,22,22,0.14405948275282326
10919,h2_demand,2030,215,23,23,0.14405948275282326
10920,h2_demand,2030,215,24,24,0.14405948275282326
10921,h2_demand,2030,216,1,1,0.1289369627499727
10922,h2_demand,2030,216,2,2,0.1289369627499727
10923,h2_demand,2030,216,3,3,0.1289369627499727
10924,h2_demand,2030,216,4,4,0.1289369627499727
10925,h2_demand,2030,216,5,5,0.1289369627499727
10926,h2_demand,2030,216,6,6,0.1289369627499727
10927,h2_demand,2030,216,7,7,0.1289369627499727
10928,h2_demand,2030,216,8,8,0.1289369627499727
10929,h2_demand,2030,216,9,9,0.1289369627499727
10930,h2_demand,2030,216,10,10,0.1289369627499727
10931,h2_demand,2030,216,11,11,0.12893696274997266
10932,h2_demand,2030,216,12,12,0.12893696274997266
10933,h2_demand,2030,216,13,13,0.12893696274997266
10934,h2_demand,2030,216,14,14,0.12893696274997266
10935,h2_demand,2030,216,15,15,0.1289369627499727
10936,h2_demand,2030,216,16,16,0.1289369627499727
10937,h2_demand,2030,216,17,17,0.1289369627499727
10938,h2_demand,2030,216,18,18,0.1289369627499727
10939,h2_demand,2030,216,19,19,0.1289369627499727
10940,h2_demand,2030,216,20,20,0.1289369627499727
10941,h2_demand,2030,216,21,21,0.1289369627499727
10942,h2_demand,2030,216,22,22,0.1289369627499727
10943,h2_demand,2030,216,23,23,0.1289369627499727
10944,h2_demand,2030,216,24,24,0.1289369627499727
10945,h2_demand,2030,217,1,1,0.13027737038947426
10946,h2_demand,2030,217,2,2,0.1302773703894744
10947,h2_demand,2030,217,3,3,0.1302773703894744
10948,h2_demand,2030,217,4,4,0.1302773703894744
10949,h2_demand,2030,217,5,5,0.1302773703894744
10950,h2_demand,2030,217,6,6,0.1302773703894744
10951,h2_demand,2030,217,7,7,0.1302773703894744
10952,h2_demand,2030,217,8,8,0.1302773703894744
10953,h2_demand,2030,217,9,9,0.1302773703894744
10954,h2_demand,2030,217,10,10,0.1302773703894744
10955,h2_demand,2030,217,11,11,0.1302773703894744
10956,h2_demand,2030,217,12,12,0.1302773703894744
10957,h2_demand,2030,217,13,13,0.1302773703894744
10958,h2_demand,2030,217,14,14,0.1302773703894744
10959,h2_demand,2030,217,15,15,0.13027737038947426
10960,h2_demand,2030,217,16,16,0.1302773703894744
10961,h2_demand,2030,217,17,17,0.13027737038947443
10962,h2_demand,2030,217,18,18,0.1302773703894744
10963,h2_demand,2030,217,19,19,0.1302773703894744
10964,h2_demand,2030,217,20,20,0.1302773703894744
10965,h2_demand,2030,217,21,21,0.1302773703894744
10966,h2_demand,2030,217,22,22,0.1302773703894744
10967,h2_demand,2030,217,23,23,0.1302773703894744
10968,h2_demand,2030,217,24,24,0.13027737038947426
10969,h2_demand,2030,218,1,1,0.2635668587850087
10970,h2_demand,2030,218,2,2,0.2635668587850087
10971,h2_demand,2030,218,3,3,0.2635668587850087
10972,h2_demand,2030,218,4,4,0.2635668587850087
10973,h2_demand,2030,218,5,5,0.2635668587850087
10974,h2_demand,2030,218,6,6,0.2635668587850089
10975,h2_demand,2030,218,7,7,0.2635668587850087
10976,h2_demand,2030,218,8,8,0.2635668587850087
10977,h2_demand,2030,218,9,9,0.2635668587850087
10978,h2_demand,2030,218,10,10,0.2635668587850087
10979,h2_demand,2030,218,11,11,0.2635668587850087
10980,h2_demand,2030,218,12,12,0.2635668587850087
10981,h2_demand,2030,218,13,13,0.2635668587850087
10982,h2_demand,2030,218,14,14,0.2635668587850087
10983,h2_demand,2030,218,15,15,0.2635668587850087
10984,h2_demand,2030,218,16,16,0.2635668587850087
10985,h2_demand,2030,218,17,17,0.2635668587850087
10986,h2_demand,2030,218,18,18,0.2635668587850087
10987,h2_demand,2030,218,19,19,0.2635668587850087
10988,h2_demand,2030,218,20,20,0.2635668587850087
10989,h2_demand,2030,218,21,21,0.2635668587850087
10990,h2_demand,2030,218,22,22,0.2635668587850087
10991,h2_demand,2030,218,23,23,0.2635668587850089
10992,h2_demand,2030,218,24,24,0.2635668587850087
10993,h2_demand,2030,219,1,1,0.127152868838089
10994,h2_demand,2030,219,2,2,0.127152868838089
10995,h2_demand,2030,219,3,3,0.127152868838089
10996,h2_demand,2030,219,4,4,0.127152868838089
10997,h2_demand,2030,219,5,5,0.127152868838089
10998,h2_demand,2030,219,6,6,0.127152868838089
10999,h2_demand,2030,219,7,7,0.127152868838089
11000,h2_demand,2030,219,8,8,0.127152868838089
11001,h2_demand,2030,219,9,9,0.127152868838089
11002,h2_demand,2030,219,10,10,0.127152868838089
11003,h2_demand,2030,219,11,11,0.127152868838089
11004,h2_demand,2030,219,12,12,0.127152868838089
11005,h2_demand,2030,219,13,13,0.127152868838089
11006,h2_demand,2030,219,14,14,0.127152868838089
11007,h2_demand,2030,219,15,15,0.127152868838089
11008,h2_demand,2030,219,16,16,0.127152868838089
11009,h2_demand,2030,219,17,17,0.127152868838089
11010,h2_demand,2030,219,18,18,0.127152868838089
11011,h2_demand,2030,219,19,19,0.127152868838089
11012,h2_demand,2030,219,20,20,0.127152868838089
11013,h2_demand,2030,219,21,21,0.127152868838089
11014,h2_demand,2030,219,22,22,0.127152868838089
11015,h2_demand,2030,219,23,23,0.127152868838089
11016,h2_demand,2030,219,24,24,0.127152868838089
11017,h2_demand,2030,220,1,1,0.4713838071406461
11018,h2_demand,2030,220,2,2,0.4713838071406461
11019,h2_demand,2030,220,3,3,0.4713838071406461
11020,h2_demand,2030,220,4,4,0.4713838071406461
11021,h2_demand,2030,220,5,5,0.4713838071406461
11022,h2_demand,2030,220,6,6,0.4713838071406461
11023,h2_demand,2030,220,7,7,0.4713838071406461
11024,h2_demand,2030,220,8,8,0.4713838071406461
11025,h2_demand,2030,220,9,9,0.4713838071406461
11026,h2_demand,2030,220,10,10,0.4713838071406461
11027,h2_demand,2030,220,11,11,0.4713838071406461
11028,h2_demand,2030,220,12,12,0.4713838071406461
11029,h2_demand,2030,220,13,13,0.4713838071406461
11030,h2_demand,2030,220,14,14,0.4713838071406461
11031,h2_demand,2030,220,15,15,0.4713838071406461
11032,h2_demand,2030,220,16,16,0.4713838071406461
11033,h2_demand,2030,220,17,17,0.4713838071406461
11034,h2_demand,2030,220,18,18,0.4713838071406461
11035,h2_demand,2030,220,19,19,0.4713838071406461
11036,h2_demand,2030,220,20,20,0.4713838071406461
11037,h2_demand,2030,220,21,21,0.4713838071406461
11038,h2_demand,2030,220,22,22,0.4713838071406461
11039,h2_demand,2030,220,23,23,0.4713838071406461
11040,h2_demand,2030,220,24,24,0.4713838071406461
11041,h2_demand,2030,221,1,1,0.029947234606061617
11042,h2_demand,2030,221,2,2,0.029947234606061617
11043,h2_demand,2030,221,3,3,0.029947234606061617
11044,h2_demand,2030,221,4,4,0.029947234606061617
11045,h2_demand,2030,221,5,5,0.029947234606061617
11046,h2_demand,2030,221,6,6,0.029947234606061617
11047,h2_demand,2030,221,7,7,0.029947234606061617
11048,h2_demand,2030,221,8,8,0.029947234606061617
11049,h2_demand,2030,221,9,9,0.02994723460606162
11050,h2_demand,2030,221,10,10,0.029947234606061617
11051,h2_demand,2030,221,11,11,0.029947234606061617
11052,h2_demand,2030,221,12,12,0.029947234606061617
11053,h2_demand,2030,221,13,13,0.029947234606061617
11054,h2_demand,2030,221,14,14,0.029947234606061617
11055,h2_demand,2030,221,15,15,0.029947234606061617
11056,h2_demand,2030,221,16,16,0.029947234606061617
11057,h2_demand,2030,221,17,17,0.029947234606061617
11058,h2_demand,2030,221,18,18,0.029947234606061617
11059,h2_demand,2030,221,19,19,0.029947234606061617
11060,h2_demand,2030,221,20,20,0.029947234606061617
11061,h2_demand,2030,221,21,21,0.029947234606061617
11062,h2_demand,2030,221,22,22,0.029947234606061617
11063,h2_demand,2030,221,23,23,0.029947234606061617
11064,h2_demand,2030,221,24,24,0.029947234606061617
11065,h2_demand,2030,222,1,1,0.06700263866210142
11066,h2_demand,2030,222,2,2,0.06700263866210145
11067,h2_demand,2030,222,3,3,0.06700263866210143
11068,h2_demand,2030,222,4,4,0.06700263866210143
11069,h2_demand,2030,222,5,5,0.06700263866210143
11070,h2_demand,2030,222,6,6,0.06700263866210143
11071,h2_demand,2030,222,7,7,0.06700263866210143
11072,h2_demand,2030,222,8,8,0.06700263866210143
11073,h2_demand,2030,222,9,9,0.06700263866210142
11074,h2_demand,2030,222,10,10,0.06700263866210142
11075,h2_demand,2030,222,11,11,0.06700263866210142
11076,h2_demand,2030,222,12,12,0.06700263866210142
11077,h2_demand,2030,222,13,13,0.06700263866210142
11078,h2_demand,2030,222,14,14,0.06700263866210142
11079,h2_demand,2030,222,15,15,0.06700263866210143
11080,h2_demand,2030,222,16,16,0.06700263866210143
11081,h2_demand,2030,222,17,17,0.06700263866210143
11082,h2_demand,2030,222,18,18,0.06700263866210143
11083,h2_demand,2030,222,19,19,0.06700263866210143
11084,h2_demand,2030,222,20,20,0.06700263866210143
11085,h2_demand,2030,222,21,21,0.06700263866210143
11086,h2_demand,2030,222,22,22,0.06700263866210143
11087,h2_demand,2030,222,23,23,0.06700263866210143
11088,h2_demand,2030,222,24,24,0.06700263866210143
11089,h2_demand,2030,223,1,1,0.040820055592455926
11090,h2_demand,2030,223,2,2,0.040820055592455926
11091,h2_demand,2030,223,3,3,0.040820055592455926
11092,h2_demand,2030,223,4,4,0.040820055592455926
11093,h2_demand,2030,223,5,5,0.040820055592455926
11094,h2_demand,2030,223,6,6,0.040820055592455926
11095,h2_demand,2030,223,7,7,0.040820055592455926
11096,h2_demand,2030,223,8,8,0.040820055592455926
11097,h2_demand,2030,223,9,9,0.040820055592455926
11098,h2_demand,2030,223,10,10,0.040820055592455926
11099,h2_demand,2030,223,11,11,0.040820055592455926
11100,h2_demand,2030,223,12,12,0.040820055592455926
11101,h2_demand,2030,223,13,13,0.040820055592455926
11102,h2_demand,2030,223,14,14,0.040820055592455926
11103,h2_demand,2030,223,15,15,0.040820055592455926
11104,h2_demand,2030,223,16,16,0.040820055592455926
11105,h2_demand,2030,223,17,17,0.040820055592455926
11106,h2_demand,2030,223,18,18,0.040820055592455926
11107,h2_demand,2030,223,19,19,0.040820055592455926
11108,h2_demand,2030,223,20,20,0.040820055592455926
11109,h2_demand,2030,223,21,21,0.040820055592455926
11110,h2_demand,2030,223,22,22,0.040820055592455926
11111,h2_demand,2030,223,23,23,0.040820055592455926
11112,h2_demand,2030,223,24,24,0.040820055592455926
11113,h2_demand,2030,224,1,1,0.1554307039923865
11114,h2_demand,2030,224,2,2,0.15543070399238662
11115,h2_demand,2030,224,3,3,0.15543070399238662
11116,h2_demand,2030,224,4,4,0.15543070399238662
11117,h2_demand,2030,224,5,5,0.15543070399238662
11118,h2_demand,2030,224,6,6,0.15543070399238662
11119,h2_demand,2030,224,7,7,0.15543070399238662
11120,h2_demand,2030,224,8,8,0.15543070399238662
11121,h2_demand,2030,224,9,9,0.15543070399238662
11122,h2_demand,2030,224,10,10,0.15543070399238662
11123,h2_demand,2030,224,11,11,0.15543070399238662
11124,h2_demand,2030,224,12,12,0.15543070399238662
11125,h2_demand,2030,224,13,13,0.15543070399238662
11126,h2_demand,2030,224,14,14,0.15543070399238662
11127,h2_demand,2030,224,15,15,0.15543070399238662
11128,h2_demand,2030,224,16,16,0.15543070399238662
11129,h2_demand,2030,224,17,17,0.1554307039923865
11130,h2_demand,2030,224,18,18,0.15543070399238662
11131,h2_demand,2030,224,19,19,0.15543070399238662
11132,h2_demand,2030,224,20,20,0.1554307039923865
11133,h2_demand,2030,224,21,21,0.15543070399238662
11134,h2_demand,2030,224,22,22,0.15543070399238662
11135,h2_demand,2030,224,23,23,0.15543070399238662
11136,h2_demand,2030,224,24,24,0.15543070399238662
11137,h2_demand,2030,225,1,1,0.02206427515392131
11138,h2_demand,2030,225,2,2,0.02206427515392131
11139,h2_demand,2030,225,3,3,0.02206427515392131
11140,h2_demand,2030,225,4,4,0.02206427515392131
11141,h2_demand,2030,225,5,5,0.02206427515392131
11142,h2_demand,2030,225,6,6,0.02206427515392131
11143,h2_demand,2030,225,7,7,0.022064275153921308
11144,h2_demand,2030,225,8,8,0.022064275153921308
11145,h2_demand,2030,225,9,9,0.02206427515392131
11146,h2_demand,2030,225,10,10,0.022064275153921308
11147,h2_demand,2030,225,11,11,0.02206427515392131
11148,h2_demand,2030,225,12,12,0.02206427515392131
11149,h2_demand,2030,225,13,13,0.02206427515392131
11150,h2_demand,2030,225,14,14,0.02206427515392131
11151,h2_demand,2030,225,15,15,0.02206427515392131
11152,h2_demand,2030,225,16,16,0.02206427515392131
11153,h2_demand,2030,225,17,17,0.02206427515392131
11154,h2_demand,2030,225,18,18,0.02206427515392131
11155,h2_demand,2030,225,19,19,0.02206427515392131
11156,h2_demand,2030,225,20,20,0.02206427515392131
11157,h2_demand,2030,225,21,21,0.02206427515392131
11158,h2_demand,2030,225,22,22,0.02206427515392131
11159,h2_demand,2030,225,23,23,0.02206427515392131
11160,h2_demand,2030,225,24,24,0.02206427515392131
11161,h2_demand,2030,226,1,1,0.06073628500539812
11162,h2_demand,2030,226,2,2,0.06073628500539814
11163,h2_demand,2030,226,3,3,0.06073628500539814
11164,h2_demand,2030,226,4,4,0.06073628500539814
11165,h2_demand,2030,226,5,5,0.06073628500539814
11166,h2_demand,2030,226,6,6,0.06073628500539814
11167,h2_demand,2030,226,7,7,0.06073628500539814
11168,h2_demand,2030,226,8,8,0.06073628500539814
11169,h2_demand,2030,226,9,9,0.06073628500539814
11170,h2_demand,2030,226,10,10,0.06073628500539814
11171,h2_demand,2030,226,11,11,0.06073628500539814
11172,h2_demand,2030,226,12,12,0.06073628500539814
11173,h2_demand,2030,226,13,13,0.06073628500539814
11174,h2_demand,2030,226,14,14,0.06073628500539814
11175,h2_demand,2030,226,15,15,0.06073628500539814
11176,h2_demand,2030,226,16,16,0.06073628500539814
11177,h2_demand,2030,226,17,17,0.06073628500539814
11178,h2_demand,2030,226,18,18,0.06073628500539814
11179,h2_demand,2030,226,19,19,0.06073628500539814
11180,h2_demand,2030,226,20,20,0.06073628500539814
11181,h2_demand,2030,226,21,21,0.06073628500539814
11182,h2_demand,2030,226,22,22,0.06073628500539814
11183,h2_demand,2030,226,23,23,0.06073628500539814
11184,h2_demand,2030,226,24,24,0.06073628500539814
11185,h2_demand,2030,227,1,1,0.058288955253948324
11186,h2_demand,2030,227,2,2,0.05828895525394831
11187,h2_demand,2030,227,3,3,0.05828895525394831
11188,h2_demand,2030,227,4,4,0.05828895525394831
11189,h2_demand,2030,227,5,5,0.05828895525394831
11190,h2_demand,2030,227,6,6,0.05828895525394831
11191,h2_demand,2030,227,7,7,0.05828895525394831
11192,h2_demand,2030,227,8,8,0.05828895525394831
11193,h2_demand,2030,227,9,9,0.05828895525394831
11194,h2_demand,2030,227,10,10,0.05828895525394831
11195,h2_demand,2030,227,11,11,0.05828895525394831
11196,h2_demand,2030,227,12,12,0.05828895525394831
11197,h2_demand,2030,227,13,13,0.05828895525394831
11198,h2_demand,2030,227,14,14,0.05828895525394831
11199,h2_demand,2030,227,15,15,0.05828895525394831
11200,h2_demand,2030,227,16,16,0.058288955253948324
11201,h2_demand,2030,227,17,17,0.058288955253948324
11202,h2_demand,2030,227,18,18,0.05828895525394831
11203,h2_demand,2030,227,19,19,0.05828895525394831
11204,h2_demand,2030,227,20,20,0.05828895525394831
11205,h2_demand,2030,227,21,21,0.05828895525394831
11206,h2_demand,2030,227,22,22,0.05828895525394831
11207,h2_demand,2030,227,23,23,0.05828895525394831
11208,h2_demand,2030,227,24,24,0.05828895525394831
11209,h2_demand,2030,228,1,1,0.0703928300747435
11210,h2_demand,2030,228,2,2,0.0703928300747435
11211,h2_demand,2030,228,3,3,0.0703928300747435
11212,h2_demand,2030,228,4,4,0.0703928300747435
11213,h2_demand,2030,228,5,5,0.0703928300747435
11214,h2_demand,2030,228,6,6,0.0703928300747435
11215,h2_demand,2030,228,7,7,0.0703928300747435
11216,h2_demand,2030,228,8,8,0.0703928300747435
11217,h2_demand,2030,228,9,9,0.0703928300747435
11218,h2_demand,2030,228,10,10,0.0703928300747435
11219,h2_demand,2030,228,11,11,0.0703928300747435
11220,h2_demand,2030,228,12,12,0.0703928300747435
11221,h2_demand,2030,228,13,13,0.0703928300747435
11222,h2_demand,2030,228,14,14,0.0703928300747435
11223,h2_demand,2030,228,15,15,0.0703928300747435
11224,h2_demand,2030,228,16,16,0.0703928300747435
11225,h2_demand,2030,228,17,17,0.0703928300747435
11226,h2_demand,2030,228,18,18,0.0703928300747435
11227,h2_demand,2030,228,19,19,0.0703928300747435
11228,h2_demand,2030,228,20,20,0.0703928300747435
11229,h2_demand,2030,228,21,21,0.0703928300747435
11230,h2_demand,2030,228,22,22,0.0703928300747435
11231,h2_demand,2030,228,23,23,0.0703928300747435
11232,h2_demand,2030,228,24,24,0.0703928300747435
11233,h2_demand,2030,229,1,1,0.08513817226024237
11234,h2_demand,2030,229,2,2,0.08513817226024237
11235,h2_demand,2030,229,3,3,0.08513817226024237
11236,h2_demand,2030,229,4,4,0.08513817226024237
11237,h2_demand,2030,229,5,5,0.08513817226024237
11238,h2_demand,2030,229,6,6,0.08513817226024237
11239,h2_demand,2030,229,7,7,0.08513817226024237
11240,h2_demand,2030,229,8,8,0.08513817226024237
11241,h2_demand,2030,229,9,9,0.08513817226024231
11242,h2_demand,2030,229,10,10,0.08513817226024231
11243,h2_demand,2030,229,11,11,0.08513817226024237
11244,h2_demand,2030,229,12,12,0.08513817226024237
11245,h2_demand,2030,229,13,13,0.08513817226024237
11246,h2_demand,2030,229,14,14,0.08513817226024237
11247,h2_demand,2030,229,15,15,0.08513817226024237
11248,h2_demand,2030,229,16,16,0.08513817226024237
11249,h2_demand,2030,229,17,17,0.08513817226024237
11250,h2_demand,2030,229,18,18,0.08513817226024237
11251,h2_demand,2030,229,19,19,0.08513817226024237
11252,h2_demand,2030,229,20,20,0.08513817226024237
11253,h2_demand,2030,229,21,21,0.08513817226024237
11254,h2_demand,2030,229,22,22,0.08513817226024237
11255,h2_demand,2030,229,23,23,0.08513817226024237
11256,h2_demand,2030,229,24,24,0.08513817226024237
11257,h2_demand,2030,230,1,1,0.04946436833920616
11258,h2_demand,2030,230,2,2,0.04946436833920616
11259,h2_demand,2030,230,3,3,0.020898695623314617
11260,h2_demand,2030,230,4,4,0.020898695623314617
11261,h2_demand,2030,230,5,5,0.020898695623314617
11262,h2_demand,2030,230,6,6,0.020898695623314617
11263,h2_demand,2030,230,7,7,0.04946436833920616
11264,h2_demand,2030,230,8,8,0.04946436833920616
11265,h2_demand,2030,230,9,9,0.04946436833920616
11266,h2_demand,2030,230,10,10,0.04946436833920616
11267,h2_demand,2030,230,11,11,0.04946436833920616
11268,h2_demand,2030,230,12,12,0.04946436833920616
11269,h2_demand,2030,230,13,13,0.04946436833920616
11270,h2_demand,2030,230,14,14,0.04946436833920616
11271,h2_demand,2030,230,15,15,0.04946436833920616
11272,h2_demand,2030,230,16,16,0.04946436833920616
11273,h2_demand,2030,230,17,17,0.04946436833920616
11274,h2_demand,2030,230,18,18,0.04946436833920616
11275,h2_demand,2030,230,19,19,0.04946436833920616
11276,h2_demand,2030,230,20,20,0.04946436833920616
11277,h2_demand,2030,230,21,21,0.04946436833920616
11278,h2_demand,2030,230,22,22,0.04946436833920616
11279,h2_demand,2030,230,23,23,0.04946436833920616
11280,h2_demand,2030,230,24,24,0.04946436833920616
11281,h2_demand,2030,231,1,1,0.029065710005790123
11282,h2_demand,2030,231,2,2,0.029065710005790123
11283,h2_demand,2030,231,3,3,0.029065710005790123
11284,h2_demand,2030,231,4,4,0.029065710005790123
11285,h2_demand,2030,231,5,5,0.029065710005790123
11286,h2_demand,2030,231,6,6,0.029065710005790123
11287,h2_demand,2030,231,7,7,0.029065710005790123
11288,h2_demand,2030,231,8,8,0.029065710005790123
11289,h2_demand,2030,231,9,9,0.029065710005790123
11290,h2_demand,2030,231,10,10,0.029065710005790123
11291,h2_demand,2030,231,11,11,0.029065710005790123
11292,h2_demand,2030,231,12,12,0.029065710005790123
11293,h2_demand,2030,231,13,13,0.029065710005790123
11294,h2_demand,2030,231,14,14,0.029065710005790123
11295,h2_demand,2030,231,15,15,0.029065710005790123
11296,h2_demand,2030,231,16,16,0.029065710005790123
11297,h2_demand,2030,231,17,17,0.029065710005790123
11298,h2_demand,2030,231,18,18,0.029065710005790123
11299,h2_demand,2030,231,19,19,0.029065710005790123
11300,h2_demand,2030,231,20,20,0.029065710005790123
11301,h2_demand,2030,231,21,21,0.029065710005790123
11302,h2_demand,2030,231,22,22,0.029065710005790123
11303,h2_demand,2030,231,23,23,0.029065710005790123
11304,h2_demand,2030,231,24,24,0.029065710005790123
11305,h2_demand,2030,232,1,1,0.05546844709831398
11306,h2_demand,2030,232,2,2,0.05546844709831398
11307,h2_demand,2030,232,3,3,0.05546844709831398
11308,h2_demand,2030,232,4,4,0.05546844709831398
11309,h2_demand,2030,232,5,5,0.05546844709831398
11310,h2_demand,2030,232,6,6,0.05546844709831398
11311,h2_demand,2030,232,7,7,0.05546844709831398
11312,h2_demand,2030,232,8,8,0.05546844709831398
11313,h2_demand,2030,232,9,9,0.05546844709831398
11314,h2_demand,2030,232,10,10,0.055468447098313944
11315,h2_demand,2030,232,11,11,0.05546844709831398
11316,h2_demand,2030,232,12,12,0.055468447098313944
11317,h2_demand,2030,232,13,13,0.055468447098313944
11318,h2_demand,2030,232,14,14,0.055468447098313944
11319,h2_demand,2030,232,15,15,0.055468447098313944
11320,h2_demand,2030,232,16,16,0.055468447098313944
11321,h2_demand,2030,232,17,17,0.055468447098313944
11322,h2_demand,2030,232,18,18,0.055468447098313944
11323,h2_demand,2030,232,19,19,0.05546844709831398
11324,h2_demand,2030,232,20,20,0.05546844709831398
11325,h2_demand,2030,232,21,21,0.05546844709831398
11326,h2_demand,2030,232,22,22,0.05546844709831398
11327,h2_demand,2030,232,23,23,0.05546844709831398
11328,h2_demand,2030,232,24,24,0.05546844709831398
11329,h2_demand,2030,233,1,1,0.12062932266795776
11330,h2_demand,2030,233,2,2,0.12062932266795776
11331,h2_demand,2030,233,3,3,0.12062932266795776
11332,h2_demand,2030,233,4,4,0.12062932266795769
11333,h2_demand,2030,233,5,5,0.12062932266795776
11334,h2_demand,2030,233,6,6,0.12062932266795776
11335,h2_demand,2030,233,7,7,0.12062932266795776
11336,h2_demand,2030,233,8,8,0.12062932266795769
11337,h2_demand,2030,233,9,9,0.12062932266795769
11338,h2_demand,2030,233,10,10,0.12062932266795769
11339,h2_demand,2030,233,11,11,0.12062932266795769
11340,h2_demand,2030,233,12,12,0.12062932266795769
11341,h2_demand,2030,233,13,13,0.12062932266795769
11342,h2_demand,2030,233,14,14,0.12062932266795769
11343,h2_demand,2030,233,15,15,0.12062932266795769
11344,h2_demand,2030,233,16,16,0.12062932266795769
11345,h2_demand,2030,233,17,17,0.12062932266795769
11346,h2_demand,2030,233,18,18,0.12062932266795769
11347,h2_demand,2030,233,19,19,0.12062932266795769
11348,h2_demand,2030,233,20,20,0.12062932266795769
11349,h2_demand,2030,233,21,21,0.12062932266795776
11350,h2_demand,2030,233,22,22,0.12062932266795776
11351,h2_demand,2030,233,23,23,0.12062932266795776
11352,h2_demand,2030,233,24,24,0.12062932266795776
11353,h2_demand,2030,234,1,1,0.05025479985142926
11354,h2_demand,2030,234,2,2,0.05025479985142929
11355,h2_demand,2030,234,3,3,0.05025479985142929
11356,h2_demand,2030,234,4,4,0.05025479985142929
11357,h2_demand,2030,234,5,5,0.05025479985142929
11358,h2_demand,2030,234,6,6,0.05025479985142929
11359,h2_demand,2030,234,7,7,0.05025479985142929
11360,h2_demand,2030,234,8,8,0.05025479985142929
11361,h2_demand,2030,234,9,9,0.05025479985142929
11362,h2_demand,2030,234,10,10,0.05025479985142929
11363,h2_demand,2030,234,11,11,0.05025479985142926
11364,h2_demand,2030,234,12,12,0.05025479985142929
11365,h2_demand,2030,234,13,13,0.05025479985142929
11366,h2_demand,2030,234,14,14,0.05025479985142929
11367,h2_demand,2030,234,15,15,0.05025479985142929
11368,h2_demand,2030,234,16,16,0.05025479985142929
11369,h2_demand,2030,234,17,17,0.05025479985142929
11370,h2_demand,2030,234,18,18,0.05025479985142929
11371,h2_demand,2030,234,19,19,0.05025479985142929
11372,h2_demand,2030,234,20,20,0.05025479985142929
11373,h2_demand,2030,234,21,21,0.05025479985142929
11374,h2_demand,2030,234,22,22,0.05025479985142929
11375,h2_demand,2030,234,23,23,0.05025479985142929
11376,h2_demand,2030,234,24,24,0.05025479985142929
11377,h2_demand,2030,235,1,1,0.09295787747021704
11378,h2_demand,2030,235,2,2,0.09295787747021711
11379,h2_demand,2030,235,3,3,0.09295787747021711
11380,h2_demand,2030,235,4,4,0.09295787747021711
11381,h2_demand,2030,235,5,5,0.09295787747021711
11382,h2_demand,2030,235,6,6,0.09295787747021711
11383,h2_demand,2030,235,7,7,0.09295787747021711
11384,h2_demand,2030,235,8,8,0.09295787747021711
11385,h2_demand,2030,235,9,9,0.09295787747021711
11386,h2_demand,2030,235,10,10,0.09295787747021711
11387,h2_demand,2030,235,11,11,0.09295787747021711
11388,h2_demand,2030,235,12,12,0.09295787747021711
11389,h2_demand,2030,235,13,13,0.09295787747021711
11390,h2_demand,2030,235,14,14,0.09295787747021711
11391,h2_demand,2030,235,15,15,0.09295787747021711
11392,h2_demand,2030,235,16,16,0.09295787747021711
11393,h2_demand,2030,235,17,17,0.09295787747021711
11394,h2_demand,2030,235,18,18,0.09295787747021711
11395,h2_demand,2030,235,19,19,0.09295787747021711
11396,h2_demand,2030,235,20,20,0.09295787747021711
11397,h2_demand,2030,235,21,21,0.09295787747021704
11398,h2_demand,2030,235,22,22,0.09295787747021711
11399,h2_demand,2030,235,23,23,0.09295787747021711
11400,h2_demand,2030,235,24,24,0.09295787747021711
11401,h2_demand,2030,236,1,1,0.19169686641205605
11402,h2_demand,2030,236,2,2,0.19169686641205605
11403,h2_demand,2030,236,3,3,0.19169686641205605
11404,h2_demand,2030,236,4,4,0.19169686641205605
11405,h2_demand,2030,236,5,5,0.19169686641205605
11406,h2_demand,2030,236,6,6,0.19169686641205605
11407,h2_demand,2030,236,7,7,0.19169686641205605
11408,h2_demand,2030,236,8,8,0.19169686641205605
11409,h2_demand,2030,236,9,9,0.19169686641205605
11410,h2_demand,2030,236,10,10,0.19169686641205605
11411,h2_demand,2030,236,11,11,0.19169686641205605
11412,h2_demand,2030,236,12,12,0.19169686641205605
11413,h2_demand,2030,236,13,13,0.19169686641205605
11414,h2_demand,2030,236,14,14,0.19169686641205605
11415,h2_demand,2030,236,15,15,0.19169686641205605
11416,h2_demand,2030,236,16,16,0.19169686641205605
11417,h2_demand,2030,236,17,17,0.19169686641205605
11418,h2_demand,2030,236,18,18,0.19169686641205605
11419,h2_demand,2030,236,19,19,0.19169686641205605
11420,h2_demand,2030,236,20,20,0.19169686641205605
11421,h2_demand,2030,236,21,21,0.19169686641205605
11422,h2_demand,2030,236,22,22,0.19169686641205605
11423,h2_demand,2030,236,23,23,0.19169686641205605
11424,h2_demand,2030,236,24,24,0.19169686641205605
11425,h2_demand,2030,237,1,1,0.08126564495135545
11426,h2_demand,2030,237,2,2,0.08126564495135546
11427,h2_demand,2030,237,3,3,0.08126564495135546
11428,h2_demand,2030,237,4,4,0.08126564495135545
11429,h2_demand,2030,237,5,5,0.08126564495135546
11430,h2_demand,2030,237,6,6,0.08126564495135546
11431,h2_demand,2030,237,7,7,0.08126564495135546
11432,h2_demand,2030,237,8,8,0.08126564495135546
11433,h2_demand,2030,237,9,9,0.08126564495135546
11434,h2_demand,2030,237,10,10,0.08126564495135546
11435,h2_demand,2030,237,11,11,0.08126564495135546
11436,h2_demand,2030,237,12,12,0.08126564495135546
11437,h2_demand,2030,237,13,13,0.08126564495135546
11438,h2_demand,2030,237,14,14,0.08126564495135546
11439,h2_demand,2030,237,15,15,0.08126564495135546
11440,h2_demand,2030,237,16,16,0.08126564495135546
11441,h2_demand,2030,237,17,17,0.08126564495135546
11442,h2_demand,2030,237,18,18,0.08126564495135546
11443,h2_demand,2030,237,19,19,0.08126564495135553
11444,h2_demand,2030,237,20,20,0.08126564495135546
11445,h2_demand,2030,237,21,21,0.08126564495135546
11446,h2_demand,2030,237,22,22,0.08126564495135546
11447,h2_demand,2030,237,23,23,0.08126564495135546
11448,h2_demand,2030,237,24,24,0.08126564495135546
11449,h2_demand,2030,238,1,1,0.051625121281935735
11450,h2_demand,2030,238,2,2,0.051625121281935735
11451,h2_demand,2030,238,3,3,0.051625121281935735
11452,h2_demand,2030,238,4,4,0.051625121281935735
11453,h2_demand,2030,238,5,5,0.051625121281935735
11454,h2_demand,2030,238,6,6,0.051625121281935735
11455,h2_demand,2030,238,7,7,0.051625121281935735
11456,h2_demand,2030,238,8,8,0.051625121281935735
11457,h2_demand,2030,238,9,9,0.051625121281935735
11458,h2_demand,2030,238,10,10,0.051625121281935735
11459,h2_demand,2030,238,11,11,0.051625121281935735
11460,h2_demand,2030,238,12,12,0.051625121281935735
11461,h2_demand,2030,238,13,13,0.051625121281935735
11462,h2_demand,2030,238,14,14,0.051625121281935735
11463,h2_demand,2030,238,15,15,0.051625121281935735
11464,h2_demand,2030,238,16,16,0.051625121281935735
11465,h2_demand,2030,238,17,17,0.051625121281935735
11466,h2_demand,2030,238,18,18,0.051625121281935735
11467,h2_demand,2030,238,19,19,0.051625121281935735
11468,h2_demand,2030,238,20,20,0.051625121281935735
11469,h2_demand,2030,238,21,21,0.051625121281935735
11470,h2_demand,2030,238,22,22,0.051625121281935735
11471,h2_demand,2030,238,23,23,0.051625121281935735
11472,h2_demand,2030,238,24,24,0.051625121281935735
11473,h2_demand,2030,239,1,1,0.04563588603277856
11474,h2_demand,2030,239,2,2,0.04563588603277856
11475,h2_demand,2030,239,3,3,0.04563588603277856
11476,h2_demand,2030,239,4,4,0.04563588603277856
11477,h2_demand,2030,239,5,5,0.04563588603277856
11478,h2_demand,2030,239,6,6,0.04563588603277856
11479,h2_demand,2030,239,7,7,0.04563588603277856
11480,h2_demand,2030,239,8,8,0.04563588603277856
11481,h2_demand,2030,239,9,9,0.04563588603277856
11482,h2_demand,2030,239,10,10,0.04563588603277856
11483,h2_demand,2030,239,11,11,0.04563588603277856
11484,h2_demand,2030,239,12,12,0.04563588603277856
11485,h2_demand,2030,239,13,13,0.04563588603277856
11486,h2_demand,2030,239,14,14,0.04563588603277856
11487,h2_demand,2030,239,15,15,0.04563588603277856
11488,h2_demand,2030,239,16,16,0.04563588603277856
11489,h2_demand,2030,239,17,17,0.04563588603277856
11490,h2_demand,2030,239,18,18,0.04563588603277856
11491,h2_demand,2030,239,19,19,0.04563588603277856
11492,h2_demand,2030,239,20,20,0.04563588603277856
11493,h2_demand,2030,239,21,21,0.04563588603277856
11494,h2_demand,2030,239,22,22,0.019281161848848937
11495,h2_demand,2030,239,23,23,0.04563588603277856
11496,h2_demand,2030,239,24,24,0.019281161848848937
11497,h2_demand,2030,240,1,1,0.09010866682886454
11498,h2_demand,2030,240,2,2,0.09010866682886454
11499,h2_demand,2030,240,3,3,0.09010866682886454
11500,h2_demand,2030,240,4,4,0.09010866682886454
11501,h2_demand,2030,240,5,5,0.09010866682886454
11502,h2_demand,2030,240,6,6,0.09010866682886454
11503,h2_demand,2030,240,7,7,0.09010866682886454
11504,h2_demand,2030,240,8,8,0.09010866682886454
11505,h2_demand,2030,240,9,9,0.09010866682886454
11506,h2_demand,2030,240,10,10,0.09010866682886454
11507,h2_demand,2030,240,11,11,0.09010866682886454
11508,h2_demand,2030,240,12,12,0.09010866682886454
11509,h2_demand,2030,240,13,13,0.09010866682886454
11510,h2_demand,2030,240,14,14,0.09010866682886454
11511,h2_demand,2030,240,15,15,0.09010866682886454
11512,h2_demand,2030,240,16,16,0.09010866682886454
11513,h2_demand,2030,240,17,17,0.09010866682886454
11514,h2_demand,2030,240,18,18,0.09010866682886454
11515,h2_demand,2030,240,19,19,0.09010866682886454
11516,h2_demand,2030,240,20,20,0.09010866682886454
11517,h2_demand,2030,240,21,21,0.09010866682886454
11518,h2_demand,2030,240,22,22,0.09010866682886454
11519,h2_demand,2030,240,23,23,0.09010866682886454
11520,h2_demand,2030,240,24,24,0.09010866682886454
11521,spillage,2030,1,1,1,0.0
11522,spillage,2030,1,2,2,0.0
11523,spillage,2030,1,3,3,0.0
11524,spillage,2030,1,4,4,0.0
11525,spillage,2030,1,5,5,0.0
11526,spillage,2030,1,6,6,0.0
11527,spillage,2030,1,7,7,0.0
11528,spillage,2030,1,8,8,0.0
11529,spillage,2030,1,9,9,0.0
11530,spillage,2030,1,10,10,0.0
11531,spillage,2030,1,11,11,0.0
11532,spillage,2030,1,12,12,0.0
11533,spillage,2030,1,13,13,0.0
11534,spillage,2030,1,14,14,0.0
11535,spillage,2030,1,15,15,0.0
11536,spillage,2030,1,16,16,0.0
11537,spillage,2030,1,17,17,0.0
11538,spillage,2030,1,18,18,0.0
11539,spillage,2030,1,19,19,0.0
11540,spillage,2030,1,20,20,0.0
11541,spillage,2030,1,21,21,0.0
11542,spillage,2030,1,22,22,0.0
11543,spillage,2030,1,23,23,0.0
11544,spillage,2030,1,24,24,0.0
11545,spillage,2030,2,1,1,0.0
11546,spillage,2030,2,2,2,0.0
11547,spillage,2030,2,3,3,0.0
11548,spillage,2030,2,4,4,0.0
11549,spillage,2030,2,5,5,0.0
11550,spillage,2030,2,6,6,0.0
11551,spillage,2030,2,7,7,0.0
11552,spillage,2030,2,8,8,0.0
11553,spillage,2030,2,9,9,0.0
11554,spillage,2030,2,10,10,0.0
11555,spillage,2030,2,11,11,0.0
11556,spillage,2030,2,12,12,0.0
11557,spillage,2030,2,13,13,0.0
11558,spillage,2030,2,14,14,0.0
11559,spillage,2030,2,15,15,0.0
11560,spillage,2030,2,16,16,0.0
11561,spillage,2030,2,17,17,0.0
11562,spillage,2030,2,18,18,0.0
11563,spillage,2030,2,19,19,0.0
11564,spillage,2030,2,20,20,0.0
11565,spillage,2030,2,21,21,0.0
11566,spillage,2030,2,22,22,0.0
11567,spillage,2030,2,23,23,0.0
11568,spillage,2030,2,24,24,0.0
11569,spillage,2030,3,1,1,0.0
11570,spillage,2030,3,2,2,0.0
11571,spillage,2030,3,3,3,0.0
11572,spillage,2030,3,4,4,0.0
11573,spillage,2030,3,5,5,0.0
11574,spillage,2030,3,6,6,0.0
11575,spillage,2030,3,7,7,0.0
11576,spillage,2030,3,8,8,0.0
11577,spillage,2030,3,9,9,0.0
11578,spillage,2030,3,10,10,0.0
11579,spillage,2030,3,11,11,0.0
11580,spillage,2030,3,12,12,0.0
11581,spillage,2030,3,13,13,0.0
11582,spillage,2030,3,14,14,0.0
11583,spillage,2030,3,15,15,0.0
11584,spillage,2030,3,16,16,0.0
11585,spillage,2030,3,17,17,0.0
11586,spillage,2030,3,18,18,0.0
11587,spillage,2030,3,19,19,0.0
11588,spillage,2030,3,20,20,0.0
11589,spillage,2030,3,21,21,0.0
11590,spillage,2030,3,22,22,0.0
11591,spillage,2030,3,23,23,0.0
11592,spillage,2030,3,24,24,0.0
11593,spillage,2030,4,1,1,0.0
11594,spillage,2030,4,2,2,0.0
11595,spillage,2030,4,3,3,0.0
11596,spillage,2030,4,4,4,0.0
11597,spillage,2030,4,5,5,0.0
11598,spillage,2030,4,6,6,0.0
11599,spillage,2030,4,7,7,0.0
11600,spillage,2030,4,8,8,0.0
11601,spillage,2030,4,9,9,0.0
11602,spillage,2030,4,10,10,0.0
11603,spillage,2030,4,11,11,0.0
11604,spillage,2030,4,12,12,0.0
11605,spillage,2030,4,13,13,0.0
11606,spillage,2030,4,14,14,0.0
11607,spillage,2030,4,15,15,0.0
11608,spillage,2030,4,16,16,0.0
11609,spillage,2030,4,17,17,0.0
11610,spillage,2030,4,18,18,0.0
11611,spillage,2030,4,19,19,0.0
11612,spillage,2030,4,20,20,0.0
11613,spillage,2030,4,21,21,0.0
11614,spillage,2030,4,22,22,0.0
11615,spillage,2030,4,23,23,0.0
11616,spillage,2030,4,24,24,0.0
11617,spillage,2030,5,1,1,0.0
11618,spillage,2030,5,2,2,0.0
11619,spillage,2030,5,3,3,0.0
11620,spillage,2030,5,4,4,0.0
11621,spillage,2030,5,5,5,0.0
11622,spillage,2030,5,6,6,0.0
11623,spillage,2030,5,7,7,0.0
11624,spillage,2030,5,8,8,0.0
11625,spillage,2030,5,9,9,0.0
11626,spillage,2030,5,10,10,0.0
11627,spillage,2030,5,11,11,0.0
11628,spillage,2030,5,12,12,0.0
11629,spillage,2030,5,13,13,0.0
11630,spillage,2030,5,14,14,0.0
11631,spillage,2030,5,15,15,0.0
11632,spillage,2030,5,16,16,0.0
11633,spillage,2030,5,17,17,0.0
11634,spillage,2030,5,18,18,0.0
11635,spillage,2030,5,19,19,0.0
11636,spillage,2030,5,20,20,0.0
11637,spillage,2030,5,21,21,0.0
11638,spillage,2030,5,22,22,0.0
11639,spillage,2030,5,23,23,0.0
11640,spillage,2030,5,24,24,0.0
11641,spillage,2030,6,1,1,0.0
11642,spillage,2030,6,2,2,0.0
11643,spillage,2030,6,3,3,0.0
11644,spillage,2030,6,4,4,0.0
11645,spillage,2030,6,5,5,0.0
11646,spillage,2030,6,6,6,0.0
11647,spillage,2030,6,7,7,0.0
11648,spillage,2030,6,8,8,0.0
11649,spillage,2030,6,9,9,0.0
11650,spillage,2030,6,10,10,0.0
11651,spillage,2030,6,11,11,0.0
11652,spillage,2030,6,12,12,0.0
11653,spillage,2030,6,13,13,0.0
11654,spillage,2030,6,14,14,0.0
11655,spillage,2030,6,15,15,0.0
11656,spillage,2030,6,16,16,0.0
11657,spillage,2030,6,17,17,0.0
11658,spillage,2030,6,18,18,0.0
11659,spillage,2030,6,19,19,0.0
11660,spillage,2030,6,20,20,0.0
11661,spillage,2030,6,21,21,0.0
11662,spillage,2030,6,22,22,0.0
11663,spillage,2030,6,23,23,0.0
11664,spillage,2030,6,24,24,0.0
11665,spillage,2030,7,1,1,0.0
11666,spillage,2030,7,2,2,0.0
11667,spillage,2030,7,3,3,0.0
11668,spillage,2030,7,4,4,0.0
11669,spillage,2030,7,5,5,0.0
11670,spillage,2030,7,6,6,0.0
11671,spillage,2030,7,7,7,0.0
11672,spillage,2030,7,8,8,0.0
11673,spillage,2030,7,9,9,0.0
11674,spillage,2030,7,10,10,0.0
11675,spillage,2030,7,11,11,0.0
11676,spillage,2030,7,12,12,0.0
11677,spillage,2030,7,13,13,0.0
11678,spillage,2030,7,14,14,0.0
11679,spillage,2030,7,15,15,0.0
11680,spillage,2030,7,16,16,0.0
11681,spillage,2030,7,17,17,0.0
11682,spillage,2030,7,18,18,0.0
11683,spillage,2030,7,19,19,0.0
11684,spillage,2030,7,20,20,0.0
11685,spillage,2030,7,21,21,0.0
11686,spillage,2030,7,22,22,0.0
11687,spillage,2030,7,23,23,0.0
11688,spillage,2030,7,24,24,0.0
11689,spillage,2030,8,1,1,0.0
11690,spillage,2030,8,2,2,0.0
11691,spillage,2030,8,3,3,0.0
11692,spillage,2030,8,4,4,0.0
11693,spillage,2030,8,5,5,0.0
11694,spillage,2030,8,6,6,0.0
11695,spillage,2030,8,7,7,0.0
11696,spillage,2030,8,8,8,0.0
11697,spillage,2030,8,9,9,0.0
11698,spillage,2030,8,10,10,0.0
11699,spillage,2030,8,11,11,0.0
11700,spillage,2030,8,12,12,0.0
11701,spillage,2030,8,13,13,0.0
11702,spillage,2030,8,14,14,0.0
11703,spillage,2030,8,15,15,0.0
11704,spillage,2030,8,16,16,0.0
11705,spillage,2030,8,17,17,0.0
11706,spillage,2030,8,18,18,0.0
11707,spillage,2030,8,19,19,0.0
11708,spillage,2030,8,20,20,0.0
11709,spillage,2030,8,21,21,0.0
11710,spillage,2030,8,22,22,0.0
11711,spillage,2030,8,23,23,0.0
11712,spillage,2030,8,24,24,0.0
11713,spillage,2030,9,1,1,0.0
11714,spillage,2030,9,2,2,0.0
11715,spillage,2030,9,3,3,0.0
11716,spillage,2030,9,4,4,0.0
11717,spillage,2030,9,5,5,0.0
11718,spillage,2030,9,6,6,0.0
11719,spillage,2030,9,7,7,0.0
11720,spillage,2030,9,8,8,0.0
11721,spillage,2030,9,9,9,0.0
11722,spillage,2030,9,10,10,0.0
11723,spillage,2030,9,11,11,0.0
11724,spillage,2030,9,12,12,0.0
11725,spillage,2030,9,13,13,0.0
11726,spillage,2030,9,14,14,0.0
11727,spillage,2030,9,15,15,0.0
11728,spillage,2030,9,16,16,0.0
11729,spillage,2030,9,17,17,0.0
11730,spillage,2030,9,18,18,0.0
11731,spillage,2030,9,19,19,0.0
11732,spillage,2030,9,20,20,0.0
11733,spillage,2030,9,21,21,0.0
11734,spillage,2030,9,22,22,0.0
11735,spillage,2030,9,23,23,0.0
11736,spillage,2030,9,24,24,0.0
11737,spillage,2030,10,1,1,0.0
11738,spillage,2030,10,2,2,0.0
11739,spillage,2030,10,3,3,0.0
11740,spillage,2030,10,4,4,0.0
11741,spillage,2030,10,5,5,0.0
11742,spillage,2030,10,6,6,0.0
11743,spillage,2030,10,7,7,0.0
11744,spillage,2030,10,8,8,0.0
11745,spillage,2030,10,9,9,0.0
11746,spillage,2030,10,10,10,0.0
11747,spillage,2030,10,11,11,0.0
11748,spillage,2030,10,12,12,0.0
11749,spillage,2030,10,13,13,0.0
11750,spillage,2030,10,14,14,0.0
11751,spillage,2030,10,15,15,0.0
11752,spillage,2030,10,16,16,0.0
11753,spillage,2030,10,17,17,0.0
11754,spillage,2030,10,18,18,0.0
11755,spillage,2030,10,19,19,0.0
11756,spillage,2030,10,20,20,0.0
11757,spillage,2030,10,21,21,0.0
11758,spillage,2030,10,22,22,0.0
11759,spillage,2030,10,23,23,0.0
11760,spillage,2030,10,24,24,0.0
11761,spillage,2030,11,1,1,0.0
11762,spillage,2030,11,2,2,0.0
11763,spillage,2030,11,3,3,0.0
11764,spillage,2030,11,4,4,0.0
11765,spillage,2030,11,5,5,0.0
11766,spillage,2030,11,6,6,0.0
11767,spillage,2030,11,7,7,0.0
11768,spillage,2030,11,8,8,0.0
11769,spillage,2030,11,9,9,0.0
11770,spillage,2030,11,10,10,0.0
11771,spillage,2030,11,11,11,0.0
11772,spillage,2030,11,12,12,0.0
11773,spillage,2030,11,13,13,0.0
11774,spillage,2030,11,14,14,0.0
11775,spillage,2030,11,15,15,0.0
11776,spillage,2030,11,16,16,0.0
11777,spillage,2030,11,17,17,0.0
11778,spillage,2030,11,18,18,0.0
11779,spillage,2030,11,19,19,0.0
11780,spillage,2030,11,20,20,0.0
11781,spillage,2030,11,21,21,0.0
11782,spillage,2030,11,22,22,0.0
11783,spillage,2030,11,23,23,0.0
11784,spillage,2030,11,24,24,0.0
11785,spillage,2030,12,1,1,0.0
11786,spillage,2030,12,2,2,0.0
11787,spillage,2030,12,3,3,0.0
11788,spillage,2030,12,4,4,0.0
11789,spillage,2030,12,5,5,0.0
11790,spillage,2030,12,6,6,0.0
11791,spillage,2030,12,7,7,0.0
11792,spillage,2030,12,8,8,0.0
11793,spillage,2030,12,9,9,0.0
11794,spillage,2030,12,10,10,0.0
11795,spillage,2030,12,11,11,0.0
11796,spillage,2030,12,12,12,0.0
11797,spillage,2030,12,13,13,0.0
11798,spillage,2030,12,14,14,0.0
11799,spillage,2030,12,15,15,0.0
11800,spillage,2030,12,16,16,0.0
11801,spillage,2030,12,17,17,0.0
11802,spillage,2030,12,18,18,0.0
11803,spillage,2030,12,19,19,0.0
11804,spillage,2030,12,20,20,0.0
11805,spillage,2030,12,21,21,0.0
11806,spillage,2030,12,22,22,0.0
11807,spillage,2030,12,23,23,0.0
11808,spillage,2030,12,24,24,0.0
11809,spillage,2030,13,1,1,0.0
11810,spillage,2030,13,2,2,0.0
11811,spillage,2030,13,3,3,0.0
11812,spillage,2030,13,4,4,0.0
11813,spillage,2030,13,5,5,0.0
11814,spillage,2030,13,6,6,0.0
11815,spillage,2030,13,7,7,0.0
11816,spillage,2030,13,8,8,0.0
11817,spillage,2030,13,9,9,0.0
11818,spillage,2030,13,10,10,0.0
11819,spillage,2030,13,11,11,0.0
11820,spillage,2030,13,12,12,0.0
11821,spillage,2030,13,13,13,0.0
11822,spillage,2030,13,14,14,0.0
11823,spillage,2030,13,15,15,0.0
11824,spillage,2030,13,16,16,0.0
11825,spillage,2030,13,17,17,0.0
11826,spillage,2030,13,18,18,0.0
11827,spillage,2030,13,19,19,0.0
11828,spillage,2030,13,20,20,0.0
11829,spillage,2030,13,21,21,0.0
11830,spillage,2030,13,22,22,0.0
11831,spillage,2030,13,23,23,0.0
11832,spillage,2030,13,24,24,0.0
11833,spillage,2030,14,1,1,0.0
11834,spillage,2030,14,2,2,0.0
11835,spillage,2030,14,3,3,0.0
11836,spillage,2030,14,4,4,0.0
11837,spillage,2030,14,5,5,0.0
11838,spillage,2030,14,6,6,0.0
11839,spillage,2030,14,7,7,0.0
11840,spillage,2030,14,8,8,0.0
11841,spillage,2030,14,9,9,0.0
11842,spillage,2030,14,10,10,0.0
11843,spillage,2030,14,11,11,0.0
11844,spillage,2030,14,12,12,0.0
11845,spillage,2030,14,13,13,0.0
11846,spillage,2030,14,14,14,0.0
11847,spillage,2030,14,15,15,0.0
11848,spillage,2030,14,16,16,0.0
11849,spillage,2030,14,17,17,0.0
11850,spillage,2030,14,18,18,0.0
11851,spillage,2030,14,19,19,0.0
11852,spillage,2030,14,20,20,0.0
11853,spillage,2030,14,21,21,0.0
11854,spillage,2030,14,22,22,0.0
11855,spillage,2030,14,23,23,0.0
11856,spillage,2030,14,24,24,0.0
11857,spillage,2030,15,1,1,0.0
11858,spillage,2030,15,2,2,0.0
11859,spillage,2030,15,3,3,0.0
11860,spillage,2030,15,4,4,0.0
11861,spillage,2030,15,5,5,0.0
11862,spillage,2030,15,6,6,0.0
11863,spillage,2030,15,7,7,0.0
11864,spillage,2030,15,8,8,0.0
11865,spillage,2030,15,9,9,0.0
11866,spillage,2030,15,10,10,0.0
11867,spillage,2030,15,11,11,0.0
11868,spillage,2030,15,12,12,0.0
11869,spillage,2030,15,13,13,0.0
11870,spillage,2030,15,14,14,0.0
11871,spillage,2030,15,15,15,0.0
11872,spillage,2030,15,16,16,0.0
11873,spillage,2030,15,17,17,0.0
11874,spillage,2030,15,18,18,0.0
11875,spillage,2030,15,19,19,0.0
11876,spillage,2030,15,20,20,0.0
11877,spillage,2030,15,21,21,0.0
11878,spillage,2030,15,22,22,0.0
11879,spillage,2030,15,23,23,0.0
11880,spillage,2030,15,24,24,0.0
11881,spillage,2030,16,1,1,0.0
11882,spillage,2030,16,2,2,0.0
11883,spillage,2030,16,3,3,0.0
11884,spillage,2030,16,4,4,0.0
11885,spillage,2030,16,5,5,0.0
11886,spillage,2030,16,6,6,0.0
11887,spillage,2030,16,7,7,0.0
11888,spillage,2030,16,8,8,0.0
11889,spillage,2030,16,9,9,0.0
11890,spillage,2030,16,10,10,0.0
11891,spillage,2030,16,11,11,0.0
11892,spillage,2030,16,12,12,0.0
11893,spillage,2030,16,13,13,0.0
11894,spillage,2030,16,14,14,0.0
11895,spillage,2030,16,15,15,0.0
11896,spillage,2030,16,16,16,0.0
11897,spillage,2030,16,17,17,0.0
11898,spillage,2030,16,18,18,0.0
11899,spillage,2030,16,19,19,0.0
11900,spillage,2030,16,20,20,0.0
11901,spillage,2030,16,21,21,0.0
11902,spillage,2030,16,22,22,0.0
11903,spillage,2030,16,23,23,0.0
11904,spillage,2030,16,24,24,0.0
11905,spillage,2030,17,1,1,0.0
11906,spillage,2030,17,2,2,0.0
11907,spillage,2030,17,3,3,0.0
11908,spillage,2030,17,4,4,0.0
11909,spillage,2030,17,5,5,0.0
11910,spillage,2030,17,6,6,0.0
11911,spillage,2030,17,7,7,0.0
11912,spillage,2030,17,8,8,0.0
11913,spillage,2030,17,9,9,0.0
11914,spillage,2030,17,10,10,0.0
11915,spillage,2030,17,11,11,0.0
11916,spillage,2030,17,12,12,0.0
11917,spillage,2030,17,13,13,0.0
11918,spillage,2030,17,14,14,0.0
11919,spillage,2030,17,15,15,0.0
11920,spillage,2030,17,16,16,0.0
11921,spillage,2030,17,17,17,0.0
11922,spillage,2030,17,18,18,0.0
11923,spillage,2030,17,19,19,0.0
11924,spillage,2030,17,20,20,0.0
11925,spillage,2030,17,21,21,0.0
11926,spillage,2030,17,22,22,0.0
11927,spillage,2030,17,23,23,0.0
11928,spillage,2030,17,24,24,0.0
11929,spillage,2030,18,1,1,0.0
11930,spillage,2030,18,2,2,0.0
11931,spillage,2030,18,3,3,0.0
11932,spillage,2030,18,4,4,0.0
11933,spillage,2030,18,5,5,0.0
11934,spillage,2030,18,6,6,0.0
11935,spillage,2030,18,7,7,0.0
11936,spillage,2030,18,8,8,0.0
11937,spillage,2030,18,9,9,0.0
11938,spillage,2030,18,10,10,0.0
11939,spillage,2030,18,11,11,0.0
11940,spillage,2030,18,12,12,0.0
11941,spillage,2030,18,13,13,0.0
11942,spillage,2030,18,14,14,0.0
11943,spillage,2030,18,15,15,0.0
11944,spillage,2030,18,16,16,0.0
11945,spillage,2030,18,17,17,0.0
11946,spillage,2030,18,18,18,0.0
11947,spillage,2030,18,19,19,0.0
11948,spillage,2030,18,20,20,0.0
11949,spillage,2030,18,21,21,0.0
11950,spillage,2030,18,22,22,0.0
11951,spillage,2030,18,23,23,0.0
11952,spillage,2030,18,24,24,0.0
11953,spillage,2030,19,1,1,0.0
11954,spillage,2030,19,2,2,0.0
11955,spillage,2030,19,3,3,0.0
11956,spillage,2030,19,4,4,0.0
11957,spillage,2030,19,5,5,0.0
11958,spillage,2030,19,6,6,0.0
11959,spillage,2030,19,7,7,0.0
11960,spillage,2030,19,8,8,0.0
11961,spillage,2030,19,9,9,0.0
11962,spillage,2030,19,10,10,0.0
11963,spillage,2030,19,11,11,0.0
11964,spillage,2030,19,12,12,0.0
11965,spillage,2030,19,13,13,0.0
11966,spillage,2030,19,14,14,0.0
11967,spillage,2030,19,15,15,0.0
11968,spillage,2030,19,16,16,0.0
11969,spillage,2030,19,17,17,0.0
11970,spillage,2030,19,18,18,0.0
11971,spillage,2030,19,19,19,0.0
11972,spillage,2030,19,20,20,0.0
11973,spillage,2030,19,21,21,0.0
11974,spillage,2030,19,22,22,0.0
11975,spillage,2030,19,23,23,0.0
11976,spillage,2030,19,24,24,0.0
11977,spillage,2030,20,1,1,0.0
11978,spillage,2030,20,2,2,0.0
11979,spillage,2030,20,3,3,0.0
11980,spillage,2030,20,4,4,0.0
11981,spillage,2030,20,5,5,0.0
11982,spillage,2030,20,6,6,0.0
11983,spillage,2030,20,7,7,0.0
11984,spillage,2030,20,8,8,0.0
11985,spillage,2030,20,9,9,0.0
11986,spillage,2030,20,10,10,0.0
11987,spillage,2030,20,11,11,0.0
11988,spillage,2030,20,12,12,0.0
11989,spillage,2030,20,13,13,0.0
11990,spillage,2030,20,14,14,0.0
11991,spillage,2030,20,15,15,0.0
11992,spillage,2030,20,16,16,0.0
11993,spillage,2030,20,17,17,0.0
11994,spillage,2030,20,18,18,0.0
11995,spillage,2030,20,19,19,0.0
11996,spillage,2030,20,20,20,0.0
11997,spillage,2030,20,21,21,0.0
11998,spillage,2030,20,22,22,0.0
11999,spillage,2030,20,23,23,0.0
12000,spillage,2030,20,24,24,0.0
12001,spillage,2030,21,1,1,0.0
12002,spillage,2030,21,2,2,0.0
12003,spillage,2030,21,3,3,0.0
12004,spillage,2030,21,4,4,0.0
12005,spillage,2030,21,5,5,0.0
12006,spillage,2030,21,6,6,0.0
12007,spillage,2030,21,7,7,0.0
12008,spillage,2030,21,8,8,0.0
12009,spillage,2030,21,9,9,0.0
12010,spillage,2030,21,10,10,0.0
12011,spillage,2030,21,11,11,0.0
12012,spillage,2030,21,12,12,0.0
12013,spillage,2030,21,13,13,0.0
12014,spillage,2030,21,14,14,0.0
12015,spillage,2030,21,15,15,0.0
12016,spillage,2030,21,16,16,0.0
12017,spillage,2030,21,17,17,0.0
12018,spillage,2030,21,18,18,0.0
12019,spillage,2030,21,19,19,0.0
12020,spillage,2030,21,20,20,0.0
12021,spillage,2030,21,21,21,0.0
12022,spillage,2030,21,22,22,0.0
12023,spillage,2030,21,23,23,0.0
12024,spillage,2030,21,24,24,0.0
12025,spillage,2030,22,1,1,0.0
12026,spillage,2030,22,2,2,0.0
12027,spillage,2030,22,3,3,0.0
12028,spillage,2030,22,4,4,0.0
12029,spillage,2030,22,5,5,0.0
12030,spillage,2030,22,6,6,0.0
12031,spillage,2030,22,7,7,0.0
12032,spillage,2030,22,8,8,0.0
12033,spillage,2030,22,9,9,0.0
12034,spillage,2030,22,10,10,0.0
12035,spillage,2030,22,11,11,0.0
12036,spillage,2030,22,12,12,0.0
12037,spillage,2030,22,13,13,0.0
12038,spillage,2030,22,14,14,0.0
12039,spillage,2030,22,15,15,0.0
12040,spillage,2030,22,16,16,0.0
12041,spillage,2030,22,17,17,0.0
12042,spillage,2030,22,18,18,0.0
12043,spillage,2030,22,19,19,0.0
12044,spillage,2030,22,20,20,0.0
12045,spillage,2030,22,21,21,0.0
12046,spillage,2030,22,22,22,0.0
12047,spillage,2030,22,23,23,0.0
12048,spillage,2030,22,24,24,0.0
12049,spillage,2030,23,1,1,0.0
12050,spillage,2030,23,2,2,0.0
12051,spillage,2030,23,3,3,0.0
12052,spillage,2030,23,4,4,0.0
12053,spillage,2030,23,5,5,0.0
12054,spillage,2030,23,6,6,0.0
12055,spillage,2030,23,7,7,0.0
12056,spillage,2030,23,8,8,0.0
12057,spillage,2030,23,9,9,0.0
12058,spillage,2030,23,10,10,0.0
12059,spillage,2030,23,11,11,0.0
12060,spillage,2030,23,12,12,0.0
12061,spillage,2030,23,13,13,0.0
12062,spillage,2030,23,14,14,0.0
12063,spillage,2030,23,15,15,0.0
12064,spillage,2030,23,16,16,0.0
12065,spillage,2030,23,17,17,0.0
12066,spillage,2030,23,18,18,0.0
12067,spillage,2030,23,19,19,0.0
12068,spillage,2030,23,20,20,0.0
12069,spillage,2030,23,21,21,0.0
12070,spillage,2030,23,22,22,0.0
12071,spillage,2030,23,23,23,0.0
12072,spillage,2030,23,24,24,0.0
12073,spillage,2030,24,1,1,0.0
12074,spillage,2030,24,2,2,0.0
12075,spillage,2030,24,3,3,0.0
12076,spillage,2030,24,4,4,0.0
12077,spillage,2030,24,5,5,0.0
12078,spillage,2030,24,6,6,0.0
12079,spillage,2030,24,7,7,0.0
12080,spillage,2030,24,8,8,0.0
12081,spillage,2030,24,9,9,0.0
12082,spillage,2030,24,10,10,0.0
12083,spillage,2030,24,11,11,0.0
12084,spillage,2030,24,12,12,0.0
12085,spillage,2030,24,13,13,0.0
12086,spillage,2030,24,14,14,0.0
12087,spillage,2030,24,15,15,0.0
12088,spillage,2030,24,16,16,0.0
12089,spillage,2030,24,17,17,0.0
12090,spillage,2030,24,18,18,0.0
12091,spillage,2030,24,19,19,0.0
12092,spillage,2030,24,20,20,0.0
12093,spillage,2030,24,21,21,0.0
12094,spillage,2030,24,22,22,0.0
12095,spillage,2030,24,23,23,0.0
12096,spillage,2030,24,24,24,0.0
12097,spillage,2030,25,1,1,0.0
12098,spillage,2030,25,2,2,0.0
12099,spillage,2030,25,3,3,0.0
12100,spillage,2030,25,4,4,0.0
12101,spillage,2030,25,5,5,0.0
12102,spillage,2030,25,6,6,0.0
12103,spillage,2030,25,7,7,0.0
12104,spillage,2030,25,8,8,0.0
12105,spillage,2030,25,9,9,0.0
12106,spillage,2030,25,10,10,0.0
12107,spillage,2030,25,11,11,0.0
12108,spillage,2030,25,12,12,0.0
12109,spillage,2030,25,13,13,0.0
12110,spillage,2030,25,14,14,0.0
12111,spillage,2030,25,15,15,0.0
12112,spillage,2030,25,16,16,0.0
12113,spillage,2030,25,17,17,0.0
12114,spillage,2030,25,18,18,0.0
12115,spillage,2030,25,19,19,0.0
12116,spillage,2030,25,20,20,0.0
12117,spillage,2030,25,21,21,0.0
12118,spillage,2030,25,22,22,0.0
12119,spillage,2030,25,23,23,0.0
12120,spillage,2030,25,24,24,0.0
12121,spillage,2030,26,1,1,0.0
12122,spillage,2030,26,2,2,0.0
12123,spillage,2030,26,3,3,0.0
12124,spillage,2030,26,4,4,0.0
12125,spillage,2030,26,5,5,0.0
12126,spillage,2030,26,6,6,0.0
12127,spillage,2030,26,7,7,0.0
12128,spillage,2030,26,8,8,0.0
12129,spillage,2030,26,9,9,0.0
12130,spillage,2030,26,10,10,0.0
12131,spillage,2030,26,11,11,0.0
12132,spillage,2030,26,12,12,0.0
12133,spillage,2030,26,13,13,0.0
12134,spillage,2030,26,14,14,0.0
12135,spillage,2030,26,15,15,0.0
12136,spillage,2030,26,16,16,0.0
12137,spillage,2030,26,17,17,0.0
12138,spillage,2030,26,18,18,0.0
12139,spillage,2030,26,19,19,0.0
12140,spillage,2030,26,20,20,0.0
12141,spillage,2030,26,21,21,0.0
12142,spillage,2030,26,22,22,0.0
12143,spillage,2030,26,23,23,0.0
12144,spillage,2030,26,24,24,0.0
12145,spillage,2030,27,1,1,0.0
12146,spillage,2030,27,2,2,0.0
12147,spillage,2030,27,3,3,0.0
12148,spillage,2030,27,4,4,0.0
12149,spillage,2030,27,5,5,0.0
12150,spillage,2030,27,6,6,0.0
12151,spillage,2030,27,7,7,0.0
12152,spillage,2030,27,8,8,0.0
12153,spillage,2030,27,9,9,0.0
12154,spillage,2030,27,10,10,0.0
12155,spillage,2030,27,11,11,0.0
12156,spillage,2030,27,12,12,0.0
12157,spillage,2030,27,13,13,0.0
12158,spillage,2030,27,14,14,0.0
12159,spillage,2030,27,15,15,0.0
12160,spillage,2030,27,16,16,0.0
12161,spillage,2030,27,17,17,0.0
12162,spillage,2030,27,18,18,0.0
12163,spillage,2030,27,19,19,0.0
12164,spillage,2030,27,20,20,0.0
12165,spillage,2030,27,21,21,0.0
12166,spillage,2030,27,22,22,0.0
12167,spillage,2030,27,23,23,0.0
12168,spillage,2030,27,24,24,0.0
12169,spillage,2030,28,1,1,0.0
12170,spillage,2030,28,2,2,0.0
12171,spillage,2030,28,3,3,0.0
12172,spillage,2030,28,4,4,0.0
12173,spillage,2030,28,5,5,0.0
12174,spillage,2030,28,6,6,0.0
12175,spillage,2030,28,7,7,0.0
12176,spillage,2030,28,8,8,0.0
12177,spillage,2030,28,9,9,0.0
12178,spillage,2030,28,10,10,0.0
12179,spillage,2030,28,11,11,0.0
12180,spillage,2030,28,12,12,0.0
12181,spillage,2030,28,13,13,0.0
12182,spillage,2030,28,14,14,0.0
12183,spillage,2030,28,15,15,0.0
12184,spillage,2030,28,16,16,0.0
12185,spillage,2030,28,17,17,0.0
12186,spillage,2030,28,18,18,0.0
12187,spillage,2030,28,19,19,0.0
12188,spillage,2030,28,20,20,0.0
12189,spillage,2030,28,21,21,0.0
12190,spillage,2030,28,22,22,0.0
12191,spillage,2030,28,23,23,0.0
12192,spillage,2030,28,24,24,0.0
12193,spillage,2030,29,1,1,0.0
12194,spillage,2030,29,2,2,0.0
12195,spillage,2030,29,3,3,0.0
12196,spillage,2030,29,4,4,0.0
12197,spillage,2030,29,5,5,0.0
12198,spillage,2030,29,6,6,0.0
12199,spillage,2030,29,7,7,0.0
12200,spillage,2030,29,8,8,0.0
12201,spillage,2030,29,9,9,0.0
12202,spillage,2030,29,10,10,0.0
12203,spillage,2030,29,11,11,0.0
12204,spillage,2030,29,12,12,0.0
12205,spillage,2030,29,13,13,0.0
12206,spillage,2030,29,14,14,0.0
12207,spillage,2030,29,15,15,0.0
12208,spillage,2030,29,16,16,0.0
12209,spillage,2030,29,17,17,0.0
12210,spillage,2030,29,18,18,0.0
12211,spillage,2030,29,19,19,0.0
12212,spillage,2030,29,20,20,0.0
12213,spillage,2030,29,21,21,0.0
12214,spillage,2030,29,22,22,0.0
12215,spillage,2030,29,23,23,0.0
12216,spillage,2030,29,24,24,0.0
12217,spillage,2030,30,1,1,0.0
12218,spillage,2030,30,2,2,0.0
12219,spillage,2030,30,3,3,0.0
12220,spillage,2030,30,4,4,0.0
12221,spillage,2030,30,5,5,0.0
12222,spillage,2030,30,6,6,0.0
12223,spillage,2030,30,7,7,0.0
12224,spillage,2030,30,8,8,0.0
12225,spillage,2030,30,9,9,0.0
12226,spillage,2030,30,10,10,0.0
12227,spillage,2030,30,11,11,0.0
12228,spillage,2030,30,12,12,0.0
12229,spillage,2030,30,13,13,0.0
12230,spillage,2030,30,14,14,0.0
12231,spillage,2030,30,15,15,0.0
12232,spillage,2030,30,16,16,0.0
12233,spillage,2030,30,17,17,0.0
12234,spillage,2030,30,18,18,0.0
12235,spillage,2030,30,19,19,0.0
12236,spillage,2030,30,20,20,0.0
12237,spillage,2030,30,21,21,0.0
12238,spillage,2030,30,22,22,0.0
12239,spillage,2030,30,23,23,0.0
12240,spillage,2030,30,24,24,0.0
12241,spillage,2030,31,1,1,0.0
12242,spillage,2030,31,2,2,0.0
12243,spillage,2030,31,3,3,0.0
12244,spillage,2030,31,4,4,0.0
12245,spillage,2030,31,5,5,0.0
12246,spillage,2030,31,6,6,0.0
12247,spillage,2030,31,7,7,0.0
12248,spillage,2030,31,8,8,0.0
12249,spillage,2030,31,9,9,0.0
12250,spillage,2030,31,10,10,0.0
12251,spillage,2030,31,11,11,0.0
12252,spillage,2030,31,12,12,0.0
12253,spillage,2030,31,13,13,0.0
12254,spillage,2030,31,14,14,0.0
12255,spillage,2030,31,15,15,0.0
12256,spillage,2030,31,16,16,0.0
12257,spillage,2030,31,17,17,0.0
12258,spillage,2030,31,18,18,0.0
12259,spillage,2030,31,19,19,0.0
12260,spillage,2030,31,20,20,0.0
12261,spillage,2030,31,21,21,0.0
12262,spillage,2030,31,22,22,0.0
12263,spillage,2030,31,23,23,0.0
12264,spillage,2030,31,24,24,0.0
12265,spillage,2030,32,1,1,0.0
12266,spillage,2030,32,2,2,0.0
12267,spillage,2030,32,3,3,0.0
12268,spillage,2030,32,4,4,0.0
12269,spillage,2030,32,5,5,0.0
12270,spillage,2030,32,6,6,0.0
12271,spillage,2030,32,7,7,0.0
12272,spillage,2030,32,8,8,0.0
12273,spillage,2030,32,9,9,0.0
12274,spillage,2030,32,10,10,0.0
12275,spillage,2030,32,11,11,0.0
12276,spillage,2030,32,12,12,0.0
12277,spillage,2030,32,13,13,0.0
12278,spillage,2030,32,14,14,0.0
12279,spillage,2030,32,15,15,0.0
12280,spillage,2030,32,16,16,0.0
12281,spillage,2030,32,17,17,0.0
12282,spillage,2030,32,18,18,0.0
12283,spillage,2030,32,19,19,0.0
12284,spillage,2030,32,20,20,0.0
12285,spillage,2030,32,21,21,0.0
12286,spillage,2030,32,22,22,0.0
12287,spillage,2030,32,23,23,0.0
12288,spillage,2030,32,24,24,0.0
12289,spillage,2030,33,1,1,0.0
12290,spillage,2030,33,2,2,0.0
12291,spillage,2030,33,3,3,0.0
12292,spillage,2030,33,4,4,0.0
12293,spillage,2030,33,5,5,0.0
12294,spillage,2030,33,6,6,0.0
12295,spillage,2030,33,7,7,0.0
12296,spillage,2030,33,8,8,0.0
12297,spillage,2030,33,9,9,0.0
12298,spillage,2030,33,10,10,0.0
12299,spillage,2030,33,11,11,0.0
12300,spillage,2030,33,12,12,0.0
12301,spillage,2030,33,13,13,0.0
12302,spillage,2030,33,14,14,0.0
12303,spillage,2030,33,15,15,0.0
12304,spillage,2030,33,16,16,0.0
12305,spillage,2030,33,17,17,0.0
12306,spillage,2030,33,18,18,0.0
12307,spillage,2030,33,19,19,0.0
12308,spillage,2030,33,20,20,0.0
12309,spillage,2030,33,21,21,0.0
12310,spillage,2030,33,22,22,0.0
12311,spillage,2030,33,23,23,0.0
12312,spillage,2030,33,24,24,0.0
12313,spillage,2030,34,1,1,0.0
12314,spillage,2030,34,2,2,0.0
12315,spillage,2030,34,3,3,0.0
12316,spillage,2030,34,4,4,0.0
12317,spillage,2030,34,5,5,0.0
12318,spillage,2030,34,6,6,0.0
12319,spillage,2030,34,7,7,0.0
12320,spillage,2030,34,8,8,0.0
12321,spillage,2030,34,9,9,0.0
12322,spillage,2030,34,10,10,0.0
12323,spillage,2030,34,11,11,0.0
12324,spillage,2030,34,12,12,0.0
12325,spillage,2030,34,13,13,0.0
12326,spillage,2030,34,14,14,0.0
12327,spillage,2030,34,15,15,0.0
12328,spillage,2030,34,16,16,0.0
12329,spillage,2030,34,17,17,0.0
12330,spillage,2030,34,18,18,0.0
12331,spillage,2030,34,19,19,0.0
12332,spillage,2030,34,20,20,0.0
12333,spillage,2030,34,21,21,0.0
12334,spillage,2030,34,22,22,0.0
12335,spillage,2030,34,23,23,0.0
12336,spillage,2030,34,24,24,0.0
12337,spillage,2030,35,1,1,0.0
12338,spillage,2030,35,2,2,0.0
12339,spillage,2030,35,3,3,0.0
12340,spillage,2030,35,4,4,0.0
12341,spillage,2030,35,5,5,0.0
12342,spillage,2030,35,6,6,0.0
12343,spillage,2030,35,7,7,0.0
12344,spillage,2030,35,8,8,0.0
12345,spillage,2030,35,9,9,0.0
12346,spillage,2030,35,10,10,0.0
12347,spillage,2030,35,11,11,0.0
12348,spillage,2030,35,12,12,0.0
12349,spillage,2030,35,13,13,0.0
12350,spillage,2030,35,14,14,0.0
12351,spillage,2030,35,15,15,0.0
12352,spillage,2030,35,16,16,0.0
12353,spillage,2030,35,17,17,0.0
12354,spillage,2030,35,18,18,0.0
12355,spillage,2030,35,19,19,0.0
12356,spillage,2030,35,20,20,0.0
12357,spillage,2030,35,21,21,0.0
12358,spillage,2030,35,22,22,0.0
12359,spillage,2030,35,23,23,0.0
12360,spillage,2030,35,24,24,0.0
12361,spillage,2030,36,1,1,0.0
12362,spillage,2030,36,2,2,0.0
12363,spillage,2030,36,3,3,0.0
12364,spillage,2030,36,4,4,0.0
12365,spillage,2030,36,5,5,0.0
12366,spillage,2030,36,6,6,0.0
12367,spillage,2030,36,7,7,0.0
12368,spillage,2030,36,8,8,0.0
12369,spillage,2030,36,9,9,0.0
12370,spillage,2030,36,10,10,0.0
12371,spillage,2030,36,11,11,0.0
12372,spillage,2030,36,12,12,0.0
12373,spillage,2030,36,13,13,0.0
12374,spillage,2030,36,14,14,0.0
12375,spillage,2030,36,15,15,0.0
12376,spillage,2030,36,16,16,0.0
12377,spillage,2030,36,17,17,0.0
12378,spillage,2030,36,18,18,0.0
12379,spillage,2030,36,19,19,0.0
12380,spillage,2030,36,20,20,0.0
12381,spillage,2030,36,21,21,0.0
12382,spillage,2030,36,22,22,0.0
12383,spillage,2030,36,23,23,0.0
12384,spillage,2030,36,24,24,0.0
12385,spillage,2030,37,1,1,0.0
12386,spillage,2030,37,2,2,0.0
12387,spillage,2030,37,3,3,0.0
12388,spillage,2030,37,4,4,0.0
12389,spillage,2030,37,5,5,0.0
12390,spillage,2030,37,6,6,0.0
12391,spillage,2030,37,7,7,0.0
12392,spillage,2030,37,8,8,0.0
12393,spillage,2030,37,9,9,0.0
12394,spillage,2030,37,10,10,0.0
12395,spillage,2030,37,11,11,0.0
12396,spillage,2030,37,12,12,0.0
12397,spillage,2030,37,13,13,0.0
12398,spillage,2030,37,14,14,0.0
12399,spillage,2030,37,15,15,0.0
12400,spillage,2030,37,16,16,0.0
12401,spillage,2030,37,17,17,0.0
12402,spillage,2030,37,18,18,0.0
12403,spillage,2030,37,19,19,0.0
12404,spillage,2030,37,20,20,0.0
12405,spillage,2030,37,21,21,0.0
12406,spillage,2030,37,22,22,0.0
12407,spillage,2030,37,23,23,0.0
12408,spillage,2030,37,24,24,0.0
12409,spillage,2030,38,1,1,0.0
12410,spillage,2030,38,2,2,0.0
12411,spillage,2030,38,3,3,0.0
12412,spillage,2030,38,4,4,0.0
12413,spillage,2030,38,5,5,0.0
12414,spillage,2030,38,6,6,0.0
12415,spillage,2030,38,7,7,0.0
12416,spillage,2030,38,8,8,0.0
12417,spillage,2030,38,9,9,0.0
12418,spillage,2030,38,10,10,0.0
12419,spillage,2030,38,11,11,0.0
12420,spillage,2030,38,12,12,0.0
12421,spillage,2030,38,13,13,0.0
12422,spillage,2030,38,14,14,0.0
12423,spillage,2030,38,15,15,0.0
12424,spillage,2030,38,16,16,0.0
12425,spillage,2030,38,17,17,0.0
12426,spillage,2030,38,18,18,0.0
12427,spillage,2030,38,19,19,0.0
12428,spillage,2030,38,20,20,0.0
12429,spillage,2030,38,21,21,0.0
12430,spillage,2030,38,22,22,0.0
12431,spillage,2030,38,23,23,0.0
12432,spillage,2030,38,24,24,0.0
12433,spillage,2030,39,1,1,0.0
12434,spillage,2030,39,2,2,0.0
12435,spillage,2030,39,3,3,0.0
12436,spillage,2030,39,4,4,0.0
12437,spillage,2030,39,5,5,0.0
12438,spillage,2030,39,6,6,0.0
12439,spillage,2030,39,7,7,0.0
12440,spillage,2030,39,8,8,0.0
12441,spillage,2030,39,9,9,0.0
12442,spillage,2030,39,10,10,0.0
12443,spillage,2030,39,11,11,0.0
12444,spillage,2030,39,12,12,0.0
12445,spillage,2030,39,13,13,0.0
12446,spillage,2030,39,14,14,0.0
12447,spillage,2030,39,15,15,0.0
12448,spillage,2030,39,16,16,0.0
12449,spillage,2030,39,17,17,0.0
12450,spillage,2030,39,18,18,0.0
12451,spillage,2030,39,19,19,0.0
12452,spillage,2030,39,20,20,0.0
12453,spillage,2030,39,21,21,0.0
12454,spillage,2030,39,22,22,0.0
12455,spillage,2030,39,23,23,0.0
12456,spillage,2030,39,24,24,0.0
12457,spillage,2030,40,1,1,0.0
12458,spillage,2030,40,2,2,0.0
12459,spillage,2030,40,3,3,0.0
12460,spillage,2030,40,4,4,0.0
12461,spillage,2030,40,5,5,0.0
12462,spillage,2030,40,6,6,0.0
12463,spillage,2030,40,7,7,0.0
12464,spillage,2030,40,8,8,0.0
12465,spillage,2030,40,9,9,0.0
12466,spillage,2030,40,10,10,0.0
12467,spillage,2030,40,11,11,0.0
12468,spillage,2030,40,12,12,0.0
12469,spillage,2030,40,13,13,0.0
12470,spillage,2030,40,14,14,0.0
12471,spillage,2030,40,15,15,0.0
12472,spillage,2030,40,16,16,0.0
12473,spillage,2030,40,17,17,0.0
12474,spillage,2030,40,18,18,0.0
12475,spillage,2030,40,19,19,0.0
12476,spillage,2030,40,20,20,0.0
12477,spillage,2030,40,21,21,0.0
12478,spillage,2030,40,22,22,0.0
12479,spillage,2030,40,23,23,0.0
12480,spillage,2030,40,24,24,0.0
12481,spillage,2030,41,1,1,0.0
12482,spillage,2030,41,2,2,0.0
12483,spillage,2030,41,3,3,0.0
12484,spillage,2030,41,4,4,0.0
12485,spillage,2030,41,5,5,0.0
12486,spillage,2030,41,6,6,0.0
12487,spillage,2030,41,7,7,0.0
12488,spillage,2030,41,8,8,0.0
12489,spillage,2030,41,9,9,0.0
12490,spillage,2030,41,10,10,0.0
12491,spillage,2030,41,11,11,0.0
12492,spillage,2030,41,12,12,0.0
12493,spillage,2030,41,13,13,0.0
12494,spillage,2030,41,14,14,0.0
12495,spillage,2030,41,15,15,0.0
12496,spillage,2030,41,16,16,0.0
12497,spillage,2030,41,17,17,0.0
12498,spillage,2030,41,18,18,0.0
12499,spillage,2030,41,19,19,0.0
12500,spillage,2030,41,20,20,0.0
12501,spillage,2030,41,21,21,0.0
12502,spillage,2030,41,22,22,0.0
12503,spillage,2030,41,23,23,0.0
12504,spillage,2030,41,24,24,0.0
12505,spillage,2030,42,1,1,0.0
12506,spillage,2030,42,2,2,0.0
12507,spillage,2030,42,3,3,0.0
12508,spillage,2030,42,4,4,0.0
12509,spillage,2030,42,5,5,0.0
12510,spillage,2030,42,6,6,0.0
12511,spillage,2030,42,7,7,0.0
12512,spillage,2030,42,8,8,0.0
12513,spillage,2030,42,9,9,0.0
12514,spillage,2030,42,10,10,0.0
12515,spillage,2030,42,11,11,0.0
12516,spillage,2030,42,12,12,0.0
12517,spillage,2030,42,13,13,0.0
12518,spillage,2030,42,14,14,0.0
12519,spillage,2030,42,15,15,0.0
12520,spillage,2030,42,16,16,0.0
12521,spillage,2030,42,17,17,0.0
12522,spillage,2030,42,18,18,0.0
12523,spillage,2030,42,19,19,0.0
12524,spillage,2030,42,20,20,0.0
12525,spillage,2030,42,21,21,0.0
12526,spillage,2030,42,22,22,0.0
12527,spillage,2030,42,23,23,0.0
12528,spillage,2030,42,24,24,0.0
12529,spillage,2030,43,1,1,0.0
12530,spillage,2030,43,2,2,0.0
12531,spillage,2030,43,3,3,0.0
12532,spillage,2030,43,4,4,0.0
12533,spillage,2030,43,5,5,0.0
12534,spillage,2030,43,6,6,0.0
12535,spillage,2030,43,7,7,0.0
12536,spillage,2030,43,8,8,0.0
12537,spillage,2030,43,9,9,0.0
12538,spillage,2030,43,10,10,0.0
12539,spillage,2030,43,11,11,0.0
12540,spillage,2030,43,12,12,0.0
12541,spillage,2030,43,13,13,0.0
12542,spillage,2030,43,14,14,0.0
12543,spillage,2030,43,15,15,0.0
12544,spillage,2030,43,16,16,0.0
12545,spillage,2030,43,17,17,0.0
12546,spillage,2030,43,18,18,0.0
12547,spillage,2030,43,19,19,0.0
12548,spillage,2030,43,20,20,0.0
12549,spillage,2030,43,21,21,0.0
12550,spillage,2030,43,22,22,0.0
12551,spillage,2030,43,23,23,0.0
12552,spillage,2030,43,24,24,0.0
12553,spillage,2030,44,1,1,0.0
12554,spillage,2030,44,2,2,0.0
12555,spillage,2030,44,3,3,0.0
12556,spillage,2030,44,4,4,0.0
12557,spillage,2030,44,5,5,0.0
12558,spillage,2030,44,6,6,0.0
12559,spillage,2030,44,7,7,0.0
12560,spillage,2030,44,8,8,0.0
12561,spillage,2030,44,9,9,0.0
12562,spillage,2030,44,10,10,0.0
12563,spillage,2030,44,11,11,0.0
12564,spillage,2030,44,12,12,0.0
12565,spillage,2030,44,13,13,0.0
12566,spillage,2030,44,14,14,0.0
12567,spillage,2030,44,15,15,0.0
12568,spillage,2030,44,16,16,0.0
12569,spillage,2030,44,17,17,0.0
12570,spillage,2030,44,18,18,0.0
12571,spillage,2030,44,19,19,0.0
12572,spillage,2030,44,20,20,0.0
12573,spillage,2030,44,21,21,0.0
12574,spillage,2030,44,22,22,0.0
12575,spillage,2030,44,23,23,0.0
12576,spillage,2030,44,24,24,0.0
12577,spillage,2030,45,1,1,0.0
12578,spillage,2030,45,2,2,0.0
12579,spillage,2030,45,3,3,0.0
12580,spillage,2030,45,4,4,0.0
12581,spillage,2030,45,5,5,0.0
12582,spillage,2030,45,6,6,0.0
12583,spillage,2030,45,7,7,0.0
12584,spillage,2030,45,8,8,0.0
12585,spillage,2030,45,9,9,0.0
12586,spillage,2030,45,10,10,0.0
12587,spillage,2030,45,11,11,0.0
12588,spillage,2030,45,12,12,0.0
12589,spillage,2030,45,13,13,0.0
12590,spillage,2030,45,14,14,0.0
12591,spillage,2030,45,15,15,0.0
12592,spillage,2030,45,16,16,0.0
12593,spillage,2030,45,17,17,0.0
12594,spillage,2030,45,18,18,0.0
12595,spillage,2030,45,19,19,0.0
12596,spillage,2030,45,20,20,0.0
12597,spillage,2030,45,21,21,0.0
12598,spillage,2030,45,22,22,0.0
12599,spillage,2030,45,23,23,0.0
12600,spillage,2030,45,24,24,0.0
12601,spillage,2030,46,1,1,0.0
12602,spillage,2030,46,2,2,0.0
12603,spillage,2030,46,3,3,0.0
12604,spillage,2030,46,4,4,0.0
12605,spillage,2030,46,5,5,0.0
12606,spillage,2030,46,6,6,0.0
12607,spillage,2030,46,7,7,0.0
12608,spillage,2030,46,8,8,0.0
12609,spillage,2030,46,9,9,0.0
12610,spillage,2030,46,10,10,0.0
12611,spillage,2030,46,11,11,0.0
12612,spillage,2030,46,12,12,0.0
12613,spillage,2030,46,13,13,0.0
12614,spillage,2030,46,14,14,0.0
12615,spillage,2030,46,15,15,0.0
12616,spillage,2030,46,16,16,0.0
12617,spillage,2030,46,17,17,0.0
12618,spillage,2030,46,18,18,0.0
12619,spillage,2030,46,19,19,0.0
12620,spillage,2030,46,20,20,0.0
12621,spillage,2030,46,21,21,0.0
12622,spillage,2030,46,22,22,0.0
12623,spillage,2030,46,23,23,0.0
12624,spillage,2030,46,24,24,0.0
12625,spillage,2030,47,1,1,0.0
12626,spillage,2030,47,2,2,0.0
12627,spillage,2030,47,3,3,0.0
12628,spillage,2030,47,4,4,0.0
12629,spillage,2030,47,5,5,0.0
12630,spillage,2030,47,6,6,0.0
12631,spillage,2030,47,7,7,0.0
12632,spillage,2030,47,8,8,0.0
12633,spillage,2030,47,9,9,0.0
12634,spillage,2030,47,10,10,0.0
12635,spillage,2030,47,11,11,0.0
12636,spillage,2030,47,12,12,0.0
12637,spillage,2030,47,13,13,0.0
12638,spillage,2030,47,14,14,0.0
12639,spillage,2030,47,15,15,0.0
12640,spillage,2030,47,16,16,0.0
12641,spillage,2030,47,17,17,0.0
12642,spillage,2030,47,18,18,0.0
12643,spillage,2030,47,19,19,0.0
12644,spillage,2030,47,20,20,0.0
12645,spillage,2030,47,21,21,0.0
12646,spillage,2030,47,22,22,0.0
12647,spillage,2030,47,23,23,0.0
12648,spillage,2030,47,24,24,0.0
12649,spillage,2030,48,1,1,0.0
12650,spillage,2030,48,2,2,0.0
12651,spillage,2030,48,3,3,0.0
12652,spillage,2030,48,4,4,0.0
12653,spillage,2030,48,5,5,0.0
12654,spillage,2030,48,6,6,0.0
12655,spillage,2030,48,7,7,0.0
12656,spillage,2030,48,8,8,0.0
12657,spillage,2030,48,9,9,0.0
12658,spillage,2030,48,10,10,0.0
12659,spillage,2030,48,11,11,0.0
12660,spillage,2030,48,12,12,0.0
12661,spillage,2030,48,13,13,0.0
12662,spillage,2030,48,14,14,0.0
12663,spillage,2030,48,15,15,0.0
12664,spillage,2030,48,16,16,0.0
12665,spillage,2030,48,17,17,0.0
12666,spillage,2030,48,18,18,0.0
12667,spillage,2030,48,19,19,0.0
12668,spillage,2030,48,20,20,0.0
12669,spillage,2030,48,21,21,0.0
12670,spillage,2030,48,22,22,0.0
12671,spillage,2030,48,23,23,0.0
12672,spillage,2030,48,24,24,0.0
12673,spillage,2030,49,1,1,0.0
12674,spillage,2030,49,2,2,0.0
12675,spillage,2030,49,3,3,0.0
12676,spillage,2030,49,4,4,0.0
12677,spillage,2030,49,5,5,0.0
12678,spillage,2030,49,6,6,0.0
12679,spillage,2030,49,7,7,0.0
12680,spillage,2030,49,8,8,0.0
12681,spillage,2030,49,9,9,0.0
12682,spillage,2030,49,10,10,0.0
12683,spillage,2030,49,11,11,0.0
12684,spillage,2030,49,12,12,0.0
12685,spillage,2030,49,13,13,0.0
12686,spillage,2030,49,14,14,0.0
12687,spillage,2030,49,15,15,0.0
12688,spillage,2030,49,16,16,0.0
12689,spillage,2030,49,17,17,0.0
12690,spillage,2030,49,18,18,0.0
12691,spillage,2030,49,19,19,0.0
12692,spillage,2030,49,20,20,0.0
12693,spillage,2030,49,21,21,0.0
12694,spillage,2030,49,22,22,0.0
12695,spillage,2030,49,23,23,0.0
12696,spillage,2030,49,24,24,0.0
12697,spillage,2030,50,1,1,0.0
12698,spillage,2030,50,2,2,0.0
12699,spillage,2030,50,3,3,0.0
12700,spillage,2030,50,4,4,0.0
12701,spillage,2030,50,5,5,0.0
12702,spillage,2030,50,6,6,0.0
12703,spillage,2030,50,7,7,0.0
12704,spillage,2030,50,8,8,0.0
12705,spillage,2030,50,9,9,0.0
12706,spillage,2030,50,10,10,0.0
12707,spillage,2030,50,11,11,0.0
12708,spillage,2030,50,12,12,0.0
12709,spillage,2030,50,13,13,0.0
12710,spillage,2030,50,14,14,0.0
12711,spillage,2030,50,15,15,0.0
12712,spillage,2030,50,16,16,0.0
12713,spillage,2030,50,17,17,0.0
12714,spillage,2030,50,18,18,0.0
12715,spillage,2030,50,19,19,0.0
12716,spillage,2030,50,20,20,0.0
12717,spillage,2030,50,21,21,0.0
12718,spillage,2030,50,22,22,0.0
12719,spillage,2030,50,23,23,0.0
12720,spillage,2030,50,24,24,0.0
12721,spillage,2030,51,1,1,0.0
12722,spillage,2030,51,2,2,0.0
12723,spillage,2030,51,3,3,0.0
12724,spillage,2030,51,4,4,0.0
12725,spillage,2030,51,5,5,0.0
12726,spillage,2030,51,6,6,0.0
12727,spillage,2030,51,7,7,0.0
12728,spillage,2030,51,8,8,0.0
12729,spillage,2030,51,9,9,0.0
12730,spillage,2030,51,10,10,0.0
12731,spillage,2030,51,11,11,0.0
12732,spillage,2030,51,12,12,0.0
12733,spillage,2030,51,13,13,0.0
12734,spillage,2030,51,14,14,0.0
12735,spillage,2030,51,15,15,0.0
12736,spillage,2030,51,16,16,0.0
12737,spillage,2030,51,17,17,0.0
12738,spillage,2030,51,18,18,0.0
12739,spillage,2030,51,19,19,0.0
12740,spillage,2030,51,20,20,0.0
12741,spillage,2030,51,21,21,0.0
12742,spillage,2030,51,22,22,0.0
12743,spillage,2030,51,23,23,0.0
12744,spillage,2030,51,24,24,0.0
12745,spillage,2030,52,1,1,0.0
12746,spillage,2030,52,2,2,0.0
12747,spillage,2030,52,3,3,0.0
12748,spillage,2030,52,4,4,0.0
12749,spillage,2030,52,5,5,0.0
12750,spillage,2030,52,6,6,0.0
12751,spillage,2030,52,7,7,0.0
12752,spillage,2030,52,8,8,0.0
12753,spillage,2030,52,9,9,0.0
12754,spillage,2030,52,10,10,0.0
12755,spillage,2030,52,11,11,0.0
12756,spillage,2030,52,12,12,0.0
12757,spillage,2030,52,13,13,0.0
12758,spillage,2030,52,14,14,0.0
12759,spillage,2030,52,15,15,0.0
12760,spillage,2030,52,16,16,0.0
12761,spillage,2030,52,17,17,0.0
12762,spillage,2030,52,18,18,0.0
12763,spillage,2030,52,19,19,0.0
12764,spillage,2030,52,20,20,0.0
12765,spillage,2030,52,21,21,0.0
12766,spillage,2030,52,22,22,0.0
12767,spillage,2030,52,23,23,0.0
12768,spillage,2030,52,24,24,0.0
12769,spillage,2030,53,1,1,0.0
12770,spillage,2030,53,2,2,0.0
12771,spillage,2030,53,3,3,0.0
12772,spillage,2030,53,4,4,0.0
12773,spillage,2030,53,5,5,0.0
12774,spillage,2030,53,6,6,0.0
12775,spillage,2030,53,7,7,0.0
12776,spillage,2030,53,8,8,0.0
12777,spillage,2030,53,9,9,0.0
12778,spillage,2030,53,10,10,0.0
12779,spillage,2030,53,11,11,0.0
12780,spillage,2030,53,12,12,0.0
12781,spillage,2030,53,13,13,0.0
12782,spillage,2030,53,14,14,0.0
12783,spillage,2030,53,15,15,0.0
12784,spillage,2030,53,16,16,0.0
12785,spillage,2030,53,17,17,0.0
12786,spillage,2030,53,18,18,0.0
12787,spillage,2030,53,19,19,0.0
12788,spillage,2030,53,20,20,0.0
12789,spillage,2030,53,21,21,0.0
12790,spillage,2030,53,22,22,0.0
12791,spillage,2030,53,23,23,0.0
12792,spillage,2030,53,24,24,0.0
12793,spillage,2030,54,1,1,0.0
12794,spillage,2030,54,2,2,0.0
12795,spillage,2030,54,3,3,0.0
12796,spillage,2030,54,4,4,0.0
12797,spillage,2030,54,5,5,0.0
12798,spillage,2030,54,6,6,0.0
12799,spillage,2030,54,7,7,0.0
12800,spillage,2030,54,8,8,0.0
12801,spillage,2030,54,9,9,0.0
12802,spillage,2030,54,10,10,0.0
12803,spillage,2030,54,11,11,0.0
12804,spillage,2030,54,12,12,0.0
12805,spillage,2030,54,13,13,0.0
12806,spillage,2030,54,14,14,0.0
12807,spillage,2030,54,15,15,0.0
12808,spillage,2030,54,16,16,0.0
12809,spillage,2030,54,17,17,0.0
12810,spillage,2030,54,18,18,0.0
12811,spillage,2030,54,19,19,0.0
12812,spillage,2030,54,20,20,0.0
12813,spillage,2030,54,21,21,0.0
12814,spillage,2030,54,22,22,0.0
12815,spillage,2030,54,23,23,0.0
12816,spillage,2030,54,24,24,0.0
12817,spillage,2030,55,1,1,0.0
12818,spillage,2030,55,2,2,0.0
12819,spillage,2030,55,3,3,0.0
12820,spillage,2030,55,4,4,0.0
12821,spillage,2030,55,5,5,0.0
12822,spillage,2030,55,6,6,0.0
12823,spillage,2030,55,7,7,0.0
12824,spillage,2030,55,8,8,0.0
12825,spillage,2030,55,9,9,0.0
12826,spillage,2030,55,10,10,0.0
12827,spillage,2030,55,11,11,0.0
12828,spillage,2030,55,12,12,0.0
12829,spillage,2030,55,13,13,0.0
12830,spillage,2030,55,14,14,0.0
12831,spillage,2030,55,15,15,0.0
12832,spillage,2030,55,16,16,0.0
12833,spillage,2030,55,17,17,0.0
12834,spillage,2030,55,18,18,0.0
12835,spillage,2030,55,19,19,0.0
12836,spillage,2030,55,20,20,0.0
12837,spillage,2030,55,21,21,0.0
12838,spillage,2030,55,22,22,0.0
12839,spillage,2030,55,23,23,0.0
12840,spillage,2030,55,24,24,0.0
12841,spillage,2030,56,1,1,0.0
12842,spillage,2030,56,2,2,0.0
12843,spillage,2030,56,3,3,0.0
12844,spillage,2030,56,4,4,0.0
12845,spillage,2030,56,5,5,0.0
12846,spillage,2030,56,6,6,0.0
12847,spillage,2030,56,7,7,0.0
12848,spillage,2030,56,8,8,0.0
12849,spillage,2030,56,9,9,0.0
12850,spillage,2030,56,10,10,0.0
12851,spillage,2030,56,11,11,0.0
12852,spillage,2030,56,12,12,0.0
12853,spillage,2030,56,13,13,0.0
12854,spillage,2030,56,14,14,0.0
12855,spillage,2030,56,15,15,0.0
12856,spillage,2030,56,16,16,0.0
12857,spillage,2030,56,17,17,0.0
12858,spillage,2030,56,18,18,0.0
12859,spillage,2030,56,19,19,0.0
12860,spillage,2030,56,20,20,0.0
12861,spillage,2030,56,21,21,0.0
12862,spillage,2030,56,22,22,0.0
12863,spillage,2030,56,23,23,0.0
12864,spillage,2030,56,24,24,0.0
12865,spillage,2030,57,1,1,0.0
12866,spillage,2030,57,2,2,0.0
12867,spillage,2030,57,3,3,0.0
12868,spillage,2030,57,4,4,0.0
12869,spillage,2030,57,5,5,0.0
12870,spillage,2030,57,6,6,0.0
12871,spillage,2030,57,7,7,0.0
12872,spillage,2030,57,8,8,0.0
12873,spillage,2030,57,9,9,0.0
12874,spillage,2030,57,10,10,0.0
12875,spillage,2030,57,11,11,0.0
12876,spillage,2030,57,12,12,0.0
12877,spillage,2030,57,13,13,0.0
12878,spillage,2030,57,14,14,0.0
12879,spillage,2030,57,15,15,0.0
12880,spillage,2030,57,16,16,0.0
12881,spillage,2030,57,17,17,0.0
12882,spillage,2030,57,18,18,0.0
12883,spillage,2030,57,19,19,0.0
12884,spillage,2030,57,20,20,0.0
12885,spillage,2030,57,21,21,0.0
12886,spillage,2030,57,22,22,0.0
12887,spillage,2030,57,23,23,0.0
12888,spillage,2030,57,24,24,0.0
12889,spillage,2030,58,1,1,0.0
12890,spillage,2030,58,2,2,0.0
12891,spillage,2030,58,3,3,0.0
12892,spillage,2030,58,4,4,0.0
12893,spillage,2030,58,5,5,0.0
12894,spillage,2030,58,6,6,0.0
12895,spillage,2030,58,7,7,0.0
12896,spillage,2030,58,8,8,0.0
12897,spillage,2030,58,9,9,0.0
12898,spillage,2030,58,10,10,0.0
12899,spillage,2030,58,11,11,0.0
12900,spillage,2030,58,12,12,0.0
12901,spillage,2030,58,13,13,0.0
12902,spillage,2030,58,14,14,0.0
12903,spillage,2030,58,15,15,0.0
12904,spillage,2030,58,16,16,0.0
12905,spillage,2030,58,17,17,0.0
12906,spillage,2030,58,18,18,0.0
12907,spillage,2030,58,19,19,0.0
12908,spillage,2030,58,20,20,0.0
12909,spillage,2030,58,21,21,0.0
12910,spillage,2030,58,22,22,0.0
12911,spillage,2030,58,23,23,0.0
12912,spillage,2030,58,24,24,0.0
12913,spillage,2030,59,1,1,0.0
12914,spillage,2030,59,2,2,0.0
12915,spillage,2030,59,3,3,0.0
12916,spillage,2030,59,4,4,0.0
12917,spillage,2030,59,5,5,0.0
12918,spillage,2030,59,6,6,0.0
12919,spillage,2030,59,7,7,0.0
12920,spillage,2030,59,8,8,0.0
12921,spillage,2030,59,9,9,0.0
12922,spillage,2030,59,10,10,0.0
12923,spillage,2030,59,11,11,0.0
12924,spillage,2030,59,12,12,0.0
12925,spillage,2030,59,13,13,0.0
12926,spillage,2030,59,14,14,0.0
12927,spillage,2030,59,15,15,0.0
12928,spillage,2030,59,16,16,0.0
12929,spillage,2030,59,17,17,0.0
12930,spillage,2030,59,18,18,0.0
12931,spillage,2030,59,19,19,0.0
12932,spillage,2030,59,20,20,0.0
12933,spillage,2030,59,21,21,0.0
12934,spillage,2030,59,22,22,0.0
12935,spillage,2030,59,23,23,0.0
12936,spillage,2030,59,24,24,0.0
12937,spillage,2030,60,1,1,0.0
12938,spillage,2030,60,2,2,0.0
12939,spillage,2030,60,3,3,0.0
12940,spillage,2030,60,4,4,0.0
12941,spillage,2030,60,5,5,0.0
12942,spillage,2030,60,6,6,0.0
12943,spillage,2030,60,7,7,0.0
12944,spillage,2030,60,8,8,0.0
12945,spillage,2030,60,9,9,0.0
12946,spillage,2030,60,10,10,0.0
12947,spillage,2030,60,11,11,0.0
12948,spillage,2030,60,12,12,0.0
12949,spillage,2030,60,13,13,0.0
12950,spillage,2030,60,14,14,0.0
12951,spillage,2030,60,15,15,0.0
12952,spillage,2030,60,16,16,0.0
12953,spillage,2030,60,17,17,0.0
12954,spillage,2030,60,18,18,0.0
12955,spillage,2030,60,19,19,0.0
12956,spillage,2030,60,20,20,0.0
12957,spillage,2030,60,21,21,0.0
12958,spillage,2030,60,22,22,0.0
12959,spillage,2030,60,23,23,0.0
12960,spillage,2030,60,24,24,0.0
12961,spillage,2030,61,1,1,0.0
12962,spillage,2030,61,2,2,0.0
12963,spillage,2030,61,3,3,0.0
12964,spillage,2030,61,4,4,0.0
12965,spillage,2030,61,5,5,0.0
12966,spillage,2030,61,6,6,0.0
12967,spillage,2030,61,7,7,0.0
12968,spillage,2030,61,8,8,0.0
12969,spillage,2030,61,9,9,0.0
12970,spillage,2030,61,10,10,0.0
12971,spillage,2030,61,11,11,0.0
12972,spillage,2030,61,12,12,0.0
12973,spillage,2030,61,13,13,0.0
12974,spillage,2030,61,14,14,0.0
12975,spillage,2030,61,15,15,0.0
12976,spillage,2030,61,16,16,0.0
12977,spillage,2030,61,17,17,0.0
12978,spillage,2030,61,18,18,0.0
12979,spillage,2030,61,19,19,0.0
12980,spillage,2030,61,20,20,0.0
12981,spillage,2030,61,21,21,0.0
12982,spillage,2030,61,22,22,0.0
12983,spillage,2030,61,23,23,0.0
12984,spillage,2030,61,24,24,0.0
12985,spillage,2030,62,1,1,0.0
12986,spillage,2030,62,2,2,0.0
12987,spillage,2030,62,3,3,0.0
12988,spillage,2030,62,4,4,0.0
12989,spillage,2030,62,5,5,0.0
12990,spillage,2030,62,6,6,0.0
12991,spillage,2030,62,7,7,0.0
12992,spillage,2030,62,8,8,0.0
12993,spillage,2030,62,9,9,0.0
12994,spillage,2030,62,10,10,0.0
12995,spillage,2030,62,11,11,0.0
12996,spillage,2030,62,12,12,0.0
12997,spillage,2030,62,13,13,0.0
12998,spillage,2030,62,14,14,0.0
12999,spillage,2030,62,15,15,0.0
13000,spillage,2030,62,16,16,0.0
13001,spillage,2030,62,17,17,0.0
13002,spillage,2030,62,18,18,0.0
13003,spillage,2030,62,19,19,0.0
13004,spillage,2030,62,20,20,0.0
13005,spillage,2030,62,21,21,0.0
13006,spillage,2030,62,22,22,0.0
13007,spillage,2030,62,23,23,0.0
13008,spillage,2030,62,24,24,0.0
13009,spillage,2030,63,1,1,0.0
13010,spillage,2030,63,2,2,0.0
13011,spillage,2030,63,3,3,0.0
13012,spillage,2030,63,4,4,0.0
13013,spillage,2030,63,5,5,0.0
13014,spillage,2030,63,6,6,0.0
13015,spillage,2030,63,7,7,0.0
13016,spillage,2030,63,8,8,0.0
13017,spillage,2030,63,9,9,0.0
13018,spillage,2030,63,10,10,0.0
13019,spillage,2030,63,11,11,0.0
13020,spillage,2030,63,12,12,0.0
13021,spillage,2030,63,13,13,0.0
13022,spillage,2030,63,14,14,0.0
13023,spillage,2030,63,15,15,0.0
13024,spillage,2030,63,16,16,0.0
13025,spillage,2030,63,17,17,0.0
13026,spillage,2030,63,18,18,0.0
13027,spillage,2030,63,19,19,0.0
13028,spillage,2030,63,20,20,0.0
13029,spillage,2030,63,21,21,0.0
13030,spillage,2030,63,22,22,0.0
13031,spillage,2030,63,23,23,0.0
13032,spillage,2030,63,24,24,0.0
13033,spillage,2030,64,1,1,0.0
13034,spillage,2030,64,2,2,0.0
13035,spillage,2030,64,3,3,0.0
13036,spillage,2030,64,4,4,0.0
13037,spillage,2030,64,5,5,0.0
13038,spillage,2030,64,6,6,0.0
13039,spillage,2030,64,7,7,0.0
13040,spillage,2030,64,8,8,0.0
13041,spillage,2030,64,9,9,0.0
13042,spillage,2030,64,10,10,0.0
13043,spillage,2030,64,11,11,0.0
13044,spillage,2030,64,12,12,0.0
13045,spillage,2030,64,13,13,0.0
13046,spillage,2030,64,14,14,0.0
13047,spillage,2030,64,15,15,0.0
13048,spillage,2030,64,16,16,0.0
13049,spillage,2030,64,17,17,0.0
13050,spillage,2030,64,18,18,0.0
13051,spillage,2030,64,19,19,0.0
13052,spillage,2030,64,20,20,0.0
13053,spillage,2030,64,21,21,0.0
13054,spillage,2030,64,22,22,0.0
13055,spillage,2030,64,23,23,0.0
13056,spillage,2030,64,24,24,0.0
13057,spillage,2030,65,1,1,0.0
13058,spillage,2030,65,2,2,0.0
13059,spillage,2030,65,3,3,0.0
13060,spillage,2030,65,4,4,0.0
13061,spillage,2030,65,5,5,0.0
13062,spillage,2030,65,6,6,0.0
13063,spillage,2030,65,7,7,0.0
13064,spillage,2030,65,8,8,0.0
13065,spillage,2030,65,9,9,0.0
13066,spillage,2030,65,10,10,0.0
13067,spillage,2030,65,11,11,0.0
13068,spillage,2030,65,12,12,0.0
13069,spillage,2030,65,13,13,0.0
13070,spillage,2030,65,14,14,0.0
13071,spillage,2030,65,15,15,0.0
13072,spillage,2030,65,16,16,0.0
13073,spillage,2030,65,17,17,0.0
13074,spillage,2030,65,18,18,0.0
13075,spillage,2030,65,19,19,0.0
13076,spillage,2030,65,20,20,0.0
13077,spillage,2030,65,21,21,0.0
13078,spillage,2030,65,22,22,0.0
13079,spillage,2030,65,23,23,0.0
13080,spillage,2030,65,24,24,0.0
13081,spillage,2030,66,1,1,0.0
13082,spillage,2030,66,2,2,0.0
13083,spillage,2030,66,3,3,0.0
13084,spillage,2030,66,4,4,0.0
13085,spillage,2030,66,5,5,0.0
13086,spillage,2030,66,6,6,0.0
13087,spillage,2030,66,7,7,0.0
13088,spillage,2030,66,8,8,0.0
13089,spillage,2030,66,9,9,0.0
13090,spillage,2030,66,10,10,0.0
13091,spillage,2030,66,11,11,0.0
13092,spillage,2030,66,12,12,0.0
13093,spillage,2030,66,13,13,0.0
13094,spillage,2030,66,14,14,0.0
13095,spillage,2030,66,15,15,0.0
13096,spillage,2030,66,16,16,0.0
13097,spillage,2030,66,17,17,0.0
13098,spillage,2030,66,18,18,0.0
13099,spillage,2030,66,19,19,0.0
13100,spillage,2030,66,20,20,0.0
13101,spillage,2030,66,21,21,0.0
13102,spillage,2030,66,22,22,0.0
13103,spillage,2030,66,23,23,0.0
13104,spillage,2030,66,24,24,0.0
13105,spillage,2030,67,1,1,0.0
13106,spillage,2030,67,2,2,0.0
13107,spillage,2030,67,3,3,0.0
13108,spillage,2030,67,4,4,0.0
13109,spillage,2030,67,5,5,0.0
13110,spillage,2030,67,6,6,0.0
13111,spillage,2030,67,7,7,0.0
13112,spillage,2030,67,8,8,0.0
13113,spillage,2030,67,9,9,0.0
13114,spillage,2030,67,10,10,0.0
13115,spillage,2030,67,11,11,0.0
13116,spillage,2030,67,12,12,0.0
13117,spillage,2030,67,13,13,0.0
13118,spillage,2030,67,14,14,0.0
13119,spillage,2030,67,15,15,0.0
13120,spillage,2030,67,16,16,0.0
13121,spillage,2030,67,17,17,0.0
13122,spillage,2030,67,18,18,0.0
13123,spillage,2030,67,19,19,0.0
13124,spillage,2030,67,20,20,0.0
13125,spillage,2030,67,21,21,0.0
13126,spillage,2030,67,22,22,0.0
13127,spillage,2030,67,23,23,0.0
13128,spillage,2030,67,24,24,0.0
13129,spillage,2030,68,1,1,0.0
13130,spillage,2030,68,2,2,0.0
13131,spillage,2030,68,3,3,0.0
13132,spillage,2030,68,4,4,0.0
13133,spillage,2030,68,5,5,0.0
13134,spillage,2030,68,6,6,0.0
13135,spillage,2030,68,7,7,0.0
13136,spillage,2030,68,8,8,0.0
13137,spillage,2030,68,9,9,0.0
13138,spillage,2030,68,10,10,0.0
13139,spillage,2030,68,11,11,0.0
13140,spillage,2030,68,12,12,0.0
13141,spillage,2030,68,13,13,0.0
13142,spillage,2030,68,14,14,0.0
13143,spillage,2030,68,15,15,0.0
13144,spillage,2030,68,16,16,0.0
13145,spillage,2030,68,17,17,0.0
13146,spillage,2030,68,18,18,0.0
13147,spillage,2030,68,19,19,0.0
13148,spillage,2030,68,20,20,0.0
13149,spillage,2030,68,21,21,0.0
13150,spillage,2030,68,22,22,0.0
13151,spillage,2030,68,23,23,0.0
13152,spillage,2030,68,24,24,0.0
13153,spillage,2030,69,1,1,0.0
13154,spillage,2030,69,2,2,0.0
13155,spillage,2030,69,3,3,0.0
13156,spillage,2030,69,4,4,0.0
13157,spillage,2030,69,5,5,0.0
13158,spillage,2030,69,6,6,0.0
13159,spillage,2030,69,7,7,0.0
13160,spillage,2030,69,8,8,0.0
13161,spillage,2030,69,9,9,0.0
13162,spillage,2030,69,10,10,0.0
13163,spillage,2030,69,11,11,0.0
13164,spillage,2030,69,12,12,0.0
13165,spillage,2030,69,13,13,0.0
13166,spillage,2030,69,14,14,0.0
13167,spillage,2030,69,15,15,0.0
13168,spillage,2030,69,16,16,0.0
13169,spillage,2030,69,17,17,0.0
13170,spillage,2030,69,18,18,0.0
13171,spillage,2030,69,19,19,0.0
13172,spillage,2030,69,20,20,0.0
13173,spillage,2030,69,21,21,0.0
13174,spillage,2030,69,22,22,0.0
13175,spillage,2030,69,23,23,0.0
13176,spillage,2030,69,24,24,0.0
13177,spillage,2030,70,1,1,0.0
13178,spillage,2030,70,2,2,0.0
13179,spillage,2030,70,3,3,0.0
13180,spillage,2030,70,4,4,0.0
13181,spillage,2030,70,5,5,0.0
13182,spillage,2030,70,6,6,0.0
13183,spillage,2030,70,7,7,0.0
13184,spillage,2030,70,8,8,0.0
13185,spillage,2030,70,9,9,0.0
13186,spillage,2030,70,10,10,0.0
13187,spillage,2030,70,11,11,0.0
13188,spillage,2030,70,12,12,0.0
13189,spillage,2030,70,13,13,0.0
13190,spillage,2030,70,14,14,0.0
13191,spillage,2030,70,15,15,0.0
13192,spillage,2030,70,16,16,0.0
13193,spillage,2030,70,17,17,0.0
13194,spillage,2030,70,18,18,0.0
13195,spillage,2030,70,19,19,0.0
13196,spillage,2030,70,20,20,0.0
13197,spillage,2030,70,21,21,0.0
13198,spillage,2030,70,22,22,0.0
13199,spillage,2030,70,23,23,0.0
13200,spillage,2030,70,24,24,0.0
13201,spillage,2030,71,1,1,0.0
13202,spillage,2030,71,2,2,0.0
13203,spillage,2030,71,3,3,0.0
13204,spillage,2030,71,4,4,0.0
13205,spillage,2030,71,5,5,0.0
13206,spillage,2030,71,6,6,0.0
13207,spillage,2030,71,7,7,0.0
13208,spillage,2030,71,8,8,0.0
13209,spillage,2030,71,9,9,0.0
13210,spillage,2030,71,10,10,0.0
13211,spillage,2030,71,11,11,0.0
13212,spillage,2030,71,12,12,0.0
13213,spillage,2030,71,13,13,0.0
13214,spillage,2030,71,14,14,0.0
13215,spillage,2030,71,15,15,0.0
13216,spillage,2030,71,16,16,0.0
13217,spillage,2030,71,17,17,0.0
13218,spillage,2030,71,18,18,0.0
13219,spillage,2030,71,19,19,0.0
13220,spillage,2030,71,20,20,0.0
13221,spillage,2030,71,21,21,0.0
13222,spillage,2030,71,22,22,0.0
13223,spillage,2030,71,23,23,0.0
13224,spillage,2030,71,24,24,0.0
13225,spillage,2030,72,1,1,0.0
13226,spillage,2030,72,2,2,0.0
13227,spillage,2030,72,3,3,0.0
13228,spillage,2030,72,4,4,0.0
13229,spillage,2030,72,5,5,0.0
13230,spillage,2030,72,6,6,0.0
13231,spillage,2030,72,7,7,0.0
13232,spillage,2030,72,8,8,0.0
13233,spillage,2030,72,9,9,0.0
13234,spillage,2030,72,10,10,0.0
13235,spillage,2030,72,11,11,0.0
13236,spillage,2030,72,12,12,0.0
13237,spillage,2030,72,13,13,0.0
13238,spillage,2030,72,14,14,0.0
13239,spillage,2030,72,15,15,0.0
13240,spillage,2030,72,16,16,0.0
13241,spillage,2030,72,17,17,0.0
13242,spillage,2030,72,18,18,0.0
13243,spillage,2030,72,19,19,0.0
13244,spillage,2030,72,20,20,0.0
13245,spillage,2030,72,21,21,0.0
13246,spillage,2030,72,22,22,0.0
13247,spillage,2030,72,23,23,0.0
13248,spillage,2030,72,24,24,0.0
13249,spillage,2030,73,1,1,0.0
13250,spillage,2030,73,2,2,0.0
13251,spillage,2030,73,3,3,0.0
13252,spillage,2030,73,4,4,0.0
13253,spillage,2030,73,5,5,0.0
13254,spillage,2030,73,6,6,0.0
13255,spillage,2030,73,7,7,0.0
13256,spillage,2030,73,8,8,0.0
13257,spillage,2030,73,9,9,0.0
13258,spillage,2030,73,10,10,0.0
13259,spillage,2030,73,11,11,0.0
13260,spillage,2030,73,12,12,0.0
13261,spillage,2030,73,13,13,0.0
13262,spillage,2030,73,14,14,0.0
13263,spillage,2030,73,15,15,0.0
13264,spillage,2030,73,16,16,0.0
13265,spillage,2030,73,17,17,0.0
13266,spillage,2030,73,18,18,0.0
13267,spillage,2030,73,19,19,0.0
13268,spillage,2030,73,20,20,0.0
13269,spillage,2030,73,21,21,0.0
13270,spillage,2030,73,22,22,0.0
13271,spillage,2030,73,23,23,0.0
13272,spillage,2030,73,24,24,0.0
13273,spillage,2030,74,1,1,0.0
13274,spillage,2030,74,2,2,0.0
13275,spillage,2030,74,3,3,0.0
13276,spillage,2030,74,4,4,0.0
13277,spillage,2030,74,5,5,0.0
13278,spillage,2030,74,6,6,0.0
13279,spillage,2030,74,7,7,0.0
13280,spillage,2030,74,8,8,0.0
13281,spillage,2030,74,9,9,0.0
13282,spillage,2030,74,10,10,0.0
13283,spillage,2030,74,11,11,0.0
13284,spillage,2030,74,12,12,0.0
13285,spillage,2030,74,13,13,0.0
13286,spillage,2030,74,14,14,0.0
13287,spillage,2030,74,15,15,0.0
13288,spillage,2030,74,16,16,0.0
13289,spillage,2030,74,17,17,0.0
13290,spillage,2030,74,18,18,0.0
13291,spillage,2030,74,19,19,0.0
13292,spillage,2030,74,20,20,0.0
13293,spillage,2030,74,21,21,0.0
13294,spillage,2030,74,22,22,0.0
13295,spillage,2030,74,23,23,0.0
13296,spillage,2030,74,24,24,0.0
13297,spillage,2030,75,1,1,0.0
13298,spillage,2030,75,2,2,0.0
13299,spillage,2030,75,3,3,0.0
13300,spillage,2030,75,4,4,0.0
13301,spillage,2030,75,5,5,0.0
13302,spillage,2030,75,6,6,0.0
13303,spillage,2030,75,7,7,0.0
13304,spillage,2030,75,8,8,0.0
13305,spillage,2030,75,9,9,0.0
13306,spillage,2030,75,10,10,0.0
13307,spillage,2030,75,11,11,0.0
13308,spillage,2030,75,12,12,0.0
13309,spillage,2030,75,13,13,0.0
13310,spillage,2030,75,14,14,0.0
13311,spillage,2030,75,15,15,0.0
13312,spillage,2030,75,16,16,0.0
13313,spillage,2030,75,17,17,0.0
13314,spillage,2030,75,18,18,0.0
13315,spillage,2030,75,19,19,0.0
13316,spillage,2030,75,20,20,0.0
13317,spillage,2030,75,21,21,0.0
13318,spillage,2030,75,22,22,0.0
13319,spillage,2030,75,23,23,0.0
13320,spillage,2030,75,24,24,0.0
13321,spillage,2030,76,1,1,0.0
13322,spillage,2030,76,2,2,0.0
13323,spillage,2030,76,3,3,0.0
13324,spillage,2030,76,4,4,0.0
13325,spillage,2030,76,5,5,0.0
13326,spillage,2030,76,6,6,0.0
13327,spillage,2030,76,7,7,0.0
13328,spillage,2030,76,8,8,0.0
13329,spillage,2030,76,9,9,0.0
13330,spillage,2030,76,10,10,0.0
13331,spillage,2030,76,11,11,0.0
13332,spillage,2030,76,12,12,0.0
13333,spillage,2030,76,13,13,0.0
13334,spillage,2030,76,14,14,0.0
13335,spillage,2030,76,15,15,0.0
13336,spillage,2030,76,16,16,0.0
13337,spillage,2030,76,17,17,0.0
13338,spillage,2030,76,18,18,0.0
13339,spillage,2030,76,19,19,0.0
13340,spillage,2030,76,20,20,0.0
13341,spillage,2030,76,21,21,0.0
13342,spillage,2030,76,22,22,0.0
13343,spillage,2030,76,23,23,0.0
13344,spillage,2030,76,24,24,0.0
13345,spillage,2030,77,1,1,0.0
13346,spillage,2030,77,2,2,0.0
13347,spillage,2030,77,3,3,0.0
13348,spillage,2030,77,4,4,0.0
13349,spillage,2030,77,5,5,0.0
13350,spillage,2030,77,6,6,0.0
13351,spillage,2030,77,7,7,0.0
13352,spillage,2030,77,8,8,0.0
13353,spillage,2030,77,9,9,0.0
13354,spillage,2030,77,10,10,0.0
13355,spillage,2030,77,11,11,0.0
13356,spillage,2030,77,12,12,0.0
13357,spillage,2030,77,13,13,0.0
13358,spillage,2030,77,14,14,0.0
13359,spillage,2030,77,15,15,0.0
13360,spillage,2030,77,16,16,0.0
13361,spillage,2030,77,17,17,0.0
13362,spillage,2030,77,18,18,0.0
13363,spillage,2030,77,19,19,0.0
13364,spillage,2030,77,20,20,0.0
13365,spillage,2030,77,21,21,0.0
13366,spillage,2030,77,22,22,0.0
13367,spillage,2030,77,23,23,0.0
13368,spillage,2030,77,24,24,0.0
13369,spillage,2030,78,1,1,0.0
13370,spillage,2030,78,2,2,0.0
13371,spillage,2030,78,3,3,0.0
13372,spillage,2030,78,4,4,0.0
13373,spillage,2030,78,5,5,0.0
13374,spillage,2030,78,6,6,0.0
13375,spillage,2030,78,7,7,0.0
13376,spillage,2030,78,8,8,0.0
13377,spillage,2030,78,9,9,0.0
13378,spillage,2030,78,10,10,0.0
13379,spillage,2030,78,11,11,0.0
13380,spillage,2030,78,12,12,0.0
13381,spillage,2030,78,13,13,0.0
13382,spillage,2030,78,14,14,0.0
13383,spillage,2030,78,15,15,0.0
13384,spillage,2030,78,16,16,0.0
13385,spillage,2030,78,17,17,0.0
13386,spillage,2030,78,18,18,0.0
13387,spillage,2030,78,19,19,0.0
13388,spillage,2030,78,20,20,0.0
13389,spillage,2030,78,21,21,0.0
13390,spillage,2030,78,22,22,0.0
13391,spillage,2030,78,23,23,0.0
13392,spillage,2030,78,24,24,0.0
13393,spillage,2030,79,1,1,0.0
13394,spillage,2030,79,2,2,0.0
13395,spillage,2030,79,3,3,0.0
13396,spillage,2030,79,4,4,0.0
13397,spillage,2030,79,5,5,0.0
13398,spillage,2030,79,6,6,0.0
13399,spillage,2030,79,7,7,0.0
13400,spillage,2030,79,8,8,0.0
13401,spillage,2030,79,9,9,0.0
13402,spillage,2030,79,10,10,0.0
13403,spillage,2030,79,11,11,0.0
13404,spillage,2030,79,12,12,0.0
13405,spillage,2030,79,13,13,0.0
13406,spillage,2030,79,14,14,0.0
13407,spillage,2030,79,15,15,0.0
13408,spillage,2030,79,16,16,0.0
13409,spillage,2030,79,17,17,0.0
13410,spillage,2030,79,18,18,0.0
13411,spillage,2030,79,19,19,0.0
13412,spillage,2030,79,20,20,0.0
13413,spillage,2030,79,21,21,0.0
13414,spillage,2030,79,22,22,0.0
13415,spillage,2030,79,23,23,0.0
13416,spillage,2030,79,24,24,0.0
13417,spillage,2030,80,1,1,0.0
13418,spillage,2030,80,2,2,0.0
13419,spillage,2030,80,3,3,0.0
13420,spillage,2030,80,4,4,0.0
13421,spillage,2030,80,5,5,0.0
13422,spillage,2030,80,6,6,0.0
13423,spillage,2030,80,7,7,0.0
13424,spillage,2030,80,8,8,0.0
13425,spillage,2030,80,9,9,0.0
13426,spillage,2030,80,10,10,0.0
13427,spillage,2030,80,11,11,0.0
13428,spillage,2030,80,12,12,0.0
13429,spillage,2030,80,13,13,0.0
13430,spillage,2030,80,14,14,0.0
13431,spillage,2030,80,15,15,0.0
13432,spillage,2030,80,16,16,0.0
13433,spillage,2030,80,17,17,0.0
13434,spillage,2030,80,18,18,0.0
13435,spillage,2030,80,19,19,0.0
13436,spillage,2030,80,20,20,0.0
13437,spillage,2030,80,21,21,0.0
13438,spillage,2030,80,22,22,0.0
13439,spillage,2030,80,23,23,0.0
13440,spillage,2030,80,24,24,0.0
13441,spillage,2030,81,1,1,0.0
13442,spillage,2030,81,2,2,0.0
13443,spillage,2030,81,3,3,0.0
13444,spillage,2030,81,4,4,0.0
13445,spillage,2030,81,5,5,0.0
13446,spillage,2030,81,6,6,0.0
13447,spillage,2030,81,7,7,0.0
13448,spillage,2030,81,8,8,0.0
13449,spillage,2030,81,9,9,0.0
13450,spillage,2030,81,10,10,0.0
13451,spillage,2030,81,11,11,0.0
13452,spillage,2030,81,12,12,0.0
13453,spillage,2030,81,13,13,0.0
13454,spillage,2030,81,14,14,0.0
13455,spillage,2030,81,15,15,0.0
13456,spillage,2030,81,16,16,0.0
13457,spillage,2030,81,17,17,0.0
13458,spillage,2030,81,18,18,0.0
13459,spillage,2030,81,19,19,0.0
13460,spillage,2030,81,20,20,0.0
13461,spillage,2030,81,21,21,0.0
13462,spillage,2030,81,22,22,0.0
13463,spillage,2030,81,23,23,0.0
13464,spillage,2030,81,24,24,0.0
13465,spillage,2030,82,1,1,0.0
13466,spillage,2030,82,2,2,0.0
13467,spillage,2030,82,3,3,0.0
13468,spillage,2030,82,4,4,0.0
13469,spillage,2030,82,5,5,0.0
13470,spillage,2030,82,6,6,0.0
13471,spillage,2030,82,7,7,0.0
13472,spillage,2030,82,8,8,0.0
13473,spillage,2030,82,9,9,0.0
13474,spillage,2030,82,10,10,0.0
13475,spillage,2030,82,11,11,0.0
13476,spillage,2030,82,12,12,0.0
13477,spillage,2030,82,13,13,0.0
13478,spillage,2030,82,14,14,0.0
13479,spillage,2030,82,15,15,0.0
13480,spillage,2030,82,16,16,0.0
13481,spillage,2030,82,17,17,0.0
13482,spillage,2030,82,18,18,0.0
13483,spillage,2030,82,19,19,0.0
13484,spillage,2030,82,20,20,0.0
13485,spillage,2030,82,21,21,0.0
13486,spillage,2030,82,22,22,0.0
13487,spillage,2030,82,23,23,0.0
13488,spillage,2030,82,24,24,0.0
13489,spillage,2030,83,1,1,0.0
13490,spillage,2030,83,2,2,0.0
13491,spillage,2030,83,3,3,0.0
13492,spillage,2030,83,4,4,0.0
13493,spillage,2030,83,5,5,0.0
13494,spillage,2030,83,6,6,0.0
13495,spillage,2030,83,7,7,0.0
13496,spillage,2030,83,8,8,0.0
13497,spillage,2030,83,9,9,0.0
13498,spillage,2030,83,10,10,0.0
13499,spillage,2030,83,11,11,0.0
13500,spillage,2030,83,12,12,0.0
13501,spillage,2030,83,13,13,0.0
13502,spillage,2030,83,14,14,0.0
13503,spillage,2030,83,15,15,0.0
13504,spillage,2030,83,16,16,0.0
13505,spillage,2030,83,17,17,0.0
13506,spillage,2030,83,18,18,0.0
13507,spillage,2030,83,19,19,0.0
13508,spillage,2030,83,20,20,0.0
13509,spillage,2030,83,21,21,0.0
13510,spillage,2030,83,22,22,0.0
13511,spillage,2030,83,23,23,0.0
13512,spillage,2030,83,24,24,0.0
13513,spillage,2030,84,1,1,0.0
13514,spillage,2030,84,2,2,0.0
13515,spillage,2030,84,3,3,0.0
13516,spillage,2030,84,4,4,0.0
13517,spillage,2030,84,5,5,0.0
13518,spillage,2030,84,6,6,0.0
13519,spillage,2030,84,7,7,0.0
13520,spillage,2030,84,8,8,0.0
13521,spillage,2030,84,9,9,0.0
13522,spillage,2030,84,10,10,0.0
13523,spillage,2030,84,11,11,0.0
13524,spillage,2030,84,12,12,0.0
13525,spillage,2030,84,13,13,0.0
13526,spillage,2030,84,14,14,0.0
13527,spillage,2030,84,15,15,0.0
13528,spillage,2030,84,16,16,0.0
13529,spillage,2030,84,17,17,0.0
13530,spillage,2030,84,18,18,0.0
13531,spillage,2030,84,19,19,0.0
13532,spillage,2030,84,20,20,0.0
13533,spillage,2030,84,21,21,0.0
13534,spillage,2030,84,22,22,0.0
13535,spillage,2030,84,23,23,0.0
13536,spillage,2030,84,24,24,0.0
13537,spillage,2030,85,1,1,0.0
13538,spillage,2030,85,2,2,0.0
13539,spillage,2030,85,3,3,0.0
13540,spillage,2030,85,4,4,0.0
13541,spillage,2030,85,5,5,0.0
13542,spillage,2030,85,6,6,0.0
13543,spillage,2030,85,7,7,0.0
13544,spillage,2030,85,8,8,0.0
13545,spillage,2030,85,9,9,0.0
13546,spillage,2030,85,10,10,0.0
13547,spillage,2030,85,11,11,0.0
13548,spillage,2030,85,12,12,0.0
13549,spillage,2030,85,13,13,0.0
13550,spillage,2030,85,14,14,0.0
13551,spillage,2030,85,15,15,0.0
13552,spillage,2030,85,16,16,0.0
13553,spillage,2030,85,17,17,0.0
13554,spillage,2030,85,18,18,0.0
13555,spillage,2030,85,19,19,0.0
13556,spillage,2030,85,20,20,0.0
13557,spillage,2030,85,21,21,0.0
13558,spillage,2030,85,22,22,0.0
13559,spillage,2030,85,23,23,0.0
13560,spillage,2030,85,24,24,0.0
13561,spillage,2030,86,1,1,0.0
13562,spillage,2030,86,2,2,0.0
13563,spillage,2030,86,3,3,0.0
13564,spillage,2030,86,4,4,0.0
13565,spillage,2030,86,5,5,0.0
13566,spillage,2030,86,6,6,0.0
13567,spillage,2030,86,7,7,0.0
13568,spillage,2030,86,8,8,0.0
13569,spillage,2030,86,9,9,0.0
13570,spillage,2030,86,10,10,0.0
13571,spillage,2030,86,11,11,0.0
13572,spillage,2030,86,12,12,0.0
13573,spillage,2030,86,13,13,0.0
13574,spillage,2030,86,14,14,0.0
13575,spillage,2030,86,15,15,0.0
13576,spillage,2030,86,16,16,0.0
13577,spillage,2030,86,17,17,0.0
13578,spillage,2030,86,18,18,0.0
13579,spillage,2030,86,19,19,0.0
13580,spillage,2030,86,20,20,0.0
13581,spillage,2030,86,21,21,0.0
13582,spillage,2030,86,22,22,0.0
13583,spillage,2030,86,23,23,0.0
13584,spillage,2030,86,24,24,0.0
13585,spillage,2030,87,1,1,0.0
13586,spillage,2030,87,2,2,0.0
13587,spillage,2030,87,3,3,0.0
13588,spillage,2030,87,4,4,0.0
13589,spillage,2030,87,5,5,0.0
13590,spillage,2030,87,6,6,0.0
13591,spillage,2030,87,7,7,0.0
13592,spillage,2030,87,8,8,0.0
13593,spillage,2030,87,9,9,0.0
13594,spillage,2030,87,10,10,0.0
13595,spillage,2030,87,11,11,0.0
13596,spillage,2030,87,12,12,0.0
13597,spillage,2030,87,13,13,0.0
13598,spillage,2030,87,14,14,0.0
13599,spillage,2030,87,15,15,0.0
13600,spillage,2030,87,16,16,0.0
13601,spillage,2030,87,17,17,0.0
13602,spillage,2030,87,18,18,0.0
13603,spillage,2030,87,19,19,0.0
13604,spillage,2030,87,20,20,0.0
13605,spillage,2030,87,21,21,0.0
13606,spillage,2030,87,22,22,0.0
13607,spillage,2030,87,23,23,0.0
13608,spillage,2030,87,24,24,0.0
13609,spillage,2030,88,1,1,0.0
13610,spillage,2030,88,2,2,0.0
13611,spillage,2030,88,3,3,0.0
13612,spillage,2030,88,4,4,0.0
13613,spillage,2030,88,5,5,0.0
13614,spillage,2030,88,6,6,0.0
13615,spillage,2030,88,7,7,0.0
13616,spillage,2030,88,8,8,0.0
13617,spillage,2030,88,9,9,0.0
13618,spillage,2030,88,10,10,0.0
13619,spillage,2030,88,11,11,0.0
13620,spillage,2030,88,12,12,0.0
13621,spillage,2030,88,13,13,0.0
13622,spillage,2030,88,14,14,0.0
13623,spillage,2030,88,15,15,0.0
13624,spillage,2030,88,16,16,0.0
13625,spillage,2030,88,17,17,0.0
13626,spillage,2030,88,18,18,0.0
13627,spillage,2030,88,19,19,0.0
13628,spillage,2030,88,20,20,0.0
13629,spillage,2030,88,21,21,0.0
13630,spillage,2030,88,22,22,0.0
13631,spillage,2030,88,23,23,0.0
13632,spillage,2030,88,24,24,0.0
13633,spillage,2030,89,1,1,0.0
13634,spillage,2030,89,2,2,0.0
13635,spillage,2030,89,3,3,0.0
13636,spillage,2030,89,4,4,0.0
13637,spillage,2030,89,5,5,0.0
13638,spillage,2030,89,6,6,0.0
13639,spillage,2030,89,7,7,0.0
13640,spillage,2030,89,8,8,0.0
13641,spillage,2030,89,9,9,0.0
13642,spillage,2030,89,10,10,0.0
13643,spillage,2030,89,11,11,0.0
13644,spillage,2030,89,12,12,0.0
13645,spillage,2030,89,13,13,0.0
13646,spillage,2030,89,14,14,0.0
13647,spillage,2030,89,15,15,0.0
13648,spillage,2030,89,16,16,0.0
13649,spillage,2030,89,17,17,0.0
13650,spillage,2030,89,18,18,0.0
13651,spillage,2030,89,19,19,0.0
13652,spillage,2030,89,20,20,0.0
13653,spillage,2030,89,21,21,0.0
13654,spillage,2030,89,22,22,0.0
13655,spillage,2030,89,23,23,0.0
13656,spillage,2030,89,24,24,0.0
13657,spillage,2030,90,1,1,0.0
13658,spillage,2030,90,2,2,0.0
13659,spillage,2030,90,3,3,0.0
13660,spillage,2030,90,4,4,0.0
13661,spillage,2030,90,5,5,0.0
13662,spillage,2030,90,6,6,0.0
13663,spillage,2030,90,7,7,0.0
13664,spillage,2030,90,8,8,0.0
13665,spillage,2030,90,9,9,0.0
13666,spillage,2030,90,10,10,0.0
13667,spillage,2030,90,11,11,0.0
13668,spillage,2030,90,12,12,0.0
13669,spillage,2030,90,13,13,0.0
13670,spillage,2030,90,14,14,0.0
13671,spillage,2030,90,15,15,0.0
13672,spillage,2030,90,16,16,0.0
13673,spillage,2030,90,17,17,0.0
13674,spillage,2030,90,18,18,0.0
13675,spillage,2030,90,19,19,0.0
13676,spillage,2030,90,20,20,0.0
13677,spillage,2030,90,21,21,0.0
13678,spillage,2030,90,22,22,0.0
13679,spillage,2030,90,23,23,0.0
13680,spillage,2030,90,24,24,0.0
13681,spillage,2030,91,1,1,0.0
13682,spillage,2030,91,2,2,0.0
13683,spillage,2030,91,3,3,0.0
13684,spillage,2030,91,4,4,0.0
13685,spillage,2030,91,5,5,0.0
13686,spillage,2030,91,6,6,0.0
13687,spillage,2030,91,7,7,0.0
13688,spillage,2030,91,8,8,0.0
13689,spillage,2030,91,9,9,0.0
13690,spillage,2030,91,10,10,0.0
13691,spillage,2030,91,11,11,0.0
13692,spillage,2030,91,12,12,0.0
13693,spillage,2030,91,13,13,0.0
13694,spillage,2030,91,14,14,0.0
13695,spillage,2030,91,15,15,0.0
13696,spillage,2030,91,16,16,0.0
13697,spillage,2030,91,17,17,0.0
13698,spillage,2030,91,18,18,0.0
13699,spillage,2030,91,19,19,0.0
13700,spillage,2030,91,20,20,0.0
13701,spillage,2030,91,21,21,0.0
13702,spillage,2030,91,22,22,0.0
13703,spillage,2030,91,23,23,0.0
13704,spillage,2030,91,24,24,0.0
13705,spillage,2030,92,1,1,0.0
13706,spillage,2030,92,2,2,0.0
13707,spillage,2030,92,3,3,0.0
13708,spillage,2030,92,4,4,0.0
13709,spillage,2030,92,5,5,0.0
13710,spillage,2030,92,6,6,0.0
13711,spillage,2030,92,7,7,0.0
13712,spillage,2030,92,8,8,0.0
13713,spillage,2030,92,9,9,0.0
13714,spillage,2030,92,10,10,0.0
13715,spillage,2030,92,11,11,0.0
13716,spillage,2030,92,12,12,0.0
13717,spillage,2030,92,13,13,0.0
13718,spillage,2030,92,14,14,0.0
13719,spillage,2030,92,15,15,0.0
13720,spillage,2030,92,16,16,0.0
13721,spillage,2030,92,17,17,0.0
13722,spillage,2030,92,18,18,0.0
13723,spillage,2030,92,19,19,0.0
13724,spillage,2030,92,20,20,0.0
13725,spillage,2030,92,21,21,0.0
13726,spillage,2030,92,22,22,0.0
13727,spillage,2030,92,23,23,0.0
13728,spillage,2030,92,24,24,0.0
13729,spillage,2030,93,1,1,0.0
13730,spillage,2030,93,2,2,0.0
13731,spillage,2030,93,3,3,0.0
13732,spillage,2030,93,4,4,0.0
13733,spillage,2030,93,5,5,0.0
13734,spillage,2030,93,6,6,0.0
13735,spillage,2030,93,7,7,0.0
13736,spillage,2030,93,8,8,0.0
13737,spillage,2030,93,9,9,0.0
13738,spillage,2030,93,10,10,0.0
13739,spillage,2030,93,11,11,0.0
13740,spillage,2030,93,12,12,0.0
13741,spillage,2030,93,13,13,0.0
13742,spillage,2030,93,14,14,0.0
13743,spillage,2030,93,15,15,0.0
13744,spillage,2030,93,16,16,0.0
13745,spillage,2030,93,17,17,0.0
13746,spillage,2030,93,18,18,0.0
13747,spillage,2030,93,19,19,0.0
13748,spillage,2030,93,20,20,0.0
13749,spillage,2030,93,21,21,0.0
13750,spillage,2030,93,22,22,0.0
13751,spillage,2030,93,23,23,0.0
13752,spillage,2030,93,24,24,0.0
13753,spillage,2030,94,1,1,0.0
13754,spillage,2030,94,2,2,0.0
13755,spillage,2030,94,3,3,0.0
13756,spillage,2030,94,4,4,0.0
13757,spillage,2030,94,5,5,0.0
13758,spillage,2030,94,6,6,0.0
13759,spillage,2030,94,7,7,0.0
13760,spillage,2030,94,8,8,0.0
13761,spillage,2030,94,9,9,0.0
13762,spillage,2030,94,10,10,0.0
13763,spillage,2030,94,11,11,0.0
13764,spillage,2030,94,12,12,0.0
13765,spillage,2030,94,13,13,0.0
13766,spillage,2030,94,14,14,0.0
13767,spillage,2030,94,15,15,0.0
13768,spillage,2030,94,16,16,0.0
13769,spillage,2030,94,17,17,0.0
13770,spillage,2030,94,18,18,0.0
13771,spillage,2030,94,19,19,0.0
13772,spillage,2030,94,20,20,0.0
13773,spillage,2030,94,21,21,0.0
13774,spillage,2030,94,22,22,0.0
13775,spillage,2030,94,23,23,0.0
13776,spillage,2030,94,24,24,0.0
13777,spillage,2030,95,1,1,0.0
13778,spillage,2030,95,2,2,0.0
13779,spillage,2030,95,3,3,0.0
13780,spillage,2030,95,4,4,0.0
13781,spillage,2030,95,5,5,0.0
13782,spillage,2030,95,6,6,0.0
13783,spillage,2030,95,7,7,0.0
13784,spillage,2030,95,8,8,0.0
13785,spillage,2030,95,9,9,0.0
13786,spillage,2030,95,10,10,0.0
13787,spillage,2030,95,11,11,0.0
13788,spillage,2030,95,12,12,0.0
13789,spillage,2030,95,13,13,0.0
13790,spillage,2030,95,14,14,0.0
13791,spillage,2030,95,15,15,0.0
13792,spillage,2030,95,16,16,0.0
13793,spillage,2030,95,17,17,0.0
13794,spillage,2030,95,18,18,0.0
13795,spillage,2030,95,19,19,0.0
13796,spillage,2030,95,20,20,0.0
13797,spillage,2030,95,21,21,0.0
13798,spillage,2030,95,22,22,0.0
13799,spillage,2030,95,23,23,0.0
13800,spillage,2030,95,24,24,0.0
13801,spillage,2030,96,1,1,0.0
13802,spillage,2030,96,2,2,0.0
13803,spillage,2030,96,3,3,0.0
13804,spillage,2030,96,4,4,0.0
13805,spillage,2030,96,5,5,0.0
13806,spillage,2030,96,6,6,0.0
13807,spillage,2030,96,7,7,0.0
13808,spillage,2030,96,8,8,0.0
13809,spillage,2030,96,9,9,0.0
13810,spillage,2030,96,10,10,0.0
13811,spillage,2030,96,11,11,0.0
13812,spillage,2030,96,12,12,0.0
13813,spillage,2030,96,13,13,0.0
13814,spillage,2030,96,14,14,0.0
13815,spillage,2030,96,15,15,0.0
13816,spillage,2030,96,16,16,0.0
13817,spillage,2030,96,17,17,0.0
13818,spillage,2030,96,18,18,0.0
13819,spillage,2030,96,19,19,0.0
13820,spillage,2030,96,20,20,0.0
13821,spillage,2030,96,21,21,0.0
13822,spillage,2030,96,22,22,0.0
13823,spillage,2030,96,23,23,0.0
13824,spillage,2030,96,24,24,0.0
13825,spillage,2030,97,1,1,0.0
13826,spillage,2030,97,2,2,0.0
13827,spillage,2030,97,3,3,0.0
13828,spillage,2030,97,4,4,0.0
13829,spillage,2030,97,5,5,0.0
13830,spillage,2030,97,6,6,0.0
13831,spillage,2030,97,7,7,0.0
13832,spillage,2030,97,8,8,0.0
13833,spillage,2030,97,9,9,0.0
13834,spillage,2030,97,10,10,0.0
13835,spillage,2030,97,11,11,0.0
13836,spillage,2030,97,12,12,0.0
13837,spillage,2030,97,13,13,0.0
13838,spillage,2030,97,14,14,0.0
13839,spillage,2030,97,15,15,0.0
13840,spillage,2030,97,16,16,0.0
13841,spillage,2030,97,17,17,0.0
13842,spillage,2030,97,18,18,0.0
13843,spillage,2030,97,19,19,0.0
13844,spillage,2030,97,20,20,0.0
13845,spillage,2030,97,21,21,0.0
13846,spillage,2030,97,22,22,0.0
13847,spillage,2030,97,23,23,0.0
13848,spillage,2030,97,24,24,0.0
13849,spillage,2030,98,1,1,0.0
13850,spillage,2030,98,2,2,0.0
13851,spillage,2030,98,3,3,0.0
13852,spillage,2030,98,4,4,0.0
13853,spillage,2030,98,5,5,0.0
13854,spillage,2030,98,6,6,0.0
13855,spillage,2030,98,7,7,0.0
13856,spillage,2030,98,8,8,0.0
13857,spillage,2030,98,9,9,0.0
13858,spillage,2030,98,10,10,0.0
13859,spillage,2030,98,11,11,0.0
13860,spillage,2030,98,12,12,0.0
13861,spillage,2030,98,13,13,0.0
13862,spillage,2030,98,14,14,0.0
13863,spillage,2030,98,15,15,0.0
13864,spillage,2030,98,16,16,0.0
13865,spillage,2030,98,17,17,0.0
13866,spillage,2030,98,18,18,0.0
13867,spillage,2030,98,19,19,0.0
13868,spillage,2030,98,20,20,0.0
13869,spillage,2030,98,21,21,0.0
13870,spillage,2030,98,22,22,0.0
13871,spillage,2030,98,23,23,0.0
13872,spillage,2030,98,24,24,0.0
13873,spillage,2030,99,1,1,0.0
13874,spillage,2030,99,2,2,0.0
13875,spillage,2030,99,3,3,0.0
13876,spillage,2030,99,4,4,0.0
13877,spillage,2030,99,5,5,0.0
13878,spillage,2030,99,6,6,0.0
13879,spillage,2030,99,7,7,0.0
13880,spillage,2030,99,8,8,0.0
13881,spillage,2030,99,9,9,0.0
13882,spillage,2030,99,10,10,0.0
13883,spillage,2030,99,11,11,0.0
13884,spillage,2030,99,12,12,0.0
13885,spillage,2030,99,13,13,0.0
13886,spillage,2030,99,14,14,0.0
13887,spillage,2030,99,15,15,0.0
13888,spillage,2030,99,16,16,0.0
13889,spillage,2030,99,17,17,0.0
13890,spillage,2030,99,18,18,0.0
13891,spillage,2030,99,19,19,0.0
13892,spillage,2030,99,20,20,0.0
13893,spillage,2030,99,21,21,0.0
13894,spillage,2030,99,22,22,0.0
13895,spillage,2030,99,23,23,0.0
13896,spillage,2030,99,24,24,0.0
13897,spillage,2030,100,1,1,0.0
13898,spillage,2030,100,2,2,0.0
13899,spillage,2030,100,3,3,0.0
13900,spillage,2030,100,4,4,0.0
13901,spillage,2030,100,5,5,0.0
13902,spillage,2030,100,6,6,0.0
13903,spillage,2030,100,7,7,0.0
13904,spillage,2030,100,8,8,0.0
13905,spillage,2030,100,9,9,0.0
13906,spillage,2030,100,10,10,0.0
13907,spillage,2030,100,11,11,0.0
13908,spillage,2030,100,12,12,0.0
13909,spillage,2030,100,13,13,0.0
13910,spillage,2030,100,14,14,0.0
13911,spillage,2030,100,15,15,0.0
13912,spillage,2030,100,16,16,0.0
13913,spillage,2030,100,17,17,0.0
13914,spillage,2030,100,18,18,0.0
13915,spillage,2030,100,19,19,0.0
13916,spillage,2030,100,20,20,0.0
13917,spillage,2030,100,21,21,0.0
13918,spillage,2030,100,22,22,0.0
13919,spillage,2030,100,23,23,0.0
13920,spillage,2030,100,24,24,0.0
13921,spillage,2030,101,1,1,0.0
13922,spillage,2030,101,2,2,0.0
13923,spillage,2030,101,3,3,0.0
13924,spillage,2030,101,4,4,0.0
13925,spillage,2030,101,5,5,0.0
13926,spillage,2030,101,6,6,0.0
13927,spillage,2030,101,7,7,0.0
13928,spillage,2030,101,8,8,0.0
13929,spillage,2030,101,9,9,0.0
13930,spillage,2030,101,10,10,0.0
13931,spillage,2030,101,11,11,0.0
13932,spillage,2030,101,12,12,0.0
13933,spillage,2030,101,13,13,0.0
13934,spillage,2030,101,14,14,0.0
13935,spillage,2030,101,15,15,0.0
13936,spillage,2030,101,16,16,0.0
13937,spillage,2030,101,17,17,0.0
13938,spillage,2030,101,18,18,0.0
13939,spillage,2030,101,19,19,0.0
13940,spillage,2030,101,20,20,0.0
13941,spillage,2030,101,21,21,0.0
13942,spillage,2030,101,22,22,0.0
13943,spillage,2030,101,23,23,0.0
13944,spillage,2030,101,24,24,0.0
13945,spillage,2030,102,1,1,0.0
13946,spillage,2030,102,2,2,0.0
13947,spillage,2030,102,3,3,0.0
13948,spillage,2030,102,4,4,0.0
13949,spillage,2030,102,5,5,0.0
13950,spillage,2030,102,6,6,0.0
13951,spillage,2030,102,7,7,0.0
13952,spillage,2030,102,8,8,0.0
13953,spillage,2030,102,9,9,0.0
13954,spillage,2030,102,10,10,0.0
13955,spillage,2030,102,11,11,0.0
13956,spillage,2030,102,12,12,0.0
13957,spillage,2030,102,13,13,0.0
13958,spillage,2030,102,14,14,0.0
13959,spillage,2030,102,15,15,0.0
13960,spillage,2030,102,16,16,0.0
13961,spillage,2030,102,17,17,0.0
13962,spillage,2030,102,18,18,0.0
13963,spillage,2030,102,19,19,0.0
13964,spillage,2030,102,20,20,0.0
13965,spillage,2030,102,21,21,0.0
13966,spillage,2030,102,22,22,0.0
13967,spillage,2030,102,23,23,0.0
13968,spillage,2030,102,24,24,0.0
13969,spillage,2030,103,1,1,0.0
13970,spillage,2030,103,2,2,0.0
13971,spillage,2030,103,3,3,0.0
13972,spillage,2030,103,4,4,0.0
13973,spillage,2030,103,5,5,0.0
13974,spillage,2030,103,6,6,0.0
13975,spillage,2030,103,7,7,0.0
13976,spillage,2030,103,8,8,0.0
13977,spillage,2030,103,9,9,0.0
13978,spillage,2030,103,10,10,0.0
13979,spillage,2030,103,11,11,0.0
13980,spillage,2030,103,12,12,0.0
13981,spillage,2030,103,13,13,0.0
13982,spillage,2030,103,14,14,0.0
13983,spillage,2030,103,15,15,0.0
13984,spillage,2030,103,16,16,0.0
13985,spillage,2030,103,17,17,0.0
13986,spillage,2030,103,18,18,0.0
13987,spillage,2030,103,19,19,0.0
13988,spillage,2030,103,20,20,0.0
13989,spillage,2030,103,21,21,0.0
13990,spillage,2030,103,22,22,0.0
13991,spillage,2030,103,23,23,0.0
13992,spillage,2030,103,24,24,0.0
13993,spillage,2030,104,1,1,0.0
13994,spillage,2030,104,2,2,0.0
13995,spillage,2030,104,3,3,0.0
13996,spillage,2030,104,4,4,0.0
13997,spillage,2030,104,5,5,0.0
13998,spillage,2030,104,6,6,0.0
13999,spillage,2030,104,7,7,0.0
14000,spillage,2030,104,8,8,0.0
14001,spillage,2030,104,9,9,0.0
14002,spillage,2030,104,10,10,0.0
14003,spillage,2030,104,11,11,0.0
14004,spillage,2030,104,12,12,0.0
14005,spillage,2030,104,13,13,0.0
14006,spillage,2030,104,14,14,0.0
14007,spillage,2030,104,15,15,0.0
14008,spillage,2030,104,16,16,0.0
14009,spillage,2030,104,17,17,0.0
14010,spillage,2030,104,18,18,0.0
14011,spillage,2030,104,19,19,0.0
14012,spillage,2030,104,20,20,0.0
14013,spillage,2030,104,21,21,0.0
14014,spillage,2030,104,22,22,0.0
14015,spillage,2030,104,23,23,0.0
14016,spillage,2030,104,24,24,0.0
14017,spillage,2030,105,1,1,0.0
14018,spillage,2030,105,2,2,0.0
14019,spillage,2030,105,3,3,0.0
14020,spillage,2030,105,4,4,0.0
14021,spillage,2030,105,5,5,0.0
14022,spillage,2030,105,6,6,0.0
14023,spillage,2030,105,7,7,0.0
14024,spillage,2030,105,8,8,0.0
14025,spillage,2030,105,9,9,0.0
14026,spillage,2030,105,10,10,0.0
14027,spillage,2030,105,11,11,0.0
14028,spillage,2030,105,12,12,0.0
14029,spillage,2030,105,13,13,0.0
14030,spillage,2030,105,14,14,0.0
14031,spillage,2030,105,15,15,0.0
14032,spillage,2030,105,16,16,0.0
14033,spillage,2030,105,17,17,0.0
14034,spillage,2030,105,18,18,0.0
14035,spillage,2030,105,19,19,0.0
14036,spillage,2030,105,20,20,0.0
14037,spillage,2030,105,21,21,0.0
14038,spillage,2030,105,22,22,0.0
14039,spillage,2030,105,23,23,0.0
14040,spillage,2030,105,24,24,0.0
14041,spillage,2030,106,1,1,0.0
14042,spillage,2030,106,2,2,0.0
14043,spillage,2030,106,3,3,0.0
14044,spillage,2030,106,4,4,0.0
14045,spillage,2030,106,5,5,0.0
14046,spillage,2030,106,6,6,0.0
14047,spillage,2030,106,7,7,0.0
14048,spillage,2030,106,8,8,0.0
14049,spillage,2030,106,9,9,0.0
14050,spillage,2030,106,10,10,0.0
14051,spillage,2030,106,11,11,0.0
14052,spillage,2030,106,12,12,0.0
14053,spillage,2030,106,13,13,0.0
14054,spillage,2030,106,14,14,0.0
14055,spillage,2030,106,15,15,0.0
14056,spillage,2030,106,16,16,0.0
14057,spillage,2030,106,17,17,0.0
14058,spillage,2030,106,18,18,0.0
14059,spillage,2030,106,19,19,0.0
14060,spillage,2030,106,20,20,0.0
14061,spillage,2030,106,21,21,0.0
14062,spillage,2030,106,22,22,0.0
14063,spillage,2030,106,23,23,0.0
14064,spillage,2030,106,24,24,0.0
14065,spillage,2030,107,1,1,0.0
14066,spillage,2030,107,2,2,0.0
14067,spillage,2030,107,3,3,0.0
14068,spillage,2030,107,4,4,0.0
14069,spillage,2030,107,5,5,0.0
14070,spillage,2030,107,6,6,0.0
14071,spillage,2030,107,7,7,0.0
14072,spillage,2030,107,8,8,0.0
14073,spillage,2030,107,9,9,0.0
14074,spillage,2030,107,10,10,0.0
14075,spillage,2030,107,11,11,0.0
14076,spillage,2030,107,12,12,0.0
14077,spillage,2030,107,13,13,0.0
14078,spillage,2030,107,14,14,0.0
14079,spillage,2030,107,15,15,0.0
14080,spillage,2030,107,16,16,0.0
14081,spillage,2030,107,17,17,0.0
14082,spillage,2030,107,18,18,0.0
14083,spillage,2030,107,19,19,0.0
14084,spillage,2030,107,20,20,0.0
14085,spillage,2030,107,21,21,0.0
14086,spillage,2030,107,22,22,0.0
14087,spillage,2030,107,23,23,0.0
14088,spillage,2030,107,24,24,0.0
14089,spillage,2030,108,1,1,0.0
14090,spillage,2030,108,2,2,0.0
14091,spillage,2030,108,3,3,0.0
14092,spillage,2030,108,4,4,0.0
14093,spillage,2030,108,5,5,0.0
14094,spillage,2030,108,6,6,0.0
14095,spillage,2030,108,7,7,0.0
14096,spillage,2030,108,8,8,0.0
14097,spillage,2030,108,9,9,0.0
14098,spillage,2030,108,10,10,0.0
14099,spillage,2030,108,11,11,0.0
14100,spillage,2030,108,12,12,0.0
14101,spillage,2030,108,13,13,0.0
14102,spillage,2030,108,14,14,0.0
14103,spillage,2030,108,15,15,0.0
14104,spillage,2030,108,16,16,0.0
14105,spillage,2030,108,17,17,0.0
14106,spillage,2030,108,18,18,0.0
14107,spillage,2030,108,19,19,0.0
14108,spillage,2030,108,20,20,0.0
14109,spillage,2030,108,21,21,0.0
14110,spillage,2030,108,22,22,0.0
14111,spillage,2030,108,23,23,0.0
14112,spillage,2030,108,24,24,0.0
14113,spillage,2030,109,1,1,0.0
14114,spillage,2030,109,2,2,0.0
14115,spillage,2030,109,3,3,0.0
14116,spillage,2030,109,4,4,0.0
14117,spillage,2030,109,5,5,0.0
14118,spillage,2030,109,6,6,0.0
14119,spillage,2030,109,7,7,0.0
14120,spillage,2030,109,8,8,0.0
14121,spillage,2030,109,9,9,0.0
14122,spillage,2030,109,10,10,0.0
14123,spillage,2030,109,11,11,0.0
14124,spillage,2030,109,12,12,0.0
14125,spillage,2030,109,13,13,0.0
14126,spillage,2030,109,14,14,0.0
14127,spillage,2030,109,15,15,0.0
14128,spillage,2030,109,16,16,0.0
14129,spillage,2030,109,17,17,0.0
14130,spillage,2030,109,18,18,0.0
14131,spillage,2030,109,19,19,0.0
14132,spillage,2030,109,20,20,0.0
14133,spillage,2030,109,21,21,0.0
14134,spillage,2030,109,22,22,0.0
14135,spillage,2030,109,23,23,0.0
14136,spillage,2030,109,24,24,0.0
14137,spillage,2030,110,1,1,0.0
14138,spillage,2030,110,2,2,0.0
14139,spillage,2030,110,3,3,0.0
14140,spillage,2030,110,4,4,0.0
14141,spillage,2030,110,5,5,0.0
14142,spillage,2030,110,6,6,0.0
14143,spillage,2030,110,7,7,0.0
14144,spillage,2030,110,8,8,0.0
14145,spillage,2030,110,9,9,0.0
14146,spillage,2030,110,10,10,0.0
14147,spillage,2030,110,11,11,0.0
14148,spillage,2030,110,12,12,0.0
14149,spillage,2030,110,13,13,0.0
14150,spillage,2030,110,14,14,0.0
14151,spillage,2030,110,15,15,0.0
14152,spillage,2030,110,16,16,0.0
14153,spillage,2030,110,17,17,0.0
14154,spillage,2030,110,18,18,0.0
14155,spillage,2030,110,19,19,0.0
14156,spillage,2030,110,20,20,0.0
14157,spillage,2030,110,21,21,0.0
14158,spillage,2030,110,22,22,0.0
14159,spillage,2030,110,23,23,0.0
14160,spillage,2030,110,24,24,0.0
14161,spillage,2030,111,1,1,0.0
14162,spillage,2030,111,2,2,0.0
14163,spillage,2030,111,3,3,0.0
14164,spillage,2030,111,4,4,0.0
14165,spillage,2030,111,5,5,0.0
14166,spillage,2030,111,6,6,0.0
14167,spillage,2030,111,7,7,0.0
14168,spillage,2030,111,8,8,0.0
14169,spillage,2030,111,9,9,0.0
14170,spillage,2030,111,10,10,0.0
14171,spillage,2030,111,11,11,0.0
14172,spillage,2030,111,12,12,0.0
14173,spillage,2030,111,13,13,0.0
14174,spillage,2030,111,14,14,0.0
14175,spillage,2030,111,15,15,0.0
14176,spillage,2030,111,16,16,0.0
14177,spillage,2030,111,17,17,0.0
14178,spillage,2030,111,18,18,0.0
14179,spillage,2030,111,19,19,0.0
14180,spillage,2030,111,20,20,0.0
14181,spillage,2030,111,21,21,0.0
14182,spillage,2030,111,22,22,0.0
14183,spillage,2030,111,23,23,0.0
14184,spillage,2030,111,24,24,0.0
14185,spillage,2030,112,1,1,0.0
14186,spillage,2030,112,2,2,0.0
14187,spillage,2030,112,3,3,0.0
14188,spillage,2030,112,4,4,0.0
14189,spillage,2030,112,5,5,0.0
14190,spillage,2030,112,6,6,0.0
14191,spillage,2030,112,7,7,0.0
14192,spillage,2030,112,8,8,0.0
14193,spillage,2030,112,9,9,0.0
14194,spillage,2030,112,10,10,0.0
14195,spillage,2030,112,11,11,0.0
14196,spillage,2030,112,12,12,0.0
14197,spillage,2030,112,13,13,0.0
14198,spillage,2030,112,14,14,0.0
14199,spillage,2030,112,15,15,0.0
14200,spillage,2030,112,16,16,0.0
14201,spillage,2030,112,17,17,0.0
14202,spillage,2030,112,18,18,0.0
14203,spillage,2030,112,19,19,0.0
14204,spillage,2030,112,20,20,0.0
14205,spillage,2030,112,21,21,0.0
14206,spillage,2030,112,22,22,0.0
14207,spillage,2030,112,23,23,0.0
14208,spillage,2030,112,24,24,0.0
14209,spillage,2030,113,1,1,0.0
14210,spillage,2030,113,2,2,0.0
14211,spillage,2030,113,3,3,0.0
14212,spillage,2030,113,4,4,0.0
14213,spillage,2030,113,5,5,0.0
14214,spillage,2030,113,6,6,0.0
14215,spillage,2030,113,7,7,0.0
14216,spillage,2030,113,8,8,0.0
14217,spillage,2030,113,9,9,0.0
14218,spillage,2030,113,10,10,0.0
14219,spillage,2030,113,11,11,0.0
14220,spillage,2030,113,12,12,0.0
14221,spillage,2030,113,13,13,0.0
14222,spillage,2030,113,14,14,0.0
14223,spillage,2030,113,15,15,0.0
14224,spillage,2030,113,16,16,0.0
14225,spillage,2030,113,17,17,0.0
14226,spillage,2030,113,18,18,0.0
14227,spillage,2030,113,19,19,0.0
14228,spillage,2030,113,20,20,0.0
14229,spillage,2030,113,21,21,0.0
14230,spillage,2030,113,22,22,0.0
14231,spillage,2030,113,23,23,0.0
14232,spillage,2030,113,24,24,0.0
14233,spillage,2030,114,1,1,0.0
14234,spillage,2030,114,2,2,0.0
14235,spillage,2030,114,3,3,0.0
14236,spillage,2030,114,4,4,0.0
14237,spillage,2030,114,5,5,0.0
14238,spillage,2030,114,6,6,0.0
14239,spillage,2030,114,7,7,0.0
14240,spillage,2030,114,8,8,0.0
14241,spillage,2030,114,9,9,0.0
14242,spillage,2030,114,10,10,0.0
14243,spillage,2030,114,11,11,0.0
14244,spillage,2030,114,12,12,0.0
14245,spillage,2030,114,13,13,0.0
14246,spillage,2030,114,14,14,0.0
14247,spillage,2030,114,15,15,0.0
14248,spillage,2030,114,16,16,0.0
14249,spillage,2030,114,17,17,0.0
14250,spillage,2030,114,18,18,0.0
14251,spillage,2030,114,19,19,0.0
14252,spillage,2030,114,20,20,0.0
14253,spillage,2030,114,21,21,0.0
14254,spillage,2030,114,22,22,0.0
14255,spillage,2030,114,23,23,0.0
14256,spillage,2030,114,24,24,0.0
14257,spillage,2030,115,1,1,0.0
14258,spillage,2030,115,2,2,0.0
14259,spillage,2030,115,3,3,0.0
14260,spillage,2030,115,4,4,0.0
14261,spillage,2030,115,5,5,0.0
14262,spillage,2030,115,6,6,0.0
14263,spillage,2030,115,7,7,0.0
14264,spillage,2030,115,8,8,0.0
14265,spillage,2030,115,9,9,0.0
14266,spillage,2030,115,10,10,0.0
14267,spillage,2030,115,11,11,0.0
14268,spillage,2030,115,12,12,0.0
14269,spillage,2030,115,13,13,0.0
14270,spillage,2030,115,14,14,0.0
14271,spillage,2030,115,15,15,0.0
14272,spillage,2030,115,16,16,0.0
14273,spillage,2030,115,17,17,0.0
14274,spillage,2030,115,18,18,0.0
14275,spillage,2030,115,19,19,0.0
14276,spillage,2030,115,20,20,0.0
14277,spillage,2030,115,21,21,0.0
14278,spillage,2030,115,22,22,0.0
14279,spillage,2030,115,23,23,0.0
14280,spillage,2030,115,24,24,0.0
14281,spillage,2030,116,1,1,0.0
14282,spillage,2030,116,2,2,0.0
14283,spillage,2030,116,3,3,0.0
14284,spillage,2030,116,4,4,0.0
14285,spillage,2030,116,5,5,0.0
14286,spillage,2030,116,6,6,0.0
14287,spillage,2030,116,7,7,0.0
14288,spillage,2030,116,8,8,0.0
14289,spillage,2030,116,9,9,0.0
14290,spillage,2030,116,10,10,0.0
14291,spillage,2030,116,11,11,0.0
14292,spillage,2030,116,12,12,0.0
14293,spillage,2030,116,13,13,0.0
14294,spillage,2030,116,14,14,0.0
14295,spillage,2030,116,15,15,0.0
14296,spillage,2030,116,16,16,0.0
14297,spillage,2030,116,17,17,0.0
14298,spillage,2030,116,18,18,0.0
14299,spillage,2030,116,19,19,0.0
14300,spillage,2030,116,20,20,0.0
14301,spillage,2030,116,21,21,0.0
14302,spillage,2030,116,22,22,0.0
14303,spillage,2030,116,23,23,0.0
14304,spillage,2030,116,24,24,0.0
14305,spillage,2030,117,1,1,0.0
14306,spillage,2030,117,2,2,0.0
14307,spillage,2030,117,3,3,0.0
14308,spillage,2030,117,4,4,0.0
14309,spillage,2030,117,5,5,0.0
14310,spillage,2030,117,6,6,0.0
14311,spillage,2030,117,7,7,0.0
14312,spillage,2030,117,8,8,0.0
14313,spillage,2030,117,9,9,0.0
14314,spillage,2030,117,10,10,0.0
14315,spillage,2030,117,11,11,0.0
14316,spillage,2030,117,12,12,0.0
14317,spillage,2030,117,13,13,0.0
14318,spillage,2030,117,14,14,0.0
14319,spillage,2030,117,15,15,0.0
14320,spillage,2030,117,16,16,0.0
14321,spillage,2030,117,17,17,0.0
14322,spillage,2030,117,18,18,0.0
14323,spillage,2030,117,19,19,0.0
14324,spillage,2030,117,20,20,0.0
14325,spillage,2030,117,21,21,0.0
14326,spillage,2030,117,22,22,0.0
14327,spillage,2030,117,23,23,0.0
14328,spillage,2030,117,24,24,0.0
14329,spillage,2030,118,1,1,0.0
14330,spillage,2030,118,2,2,0.0
14331,spillage,2030,118,3,3,0.0
14332,spillage,2030,118,4,4,0.0
14333,spillage,2030,118,5,5,0.0
14334,spillage,2030,118,6,6,0.0
14335,spillage,2030,118,7,7,0.0
14336,spillage,2030,118,8,8,0.0
14337,spillage,2030,118,9,9,0.0
14338,spillage,2030,118,10,10,0.0
14339,spillage,2030,118,11,11,0.0
14340,spillage,2030,118,12,12,0.0
14341,spillage,2030,118,13,13,0.0
14342,spillage,2030,118,14,14,0.0
14343,spillage,2030,118,15,15,0.0
14344,spillage,2030,118,16,16,0.0
14345,spillage,2030,118,17,17,0.0
14346,spillage,2030,118,18,18,0.0
14347,spillage,2030,118,19,19,0.0
14348,spillage,2030,118,20,20,0.0
14349,spillage,2030,118,21,21,0.0
14350,spillage,2030,118,22,22,0.0
14351,spillage,2030,118,23,23,0.0
14352,spillage,2030,118,24,24,0.0
14353,spillage,2030,119,1,1,0.0
14354,spillage,2030,119,2,2,0.0
14355,spillage,2030,119,3,3,0.0
14356,spillage,2030,119,4,4,0.0
14357,spillage,2030,119,5,5,0.0
14358,spillage,2030,119,6,6,0.0
14359,spillage,2030,119,7,7,0.0
14360,spillage,2030,119,8,8,0.0
14361,spillage,2030,119,9,9,0.0
14362,spillage,2030,119,10,10,0.0
14363,spillage,2030,119,11,11,0.0
14364,spillage,2030,119,12,12,0.0
14365,spillage,2030,119,13,13,0.0
14366,spillage,2030,119,14,14,0.0
14367,spillage,2030,119,15,15,0.0
14368,spillage,2030,119,16,16,0.0
14369,spillage,2030,119,17,17,0.0
14370,spillage,2030,119,18,18,0.0
14371,spillage,2030,119,19,19,0.0
14372,spillage,2030,119,20,20,0.0
14373,spillage,2030,119,21,21,0.0
14374,spillage,2030,119,22,22,0.0
14375,spillage,2030,119,23,23,0.0
14376,spillage,2030,119,24,24,0.0
14377,spillage,2030,120,1,1,0.0
14378,spillage,2030,120,2,2,0.0
14379,spillage,2030,120,3,3,0.0
14380,spillage,2030,120,4,4,0.0
14381,spillage,2030,120,5,5,0.0
14382,spillage,2030,120,6,6,0.0
14383,spillage,2030,120,7,7,0.0
14384,spillage,2030,120,8,8,0.0
14385,spillage,2030,120,9,9,0.0
14386,spillage,2030,120,10,10,0.0
14387,spillage,2030,120,11,11,0.0
14388,spillage,2030,120,12,12,0.0
14389,spillage,2030,120,13,13,0.0
14390,spillage,2030,120,14,14,0.0
14391,spillage,2030,120,15,15,0.0
14392,spillage,2030,120,16,16,0.0
14393,spillage,2030,120,17,17,0.0
14394,spillage,2030,120,18,18,0.0
14395,spillage,2030,120,19,19,0.0
14396,spillage,2030,120,20,20,0.0
14397,spillage,2030,120,21,21,0.0
14398,spillage,2030,120,22,22,0.0
14399,spillage,2030,120,23,23,0.0
14400,spillage,2030,120,24,24,0.0
14401,spillage,2030,121,1,1,0.0
14402,spillage,2030,121,2,2,0.0
14403,spillage,2030,121,3,3,0.0
14404,spillage,2030,121,4,4,0.0
14405,spillage,2030,121,5,5,0.0
14406,spillage,2030,121,6,6,0.0
14407,spillage,2030,121,7,7,0.0
14408,spillage,2030,121,8,8,0.0
14409,spillage,2030,121,9,9,0.0
14410,spillage,2030,121,10,10,0.0
14411,spillage,2030,121,11,11,0.0
14412,spillage,2030,121,12,12,0.0
14413,spillage,2030,121,13,13,0.0
14414,spillage,2030,121,14,14,0.0
14415,spillage,2030,121,15,15,0.0
14416,spillage,2030,121,16,16,0.0
14417,spillage,2030,121,17,17,0.0
14418,spillage,2030,121,18,18,0.0
14419,spillage,2030,121,19,19,0.0
14420,spillage,2030,121,20,20,0.0
14421,spillage,2030,121,21,21,0.0
14422,spillage,2030,121,22,22,0.0
14423,spillage,2030,121,23,23,0.0
14424,spillage,2030,121,24,24,0.0
14425,spillage,2030,122,1,1,0.0
14426,spillage,2030,122,2,2,0.0
14427,spillage,2030,122,3,3,0.0
14428,spillage,2030,122,4,4,0.0
14429,spillage,2030,122,5,5,0.0
14430,spillage,2030,122,6,6,0.0
14431,spillage,2030,122,7,7,0.0
14432,spillage,2030,122,8,8,0.0
14433,spillage,2030,122,9,9,0.0
14434,spillage,2030,122,10,10,0.0
14435,spillage,2030,122,11,11,0.0
14436,spillage,2030,122,12,12,0.0
14437,spillage,2030,122,13,13,0.0
14438,spillage,2030,122,14,14,0.0
14439,spillage,2030,122,15,15,0.0
14440,spillage,2030,122,16,16,0.0
14441,spillage,2030,122,17,17,0.0
14442,spillage,2030,122,18,18,0.0
14443,spillage,2030,122,19,19,0.0
14444,spillage,2030,122,20,20,0.0
14445,spillage,2030,122,21,21,0.0
14446,spillage,2030,122,22,22,0.0
14447,spillage,2030,122,23,23,0.0
14448,spillage,2030,122,24,24,0.0
14449,spillage,2030,123,1,1,0.0
14450,spillage,2030,123,2,2,0.0
14451,spillage,2030,123,3,3,0.0
14452,spillage,2030,123,4,4,0.0
14453,spillage,2030,123,5,5,0.0
14454,spillage,2030,123,6,6,0.0
14455,spillage,2030,123,7,7,0.0
14456,spillage,2030,123,8,8,0.0
14457,spillage,2030,123,9,9,0.0
14458,spillage,2030,123,10,10,0.0
14459,spillage,2030,123,11,11,0.0
14460,spillage,2030,123,12,12,0.0
14461,spillage,2030,123,13,13,0.0
14462,spillage,2030,123,14,14,0.0
14463,spillage,2030,123,15,15,0.0
14464,spillage,2030,123,16,16,0.0
14465,spillage,2030,123,17,17,0.0
14466,spillage,2030,123,18,18,0.0
14467,spillage,2030,123,19,19,0.0
14468,spillage,2030,123,20,20,0.0
14469,spillage,2030,123,21,21,0.0
14470,spillage,2030,123,22,22,0.0
14471,spillage,2030,123,23,23,0.0
14472,spillage,2030,123,24,24,0.0
14473,spillage,2030,124,1,1,0.0
14474,spillage,2030,124,2,2,0.0
14475,spillage,2030,124,3,3,0.0
14476,spillage,2030,124,4,4,0.0
14477,spillage,2030,124,5,5,0.0
14478,spillage,2030,124,6,6,0.0
14479,spillage,2030,124,7,7,0.0
14480,spillage,2030,124,8,8,0.0
14481,spillage,2030,124,9,9,0.0
14482,spillage,2030,124,10,10,0.0
14483,spillage,2030,124,11,11,0.0
14484,spillage,2030,124,12,12,0.0
14485,spillage,2030,124,13,13,0.0
14486,spillage,2030,124,14,14,0.0
14487,spillage,2030,124,15,15,0.0
14488,spillage,2030,124,16,16,0.0
14489,spillage,2030,124,17,17,0.0
14490,spillage,2030,124,18,18,0.0
14491,spillage,2030,124,19,19,0.0
14492,spillage,2030,124,20,20,0.0
14493,spillage,2030,124,21,21,0.0
14494,spillage,2030,124,22,22,0.0
14495,spillage,2030,124,23,23,0.0
14496,spillage,2030,124,24,24,0.0
14497,spillage,2030,125,1,1,0.0
14498,spillage,2030,125,2,2,0.0
14499,spillage,2030,125,3,3,0.0
14500,spillage,2030,125,4,4,0.0
14501,spillage,2030,125,5,5,0.0
14502,spillage,2030,125,6,6,0.0
14503,spillage,2030,125,7,7,0.0
14504,spillage,2030,125,8,8,0.0
14505,spillage,2030,125,9,9,0.0
14506,spillage,2030,125,10,10,0.0
14507,spillage,2030,125,11,11,0.0
14508,spillage,2030,125,12,12,0.0
14509,spillage,2030,125,13,13,0.0
14510,spillage,2030,125,14,14,0.0
14511,spillage,2030,125,15,15,0.0
14512,spillage,2030,125,16,16,0.0
14513,spillage,2030,125,17,17,0.0
14514,spillage,2030,125,18,18,0.0
14515,spillage,2030,125,19,19,0.0
14516,spillage,2030,125,20,20,0.0
14517,spillage,2030,125,21,21,0.0
14518,spillage,2030,125,22,22,0.0
14519,spillage,2030,125,23,23,0.0
14520,spillage,2030,125,24,24,0.0
14521,spillage,2030,126,1,1,0.0
14522,spillage,2030,126,2,2,0.0
14523,spillage,2030,126,3,3,0.0
14524,spillage,2030,126,4,4,0.0
14525,spillage,2030,126,5,5,0.0
14526,spillage,2030,126,6,6,0.0
14527,spillage,2030,126,7,7,0.0
14528,spillage,2030,126,8,8,0.0
14529,spillage,2030,126,9,9,0.0
14530,spillage,2030,126,10,10,0.0
14531,spillage,2030,126,11,11,0.0
14532,spillage,2030,126,12,12,0.0
14533,spillage,2030,126,13,13,0.0
14534,spillage,2030,126,14,14,0.0
14535,spillage,2030,126,15,15,0.0
14536,spillage,2030,126,16,16,0.0
14537,spillage,2030,126,17,17,0.0
14538,spillage,2030,126,18,18,0.0
14539,spillage,2030,126,19,19,0.0
14540,spillage,2030,126,20,20,0.0
14541,spillage,2030,126,21,21,0.0
14542,spillage,2030,126,22,22,0.0
14543,spillage,2030,126,23,23,0.0
14544,spillage,2030,126,24,24,0.0
14545,spillage,2030,127,1,1,0.0
14546,spillage,2030,127,2,2,0.0
14547,spillage,2030,127,3,3,0.0
14548,spillage,2030,127,4,4,0.0
14549,spillage,2030,127,5,5,0.0
14550,spillage,2030,127,6,6,0.0
14551,spillage,2030,127,7,7,0.0
14552,spillage,2030,127,8,8,0.0
14553,spillage,2030,127,9,9,0.0
14554,spillage,2030,127,10,10,0.0
14555,spillage,2030,127,11,11,0.0
14556,spillage,2030,127,12,12,0.0
14557,spillage,2030,127,13,13,0.0
14558,spillage,2030,127,14,14,0.0
14559,spillage,2030,127,15,15,0.0
14560,spillage,2030,127,16,16,0.0
14561,spillage,2030,127,17,17,0.0
14562,spillage,2030,127,18,18,0.0
14563,spillage,2030,127,19,19,0.0
14564,spillage,2030,127,20,20,0.0
14565,spillage,2030,127,21,21,0.0
14566,spillage,2030,127,22,22,0.0
14567,spillage,2030,127,23,23,0.0
14568,spillage,2030,127,24,24,0.0
14569,spillage,2030,128,1,1,0.0
14570,spillage,2030,128,2,2,0.0
14571,spillage,2030,128,3,3,0.0
14572,spillage,2030,128,4,4,0.0
14573,spillage,2030,128,5,5,0.0
14574,spillage,2030,128,6,6,0.0
14575,spillage,2030,128,7,7,0.0
14576,spillage,2030,128,8,8,0.0
14577,spillage,2030,128,9,9,0.0
14578,spillage,2030,128,10,10,0.0
14579,spillage,2030,128,11,11,0.0
14580,spillage,2030,128,12,12,0.0
14581,spillage,2030,128,13,13,0.0
14582,spillage,2030,128,14,14,0.0
14583,spillage,2030,128,15,15,0.0
14584,spillage,2030,128,16,16,0.0
14585,spillage,2030,128,17,17,0.0
14586,spillage,2030,128,18,18,0.0
14587,spillage,2030,128,19,19,0.0
14588,spillage,2030,128,20,20,0.0
14589,spillage,2030,128,21,21,0.0
14590,spillage,2030,128,22,22,0.0
14591,spillage,2030,128,23,23,0.0
14592,spillage,2030,128,24,24,0.0
14593,spillage,2030,129,1,1,0.0
14594,spillage,2030,129,2,2,0.0
14595,spillage,2030,129,3,3,0.0
14596,spillage,2030,129,4,4,0.0
14597,spillage,2030,129,5,5,0.0
14598,spillage,2030,129,6,6,0.0
14599,spillage,2030,129,7,7,0.0
14600,spillage,2030,129,8,8,0.0
14601,spillage,2030,129,9,9,0.0
14602,spillage,2030,129,10,10,0.0
14603,spillage,2030,129,11,11,0.0
14604,spillage,2030,129,12,12,0.0
14605,spillage,2030,129,13,13,0.0
14606,spillage,2030,129,14,14,0.0
14607,spillage,2030,129,15,15,0.0
14608,spillage,2030,129,16,16,0.0
14609,spillage,2030,129,17,17,0.0
14610,spillage,2030,129,18,18,0.0
14611,spillage,2030,129,19,19,0.0
14612,spillage,2030,129,20,20,0.0
14613,spillage,2030,129,21,21,0.0
14614,spillage,2030,129,22,22,0.0
14615,spillage,2030,129,23,23,0.0
14616,spillage,2030,129,24,24,0.0
14617,spillage,2030,130,1,1,0.0
14618,spillage,2030,130,2,2,0.0
14619,spillage,2030,130,3,3,0.0
14620,spillage,2030,130,4,4,0.0
14621,spillage,2030,130,5,5,0.0
14622,spillage,2030,130,6,6,0.0
14623,spillage,2030,130,7,7,0.0
14624,spillage,2030,130,8,8,0.0
14625,spillage,2030,130,9,9,0.0
14626,spillage,2030,130,10,10,0.0
14627,spillage,2030,130,11,11,0.0
14628,spillage,2030,130,12,12,0.0
14629,spillage,2030,130,13,13,0.0
14630,spillage,2030,130,14,14,0.0
14631,spillage,2030,130,15,15,0.0
14632,spillage,2030,130,16,16,0.0
14633,spillage,2030,130,17,17,0.0
14634,spillage,2030,130,18,18,0.0
14635,spillage,2030,130,19,19,0.0
14636,spillage,2030,130,20,20,0.0
14637,spillage,2030,130,21,21,0.0
14638,spillage,2030,130,22,22,0.0
14639,spillage,2030,130,23,23,0.0
14640,spillage,2030,130,24,24,0.0
14641,spillage,2030,131,1,1,0.0
14642,spillage,2030,131,2,2,0.0
14643,spillage,2030,131,3,3,0.0
14644,spillage,2030,131,4,4,0.0
14645,spillage,2030,131,5,5,0.0
14646,spillage,2030,131,6,6,0.0
14647,spillage,2030,131,7,7,0.0
14648,spillage,2030,131,8,8,0.0
14649,spillage,2030,131,9,9,0.0
14650,spillage,2030,131,10,10,0.0
14651,spillage,2030,131,11,11,0.0
14652,spillage,2030,131,12,12,0.0
14653,spillage,2030,131,13,13,0.0
14654,spillage,2030,131,14,14,0.0
14655,spillage,2030,131,15,15,0.0
14656,spillage,2030,131,16,16,0.0
14657,spillage,2030,131,17,17,0.0
14658,spillage,2030,131,18,18,0.0
14659,spillage,2030,131,19,19,0.0
14660,spillage,2030,131,20,20,0.0
14661,spillage,2030,131,21,21,0.0
14662,spillage,2030,131,22,22,0.0
14663,spillage,2030,131,23,23,0.0
14664,spillage,2030,131,24,24,0.0
14665,spillage,2030,132,1,1,0.0
14666,spillage,2030,132,2,2,0.0
14667,spillage,2030,132,3,3,0.0
14668,spillage,2030,132,4,4,0.0
14669,spillage,2030,132,5,5,0.0
14670,spillage,2030,132,6,6,0.0
14671,spillage,2030,132,7,7,0.0
14672,spillage,2030,132,8,8,0.0
14673,spillage,2030,132,9,9,0.0
14674,spillage,2030,132,10,10,0.0
14675,spillage,2030,132,11,11,0.0
14676,spillage,2030,132,12,12,0.0
14677,spillage,2030,132,13,13,0.0
14678,spillage,2030,132,14,14,0.0
14679,spillage,2030,132,15,15,0.0
14680,spillage,2030,132,16,16,0.0
14681,spillage,2030,132,17,17,0.0
14682,spillage,2030,132,18,18,0.0
14683,spillage,2030,132,19,19,0.0
14684,spillage,2030,132,20,20,0.0
14685,spillage,2030,132,21,21,0.0
14686,spillage,2030,132,22,22,0.0
14687,spillage,2030,132,23,23,0.0
14688,spillage,2030,132,24,24,0.0
14689,spillage,2030,133,1,1,0.0
14690,spillage,2030,133,2,2,0.0
14691,spillage,2030,133,3,3,0.0
14692,spillage,2030,133,4,4,0.0
14693,spillage,2030,133,5,5,0.0
14694,spillage,2030,133,6,6,0.0
14695,spillage,2030,133,7,7,0.0
14696,spillage,2030,133,8,8,0.0
14697,spillage,2030,133,9,9,0.0
14698,spillage,2030,133,10,10,0.0
14699,spillage,2030,133,11,11,0.0
14700,spillage,2030,133,12,12,0.0
14701,spillage,2030,133,13,13,0.0
14702,spillage,2030,133,14,14,0.0
14703,spillage,2030,133,15,15,0.0
14704,spillage,2030,133,16,16,0.0
14705,spillage,2030,133,17,17,0.0
14706,spillage,2030,133,18,18,0.0
14707,spillage,2030,133,19,19,0.0
14708,spillage,2030,133,20,20,0.0
14709,spillage,2030,133,21,21,0.0
14710,spillage,2030,133,22,22,0.0
14711,spillage,2030,133,23,23,0.0
14712,spillage,2030,133,24,24,0.0
14713,spillage,2030,134,1,1,0.0
14714,spillage,2030,134,2,2,0.0
14715,spillage,2030,134,3,3,0.0
14716,spillage,2030,134,4,4,0.0
14717,spillage,2030,134,5,5,0.0
14718,spillage,2030,134,6,6,0.0
14719,spillage,2030,134,7,7,0.0
14720,spillage,2030,134,8,8,0.0
14721,spillage,2030,134,9,9,0.0
14722,spillage,2030,134,10,10,0.0
14723,spillage,2030,134,11,11,0.0
14724,spillage,2030,134,12,12,0.0
14725,spillage,2030,134,13,13,0.0
14726,spillage,2030,134,14,14,0.0
14727,spillage,2030,134,15,15,0.0
14728,spillage,2030,134,16,16,0.0
14729,spillage,2030,134,17,17,0.0
14730,spillage,2030,134,18,18,0.0
14731,spillage,2030,134,19,19,0.0
14732,spillage,2030,134,20,20,0.0
14733,spillage,2030,134,21,21,0.0
14734,spillage,2030,134,22,22,0.0
14735,spillage,2030,134,23,23,0.0
14736,spillage,2030,134,24,24,0.0
14737,spillage,2030,135,1,1,0.0
14738,spillage,2030,135,2,2,0.0
14739,spillage,2030,135,3,3,0.0
14740,spillage,2030,135,4,4,0.0
14741,spillage,2030,135,5,5,0.0
14742,spillage,2030,135,6,6,0.0
14743,spillage,2030,135,7,7,0.0
14744,spillage,2030,135,8,8,0.0
14745,spillage,2030,135,9,9,0.0
14746,spillage,2030,135,10,10,0.0
14747,spillage,2030,135,11,11,0.0
14748,spillage,2030,135,12,12,0.0
14749,spillage,2030,135,13,13,0.0
14750,spillage,2030,135,14,14,0.0
14751,spillage,2030,135,15,15,0.0
14752,spillage,2030,135,16,16,0.0
14753,spillage,2030,135,17,17,0.0
14754,spillage,2030,135,18,18,0.0
14755,spillage,2030,135,19,19,0.0
14756,spillage,2030,135,20,20,0.0
14757,spillage,2030,135,21,21,0.0
14758,spillage,2030,135,22,22,0.0
14759,spillage,2030,135,23,23,0.0
14760,spillage,2030,135,24,24,0.0
14761,spillage,2030,136,1,1,0.0
14762,spillage,2030,136,2,2,0.0
14763,spillage,2030,136,3,3,0.0
14764,spillage,2030,136,4,4,0.0
14765,spillage,2030,136,5,5,0.0
14766,spillage,2030,136,6,6,0.0
14767,spillage,2030,136,7,7,0.0
14768,spillage,2030,136,8,8,0.0
14769,spillage,2030,136,9,9,0.0
14770,spillage,2030,136,10,10,0.0
14771,spillage,2030,136,11,11,0.0
14772,spillage,2030,136,12,12,0.0
14773,spillage,2030,136,13,13,0.0
14774,spillage,2030,136,14,14,0.0
14775,spillage,2030,136,15,15,0.0
14776,spillage,2030,136,16,16,0.0
14777,spillage,2030,136,17,17,0.0
14778,spillage,2030,136,18,18,0.0
14779,spillage,2030,136,19,19,0.0
14780,spillage,2030,136,20,20,0.0
14781,spillage,2030,136,21,21,0.0
14782,spillage,2030,136,22,22,0.0
14783,spillage,2030,136,23,23,0.0
14784,spillage,2030,136,24,24,0.0
14785,spillage,2030,137,1,1,0.0
14786,spillage,2030,137,2,2,0.0
14787,spillage,2030,137,3,3,0.0
14788,spillage,2030,137,4,4,0.0
14789,spillage,2030,137,5,5,0.0
14790,spillage,2030,137,6,6,0.0
14791,spillage,2030,137,7,7,0.0
14792,spillage,2030,137,8,8,0.0
14793,spillage,2030,137,9,9,0.0
14794,spillage,2030,137,10,10,0.0
14795,spillage,2030,137,11,11,0.0
14796,spillage,2030,137,12,12,0.0
14797,spillage,2030,137,13,13,0.0
14798,spillage,2030,137,14,14,0.0
14799,spillage,2030,137,15,15,0.0
14800,spillage,2030,137,16,16,0.0
14801,spillage,2030,137,17,17,0.0
14802,spillage,2030,137,18,18,0.0
14803,spillage,2030,137,19,19,0.0
14804,spillage,2030,137,20,20,0.0
14805,spillage,2030,137,21,21,0.0
14806,spillage,2030,137,22,22,0.0
14807,spillage,2030,137,23,23,0.0
14808,spillage,2030,137,24,24,0.0
14809,spillage,2030,138,1,1,0.0
14810,spillage,2030,138,2,2,0.0
14811,spillage,2030,138,3,3,0.0
14812,spillage,2030,138,4,4,0.0
14813,spillage,2030,138,5,5,0.0
14814,spillage,2030,138,6,6,0.0
14815,spillage,2030,138,7,7,0.0
14816,spillage,2030,138,8,8,0.0
14817,spillage,2030,138,9,9,0.0
14818,spillage,2030,138,10,10,0.0
14819,spillage,2030,138,11,11,0.0
14820,spillage,2030,138,12,12,0.0
14821,spillage,2030,138,13,13,0.0
14822,spillage,2030,138,14,14,0.0
14823,spillage,2030,138,15,15,0.0
14824,spillage,2030,138,16,16,0.0
14825,spillage,2030,138,17,17,0.0
14826,spillage,2030,138,18,18,0.0
14827,spillage,2030,138,19,19,0.0
14828,spillage,2030,138,20,20,0.0
14829,spillage,2030,138,21,21,0.0
14830,spillage,2030,138,22,22,0.0
14831,spillage,2030,138,23,23,0.0
14832,spillage,2030,138,24,24,0.0
14833,spillage,2030,139,1,1,0.0
14834,spillage,2030,139,2,2,0.0
14835,spillage,2030,139,3,3,0.0
14836,spillage,2030,139,4,4,0.0
14837,spillage,2030,139,5,5,0.0
14838,spillage,2030,139,6,6,0.0
14839,spillage,2030,139,7,7,0.0
14840,spillage,2030,139,8,8,0.0
14841,spillage,2030,139,9,9,0.0
14842,spillage,2030,139,10,10,0.0
14843,spillage,2030,139,11,11,0.0
14844,spillage,2030,139,12,12,0.0
14845,spillage,2030,139,13,13,0.0
14846,spillage,2030,139,14,14,0.0
14847,spillage,2030,139,15,15,0.0
14848,spillage,2030,139,16,16,0.0
14849,spillage,2030,139,17,17,0.0
14850,spillage,2030,139,18,18,0.0
14851,spillage,2030,139,19,19,0.0
14852,spillage,2030,139,20,20,0.0
14853,spillage,2030,139,21,21,0.0
14854,spillage,2030,139,22,22,0.0
14855,spillage,2030,139,23,23,0.0
14856,spillage,2030,139,24,24,0.0
14857,spillage,2030,140,1,1,0.0
14858,spillage,2030,140,2,2,0.0
14859,spillage,2030,140,3,3,0.0
14860,spillage,2030,140,4,4,0.0
14861,spillage,2030,140,5,5,0.0
14862,spillage,2030,140,6,6,0.0
14863,spillage,2030,140,7,7,0.0
14864,spillage,2030,140,8,8,0.0
14865,spillage,2030,140,9,9,0.0
14866,spillage,2030,140,10,10,0.0
14867,spillage,2030,140,11,11,0.0
14868,spillage,2030,140,12,12,0.0
14869,spillage,2030,140,13,13,0.0
14870,spillage,2030,140,14,14,0.0
14871,spillage,2030,140,15,15,0.0
14872,spillage,2030,140,16,16,0.0
14873,spillage,2030,140,17,17,0.0
14874,spillage,2030,140,18,18,0.0
14875,spillage,2030,140,19,19,0.0
14876,spillage,2030,140,20,20,0.0
14877,spillage,2030,140,21,21,0.0
14878,spillage,2030,140,22,22,0.0
14879,spillage,2030,140,23,23,0.0
14880,spillage,2030,140,24,24,0.0
14881,spillage,2030,141,1,1,0.0
14882,spillage,2030,141,2,2,0.0
14883,spillage,2030,141,3,3,0.0
14884,spillage,2030,141,4,4,0.0
14885,spillage,2030,141,5,5,0.0
14886,spillage,2030,141,6,6,0.0
14887,spillage,2030,141,7,7,0.0
14888,spillage,2030,141,8,8,0.0
14889,spillage,2030,141,9,9,0.0
14890,spillage,2030,141,10,10,0.0
14891,spillage,2030,141,11,11,0.0
14892,spillage,2030,141,12,12,0.0
14893,spillage,2030,141,13,13,0.0
14894,spillage,2030,141,14,14,0.0
14895,spillage,2030,141,15,15,0.0
14896,spillage,2030,141,16,16,0.0
14897,spillage,2030,141,17,17,0.0
14898,spillage,2030,141,18,18,0.0
14899,spillage,2030,141,19,19,0.0
14900,spillage,2030,141,20,20,0.0
14901,spillage,2030,141,21,21,0.0
14902,spillage,2030,141,22,22,0.0
14903,spillage,2030,141,23,23,0.0
14904,spillage,2030,141,24,24,0.0
14905,spillage,2030,142,1,1,0.0
14906,spillage,2030,142,2,2,0.0
14907,spillage,2030,142,3,3,0.0
14908,spillage,2030,142,4,4,0.0
14909,spillage,2030,142,5,5,0.0
14910,spillage,2030,142,6,6,0.0
14911,spillage,2030,142,7,7,0.0
14912,spillage,2030,142,8,8,0.0
14913,spillage,2030,142,9,9,0.0
14914,spillage,2030,142,10,10,0.0
14915,spillage,2030,142,11,11,0.0
14916,spillage,2030,142,12,12,0.0
14917,spillage,2030,142,13,13,0.0
14918,spillage,2030,142,14,14,0.0
14919,spillage,2030,142,15,15,0.0
14920,spillage,2030,142,16,16,0.0
14921,spillage,2030,142,17,17,0.0
14922,spillage,2030,142,18,18,0.0
14923,spillage,2030,142,19,19,0.0
14924,spillage,2030,142,20,20,0.0
14925,spillage,2030,142,21,21,0.0
14926,spillage,2030,142,22,22,0.0
14927,spillage,2030,142,23,23,0.0
14928,spillage,2030,142,24,24,0.0
14929,spillage,2030,143,1,1,0.0
14930,spillage,2030,143,2,2,0.0
14931,spillage,2030,143,3,3,0.0
14932,spillage,2030,143,4,4,0.0
14933,spillage,2030,143,5,5,0.0
14934,spillage,2030,143,6,6,0.0
14935,spillage,2030,143,7,7,0.0
14936,spillage,2030,143,8,8,0.0
14937,spillage,2030,143,9,9,0.0
14938,spillage,2030,143,10,10,0.0
14939,spillage,2030,143,11,11,0.0
14940,spillage,2030,143,12,12,0.0
14941,spillage,2030,143,13,13,0.0
14942,spillage,2030,143,14,14,0.0
14943,spillage,2030,143,15,15,0.0
14944,spillage,2030,143,16,16,0.0
14945,spillage,2030,143,17,17,0.0
14946,spillage,2030,143,18,18,0.0
14947,spillage,2030,143,19,19,0.0
14948,spillage,2030,143,20,20,0.0
14949,spillage,2030,143,21,21,0.0
14950,spillage,2030,143,22,22,0.0
14951,spillage,2030,143,23,23,0.0
14952,spillage,2030,143,24,24,0.0
14953,spillage,2030,144,1,1,0.0
14954,spillage,2030,144,2,2,0.0
14955,spillage,2030,144,3,3,0.0
14956,spillage,2030,144,4,4,0.0
14957,spillage,2030,144,5,5,0.0
14958,spillage,2030,144,6,6,0.0
14959,spillage,2030,144,7,7,0.0
14960,spillage,2030,144,8,8,0.0
14961,spillage,2030,144,9,9,0.0
14962,spillage,2030,144,10,10,0.0
14963,spillage,2030,144,11,11,0.0
14964,spillage,2030,144,12,12,0.0
14965,spillage,2030,144,13,13,0.0
14966,spillage,2030,144,14,14,0.0
14967,spillage,2030,144,15,15,0.0
14968,spillage,2030,144,16,16,0.0
14969,spillage,2030,144,17,17,0.0
14970,spillage,2030,144,18,18,0.0
14971,spillage,2030,144,19,19,0.0
14972,spillage,2030,144,20,20,0.0
14973,spillage,2030,144,21,21,0.0
14974,spillage,2030,144,22,22,0.0
14975,spillage,2030,144,23,23,0.0
14976,spillage,2030,144,24,24,0.0
14977,spillage,2030,145,1,1,0.0
14978,spillage,2030,145,2,2,0.0
14979,spillage,2030,145,3,3,0.0
14980,spillage,2030,145,4,4,0.0
14981,spillage,2030,145,5,5,0.0
14982,spillage,2030,145,6,6,0.0
14983,spillage,2030,145,7,7,0.0
14984,spillage,2030,145,8,8,0.0
14985,spillage,2030,145,9,9,0.0
14986,spillage,2030,145,10,10,0.0
14987,spillage,2030,145,11,11,0.0
14988,spillage,2030,145,12,12,0.0
14989,spillage,2030,145,13,13,0.0
14990,spillage,2030,145,14,14,0.0
14991,spillage,2030,145,15,15,0.0
14992,spillage,2030,145,16,16,0.0
14993,spillage,2030,145,17,17,0.0
14994,spillage,2030,145,18,18,0.0
14995,spillage,2030,145,19,19,0.0
14996,spillage,2030,145,20,20,0.0
14997,spillage,2030,145,21,21,0.0
14998,spillage,2030,145,22,22,0.0
14999,spillage,2030,145,23,23,0.0
15000,spillage,2030,145,24,24,0.0
15001,spillage,2030,146,1,1,0.0
15002,spillage,2030,146,2,2,0.0
15003,spillage,2030,146,3,3,0.0
15004,spillage,2030,146,4,4,0.0
15005,spillage,2030,146,5,5,0.0
15006,spillage,2030,146,6,6,0.0
15007,spillage,2030,146,7,7,0.0
15008,spillage,2030,146,8,8,0.0
15009,spillage,2030,146,9,9,0.0
15010,spillage,2030,146,10,10,0.0
15011,spillage,2030,146,11,11,0.0
15012,spillage,2030,146,12,12,0.0
15013,spillage,2030,146,13,13,0.0
15014,spillage,2030,146,14,14,0.0
15015,spillage,2030,146,15,15,0.0
15016,spillage,2030,146,16,16,0.0
15017,spillage,2030,146,17,17,0.0
15018,spillage,2030,146,18,18,0.0
15019,spillage,2030,146,19,19,0.0
15020,spillage,2030,146,20,20,0.0
15021,spillage,2030,146,21,21,0.0
15022,spillage,2030,146,22,22,0.0
15023,spillage,2030,146,23,23,0.0
15024,spillage,2030,146,24,24,0.0
15025,spillage,2030,147,1,1,0.0
15026,spillage,2030,147,2,2,0.0
15027,spillage,2030,147,3,3,0.0
15028,spillage,2030,147,4,4,0.0
15029,spillage,2030,147,5,5,0.0
15030,spillage,2030,147,6,6,0.0
15031,spillage,2030,147,7,7,0.0
15032,spillage,2030,147,8,8,0.0
15033,spillage,2030,147,9,9,0.0
15034,spillage,2030,147,10,10,0.0
15035,spillage,2030,147,11,11,0.0
15036,spillage,2030,147,12,12,0.0
15037,spillage,2030,147,13,13,0.0
15038,spillage,2030,147,14,14,0.0
15039,spillage,2030,147,15,15,0.0
15040,spillage,2030,147,16,16,0.0
15041,spillage,2030,147,17,17,0.0
15042,spillage,2030,147,18,18,0.0
15043,spillage,2030,147,19,19,0.0
15044,spillage,2030,147,20,20,0.0
15045,spillage,2030,147,21,21,0.0
15046,spillage,2030,147,22,22,0.0
15047,spillage,2030,147,23,23,0.0
15048,spillage,2030,147,24,24,0.0
15049,spillage,2030,148,1,1,0.0
15050,spillage,2030,148,2,2,0.0
15051,spillage,2030,148,3,3,0.0
15052,spillage,2030,148,4,4,0.0
15053,spillage,2030,148,5,5,0.0
15054,spillage,2030,148,6,6,0.0
15055,spillage,2030,148,7,7,0.0
15056,spillage,2030,148,8,8,0.0
15057,spillage,2030,148,9,9,0.0
15058,spillage,2030,148,10,10,0.0
15059,spillage,2030,148,11,11,0.0
15060,spillage,2030,148,12,12,0.0
15061,spillage,2030,148,13,13,0.0
15062,spillage,2030,148,14,14,0.0
15063,spillage,2030,148,15,15,0.0
15064,spillage,2030,148,16,16,0.0
15065,spillage,2030,148,17,17,0.0
15066,spillage,2030,148,18,18,0.0
15067,spillage,2030,148,19,19,0.0
15068,spillage,2030,148,20,20,0.0
15069,spillage,2030,148,21,21,0.0
15070,spillage,2030,148,22,22,0.0
15071,spillage,2030,148,23,23,0.0
15072,spillage,2030,148,24,24,0.0
15073,spillage,2030,149,1,1,0.0
15074,spillage,2030,149,2,2,0.0
15075,spillage,2030,149,3,3,0.0
15076,spillage,2030,149,4,4,0.0
15077,spillage,2030,149,5,5,0.0
15078,spillage,2030,149,6,6,0.0
15079,spillage,2030,149,7,7,0.0
15080,spillage,2030,149,8,8,0.0
15081,spillage,2030,149,9,9,0.0
15082,spillage,2030,149,10,10,0.0
15083,spillage,2030,149,11,11,0.0
15084,spillage,2030,149,12,12,0.0
15085,spillage,2030,149,13,13,0.0
15086,spillage,2030,149,14,14,0.0
15087,spillage,2030,149,15,15,0.0
15088,spillage,2030,149,16,16,0.0
15089,spillage,2030,149,17,17,0.0
15090,spillage,2030,149,18,18,0.0
15091,spillage,2030,149,19,19,0.0
15092,spillage,2030,149,20,20,0.0
15093,spillage,2030,149,21,21,0.0
15094,spillage,2030,149,22,22,0.0
15095,spillage,2030,149,23,23,0.0
15096,spillage,2030,149,24,24,0.0
15097,spillage,2030,150,1,1,0.0
15098,spillage,2030,150,2,2,0.0
15099,spillage,2030,150,3,3,0.0
15100,spillage,2030,150,4,4,0.0
15101,spillage,2030,150,5,5,0.0
15102,spillage,2030,150,6,6,0.0
15103,spillage,2030,150,7,7,0.0
15104,spillage,2030,150,8,8,0.0
15105,spillage,2030,150,9,9,0.0
15106,spillage,2030,150,10,10,0.0
15107,spillage,2030,150,11,11,0.0
15108,spillage,2030,150,12,12,0.0
15109,spillage,2030,150,13,13,0.0
15110,spillage,2030,150,14,14,0.0
15111,spillage,2030,150,15,15,0.0
15112,spillage,2030,150,16,16,0.0
15113,spillage,2030,150,17,17,0.0
15114,spillage,2030,150,18,18,0.0
15115,spillage,2030,150,19,19,0.0
15116,spillage,2030,150,20,20,0.0
15117,spillage,2030,150,21,21,0.0
15118,spillage,2030,150,22,22,0.0
15119,spillage,2030,150,23,23,0.0
15120,spillage,2030,150,24,24,0.0
15121,spillage,2030,151,1,1,0.0
15122,spillage,2030,151,2,2,0.0
15123,spillage,2030,151,3,3,0.0
15124,spillage,2030,151,4,4,0.0
15125,spillage,2030,151,5,5,0.0
15126,spillage,2030,151,6,6,0.0
15127,spillage,2030,151,7,7,0.0
15128,spillage,2030,151,8,8,0.0
15129,spillage,2030,151,9,9,0.0
15130,spillage,2030,151,10,10,0.0
15131,spillage,2030,151,11,11,0.0
15132,spillage,2030,151,12,12,0.0
15133,spillage,2030,151,13,13,0.0
15134,spillage,2030,151,14,14,0.0
15135,spillage,2030,151,15,15,0.0
15136,spillage,2030,151,16,16,0.0
15137,spillage,2030,151,17,17,0.0
15138,spillage,2030,151,18,18,0.0
15139,spillage,2030,151,19,19,0.0
15140,spillage,2030,151,20,20,0.0
15141,spillage,2030,151,21,21,0.0
15142,spillage,2030,151,22,22,0.0
15143,spillage,2030,151,23,23,0.0
15144,spillage,2030,151,24,24,0.0
15145,spillage,2030,152,1,1,0.0
15146,spillage,2030,152,2,2,0.0
15147,spillage,2030,152,3,3,0.0
15148,spillage,2030,152,4,4,0.0
15149,spillage,2030,152,5,5,0.0
15150,spillage,2030,152,6,6,0.0
15151,spillage,2030,152,7,7,0.0
15152,spillage,2030,152,8,8,0.0
15153,spillage,2030,152,9,9,0.0
15154,spillage,2030,152,10,10,0.0
15155,spillage,2030,152,11,11,0.0
15156,spillage,2030,152,12,12,0.0
15157,spillage,2030,152,13,13,0.0
15158,spillage,2030,152,14,14,0.0
15159,spillage,2030,152,15,15,0.0
15160,spillage,2030,152,16,16,0.0
15161,spillage,2030,152,17,17,0.0
15162,spillage,2030,152,18,18,0.0
15163,spillage,2030,152,19,19,0.0
15164,spillage,2030,152,20,20,0.0
15165,spillage,2030,152,21,21,0.0
15166,spillage,2030,152,22,22,0.0
15167,spillage,2030,152,23,23,0.0
15168,spillage,2030,152,24,24,0.0
15169,spillage,2030,153,1,1,0.0
15170,spillage,2030,153,2,2,0.0
15171,spillage,2030,153,3,3,0.0
15172,spillage,2030,153,4,4,0.0
15173,spillage,2030,153,5,5,0.0
15174,spillage,2030,153,6,6,0.0
15175,spillage,2030,153,7,7,0.0
15176,spillage,2030,153,8,8,0.0
15177,spillage,2030,153,9,9,0.0
15178,spillage,2030,153,10,10,0.0
15179,spillage,2030,153,11,11,0.0
15180,spillage,2030,153,12,12,0.0
15181,spillage,2030,153,13,13,0.0
15182,spillage,2030,153,14,14,0.0
15183,spillage,2030,153,15,15,0.0
15184,spillage,2030,153,16,16,0.0
15185,spillage,2030,153,17,17,0.0
15186,spillage,2030,153,18,18,0.0
15187,spillage,2030,153,19,19,0.0
15188,spillage,2030,153,20,20,0.0
15189,spillage,2030,153,21,21,0.0
15190,spillage,2030,153,22,22,0.0
15191,spillage,2030,153,23,23,0.0
15192,spillage,2030,153,24,24,0.0
15193,spillage,2030,154,1,1,0.0
15194,spillage,2030,154,2,2,0.0
15195,spillage,2030,154,3,3,0.0
15196,spillage,2030,154,4,4,0.0
15197,spillage,2030,154,5,5,0.0
15198,spillage,2030,154,6,6,0.0
15199,spillage,2030,154,7,7,0.0
15200,spillage,2030,154,8,8,0.0
15201,spillage,2030,154,9,9,0.0
15202,spillage,2030,154,10,10,0.0
15203,spillage,2030,154,11,11,0.0
15204,spillage,2030,154,12,12,0.0
15205,spillage,2030,154,13,13,0.0
15206,spillage,2030,154,14,14,0.0
15207,spillage,2030,154,15,15,0.0
15208,spillage,2030,154,16,16,0.0
15209,spillage,2030,154,17,17,0.0
15210,spillage,2030,154,18,18,0.0
15211,spillage,2030,154,19,19,0.0
15212,spillage,2030,154,20,20,0.0
15213,spillage,2030,154,21,21,0.0
15214,spillage,2030,154,22,22,0.0
15215,spillage,2030,154,23,23,0.0
15216,spillage,2030,154,24,24,0.0
15217,spillage,2030,155,1,1,0.0
15218,spillage,2030,155,2,2,0.0
15219,spillage,2030,155,3,3,0.0
15220,spillage,2030,155,4,4,0.0
15221,spillage,2030,155,5,5,0.0
15222,spillage,2030,155,6,6,0.0
15223,spillage,2030,155,7,7,0.0
15224,spillage,2030,155,8,8,0.0
15225,spillage,2030,155,9,9,0.0
15226,spillage,2030,155,10,10,0.0
15227,spillage,2030,155,11,11,0.0
15228,spillage,2030,155,12,12,0.0
15229,spillage,2030,155,13,13,0.0
15230,spillage,2030,155,14,14,0.0
15231,spillage,2030,155,15,15,0.0
15232,spillage,2030,155,16,16,0.0
15233,spillage,2030,155,17,17,0.0
15234,spillage,2030,155,18,18,0.0
15235,spillage,2030,155,19,19,0.0
15236,spillage,2030,155,20,20,0.0
15237,spillage,2030,155,21,21,0.0
15238,spillage,2030,155,22,22,0.0
15239,spillage,2030,155,23,23,0.0
15240,spillage,2030,155,24,24,0.0
15241,spillage,2030,156,1,1,0.0
15242,spillage,2030,156,2,2,0.0
15243,spillage,2030,156,3,3,0.0
15244,spillage,2030,156,4,4,0.0
15245,spillage,2030,156,5,5,0.0
15246,spillage,2030,156,6,6,0.0
15247,spillage,2030,156,7,7,0.0
15248,spillage,2030,156,8,8,0.0
15249,spillage,2030,156,9,9,0.0
15250,spillage,2030,156,10,10,0.0
15251,spillage,2030,156,11,11,0.0
15252,spillage,2030,156,12,12,0.0
15253,spillage,2030,156,13,13,0.0
15254,spillage,2030,156,14,14,0.0
15255,spillage,2030,156,15,15,0.0
15256,spillage,2030,156,16,16,0.0
15257,spillage,2030,156,17,17,0.0
15258,spillage,2030,156,18,18,0.0
15259,spillage,2030,156,19,19,0.0
15260,spillage,2030,156,20,20,0.0
15261,spillage,2030,156,21,21,0.0
15262,spillage,2030,156,22,22,0.0
15263,spillage,2030,156,23,23,0.0
15264,spillage,2030,156,24,24,0.0
15265,spillage,2030,157,1,1,0.0
15266,spillage,2030,157,2,2,0.0
15267,spillage,2030,157,3,3,0.0
15268,spillage,2030,157,4,4,0.0
15269,spillage,2030,157,5,5,0.0
15270,spillage,2030,157,6,6,0.0
15271,spillage,2030,157,7,7,0.0
15272,spillage,2030,157,8,8,0.0
15273,spillage,2030,157,9,9,0.0
15274,spillage,2030,157,10,10,0.0
15275,spillage,2030,157,11,11,0.0
15276,spillage,2030,157,12,12,0.0
15277,spillage,2030,157,13,13,0.0
15278,spillage,2030,157,14,14,0.0
15279,spillage,2030,157,15,15,0.0
15280,spillage,2030,157,16,16,0.0
15281,spillage,2030,157,17,17,0.0
15282,spillage,2030,157,18,18,0.0
15283,spillage,2030,157,19,19,0.0
15284,spillage,2030,157,20,20,0.0
15285,spillage,2030,157,21,21,0.0
15286,spillage,2030,157,22,22,0.0
15287,spillage,2030,157,23,23,0.0
15288,spillage,2030,157,24,24,0.0
15289,spillage,2030,158,1,1,0.0
15290,spillage,2030,158,2,2,0.0
15291,spillage,2030,158,3,3,0.0
15292,spillage,2030,158,4,4,0.0
15293,spillage,2030,158,5,5,0.0
15294,spillage,2030,158,6,6,0.0
15295,spillage,2030,158,7,7,0.0
15296,spillage,2030,158,8,8,0.0
15297,spillage,2030,158,9,9,0.0
15298,spillage,2030,158,10,10,0.0
15299,spillage,2030,158,11,11,0.0
15300,spillage,2030,158,12,12,0.0
15301,spillage,2030,158,13,13,0.0
15302,spillage,2030,158,14,14,0.0
15303,spillage,2030,158,15,15,0.0
15304,spillage,2030,158,16,16,0.0
15305,spillage,2030,158,17,17,0.0
15306,spillage,2030,158,18,18,0.0
15307,spillage,2030,158,19,19,0.0
15308,spillage,2030,158,20,20,0.0
15309,spillage,2030,158,21,21,0.0
15310,spillage,2030,158,22,22,0.0
15311,spillage,2030,158,23,23,0.0
15312,spillage,2030,158,24,24,0.0
15313,spillage,2030,159,1,1,0.0
15314,spillage,2030,159,2,2,0.0
15315,spillage,2030,159,3,3,0.0
15316,spillage,2030,159,4,4,0.0
15317,spillage,2030,159,5,5,0.0
15318,spillage,2030,159,6,6,0.0
15319,spillage,2030,159,7,7,0.0
15320,spillage,2030,159,8,8,0.0
15321,spillage,2030,159,9,9,0.0
15322,spillage,2030,159,10,10,0.0
15323,spillage,2030,159,11,11,0.0
15324,spillage,2030,159,12,12,0.0
15325,spillage,2030,159,13,13,0.0
15326,spillage,2030,159,14,14,0.0
15327,spillage,2030,159,15,15,0.0
15328,spillage,2030,159,16,16,0.0
15329,spillage,2030,159,17,17,0.0
15330,spillage,2030,159,18,18,0.0
15331,spillage,2030,159,19,19,0.0
15332,spillage,2030,159,20,20,0.0
15333,spillage,2030,159,21,21,0.0
15334,spillage,2030,159,22,22,0.0
15335,spillage,2030,159,23,23,0.0
15336,spillage,2030,159,24,24,0.0
15337,spillage,2030,160,1,1,0.0
15338,spillage,2030,160,2,2,0.0
15339,spillage,2030,160,3,3,0.0
15340,spillage,2030,160,4,4,0.0
15341,spillage,2030,160,5,5,0.0
15342,spillage,2030,160,6,6,0.0
15343,spillage,2030,160,7,7,0.0
15344,spillage,2030,160,8,8,0.0
15345,spillage,2030,160,9,9,0.0
15346,spillage,2030,160,10,10,0.0
15347,spillage,2030,160,11,11,0.0
15348,spillage,2030,160,12,12,0.0
15349,spillage,2030,160,13,13,0.0
15350,spillage,2030,160,14,14,0.0
15351,spillage,2030,160,15,15,0.0
15352,spillage,2030,160,16,16,0.0
15353,spillage,2030,160,17,17,0.0
15354,spillage,2030,160,18,18,0.0
15355,spillage,2030,160,19,19,0.0
15356,spillage,2030,160,20,20,0.0
15357,spillage,2030,160,21,21,0.0
15358,spillage,2030,160,22,22,0.0
15359,spillage,2030,160,23,23,0.0
15360,spillage,2030,160,24,24,0.0
15361,spillage,2030,161,1,1,0.0
15362,spillage,2030,161,2,2,0.0
15363,spillage,2030,161,3,3,0.0
15364,spillage,2030,161,4,4,0.0
15365,spillage,2030,161,5,5,0.0
15366,spillage,2030,161,6,6,0.0
15367,spillage,2030,161,7,7,0.0
15368,spillage,2030,161,8,8,0.0
15369,spillage,2030,161,9,9,0.0
15370,spillage,2030,161,10,10,0.0
15371,spillage,2030,161,11,11,0.0
15372,spillage,2030,161,12,12,0.0
15373,spillage,2030,161,13,13,0.0
15374,spillage,2030,161,14,14,0.0
15375,spillage,2030,161,15,15,0.0
15376,spillage,2030,161,16,16,0.0
15377,spillage,2030,161,17,17,0.0
15378,spillage,2030,161,18,18,0.0
15379,spillage,2030,161,19,19,0.0
15380,spillage,2030,161,20,20,0.0
15381,spillage,2030,161,21,21,0.0
15382,spillage,2030,161,22,22,0.0
15383,spillage,2030,161,23,23,0.0
15384,spillage,2030,161,24,24,0.0
15385,spillage,2030,162,1,1,0.0
15386,spillage,2030,162,2,2,0.0
15387,spillage,2030,162,3,3,0.0
15388,spillage,2030,162,4,4,0.0
15389,spillage,2030,162,5,5,0.0
15390,spillage,2030,162,6,6,0.0
15391,spillage,2030,162,7,7,0.0
15392,spillage,2030,162,8,8,0.0
15393,spillage,2030,162,9,9,0.0
15394,spillage,2030,162,10,10,0.0
15395,spillage,2030,162,11,11,0.0
15396,spillage,2030,162,12,12,0.0
15397,spillage,2030,162,13,13,0.0
15398,spillage,2030,162,14,14,0.0
15399,spillage,2030,162,15,15,0.0
15400,spillage,2030,162,16,16,0.0
15401,spillage,2030,162,17,17,0.0
15402,spillage,2030,162,18,18,0.0
15403,spillage,2030,162,19,19,0.0
15404,spillage,2030,162,20,20,0.0
15405,spillage,2030,162,21,21,0.0
15406,spillage,2030,162,22,22,0.0
15407,spillage,2030,162,23,23,0.0
15408,spillage,2030,162,24,24,0.0
15409,spillage,2030,163,1,1,0.0
15410,spillage,2030,163,2,2,0.0
15411,spillage,2030,163,3,3,0.0
15412,spillage,2030,163,4,4,0.0
15413,spillage,2030,163,5,5,0.0
15414,spillage,2030,163,6,6,0.0
15415,spillage,2030,163,7,7,0.0
15416,spillage,2030,163,8,8,0.0
15417,spillage,2030,163,9,9,0.0
15418,spillage,2030,163,10,10,0.0
15419,spillage,2030,163,11,11,0.0
15420,spillage,2030,163,12,12,0.0
15421,spillage,2030,163,13,13,0.0
15422,spillage,2030,163,14,14,0.0
15423,spillage,2030,163,15,15,0.0
15424,spillage,2030,163,16,16,0.0
15425,spillage,2030,163,17,17,0.0
15426,spillage,2030,163,18,18,0.0
15427,spillage,2030,163,19,19,0.0
15428,spillage,2030,163,20,20,0.0
15429,spillage,2030,163,21,21,0.0
15430,spillage,2030,163,22,22,0.0
15431,spillage,2030,163,23,23,0.0
15432,spillage,2030,163,24,24,0.0
15433,spillage,2030,164,1,1,0.0
15434,spillage,2030,164,2,2,0.0
15435,spillage,2030,164,3,3,0.0
15436,spillage,2030,164,4,4,0.0
15437,spillage,2030,164,5,5,0.0
15438,spillage,2030,164,6,6,0.0
15439,spillage,2030,164,7,7,0.0
15440,spillage,2030,164,8,8,0.0
15441,spillage,2030,164,9,9,0.0
15442,spillage,2030,164,10,10,0.0
15443,spillage,2030,164,11,11,0.0
15444,spillage,2030,164,12,12,0.0
15445,spillage,2030,164,13,13,0.0
15446,spillage,2030,164,14,14,0.0
15447,spillage,2030,164,15,15,0.0
15448,spillage,2030,164,16,16,0.0
15449,spillage,2030,164,17,17,0.0
15450,spillage,2030,164,18,18,0.0
15451,spillage,2030,164,19,19,0.0
15452,spillage,2030,164,20,20,0.0
15453,spillage,2030,164,21,21,0.0
15454,spillage,2030,164,22,22,0.0
15455,spillage,2030,164,23,23,0.0
15456,spillage,2030,164,24,24,0.0
15457,spillage,2030,165,1,1,0.0
15458,spillage,2030,165,2,2,0.0
15459,spillage,2030,165,3,3,0.0
15460,spillage,2030,165,4,4,0.0
15461,spillage,2030,165,5,5,0.0
15462,spillage,2030,165,6,6,0.0
15463,spillage,2030,165,7,7,0.0
15464,spillage,2030,165,8,8,0.0
15465,spillage,2030,165,9,9,0.0
15466,spillage,2030,165,10,10,0.0
15467,spillage,2030,165,11,11,0.0
15468,spillage,2030,165,12,12,0.0
15469,spillage,2030,165,13,13,0.0
15470,spillage,2030,165,14,14,0.0
15471,spillage,2030,165,15,15,0.0
15472,spillage,2030,165,16,16,0.0
15473,spillage,2030,165,17,17,0.0
15474,spillage,2030,165,18,18,0.0
15475,spillage,2030,165,19,19,0.0
15476,spillage,2030,165,20,20,0.0
15477,spillage,2030,165,21,21,0.0
15478,spillage,2030,165,22,22,0.0
15479,spillage,2030,165,23,23,0.0
15480,spillage,2030,165,24,24,0.0
15481,spillage,2030,166,1,1,0.0
15482,spillage,2030,166,2,2,0.0
15483,spillage,2030,166,3,3,0.0
15484,spillage,2030,166,4,4,0.0
15485,spillage,2030,166,5,5,0.0
15486,spillage,2030,166,6,6,0.0
15487,spillage,2030,166,7,7,0.0
15488,spillage,2030,166,8,8,0.0
15489,spillage,2030,166,9,9,0.0
15490,spillage,2030,166,10,10,0.0
15491,spillage,2030,166,11,11,0.0
15492,spillage,2030,166,12,12,0.0
15493,spillage,2030,166,13,13,0.0
15494,spillage,2030,166,14,14,0.0
15495,spillage,2030,166,15,15,0.0
15496,spillage,2030,166,16,16,0.0
15497,spillage,2030,166,17,17,0.0
15498,spillage,2030,166,18,18,0.0
15499,spillage,2030,166,19,19,0.0
15500,spillage,2030,166,20,20,0.0
15501,spillage,2030,166,21,21,0.0
15502,spillage,2030,166,22,22,0.0
15503,spillage,2030,166,23,23,0.0
15504,spillage,2030,166,24,24,0.0
15505,spillage,2030,167,1,1,0.0
15506,spillage,2030,167,2,2,0.0
15507,spillage,2030,167,3,3,0.0
15508,spillage,2030,167,4,4,0.0
15509,spillage,2030,167,5,5,0.0
15510,spillage,2030,167,6,6,0.0
15511,spillage,2030,167,7,7,0.0
15512,spillage,2030,167,8,8,0.0
15513,spillage,2030,167,9,9,0.0
15514,spillage,2030,167,10,10,0.0
15515,spillage,2030,167,11,11,0.0
15516,spillage,2030,167,12,12,0.0
15517,spillage,2030,167,13,13,0.0
15518,spillage,2030,167,14,14,0.0
15519,spillage,2030,167,15,15,0.0
15520,spillage,2030,167,16,16,0.0
15521,spillage,2030,167,17,17,0.0
15522,spillage,2030,167,18,18,0.0
15523,spillage,2030,167,19,19,0.0
15524,spillage,2030,167,20,20,0.0
15525,spillage,2030,167,21,21,0.0
15526,spillage,2030,167,22,22,0.0
15527,spillage,2030,167,23,23,0.0
15528,spillage,2030,167,24,24,0.0
15529,spillage,2030,168,1,1,0.0
15530,spillage,2030,168,2,2,0.0
15531,spillage,2030,168,3,3,0.0
15532,spillage,2030,168,4,4,0.0
15533,spillage,2030,168,5,5,0.0
15534,spillage,2030,168,6,6,0.0
15535,spillage,2030,168,7,7,0.0
15536,spillage,2030,168,8,8,0.0
15537,spillage,2030,168,9,9,0.0
15538,spillage,2030,168,10,10,0.0
15539,spillage,2030,168,11,11,0.0
15540,spillage,2030,168,12,12,0.0
15541,spillage,2030,168,13,13,0.0
15542,spillage,2030,168,14,14,0.0
15543,spillage,2030,168,15,15,0.0
15544,spillage,2030,168,16,16,0.0
15545,spillage,2030,168,17,17,0.0
15546,spillage,2030,168,18,18,0.0
15547,spillage,2030,168,19,19,0.0
15548,spillage,2030,168,20,20,0.0
15549,spillage,2030,168,21,21,0.0
15550,spillage,2030,168,22,22,0.0
15551,spillage,2030,168,23,23,0.0
15552,spillage,2030,168,24,24,0.0
15553,spillage,2030,169,1,1,0.0
15554,spillage,2030,169,2,2,0.0
15555,spillage,2030,169,3,3,0.0
15556,spillage,2030,169,4,4,0.0
15557,spillage,2030,169,5,5,0.0
15558,spillage,2030,169,6,6,0.0
15559,spillage,2030,169,7,7,0.0
15560,spillage,2030,169,8,8,0.0
15561,spillage,2030,169,9,9,0.0
15562,spillage,2030,169,10,10,0.0
15563,spillage,2030,169,11,11,0.0
15564,spillage,2030,169,12,12,0.0
15565,spillage,2030,169,13,13,0.0
15566,spillage,2030,169,14,14,0.0
15567,spillage,2030,169,15,15,0.0
15568,spillage,2030,169,16,16,0.0
15569,spillage,2030,169,17,17,0.0
15570,spillage,2030,169,18,18,0.0
15571,spillage,2030,169,19,19,0.0
15572,spillage,2030,169,20,20,0.0
15573,spillage,2030,169,21,21,0.0
15574,spillage,2030,169,22,22,0.0
15575,spillage,2030,169,23,23,0.0
15576,spillage,2030,169,24,24,0.0
15577,spillage,2030,170,1,1,0.0
15578,spillage,2030,170,2,2,0.0
15579,spillage,2030,170,3,3,0.0
15580,spillage,2030,170,4,4,0.0
15581,spillage,2030,170,5,5,0.0
15582,spillage,2030,170,6,6,0.0
15583,spillage,2030,170,7,7,0.0
15584,spillage,2030,170,8,8,0.0
15585,spillage,2030,170,9,9,0.0
15586,spillage,2030,170,10,10,0.0
15587,spillage,2030,170,11,11,0.0
15588,spillage,2030,170,12,12,0.0
15589,spillage,2030,170,13,13,0.0
15590,spillage,2030,170,14,14,0.0
15591,spillage,2030,170,15,15,0.0
15592,spillage,2030,170,16,16,0.0
15593,spillage,2030,170,17,17,0.0
15594,spillage,2030,170,18,18,0.0
15595,spillage,2030,170,19,19,0.0
15596,spillage,2030,170,20,20,0.0
15597,spillage,2030,170,21,21,0.0
15598,spillage,2030,170,22,22,0.0
15599,spillage,2030,170,23,23,0.0
15600,spillage,2030,170,24,24,0.0
15601,spillage,2030,171,1,1,0.0
15602,spillage,2030,171,2,2,0.0
15603,spillage,2030,171,3,3,0.0
15604,spillage,2030,171,4,4,0.0
15605,spillage,2030,171,5,5,0.0
15606,spillage,2030,171,6,6,0.0
15607,spillage,2030,171,7,7,0.0
15608,spillage,2030,171,8,8,0.0
15609,spillage,2030,171,9,9,0.0
15610,spillage,2030,171,10,10,0.0
15611,spillage,2030,171,11,11,0.0
15612,spillage,2030,171,12,12,0.0
15613,spillage,2030,171,13,13,0.0
15614,spillage,2030,171,14,14,0.0
15615,spillage,2030,171,15,15,0.0
15616,spillage,2030,171,16,16,0.0
15617,spillage,2030,171,17,17,0.0
15618,spillage,2030,171,18,18,0.0
15619,spillage,2030,171,19,19,0.0
15620,spillage,2030,171,20,20,0.0
15621,spillage,2030,171,21,21,0.0
15622,spillage,2030,171,22,22,0.0
15623,spillage,2030,171,23,23,0.0
15624,spillage,2030,171,24,24,0.0
15625,spillage,2030,172,1,1,0.0
15626,spillage,2030,172,2,2,0.0
15627,spillage,2030,172,3,3,0.0
15628,spillage,2030,172,4,4,0.0
15629,spillage,2030,172,5,5,0.0
15630,spillage,2030,172,6,6,0.0
15631,spillage,2030,172,7,7,0.0
15632,spillage,2030,172,8,8,0.0
15633,spillage,2030,172,9,9,0.0
15634,spillage,2030,172,10,10,0.0
15635,spillage,2030,172,11,11,0.0
15636,spillage,2030,172,12,12,0.0
15637,spillage,2030,172,13,13,0.0
15638,spillage,2030,172,14,14,0.0
15639,spillage,2030,172,15,15,0.0
15640,spillage,2030,172,16,16,0.0
15641,spillage,2030,172,17,17,0.0
15642,spillage,2030,172,18,18,0.0
15643,spillage,2030,172,19,19,0.0
15644,spillage,2030,172,20,20,0.0
15645,spillage,2030,172,21,21,0.0
15646,spillage,2030,172,22,22,0.0
15647,spillage,2030,172,23,23,0.0
15648,spillage,2030,172,24,24,0.0
15649,spillage,2030,173,1,1,0.0
15650,spillage,2030,173,2,2,0.0
15651,spillage,2030,173,3,3,0.0
15652,spillage,2030,173,4,4,0.0
15653,spillage,2030,173,5,5,0.0
15654,spillage,2030,173,6,6,0.0
15655,spillage,2030,173,7,7,0.0
15656,spillage,2030,173,8,8,0.0
15657,spillage,2030,173,9,9,0.0
15658,spillage,2030,173,10,10,0.0
15659,spillage,2030,173,11,11,0.0
15660,spillage,2030,173,12,12,0.0
15661,spillage,2030,173,13,13,0.0
15662,spillage,2030,173,14,14,0.0
15663,spillage,2030,173,15,15,0.0
15664,spillage,2030,173,16,16,0.0
15665,spillage,2030,173,17,17,0.0
15666,spillage,2030,173,18,18,0.0
15667,spillage,2030,173,19,19,0.0
15668,spillage,2030,173,20,20,0.0
15669,spillage,2030,173,21,21,0.0
15670,spillage,2030,173,22,22,0.0
15671,spillage,2030,173,23,23,0.0
15672,spillage,2030,173,24,24,0.0
15673,spillage,2030,174,1,1,0.0
15674,spillage,2030,174,2,2,0.0
15675,spillage,2030,174,3,3,0.0
15676,spillage,2030,174,4,4,0.0
15677,spillage,2030,174,5,5,0.0
15678,spillage,2030,174,6,6,0.0
15679,spillage,2030,174,7,7,0.0
15680,spillage,2030,174,8,8,0.0
15681,spillage,2030,174,9,9,0.0
15682,spillage,2030,174,10,10,0.0
15683,spillage,2030,174,11,11,0.0
15684,spillage,2030,174,12,12,0.0
15685,spillage,2030,174,13,13,0.0
15686,spillage,2030,174,14,14,0.0
15687,spillage,2030,174,15,15,0.0
15688,spillage,2030,174,16,16,0.0
15689,spillage,2030,174,17,17,0.0
15690,spillage,2030,174,18,18,0.0
15691,spillage,2030,174,19,19,0.0
15692,spillage,2030,174,20,20,0.0
15693,spillage,2030,174,21,21,0.0
15694,spillage,2030,174,22,22,0.0
15695,spillage,2030,174,23,23,0.0
15696,spillage,2030,174,24,24,0.0
15697,spillage,2030,175,1,1,0.0
15698,spillage,2030,175,2,2,0.0
15699,spillage,2030,175,3,3,0.0
15700,spillage,2030,175,4,4,0.0
15701,spillage,2030,175,5,5,0.0
15702,spillage,2030,175,6,6,0.0
15703,spillage,2030,175,7,7,0.0
15704,spillage,2030,175,8,8,0.0
15705,spillage,2030,175,9,9,0.0
15706,spillage,2030,175,10,10,0.0
15707,spillage,2030,175,11,11,0.0
15708,spillage,2030,175,12,12,0.0
15709,spillage,2030,175,13,13,0.0
15710,spillage,2030,175,14,14,0.0
15711,spillage,2030,175,15,15,0.0
15712,spillage,2030,175,16,16,0.0
15713,spillage,2030,175,17,17,0.0
15714,spillage,2030,175,18,18,0.0
15715,spillage,2030,175,19,19,0.0
15716,spillage,2030,175,20,20,0.0
15717,spillage,2030,175,21,21,0.0
15718,spillage,2030,175,22,22,0.0
15719,spillage,2030,175,23,23,0.0
15720,spillage,2030,175,24,24,0.0
15721,spillage,2030,176,1,1,0.0
15722,spillage,2030,176,2,2,0.0
15723,spillage,2030,176,3,3,0.0
15724,spillage,2030,176,4,4,0.0
15725,spillage,2030,176,5,5,0.0
15726,spillage,2030,176,6,6,0.0
15727,spillage,2030,176,7,7,0.0
15728,spillage,2030,176,8,8,0.0
15729,spillage,2030,176,9,9,0.0
15730,spillage,2030,176,10,10,0.0
15731,spillage,2030,176,11,11,0.0
15732,spillage,2030,176,12,12,0.0
15733,spillage,2030,176,13,13,0.0
15734,spillage,2030,176,14,14,0.0
15735,spillage,2030,176,15,15,0.0
15736,spillage,2030,176,16,16,0.0
15737,spillage,2030,176,17,17,0.0
15738,spillage,2030,176,18,18,0.0
15739,spillage,2030,176,19,19,0.0
15740,spillage,2030,176,20,20,0.0
15741,spillage,2030,176,21,21,0.0
15742,spillage,2030,176,22,22,0.0
15743,spillage,2030,176,23,23,0.0
15744,spillage,2030,176,24,24,0.0
15745,spillage,2030,177,1,1,0.0
15746,spillage,2030,177,2,2,0.0
15747,spillage,2030,177,3,3,0.0
15748,spillage,2030,177,4,4,0.0
15749,spillage,2030,177,5,5,0.0
15750,spillage,2030,177,6,6,0.0
15751,spillage,2030,177,7,7,0.0
15752,spillage,2030,177,8,8,0.0
15753,spillage,2030,177,9,9,0.0
15754,spillage,2030,177,10,10,0.0
15755,spillage,2030,177,11,11,0.0
15756,spillage,2030,177,12,12,0.0
15757,spillage,2030,177,13,13,0.0
15758,spillage,2030,177,14,14,0.0
15759,spillage,2030,177,15,15,0.0
15760,spillage,2030,177,16,16,0.0
15761,spillage,2030,177,17,17,0.0
15762,spillage,2030,177,18,18,0.0
15763,spillage,2030,177,19,19,0.0
15764,spillage,2030,177,20,20,0.0
15765,spillage,2030,177,21,21,0.0
15766,spillage,2030,177,22,22,0.0
15767,spillage,2030,177,23,23,0.0
15768,spillage,2030,177,24,24,0.0
15769,spillage,2030,178,1,1,0.0
15770,spillage,2030,178,2,2,0.0
15771,spillage,2030,178,3,3,0.0
15772,spillage,2030,178,4,4,0.0
15773,spillage,2030,178,5,5,0.0
15774,spillage,2030,178,6,6,0.0
15775,spillage,2030,178,7,7,0.0
15776,spillage,2030,178,8,8,0.0
15777,spillage,2030,178,9,9,0.0
15778,spillage,2030,178,10,10,0.0
15779,spillage,2030,178,11,11,0.0
15780,spillage,2030,178,12,12,0.0
15781,spillage,2030,178,13,13,0.0
15782,spillage,2030,178,14,14,0.0
15783,spillage,2030,178,15,15,0.0
15784,spillage,2030,178,16,16,0.0
15785,spillage,2030,178,17,17,0.0
15786,spillage,2030,178,18,18,0.0
15787,spillage,2030,178,19,19,0.0
15788,spillage,2030,178,20,20,0.0
15789,spillage,2030,178,21,21,0.0
15790,spillage,2030,178,22,22,0.0
15791,spillage,2030,178,23,23,0.0
15792,spillage,2030,178,24,24,0.0
15793,spillage,2030,179,1,1,0.0
15794,spillage,2030,179,2,2,0.0
15795,spillage,2030,179,3,3,0.0
15796,spillage,2030,179,4,4,0.0
15797,spillage,2030,179,5,5,0.0
15798,spillage,2030,179,6,6,0.0
15799,spillage,2030,179,7,7,0.0
15800,spillage,2030,179,8,8,0.0
15801,spillage,2030,179,9,9,0.0
15802,spillage,2030,179,10,10,0.0
15803,spillage,2030,179,11,11,0.0
15804,spillage,2030,179,12,12,0.0
15805,spillage,2030,179,13,13,0.0
15806,spillage,2030,179,14,14,0.0
15807,spillage,2030,179,15,15,0.0
15808,spillage,2030,179,16,16,0.0
15809,spillage,2030,179,17,17,0.0
15810,spillage,2030,179,18,18,0.0
15811,spillage,2030,179,19,19,0.0
15812,spillage,2030,179,20,20,0.0
15813,spillage,2030,179,21,21,0.0
15814,spillage,2030,179,22,22,0.0
15815,spillage,2030,179,23,23,0.0
15816,spillage,2030,179,24,24,0.0
15817,spillage,2030,180,1,1,0.0
15818,spillage,2030,180,2,2,0.0
15819,spillage,2030,180,3,3,0.0
15820,spillage,2030,180,4,4,0.0
15821,spillage,2030,180,5,5,0.0
15822,spillage,2030,180,6,6,0.0
15823,spillage,2030,180,7,7,0.0
15824,spillage,2030,180,8,8,0.0
15825,spillage,2030,180,9,9,0.0
15826,spillage,2030,180,10,10,0.0
15827,spillage,2030,180,11,11,0.0
15828,spillage,2030,180,12,12,0.0
15829,spillage,2030,180,13,13,0.0
15830,spillage,2030,180,14,14,0.0
15831,spillage,2030,180,15,15,0.0
15832,spillage,2030,180,16,16,0.0
15833,spillage,2030,180,17,17,0.0
15834,spillage,2030,180,18,18,0.0
15835,spillage,2030,180,19,19,0.0
15836,spillage,2030,180,20,20,0.0
15837,spillage,2030,180,21,21,0.0
15838,spillage,2030,180,22,22,0.0
15839,spillage,2030,180,23,23,0.0
15840,spillage,2030,180,24,24,0.0
15841,spillage,2030,181,1,1,0.0
15842,spillage,2030,181,2,2,0.0
15843,spillage,2030,181,3,3,0.0
15844,spillage,2030,181,4,4,0.0
15845,spillage,2030,181,5,5,0.0
15846,spillage,2030,181,6,6,0.0
15847,spillage,2030,181,7,7,0.0
15848,spillage,2030,181,8,8,0.0
15849,spillage,2030,181,9,9,0.0
15850,spillage,2030,181,10,10,0.0
15851,spillage,2030,181,11,11,0.0
15852,spillage,2030,181,12,12,0.0
15853,spillage,2030,181,13,13,0.0
15854,spillage,2030,181,14,14,0.0
15855,spillage,2030,181,15,15,0.0
15856,spillage,2030,181,16,16,0.0
15857,spillage,2030,181,17,17,0.0
15858,spillage,2030,181,18,18,0.0
15859,spillage,2030,181,19,19,0.0
15860,spillage,2030,181,20,20,0.0
15861,spillage,2030,181,21,21,0.0
15862,spillage,2030,181,22,22,0.0
15863,spillage,2030,181,23,23,0.0
15864,spillage,2030,181,24,24,0.0
15865,spillage,2030,182,1,1,0.0
15866,spillage,2030,182,2,2,0.0
15867,spillage,2030,182,3,3,0.0
15868,spillage,2030,182,4,4,0.0
15869,spillage,2030,182,5,5,0.0
15870,spillage,2030,182,6,6,0.0
15871,spillage,2030,182,7,7,0.0
15872,spillage,2030,182,8,8,0.0
15873,spillage,2030,182,9,9,0.0
15874,spillage,2030,182,10,10,0.0
15875,spillage,2030,182,11,11,0.0
15876,spillage,2030,182,12,12,0.0
15877,spillage,2030,182,13,13,0.0
15878,spillage,2030,182,14,14,0.0
15879,spillage,2030,182,15,15,0.0
15880,spillage,2030,182,16,16,0.0
15881,spillage,2030,182,17,17,0.0
15882,spillage,2030,182,18,18,0.0
15883,spillage,2030,182,19,19,0.0
15884,spillage,2030,182,20,20,0.0
15885,spillage,2030,182,21,21,0.0
15886,spillage,2030,182,22,22,0.0
15887,spillage,2030,182,23,23,0.0
15888,spillage,2030,182,24,24,0.0
15889,spillage,2030,183,1,1,0.0
15890,spillage,2030,183,2,2,0.0
15891,spillage,2030,183,3,3,0.0
15892,spillage,2030,183,4,4,0.0
15893,spillage,2030,183,5,5,0.0
15894,spillage,2030,183,6,6,0.0
15895,spillage,2030,183,7,7,0.0
15896,spillage,2030,183,8,8,0.0
15897,spillage,2030,183,9,9,0.0
15898,spillage,2030,183,10,10,0.0
15899,spillage,2030,183,11,11,0.0
15900,spillage,2030,183,12,12,0.0
15901,spillage,2030,183,13,13,0.0
15902,spillage,2030,183,14,14,0.0
15903,spillage,2030,183,15,15,0.0
15904,spillage,2030,183,16,16,0.0
15905,spillage,2030,183,17,17,0.0
15906,spillage,2030,183,18,18,0.0
15907,spillage,2030,183,19,19,0.0
15908,spillage,2030,183,20,20,0.0
15909,spillage,2030,183,21,21,0.0
15910,spillage,2030,183,22,22,0.0
15911,spillage,2030,183,23,23,0.0
15912,spillage,2030,183,24,24,0.0
15913,spillage,2030,184,1,1,0.0
15914,spillage,2030,184,2,2,0.0
15915,spillage,2030,184,3,3,0.0
15916,spillage,2030,184,4,4,0.0
15917,spillage,2030,184,5,5,0.0
15918,spillage,2030,184,6,6,0.0
15919,spillage,2030,184,7,7,0.0
15920,spillage,2030,184,8,8,0.0
15921,spillage,2030,184,9,9,0.0
15922,spillage,2030,184,10,10,0.0
15923,spillage,2030,184,11,11,0.0
15924,spillage,2030,184,12,12,0.0
15925,spillage,2030,184,13,13,0.0
15926,spillage,2030,184,14,14,0.0
15927,spillage,2030,184,15,15,0.0
15928,spillage,2030,184,16,16,0.0
15929,spillage,2030,184,17,17,0.0
15930,spillage,2030,184,18,18,0.0
15931,spillage,2030,184,19,19,0.0
15932,spillage,2030,184,20,20,0.0
15933,spillage,2030,184,21,21,0.0
15934,spillage,2030,184,22,22,0.0
15935,spillage,2030,184,23,23,0.0
15936,spillage,2030,184,24,24,0.0
15937,spillage,2030,185,1,1,0.0
15938,spillage,2030,185,2,2,0.0
15939,spillage,2030,185,3,3,0.0
15940,spillage,2030,185,4,4,0.0
15941,spillage,2030,185,5,5,0.0
15942,spillage,2030,185,6,6,0.0
15943,spillage,2030,185,7,7,0.0
15944,spillage,2030,185,8,8,0.0
15945,spillage,2030,185,9,9,0.0
15946,spillage,2030,185,10,10,0.0
15947,spillage,2030,185,11,11,0.0
15948,spillage,2030,185,12,12,0.0
15949,spillage,2030,185,13,13,0.0
15950,spillage,2030,185,14,14,0.0
15951,spillage,2030,185,15,15,0.0
15952,spillage,2030,185,16,16,0.0
15953,spillage,2030,185,17,17,0.0
15954,spillage,2030,185,18,18,0.0
15955,spillage,2030,185,19,19,0.0
15956,spillage,2030,185,20,20,0.0
15957,spillage,2030,185,21,21,0.0
15958,spillage,2030,185,22,22,0.0
15959,spillage,2030,185,23,23,0.0
15960,spillage,2030,185,24,24,0.0
15961,spillage,2030,186,1,1,0.0
15962,spillage,2030,186,2,2,0.0
15963,spillage,2030,186,3,3,0.0
15964,spillage,2030,186,4,4,0.0
15965,spillage,2030,186,5,5,0.0
15966,spillage,2030,186,6,6,0.0
15967,spillage,2030,186,7,7,0.0
15968,spillage,2030,186,8,8,0.0
15969,spillage,2030,186,9,9,0.0
15970,spillage,2030,186,10,10,0.0
15971,spillage,2030,186,11,11,0.0
15972,spillage,2030,186,12,12,0.0
15973,spillage,2030,186,13,13,0.0
15974,spillage,2030,186,14,14,0.0
15975,spillage,2030,186,15,15,0.0
15976,spillage,2030,186,16,16,0.0
15977,spillage,2030,186,17,17,0.0
15978,spillage,2030,186,18,18,0.0
15979,spillage,2030,186,19,19,0.0
15980,spillage,2030,186,20,20,0.0
15981,spillage,2030,186,21,21,0.0
15982,spillage,2030,186,22,22,0.0
15983,spillage,2030,186,23,23,0.0
15984,spillage,2030,186,24,24,0.0
15985,spillage,2030,187,1,1,0.0
15986,spillage,2030,187,2,2,0.0
15987,spillage,2030,187,3,3,0.0
15988,spillage,2030,187,4,4,0.0
15989,spillage,2030,187,5,5,0.0
15990,spillage,2030,187,6,6,0.0
15991,spillage,2030,187,7,7,0.0
15992,spillage,2030,187,8,8,0.0
15993,spillage,2030,187,9,9,0.0
15994,spillage,2030,187,10,10,0.0
15995,spillage,2030,187,11,11,0.0
15996,spillage,2030,187,12,12,0.0
15997,spillage,2030,187,13,13,0.0
15998,spillage,2030,187,14,14,0.0
15999,spillage,2030,187,15,15,0.0
16000,spillage,2030,187,16,16,0.0
16001,spillage,2030,187,17,17,0.0
16002,spillage,2030,187,18,18,0.0
16003,spillage,2030,187,19,19,0.0
16004,spillage,2030,187,20,20,0.0
16005,spillage,2030,187,21,21,0.0
16006,spillage,2030,187,22,22,0.0
16007,spillage,2030,187,23,23,0.0
16008,spillage,2030,187,24,24,0.0
16009,spillage,2030,188,1,1,0.0
16010,spillage,2030,188,2,2,0.0
16011,spillage,2030,188,3,3,0.0
16012,spillage,2030,188,4,4,0.0
16013,spillage,2030,188,5,5,0.0
16014,spillage,2030,188,6,6,0.0
16015,spillage,2030,188,7,7,0.0
16016,spillage,2030,188,8,8,0.0
16017,spillage,2030,188,9,9,0.0
16018,spillage,2030,188,10,10,0.0
16019,spillage,2030,188,11,11,0.0
16020,spillage,2030,188,12,12,0.0
16021,spillage,2030,188,13,13,0.0
16022,spillage,2030,188,14,14,0.0
16023,spillage,2030,188,15,15,0.0
16024,spillage,2030,188,16,16,0.0
16025,spillage,2030,188,17,17,0.0
16026,spillage,2030,188,18,18,0.0
16027,spillage,2030,188,19,19,0.0
16028,spillage,2030,188,20,20,0.0
16029,spillage,2030,188,21,21,0.0
16030,spillage,2030,188,22,22,0.0
16031,spillage,2030,188,23,23,0.0
16032,spillage,2030,188,24,24,0.0
16033,spillage,2030,189,1,1,0.0
16034,spillage,2030,189,2,2,0.0
16035,spillage,2030,189,3,3,0.0
16036,spillage,2030,189,4,4,0.0
16037,spillage,2030,189,5,5,0.0
16038,spillage,2030,189,6,6,0.0
16039,spillage,2030,189,7,7,0.0
16040,spillage,2030,189,8,8,0.0
16041,spillage,2030,189,9,9,0.0
16042,spillage,2030,189,10,10,0.0
16043,spillage,2030,189,11,11,0.0
16044,spillage,2030,189,12,12,0.0
16045,spillage,2030,189,13,13,0.0
16046,spillage,2030,189,14,14,0.0
16047,spillage,2030,189,15,15,0.0
16048,spillage,2030,189,16,16,0.0
16049,spillage,2030,189,17,17,0.0
16050,spillage,2030,189,18,18,0.0
16051,spillage,2030,189,19,19,0.0
16052,spillage,2030,189,20,20,0.0
16053,spillage,2030,189,21,21,0.0
16054,spillage,2030,189,22,22,0.0
16055,spillage,2030,189,23,23,0.0
16056,spillage,2030,189,24,24,0.0
16057,spillage,2030,190,1,1,0.0
16058,spillage,2030,190,2,2,0.0
16059,spillage,2030,190,3,3,0.0
16060,spillage,2030,190,4,4,0.0
16061,spillage,2030,190,5,5,0.0
16062,spillage,2030,190,6,6,0.0
16063,spillage,2030,190,7,7,0.0
16064,spillage,2030,190,8,8,0.0
16065,spillage,2030,190,9,9,0.0
16066,spillage,2030,190,10,10,0.0
16067,spillage,2030,190,11,11,0.0
16068,spillage,2030,190,12,12,0.0
16069,spillage,2030,190,13,13,0.0
16070,spillage,2030,190,14,14,0.0
16071,spillage,2030,190,15,15,0.0
16072,spillage,2030,190,16,16,0.0
16073,spillage,2030,190,17,17,0.0
16074,spillage,2030,190,18,18,0.0
16075,spillage,2030,190,19,19,0.0
16076,spillage,2030,190,20,20,0.0
16077,spillage,2030,190,21,21,0.0
16078,spillage,2030,190,22,22,0.0
16079,spillage,2030,190,23,23,0.0
16080,spillage,2030,190,24,24,0.0
16081,spillage,2030,191,1,1,0.0
16082,spillage,2030,191,2,2,0.0
16083,spillage,2030,191,3,3,0.0
16084,spillage,2030,191,4,4,0.0
16085,spillage,2030,191,5,5,0.0
16086,spillage,2030,191,6,6,0.0
16087,spillage,2030,191,7,7,0.0
16088,spillage,2030,191,8,8,0.0
16089,spillage,2030,191,9,9,0.0
16090,spillage,2030,191,10,10,0.0
16091,spillage,2030,191,11,11,0.0
16092,spillage,2030,191,12,12,0.0
16093,spillage,2030,191,13,13,0.0
16094,spillage,2030,191,14,14,0.0
16095,spillage,2030,191,15,15,0.0
16096,spillage,2030,191,16,16,0.0
16097,spillage,2030,191,17,17,0.0
16098,spillage,2030,191,18,18,0.0
16099,spillage,2030,191,19,19,0.0
16100,spillage,2030,191,20,20,0.0
16101,spillage,2030,191,21,21,0.0
16102,spillage,2030,191,22,22,0.0
16103,spillage,2030,191,23,23,0.0
16104,spillage,2030,191,24,24,0.0
16105,spillage,2030,192,1,1,0.0
16106,spillage,2030,192,2,2,0.0
16107,spillage,2030,192,3,3,0.0
16108,spillage,2030,192,4,4,0.0
16109,spillage,2030,192,5,5,0.0
16110,spillage,2030,192,6,6,0.0
16111,spillage,2030,192,7,7,0.0
16112,spillage,2030,192,8,8,0.0
16113,spillage,2030,192,9,9,0.0
16114,spillage,2030,192,10,10,0.0
16115,spillage,2030,192,11,11,0.0
16116,spillage,2030,192,12,12,0.0
16117,spillage,2030,192,13,13,0.0
16118,spillage,2030,192,14,14,0.0
16119,spillage,2030,192,15,15,0.0
16120,spillage,2030,192,16,16,0.0
16121,spillage,2030,192,17,17,0.0
16122,spillage,2030,192,18,18,0.0
16123,spillage,2030,192,19,19,0.0
16124,spillage,2030,192,20,20,0.0
16125,spillage,2030,192,21,21,0.0
16126,spillage,2030,192,22,22,0.0
16127,spillage,2030,192,23,23,0.0
16128,spillage,2030,192,24,24,0.0
16129,spillage,2030,193,1,1,0.0
16130,spillage,2030,193,2,2,0.0
16131,spillage,2030,193,3,3,0.0
16132,spillage,2030,193,4,4,0.0
16133,spillage,2030,193,5,5,0.0
16134,spillage,2030,193,6,6,0.0
16135,spillage,2030,193,7,7,0.0
16136,spillage,2030,193,8,8,0.0
16137,spillage,2030,193,9,9,0.0
16138,spillage,2030,193,10,10,0.0
16139,spillage,2030,193,11,11,0.0
16140,spillage,2030,193,12,12,0.0
16141,spillage,2030,193,13,13,0.0
16142,spillage,2030,193,14,14,0.0
16143,spillage,2030,193,15,15,0.0
16144,spillage,2030,193,16,16,0.0
16145,spillage,2030,193,17,17,0.0
16146,spillage,2030,193,18,18,0.0
16147,spillage,2030,193,19,19,0.0
16148,spillage,2030,193,20,20,0.0
16149,spillage,2030,193,21,21,0.0
16150,spillage,2030,193,22,22,0.0
16151,spillage,2030,193,23,23,0.0
16152,spillage,2030,193,24,24,0.0
16153,spillage,2030,194,1,1,0.0
16154,spillage,2030,194,2,2,0.0
16155,spillage,2030,194,3,3,0.0
16156,spillage,2030,194,4,4,0.0
16157,spillage,2030,194,5,5,0.0
16158,spillage,2030,194,6,6,0.0
16159,spillage,2030,194,7,7,0.0
16160,spillage,2030,194,8,8,0.0
16161,spillage,2030,194,9,9,0.0
16162,spillage,2030,194,10,10,0.0
16163,spillage,2030,194,11,11,0.0
16164,spillage,2030,194,12,12,0.0
16165,spillage,2030,194,13,13,0.0
16166,spillage,2030,194,14,14,0.0
16167,spillage,2030,194,15,15,0.0
16168,spillage,2030,194,16,16,0.0
16169,spillage,2030,194,17,17,0.0
16170,spillage,2030,194,18,18,0.0
16171,spillage,2030,194,19,19,0.0
16172,spillage,2030,194,20,20,0.0
16173,spillage,2030,194,21,21,0.0
16174,spillage,2030,194,22,22,0.0
16175,spillage,2030,194,23,23,0.0
16176,spillage,2030,194,24,24,0.0
16177,spillage,2030,195,1,1,0.0
16178,spillage,2030,195,2,2,0.0
16179,spillage,2030,195,3,3,0.0
16180,spillage,2030,195,4,4,0.0
16181,spillage,2030,195,5,5,0.0
16182,spillage,2030,195,6,6,0.0
16183,spillage,2030,195,7,7,0.0
16184,spillage,2030,195,8,8,0.0
16185,spillage,2030,195,9,9,0.0
16186,spillage,2030,195,10,10,0.0
16187,spillage,2030,195,11,11,0.0
16188,spillage,2030,195,12,12,0.0
16189,spillage,2030,195,13,13,0.0
16190,spillage,2030,195,14,14,0.0
16191,spillage,2030,195,15,15,0.0
16192,spillage,2030,195,16,16,0.0
16193,spillage,2030,195,17,17,0.0
16194,spillage,2030,195,18,18,0.0
16195,spillage,2030,195,19,19,0.0
16196,spillage,2030,195,20,20,0.0
16197,spillage,2030,195,21,21,0.0
16198,spillage,2030,195,22,22,0.0
16199,spillage,2030,195,23,23,0.0
16200,spillage,2030,195,24,24,0.0
16201,spillage,2030,196,1,1,0.0
16202,spillage,2030,196,2,2,0.0
16203,spillage,2030,196,3,3,0.0
16204,spillage,2030,196,4,4,0.0
16205,spillage,2030,196,5,5,0.0
16206,spillage,2030,196,6,6,0.0
16207,spillage,2030,196,7,7,0.0
16208,spillage,2030,196,8,8,0.0
16209,spillage,2030,196,9,9,0.0
16210,spillage,2030,196,10,10,0.0
16211,spillage,2030,196,11,11,0.0
16212,spillage,2030,196,12,12,0.0
16213,spillage,2030,196,13,13,0.0
16214,spillage,2030,196,14,14,0.0
16215,spillage,2030,196,15,15,0.0
16216,spillage,2030,196,16,16,0.0
16217,spillage,2030,196,17,17,0.0
16218,spillage,2030,196,18,18,0.0
16219,spillage,2030,196,19,19,0.0
16220,spillage,2030,196,20,20,0.0
16221,spillage,2030,196,21,21,0.0
16222,spillage,2030,196,22,22,0.0
16223,spillage,2030,196,23,23,0.0
16224,spillage,2030,196,24,24,0.0
16225,spillage,2030,197,1,1,0.0
16226,spillage,2030,197,2,2,0.0
16227,spillage,2030,197,3,3,0.0
16228,spillage,2030,197,4,4,0.0
16229,spillage,2030,197,5,5,0.0
16230,spillage,2030,197,6,6,0.0
16231,spillage,2030,197,7,7,0.0
16232,spillage,2030,197,8,8,0.0
16233,spillage,2030,197,9,9,0.0
16234,spillage,2030,197,10,10,0.0
16235,spillage,2030,197,11,11,0.0
16236,spillage,2030,197,12,12,0.0
16237,spillage,2030,197,13,13,0.0
16238,spillage,2030,197,14,14,0.0
16239,spillage,2030,197,15,15,0.0
16240,spillage,2030,197,16,16,0.0
16241,spillage,2030,197,17,17,0.0
16242,spillage,2030,197,18,18,0.0
16243,spillage,2030,197,19,19,0.0
16244,spillage,2030,197,20,20,0.0
16245,spillage,2030,197,21,21,0.0
16246,spillage,2030,197,22,22,0.0
16247,spillage,2030,197,23,23,0.0
16248,spillage,2030,197,24,24,0.0
16249,spillage,2030,198,1,1,0.0
16250,spillage,2030,198,2,2,0.0
16251,spillage,2030,198,3,3,0.0
16252,spillage,2030,198,4,4,0.0
16253,spillage,2030,198,5,5,0.0
16254,spillage,2030,198,6,6,0.0
16255,spillage,2030,198,7,7,0.0
16256,spillage,2030,198,8,8,0.0
16257,spillage,2030,198,9,9,0.0
16258,spillage,2030,198,10,10,0.0
16259,spillage,2030,198,11,11,0.0
16260,spillage,2030,198,12,12,0.0
16261,spillage,2030,198,13,13,0.0
16262,spillage,2030,198,14,14,0.0
16263,spillage,2030,198,15,15,0.0
16264,spillage,2030,198,16,16,0.0
16265,spillage,2030,198,17,17,0.0
16266,spillage,2030,198,18,18,0.0
16267,spillage,2030,198,19,19,0.0
16268,spillage,2030,198,20,20,0.0
16269,spillage,2030,198,21,21,0.0
16270,spillage,2030,198,22,22,0.0
16271,spillage,2030,198,23,23,0.0
16272,spillage,2030,198,24,24,0.0
16273,spillage,2030,199,1,1,0.0
16274,spillage,2030,199,2,2,0.0
16275,spillage,2030,199,3,3,0.0
16276,spillage,2030,199,4,4,0.0
16277,spillage,2030,199,5,5,0.0
16278,spillage,2030,199,6,6,0.0
16279,spillage,2030,199,7,7,0.0
16280,spillage,2030,199,8,8,0.0
16281,spillage,2030,199,9,9,0.0
16282,spillage,2030,199,10,10,0.0
16283,spillage,2030,199,11,11,0.0
16284,spillage,2030,199,12,12,0.0
16285,spillage,2030,199,13,13,0.0
16286,spillage,2030,199,14,14,0.0
16287,spillage,2030,199,15,15,0.0
16288,spillage,2030,199,16,16,0.0
16289,spillage,2030,199,17,17,0.0
16290,spillage,2030,199,18,18,0.0
16291,spillage,2030,199,19,19,0.0
16292,spillage,2030,199,20,20,0.0
16293,spillage,2030,199,21,21,0.0
16294,spillage,2030,199,22,22,0.0
16295,spillage,2030,199,23,23,0.0
16296,spillage,2030,199,24,24,0.0
16297,spillage,2030,200,1,1,0.0
16298,spillage,2030,200,2,2,0.0
16299,spillage,2030,200,3,3,0.0
16300,spillage,2030,200,4,4,0.0
16301,spillage,2030,200,5,5,0.0
16302,spillage,2030,200,6,6,0.0
16303,spillage,2030,200,7,7,0.0
16304,spillage,2030,200,8,8,0.0
16305,spillage,2030,200,9,9,0.0
16306,spillage,2030,200,10,10,0.0
16307,spillage,2030,200,11,11,0.0
16308,spillage,2030,200,12,12,0.0
16309,spillage,2030,200,13,13,0.0
16310,spillage,2030,200,14,14,0.0
16311,spillage,2030,200,15,15,0.0
16312,spillage,2030,200,16,16,0.0
16313,spillage,2030,200,17,17,0.0
16314,spillage,2030,200,18,18,0.0
16315,spillage,2030,200,19,19,0.0
16316,spillage,2030,200,20,20,0.0
16317,spillage,2030,200,21,21,0.0
16318,spillage,2030,200,22,22,0.0
16319,spillage,2030,200,23,23,0.0
16320,spillage,2030,200,24,24,0.0
16321,spillage,2030,201,1,1,0.0
16322,spillage,2030,201,2,2,0.0
16323,spillage,2030,201,3,3,0.0
16324,spillage,2030,201,4,4,0.0
16325,spillage,2030,201,5,5,0.0
16326,spillage,2030,201,6,6,0.0
16327,spillage,2030,201,7,7,0.0
16328,spillage,2030,201,8,8,0.0
16329,spillage,2030,201,9,9,0.0
16330,spillage,2030,201,10,10,0.0
16331,spillage,2030,201,11,11,0.0
16332,spillage,2030,201,12,12,0.0
16333,spillage,2030,201,13,13,0.0
16334,spillage,2030,201,14,14,0.0
16335,spillage,2030,201,15,15,0.0
16336,spillage,2030,201,16,16,0.0
16337,spillage,2030,201,17,17,0.0
16338,spillage,2030,201,18,18,0.0
16339,spillage,2030,201,19,19,0.0
16340,spillage,2030,201,20,20,0.0
16341,spillage,2030,201,21,21,0.0
16342,spillage,2030,201,22,22,0.0
16343,spillage,2030,201,23,23,0.0
16344,spillage,2030,201,24,24,0.0
16345,spillage,2030,202,1,1,0.0
16346,spillage,2030,202,2,2,0.0
16347,spillage,2030,202,3,3,0.0
16348,spillage,2030,202,4,4,0.0
16349,spillage,2030,202,5,5,0.0
16350,spillage,2030,202,6,6,0.0
16351,spillage,2030,202,7,7,0.0
16352,spillage,2030,202,8,8,0.0
16353,spillage,2030,202,9,9,0.0
16354,spillage,2030,202,10,10,0.0
16355,spillage,2030,202,11,11,0.0
16356,spillage,2030,202,12,12,0.0
16357,spillage,2030,202,13,13,0.0
16358,spillage,2030,202,14,14,0.0
16359,spillage,2030,202,15,15,0.0
16360,spillage,2030,202,16,16,0.0
16361,spillage,2030,202,17,17,0.0
16362,spillage,2030,202,18,18,0.0
16363,spillage,2030,202,19,19,0.0
16364,spillage,2030,202,20,20,0.0
16365,spillage,2030,202,21,21,0.0
16366,spillage,2030,202,22,22,0.0
16367,spillage,2030,202,23,23,0.0
16368,spillage,2030,202,24,24,0.0
16369,spillage,2030,203,1,1,0.0
16370,spillage,2030,203,2,2,0.0
16371,spillage,2030,203,3,3,0.0
16372,spillage,2030,203,4,4,0.0
16373,spillage,2030,203,5,5,0.0
16374,spillage,2030,203,6,6,0.0
16375,spillage,2030,203,7,7,0.0
16376,spillage,2030,203,8,8,0.0
16377,spillage,2030,203,9,9,0.0
16378,spillage,2030,203,10,10,0.0
16379,spillage,2030,203,11,11,0.0
16380,spillage,2030,203,12,12,0.0
16381,spillage,2030,203,13,13,0.0
16382,spillage,2030,203,14,14,0.0
16383,spillage,2030,203,15,15,0.0
16384,spillage,2030,203,16,16,0.0
16385,spillage,2030,203,17,17,0.0
16386,spillage,2030,203,18,18,0.0
16387,spillage,2030,203,19,19,0.0
16388,spillage,2030,203,20,20,0.0
16389,spillage,2030,203,21,21,0.0
16390,spillage,2030,203,22,22,0.0
16391,spillage,2030,203,23,23,0.0
16392,spillage,2030,203,24,24,0.0
16393,spillage,2030,204,1,1,0.0
16394,spillage,2030,204,2,2,0.0
16395,spillage,2030,204,3,3,0.0
16396,spillage,2030,204,4,4,0.0
16397,spillage,2030,204,5,5,0.0
16398,spillage,2030,204,6,6,0.0
16399,spillage,2030,204,7,7,0.0
16400,spillage,2030,204,8,8,0.0
16401,spillage,2030,204,9,9,0.0
16402,spillage,2030,204,10,10,0.0
16403,spillage,2030,204,11,11,0.0
16404,spillage,2030,204,12,12,0.0
16405,spillage,2030,204,13,13,0.0
16406,spillage,2030,204,14,14,0.0
16407,spillage,2030,204,15,15,0.0
16408,spillage,2030,204,16,16,0.0
16409,spillage,2030,204,17,17,0.0
16410,spillage,2030,204,18,18,0.0
16411,spillage,2030,204,19,19,0.0
16412,spillage,2030,204,20,20,0.0
16413,spillage,2030,204,21,21,0.0
16414,spillage,2030,204,22,22,0.0
16415,spillage,2030,204,23,23,0.0
16416,spillage,2030,204,24,24,0.0
16417,spillage,2030,205,1,1,0.0
16418,spillage,2030,205,2,2,0.0
16419,spillage,2030,205,3,3,0.0
16420,spillage,2030,205,4,4,0.0
16421,spillage,2030,205,5,5,0.0
16422,spillage,2030,205,6,6,0.0
16423,spillage,2030,205,7,7,0.0
16424,spillage,2030,205,8,8,0.0
16425,spillage,2030,205,9,9,0.0
16426,spillage,2030,205,10,10,0.0
16427,spillage,2030,205,11,11,0.0
16428,spillage,2030,205,12,12,0.0
16429,spillage,2030,205,13,13,0.0
16430,spillage,2030,205,14,14,0.0
16431,spillage,2030,205,15,15,0.0
16432,spillage,2030,205,16,16,0.0
16433,spillage,2030,205,17,17,0.0
16434,spillage,2030,205,18,18,0.0
16435,spillage,2030,205,19,19,0.0
16436,spillage,2030,205,20,20,0.0
16437,spillage,2030,205,21,21,0.0
16438,spillage,2030,205,22,22,0.0
16439,spillage,2030,205,23,23,0.0
16440,spillage,2030,205,24,24,0.0
16441,spillage,2030,206,1,1,0.0
16442,spillage,2030,206,2,2,0.0
16443,spillage,2030,206,3,3,0.0
16444,spillage,2030,206,4,4,0.0
16445,spillage,2030,206,5,5,0.0
16446,spillage,2030,206,6,6,0.0
16447,spillage,2030,206,7,7,0.0
16448,spillage,2030,206,8,8,0.0
16449,spillage,2030,206,9,9,0.0
16450,spillage,2030,206,10,10,0.0
16451,spillage,2030,206,11,11,0.0
16452,spillage,2030,206,12,12,0.0
16453,spillage,2030,206,13,13,0.0
16454,spillage,2030,206,14,14,0.0
16455,spillage,2030,206,15,15,0.0
16456,spillage,2030,206,16,16,0.0
16457,spillage,2030,206,17,17,0.0
16458,spillage,2030,206,18,18,0.0
16459,spillage,2030,206,19,19,0.0
16460,spillage,2030,206,20,20,0.0
16461,spillage,2030,206,21,21,0.0
16462,spillage,2030,206,22,22,0.0
16463,spillage,2030,206,23,23,0.0
16464,spillage,2030,206,24,24,0.0
16465,spillage,2030,207,1,1,0.0
16466,spillage,2030,207,2,2,0.0
16467,spillage,2030,207,3,3,0.0
16468,spillage,2030,207,4,4,0.0
16469,spillage,2030,207,5,5,0.0
16470,spillage,2030,207,6,6,0.0
16471,spillage,2030,207,7,7,0.0
16472,spillage,2030,207,8,8,0.0
16473,spillage,2030,207,9,9,0.0
16474,spillage,2030,207,10,10,0.0
16475,spillage,2030,207,11,11,0.0
16476,spillage,2030,207,12,12,0.0
16477,spillage,2030,207,13,13,0.0
16478,spillage,2030,207,14,14,0.0
16479,spillage,2030,207,15,15,0.0
16480,spillage,2030,207,16,16,0.0
16481,spillage,2030,207,17,17,0.0
16482,spillage,2030,207,18,18,0.0
16483,spillage,2030,207,19,19,0.0
16484,spillage,2030,207,20,20,0.0
16485,spillage,2030,207,21,21,0.0
16486,spillage,2030,207,22,22,0.0
16487,spillage,2030,207,23,23,0.0
16488,spillage,2030,207,24,24,0.0
16489,spillage,2030,208,1,1,0.0
16490,spillage,2030,208,2,2,0.0
16491,spillage,2030,208,3,3,0.0
16492,spillage,2030,208,4,4,0.0
16493,spillage,2030,208,5,5,0.0
16494,spillage,2030,208,6,6,0.0
16495,spillage,2030,208,7,7,0.0
16496,spillage,2030,208,8,8,0.0
16497,spillage,2030,208,9,9,0.0
16498,spillage,2030,208,10,10,0.0
16499,spillage,2030,208,11,11,0.0
16500,spillage,2030,208,12,12,0.0
16501,spillage,2030,208,13,13,0.0
16502,spillage,2030,208,14,14,0.0
16503,spillage,2030,208,15,15,0.0
16504,spillage,2030,208,16,16,0.0
16505,spillage,2030,208,17,17,0.0
16506,spillage,2030,208,18,18,0.0
16507,spillage,2030,208,19,19,0.0
16508,spillage,2030,208,20,20,0.0
16509,spillage,2030,208,21,21,0.0
16510,spillage,2030,208,22,22,0.0
16511,spillage,2030,208,23,23,0.0
16512,spillage,2030,208,24,24,0.0
16513,spillage,2030,209,1,1,0.0
16514,spillage,2030,209,2,2,0.0
16515,spillage,2030,209,3,3,0.0
16516,spillage,2030,209,4,4,0.0
16517,spillage,2030,209,5,5,0.0
16518,spillage,2030,209,6,6,0.0
16519,spillage,2030,209,7,7,0.0
16520,spillage,2030,209,8,8,0.0
16521,spillage,2030,209,9,9,0.0
16522,spillage,2030,209,10,10,0.0
16523,spillage,2030,209,11,11,0.0
16524,spillage,2030,209,12,12,0.0
16525,spillage,2030,209,13,13,0.0
16526,spillage,2030,209,14,14,0.0
16527,spillage,2030,209,15,15,0.0
16528,spillage,2030,209,16,16,0.0
16529,spillage,2030,209,17,17,0.0
16530,spillage,2030,209,18,18,0.0
16531,spillage,2030,209,19,19,0.0
16532,spillage,2030,209,20,20,0.0
16533,spillage,2030,209,21,21,0.0
16534,spillage,2030,209,22,22,0.0
16535,spillage,2030,209,23,23,0.0
16536,spillage,2030,209,24,24,0.0
16537,spillage,2030,210,1,1,0.0
16538,spillage,2030,210,2,2,0.0
16539,spillage,2030,210,3,3,0.0
16540,spillage,2030,210,4,4,0.0
16541,spillage,2030,210,5,5,0.0
16542,spillage,2030,210,6,6,0.0
16543,spillage,2030,210,7,7,0.0
16544,spillage,2030,210,8,8,0.0
16545,spillage,2030,210,9,9,0.0
16546,spillage,2030,210,10,10,0.0
16547,spillage,2030,210,11,11,0.0
16548,spillage,2030,210,12,12,0.0
16549,spillage,2030,210,13,13,0.0
16550,spillage,2030,210,14,14,0.0
16551,spillage,2030,210,15,15,0.0
16552,spillage,2030,210,16,16,0.0
16553,spillage,2030,210,17,17,0.0
16554,spillage,2030,210,18,18,0.0
16555,spillage,2030,210,19,19,0.0
16556,spillage,2030,210,20,20,0.0
16557,spillage,2030,210,21,21,0.0
16558,spillage,2030,210,22,22,0.0
16559,spillage,2030,210,23,23,0.0
16560,spillage,2030,210,24,24,0.0
16561,spillage,2030,211,1,1,0.0
16562,spillage,2030,211,2,2,0.0
16563,spillage,2030,211,3,3,0.0
16564,spillage,2030,211,4,4,0.0
16565,spillage,2030,211,5,5,0.0
16566,spillage,2030,211,6,6,0.0
16567,spillage,2030,211,7,7,0.0
16568,spillage,2030,211,8,8,0.0
16569,spillage,2030,211,9,9,0.0
16570,spillage,2030,211,10,10,0.0
16571,spillage,2030,211,11,11,0.0
16572,spillage,2030,211,12,12,0.0
16573,spillage,2030,211,13,13,0.0
16574,spillage,2030,211,14,14,0.0
16575,spillage,2030,211,15,15,0.0
16576,spillage,2030,211,16,16,0.0
16577,spillage,2030,211,17,17,0.0
16578,spillage,2030,211,18,18,0.0
16579,spillage,2030,211,19,19,0.0
16580,spillage,2030,211,20,20,0.0
16581,spillage,2030,211,21,21,0.0
16582,spillage,2030,211,22,22,0.0
16583,spillage,2030,211,23,23,0.0
16584,spillage,2030,211,24,24,0.0
16585,spillage,2030,212,1,1,0.0
16586,spillage,2030,212,2,2,0.0
16587,spillage,2030,212,3,3,0.0
16588,spillage,2030,212,4,4,0.0
16589,spillage,2030,212,5,5,0.0
16590,spillage,2030,212,6,6,0.0
16591,spillage,2030,212,7,7,0.0
16592,spillage,2030,212,8,8,0.0
16593,spillage,2030,212,9,9,0.0
16594,spillage,2030,212,10,10,0.0
16595,spillage,2030,212,11,11,0.0
16596,spillage,2030,212,12,12,0.0
16597,spillage,2030,212,13,13,0.0
16598,spillage,2030,212,14,14,0.0
16599,spillage,2030,212,15,15,0.0
16600,spillage,2030,212,16,16,0.0
16601,spillage,2030,212,17,17,0.0
16602,spillage,2030,212,18,18,0.0
16603,spillage,2030,212,19,19,0.0
16604,spillage,2030,212,20,20,0.0
16605,spillage,2030,212,21,21,0.0
16606,spillage,2030,212,22,22,0.0
16607,spillage,2030,212,23,23,0.0
16608,spillage,2030,212,24,24,0.0
16609,spillage,2030,213,1,1,0.0
16610,spillage,2030,213,2,2,0.0
16611,spillage,2030,213,3,3,0.0
16612,spillage,2030,213,4,4,0.0
16613,spillage,2030,213,5,5,0.0
16614,spillage,2030,213,6,6,0.0
16615,spillage,2030,213,7,7,0.0
16616,spillage,2030,213,8,8,0.0
16617,spillage,2030,213,9,9,0.0
16618,spillage,2030,213,10,10,0.0
16619,spillage,2030,213,11,11,0.0
16620,spillage,2030,213,12,12,0.0
16621,spillage,2030,213,13,13,0.0
16622,spillage,2030,213,14,14,0.0
16623,spillage,2030,213,15,15,0.0
16624,spillage,2030,213,16,16,0.0
16625,spillage,2030,213,17,17,0.0
16626,spillage,2030,213,18,18,0.0
16627,spillage,2030,213,19,19,0.0
16628,spillage,2030,213,20,20,0.0
16629,spillage,2030,213,21,21,0.0
16630,spillage,2030,213,22,22,0.0
16631,spillage,2030,213,23,23,0.0
16632,spillage,2030,213,24,24,0.0
16633,spillage,2030,214,1,1,0.0
16634,spillage,2030,214,2,2,0.0
16635,spillage,2030,214,3,3,0.0
16636,spillage,2030,214,4,4,0.0
16637,spillage,2030,214,5,5,0.0
16638,spillage,2030,214,6,6,0.0
16639,spillage,2030,214,7,7,0.0
16640,spillage,2030,214,8,8,0.0
16641,spillage,2030,214,9,9,0.0
16642,spillage,2030,214,10,10,0.0
16643,spillage,2030,214,11,11,0.0
16644,spillage,2030,214,12,12,0.0
16645,spillage,2030,214,13,13,0.0
16646,spillage,2030,214,14,14,0.0
16647,spillage,2030,214,15,15,0.0
16648,spillage,2030,214,16,16,0.0
16649,spillage,2030,214,17,17,0.0
16650,spillage,2030,214,18,18,0.0
16651,spillage,2030,214,19,19,0.0
16652,spillage,2030,214,20,20,0.0
16653,spillage,2030,214,21,21,0.0
16654,spillage,2030,214,22,22,0.0
16655,spillage,2030,214,23,23,0.0
16656,spillage,2030,214,24,24,0.0
16657,spillage,2030,215,1,1,0.0
16658,spillage,2030,215,2,2,0.0
16659,spillage,2030,215,3,3,0.0
16660,spillage,2030,215,4,4,0.0
16661,spillage,2030,215,5,5,0.0
16662,spillage,2030,215,6,6,0.0
16663,spillage,2030,215,7,7,0.0
16664,spillage,2030,215,8,8,0.0
16665,spillage,2030,215,9,9,0.0
16666,spillage,2030,215,10,10,0.0
16667,spillage,2030,215,11,11,0.0
16668,spillage,2030,215,12,12,0.0
16669,spillage,2030,215,13,13,0.0
16670,spillage,2030,215,14,14,0.0
16671,spillage,2030,215,15,15,0.0
16672,spillage,2030,215,16,16,0.0
16673,spillage,2030,215,17,17,0.0
16674,spillage,2030,215,18,18,0.0
16675,spillage,2030,215,19,19,0.0
16676,spillage,2030,215,20,20,0.0
16677,spillage,2030,215,21,21,0.0
16678,spillage,2030,215,22,22,0.0
16679,spillage,2030,215,23,23,0.0
16680,spillage,2030,215,24,24,0.0
16681,spillage,2030,216,1,1,0.0
16682,spillage,2030,216,2,2,0.0
16683,spillage,2030,216,3,3,0.0
16684,spillage,2030,216,4,4,0.0
16685,spillage,2030,216,5,5,0.0
16686,spillage,2030,216,6,6,0.0
16687,spillage,2030,216,7,7,0.0
16688,spillage,2030,216,8,8,0.0
16689,spillage,2030,216,9,9,0.0
16690,spillage,2030,216,10,10,0.0
16691,spillage,2030,216,11,11,0.0
16692,spillage,2030,216,12,12,0.0
16693,spillage,2030,216,13,13,0.0
16694,spillage,2030,216,14,14,0.0
16695,spillage,2030,216,15,15,0.0
16696,spillage,2030,216,16,16,0.0
16697,spillage,2030,216,17,17,0.0
16698,spillage,2030,216,18,18,0.0
16699,spillage,2030,216,19,19,0.0
16700,spillage,2030,216,20,20,0.0
16701,spillage,2030,216,21,21,0.0
16702,spillage,2030,216,22,22,0.0
16703,spillage,2030,216,23,23,0.0
16704,spillage,2030,216,24,24,0.0
16705,spillage,2030,217,1,1,0.0
16706,spillage,2030,217,2,2,0.0
16707,spillage,2030,217,3,3,0.0
16708,spillage,2030,217,4,4,0.0
16709,spillage,2030,217,5,5,0.0
16710,spillage,2030,217,6,6,0.0
16711,spillage,2030,217,7,7,0.0
16712,spillage,2030,217,8,8,0.0
16713,spillage,2030,217,9,9,0.0
16714,spillage,2030,217,10,10,0.0
16715,spillage,2030,217,11,11,0.0
16716,spillage,2030,217,12,12,0.0
16717,spillage,2030,217,13,13,0.0
16718,spillage,2030,217,14,14,0.0
16719,spillage,2030,217,15,15,0.0
16720,spillage,2030,217,16,16,0.0
16721,spillage,2030,217,17,17,0.0
16722,spillage,2030,217,18,18,0.0
16723,spillage,2030,217,19,19,0.0
16724,spillage,2030,217,20,20,0.0
16725,spillage,2030,217,21,21,0.0
16726,spillage,2030,217,22,22,0.0
16727,spillage,2030,217,23,23,0.0
16728,spillage,2030,217,24,24,0.0
16729,spillage,2030,218,1,1,0.0
16730,spillage,2030,218,2,2,0.0
16731,spillage,2030,218,3,3,0.0
16732,spillage,2030,218,4,4,0.0
16733,spillage,2030,218,5,5,0.0
16734,spillage,2030,218,6,6,0.0
16735,spillage,2030,218,7,7,0.0
16736,spillage,2030,218,8,8,0.0
16737,spillage,2030,218,9,9,0.0
16738,spillage,2030,218,10,10,0.0
16739,spillage,2030,218,11,11,0.0
16740,spillage,2030,218,12,12,0.0
16741,spillage,2030,218,13,13,0.0
16742,spillage,2030,218,14,14,0.0
16743,spillage,2030,218,15,15,0.0
16744,spillage,2030,218,16,16,0.0
16745,spillage,2030,218,17,17,0.0
16746,spillage,2030,218,18,18,0.0
16747,spillage,2030,218,19,19,0.0
16748,spillage,2030,218,20,20,0.0
16749,spillage,2030,218,21,21,0.0
16750,spillage,2030,218,22,22,0.0
16751,spillage,2030,218,23,23,0.0
16752,spillage,2030,218,24,24,0.0
16753,spillage,2030,219,1,1,0.0
16754,spillage,2030,219,2,2,0.0
16755,spillage,2030,219,3,3,0.0
16756,spillage,2030,219,4,4,0.0
16757,spillage,2030,219,5,5,0.0
16758,spillage,2030,219,6,6,0.0
16759,spillage,2030,219,7,7,0.0
16760,spillage,2030,219,8,8,0.0
16761,spillage,2030,219,9,9,0.0
16762,spillage,2030,219,10,10,0.0
16763,spillage,2030,219,11,11,0.0
16764,spillage,2030,219,12,12,0.0
16765,spillage,2030,219,13,13,0.0
16766,spillage,2030,219,14,14,0.0
16767,spillage,2030,219,15,15,0.0
16768,spillage,2030,219,16,16,0.0
16769,spillage,2030,219,17,17,0.0
16770,spillage,2030,219,18,18,0.0
16771,spillage,2030,219,19,19,0.0
16772,spillage,2030,219,20,20,0.0
16773,spillage,2030,219,21,21,0.0
16774,spillage,2030,219,22,22,0.0
16775,spillage,2030,219,23,23,0.0
16776,spillage,2030,219,24,24,0.0
16777,spillage,2030,220,1,1,0.0
16778,spillage,2030,220,2,2,0.0
16779,spillage,2030,220,3,3,0.0
16780,spillage,2030,220,4,4,0.0
16781,spillage,2030,220,5,5,0.0
16782,spillage,2030,220,6,6,0.0
16783,spillage,2030,220,7,7,0.0
16784,spillage,2030,220,8,8,0.0
16785,spillage,2030,220,9,9,0.0
16786,spillage,2030,220,10,10,0.0
16787,spillage,2030,220,11,11,0.0
16788,spillage,2030,220,12,12,0.0
16789,spillage,2030,220,13,13,0.0
16790,spillage,2030,220,14,14,0.0
16791,spillage,2030,220,15,15,0.0
16792,spillage,2030,220,16,16,0.0
16793,spillage,2030,220,17,17,0.0
16794,spillage,2030,220,18,18,0.0
16795,spillage,2030,220,19,19,0.0
16796,spillage,2030,220,20,20,0.0
16797,spillage,2030,220,21,21,0.0
16798,spillage,2030,220,22,22,0.0
16799,spillage,2030,220,23,23,0.0
16800,spillage,2030,220,24,24,0.0
16801,spillage,2030,221,1,1,0.0
16802,spillage,2030,221,2,2,0.0
16803,spillage,2030,221,3,3,0.0
16804,spillage,2030,221,4,4,0.0
16805,spillage,2030,221,5,5,0.0
16806,spillage,2030,221,6,6,0.0
16807,spillage,2030,221,7,7,0.0
16808,spillage,2030,221,8,8,0.0
16809,spillage,2030,221,9,9,0.0
16810,spillage,2030,221,10,10,0.0
16811,spillage,2030,221,11,11,0.0
16812,spillage,2030,221,12,12,0.0
16813,spillage,2030,221,13,13,0.0
16814,spillage,2030,221,14,14,0.0
16815,spillage,2030,221,15,15,0.0
16816,spillage,2030,221,16,16,0.0
16817,spillage,2030,221,17,17,0.0
16818,spillage,2030,221,18,18,0.0
16819,spillage,2030,221,19,19,0.0
16820,spillage,2030,221,20,20,0.0
16821,spillage,2030,221,21,21,0.0
16822,spillage,2030,221,22,22,0.0
16823,spillage,2030,221,23,23,0.0
16824,spillage,2030,221,24,24,0.0
16825,spillage,2030,222,1,1,0.0
16826,spillage,2030,222,2,2,0.0
16827,spillage,2030,222,3,3,0.0
16828,spillage,2030,222,4,4,0.0
16829,spillage,2030,222,5,5,0.0
16830,spillage,2030,222,6,6,0.0
16831,spillage,2030,222,7,7,0.0
16832,spillage,2030,222,8,8,0.0
16833,spillage,2030,222,9,9,0.0
16834,spillage,2030,222,10,10,0.0
16835,spillage,2030,222,11,11,0.0
16836,spillage,2030,222,12,12,0.0
16837,spillage,2030,222,13,13,0.0
16838,spillage,2030,222,14,14,0.0
16839,spillage,2030,222,15,15,0.0
16840,spillage,2030,222,16,16,0.0
16841,spillage,2030,222,17,17,0.0
16842,spillage,2030,222,18,18,0.0
16843,spillage,2030,222,19,19,0.0
16844,spillage,2030,222,20,20,0.0
16845,spillage,2030,222,21,21,0.0
16846,spillage,2030,222,22,22,0.0
16847,spillage,2030,222,23,23,0.0
16848,spillage,2030,222,24,24,0.0
16849,spillage,2030,223,1,1,0.0
16850,spillage,2030,223,2,2,0.0
16851,spillage,2030,223,3,3,0.0
16852,spillage,2030,223,4,4,0.0
16853,spillage,2030,223,5,5,0.0
16854,spillage,2030,223,6,6,0.0
16855,spillage,2030,223,7,7,0.0
16856,spillage,2030,223,8,8,0.0
16857,spillage,2030,223,9,9,0.0
16858,spillage,2030,223,10,10,0.0
16859,spillage,2030,223,11,11,0.0
16860,spillage,2030,223,12,12,0.0
16861,spillage,2030,223,13,13,0.0
16862,spillage,2030,223,14,14,0.0
16863,spillage,2030,223,15,15,0.0
16864,spillage,2030,223,16,16,0.0
16865,spillage,2030,223,17,17,0.0
16866,spillage,2030,223,18,18,0.0
16867,spillage,2030,223,19,19,0.0
16868,spillage,2030,223,20,20,0.0
16869,spillage,2030,223,21,21,0.0
16870,spillage,2030,223,22,22,0.0
16871,spillage,2030,223,23,23,0.0
16872,spillage,2030,223,24,24,0.0
16873,spillage,2030,224,1,1,0.0
16874,spillage,2030,224,2,2,0.0
16875,spillage,2030,224,3,3,0.0
16876,spillage,2030,224,4,4,0.0
16877,spillage,2030,224,5,5,0.0
16878,spillage,2030,224,6,6,0.0
16879,spillage,2030,224,7,7,0.0
16880,spillage,2030,224,8,8,0.0
16881,spillage,2030,224,9,9,0.0
16882,spillage,2030,224,10,10,0.0
16883,spillage,2030,224,11,11,0.0
16884,spillage,2030,224,12,12,0.0
16885,spillage,2030,224,13,13,0.0
16886,spillage,2030,224,14,14,0.0
16887,spillage,2030,224,15,15,0.0
16888,spillage,2030,224,16,16,0.0
16889,spillage,2030,224,17,17,0.0
16890,spillage,2030,224,18,18,0.0
16891,spillage,2030,224,19,19,0.0
16892,spillage,2030,224,20,20,0.0
16893,spillage,2030,224,21,21,0.0
16894,spillage,2030,224,22,22,0.0
16895,spillage,2030,224,23,23,0.0
16896,spillage,2030,224,24,24,0.0
16897,spillage,2030,225,1,1,0.0
16898,spillage,2030,225,2,2,0.0
16899,spillage,2030,225,3,3,0.0
16900,spillage,2030,225,4,4,0.0
16901,spillage,2030,225,5,5,0.0
16902,spillage,2030,225,6,6,0.0
16903,spillage,2030,225,7,7,0.0
16904,spillage,2030,225,8,8,0.0
16905,spillage,2030,225,9,9,0.0
16906,spillage,2030,225,10,10,0.0
16907,spillage,2030,225,11,11,0.0
16908,spillage,2030,225,12,12,0.0
16909,spillage,2030,225,13,13,0.0
16910,spillage,2030,225,14,14,0.0
16911,spillage,2030,225,15,15,0.0
16912,spillage,2030,225,16,16,0.0
16913,spillage,2030,225,17,17,0.0
16914,spillage,2030,225,18,18,0.0
16915,spillage,2030,225,19,19,0.0
16916,spillage,2030,225,20,20,0.0
16917,spillage,2030,225,21,21,0.0
16918,spillage,2030,225,22,22,0.0
16919,spillage,2030,225,23,23,0.0
16920,spillage,2030,225,24,24,0.0
16921,spillage,2030,226,1,1,0.0
16922,spillage,2030,226,2,2,0.0
16923,spillage,2030,226,3,3,0.0
16924,spillage,2030,226,4,4,0.0
16925,spillage,2030,226,5,5,0.0
16926,spillage,2030,226,6,6,0.0
16927,spillage,2030,226,7,7,0.0
16928,spillage,2030,226,8,8,0.0
16929,spillage,2030,226,9,9,0.0
16930,spillage,2030,226,10,10,0.0
16931,spillage,2030,226,11,11,0.0
16932,spillage,2030,226,12,12,0.0
16933,spillage,2030,226,13,13,0.0
16934,spillage,2030,226,14,14,0.0
16935,spillage,2030,226,15,15,0.0
16936,spillage,2030,226,16,16,0.0
16937,spillage,2030,226,17,17,0.0
16938,spillage,2030,226,18,18,0.0
16939,spillage,2030,226,19,19,0.0
16940,spillage,2030,226,20,20,0.0
16941,spillage,2030,226,21,21,0.0
16942,spillage,2030,226,22,22,0.0
16943,spillage,2030,226,23,23,0.0
16944,spillage,2030,226,24,24,0.0
16945,spillage,2030,227,1,1,0.0
16946,spillage,2030,227,2,2,0.0
16947,spillage,2030,227,3,3,0.0
16948,spillage,2030,227,4,4,0.0
16949,spillage,2030,227,5,5,0.0
16950,spillage,2030,227,6,6,0.0
16951,spillage,2030,227,7,7,0.0
16952,spillage,2030,227,8,8,0.0
16953,spillage,2030,227,9,9,0.0
16954,spillage,2030,227,10,10,0.0
16955,spillage,2030,227,11,11,0.0
16956,spillage,2030,227,12,12,0.0
16957,spillage,2030,227,13,13,0.0
16958,spillage,2030,227,14,14,0.0
16959,spillage,2030,227,15,15,0.0
16960,spillage,2030,227,16,16,0.0
16961,spillage,2030,227,17,17,0.0
16962,spillage,2030,227,18,18,0.0
16963,spillage,2030,227,19,19,0.0
16964,spillage,2030,227,20,20,0.0
16965,spillage,2030,227,21,21,0.0
16966,spillage,2030,227,22,22,0.0
16967,spillage,2030,227,23,23,0.0
16968,spillage,2030,227,24,24,0.0
16969,spillage,2030,228,1,1,0.0
16970,spillage,2030,228,2,2,0.0
16971,spillage,2030,228,3,3,0.0
16972,spillage,2030,228,4,4,0.0
16973,spillage,2030,228,5,5,0.0
16974,spillage,2030,228,6,6,0.0
16975,spillage,2030,228,7,7,0.0
16976,spillage,2030,228,8,8,0.0
16977,spillage,2030,228,9,9,0.0
16978,spillage,2030,228,10,10,0.0
16979,spillage,2030,228,11,11,0.0
16980,spillage,2030,228,12,12,0.0
16981,spillage,2030,228,13,13,0.0
16982,spillage,2030,228,14,14,0.0
16983,spillage,2030,228,15,15,0.0
16984,spillage,2030,228,16,16,0.0
16985,spillage,2030,228,17,17,0.0
16986,spillage,2030,228,18,18,0.0
16987,spillage,2030,228,19,19,0.0
16988,spillage,2030,228,20,20,0.0
16989,spillage,2030,228,21,21,0.0
16990,spillage,2030,228,22,22,0.0
16991,spillage,2030,228,23,23,0.0
16992,spillage,2030,228,24,24,0.0
16993,spillage,2030,229,1,1,0.0
16994,spillage,2030,229,2,2,0.0
16995,spillage,2030,229,3,3,0.0
16996,spillage,2030,229,4,4,0.0
16997,spillage,2030,229,5,5,0.0
16998,spillage,2030,229,6,6,0.0
16999,spillage,2030,229,7,7,0.0
17000,spillage,2030,229,8,8,0.0
17001,spillage,2030,229,9,9,0.0
17002,spillage,2030,229,10,10,0.0
17003,spillage,2030,229,11,11,0.0
17004,spillage,2030,229,12,12,0.0
17005,spillage,2030,229,13,13,0.0
17006,spillage,2030,229,14,14,0.0
17007,spillage,2030,229,15,15,0.0
17008,spillage,2030,229,16,16,0.0
17009,spillage,2030,229,17,17,0.0
17010,spillage,2030,229,18,18,0.0
17011,spillage,2030,229,19,19,0.0
17012,spillage,2030,229,20,20,0.0
17013,spillage,2030,229,21,21,0.0
17014,spillage,2030,229,22,22,0.0
17015,spillage,2030,229,23,23,0.0
17016,spillage,2030,229,24,24,0.0
17017,spillage,2030,230,1,1,0.0
17018,spillage,2030,230,2,2,0.0
17019,spillage,2030,230,3,3,0.0
17020,spillage,2030,230,4,4,0.0
17021,spillage,2030,230,5,5,0.0
17022,spillage,2030,230,6,6,0.0
17023,spillage,2030,230,7,7,0.0
17024,spillage,2030,230,8,8,0.0
17025,spillage,2030,230,9,9,0.0
17026,spillage,2030,230,10,10,0.0
17027,spillage,2030,230,11,11,0.0
17028,spillage,2030,230,12,12,0.0
17029,spillage,2030,230,13,13,0.0
17030,spillage,2030,230,14,14,0.0
17031,spillage,2030,230,15,15,0.0
17032,spillage,2030,230,16,16,0.0
17033,spillage,2030,230,17,17,0.0
17034,spillage,2030,230,18,18,0.0
17035,spillage,2030,230,19,19,0.0
17036,spillage,2030,230,20,20,0.0
17037,spillage,2030,230,21,21,0.0
17038,spillage,2030,230,22,22,0.0
17039,spillage,2030,230,23,23,0.0
17040,spillage,2030,230,24,24,0.0
17041,spillage,2030,231,1,1,0.0
17042,spillage,2030,231,2,2,0.0
17043,spillage,2030,231,3,3,0.0
17044,spillage,2030,231,4,4,0.0
17045,spillage,2030,231,5,5,0.0
17046,spillage,2030,231,6,6,0.0
17047,spillage,2030,231,7,7,0.0
17048,spillage,2030,231,8,8,0.0
17049,spillage,2030,231,9,9,0.0
17050,spillage,2030,231,10,10,0.0
17051,spillage,2030,231,11,11,0.0
17052,spillage,2030,231,12,12,0.0
17053,spillage,2030,231,13,13,0.0
17054,spillage,2030,231,14,14,0.0
17055,spillage,2030,231,15,15,0.0
17056,spillage,2030,231,16,16,0.0
17057,spillage,2030,231,17,17,0.0
17058,spillage,2030,231,18,18,0.0
17059,spillage,2030,231,19,19,0.0
17060,spillage,2030,231,20,20,0.0
17061,spillage,2030,231,21,21,0.0
17062,spillage,2030,231,22,22,0.0
17063,spillage,2030,231,23,23,0.0
17064,spillage,2030,231,24,24,0.0
17065,spillage,2030,232,1,1,0.0
17066,spillage,2030,232,2,2,0.0
17067,spillage,2030,232,3,3,0.0
17068,spillage,2030,232,4,4,0.0
17069,spillage,2030,232,5,5,0.0
17070,spillage,2030,232,6,6,0.0
17071,spillage,2030,232,7,7,0.0
17072,spillage,2030,232,8,8,0.0
17073,spillage,2030,232,9,9,0.0
17074,spillage,2030,232,10,10,0.0
17075,spillage,2030,232,11,11,0.0
17076,spillage,2030,232,12,12,0.0
17077,spillage,2030,232,13,13,0.0
17078,spillage,2030,232,14,14,0.0
17079,spillage,2030,232,15,15,0.0
17080,spillage,2030,232,16,16,0.0
17081,spillage,2030,232,17,17,0.0
17082,spillage,2030,232,18,18,0.0
17083,spillage,2030,232,19,19,0.0
17084,spillage,2030,232,20,20,0.0
17085,spillage,2030,232,21,21,0.0
17086,spillage,2030,232,22,22,0.0
17087,spillage,2030,232,23,23,0.0
17088,spillage,2030,232,24,24,0.0
17089,spillage,2030,233,1,1,0.0
17090,spillage,2030,233,2,2,0.0
17091,spillage,2030,233,3,3,0.0
17092,spillage,2030,233,4,4,0.0
17093,spillage,2030,233,5,5,0.0
17094,spillage,2030,233,6,6,0.0
17095,spillage,2030,233,7,7,0.0
17096,spillage,2030,233,8,8,0.0
17097,spillage,2030,233,9,9,0.0
17098,spillage,2030,233,10,10,0.0
17099,spillage,2030,233,11,11,0.0
17100,spillage,2030,233,12,12,0.0
17101,spillage,2030,233,13,13,0.0
17102,spillage,2030,233,14,14,0.0
17103,spillage,2030,233,15,15,0.0
17104,spillage,2030,233,16,16,0.0
17105,spillage,2030,233,17,17,0.0
17106,spillage,2030,233,18,18,0.0
17107,spillage,2030,233,19,19,0.0
17108,spillage,2030,233,20,20,0.0
17109,spillage,2030,233,21,21,0.0
17110,spillage,2030,233,22,22,0.0
17111,spillage,2030,233,23,23,0.0
17112,spillage,2030,233,24,24,0.0
17113,spillage,2030,234,1,1,0.0
17114,spillage,2030,234,2,2,0.0
17115,spillage,2030,234,3,3,0.0
17116,spillage,2030,234,4,4,0.0
17117,spillage,2030,234,5,5,0.0
17118,spillage,2030,234,6,6,0.0
17119,spillage,2030,234,7,7,0.0
17120,spillage,2030,234,8,8,0.0
17121,spillage,2030,234,9,9,0.0
17122,spillage,2030,234,10,10,0.0
17123,spillage,2030,234,11,11,0.0
17124,spillage,2030,234,12,12,0.0
17125,spillage,2030,234,13,13,0.0
17126,spillage,2030,234,14,14,0.0
17127,spillage,2030,234,15,15,0.0
17128,spillage,2030,234,16,16,0.0
17129,spillage,2030,234,17,17,0.0
17130,spillage,2030,234,18,18,0.0
17131,spillage,2030,234,19,19,0.0
17132,spillage,2030,234,20,20,0.0
17133,spillage,2030,234,21,21,0.0
17134,spillage,2030,234,22,22,0.0
17135,spillage,2030,234,23,23,0.0
17136,spillage,2030,234,24,24,0.0
17137,spillage,2030,235,1,1,0.0
17138,spillage,2030,235,2,2,0.0
17139,spillage,2030,235,3,3,0.0
17140,spillage,2030,235,4,4,0.0
17141,spillage,2030,235,5,5,0.0
17142,spillage,2030,235,6,6,0.0
17143,spillage,2030,235,7,7,0.0
17144,spillage,2030,235,8,8,0.0
17145,spillage,2030,235,9,9,0.0
17146,spillage,2030,235,10,10,0.0
17147,spillage,2030,235,11,11,0.0
17148,spillage,2030,235,12,12,0.0
17149,spillage,2030,235,13,13,0.0
17150,spillage,2030,235,14,14,0.0
17151,spillage,2030,235,15,15,0.0
17152,spillage,2030,235,16,16,0.0
17153,spillage,2030,235,17,17,0.0
17154,spillage,2030,235,18,18,0.0
17155,spillage,2030,235,19,19,0.0
17156,spillage,2030,235,20,20,0.0
17157,spillage,2030,235,21,21,0.0
17158,spillage,2030,235,22,22,0.0
17159,spillage,2030,235,23,23,0.0
17160,spillage,2030,235,24,24,0.0
17161,spillage,2030,236,1,1,0.0
17162,spillage,2030,236,2,2,0.0
17163,spillage,2030,236,3,3,0.0
17164,spillage,2030,236,4,4,0.0
17165,spillage,2030,236,5,5,0.0
17166,spillage,2030,236,6,6,0.0
17167,spillage,2030,236,7,7,0.0
17168,spillage,2030,236,8,8,0.0
17169,spillage,2030,236,9,9,0.0
17170,spillage,2030,236,10,10,0.0
17171,spillage,2030,236,11,11,0.0
17172,spillage,2030,236,12,12,0.0
17173,spillage,2030,236,13,13,0.0
17174,spillage,2030,236,14,14,0.0
17175,spillage,2030,236,15,15,0.0
17176,spillage,2030,236,16,16,0.0
17177,spillage,2030,236,17,17,0.0
17178,spillage,2030,236,18,18,0.0
17179,spillage,2030,236,19,19,0.0
17180,spillage,2030,236,20,20,0.0
17181,spillage,2030,236,21,21,0.0
17182,spillage,2030,236,22,22,0.0
17183,spillage,2030,236,23,23,0.0
17184,spillage,2030,236,24,24,0.0
17185,spillage,2030,237,1,1,0.0
17186,spillage,2030,237,2,2,0.0
17187,spillage,2030,237,3,3,0.0
17188,spillage,2030,237,4,4,0.0
17189,spillage,2030,237,5,5,0.0
17190,spillage,2030,237,6,6,0.0
17191,spillage,2030,237,7,7,0.0
17192,spillage,2030,237,8,8,0.0
17193,spillage,2030,237,9,9,0.0
17194,spillage,2030,237,10,10,0.0
17195,spillage,2030,237,11,11,0.0
17196,spillage,2030,237,12,12,0.0
17197,spillage,2030,237,13,13,0.0
17198,spillage,2030,237,14,14,0.0
17199,spillage,2030,237,15,15,0.0
17200,spillage,2030,237,16,16,0.0
17201,spillage,2030,237,17,17,0.0
17202,spillage,2030,237,18,18,0.0
17203,spillage,2030,237,19,19,0.0
17204,spillage,2030,237,20,20,0.0
17205,spillage,2030,237,21,21,0.0
17206,spillage,2030,237,22,22,0.0
17207,spillage,2030,237,23,23,0.0
17208,spillage,2030,237,24,24,0.0
17209,spillage,2030,238,1,1,0.0
17210,spillage,2030,238,2,2,0.0
17211,spillage,2030,238,3,3,0.0
17212,spillage,2030,238,4,4,0.0
17213,spillage,2030,238,5,5,0.0
17214,spillage,2030,238,6,6,0.0
17215,spillage,2030,238,7,7,0.0
17216,spillage,2030,238,8,8,0.0
17217,spillage,2030,238,9,9,0.0
17218,spillage,2030,238,10,10,0.0
17219,spillage,2030,238,11,11,0.0
17220,spillage,2030,238,12,12,0.0
17221,spillage,2030,238,13,13,0.0
17222,spillage,2030,238,14,14,0.0
17223,spillage,2030,238,15,15,0.0
17224,spillage,2030,238,16,16,0.0
17225,spillage,2030,238,17,17,0.0
17226,spillage,2030,238,18,18,0.0
17227,spillage,2030,238,19,19,0.0
17228,spillage,2030,238,20,20,0.0
17229,spillage,2030,238,21,21,0.0
17230,spillage,2030,238,22,22,0.0
17231,spillage,2030,238,23,23,0.0
17232,spillage,2030,238,24,24,0.0
17233,spillage,2030,239,1,1,0.0
17234,spillage,2030,239,2,2,0.0
17235,spillage,2030,239,3,3,0.0
17236,spillage,2030,239,4,4,0.0
17237,spillage,2030,239,5,5,0.0
17238,spillage,2030,239,6,6,0.0
17239,spillage,2030,239,7,7,0.0
17240,spillage,2030,239,8,8,0.0
17241,spillage,2030,239,9,9,0.0
17242,spillage,2030,239,10,10,0.0
17243,spillage,2030,239,11,11,0.0
17244,spillage,2030,239,12,12,0.0
17245,spillage,2030,239,13,13,0.0
17246,spillage,2030,239,14,14,0.0
17247,spillage,2030,239,15,15,0.0
17248,spillage,2030,239,16,16,0.0
17249,spillage,2030,239,17,17,0.0
17250,spillage,2030,239,18,18,0.0
17251,spillage,2030,239,19,19,0.0
17252,spillage,2030,239,20,20,0.0
17253,spillage,2030,239,21,21,0.0
17254,spillage,2030,239,22,22,0.0
17255,spillage,2030,239,23,23,0.0
17256,spillage,2030,239,24,24,0.0
17257,spillage,2030,240,1,1,0.0
17258,spillage,2030,240,2,2,0.0
17259,spillage,2030,240,3,3,0.0
17260,spillage,2030,240,4,4,0.0
17261,spillage,2030,240,5,5,0.0
17262,spillage,2030,240,6,6,0.0
17263,spillage,2030,240,7,7,0.0
17264,spillage,2030,240,8,8,0.0
17265,spillage,2030,240,9,9,0.0
17266,spillage,2030,240,10,10,0.0
17267,spillage,2030,240,11,11,0.0
17268,spillage,2030,240,12,12,0.0
17269,spillage,2030,240,13,13,0.0
17270,spillage,2030,240,14,14,0.0
17271,spillage,2030,240,15,15,0.0
17272,spillage,2030,240,16,16,0.0
17273,spillage,2030,240,17,17,0.0
17274,spillage,2030,240,18,18,0.0
17275,spillage,2030,240,19,19,0.0
17276,spillage,2030,240,20,20,0.0
17277,spillage,2030,240,21,21,0.0
17278,spillage,2030,240,22,22,0.0
17279,spillage,2030,240,23,23,0.0
17280,spillage,2030,240,24,24,0.0
