id,scenario,probability,solution,dual_scenario_tail_excess
1,3,0.9,,-0.0
2,4,0.04999999999999999,,0.15
3,5,0.04999999999999999,,0.15
