id,scenario,probability,operational_cost
1,3,0.9,8.671342530685317e6
2,4,0.04999999999999999,8.863106453882877e6
3,5,0.04999999999999999,9.189983755213398e6
