id,scenario,probability,solution
1,3,0.9,0.0
2,4,0.04999999999999999,191763.92319857702
3,5,0.04999999999999999,518641.22452847287
