id,asset,milestone_year,rep_period,time_block_start,time_block_end,dual_balance_conversion
1,electrolizer,2030,1,1,1,0.004972513237269702
2,electrolizer,2030,1,2,2,0.004972513237269702
3,electrolizer,2030,1,3,3,0.004972513237269702
4,electrolizer,2030,1,4,4,0.004972513237269702
5,electrolizer,2030,1,5,5,0.004972513237269702
6,electrolizer,2030,1,6,6,0.004972513237269702
7,electrolizer,2030,1,7,7,0.12431283093174256
8,electrolizer,2030,1,8,8,0.12431283093174256
9,electrolizer,2030,1,9,9,0.12431283093174256
10,electrolizer,2030,1,10,10,0.12431283093174256
11,electrolizer,2030,1,11,11,0.12431283093174256
12,electrolizer,2030,1,12,12,0.12431283093174256
13,electrolizer,2030,1,13,13,0.12431283093174256
14,electrolizer,2030,1,14,14,0.12431283093174256
15,electrolizer,2030,1,15,15,0.12431283093174256
16,electrolizer,2030,1,16,16,0.12431283093174256
17,electrolizer,2030,1,17,17,0.12431283093174256
18,electrolizer,2030,1,18,18,0.12431283093174256
19,electrolizer,2030,1,19,19,0.12431283093174256
20,electrolizer,2030,1,20,20,0.12431283093174256
21,electrolizer,2030,1,21,21,0.12431283093174256
22,electrolizer,2030,1,22,22,0.004972513237269702
23,electrolizer,2030,1,23,23,0.004972513237269702
24,electrolizer,2030,1,24,24,0.004972513237269702
25,electrolizer,2030,2,1,1,0.18387001095182148
26,electrolizer,2030,2,2,2,0.18387001095182134
27,electrolizer,2030,2,3,3,0.18387001095182134
28,electrolizer,2030,2,4,4,0.18387001095182134
29,electrolizer,2030,2,5,5,0.18387001095182134
30,electrolizer,2030,2,6,6,0.18387001095182134
31,electrolizer,2030,2,7,7,0.18387001095182134
32,electrolizer,2030,2,8,8,0.18387001095182137
33,electrolizer,2030,2,9,9,0.18387001095182134
34,electrolizer,2030,2,10,10,0.18387001095182134
35,electrolizer,2030,2,11,11,0.18387001095182134
36,electrolizer,2030,2,12,12,0.18387001095182134
37,electrolizer,2030,2,13,13,0.18387001095182134
38,electrolizer,2030,2,14,14,0.18387001095182134
39,electrolizer,2030,2,15,15,0.18387001095182134
40,electrolizer,2030,2,16,16,0.18387001095182134
41,electrolizer,2030,2,17,17,0.18387001095182134
42,electrolizer,2030,2,18,18,0.18387001095182134
43,electrolizer,2030,2,19,19,0.18387001095182134
44,electrolizer,2030,2,20,20,0.18387001095182134
45,electrolizer,2030,2,21,21,0.18387001095182134
46,electrolizer,2030,2,22,22,0.18387001095182134
47,electrolizer,2030,2,23,23,0.18387001095182134
48,electrolizer,2030,2,24,24,0.18387001095182134
49,electrolizer,2030,3,1,1,0.06622308772665257
50,electrolizer,2030,3,2,2,0.06622308772665257
51,electrolizer,2030,3,3,3,0.06622308772665257
52,electrolizer,2030,3,4,4,0.06622308772665257
53,electrolizer,2030,3,5,5,0.06622308772665257
54,electrolizer,2030,3,6,6,0.06622308772665257
55,electrolizer,2030,3,7,7,0.06622308772665257
56,electrolizer,2030,3,8,8,0.06622308772665257
57,electrolizer,2030,3,9,9,0.06622308772665257
58,electrolizer,2030,3,10,10,0.06622308772665257
59,electrolizer,2030,3,11,11,0.06622308772665257
60,electrolizer,2030,3,12,12,0.06622308772665257
61,electrolizer,2030,3,13,13,0.06622308772665257
62,electrolizer,2030,3,14,14,0.06622308772665257
63,electrolizer,2030,3,15,15,0.06622308772665257
64,electrolizer,2030,3,16,16,0.06622308772665257
65,electrolizer,2030,3,17,17,0.06622308772665257
66,electrolizer,2030,3,18,18,0.06622308772665257
67,electrolizer,2030,3,19,19,0.06622308772665257
68,electrolizer,2030,3,20,20,0.06622308772665257
69,electrolizer,2030,3,21,21,0.06622308772665257
70,electrolizer,2030,3,22,22,0.06622308772665257
71,electrolizer,2030,3,23,23,0.06622308772665257
72,electrolizer,2030,3,24,24,0.06622308772665257
73,electrolizer,2030,4,1,1,0.5817463620776702
74,electrolizer,2030,4,2,2,0.5817463620776702
75,electrolizer,2030,4,3,3,0.5817463620776702
76,electrolizer,2030,4,4,4,0.5817463620776702
77,electrolizer,2030,4,5,5,0.5817463620776702
78,electrolizer,2030,4,6,6,0.5817463620776702
79,electrolizer,2030,4,7,7,0.5817463620776702
80,electrolizer,2030,4,8,8,0.5817463620776702
81,electrolizer,2030,4,9,9,0.5817463620776702
82,electrolizer,2030,4,10,10,0.5817463620776702
83,electrolizer,2030,4,11,11,0.5817463620776702
84,electrolizer,2030,4,12,12,0.5817463620776702
85,electrolizer,2030,4,13,13,0.5817463620776702
86,electrolizer,2030,4,14,14,0.5817463620776702
87,electrolizer,2030,4,15,15,0.5817463620776702
88,electrolizer,2030,4,16,16,0.5817463620776702
89,electrolizer,2030,4,17,17,0.5817463620776702
90,electrolizer,2030,4,18,18,0.5817463620776702
91,electrolizer,2030,4,19,19,0.5817463620776702
92,electrolizer,2030,4,20,20,0.5817463620776702
93,electrolizer,2030,4,21,21,0.5817463620776702
94,electrolizer,2030,4,22,22,0.5817463620776702
95,electrolizer,2030,4,23,23,0.5817463620776702
96,electrolizer,2030,4,24,24,0.5817463620776702
97,electrolizer,2030,5,1,1,0.05190195269815236
98,electrolizer,2030,5,2,2,0.05190195269815237
99,electrolizer,2030,5,3,3,0.05190195269815236
100,electrolizer,2030,5,4,4,0.05190195269815236
101,electrolizer,2030,5,5,5,0.05190195269815236
102,electrolizer,2030,5,6,6,0.05190195269815236
103,electrolizer,2030,5,7,7,0.05190195269815237
104,electrolizer,2030,5,8,8,0.05190195269815236
105,electrolizer,2030,5,9,9,0.05190195269815236
106,electrolizer,2030,5,10,10,0.05190195269815236
107,electrolizer,2030,5,11,11,0.05190195269815236
108,electrolizer,2030,5,12,12,0.05190195269815236
109,electrolizer,2030,5,13,13,0.05190195269815236
110,electrolizer,2030,5,14,14,0.05190195269815236
111,electrolizer,2030,5,15,15,0.05190195269815236
112,electrolizer,2030,5,16,16,0.05190195269815236
113,electrolizer,2030,5,17,17,0.05190195269815236
114,electrolizer,2030,5,18,18,0.05190195269815236
115,electrolizer,2030,5,19,19,0.05190195269815236
116,electrolizer,2030,5,20,20,0.05190195269815236
117,electrolizer,2030,5,21,21,0.05190195269815236
118,electrolizer,2030,5,22,22,0.05190195269815236
119,electrolizer,2030,5,23,23,0.05190195269815236
120,electrolizer,2030,5,24,24,0.05190195269815236
121,electrolizer,2030,6,1,1,0.05134447326187451
122,electrolizer,2030,6,2,2,0.05134447326187451
123,electrolizer,2030,6,3,3,0.051344473261874496
124,electrolizer,2030,6,4,4,0.051344473261874496
125,electrolizer,2030,6,5,5,0.051344473261874496
126,electrolizer,2030,6,6,6,0.051344473261874496
127,electrolizer,2030,6,7,7,0.051344473261874496
128,electrolizer,2030,6,8,8,0.051344473261874496
129,electrolizer,2030,6,9,9,0.051344473261874496
130,electrolizer,2030,6,10,10,0.05134447326187451
131,electrolizer,2030,6,11,11,0.051344473261874496
132,electrolizer,2030,6,12,12,0.051344473261874496
133,electrolizer,2030,6,13,13,0.051344473261874496
134,electrolizer,2030,6,14,14,0.051344473261874496
135,electrolizer,2030,6,15,15,0.051344473261874496
136,electrolizer,2030,6,16,16,0.051344473261874496
137,electrolizer,2030,6,17,17,0.051344473261874496
138,electrolizer,2030,6,18,18,0.051344473261874496
139,electrolizer,2030,6,19,19,0.051344473261874496
140,electrolizer,2030,6,20,20,0.051344473261874496
141,electrolizer,2030,6,21,21,0.051344473261874496
142,electrolizer,2030,6,22,22,0.051344473261874496
143,electrolizer,2030,6,23,23,0.051344473261874496
144,electrolizer,2030,6,24,24,0.051344473261874496
145,electrolizer,2030,7,1,1,0.03300105297483967
146,electrolizer,2030,7,2,2,0.03300105297483967
147,electrolizer,2030,7,3,3,0.03300105297483967
148,electrolizer,2030,7,4,4,0.03300105297483967
149,electrolizer,2030,7,5,5,0.03300105297483967
150,electrolizer,2030,7,6,6,0.03300105297483967
151,electrolizer,2030,7,7,7,0.03300105297483967
152,electrolizer,2030,7,8,8,0.03300105297483967
153,electrolizer,2030,7,9,9,0.03300105297483967
154,electrolizer,2030,7,10,10,0.03300105297483967
155,electrolizer,2030,7,11,11,0.03300105297483967
156,electrolizer,2030,7,12,12,0.03300105297483967
157,electrolizer,2030,7,13,13,0.03300105297483967
158,electrolizer,2030,7,14,14,0.03300105297483967
159,electrolizer,2030,7,15,15,0.03300105297483967
160,electrolizer,2030,7,16,16,0.03300105297483967
161,electrolizer,2030,7,17,17,0.03300105297483967
162,electrolizer,2030,7,18,18,0.03300105297483967
163,electrolizer,2030,7,19,19,0.03300105297483967
164,electrolizer,2030,7,20,20,0.03300105297483967
165,electrolizer,2030,7,21,21,0.03300105297483967
166,electrolizer,2030,7,22,22,0.03300105297483967
167,electrolizer,2030,7,23,23,0.03300105297483967
168,electrolizer,2030,7,24,24,0.03300105297483967
169,electrolizer,2030,8,1,1,0.1218282439482303
170,electrolizer,2030,8,2,2,0.1218282439482303
171,electrolizer,2030,8,3,3,0.1218282439482303
172,electrolizer,2030,8,4,4,0.1218282439482303
173,electrolizer,2030,8,5,5,0.1218282439482303
174,electrolizer,2030,8,6,6,0.1218282439482303
175,electrolizer,2030,8,7,7,0.1218282439482303
176,electrolizer,2030,8,8,8,0.12182824394823037
177,electrolizer,2030,8,9,9,0.1218282439482303
178,electrolizer,2030,8,10,10,0.12182824394823037
179,electrolizer,2030,8,11,11,0.12182824394823037
180,electrolizer,2030,8,12,12,0.1218282439482303
181,electrolizer,2030,8,13,13,0.1218282439482303
182,electrolizer,2030,8,14,14,0.1218282439482303
183,electrolizer,2030,8,15,15,0.1218282439482303
184,electrolizer,2030,8,16,16,0.1218282439482303
185,electrolizer,2030,8,17,17,0.1218282439482303
186,electrolizer,2030,8,18,18,0.1218282439482303
187,electrolizer,2030,8,19,19,0.1218282439482303
188,electrolizer,2030,8,20,20,0.1218282439482303
189,electrolizer,2030,8,21,21,0.1218282439482303
190,electrolizer,2030,8,22,22,0.1218282439482303
191,electrolizer,2030,8,23,23,0.1218282439482303
192,electrolizer,2030,8,24,24,0.1218282439482303
193,electrolizer,2030,9,1,1,0.0015593889336772688
194,electrolizer,2030,9,2,2,0.0015593889336772688
195,electrolizer,2030,9,3,3,0.0015593889336772688
196,electrolizer,2030,9,4,4,0.0015593889336772688
197,electrolizer,2030,9,5,5,0.03898472334193173
198,electrolizer,2030,9,6,6,0.038984723341931725
199,electrolizer,2030,9,7,7,0.038984723341931725
200,electrolizer,2030,9,8,8,0.038984723341931725
201,electrolizer,2030,9,9,9,0.03898472334193173
202,electrolizer,2030,9,10,10,0.038984723341931725
203,electrolizer,2030,9,11,11,0.038984723341931725
204,electrolizer,2030,9,12,12,0.038984723341931725
205,electrolizer,2030,9,13,13,0.03898472334193173
206,electrolizer,2030,9,14,14,0.038984723341931725
207,electrolizer,2030,9,15,15,0.038984723341931725
208,electrolizer,2030,9,16,16,0.03898472334193173
209,electrolizer,2030,9,17,17,0.03898472334193173
210,electrolizer,2030,9,18,18,0.038984723341931725
211,electrolizer,2030,9,19,19,0.038984723341931725
212,electrolizer,2030,9,20,20,0.038984723341931725
213,electrolizer,2030,9,21,21,0.038984723341931725
214,electrolizer,2030,9,22,22,0.038984723341931725
215,electrolizer,2030,9,23,23,0.038984723341931725
216,electrolizer,2030,9,24,24,0.038984723341931725
217,electrolizer,2030,10,1,1,0.027386850044716218
218,electrolizer,2030,10,2,2,0.027386850044716218
219,electrolizer,2030,10,3,3,0.027386850044716218
220,electrolizer,2030,10,4,4,0.027386850044716218
221,electrolizer,2030,10,5,5,0.027386850044716225
222,electrolizer,2030,10,6,6,0.027386850044716218
223,electrolizer,2030,10,7,7,0.027386850044716218
224,electrolizer,2030,10,8,8,0.027386850044716218
225,electrolizer,2030,10,9,9,0.027386850044716218
226,electrolizer,2030,10,10,10,0.027386850044716225
227,electrolizer,2030,10,11,11,0.027386850044716218
228,electrolizer,2030,10,12,12,0.027386850044716225
229,electrolizer,2030,10,13,13,0.02738685004471622
230,electrolizer,2030,10,14,14,0.027386850044716218
231,electrolizer,2030,10,15,15,0.027386850044716218
232,electrolizer,2030,10,16,16,0.027386850044716218
233,electrolizer,2030,10,17,17,0.027386850044716225
234,electrolizer,2030,10,18,18,0.027386850044716218
235,electrolizer,2030,10,19,19,0.027386850044716218
236,electrolizer,2030,10,20,20,0.027386850044716218
237,electrolizer,2030,10,21,21,0.027386850044716225
238,electrolizer,2030,10,22,22,0.027386850044716218
239,electrolizer,2030,10,23,23,0.027386850044716218
240,electrolizer,2030,10,24,24,0.027386850044716218
241,electrolizer,2030,11,1,1,0.167172178068038
242,electrolizer,2030,11,2,2,0.167172178068038
243,electrolizer,2030,11,3,3,0.167172178068038
244,electrolizer,2030,11,4,4,0.167172178068038
245,electrolizer,2030,11,5,5,0.167172178068038
246,electrolizer,2030,11,6,6,0.167172178068038
247,electrolizer,2030,11,7,7,0.167172178068038
248,electrolizer,2030,11,8,8,0.167172178068038
249,electrolizer,2030,11,9,9,0.16717217806803805
250,electrolizer,2030,11,10,10,0.16717217806803805
251,electrolizer,2030,11,11,11,0.16717217806803805
252,electrolizer,2030,11,12,12,0.16717217806803805
253,electrolizer,2030,11,13,13,0.16717217806803805
254,electrolizer,2030,11,14,14,0.16717217806803805
255,electrolizer,2030,11,15,15,0.16717217806803805
256,electrolizer,2030,11,16,16,0.16717217806803805
257,electrolizer,2030,11,17,17,0.16717217806803805
258,electrolizer,2030,11,18,18,0.16717217806803805
259,electrolizer,2030,11,19,19,0.16717217806803805
260,electrolizer,2030,11,20,20,0.16717217806803805
261,electrolizer,2030,11,21,21,0.16717217806803805
262,electrolizer,2030,11,22,22,0.167172178068038
263,electrolizer,2030,11,23,23,0.167172178068038
264,electrolizer,2030,11,24,24,0.16717217806803805
265,electrolizer,2030,12,1,1,0.0659240147668801
266,electrolizer,2030,12,2,2,0.06592401476688009
267,electrolizer,2030,12,3,3,0.06592401476688009
268,electrolizer,2030,12,4,4,0.06592401476688009
269,electrolizer,2030,12,5,5,0.06592401476688009
270,electrolizer,2030,12,6,6,0.0026369605906752035
271,electrolizer,2030,12,7,7,0.06592401476688009
272,electrolizer,2030,12,8,8,0.0659240147668801
273,electrolizer,2030,12,9,9,0.0659240147668801
274,electrolizer,2030,12,10,10,0.0659240147668801
275,electrolizer,2030,12,11,11,0.06592401476688009
276,electrolizer,2030,12,12,12,0.0659240147668801
277,electrolizer,2030,12,13,13,0.06592401476688009
278,electrolizer,2030,12,14,14,0.06592401476688009
279,electrolizer,2030,12,15,15,0.06592401476688009
280,electrolizer,2030,12,16,16,0.06592401476688009
281,electrolizer,2030,12,17,17,0.06592401476688009
282,electrolizer,2030,12,18,18,0.06592401476688009
283,electrolizer,2030,12,19,19,0.06592401476688009
284,electrolizer,2030,12,20,20,0.06592401476688009
285,electrolizer,2030,12,21,21,0.06592401476688009
286,electrolizer,2030,12,22,22,0.06592401476688009
287,electrolizer,2030,12,23,23,0.06592401476688009
288,electrolizer,2030,12,24,24,0.06592401476688009
289,electrolizer,2030,13,1,1,0.04498212488306373
290,electrolizer,2030,13,2,2,0.04498212488306373
291,electrolizer,2030,13,3,3,0.04498212488306373
292,electrolizer,2030,13,4,4,0.04498212488306373
293,electrolizer,2030,13,5,5,0.04498212488306374
294,electrolizer,2030,13,6,6,0.04498212488306373
295,electrolizer,2030,13,7,7,0.04498212488306373
296,electrolizer,2030,13,8,8,0.04498212488306373
297,electrolizer,2030,13,9,9,0.04498212488306373
298,electrolizer,2030,13,10,10,0.04498212488306373
299,electrolizer,2030,13,11,11,0.04498212488306373
300,electrolizer,2030,13,12,12,0.04498212488306373
301,electrolizer,2030,13,13,13,0.04498212488306373
302,electrolizer,2030,13,14,14,0.04498212488306373
303,electrolizer,2030,13,15,15,0.04498212488306373
304,electrolizer,2030,13,16,16,0.04498212488306373
305,electrolizer,2030,13,17,17,0.04498212488306374
306,electrolizer,2030,13,18,18,0.04498212488306373
307,electrolizer,2030,13,19,19,0.04498212488306373
308,electrolizer,2030,13,20,20,0.04498212488306373
309,electrolizer,2030,13,21,21,0.04498212488306373
310,electrolizer,2030,13,22,22,0.04498212488306373
311,electrolizer,2030,13,23,23,0.04498212488306373
312,electrolizer,2030,13,24,24,0.04498212488306373
313,electrolizer,2030,14,1,1,0.07713300033489356
314,electrolizer,2030,14,2,2,0.07713300033489352
315,electrolizer,2030,14,3,3,0.07713300033489352
316,electrolizer,2030,14,4,4,0.07713300033489352
317,electrolizer,2030,14,5,5,0.07713300033489352
318,electrolizer,2030,14,6,6,0.07713300033489352
319,electrolizer,2030,14,7,7,0.07713300033489352
320,electrolizer,2030,14,8,8,0.07713300033489352
321,electrolizer,2030,14,9,9,0.07713300033489352
322,electrolizer,2030,14,10,10,0.07713300033489356
323,electrolizer,2030,14,11,11,0.07713300033489352
324,electrolizer,2030,14,12,12,0.07713300033489352
325,electrolizer,2030,14,13,13,0.07713300033489352
326,electrolizer,2030,14,14,14,0.07713300033489352
327,electrolizer,2030,14,15,15,0.07713300033489352
328,electrolizer,2030,14,16,16,0.07713300033489352
329,electrolizer,2030,14,17,17,0.07713300033489352
330,electrolizer,2030,14,18,18,0.07713300033489352
331,electrolizer,2030,14,19,19,0.07713300033489352
332,electrolizer,2030,14,20,20,0.07713300033489352
333,electrolizer,2030,14,21,21,0.07713300033489352
334,electrolizer,2030,14,22,22,0.07713300033489352
335,electrolizer,2030,14,23,23,0.07713300033489356
336,electrolizer,2030,14,24,24,0.07713300033489352
337,electrolizer,2030,15,1,1,0.00268828395034515
338,electrolizer,2030,15,2,2,0.00268828395034515
339,electrolizer,2030,15,3,3,0.00268828395034515
340,electrolizer,2030,15,4,4,0.00268828395034515
341,electrolizer,2030,15,5,5,0.00268828395034515
342,electrolizer,2030,15,6,6,0.00268828395034515
343,electrolizer,2030,15,7,7,0.06720709875862876
344,electrolizer,2030,15,8,8,0.06720709875862876
345,electrolizer,2030,15,9,9,0.06720709875862875
346,electrolizer,2030,15,10,10,0.06720709875862875
347,electrolizer,2030,15,11,11,0.06720709875862876
348,electrolizer,2030,15,12,12,0.06720709875862875
349,electrolizer,2030,15,13,13,0.06720709875862875
350,electrolizer,2030,15,14,14,0.06720709875862875
351,electrolizer,2030,15,15,15,0.06720709875862875
352,electrolizer,2030,15,16,16,0.06720709875862875
353,electrolizer,2030,15,17,17,0.06720709875862876
354,electrolizer,2030,15,18,18,0.06720709875862875
355,electrolizer,2030,15,19,19,0.06720709875862875
356,electrolizer,2030,15,20,20,0.06720709875862875
357,electrolizer,2030,15,21,21,0.06720709875862875
358,electrolizer,2030,15,22,22,0.06720709875862875
359,electrolizer,2030,15,23,23,0.06720709875862875
360,electrolizer,2030,15,24,24,0.06720709875862876
361,electrolizer,2030,16,1,1,0.06019998424935894
362,electrolizer,2030,16,2,2,0.06019998424935894
363,electrolizer,2030,16,3,3,0.06019998424935894
364,electrolizer,2030,16,4,4,0.06019998424935894
365,electrolizer,2030,16,5,5,0.06019998424935894
366,electrolizer,2030,16,6,6,0.06019998424935894
367,electrolizer,2030,16,7,7,0.06019998424935894
368,electrolizer,2030,16,8,8,0.06019998424935894
369,electrolizer,2030,16,9,9,0.06019998424935894
370,electrolizer,2030,16,10,10,0.06019998424935894
371,electrolizer,2030,16,11,11,0.06019998424935894
372,electrolizer,2030,16,12,12,0.06019998424935894
373,electrolizer,2030,16,13,13,0.06019998424935894
374,electrolizer,2030,16,14,14,0.06019998424935894
375,electrolizer,2030,16,15,15,0.06019998424935894
376,electrolizer,2030,16,16,16,0.06019998424935894
377,electrolizer,2030,16,17,17,0.06019998424935894
378,electrolizer,2030,16,18,18,0.06019998424935894
379,electrolizer,2030,16,19,19,0.06019998424935894
380,electrolizer,2030,16,20,20,0.06019998424935894
381,electrolizer,2030,16,21,21,0.06019998424935894
382,electrolizer,2030,16,22,22,0.06019998424935894
383,electrolizer,2030,16,23,23,0.06019998424935894
384,electrolizer,2030,16,24,24,0.06019998424935894
385,electrolizer,2030,17,1,1,0.07043368394065491
386,electrolizer,2030,17,2,2,0.0704336839406549
387,electrolizer,2030,17,3,3,0.0704336839406549
388,electrolizer,2030,17,4,4,0.0704336839406549
389,electrolizer,2030,17,5,5,0.0704336839406549
390,electrolizer,2030,17,6,6,0.0704336839406549
391,electrolizer,2030,17,7,7,0.0704336839406549
392,electrolizer,2030,17,8,8,0.0704336839406549
393,electrolizer,2030,17,9,9,0.0704336839406549
394,electrolizer,2030,17,10,10,0.0704336839406549
395,electrolizer,2030,17,11,11,0.0704336839406549
396,electrolizer,2030,17,12,12,0.0704336839406549
397,electrolizer,2030,17,13,13,0.0704336839406549
398,electrolizer,2030,17,14,14,0.0704336839406549
399,electrolizer,2030,17,15,15,0.0704336839406549
400,electrolizer,2030,17,16,16,0.0704336839406549
401,electrolizer,2030,17,17,17,0.0704336839406549
402,electrolizer,2030,17,18,18,0.0704336839406549
403,electrolizer,2030,17,19,19,0.0704336839406549
404,electrolizer,2030,17,20,20,0.0704336839406549
405,electrolizer,2030,17,21,21,0.0704336839406549
406,electrolizer,2030,17,22,22,0.0704336839406549
407,electrolizer,2030,17,23,23,0.0704336839406549
408,electrolizer,2030,17,24,24,0.0704336839406549
409,electrolizer,2030,18,1,1,0.05664961496384601
410,electrolizer,2030,18,2,2,0.056649614963845976
411,electrolizer,2030,18,3,3,0.05664961496384601
412,electrolizer,2030,18,4,4,0.056649614963845976
413,electrolizer,2030,18,5,5,0.056649614963845976
414,electrolizer,2030,18,6,6,0.056649614963845976
415,electrolizer,2030,18,7,7,0.056649614963845976
416,electrolizer,2030,18,8,8,0.056649614963845976
417,electrolizer,2030,18,9,9,0.056649614963845976
418,electrolizer,2030,18,10,10,0.056649614963845976
419,electrolizer,2030,18,11,11,0.056649614963845976
420,electrolizer,2030,18,12,12,0.056649614963845976
421,electrolizer,2030,18,13,13,0.056649614963845976
422,electrolizer,2030,18,14,14,0.056649614963845976
423,electrolizer,2030,18,15,15,0.056649614963845976
424,electrolizer,2030,18,16,16,0.056649614963845976
425,electrolizer,2030,18,17,17,0.056649614963845976
426,electrolizer,2030,18,18,18,0.056649614963845976
427,electrolizer,2030,18,19,19,0.056649614963845976
428,electrolizer,2030,18,20,20,0.056649614963845976
429,electrolizer,2030,18,21,21,0.056649614963845976
430,electrolizer,2030,18,22,22,0.056649614963845976
431,electrolizer,2030,18,23,23,0.056649614963845976
432,electrolizer,2030,18,24,24,0.056649614963845976
433,electrolizer,2030,19,1,1,0.14449510504097263
434,electrolizer,2030,19,2,2,0.14449510504097263
435,electrolizer,2030,19,3,3,0.14449510504097263
436,electrolizer,2030,19,4,4,0.14449510504097263
437,electrolizer,2030,19,5,5,0.14449510504097263
438,electrolizer,2030,19,6,6,0.14449510504097263
439,electrolizer,2030,19,7,7,0.14449510504097263
440,electrolizer,2030,19,8,8,0.14449510504097263
441,electrolizer,2030,19,9,9,0.14449510504097263
442,electrolizer,2030,19,10,10,0.14449510504097263
443,electrolizer,2030,19,11,11,0.14449510504097263
444,electrolizer,2030,19,12,12,0.14449510504097263
445,electrolizer,2030,19,13,13,0.14449510504097263
446,electrolizer,2030,19,14,14,0.14449510504097263
447,electrolizer,2030,19,15,15,0.14449510504097263
448,electrolizer,2030,19,16,16,0.14449510504097263
449,electrolizer,2030,19,17,17,0.14449510504097263
450,electrolizer,2030,19,18,18,0.14449510504097263
451,electrolizer,2030,19,19,19,0.14449510504097263
452,electrolizer,2030,19,20,20,0.14449510504097263
453,electrolizer,2030,19,21,21,0.14449510504097263
454,electrolizer,2030,19,22,22,0.14449510504097263
455,electrolizer,2030,19,23,23,0.14449510504097263
456,electrolizer,2030,19,24,24,0.14449510504097263
457,electrolizer,2030,20,1,1,0.07107987847564486
458,electrolizer,2030,20,2,2,0.07107987847564487
459,electrolizer,2030,20,3,3,0.07107987847564486
460,electrolizer,2030,20,4,4,0.07107987847564486
461,electrolizer,2030,20,5,5,0.07107987847564487
462,electrolizer,2030,20,6,6,0.07107987847564486
463,electrolizer,2030,20,7,7,0.07107987847564487
464,electrolizer,2030,20,8,8,0.07107987847564487
465,electrolizer,2030,20,9,9,0.07107987847564486
466,electrolizer,2030,20,10,10,0.07107987847564487
467,electrolizer,2030,20,11,11,0.07107987847564487
468,electrolizer,2030,20,12,12,0.07107987847564487
469,electrolizer,2030,20,13,13,0.07107987847564487
470,electrolizer,2030,20,14,14,0.07107987847564487
471,electrolizer,2030,20,15,15,0.07107987847564486
472,electrolizer,2030,20,16,16,0.07107987847564487
473,electrolizer,2030,20,17,17,0.07107987847564487
474,electrolizer,2030,20,18,18,0.07107987847564487
475,electrolizer,2030,20,19,19,0.07107987847564487
476,electrolizer,2030,20,20,20,0.07107987847564487
477,electrolizer,2030,20,21,21,0.07107987847564487
478,electrolizer,2030,20,22,22,0.07107987847564487
479,electrolizer,2030,20,23,23,0.07107987847564487
480,electrolizer,2030,20,24,24,0.07107987847564487
481,electrolizer,2030,21,1,1,0.08299372149687233
482,electrolizer,2030,21,2,2,0.08299372149687229
483,electrolizer,2030,21,3,3,0.08299372149687229
484,electrolizer,2030,21,4,4,0.08299372149687229
485,electrolizer,2030,21,5,5,0.08299372149687229
486,electrolizer,2030,21,6,6,0.08299372149687229
487,electrolizer,2030,21,7,7,0.08299372149687229
488,electrolizer,2030,21,8,8,0.08299372149687229
489,electrolizer,2030,21,9,9,0.08299372149687229
490,electrolizer,2030,21,10,10,0.08299372149687229
491,electrolizer,2030,21,11,11,0.08299372149687229
492,electrolizer,2030,21,12,12,0.08299372149687229
493,electrolizer,2030,21,13,13,0.08299372149687229
494,electrolizer,2030,21,14,14,0.08299372149687229
495,electrolizer,2030,21,15,15,0.08299372149687229
496,electrolizer,2030,21,16,16,0.08299372149687229
497,electrolizer,2030,21,17,17,0.08299372149687229
498,electrolizer,2030,21,18,18,0.08299372149687229
499,electrolizer,2030,21,19,19,0.08299372149687229
500,electrolizer,2030,21,20,20,0.08299372149687229
501,electrolizer,2030,21,21,21,0.08299372149687229
502,electrolizer,2030,21,22,22,0.08299372149687229
503,electrolizer,2030,21,23,23,0.08299372149687229
504,electrolizer,2030,21,24,24,0.08299372149687229
505,electrolizer,2030,22,1,1,0.014971629990255007
506,electrolizer,2030,22,2,2,0.014971629990255007
507,electrolizer,2030,22,3,3,0.014971629990255008
508,electrolizer,2030,22,4,4,0.014971629990255007
509,electrolizer,2030,22,5,5,0.014971629990255008
510,electrolizer,2030,22,6,6,0.014971629990255007
511,electrolizer,2030,22,7,7,0.014971629990255007
512,electrolizer,2030,22,8,8,0.014971629990255007
513,electrolizer,2030,22,9,9,0.014971629990255007
514,electrolizer,2030,22,10,10,0.014971629990255007
515,electrolizer,2030,22,11,11,0.014971629990255007
516,electrolizer,2030,22,12,12,0.014971629990255008
517,electrolizer,2030,22,13,13,0.014971629990255007
518,electrolizer,2030,22,14,14,0.014971629990255008
519,electrolizer,2030,22,15,15,0.014971629990255007
520,electrolizer,2030,22,16,16,0.014971629990255007
521,electrolizer,2030,22,17,17,0.014971629990255008
522,electrolizer,2030,22,18,18,0.014971629990255008
523,electrolizer,2030,22,19,19,0.014971629990255007
524,electrolizer,2030,22,20,20,0.014971629990255007
525,electrolizer,2030,22,21,21,0.014971629990255007
526,electrolizer,2030,22,22,22,0.014971629990255007
527,electrolizer,2030,22,23,23,0.014971629990255007
528,electrolizer,2030,22,24,24,0.014971629990255008
529,electrolizer,2030,23,1,1,0.04464382737726704
530,electrolizer,2030,23,2,2,0.04464382737726704
531,electrolizer,2030,23,3,3,0.04464382737726704
532,electrolizer,2030,23,4,4,0.04464382737726704
533,electrolizer,2030,23,5,5,0.04464382737726704
534,electrolizer,2030,23,6,6,0.04464382737726704
535,electrolizer,2030,23,7,7,0.04464382737726704
536,electrolizer,2030,23,8,8,0.04464382737726704
537,electrolizer,2030,23,9,9,0.04464382737726704
538,electrolizer,2030,23,10,10,0.04464382737726704
539,electrolizer,2030,23,11,11,0.04464382737726704
540,electrolizer,2030,23,12,12,0.04464382737726704
541,electrolizer,2030,23,13,13,0.04464382737726704
542,electrolizer,2030,23,14,14,0.04464382737726704
543,electrolizer,2030,23,15,15,0.04464382737726704
544,electrolizer,2030,23,16,16,0.04464382737726704
545,electrolizer,2030,23,17,17,0.04464382737726704
546,electrolizer,2030,23,18,18,0.04464382737726704
547,electrolizer,2030,23,19,19,0.04464382737726704
548,electrolizer,2030,23,20,20,0.04464382737726704
549,electrolizer,2030,23,21,21,0.04464382737726704
550,electrolizer,2030,23,22,22,0.04464382737726704
551,electrolizer,2030,23,23,23,0.04464382737726704
552,electrolizer,2030,23,24,24,0.04464382737726704
553,electrolizer,2030,24,1,1,0.21495640222426973
554,electrolizer,2030,24,2,2,0.21495640222426962
555,electrolizer,2030,24,3,3,0.21495640222426962
556,electrolizer,2030,24,4,4,0.21495640222426962
557,electrolizer,2030,24,5,5,0.21495640222426962
558,electrolizer,2030,24,6,6,0.21495640222426962
559,electrolizer,2030,24,7,7,0.21495640222426962
560,electrolizer,2030,24,8,8,0.21495640222426962
561,electrolizer,2030,24,9,9,0.21495640222426962
562,electrolizer,2030,24,10,10,0.21495640222426962
563,electrolizer,2030,24,11,11,0.21495640222426962
564,electrolizer,2030,24,12,12,0.21495640222426973
565,electrolizer,2030,24,13,13,0.21495640222426962
566,electrolizer,2030,24,14,14,0.21495640222426962
567,electrolizer,2030,24,15,15,0.21495640222426962
568,electrolizer,2030,24,16,16,0.21495640222426962
569,electrolizer,2030,24,17,17,0.21495640222426962
570,electrolizer,2030,24,18,18,0.21495640222426962
571,electrolizer,2030,24,19,19,0.21495640222426973
572,electrolizer,2030,24,20,20,0.21495640222426962
573,electrolizer,2030,24,21,21,0.21495640222426962
574,electrolizer,2030,24,22,22,0.21495640222426962
575,electrolizer,2030,24,23,23,0.21495640222426962
576,electrolizer,2030,24,24,24,0.21495640222426962
577,electrolizer,2030,25,1,1,0.1538726240223658
578,electrolizer,2030,25,2,2,0.1538726240223658
579,electrolizer,2030,25,3,3,0.1538726240223658
580,electrolizer,2030,25,4,4,0.1538726240223658
581,electrolizer,2030,25,5,5,0.1538726240223658
582,electrolizer,2030,25,6,6,0.1538726240223658
583,electrolizer,2030,25,7,7,0.1538726240223658
584,electrolizer,2030,25,8,8,0.1538726240223658
585,electrolizer,2030,25,9,9,0.1538726240223658
586,electrolizer,2030,25,10,10,0.1538726240223658
587,electrolizer,2030,25,11,11,0.1538726240223658
588,electrolizer,2030,25,12,12,0.1538726240223658
589,electrolizer,2030,25,13,13,0.1538726240223658
590,electrolizer,2030,25,14,14,0.1538726240223658
591,electrolizer,2030,25,15,15,0.1538726240223658
592,electrolizer,2030,25,16,16,0.1538726240223658
593,electrolizer,2030,25,17,17,0.1538726240223658
594,electrolizer,2030,25,18,18,0.1538726240223658
595,electrolizer,2030,25,19,19,0.1538726240223658
596,electrolizer,2030,25,20,20,0.1538726240223658
597,electrolizer,2030,25,21,21,0.1538726240223658
598,electrolizer,2030,25,22,22,0.1538726240223658
599,electrolizer,2030,25,23,23,0.1538726240223658
600,electrolizer,2030,25,24,24,0.1538726240223658
601,electrolizer,2030,26,1,1,0.45199490438829754
602,electrolizer,2030,26,2,2,0.45199490438829754
603,electrolizer,2030,26,3,3,0.45199490438829754
604,electrolizer,2030,26,4,4,0.45199490438829754
605,electrolizer,2030,26,5,5,0.45199490438829754
606,electrolizer,2030,26,6,6,0.45199490438829754
607,electrolizer,2030,26,7,7,0.45199490438829754
608,electrolizer,2030,26,8,8,0.45199490438829754
609,electrolizer,2030,26,9,9,0.45199490438829754
610,electrolizer,2030,26,10,10,0.45199490438829754
611,electrolizer,2030,26,11,11,0.45199490438829754
612,electrolizer,2030,26,12,12,0.45199490438829754
613,electrolizer,2030,26,13,13,0.45199490438829754
614,electrolizer,2030,26,14,14,0.45199490438829754
615,electrolizer,2030,26,15,15,0.45199490438829754
616,electrolizer,2030,26,16,16,0.45199490438829754
617,electrolizer,2030,26,17,17,0.45199490438829754
618,electrolizer,2030,26,18,18,0.45199490438829754
619,electrolizer,2030,26,19,19,0.45199490438829754
620,electrolizer,2030,26,20,20,0.45199490438829754
621,electrolizer,2030,26,21,21,0.45199490438829754
622,electrolizer,2030,26,22,22,0.45199490438829754
623,electrolizer,2030,26,23,23,0.45199490438829754
624,electrolizer,2030,26,24,24,0.45199490438829754
625,electrolizer,2030,27,1,1,0.0802159851972881
626,electrolizer,2030,27,2,2,0.08021598519728809
627,electrolizer,2030,27,3,3,0.08021598519728809
628,electrolizer,2030,27,4,4,0.08021598519728809
629,electrolizer,2030,27,5,5,0.08021598519728809
630,electrolizer,2030,27,6,6,0.08021598519728809
631,electrolizer,2030,27,7,7,0.08021598519728809
632,electrolizer,2030,27,8,8,0.0802159851972881
633,electrolizer,2030,27,9,9,0.08021598519728809
634,electrolizer,2030,27,10,10,0.08021598519728809
635,electrolizer,2030,27,11,11,0.08021598519728809
636,electrolizer,2030,27,12,12,0.08021598519728809
637,electrolizer,2030,27,13,13,0.08021598519728809
638,electrolizer,2030,27,14,14,0.08021598519728809
639,electrolizer,2030,27,15,15,0.08021598519728809
640,electrolizer,2030,27,16,16,0.08021598519728809
641,electrolizer,2030,27,17,17,0.08021598519728809
642,electrolizer,2030,27,18,18,0.08021598519728809
643,electrolizer,2030,27,19,19,0.08021598519728809
644,electrolizer,2030,27,20,20,0.08021598519728809
645,electrolizer,2030,27,21,21,0.08021598519728809
646,electrolizer,2030,27,22,22,0.08021598519728809
647,electrolizer,2030,27,23,23,0.0802159851972881
648,electrolizer,2030,27,24,24,0.08021598519728809
649,electrolizer,2030,28,1,1,0.0879998311298593
650,electrolizer,2030,28,2,2,0.0879998311298593
651,electrolizer,2030,28,3,3,0.0879998311298593
652,electrolizer,2030,28,4,4,0.0879998311298593
653,electrolizer,2030,28,5,5,0.0879998311298593
654,electrolizer,2030,28,6,6,0.0879998311298593
655,electrolizer,2030,28,7,7,0.0879998311298593
656,electrolizer,2030,28,8,8,0.0879998311298593
657,electrolizer,2030,28,9,9,0.08799983112985926
658,electrolizer,2030,28,10,10,0.0879998311298593
659,electrolizer,2030,28,11,11,0.0879998311298593
660,electrolizer,2030,28,12,12,0.08799983112985926
661,electrolizer,2030,28,13,13,0.0879998311298593
662,electrolizer,2030,28,14,14,0.0879998311298593
663,electrolizer,2030,28,15,15,0.0879998311298593
664,electrolizer,2030,28,16,16,0.0879998311298593
665,electrolizer,2030,28,17,17,0.0879998311298593
666,electrolizer,2030,28,18,18,0.0879998311298593
667,electrolizer,2030,28,19,19,0.0879998311298593
668,electrolizer,2030,28,20,20,0.0879998311298593
669,electrolizer,2030,28,21,21,0.0879998311298593
670,electrolizer,2030,28,22,22,0.0879998311298593
671,electrolizer,2030,28,23,23,0.0879998311298593
672,electrolizer,2030,28,24,24,0.0879998311298593
673,electrolizer,2030,29,1,1,0.052947706293479314
674,electrolizer,2030,29,2,2,0.0529477062934793
675,electrolizer,2030,29,3,3,0.0529477062934793
676,electrolizer,2030,29,4,4,0.0529477062934793
677,electrolizer,2030,29,5,5,0.0529477062934793
678,electrolizer,2030,29,6,6,0.0529477062934793
679,electrolizer,2030,29,7,7,0.0529477062934793
680,electrolizer,2030,29,8,8,0.0529477062934793
681,electrolizer,2030,29,9,9,0.0529477062934793
682,electrolizer,2030,29,10,10,0.0529477062934793
683,electrolizer,2030,29,11,11,0.0529477062934793
684,electrolizer,2030,29,12,12,0.0529477062934793
685,electrolizer,2030,29,13,13,0.0529477062934793
686,electrolizer,2030,29,14,14,0.0529477062934793
687,electrolizer,2030,29,15,15,0.0529477062934793
688,electrolizer,2030,29,16,16,0.0529477062934793
689,electrolizer,2030,29,17,17,0.0529477062934793
690,electrolizer,2030,29,18,18,0.0529477062934793
691,electrolizer,2030,29,19,19,0.0529477062934793
692,electrolizer,2030,29,20,20,0.0529477062934793
693,electrolizer,2030,29,21,21,0.0529477062934793
694,electrolizer,2030,29,22,22,0.0529477062934793
695,electrolizer,2030,29,23,23,0.0529477062934793
696,electrolizer,2030,29,24,24,0.052947706293479314
697,electrolizer,2030,30,1,1,0.0357146206583464
698,electrolizer,2030,30,2,2,0.0357146206583464
699,electrolizer,2030,30,3,3,0.0357146206583464
700,electrolizer,2030,30,4,4,0.0357146206583464
701,electrolizer,2030,30,5,5,0.0357146206583464
702,electrolizer,2030,30,6,6,0.0357146206583464
703,electrolizer,2030,30,7,7,0.0357146206583464
704,electrolizer,2030,30,8,8,0.0357146206583464
705,electrolizer,2030,30,9,9,0.0357146206583464
706,electrolizer,2030,30,10,10,0.0357146206583464
707,electrolizer,2030,30,11,11,0.0357146206583464
708,electrolizer,2030,30,12,12,0.0357146206583464
709,electrolizer,2030,30,13,13,0.0357146206583464
710,electrolizer,2030,30,14,14,0.0357146206583464
711,electrolizer,2030,30,15,15,0.0357146206583464
712,electrolizer,2030,30,16,16,0.0357146206583464
713,electrolizer,2030,30,17,17,0.0357146206583464
714,electrolizer,2030,30,18,18,0.0357146206583464
715,electrolizer,2030,30,19,19,0.0357146206583464
716,electrolizer,2030,30,20,20,0.0357146206583464
717,electrolizer,2030,30,21,21,0.0357146206583464
718,electrolizer,2030,30,22,22,0.0357146206583464
719,electrolizer,2030,30,23,23,0.0357146206583464
720,electrolizer,2030,30,24,24,0.0357146206583464
721,electrolizer,2030,31,1,1,0.021681805179843104
722,electrolizer,2030,31,2,2,0.021681805179843104
723,electrolizer,2030,31,3,3,0.021681805179843104
724,electrolizer,2030,31,4,4,0.021681805179843104
725,electrolizer,2030,31,5,5,0.021681805179843108
726,electrolizer,2030,31,6,6,0.021681805179843104
727,electrolizer,2030,31,7,7,0.021681805179843104
728,electrolizer,2030,31,8,8,0.021681805179843108
729,electrolizer,2030,31,9,9,0.021681805179843104
730,electrolizer,2030,31,10,10,0.021681805179843104
731,electrolizer,2030,31,11,11,0.021681805179843104
732,electrolizer,2030,31,12,12,0.021681805179843104
733,electrolizer,2030,31,13,13,0.021681805179843108
734,electrolizer,2030,31,14,14,0.021681805179843104
735,electrolizer,2030,31,15,15,0.021681805179843104
736,electrolizer,2030,31,16,16,0.021681805179843104
737,electrolizer,2030,31,17,17,0.021681805179843104
738,electrolizer,2030,31,18,18,0.021681805179843104
739,electrolizer,2030,31,19,19,0.021681805179843104
740,electrolizer,2030,31,20,20,0.021681805179843104
741,electrolizer,2030,31,21,21,0.021681805179843108
742,electrolizer,2030,31,22,22,0.021681805179843104
743,electrolizer,2030,31,23,23,0.021681805179843104
744,electrolizer,2030,31,24,24,0.021681805179843104
745,electrolizer,2030,32,1,1,0.0685377940469646
746,electrolizer,2030,32,2,2,0.06853779404696457
747,electrolizer,2030,32,3,3,0.06853779404696457
748,electrolizer,2030,32,4,4,0.06853779404696457
749,electrolizer,2030,32,5,5,0.06853779404696457
750,electrolizer,2030,32,6,6,0.06853779404696457
751,electrolizer,2030,32,7,7,0.06853779404696457
752,electrolizer,2030,32,8,8,0.0685377940469646
753,electrolizer,2030,32,9,9,0.06853779404696457
754,electrolizer,2030,32,10,10,0.06853779404696457
755,electrolizer,2030,32,11,11,0.06853779404696457
756,electrolizer,2030,32,12,12,0.06853779404696457
757,electrolizer,2030,32,13,13,0.06853779404696457
758,electrolizer,2030,32,14,14,0.06853779404696457
759,electrolizer,2030,32,15,15,0.06853779404696457
760,electrolizer,2030,32,16,16,0.0685377940469646
761,electrolizer,2030,32,17,17,0.0685377940469646
762,electrolizer,2030,32,18,18,0.0685377940469646
763,electrolizer,2030,32,19,19,0.0685377940469646
764,electrolizer,2030,32,20,20,0.0685377940469646
765,electrolizer,2030,32,21,21,0.0685377940469646
766,electrolizer,2030,32,22,22,0.0685377940469646
767,electrolizer,2030,32,23,23,0.0685377940469646
768,electrolizer,2030,32,24,24,0.0685377940469646
769,electrolizer,2030,33,1,1,0.014971140801958771
770,electrolizer,2030,33,2,2,0.014971140801958771
771,electrolizer,2030,33,3,3,0.014971140801958771
772,electrolizer,2030,33,4,4,0.014971140801958776
773,electrolizer,2030,33,5,5,0.014971140801958771
774,electrolizer,2030,33,6,6,0.014971140801958771
775,electrolizer,2030,33,7,7,0.014971140801958776
776,electrolizer,2030,33,8,8,0.014971140801958771
777,electrolizer,2030,33,9,9,0.014971140801958771
778,electrolizer,2030,33,10,10,0.014971140801958776
779,electrolizer,2030,33,11,11,0.014971140801958771
780,electrolizer,2030,33,12,12,0.014971140801958771
781,electrolizer,2030,33,13,13,0.014971140801958771
782,electrolizer,2030,33,14,14,0.014971140801958771
783,electrolizer,2030,33,15,15,0.014971140801958776
784,electrolizer,2030,33,16,16,0.014971140801958771
785,electrolizer,2030,33,17,17,0.014971140801958771
786,electrolizer,2030,33,18,18,0.014971140801958771
787,electrolizer,2030,33,19,19,0.014971140801958776
788,electrolizer,2030,33,20,20,0.014971140801958771
789,electrolizer,2030,33,21,21,0.014971140801958776
790,electrolizer,2030,33,22,22,0.014971140801958771
791,electrolizer,2030,33,23,23,0.014971140801958771
792,electrolizer,2030,33,24,24,0.014971140801958771
793,electrolizer,2030,34,1,1,0.12076284388420527
794,electrolizer,2030,34,2,2,0.12076284388420527
795,electrolizer,2030,34,3,3,0.12076284388420527
796,electrolizer,2030,34,4,4,0.12076284388420527
797,electrolizer,2030,34,5,5,0.12076284388420527
798,electrolizer,2030,34,6,6,0.12076284388420527
799,electrolizer,2030,34,7,7,0.12076284388420527
800,electrolizer,2030,34,8,8,0.12076284388420527
801,electrolizer,2030,34,9,9,0.12076284388420527
802,electrolizer,2030,34,10,10,0.12076284388420527
803,electrolizer,2030,34,11,11,0.12076284388420527
804,electrolizer,2030,34,12,12,0.12076284388420527
805,electrolizer,2030,34,13,13,0.12076284388420527
806,electrolizer,2030,34,14,14,0.12076284388420527
807,electrolizer,2030,34,15,15,0.12076284388420527
808,electrolizer,2030,34,16,16,0.12076284388420527
809,electrolizer,2030,34,17,17,0.12076284388420527
810,electrolizer,2030,34,18,18,0.12076284388420527
811,electrolizer,2030,34,19,19,0.12076284388420527
812,electrolizer,2030,34,20,20,0.12076284388420527
813,electrolizer,2030,34,21,21,0.12076284388420527
814,electrolizer,2030,34,22,22,0.12076284388420527
815,electrolizer,2030,34,23,23,0.12076284388420527
816,electrolizer,2030,34,24,24,0.12076284388420527
817,electrolizer,2030,35,1,1,0.025793536182433314
818,electrolizer,2030,35,2,2,0.025793536182433314
819,electrolizer,2030,35,3,3,0.025793536182433314
820,electrolizer,2030,35,4,4,0.025793536182433314
821,electrolizer,2030,35,5,5,0.025793536182433314
822,electrolizer,2030,35,6,6,0.025793536182433314
823,electrolizer,2030,35,7,7,0.025793536182433314
824,electrolizer,2030,35,8,8,0.025793536182433314
825,electrolizer,2030,35,9,9,0.025793536182433314
826,electrolizer,2030,35,10,10,0.025793536182433314
827,electrolizer,2030,35,11,11,0.025793536182433314
828,electrolizer,2030,35,12,12,0.025793536182433317
829,electrolizer,2030,35,13,13,0.025793536182433314
830,electrolizer,2030,35,14,14,0.025793536182433314
831,electrolizer,2030,35,15,15,0.025793536182433314
832,electrolizer,2030,35,16,16,0.025793536182433314
833,electrolizer,2030,35,17,17,0.025793536182433314
834,electrolizer,2030,35,18,18,0.025793536182433317
835,electrolizer,2030,35,19,19,0.025793536182433317
836,electrolizer,2030,35,20,20,0.025793536182433317
837,electrolizer,2030,35,21,21,0.025793536182433317
838,electrolizer,2030,35,22,22,0.025793536182433314
839,electrolizer,2030,35,23,23,0.025793536182433314
840,electrolizer,2030,35,24,24,0.025793536182433314
841,electrolizer,2030,36,1,1,0.028325136533051774
842,electrolizer,2030,36,2,2,0.028325136533051787
843,electrolizer,2030,36,3,3,0.028325136533051774
844,electrolizer,2030,36,4,4,0.028325136533051787
845,electrolizer,2030,36,5,5,0.028325136533051787
846,electrolizer,2030,36,6,6,0.028325136533051787
847,electrolizer,2030,36,7,7,0.028325136533051787
848,electrolizer,2030,36,8,8,0.028325136533051787
849,electrolizer,2030,36,9,9,0.028325136533051787
850,electrolizer,2030,36,10,10,0.028325136533051787
851,electrolizer,2030,36,11,11,0.028325136533051774
852,electrolizer,2030,36,12,12,0.028325136533051787
853,electrolizer,2030,36,13,13,0.028325136533051787
854,electrolizer,2030,36,14,14,0.028325136533051787
855,electrolizer,2030,36,15,15,0.028325136533051787
856,electrolizer,2030,36,16,16,0.028325136533051787
857,electrolizer,2030,36,17,17,0.028325136533051774
858,electrolizer,2030,36,18,18,0.028325136533051787
859,electrolizer,2030,36,19,19,0.028325136533051787
860,electrolizer,2030,36,20,20,0.028325136533051787
861,electrolizer,2030,36,21,21,0.028325136533051774
862,electrolizer,2030,36,22,22,0.028325136533051787
863,electrolizer,2030,36,23,23,0.028325136533051787
864,electrolizer,2030,36,24,24,0.028325136533051787
865,electrolizer,2030,37,1,1,0.07193211876312874
866,electrolizer,2030,37,2,2,0.07193211876312872
867,electrolizer,2030,37,3,3,0.07193211876312872
868,electrolizer,2030,37,4,4,0.07193211876312872
869,electrolizer,2030,37,5,5,0.07193211876312872
870,electrolizer,2030,37,6,6,0.07193211876312872
871,electrolizer,2030,37,7,7,0.07193211876312872
872,electrolizer,2030,37,8,8,0.07193211876312872
873,electrolizer,2030,37,9,9,0.07193211876312872
874,electrolizer,2030,37,10,10,0.07193211876312872
875,electrolizer,2030,37,11,11,0.07193211876312872
876,electrolizer,2030,37,12,12,0.07193211876312872
877,electrolizer,2030,37,13,13,0.07193211876312872
878,electrolizer,2030,37,14,14,0.07193211876312872
879,electrolizer,2030,37,15,15,0.07193211876312872
880,electrolizer,2030,37,16,16,0.07193211876312872
881,electrolizer,2030,37,17,17,0.07193211876312872
882,electrolizer,2030,37,18,18,0.07193211876312872
883,electrolizer,2030,37,19,19,0.07193211876312872
884,electrolizer,2030,37,20,20,0.07193211876312872
885,electrolizer,2030,37,21,21,0.07193211876312872
886,electrolizer,2030,37,22,22,0.07193211876312872
887,electrolizer,2030,37,23,23,0.07193211876312872
888,electrolizer,2030,37,24,24,0.07193211876312872
889,electrolizer,2030,38,1,1,0.03563151690250047
890,electrolizer,2030,38,2,2,0.03563151690250047
891,electrolizer,2030,38,3,3,0.03563151690250047
892,electrolizer,2030,38,4,4,0.03563151690250047
893,electrolizer,2030,38,5,5,0.03563151690250047
894,electrolizer,2030,38,6,6,0.03563151690250047
895,electrolizer,2030,38,7,7,0.03563151690250047
896,electrolizer,2030,38,8,8,0.03563151690250047
897,electrolizer,2030,38,9,9,0.03563151690250047
898,electrolizer,2030,38,10,10,0.03563151690250047
899,electrolizer,2030,38,11,11,0.03563151690250047
900,electrolizer,2030,38,12,12,0.03563151690250047
901,electrolizer,2030,38,13,13,0.03563151690250047
902,electrolizer,2030,38,14,14,0.03563151690250047
903,electrolizer,2030,38,15,15,0.03563151690250047
904,electrolizer,2030,38,16,16,0.03563151690250047
905,electrolizer,2030,38,17,17,0.03563151690250047
906,electrolizer,2030,38,18,18,0.03563151690250047
907,electrolizer,2030,38,19,19,0.03563151690250047
908,electrolizer,2030,38,20,20,0.03563151690250047
909,electrolizer,2030,38,21,21,0.03563151690250047
910,electrolizer,2030,38,22,22,0.03563151690250047
911,electrolizer,2030,38,23,23,0.03563151690250047
912,electrolizer,2030,38,24,24,0.03563151690250047
913,electrolizer,2030,39,1,1,0.08879838900133175
914,electrolizer,2030,39,2,2,0.08879838900133175
915,electrolizer,2030,39,3,3,0.08879838900133175
916,electrolizer,2030,39,4,4,0.08879838900133175
917,electrolizer,2030,39,5,5,0.08879838900133175
918,electrolizer,2030,39,6,6,0.08879838900133175
919,electrolizer,2030,39,7,7,0.08879838900133175
920,electrolizer,2030,39,8,8,0.08879838900133175
921,electrolizer,2030,39,9,9,0.08879838900133175
922,electrolizer,2030,39,10,10,0.08879838900133175
923,electrolizer,2030,39,11,11,0.08879838900133175
924,electrolizer,2030,39,12,12,0.08879838900133175
925,electrolizer,2030,39,13,13,0.08879838900133175
926,electrolizer,2030,39,14,14,0.08879838900133175
927,electrolizer,2030,39,15,15,0.08879838900133175
928,electrolizer,2030,39,16,16,0.08879838900133175
929,electrolizer,2030,39,17,17,0.08879838900133175
930,electrolizer,2030,39,18,18,0.08879838900133175
931,electrolizer,2030,39,19,19,0.08879838900133175
932,electrolizer,2030,39,20,20,0.08879838900133175
933,electrolizer,2030,39,21,21,0.08879838900133175
934,electrolizer,2030,39,22,22,0.08879838900133175
935,electrolizer,2030,39,23,23,0.08879838900133175
936,electrolizer,2030,39,24,24,0.08879838900133175
937,electrolizer,2030,40,1,1,0.06978604589253029
938,electrolizer,2030,40,2,2,0.06978604589253032
939,electrolizer,2030,40,3,3,0.06978604589253032
940,electrolizer,2030,40,4,4,0.06978604589253032
941,electrolizer,2030,40,5,5,0.06978604589253032
942,electrolizer,2030,40,6,6,0.06978604589253032
943,electrolizer,2030,40,7,7,0.06978604589253032
944,electrolizer,2030,40,8,8,0.06978604589253032
945,electrolizer,2030,40,9,9,0.06978604589253032
946,electrolizer,2030,40,10,10,0.06978604589253032
947,electrolizer,2030,40,11,11,0.06978604589253032
948,electrolizer,2030,40,12,12,0.06978604589253032
949,electrolizer,2030,40,13,13,0.06978604589253032
950,electrolizer,2030,40,14,14,0.06978604589253032
951,electrolizer,2030,40,15,15,0.06978604589253032
952,electrolizer,2030,40,16,16,0.06978604589253032
953,electrolizer,2030,40,17,17,0.06978604589253032
954,electrolizer,2030,40,18,18,0.06978604589253032
955,electrolizer,2030,40,19,19,0.06978604589253032
956,electrolizer,2030,40,20,20,0.06978604589253032
957,electrolizer,2030,40,21,21,0.06978604589253032
958,electrolizer,2030,40,22,22,0.06978604589253032
959,electrolizer,2030,40,23,23,0.06978604589253032
960,electrolizer,2030,40,24,24,0.06978604589253032
961,electrolizer,2030,41,1,1,0.10933300370659953
962,electrolizer,2030,41,2,2,0.10933300370659953
963,electrolizer,2030,41,3,3,0.10933300370659953
964,electrolizer,2030,41,4,4,0.10933300370659953
965,electrolizer,2030,41,5,5,0.10933300370659953
966,electrolizer,2030,41,6,6,0.10933300370659953
967,electrolizer,2030,41,7,7,0.10933300370659953
968,electrolizer,2030,41,8,8,0.10933300370659953
969,electrolizer,2030,41,9,9,0.10933300370659953
970,electrolizer,2030,41,10,10,0.10933300370659953
971,electrolizer,2030,41,11,11,0.10933300370659953
972,electrolizer,2030,41,12,12,0.10933300370659953
973,electrolizer,2030,41,13,13,0.10933300370659953
974,electrolizer,2030,41,14,14,0.10933300370659953
975,electrolizer,2030,41,15,15,0.10933300370659953
976,electrolizer,2030,41,16,16,0.10933300370659953
977,electrolizer,2030,41,17,17,0.10933300370659953
978,electrolizer,2030,41,18,18,0.10933300370659953
979,electrolizer,2030,41,19,19,0.10933300370659953
980,electrolizer,2030,41,20,20,0.10933300370659953
981,electrolizer,2030,41,21,21,0.10933300370659953
982,electrolizer,2030,41,22,22,0.10933300370659953
983,electrolizer,2030,41,23,23,0.10933300370659953
984,electrolizer,2030,41,24,24,0.10933300370659953
985,electrolizer,2030,42,1,1,0.08465627446778001
986,electrolizer,2030,42,2,2,0.08465627446778
987,electrolizer,2030,42,3,3,0.08465627446778
988,electrolizer,2030,42,4,4,0.08465627446778
989,electrolizer,2030,42,5,5,0.08465627446778
990,electrolizer,2030,42,6,6,0.08465627446778
991,electrolizer,2030,42,7,7,0.08465627446778
992,electrolizer,2030,42,8,8,0.08465627446778
993,electrolizer,2030,42,9,9,0.08465627446778
994,electrolizer,2030,42,10,10,0.08465627446778
995,electrolizer,2030,42,11,11,0.08465627446778
996,electrolizer,2030,42,12,12,0.08465627446778
997,electrolizer,2030,42,13,13,0.08465627446778
998,electrolizer,2030,42,14,14,0.08465627446778
999,electrolizer,2030,42,15,15,0.08465627446778
1000,electrolizer,2030,42,16,16,0.08465627446778
1001,electrolizer,2030,42,17,17,0.08465627446778
1002,electrolizer,2030,42,18,18,0.08465627446778
1003,electrolizer,2030,42,19,19,0.08465627446778
1004,electrolizer,2030,42,20,20,0.08465627446778
1005,electrolizer,2030,42,21,21,0.08465627446778
1006,electrolizer,2030,42,22,22,0.08465627446778
1007,electrolizer,2030,42,23,23,0.08465627446778
1008,electrolizer,2030,42,24,24,0.08465627446778
1009,electrolizer,2030,43,1,1,0.10184004800423666
1010,electrolizer,2030,43,2,2,0.10184004800423666
1011,electrolizer,2030,43,3,3,0.10184004800423666
1012,electrolizer,2030,43,4,4,0.10184004800423666
1013,electrolizer,2030,43,5,5,0.10184004800423666
1014,electrolizer,2030,43,6,6,0.10184004800423666
1015,electrolizer,2030,43,7,7,0.10184004800423666
1016,electrolizer,2030,43,8,8,0.10184004800423666
1017,electrolizer,2030,43,9,9,0.10184004800423666
1018,electrolizer,2030,43,10,10,0.10184004800423666
1019,electrolizer,2030,43,11,11,0.10184004800423666
1020,electrolizer,2030,43,12,12,0.10184004800423666
1021,electrolizer,2030,43,13,13,0.10184004800423666
1022,electrolizer,2030,43,14,14,0.10184004800423666
1023,electrolizer,2030,43,15,15,0.10184004800423666
1024,electrolizer,2030,43,16,16,0.10184004800423666
1025,electrolizer,2030,43,17,17,0.10184004800423666
1026,electrolizer,2030,43,18,18,0.10184004800423666
1027,electrolizer,2030,43,19,19,0.10184004800423666
1028,electrolizer,2030,43,20,20,0.10184004800423666
1029,electrolizer,2030,43,21,21,0.10184004800423666
1030,electrolizer,2030,43,22,22,0.10184004800423666
1031,electrolizer,2030,43,23,23,0.10184004800423666
1032,electrolizer,2030,43,24,24,0.10184004800423666
1033,electrolizer,2030,44,1,1,0.20967833977628106
1034,electrolizer,2030,44,2,2,0.20967833977628117
1035,electrolizer,2030,44,3,3,0.20967833977628117
1036,electrolizer,2030,44,4,4,0.20967833977628117
1037,electrolizer,2030,44,5,5,0.20967833977628117
1038,electrolizer,2030,44,6,6,0.2096783397762812
1039,electrolizer,2030,44,7,7,0.20967833977628117
1040,electrolizer,2030,44,8,8,0.20967833977628117
1041,electrolizer,2030,44,9,9,0.20967833977628117
1042,electrolizer,2030,44,10,10,0.20967833977628117
1043,electrolizer,2030,44,11,11,0.20967833977628117
1044,electrolizer,2030,44,12,12,0.20967833977628117
1045,electrolizer,2030,44,13,13,0.20967833977628117
1046,electrolizer,2030,44,14,14,0.20967833977628117
1047,electrolizer,2030,44,15,15,0.20967833977628117
1048,electrolizer,2030,44,16,16,0.20967833977628117
1049,electrolizer,2030,44,17,17,0.20967833977628117
1050,electrolizer,2030,44,18,18,0.20967833977628117
1051,electrolizer,2030,44,19,19,0.20967833977628117
1052,electrolizer,2030,44,20,20,0.20967833977628117
1053,electrolizer,2030,44,21,21,0.20967833977628117
1054,electrolizer,2030,44,22,22,0.20967833977628117
1055,electrolizer,2030,44,23,23,0.20967833977628106
1056,electrolizer,2030,44,24,24,0.20967833977628117
1057,electrolizer,2030,45,1,1,0.11994058504409189
1058,electrolizer,2030,45,2,2,0.11994058504409186
1059,electrolizer,2030,45,3,3,0.11994058504409186
1060,electrolizer,2030,45,4,4,0.11994058504409186
1061,electrolizer,2030,45,5,5,0.11994058504409186
1062,electrolizer,2030,45,6,6,0.11994058504409186
1063,electrolizer,2030,45,7,7,0.11994058504409186
1064,electrolizer,2030,45,8,8,0.11994058504409186
1065,electrolizer,2030,45,9,9,0.11994058504409186
1066,electrolizer,2030,45,10,10,0.11994058504409186
1067,electrolizer,2030,45,11,11,0.11994058504409186
1068,electrolizer,2030,45,12,12,0.11994058504409186
1069,electrolizer,2030,45,13,13,0.11994058504409186
1070,electrolizer,2030,45,14,14,0.11994058504409186
1071,electrolizer,2030,45,15,15,0.11994058504409186
1072,electrolizer,2030,45,16,16,0.11994058504409186
1073,electrolizer,2030,45,17,17,0.11994058504409189
1074,electrolizer,2030,45,18,18,0.11994058504409189
1075,electrolizer,2030,45,19,19,0.11994058504409189
1076,electrolizer,2030,45,20,20,0.11994058504409189
1077,electrolizer,2030,45,21,21,0.11994058504409186
1078,electrolizer,2030,45,22,22,0.11994058504409186
1079,electrolizer,2030,45,23,23,0.11994058504409186
1080,electrolizer,2030,45,24,24,0.11994058504409186
1081,electrolizer,2030,46,1,1,0.032819763896360286
1082,electrolizer,2030,46,2,2,0.032819763896360286
1083,electrolizer,2030,46,3,3,0.032819763896360286
1084,electrolizer,2030,46,4,4,0.032819763896360286
1085,electrolizer,2030,46,5,5,0.032819763896360286
1086,electrolizer,2030,46,6,6,0.032819763896360286
1087,electrolizer,2030,46,7,7,0.032819763896360286
1088,electrolizer,2030,46,8,8,0.032819763896360286
1089,electrolizer,2030,46,9,9,0.032819763896360286
1090,electrolizer,2030,46,10,10,0.032819763896360286
1091,electrolizer,2030,46,11,11,0.032819763896360286
1092,electrolizer,2030,46,12,12,0.032819763896360286
1093,electrolizer,2030,46,13,13,0.032819763896360286
1094,electrolizer,2030,46,14,14,0.032819763896360286
1095,electrolizer,2030,46,15,15,0.032819763896360286
1096,electrolizer,2030,46,16,16,0.032819763896360286
1097,electrolizer,2030,46,17,17,0.032819763896360286
1098,electrolizer,2030,46,18,18,0.032819763896360286
1099,electrolizer,2030,46,19,19,0.032819763896360286
1100,electrolizer,2030,46,20,20,0.032819763896360286
1101,electrolizer,2030,46,21,21,0.032819763896360286
1102,electrolizer,2030,46,22,22,0.032819763896360286
1103,electrolizer,2030,46,23,23,0.032819763896360286
1104,electrolizer,2030,46,24,24,0.032819763896360286
1105,electrolizer,2030,47,1,1,0.092268820979189
1106,electrolizer,2030,47,2,2,0.092268820979189
1107,electrolizer,2030,47,3,3,0.092268820979189
1108,electrolizer,2030,47,4,4,0.092268820979189
1109,electrolizer,2030,47,5,5,0.092268820979189
1110,electrolizer,2030,47,6,6,0.092268820979189
1111,electrolizer,2030,47,7,7,0.092268820979189
1112,electrolizer,2030,47,8,8,0.092268820979189
1113,electrolizer,2030,47,9,9,0.092268820979189
1114,electrolizer,2030,47,10,10,0.092268820979189
1115,electrolizer,2030,47,11,11,0.092268820979189
1116,electrolizer,2030,47,12,12,0.092268820979189
1117,electrolizer,2030,47,13,13,0.092268820979189
1118,electrolizer,2030,47,14,14,0.092268820979189
1119,electrolizer,2030,47,15,15,0.092268820979189
1120,electrolizer,2030,47,16,16,0.092268820979189
1121,electrolizer,2030,47,17,17,0.092268820979189
1122,electrolizer,2030,47,18,18,0.092268820979189
1123,electrolizer,2030,47,19,19,0.092268820979189
1124,electrolizer,2030,47,20,20,0.092268820979189
1125,electrolizer,2030,47,21,21,0.092268820979189
1126,electrolizer,2030,47,22,22,0.092268820979189
1127,electrolizer,2030,47,23,23,0.092268820979189
1128,electrolizer,2030,47,24,24,0.092268820979189
1129,electrolizer,2030,48,1,1,0.15410647079526502
1130,electrolizer,2030,48,2,2,0.15410647079526502
1131,electrolizer,2030,48,3,3,0.15410647079526502
1132,electrolizer,2030,48,4,4,0.15410647079526502
1133,electrolizer,2030,48,5,5,0.15410647079526502
1134,electrolizer,2030,48,6,6,0.15410647079526502
1135,electrolizer,2030,48,7,7,0.15410647079526502
1136,electrolizer,2030,48,8,8,0.15410647079526502
1137,electrolizer,2030,48,9,9,0.15410647079526502
1138,electrolizer,2030,48,10,10,0.15410647079526502
1139,electrolizer,2030,48,11,11,0.15410647079526502
1140,electrolizer,2030,48,12,12,0.15410647079526502
1141,electrolizer,2030,48,13,13,0.15410647079526502
1142,electrolizer,2030,48,14,14,0.15410647079526502
1143,electrolizer,2030,48,15,15,0.15410647079526502
1144,electrolizer,2030,48,16,16,0.15410647079526502
1145,electrolizer,2030,48,17,17,0.15410647079526502
1146,electrolizer,2030,48,18,18,0.15410647079526502
1147,electrolizer,2030,48,19,19,0.15410647079526502
1148,electrolizer,2030,48,20,20,0.15410647079526502
1149,electrolizer,2030,48,21,21,0.15410647079526502
1150,electrolizer,2030,48,22,22,0.15410647079526502
1151,electrolizer,2030,48,23,23,0.15410647079526502
1152,electrolizer,2030,48,24,24,0.15410647079526502
1153,electrolizer,2030,49,1,1,0.011439692704329284
1154,electrolizer,2030,49,2,2,0.011439692704329284
1155,electrolizer,2030,49,3,3,0.011439692704329284
1156,electrolizer,2030,49,4,4,0.011439692704329284
1157,electrolizer,2030,49,5,5,0.011439692704329284
1158,electrolizer,2030,49,6,6,0.011439692704329284
1159,electrolizer,2030,49,7,7,0.011439692704329284
1160,electrolizer,2030,49,8,8,0.011439692704329284
1161,electrolizer,2030,49,9,9,0.011439692704329284
1162,electrolizer,2030,49,10,10,0.011439692704329284
1163,electrolizer,2030,49,11,11,0.011439692704329284
1164,electrolizer,2030,49,12,12,0.011439692704329284
1165,electrolizer,2030,49,13,13,0.011439692704329284
1166,electrolizer,2030,49,14,14,0.011439692704329284
1167,electrolizer,2030,49,15,15,0.011439692704329284
1168,electrolizer,2030,49,16,16,0.011439692704329284
1169,electrolizer,2030,49,17,17,0.011439692704329284
1170,electrolizer,2030,49,18,18,0.011439692704329284
1171,electrolizer,2030,49,19,19,0.011439692704329284
1172,electrolizer,2030,49,20,20,0.011439692704329284
1173,electrolizer,2030,49,21,21,0.011439692704329284
1174,electrolizer,2030,49,22,22,0.011439692704329284
1175,electrolizer,2030,49,23,23,0.011439692704329284
1176,electrolizer,2030,49,24,24,0.011439692704329284
1177,electrolizer,2030,50,1,1,0.23654860409439715
1178,electrolizer,2030,50,2,2,0.236548604094397
1179,electrolizer,2030,50,3,3,0.236548604094397
1180,electrolizer,2030,50,4,4,0.236548604094397
1181,electrolizer,2030,50,5,5,0.236548604094397
1182,electrolizer,2030,50,6,6,0.236548604094397
1183,electrolizer,2030,50,7,7,0.236548604094397
1184,electrolizer,2030,50,8,8,0.236548604094397
1185,electrolizer,2030,50,9,9,0.236548604094397
1186,electrolizer,2030,50,10,10,0.236548604094397
1187,electrolizer,2030,50,11,11,0.236548604094397
1188,electrolizer,2030,50,12,12,0.236548604094397
1189,electrolizer,2030,50,13,13,0.236548604094397
1190,electrolizer,2030,50,14,14,0.23654860409439704
1191,electrolizer,2030,50,15,15,0.236548604094397
1192,electrolizer,2030,50,16,16,0.236548604094397
1193,electrolizer,2030,50,17,17,0.236548604094397
1194,electrolizer,2030,50,18,18,0.236548604094397
1195,electrolizer,2030,50,19,19,0.236548604094397
1196,electrolizer,2030,50,20,20,0.236548604094397
1197,electrolizer,2030,50,21,21,0.236548604094397
1198,electrolizer,2030,50,22,22,0.236548604094397
1199,electrolizer,2030,50,23,23,0.236548604094397
1200,electrolizer,2030,50,24,24,0.236548604094397
1201,electrolizer,2030,51,1,1,0.037310132189193705
1202,electrolizer,2030,51,2,2,0.03731013218919371
1203,electrolizer,2030,51,3,3,0.037310132189193705
1204,electrolizer,2030,51,4,4,0.037310132189193705
1205,electrolizer,2030,51,5,5,0.037310132189193705
1206,electrolizer,2030,51,6,6,0.037310132189193705
1207,electrolizer,2030,51,7,7,0.037310132189193705
1208,electrolizer,2030,51,8,8,0.037310132189193705
1209,electrolizer,2030,51,9,9,0.03731013218919371
1210,electrolizer,2030,51,10,10,0.03731013218919371
1211,electrolizer,2030,51,11,11,0.037310132189193705
1212,electrolizer,2030,51,12,12,0.03731013218919371
1213,electrolizer,2030,51,13,13,0.037310132189193705
1214,electrolizer,2030,51,14,14,0.03731013218919371
1215,electrolizer,2030,51,15,15,0.037310132189193705
1216,electrolizer,2030,51,16,16,0.03731013218919371
1217,electrolizer,2030,51,17,17,0.03731013218919371
1218,electrolizer,2030,51,18,18,0.037310132189193705
1219,electrolizer,2030,51,19,19,0.037310132189193705
1220,electrolizer,2030,51,20,20,0.037310132189193705
1221,electrolizer,2030,51,21,21,0.037310132189193705
1222,electrolizer,2030,51,22,22,0.001492405287567748
1223,electrolizer,2030,51,23,23,0.037310132189193705
1224,electrolizer,2030,51,24,24,0.037310132189193705
1225,electrolizer,2030,52,1,1,0.021399138129845365
1226,electrolizer,2030,52,2,2,0.021399138129845365
1227,electrolizer,2030,52,3,3,0.0008559655251938151
1228,electrolizer,2030,52,4,4,0.0008559655251938151
1229,electrolizer,2030,52,5,5,0.0008559655251938151
1230,electrolizer,2030,52,6,6,0.0008559655251938151
1231,electrolizer,2030,52,7,7,0.0008559655251938151
1232,electrolizer,2030,52,8,8,0.0008559655251938151
1233,electrolizer,2030,52,9,9,0.021399138129845365
1234,electrolizer,2030,52,10,10,0.021399138129845372
1235,electrolizer,2030,52,11,11,0.021399138129845372
1236,electrolizer,2030,52,12,12,0.021399138129845372
1237,electrolizer,2030,52,13,13,0.021399138129845372
1238,electrolizer,2030,52,14,14,0.021399138129845372
1239,electrolizer,2030,52,15,15,0.021399138129845365
1240,electrolizer,2030,52,16,16,0.021399138129845372
1241,electrolizer,2030,52,17,17,0.021399138129845365
1242,electrolizer,2030,52,18,18,0.021399138129845372
1243,electrolizer,2030,52,19,19,0.021399138129845372
1244,electrolizer,2030,52,20,20,0.021399138129845365
1245,electrolizer,2030,52,21,21,0.021399138129845365
1246,electrolizer,2030,52,22,22,0.021399138129845365
1247,electrolizer,2030,52,23,23,0.021399138129845372
1248,electrolizer,2030,52,24,24,0.021399138129845365
1249,electrolizer,2030,53,1,1,0.42793558531150905
1250,electrolizer,2030,53,2,2,0.42793558531150905
1251,electrolizer,2030,53,3,3,0.42793558531150905
1252,electrolizer,2030,53,4,4,0.42793558531150905
1253,electrolizer,2030,53,5,5,0.42793558531150905
1254,electrolizer,2030,53,6,6,0.42793558531150905
1255,electrolizer,2030,53,7,7,0.42793558531150905
1256,electrolizer,2030,53,8,8,0.42793558531150905
1257,electrolizer,2030,53,9,9,0.42793558531150905
1258,electrolizer,2030,53,10,10,0.42793558531150905
1259,electrolizer,2030,53,11,11,0.42793558531150905
1260,electrolizer,2030,53,12,12,0.42793558531150905
1261,electrolizer,2030,53,13,13,0.42793558531150905
1262,electrolizer,2030,53,14,14,0.42793558531150905
1263,electrolizer,2030,53,15,15,0.42793558531150905
1264,electrolizer,2030,53,16,16,0.42793558531150905
1265,electrolizer,2030,53,17,17,0.42793558531150905
1266,electrolizer,2030,53,18,18,0.42793558531150905
1267,electrolizer,2030,53,19,19,0.42793558531150905
1268,electrolizer,2030,53,20,20,0.42793558531150905
1269,electrolizer,2030,53,21,21,0.42793558531150905
1270,electrolizer,2030,53,22,22,0.42793558531150905
1271,electrolizer,2030,53,23,23,0.42793558531150905
1272,electrolizer,2030,53,24,24,0.42793558531150905
1273,electrolizer,2030,54,1,1,0.07015297915716326
1274,electrolizer,2030,54,2,2,0.07015297915716326
1275,electrolizer,2030,54,3,3,0.07015297915716326
1276,electrolizer,2030,54,4,4,0.07015297915716326
1277,electrolizer,2030,54,5,5,0.07015297915716326
1278,electrolizer,2030,54,6,6,0.07015297915716326
1279,electrolizer,2030,54,7,7,0.07015297915716326
1280,electrolizer,2030,54,8,8,0.07015297915716326
1281,electrolizer,2030,54,9,9,0.07015297915716326
1282,electrolizer,2030,54,10,10,0.07015297915716326
1283,electrolizer,2030,54,11,11,0.07015297915716326
1284,electrolizer,2030,54,12,12,0.07015297915716326
1285,electrolizer,2030,54,13,13,0.07015297915716326
1286,electrolizer,2030,54,14,14,0.07015297915716326
1287,electrolizer,2030,54,15,15,0.07015297915716326
1288,electrolizer,2030,54,16,16,0.07015297915716326
1289,electrolizer,2030,54,17,17,0.07015297915716326
1290,electrolizer,2030,54,18,18,0.07015297915716326
1291,electrolizer,2030,54,19,19,0.07015297915716326
1292,electrolizer,2030,54,20,20,0.07015297915716326
1293,electrolizer,2030,54,21,21,0.07015297915716326
1294,electrolizer,2030,54,22,22,0.07015297915716326
1295,electrolizer,2030,54,23,23,0.07015297915716326
1296,electrolizer,2030,54,24,24,0.07015297915716326
1297,electrolizer,2030,55,1,1,0.02671588650174185
1298,electrolizer,2030,55,2,2,0.02671588650174185
1299,electrolizer,2030,55,3,3,0.02671588650174186
1300,electrolizer,2030,55,4,4,0.02671588650174185
1301,electrolizer,2030,55,5,5,0.02671588650174186
1302,electrolizer,2030,55,6,6,0.02671588650174185
1303,electrolizer,2030,55,7,7,0.02671588650174185
1304,electrolizer,2030,55,8,8,0.001068635460069674
1305,electrolizer,2030,55,9,9,0.001068635460069674
1306,electrolizer,2030,55,10,10,0.001068635460069674
1307,electrolizer,2030,55,11,11,0.02671588650174185
1308,electrolizer,2030,55,12,12,0.02671588650174185
1309,electrolizer,2030,55,13,13,0.02671588650174185
1310,electrolizer,2030,55,14,14,0.02671588650174186
1311,electrolizer,2030,55,15,15,0.02671588650174185
1312,electrolizer,2030,55,16,16,0.02671588650174186
1313,electrolizer,2030,55,17,17,0.02671588650174185
1314,electrolizer,2030,55,18,18,0.02671588650174186
1315,electrolizer,2030,55,19,19,0.02671588650174185
1316,electrolizer,2030,55,20,20,0.02671588650174186
1317,electrolizer,2030,55,21,21,0.02671588650174185
1318,electrolizer,2030,55,22,22,0.02671588650174185
1319,electrolizer,2030,55,23,23,0.02671588650174185
1320,electrolizer,2030,55,24,24,0.02671588650174185
1321,electrolizer,2030,56,1,1,0.053876786749281924
1322,electrolizer,2030,56,2,2,0.053876786749281924
1323,electrolizer,2030,56,3,3,0.053876786749281924
1324,electrolizer,2030,56,4,4,0.053876786749281924
1325,electrolizer,2030,56,5,5,0.053876786749281924
1326,electrolizer,2030,56,6,6,0.053876786749281924
1327,electrolizer,2030,56,7,7,0.053876786749281945
1328,electrolizer,2030,56,8,8,0.053876786749281924
1329,electrolizer,2030,56,9,9,0.053876786749281924
1330,electrolizer,2030,56,10,10,0.053876786749281924
1331,electrolizer,2030,56,11,11,0.053876786749281945
1332,electrolizer,2030,56,12,12,0.053876786749281924
1333,electrolizer,2030,56,13,13,0.053876786749281924
1334,electrolizer,2030,56,14,14,0.053876786749281924
1335,electrolizer,2030,56,15,15,0.053876786749281945
1336,electrolizer,2030,56,16,16,0.053876786749281924
1337,electrolizer,2030,56,17,17,0.053876786749281924
1338,electrolizer,2030,56,18,18,0.053876786749281945
1339,electrolizer,2030,56,19,19,0.053876786749281945
1340,electrolizer,2030,56,20,20,0.053876786749281924
1341,electrolizer,2030,56,21,21,0.053876786749281924
1342,electrolizer,2030,56,22,22,0.053876786749281924
1343,electrolizer,2030,56,23,23,0.053876786749281924
1344,electrolizer,2030,56,24,24,0.053876786749281924
1345,electrolizer,2030,57,1,1,0.002161158512966725
1346,electrolizer,2030,57,2,2,0.002161158512966725
1347,electrolizer,2030,57,3,3,0.002161158512966725
1348,electrolizer,2030,57,4,4,0.002161158512966725
1349,electrolizer,2030,57,5,5,0.002161158512966725
1350,electrolizer,2030,57,6,6,0.05402896282416816
1351,electrolizer,2030,57,7,7,0.05402896282416813
1352,electrolizer,2030,57,8,8,0.05402896282416816
1353,electrolizer,2030,57,9,9,0.05402896282416813
1354,electrolizer,2030,57,10,10,0.05402896282416816
1355,electrolizer,2030,57,11,11,0.05402896282416813
1356,electrolizer,2030,57,12,12,0.05402896282416813
1357,electrolizer,2030,57,13,13,0.05402896282416813
1358,electrolizer,2030,57,14,14,0.05402896282416816
1359,electrolizer,2030,57,15,15,0.05402896282416813
1360,electrolizer,2030,57,16,16,0.05402896282416813
1361,electrolizer,2030,57,17,17,0.05402896282416816
1362,electrolizer,2030,57,18,18,0.05402896282416813
1363,electrolizer,2030,57,19,19,0.05402896282416813
1364,electrolizer,2030,57,20,20,0.05402896282416816
1365,electrolizer,2030,57,21,21,0.05402896282416813
1366,electrolizer,2030,57,22,22,0.05402896282416813
1367,electrolizer,2030,57,23,23,0.05402896282416813
1368,electrolizer,2030,57,24,24,0.05402896282416813
1369,electrolizer,2030,58,1,1,0.06938358413187143
1370,electrolizer,2030,58,2,2,0.06938358413187143
1371,electrolizer,2030,58,3,3,0.06938358413187143
1372,electrolizer,2030,58,4,4,0.06938358413187143
1373,electrolizer,2030,58,5,5,0.06938358413187143
1374,electrolizer,2030,58,6,6,0.06938358413187143
1375,electrolizer,2030,58,7,7,0.06938358413187143
1376,electrolizer,2030,58,8,8,0.06938358413187143
1377,electrolizer,2030,58,9,9,0.06938358413187147
1378,electrolizer,2030,58,10,10,0.06938358413187147
1379,electrolizer,2030,58,11,11,0.06938358413187143
1380,electrolizer,2030,58,12,12,0.06938358413187143
1381,electrolizer,2030,58,13,13,0.06938358413187143
1382,electrolizer,2030,58,14,14,0.06938358413187147
1383,electrolizer,2030,58,15,15,0.06938358413187143
1384,electrolizer,2030,58,16,16,0.06938358413187143
1385,electrolizer,2030,58,17,17,0.06938358413187143
1386,electrolizer,2030,58,18,18,0.06938358413187143
1387,electrolizer,2030,58,19,19,0.06938358413187143
1388,electrolizer,2030,58,20,20,0.06938358413187147
1389,electrolizer,2030,58,21,21,0.06938358413187143
1390,electrolizer,2030,58,22,22,0.06938358413187143
1391,electrolizer,2030,58,23,23,0.06938358413187147
1392,electrolizer,2030,58,24,24,0.06938358413187143
1393,electrolizer,2030,59,1,1,0.02521081536972352
1394,electrolizer,2030,59,2,2,0.02521081536972352
1395,electrolizer,2030,59,3,3,0.0010084326147889408
1396,electrolizer,2030,59,4,4,0.0010084326147889408
1397,electrolizer,2030,59,5,5,0.0010084326147889408
1398,electrolizer,2030,59,6,6,0.02521081536972352
1399,electrolizer,2030,59,7,7,0.02521081536972352
1400,electrolizer,2030,59,8,8,0.025210815369723524
1401,electrolizer,2030,59,9,9,0.02521081536972352
1402,electrolizer,2030,59,10,10,0.02521081536972352
1403,electrolizer,2030,59,11,11,0.025210815369723524
1404,electrolizer,2030,59,12,12,0.02521081536972352
1405,electrolizer,2030,59,13,13,0.02521081536972352
1406,electrolizer,2030,59,14,14,0.02521081536972352
1407,electrolizer,2030,59,15,15,0.02521081536972352
1408,electrolizer,2030,59,16,16,0.025210815369723524
1409,electrolizer,2030,59,17,17,0.025210815369723524
1410,electrolizer,2030,59,18,18,0.02521081536972352
1411,electrolizer,2030,59,19,19,0.02521081536972352
1412,electrolizer,2030,59,20,20,0.02521081536972352
1413,electrolizer,2030,59,21,21,0.02521081536972352
1414,electrolizer,2030,59,22,22,0.02521081536972352
1415,electrolizer,2030,59,23,23,0.025210815369723524
1416,electrolizer,2030,59,24,24,0.025210815369723524
1417,electrolizer,2030,60,1,1,0.05832360237564751
1418,electrolizer,2030,60,2,2,0.05832360237564751
1419,electrolizer,2030,60,3,3,0.05832360237564751
1420,electrolizer,2030,60,4,4,0.05832360237564751
1421,electrolizer,2030,60,5,5,0.05832360237564751
1422,electrolizer,2030,60,6,6,0.0023329440950259003
1423,electrolizer,2030,60,7,7,0.0023329440950259003
1424,electrolizer,2030,60,8,8,0.0023329440950259003
1425,electrolizer,2030,60,9,9,0.05832360237564751
1426,electrolizer,2030,60,10,10,0.05832360237564751
1427,electrolizer,2030,60,11,11,0.05832360237564751
1428,electrolizer,2030,60,12,12,0.05832360237564751
1429,electrolizer,2030,60,13,13,0.05832360237564751
1430,electrolizer,2030,60,14,14,0.05832360237564751
1431,electrolizer,2030,60,15,15,0.05832360237564751
1432,electrolizer,2030,60,16,16,0.05832360237564751
1433,electrolizer,2030,60,17,17,0.05832360237564751
1434,electrolizer,2030,60,18,18,0.05832360237564751
1435,electrolizer,2030,60,19,19,0.05832360237564751
1436,electrolizer,2030,60,20,20,0.05832360237564751
1437,electrolizer,2030,60,21,21,0.05832360237564751
1438,electrolizer,2030,60,22,22,0.05832360237564751
1439,electrolizer,2030,60,23,23,0.05832360237564751
1440,electrolizer,2030,60,24,24,0.05832360237564751
1441,electrolizer,2030,61,1,1,0.09389573707030335
1442,electrolizer,2030,61,2,2,0.09389573707030334
1443,electrolizer,2030,61,3,3,0.09389573707030334
1444,electrolizer,2030,61,4,4,0.09389573707030334
1445,electrolizer,2030,61,5,5,0.09389573707030334
1446,electrolizer,2030,61,6,6,0.09389573707030334
1447,electrolizer,2030,61,7,7,0.09389573707030334
1448,electrolizer,2030,61,8,8,0.09389573707030334
1449,electrolizer,2030,61,9,9,0.09389573707030334
1450,electrolizer,2030,61,10,10,0.09389573707030334
1451,electrolizer,2030,61,11,11,0.09389573707030334
1452,electrolizer,2030,61,12,12,0.09389573707030334
1453,electrolizer,2030,61,13,13,0.09389573707030334
1454,electrolizer,2030,61,14,14,0.09389573707030334
1455,electrolizer,2030,61,15,15,0.09389573707030335
1456,electrolizer,2030,61,16,16,0.09389573707030334
1457,electrolizer,2030,61,17,17,0.09389573707030334
1458,electrolizer,2030,61,18,18,0.09389573707030334
1459,electrolizer,2030,61,19,19,0.09389573707030335
1460,electrolizer,2030,61,20,20,0.09389573707030334
1461,electrolizer,2030,61,21,21,0.09389573707030334
1462,electrolizer,2030,61,22,22,0.09389573707030334
1463,electrolizer,2030,61,23,23,0.09389573707030334
1464,electrolizer,2030,61,24,24,0.09157069293746581
1465,electrolizer,2030,62,1,1,0.0686585314576655
1466,electrolizer,2030,62,2,2,0.0686585314576655
1467,electrolizer,2030,62,3,3,0.0686585314576655
1468,electrolizer,2030,62,4,4,0.0686585314576655
1469,electrolizer,2030,62,5,5,0.0686585314576655
1470,electrolizer,2030,62,6,6,0.0686585314576655
1471,electrolizer,2030,62,7,7,0.0686585314576655
1472,electrolizer,2030,62,8,8,0.0686585314576655
1473,electrolizer,2030,62,9,9,0.06865853145766551
1474,electrolizer,2030,62,10,10,0.0686585314576655
1475,electrolizer,2030,62,11,11,0.0686585314576655
1476,electrolizer,2030,62,12,12,0.0686585314576655
1477,electrolizer,2030,62,13,13,0.0686585314576655
1478,electrolizer,2030,62,14,14,0.0686585314576655
1479,electrolizer,2030,62,15,15,0.06865853145766551
1480,electrolizer,2030,62,16,16,0.0686585314576655
1481,electrolizer,2030,62,17,17,0.0686585314576655
1482,electrolizer,2030,62,18,18,0.06865853145766551
1483,electrolizer,2030,62,19,19,0.0686585314576655
1484,electrolizer,2030,62,20,20,0.06865853145766551
1485,electrolizer,2030,62,21,21,0.0686585314576655
1486,electrolizer,2030,62,22,22,0.0686585314576655
1487,electrolizer,2030,62,23,23,0.0027463412583066207
1488,electrolizer,2030,62,24,24,0.0027463412583066207
1489,electrolizer,2030,63,1,1,0.0038311827664837873
1490,electrolizer,2030,63,2,2,0.0038311827664837873
1491,electrolizer,2030,63,3,3,0.0038311827664837873
1492,electrolizer,2030,63,4,4,0.09577956916209472
1493,electrolizer,2030,63,5,5,0.09577956916209472
1494,electrolizer,2030,63,6,6,0.09577956916209467
1495,electrolizer,2030,63,7,7,0.09577956916209467
1496,electrolizer,2030,63,8,8,0.09577956916209467
1497,electrolizer,2030,63,9,9,0.09577956916209467
1498,electrolizer,2030,63,10,10,0.09577956916209467
1499,electrolizer,2030,63,11,11,0.09577956916209467
1500,electrolizer,2030,63,12,12,0.09577956916209467
1501,electrolizer,2030,63,13,13,0.09577956916209467
1502,electrolizer,2030,63,14,14,0.09577956916209467
1503,electrolizer,2030,63,15,15,0.09577956916209467
1504,electrolizer,2030,63,16,16,0.09577956916209467
1505,electrolizer,2030,63,17,17,0.09577956916209467
1506,electrolizer,2030,63,18,18,0.09577956916209467
1507,electrolizer,2030,63,19,19,0.09577956916209468
1508,electrolizer,2030,63,20,20,0.09577956916209467
1509,electrolizer,2030,63,21,21,0.09577956916209467
1510,electrolizer,2030,63,22,22,0.09577956916209472
1511,electrolizer,2030,63,23,23,0.09577956916209467
1512,electrolizer,2030,63,24,24,0.09577956916209472
1513,electrolizer,2030,64,1,1,0.055891253838689814
1514,electrolizer,2030,64,2,2,0.055891253838689814
1515,electrolizer,2030,64,3,3,0.05589125383868979
1516,electrolizer,2030,64,4,4,0.055891253838689814
1517,electrolizer,2030,64,5,5,0.055891253838689814
1518,electrolizer,2030,64,6,6,0.055891253838689814
1519,electrolizer,2030,64,7,7,0.055891253838689814
1520,electrolizer,2030,64,8,8,0.055891253838689814
1521,electrolizer,2030,64,9,9,0.05589125383868979
1522,electrolizer,2030,64,10,10,0.05589125383868979
1523,electrolizer,2030,64,11,11,0.055891253838689814
1524,electrolizer,2030,64,12,12,0.055891253838689814
1525,electrolizer,2030,64,13,13,0.055891253838689814
1526,electrolizer,2030,64,14,14,0.05589125383868979
1527,electrolizer,2030,64,15,15,0.055891253838689814
1528,electrolizer,2030,64,16,16,0.05589125383868979
1529,electrolizer,2030,64,17,17,0.05589125383868979
1530,electrolizer,2030,64,18,18,0.055891253838689814
1531,electrolizer,2030,64,19,19,0.05589125383868979
1532,electrolizer,2030,64,20,20,0.055891253838689814
1533,electrolizer,2030,64,21,21,0.055891253838689814
1534,electrolizer,2030,64,22,22,0.055891253838689814
1535,electrolizer,2030,64,23,23,0.055891253838689814
1536,electrolizer,2030,64,24,24,0.055891253838689814
1537,electrolizer,2030,65,1,1,0.0016758081102842104
1538,electrolizer,2030,65,2,2,0.0016758081102842104
1539,electrolizer,2030,65,3,3,0.0016758081102842104
1540,electrolizer,2030,65,4,4,0.0016758081102842104
1541,electrolizer,2030,65,5,5,0.0016758081102842104
1542,electrolizer,2030,65,6,6,0.0016758081102842104
1543,electrolizer,2030,65,7,7,0.0016758081102842104
1544,electrolizer,2030,65,8,8,0.041895202757105274
1545,electrolizer,2030,65,9,9,0.041895202757105274
1546,electrolizer,2030,65,10,10,0.04189520275710525
1547,electrolizer,2030,65,11,11,0.04189520275710525
1548,electrolizer,2030,65,12,12,0.04189520275710525
1549,electrolizer,2030,65,13,13,0.041895202757105274
1550,electrolizer,2030,65,14,14,0.04189520275710525
1551,electrolizer,2030,65,15,15,0.04189520275710525
1552,electrolizer,2030,65,16,16,0.04189520275710525
1553,electrolizer,2030,65,17,17,0.041895202757105274
1554,electrolizer,2030,65,18,18,0.04189520275710525
1555,electrolizer,2030,65,19,19,0.041895202757105274
1556,electrolizer,2030,65,20,20,0.04189520275710525
1557,electrolizer,2030,65,21,21,0.04189520275710525
1558,electrolizer,2030,65,22,22,0.041895202757105274
1559,electrolizer,2030,65,23,23,0.04189520275710525
1560,electrolizer,2030,65,24,24,0.04189520275710525
1561,electrolizer,2030,66,1,1,0.054408384083776615
1562,electrolizer,2030,66,2,2,0.054408384083776615
1563,electrolizer,2030,66,3,3,0.054408384083776615
1564,electrolizer,2030,66,4,4,0.05440838408377661
1565,electrolizer,2030,66,5,5,0.05440838408377661
1566,electrolizer,2030,66,6,6,0.054408384083776615
1567,electrolizer,2030,66,7,7,0.054408384083776615
1568,electrolizer,2030,66,8,8,0.05440838408377661
1569,electrolizer,2030,66,9,9,0.05440838408377661
1570,electrolizer,2030,66,10,10,0.054408384083776615
1571,electrolizer,2030,66,11,11,0.054408384083776615
1572,electrolizer,2030,66,12,12,0.054408384083776615
1573,electrolizer,2030,66,13,13,0.054408384083776615
1574,electrolizer,2030,66,14,14,0.054408384083776615
1575,electrolizer,2030,66,15,15,0.05440838408377661
1576,electrolizer,2030,66,16,16,0.05440838408377661
1577,electrolizer,2030,66,17,17,0.054408384083776615
1578,electrolizer,2030,66,18,18,0.054408384083776615
1579,electrolizer,2030,66,19,19,0.054408384083776615
1580,electrolizer,2030,66,20,20,0.05440838408377661
1581,electrolizer,2030,66,21,21,0.054408384083776615
1582,electrolizer,2030,66,22,22,0.05440838408377661
1583,electrolizer,2030,66,23,23,0.054408384083776615
1584,electrolizer,2030,66,24,24,0.054408384083776615
1585,electrolizer,2030,67,1,1,0.051692021175533884
1586,electrolizer,2030,67,2,2,0.051692021175533884
1587,electrolizer,2030,67,3,3,0.051692021175533884
1588,electrolizer,2030,67,4,4,0.0516920211755339
1589,electrolizer,2030,67,5,5,0.051692021175533884
1590,electrolizer,2030,67,6,6,0.051692021175533884
1591,electrolizer,2030,67,7,7,0.051692021175533884
1592,electrolizer,2030,67,8,8,0.0516920211755339
1593,electrolizer,2030,67,9,9,0.051692021175533884
1594,electrolizer,2030,67,10,10,0.051692021175533884
1595,electrolizer,2030,67,11,11,0.051692021175533884
1596,electrolizer,2030,67,12,12,0.0516920211755339
1597,electrolizer,2030,67,13,13,0.051692021175533884
1598,electrolizer,2030,67,14,14,0.051692021175533884
1599,electrolizer,2030,67,15,15,0.0516920211755339
1600,electrolizer,2030,67,16,16,0.051692021175533884
1601,electrolizer,2030,67,17,17,0.051692021175533884
1602,electrolizer,2030,67,18,18,0.051692021175533884
1603,electrolizer,2030,67,19,19,0.0516920211755339
1604,electrolizer,2030,67,20,20,0.051692021175533884
1605,electrolizer,2030,67,21,21,0.051692021175533884
1606,electrolizer,2030,67,22,22,0.051692021175533884
1607,electrolizer,2030,67,23,23,0.0020676808470213555
1608,electrolizer,2030,67,24,24,0.0020676808470213555
1609,electrolizer,2030,68,1,1,0.003918290477437093
1610,electrolizer,2030,68,2,2,0.003918290477437093
1611,electrolizer,2030,68,3,3,0.09795726193592727
1612,electrolizer,2030,68,4,4,0.09795726193592727
1613,electrolizer,2030,68,5,5,0.09795726193592731
1614,electrolizer,2030,68,6,6,0.09795726193592731
1615,electrolizer,2030,68,7,7,0.09795726193592731
1616,electrolizer,2030,68,8,8,0.09795726193592731
1617,electrolizer,2030,68,9,9,0.09795726193592731
1618,electrolizer,2030,68,10,10,0.09795726193592731
1619,electrolizer,2030,68,11,11,0.09795726193592727
1620,electrolizer,2030,68,12,12,0.09795726193592731
1621,electrolizer,2030,68,13,13,0.09795726193592731
1622,electrolizer,2030,68,14,14,0.09795726193592731
1623,electrolizer,2030,68,15,15,0.09795726193592731
1624,electrolizer,2030,68,16,16,0.09795726193592731
1625,electrolizer,2030,68,17,17,0.09795726193592731
1626,electrolizer,2030,68,18,18,0.09795726193592731
1627,electrolizer,2030,68,19,19,0.09795726193592731
1628,electrolizer,2030,68,20,20,0.09795726193592727
1629,electrolizer,2030,68,21,21,0.09795726193592731
1630,electrolizer,2030,68,22,22,0.09795726193592731
1631,electrolizer,2030,68,23,23,0.09795726193592727
1632,electrolizer,2030,68,24,24,0.09795726193592731
1633,electrolizer,2030,69,1,1,0.23107643298738967
1634,electrolizer,2030,69,2,2,0.2310764329873896
1635,electrolizer,2030,69,3,3,0.009243057319495583
1636,electrolizer,2030,69,4,4,0.009243057319495583
1637,electrolizer,2030,69,5,5,0.009243057319495583
1638,electrolizer,2030,69,6,6,0.009243057319495583
1639,electrolizer,2030,69,7,7,0.2310764329873896
1640,electrolizer,2030,69,8,8,0.2310764329873896
1641,electrolizer,2030,69,9,9,0.2310764329873896
1642,electrolizer,2030,69,10,10,0.2310764329873896
1643,electrolizer,2030,69,11,11,0.23107643298738967
1644,electrolizer,2030,69,12,12,0.2310764329873896
1645,electrolizer,2030,69,13,13,0.2310764329873896
1646,electrolizer,2030,69,14,14,0.2310764329873896
1647,electrolizer,2030,69,15,15,0.2310764329873896
1648,electrolizer,2030,69,16,16,0.2310764329873896
1649,electrolizer,2030,69,17,17,0.2310764329873896
1650,electrolizer,2030,69,18,18,0.2310764329873896
1651,electrolizer,2030,69,19,19,0.2310764329873896
1652,electrolizer,2030,69,20,20,0.2310764329873896
1653,electrolizer,2030,69,21,21,0.2310764329873896
1654,electrolizer,2030,69,22,22,0.2310764329873896
1655,electrolizer,2030,69,23,23,0.23107643298738967
1656,electrolizer,2030,69,24,24,0.2310764329873896
1657,electrolizer,2030,70,1,1,0.1548053600062549
1658,electrolizer,2030,70,2,2,0.1548053600062549
1659,electrolizer,2030,70,3,3,0.1548053600062549
1660,electrolizer,2030,70,4,4,0.1548053600062549
1661,electrolizer,2030,70,5,5,0.1548053600062549
1662,electrolizer,2030,70,6,6,0.1548053600062549
1663,electrolizer,2030,70,7,7,0.1548053600062549
1664,electrolizer,2030,70,8,8,0.1548053600062549
1665,electrolizer,2030,70,9,9,0.1548053600062549
1666,electrolizer,2030,70,10,10,0.1548053600062549
1667,electrolizer,2030,70,11,11,0.1548053600062549
1668,electrolizer,2030,70,12,12,0.1548053600062549
1669,electrolizer,2030,70,13,13,0.1548053600062549
1670,electrolizer,2030,70,14,14,0.1548053600062549
1671,electrolizer,2030,70,15,15,0.1548053600062549
1672,electrolizer,2030,70,16,16,0.1548053600062549
1673,electrolizer,2030,70,17,17,0.1548053600062549
1674,electrolizer,2030,70,18,18,0.1548053600062549
1675,electrolizer,2030,70,19,19,0.1548053600062549
1676,electrolizer,2030,70,20,20,0.1548053600062549
1677,electrolizer,2030,70,21,21,0.1548053600062549
1678,electrolizer,2030,70,22,22,0.1548053600062549
1679,electrolizer,2030,70,23,23,0.1548053600062549
1680,electrolizer,2030,70,24,24,0.1548053600062549
1681,electrolizer,2030,71,1,1,0.060525787380582494
1682,electrolizer,2030,71,2,2,0.060525787380582514
1683,electrolizer,2030,71,3,3,0.060525787380582514
1684,electrolizer,2030,71,4,4,0.060525787380582494
1685,electrolizer,2030,71,5,5,0.060525787380582494
1686,electrolizer,2030,71,6,6,0.060525787380582494
1687,electrolizer,2030,71,7,7,0.060525787380582494
1688,electrolizer,2030,71,8,8,0.060525787380582494
1689,electrolizer,2030,71,9,9,0.060525787380582494
1690,electrolizer,2030,71,10,10,0.060525787380582494
1691,electrolizer,2030,71,11,11,0.060525787380582494
1692,electrolizer,2030,71,12,12,0.060525787380582514
1693,electrolizer,2030,71,13,13,0.060525787380582494
1694,electrolizer,2030,71,14,14,0.060525787380582494
1695,electrolizer,2030,71,15,15,0.060525787380582494
1696,electrolizer,2030,71,16,16,0.060525787380582494
1697,electrolizer,2030,71,17,17,0.060525787380582494
1698,electrolizer,2030,71,18,18,0.060525787380582494
1699,electrolizer,2030,71,19,19,0.060525787380582494
1700,electrolizer,2030,71,20,20,0.060525787380582514
1701,electrolizer,2030,71,21,21,0.060525787380582494
1702,electrolizer,2030,71,22,22,0.060525787380582494
1703,electrolizer,2030,71,23,23,0.060525787380582494
1704,electrolizer,2030,71,24,24,0.0024210314952232996
1705,electrolizer,2030,72,1,1,0.08307418291689384
1706,electrolizer,2030,72,2,2,0.08307418291689382
1707,electrolizer,2030,72,3,3,0.08307418291689382
1708,electrolizer,2030,72,4,4,0.08307418291689382
1709,electrolizer,2030,72,5,5,0.08307418291689382
1710,electrolizer,2030,72,6,6,0.08307418291689382
1711,electrolizer,2030,72,7,7,0.08307418291689382
1712,electrolizer,2030,72,8,8,0.08307418291689382
1713,electrolizer,2030,72,9,9,0.08307418291689382
1714,electrolizer,2030,72,10,10,0.08307418291689382
1715,electrolizer,2030,72,11,11,0.08307418291689382
1716,electrolizer,2030,72,12,12,0.08307418291689382
1717,electrolizer,2030,72,13,13,0.08307418291689382
1718,electrolizer,2030,72,14,14,0.08307418291689382
1719,electrolizer,2030,72,15,15,0.08307418291689382
1720,electrolizer,2030,72,16,16,0.08307418291689382
1721,electrolizer,2030,72,17,17,0.08307418291689382
1722,electrolizer,2030,72,18,18,0.08307418291689382
1723,electrolizer,2030,72,19,19,0.08307418291689382
1724,electrolizer,2030,72,20,20,0.08307418291689382
1725,electrolizer,2030,72,21,21,0.08307418291689382
1726,electrolizer,2030,72,22,22,0.08307418291689382
1727,electrolizer,2030,72,23,23,0.08307418291689382
1728,electrolizer,2030,72,24,24,0.08307418291689382
1729,electrolizer,2030,73,1,1,0.0069610075097011085
1730,electrolizer,2030,73,2,2,0.0069610075097011085
1731,electrolizer,2030,73,3,3,0.0069610075097011085
1732,electrolizer,2030,73,4,4,0.0069610075097011085
1733,electrolizer,2030,73,5,5,0.0069610075097011085
1734,electrolizer,2030,73,6,6,0.0069610075097011085
1735,electrolizer,2030,73,7,7,0.0069610075097011085
1736,electrolizer,2030,73,8,8,0.0069610075097011085
1737,electrolizer,2030,73,9,9,0.0069610075097011085
1738,electrolizer,2030,73,10,10,0.17402518774252776
1739,electrolizer,2030,73,11,11,0.0069610075097011085
1740,electrolizer,2030,73,12,12,0.0069610075097011085
1741,electrolizer,2030,73,13,13,0.0069610075097011085
1742,electrolizer,2030,73,14,14,0.0069610075097011085
1743,electrolizer,2030,73,15,15,0.0069610075097011085
1744,electrolizer,2030,73,16,16,0.0069610075097011085
1745,electrolizer,2030,73,17,17,0.0069610075097011085
1746,electrolizer,2030,73,18,18,0.0069610075097011085
1747,electrolizer,2030,73,19,19,0.0069610075097011085
1748,electrolizer,2030,73,20,20,0.0069610075097011085
1749,electrolizer,2030,73,21,21,0.0069610075097011085
1750,electrolizer,2030,73,22,22,0.17402518774252776
1751,electrolizer,2030,73,23,23,0.17402518774252776
1752,electrolizer,2030,73,24,24,0.17402518774252768
1753,electrolizer,2030,74,1,1,0.19875727475079488
1754,electrolizer,2030,74,2,2,0.1987572747507949
1755,electrolizer,2030,74,3,3,0.1987572747507949
1756,electrolizer,2030,74,4,4,0.1987572747507949
1757,electrolizer,2030,74,5,5,0.1987572747507949
1758,electrolizer,2030,74,6,6,0.1987572747507949
1759,electrolizer,2030,74,7,7,0.19875727475079494
1760,electrolizer,2030,74,8,8,0.1987572747507949
1761,electrolizer,2030,74,9,9,0.1987572747507949
1762,electrolizer,2030,74,10,10,0.1987572747507949
1763,electrolizer,2030,74,11,11,0.1987572747507949
1764,electrolizer,2030,74,12,12,0.1987572747507949
1765,electrolizer,2030,74,13,13,0.1987572747507949
1766,electrolizer,2030,74,14,14,0.1987572747507949
1767,electrolizer,2030,74,15,15,0.1987572747507949
1768,electrolizer,2030,74,16,16,0.1987572747507949
1769,electrolizer,2030,74,17,17,0.1987572747507949
1770,electrolizer,2030,74,18,18,0.1987572747507949
1771,electrolizer,2030,74,19,19,0.1987572747507949
1772,electrolizer,2030,74,20,20,0.1987572747507949
1773,electrolizer,2030,74,21,21,0.1987572747507949
1774,electrolizer,2030,74,22,22,0.1987572747507949
1775,electrolizer,2030,74,23,23,0.1987572747507949
1776,electrolizer,2030,74,24,24,0.1987572747507949
1777,electrolizer,2030,75,1,1,0.17815909633680957
1778,electrolizer,2030,75,2,2,0.17815909633680954
1779,electrolizer,2030,75,3,3,0.17815909633680954
1780,electrolizer,2030,75,4,4,0.17815909633680957
1781,electrolizer,2030,75,5,5,0.17815909633680954
1782,electrolizer,2030,75,6,6,0.17815909633680954
1783,electrolizer,2030,75,7,7,0.17815909633680954
1784,electrolizer,2030,75,8,8,0.17815909633680954
1785,electrolizer,2030,75,9,9,0.17815909633680954
1786,electrolizer,2030,75,10,10,0.17815909633680954
1787,electrolizer,2030,75,11,11,0.17815909633680954
1788,electrolizer,2030,75,12,12,0.17815909633680954
1789,electrolizer,2030,75,13,13,0.17815909633680954
1790,electrolizer,2030,75,14,14,0.17815909633680954
1791,electrolizer,2030,75,15,15,0.17815909633680954
1792,electrolizer,2030,75,16,16,0.17815909633680954
1793,electrolizer,2030,75,17,17,0.17815909633680954
1794,electrolizer,2030,75,18,18,0.17815909633680954
1795,electrolizer,2030,75,19,19,0.17815909633680954
1796,electrolizer,2030,75,20,20,0.17815909633680954
1797,electrolizer,2030,75,21,21,0.17815909633680954
1798,electrolizer,2030,75,22,22,0.17815909633680954
1799,electrolizer,2030,75,23,23,0.17815909633680954
1800,electrolizer,2030,75,24,24,0.17815909633680954
1801,electrolizer,2030,76,1,1,0.29083235363929466
1802,electrolizer,2030,76,2,2,0.2908323536392949
1803,electrolizer,2030,76,3,3,0.2908323536392949
1804,electrolizer,2030,76,4,4,0.2908323536392949
1805,electrolizer,2030,76,5,5,0.2908323536392949
1806,electrolizer,2030,76,6,6,0.2908323536392949
1807,electrolizer,2030,76,7,7,0.2908323536392949
1808,electrolizer,2030,76,8,8,0.2908323536392949
1809,electrolizer,2030,76,9,9,0.2908323536392949
1810,electrolizer,2030,76,10,10,0.2908323536392949
1811,electrolizer,2030,76,11,11,0.2908323536392949
1812,electrolizer,2030,76,12,12,0.29083235363929466
1813,electrolizer,2030,76,13,13,0.2908323536392949
1814,electrolizer,2030,76,14,14,0.2908323536392949
1815,electrolizer,2030,76,15,15,0.2908323536392949
1816,electrolizer,2030,76,16,16,0.2908323536392949
1817,electrolizer,2030,76,17,17,0.2908323536392949
1818,electrolizer,2030,76,18,18,0.2908323536392949
1819,electrolizer,2030,76,19,19,0.2908323536392949
1820,electrolizer,2030,76,20,20,0.2908323536392949
1821,electrolizer,2030,76,21,21,0.2908323536392949
1822,electrolizer,2030,76,22,22,0.2908323536392949
1823,electrolizer,2030,76,23,23,0.2908323536392949
1824,electrolizer,2030,76,24,24,0.2908323536392949
1825,electrolizer,2030,77,1,1,0.02156464805525115
1826,electrolizer,2030,77,2,2,0.02156464805525115
1827,electrolizer,2030,77,3,3,0.02156464805525115
1828,electrolizer,2030,77,4,4,0.021564648055251143
1829,electrolizer,2030,77,5,5,0.02156464805525115
1830,electrolizer,2030,77,6,6,0.021564648055251143
1831,electrolizer,2030,77,7,7,0.02156464805525115
1832,electrolizer,2030,77,8,8,0.021564648055251143
1833,electrolizer,2030,77,9,9,0.02156464805525115
1834,electrolizer,2030,77,10,10,0.02156464805525115
1835,electrolizer,2030,77,11,11,0.021564648055251143
1836,electrolizer,2030,77,12,12,0.02156464805525115
1837,electrolizer,2030,77,13,13,0.02156464805525115
1838,electrolizer,2030,77,14,14,0.02156464805525115
1839,electrolizer,2030,77,15,15,0.02156464805525115
1840,electrolizer,2030,77,16,16,0.02156464805525115
1841,electrolizer,2030,77,17,17,0.021564648055251143
1842,electrolizer,2030,77,18,18,0.02156464805525115
1843,electrolizer,2030,77,19,19,0.000862585922210046
1844,electrolizer,2030,77,20,20,0.000862585922210046
1845,electrolizer,2030,77,21,21,0.000862585922210046
1846,electrolizer,2030,77,22,22,0.000862585922210046
1847,electrolizer,2030,77,23,23,0.000862585922210046
1848,electrolizer,2030,77,24,24,0.000862585922210046
1849,electrolizer,2030,78,1,1,0.09422241769710653
1850,electrolizer,2030,78,2,2,0.09422241769710657
1851,electrolizer,2030,78,3,3,0.09422241769710657
1852,electrolizer,2030,78,4,4,0.09422241769710657
1853,electrolizer,2030,78,5,5,0.09422241769710657
1854,electrolizer,2030,78,6,6,0.09422241769710657
1855,electrolizer,2030,78,7,7,0.09422241769710653
1856,electrolizer,2030,78,8,8,0.09422241769710657
1857,electrolizer,2030,78,9,9,0.09422241769710657
1858,electrolizer,2030,78,10,10,0.09422241769710657
1859,electrolizer,2030,78,11,11,0.09422241769710657
1860,electrolizer,2030,78,12,12,0.09422241769710657
1861,electrolizer,2030,78,13,13,0.09422241769710657
1862,electrolizer,2030,78,14,14,0.09422241769710657
1863,electrolizer,2030,78,15,15,0.09422241769710657
1864,electrolizer,2030,78,16,16,0.09422241769710657
1865,electrolizer,2030,78,17,17,0.09422241769710657
1866,electrolizer,2030,78,18,18,0.09422241769710657
1867,electrolizer,2030,78,19,19,0.09422241769710657
1868,electrolizer,2030,78,20,20,0.09422241769710657
1869,electrolizer,2030,78,21,21,0.09422241769710657
1870,electrolizer,2030,78,22,22,0.09422241769710657
1871,electrolizer,2030,78,23,23,0.09422241769710657
1872,electrolizer,2030,78,24,24,0.09422241769710657
1873,electrolizer,2030,79,1,1,0.06616901244521349
1874,electrolizer,2030,79,2,2,0.06616901244521349
1875,electrolizer,2030,79,3,3,0.06616901244521349
1876,electrolizer,2030,79,4,4,0.06616901244521349
1877,electrolizer,2030,79,5,5,0.06616901244521349
1878,electrolizer,2030,79,6,6,0.06616901244521349
1879,electrolizer,2030,79,7,7,0.06616901244521349
1880,electrolizer,2030,79,8,8,0.06616901244521349
1881,electrolizer,2030,79,9,9,0.06616901244521349
1882,electrolizer,2030,79,10,10,0.06616901244521349
1883,electrolizer,2030,79,11,11,0.06616901244521349
1884,electrolizer,2030,79,12,12,0.06616901244521349
1885,electrolizer,2030,79,13,13,0.06616901244521349
1886,electrolizer,2030,79,14,14,0.06616901244521349
1887,electrolizer,2030,79,15,15,0.06616901244521349
1888,electrolizer,2030,79,16,16,0.06616901244521349
1889,electrolizer,2030,79,17,17,0.06616901244521349
1890,electrolizer,2030,79,18,18,0.06616901244521349
1891,electrolizer,2030,79,19,19,0.06616901244521349
1892,electrolizer,2030,79,20,20,0.06616901244521349
1893,electrolizer,2030,79,21,21,0.06616901244521349
1894,electrolizer,2030,79,22,22,0.00264676049780854
1895,electrolizer,2030,79,23,23,0.00264676049780854
1896,electrolizer,2030,79,24,24,0.00264676049780854
1897,electrolizer,2030,80,1,1,0.006157576873657016
1898,electrolizer,2030,80,2,2,0.006157576873657016
1899,electrolizer,2030,80,3,3,0.006157576873657016
1900,electrolizer,2030,80,4,4,0.006157576873657016
1901,electrolizer,2030,80,5,5,0.15393942184142542
1902,electrolizer,2030,80,6,6,0.15393942184142542
1903,electrolizer,2030,80,7,7,0.15393942184142542
1904,electrolizer,2030,80,8,8,0.15393942184142542
1905,electrolizer,2030,80,9,9,0.15393942184142542
1906,electrolizer,2030,80,10,10,0.15393942184142542
1907,electrolizer,2030,80,11,11,0.15393942184142542
1908,electrolizer,2030,80,12,12,0.15393942184142542
1909,electrolizer,2030,80,13,13,0.15393942184142542
1910,electrolizer,2030,80,14,14,0.15393942184142542
1911,electrolizer,2030,80,15,15,0.15393942184142542
1912,electrolizer,2030,80,16,16,0.15393942184142542
1913,electrolizer,2030,80,17,17,0.15393942184142542
1914,electrolizer,2030,80,18,18,0.15393942184142542
1915,electrolizer,2030,80,19,19,0.15393942184142542
1916,electrolizer,2030,80,20,20,0.15393942184142542
1917,electrolizer,2030,80,21,21,0.15393942184142542
1918,electrolizer,2030,80,22,22,0.15393942184142542
1919,electrolizer,2030,80,23,23,0.15393942184142542
1920,electrolizer,2030,80,24,24,0.15393942184142542
1921,electrolizer,2030,81,1,1,0.11572292027545908
1922,electrolizer,2030,81,2,2,0.11572292027545912
1923,electrolizer,2030,81,3,3,0.11572292027545912
1924,electrolizer,2030,81,4,4,0.11572292027545912
1925,electrolizer,2030,81,5,5,0.11572292027545912
1926,electrolizer,2030,81,6,6,0.11572292027545912
1927,electrolizer,2030,81,7,7,0.11572292027545912
1928,electrolizer,2030,81,8,8,0.11572292027545912
1929,electrolizer,2030,81,9,9,0.11572292027545912
1930,electrolizer,2030,81,10,10,0.11572292027545912
1931,electrolizer,2030,81,11,11,0.11572292027545912
1932,electrolizer,2030,81,12,12,0.11572292027545912
1933,electrolizer,2030,81,13,13,0.11572292027545912
1934,electrolizer,2030,81,14,14,0.11572292027545912
1935,electrolizer,2030,81,15,15,0.11572292027545912
1936,electrolizer,2030,81,16,16,0.11572292027545912
1937,electrolizer,2030,81,17,17,0.11572292027545912
1938,electrolizer,2030,81,18,18,0.11572292027545912
1939,electrolizer,2030,81,19,19,0.11572292027545912
1940,electrolizer,2030,81,20,20,0.11572292027545912
1941,electrolizer,2030,81,21,21,0.11572292027545912
1942,electrolizer,2030,81,22,22,0.11572292027545912
1943,electrolizer,2030,81,23,23,0.11572292027545912
1944,electrolizer,2030,81,24,24,0.11572292027545912
1945,electrolizer,2030,82,1,1,0.1271639302240024
1946,electrolizer,2030,82,2,2,0.12716393022400244
1947,electrolizer,2030,82,3,3,0.1271639302240024
1948,electrolizer,2030,82,4,4,0.12716393022400244
1949,electrolizer,2030,82,5,5,0.12716393022400244
1950,electrolizer,2030,82,6,6,0.12716393022400244
1951,electrolizer,2030,82,7,7,0.12716393022400244
1952,electrolizer,2030,82,8,8,0.12716393022400244
1953,electrolizer,2030,82,9,9,0.12716393022400244
1954,electrolizer,2030,82,10,10,0.1271639302240024
1955,electrolizer,2030,82,11,11,0.12716393022400244
1956,electrolizer,2030,82,12,12,0.12716393022400244
1957,electrolizer,2030,82,13,13,0.12716393022400244
1958,electrolizer,2030,82,14,14,0.12716393022400244
1959,electrolizer,2030,82,15,15,0.12716393022400244
1960,electrolizer,2030,82,16,16,0.12716393022400244
1961,electrolizer,2030,82,17,17,0.12716393022400244
1962,electrolizer,2030,82,18,18,0.12716393022400244
1963,electrolizer,2030,82,19,19,0.12716393022400244
1964,electrolizer,2030,82,20,20,0.12716393022400244
1965,electrolizer,2030,82,21,21,0.12716393022400244
1966,electrolizer,2030,82,22,22,0.12716393022400244
1967,electrolizer,2030,82,23,23,0.12716393022400244
1968,electrolizer,2030,82,24,24,0.12716393022400244
1969,electrolizer,2030,83,1,1,0.06868028695080214
1970,electrolizer,2030,83,2,2,0.06868028695080218
1971,electrolizer,2030,83,3,3,0.06868028695080218
1972,electrolizer,2030,83,4,4,0.06868028695080218
1973,electrolizer,2030,83,5,5,0.06868028695080218
1974,electrolizer,2030,83,6,6,0.06868028695080218
1975,electrolizer,2030,83,7,7,0.06868028695080218
1976,electrolizer,2030,83,8,8,0.06868028695080218
1977,electrolizer,2030,83,9,9,0.06868028695080218
1978,electrolizer,2030,83,10,10,0.06868028695080218
1979,electrolizer,2030,83,11,11,0.06868028695080218
1980,electrolizer,2030,83,12,12,0.06868028695080218
1981,electrolizer,2030,83,13,13,0.06868028695080218
1982,electrolizer,2030,83,14,14,0.06868028695080218
1983,electrolizer,2030,83,15,15,0.06868028695080214
1984,electrolizer,2030,83,16,16,0.06868028695080218
1985,electrolizer,2030,83,17,17,0.06868028695080218
1986,electrolizer,2030,83,18,18,0.06868028695080214
1987,electrolizer,2030,83,19,19,0.06868028695080214
1988,electrolizer,2030,83,20,20,0.06868028695080218
1989,electrolizer,2030,83,21,21,0.06868028695080218
1990,electrolizer,2030,83,22,22,0.06868028695080218
1991,electrolizer,2030,83,23,23,0.06868028695080218
1992,electrolizer,2030,83,24,24,0.06868028695080218
1993,electrolizer,2030,84,1,1,0.045756424424138464
1994,electrolizer,2030,84,2,2,0.04575642442413846
1995,electrolizer,2030,84,3,3,0.045756424424138464
1996,electrolizer,2030,84,4,4,0.045756424424138464
1997,electrolizer,2030,84,5,5,0.045756424424138464
1998,electrolizer,2030,84,6,6,0.045756424424138464
1999,electrolizer,2030,84,7,7,0.045756424424138464
2000,electrolizer,2030,84,8,8,0.045756424424138464
2001,electrolizer,2030,84,9,9,0.045756424424138464
2002,electrolizer,2030,84,10,10,0.045756424424138464
2003,electrolizer,2030,84,11,11,0.045756424424138464
2004,electrolizer,2030,84,12,12,0.045756424424138464
2005,electrolizer,2030,84,13,13,0.04575642442413846
2006,electrolizer,2030,84,14,14,0.045756424424138464
2007,electrolizer,2030,84,15,15,0.045756424424138464
2008,electrolizer,2030,84,16,16,0.045756424424138464
2009,electrolizer,2030,84,17,17,0.045756424424138464
2010,electrolizer,2030,84,18,18,0.04575642442413846
2011,electrolizer,2030,84,19,19,0.045756424424138464
2012,electrolizer,2030,84,20,20,0.045756424424138464
2013,electrolizer,2030,84,21,21,0.001830256976965539
2014,electrolizer,2030,84,22,22,0.001830256976965539
2015,electrolizer,2030,84,23,23,0.001830256976965539
2016,electrolizer,2030,84,24,24,0.001830256976965539
2017,electrolizer,2030,85,1,1,0.14209069606035615
2018,electrolizer,2030,85,2,2,0.14209069606035618
2019,electrolizer,2030,85,3,3,0.14209069606035618
2020,electrolizer,2030,85,4,4,0.14209069606035618
2021,electrolizer,2030,85,5,5,0.14209069606035618
2022,electrolizer,2030,85,6,6,0.14209069606035618
2023,electrolizer,2030,85,7,7,0.14209069606035618
2024,electrolizer,2030,85,8,8,0.14209069606035618
2025,electrolizer,2030,85,9,9,0.14209069606035618
2026,electrolizer,2030,85,10,10,0.14209069606035618
2027,electrolizer,2030,85,11,11,0.14209069606035618
2028,electrolizer,2030,85,12,12,0.14209069606035618
2029,electrolizer,2030,85,13,13,0.14209069606035618
2030,electrolizer,2030,85,14,14,0.14209069606035618
2031,electrolizer,2030,85,15,15,0.14209069606035618
2032,electrolizer,2030,85,16,16,0.14209069606035615
2033,electrolizer,2030,85,17,17,0.14209069606035618
2034,electrolizer,2030,85,18,18,0.14209069606035618
2035,electrolizer,2030,85,19,19,0.14209069606035618
2036,electrolizer,2030,85,20,20,0.14209069606035618
2037,electrolizer,2030,85,21,21,0.14209069606035618
2038,electrolizer,2030,85,22,22,0.14209069606035618
2039,electrolizer,2030,85,23,23,0.14209069606035618
2040,electrolizer,2030,85,24,24,0.14209069606035615
2041,electrolizer,2030,86,1,1,0.01761114069363523
2042,electrolizer,2030,86,2,2,0.01761114069363523
2043,electrolizer,2030,86,3,3,0.01761114069363523
2044,electrolizer,2030,86,4,4,0.017611140693635216
2045,electrolizer,2030,86,5,5,0.01761114069363523
2046,electrolizer,2030,86,6,6,0.01761114069363523
2047,electrolizer,2030,86,7,7,0.01761114069363523
2048,electrolizer,2030,86,8,8,0.017611140693635216
2049,electrolizer,2030,86,9,9,0.017611140693635216
2050,electrolizer,2030,86,10,10,0.017611140693635216
2051,electrolizer,2030,86,11,11,0.017611140693635216
2052,electrolizer,2030,86,12,12,0.01761114069363523
2053,electrolizer,2030,86,13,13,0.000704445627745409
2054,electrolizer,2030,86,14,14,0.000704445627745409
2055,electrolizer,2030,86,15,15,0.000704445627745409
2056,electrolizer,2030,86,16,16,0.000704445627745409
2057,electrolizer,2030,86,17,17,0.000704445627745409
2058,electrolizer,2030,86,18,18,0.000704445627745409
2059,electrolizer,2030,86,19,19,0.000704445627745409
2060,electrolizer,2030,86,20,20,0.000704445627745409
2061,electrolizer,2030,86,21,21,0.000704445627745409
2062,electrolizer,2030,86,22,22,0.000704445627745409
2063,electrolizer,2030,86,23,23,0.000704445627745409
2064,electrolizer,2030,86,24,24,0.000704445627745409
2065,electrolizer,2030,87,1,1,0.10527875511698896
2066,electrolizer,2030,87,2,2,0.105278755116989
2067,electrolizer,2030,87,3,3,0.105278755116989
2068,electrolizer,2030,87,4,4,0.105278755116989
2069,electrolizer,2030,87,5,5,0.105278755116989
2070,electrolizer,2030,87,6,6,0.105278755116989
2071,electrolizer,2030,87,7,7,0.105278755116989
2072,electrolizer,2030,87,8,8,0.10527875511698896
2073,electrolizer,2030,87,9,9,0.105278755116989
2074,electrolizer,2030,87,10,10,0.105278755116989
2075,electrolizer,2030,87,11,11,0.105278755116989
2076,electrolizer,2030,87,12,12,0.105278755116989
2077,electrolizer,2030,87,13,13,0.105278755116989
2078,electrolizer,2030,87,14,14,0.105278755116989
2079,electrolizer,2030,87,15,15,0.105278755116989
2080,electrolizer,2030,87,16,16,0.105278755116989
2081,electrolizer,2030,87,17,17,0.105278755116989
2082,electrolizer,2030,87,18,18,0.105278755116989
2083,electrolizer,2030,87,19,19,0.105278755116989
2084,electrolizer,2030,87,20,20,0.10527875511698896
2085,electrolizer,2030,87,21,21,0.105278755116989
2086,electrolizer,2030,87,22,22,0.105278755116989
2087,electrolizer,2030,87,23,23,0.105278755116989
2088,electrolizer,2030,87,24,24,0.105278755116989
2089,electrolizer,2030,88,1,1,0.03913766305935316
2090,electrolizer,2030,88,2,2,0.03913766305935316
2091,electrolizer,2030,88,3,3,0.03913766305935316
2092,electrolizer,2030,88,4,4,0.03913766305935316
2093,electrolizer,2030,88,5,5,0.03913766305935316
2094,electrolizer,2030,88,6,6,0.03913766305935316
2095,electrolizer,2030,88,7,7,0.039137663059353164
2096,electrolizer,2030,88,8,8,0.03913766305935316
2097,electrolizer,2030,88,9,9,0.039137663059353164
2098,electrolizer,2030,88,10,10,0.03913766305935316
2099,electrolizer,2030,88,11,11,0.039137663059353164
2100,electrolizer,2030,88,12,12,0.03913766305935316
2101,electrolizer,2030,88,13,13,0.03913766305935316
2102,electrolizer,2030,88,14,14,0.03913766305935316
2103,electrolizer,2030,88,15,15,0.0015655065223741267
2104,electrolizer,2030,88,16,16,0.0015655065223741267
2105,electrolizer,2030,88,17,17,0.0015655065223741267
2106,electrolizer,2030,88,18,18,0.0015655065223741267
2107,electrolizer,2030,88,19,19,0.0015655065223741267
2108,electrolizer,2030,88,20,20,0.0015655065223741267
2109,electrolizer,2030,88,21,21,0.0015655065223741267
2110,electrolizer,2030,88,22,22,0.0015655065223741267
2111,electrolizer,2030,88,23,23,0.0015655065223741267
2112,electrolizer,2030,88,24,24,0.0015655065223741267
2113,electrolizer,2030,89,1,1,0.043854092782768625
2114,electrolizer,2030,89,2,2,0.043854092782768625
2115,electrolizer,2030,89,3,3,0.043854092782768625
2116,electrolizer,2030,89,4,4,0.043854092782768604
2117,electrolizer,2030,89,5,5,0.043854092782768625
2118,electrolizer,2030,89,6,6,0.043854092782768625
2119,electrolizer,2030,89,7,7,0.043854092782768625
2120,electrolizer,2030,89,8,8,0.043854092782768625
2121,electrolizer,2030,89,9,9,0.043854092782768604
2122,electrolizer,2030,89,10,10,0.043854092782768625
2123,electrolizer,2030,89,11,11,0.043854092782768604
2124,electrolizer,2030,89,12,12,0.043854092782768604
2125,electrolizer,2030,89,13,13,0.043854092782768625
2126,electrolizer,2030,89,14,14,0.043854092782768625
2127,electrolizer,2030,89,15,15,0.043854092782768625
2128,electrolizer,2030,89,16,16,0.043854092782768625
2129,electrolizer,2030,89,17,17,0.043854092782768625
2130,electrolizer,2030,89,18,18,0.043854092782768625
2131,electrolizer,2030,89,19,19,0.043854092782768604
2132,electrolizer,2030,89,20,20,0.043854092782768625
2133,electrolizer,2030,89,21,21,0.043854092782768625
2134,electrolizer,2030,89,22,22,0.001754163711310745
2135,electrolizer,2030,89,23,23,0.001754163711310745
2136,electrolizer,2030,89,24,24,0.001754163711310745
2137,electrolizer,2030,90,1,1,0.019574672163569205
2138,electrolizer,2030,90,2,2,0.019574672163569205
2139,electrolizer,2030,90,3,3,0.019574672163569205
2140,electrolizer,2030,90,4,4,0.019574672163569205
2141,electrolizer,2030,90,5,5,0.019574672163569205
2142,electrolizer,2030,90,6,6,0.019574672163569205
2143,electrolizer,2030,90,7,7,0.019574672163569205
2144,electrolizer,2030,90,8,8,0.019574672163569205
2145,electrolizer,2030,90,9,9,0.019574672163569205
2146,electrolizer,2030,90,10,10,0.019574672163569205
2147,electrolizer,2030,90,11,11,0.019574672163569205
2148,electrolizer,2030,90,12,12,0.019574672163569205
2149,electrolizer,2030,90,13,13,0.019574672163569205
2150,electrolizer,2030,90,14,14,0.019574672163569205
2151,electrolizer,2030,90,15,15,0.019574672163569205
2152,electrolizer,2030,90,16,16,0.019574672163569205
2153,electrolizer,2030,90,17,17,0.019574672163569205
2154,electrolizer,2030,90,18,18,0.019574672163569205
2155,electrolizer,2030,90,19,19,0.019574672163569205
2156,electrolizer,2030,90,20,20,0.019574672163569205
2157,electrolizer,2030,90,21,21,0.0007829868865427682
2158,electrolizer,2030,90,22,22,0.0007829868865427682
2159,electrolizer,2030,90,23,23,0.0007829868865427682
2160,electrolizer,2030,90,24,24,0.0007829868865427682
2161,electrolizer,2030,91,1,1,0.07197710398998515
2162,electrolizer,2030,91,2,2,0.07197710398998516
2163,electrolizer,2030,91,3,3,0.07197710398998516
2164,electrolizer,2030,91,4,4,0.07197710398998516
2165,electrolizer,2030,91,5,5,0.07197710398998516
2166,electrolizer,2030,91,6,6,0.07197710398998516
2167,electrolizer,2030,91,7,7,0.07197710398998516
2168,electrolizer,2030,91,8,8,0.07197710398998516
2169,electrolizer,2030,91,9,9,0.07197710398998515
2170,electrolizer,2030,91,10,10,0.07197710398998516
2171,electrolizer,2030,91,11,11,0.07197710398998516
2172,electrolizer,2030,91,12,12,0.07197710398998516
2173,electrolizer,2030,91,13,13,0.07197710398998516
2174,electrolizer,2030,91,14,14,0.07197710398998516
2175,electrolizer,2030,91,15,15,0.07197710398998516
2176,electrolizer,2030,91,16,16,0.07197710398998516
2177,electrolizer,2030,91,17,17,0.07197710398998516
2178,electrolizer,2030,91,18,18,0.07197710398998515
2179,electrolizer,2030,91,19,19,0.07197710398998516
2180,electrolizer,2030,91,20,20,0.07197710398998516
2181,electrolizer,2030,91,21,21,0.07197710398998516
2182,electrolizer,2030,91,22,22,0.07197710398998516
2183,electrolizer,2030,91,23,23,0.07197710398998516
2184,electrolizer,2030,91,24,24,0.07197710398998516
2185,electrolizer,2030,92,1,1,0.005853501689637066
2186,electrolizer,2030,92,2,2,0.005853501689637066
2187,electrolizer,2030,92,3,3,0.005853501689637066
2188,electrolizer,2030,92,4,4,0.005853501689637066
2189,electrolizer,2030,92,5,5,0.005853501689637066
2190,electrolizer,2030,92,6,6,0.005853501689637066
2191,electrolizer,2030,92,7,7,0.005853501689637066
2192,electrolizer,2030,92,8,8,0.005853501689637066
2193,electrolizer,2030,92,9,9,0.005853501689637066
2194,electrolizer,2030,92,10,10,0.005853501689637066
2195,electrolizer,2030,92,11,11,0.005853501689637066
2196,electrolizer,2030,92,12,12,0.14633754224092668
2197,electrolizer,2030,92,13,13,0.14633754224092668
2198,electrolizer,2030,92,14,14,0.14633754224092668
2199,electrolizer,2030,92,15,15,0.14633754224092668
2200,electrolizer,2030,92,16,16,0.14633754224092668
2201,electrolizer,2030,92,17,17,0.14633754224092668
2202,electrolizer,2030,92,18,18,0.14633754224092668
2203,electrolizer,2030,92,19,19,0.005853501689637066
2204,electrolizer,2030,92,20,20,0.005853501689637066
2205,electrolizer,2030,92,21,21,0.005853501689637066
2206,electrolizer,2030,92,22,22,0.005853501689637066
2207,electrolizer,2030,92,23,23,0.005853501689637066
2208,electrolizer,2030,92,24,24,0.005853501689637066
2209,electrolizer,2030,93,1,1,0.09191050295225803
2210,electrolizer,2030,93,2,2,0.09191050295225803
2211,electrolizer,2030,93,3,3,0.09191050295225803
2212,electrolizer,2030,93,4,4,0.09191050295225803
2213,electrolizer,2030,93,5,5,0.09191050295225803
2214,electrolizer,2030,93,6,6,0.09191050295225803
2215,electrolizer,2030,93,7,7,0.09191050295225803
2216,electrolizer,2030,93,8,8,0.09191050295225803
2217,electrolizer,2030,93,9,9,0.09191050295225803
2218,electrolizer,2030,93,10,10,0.09191050295225803
2219,electrolizer,2030,93,11,11,0.09191050295225803
2220,electrolizer,2030,93,12,12,0.09191050295225803
2221,electrolizer,2030,93,13,13,0.09191050295225803
2222,electrolizer,2030,93,14,14,0.09191050295225803
2223,electrolizer,2030,93,15,15,0.09191050295225803
2224,electrolizer,2030,93,16,16,0.09191050295225803
2225,electrolizer,2030,93,17,17,0.09191050295225803
2226,electrolizer,2030,93,18,18,0.09191050295225803
2227,electrolizer,2030,93,19,19,0.09191050295225803
2228,electrolizer,2030,93,20,20,0.09191050295225803
2229,electrolizer,2030,93,21,21,0.09191050295225803
2230,electrolizer,2030,93,22,22,0.09191050295225803
2231,electrolizer,2030,93,23,23,0.09191050295225803
2232,electrolizer,2030,93,24,24,0.09191050295225803
2233,electrolizer,2030,94,1,1,0.07459713230532616
2234,electrolizer,2030,94,2,2,0.07459713230532615
2235,electrolizer,2030,94,3,3,0.07459713230532615
2236,electrolizer,2030,94,4,4,0.07459713230532615
2237,electrolizer,2030,94,5,5,0.07459713230532615
2238,electrolizer,2030,94,6,6,0.0029838852922130467
2239,electrolizer,2030,94,7,7,0.0029838852922130467
2240,electrolizer,2030,94,8,8,0.0029838852922130467
2241,electrolizer,2030,94,9,9,0.0029838852922130467
2242,electrolizer,2030,94,10,10,0.0029838852922130467
2243,electrolizer,2030,94,11,11,0.0029838852922130467
2244,electrolizer,2030,94,12,12,0.0029838852922130467
2245,electrolizer,2030,94,13,13,0.0029838852922130467
2246,electrolizer,2030,94,14,14,0.0029838852922130467
2247,electrolizer,2030,94,15,15,0.0029838852922130467
2248,electrolizer,2030,94,16,16,0.0029838852922130467
2249,electrolizer,2030,94,17,17,0.0029838852922130467
2250,electrolizer,2030,94,18,18,0.0029838852922130467
2251,electrolizer,2030,94,19,19,0.0029838852922130467
2252,electrolizer,2030,94,20,20,0.0029838852922130467
2253,electrolizer,2030,94,21,21,0.0029838852922130467
2254,electrolizer,2030,94,22,22,0.0029838852922130467
2255,electrolizer,2030,94,23,23,0.0029838852922130467
2256,electrolizer,2030,94,24,24,0.0029838852922130467
2257,electrolizer,2030,95,1,1,0.15327014975718348
2258,electrolizer,2030,95,2,2,0.15327014975718348
2259,electrolizer,2030,95,3,3,0.1532701497571834
2260,electrolizer,2030,95,4,4,0.15327014975718348
2261,electrolizer,2030,95,5,5,0.1532701497571834
2262,electrolizer,2030,95,6,6,0.1532701497571834
2263,electrolizer,2030,95,7,7,0.15327014975718348
2264,electrolizer,2030,95,8,8,0.1532701497571834
2265,electrolizer,2030,95,9,9,0.1532701497571834
2266,electrolizer,2030,95,10,10,0.1532701497571834
2267,electrolizer,2030,95,11,11,0.1532701497571834
2268,electrolizer,2030,95,12,12,0.1532701497571834
2269,electrolizer,2030,95,13,13,0.1532701497571834
2270,electrolizer,2030,95,14,14,0.1532701497571834
2271,electrolizer,2030,95,15,15,0.1532701497571834
2272,electrolizer,2030,95,16,16,0.1532701497571834
2273,electrolizer,2030,95,17,17,0.1532701497571834
2274,electrolizer,2030,95,18,18,0.1532701497571834
2275,electrolizer,2030,95,19,19,0.1532701497571834
2276,electrolizer,2030,95,20,20,0.1532701497571834
2277,electrolizer,2030,95,21,21,0.1532701497571834
2278,electrolizer,2030,95,22,22,0.1532701497571834
2279,electrolizer,2030,95,23,23,0.1532701497571834
2280,electrolizer,2030,95,24,24,0.1532701497571834
2281,electrolizer,2030,96,1,1,0.037208053932779525
2282,electrolizer,2030,96,2,2,0.037208053932779525
2283,electrolizer,2030,96,3,3,0.03720805393277952
2284,electrolizer,2030,96,4,4,0.037208053932779525
2285,electrolizer,2030,96,5,5,0.037208053932779525
2286,electrolizer,2030,96,6,6,0.037208053932779525
2287,electrolizer,2030,96,7,7,0.037208053932779525
2288,electrolizer,2030,96,8,8,0.037208053932779525
2289,electrolizer,2030,96,9,9,0.03720805393277952
2290,electrolizer,2030,96,10,10,0.037208053932779525
2291,electrolizer,2030,96,11,11,0.03720805393277952
2292,electrolizer,2030,96,12,12,0.037208053932779525
2293,electrolizer,2030,96,13,13,0.03720805393277952
2294,electrolizer,2030,96,14,14,0.037208053932779525
2295,electrolizer,2030,96,15,15,0.037208053932779525
2296,electrolizer,2030,96,16,16,0.037208053932779525
2297,electrolizer,2030,96,17,17,0.037208053932779525
2298,electrolizer,2030,96,18,18,0.037208053932779525
2299,electrolizer,2030,96,19,19,0.037208053932779525
2300,electrolizer,2030,96,20,20,0.001488322157311181
2301,electrolizer,2030,96,21,21,0.001488322157311181
2302,electrolizer,2030,96,22,22,0.001488322157311181
2303,electrolizer,2030,96,23,23,0.001488322157311181
2304,electrolizer,2030,96,24,24,0.001488322157311181
2305,electrolizer,2030,97,1,1,0.009640138993175484
2306,electrolizer,2030,97,2,2,0.009640138993175484
2307,electrolizer,2030,97,3,3,0.009640138993175484
2308,electrolizer,2030,97,4,4,0.009640138993175484
2309,electrolizer,2030,97,5,5,0.009640138993175484
2310,electrolizer,2030,97,6,6,0.009640138993175484
2311,electrolizer,2030,97,7,7,0.24100347482938708
2312,electrolizer,2030,97,8,8,0.2410034748293871
2313,electrolizer,2030,97,9,9,0.24100347482938708
2314,electrolizer,2030,97,10,10,0.24100347482938708
2315,electrolizer,2030,97,11,11,0.24100347482938708
2316,electrolizer,2030,97,12,12,0.24100347482938708
2317,electrolizer,2030,97,13,13,0.24100347482938708
2318,electrolizer,2030,97,14,14,0.24100347482938708
2319,electrolizer,2030,97,15,15,0.24100347482938708
2320,electrolizer,2030,97,16,16,0.24100347482938708
2321,electrolizer,2030,97,17,17,0.24100347482938708
2322,electrolizer,2030,97,18,18,0.24100347482938708
2323,electrolizer,2030,97,19,19,0.24100347482938708
2324,electrolizer,2030,97,20,20,0.24100347482938708
2325,electrolizer,2030,97,21,21,0.24100347482938708
2326,electrolizer,2030,97,22,22,0.24100347482938708
2327,electrolizer,2030,97,23,23,0.24100347482938708
2328,electrolizer,2030,97,24,24,0.24100347482938708
2329,electrolizer,2030,98,1,1,0.32147920661299223
2330,electrolizer,2030,98,2,2,0.32147920661299223
2331,electrolizer,2030,98,3,3,0.32147920661299223
2332,electrolizer,2030,98,4,4,0.32147920661299223
2333,electrolizer,2030,98,5,5,0.32147920661299223
2334,electrolizer,2030,98,6,6,0.32147920661299223
2335,electrolizer,2030,98,7,7,0.32147920661299223
2336,electrolizer,2030,98,8,8,0.32147920661299223
2337,electrolizer,2030,98,9,9,0.32147920661299223
2338,electrolizer,2030,98,10,10,0.32147920661299223
2339,electrolizer,2030,98,11,11,0.32147920661299223
2340,electrolizer,2030,98,12,12,0.32147920661299223
2341,electrolizer,2030,98,13,13,0.32147920661299223
2342,electrolizer,2030,98,14,14,0.32147920661299223
2343,electrolizer,2030,98,15,15,0.32147920661299223
2344,electrolizer,2030,98,16,16,0.32147920661299223
2345,electrolizer,2030,98,17,17,0.32147920661299223
2346,electrolizer,2030,98,18,18,0.32147920661299223
2347,electrolizer,2030,98,19,19,0.32147920661299223
2348,electrolizer,2030,98,20,20,0.32147920661299223
2349,electrolizer,2030,98,21,21,0.32147920661299223
2350,electrolizer,2030,98,22,22,0.32147920661299223
2351,electrolizer,2030,98,23,23,0.32147920661299223
2352,electrolizer,2030,98,24,24,0.32147920661299223
2353,electrolizer,2030,99,1,1,0.044348696504184715
2354,electrolizer,2030,99,2,2,0.044348696504184715
2355,electrolizer,2030,99,3,3,0.044348696504184715
2356,electrolizer,2030,99,4,4,0.044348696504184715
2357,electrolizer,2030,99,5,5,0.044348696504184715
2358,electrolizer,2030,99,6,6,0.044348696504184715
2359,electrolizer,2030,99,7,7,0.044348696504184715
2360,electrolizer,2030,99,8,8,0.044348696504184715
2361,electrolizer,2030,99,9,9,0.044348696504184715
2362,electrolizer,2030,99,10,10,0.044348696504184715
2363,electrolizer,2030,99,11,11,0.044348696504184715
2364,electrolizer,2030,99,12,12,0.044348696504184715
2365,electrolizer,2030,99,13,13,0.044348696504184715
2366,electrolizer,2030,99,14,14,0.044348696504184715
2367,electrolizer,2030,99,15,15,0.044348696504184715
2368,electrolizer,2030,99,16,16,0.044348696504184715
2369,electrolizer,2030,99,17,17,0.044348696504184715
2370,electrolizer,2030,99,18,18,0.044348696504184715
2371,electrolizer,2030,99,19,19,0.044348696504184715
2372,electrolizer,2030,99,20,20,0.044348696504184715
2373,electrolizer,2030,99,21,21,0.044348696504184715
2374,electrolizer,2030,99,22,22,0.044348696504184715
2375,electrolizer,2030,99,23,23,0.044348696504184715
2376,electrolizer,2030,99,24,24,0.044348696504184715
2377,electrolizer,2030,100,1,1,0.049605142471914596
2378,electrolizer,2030,100,2,2,0.0496051424719146
2379,electrolizer,2030,100,3,3,0.0496051424719146
2380,electrolizer,2030,100,4,4,0.0496051424719146
2381,electrolizer,2030,100,5,5,0.0496051424719146
2382,electrolizer,2030,100,6,6,0.0496051424719146
2383,electrolizer,2030,100,7,7,0.0496051424719146
2384,electrolizer,2030,100,8,8,0.0496051424719146
2385,electrolizer,2030,100,9,9,0.0496051424719146
2386,electrolizer,2030,100,10,10,0.0496051424719146
2387,electrolizer,2030,100,11,11,0.0496051424719146
2388,electrolizer,2030,100,12,12,0.049605142471914596
2389,electrolizer,2030,100,13,13,0.049605142471914596
2390,electrolizer,2030,100,14,14,0.049605142471914596
2391,electrolizer,2030,100,15,15,0.049605142471914596
2392,electrolizer,2030,100,16,16,0.0496051424719146
2393,electrolizer,2030,100,17,17,0.049605142471914596
2394,electrolizer,2030,100,18,18,0.049605142471914596
2395,electrolizer,2030,100,19,19,0.0496051424719146
2396,electrolizer,2030,100,20,20,0.049605142471914596
2397,electrolizer,2030,100,21,21,0.0496051424719146
2398,electrolizer,2030,100,22,22,0.0496051424719146
2399,electrolizer,2030,100,23,23,0.0496051424719146
2400,electrolizer,2030,100,24,24,0.0496051424719146
2401,electrolizer,2030,101,1,1,0.055497358020968064
2402,electrolizer,2030,101,2,2,0.055497358020968064
2403,electrolizer,2030,101,3,3,0.055497358020968064
2404,electrolizer,2030,101,4,4,0.055497358020968064
2405,electrolizer,2030,101,5,5,0.055497358020968064
2406,electrolizer,2030,101,6,6,0.055497358020968064
2407,electrolizer,2030,101,7,7,0.055497358020968064
2408,electrolizer,2030,101,8,8,0.055497358020968064
2409,electrolizer,2030,101,9,9,0.055497358020968064
2410,electrolizer,2030,101,10,10,0.055497358020968064
2411,electrolizer,2030,101,11,11,0.055497358020968064
2412,electrolizer,2030,101,12,12,0.055497358020968064
2413,electrolizer,2030,101,13,13,0.055497358020968064
2414,electrolizer,2030,101,14,14,0.055497358020968064
2415,electrolizer,2030,101,15,15,0.055497358020968064
2416,electrolizer,2030,101,16,16,0.055497358020968064
2417,electrolizer,2030,101,17,17,0.055497358020968064
2418,electrolizer,2030,101,18,18,0.055497358020968064
2419,electrolizer,2030,101,19,19,0.055497358020968064
2420,electrolizer,2030,101,20,20,0.055497358020968064
2421,electrolizer,2030,101,21,21,0.055497358020968064
2422,electrolizer,2030,101,22,22,0.055497358020968064
2423,electrolizer,2030,101,23,23,0.055497358020968064
2424,electrolizer,2030,101,24,24,0.055497358020968064
2425,electrolizer,2030,102,1,1,0.062077393465698905
2426,electrolizer,2030,102,2,2,0.06207739346569891
2427,electrolizer,2030,102,3,3,0.06207739346569891
2428,electrolizer,2030,102,4,4,0.06207739346569891
2429,electrolizer,2030,102,5,5,0.06207739346569891
2430,electrolizer,2030,102,6,6,0.06207739346569891
2431,electrolizer,2030,102,7,7,0.062077393465698905
2432,electrolizer,2030,102,8,8,0.06207739346569891
2433,electrolizer,2030,102,9,9,0.06207739346569891
2434,electrolizer,2030,102,10,10,0.06207739346569891
2435,electrolizer,2030,102,11,11,0.06207739346569891
2436,electrolizer,2030,102,12,12,0.06207739346569891
2437,electrolizer,2030,102,13,13,0.06207739346569891
2438,electrolizer,2030,102,14,14,0.06207739346569891
2439,electrolizer,2030,102,15,15,0.06207739346569891
2440,electrolizer,2030,102,16,16,0.06207739346569891
2441,electrolizer,2030,102,17,17,0.06207739346569891
2442,electrolizer,2030,102,18,18,0.06207739346569891
2443,electrolizer,2030,102,19,19,0.06207739346569891
2444,electrolizer,2030,102,20,20,0.06207739346569891
2445,electrolizer,2030,102,21,21,0.06207739346569891
2446,electrolizer,2030,102,22,22,0.06207739346569891
2447,electrolizer,2030,102,23,23,0.06207739346569891
2448,electrolizer,2030,102,24,24,0.06207739346569891
2449,electrolizer,2030,103,1,1,0.05913761212915011
2450,electrolizer,2030,103,2,2,0.05913761212915011
2451,electrolizer,2030,103,3,3,0.05913761212915011
2452,electrolizer,2030,103,4,4,0.05913761212915011
2453,electrolizer,2030,103,5,5,0.05913761212915011
2454,electrolizer,2030,103,6,6,0.05913761212915011
2455,electrolizer,2030,103,7,7,0.05913761212915011
2456,electrolizer,2030,103,8,8,0.05913761212915011
2457,electrolizer,2030,103,9,9,0.05913761212915011
2458,electrolizer,2030,103,10,10,0.05913761212915011
2459,electrolizer,2030,103,11,11,0.05913761212915011
2460,electrolizer,2030,103,12,12,0.05913761212915011
2461,electrolizer,2030,103,13,13,0.05913761212915011
2462,electrolizer,2030,103,14,14,0.05913761212915011
2463,electrolizer,2030,103,15,15,0.05913761212915011
2464,electrolizer,2030,103,16,16,0.05913761212915011
2465,electrolizer,2030,103,17,17,0.05913761212915011
2466,electrolizer,2030,103,18,18,0.05913761212915011
2467,electrolizer,2030,103,19,19,0.05913761212915011
2468,electrolizer,2030,103,20,20,0.05913761212915011
2469,electrolizer,2030,103,21,21,0.05913761212915011
2470,electrolizer,2030,103,22,22,0.05913761212915011
2471,electrolizer,2030,103,23,23,0.05913761212915011
2472,electrolizer,2030,103,24,24,0.05913761212915011
2473,electrolizer,2030,104,1,1,0.09680812072269813
2474,electrolizer,2030,104,2,2,0.09680812072269815
2475,electrolizer,2030,104,3,3,0.09680812072269815
2476,electrolizer,2030,104,4,4,0.09680812072269815
2477,electrolizer,2030,104,5,5,0.09680812072269815
2478,electrolizer,2030,104,6,6,0.09680812072269815
2479,electrolizer,2030,104,7,7,0.09680812072269815
2480,electrolizer,2030,104,8,8,0.09680812072269815
2481,electrolizer,2030,104,9,9,0.09680812072269816
2482,electrolizer,2030,104,10,10,0.09680812072269815
2483,electrolizer,2030,104,11,11,0.09680812072269815
2484,electrolizer,2030,104,12,12,0.09680812072269815
2485,electrolizer,2030,104,13,13,0.09680812072269815
2486,electrolizer,2030,104,14,14,0.09680812072269815
2487,electrolizer,2030,104,15,15,0.09680812072269815
2488,electrolizer,2030,104,16,16,0.09680812072269815
2489,electrolizer,2030,104,17,17,0.09680812072269813
2490,electrolizer,2030,104,18,18,0.09680812072269813
2491,electrolizer,2030,104,19,19,0.09680812072269815
2492,electrolizer,2030,104,20,20,0.09680812072269813
2493,electrolizer,2030,104,21,21,0.09680812072269813
2494,electrolizer,2030,104,22,22,0.09680812072269815
2495,electrolizer,2030,104,23,23,0.09680812072269813
2496,electrolizer,2030,104,24,24,0.09680812072269815
2497,electrolizer,2030,105,1,1,0.06547148808164398
2498,electrolizer,2030,105,2,2,0.06547148808164399
2499,electrolizer,2030,105,3,3,0.06547148808164399
2500,electrolizer,2030,105,4,4,0.06547148808164399
2501,electrolizer,2030,105,5,5,0.06547148808164399
2502,electrolizer,2030,105,6,6,0.06547148808164399
2503,electrolizer,2030,105,7,7,0.06547148808164399
2504,electrolizer,2030,105,8,8,0.06547148808164399
2505,electrolizer,2030,105,9,9,0.06547148808164399
2506,electrolizer,2030,105,10,10,0.06547148808164399
2507,electrolizer,2030,105,11,11,0.06547148808164399
2508,electrolizer,2030,105,12,12,0.06547148808164399
2509,electrolizer,2030,105,13,13,0.06547148808164399
2510,electrolizer,2030,105,14,14,0.06547148808164398
2511,electrolizer,2030,105,15,15,0.06547148808164399
2512,electrolizer,2030,105,16,16,0.06547148808164399
2513,electrolizer,2030,105,17,17,0.06547148808164399
2514,electrolizer,2030,105,18,18,0.06547148808164399
2515,electrolizer,2030,105,19,19,0.06547148808164399
2516,electrolizer,2030,105,20,20,0.06547148808164399
2517,electrolizer,2030,105,21,21,0.06547148808164399
2518,electrolizer,2030,105,22,22,0.06547148808164399
2519,electrolizer,2030,105,23,23,0.06547148808164399
2520,electrolizer,2030,105,24,24,0.06547148808164399
2521,electrolizer,2030,106,1,1,0.09302311448310482
2522,electrolizer,2030,106,2,2,0.09302311448310481
2523,electrolizer,2030,106,3,3,0.09302311448310481
2524,electrolizer,2030,106,4,4,0.09302311448310481
2525,electrolizer,2030,106,5,5,0.09302311448310481
2526,electrolizer,2030,106,6,6,0.09302311448310481
2527,electrolizer,2030,106,7,7,0.09302311448310481
2528,electrolizer,2030,106,8,8,0.09302311448310481
2529,electrolizer,2030,106,9,9,0.09302311448310481
2530,electrolizer,2030,106,10,10,0.09302311448310481
2531,electrolizer,2030,106,11,11,0.09302311448310481
2532,electrolizer,2030,106,12,12,0.09302311448310481
2533,electrolizer,2030,106,13,13,0.09302311448310481
2534,electrolizer,2030,106,14,14,0.09302311448310481
2535,electrolizer,2030,106,15,15,0.09302311448310481
2536,electrolizer,2030,106,16,16,0.09302311448310481
2537,electrolizer,2030,106,17,17,0.09302311448310481
2538,electrolizer,2030,106,18,18,0.09302311448310481
2539,electrolizer,2030,106,19,19,0.09302311448310481
2540,electrolizer,2030,106,20,20,0.09302311448310481
2541,electrolizer,2030,106,21,21,0.09302311448310481
2542,electrolizer,2030,106,22,22,0.09302311448310481
2543,electrolizer,2030,106,23,23,0.09302311448310481
2544,electrolizer,2030,106,24,24,0.09302311448310481
2545,electrolizer,2030,107,1,1,0.0309752119928019
2546,electrolizer,2030,107,2,2,0.0309752119928019
2547,electrolizer,2030,107,3,3,0.0309752119928019
2548,electrolizer,2030,107,4,4,0.03097521199280189
2549,electrolizer,2030,107,5,5,0.0309752119928019
2550,electrolizer,2030,107,6,6,0.0309752119928019
2551,electrolizer,2030,107,7,7,0.0309752119928019
2552,electrolizer,2030,107,8,8,0.0309752119928019
2553,electrolizer,2030,107,9,9,0.0309752119928019
2554,electrolizer,2030,107,10,10,0.0309752119928019
2555,electrolizer,2030,107,11,11,0.03097521199280189
2556,electrolizer,2030,107,12,12,0.0309752119928019
2557,electrolizer,2030,107,13,13,0.0309752119928019
2558,electrolizer,2030,107,14,14,0.0309752119928019
2559,electrolizer,2030,107,15,15,0.0309752119928019
2560,electrolizer,2030,107,16,16,0.0309752119928019
2561,electrolizer,2030,107,17,17,0.0309752119928019
2562,electrolizer,2030,107,18,18,0.03097521199280189
2563,electrolizer,2030,107,19,19,0.0309752119928019
2564,electrolizer,2030,107,20,20,0.0309752119928019
2565,electrolizer,2030,107,21,21,0.0309752119928019
2566,electrolizer,2030,107,22,22,0.0309752119928019
2567,electrolizer,2030,107,23,23,0.0309752119928019
2568,electrolizer,2030,107,24,24,0.0309752119928019
2569,electrolizer,2030,108,1,1,0.05846390242222641
2570,electrolizer,2030,108,2,2,0.058463902422226426
2571,electrolizer,2030,108,3,3,0.058463902422226426
2572,electrolizer,2030,108,4,4,0.058463902422226426
2573,electrolizer,2030,108,5,5,0.058463902422226426
2574,electrolizer,2030,108,6,6,0.058463902422226426
2575,electrolizer,2030,108,7,7,0.058463902422226426
2576,electrolizer,2030,108,8,8,0.058463902422226426
2577,electrolizer,2030,108,9,9,0.058463902422226426
2578,electrolizer,2030,108,10,10,0.058463902422226426
2579,electrolizer,2030,108,11,11,0.05846390242222641
2580,electrolizer,2030,108,12,12,0.058463902422226426
2581,electrolizer,2030,108,13,13,0.058463902422226426
2582,electrolizer,2030,108,14,14,0.05846390242222641
2583,electrolizer,2030,108,15,15,0.058463902422226426
2584,electrolizer,2030,108,16,16,0.058463902422226426
2585,electrolizer,2030,108,17,17,0.058463902422226426
2586,electrolizer,2030,108,18,18,0.058463902422226426
2587,electrolizer,2030,108,19,19,0.058463902422226426
2588,electrolizer,2030,108,20,20,0.058463902422226426
2589,electrolizer,2030,108,21,21,0.058463902422226426
2590,electrolizer,2030,108,22,22,0.058463902422226426
2591,electrolizer,2030,108,23,23,0.058463902422226426
2592,electrolizer,2030,108,24,24,0.05846390242222641
2593,electrolizer,2030,109,1,1,0.059865178588304466
2594,electrolizer,2030,109,2,2,0.05986517858830447
2595,electrolizer,2030,109,3,3,0.05986517858830447
2596,electrolizer,2030,109,4,4,0.05986517858830447
2597,electrolizer,2030,109,5,5,0.05986517858830447
2598,electrolizer,2030,109,6,6,0.05986517858830447
2599,electrolizer,2030,109,7,7,0.05986517858830447
2600,electrolizer,2030,109,8,8,0.05986517858830447
2601,electrolizer,2030,109,9,9,0.059865178588304466
2602,electrolizer,2030,109,10,10,0.05986517858830447
2603,electrolizer,2030,109,11,11,0.05986517858830447
2604,electrolizer,2030,109,12,12,0.05986517858830447
2605,electrolizer,2030,109,13,13,0.05986517858830447
2606,electrolizer,2030,109,14,14,0.05986517858830447
2607,electrolizer,2030,109,15,15,0.05986517858830447
2608,electrolizer,2030,109,16,16,0.05986517858830447
2609,electrolizer,2030,109,17,17,0.05986517858830447
2610,electrolizer,2030,109,18,18,0.05986517858830447
2611,electrolizer,2030,109,19,19,0.05986517858830447
2612,electrolizer,2030,109,20,20,0.05986517858830447
2613,electrolizer,2030,109,21,21,0.05986517858830447
2614,electrolizer,2030,109,22,22,0.05986517858830447
2615,electrolizer,2030,109,23,23,0.05986517858830447
2616,electrolizer,2030,109,24,24,0.05986517858830447
2617,electrolizer,2030,110,1,1,0.13591485713568988
2618,electrolizer,2030,110,2,2,0.13591485713568996
2619,electrolizer,2030,110,3,3,0.13591485713568996
2620,electrolizer,2030,110,4,4,0.13591485713568996
2621,electrolizer,2030,110,5,5,0.13591485713568996
2622,electrolizer,2030,110,6,6,0.13591485713568988
2623,electrolizer,2030,110,7,7,0.13591485713568996
2624,electrolizer,2030,110,8,8,0.13591485713568996
2625,electrolizer,2030,110,9,9,0.13591485713568996
2626,electrolizer,2030,110,10,10,0.13591485713568996
2627,electrolizer,2030,110,11,11,0.13591485713568996
2628,electrolizer,2030,110,12,12,0.13591485713568996
2629,electrolizer,2030,110,13,13,0.13591485713568996
2630,electrolizer,2030,110,14,14,0.13591485713568996
2631,electrolizer,2030,110,15,15,0.13591485713568996
2632,electrolizer,2030,110,16,16,0.13591485713568996
2633,electrolizer,2030,110,17,17,0.13591485713568996
2634,electrolizer,2030,110,18,18,0.13591485713568996
2635,electrolizer,2030,110,19,19,0.13591485713568996
2636,electrolizer,2030,110,20,20,0.13591485713568996
2637,electrolizer,2030,110,21,21,0.13591485713568996
2638,electrolizer,2030,110,22,22,0.13591485713568996
2639,electrolizer,2030,110,23,23,0.13591485713568996
2640,electrolizer,2030,110,24,24,0.13591485713568996
2641,electrolizer,2030,111,1,1,0.09914263900514154
2642,electrolizer,2030,111,2,2,0.09914263900514156
2643,electrolizer,2030,111,3,3,0.09914263900514156
2644,electrolizer,2030,111,4,4,0.09914263900514156
2645,electrolizer,2030,111,5,5,0.09914263900514156
2646,electrolizer,2030,111,6,6,0.09914263900514156
2647,electrolizer,2030,111,7,7,0.09914263900514156
2648,electrolizer,2030,111,8,8,0.09914263900514156
2649,electrolizer,2030,111,9,9,0.09914263900514156
2650,electrolizer,2030,111,10,10,0.09914263900514156
2651,electrolizer,2030,111,11,11,0.09914263900514156
2652,electrolizer,2030,111,12,12,0.09914263900514156
2653,electrolizer,2030,111,13,13,0.09914263900514156
2654,electrolizer,2030,111,14,14,0.09914263900514156
2655,electrolizer,2030,111,15,15,0.09914263900514156
2656,electrolizer,2030,111,16,16,0.09914263900514156
2657,electrolizer,2030,111,17,17,0.09914263900514156
2658,electrolizer,2030,111,18,18,0.09914263900514156
2659,electrolizer,2030,111,19,19,0.09914263900514156
2660,electrolizer,2030,111,20,20,0.09914263900514156
2661,electrolizer,2030,111,21,21,0.09914263900514156
2662,electrolizer,2030,111,22,22,0.09914263900514156
2663,electrolizer,2030,111,23,23,0.09914263900514156
2664,electrolizer,2030,111,24,24,0.09914263900514156
2665,electrolizer,2030,112,1,1,0.08104638075572493
2666,electrolizer,2030,112,2,2,0.08104638075572493
2667,electrolizer,2030,112,3,3,0.08104638075572493
2668,electrolizer,2030,112,4,4,0.08104638075572493
2669,electrolizer,2030,112,5,5,0.08104638075572493
2670,electrolizer,2030,112,6,6,0.08104638075572493
2671,electrolizer,2030,112,7,7,0.08104638075572493
2672,electrolizer,2030,112,8,8,0.08104638075572493
2673,electrolizer,2030,112,9,9,0.08104638075572493
2674,electrolizer,2030,112,10,10,0.08104638075572493
2675,electrolizer,2030,112,11,11,0.08104638075572493
2676,electrolizer,2030,112,12,12,0.08104638075572493
2677,electrolizer,2030,112,13,13,0.08104638075572493
2678,electrolizer,2030,112,14,14,0.08104638075572493
2679,electrolizer,2030,112,15,15,0.08104638075572493
2680,electrolizer,2030,112,16,16,0.08104638075572493
2681,electrolizer,2030,112,17,17,0.08104638075572493
2682,electrolizer,2030,112,18,18,0.08104638075572493
2683,electrolizer,2030,112,19,19,0.08104638075572493
2684,electrolizer,2030,112,20,20,0.08104638075572493
2685,electrolizer,2030,112,21,21,0.08104638075572493
2686,electrolizer,2030,112,22,22,0.08104638075572493
2687,electrolizer,2030,112,23,23,0.08104638075572493
2688,electrolizer,2030,112,24,24,0.08104638075572493
2689,electrolizer,2030,113,1,1,0.12120758813283229
2690,electrolizer,2030,113,2,2,0.12120758813283229
2691,electrolizer,2030,113,3,3,0.12120758813283229
2692,electrolizer,2030,113,4,4,0.004848303525313292
2693,electrolizer,2030,113,5,5,0.004848303525313292
2694,electrolizer,2030,113,6,6,0.004848303525313292
2695,electrolizer,2030,113,7,7,0.004848303525313292
2696,electrolizer,2030,113,8,8,0.12120758813283229
2697,electrolizer,2030,113,9,9,0.12120758813283229
2698,electrolizer,2030,113,10,10,0.12120758813283229
2699,electrolizer,2030,113,11,11,0.12120758813283229
2700,electrolizer,2030,113,12,12,0.12120758813283229
2701,electrolizer,2030,113,13,13,0.12120758813283229
2702,electrolizer,2030,113,14,14,0.12120758813283229
2703,electrolizer,2030,113,15,15,0.12120758813283229
2704,electrolizer,2030,113,16,16,0.12120758813283229
2705,electrolizer,2030,113,17,17,0.12120758813283229
2706,electrolizer,2030,113,18,18,0.12120758813283229
2707,electrolizer,2030,113,19,19,0.12120758813283229
2708,electrolizer,2030,113,20,20,0.12120758813283229
2709,electrolizer,2030,113,21,21,0.12120758813283229
2710,electrolizer,2030,113,22,22,0.12120758813283229
2711,electrolizer,2030,113,23,23,0.12120758813283229
2712,electrolizer,2030,113,24,24,0.12120758813283229
2713,electrolizer,2030,114,1,1,0.2115365492174909
2714,electrolizer,2030,114,2,2,0.2115365492174909
2715,electrolizer,2030,114,3,3,0.2115365492174909
2716,electrolizer,2030,114,4,4,0.2115365492174909
2717,electrolizer,2030,114,5,5,0.2115365492174909
2718,electrolizer,2030,114,6,6,0.2115365492174909
2719,electrolizer,2030,114,7,7,0.2115365492174909
2720,electrolizer,2030,114,8,8,0.2115365492174909
2721,electrolizer,2030,114,9,9,0.2115365492174909
2722,electrolizer,2030,114,10,10,0.2115365492174909
2723,electrolizer,2030,114,11,11,0.2115365492174909
2724,electrolizer,2030,114,12,12,0.2115365492174909
2725,electrolizer,2030,114,13,13,0.2115365492174909
2726,electrolizer,2030,114,14,14,0.2115365492174909
2727,electrolizer,2030,114,15,15,0.2115365492174909
2728,electrolizer,2030,114,16,16,0.2115365492174909
2729,electrolizer,2030,114,17,17,0.2115365492174909
2730,electrolizer,2030,114,18,18,0.2115365492174909
2731,electrolizer,2030,114,19,19,0.2115365492174909
2732,electrolizer,2030,114,20,20,0.2115365492174909
2733,electrolizer,2030,114,21,21,0.2115365492174909
2734,electrolizer,2030,114,22,22,0.2115365492174909
2735,electrolizer,2030,114,23,23,0.2115365492174909
2736,electrolizer,2030,114,24,24,0.2115365492174909
2737,electrolizer,2030,115,1,1,0.024971991545747783
2738,electrolizer,2030,115,2,2,0.024971991545747783
2739,electrolizer,2030,115,3,3,0.024971991545747783
2740,electrolizer,2030,115,4,4,0.024971991545747783
2741,electrolizer,2030,115,5,5,0.024971991545747783
2742,electrolizer,2030,115,6,6,0.024971991545747783
2743,electrolizer,2030,115,7,7,0.024971991545747783
2744,electrolizer,2030,115,8,8,0.024971991545747783
2745,electrolizer,2030,115,9,9,0.024971991545747783
2746,electrolizer,2030,115,10,10,0.024971991545747783
2747,electrolizer,2030,115,11,11,0.024971991545747783
2748,electrolizer,2030,115,12,12,0.024971991545747783
2749,electrolizer,2030,115,13,13,0.024971991545747783
2750,electrolizer,2030,115,14,14,0.024971991545747783
2751,electrolizer,2030,115,15,15,0.024971991545747783
2752,electrolizer,2030,115,16,16,0.024971991545747783
2753,electrolizer,2030,115,17,17,0.024971991545747783
2754,electrolizer,2030,115,18,18,0.024971991545747783
2755,electrolizer,2030,115,19,19,0.024971991545747783
2756,electrolizer,2030,115,20,20,0.024971991545747783
2757,electrolizer,2030,115,21,21,0.024971991545747783
2758,electrolizer,2030,115,22,22,0.024971991545747783
2759,electrolizer,2030,115,23,23,0.024971991545747783
2760,electrolizer,2030,115,24,24,0.024971991545747783
2761,electrolizer,2030,116,1,1,0.09020149789609373
2762,electrolizer,2030,116,2,2,0.09020149789609376
2763,electrolizer,2030,116,3,3,0.09020149789609376
2764,electrolizer,2030,116,4,4,0.09020149789609376
2765,electrolizer,2030,116,5,5,0.09020149789609376
2766,electrolizer,2030,116,6,6,0.09020149789609376
2767,electrolizer,2030,116,7,7,0.09020149789609376
2768,electrolizer,2030,116,8,8,0.09020149789609376
2769,electrolizer,2030,116,9,9,0.09020149789609376
2770,electrolizer,2030,116,10,10,0.09020149789609376
2771,electrolizer,2030,116,11,11,0.09020149789609376
2772,electrolizer,2030,116,12,12,0.09020149789609376
2773,electrolizer,2030,116,13,13,0.09020149789609376
2774,electrolizer,2030,116,14,14,0.09020149789609376
2775,electrolizer,2030,116,15,15,0.09020149789609376
2776,electrolizer,2030,116,16,16,0.09020149789609376
2777,electrolizer,2030,116,17,17,0.09020149789609376
2778,electrolizer,2030,116,18,18,0.09020149789609376
2779,electrolizer,2030,116,19,19,0.09020149789609376
2780,electrolizer,2030,116,20,20,0.09020149789609376
2781,electrolizer,2030,116,21,21,0.09020149789609376
2782,electrolizer,2030,116,22,22,0.09020149789609376
2783,electrolizer,2030,116,23,23,0.09020149789609376
2784,electrolizer,2030,116,24,24,0.09020149789609376
2785,electrolizer,2030,117,1,1,0.1299945583708276
2786,electrolizer,2030,117,2,2,0.1299945583708276
2787,electrolizer,2030,117,3,3,0.1299945583708276
2788,electrolizer,2030,117,4,4,0.1299945583708276
2789,electrolizer,2030,117,5,5,0.1299945583708276
2790,electrolizer,2030,117,6,6,0.1299945583708276
2791,electrolizer,2030,117,7,7,0.1299945583708276
2792,electrolizer,2030,117,8,8,0.1299945583708276
2793,electrolizer,2030,117,9,9,0.1299945583708276
2794,electrolizer,2030,117,10,10,0.1299945583708276
2795,electrolizer,2030,117,11,11,0.1299945583708276
2796,electrolizer,2030,117,12,12,0.1299945583708276
2797,electrolizer,2030,117,13,13,0.1299945583708276
2798,electrolizer,2030,117,14,14,0.1299945583708276
2799,electrolizer,2030,117,15,15,0.1299945583708276
2800,electrolizer,2030,117,16,16,0.1299945583708276
2801,electrolizer,2030,117,17,17,0.1299945583708276
2802,electrolizer,2030,117,18,18,0.1299945583708276
2803,electrolizer,2030,117,19,19,0.1299945583708276
2804,electrolizer,2030,117,20,20,0.1299945583708276
2805,electrolizer,2030,117,21,21,0.1299945583708276
2806,electrolizer,2030,117,22,22,0.1299945583708276
2807,electrolizer,2030,117,23,23,0.1299945583708276
2808,electrolizer,2030,117,24,24,0.1299945583708276
2809,electrolizer,2030,118,1,1,0.0827681005756625
2810,electrolizer,2030,118,2,2,0.08276810057566256
2811,electrolizer,2030,118,3,3,0.08276810057566256
2812,electrolizer,2030,118,4,4,0.08276810057566256
2813,electrolizer,2030,118,5,5,0.08276810057566256
2814,electrolizer,2030,118,6,6,0.08276810057566256
2815,electrolizer,2030,118,7,7,0.08276810057566256
2816,electrolizer,2030,118,8,8,0.08276810057566256
2817,electrolizer,2030,118,9,9,0.08276810057566256
2818,electrolizer,2030,118,10,10,0.08276810057566256
2819,electrolizer,2030,118,11,11,0.08276810057566256
2820,electrolizer,2030,118,12,12,0.08276810057566256
2821,electrolizer,2030,118,13,13,0.08276810057566256
2822,electrolizer,2030,118,14,14,0.08276810057566256
2823,electrolizer,2030,118,15,15,0.08276810057566256
2824,electrolizer,2030,118,16,16,0.08276810057566256
2825,electrolizer,2030,118,17,17,0.08276810057566256
2826,electrolizer,2030,118,18,18,0.08276810057566256
2827,electrolizer,2030,118,19,19,0.08276810057566256
2828,electrolizer,2030,118,20,20,0.08276810057566256
2829,electrolizer,2030,118,21,21,0.08276810057566256
2830,electrolizer,2030,118,22,22,0.08276810057566256
2831,electrolizer,2030,118,23,23,0.08276810057566256
2832,electrolizer,2030,118,24,24,0.08276810057566256
2833,electrolizer,2030,119,1,1,0.10306570222498634
2834,electrolizer,2030,119,2,2,0.10306570222498641
2835,electrolizer,2030,119,3,3,0.1030657022249864
2836,electrolizer,2030,119,4,4,0.1030657022249864
2837,electrolizer,2030,119,5,5,0.1030657022249864
2838,electrolizer,2030,119,6,6,0.1030657022249864
2839,electrolizer,2030,119,7,7,0.1030657022249864
2840,electrolizer,2030,119,8,8,0.1030657022249864
2841,electrolizer,2030,119,9,9,0.1030657022249864
2842,electrolizer,2030,119,10,10,0.1030657022249864
2843,electrolizer,2030,119,11,11,0.1030657022249864
2844,electrolizer,2030,119,12,12,0.1030657022249864
2845,electrolizer,2030,119,13,13,0.1030657022249864
2846,electrolizer,2030,119,14,14,0.1030657022249864
2847,electrolizer,2030,119,15,15,0.1030657022249864
2848,electrolizer,2030,119,16,16,0.1030657022249864
2849,electrolizer,2030,119,17,17,0.1030657022249864
2850,electrolizer,2030,119,18,18,0.1030657022249864
2851,electrolizer,2030,119,19,19,0.1030657022249864
2852,electrolizer,2030,119,20,20,0.1030657022249864
2853,electrolizer,2030,119,21,21,0.1030657022249864
2854,electrolizer,2030,119,22,22,0.1030657022249864
2855,electrolizer,2030,119,23,23,0.1030657022249864
2856,electrolizer,2030,119,24,24,0.1030657022249864
2857,electrolizer,2030,120,1,1,0.0855645711427876
2858,electrolizer,2030,120,2,2,0.08556457114278758
2859,electrolizer,2030,120,3,3,0.08556457114278758
2860,electrolizer,2030,120,4,4,0.08556457114278758
2861,electrolizer,2030,120,5,5,0.08556457114278758
2862,electrolizer,2030,120,6,6,0.08556457114278758
2863,electrolizer,2030,120,7,7,0.08556457114278758
2864,electrolizer,2030,120,8,8,0.08556457114278758
2865,electrolizer,2030,120,9,9,0.08556457114278758
2866,electrolizer,2030,120,10,10,0.08556457114278758
2867,electrolizer,2030,120,11,11,0.08556457114278758
2868,electrolizer,2030,120,12,12,0.08556457114278758
2869,electrolizer,2030,120,13,13,0.08556457114278758
2870,electrolizer,2030,120,14,14,0.08556457114278758
2871,electrolizer,2030,120,15,15,0.08556457114278758
2872,electrolizer,2030,120,16,16,0.0855645711427876
2873,electrolizer,2030,120,17,17,0.08556457114278758
2874,electrolizer,2030,120,18,18,0.08556457114278758
2875,electrolizer,2030,120,19,19,0.08556457114278758
2876,electrolizer,2030,120,20,20,0.08556457114278758
2877,electrolizer,2030,120,21,21,0.08556457114278758
2878,electrolizer,2030,120,22,22,0.08556457114278758
2879,electrolizer,2030,120,23,23,0.08556457114278758
2880,electrolizer,2030,120,24,24,0.08556457114278758
2881,electrolizer,2030,121,1,1,0.15899418385688158
2882,electrolizer,2030,121,2,2,0.15899418385688158
2883,electrolizer,2030,121,3,3,0.006359767354275263
2884,electrolizer,2030,121,4,4,0.006359767354275263
2885,electrolizer,2030,121,5,5,0.006359767354275263
2886,electrolizer,2030,121,6,6,0.006359767354275263
2887,electrolizer,2030,121,7,7,0.006359767354275263
2888,electrolizer,2030,121,8,8,0.006359767354275263
2889,electrolizer,2030,121,9,9,0.006359767354275263
2890,electrolizer,2030,121,10,10,0.006359767354275263
2891,electrolizer,2030,121,11,11,0.15899418385688158
2892,electrolizer,2030,121,12,12,0.15899418385688158
2893,electrolizer,2030,121,13,13,0.15899418385688158
2894,electrolizer,2030,121,14,14,0.15899418385688158
2895,electrolizer,2030,121,15,15,0.15899418385688158
2896,electrolizer,2030,121,16,16,0.15899418385688158
2897,electrolizer,2030,121,17,17,0.15899418385688158
2898,electrolizer,2030,121,18,18,0.15899418385688158
2899,electrolizer,2030,121,19,19,0.15899418385688158
2900,electrolizer,2030,121,20,20,0.15899418385688158
2901,electrolizer,2030,121,21,21,0.006359767354275263
2902,electrolizer,2030,121,22,22,0.006359767354275263
2903,electrolizer,2030,121,23,23,0.006359767354275263
2904,electrolizer,2030,121,24,24,0.006359767354275263
2905,electrolizer,2030,122,1,1,0.08821816904825726
2906,electrolizer,2030,122,2,2,0.08821816904825724
2907,electrolizer,2030,122,3,3,0.08821816904825724
2908,electrolizer,2030,122,4,4,0.08821816904825724
2909,electrolizer,2030,122,5,5,0.08821816904825724
2910,electrolizer,2030,122,6,6,0.08821816904825724
2911,electrolizer,2030,122,7,7,0.08821816904825724
2912,electrolizer,2030,122,8,8,0.08821816904825723
2913,electrolizer,2030,122,9,9,0.08821816904825723
2914,electrolizer,2030,122,10,10,0.08821816904825723
2915,electrolizer,2030,122,11,11,0.08821816904825723
2916,electrolizer,2030,122,12,12,0.08821816904825723
2917,electrolizer,2030,122,13,13,0.08821816904825724
2918,electrolizer,2030,122,14,14,0.08821816904825724
2919,electrolizer,2030,122,15,15,0.08821816904825723
2920,electrolizer,2030,122,16,16,0.08821816904825724
2921,electrolizer,2030,122,17,17,0.08821816904825724
2922,electrolizer,2030,122,18,18,0.08821816904825723
2923,electrolizer,2030,122,19,19,0.08821816904825724
2924,electrolizer,2030,122,20,20,0.08821816904825726
2925,electrolizer,2030,122,21,21,0.08821816904825723
2926,electrolizer,2030,122,22,22,0.08821816904825724
2927,electrolizer,2030,122,23,23,0.08821816904825724
2928,electrolizer,2030,122,24,24,0.08821816904825724
2929,electrolizer,2030,123,1,1,0.11272328888912778
2930,electrolizer,2030,123,2,2,0.1127232888891278
2931,electrolizer,2030,123,3,3,0.1127232888891278
2932,electrolizer,2030,123,4,4,0.1127232888891278
2933,electrolizer,2030,123,5,5,0.1127232888891278
2934,electrolizer,2030,123,6,6,0.1127232888891278
2935,electrolizer,2030,123,7,7,0.1127232888891278
2936,electrolizer,2030,123,8,8,0.11272328888912778
2937,electrolizer,2030,123,9,9,0.1127232888891278
2938,electrolizer,2030,123,10,10,0.1127232888891278
2939,electrolizer,2030,123,11,11,0.1127232888891278
2940,electrolizer,2030,123,12,12,0.1127232888891278
2941,electrolizer,2030,123,13,13,0.1127232888891278
2942,electrolizer,2030,123,14,14,0.1127232888891278
2943,electrolizer,2030,123,15,15,0.1127232888891278
2944,electrolizer,2030,123,16,16,0.1127232888891278
2945,electrolizer,2030,123,17,17,0.1127232888891278
2946,electrolizer,2030,123,18,18,0.1127232888891278
2947,electrolizer,2030,123,19,19,0.1127232888891278
2948,electrolizer,2030,123,20,20,0.1127232888891278
2949,electrolizer,2030,123,21,21,0.1127232888891278
2950,electrolizer,2030,123,22,22,0.1127232888891278
2951,electrolizer,2030,123,23,23,0.1127232888891278
2952,electrolizer,2030,123,24,24,0.1127232888891278
2953,electrolizer,2030,124,1,1,0.0432178817777818
2954,electrolizer,2030,124,2,2,0.0432178817777818
2955,electrolizer,2030,124,3,3,0.0432178817777818
2956,electrolizer,2030,124,4,4,0.0432178817777818
2957,electrolizer,2030,124,5,5,0.04321788177778182
2958,electrolizer,2030,124,6,6,0.0432178817777818
2959,electrolizer,2030,124,7,7,0.0432178817777818
2960,electrolizer,2030,124,8,8,0.0432178817777818
2961,electrolizer,2030,124,9,9,0.0432178817777818
2962,electrolizer,2030,124,10,10,0.04321788177778182
2963,electrolizer,2030,124,11,11,0.0432178817777818
2964,electrolizer,2030,124,12,12,0.0432178817777818
2965,electrolizer,2030,124,13,13,0.0432178817777818
2966,electrolizer,2030,124,14,14,0.04321788177778182
2967,electrolizer,2030,124,15,15,0.0432178817777818
2968,electrolizer,2030,124,16,16,0.0432178817777818
2969,electrolizer,2030,124,17,17,0.0432178817777818
2970,electrolizer,2030,124,18,18,0.0432178817777818
2971,electrolizer,2030,124,19,19,0.0432178817777818
2972,electrolizer,2030,124,20,20,0.0432178817777818
2973,electrolizer,2030,124,21,21,0.04321788177778182
2974,electrolizer,2030,124,22,22,0.0432178817777818
2975,electrolizer,2030,124,23,23,0.0432178817777818
2976,electrolizer,2030,124,24,24,0.0432178817777818
2977,electrolizer,2030,125,1,1,0.06633446548440018
2978,electrolizer,2030,125,2,2,0.06633446548440018
2979,electrolizer,2030,125,3,3,0.06633446548440021
2980,electrolizer,2030,125,4,4,0.06633446548440021
2981,electrolizer,2030,125,5,5,0.06633446548440021
2982,electrolizer,2030,125,6,6,0.06633446548440021
2983,electrolizer,2030,125,7,7,0.06633446548440021
2984,electrolizer,2030,125,8,8,0.06633446548440021
2985,electrolizer,2030,125,9,9,0.06633446548440021
2986,electrolizer,2030,125,10,10,0.06633446548440021
2987,electrolizer,2030,125,11,11,0.06633446548440021
2988,electrolizer,2030,125,12,12,0.06633446548440018
2989,electrolizer,2030,125,13,13,0.06633446548440018
2990,electrolizer,2030,125,14,14,0.06633446548440021
2991,electrolizer,2030,125,15,15,0.06633446548440021
2992,electrolizer,2030,125,16,16,0.06633446548440021
2993,electrolizer,2030,125,17,17,0.06633446548440021
2994,electrolizer,2030,125,18,18,0.06633446548440021
2995,electrolizer,2030,125,19,19,0.06633446548440021
2996,electrolizer,2030,125,20,20,0.06633446548440021
2997,electrolizer,2030,125,21,21,0.06633446548440021
2998,electrolizer,2030,125,22,22,0.06633446548440021
2999,electrolizer,2030,125,23,23,0.06633446548440021
3000,electrolizer,2030,125,24,24,0.06633446548440021
3001,electrolizer,2030,126,1,1,0.2990070684163973
3002,electrolizer,2030,126,2,2,0.29900706841639735
3003,electrolizer,2030,126,3,3,0.29900706841639735
3004,electrolizer,2030,126,4,4,0.29900706841639735
3005,electrolizer,2030,126,5,5,0.29900706841639735
3006,electrolizer,2030,126,6,6,0.29900706841639735
3007,electrolizer,2030,126,7,7,0.29900706841639735
3008,electrolizer,2030,126,8,8,0.29900706841639735
3009,electrolizer,2030,126,9,9,0.29900706841639735
3010,electrolizer,2030,126,10,10,0.29900706841639735
3011,electrolizer,2030,126,11,11,0.29900706841639735
3012,electrolizer,2030,126,12,12,0.29900706841639735
3013,electrolizer,2030,126,13,13,0.29900706841639735
3014,electrolizer,2030,126,14,14,0.29900706841639735
3015,electrolizer,2030,126,15,15,0.29900706841639735
3016,electrolizer,2030,126,16,16,0.29900706841639735
3017,electrolizer,2030,126,17,17,0.29900706841639735
3018,electrolizer,2030,126,18,18,0.29900706841639735
3019,electrolizer,2030,126,19,19,0.29900706841639735
3020,electrolizer,2030,126,20,20,0.29900706841639735
3021,electrolizer,2030,126,21,21,0.29900706841639735
3022,electrolizer,2030,126,22,22,0.29900706841639735
3023,electrolizer,2030,126,23,23,0.29900706841639735
3024,electrolizer,2030,126,24,24,0.29900706841639735
3025,electrolizer,2030,127,1,1,0.03707493183853371
3026,electrolizer,2030,127,2,2,0.03707493183853371
3027,electrolizer,2030,127,3,3,0.03707493183853371
3028,electrolizer,2030,127,4,4,0.03707493183853373
3029,electrolizer,2030,127,5,5,0.03707493183853371
3030,electrolizer,2030,127,6,6,0.03707493183853371
3031,electrolizer,2030,127,7,7,0.03707493183853371
3032,electrolizer,2030,127,8,8,0.03707493183853373
3033,electrolizer,2030,127,9,9,0.03707493183853371
3034,electrolizer,2030,127,10,10,0.03707493183853371
3035,electrolizer,2030,127,11,11,0.03707493183853371
3036,electrolizer,2030,127,12,12,0.03707493183853371
3037,electrolizer,2030,127,13,13,0.03707493183853373
3038,electrolizer,2030,127,14,14,0.03707493183853371
3039,electrolizer,2030,127,15,15,0.03707493183853371
3040,electrolizer,2030,127,16,16,0.03707493183853373
3041,electrolizer,2030,127,17,17,0.03707493183853371
3042,electrolizer,2030,127,18,18,0.03707493183853373
3043,electrolizer,2030,127,19,19,0.03707493183853371
3044,electrolizer,2030,127,20,20,0.03707493183853371
3045,electrolizer,2030,127,21,21,0.03707493183853371
3046,electrolizer,2030,127,22,22,0.03707493183853371
3047,electrolizer,2030,127,23,23,0.03707493183853371
3048,electrolizer,2030,127,24,24,0.03707493183853371
3049,electrolizer,2030,128,1,1,0.004992720394035325
3050,electrolizer,2030,128,2,2,0.004992720394035325
3051,electrolizer,2030,128,3,3,0.004992720394035325
3052,electrolizer,2030,128,4,4,0.004992720394035325
3053,electrolizer,2030,128,5,5,0.004992720394035325
3054,electrolizer,2030,128,6,6,0.004992720394035325
3055,electrolizer,2030,128,7,7,0.004992720394035325
3056,electrolizer,2030,128,8,8,0.004992720394035325
3057,electrolizer,2030,128,9,9,0.004992720394035325
3058,electrolizer,2030,128,10,10,0.004992720394035325
3059,electrolizer,2030,128,11,11,0.12481800985088314
3060,electrolizer,2030,128,12,12,0.12481800985088314
3061,electrolizer,2030,128,13,13,0.004992720394035325
3062,electrolizer,2030,128,14,14,0.004992720394035325
3063,electrolizer,2030,128,15,15,0.004992720394035325
3064,electrolizer,2030,128,16,16,0.004992720394035325
3065,electrolizer,2030,128,17,17,0.004992720394035325
3066,electrolizer,2030,128,18,18,0.004992720394035325
3067,electrolizer,2030,128,19,19,0.004992720394035325
3068,electrolizer,2030,128,20,20,0.004992720394035325
3069,electrolizer,2030,128,21,21,0.004992720394035325
3070,electrolizer,2030,128,22,22,0.004992720394035325
3071,electrolizer,2030,128,23,23,0.004992720394035325
3072,electrolizer,2030,128,24,24,0.004992720394035325
3073,electrolizer,2030,129,1,1,0.061048353996969465
3074,electrolizer,2030,129,2,2,0.061048353996969465
3075,electrolizer,2030,129,3,3,0.06104835399696948
3076,electrolizer,2030,129,4,4,0.061048353996969465
3077,electrolizer,2030,129,5,5,0.061048353996969465
3078,electrolizer,2030,129,6,6,0.061048353996969465
3079,electrolizer,2030,129,7,7,0.061048353996969465
3080,electrolizer,2030,129,8,8,0.061048353996969465
3081,electrolizer,2030,129,9,9,0.061048353996969465
3082,electrolizer,2030,129,10,10,0.061048353996969465
3083,electrolizer,2030,129,11,11,0.061048353996969465
3084,electrolizer,2030,129,12,12,0.061048353996969465
3085,electrolizer,2030,129,13,13,0.06104835399696948
3086,electrolizer,2030,129,14,14,0.061048353996969465
3087,electrolizer,2030,129,15,15,0.061048353996969465
3088,electrolizer,2030,129,16,16,0.061048353996969465
3089,electrolizer,2030,129,17,17,0.06104835399696948
3090,electrolizer,2030,129,18,18,0.061048353996969465
3091,electrolizer,2030,129,19,19,0.061048353996969465
3092,electrolizer,2030,129,20,20,0.061048353996969465
3093,electrolizer,2030,129,21,21,0.061048353996969465
3094,electrolizer,2030,129,22,22,0.061048353996969465
3095,electrolizer,2030,129,23,23,0.061048353996969465
3096,electrolizer,2030,129,24,24,0.061048353996969465
3097,electrolizer,2030,130,1,1,0.05397588257465543
3098,electrolizer,2030,130,2,2,0.05397588257465543
3099,electrolizer,2030,130,3,3,0.05397588257465543
3100,electrolizer,2030,130,4,4,0.05397588257465543
3101,electrolizer,2030,130,5,5,0.05397588257465542
3102,electrolizer,2030,130,6,6,0.05397588257465543
3103,electrolizer,2030,130,7,7,0.05397588257465543
3104,electrolizer,2030,130,8,8,0.05397588257465543
3105,electrolizer,2030,130,9,9,0.05397588257465543
3106,electrolizer,2030,130,10,10,0.05397588257465543
3107,electrolizer,2030,130,11,11,0.05397588257465543
3108,electrolizer,2030,130,12,12,0.05397588257465543
3109,electrolizer,2030,130,13,13,0.05397588257465542
3110,electrolizer,2030,130,14,14,0.05397588257465543
3111,electrolizer,2030,130,15,15,0.05397588257465543
3112,electrolizer,2030,130,16,16,0.05397588257465543
3113,electrolizer,2030,130,17,17,0.05397588257465543
3114,electrolizer,2030,130,18,18,0.05397588257465543
3115,electrolizer,2030,130,19,19,0.05397588257465542
3116,electrolizer,2030,130,20,20,0.05397588257465542
3117,electrolizer,2030,130,21,21,0.05397588257465543
3118,electrolizer,2030,130,22,22,0.05397588257465542
3119,electrolizer,2030,130,23,23,0.05397588257465543
3120,electrolizer,2030,130,24,24,0.05397588257465543
3121,electrolizer,2030,131,1,1,0.0664374903750137
3122,electrolizer,2030,131,2,2,0.06643749037501369
3123,electrolizer,2030,131,3,3,0.06643749037501369
3124,electrolizer,2030,131,4,4,0.06643749037501369
3125,electrolizer,2030,131,5,5,0.06643749037501369
3126,electrolizer,2030,131,6,6,0.06643749037501369
3127,electrolizer,2030,131,7,7,0.06643749037501369
3128,electrolizer,2030,131,8,8,0.06643749037501369
3129,electrolizer,2030,131,9,9,0.0664374903750137
3130,electrolizer,2030,131,10,10,0.06643749037501369
3131,electrolizer,2030,131,11,11,0.06643749037501369
3132,electrolizer,2030,131,12,12,0.06643749037501369
3133,electrolizer,2030,131,13,13,0.06643749037501369
3134,electrolizer,2030,131,14,14,0.06643749037501369
3135,electrolizer,2030,131,15,15,0.06643749037501369
3136,electrolizer,2030,131,16,16,0.06643749037501369
3137,electrolizer,2030,131,17,17,0.0664374903750137
3138,electrolizer,2030,131,18,18,0.0664374903750137
3139,electrolizer,2030,131,19,19,0.06643749037501369
3140,electrolizer,2030,131,20,20,0.06643749037501369
3141,electrolizer,2030,131,21,21,0.06643749037501369
3142,electrolizer,2030,131,22,22,0.06643749037501369
3143,electrolizer,2030,131,23,23,0.06643749037501369
3144,electrolizer,2030,131,24,24,0.06643749037501369
3145,electrolizer,2030,132,1,1,0.18943557408541256
3146,electrolizer,2030,132,2,2,0.18943557408541248
3147,electrolizer,2030,132,3,3,0.18943557408541248
3148,electrolizer,2030,132,4,4,0.18943557408541248
3149,electrolizer,2030,132,5,5,0.18943557408541248
3150,electrolizer,2030,132,6,6,0.18943557408541248
3151,electrolizer,2030,132,7,7,0.18943557408541248
3152,electrolizer,2030,132,8,8,0.18943557408541248
3153,electrolizer,2030,132,9,9,0.18943557408541248
3154,electrolizer,2030,132,10,10,0.18943557408541248
3155,electrolizer,2030,132,11,11,0.18943557408541248
3156,electrolizer,2030,132,12,12,0.18943557408541248
3157,electrolizer,2030,132,13,13,0.18943557408541248
3158,electrolizer,2030,132,14,14,0.18943557408541248
3159,electrolizer,2030,132,15,15,0.18943557408541248
3160,electrolizer,2030,132,16,16,0.18943557408541248
3161,electrolizer,2030,132,17,17,0.18943557408541248
3162,electrolizer,2030,132,18,18,0.18943557408541248
3163,electrolizer,2030,132,19,19,0.18943557408541248
3164,electrolizer,2030,132,20,20,0.18943557408541248
3165,electrolizer,2030,132,21,21,0.18943557408541248
3166,electrolizer,2030,132,22,22,0.18943557408541248
3167,electrolizer,2030,132,23,23,0.18943557408541248
3168,electrolizer,2030,132,24,24,0.18943557408541248
3169,electrolizer,2030,133,1,1,0.06660582810807664
3170,electrolizer,2030,133,2,2,0.06660582810807665
3171,electrolizer,2030,133,3,3,0.06660582810807665
3172,electrolizer,2030,133,4,4,0.06660582810807665
3173,electrolizer,2030,133,5,5,0.06660582810807665
3174,electrolizer,2030,133,6,6,0.06660582810807665
3175,electrolizer,2030,133,7,7,0.06660582810807665
3176,electrolizer,2030,133,8,8,0.06660582810807665
3177,electrolizer,2030,133,9,9,0.06660582810807665
3178,electrolizer,2030,133,10,10,0.06660582810807664
3179,electrolizer,2030,133,11,11,0.06660582810807665
3180,electrolizer,2030,133,12,12,0.06660582810807665
3181,electrolizer,2030,133,13,13,0.06660582810807665
3182,electrolizer,2030,133,14,14,0.06660582810807665
3183,electrolizer,2030,133,15,15,0.06660582810807664
3184,electrolizer,2030,133,16,16,0.06660582810807665
3185,electrolizer,2030,133,17,17,0.06660582810807665
3186,electrolizer,2030,133,18,18,0.06660582810807665
3187,electrolizer,2030,133,19,19,0.06660582810807665
3188,electrolizer,2030,133,20,20,0.06660582810807665
3189,electrolizer,2030,133,21,21,0.06660582810807665
3190,electrolizer,2030,133,22,22,0.06660582810807665
3191,electrolizer,2030,133,23,23,0.06660582810807665
3192,electrolizer,2030,133,24,24,0.06660582810807665
3193,electrolizer,2030,134,1,1,0.0015687059930081953
3194,electrolizer,2030,134,2,2,0.0015687059930081953
3195,electrolizer,2030,134,3,3,0.0015687059930081953
3196,electrolizer,2030,134,4,4,0.0015687059930081953
3197,electrolizer,2030,134,5,5,0.0015687059930081953
3198,electrolizer,2030,134,6,6,0.03921764982520487
3199,electrolizer,2030,134,7,7,0.03921764982520488
3200,electrolizer,2030,134,8,8,0.03921764982520488
3201,electrolizer,2030,134,9,9,0.03921764982520488
3202,electrolizer,2030,134,10,10,0.03921764982520488
3203,electrolizer,2030,134,11,11,0.03921764982520488
3204,electrolizer,2030,134,12,12,0.03921764982520487
3205,electrolizer,2030,134,13,13,0.03921764982520488
3206,electrolizer,2030,134,14,14,0.03921764982520488
3207,electrolizer,2030,134,15,15,0.03921764982520488
3208,electrolizer,2030,134,16,16,0.03921764982520488
3209,electrolizer,2030,134,17,17,0.03921764982520488
3210,electrolizer,2030,134,18,18,0.03921764982520488
3211,electrolizer,2030,134,19,19,0.03921764982520488
3212,electrolizer,2030,134,20,20,0.03921764982520487
3213,electrolizer,2030,134,21,21,0.03921764982520487
3214,electrolizer,2030,134,22,22,0.03921764982520488
3215,electrolizer,2030,134,23,23,0.03921764982520487
3216,electrolizer,2030,134,24,24,0.03921764982520488
3217,electrolizer,2030,135,1,1,0.06584282057171288
3218,electrolizer,2030,135,2,2,0.0658428205717129
3219,electrolizer,2030,135,3,3,0.0658428205717129
3220,electrolizer,2030,135,4,4,0.0658428205717129
3221,electrolizer,2030,135,5,5,0.0658428205717129
3222,electrolizer,2030,135,6,6,0.06584282057171288
3223,electrolizer,2030,135,7,7,0.0658428205717129
3224,electrolizer,2030,135,8,8,0.0658428205717129
3225,electrolizer,2030,135,9,9,0.0658428205717129
3226,electrolizer,2030,135,10,10,0.0658428205717129
3227,electrolizer,2030,135,11,11,0.0658428205717129
3228,electrolizer,2030,135,12,12,0.06584282057171288
3229,electrolizer,2030,135,13,13,0.0658428205717129
3230,electrolizer,2030,135,14,14,0.06584282057171288
3231,electrolizer,2030,135,15,15,0.0658428205717129
3232,electrolizer,2030,135,16,16,0.0658428205717129
3233,electrolizer,2030,135,17,17,0.0658428205717129
3234,electrolizer,2030,135,18,18,0.0658428205717129
3235,electrolizer,2030,135,19,19,0.0658428205717129
3236,electrolizer,2030,135,20,20,0.0658428205717129
3237,electrolizer,2030,135,21,21,0.0658428205717129
3238,electrolizer,2030,135,22,22,0.0658428205717129
3239,electrolizer,2030,135,23,23,0.0658428205717129
3240,electrolizer,2030,135,24,24,0.0658428205717129
3241,electrolizer,2030,136,1,1,0.13462336123709118
3242,electrolizer,2030,136,2,2,0.13462336123709118
3243,electrolizer,2030,136,3,3,0.13462336123709118
3244,electrolizer,2030,136,4,4,0.13462336123709118
3245,electrolizer,2030,136,5,5,0.13462336123709118
3246,electrolizer,2030,136,6,6,0.13462336123709118
3247,electrolizer,2030,136,7,7,0.13462336123709118
3248,electrolizer,2030,136,8,8,0.13462336123709118
3249,electrolizer,2030,136,9,9,0.13462336123709118
3250,electrolizer,2030,136,10,10,0.13462336123709118
3251,electrolizer,2030,136,11,11,0.13462336123709118
3252,electrolizer,2030,136,12,12,0.13462336123709118
3253,electrolizer,2030,136,13,13,0.13462336123709118
3254,electrolizer,2030,136,14,14,0.13462336123709118
3255,electrolizer,2030,136,15,15,0.13462336123709118
3256,electrolizer,2030,136,16,16,0.13462336123709118
3257,electrolizer,2030,136,17,17,0.13462336123709118
3258,electrolizer,2030,136,18,18,0.13462336123709118
3259,electrolizer,2030,136,19,19,0.13462336123709118
3260,electrolizer,2030,136,20,20,0.13462336123709118
3261,electrolizer,2030,136,21,21,0.13462336123709118
3262,electrolizer,2030,136,22,22,0.13462336123709118
3263,electrolizer,2030,136,23,23,0.13462336123709118
3264,electrolizer,2030,136,24,24,0.13462336123709118
3265,electrolizer,2030,137,1,1,0.08731854369556671
3266,electrolizer,2030,137,2,2,0.08731854369556673
3267,electrolizer,2030,137,3,3,0.08731854369556671
3268,electrolizer,2030,137,4,4,0.08731854369556673
3269,electrolizer,2030,137,5,5,0.08731854369556671
3270,electrolizer,2030,137,6,6,0.08731854369556673
3271,electrolizer,2030,137,7,7,0.08731854369556673
3272,electrolizer,2030,137,8,8,0.08731854369556673
3273,electrolizer,2030,137,9,9,0.08731854369556673
3274,electrolizer,2030,137,10,10,0.08731854369556673
3275,electrolizer,2030,137,11,11,0.08731854369556673
3276,electrolizer,2030,137,12,12,0.08731854369556673
3277,electrolizer,2030,137,13,13,0.08731854369556673
3278,electrolizer,2030,137,14,14,0.08731854369556673
3279,electrolizer,2030,137,15,15,0.08731854369556673
3280,electrolizer,2030,137,16,16,0.08731854369556673
3281,electrolizer,2030,137,17,17,0.08731854369556673
3282,electrolizer,2030,137,18,18,0.08731854369556673
3283,electrolizer,2030,137,19,19,0.08731854369556673
3284,electrolizer,2030,137,20,20,0.08731854369556673
3285,electrolizer,2030,137,21,21,0.08731854369556673
3286,electrolizer,2030,137,22,22,0.08731854369556671
3287,electrolizer,2030,137,23,23,0.08731854369556673
3288,electrolizer,2030,137,24,24,0.08731854369556673
3289,electrolizer,2030,138,1,1,0.14136209203356268
3290,electrolizer,2030,138,2,2,0.14136209203356268
3291,electrolizer,2030,138,3,3,0.14136209203356268
3292,electrolizer,2030,138,4,4,0.14136209203356268
3293,electrolizer,2030,138,5,5,0.14136209203356268
3294,electrolizer,2030,138,6,6,0.14136209203356268
3295,electrolizer,2030,138,7,7,0.14136209203356268
3296,electrolizer,2030,138,8,8,0.14136209203356268
3297,electrolizer,2030,138,9,9,0.14136209203356268
3298,electrolizer,2030,138,10,10,0.14136209203356268
3299,electrolizer,2030,138,11,11,0.14136209203356268
3300,electrolizer,2030,138,12,12,0.14136209203356268
3301,electrolizer,2030,138,13,13,0.14136209203356268
3302,electrolizer,2030,138,14,14,0.14136209203356268
3303,electrolizer,2030,138,15,15,0.14136209203356268
3304,electrolizer,2030,138,16,16,0.14136209203356268
3305,electrolizer,2030,138,17,17,0.14136209203356268
3306,electrolizer,2030,138,18,18,0.14136209203356268
3307,electrolizer,2030,138,19,19,0.14136209203356268
3308,electrolizer,2030,138,20,20,0.14136209203356268
3309,electrolizer,2030,138,21,21,0.14136209203356268
3310,electrolizer,2030,138,22,22,0.14136209203356268
3311,electrolizer,2030,138,23,23,0.14136209203356268
3312,electrolizer,2030,138,24,24,0.14136209203356268
3313,electrolizer,2030,139,1,1,0.0023192241127146527
3314,electrolizer,2030,139,2,2,0.0023192241127146527
3315,electrolizer,2030,139,3,3,0.0023192241127146527
3316,electrolizer,2030,139,4,4,0.0023192241127146527
3317,electrolizer,2030,139,5,5,0.0023192241127146527
3318,electrolizer,2030,139,6,6,0.0023192241127146527
3319,electrolizer,2030,139,7,7,0.0023192241127146527
3320,electrolizer,2030,139,8,8,0.0023192241127146527
3321,electrolizer,2030,139,9,9,0.0023192241127146527
3322,electrolizer,2030,139,10,10,0.0023192241127146527
3323,electrolizer,2030,139,11,11,0.0023192241127146527
3324,electrolizer,2030,139,12,12,0.0023192241127146527
3325,electrolizer,2030,139,13,13,0.0023192241127146527
3326,electrolizer,2030,139,14,14,0.0023192241127146527
3327,electrolizer,2030,139,15,15,0.0023192241127146527
3328,electrolizer,2030,139,16,16,0.05798060281786631
3329,electrolizer,2030,139,17,17,0.05798060281786631
3330,electrolizer,2030,139,18,18,0.0579806028178663
3331,electrolizer,2030,139,19,19,0.0579806028178663
3332,electrolizer,2030,139,20,20,0.0579806028178663
3333,electrolizer,2030,139,21,21,0.0579806028178663
3334,electrolizer,2030,139,22,22,0.0579806028178663
3335,electrolizer,2030,139,23,23,0.0579806028178663
3336,electrolizer,2030,139,24,24,0.0579806028178663
3337,electrolizer,2030,140,1,1,0.10110806656164815
3338,electrolizer,2030,140,2,2,0.10110806656164815
3339,electrolizer,2030,140,3,3,0.10110806656164815
3340,electrolizer,2030,140,4,4,0.10110806656164815
3341,electrolizer,2030,140,5,5,0.10110806656164815
3342,electrolizer,2030,140,6,6,0.10110806656164815
3343,electrolizer,2030,140,7,7,0.10110806656164815
3344,electrolizer,2030,140,8,8,0.10110806656164815
3345,electrolizer,2030,140,9,9,0.10110806656164815
3346,electrolizer,2030,140,10,10,0.10110806656164815
3347,electrolizer,2030,140,11,11,0.10110806656164817
3348,electrolizer,2030,140,12,12,0.10110806656164815
3349,electrolizer,2030,140,13,13,0.10110806656164817
3350,electrolizer,2030,140,14,14,0.10110806656164815
3351,electrolizer,2030,140,15,15,0.10110806656164815
3352,electrolizer,2030,140,16,16,0.10110806656164815
3353,electrolizer,2030,140,17,17,0.10110806656164815
3354,electrolizer,2030,140,18,18,0.10110806656164815
3355,electrolizer,2030,140,19,19,0.10110806656164815
3356,electrolizer,2030,140,20,20,0.10110806656164815
3357,electrolizer,2030,140,21,21,0.004044322662465926
3358,electrolizer,2030,140,22,22,0.004044322662465926
3359,electrolizer,2030,140,23,23,0.10110806656164817
3360,electrolizer,2030,140,24,24,0.10110806656164815
3361,electrolizer,2030,141,1,1,0.1830590543428303
3362,electrolizer,2030,141,2,2,0.18305905434283035
3363,electrolizer,2030,141,3,3,0.18305905434283035
3364,electrolizer,2030,141,4,4,0.18305905434283035
3365,electrolizer,2030,141,5,5,0.18305905434283035
3366,electrolizer,2030,141,6,6,0.18305905434283035
3367,electrolizer,2030,141,7,7,0.18305905434283035
3368,electrolizer,2030,141,8,8,0.18305905434283035
3369,electrolizer,2030,141,9,9,0.18305905434283035
3370,electrolizer,2030,141,10,10,0.18305905434283035
3371,electrolizer,2030,141,11,11,0.18305905434283035
3372,electrolizer,2030,141,12,12,0.18305905434283035
3373,electrolizer,2030,141,13,13,0.18305905434283035
3374,electrolizer,2030,141,14,14,0.18305905434283035
3375,electrolizer,2030,141,15,15,0.18305905434283035
3376,electrolizer,2030,141,16,16,0.18305905434283035
3377,electrolizer,2030,141,17,17,0.18305905434283035
3378,electrolizer,2030,141,18,18,0.18305905434283035
3379,electrolizer,2030,141,19,19,0.1830590543428303
3380,electrolizer,2030,141,20,20,0.18305905434283035
3381,electrolizer,2030,141,21,21,0.18305905434283035
3382,electrolizer,2030,141,22,22,0.18305905434283035
3383,electrolizer,2030,141,23,23,0.18305905434283035
3384,electrolizer,2030,141,24,24,0.18305905434283035
3385,electrolizer,2030,142,1,1,0.09752267371146664
3386,electrolizer,2030,142,2,2,0.09752267371146663
3387,electrolizer,2030,142,3,3,0.09752267371146663
3388,electrolizer,2030,142,4,4,0.09752267371146663
3389,electrolizer,2030,142,5,5,0.09752267371146663
3390,electrolizer,2030,142,6,6,0.09752267371146663
3391,electrolizer,2030,142,7,7,0.09752267371146663
3392,electrolizer,2030,142,8,8,0.09752267371146663
3393,electrolizer,2030,142,9,9,0.09752267371146663
3394,electrolizer,2030,142,10,10,0.09752267371146663
3395,electrolizer,2030,142,11,11,0.09752267371146663
3396,electrolizer,2030,142,12,12,0.09752267371146663
3397,electrolizer,2030,142,13,13,0.09752267371146663
3398,electrolizer,2030,142,14,14,0.09752267371146663
3399,electrolizer,2030,142,15,15,0.09752267371146663
3400,electrolizer,2030,142,16,16,0.09752267371146663
3401,electrolizer,2030,142,17,17,0.09752267371146663
3402,electrolizer,2030,142,18,18,0.09752267371146664
3403,electrolizer,2030,142,19,19,0.09752267371146663
3404,electrolizer,2030,142,20,20,0.09752267371146663
3405,electrolizer,2030,142,21,21,0.09752267371146663
3406,electrolizer,2030,142,22,22,0.09752267371146663
3407,electrolizer,2030,142,23,23,0.09752267371146663
3408,electrolizer,2030,142,24,24,0.09752267371146663
3409,electrolizer,2030,143,1,1,0.03623310769859484
3410,electrolizer,2030,143,2,2,0.036233107698594835
3411,electrolizer,2030,143,3,3,0.036233107698594835
3412,electrolizer,2030,143,4,4,0.03623310769859484
3413,electrolizer,2030,143,5,5,0.036233107698594835
3414,electrolizer,2030,143,6,6,0.036233107698594835
3415,electrolizer,2030,143,7,7,0.036233107698594835
3416,electrolizer,2030,143,8,8,0.036233107698594835
3417,electrolizer,2030,143,9,9,0.036233107698594835
3418,electrolizer,2030,143,10,10,0.03623310769859484
3419,electrolizer,2030,143,11,11,0.036233107698594835
3420,electrolizer,2030,143,12,12,0.03623310769859484
3421,electrolizer,2030,143,13,13,0.036233107698594835
3422,electrolizer,2030,143,14,14,0.036233107698594835
3423,electrolizer,2030,143,15,15,0.036233107698594835
3424,electrolizer,2030,143,16,16,0.03623310769859484
3425,electrolizer,2030,143,17,17,0.03623310769859484
3426,electrolizer,2030,143,18,18,0.036233107698594835
3427,electrolizer,2030,143,19,19,0.036233107698594835
3428,electrolizer,2030,143,20,20,0.036233107698594835
3429,electrolizer,2030,143,21,21,0.03623310769859484
3430,electrolizer,2030,143,22,22,0.036233107698594835
3431,electrolizer,2030,143,23,23,0.036233107698594835
3432,electrolizer,2030,143,24,24,0.036233107698594835
3433,electrolizer,2030,144,1,1,0.11874717767297398
3434,electrolizer,2030,144,2,2,0.118747177672974
3435,electrolizer,2030,144,3,3,0.00474988710691896
3436,electrolizer,2030,144,4,4,0.00474988710691896
3437,electrolizer,2030,144,5,5,0.00474988710691896
3438,electrolizer,2030,144,6,6,0.00474988710691896
3439,electrolizer,2030,144,7,7,0.00474988710691896
3440,electrolizer,2030,144,8,8,0.11874717767297398
3441,electrolizer,2030,144,9,9,0.118747177672974
3442,electrolizer,2030,144,10,10,0.118747177672974
3443,electrolizer,2030,144,11,11,0.118747177672974
3444,electrolizer,2030,144,12,12,0.118747177672974
3445,electrolizer,2030,144,13,13,0.118747177672974
3446,electrolizer,2030,144,14,14,0.118747177672974
3447,electrolizer,2030,144,15,15,0.118747177672974
3448,electrolizer,2030,144,16,16,0.11874717767297398
3449,electrolizer,2030,144,17,17,0.118747177672974
3450,electrolizer,2030,144,18,18,0.118747177672974
3451,electrolizer,2030,144,19,19,0.118747177672974
3452,electrolizer,2030,144,20,20,0.118747177672974
3453,electrolizer,2030,144,21,21,0.118747177672974
3454,electrolizer,2030,144,22,22,0.11874717767297398
3455,electrolizer,2030,144,23,23,0.118747177672974
3456,electrolizer,2030,144,24,24,0.118747177672974
3457,electrolizer,2030,145,1,1,0.19831337515724914
3458,electrolizer,2030,145,2,2,0.19831337515724914
3459,electrolizer,2030,145,3,3,0.19831337515724914
3460,electrolizer,2030,145,4,4,0.19831337515724914
3461,electrolizer,2030,145,5,5,0.19831337515724914
3462,electrolizer,2030,145,6,6,0.19831337515724914
3463,electrolizer,2030,145,7,7,0.19831337515724914
3464,electrolizer,2030,145,8,8,0.19831337515724914
3465,electrolizer,2030,145,9,9,0.19831337515724914
3466,electrolizer,2030,145,10,10,0.19831337515724914
3467,electrolizer,2030,145,11,11,0.19831337515724914
3468,electrolizer,2030,145,12,12,0.19831337515724914
3469,electrolizer,2030,145,13,13,0.19831337515724914
3470,electrolizer,2030,145,14,14,0.19831337515724914
3471,electrolizer,2030,145,15,15,0.19831337515724914
3472,electrolizer,2030,145,16,16,0.19831337515724914
3473,electrolizer,2030,145,17,17,0.19831337515724914
3474,electrolizer,2030,145,18,18,0.19831337515724914
3475,electrolizer,2030,145,19,19,0.19831337515724914
3476,electrolizer,2030,145,20,20,0.19831337515724914
3477,electrolizer,2030,145,21,21,0.19831337515724914
3478,electrolizer,2030,145,22,22,0.19831337515724914
3479,electrolizer,2030,145,23,23,0.19831337515724914
3480,electrolizer,2030,145,24,24,0.19831337515724914
3481,electrolizer,2030,146,1,1,0.24123798607496322
3482,electrolizer,2030,146,2,2,0.2412379860749632
3483,electrolizer,2030,146,3,3,0.2412379860749632
3484,electrolizer,2030,146,4,4,0.2412379860749632
3485,electrolizer,2030,146,5,5,0.2412379860749632
3486,electrolizer,2030,146,6,6,0.2412379860749632
3487,electrolizer,2030,146,7,7,0.2412379860749632
3488,electrolizer,2030,146,8,8,0.2412379860749632
3489,electrolizer,2030,146,9,9,0.2412379860749632
3490,electrolizer,2030,146,10,10,0.2412379860749632
3491,electrolizer,2030,146,11,11,0.2412379860749632
3492,electrolizer,2030,146,12,12,0.2412379860749632
3493,electrolizer,2030,146,13,13,0.2412379860749632
3494,electrolizer,2030,146,14,14,0.2412379860749632
3495,electrolizer,2030,146,15,15,0.2412379860749632
3496,electrolizer,2030,146,16,16,0.2412379860749632
3497,electrolizer,2030,146,17,17,0.2412379860749632
3498,electrolizer,2030,146,18,18,0.2412379860749632
3499,electrolizer,2030,146,19,19,0.2412379860749632
3500,electrolizer,2030,146,20,20,0.2412379860749632
3501,electrolizer,2030,146,21,21,0.2412379860749632
3502,electrolizer,2030,146,22,22,0.2412379860749632
3503,electrolizer,2030,146,23,23,0.2412379860749632
3504,electrolizer,2030,146,24,24,0.2412379860749632
3505,electrolizer,2030,147,1,1,0.025050253771985536
3506,electrolizer,2030,147,2,2,0.025050253771985536
3507,electrolizer,2030,147,3,3,0.025050253771985543
3508,electrolizer,2030,147,4,4,0.025050253771985536
3509,electrolizer,2030,147,5,5,0.025050253771985536
3510,electrolizer,2030,147,6,6,0.025050253771985543
3511,electrolizer,2030,147,7,7,0.025050253771985536
3512,electrolizer,2030,147,8,8,0.025050253771985543
3513,electrolizer,2030,147,9,9,0.025050253771985536
3514,electrolizer,2030,147,10,10,0.025050253771985536
3515,electrolizer,2030,147,11,11,0.025050253771985536
3516,electrolizer,2030,147,12,12,0.025050253771985536
3517,electrolizer,2030,147,13,13,0.025050253771985543
3518,electrolizer,2030,147,14,14,0.025050253771985536
3519,electrolizer,2030,147,15,15,0.025050253771985543
3520,electrolizer,2030,147,16,16,0.025050253771985536
3521,electrolizer,2030,147,17,17,0.025050253771985536
3522,electrolizer,2030,147,18,18,0.025050253771985536
3523,electrolizer,2030,147,19,19,0.025050253771985536
3524,electrolizer,2030,147,20,20,0.025050253771985536
3525,electrolizer,2030,147,21,21,0.025050253771985536
3526,electrolizer,2030,147,22,22,0.025050253771985536
3527,electrolizer,2030,147,23,23,0.025050253771985536
3528,electrolizer,2030,147,24,24,0.025050253771985543
3529,electrolizer,2030,148,1,1,0.13015035577141945
3530,electrolizer,2030,148,2,2,0.13015035577141942
3531,electrolizer,2030,148,3,3,0.13015035577141942
3532,electrolizer,2030,148,4,4,0.13015035577141942
3533,electrolizer,2030,148,5,5,0.13015035577141942
3534,electrolizer,2030,148,6,6,0.13015035577141942
3535,electrolizer,2030,148,7,7,0.13015035577141942
3536,electrolizer,2030,148,8,8,0.13015035577141942
3537,electrolizer,2030,148,9,9,0.13015035577141942
3538,electrolizer,2030,148,10,10,0.13015035577141942
3539,electrolizer,2030,148,11,11,0.13015035577141942
3540,electrolizer,2030,148,12,12,0.13015035577141942
3541,electrolizer,2030,148,13,13,0.13015035577141942
3542,electrolizer,2030,148,14,14,0.13015035577141942
3543,electrolizer,2030,148,15,15,0.13015035577141942
3544,electrolizer,2030,148,16,16,0.13015035577141942
3545,electrolizer,2030,148,17,17,0.13015035577141942
3546,electrolizer,2030,148,18,18,0.13015035577141942
3547,electrolizer,2030,148,19,19,0.13015035577141942
3548,electrolizer,2030,148,20,20,0.13015035577141942
3549,electrolizer,2030,148,21,21,0.13015035577141942
3550,electrolizer,2030,148,22,22,0.13015035577141942
3551,electrolizer,2030,148,23,23,0.13015035577141942
3552,electrolizer,2030,148,24,24,0.13015035577141942
3553,electrolizer,2030,149,1,1,0.04146081638021811
3554,electrolizer,2030,149,2,2,0.04146081638021811
3555,electrolizer,2030,149,3,3,0.04146081638021811
3556,electrolizer,2030,149,4,4,0.04146081638021811
3557,electrolizer,2030,149,5,5,0.04146081638021812
3558,electrolizer,2030,149,6,6,0.04146081638021811
3559,electrolizer,2030,149,7,7,0.04146081638021811
3560,electrolizer,2030,149,8,8,0.04146081638021811
3561,electrolizer,2030,149,9,9,0.04146081638021811
3562,electrolizer,2030,149,10,10,0.04146081638021811
3563,electrolizer,2030,149,11,11,0.04146081638021812
3564,electrolizer,2030,149,12,12,0.04146081638021811
3565,electrolizer,2030,149,13,13,0.04146081638021811
3566,electrolizer,2030,149,14,14,0.04146081638021812
3567,electrolizer,2030,149,15,15,0.04146081638021811
3568,electrolizer,2030,149,16,16,0.04146081638021811
3569,electrolizer,2030,149,17,17,0.04146081638021811
3570,electrolizer,2030,149,18,18,0.04146081638021811
3571,electrolizer,2030,149,19,19,0.04146081638021811
3572,electrolizer,2030,149,20,20,0.04146081638021812
3573,electrolizer,2030,149,21,21,0.04146081638021811
3574,electrolizer,2030,149,22,22,0.04146081638021811
3575,electrolizer,2030,149,23,23,0.04146081638021811
3576,electrolizer,2030,149,24,24,0.04146081638021811
3577,electrolizer,2030,150,1,1,0.12220639080834256
3578,electrolizer,2030,150,2,2,0.12220639080834259
3579,electrolizer,2030,150,3,3,0.12220639080834259
3580,electrolizer,2030,150,4,4,0.12220639080834259
3581,electrolizer,2030,150,5,5,0.12220639080834259
3582,electrolizer,2030,150,6,6,0.12220639080834259
3583,electrolizer,2030,150,7,7,0.12220639080834259
3584,electrolizer,2030,150,8,8,0.12220639080834259
3585,electrolizer,2030,150,9,9,0.12220639080834259
3586,electrolizer,2030,150,10,10,0.12220639080834259
3587,electrolizer,2030,150,11,11,0.12220639080834259
3588,electrolizer,2030,150,12,12,0.12220639080834256
3589,electrolizer,2030,150,13,13,0.12220639080834256
3590,electrolizer,2030,150,14,14,0.12220639080834256
3591,electrolizer,2030,150,15,15,0.12220639080834256
3592,electrolizer,2030,150,16,16,0.12220639080834259
3593,electrolizer,2030,150,17,17,0.12220639080834256
3594,electrolizer,2030,150,18,18,0.12220639080834256
3595,electrolizer,2030,150,19,19,0.12220639080834256
3596,electrolizer,2030,150,20,20,0.12220639080834256
3597,electrolizer,2030,150,21,21,0.12220639080834256
3598,electrolizer,2030,150,22,22,0.12220639080834256
3599,electrolizer,2030,150,23,23,0.12220639080834259
3600,electrolizer,2030,150,24,24,0.12220639080834256
3601,electrolizer,2030,151,1,1,0.024212490411727346
3602,electrolizer,2030,151,2,2,0.024212490411727346
3603,electrolizer,2030,151,3,3,0.024212490411727346
3604,electrolizer,2030,151,4,4,0.024212490411727353
3605,electrolizer,2030,151,5,5,0.024212490411727346
3606,electrolizer,2030,151,6,6,0.024212490411727346
3607,electrolizer,2030,151,7,7,0.024212490411727346
3608,electrolizer,2030,151,8,8,0.024212490411727346
3609,electrolizer,2030,151,9,9,0.024212490411727346
3610,electrolizer,2030,151,10,10,0.024212490411727346
3611,electrolizer,2030,151,11,11,0.024212490411727346
3612,electrolizer,2030,151,12,12,0.024212490411727353
3613,electrolizer,2030,151,13,13,0.024212490411727346
3614,electrolizer,2030,151,14,14,0.024212490411727353
3615,electrolizer,2030,151,15,15,0.024212490411727346
3616,electrolizer,2030,151,16,16,0.024212490411727353
3617,electrolizer,2030,151,17,17,0.024212490411727353
3618,electrolizer,2030,151,18,18,0.024212490411727353
3619,electrolizer,2030,151,19,19,0.024212490411727346
3620,electrolizer,2030,151,20,20,0.024212490411727353
3621,electrolizer,2030,151,21,21,0.024212490411727346
3622,electrolizer,2030,151,22,22,0.024212490411727346
3623,electrolizer,2030,151,23,23,0.024212490411727346
3624,electrolizer,2030,151,24,24,0.024212490411727346
3625,electrolizer,2030,152,1,1,0.046788220032424395
3626,electrolizer,2030,152,2,2,0.046788220032424395
3627,electrolizer,2030,152,3,3,0.046788220032424395
3628,electrolizer,2030,152,4,4,0.046788220032424395
3629,electrolizer,2030,152,5,5,0.046788220032424395
3630,electrolizer,2030,152,6,6,0.046788220032424395
3631,electrolizer,2030,152,7,7,0.046788220032424395
3632,electrolizer,2030,152,8,8,0.046788220032424395
3633,electrolizer,2030,152,9,9,0.0467882200324244
3634,electrolizer,2030,152,10,10,0.046788220032424395
3635,electrolizer,2030,152,11,11,0.046788220032424395
3636,electrolizer,2030,152,12,12,0.046788220032424395
3637,electrolizer,2030,152,13,13,0.046788220032424395
3638,electrolizer,2030,152,14,14,0.0467882200324244
3639,electrolizer,2030,152,15,15,0.046788220032424395
3640,electrolizer,2030,152,16,16,0.046788220032424395
3641,electrolizer,2030,152,17,17,0.0467882200324244
3642,electrolizer,2030,152,18,18,0.046788220032424395
3643,electrolizer,2030,152,19,19,0.046788220032424395
3644,electrolizer,2030,152,20,20,0.046788220032424395
3645,electrolizer,2030,152,21,21,0.046788220032424395
3646,electrolizer,2030,152,22,22,0.046788220032424395
3647,electrolizer,2030,152,23,23,0.0467882200324244
3648,electrolizer,2030,152,24,24,0.046788220032424395
3649,electrolizer,2030,153,1,1,0.07292321932290587
3650,electrolizer,2030,153,2,2,0.07292321932290587
3651,electrolizer,2030,153,3,3,0.07292321932290587
3652,electrolizer,2030,153,4,4,0.07292321932290587
3653,electrolizer,2030,153,5,5,0.07292321932290587
3654,electrolizer,2030,153,6,6,0.07292321932290587
3655,electrolizer,2030,153,7,7,0.07292321932290587
3656,electrolizer,2030,153,8,8,0.07292321932290587
3657,electrolizer,2030,153,9,9,0.07292321932290587
3658,electrolizer,2030,153,10,10,0.07292321932290587
3659,electrolizer,2030,153,11,11,0.07292321932290587
3660,electrolizer,2030,153,12,12,0.07292321932290587
3661,electrolizer,2030,153,13,13,0.07292321932290587
3662,electrolizer,2030,153,14,14,0.07292321932290587
3663,electrolizer,2030,153,15,15,0.07292321932290587
3664,electrolizer,2030,153,16,16,0.07292321932290587
3665,electrolizer,2030,153,17,17,0.07292321932290587
3666,electrolizer,2030,153,18,18,0.07292321932290587
3667,electrolizer,2030,153,19,19,0.07292321932290587
3668,electrolizer,2030,153,20,20,0.07292321932290587
3669,electrolizer,2030,153,21,21,0.07292321932290587
3670,electrolizer,2030,153,22,22,0.07292321932290587
3671,electrolizer,2030,153,23,23,0.07292321932290587
3672,electrolizer,2030,153,24,24,0.07292321932290587
3673,electrolizer,2030,154,1,1,0.1465232286502188
3674,electrolizer,2030,154,2,2,0.14652322865021872
3675,electrolizer,2030,154,3,3,0.14652322865021872
3676,electrolizer,2030,154,4,4,0.14652322865021872
3677,electrolizer,2030,154,5,5,0.14652322865021872
3678,electrolizer,2030,154,6,6,0.14652322865021872
3679,electrolizer,2030,154,7,7,0.14652322865021872
3680,electrolizer,2030,154,8,8,0.14652322865021872
3681,electrolizer,2030,154,9,9,0.14652322865021872
3682,electrolizer,2030,154,10,10,0.14652322865021872
3683,electrolizer,2030,154,11,11,0.14652322865021872
3684,electrolizer,2030,154,12,12,0.14652322865021872
3685,electrolizer,2030,154,13,13,0.14652322865021872
3686,electrolizer,2030,154,14,14,0.14652322865021872
3687,electrolizer,2030,154,15,15,0.14652322865021872
3688,electrolizer,2030,154,16,16,0.14652322865021872
3689,electrolizer,2030,154,17,17,0.14652322865021875
3690,electrolizer,2030,154,18,18,0.14652322865021872
3691,electrolizer,2030,154,19,19,0.14652322865021872
3692,electrolizer,2030,154,20,20,0.14652322865021872
3693,electrolizer,2030,154,21,21,0.14652322865021872
3694,electrolizer,2030,154,22,22,0.14652322865021872
3695,electrolizer,2030,154,23,23,0.14652322865021872
3696,electrolizer,2030,154,24,24,0.14652322865021872
3697,electrolizer,2030,155,1,1,0.062042268261771984
3698,electrolizer,2030,155,2,2,0.06204226826177198
3699,electrolizer,2030,155,3,3,0.06204226826177198
3700,electrolizer,2030,155,4,4,0.06204226826177198
3701,electrolizer,2030,155,5,5,0.06204226826177198
3702,electrolizer,2030,155,6,6,0.06204226826177198
3703,electrolizer,2030,155,7,7,0.06204226826177198
3704,electrolizer,2030,155,8,8,0.06204226826177198
3705,electrolizer,2030,155,9,9,0.06204226826177198
3706,electrolizer,2030,155,10,10,0.062042268261771984
3707,electrolizer,2030,155,11,11,0.06204226826177198
3708,electrolizer,2030,155,12,12,0.06204226826177198
3709,electrolizer,2030,155,13,13,0.06204226826177198
3710,electrolizer,2030,155,14,14,0.06204226826177198
3711,electrolizer,2030,155,15,15,0.06204226826177198
3712,electrolizer,2030,155,16,16,0.06204226826177198
3713,electrolizer,2030,155,17,17,0.06204226826177198
3714,electrolizer,2030,155,18,18,0.06204226826177198
3715,electrolizer,2030,155,19,19,0.06204226826177198
3716,electrolizer,2030,155,20,20,0.06204226826177198
3717,electrolizer,2030,155,21,21,0.06204226826177198
3718,electrolizer,2030,155,22,22,0.06204226826177198
3719,electrolizer,2030,155,23,23,0.06204226826177198
3720,electrolizer,2030,155,24,24,0.06204226826177198
3721,electrolizer,2030,156,1,1,0.03585622101645619
3722,electrolizer,2030,156,2,2,0.03585622101645621
3723,electrolizer,2030,156,3,3,0.03585622101645619
3724,electrolizer,2030,156,4,4,0.03585622101645619
3725,electrolizer,2030,156,5,5,0.03585622101645619
3726,electrolizer,2030,156,6,6,0.03585622101645619
3727,electrolizer,2030,156,7,7,0.03585622101645619
3728,electrolizer,2030,156,8,8,0.03585622101645619
3729,electrolizer,2030,156,9,9,0.03585622101645621
3730,electrolizer,2030,156,10,10,0.03585622101645619
3731,electrolizer,2030,156,11,11,0.03585622101645619
3732,electrolizer,2030,156,12,12,0.03585622101645619
3733,electrolizer,2030,156,13,13,0.03585622101645619
3734,electrolizer,2030,156,14,14,0.03585622101645619
3735,electrolizer,2030,156,15,15,0.03585622101645621
3736,electrolizer,2030,156,16,16,0.03585622101645619
3737,electrolizer,2030,156,17,17,0.03585622101645619
3738,electrolizer,2030,156,18,18,0.03585622101645619
3739,electrolizer,2030,156,19,19,0.03585622101645621
3740,electrolizer,2030,156,20,20,0.03585622101645619
3741,electrolizer,2030,156,21,21,0.03585622101645619
3742,electrolizer,2030,156,22,22,0.03585622101645619
3743,electrolizer,2030,156,23,23,0.03585622101645619
3744,electrolizer,2030,156,24,24,0.03585622101645619
3745,electrolizer,2030,157,1,1,0.0667831038833891
3746,electrolizer,2030,157,2,2,0.06678310388338904
3747,electrolizer,2030,157,3,3,0.06678310388338904
3748,electrolizer,2030,157,4,4,0.06678310388338904
3749,electrolizer,2030,157,5,5,0.06678310388338904
3750,electrolizer,2030,157,6,6,0.0667831038833891
3751,electrolizer,2030,157,7,7,0.06678310388338904
3752,electrolizer,2030,157,8,8,0.06678310388338904
3753,electrolizer,2030,157,9,9,0.06678310388338904
3754,electrolizer,2030,157,10,10,0.06678310388338904
3755,electrolizer,2030,157,11,11,0.06678310388338904
3756,electrolizer,2030,157,12,12,0.06678310388338904
3757,electrolizer,2030,157,13,13,0.06678310388338904
3758,electrolizer,2030,157,14,14,0.06678310388338904
3759,electrolizer,2030,157,15,15,0.06678310388338904
3760,electrolizer,2030,157,16,16,0.06678310388338904
3761,electrolizer,2030,157,17,17,0.06678310388338904
3762,electrolizer,2030,157,18,18,0.06678310388338904
3763,electrolizer,2030,157,19,19,0.06678310388338904
3764,electrolizer,2030,157,20,20,0.06678310388338904
3765,electrolizer,2030,157,21,21,0.06678310388338904
3766,electrolizer,2030,157,22,22,0.06678310388338904
3767,electrolizer,2030,157,23,23,0.06678310388338904
3768,electrolizer,2030,157,24,24,0.06678310388338904
3769,electrolizer,2030,158,1,1,0.2617955982889679
3770,electrolizer,2030,158,2,2,0.2617955982889681
3771,electrolizer,2030,158,3,3,0.2617955982889681
3772,electrolizer,2030,158,4,4,0.2617955982889681
3773,electrolizer,2030,158,5,5,0.2617955982889681
3774,electrolizer,2030,158,6,6,0.2617955982889681
3775,electrolizer,2030,158,7,7,0.2617955982889681
3776,electrolizer,2030,158,8,8,0.2617955982889681
3777,electrolizer,2030,158,9,9,0.2617955982889681
3778,electrolizer,2030,158,10,10,0.2617955982889681
3779,electrolizer,2030,158,11,11,0.2617955982889681
3780,electrolizer,2030,158,12,12,0.2617955982889681
3781,electrolizer,2030,158,13,13,0.2617955982889681
3782,electrolizer,2030,158,14,14,0.2617955982889681
3783,electrolizer,2030,158,15,15,0.2617955982889681
3784,electrolizer,2030,158,16,16,0.2617955982889681
3785,electrolizer,2030,158,17,17,0.2617955982889681
3786,electrolizer,2030,158,18,18,0.2617955982889681
3787,electrolizer,2030,158,19,19,0.2617955982889681
3788,electrolizer,2030,158,20,20,0.2617955982889681
3789,electrolizer,2030,158,21,21,0.2617955982889681
3790,electrolizer,2030,158,22,22,0.2617955982889681
3791,electrolizer,2030,158,23,23,0.2617955982889681
3792,electrolizer,2030,158,24,24,0.2617955982889681
3793,electrolizer,2030,159,1,1,0.041364712070221736
3794,electrolizer,2030,159,2,2,0.04136471207022173
3795,electrolizer,2030,159,3,3,0.04136471207022173
3796,electrolizer,2030,159,4,4,0.04136471207022173
3797,electrolizer,2030,159,5,5,0.001654588482808869
3798,electrolizer,2030,159,6,6,0.001654588482808869
3799,electrolizer,2030,159,7,7,0.04136471207022173
3800,electrolizer,2030,159,8,8,0.041364712070221736
3801,electrolizer,2030,159,9,9,0.04136471207022173
3802,electrolizer,2030,159,10,10,0.041364712070221736
3803,electrolizer,2030,159,11,11,0.04136471207022173
3804,electrolizer,2030,159,12,12,0.04136471207022173
3805,electrolizer,2030,159,13,13,0.04136471207022173
3806,electrolizer,2030,159,14,14,0.04136471207022173
3807,electrolizer,2030,159,15,15,0.04136471207022173
3808,electrolizer,2030,159,16,16,0.04136471207022173
3809,electrolizer,2030,159,17,17,0.04136471207022173
3810,electrolizer,2030,159,18,18,0.04136471207022173
3811,electrolizer,2030,159,19,19,0.041364712070221736
3812,electrolizer,2030,159,20,20,0.04136471207022173
3813,electrolizer,2030,159,21,21,0.04136471207022173
3814,electrolizer,2030,159,22,22,0.04136471207022173
3815,electrolizer,2030,159,23,23,0.04136471207022173
3816,electrolizer,2030,159,24,24,0.04136471207022173
3817,electrolizer,2030,160,1,1,0.07659975336438975
3818,electrolizer,2030,160,2,2,0.07659975336438972
3819,electrolizer,2030,160,3,3,0.07659975336438972
3820,electrolizer,2030,160,4,4,0.07659975336438972
3821,electrolizer,2030,160,5,5,0.07659975336438972
3822,electrolizer,2030,160,6,6,0.07659975336438972
3823,electrolizer,2030,160,7,7,0.07659975336438972
3824,electrolizer,2030,160,8,8,0.07659975336438972
3825,electrolizer,2030,160,9,9,0.07659975336438972
3826,electrolizer,2030,160,10,10,0.07659975336438972
3827,electrolizer,2030,160,11,11,0.07659975336438972
3828,electrolizer,2030,160,12,12,0.07659975336438972
3829,electrolizer,2030,160,13,13,0.07659975336438972
3830,electrolizer,2030,160,14,14,0.07659975336438972
3831,electrolizer,2030,160,15,15,0.07659975336438972
3832,electrolizer,2030,160,16,16,0.07659975336438972
3833,electrolizer,2030,160,17,17,0.07659975336438972
3834,electrolizer,2030,160,18,18,0.07659975336438972
3835,electrolizer,2030,160,19,19,0.07659975336438972
3836,electrolizer,2030,160,20,20,0.07659975336438972
3837,electrolizer,2030,160,21,21,0.07659975336438972
3838,electrolizer,2030,160,22,22,0.07659975336438972
3839,electrolizer,2030,160,23,23,0.07659975336438972
3840,electrolizer,2030,160,24,24,0.07659975336438972
3841,electrolizer,2030,161,1,1,0.12295280818707635
3842,electrolizer,2030,161,2,2,0.12295280818707631
3843,electrolizer,2030,161,3,3,0.12295280818707631
3844,electrolizer,2030,161,4,4,0.12295280818707631
3845,electrolizer,2030,161,5,5,0.12295280818707631
3846,electrolizer,2030,161,6,6,0.12295280818707631
3847,electrolizer,2030,161,7,7,0.12295280818707631
3848,electrolizer,2030,161,8,8,0.12295280818707631
3849,electrolizer,2030,161,9,9,0.12295280818707631
3850,electrolizer,2030,161,10,10,0.12295280818707631
3851,electrolizer,2030,161,11,11,0.12295280818707631
3852,electrolizer,2030,161,12,12,0.12295280818707631
3853,electrolizer,2030,161,13,13,0.12295280818707631
3854,electrolizer,2030,161,14,14,0.12295280818707631
3855,electrolizer,2030,161,15,15,0.12295280818707631
3856,electrolizer,2030,161,16,16,0.12295280818707631
3857,electrolizer,2030,161,17,17,0.12295280818707631
3858,electrolizer,2030,161,18,18,0.12295280818707631
3859,electrolizer,2030,161,19,19,0.12295280818707635
3860,electrolizer,2030,161,20,20,0.12295280818707631
3861,electrolizer,2030,161,21,21,0.12295280818707635
3862,electrolizer,2030,161,22,22,0.12295280818707631
3863,electrolizer,2030,161,23,23,0.12295280818707631
3864,electrolizer,2030,161,24,24,0.12295280818707631
3865,electrolizer,2030,162,1,1,0.04456100890251996
3866,electrolizer,2030,162,2,2,0.044561008902519975
3867,electrolizer,2030,162,3,3,0.04456100890251996
3868,electrolizer,2030,162,4,4,0.04456100890251996
3869,electrolizer,2030,162,5,5,0.04456100890251996
3870,electrolizer,2030,162,6,6,0.044561008902519975
3871,electrolizer,2030,162,7,7,0.04456100890251996
3872,electrolizer,2030,162,8,8,0.04456100890251996
3873,electrolizer,2030,162,9,9,0.04456100890251996
3874,electrolizer,2030,162,10,10,0.044561008902519975
3875,electrolizer,2030,162,11,11,0.04456100890251996
3876,electrolizer,2030,162,12,12,0.04456100890251996
3877,electrolizer,2030,162,13,13,0.04456100890251996
3878,electrolizer,2030,162,14,14,0.04456100890251996
3879,electrolizer,2030,162,15,15,0.04456100890251996
3880,electrolizer,2030,162,16,16,0.04456100890251996
3881,electrolizer,2030,162,17,17,0.04456100890251996
3882,electrolizer,2030,162,18,18,0.04456100890251996
3883,electrolizer,2030,162,19,19,0.04456100890251996
3884,electrolizer,2030,162,20,20,0.04456100890251996
3885,electrolizer,2030,162,21,21,0.04456100890251996
3886,electrolizer,2030,162,22,22,0.04456100890251996
3887,electrolizer,2030,162,23,23,0.04456100890251996
3888,electrolizer,2030,162,24,24,0.04456100890251996
3889,electrolizer,2030,163,1,1,0.11075942813689665
3890,electrolizer,2030,163,2,2,0.11075942813689665
3891,electrolizer,2030,163,3,3,0.11075942813689665
3892,electrolizer,2030,163,4,4,0.11075942813689665
3893,electrolizer,2030,163,5,5,0.11075942813689665
3894,electrolizer,2030,163,6,6,0.11075942813689665
3895,electrolizer,2030,163,7,7,0.11075942813689665
3896,electrolizer,2030,163,8,8,0.11075942813689665
3897,electrolizer,2030,163,9,9,0.11075942813689665
3898,electrolizer,2030,163,10,10,0.11075942813689665
3899,electrolizer,2030,163,11,11,0.11075942813689665
3900,electrolizer,2030,163,12,12,0.11075942813689665
3901,electrolizer,2030,163,13,13,0.11075942813689665
3902,electrolizer,2030,163,14,14,0.11075942813689665
3903,electrolizer,2030,163,15,15,0.11075942813689665
3904,electrolizer,2030,163,16,16,0.11075942813689665
3905,electrolizer,2030,163,17,17,0.11075942813689665
3906,electrolizer,2030,163,18,18,0.11075942813689665
3907,electrolizer,2030,163,19,19,0.11075942813689665
3908,electrolizer,2030,163,20,20,0.11075942813689665
3909,electrolizer,2030,163,21,21,0.11075942813689665
3910,electrolizer,2030,163,22,22,0.11075942813689665
3911,electrolizer,2030,163,23,23,0.11075942813689665
3912,electrolizer,2030,163,24,24,0.11075942813689665
3913,electrolizer,2030,164,1,1,0.09075305969480284
3914,electrolizer,2030,164,2,2,0.0907530596948028
3915,electrolizer,2030,164,3,3,0.0907530596948028
3916,electrolizer,2030,164,4,4,0.0907530596948028
3917,electrolizer,2030,164,5,5,0.0907530596948028
3918,electrolizer,2030,164,6,6,0.0907530596948028
3919,electrolizer,2030,164,7,7,0.0907530596948028
3920,electrolizer,2030,164,8,8,0.0907530596948028
3921,electrolizer,2030,164,9,9,0.0907530596948028
3922,electrolizer,2030,164,10,10,0.0907530596948028
3923,electrolizer,2030,164,11,11,0.0907530596948028
3924,electrolizer,2030,164,12,12,0.0907530596948028
3925,electrolizer,2030,164,13,13,0.0907530596948028
3926,electrolizer,2030,164,14,14,0.0907530596948028
3927,electrolizer,2030,164,15,15,0.0907530596948028
3928,electrolizer,2030,164,16,16,0.0907530596948028
3929,electrolizer,2030,164,17,17,0.0907530596948028
3930,electrolizer,2030,164,18,18,0.0907530596948028
3931,electrolizer,2030,164,19,19,0.0907530596948028
3932,electrolizer,2030,164,20,20,0.0907530596948028
3933,electrolizer,2030,164,21,21,0.0907530596948028
3934,electrolizer,2030,164,22,22,0.09075305969480284
3935,electrolizer,2030,164,23,23,0.0907530596948028
3936,electrolizer,2030,164,24,24,0.0907530596948028
3937,electrolizer,2030,165,1,1,0.07213318865116516
3938,electrolizer,2030,165,2,2,0.07213318865116511
3939,electrolizer,2030,165,3,3,0.07213318865116511
3940,electrolizer,2030,165,4,4,0.07213318865116511
3941,electrolizer,2030,165,5,5,0.07213318865116511
3942,electrolizer,2030,165,6,6,0.07213318865116511
3943,electrolizer,2030,165,7,7,0.07213318865116511
3944,electrolizer,2030,165,8,8,0.07213318865116511
3945,electrolizer,2030,165,9,9,0.07213318865116511
3946,electrolizer,2030,165,10,10,0.07213318865116511
3947,electrolizer,2030,165,11,11,0.07213318865116511
3948,electrolizer,2030,165,12,12,0.07213318865116511
3949,electrolizer,2030,165,13,13,0.07213318865116511
3950,electrolizer,2030,165,14,14,0.07213318865116511
3951,electrolizer,2030,165,15,15,0.07213318865116516
3952,electrolizer,2030,165,16,16,0.07213318865116511
3953,electrolizer,2030,165,17,17,0.07213318865116511
3954,electrolizer,2030,165,18,18,0.07213318865116511
3955,electrolizer,2030,165,19,19,0.07213318865116511
3956,electrolizer,2030,165,20,20,0.07213318865116511
3957,electrolizer,2030,165,21,21,0.07213318865116511
3958,electrolizer,2030,165,22,22,0.07213318865116511
3959,electrolizer,2030,165,23,23,0.07213318865116511
3960,electrolizer,2030,165,24,24,0.07213318865116511
3961,electrolizer,2030,166,1,1,0.07995303644908078
3962,electrolizer,2030,166,2,2,0.07995303644908078
3963,electrolizer,2030,166,3,3,0.07995303644908078
3964,electrolizer,2030,166,4,4,0.07995303644908078
3965,electrolizer,2030,166,5,5,0.07995303644908078
3966,electrolizer,2030,166,6,6,0.07995303644908078
3967,electrolizer,2030,166,7,7,0.07995303644908078
3968,electrolizer,2030,166,8,8,0.07995303644908078
3969,electrolizer,2030,166,9,9,0.07995303644908078
3970,electrolizer,2030,166,10,10,0.07995303644908078
3971,electrolizer,2030,166,11,11,0.07995303644908078
3972,electrolizer,2030,166,12,12,0.07995303644908078
3973,electrolizer,2030,166,13,13,0.07995303644908078
3974,electrolizer,2030,166,14,14,0.07995303644908078
3975,electrolizer,2030,166,15,15,0.07995303644908078
3976,electrolizer,2030,166,16,16,0.07995303644908078
3977,electrolizer,2030,166,17,17,0.07995303644908078
3978,electrolizer,2030,166,18,18,0.07995303644908078
3979,electrolizer,2030,166,19,19,0.07995303644908078
3980,electrolizer,2030,166,20,20,0.07995303644908078
3981,electrolizer,2030,166,21,21,0.07995303644908078
3982,electrolizer,2030,166,22,22,0.07995303644908078
3983,electrolizer,2030,166,23,23,0.07995303644908078
3984,electrolizer,2030,166,24,24,0.07995303644908078
3985,electrolizer,2030,167,1,1,0.07052964336296445
3986,electrolizer,2030,167,2,2,0.07052964336296445
3987,electrolizer,2030,167,3,3,0.07052964336296444
3988,electrolizer,2030,167,4,4,0.07052964336296444
3989,electrolizer,2030,167,5,5,0.07052964336296444
3990,electrolizer,2030,167,6,6,0.002821185734518578
3991,electrolizer,2030,167,7,7,0.002821185734518578
3992,electrolizer,2030,167,8,8,0.07052964336296444
3993,electrolizer,2030,167,9,9,0.07052964336296445
3994,electrolizer,2030,167,10,10,0.07052964336296444
3995,electrolizer,2030,167,11,11,0.07052964336296445
3996,electrolizer,2030,167,12,12,0.07052964336296444
3997,electrolizer,2030,167,13,13,0.07052964336296444
3998,electrolizer,2030,167,14,14,0.07052964336296444
3999,electrolizer,2030,167,15,15,0.07052964336296444
4000,electrolizer,2030,167,16,16,0.07052964336296444
4001,electrolizer,2030,167,17,17,0.07052964336296444
4002,electrolizer,2030,167,18,18,0.07052964336296444
4003,electrolizer,2030,167,19,19,0.07052964336296445
4004,electrolizer,2030,167,20,20,0.07052964336296444
4005,electrolizer,2030,167,21,21,0.07052964336296445
4006,electrolizer,2030,167,22,22,0.07052964336296444
4007,electrolizer,2030,167,23,23,0.07052964336296444
4008,electrolizer,2030,167,24,24,0.07052964336296444
4009,electrolizer,2030,168,1,1,0.12057136760265916
4010,electrolizer,2030,168,2,2,0.004822854704106366
4011,electrolizer,2030,168,3,3,0.004822854704106366
4012,electrolizer,2030,168,4,4,0.004822854704106366
4013,electrolizer,2030,168,5,5,0.004822854704106366
4014,electrolizer,2030,168,6,6,0.004822854704106366
4015,electrolizer,2030,168,7,7,0.12057136760265913
4016,electrolizer,2030,168,8,8,0.12057136760265913
4017,electrolizer,2030,168,9,9,0.12057136760265913
4018,electrolizer,2030,168,10,10,0.12057136760265916
4019,electrolizer,2030,168,11,11,0.12057136760265913
4020,electrolizer,2030,168,12,12,0.12057136760265913
4021,electrolizer,2030,168,13,13,0.12057136760265913
4022,electrolizer,2030,168,14,14,0.12057136760265913
4023,electrolizer,2030,168,15,15,0.12057136760265913
4024,electrolizer,2030,168,16,16,0.12057136760265913
4025,electrolizer,2030,168,17,17,0.12057136760265913
4026,electrolizer,2030,168,18,18,0.12057136760265913
4027,electrolizer,2030,168,19,19,0.12057136760265913
4028,electrolizer,2030,168,20,20,0.12057136760265913
4029,electrolizer,2030,168,21,21,0.12057136760265913
4030,electrolizer,2030,168,22,22,0.12057136760265913
4031,electrolizer,2030,168,23,23,0.12057136760265913
4032,electrolizer,2030,168,24,24,0.12057136760265916
4033,electrolizer,2030,169,1,1,0.34419640657410183
4034,electrolizer,2030,169,2,2,0.34419640657410183
4035,electrolizer,2030,169,3,3,0.34419640657410183
4036,electrolizer,2030,169,4,4,0.34419640657410183
4037,electrolizer,2030,169,5,5,0.34419640657410183
4038,electrolizer,2030,169,6,6,0.34419640657410183
4039,electrolizer,2030,169,7,7,0.34419640657410183
4040,electrolizer,2030,169,8,8,0.34419640657410183
4041,electrolizer,2030,169,9,9,0.34419640657410183
4042,electrolizer,2030,169,10,10,0.34419640657410183
4043,electrolizer,2030,169,11,11,0.34419640657410183
4044,electrolizer,2030,169,12,12,0.34419640657410183
4045,electrolizer,2030,169,13,13,0.34419640657410183
4046,electrolizer,2030,169,14,14,0.34419640657410183
4047,electrolizer,2030,169,15,15,0.34419640657410183
4048,electrolizer,2030,169,16,16,0.34419640657410183
4049,electrolizer,2030,169,17,17,0.34419640657410183
4050,electrolizer,2030,169,18,18,0.34419640657410183
4051,electrolizer,2030,169,19,19,0.34419640657410183
4052,electrolizer,2030,169,20,20,0.34419640657410183
4053,electrolizer,2030,169,21,21,0.34419640657410183
4054,electrolizer,2030,169,22,22,0.34419640657410183
4055,electrolizer,2030,169,23,23,0.34419640657410183
4056,electrolizer,2030,169,24,24,0.34419640657410183
4057,electrolizer,2030,170,1,1,1.5419295325626086
4058,electrolizer,2030,170,2,2,1.5419295325626086
4059,electrolizer,2030,170,3,3,1.5419295325626086
4060,electrolizer,2030,170,4,4,1.5419295325626086
4061,electrolizer,2030,170,5,5,1.5419295325626086
4062,electrolizer,2030,170,6,6,1.5419295325626086
4063,electrolizer,2030,170,7,7,1.5419295325626086
4064,electrolizer,2030,170,8,8,1.5419295325626086
4065,electrolizer,2030,170,9,9,1.5419295325626086
4066,electrolizer,2030,170,10,10,1.5419295325626086
4067,electrolizer,2030,170,11,11,1.5419295325626086
4068,electrolizer,2030,170,12,12,1.5419295325626086
4069,electrolizer,2030,170,13,13,1.5419295325626086
4070,electrolizer,2030,170,14,14,1.5419295325626086
4071,electrolizer,2030,170,15,15,1.5419295325626086
4072,electrolizer,2030,170,16,16,1.5419295325626086
4073,electrolizer,2030,170,17,17,1.5419295325626086
4074,electrolizer,2030,170,18,18,1.5419295325626086
4075,electrolizer,2030,170,19,19,1.5419295325626086
4076,electrolizer,2030,170,20,20,1.5419295325626086
4077,electrolizer,2030,170,21,21,1.5419295325626086
4078,electrolizer,2030,170,22,22,1.5419295325626086
4079,electrolizer,2030,170,23,23,1.5419295325626086
4080,electrolizer,2030,170,24,24,1.5419295325626086
4081,electrolizer,2030,171,1,1,0.18488950390728903
4082,electrolizer,2030,171,2,2,0.18488950390728903
4083,electrolizer,2030,171,3,3,0.18488950390728903
4084,electrolizer,2030,171,4,4,0.18488950390728903
4085,electrolizer,2030,171,5,5,0.18488950390728903
4086,electrolizer,2030,171,6,6,0.18488950390728903
4087,electrolizer,2030,171,7,7,0.18488950390728903
4088,electrolizer,2030,171,8,8,0.18488950390728903
4089,electrolizer,2030,171,9,9,0.18488950390728903
4090,electrolizer,2030,171,10,10,0.18488950390728903
4091,electrolizer,2030,171,11,11,0.18488950390728903
4092,electrolizer,2030,171,12,12,0.18488950390728903
4093,electrolizer,2030,171,13,13,0.18488950390728903
4094,electrolizer,2030,171,14,14,0.18488950390728903
4095,electrolizer,2030,171,15,15,0.18488950390728903
4096,electrolizer,2030,171,16,16,0.18488950390728903
4097,electrolizer,2030,171,17,17,0.18488950390728903
4098,electrolizer,2030,171,18,18,0.18488950390728903
4099,electrolizer,2030,171,19,19,0.18488950390728903
4100,electrolizer,2030,171,20,20,0.18488950390728903
4101,electrolizer,2030,171,21,21,0.18488950390728903
4102,electrolizer,2030,171,22,22,0.18488950390728903
4103,electrolizer,2030,171,23,23,0.18488950390728903
4104,electrolizer,2030,171,24,24,0.18488950390728903
4105,electrolizer,2030,172,1,1,2.174961485317779
4106,electrolizer,2030,172,2,2,2.174961485317779
4107,electrolizer,2030,172,3,3,0.3854027663882304
4108,electrolizer,2030,172,4,4,0.3854027663882304
4109,electrolizer,2030,172,5,5,0.3854027663882304
4110,electrolizer,2030,172,6,6,0.3854027663882304
4111,electrolizer,2030,172,7,7,0.3854027663882304
4112,electrolizer,2030,172,8,8,2.174961485317779
4113,electrolizer,2030,172,9,9,2.174961485317779
4114,electrolizer,2030,172,10,10,2.174961485317779
4115,electrolizer,2030,172,11,11,2.174961485317779
4116,electrolizer,2030,172,12,12,2.174961485317779
4117,electrolizer,2030,172,13,13,2.174961485317779
4118,electrolizer,2030,172,14,14,2.174961485317779
4119,electrolizer,2030,172,15,15,2.174961485317779
4120,electrolizer,2030,172,16,16,2.174961485317779
4121,electrolizer,2030,172,17,17,2.174961485317779
4122,electrolizer,2030,172,18,18,2.174961485317779
4123,electrolizer,2030,172,19,19,2.174961485317779
4124,electrolizer,2030,172,20,20,2.174961485317779
4125,electrolizer,2030,172,21,21,2.174961485317779
4126,electrolizer,2030,172,22,22,2.174961485317779
4127,electrolizer,2030,172,23,23,2.174961485317779
4128,electrolizer,2030,172,24,24,2.174961485317779
4129,electrolizer,2030,173,1,1,0.13803929519670097
4130,electrolizer,2030,173,2,2,0.13803929519670097
4131,electrolizer,2030,173,3,3,0.13803929519670097
4132,electrolizer,2030,173,4,4,0.13803929519670097
4133,electrolizer,2030,173,5,5,0.7790036208790554
4134,electrolizer,2030,173,6,6,0.13803929519670097
4135,electrolizer,2030,173,7,7,0.7790036208790554
4136,electrolizer,2030,173,8,8,0.7790036208790554
4137,electrolizer,2030,173,9,9,0.7790036208790554
4138,electrolizer,2030,173,10,10,0.7790036208790554
4139,electrolizer,2030,173,11,11,0.7790036208790554
4140,electrolizer,2030,173,12,12,0.7790036208790554
4141,electrolizer,2030,173,13,13,0.7790036208790554
4142,electrolizer,2030,173,14,14,0.7790036208790554
4143,electrolizer,2030,173,15,15,0.7790036208790554
4144,electrolizer,2030,173,16,16,0.7790036208790554
4145,electrolizer,2030,173,17,17,0.7790036208790554
4146,electrolizer,2030,173,18,18,0.13803929519670097
4147,electrolizer,2030,173,19,19,0.13803929519670097
4148,electrolizer,2030,173,20,20,0.13803929519670097
4149,electrolizer,2030,173,21,21,0.13803929519670097
4150,electrolizer,2030,173,22,22,0.13803929519670097
4151,electrolizer,2030,173,23,23,0.13803929519670097
4152,electrolizer,2030,173,24,24,0.13803929519670097
4153,electrolizer,2030,174,1,1,0.34840347857991527
4154,electrolizer,2030,174,2,2,0.34840347857991527
4155,electrolizer,2030,174,3,3,0.34840347857991527
4156,electrolizer,2030,174,4,4,0.34840347857991527
4157,electrolizer,2030,174,5,5,0.34840347857991527
4158,electrolizer,2030,174,6,6,0.34840347857991527
4159,electrolizer,2030,174,7,7,0.34840347857991527
4160,electrolizer,2030,174,8,8,0.34840347857991527
4161,electrolizer,2030,174,9,9,0.34840347857991527
4162,electrolizer,2030,174,10,10,0.34840347857991527
4163,electrolizer,2030,174,11,11,0.34840347857991527
4164,electrolizer,2030,174,12,12,0.34840347857991527
4165,electrolizer,2030,174,13,13,0.34840347857991527
4166,electrolizer,2030,174,14,14,1.3636934223071824
4167,electrolizer,2030,174,15,15,1.966161671239094
4168,electrolizer,2030,174,16,16,1.966161671239094
4169,electrolizer,2030,174,17,17,1.966161671239094
4170,electrolizer,2030,174,18,18,1.966161671239094
4171,electrolizer,2030,174,19,19,1.966161671239094
4172,electrolizer,2030,174,20,20,1.966161671239094
4173,electrolizer,2030,174,21,21,1.966161671239094
4174,electrolizer,2030,174,22,22,0.34840347857991527
4175,electrolizer,2030,174,23,23,0.34840347857991527
4176,electrolizer,2030,174,24,24,0.34840347857991527
4177,electrolizer,2030,175,1,1,0.0745228036961212
4178,electrolizer,2030,175,2,2,0.0745228036961212
4179,electrolizer,2030,175,3,3,0.0745228036961212
4180,electrolizer,2030,175,4,4,0.0745228036961212
4181,electrolizer,2030,175,5,5,0.0745228036961212
4182,electrolizer,2030,175,6,6,0.0745228036961212
4183,electrolizer,2030,175,7,7,0.0745228036961212
4184,electrolizer,2030,175,8,8,0.0745228036961212
4185,electrolizer,2030,175,9,9,0.4205580290352342
4186,electrolizer,2030,175,10,10,0.4205580290352342
4187,electrolizer,2030,175,11,11,0.4205580290352342
4188,electrolizer,2030,175,12,12,0.4205580290352342
4189,electrolizer,2030,175,13,13,0.4205580290352342
4190,electrolizer,2030,175,14,14,0.4205580290352342
4191,electrolizer,2030,175,15,15,0.0745228036961212
4192,electrolizer,2030,175,16,16,0.0745228036961212
4193,electrolizer,2030,175,17,17,0.0745228036961212
4194,electrolizer,2030,175,18,18,0.0745228036961212
4195,electrolizer,2030,175,19,19,0.0745228036961212
4196,electrolizer,2030,175,20,20,0.0745228036961212
4197,electrolizer,2030,175,21,21,0.0745228036961212
4198,electrolizer,2030,175,22,22,0.0745228036961212
4199,electrolizer,2030,175,23,23,0.0745228036961212
4200,electrolizer,2030,175,24,24,0.0745228036961212
4201,electrolizer,2030,176,1,1,0.3798995443050257
4202,electrolizer,2030,176,2,2,0.3798995443050257
4203,electrolizer,2030,176,3,3,0.3798995443050257
4204,electrolizer,2030,176,4,4,0.3798995443050257
4205,electrolizer,2030,176,5,5,0.3798995443050257
4206,electrolizer,2030,176,6,6,0.3798995443050257
4207,electrolizer,2030,176,7,7,0.3798995443050257
4208,electrolizer,2030,176,8,8,0.3798995443050257
4209,electrolizer,2030,176,9,9,0.3798995443050257
4210,electrolizer,2030,176,10,10,0.3798995443050257
4211,electrolizer,2030,176,11,11,0.3798995443050257
4212,electrolizer,2030,176,12,12,0.3798995443050257
4213,electrolizer,2030,176,13,13,0.3798995443050257
4214,electrolizer,2030,176,14,14,0.3798995443050257
4215,electrolizer,2030,176,15,15,0.3798995443050257
4216,electrolizer,2030,176,16,16,0.3798995443050257
4217,electrolizer,2030,176,17,17,0.3798995443050257
4218,electrolizer,2030,176,18,18,0.3798995443050257
4219,electrolizer,2030,176,19,19,0.3798995443050257
4220,electrolizer,2030,176,20,20,0.3798995443050257
4221,electrolizer,2030,176,21,21,0.3798995443050257
4222,electrolizer,2030,176,22,22,0.3798995443050257
4223,electrolizer,2030,176,23,23,0.3798995443050257
4224,electrolizer,2030,176,24,24,0.3798995443050257
4225,electrolizer,2030,177,1,1,0.2920329477877846
4226,electrolizer,2030,177,2,2,0.2920329477877846
4227,electrolizer,2030,177,3,3,0.2920329477877846
4228,electrolizer,2030,177,4,4,0.2920329477877846
4229,electrolizer,2030,177,5,5,0.2920329477877846
4230,electrolizer,2030,177,6,6,0.2920329477877846
4231,electrolizer,2030,177,7,7,0.2920329477877846
4232,electrolizer,2030,177,8,8,0.2920329477877846
4233,electrolizer,2030,177,9,9,1.6480432142057555
4234,electrolizer,2030,177,10,10,1.6480432142057555
4235,electrolizer,2030,177,11,11,1.6480432142057555
4236,electrolizer,2030,177,12,12,1.6480432142057555
4237,electrolizer,2030,177,13,13,1.6480432142057555
4238,electrolizer,2030,177,14,14,1.6480432142057555
4239,electrolizer,2030,177,15,15,1.6480432142057555
4240,electrolizer,2030,177,16,16,1.6480432142057555
4241,electrolizer,2030,177,17,17,1.6480432142057555
4242,electrolizer,2030,177,18,18,1.6480432142057555
4243,electrolizer,2030,177,19,19,1.6480432142057555
4244,electrolizer,2030,177,20,20,1.6480432142057555
4245,electrolizer,2030,177,21,21,1.6480432142057555
4246,electrolizer,2030,177,22,22,1.6480432142057555
4247,electrolizer,2030,177,23,23,1.6480432142057555
4248,electrolizer,2030,177,24,24,1.6480432142057555
4249,electrolizer,2030,178,1,1,0.24428945774053396
4250,electrolizer,2030,178,2,2,0.24428945774053396
4251,electrolizer,2030,178,3,3,0.24428945774053396
4252,electrolizer,2030,178,4,4,0.24428945774053396
4253,electrolizer,2030,178,5,5,0.24428945774053396
4254,electrolizer,2030,178,6,6,0.24428945774053396
4255,electrolizer,2030,178,7,7,0.24428945774053396
4256,electrolizer,2030,178,8,8,0.24428945774053396
4257,electrolizer,2030,178,9,9,0.24428945774053396
4258,electrolizer,2030,178,10,10,0.24428945774053396
4259,electrolizer,2030,178,11,11,0.24428945774053396
4260,electrolizer,2030,178,12,12,0.24428945774053396
4261,electrolizer,2030,178,13,13,0.24428945774053396
4262,electrolizer,2030,178,14,14,0.24428945774053396
4263,electrolizer,2030,178,15,15,0.24428945774053396
4264,electrolizer,2030,178,16,16,0.24428945774053396
4265,electrolizer,2030,178,17,17,0.24428945774053396
4266,electrolizer,2030,178,18,18,0.24428945774053396
4267,electrolizer,2030,178,19,19,0.24428945774053396
4268,electrolizer,2030,178,20,20,0.24428945774053396
4269,electrolizer,2030,178,21,21,0.24428945774053396
4270,electrolizer,2030,178,22,22,0.24428945774053396
4271,electrolizer,2030,178,23,23,0.24428945774053396
4272,electrolizer,2030,178,24,24,0.24428945774053396
4273,electrolizer,2030,179,1,1,0.04383466475707147
4274,electrolizer,2030,179,2,2,0.04383466475707147
4275,electrolizer,2030,179,3,3,0.04383466475707147
4276,electrolizer,2030,179,4,4,0.04383466475707147
4277,electrolizer,2030,179,5,5,0.04383466475707147
4278,electrolizer,2030,179,6,6,0.04383466475707147
4279,electrolizer,2030,179,7,7,0.04383466475707147
4280,electrolizer,2030,179,8,8,0.24737421700914536
4281,electrolizer,2030,179,9,9,0.24737421700914536
4282,electrolizer,2030,179,10,10,0.24737421700914536
4283,electrolizer,2030,179,11,11,0.24737421700914536
4284,electrolizer,2030,179,12,12,0.24737421700914536
4285,electrolizer,2030,179,13,13,0.24737421700914536
4286,electrolizer,2030,179,14,14,0.04383466475707147
4287,electrolizer,2030,179,15,15,0.04383466475707147
4288,electrolizer,2030,179,16,16,0.04383466475707147
4289,electrolizer,2030,179,17,17,0.04383466475707147
4290,electrolizer,2030,179,18,18,0.04383466475707147
4291,electrolizer,2030,179,19,19,0.04383466475707147
4292,electrolizer,2030,179,20,20,0.04383466475707147
4293,electrolizer,2030,179,21,21,0.04383466475707147
4294,electrolizer,2030,179,22,22,0.04383466475707147
4295,electrolizer,2030,179,23,23,0.04383466475707147
4296,electrolizer,2030,179,24,24,0.04383466475707147
4297,electrolizer,2030,180,1,1,0.18880798461555087
4298,electrolizer,2030,180,2,2,0.18880798461555087
4299,electrolizer,2030,180,3,3,0.18880798461555087
4300,electrolizer,2030,180,4,4,0.18880798461555087
4301,electrolizer,2030,180,5,5,0.18880798461555087
4302,electrolizer,2030,180,6,6,0.18880798461555087
4303,electrolizer,2030,180,7,7,0.18880798461555087
4304,electrolizer,2030,180,8,8,0.18880798461555087
4305,electrolizer,2030,180,9,9,0.18880798461555087
4306,electrolizer,2030,180,10,10,0.18880798461555087
4307,electrolizer,2030,180,11,11,0.18880798461555087
4308,electrolizer,2030,180,12,12,0.18880798461555087
4309,electrolizer,2030,180,13,13,0.18880798461555087
4310,electrolizer,2030,180,14,14,0.18880798461555087
4311,electrolizer,2030,180,15,15,0.18880798461555087
4312,electrolizer,2030,180,16,16,0.18880798461555087
4313,electrolizer,2030,180,17,17,0.18880798461555087
4314,electrolizer,2030,180,18,18,0.18880798461555087
4315,electrolizer,2030,180,19,19,0.18880798461555087
4316,electrolizer,2030,180,20,20,0.18880798461555087
4317,electrolizer,2030,180,21,21,0.18880798461555087
4318,electrolizer,2030,180,22,22,0.18880798461555087
4319,electrolizer,2030,180,23,23,0.18880798461555087
4320,electrolizer,2030,180,24,24,0.18880798461555087
4321,electrolizer,2030,181,1,1,0.234134754884819
4322,electrolizer,2030,181,2,2,0.234134754884819
4323,electrolizer,2030,181,3,3,0.234134754884819
4324,electrolizer,2030,181,4,4,0.234134754884819
4325,electrolizer,2030,181,5,5,0.234134754884819
4326,electrolizer,2030,181,6,6,0.234134754884819
4327,electrolizer,2030,181,7,7,0.234134754884819
4328,electrolizer,2030,181,8,8,1.321303630020729
4329,electrolizer,2030,181,9,9,1.321303630020729
4330,electrolizer,2030,181,10,10,1.321303630020729
4331,electrolizer,2030,181,11,11,1.321303630020729
4332,electrolizer,2030,181,12,12,1.321303630020729
4333,electrolizer,2030,181,13,13,1.321303630020729
4334,electrolizer,2030,181,14,14,1.321303630020729
4335,electrolizer,2030,181,15,15,1.321303630020729
4336,electrolizer,2030,181,16,16,1.321303630020729
4337,electrolizer,2030,181,17,17,0.234134754884819
4338,electrolizer,2030,181,18,18,0.234134754884819
4339,electrolizer,2030,181,19,19,1.321303630020729
4340,electrolizer,2030,181,20,20,1.321303630020729
4341,electrolizer,2030,181,21,21,0.234134754884819
4342,electrolizer,2030,181,22,22,0.234134754884819
4343,electrolizer,2030,181,23,23,0.234134754884819
4344,electrolizer,2030,181,24,24,0.234134754884819
4345,electrolizer,2030,182,1,1,0.06384460671903469
4346,electrolizer,2030,182,2,2,0.06384460671903469
4347,electrolizer,2030,182,3,3,0.06384460671903469
4348,electrolizer,2030,182,4,4,0.06384460671903469
4349,electrolizer,2030,182,5,5,0.06384460671903469
4350,electrolizer,2030,182,6,6,0.06384460671903469
4351,electrolizer,2030,182,7,7,0.06384460671903469
4352,electrolizer,2030,182,8,8,0.3602972598263158
4353,electrolizer,2030,182,9,9,0.3602972598263158
4354,electrolizer,2030,182,10,10,0.3602972598263158
4355,electrolizer,2030,182,11,11,0.3602972598263158
4356,electrolizer,2030,182,12,12,0.3602972598263158
4357,electrolizer,2030,182,13,13,0.3602972598263158
4358,electrolizer,2030,182,14,14,0.06384460671903469
4359,electrolizer,2030,182,15,15,0.06384460671903469
4360,electrolizer,2030,182,16,16,0.06384460671903469
4361,electrolizer,2030,182,17,17,0.06384460671903469
4362,electrolizer,2030,182,18,18,0.06384460671903469
4363,electrolizer,2030,182,19,19,0.06384460671903469
4364,electrolizer,2030,182,20,20,0.06384460671903469
4365,electrolizer,2030,182,21,21,0.06384460671903469
4366,electrolizer,2030,182,22,22,0.06384460671903469
4367,electrolizer,2030,182,23,23,0.06384460671903469
4368,electrolizer,2030,182,24,24,0.06384460671903469
4369,electrolizer,2030,183,1,1,0.16907122922013204
4370,electrolizer,2030,183,2,2,0.16907122922013204
4371,electrolizer,2030,183,3,3,0.16907122922013204
4372,electrolizer,2030,183,4,4,0.16907122922013204
4373,electrolizer,2030,183,5,5,0.16907122922013204
4374,electrolizer,2030,183,6,6,0.16907122922013204
4375,electrolizer,2030,183,7,7,0.16907122922013204
4376,electrolizer,2030,183,8,8,0.16907122922013204
4377,electrolizer,2030,183,9,9,0.16907122922013204
4378,electrolizer,2030,183,10,10,0.16907122922013204
4379,electrolizer,2030,183,11,11,0.16907122922013204
4380,electrolizer,2030,183,12,12,0.16907122922013204
4381,electrolizer,2030,183,13,13,0.16907122922013204
4382,electrolizer,2030,183,14,14,0.16907122922013204
4383,electrolizer,2030,183,15,15,0.16907122922013204
4384,electrolizer,2030,183,16,16,0.16907122922013204
4385,electrolizer,2030,183,17,17,0.16907122922013204
4386,electrolizer,2030,183,18,18,0.16907122922013204
4387,electrolizer,2030,183,19,19,0.16907122922013204
4388,electrolizer,2030,183,20,20,0.16907122922013204
4389,electrolizer,2030,183,21,21,0.16907122922013204
4390,electrolizer,2030,183,22,22,0.16907122922013204
4391,electrolizer,2030,183,23,23,0.16907122922013204
4392,electrolizer,2030,183,24,24,0.16907122922013204
4393,electrolizer,2030,184,1,1,0.6177845413627943
4394,electrolizer,2030,184,2,2,0.6177845413627943
4395,electrolizer,2030,184,3,3,0.6177845413627943
4396,electrolizer,2030,184,4,4,0.10947130460947792
4397,electrolizer,2030,184,5,5,0.10947130460947792
4398,electrolizer,2030,184,6,6,0.10947130460947792
4399,electrolizer,2030,184,7,7,0.10947130460947792
4400,electrolizer,2030,184,8,8,0.6177845413627943
4401,electrolizer,2030,184,9,9,0.6177845413627943
4402,electrolizer,2030,184,10,10,0.6177845413627943
4403,electrolizer,2030,184,11,11,0.6177845413627943
4404,electrolizer,2030,184,12,12,0.6177845413627943
4405,electrolizer,2030,184,13,13,0.6177845413627943
4406,electrolizer,2030,184,14,14,0.6177845413627943
4407,electrolizer,2030,184,15,15,0.6177845413627943
4408,electrolizer,2030,184,16,16,0.10947130460947792
4409,electrolizer,2030,184,17,17,0.10947130460947792
4410,electrolizer,2030,184,18,18,0.10947130460947792
4411,electrolizer,2030,184,19,19,0.10947130460947792
4412,electrolizer,2030,184,20,20,0.10947130460947792
4413,electrolizer,2030,184,21,21,0.10947130460947792
4414,electrolizer,2030,184,22,22,0.10947130460947792
4415,electrolizer,2030,184,23,23,0.10947130460947792
4416,electrolizer,2030,184,24,24,0.10947130460947792
4417,electrolizer,2030,185,1,1,0.11271882423282996
4418,electrolizer,2030,185,2,2,0.11271882423282996
4419,electrolizer,2030,185,3,3,0.11271882423282996
4420,electrolizer,2030,185,4,4,0.11271882423282996
4421,electrolizer,2030,185,5,5,0.11271882423282996
4422,electrolizer,2030,185,6,6,0.11271882423282996
4423,electrolizer,2030,185,7,7,0.11271882423282996
4424,electrolizer,2030,185,8,8,0.11271882423282996
4425,electrolizer,2030,185,9,9,0.11271882423282996
4426,electrolizer,2030,185,10,10,0.11271882423282996
4427,electrolizer,2030,185,11,11,0.11271882423282996
4428,electrolizer,2030,185,12,12,0.11271882423282996
4429,electrolizer,2030,185,13,13,0.11271882423282996
4430,electrolizer,2030,185,14,14,0.11271882423282996
4431,electrolizer,2030,185,15,15,0.11271882423282996
4432,electrolizer,2030,185,16,16,0.11271882423282996
4433,electrolizer,2030,185,17,17,0.11271882423282996
4434,electrolizer,2030,185,18,18,0.11271882423282996
4435,electrolizer,2030,185,19,19,0.11271882423282996
4436,electrolizer,2030,185,20,20,0.11271882423282996
4437,electrolizer,2030,185,21,21,0.11271882423282996
4438,electrolizer,2030,185,22,22,0.11271882423282996
4439,electrolizer,2030,185,23,23,0.11271882423282996
4440,electrolizer,2030,185,24,24,0.11271882423282996
4441,electrolizer,2030,186,1,1,0.05952440810037348
4442,electrolizer,2030,186,2,2,0.05952440810037348
4443,electrolizer,2030,186,3,3,0.05952440810037348
4444,electrolizer,2030,186,4,4,0.05952440810037348
4445,electrolizer,2030,186,5,5,0.05952440810037348
4446,electrolizer,2030,186,6,6,0.05952440810037348
4447,electrolizer,2030,186,7,7,0.05952440810037348
4448,electrolizer,2030,186,8,8,0.05952440810037348
4449,electrolizer,2030,186,9,9,0.05952440810037348
4450,electrolizer,2030,186,10,10,0.05952440810037348
4451,electrolizer,2030,186,11,11,0.05952440810037348
4452,electrolizer,2030,186,12,12,0.05952440810037348
4453,electrolizer,2030,186,13,13,0.05952440810037348
4454,electrolizer,2030,186,14,14,0.05952440810037348
4455,electrolizer,2030,186,15,15,0.05952440810037348
4456,electrolizer,2030,186,16,16,0.05952440810037348
4457,electrolizer,2030,186,17,17,0.05952440810037348
4458,electrolizer,2030,186,18,18,0.05952440810037348
4459,electrolizer,2030,186,19,19,0.05952440810037348
4460,electrolizer,2030,186,20,20,0.05952440810037348
4461,electrolizer,2030,186,21,21,0.05952440810037348
4462,electrolizer,2030,186,22,22,0.05952440810037348
4463,electrolizer,2030,186,23,23,0.0023809763240149394
4464,electrolizer,2030,186,24,24,0.0023809763240149394
4465,electrolizer,2030,187,1,1,0.24670008531256088
4466,electrolizer,2030,187,2,2,0.24670008531256088
4467,electrolizer,2030,187,3,3,0.24670008531256088
4468,electrolizer,2030,187,4,4,0.24670008531256088
4469,electrolizer,2030,187,5,5,0.24670008531256088
4470,electrolizer,2030,187,6,6,0.24670008531256088
4471,electrolizer,2030,187,7,7,0.24670008531256088
4472,electrolizer,2030,187,8,8,0.24670008531256088
4473,electrolizer,2030,187,9,9,0.24670008531256088
4474,electrolizer,2030,187,10,10,0.24670008531256088
4475,electrolizer,2030,187,11,11,0.24670008531256088
4476,electrolizer,2030,187,12,12,0.24670008531256088
4477,electrolizer,2030,187,13,13,0.24670008531256088
4478,electrolizer,2030,187,14,14,0.24670008531256088
4479,electrolizer,2030,187,15,15,0.24670008531256088
4480,electrolizer,2030,187,16,16,0.24670008531256088
4481,electrolizer,2030,187,17,17,0.24670008531256088
4482,electrolizer,2030,187,18,18,1.3922141478323748
4483,electrolizer,2030,187,19,19,1.3922141478323748
4484,electrolizer,2030,187,20,20,1.3922141478323748
4485,electrolizer,2030,187,21,21,1.3922141478323748
4486,electrolizer,2030,187,22,22,0.24670008531256088
4487,electrolizer,2030,187,23,23,0.24670008531256088
4488,electrolizer,2030,187,24,24,0.24670008531256088
4489,electrolizer,2030,188,1,1,0.3296637766464561
4490,electrolizer,2030,188,2,2,0.3296637766464561
4491,electrolizer,2030,188,3,3,0.3296637766464561
4492,electrolizer,2030,188,4,4,0.3296637766464561
4493,electrolizer,2030,188,5,5,0.3296637766464561
4494,electrolizer,2030,188,6,6,0.3296637766464561
4495,electrolizer,2030,188,7,7,0.3296637766464561
4496,electrolizer,2030,188,8,8,0.3296637766464561
4497,electrolizer,2030,188,9,9,1.860407033477746
4498,electrolizer,2030,188,10,10,1.860407033477746
4499,electrolizer,2030,188,11,11,1.860407033477746
4500,electrolizer,2030,188,12,12,1.860407033477746
4501,electrolizer,2030,188,13,13,0.3296637766464561
4502,electrolizer,2030,188,14,14,0.3296637766464561
4503,electrolizer,2030,188,15,15,0.3296637766464561
4504,electrolizer,2030,188,16,16,0.3296637766464561
4505,electrolizer,2030,188,17,17,0.3296637766464561
4506,electrolizer,2030,188,18,18,0.3296637766464561
4507,electrolizer,2030,188,19,19,0.3296637766464561
4508,electrolizer,2030,188,20,20,0.3296637766464561
4509,electrolizer,2030,188,21,21,0.3296637766464561
4510,electrolizer,2030,188,22,22,0.3296637766464561
4511,electrolizer,2030,188,23,23,0.3296637766464561
4512,electrolizer,2030,188,24,24,0.3296637766464561
4513,electrolizer,2030,189,1,1,0.2301074451234091
4514,electrolizer,2030,189,2,2,0.2301074451234091
4515,electrolizer,2030,189,3,3,0.2301074451234091
4516,electrolizer,2030,189,4,4,0.2301074451234091
4517,electrolizer,2030,189,5,5,0.2301074451234091
4518,electrolizer,2030,189,6,6,0.2301074451234091
4519,electrolizer,2030,189,7,7,0.2301074451234091
4520,electrolizer,2030,189,8,8,0.2301074451234091
4521,electrolizer,2030,189,9,9,0.2301074451234091
4522,electrolizer,2030,189,10,10,0.2301074451234091
4523,electrolizer,2030,189,11,11,0.2301074451234091
4524,electrolizer,2030,189,12,12,0.2301074451234091
4525,electrolizer,2030,189,13,13,0.2301074451234091
4526,electrolizer,2030,189,14,14,0.2301074451234091
4527,electrolizer,2030,189,15,15,0.2301074451234091
4528,electrolizer,2030,189,16,16,0.2301074451234091
4529,electrolizer,2030,189,17,17,0.2301074451234091
4530,electrolizer,2030,189,18,18,0.2301074451234091
4531,electrolizer,2030,189,19,19,0.2301074451234091
4532,electrolizer,2030,189,20,20,0.2301074451234091
4533,electrolizer,2030,189,21,21,0.2301074451234091
4534,electrolizer,2030,189,22,22,0.2301074451234091
4535,electrolizer,2030,189,23,23,0.2301074451234091
4536,electrolizer,2030,189,24,24,0.2301074451234091
4537,electrolizer,2030,190,1,1,0.19062657677120262
4538,electrolizer,2030,190,2,2,0.19062657677120262
4539,electrolizer,2030,190,3,3,0.19062657677120262
4540,electrolizer,2030,190,4,4,0.19062657677120262
4541,electrolizer,2030,190,5,5,0.19062657677120262
4542,electrolizer,2030,190,6,6,0.19062657677120262
4543,electrolizer,2030,190,7,7,0.19062657677120262
4544,electrolizer,2030,190,8,8,0.19062657677120262
4545,electrolizer,2030,190,9,9,0.19062657677120262
4546,electrolizer,2030,190,10,10,1.075771890380494
4547,electrolizer,2030,190,11,11,1.075771890380494
4548,electrolizer,2030,190,12,12,0.19062657677120262
4549,electrolizer,2030,190,13,13,0.19062657677120262
4550,electrolizer,2030,190,14,14,0.19062657677120262
4551,electrolizer,2030,190,15,15,0.19062657677120262
4552,electrolizer,2030,190,16,16,0.19062657677120262
4553,electrolizer,2030,190,17,17,0.19062657677120262
4554,electrolizer,2030,190,18,18,0.19062657677120262
4555,electrolizer,2030,190,19,19,0.19062657677120262
4556,electrolizer,2030,190,20,20,0.19062657677120262
4557,electrolizer,2030,190,21,21,0.19062657677120262
4558,electrolizer,2030,190,22,22,0.19062657677120262
4559,electrolizer,2030,190,23,23,0.19062657677120262
4560,electrolizer,2030,190,24,24,0.19062657677120262
4561,electrolizer,2030,191,1,1,0.38062654151463277
4562,electrolizer,2030,191,2,2,0.38062654151463277
4563,electrolizer,2030,191,3,3,0.38062654151463277
4564,electrolizer,2030,191,4,4,0.38062654151463277
4565,electrolizer,2030,191,5,5,0.38062654151463277
4566,electrolizer,2030,191,6,6,0.38062654151463277
4567,electrolizer,2030,191,7,7,0.38062654151463277
4568,electrolizer,2030,191,8,8,2.148007591751722
4569,electrolizer,2030,191,9,9,2.148007591751722
4570,electrolizer,2030,191,10,10,2.148007591751722
4571,electrolizer,2030,191,11,11,2.148007591751722
4572,electrolizer,2030,191,12,12,2.148007591751722
4573,electrolizer,2030,191,13,13,2.148007591751722
4574,electrolizer,2030,191,14,14,2.148007591751722
4575,electrolizer,2030,191,15,15,2.148007591751722
4576,electrolizer,2030,191,16,16,2.148007591751722
4577,electrolizer,2030,191,17,17,2.148007591751722
4578,electrolizer,2030,191,18,18,2.148007591751722
4579,electrolizer,2030,191,19,19,2.148007591751722
4580,electrolizer,2030,191,20,20,2.148007591751722
4581,electrolizer,2030,191,21,21,2.148007591751722
4582,electrolizer,2030,191,22,22,0.38062654151463277
4583,electrolizer,2030,191,23,23,2.148007591751722
4584,electrolizer,2030,191,24,24,0.38062654151463277
4585,electrolizer,2030,192,1,1,0.15954591819437902
4586,electrolizer,2030,192,2,2,0.15954591819437902
4587,electrolizer,2030,192,3,3,0.15954591819437902
4588,electrolizer,2030,192,4,4,0.15954591819437902
4589,electrolizer,2030,192,5,5,0.15954591819437902
4590,electrolizer,2030,192,6,6,0.15954591819437902
4591,electrolizer,2030,192,7,7,0.15954591819437902
4592,electrolizer,2030,192,8,8,0.15954591819437902
4593,electrolizer,2030,192,9,9,0.15954591819437902
4594,electrolizer,2030,192,10,10,0.15954591819437902
4595,electrolizer,2030,192,11,11,0.15954591819437902
4596,electrolizer,2030,192,12,12,0.15954591819437902
4597,electrolizer,2030,192,13,13,0.15954591819437902
4598,electrolizer,2030,192,14,14,0.15954591819437902
4599,electrolizer,2030,192,15,15,0.15954591819437902
4600,electrolizer,2030,192,16,16,0.15954591819437902
4601,electrolizer,2030,192,17,17,0.15954591819437902
4602,electrolizer,2030,192,18,18,0.15954591819437902
4603,electrolizer,2030,192,19,19,0.15954591819437902
4604,electrolizer,2030,192,20,20,0.15954591819437902
4605,electrolizer,2030,192,21,21,0.15954591819437902
4606,electrolizer,2030,192,22,22,0.15954591819437902
4607,electrolizer,2030,192,23,23,0.15954591819437902
4608,electrolizer,2030,192,24,24,0.15954591819437902
4609,electrolizer,2030,193,1,1,0.10595125492406156
4610,electrolizer,2030,193,2,2,0.1059512549240616
4611,electrolizer,2030,193,3,3,0.1059512549240616
4612,electrolizer,2030,193,4,4,0.1059512549240616
4613,electrolizer,2030,193,5,5,0.004238050196962465
4614,electrolizer,2030,193,6,6,0.004238050196962465
4615,electrolizer,2030,193,7,7,0.1059512549240616
4616,electrolizer,2030,193,8,8,0.1059512549240616
4617,electrolizer,2030,193,9,9,0.1059512549240616
4618,electrolizer,2030,193,10,10,0.1059512549240616
4619,electrolizer,2030,193,11,11,0.1059512549240616
4620,electrolizer,2030,193,12,12,0.1059512549240616
4621,electrolizer,2030,193,13,13,0.10595125492406156
4622,electrolizer,2030,193,14,14,0.1059512549240616
4623,electrolizer,2030,193,15,15,0.1059512549240616
4624,electrolizer,2030,193,16,16,0.1059512549240616
4625,electrolizer,2030,193,17,17,0.1059512549240616
4626,electrolizer,2030,193,18,18,0.1059512549240616
4627,electrolizer,2030,193,19,19,0.1059512549240616
4628,electrolizer,2030,193,20,20,0.10595125492406156
4629,electrolizer,2030,193,21,21,0.1059512549240616
4630,electrolizer,2030,193,22,22,0.1059512549240616
4631,electrolizer,2030,193,23,23,0.1059512549240616
4632,electrolizer,2030,193,24,24,0.1059512549240616
4633,electrolizer,2030,194,1,1,0.4051066722948357
4634,electrolizer,2030,194,2,2,0.4051066722948357
4635,electrolizer,2030,194,3,3,0.4051066722948357
4636,electrolizer,2030,194,4,4,0.4051066722948357
4637,electrolizer,2030,194,5,5,0.4051066722948357
4638,electrolizer,2030,194,6,6,0.4051066722948357
4639,electrolizer,2030,194,7,7,0.4051066722948357
4640,electrolizer,2030,194,8,8,0.4051066722948357
4641,electrolizer,2030,194,9,9,0.4051066722948357
4642,electrolizer,2030,194,10,10,0.4051066722948357
4643,electrolizer,2030,194,11,11,0.4051066722948357
4644,electrolizer,2030,194,12,12,0.4051066722948357
4645,electrolizer,2030,194,13,13,0.4051066722948357
4646,electrolizer,2030,194,14,14,0.4051066722948357
4647,electrolizer,2030,194,15,15,0.4051066722948357
4648,electrolizer,2030,194,16,16,0.4051066722948357
4649,electrolizer,2030,194,17,17,0.4051066722948357
4650,electrolizer,2030,194,18,18,0.4051066722948357
4651,electrolizer,2030,194,19,19,0.4051066722948357
4652,electrolizer,2030,194,20,20,0.4051066722948357
4653,electrolizer,2030,194,21,21,0.4051066722948357
4654,electrolizer,2030,194,22,22,0.4051066722948357
4655,electrolizer,2030,194,23,23,0.4051066722948357
4656,electrolizer,2030,194,24,24,0.4051066722948357
4657,electrolizer,2030,195,1,1,0.03377262130070413
4658,electrolizer,2030,195,2,2,0.03377262130070412
4659,electrolizer,2030,195,3,3,0.03377262130070412
4660,electrolizer,2030,195,4,4,0.03377262130070412
4661,electrolizer,2030,195,5,5,0.03377262130070412
4662,electrolizer,2030,195,6,6,0.03377262130070412
4663,electrolizer,2030,195,7,7,0.03377262130070412
4664,electrolizer,2030,195,8,8,0.03377262130070412
4665,electrolizer,2030,195,9,9,0.03377262130070412
4666,electrolizer,2030,195,10,10,0.03377262130070412
4667,electrolizer,2030,195,11,11,0.03377262130070413
4668,electrolizer,2030,195,12,12,0.03377262130070412
4669,electrolizer,2030,195,13,13,0.03377262130070412
4670,electrolizer,2030,195,14,14,0.03377262130070412
4671,electrolizer,2030,195,15,15,0.03377262130070412
4672,electrolizer,2030,195,16,16,0.03377262130070412
4673,electrolizer,2030,195,17,17,0.03377262130070412
4674,electrolizer,2030,195,18,18,0.03377262130070412
4675,electrolizer,2030,195,19,19,0.03377262130070412
4676,electrolizer,2030,195,20,20,0.03377262130070412
4677,electrolizer,2030,195,21,21,0.03377262130070412
4678,electrolizer,2030,195,22,22,0.03377262130070412
4679,electrolizer,2030,195,23,23,0.03377262130070413
4680,electrolizer,2030,195,24,24,0.03377262130070412
4681,electrolizer,2030,196,1,1,0.08680114795622561
4682,electrolizer,2030,196,2,2,0.08680114795622561
4683,electrolizer,2030,196,3,3,0.08680114795622561
4684,electrolizer,2030,196,4,4,0.08680114795622561
4685,electrolizer,2030,196,5,5,0.08680114795622561
4686,electrolizer,2030,196,6,6,0.08680114795622561
4687,electrolizer,2030,196,7,7,0.08680114795622561
4688,electrolizer,2030,196,8,8,0.08680114795622561
4689,electrolizer,2030,196,9,9,0.08680114795622562
4690,electrolizer,2030,196,10,10,0.08680114795622561
4691,electrolizer,2030,196,11,11,0.08680114795622561
4692,electrolizer,2030,196,12,12,0.08680114795622561
4693,electrolizer,2030,196,13,13,0.08680114795622561
4694,electrolizer,2030,196,14,14,0.08680114795622561
4695,electrolizer,2030,196,15,15,0.08680114795622561
4696,electrolizer,2030,196,16,16,0.08680114795622561
4697,electrolizer,2030,196,17,17,0.08680114795622561
4698,electrolizer,2030,196,18,18,0.08680114795622561
4699,electrolizer,2030,196,19,19,0.08680114795622561
4700,electrolizer,2030,196,20,20,0.08680114795622561
4701,electrolizer,2030,196,21,21,0.08680114795622561
4702,electrolizer,2030,196,22,22,0.08680114795622561
4703,electrolizer,2030,196,23,23,0.08680114795622561
4704,electrolizer,2030,196,24,24,0.08680114795622561
4705,electrolizer,2030,197,1,1,0.09006227390179443
4706,electrolizer,2030,197,2,2,0.09006227390179443
4707,electrolizer,2030,197,3,3,0.09006227390179443
4708,electrolizer,2030,197,4,4,0.09006227390179443
4709,electrolizer,2030,197,5,5,0.09006227390179443
4710,electrolizer,2030,197,6,6,0.09006227390179443
4711,electrolizer,2030,197,7,7,0.09006227390179443
4712,electrolizer,2030,197,8,8,0.09006227390179443
4713,electrolizer,2030,197,9,9,0.09006227390179443
4714,electrolizer,2030,197,10,10,0.09006227390179443
4715,electrolizer,2030,197,11,11,0.09006227390179443
4716,electrolizer,2030,197,12,12,0.09006227390179443
4717,electrolizer,2030,197,13,13,0.09006227390179443
4718,electrolizer,2030,197,14,14,0.09006227390179443
4719,electrolizer,2030,197,15,15,0.09006227390179443
4720,electrolizer,2030,197,16,16,0.09006227390179443
4721,electrolizer,2030,197,17,17,0.09006227390179443
4722,electrolizer,2030,197,18,18,0.09006227390179443
4723,electrolizer,2030,197,19,19,0.09006227390179443
4724,electrolizer,2030,197,20,20,0.09006227390179443
4725,electrolizer,2030,197,21,21,0.09006227390179443
4726,electrolizer,2030,197,22,22,0.09006227390179443
4727,electrolizer,2030,197,23,23,0.09006227390179443
4728,electrolizer,2030,197,24,24,0.09006227390179443
4729,electrolizer,2030,198,1,1,0.08883776262073237
4730,electrolizer,2030,198,2,2,0.08883776262073244
4731,electrolizer,2030,198,3,3,0.08883776262073244
4732,electrolizer,2030,198,4,4,0.08883776262073244
4733,electrolizer,2030,198,5,5,0.08883776262073244
4734,electrolizer,2030,198,6,6,0.08883776262073244
4735,electrolizer,2030,198,7,7,0.08883776262073244
4736,electrolizer,2030,198,8,8,0.08883776262073244
4737,electrolizer,2030,198,9,9,0.08883776262073244
4738,electrolizer,2030,198,10,10,0.08883776262073244
4739,electrolizer,2030,198,11,11,0.08883776262073244
4740,electrolizer,2030,198,12,12,0.08883776262073244
4741,electrolizer,2030,198,13,13,0.08883776262073244
4742,electrolizer,2030,198,14,14,0.08883776262073244
4743,electrolizer,2030,198,15,15,0.08883776262073244
4744,electrolizer,2030,198,16,16,0.08883776262073244
4745,electrolizer,2030,198,17,17,0.08883776262073244
4746,electrolizer,2030,198,18,18,0.08883776262073244
4747,electrolizer,2030,198,19,19,0.08883776262073244
4748,electrolizer,2030,198,20,20,0.08883776262073244
4749,electrolizer,2030,198,21,21,0.08883776262073244
4750,electrolizer,2030,198,22,22,0.08883776262073244
4751,electrolizer,2030,198,23,23,0.08883776262073237
4752,electrolizer,2030,198,24,24,0.08883776262073244
4753,electrolizer,2030,199,1,1,0.07763291122946017
4754,electrolizer,2030,199,2,2,0.07763291122946016
4755,electrolizer,2030,199,3,3,0.07763291122946016
4756,electrolizer,2030,199,4,4,0.07763291122946016
4757,electrolizer,2030,199,5,5,0.07763291122946016
4758,electrolizer,2030,199,6,6,0.07763291122946016
4759,electrolizer,2030,199,7,7,0.07763291122946016
4760,electrolizer,2030,199,8,8,0.07763291122946016
4761,electrolizer,2030,199,9,9,0.07763291122946016
4762,electrolizer,2030,199,10,10,0.07763291122946016
4763,electrolizer,2030,199,11,11,0.07763291122946016
4764,electrolizer,2030,199,12,12,0.07763291122946016
4765,electrolizer,2030,199,13,13,0.07763291122946016
4766,electrolizer,2030,199,14,14,0.07763291122946016
4767,electrolizer,2030,199,15,15,0.07763291122946016
4768,electrolizer,2030,199,16,16,0.07763291122946016
4769,electrolizer,2030,199,17,17,0.07763291122946016
4770,electrolizer,2030,199,18,18,0.07763291122946016
4771,electrolizer,2030,199,19,19,0.07763291122946016
4772,electrolizer,2030,199,20,20,0.07763291122946016
4773,electrolizer,2030,199,21,21,0.07763291122946016
4774,electrolizer,2030,199,22,22,0.07763291122946016
4775,electrolizer,2030,199,23,23,0.07763291122946016
4776,electrolizer,2030,199,24,24,0.07763291122946016
4777,electrolizer,2030,200,1,1,0.10831786908863761
4778,electrolizer,2030,200,2,2,0.10831786908863766
4779,electrolizer,2030,200,3,3,0.10831786908863766
4780,electrolizer,2030,200,4,4,0.10831786908863766
4781,electrolizer,2030,200,5,5,0.10831786908863766
4782,electrolizer,2030,200,6,6,0.10831786908863766
4783,electrolizer,2030,200,7,7,0.10831786908863766
4784,electrolizer,2030,200,8,8,0.10831786908863766
4785,electrolizer,2030,200,9,9,0.10831786908863766
4786,electrolizer,2030,200,10,10,0.10831786908863766
4787,electrolizer,2030,200,11,11,0.10831786908863766
4788,electrolizer,2030,200,12,12,0.10831786908863766
4789,electrolizer,2030,200,13,13,0.10831786908863766
4790,electrolizer,2030,200,14,14,0.10831786908863766
4791,electrolizer,2030,200,15,15,0.10831786908863766
4792,electrolizer,2030,200,16,16,0.10831786908863766
4793,electrolizer,2030,200,17,17,0.10831786908863766
4794,electrolizer,2030,200,18,18,0.10831786908863761
4795,electrolizer,2030,200,19,19,0.10831786908863761
4796,electrolizer,2030,200,20,20,0.10831786908863761
4797,electrolizer,2030,200,21,21,0.10831786908863766
4798,electrolizer,2030,200,22,22,0.10831786908863766
4799,electrolizer,2030,200,23,23,0.10831786908863766
4800,electrolizer,2030,200,24,24,0.10831786908863766
4801,electrolizer,2030,201,1,1,0.0008954116441522957
4802,electrolizer,2030,201,2,2,0.0008954116441522957
4803,electrolizer,2030,201,3,3,0.0008954116441522957
4804,electrolizer,2030,201,4,4,0.0008954116441522957
4805,electrolizer,2030,201,5,5,0.0008954116441522957
4806,electrolizer,2030,201,6,6,0.0008954116441522957
4807,electrolizer,2030,201,7,7,0.0008954116441522957
4808,electrolizer,2030,201,8,8,0.022385291103807388
4809,electrolizer,2030,201,9,9,0.022385291103807388
4810,electrolizer,2030,201,10,10,0.022385291103807388
4811,electrolizer,2030,201,11,11,0.0223852911038074
4812,electrolizer,2030,201,12,12,0.0223852911038074
4813,electrolizer,2030,201,13,13,0.0223852911038074
4814,electrolizer,2030,201,14,14,0.0223852911038074
4815,electrolizer,2030,201,15,15,0.0223852911038074
4816,electrolizer,2030,201,16,16,0.0223852911038074
4817,electrolizer,2030,201,17,17,0.022385291103807388
4818,electrolizer,2030,201,18,18,0.0223852911038074
4819,electrolizer,2030,201,19,19,0.022385291103807388
4820,electrolizer,2030,201,20,20,0.022385291103807388
4821,electrolizer,2030,201,21,21,0.0223852911038074
4822,electrolizer,2030,201,22,22,0.0008954116441522957
4823,electrolizer,2030,201,23,23,0.022385291103807388
4824,electrolizer,2030,201,24,24,0.0223852911038074
4825,electrolizer,2030,202,1,1,0.0736881695397
4826,electrolizer,2030,202,2,2,0.07368816953970005
4827,electrolizer,2030,202,3,3,0.07368816953970005
4828,electrolizer,2030,202,4,4,0.0736881695397
4829,electrolizer,2030,202,5,5,0.07368816953970005
4830,electrolizer,2030,202,6,6,0.07368816953970005
4831,electrolizer,2030,202,7,7,0.07368816953970005
4832,electrolizer,2030,202,8,8,0.07368816953970005
4833,electrolizer,2030,202,9,9,0.07368816953970005
4834,electrolizer,2030,202,10,10,0.07368816953970005
4835,electrolizer,2030,202,11,11,0.07368816953970005
4836,electrolizer,2030,202,12,12,0.07368816953970005
4837,electrolizer,2030,202,13,13,0.07368816953970005
4838,electrolizer,2030,202,14,14,0.07368816953970005
4839,electrolizer,2030,202,15,15,0.07368816953970005
4840,electrolizer,2030,202,16,16,0.0736881695397
4841,electrolizer,2030,202,17,17,0.07368816953970005
4842,electrolizer,2030,202,18,18,0.07368816953970005
4843,electrolizer,2030,202,19,19,0.07368816953970005
4844,electrolizer,2030,202,20,20,0.07368816953970005
4845,electrolizer,2030,202,21,21,0.07368816953970005
4846,electrolizer,2030,202,22,22,0.07368816953970005
4847,electrolizer,2030,202,23,23,0.07368816953970005
4848,electrolizer,2030,202,24,24,0.07368816953970005
4849,electrolizer,2030,203,1,1,0.18659779484514585
4850,electrolizer,2030,203,2,2,0.18659779484514585
4851,electrolizer,2030,203,3,3,0.18659779484514585
4852,electrolizer,2030,203,4,4,0.18659779484514585
4853,electrolizer,2030,203,5,5,0.18659779484514585
4854,electrolizer,2030,203,6,6,0.18659779484514585
4855,electrolizer,2030,203,7,7,0.18659779484514585
4856,electrolizer,2030,203,8,8,0.18659779484514585
4857,electrolizer,2030,203,9,9,0.18659779484514585
4858,electrolizer,2030,203,10,10,0.18659779484514585
4859,electrolizer,2030,203,11,11,0.18659779484514585
4860,electrolizer,2030,203,12,12,0.18659779484514585
4861,electrolizer,2030,203,13,13,0.18659779484514585
4862,electrolizer,2030,203,14,14,0.18659779484514585
4863,electrolizer,2030,203,15,15,0.18659779484514585
4864,electrolizer,2030,203,16,16,0.18659779484514585
4865,electrolizer,2030,203,17,17,0.18659779484514585
4866,electrolizer,2030,203,18,18,0.18659779484514585
4867,electrolizer,2030,203,19,19,0.18659779484514585
4868,electrolizer,2030,203,20,20,0.18659779484514585
4869,electrolizer,2030,203,21,21,0.18659779484514585
4870,electrolizer,2030,203,22,22,0.18659779484514585
4871,electrolizer,2030,203,23,23,0.18659779484514585
4872,electrolizer,2030,203,24,24,0.18659779484514585
4873,electrolizer,2030,204,1,1,0.02675192715132384
4874,electrolizer,2030,204,2,2,0.026751927151323844
4875,electrolizer,2030,204,3,3,0.026751927151323844
4876,electrolizer,2030,204,4,4,0.0010700770860529538
4877,electrolizer,2030,204,5,5,0.0010700770860529538
4878,electrolizer,2030,204,6,6,0.0010700770860529538
4879,electrolizer,2030,204,7,7,0.0010700770860529538
4880,electrolizer,2030,204,8,8,0.026751927151323844
4881,electrolizer,2030,204,9,9,0.02675192715132384
4882,electrolizer,2030,204,10,10,0.026751927151323844
4883,electrolizer,2030,204,11,11,0.02675192715132384
4884,electrolizer,2030,204,12,12,0.026751927151323844
4885,electrolizer,2030,204,13,13,0.026751927151323848
4886,electrolizer,2030,204,14,14,0.026751927151323844
4887,electrolizer,2030,204,15,15,0.026751927151323844
4888,electrolizer,2030,204,16,16,0.026751927151323844
4889,electrolizer,2030,204,17,17,0.02675192715132384
4890,electrolizer,2030,204,18,18,0.02675192715132384
4891,electrolizer,2030,204,19,19,0.02675192715132384
4892,electrolizer,2030,204,20,20,0.026751927151323844
4893,electrolizer,2030,204,21,21,0.02675192715132384
4894,electrolizer,2030,204,22,22,0.026751927151323844
4895,electrolizer,2030,204,23,23,0.026751927151323848
4896,electrolizer,2030,204,24,24,0.02675192715132384
4897,electrolizer,2030,205,1,1,0.35620886189377304
4898,electrolizer,2030,205,2,2,0.35620886189377304
4899,electrolizer,2030,205,3,3,0.35620886189377304
4900,electrolizer,2030,205,4,4,0.35620886189377304
4901,electrolizer,2030,205,5,5,0.35620886189377304
4902,electrolizer,2030,205,6,6,0.35620886189377304
4903,electrolizer,2030,205,7,7,0.35620886189377304
4904,electrolizer,2030,205,8,8,0.35620886189377304
4905,electrolizer,2030,205,9,9,0.35620886189377304
4906,electrolizer,2030,205,10,10,0.35620886189377304
4907,electrolizer,2030,205,11,11,0.35620886189377304
4908,electrolizer,2030,205,12,12,0.35620886189377304
4909,electrolizer,2030,205,13,13,0.35620886189377327
4910,electrolizer,2030,205,14,14,0.35620886189377327
4911,electrolizer,2030,205,15,15,0.35620886189377327
4912,electrolizer,2030,205,16,16,0.35620886189377304
4913,electrolizer,2030,205,17,17,0.35620886189377304
4914,electrolizer,2030,205,18,18,0.35620886189377304
4915,electrolizer,2030,205,19,19,0.35620886189377304
4916,electrolizer,2030,205,20,20,0.35620886189377304
4917,electrolizer,2030,205,21,21,0.35620886189377304
4918,electrolizer,2030,205,22,22,0.35620886189377304
4919,electrolizer,2030,205,23,23,0.35620886189377304
4920,electrolizer,2030,205,24,24,0.35620886189377304
4921,electrolizer,2030,206,1,1,0.07876646318933433
4922,electrolizer,2030,206,2,2,0.07876646318933433
4923,electrolizer,2030,206,3,3,0.07876646318933433
4924,electrolizer,2030,206,4,4,0.07876646318933435
4925,electrolizer,2030,206,5,5,0.07876646318933435
4926,electrolizer,2030,206,6,6,0.07876646318933435
4927,electrolizer,2030,206,7,7,0.07876646318933435
4928,electrolizer,2030,206,8,8,0.07876646318933433
4929,electrolizer,2030,206,9,9,0.07876646318933435
4930,electrolizer,2030,206,10,10,0.07876646318933435
4931,electrolizer,2030,206,11,11,0.07876646318933433
4932,electrolizer,2030,206,12,12,0.07876646318933435
4933,electrolizer,2030,206,13,13,0.07876646318933435
4934,electrolizer,2030,206,14,14,0.07876646318933435
4935,electrolizer,2030,206,15,15,0.07876646318933435
4936,electrolizer,2030,206,16,16,0.07876646318933433
4937,electrolizer,2030,206,17,17,0.07876646318933435
4938,electrolizer,2030,206,18,18,0.07876646318933435
4939,electrolizer,2030,206,19,19,0.07876646318933435
4940,electrolizer,2030,206,20,20,0.07876646318933435
4941,electrolizer,2030,206,21,21,0.07876646318933435
4942,electrolizer,2030,206,22,22,0.07876646318933435
4943,electrolizer,2030,206,23,23,0.07876646318933435
4944,electrolizer,2030,206,24,24,0.07876646318933435
4945,electrolizer,2030,207,1,1,0.033600211136574014
4946,electrolizer,2030,207,2,2,0.03360021113657403
4947,electrolizer,2030,207,3,3,0.03360021113657403
4948,electrolizer,2030,207,4,4,0.033600211136574014
4949,electrolizer,2030,207,5,5,0.03360021113657403
4950,electrolizer,2030,207,6,6,0.03360021113657403
4951,electrolizer,2030,207,7,7,0.03360021113657403
4952,electrolizer,2030,207,8,8,0.03360021113657403
4953,electrolizer,2030,207,9,9,0.033600211136574014
4954,electrolizer,2030,207,10,10,0.03360021113657403
4955,electrolizer,2030,207,11,11,0.03360021113657403
4956,electrolizer,2030,207,12,12,0.03360021113657403
4957,electrolizer,2030,207,13,13,0.03360021113657403
4958,electrolizer,2030,207,14,14,0.03360021113657403
4959,electrolizer,2030,207,15,15,0.03360021113657403
4960,electrolizer,2030,207,16,16,0.03360021113657403
4961,electrolizer,2030,207,17,17,0.03360021113657403
4962,electrolizer,2030,207,18,18,0.03360021113657403
4963,electrolizer,2030,207,19,19,0.03360021113657403
4964,electrolizer,2030,207,20,20,0.03360021113657403
4965,electrolizer,2030,207,21,21,0.03360021113657403
4966,electrolizer,2030,207,22,22,0.033600211136574014
4967,electrolizer,2030,207,23,23,0.03360021113657403
4968,electrolizer,2030,207,24,24,0.03360021113657403
4969,electrolizer,2030,208,1,1,0.053472863901903714
4970,electrolizer,2030,208,2,2,0.053472863901903714
4971,electrolizer,2030,208,3,3,0.053472863901903714
4972,electrolizer,2030,208,4,4,0.053472863901903714
4973,electrolizer,2030,208,5,5,0.053472863901903714
4974,electrolizer,2030,208,6,6,0.053472863901903714
4975,electrolizer,2030,208,7,7,0.053472863901903714
4976,electrolizer,2030,208,8,8,0.053472863901903714
4977,electrolizer,2030,208,9,9,0.053472863901903714
4978,electrolizer,2030,208,10,10,0.053472863901903714
4979,electrolizer,2030,208,11,11,0.053472863901903714
4980,electrolizer,2030,208,12,12,0.053472863901903714
4981,electrolizer,2030,208,13,13,0.053472863901903714
4982,electrolizer,2030,208,14,14,0.053472863901903714
4983,electrolizer,2030,208,15,15,0.053472863901903714
4984,electrolizer,2030,208,16,16,0.053472863901903714
4985,electrolizer,2030,208,17,17,0.053472863901903714
4986,electrolizer,2030,208,18,18,0.053472863901903714
4987,electrolizer,2030,208,19,19,0.053472863901903714
4988,electrolizer,2030,208,20,20,0.053472863901903714
4989,electrolizer,2030,208,21,21,0.053472863901903714
4990,electrolizer,2030,208,22,22,0.053472863901903714
4991,electrolizer,2030,208,23,23,0.053472863901903714
4992,electrolizer,2030,208,24,24,0.053472863901903714
4993,electrolizer,2030,209,1,1,0.11644557359524695
4994,electrolizer,2030,209,2,2,0.11644557359524697
4995,electrolizer,2030,209,3,3,0.11644557359524697
4996,electrolizer,2030,209,4,4,0.11644557359524697
4997,electrolizer,2030,209,5,5,0.11644557359524697
4998,electrolizer,2030,209,6,6,0.11644557359524697
4999,electrolizer,2030,209,7,7,0.11644557359524695
5000,electrolizer,2030,209,8,8,0.11644557359524697
5001,electrolizer,2030,209,9,9,0.11644557359524697
5002,electrolizer,2030,209,10,10,0.11644557359524697
5003,electrolizer,2030,209,11,11,0.11644557359524697
5004,electrolizer,2030,209,12,12,0.11644557359524697
5005,electrolizer,2030,209,13,13,0.11644557359524697
5006,electrolizer,2030,209,14,14,0.11644557359524697
5007,electrolizer,2030,209,15,15,0.11644557359524697
5008,electrolizer,2030,209,16,16,0.11644557359524697
5009,electrolizer,2030,209,17,17,0.11644557359524697
5010,electrolizer,2030,209,18,18,0.11644557359524697
5011,electrolizer,2030,209,19,19,0.11644557359524697
5012,electrolizer,2030,209,20,20,0.11644557359524697
5013,electrolizer,2030,209,21,21,0.11644557359524697
5014,electrolizer,2030,209,22,22,0.11644557359524697
5015,electrolizer,2030,209,23,23,0.11644557359524697
5016,electrolizer,2030,209,24,24,0.11644557359524697
5017,electrolizer,2030,210,1,1,0.06563271644115493
5018,electrolizer,2030,210,2,2,0.06563271644115494
5019,electrolizer,2030,210,3,3,0.06563271644115494
5020,electrolizer,2030,210,4,4,0.06563271644115494
5021,electrolizer,2030,210,5,5,0.06563271644115494
5022,electrolizer,2030,210,6,6,0.06563271644115494
5023,electrolizer,2030,210,7,7,0.06563271644115494
5024,electrolizer,2030,210,8,8,0.06563271644115494
5025,electrolizer,2030,210,9,9,0.06563271644115494
5026,electrolizer,2030,210,10,10,0.06563271644115494
5027,electrolizer,2030,210,11,11,0.06563271644115494
5028,electrolizer,2030,210,12,12,0.06563271644115494
5029,electrolizer,2030,210,13,13,0.06563271644115494
5030,electrolizer,2030,210,14,14,0.06563271644115494
5031,electrolizer,2030,210,15,15,0.06563271644115494
5032,electrolizer,2030,210,16,16,0.06563271644115494
5033,electrolizer,2030,210,17,17,0.06563271644115494
5034,electrolizer,2030,210,18,18,0.06563271644115494
5035,electrolizer,2030,210,19,19,0.06563271644115494
5036,electrolizer,2030,210,20,20,0.06563271644115494
5037,electrolizer,2030,210,21,21,0.06563271644115494
5038,electrolizer,2030,210,22,22,0.06563271644115494
5039,electrolizer,2030,210,23,23,0.06563271644115494
5040,electrolizer,2030,210,24,24,0.06563271644115494
5041,electrolizer,2030,211,1,1,0.09386732177053425
5042,electrolizer,2030,211,2,2,0.09386732177053425
5043,electrolizer,2030,211,3,3,0.09386732177053425
5044,electrolizer,2030,211,4,4,0.09386732177053425
5045,electrolizer,2030,211,5,5,0.09386732177053425
5046,electrolizer,2030,211,6,6,0.09386732177053425
5047,electrolizer,2030,211,7,7,0.09386732177053425
5048,electrolizer,2030,211,8,8,0.09386732177053425
5049,electrolizer,2030,211,9,9,0.09386732177053425
5050,electrolizer,2030,211,10,10,0.09386732177053425
5051,electrolizer,2030,211,11,11,0.09386732177053425
5052,electrolizer,2030,211,12,12,0.09386732177053425
5053,electrolizer,2030,211,13,13,0.09386732177053425
5054,electrolizer,2030,211,14,14,0.09386732177053425
5055,electrolizer,2030,211,15,15,0.09386732177053425
5056,electrolizer,2030,211,16,16,0.09386732177053425
5057,electrolizer,2030,211,17,17,0.09386732177053425
5058,electrolizer,2030,211,18,18,0.09386732177053425
5059,electrolizer,2030,211,19,19,0.09386732177053425
5060,electrolizer,2030,211,20,20,0.09386732177053425
5061,electrolizer,2030,211,21,21,0.09386732177053425
5062,electrolizer,2030,211,22,22,0.09386732177053425
5063,electrolizer,2030,211,23,23,0.09386732177053425
5064,electrolizer,2030,211,24,24,0.09386732177053425
5065,electrolizer,2030,212,1,1,0.03262694032704624
5066,electrolizer,2030,212,2,2,0.03262694032704623
5067,electrolizer,2030,212,3,3,0.03262694032704623
5068,electrolizer,2030,212,4,4,0.03262694032704623
5069,electrolizer,2030,212,5,5,0.03262694032704623
5070,electrolizer,2030,212,6,6,0.03262694032704623
5071,electrolizer,2030,212,7,7,0.03262694032704623
5072,electrolizer,2030,212,8,8,0.03262694032704624
5073,electrolizer,2030,212,9,9,0.03262694032704623
5074,electrolizer,2030,212,10,10,0.03262694032704623
5075,electrolizer,2030,212,11,11,0.03262694032704623
5076,electrolizer,2030,212,12,12,0.03262694032704623
5077,electrolizer,2030,212,13,13,0.03262694032704623
5078,electrolizer,2030,212,14,14,0.03262694032704623
5079,electrolizer,2030,212,15,15,0.03262694032704623
5080,electrolizer,2030,212,16,16,0.03262694032704623
5081,electrolizer,2030,212,17,17,0.03262694032704623
5082,electrolizer,2030,212,18,18,0.03262694032704624
5083,electrolizer,2030,212,19,19,0.03262694032704623
5084,electrolizer,2030,212,20,20,0.03262694032704623
5085,electrolizer,2030,212,21,21,0.03262694032704623
5086,electrolizer,2030,212,22,22,0.03262694032704623
5087,electrolizer,2030,212,23,23,0.03262694032704623
5088,electrolizer,2030,212,24,24,0.03262694032704623
5089,electrolizer,2030,213,1,1,0.0633276086713206
5090,electrolizer,2030,213,2,2,0.06332760867132063
5091,electrolizer,2030,213,3,3,0.06332760867132063
5092,electrolizer,2030,213,4,4,0.06332760867132063
5093,electrolizer,2030,213,5,5,0.06332760867132063
5094,electrolizer,2030,213,6,6,0.06332760867132063
5095,electrolizer,2030,213,7,7,0.0633276086713206
5096,electrolizer,2030,213,8,8,0.06332760867132063
5097,electrolizer,2030,213,9,9,0.06332760867132063
5098,electrolizer,2030,213,10,10,0.06332760867132063
5099,electrolizer,2030,213,11,11,0.06332760867132063
5100,electrolizer,2030,213,12,12,0.06332760867132063
5101,electrolizer,2030,213,13,13,0.0633276086713206
5102,electrolizer,2030,213,14,14,0.06332760867132063
5103,electrolizer,2030,213,15,15,0.06332760867132063
5104,electrolizer,2030,213,16,16,0.06332760867132063
5105,electrolizer,2030,213,17,17,0.06332760867132063
5106,electrolizer,2030,213,18,18,0.06332760867132063
5107,electrolizer,2030,213,19,19,0.0633276086713206
5108,electrolizer,2030,213,20,20,0.06332760867132063
5109,electrolizer,2030,213,21,21,0.06332760867132063
5110,electrolizer,2030,213,22,22,0.06332760867132063
5111,electrolizer,2030,213,23,23,0.06332760867132063
5112,electrolizer,2030,213,24,24,0.06332760867132063
5113,electrolizer,2030,214,1,1,0.05594111342120564
5114,electrolizer,2030,214,2,2,0.055941113421205654
5115,electrolizer,2030,214,3,3,0.055941113421205654
5116,electrolizer,2030,214,4,4,0.055941113421205654
5117,electrolizer,2030,214,5,5,0.055941113421205654
5118,electrolizer,2030,214,6,6,0.05594111342120564
5119,electrolizer,2030,214,7,7,0.055941113421205654
5120,electrolizer,2030,214,8,8,0.055941113421205654
5121,electrolizer,2030,214,9,9,0.055941113421205654
5122,electrolizer,2030,214,10,10,0.055941113421205654
5123,electrolizer,2030,214,11,11,0.055941113421205654
5124,electrolizer,2030,214,12,12,0.055941113421205654
5125,electrolizer,2030,214,13,13,0.055941113421205654
5126,electrolizer,2030,214,14,14,0.055941113421205654
5127,electrolizer,2030,214,15,15,0.055941113421205654
5128,electrolizer,2030,214,16,16,0.055941113421205654
5129,electrolizer,2030,214,17,17,0.055941113421205654
5130,electrolizer,2030,214,18,18,0.055941113421205654
5131,electrolizer,2030,214,19,19,0.05594111342120564
5132,electrolizer,2030,214,20,20,0.055941113421205654
5133,electrolizer,2030,214,21,21,0.055941113421205654
5134,electrolizer,2030,214,22,22,0.055941113421205654
5135,electrolizer,2030,214,23,23,0.055941113421205654
5136,electrolizer,2030,214,24,24,0.055941113421205654
5137,electrolizer,2030,215,1,1,0.06824498654086047
5138,electrolizer,2030,215,2,2,0.06824498654086046
5139,electrolizer,2030,215,3,3,0.06824498654086046
5140,electrolizer,2030,215,4,4,0.06824498654086047
5141,electrolizer,2030,215,5,5,0.06824498654086046
5142,electrolizer,2030,215,6,6,0.06824498654086046
5143,electrolizer,2030,215,7,7,0.06824498654086046
5144,electrolizer,2030,215,8,8,0.06824498654086047
5145,electrolizer,2030,215,9,9,0.06824498654086046
5146,electrolizer,2030,215,10,10,0.06824498654086046
5147,electrolizer,2030,215,11,11,0.06824498654086046
5148,electrolizer,2030,215,12,12,0.06824498654086046
5149,electrolizer,2030,215,13,13,0.06824498654086046
5150,electrolizer,2030,215,14,14,0.06824498654086047
5151,electrolizer,2030,215,15,15,0.06824498654086046
5152,electrolizer,2030,215,16,16,0.06824498654086046
5153,electrolizer,2030,215,17,17,0.06824498654086046
5154,electrolizer,2030,215,18,18,0.06824498654086046
5155,electrolizer,2030,215,19,19,0.06824498654086046
5156,electrolizer,2030,215,20,20,0.06824498654086046
5157,electrolizer,2030,215,21,21,0.06824498654086046
5158,electrolizer,2030,215,22,22,0.06824498654086046
5159,electrolizer,2030,215,23,23,0.06824498654086046
5160,electrolizer,2030,215,24,24,0.06824498654086046
5161,electrolizer,2030,216,1,1,0.06739807399485051
5162,electrolizer,2030,216,2,2,0.0026959229597940198
5163,electrolizer,2030,216,3,3,0.0026959229597940198
5164,electrolizer,2030,216,4,4,0.0026959229597940198
5165,electrolizer,2030,216,5,5,0.0026959229597940198
5166,electrolizer,2030,216,6,6,0.0026959229597940198
5167,electrolizer,2030,216,7,7,0.0026959229597940198
5168,electrolizer,2030,216,8,8,0.06739807399485051
5169,electrolizer,2030,216,9,9,0.0673980739948505
5170,electrolizer,2030,216,10,10,0.06739807399485051
5171,electrolizer,2030,216,11,11,0.0673980739948505
5172,electrolizer,2030,216,12,12,0.0673980739948505
5173,electrolizer,2030,216,13,13,0.06739807399485051
5174,electrolizer,2030,216,14,14,0.0673980739948505
5175,electrolizer,2030,216,15,15,0.0673980739948505
5176,electrolizer,2030,216,16,16,0.0673980739948505
5177,electrolizer,2030,216,17,17,0.0673980739948505
5178,electrolizer,2030,216,18,18,0.0673980739948505
5179,electrolizer,2030,216,19,19,0.0673980739948505
5180,electrolizer,2030,216,20,20,0.0673980739948505
5181,electrolizer,2030,216,21,21,0.0673980739948505
5182,electrolizer,2030,216,22,22,0.0673980739948505
5183,electrolizer,2030,216,23,23,0.0673980739948505
5184,electrolizer,2030,216,24,24,0.0673980739948505
5185,electrolizer,2030,217,1,1,0.1395291802542063
5186,electrolizer,2030,217,2,2,0.13952918025420621
5187,electrolizer,2030,217,3,3,0.13952918025420621
5188,electrolizer,2030,217,4,4,0.13952918025420621
5189,electrolizer,2030,217,5,5,0.13952918025420621
5190,electrolizer,2030,217,6,6,0.13952918025420621
5191,electrolizer,2030,217,7,7,0.13952918025420621
5192,electrolizer,2030,217,8,8,0.13952918025420621
5193,electrolizer,2030,217,9,9,0.13952918025420621
5194,electrolizer,2030,217,10,10,0.13952918025420621
5195,electrolizer,2030,217,11,11,0.13952918025420621
5196,electrolizer,2030,217,12,12,0.13952918025420621
5197,electrolizer,2030,217,13,13,0.13952918025420621
5198,electrolizer,2030,217,14,14,0.13952918025420621
5199,electrolizer,2030,217,15,15,0.13952918025420621
5200,electrolizer,2030,217,16,16,0.13952918025420621
5201,electrolizer,2030,217,17,17,0.13952918025420621
5202,electrolizer,2030,217,18,18,0.13952918025420621
5203,electrolizer,2030,217,19,19,0.13952918025420621
5204,electrolizer,2030,217,20,20,0.13952918025420621
5205,electrolizer,2030,217,21,21,0.13952918025420621
5206,electrolizer,2030,217,22,22,0.13952918025420621
5207,electrolizer,2030,217,23,23,0.13952918025420621
5208,electrolizer,2030,217,24,24,0.13952918025420621
5209,electrolizer,2030,218,1,1,0.2529312048080814
5210,electrolizer,2030,218,2,2,0.2529312048080814
5211,electrolizer,2030,218,3,3,0.2529312048080814
5212,electrolizer,2030,218,4,4,0.2529312048080814
5213,electrolizer,2030,218,5,5,0.2529312048080814
5214,electrolizer,2030,218,6,6,0.2529312048080814
5215,electrolizer,2030,218,7,7,0.2529312048080814
5216,electrolizer,2030,218,8,8,0.2529312048080814
5217,electrolizer,2030,218,9,9,0.2529312048080814
5218,electrolizer,2030,218,10,10,0.2529312048080814
5219,electrolizer,2030,218,11,11,0.2529312048080814
5220,electrolizer,2030,218,12,12,0.2529312048080814
5221,electrolizer,2030,218,13,13,0.2529312048080814
5222,electrolizer,2030,218,14,14,0.2529312048080814
5223,electrolizer,2030,218,15,15,0.2529312048080814
5224,electrolizer,2030,218,16,16,0.2529312048080814
5225,electrolizer,2030,218,17,17,0.2529312048080814
5226,electrolizer,2030,218,18,18,0.2529312048080814
5227,electrolizer,2030,218,19,19,0.2529312048080814
5228,electrolizer,2030,218,20,20,0.2529312048080814
5229,electrolizer,2030,218,21,21,0.2529312048080814
5230,electrolizer,2030,218,22,22,0.2529312048080814
5231,electrolizer,2030,218,23,23,0.2529312048080814
5232,electrolizer,2030,218,24,24,0.2529312048080814
5233,electrolizer,2030,219,1,1,0.016816649988831544
5234,electrolizer,2030,219,2,2,0.016816649988831544
5235,electrolizer,2030,219,3,3,0.016816649988831544
5236,electrolizer,2030,219,4,4,0.016816649988831544
5237,electrolizer,2030,219,5,5,0.016816649988831544
5238,electrolizer,2030,219,6,6,0.016816649988831544
5239,electrolizer,2030,219,7,7,0.016816649988831544
5240,electrolizer,2030,219,8,8,0.016816649988831547
5241,electrolizer,2030,219,9,9,0.016816649988831544
5242,electrolizer,2030,219,10,10,0.016816649988831547
5243,electrolizer,2030,219,11,11,0.016816649988831547
5244,electrolizer,2030,219,12,12,0.016816649988831547
5245,electrolizer,2030,219,13,13,0.016816649988831547
5246,electrolizer,2030,219,14,14,0.016816649988831544
5247,electrolizer,2030,219,15,15,0.016816649988831547
5248,electrolizer,2030,219,16,16,0.016816649988831544
5249,electrolizer,2030,219,17,17,0.016816649988831544
5250,electrolizer,2030,219,18,18,0.016816649988831547
5251,electrolizer,2030,219,19,19,0.016816649988831544
5252,electrolizer,2030,219,20,20,0.016816649988831544
5253,electrolizer,2030,219,21,21,0.016816649988831544
5254,electrolizer,2030,219,22,22,0.016816649988831544
5255,electrolizer,2030,219,23,23,0.016816649988831544
5256,electrolizer,2030,219,24,24,0.016816649988831544
5257,electrolizer,2030,220,1,1,0.0759118077866755
5258,electrolizer,2030,220,2,2,0.0759118077866755
5259,electrolizer,2030,220,3,3,0.0759118077866755
5260,electrolizer,2030,220,4,4,0.0759118077866755
5261,electrolizer,2030,220,5,5,0.0759118077866755
5262,electrolizer,2030,220,6,6,0.0759118077866755
5263,electrolizer,2030,220,7,7,0.0759118077866755
5264,electrolizer,2030,220,8,8,0.0759118077866755
5265,electrolizer,2030,220,9,9,0.0759118077866755
5266,electrolizer,2030,220,10,10,0.0759118077866755
5267,electrolizer,2030,220,11,11,0.0759118077866755
5268,electrolizer,2030,220,12,12,0.0759118077866755
5269,electrolizer,2030,220,13,13,0.0759118077866755
5270,electrolizer,2030,220,14,14,0.0759118077866755
5271,electrolizer,2030,220,15,15,0.0759118077866755
5272,electrolizer,2030,220,16,16,0.0759118077866755
5273,electrolizer,2030,220,17,17,0.0759118077866755
5274,electrolizer,2030,220,18,18,0.0759118077866755
5275,electrolizer,2030,220,19,19,0.0759118077866755
5276,electrolizer,2030,220,20,20,0.0759118077866755
5277,electrolizer,2030,220,21,21,0.0759118077866755
5278,electrolizer,2030,220,22,22,0.0759118077866755
5279,electrolizer,2030,220,23,23,0.0759118077866755
5280,electrolizer,2030,220,24,24,0.0759118077866755
5281,electrolizer,2030,221,1,1,0.06053070052789535
5282,electrolizer,2030,221,2,2,0.06053070052789535
5283,electrolizer,2030,221,3,3,0.06053070052789535
5284,electrolizer,2030,221,4,4,0.06053070052789535
5285,electrolizer,2030,221,5,5,0.06053070052789532
5286,electrolizer,2030,221,6,6,0.06053070052789532
5287,electrolizer,2030,221,7,7,0.06053070052789535
5288,electrolizer,2030,221,8,8,0.06053070052789535
5289,electrolizer,2030,221,9,9,0.06053070052789535
5290,electrolizer,2030,221,10,10,0.06053070052789535
5291,electrolizer,2030,221,11,11,0.06053070052789535
5292,electrolizer,2030,221,12,12,0.06053070052789535
5293,electrolizer,2030,221,13,13,0.06053070052789535
5294,electrolizer,2030,221,14,14,0.06053070052789532
5295,electrolizer,2030,221,15,15,0.06053070052789532
5296,electrolizer,2030,221,16,16,0.06053070052789532
5297,electrolizer,2030,221,17,17,0.06053070052789532
5298,electrolizer,2030,221,18,18,0.06053070052789535
5299,electrolizer,2030,221,19,19,0.06053070052789535
5300,electrolizer,2030,221,20,20,0.06053070052789535
5301,electrolizer,2030,221,21,21,0.06053070052789532
5302,electrolizer,2030,221,22,22,0.06053070052789532
5303,electrolizer,2030,221,23,23,0.06053070052789532
5304,electrolizer,2030,221,24,24,0.06053070052789532
5305,electrolizer,2030,222,1,1,0.057831383733478035
5306,electrolizer,2030,222,2,2,0.057831383733478035
5307,electrolizer,2030,222,3,3,0.057831383733478035
5308,electrolizer,2030,222,4,4,0.057831383733478035
5309,electrolizer,2030,222,5,5,0.057831383733478035
5310,electrolizer,2030,222,6,6,0.057831383733478035
5311,electrolizer,2030,222,7,7,0.057831383733478035
5312,electrolizer,2030,222,8,8,0.057831383733478035
5313,electrolizer,2030,222,9,9,0.05783138373347805
5314,electrolizer,2030,222,10,10,0.057831383733478035
5315,electrolizer,2030,222,11,11,0.057831383733478035
5316,electrolizer,2030,222,12,12,0.05783138373347805
5317,electrolizer,2030,222,13,13,0.05783138373347805
5318,electrolizer,2030,222,14,14,0.05783138373347805
5319,electrolizer,2030,222,15,15,0.05783138373347805
5320,electrolizer,2030,222,16,16,0.05783138373347805
5321,electrolizer,2030,222,17,17,0.05783138373347805
5322,electrolizer,2030,222,18,18,0.057831383733478035
5323,electrolizer,2030,222,19,19,0.057831383733478035
5324,electrolizer,2030,222,20,20,0.057831383733478035
5325,electrolizer,2030,222,21,21,0.057831383733478035
5326,electrolizer,2030,222,22,22,0.057831383733478035
5327,electrolizer,2030,222,23,23,0.057831383733478035
5328,electrolizer,2030,222,24,24,0.057831383733478035
5329,electrolizer,2030,223,1,1,0.06904972149009939
5330,electrolizer,2030,223,2,2,0.06904972149009939
5331,electrolizer,2030,223,3,3,0.06904972149009939
5332,electrolizer,2030,223,4,4,0.06904972149009939
5333,electrolizer,2030,223,5,5,0.06904972149009939
5334,electrolizer,2030,223,6,6,0.06904972149009939
5335,electrolizer,2030,223,7,7,0.06904972149009939
5336,electrolizer,2030,223,8,8,0.06904972149009939
5337,electrolizer,2030,223,9,9,0.06904972149009939
5338,electrolizer,2030,223,10,10,0.06904972149009939
5339,electrolizer,2030,223,11,11,0.06904972149009939
5340,electrolizer,2030,223,12,12,0.06904972149009939
5341,electrolizer,2030,223,13,13,0.06904972149009939
5342,electrolizer,2030,223,14,14,0.06904972149009939
5343,electrolizer,2030,223,15,15,0.06904972149009939
5344,electrolizer,2030,223,16,16,0.06904972149009939
5345,electrolizer,2030,223,17,17,0.06904972149009939
5346,electrolizer,2030,223,18,18,0.06904972149009939
5347,electrolizer,2030,223,19,19,0.06904972149009939
5348,electrolizer,2030,223,20,20,0.06904972149009939
5349,electrolizer,2030,223,21,21,0.06904972149009939
5350,electrolizer,2030,223,22,22,0.06904972149009939
5351,electrolizer,2030,223,23,23,0.06904972149009939
5352,electrolizer,2030,223,24,24,0.06904972149009939
5353,electrolizer,2030,224,1,1,0.1659470245236578
5354,electrolizer,2030,224,2,2,0.1659470245236578
5355,electrolizer,2030,224,3,3,0.1659470245236578
5356,electrolizer,2030,224,4,4,0.1659470245236578
5357,electrolizer,2030,224,5,5,0.1659470245236578
5358,electrolizer,2030,224,6,6,0.1659470245236578
5359,electrolizer,2030,224,7,7,0.1659470245236578
5360,electrolizer,2030,224,8,8,0.1659470245236578
5361,electrolizer,2030,224,9,9,0.16594702452365773
5362,electrolizer,2030,224,10,10,0.16594702452365773
5363,electrolizer,2030,224,11,11,0.16594702452365773
5364,electrolizer,2030,224,12,12,0.16594702452365773
5365,electrolizer,2030,224,13,13,0.16594702452365773
5366,electrolizer,2030,224,14,14,0.16594702452365773
5367,electrolizer,2030,224,15,15,0.16594702452365773
5368,electrolizer,2030,224,16,16,0.16594702452365773
5369,electrolizer,2030,224,17,17,0.16594702452365773
5370,electrolizer,2030,224,18,18,0.16594702452365773
5371,electrolizer,2030,224,19,19,0.1659470245236578
5372,electrolizer,2030,224,20,20,0.16594702452365773
5373,electrolizer,2030,224,21,21,0.16594702452365773
5374,electrolizer,2030,224,22,22,0.16594702452365773
5375,electrolizer,2030,224,23,23,0.16594702452365773
5376,electrolizer,2030,224,24,24,0.16594702452365773
5377,electrolizer,2030,225,1,1,0.06986041391923681
5378,electrolizer,2030,225,2,2,0.06986041391923678
5379,electrolizer,2030,225,3,3,0.06986041391923678
5380,electrolizer,2030,225,4,4,0.06986041391923678
5381,electrolizer,2030,225,5,5,0.06986041391923678
5382,electrolizer,2030,225,6,6,0.06986041391923678
5383,electrolizer,2030,225,7,7,0.06986041391923678
5384,electrolizer,2030,225,8,8,0.06986041391923678
5385,electrolizer,2030,225,9,9,0.06986041391923678
5386,electrolizer,2030,225,10,10,0.06986041391923678
5387,electrolizer,2030,225,11,11,0.06986041391923678
5388,electrolizer,2030,225,12,12,0.06986041391923678
5389,electrolizer,2030,225,13,13,0.06986041391923678
5390,electrolizer,2030,225,14,14,0.06986041391923678
5391,electrolizer,2030,225,15,15,0.06986041391923678
5392,electrolizer,2030,225,16,16,0.06986041391923678
5393,electrolizer,2030,225,17,17,0.06986041391923678
5394,electrolizer,2030,225,18,18,0.06986041391923678
5395,electrolizer,2030,225,19,19,0.06986041391923678
5396,electrolizer,2030,225,20,20,0.06986041391923678
5397,electrolizer,2030,225,21,21,0.06986041391923678
5398,electrolizer,2030,225,22,22,0.06986041391923678
5399,electrolizer,2030,225,23,23,0.06986041391923678
5400,electrolizer,2030,225,24,24,0.06986041391923678
5401,electrolizer,2030,226,1,1,0.12436556113758009
5402,electrolizer,2030,226,2,2,0.12436556113758007
5403,electrolizer,2030,226,3,3,0.12436556113758007
5404,electrolizer,2030,226,4,4,0.12436556113758007
5405,electrolizer,2030,226,5,5,0.12436556113758007
5406,electrolizer,2030,226,6,6,0.12436556113758007
5407,electrolizer,2030,226,7,7,0.12436556113758007
5408,electrolizer,2030,226,8,8,0.12436556113758007
5409,electrolizer,2030,226,9,9,0.12436556113758007
5410,electrolizer,2030,226,10,10,0.12436556113758007
5411,electrolizer,2030,226,11,11,0.12436556113758007
5412,electrolizer,2030,226,12,12,0.12436556113758007
5413,electrolizer,2030,226,13,13,0.12436556113758007
5414,electrolizer,2030,226,14,14,0.12436556113758007
5415,electrolizer,2030,226,15,15,0.12436556113758007
5416,electrolizer,2030,226,16,16,0.12436556113758007
5417,electrolizer,2030,226,17,17,0.12436556113758007
5418,electrolizer,2030,226,18,18,0.12436556113758007
5419,electrolizer,2030,226,19,19,0.12436556113758007
5420,electrolizer,2030,226,20,20,0.12436556113758007
5421,electrolizer,2030,226,21,21,0.12436556113758007
5422,electrolizer,2030,226,22,22,0.12436556113758007
5423,electrolizer,2030,226,23,23,0.12436556113758007
5424,electrolizer,2030,226,24,24,0.12436556113758007
5425,electrolizer,2030,227,1,1,0.08302896495553003
5426,electrolizer,2030,227,2,2,0.08302896495553003
5427,electrolizer,2030,227,3,3,0.08302896495553003
5428,electrolizer,2030,227,4,4,0.08302896495553003
5429,electrolizer,2030,227,5,5,0.08302896495553003
5430,electrolizer,2030,227,6,6,0.08302896495553003
5431,electrolizer,2030,227,7,7,0.08302896495553003
5432,electrolizer,2030,227,8,8,0.08302896495553003
5433,electrolizer,2030,227,9,9,0.08302896495553003
5434,electrolizer,2030,227,10,10,0.08302896495553003
5435,electrolizer,2030,227,11,11,0.08302896495553003
5436,electrolizer,2030,227,12,12,0.08302896495553003
5437,electrolizer,2030,227,13,13,0.08302896495553003
5438,electrolizer,2030,227,14,14,0.08302896495553003
5439,electrolizer,2030,227,15,15,0.08302896495553003
5440,electrolizer,2030,227,16,16,0.08302896495553003
5441,electrolizer,2030,227,17,17,0.08302896495553003
5442,electrolizer,2030,227,18,18,0.08302896495553003
5443,electrolizer,2030,227,19,19,0.08302896495552999
5444,electrolizer,2030,227,20,20,0.08302896495552999
5445,electrolizer,2030,227,21,21,0.08302896495552999
5446,electrolizer,2030,227,22,22,0.08302896495552999
5447,electrolizer,2030,227,23,23,0.08302896495552999
5448,electrolizer,2030,227,24,24,0.08302896495552999
5449,electrolizer,2030,228,1,1,0.08225908483177434
5450,electrolizer,2030,228,2,2,0.0822590848317743
5451,electrolizer,2030,228,3,3,0.0822590848317743
5452,electrolizer,2030,228,4,4,0.0822590848317743
5453,electrolizer,2030,228,5,5,0.0822590848317743
5454,electrolizer,2030,228,6,6,0.0822590848317743
5455,electrolizer,2030,228,7,7,0.0822590848317743
5456,electrolizer,2030,228,8,8,0.0822590848317743
5457,electrolizer,2030,228,9,9,0.0822590848317743
5458,electrolizer,2030,228,10,10,0.0822590848317743
5459,electrolizer,2030,228,11,11,0.0822590848317743
5460,electrolizer,2030,228,12,12,0.0822590848317743
5461,electrolizer,2030,228,13,13,0.0822590848317743
5462,electrolizer,2030,228,14,14,0.0822590848317743
5463,electrolizer,2030,228,15,15,0.0822590848317743
5464,electrolizer,2030,228,16,16,0.0822590848317743
5465,electrolizer,2030,228,17,17,0.0822590848317743
5466,electrolizer,2030,228,18,18,0.08225908483177434
5467,electrolizer,2030,228,19,19,0.0822590848317743
5468,electrolizer,2030,228,20,20,0.0822590848317743
5469,electrolizer,2030,228,21,21,0.0822590848317743
5470,electrolizer,2030,228,22,22,0.0822590848317743
5471,electrolizer,2030,228,23,23,0.0822590848317743
5472,electrolizer,2030,228,24,24,0.0822590848317743
5473,electrolizer,2030,229,1,1,0.04615381371314762
5474,electrolizer,2030,229,2,2,0.04615381371314759
5475,electrolizer,2030,229,3,3,0.04615381371314759
5476,electrolizer,2030,229,4,4,0.04615381371314759
5477,electrolizer,2030,229,5,5,0.04615381371314759
5478,electrolizer,2030,229,6,6,0.04615381371314762
5479,electrolizer,2030,229,7,7,0.04615381371314759
5480,electrolizer,2030,229,8,8,0.04615381371314762
5481,electrolizer,2030,229,9,9,0.04615381371314762
5482,electrolizer,2030,229,10,10,0.04615381371314762
5483,electrolizer,2030,229,11,11,0.04615381371314762
5484,electrolizer,2030,229,12,12,0.04615381371314759
5485,electrolizer,2030,229,13,13,0.04615381371314759
5486,electrolizer,2030,229,14,14,0.04615381371314759
5487,electrolizer,2030,229,15,15,0.04615381371314759
5488,electrolizer,2030,229,16,16,0.04615381371314759
5489,electrolizer,2030,229,17,17,0.04615381371314759
5490,electrolizer,2030,229,18,18,0.04615381371314759
5491,electrolizer,2030,229,19,19,0.04615381371314759
5492,electrolizer,2030,229,20,20,0.04615381371314759
5493,electrolizer,2030,229,21,21,0.04615381371314759
5494,electrolizer,2030,229,22,22,0.04615381371314759
5495,electrolizer,2030,229,23,23,0.04615381371314759
5496,electrolizer,2030,229,24,24,0.04615381371314759
5497,electrolizer,2030,230,1,1,0.1288476794485647
5498,electrolizer,2030,230,2,2,0.1288476794485647
5499,electrolizer,2030,230,3,3,0.1288476794485647
5500,electrolizer,2030,230,4,4,0.1288476794485647
5501,electrolizer,2030,230,5,5,0.1288476794485647
5502,electrolizer,2030,230,6,6,0.1288476794485647
5503,electrolizer,2030,230,7,7,0.1288476794485647
5504,electrolizer,2030,230,8,8,0.1288476794485647
5505,electrolizer,2030,230,9,9,0.1288476794485647
5506,electrolizer,2030,230,10,10,0.1288476794485647
5507,electrolizer,2030,230,11,11,0.1288476794485647
5508,electrolizer,2030,230,12,12,0.1288476794485647
5509,electrolizer,2030,230,13,13,0.1288476794485647
5510,electrolizer,2030,230,14,14,0.1288476794485647
5511,electrolizer,2030,230,15,15,0.1288476794485647
5512,electrolizer,2030,230,16,16,0.1288476794485647
5513,electrolizer,2030,230,17,17,0.1288476794485647
5514,electrolizer,2030,230,18,18,0.1288476794485647
5515,electrolizer,2030,230,19,19,0.1288476794485647
5516,electrolizer,2030,230,20,20,0.1288476794485647
5517,electrolizer,2030,230,21,21,0.1288476794485647
5518,electrolizer,2030,230,22,22,0.1288476794485647
5519,electrolizer,2030,230,23,23,0.1288476794485647
5520,electrolizer,2030,230,24,24,0.1288476794485647
5521,electrolizer,2030,231,1,1,0.0810422224968145
5522,electrolizer,2030,231,2,2,0.0810422224968145
5523,electrolizer,2030,231,3,3,0.0810422224968145
5524,electrolizer,2030,231,4,4,0.0810422224968145
5525,electrolizer,2030,231,5,5,0.0810422224968145
5526,electrolizer,2030,231,6,6,0.0810422224968145
5527,electrolizer,2030,231,7,7,0.0810422224968145
5528,electrolizer,2030,231,8,8,0.0810422224968145
5529,electrolizer,2030,231,9,9,0.0810422224968145
5530,electrolizer,2030,231,10,10,0.0810422224968145
5531,electrolizer,2030,231,11,11,0.0810422224968145
5532,electrolizer,2030,231,12,12,0.0810422224968145
5533,electrolizer,2030,231,13,13,0.0810422224968145
5534,electrolizer,2030,231,14,14,0.0810422224968145
5535,electrolizer,2030,231,15,15,0.0810422224968145
5536,electrolizer,2030,231,16,16,0.0810422224968145
5537,electrolizer,2030,231,17,17,0.0810422224968145
5538,electrolizer,2030,231,18,18,0.0810422224968145
5539,electrolizer,2030,231,19,19,0.0810422224968145
5540,electrolizer,2030,231,20,20,0.0810422224968145
5541,electrolizer,2030,231,21,21,0.0810422224968145
5542,electrolizer,2030,231,22,22,0.0810422224968145
5543,electrolizer,2030,231,23,23,0.0810422224968145
5544,electrolizer,2030,231,24,24,0.0810422224968145
5545,electrolizer,2030,232,1,1,0.10183009703978232
5546,electrolizer,2030,232,2,2,0.10183009703978232
5547,electrolizer,2030,232,3,3,0.10183009703978232
5548,electrolizer,2030,232,4,4,0.10183009703978232
5549,electrolizer,2030,232,5,5,0.10183009703978232
5550,electrolizer,2030,232,6,6,0.10183009703978232
5551,electrolizer,2030,232,7,7,0.10183009703978232
5552,electrolizer,2030,232,8,8,0.10183009703978232
5553,electrolizer,2030,232,9,9,0.10183009703978232
5554,electrolizer,2030,232,10,10,0.10183009703978232
5555,electrolizer,2030,232,11,11,0.10183009703978232
5556,electrolizer,2030,232,12,12,0.10183009703978232
5557,electrolizer,2030,232,13,13,0.10183009703978232
5558,electrolizer,2030,232,14,14,0.10183009703978232
5559,electrolizer,2030,232,15,15,0.10183009703978232
5560,electrolizer,2030,232,16,16,0.10183009703978232
5561,electrolizer,2030,232,17,17,0.10183009703978232
5562,electrolizer,2030,232,18,18,0.10183009703978232
5563,electrolizer,2030,232,19,19,0.10183009703978232
5564,electrolizer,2030,232,20,20,0.10183009703978232
5565,electrolizer,2030,232,21,21,0.10183009703978232
5566,electrolizer,2030,232,22,22,0.10183009703978232
5567,electrolizer,2030,232,23,23,0.10183009703978234
5568,electrolizer,2030,232,24,24,0.10183009703978232
5569,electrolizer,2030,233,1,1,0.07904683384127219
5570,electrolizer,2030,233,2,2,0.07904683384127216
5571,electrolizer,2030,233,3,3,0.07904683384127216
5572,electrolizer,2030,233,4,4,0.07904683384127216
5573,electrolizer,2030,233,5,5,0.07904683384127219
5574,electrolizer,2030,233,6,6,0.07904683384127216
5575,electrolizer,2030,233,7,7,0.07904683384127216
5576,electrolizer,2030,233,8,8,0.07904683384127216
5577,electrolizer,2030,233,9,9,0.07904683384127216
5578,electrolizer,2030,233,10,10,0.07904683384127219
5579,electrolizer,2030,233,11,11,0.07904683384127216
5580,electrolizer,2030,233,12,12,0.07904683384127216
5581,electrolizer,2030,233,13,13,0.07904683384127216
5582,electrolizer,2030,233,14,14,0.07904683384127216
5583,electrolizer,2030,233,15,15,0.07904683384127216
5584,electrolizer,2030,233,16,16,0.07904683384127216
5585,electrolizer,2030,233,17,17,0.07904683384127216
5586,electrolizer,2030,233,18,18,0.07904683384127216
5587,electrolizer,2030,233,19,19,0.07904683384127216
5588,electrolizer,2030,233,20,20,0.07904683384127216
5589,electrolizer,2030,233,21,21,0.07904683384127216
5590,electrolizer,2030,233,22,22,0.07904683384127219
5591,electrolizer,2030,233,23,23,0.07904683384127216
5592,electrolizer,2030,233,24,24,0.07904683384127216
5593,electrolizer,2030,234,1,1,0.25048658736829243
5594,electrolizer,2030,234,2,2,0.25048658736829243
5595,electrolizer,2030,234,3,3,0.25048658736829243
5596,electrolizer,2030,234,4,4,0.25048658736829243
5597,electrolizer,2030,234,5,5,0.25048658736829243
5598,electrolizer,2030,234,6,6,0.25048658736829243
5599,electrolizer,2030,234,7,7,0.25048658736829243
5600,electrolizer,2030,234,8,8,0.25048658736829243
5601,electrolizer,2030,234,9,9,0.25048658736829255
5602,electrolizer,2030,234,10,10,0.25048658736829255
5603,electrolizer,2030,234,11,11,0.25048658736829255
5604,electrolizer,2030,234,12,12,0.25048658736829255
5605,electrolizer,2030,234,13,13,0.25048658736829255
5606,electrolizer,2030,234,14,14,0.25048658736829255
5607,electrolizer,2030,234,15,15,0.25048658736829255
5608,electrolizer,2030,234,16,16,0.25048658736829243
5609,electrolizer,2030,234,17,17,0.25048658736829243
5610,electrolizer,2030,234,18,18,0.25048658736829243
5611,electrolizer,2030,234,19,19,0.25048658736829243
5612,electrolizer,2030,234,20,20,0.25048658736829243
5613,electrolizer,2030,234,21,21,0.25048658736829243
5614,electrolizer,2030,234,22,22,0.25048658736829243
5615,electrolizer,2030,234,23,23,0.25048658736829243
5616,electrolizer,2030,234,24,24,0.25048658736829243
5617,electrolizer,2030,235,1,1,0.06288900725128721
5618,electrolizer,2030,235,2,2,0.06288900725128717
5619,electrolizer,2030,235,3,3,0.06288900725128717
5620,electrolizer,2030,235,4,4,0.06288900725128717
5621,electrolizer,2030,235,5,5,0.06288900725128717
5622,electrolizer,2030,235,6,6,0.06288900725128717
5623,electrolizer,2030,235,7,7,0.06288900725128721
5624,electrolizer,2030,235,8,8,0.06288900725128717
5625,electrolizer,2030,235,9,9,0.06288900725128717
5626,electrolizer,2030,235,10,10,0.06288900725128717
5627,electrolizer,2030,235,11,11,0.06288900725128717
5628,electrolizer,2030,235,12,12,0.06288900725128717
5629,electrolizer,2030,235,13,13,0.06288900725128717
5630,electrolizer,2030,235,14,14,0.06288900725128717
5631,electrolizer,2030,235,15,15,0.06288900725128717
5632,electrolizer,2030,235,16,16,0.06288900725128717
5633,electrolizer,2030,235,17,17,0.06288900725128717
5634,electrolizer,2030,235,18,18,0.06288900725128717
5635,electrolizer,2030,235,19,19,0.06288900725128717
5636,electrolizer,2030,235,20,20,0.06288900725128717
5637,electrolizer,2030,235,21,21,0.06288900725128717
5638,electrolizer,2030,235,22,22,0.06288900725128717
5639,electrolizer,2030,235,23,23,0.06288900725128717
5640,electrolizer,2030,235,24,24,0.06288900725128721
5641,electrolizer,2030,236,1,1,0.060387045397824655
5642,electrolizer,2030,236,2,2,0.060387045397824635
5643,electrolizer,2030,236,3,3,0.060387045397824635
5644,electrolizer,2030,236,4,4,0.060387045397824635
5645,electrolizer,2030,236,5,5,0.060387045397824635
5646,electrolizer,2030,236,6,6,0.060387045397824635
5647,electrolizer,2030,236,7,7,0.060387045397824635
5648,electrolizer,2030,236,8,8,0.060387045397824635
5649,electrolizer,2030,236,9,9,0.060387045397824635
5650,electrolizer,2030,236,10,10,0.060387045397824635
5651,electrolizer,2030,236,11,11,0.060387045397824635
5652,electrolizer,2030,236,12,12,0.060387045397824635
5653,electrolizer,2030,236,13,13,0.060387045397824635
5654,electrolizer,2030,236,14,14,0.060387045397824655
5655,electrolizer,2030,236,15,15,0.060387045397824635
5656,electrolizer,2030,236,16,16,0.060387045397824635
5657,electrolizer,2030,236,17,17,0.060387045397824635
5658,electrolizer,2030,236,18,18,0.060387045397824635
5659,electrolizer,2030,236,19,19,0.060387045397824635
5660,electrolizer,2030,236,20,20,0.060387045397824635
5661,electrolizer,2030,236,21,21,0.060387045397824635
5662,electrolizer,2030,236,22,22,0.060387045397824635
5663,electrolizer,2030,236,23,23,0.060387045397824635
5664,electrolizer,2030,236,24,24,0.060387045397824635
5665,electrolizer,2030,237,1,1,0.11484696484694042
5666,electrolizer,2030,237,2,2,0.11484696484694042
5667,electrolizer,2030,237,3,3,0.11484696484694042
5668,electrolizer,2030,237,4,4,0.11484696484694042
5669,electrolizer,2030,237,5,5,0.11484696484694042
5670,electrolizer,2030,237,6,6,0.11484696484694042
5671,electrolizer,2030,237,7,7,0.11484696484694042
5672,electrolizer,2030,237,8,8,0.11484696484694042
5673,electrolizer,2030,237,9,9,0.11484696484694042
5674,electrolizer,2030,237,10,10,0.11484696484694042
5675,electrolizer,2030,237,11,11,0.11484696484694042
5676,electrolizer,2030,237,12,12,0.11484696484694042
5677,electrolizer,2030,237,13,13,0.11484696484694042
5678,electrolizer,2030,237,14,14,0.11484696484694042
5679,electrolizer,2030,237,15,15,0.11484696484694042
5680,electrolizer,2030,237,16,16,0.11484696484694042
5681,electrolizer,2030,237,17,17,0.11484696484694042
5682,electrolizer,2030,237,18,18,0.11484696484694042
5683,electrolizer,2030,237,19,19,0.11484696484694042
5684,electrolizer,2030,237,20,20,0.11484696484694042
5685,electrolizer,2030,237,21,21,0.11484696484694042
5686,electrolizer,2030,237,22,22,0.11484696484694042
5687,electrolizer,2030,237,23,23,0.11484696484694042
5688,electrolizer,2030,237,24,24,0.11484696484694042
5689,electrolizer,2030,238,1,1,0.05853890733554594
5690,electrolizer,2030,238,2,2,0.05853890733554594
5691,electrolizer,2030,238,3,3,0.05853890733554594
5692,electrolizer,2030,238,4,4,0.05853890733554594
5693,electrolizer,2030,238,5,5,0.05853890733554594
5694,electrolizer,2030,238,6,6,0.05853890733554594
5695,electrolizer,2030,238,7,7,0.05853890733554594
5696,electrolizer,2030,238,8,8,0.05853890733554594
5697,electrolizer,2030,238,9,9,0.05853890733554594
5698,electrolizer,2030,238,10,10,0.05853890733554594
5699,electrolizer,2030,238,11,11,0.05853890733554594
5700,electrolizer,2030,238,12,12,0.05853890733554594
5701,electrolizer,2030,238,13,13,0.058538907335545974
5702,electrolizer,2030,238,14,14,0.058538907335545974
5703,electrolizer,2030,238,15,15,0.058538907335545974
5704,electrolizer,2030,238,16,16,0.058538907335545974
5705,electrolizer,2030,238,17,17,0.05853890733554594
5706,electrolizer,2030,238,18,18,0.058538907335545974
5707,electrolizer,2030,238,19,19,0.05853890733554594
5708,electrolizer,2030,238,20,20,0.05853890733554594
5709,electrolizer,2030,238,21,21,0.05853890733554594
5710,electrolizer,2030,238,22,22,0.05853890733554594
5711,electrolizer,2030,238,23,23,0.05853890733554594
5712,electrolizer,2030,238,24,24,0.05853890733554594
5713,electrolizer,2030,239,1,1,0.11627109166931149
5714,electrolizer,2030,239,2,2,0.11627109166931146
5715,electrolizer,2030,239,3,3,0.11627109166931146
5716,electrolizer,2030,239,4,4,0.11627109166931146
5717,electrolizer,2030,239,5,5,0.11627109166931146
5718,electrolizer,2030,239,6,6,0.11627109166931146
5719,electrolizer,2030,239,7,7,0.11627109166931146
5720,electrolizer,2030,239,8,8,0.11627109166931146
5721,electrolizer,2030,239,9,9,0.11627109166931146
5722,electrolizer,2030,239,10,10,0.11627109166931146
5723,electrolizer,2030,239,11,11,0.11627109166931146
5724,electrolizer,2030,239,12,12,0.11627109166931146
5725,electrolizer,2030,239,13,13,0.11627109166931146
5726,electrolizer,2030,239,14,14,0.11627109166931146
5727,electrolizer,2030,239,15,15,0.11627109166931146
5728,electrolizer,2030,239,16,16,0.11627109166931146
5729,electrolizer,2030,239,17,17,0.11627109166931146
5730,electrolizer,2030,239,18,18,0.11627109166931146
5731,electrolizer,2030,239,19,19,0.11627109166931146
5732,electrolizer,2030,239,20,20,0.11627109166931146
5733,electrolizer,2030,239,21,21,0.11627109166931146
5734,electrolizer,2030,239,22,22,0.11627109166931146
5735,electrolizer,2030,239,23,23,0.11627109166931146
5736,electrolizer,2030,239,24,24,0.11627109166931146
5737,electrolizer,2030,240,1,1,0.0033055114070459505
5738,electrolizer,2030,240,2,2,0.0033055114070459505
5739,electrolizer,2030,240,3,3,0.0033055114070459505
5740,electrolizer,2030,240,4,4,0.0033055114070459505
5741,electrolizer,2030,240,5,5,0.0826377851761488
5742,electrolizer,2030,240,6,6,0.0826377851761488
5743,electrolizer,2030,240,7,7,0.08263778517614875
5744,electrolizer,2030,240,8,8,0.08263778517614875
5745,electrolizer,2030,240,9,9,0.08263778517614875
5746,electrolizer,2030,240,10,10,0.08263778517614875
5747,electrolizer,2030,240,11,11,0.08263778517614875
5748,electrolizer,2030,240,12,12,0.08263778517614875
5749,electrolizer,2030,240,13,13,0.08263778517614875
5750,electrolizer,2030,240,14,14,0.08263778517614875
5751,electrolizer,2030,240,15,15,0.08263778517614875
5752,electrolizer,2030,240,16,16,0.08263778517614875
5753,electrolizer,2030,240,17,17,0.08263778517614875
5754,electrolizer,2030,240,18,18,0.08263778517614875
5755,electrolizer,2030,240,19,19,0.08263778517614875
5756,electrolizer,2030,240,20,20,0.08263778517614875
5757,electrolizer,2030,240,21,21,0.0826377851761488
5758,electrolizer,2030,240,22,22,0.08263778517614875
5759,electrolizer,2030,240,23,23,0.08263778517614875
5760,electrolizer,2030,240,24,24,0.08263778517614875
