id,asset,milestone_year,scenario,period_block_start,period_block_end,solution
1,h2_storage,2030,1,1,1,0.0
2,h2_storage,2030,1,2,2,0.0
3,h2_storage,2030,1,3,3,0.0
4,h2_storage,2030,1,4,4,0.0
5,h2_storage,2030,1,5,5,0.0
6,h2_storage,2030,1,6,6,0.0
7,h2_storage,2030,1,7,7,0.0
8,h2_storage,2030,1,8,8,0.0
9,h2_storage,2030,1,9,9,0.0
10,h2_storage,2030,1,10,10,0.0
11,h2_storage,2030,1,11,11,0.0
12,h2_storage,2030,1,12,12,0.0
13,h2_storage,2030,1,13,13,0.0
14,h2_storage,2030,1,14,14,0.0
15,h2_storage,2030,1,15,15,0.0
16,h2_storage,2030,1,16,16,0.0
17,h2_storage,2030,1,17,17,0.0
18,h2_storage,2030,1,18,18,0.0
19,h2_storage,2030,1,19,19,0.0
20,h2_storage,2030,1,20,20,0.0
21,h2_storage,2030,1,21,21,0.0
22,h2_storage,2030,1,22,22,0.0
23,h2_storage,2030,1,23,23,0.0
24,h2_storage,2030,1,24,24,0.0
25,h2_storage,2030,1,25,25,0.0
26,h2_storage,2030,1,26,26,0.0
27,h2_storage,2030,1,27,27,0.0
28,h2_storage,2030,1,28,28,0.0
29,h2_storage,2030,1,29,29,0.0
30,h2_storage,2030,1,30,30,0.0
31,h2_storage,2030,1,31,31,0.0
32,h2_storage,2030,1,32,32,0.0
33,h2_storage,2030,1,33,33,0.0
34,h2_storage,2030,1,34,34,0.0
35,h2_storage,2030,1,35,35,0.0
36,h2_storage,2030,1,36,36,0.0
37,h2_storage,2030,1,37,37,0.0
38,h2_storage,2030,1,38,38,0.0
39,h2_storage,2030,1,39,39,0.0
40,h2_storage,2030,1,40,40,0.0
41,h2_storage,2030,1,41,41,0.0
42,h2_storage,2030,1,42,42,0.0
43,h2_storage,2030,1,43,43,0.0
44,h2_storage,2030,1,44,44,0.0
45,h2_storage,2030,1,45,45,0.0
46,h2_storage,2030,1,46,46,0.0
47,h2_storage,2030,1,47,47,0.0
48,h2_storage,2030,1,48,48,0.0
49,h2_storage,2030,1,49,49,0.0
50,h2_storage,2030,1,50,50,0.0
51,h2_storage,2030,1,51,51,0.0
52,h2_storage,2030,1,52,52,0.0
53,h2_storage,2030,1,53,53,0.0
54,h2_storage,2030,1,54,54,0.0
55,h2_storage,2030,1,55,55,0.0
56,h2_storage,2030,1,56,56,0.0
57,h2_storage,2030,1,57,57,0.0
58,h2_storage,2030,1,58,58,0.0
59,h2_storage,2030,1,59,59,0.0
60,h2_storage,2030,1,60,60,0.0
61,h2_storage,2030,1,61,61,0.0
62,h2_storage,2030,1,62,62,0.0
63,h2_storage,2030,1,63,63,0.0
64,h2_storage,2030,1,64,64,0.0
65,h2_storage,2030,1,65,65,0.0
66,h2_storage,2030,1,66,66,0.0
67,h2_storage,2030,1,67,67,0.0
68,h2_storage,2030,1,68,68,0.0
69,h2_storage,2030,1,69,69,0.0
70,h2_storage,2030,1,70,70,0.0
71,h2_storage,2030,1,71,71,0.0
72,h2_storage,2030,1,72,72,0.0
73,h2_storage,2030,1,73,73,0.0
74,h2_storage,2030,1,74,74,0.0
75,h2_storage,2030,1,75,75,0.0
76,h2_storage,2030,1,76,76,0.0
77,h2_storage,2030,1,77,77,0.0
78,h2_storage,2030,1,78,78,0.0
79,h2_storage,2030,1,79,79,0.0
80,h2_storage,2030,1,80,80,0.0
81,h2_storage,2030,1,81,81,0.0
82,h2_storage,2030,1,82,82,0.0
83,h2_storage,2030,1,83,83,0.0
84,h2_storage,2030,1,84,84,0.0
85,h2_storage,2030,1,85,85,0.0
86,h2_storage,2030,1,86,86,0.0
87,h2_storage,2030,1,87,87,0.0
88,h2_storage,2030,1,88,88,0.0
89,h2_storage,2030,1,89,89,0.0
90,h2_storage,2030,1,90,90,0.0
91,h2_storage,2030,1,91,91,0.0
92,h2_storage,2030,1,92,92,0.0
93,h2_storage,2030,1,93,93,0.0
94,h2_storage,2030,1,94,94,0.0
95,h2_storage,2030,1,95,95,0.0
96,h2_storage,2030,1,96,96,0.0
97,h2_storage,2030,1,97,97,0.0
98,h2_storage,2030,1,98,98,0.0
99,h2_storage,2030,1,99,99,0.0
100,h2_storage,2030,1,100,100,0.0
101,h2_storage,2030,1,101,101,0.0
102,h2_storage,2030,1,102,102,0.0
103,h2_storage,2030,1,103,103,0.0
104,h2_storage,2030,1,104,104,0.0
105,h2_storage,2030,1,105,105,0.0
106,h2_storage,2030,1,106,106,0.0
107,h2_storage,2030,1,107,107,0.0
108,h2_storage,2030,1,108,108,0.0
109,h2_storage,2030,1,109,109,0.0
110,h2_storage,2030,1,110,110,0.0
111,h2_storage,2030,1,111,111,0.0
112,h2_storage,2030,1,112,112,0.0
113,h2_storage,2030,1,113,113,0.0
114,h2_storage,2030,1,114,114,0.0
115,h2_storage,2030,1,115,115,0.0
116,h2_storage,2030,1,116,116,0.0
117,h2_storage,2030,1,117,117,0.0
118,h2_storage,2030,1,118,118,0.0
119,h2_storage,2030,1,119,119,0.0
120,h2_storage,2030,1,120,120,0.0
121,h2_storage,2030,1,121,121,0.0
122,h2_storage,2030,1,122,122,0.0
123,h2_storage,2030,1,123,123,0.0
124,h2_storage,2030,1,124,124,0.0
125,h2_storage,2030,1,125,125,0.0
126,h2_storage,2030,1,126,126,0.0
127,h2_storage,2030,1,127,127,0.0
128,h2_storage,2030,1,128,128,0.0
129,h2_storage,2030,1,129,129,0.0
130,h2_storage,2030,1,130,130,0.0
131,h2_storage,2030,1,131,131,0.0
132,h2_storage,2030,1,132,132,0.0
133,h2_storage,2030,1,133,133,0.0
134,h2_storage,2030,1,134,134,0.0
135,h2_storage,2030,1,135,135,0.0
136,h2_storage,2030,1,136,136,0.0
137,h2_storage,2030,1,137,137,0.0
138,h2_storage,2030,1,138,138,0.0
139,h2_storage,2030,1,139,139,0.0
140,h2_storage,2030,1,140,140,0.0
141,h2_storage,2030,1,141,141,0.0
142,h2_storage,2030,1,142,142,0.0
143,h2_storage,2030,1,143,143,0.0
144,h2_storage,2030,1,144,144,0.0
145,h2_storage,2030,1,145,145,0.0
146,h2_storage,2030,1,146,146,0.0
147,h2_storage,2030,1,147,147,0.0
148,h2_storage,2030,1,148,148,0.0
149,h2_storage,2030,1,149,149,0.0
150,h2_storage,2030,1,150,150,0.0
151,h2_storage,2030,1,151,151,0.0
152,h2_storage,2030,1,152,152,0.0
153,h2_storage,2030,1,153,153,0.0
154,h2_storage,2030,1,154,154,0.0
155,h2_storage,2030,1,155,155,0.0
156,h2_storage,2030,1,156,156,0.0
157,h2_storage,2030,1,157,157,0.0
158,h2_storage,2030,1,158,158,0.0
159,h2_storage,2030,1,159,159,0.0
160,h2_storage,2030,1,160,160,0.0
161,h2_storage,2030,1,161,161,0.0
162,h2_storage,2030,1,162,162,0.0
163,h2_storage,2030,1,163,163,0.0
164,h2_storage,2030,1,164,164,0.0
165,h2_storage,2030,1,165,165,0.0
166,h2_storage,2030,1,166,166,0.0
167,h2_storage,2030,1,167,167,0.0
168,h2_storage,2030,1,168,168,0.0
169,h2_storage,2030,1,169,169,0.0
170,h2_storage,2030,1,170,170,0.0
171,h2_storage,2030,1,171,171,0.0
172,h2_storage,2030,1,172,172,0.0
173,h2_storage,2030,1,173,173,0.0
174,h2_storage,2030,1,174,174,0.0
175,h2_storage,2030,1,175,175,0.0
176,h2_storage,2030,1,176,176,0.0
177,h2_storage,2030,1,177,177,0.0
178,h2_storage,2030,1,178,178,0.0
179,h2_storage,2030,1,179,179,0.0
180,h2_storage,2030,1,180,180,0.0
181,h2_storage,2030,1,181,181,0.0
182,h2_storage,2030,1,182,182,0.0
183,h2_storage,2030,1,183,183,0.0
184,h2_storage,2030,1,184,184,0.0
185,h2_storage,2030,1,185,185,0.0
186,h2_storage,2030,1,186,186,0.0
187,h2_storage,2030,1,187,187,0.0
188,h2_storage,2030,1,188,188,0.0
189,h2_storage,2030,1,189,189,0.0
190,h2_storage,2030,1,190,190,0.0
191,h2_storage,2030,1,191,191,0.0
192,h2_storage,2030,1,192,192,0.0
193,h2_storage,2030,1,193,193,0.0
194,h2_storage,2030,1,194,194,0.0
195,h2_storage,2030,1,195,195,0.0
196,h2_storage,2030,1,196,196,0.0
197,h2_storage,2030,1,197,197,0.0
198,h2_storage,2030,1,198,198,0.0
199,h2_storage,2030,1,199,199,0.0
200,h2_storage,2030,1,200,200,0.0
201,h2_storage,2030,1,201,201,0.0
202,h2_storage,2030,1,202,202,0.0
203,h2_storage,2030,1,203,203,0.0
204,h2_storage,2030,1,204,204,0.0
205,h2_storage,2030,1,205,205,0.0
206,h2_storage,2030,1,206,206,0.0
207,h2_storage,2030,1,207,207,0.0
208,h2_storage,2030,1,208,208,0.0
209,h2_storage,2030,1,209,209,0.0
210,h2_storage,2030,1,210,210,0.0
211,h2_storage,2030,1,211,211,0.0
212,h2_storage,2030,1,212,212,0.0
213,h2_storage,2030,1,213,213,0.0
214,h2_storage,2030,1,214,214,0.0
215,h2_storage,2030,1,215,215,0.0
216,h2_storage,2030,1,216,216,0.0
217,h2_storage,2030,1,217,217,0.0
218,h2_storage,2030,1,218,218,0.0
219,h2_storage,2030,1,219,219,0.0
220,h2_storage,2030,1,220,220,0.0
221,h2_storage,2030,1,221,221,0.0
222,h2_storage,2030,1,222,222,0.0
223,h2_storage,2030,1,223,223,0.0
224,h2_storage,2030,1,224,224,0.0
225,h2_storage,2030,1,225,225,0.0
226,h2_storage,2030,1,226,226,0.0
227,h2_storage,2030,1,227,227,0.0
228,h2_storage,2030,1,228,228,0.0
229,h2_storage,2030,1,229,229,0.0
230,h2_storage,2030,1,230,230,0.0
231,h2_storage,2030,1,231,231,0.0
232,h2_storage,2030,1,232,232,0.0
233,h2_storage,2030,1,233,233,0.0
234,h2_storage,2030,1,234,234,0.0
235,h2_storage,2030,1,235,235,0.0
236,h2_storage,2030,1,236,236,0.0
237,h2_storage,2030,1,237,237,0.0
238,h2_storage,2030,1,238,238,0.0
239,h2_storage,2030,1,239,239,0.0
240,h2_storage,2030,1,240,240,0.0
241,h2_storage,2030,1,241,241,0.0
242,h2_storage,2030,1,242,242,0.0
243,h2_storage,2030,1,243,243,0.0
244,h2_storage,2030,1,244,244,0.0
245,h2_storage,2030,1,245,245,0.0
246,h2_storage,2030,1,246,246,0.0
247,h2_storage,2030,1,247,247,0.0
248,h2_storage,2030,1,248,248,0.0
249,h2_storage,2030,1,249,249,0.0
250,h2_storage,2030,1,250,250,0.0
251,h2_storage,2030,1,251,251,0.0
252,h2_storage,2030,1,252,252,0.0
253,h2_storage,2030,1,253,253,0.0
254,h2_storage,2030,1,254,254,0.0
255,h2_storage,2030,1,255,255,0.0
256,h2_storage,2030,1,256,256,0.0
257,h2_storage,2030,1,257,257,0.0
258,h2_storage,2030,1,258,258,0.0
259,h2_storage,2030,1,259,259,0.0
260,h2_storage,2030,1,260,260,0.0
261,h2_storage,2030,1,261,261,0.0
262,h2_storage,2030,1,262,262,0.0
263,h2_storage,2030,1,263,263,0.0
264,h2_storage,2030,1,264,264,0.0
265,h2_storage,2030,1,265,265,0.0
266,h2_storage,2030,1,266,266,0.0
267,h2_storage,2030,1,267,267,0.0
268,h2_storage,2030,1,268,268,0.0
269,h2_storage,2030,1,269,269,0.0
270,h2_storage,2030,1,270,270,0.0
271,h2_storage,2030,1,271,271,0.0
272,h2_storage,2030,1,272,272,0.0
273,h2_storage,2030,1,273,273,0.0
274,h2_storage,2030,1,274,274,0.0
275,h2_storage,2030,1,275,275,0.0
276,h2_storage,2030,1,276,276,0.0
277,h2_storage,2030,1,277,277,0.0
278,h2_storage,2030,1,278,278,0.0
279,h2_storage,2030,1,279,279,0.0
280,h2_storage,2030,1,280,280,0.0
281,h2_storage,2030,1,281,281,0.0
282,h2_storage,2030,1,282,282,0.0
283,h2_storage,2030,1,283,283,0.0
284,h2_storage,2030,1,284,284,0.0
285,h2_storage,2030,1,285,285,0.0
286,h2_storage,2030,1,286,286,0.0
287,h2_storage,2030,1,287,287,0.0
288,h2_storage,2030,1,288,288,0.0
289,h2_storage,2030,1,289,289,0.0
290,h2_storage,2030,1,290,290,0.0
291,h2_storage,2030,1,291,291,0.0
292,h2_storage,2030,1,292,292,0.0
293,h2_storage,2030,1,293,293,0.0
294,h2_storage,2030,1,294,294,0.0
295,h2_storage,2030,1,295,295,0.0
296,h2_storage,2030,1,296,296,0.0
297,h2_storage,2030,1,297,297,0.0
298,h2_storage,2030,1,298,298,0.0
299,h2_storage,2030,1,299,299,0.0
300,h2_storage,2030,1,300,300,0.0
301,h2_storage,2030,1,301,301,0.0
302,h2_storage,2030,1,302,302,0.0
303,h2_storage,2030,1,303,303,0.0
304,h2_storage,2030,1,304,304,0.0
305,h2_storage,2030,1,305,305,0.0
306,h2_storage,2030,1,306,306,0.0
307,h2_storage,2030,1,307,307,0.0
308,h2_storage,2030,1,308,308,0.0
309,h2_storage,2030,1,309,309,0.0
310,h2_storage,2030,1,310,310,0.0
311,h2_storage,2030,1,311,311,0.0
312,h2_storage,2030,1,312,312,0.0
313,h2_storage,2030,1,313,313,0.0
314,h2_storage,2030,1,314,314,0.0
315,h2_storage,2030,1,315,315,0.0
316,h2_storage,2030,1,316,316,0.0
317,h2_storage,2030,1,317,317,0.0
318,h2_storage,2030,1,318,318,0.0
319,h2_storage,2030,1,319,319,0.0
320,h2_storage,2030,1,320,320,0.0
321,h2_storage,2030,1,321,321,0.0
322,h2_storage,2030,1,322,322,0.0
323,h2_storage,2030,1,323,323,0.0
324,h2_storage,2030,1,324,324,0.0
325,h2_storage,2030,1,325,325,0.0
326,h2_storage,2030,1,326,326,0.0
327,h2_storage,2030,1,327,327,0.0
328,h2_storage,2030,1,328,328,0.0
329,h2_storage,2030,1,329,329,0.0
330,h2_storage,2030,1,330,330,0.0
331,h2_storage,2030,1,331,331,0.0
332,h2_storage,2030,1,332,332,0.0
333,h2_storage,2030,1,333,333,0.0
334,h2_storage,2030,1,334,334,0.0
335,h2_storage,2030,1,335,335,0.0
336,h2_storage,2030,1,336,336,0.0
337,h2_storage,2030,1,337,337,0.0
338,h2_storage,2030,1,338,338,0.0
339,h2_storage,2030,1,339,339,0.0
340,h2_storage,2030,1,340,340,0.0
341,h2_storage,2030,1,341,341,0.0
342,h2_storage,2030,1,342,342,0.0
343,h2_storage,2030,1,343,343,0.0
344,h2_storage,2030,1,344,344,0.0
345,h2_storage,2030,1,345,345,0.0
346,h2_storage,2030,1,346,346,0.0
347,h2_storage,2030,1,347,347,0.0
348,h2_storage,2030,1,348,348,0.0
349,h2_storage,2030,1,349,349,0.0
350,h2_storage,2030,1,350,350,0.0
351,h2_storage,2030,1,351,351,0.0
352,h2_storage,2030,1,352,352,0.0
353,h2_storage,2030,1,353,353,0.0
354,h2_storage,2030,1,354,354,0.0
355,h2_storage,2030,1,355,355,0.0
356,h2_storage,2030,1,356,356,0.0
357,h2_storage,2030,1,357,357,0.0
358,h2_storage,2030,1,358,358,0.0
359,h2_storage,2030,1,359,359,0.0
360,h2_storage,2030,1,360,360,0.0
361,h2_storage,2030,1,361,361,0.0
362,h2_storage,2030,1,362,362,0.0
363,h2_storage,2030,1,363,363,0.0
364,h2_storage,2030,1,364,364,0.0
365,h2_storage,2030,1,365,365,0.0
366,h2_storage,2030,2,1,1,0.0
367,h2_storage,2030,2,2,2,0.0
368,h2_storage,2030,2,3,3,0.0
369,h2_storage,2030,2,4,4,0.0
370,h2_storage,2030,2,5,5,0.0
371,h2_storage,2030,2,6,6,0.0
372,h2_storage,2030,2,7,7,0.0
373,h2_storage,2030,2,8,8,0.0
374,h2_storage,2030,2,9,9,0.0
375,h2_storage,2030,2,10,10,0.0
376,h2_storage,2030,2,11,11,0.0
377,h2_storage,2030,2,12,12,0.0
378,h2_storage,2030,2,13,13,0.0
379,h2_storage,2030,2,14,14,0.0
380,h2_storage,2030,2,15,15,0.0
381,h2_storage,2030,2,16,16,0.0
382,h2_storage,2030,2,17,17,0.0
383,h2_storage,2030,2,18,18,0.0
384,h2_storage,2030,2,19,19,0.0
385,h2_storage,2030,2,20,20,0.0
386,h2_storage,2030,2,21,21,0.0
387,h2_storage,2030,2,22,22,0.0
388,h2_storage,2030,2,23,23,0.0
389,h2_storage,2030,2,24,24,0.0
390,h2_storage,2030,2,25,25,0.0
391,h2_storage,2030,2,26,26,0.0
392,h2_storage,2030,2,27,27,0.0
393,h2_storage,2030,2,28,28,0.0
394,h2_storage,2030,2,29,29,0.0
395,h2_storage,2030,2,30,30,0.0
396,h2_storage,2030,2,31,31,0.0
397,h2_storage,2030,2,32,32,0.0
398,h2_storage,2030,2,33,33,0.0
399,h2_storage,2030,2,34,34,0.0
400,h2_storage,2030,2,35,35,0.0
401,h2_storage,2030,2,36,36,0.0
402,h2_storage,2030,2,37,37,0.0
403,h2_storage,2030,2,38,38,0.0
404,h2_storage,2030,2,39,39,0.0
405,h2_storage,2030,2,40,40,0.0
406,h2_storage,2030,2,41,41,0.0
407,h2_storage,2030,2,42,42,0.0
408,h2_storage,2030,2,43,43,0.0
409,h2_storage,2030,2,44,44,0.0
410,h2_storage,2030,2,45,45,0.0
411,h2_storage,2030,2,46,46,0.0
412,h2_storage,2030,2,47,47,0.0
413,h2_storage,2030,2,48,48,0.0
414,h2_storage,2030,2,49,49,0.0
415,h2_storage,2030,2,50,50,0.0
416,h2_storage,2030,2,51,51,0.0
417,h2_storage,2030,2,52,52,0.0
418,h2_storage,2030,2,53,53,0.0
419,h2_storage,2030,2,54,54,0.0
420,h2_storage,2030,2,55,55,0.0
421,h2_storage,2030,2,56,56,0.0
422,h2_storage,2030,2,57,57,0.0
423,h2_storage,2030,2,58,58,0.0
424,h2_storage,2030,2,59,59,0.0
425,h2_storage,2030,2,60,60,0.0
426,h2_storage,2030,2,61,61,0.0
427,h2_storage,2030,2,62,62,0.0
428,h2_storage,2030,2,63,63,0.0
429,h2_storage,2030,2,64,64,0.0
430,h2_storage,2030,2,65,65,0.0
431,h2_storage,2030,2,66,66,0.0
432,h2_storage,2030,2,67,67,0.0
433,h2_storage,2030,2,68,68,0.0
434,h2_storage,2030,2,69,69,0.0
435,h2_storage,2030,2,70,70,0.0
436,h2_storage,2030,2,71,71,0.0
437,h2_storage,2030,2,72,72,0.0
438,h2_storage,2030,2,73,73,0.0
439,h2_storage,2030,2,74,74,0.0
440,h2_storage,2030,2,75,75,0.0
441,h2_storage,2030,2,76,76,0.0
442,h2_storage,2030,2,77,77,0.0
443,h2_storage,2030,2,78,78,0.0
444,h2_storage,2030,2,79,79,0.0
445,h2_storage,2030,2,80,80,0.0
446,h2_storage,2030,2,81,81,0.0
447,h2_storage,2030,2,82,82,0.0
448,h2_storage,2030,2,83,83,0.0
449,h2_storage,2030,2,84,84,0.0
450,h2_storage,2030,2,85,85,0.0
451,h2_storage,2030,2,86,86,0.0
452,h2_storage,2030,2,87,87,0.0
453,h2_storage,2030,2,88,88,0.0
454,h2_storage,2030,2,89,89,0.0
455,h2_storage,2030,2,90,90,0.0
456,h2_storage,2030,2,91,91,0.0
457,h2_storage,2030,2,92,92,0.0
458,h2_storage,2030,2,93,93,0.0
459,h2_storage,2030,2,94,94,0.0
460,h2_storage,2030,2,95,95,0.0
461,h2_storage,2030,2,96,96,0.0
462,h2_storage,2030,2,97,97,0.0
463,h2_storage,2030,2,98,98,0.0
464,h2_storage,2030,2,99,99,0.0
465,h2_storage,2030,2,100,100,0.0
466,h2_storage,2030,2,101,101,0.0
467,h2_storage,2030,2,102,102,0.0
468,h2_storage,2030,2,103,103,0.0
469,h2_storage,2030,2,104,104,0.0
470,h2_storage,2030,2,105,105,0.0
471,h2_storage,2030,2,106,106,0.0
472,h2_storage,2030,2,107,107,0.0
473,h2_storage,2030,2,108,108,0.0
474,h2_storage,2030,2,109,109,0.0
475,h2_storage,2030,2,110,110,0.0
476,h2_storage,2030,2,111,111,0.0
477,h2_storage,2030,2,112,112,0.0
478,h2_storage,2030,2,113,113,0.0
479,h2_storage,2030,2,114,114,0.0
480,h2_storage,2030,2,115,115,0.0
481,h2_storage,2030,2,116,116,0.0
482,h2_storage,2030,2,117,117,0.0
483,h2_storage,2030,2,118,118,0.0
484,h2_storage,2030,2,119,119,0.0
485,h2_storage,2030,2,120,120,0.0
486,h2_storage,2030,2,121,121,0.0
487,h2_storage,2030,2,122,122,0.0
488,h2_storage,2030,2,123,123,0.0
489,h2_storage,2030,2,124,124,0.0
490,h2_storage,2030,2,125,125,0.0
491,h2_storage,2030,2,126,126,0.0
492,h2_storage,2030,2,127,127,0.0
493,h2_storage,2030,2,128,128,0.0
494,h2_storage,2030,2,129,129,0.0
495,h2_storage,2030,2,130,130,0.0
496,h2_storage,2030,2,131,131,0.0
497,h2_storage,2030,2,132,132,0.0
498,h2_storage,2030,2,133,133,0.0
499,h2_storage,2030,2,134,134,0.0
500,h2_storage,2030,2,135,135,0.0
501,h2_storage,2030,2,136,136,0.0
502,h2_storage,2030,2,137,137,0.0
503,h2_storage,2030,2,138,138,0.0
504,h2_storage,2030,2,139,139,0.0
505,h2_storage,2030,2,140,140,0.0
506,h2_storage,2030,2,141,141,0.0
507,h2_storage,2030,2,142,142,0.0
508,h2_storage,2030,2,143,143,0.0
509,h2_storage,2030,2,144,144,0.0
510,h2_storage,2030,2,145,145,0.0
511,h2_storage,2030,2,146,146,0.0
512,h2_storage,2030,2,147,147,0.0
513,h2_storage,2030,2,148,148,0.0
514,h2_storage,2030,2,149,149,0.0
515,h2_storage,2030,2,150,150,0.0
516,h2_storage,2030,2,151,151,0.0
517,h2_storage,2030,2,152,152,0.0
518,h2_storage,2030,2,153,153,0.0
519,h2_storage,2030,2,154,154,0.0
520,h2_storage,2030,2,155,155,0.0
521,h2_storage,2030,2,156,156,0.0
522,h2_storage,2030,2,157,157,0.0
523,h2_storage,2030,2,158,158,0.0
524,h2_storage,2030,2,159,159,0.0
525,h2_storage,2030,2,160,160,0.0
526,h2_storage,2030,2,161,161,0.0
527,h2_storage,2030,2,162,162,0.0
528,h2_storage,2030,2,163,163,0.0
529,h2_storage,2030,2,164,164,0.0
530,h2_storage,2030,2,165,165,0.0
531,h2_storage,2030,2,166,166,0.0
532,h2_storage,2030,2,167,167,0.0
533,h2_storage,2030,2,168,168,0.0
534,h2_storage,2030,2,169,169,0.0
535,h2_storage,2030,2,170,170,0.0
536,h2_storage,2030,2,171,171,0.0
537,h2_storage,2030,2,172,172,0.0
538,h2_storage,2030,2,173,173,0.0
539,h2_storage,2030,2,174,174,0.0
540,h2_storage,2030,2,175,175,0.0
541,h2_storage,2030,2,176,176,0.0
542,h2_storage,2030,2,177,177,0.0
543,h2_storage,2030,2,178,178,0.0
544,h2_storage,2030,2,179,179,0.0
545,h2_storage,2030,2,180,180,0.0
546,h2_storage,2030,2,181,181,0.0
547,h2_storage,2030,2,182,182,0.0
548,h2_storage,2030,2,183,183,0.0
549,h2_storage,2030,2,184,184,0.0
550,h2_storage,2030,2,185,185,0.0
551,h2_storage,2030,2,186,186,0.0
552,h2_storage,2030,2,187,187,0.0
553,h2_storage,2030,2,188,188,0.0
554,h2_storage,2030,2,189,189,0.0
555,h2_storage,2030,2,190,190,0.0
556,h2_storage,2030,2,191,191,0.0
557,h2_storage,2030,2,192,192,0.0
558,h2_storage,2030,2,193,193,0.0
559,h2_storage,2030,2,194,194,0.0
560,h2_storage,2030,2,195,195,0.0
561,h2_storage,2030,2,196,196,0.0
562,h2_storage,2030,2,197,197,0.0
563,h2_storage,2030,2,198,198,0.0
564,h2_storage,2030,2,199,199,0.0
565,h2_storage,2030,2,200,200,0.0
566,h2_storage,2030,2,201,201,0.0
567,h2_storage,2030,2,202,202,0.0
568,h2_storage,2030,2,203,203,0.0
569,h2_storage,2030,2,204,204,0.0
570,h2_storage,2030,2,205,205,0.0
571,h2_storage,2030,2,206,206,0.0
572,h2_storage,2030,2,207,207,0.0
573,h2_storage,2030,2,208,208,0.0
574,h2_storage,2030,2,209,209,0.0
575,h2_storage,2030,2,210,210,0.0
576,h2_storage,2030,2,211,211,0.0
577,h2_storage,2030,2,212,212,0.0
578,h2_storage,2030,2,213,213,0.0
579,h2_storage,2030,2,214,214,0.0
580,h2_storage,2030,2,215,215,0.0
581,h2_storage,2030,2,216,216,0.0
582,h2_storage,2030,2,217,217,0.0
583,h2_storage,2030,2,218,218,0.0
584,h2_storage,2030,2,219,219,0.0
585,h2_storage,2030,2,220,220,0.0
586,h2_storage,2030,2,221,221,0.0
587,h2_storage,2030,2,222,222,0.0
588,h2_storage,2030,2,223,223,0.0
589,h2_storage,2030,2,224,224,0.0
590,h2_storage,2030,2,225,225,0.0
591,h2_storage,2030,2,226,226,0.0
592,h2_storage,2030,2,227,227,0.0
593,h2_storage,2030,2,228,228,0.0
594,h2_storage,2030,2,229,229,0.0
595,h2_storage,2030,2,230,230,0.0
596,h2_storage,2030,2,231,231,0.0
597,h2_storage,2030,2,232,232,0.0
598,h2_storage,2030,2,233,233,0.0
599,h2_storage,2030,2,234,234,0.0
600,h2_storage,2030,2,235,235,0.0
601,h2_storage,2030,2,236,236,0.0
602,h2_storage,2030,2,237,237,0.0
603,h2_storage,2030,2,238,238,0.0
604,h2_storage,2030,2,239,239,0.0
605,h2_storage,2030,2,240,240,0.0
606,h2_storage,2030,2,241,241,0.0
607,h2_storage,2030,2,242,242,0.0
608,h2_storage,2030,2,243,243,0.0
609,h2_storage,2030,2,244,244,0.0
610,h2_storage,2030,2,245,245,0.0
611,h2_storage,2030,2,246,246,0.0
612,h2_storage,2030,2,247,247,0.0
613,h2_storage,2030,2,248,248,0.0
614,h2_storage,2030,2,249,249,0.0
615,h2_storage,2030,2,250,250,0.0
616,h2_storage,2030,2,251,251,0.0
617,h2_storage,2030,2,252,252,0.0
618,h2_storage,2030,2,253,253,0.0
619,h2_storage,2030,2,254,254,0.0
620,h2_storage,2030,2,255,255,0.0
621,h2_storage,2030,2,256,256,0.0
622,h2_storage,2030,2,257,257,0.0
623,h2_storage,2030,2,258,258,0.0
624,h2_storage,2030,2,259,259,0.0
625,h2_storage,2030,2,260,260,0.0
626,h2_storage,2030,2,261,261,0.0
627,h2_storage,2030,2,262,262,0.0
628,h2_storage,2030,2,263,263,0.0
629,h2_storage,2030,2,264,264,0.0
630,h2_storage,2030,2,265,265,0.0
631,h2_storage,2030,2,266,266,0.0
632,h2_storage,2030,2,267,267,0.0
633,h2_storage,2030,2,268,268,0.0
634,h2_storage,2030,2,269,269,0.0
635,h2_storage,2030,2,270,270,0.0
636,h2_storage,2030,2,271,271,0.0
637,h2_storage,2030,2,272,272,0.0
638,h2_storage,2030,2,273,273,0.0
639,h2_storage,2030,2,274,274,0.0
640,h2_storage,2030,2,275,275,0.0
641,h2_storage,2030,2,276,276,0.0
642,h2_storage,2030,2,277,277,0.0
643,h2_storage,2030,2,278,278,0.0
644,h2_storage,2030,2,279,279,0.0
645,h2_storage,2030,2,280,280,0.0
646,h2_storage,2030,2,281,281,0.0
647,h2_storage,2030,2,282,282,0.0
648,h2_storage,2030,2,283,283,0.0
649,h2_storage,2030,2,284,284,0.0
650,h2_storage,2030,2,285,285,0.0
651,h2_storage,2030,2,286,286,0.0
652,h2_storage,2030,2,287,287,0.0
653,h2_storage,2030,2,288,288,0.0
654,h2_storage,2030,2,289,289,0.0
655,h2_storage,2030,2,290,290,0.0
656,h2_storage,2030,2,291,291,0.0
657,h2_storage,2030,2,292,292,0.0
658,h2_storage,2030,2,293,293,0.0
659,h2_storage,2030,2,294,294,0.0
660,h2_storage,2030,2,295,295,0.0
661,h2_storage,2030,2,296,296,0.0
662,h2_storage,2030,2,297,297,0.0
663,h2_storage,2030,2,298,298,0.0
664,h2_storage,2030,2,299,299,0.0
665,h2_storage,2030,2,300,300,0.0
666,h2_storage,2030,2,301,301,0.0
667,h2_storage,2030,2,302,302,0.0
668,h2_storage,2030,2,303,303,0.0
669,h2_storage,2030,2,304,304,0.0
670,h2_storage,2030,2,305,305,0.0
671,h2_storage,2030,2,306,306,0.0
672,h2_storage,2030,2,307,307,0.0
673,h2_storage,2030,2,308,308,0.0
674,h2_storage,2030,2,309,309,0.0
675,h2_storage,2030,2,310,310,0.0
676,h2_storage,2030,2,311,311,0.0
677,h2_storage,2030,2,312,312,0.0
678,h2_storage,2030,2,313,313,0.0
679,h2_storage,2030,2,314,314,0.0
680,h2_storage,2030,2,315,315,0.0
681,h2_storage,2030,2,316,316,0.0
682,h2_storage,2030,2,317,317,0.0
683,h2_storage,2030,2,318,318,0.0
684,h2_storage,2030,2,319,319,0.0
685,h2_storage,2030,2,320,320,0.0
686,h2_storage,2030,2,321,321,0.0
687,h2_storage,2030,2,322,322,0.0
688,h2_storage,2030,2,323,323,0.0
689,h2_storage,2030,2,324,324,0.0
690,h2_storage,2030,2,325,325,0.0
691,h2_storage,2030,2,326,326,0.0
692,h2_storage,2030,2,327,327,0.0
693,h2_storage,2030,2,328,328,0.0
694,h2_storage,2030,2,329,329,0.0
695,h2_storage,2030,2,330,330,0.0
696,h2_storage,2030,2,331,331,0.0
697,h2_storage,2030,2,332,332,0.0
698,h2_storage,2030,2,333,333,0.0
699,h2_storage,2030,2,334,334,0.0
700,h2_storage,2030,2,335,335,0.0
701,h2_storage,2030,2,336,336,0.0
702,h2_storage,2030,2,337,337,0.0
703,h2_storage,2030,2,338,338,0.0
704,h2_storage,2030,2,339,339,0.0
705,h2_storage,2030,2,340,340,0.0
706,h2_storage,2030,2,341,341,0.0
707,h2_storage,2030,2,342,342,0.0
708,h2_storage,2030,2,343,343,0.0
709,h2_storage,2030,2,344,344,0.0
710,h2_storage,2030,2,345,345,0.0
711,h2_storage,2030,2,346,346,0.0
712,h2_storage,2030,2,347,347,0.0
713,h2_storage,2030,2,348,348,0.0
714,h2_storage,2030,2,349,349,0.0
715,h2_storage,2030,2,350,350,0.0
716,h2_storage,2030,2,351,351,0.0
717,h2_storage,2030,2,352,352,0.0
718,h2_storage,2030,2,353,353,0.0
719,h2_storage,2030,2,354,354,0.0
720,h2_storage,2030,2,355,355,0.0
721,h2_storage,2030,2,356,356,0.0
722,h2_storage,2030,2,357,357,0.0
723,h2_storage,2030,2,358,358,0.0
724,h2_storage,2030,2,359,359,0.0
725,h2_storage,2030,2,360,360,0.0
726,h2_storage,2030,2,361,361,0.0
727,h2_storage,2030,2,362,362,0.0
728,h2_storage,2030,2,363,363,0.0
729,h2_storage,2030,2,364,364,0.0
730,h2_storage,2030,2,365,365,0.0
731,h2_storage,2030,3,1,1,0.0
732,h2_storage,2030,3,2,2,0.0
733,h2_storage,2030,3,3,3,0.0
734,h2_storage,2030,3,4,4,0.0
735,h2_storage,2030,3,5,5,0.0
736,h2_storage,2030,3,6,6,0.0
737,h2_storage,2030,3,7,7,0.0
738,h2_storage,2030,3,8,8,0.0
739,h2_storage,2030,3,9,9,0.0
740,h2_storage,2030,3,10,10,0.0
741,h2_storage,2030,3,11,11,0.0
742,h2_storage,2030,3,12,12,0.0
743,h2_storage,2030,3,13,13,0.0
744,h2_storage,2030,3,14,14,0.0
745,h2_storage,2030,3,15,15,0.0
746,h2_storage,2030,3,16,16,0.0
747,h2_storage,2030,3,17,17,0.0
748,h2_storage,2030,3,18,18,0.0
749,h2_storage,2030,3,19,19,0.0
750,h2_storage,2030,3,20,20,0.0
751,h2_storage,2030,3,21,21,0.0
752,h2_storage,2030,3,22,22,0.0
753,h2_storage,2030,3,23,23,0.0
754,h2_storage,2030,3,24,24,0.0
755,h2_storage,2030,3,25,25,0.0
756,h2_storage,2030,3,26,26,0.0
757,h2_storage,2030,3,27,27,0.0
758,h2_storage,2030,3,28,28,0.0
759,h2_storage,2030,3,29,29,0.0
760,h2_storage,2030,3,30,30,0.0
761,h2_storage,2030,3,31,31,0.0
762,h2_storage,2030,3,32,32,0.0
763,h2_storage,2030,3,33,33,0.0
764,h2_storage,2030,3,34,34,0.0
765,h2_storage,2030,3,35,35,0.0
766,h2_storage,2030,3,36,36,0.0
767,h2_storage,2030,3,37,37,0.0
768,h2_storage,2030,3,38,38,0.0
769,h2_storage,2030,3,39,39,0.0
770,h2_storage,2030,3,40,40,0.0
771,h2_storage,2030,3,41,41,0.0
772,h2_storage,2030,3,42,42,0.0
773,h2_storage,2030,3,43,43,0.0
774,h2_storage,2030,3,44,44,0.0
775,h2_storage,2030,3,45,45,0.0
776,h2_storage,2030,3,46,46,0.0
777,h2_storage,2030,3,47,47,0.0
778,h2_storage,2030,3,48,48,0.0
779,h2_storage,2030,3,49,49,0.0
780,h2_storage,2030,3,50,50,0.0
781,h2_storage,2030,3,51,51,0.0
782,h2_storage,2030,3,52,52,0.0
783,h2_storage,2030,3,53,53,0.0
784,h2_storage,2030,3,54,54,0.0
785,h2_storage,2030,3,55,55,0.0
786,h2_storage,2030,3,56,56,0.0
787,h2_storage,2030,3,57,57,0.0
788,h2_storage,2030,3,58,58,0.0
789,h2_storage,2030,3,59,59,0.0
790,h2_storage,2030,3,60,60,0.0
791,h2_storage,2030,3,61,61,0.0
792,h2_storage,2030,3,62,62,0.0
793,h2_storage,2030,3,63,63,0.0
794,h2_storage,2030,3,64,64,0.0
795,h2_storage,2030,3,65,65,0.0
796,h2_storage,2030,3,66,66,0.0
797,h2_storage,2030,3,67,67,0.0
798,h2_storage,2030,3,68,68,0.0
799,h2_storage,2030,3,69,69,0.0
800,h2_storage,2030,3,70,70,0.0
801,h2_storage,2030,3,71,71,0.0
802,h2_storage,2030,3,72,72,0.0
803,h2_storage,2030,3,73,73,0.0
804,h2_storage,2030,3,74,74,0.0
805,h2_storage,2030,3,75,75,0.0
806,h2_storage,2030,3,76,76,0.0
807,h2_storage,2030,3,77,77,0.0
808,h2_storage,2030,3,78,78,0.0
809,h2_storage,2030,3,79,79,0.0
810,h2_storage,2030,3,80,80,0.0
811,h2_storage,2030,3,81,81,0.0
812,h2_storage,2030,3,82,82,0.0
813,h2_storage,2030,3,83,83,0.0
814,h2_storage,2030,3,84,84,0.0
815,h2_storage,2030,3,85,85,0.0
816,h2_storage,2030,3,86,86,0.0
817,h2_storage,2030,3,87,87,0.0
818,h2_storage,2030,3,88,88,0.0
819,h2_storage,2030,3,89,89,0.0
820,h2_storage,2030,3,90,90,0.0
821,h2_storage,2030,3,91,91,0.0
822,h2_storage,2030,3,92,92,0.0
823,h2_storage,2030,3,93,93,0.0
824,h2_storage,2030,3,94,94,0.0
825,h2_storage,2030,3,95,95,0.0
826,h2_storage,2030,3,96,96,0.0
827,h2_storage,2030,3,97,97,0.0
828,h2_storage,2030,3,98,98,0.0
829,h2_storage,2030,3,99,99,0.0
830,h2_storage,2030,3,100,100,0.0
831,h2_storage,2030,3,101,101,0.0
832,h2_storage,2030,3,102,102,0.0
833,h2_storage,2030,3,103,103,0.0
834,h2_storage,2030,3,104,104,0.0
835,h2_storage,2030,3,105,105,0.0
836,h2_storage,2030,3,106,106,0.0
837,h2_storage,2030,3,107,107,0.0
838,h2_storage,2030,3,108,108,0.0
839,h2_storage,2030,3,109,109,0.0
840,h2_storage,2030,3,110,110,0.0
841,h2_storage,2030,3,111,111,0.0
842,h2_storage,2030,3,112,112,0.0
843,h2_storage,2030,3,113,113,0.0
844,h2_storage,2030,3,114,114,0.0
845,h2_storage,2030,3,115,115,0.0
846,h2_storage,2030,3,116,116,0.0
847,h2_storage,2030,3,117,117,0.0
848,h2_storage,2030,3,118,118,0.0
849,h2_storage,2030,3,119,119,0.0
850,h2_storage,2030,3,120,120,0.0
851,h2_storage,2030,3,121,121,0.0
852,h2_storage,2030,3,122,122,0.0
853,h2_storage,2030,3,123,123,0.0
854,h2_storage,2030,3,124,124,0.0
855,h2_storage,2030,3,125,125,0.0
856,h2_storage,2030,3,126,126,0.0
857,h2_storage,2030,3,127,127,0.0
858,h2_storage,2030,3,128,128,0.0
859,h2_storage,2030,3,129,129,0.0
860,h2_storage,2030,3,130,130,0.0
861,h2_storage,2030,3,131,131,0.0
862,h2_storage,2030,3,132,132,0.0
863,h2_storage,2030,3,133,133,0.0
864,h2_storage,2030,3,134,134,0.0
865,h2_storage,2030,3,135,135,0.0
866,h2_storage,2030,3,136,136,0.0
867,h2_storage,2030,3,137,137,0.0
868,h2_storage,2030,3,138,138,0.0
869,h2_storage,2030,3,139,139,0.0
870,h2_storage,2030,3,140,140,0.0
871,h2_storage,2030,3,141,141,0.0
872,h2_storage,2030,3,142,142,0.0
873,h2_storage,2030,3,143,143,0.0
874,h2_storage,2030,3,144,144,0.0
875,h2_storage,2030,3,145,145,0.0
876,h2_storage,2030,3,146,146,0.0
877,h2_storage,2030,3,147,147,0.0
878,h2_storage,2030,3,148,148,0.0
879,h2_storage,2030,3,149,149,0.0
880,h2_storage,2030,3,150,150,0.0
881,h2_storage,2030,3,151,151,0.0
882,h2_storage,2030,3,152,152,0.0
883,h2_storage,2030,3,153,153,0.0
884,h2_storage,2030,3,154,154,0.0
885,h2_storage,2030,3,155,155,0.0
886,h2_storage,2030,3,156,156,0.0
887,h2_storage,2030,3,157,157,0.0
888,h2_storage,2030,3,158,158,0.0
889,h2_storage,2030,3,159,159,0.0
890,h2_storage,2030,3,160,160,0.0
891,h2_storage,2030,3,161,161,0.0
892,h2_storage,2030,3,162,162,0.0
893,h2_storage,2030,3,163,163,0.0
894,h2_storage,2030,3,164,164,0.0
895,h2_storage,2030,3,165,165,0.0
896,h2_storage,2030,3,166,166,0.0
897,h2_storage,2030,3,167,167,0.0
898,h2_storage,2030,3,168,168,0.0
899,h2_storage,2030,3,169,169,0.0
900,h2_storage,2030,3,170,170,0.0
901,h2_storage,2030,3,171,171,0.0
902,h2_storage,2030,3,172,172,0.0
903,h2_storage,2030,3,173,173,0.0
904,h2_storage,2030,3,174,174,0.0
905,h2_storage,2030,3,175,175,0.0
906,h2_storage,2030,3,176,176,0.0
907,h2_storage,2030,3,177,177,0.0
908,h2_storage,2030,3,178,178,0.0
909,h2_storage,2030,3,179,179,0.0
910,h2_storage,2030,3,180,180,0.0
911,h2_storage,2030,3,181,181,0.0
912,h2_storage,2030,3,182,182,0.0
913,h2_storage,2030,3,183,183,0.0
914,h2_storage,2030,3,184,184,0.0
915,h2_storage,2030,3,185,185,0.0
916,h2_storage,2030,3,186,186,0.0
917,h2_storage,2030,3,187,187,0.0
918,h2_storage,2030,3,188,188,0.0
919,h2_storage,2030,3,189,189,0.0
920,h2_storage,2030,3,190,190,0.0
921,h2_storage,2030,3,191,191,0.0
922,h2_storage,2030,3,192,192,0.0
923,h2_storage,2030,3,193,193,0.0
924,h2_storage,2030,3,194,194,0.0
925,h2_storage,2030,3,195,195,0.0
926,h2_storage,2030,3,196,196,0.0
927,h2_storage,2030,3,197,197,0.0
928,h2_storage,2030,3,198,198,0.0
929,h2_storage,2030,3,199,199,0.0
930,h2_storage,2030,3,200,200,0.0
931,h2_storage,2030,3,201,201,0.0
932,h2_storage,2030,3,202,202,0.0
933,h2_storage,2030,3,203,203,0.0
934,h2_storage,2030,3,204,204,0.0
935,h2_storage,2030,3,205,205,0.0
936,h2_storage,2030,3,206,206,0.0
937,h2_storage,2030,3,207,207,0.0
938,h2_storage,2030,3,208,208,0.0
939,h2_storage,2030,3,209,209,0.0
940,h2_storage,2030,3,210,210,0.0
941,h2_storage,2030,3,211,211,0.0
942,h2_storage,2030,3,212,212,0.0
943,h2_storage,2030,3,213,213,0.0
944,h2_storage,2030,3,214,214,0.0
945,h2_storage,2030,3,215,215,0.0
946,h2_storage,2030,3,216,216,0.0
947,h2_storage,2030,3,217,217,0.0
948,h2_storage,2030,3,218,218,0.0
949,h2_storage,2030,3,219,219,0.0
950,h2_storage,2030,3,220,220,0.0
951,h2_storage,2030,3,221,221,0.0
952,h2_storage,2030,3,222,222,0.0
953,h2_storage,2030,3,223,223,0.0
954,h2_storage,2030,3,224,224,0.0
955,h2_storage,2030,3,225,225,0.0
956,h2_storage,2030,3,226,226,0.0
957,h2_storage,2030,3,227,227,0.0
958,h2_storage,2030,3,228,228,0.0
959,h2_storage,2030,3,229,229,0.0
960,h2_storage,2030,3,230,230,0.0
961,h2_storage,2030,3,231,231,0.0
962,h2_storage,2030,3,232,232,0.0
963,h2_storage,2030,3,233,233,0.0
964,h2_storage,2030,3,234,234,0.0
965,h2_storage,2030,3,235,235,0.0
966,h2_storage,2030,3,236,236,0.0
967,h2_storage,2030,3,237,237,0.0
968,h2_storage,2030,3,238,238,0.0
969,h2_storage,2030,3,239,239,0.0
970,h2_storage,2030,3,240,240,0.0
971,h2_storage,2030,3,241,241,0.0
972,h2_storage,2030,3,242,242,0.0
973,h2_storage,2030,3,243,243,0.0
974,h2_storage,2030,3,244,244,0.0
975,h2_storage,2030,3,245,245,0.0
976,h2_storage,2030,3,246,246,0.0
977,h2_storage,2030,3,247,247,0.0
978,h2_storage,2030,3,248,248,0.0
979,h2_storage,2030,3,249,249,0.0
980,h2_storage,2030,3,250,250,0.0
981,h2_storage,2030,3,251,251,0.0
982,h2_storage,2030,3,252,252,0.0
983,h2_storage,2030,3,253,253,0.0
984,h2_storage,2030,3,254,254,0.0
985,h2_storage,2030,3,255,255,0.0
986,h2_storage,2030,3,256,256,0.0
987,h2_storage,2030,3,257,257,0.0
988,h2_storage,2030,3,258,258,0.0
989,h2_storage,2030,3,259,259,0.0
990,h2_storage,2030,3,260,260,0.0
991,h2_storage,2030,3,261,261,0.0
992,h2_storage,2030,3,262,262,0.0
993,h2_storage,2030,3,263,263,0.0
994,h2_storage,2030,3,264,264,0.0
995,h2_storage,2030,3,265,265,0.0
996,h2_storage,2030,3,266,266,0.0
997,h2_storage,2030,3,267,267,0.0
998,h2_storage,2030,3,268,268,0.0
999,h2_storage,2030,3,269,269,0.0
1000,h2_storage,2030,3,270,270,0.0
1001,h2_storage,2030,3,271,271,0.0
1002,h2_storage,2030,3,272,272,0.0
1003,h2_storage,2030,3,273,273,0.0
1004,h2_storage,2030,3,274,274,0.0
1005,h2_storage,2030,3,275,275,0.0
1006,h2_storage,2030,3,276,276,0.0
1007,h2_storage,2030,3,277,277,0.0
1008,h2_storage,2030,3,278,278,0.0
1009,h2_storage,2030,3,279,279,0.0
1010,h2_storage,2030,3,280,280,0.0
1011,h2_storage,2030,3,281,281,0.0
1012,h2_storage,2030,3,282,282,0.0
1013,h2_storage,2030,3,283,283,0.0
1014,h2_storage,2030,3,284,284,0.0
1015,h2_storage,2030,3,285,285,0.0
1016,h2_storage,2030,3,286,286,0.0
1017,h2_storage,2030,3,287,287,0.0
1018,h2_storage,2030,3,288,288,0.0
1019,h2_storage,2030,3,289,289,0.0
1020,h2_storage,2030,3,290,290,0.0
1021,h2_storage,2030,3,291,291,0.0
1022,h2_storage,2030,3,292,292,0.0
1023,h2_storage,2030,3,293,293,0.0
1024,h2_storage,2030,3,294,294,0.0
1025,h2_storage,2030,3,295,295,0.0
1026,h2_storage,2030,3,296,296,0.0
1027,h2_storage,2030,3,297,297,0.0
1028,h2_storage,2030,3,298,298,0.0
1029,h2_storage,2030,3,299,299,0.0
1030,h2_storage,2030,3,300,300,0.0
1031,h2_storage,2030,3,301,301,0.0
1032,h2_storage,2030,3,302,302,0.0
1033,h2_storage,2030,3,303,303,0.0
1034,h2_storage,2030,3,304,304,0.0
1035,h2_storage,2030,3,305,305,0.0
1036,h2_storage,2030,3,306,306,0.0
1037,h2_storage,2030,3,307,307,0.0
1038,h2_storage,2030,3,308,308,0.0
1039,h2_storage,2030,3,309,309,0.0
1040,h2_storage,2030,3,310,310,0.0
1041,h2_storage,2030,3,311,311,0.0
1042,h2_storage,2030,3,312,312,0.0
1043,h2_storage,2030,3,313,313,0.0
1044,h2_storage,2030,3,314,314,0.0
1045,h2_storage,2030,3,315,315,0.0
1046,h2_storage,2030,3,316,316,0.0
1047,h2_storage,2030,3,317,317,0.0
1048,h2_storage,2030,3,318,318,0.0
1049,h2_storage,2030,3,319,319,0.0
1050,h2_storage,2030,3,320,320,0.0
1051,h2_storage,2030,3,321,321,0.0
1052,h2_storage,2030,3,322,322,0.0
1053,h2_storage,2030,3,323,323,0.0
1054,h2_storage,2030,3,324,324,0.0
1055,h2_storage,2030,3,325,325,0.0
1056,h2_storage,2030,3,326,326,0.0
1057,h2_storage,2030,3,327,327,0.0
1058,h2_storage,2030,3,328,328,0.0
1059,h2_storage,2030,3,329,329,0.0
1060,h2_storage,2030,3,330,330,0.0
1061,h2_storage,2030,3,331,331,0.0
1062,h2_storage,2030,3,332,332,0.0
1063,h2_storage,2030,3,333,333,0.0
1064,h2_storage,2030,3,334,334,0.0
1065,h2_storage,2030,3,335,335,0.0
1066,h2_storage,2030,3,336,336,0.0
1067,h2_storage,2030,3,337,337,0.0
1068,h2_storage,2030,3,338,338,0.0
1069,h2_storage,2030,3,339,339,0.0
1070,h2_storage,2030,3,340,340,0.0
1071,h2_storage,2030,3,341,341,0.0
1072,h2_storage,2030,3,342,342,0.0
1073,h2_storage,2030,3,343,343,0.0
1074,h2_storage,2030,3,344,344,0.0
1075,h2_storage,2030,3,345,345,0.0
1076,h2_storage,2030,3,346,346,0.0
1077,h2_storage,2030,3,347,347,0.0
1078,h2_storage,2030,3,348,348,0.0
1079,h2_storage,2030,3,349,349,0.0
1080,h2_storage,2030,3,350,350,0.0
1081,h2_storage,2030,3,351,351,0.0
1082,h2_storage,2030,3,352,352,0.0
1083,h2_storage,2030,3,353,353,0.0
1084,h2_storage,2030,3,354,354,0.0
1085,h2_storage,2030,3,355,355,0.0
1086,h2_storage,2030,3,356,356,0.0
1087,h2_storage,2030,3,357,357,0.0
1088,h2_storage,2030,3,358,358,0.0
1089,h2_storage,2030,3,359,359,0.0
1090,h2_storage,2030,3,360,360,0.0
1091,h2_storage,2030,3,361,361,0.0
1092,h2_storage,2030,3,362,362,0.0
1093,h2_storage,2030,3,363,363,0.0
1094,h2_storage,2030,3,364,364,0.0
1095,h2_storage,2030,3,365,365,0.0
1096,h2_storage,2030,4,1,1,0.0
1097,h2_storage,2030,4,2,2,0.0
1098,h2_storage,2030,4,3,3,0.0
1099,h2_storage,2030,4,4,4,0.0
1100,h2_storage,2030,4,5,5,0.0
1101,h2_storage,2030,4,6,6,0.0
1102,h2_storage,2030,4,7,7,0.0
1103,h2_storage,2030,4,8,8,0.0
1104,h2_storage,2030,4,9,9,0.0
1105,h2_storage,2030,4,10,10,0.0
1106,h2_storage,2030,4,11,11,0.0
1107,h2_storage,2030,4,12,12,0.0
1108,h2_storage,2030,4,13,13,0.0
1109,h2_storage,2030,4,14,14,0.0
1110,h2_storage,2030,4,15,15,0.0
1111,h2_storage,2030,4,16,16,0.0
1112,h2_storage,2030,4,17,17,0.0
1113,h2_storage,2030,4,18,18,0.0
1114,h2_storage,2030,4,19,19,0.0
1115,h2_storage,2030,4,20,20,0.0
1116,h2_storage,2030,4,21,21,0.0
1117,h2_storage,2030,4,22,22,0.0
1118,h2_storage,2030,4,23,23,0.0
1119,h2_storage,2030,4,24,24,0.0
1120,h2_storage,2030,4,25,25,0.0
1121,h2_storage,2030,4,26,26,0.0
1122,h2_storage,2030,4,27,27,0.0
1123,h2_storage,2030,4,28,28,0.0
1124,h2_storage,2030,4,29,29,0.0
1125,h2_storage,2030,4,30,30,0.0
1126,h2_storage,2030,4,31,31,0.0
1127,h2_storage,2030,4,32,32,0.0
1128,h2_storage,2030,4,33,33,0.0
1129,h2_storage,2030,4,34,34,0.0
1130,h2_storage,2030,4,35,35,0.0
1131,h2_storage,2030,4,36,36,0.0
1132,h2_storage,2030,4,37,37,0.0
1133,h2_storage,2030,4,38,38,0.0
1134,h2_storage,2030,4,39,39,0.0
1135,h2_storage,2030,4,40,40,0.0
1136,h2_storage,2030,4,41,41,0.0
1137,h2_storage,2030,4,42,42,0.0
1138,h2_storage,2030,4,43,43,0.0
1139,h2_storage,2030,4,44,44,0.0
1140,h2_storage,2030,4,45,45,0.0
1141,h2_storage,2030,4,46,46,0.0
1142,h2_storage,2030,4,47,47,0.0
1143,h2_storage,2030,4,48,48,0.0
1144,h2_storage,2030,4,49,49,0.0
1145,h2_storage,2030,4,50,50,0.0
1146,h2_storage,2030,4,51,51,0.0
1147,h2_storage,2030,4,52,52,0.0
1148,h2_storage,2030,4,53,53,0.0
1149,h2_storage,2030,4,54,54,0.0
1150,h2_storage,2030,4,55,55,0.0
1151,h2_storage,2030,4,56,56,0.0
1152,h2_storage,2030,4,57,57,0.0
1153,h2_storage,2030,4,58,58,0.0
1154,h2_storage,2030,4,59,59,0.0
1155,h2_storage,2030,4,60,60,0.0
1156,h2_storage,2030,4,61,61,0.0
1157,h2_storage,2030,4,62,62,0.0
1158,h2_storage,2030,4,63,63,0.0
1159,h2_storage,2030,4,64,64,0.0
1160,h2_storage,2030,4,65,65,0.0
1161,h2_storage,2030,4,66,66,0.0
1162,h2_storage,2030,4,67,67,0.0
1163,h2_storage,2030,4,68,68,0.0
1164,h2_storage,2030,4,69,69,0.0
1165,h2_storage,2030,4,70,70,0.0
1166,h2_storage,2030,4,71,71,0.0
1167,h2_storage,2030,4,72,72,0.0
1168,h2_storage,2030,4,73,73,0.0
1169,h2_storage,2030,4,74,74,0.0
1170,h2_storage,2030,4,75,75,0.0
1171,h2_storage,2030,4,76,76,0.0
1172,h2_storage,2030,4,77,77,0.0
1173,h2_storage,2030,4,78,78,0.0
1174,h2_storage,2030,4,79,79,0.0
1175,h2_storage,2030,4,80,80,0.0
1176,h2_storage,2030,4,81,81,0.0
1177,h2_storage,2030,4,82,82,0.0
1178,h2_storage,2030,4,83,83,0.0
1179,h2_storage,2030,4,84,84,0.0
1180,h2_storage,2030,4,85,85,0.0
1181,h2_storage,2030,4,86,86,0.0
1182,h2_storage,2030,4,87,87,0.0
1183,h2_storage,2030,4,88,88,0.0
1184,h2_storage,2030,4,89,89,0.0
1185,h2_storage,2030,4,90,90,0.0
1186,h2_storage,2030,4,91,91,0.0
1187,h2_storage,2030,4,92,92,0.0
1188,h2_storage,2030,4,93,93,0.0
1189,h2_storage,2030,4,94,94,0.0
1190,h2_storage,2030,4,95,95,0.0
1191,h2_storage,2030,4,96,96,0.0
1192,h2_storage,2030,4,97,97,0.0
1193,h2_storage,2030,4,98,98,0.0
1194,h2_storage,2030,4,99,99,0.0
1195,h2_storage,2030,4,100,100,0.0
1196,h2_storage,2030,4,101,101,0.0
1197,h2_storage,2030,4,102,102,0.0
1198,h2_storage,2030,4,103,103,0.0
1199,h2_storage,2030,4,104,104,0.0
1200,h2_storage,2030,4,105,105,0.0
1201,h2_storage,2030,4,106,106,0.0
1202,h2_storage,2030,4,107,107,0.0
1203,h2_storage,2030,4,108,108,0.0
1204,h2_storage,2030,4,109,109,0.0
1205,h2_storage,2030,4,110,110,0.0
1206,h2_storage,2030,4,111,111,0.0
1207,h2_storage,2030,4,112,112,0.0
1208,h2_storage,2030,4,113,113,0.0
1209,h2_storage,2030,4,114,114,0.0
1210,h2_storage,2030,4,115,115,0.0
1211,h2_storage,2030,4,116,116,0.0
1212,h2_storage,2030,4,117,117,0.0
1213,h2_storage,2030,4,118,118,0.0
1214,h2_storage,2030,4,119,119,0.0
1215,h2_storage,2030,4,120,120,0.0
1216,h2_storage,2030,4,121,121,0.0
1217,h2_storage,2030,4,122,122,0.0
1218,h2_storage,2030,4,123,123,0.0
1219,h2_storage,2030,4,124,124,0.0
1220,h2_storage,2030,4,125,125,0.0
1221,h2_storage,2030,4,126,126,0.0
1222,h2_storage,2030,4,127,127,0.0
1223,h2_storage,2030,4,128,128,0.0
1224,h2_storage,2030,4,129,129,0.0
1225,h2_storage,2030,4,130,130,0.0
1226,h2_storage,2030,4,131,131,0.0
1227,h2_storage,2030,4,132,132,0.0
1228,h2_storage,2030,4,133,133,0.0
1229,h2_storage,2030,4,134,134,0.0
1230,h2_storage,2030,4,135,135,0.0
1231,h2_storage,2030,4,136,136,0.0
1232,h2_storage,2030,4,137,137,0.0
1233,h2_storage,2030,4,138,138,0.0
1234,h2_storage,2030,4,139,139,0.0
1235,h2_storage,2030,4,140,140,0.0
1236,h2_storage,2030,4,141,141,0.0
1237,h2_storage,2030,4,142,142,0.0
1238,h2_storage,2030,4,143,143,0.0
1239,h2_storage,2030,4,144,144,0.0
1240,h2_storage,2030,4,145,145,0.0
1241,h2_storage,2030,4,146,146,0.0
1242,h2_storage,2030,4,147,147,0.0
1243,h2_storage,2030,4,148,148,0.0
1244,h2_storage,2030,4,149,149,0.0
1245,h2_storage,2030,4,150,150,0.0
1246,h2_storage,2030,4,151,151,0.0
1247,h2_storage,2030,4,152,152,0.0
1248,h2_storage,2030,4,153,153,0.0
1249,h2_storage,2030,4,154,154,0.0
1250,h2_storage,2030,4,155,155,0.0
1251,h2_storage,2030,4,156,156,0.0
1252,h2_storage,2030,4,157,157,0.0
1253,h2_storage,2030,4,158,158,0.0
1254,h2_storage,2030,4,159,159,0.0
1255,h2_storage,2030,4,160,160,0.0
1256,h2_storage,2030,4,161,161,0.0
1257,h2_storage,2030,4,162,162,0.0
1258,h2_storage,2030,4,163,163,0.0
1259,h2_storage,2030,4,164,164,0.0
1260,h2_storage,2030,4,165,165,0.0
1261,h2_storage,2030,4,166,166,0.0
1262,h2_storage,2030,4,167,167,0.0
1263,h2_storage,2030,4,168,168,0.0
1264,h2_storage,2030,4,169,169,0.0
1265,h2_storage,2030,4,170,170,0.0
1266,h2_storage,2030,4,171,171,0.0
1267,h2_storage,2030,4,172,172,0.0
1268,h2_storage,2030,4,173,173,0.0
1269,h2_storage,2030,4,174,174,0.0
1270,h2_storage,2030,4,175,175,0.0
1271,h2_storage,2030,4,176,176,0.0
1272,h2_storage,2030,4,177,177,0.0
1273,h2_storage,2030,4,178,178,0.0
1274,h2_storage,2030,4,179,179,0.0
1275,h2_storage,2030,4,180,180,0.0
1276,h2_storage,2030,4,181,181,0.0
1277,h2_storage,2030,4,182,182,0.0
1278,h2_storage,2030,4,183,183,0.0
1279,h2_storage,2030,4,184,184,0.0
1280,h2_storage,2030,4,185,185,0.0
1281,h2_storage,2030,4,186,186,0.0
1282,h2_storage,2030,4,187,187,0.0
1283,h2_storage,2030,4,188,188,0.0
1284,h2_storage,2030,4,189,189,0.0
1285,h2_storage,2030,4,190,190,0.0
1286,h2_storage,2030,4,191,191,0.0
1287,h2_storage,2030,4,192,192,0.0
1288,h2_storage,2030,4,193,193,0.0
1289,h2_storage,2030,4,194,194,0.0
1290,h2_storage,2030,4,195,195,0.0
1291,h2_storage,2030,4,196,196,0.0
1292,h2_storage,2030,4,197,197,0.0
1293,h2_storage,2030,4,198,198,0.0
1294,h2_storage,2030,4,199,199,0.0
1295,h2_storage,2030,4,200,200,0.0
1296,h2_storage,2030,4,201,201,0.0
1297,h2_storage,2030,4,202,202,0.0
1298,h2_storage,2030,4,203,203,0.0
1299,h2_storage,2030,4,204,204,0.0
1300,h2_storage,2030,4,205,205,0.0
1301,h2_storage,2030,4,206,206,0.0
1302,h2_storage,2030,4,207,207,0.0
1303,h2_storage,2030,4,208,208,0.0
1304,h2_storage,2030,4,209,209,0.0
1305,h2_storage,2030,4,210,210,0.0
1306,h2_storage,2030,4,211,211,0.0
1307,h2_storage,2030,4,212,212,0.0
1308,h2_storage,2030,4,213,213,0.0
1309,h2_storage,2030,4,214,214,0.0
1310,h2_storage,2030,4,215,215,0.0
1311,h2_storage,2030,4,216,216,0.0
1312,h2_storage,2030,4,217,217,0.0
1313,h2_storage,2030,4,218,218,0.0
1314,h2_storage,2030,4,219,219,0.0
1315,h2_storage,2030,4,220,220,0.0
1316,h2_storage,2030,4,221,221,0.0
1317,h2_storage,2030,4,222,222,0.0
1318,h2_storage,2030,4,223,223,0.0
1319,h2_storage,2030,4,224,224,0.0
1320,h2_storage,2030,4,225,225,0.0
1321,h2_storage,2030,4,226,226,0.0
1322,h2_storage,2030,4,227,227,0.0
1323,h2_storage,2030,4,228,228,0.0
1324,h2_storage,2030,4,229,229,0.0
1325,h2_storage,2030,4,230,230,0.0
1326,h2_storage,2030,4,231,231,0.0
1327,h2_storage,2030,4,232,232,0.0
1328,h2_storage,2030,4,233,233,0.0
1329,h2_storage,2030,4,234,234,0.0
1330,h2_storage,2030,4,235,235,0.0
1331,h2_storage,2030,4,236,236,0.0
1332,h2_storage,2030,4,237,237,0.0
1333,h2_storage,2030,4,238,238,0.0
1334,h2_storage,2030,4,239,239,0.0
1335,h2_storage,2030,4,240,240,0.0
1336,h2_storage,2030,4,241,241,0.0
1337,h2_storage,2030,4,242,242,0.0
1338,h2_storage,2030,4,243,243,0.0
1339,h2_storage,2030,4,244,244,0.0
1340,h2_storage,2030,4,245,245,0.0
1341,h2_storage,2030,4,246,246,0.0
1342,h2_storage,2030,4,247,247,0.0
1343,h2_storage,2030,4,248,248,0.0
1344,h2_storage,2030,4,249,249,0.0
1345,h2_storage,2030,4,250,250,0.0
1346,h2_storage,2030,4,251,251,0.0
1347,h2_storage,2030,4,252,252,0.0
1348,h2_storage,2030,4,253,253,0.0
1349,h2_storage,2030,4,254,254,0.0
1350,h2_storage,2030,4,255,255,0.0
1351,h2_storage,2030,4,256,256,0.0
1352,h2_storage,2030,4,257,257,0.0
1353,h2_storage,2030,4,258,258,0.0
1354,h2_storage,2030,4,259,259,0.0
1355,h2_storage,2030,4,260,260,0.0
1356,h2_storage,2030,4,261,261,0.0
1357,h2_storage,2030,4,262,262,0.0
1358,h2_storage,2030,4,263,263,0.0
1359,h2_storage,2030,4,264,264,0.0
1360,h2_storage,2030,4,265,265,0.0
1361,h2_storage,2030,4,266,266,0.0
1362,h2_storage,2030,4,267,267,0.0
1363,h2_storage,2030,4,268,268,0.0
1364,h2_storage,2030,4,269,269,0.0
1365,h2_storage,2030,4,270,270,0.0
1366,h2_storage,2030,4,271,271,0.0
1367,h2_storage,2030,4,272,272,0.0
1368,h2_storage,2030,4,273,273,0.0
1369,h2_storage,2030,4,274,274,0.0
1370,h2_storage,2030,4,275,275,0.0
1371,h2_storage,2030,4,276,276,0.0
1372,h2_storage,2030,4,277,277,0.0
1373,h2_storage,2030,4,278,278,0.0
1374,h2_storage,2030,4,279,279,0.0
1375,h2_storage,2030,4,280,280,0.0
1376,h2_storage,2030,4,281,281,0.0
1377,h2_storage,2030,4,282,282,0.0
1378,h2_storage,2030,4,283,283,0.0
1379,h2_storage,2030,4,284,284,0.0
1380,h2_storage,2030,4,285,285,0.0
1381,h2_storage,2030,4,286,286,0.0
1382,h2_storage,2030,4,287,287,0.0
1383,h2_storage,2030,4,288,288,0.0
1384,h2_storage,2030,4,289,289,0.0
1385,h2_storage,2030,4,290,290,0.0
1386,h2_storage,2030,4,291,291,0.0
1387,h2_storage,2030,4,292,292,0.0
1388,h2_storage,2030,4,293,293,0.0
1389,h2_storage,2030,4,294,294,0.0
1390,h2_storage,2030,4,295,295,0.0
1391,h2_storage,2030,4,296,296,0.0
1392,h2_storage,2030,4,297,297,0.0
1393,h2_storage,2030,4,298,298,0.0
1394,h2_storage,2030,4,299,299,0.0
1395,h2_storage,2030,4,300,300,0.0
1396,h2_storage,2030,4,301,301,0.0
1397,h2_storage,2030,4,302,302,0.0
1398,h2_storage,2030,4,303,303,0.0
1399,h2_storage,2030,4,304,304,0.0
1400,h2_storage,2030,4,305,305,0.0
1401,h2_storage,2030,4,306,306,0.0
1402,h2_storage,2030,4,307,307,0.0
1403,h2_storage,2030,4,308,308,0.0
1404,h2_storage,2030,4,309,309,0.0
1405,h2_storage,2030,4,310,310,0.0
1406,h2_storage,2030,4,311,311,0.0
1407,h2_storage,2030,4,312,312,0.0
1408,h2_storage,2030,4,313,313,0.0
1409,h2_storage,2030,4,314,314,0.0
1410,h2_storage,2030,4,315,315,0.0
1411,h2_storage,2030,4,316,316,0.0
1412,h2_storage,2030,4,317,317,0.0
1413,h2_storage,2030,4,318,318,0.0
1414,h2_storage,2030,4,319,319,0.0
1415,h2_storage,2030,4,320,320,0.0
1416,h2_storage,2030,4,321,321,0.0
1417,h2_storage,2030,4,322,322,0.0
1418,h2_storage,2030,4,323,323,0.0
1419,h2_storage,2030,4,324,324,0.0
1420,h2_storage,2030,4,325,325,0.0
1421,h2_storage,2030,4,326,326,0.0
1422,h2_storage,2030,4,327,327,0.0
1423,h2_storage,2030,4,328,328,0.0
1424,h2_storage,2030,4,329,329,0.0
1425,h2_storage,2030,4,330,330,0.0
1426,h2_storage,2030,4,331,331,0.0
1427,h2_storage,2030,4,332,332,0.0
1428,h2_storage,2030,4,333,333,0.0
1429,h2_storage,2030,4,334,334,0.0
1430,h2_storage,2030,4,335,335,0.0
1431,h2_storage,2030,4,336,336,0.0
1432,h2_storage,2030,4,337,337,0.0
1433,h2_storage,2030,4,338,338,0.0
1434,h2_storage,2030,4,339,339,0.0
1435,h2_storage,2030,4,340,340,0.0
1436,h2_storage,2030,4,341,341,0.0
1437,h2_storage,2030,4,342,342,0.0
1438,h2_storage,2030,4,343,343,0.0
1439,h2_storage,2030,4,344,344,0.0
1440,h2_storage,2030,4,345,345,0.0
1441,h2_storage,2030,4,346,346,0.0
1442,h2_storage,2030,4,347,347,0.0
1443,h2_storage,2030,4,348,348,0.0
1444,h2_storage,2030,4,349,349,0.0
1445,h2_storage,2030,4,350,350,0.0
1446,h2_storage,2030,4,351,351,0.0
1447,h2_storage,2030,4,352,352,0.0
1448,h2_storage,2030,4,353,353,0.0
1449,h2_storage,2030,4,354,354,0.0
1450,h2_storage,2030,4,355,355,0.0
1451,h2_storage,2030,4,356,356,0.0
1452,h2_storage,2030,4,357,357,0.0
1453,h2_storage,2030,4,358,358,0.0
1454,h2_storage,2030,4,359,359,0.0
1455,h2_storage,2030,4,360,360,0.0
1456,h2_storage,2030,4,361,361,0.0
1457,h2_storage,2030,4,362,362,0.0
1458,h2_storage,2030,4,363,363,0.0
1459,h2_storage,2030,4,364,364,0.0
1460,h2_storage,2030,4,365,365,0.0
1461,h2_storage,2030,5,1,1,0.0
1462,h2_storage,2030,5,2,2,0.0
1463,h2_storage,2030,5,3,3,0.0
1464,h2_storage,2030,5,4,4,0.0
1465,h2_storage,2030,5,5,5,0.0
1466,h2_storage,2030,5,6,6,0.0
1467,h2_storage,2030,5,7,7,0.0
1468,h2_storage,2030,5,8,8,0.0
1469,h2_storage,2030,5,9,9,0.0
1470,h2_storage,2030,5,10,10,0.0
1471,h2_storage,2030,5,11,11,0.0
1472,h2_storage,2030,5,12,12,0.0
1473,h2_storage,2030,5,13,13,0.0
1474,h2_storage,2030,5,14,14,0.0
1475,h2_storage,2030,5,15,15,0.0
1476,h2_storage,2030,5,16,16,0.0
1477,h2_storage,2030,5,17,17,0.0
1478,h2_storage,2030,5,18,18,0.0
1479,h2_storage,2030,5,19,19,0.0
1480,h2_storage,2030,5,20,20,0.0
1481,h2_storage,2030,5,21,21,0.0
1482,h2_storage,2030,5,22,22,0.0
1483,h2_storage,2030,5,23,23,0.0
1484,h2_storage,2030,5,24,24,0.0
1485,h2_storage,2030,5,25,25,0.0
1486,h2_storage,2030,5,26,26,0.0
1487,h2_storage,2030,5,27,27,0.0
1488,h2_storage,2030,5,28,28,0.0
1489,h2_storage,2030,5,29,29,0.0
1490,h2_storage,2030,5,30,30,0.0
1491,h2_storage,2030,5,31,31,0.0
1492,h2_storage,2030,5,32,32,0.0
1493,h2_storage,2030,5,33,33,0.0
1494,h2_storage,2030,5,34,34,0.0
1495,h2_storage,2030,5,35,35,0.0
1496,h2_storage,2030,5,36,36,0.0
1497,h2_storage,2030,5,37,37,0.0
1498,h2_storage,2030,5,38,38,0.0
1499,h2_storage,2030,5,39,39,0.0
1500,h2_storage,2030,5,40,40,0.0
1501,h2_storage,2030,5,41,41,0.0
1502,h2_storage,2030,5,42,42,0.0
1503,h2_storage,2030,5,43,43,0.0
1504,h2_storage,2030,5,44,44,0.0
1505,h2_storage,2030,5,45,45,0.0
1506,h2_storage,2030,5,46,46,0.0
1507,h2_storage,2030,5,47,47,0.0
1508,h2_storage,2030,5,48,48,0.0
1509,h2_storage,2030,5,49,49,0.0
1510,h2_storage,2030,5,50,50,0.0
1511,h2_storage,2030,5,51,51,0.0
1512,h2_storage,2030,5,52,52,0.0
1513,h2_storage,2030,5,53,53,0.0
1514,h2_storage,2030,5,54,54,0.0
1515,h2_storage,2030,5,55,55,0.0
1516,h2_storage,2030,5,56,56,0.0
1517,h2_storage,2030,5,57,57,0.0
1518,h2_storage,2030,5,58,58,0.0
1519,h2_storage,2030,5,59,59,0.0
1520,h2_storage,2030,5,60,60,0.0
1521,h2_storage,2030,5,61,61,0.0
1522,h2_storage,2030,5,62,62,0.0
1523,h2_storage,2030,5,63,63,0.0
1524,h2_storage,2030,5,64,64,0.0
1525,h2_storage,2030,5,65,65,0.0
1526,h2_storage,2030,5,66,66,0.0
1527,h2_storage,2030,5,67,67,0.0
1528,h2_storage,2030,5,68,68,0.0
1529,h2_storage,2030,5,69,69,0.0
1530,h2_storage,2030,5,70,70,0.0
1531,h2_storage,2030,5,71,71,0.0
1532,h2_storage,2030,5,72,72,0.0
1533,h2_storage,2030,5,73,73,0.0
1534,h2_storage,2030,5,74,74,0.0
1535,h2_storage,2030,5,75,75,0.0
1536,h2_storage,2030,5,76,76,0.0
1537,h2_storage,2030,5,77,77,0.0
1538,h2_storage,2030,5,78,78,0.0
1539,h2_storage,2030,5,79,79,0.0
1540,h2_storage,2030,5,80,80,0.0
1541,h2_storage,2030,5,81,81,0.0
1542,h2_storage,2030,5,82,82,0.0
1543,h2_storage,2030,5,83,83,0.0
1544,h2_storage,2030,5,84,84,0.0
1545,h2_storage,2030,5,85,85,0.0
1546,h2_storage,2030,5,86,86,0.0
1547,h2_storage,2030,5,87,87,0.0
1548,h2_storage,2030,5,88,88,0.0
1549,h2_storage,2030,5,89,89,0.0
1550,h2_storage,2030,5,90,90,0.0
1551,h2_storage,2030,5,91,91,0.0
1552,h2_storage,2030,5,92,92,0.0
1553,h2_storage,2030,5,93,93,0.0
1554,h2_storage,2030,5,94,94,0.0
1555,h2_storage,2030,5,95,95,0.0
1556,h2_storage,2030,5,96,96,0.0
1557,h2_storage,2030,5,97,97,0.0
1558,h2_storage,2030,5,98,98,0.0
1559,h2_storage,2030,5,99,99,0.0
1560,h2_storage,2030,5,100,100,0.0
1561,h2_storage,2030,5,101,101,0.0
1562,h2_storage,2030,5,102,102,0.0
1563,h2_storage,2030,5,103,103,0.0
1564,h2_storage,2030,5,104,104,0.0
1565,h2_storage,2030,5,105,105,0.0
1566,h2_storage,2030,5,106,106,0.0
1567,h2_storage,2030,5,107,107,0.0
1568,h2_storage,2030,5,108,108,0.0
1569,h2_storage,2030,5,109,109,0.0
1570,h2_storage,2030,5,110,110,0.0
1571,h2_storage,2030,5,111,111,0.0
1572,h2_storage,2030,5,112,112,0.0
1573,h2_storage,2030,5,113,113,0.0
1574,h2_storage,2030,5,114,114,0.0
1575,h2_storage,2030,5,115,115,0.0
1576,h2_storage,2030,5,116,116,0.0
1577,h2_storage,2030,5,117,117,0.0
1578,h2_storage,2030,5,118,118,0.0
1579,h2_storage,2030,5,119,119,0.0
1580,h2_storage,2030,5,120,120,0.0
1581,h2_storage,2030,5,121,121,0.0
1582,h2_storage,2030,5,122,122,0.0
1583,h2_storage,2030,5,123,123,0.0
1584,h2_storage,2030,5,124,124,0.0
1585,h2_storage,2030,5,125,125,0.0
1586,h2_storage,2030,5,126,126,0.0
1587,h2_storage,2030,5,127,127,0.0
1588,h2_storage,2030,5,128,128,0.0
1589,h2_storage,2030,5,129,129,0.0
1590,h2_storage,2030,5,130,130,0.0
1591,h2_storage,2030,5,131,131,0.0
1592,h2_storage,2030,5,132,132,0.0
1593,h2_storage,2030,5,133,133,0.0
1594,h2_storage,2030,5,134,134,0.0
1595,h2_storage,2030,5,135,135,0.0
1596,h2_storage,2030,5,136,136,0.0
1597,h2_storage,2030,5,137,137,0.0
1598,h2_storage,2030,5,138,138,0.0
1599,h2_storage,2030,5,139,139,0.0
1600,h2_storage,2030,5,140,140,0.0
1601,h2_storage,2030,5,141,141,0.0
1602,h2_storage,2030,5,142,142,0.0
1603,h2_storage,2030,5,143,143,0.0
1604,h2_storage,2030,5,144,144,0.0
1605,h2_storage,2030,5,145,145,0.0
1606,h2_storage,2030,5,146,146,0.0
1607,h2_storage,2030,5,147,147,0.0
1608,h2_storage,2030,5,148,148,0.0
1609,h2_storage,2030,5,149,149,0.0
1610,h2_storage,2030,5,150,150,0.0
1611,h2_storage,2030,5,151,151,0.0
1612,h2_storage,2030,5,152,152,0.0
1613,h2_storage,2030,5,153,153,0.0
1614,h2_storage,2030,5,154,154,0.0
1615,h2_storage,2030,5,155,155,0.0
1616,h2_storage,2030,5,156,156,0.0
1617,h2_storage,2030,5,157,157,0.0
1618,h2_storage,2030,5,158,158,0.0
1619,h2_storage,2030,5,159,159,0.0
1620,h2_storage,2030,5,160,160,0.0
1621,h2_storage,2030,5,161,161,0.0
1622,h2_storage,2030,5,162,162,0.0
1623,h2_storage,2030,5,163,163,0.0
1624,h2_storage,2030,5,164,164,0.0
1625,h2_storage,2030,5,165,165,0.0
1626,h2_storage,2030,5,166,166,0.0
1627,h2_storage,2030,5,167,167,0.0
1628,h2_storage,2030,5,168,168,0.0
1629,h2_storage,2030,5,169,169,0.0
1630,h2_storage,2030,5,170,170,0.0
1631,h2_storage,2030,5,171,171,0.0
1632,h2_storage,2030,5,172,172,0.0
1633,h2_storage,2030,5,173,173,0.0
1634,h2_storage,2030,5,174,174,0.0
1635,h2_storage,2030,5,175,175,0.0
1636,h2_storage,2030,5,176,176,0.0
1637,h2_storage,2030,5,177,177,0.0
1638,h2_storage,2030,5,178,178,0.0
1639,h2_storage,2030,5,179,179,0.0
1640,h2_storage,2030,5,180,180,0.0
1641,h2_storage,2030,5,181,181,0.0
1642,h2_storage,2030,5,182,182,0.0
1643,h2_storage,2030,5,183,183,0.0
1644,h2_storage,2030,5,184,184,0.0
1645,h2_storage,2030,5,185,185,0.0
1646,h2_storage,2030,5,186,186,0.0
1647,h2_storage,2030,5,187,187,0.0
1648,h2_storage,2030,5,188,188,0.0
1649,h2_storage,2030,5,189,189,0.0
1650,h2_storage,2030,5,190,190,0.0
1651,h2_storage,2030,5,191,191,0.0
1652,h2_storage,2030,5,192,192,0.0
1653,h2_storage,2030,5,193,193,0.0
1654,h2_storage,2030,5,194,194,0.0
1655,h2_storage,2030,5,195,195,0.0
1656,h2_storage,2030,5,196,196,0.0
1657,h2_storage,2030,5,197,197,0.0
1658,h2_storage,2030,5,198,198,0.0
1659,h2_storage,2030,5,199,199,0.0
1660,h2_storage,2030,5,200,200,0.0
1661,h2_storage,2030,5,201,201,0.0
1662,h2_storage,2030,5,202,202,0.0
1663,h2_storage,2030,5,203,203,0.0
1664,h2_storage,2030,5,204,204,0.0
1665,h2_storage,2030,5,205,205,0.0
1666,h2_storage,2030,5,206,206,0.0
1667,h2_storage,2030,5,207,207,0.0
1668,h2_storage,2030,5,208,208,0.0
1669,h2_storage,2030,5,209,209,0.0
1670,h2_storage,2030,5,210,210,0.0
1671,h2_storage,2030,5,211,211,0.0
1672,h2_storage,2030,5,212,212,0.0
1673,h2_storage,2030,5,213,213,0.0
1674,h2_storage,2030,5,214,214,0.0
1675,h2_storage,2030,5,215,215,0.0
1676,h2_storage,2030,5,216,216,0.0
1677,h2_storage,2030,5,217,217,0.0
1678,h2_storage,2030,5,218,218,0.0
1679,h2_storage,2030,5,219,219,0.0
1680,h2_storage,2030,5,220,220,0.0
1681,h2_storage,2030,5,221,221,0.0
1682,h2_storage,2030,5,222,222,0.0
1683,h2_storage,2030,5,223,223,0.0
1684,h2_storage,2030,5,224,224,0.0
1685,h2_storage,2030,5,225,225,0.0
1686,h2_storage,2030,5,226,226,0.0
1687,h2_storage,2030,5,227,227,0.0
1688,h2_storage,2030,5,228,228,0.0
1689,h2_storage,2030,5,229,229,0.0
1690,h2_storage,2030,5,230,230,0.0
1691,h2_storage,2030,5,231,231,0.0
1692,h2_storage,2030,5,232,232,0.0
1693,h2_storage,2030,5,233,233,0.0
1694,h2_storage,2030,5,234,234,0.0
1695,h2_storage,2030,5,235,235,0.0
1696,h2_storage,2030,5,236,236,0.0
1697,h2_storage,2030,5,237,237,0.0
1698,h2_storage,2030,5,238,238,0.0
1699,h2_storage,2030,5,239,239,0.0
1700,h2_storage,2030,5,240,240,0.0
1701,h2_storage,2030,5,241,241,0.0
1702,h2_storage,2030,5,242,242,0.0
1703,h2_storage,2030,5,243,243,0.0
1704,h2_storage,2030,5,244,244,0.0
1705,h2_storage,2030,5,245,245,0.0
1706,h2_storage,2030,5,246,246,0.0
1707,h2_storage,2030,5,247,247,0.0
1708,h2_storage,2030,5,248,248,0.0
1709,h2_storage,2030,5,249,249,0.0
1710,h2_storage,2030,5,250,250,0.0
1711,h2_storage,2030,5,251,251,0.0
1712,h2_storage,2030,5,252,252,0.0
1713,h2_storage,2030,5,253,253,0.0
1714,h2_storage,2030,5,254,254,0.0
1715,h2_storage,2030,5,255,255,0.0
1716,h2_storage,2030,5,256,256,0.0
1717,h2_storage,2030,5,257,257,0.0
1718,h2_storage,2030,5,258,258,0.0
1719,h2_storage,2030,5,259,259,0.0
1720,h2_storage,2030,5,260,260,0.0
1721,h2_storage,2030,5,261,261,0.0
1722,h2_storage,2030,5,262,262,0.0
1723,h2_storage,2030,5,263,263,0.0
1724,h2_storage,2030,5,264,264,0.0
1725,h2_storage,2030,5,265,265,0.0
1726,h2_storage,2030,5,266,266,0.0
1727,h2_storage,2030,5,267,267,0.0
1728,h2_storage,2030,5,268,268,0.0
1729,h2_storage,2030,5,269,269,0.0
1730,h2_storage,2030,5,270,270,0.0
1731,h2_storage,2030,5,271,271,0.0
1732,h2_storage,2030,5,272,272,0.0
1733,h2_storage,2030,5,273,273,0.0
1734,h2_storage,2030,5,274,274,0.0
1735,h2_storage,2030,5,275,275,0.0
1736,h2_storage,2030,5,276,276,0.0
1737,h2_storage,2030,5,277,277,0.0
1738,h2_storage,2030,5,278,278,0.0
1739,h2_storage,2030,5,279,279,0.0
1740,h2_storage,2030,5,280,280,0.0
1741,h2_storage,2030,5,281,281,0.0
1742,h2_storage,2030,5,282,282,0.0
1743,h2_storage,2030,5,283,283,0.0
1744,h2_storage,2030,5,284,284,0.0
1745,h2_storage,2030,5,285,285,0.0
1746,h2_storage,2030,5,286,286,0.0
1747,h2_storage,2030,5,287,287,0.0
1748,h2_storage,2030,5,288,288,0.0
1749,h2_storage,2030,5,289,289,0.0
1750,h2_storage,2030,5,290,290,0.0
1751,h2_storage,2030,5,291,291,0.0
1752,h2_storage,2030,5,292,292,0.0
1753,h2_storage,2030,5,293,293,0.0
1754,h2_storage,2030,5,294,294,0.0
1755,h2_storage,2030,5,295,295,0.0
1756,h2_storage,2030,5,296,296,0.0
1757,h2_storage,2030,5,297,297,0.0
1758,h2_storage,2030,5,298,298,0.0
1759,h2_storage,2030,5,299,299,0.0
1760,h2_storage,2030,5,300,300,0.0
1761,h2_storage,2030,5,301,301,0.0
1762,h2_storage,2030,5,302,302,0.0
1763,h2_storage,2030,5,303,303,0.0
1764,h2_storage,2030,5,304,304,0.0
1765,h2_storage,2030,5,305,305,0.0
1766,h2_storage,2030,5,306,306,0.0
1767,h2_storage,2030,5,307,307,0.0
1768,h2_storage,2030,5,308,308,0.0
1769,h2_storage,2030,5,309,309,0.0
1770,h2_storage,2030,5,310,310,0.0
1771,h2_storage,2030,5,311,311,0.0
1772,h2_storage,2030,5,312,312,0.0
1773,h2_storage,2030,5,313,313,0.0
1774,h2_storage,2030,5,314,314,0.0
1775,h2_storage,2030,5,315,315,0.0
1776,h2_storage,2030,5,316,316,0.0
1777,h2_storage,2030,5,317,317,0.0
1778,h2_storage,2030,5,318,318,0.0
1779,h2_storage,2030,5,319,319,0.0
1780,h2_storage,2030,5,320,320,0.0
1781,h2_storage,2030,5,321,321,0.0
1782,h2_storage,2030,5,322,322,0.0
1783,h2_storage,2030,5,323,323,0.0
1784,h2_storage,2030,5,324,324,0.0
1785,h2_storage,2030,5,325,325,0.0
1786,h2_storage,2030,5,326,326,0.0
1787,h2_storage,2030,5,327,327,0.0
1788,h2_storage,2030,5,328,328,0.0
1789,h2_storage,2030,5,329,329,0.0
1790,h2_storage,2030,5,330,330,0.0
1791,h2_storage,2030,5,331,331,0.0
1792,h2_storage,2030,5,332,332,0.0
1793,h2_storage,2030,5,333,333,0.0
1794,h2_storage,2030,5,334,334,0.0
1795,h2_storage,2030,5,335,335,0.0
1796,h2_storage,2030,5,336,336,0.0
1797,h2_storage,2030,5,337,337,0.0
1798,h2_storage,2030,5,338,338,0.0
1799,h2_storage,2030,5,339,339,0.0
1800,h2_storage,2030,5,340,340,0.0
1801,h2_storage,2030,5,341,341,0.0
1802,h2_storage,2030,5,342,342,0.0
1803,h2_storage,2030,5,343,343,0.0
1804,h2_storage,2030,5,344,344,0.0
1805,h2_storage,2030,5,345,345,0.0
1806,h2_storage,2030,5,346,346,0.0
1807,h2_storage,2030,5,347,347,0.0
1808,h2_storage,2030,5,348,348,0.0
1809,h2_storage,2030,5,349,349,0.0
1810,h2_storage,2030,5,350,350,0.0
1811,h2_storage,2030,5,351,351,0.0
1812,h2_storage,2030,5,352,352,0.0
1813,h2_storage,2030,5,353,353,0.0
1814,h2_storage,2030,5,354,354,0.0
1815,h2_storage,2030,5,355,355,0.0
1816,h2_storage,2030,5,356,356,0.0
1817,h2_storage,2030,5,357,357,0.0
1818,h2_storage,2030,5,358,358,0.0
1819,h2_storage,2030,5,359,359,0.0
1820,h2_storage,2030,5,360,360,0.0
1821,h2_storage,2030,5,361,361,0.0
1822,h2_storage,2030,5,362,362,0.0
1823,h2_storage,2030,5,363,363,0.0
1824,h2_storage,2030,5,364,364,0.0
1825,h2_storage,2030,5,365,365,0.0
1826,h2_storage,2030,6,1,1,0.0
1827,h2_storage,2030,6,2,2,0.0
1828,h2_storage,2030,6,3,3,0.0
1829,h2_storage,2030,6,4,4,0.0
1830,h2_storage,2030,6,5,5,0.0
1831,h2_storage,2030,6,6,6,0.0
1832,h2_storage,2030,6,7,7,0.0
1833,h2_storage,2030,6,8,8,0.0
1834,h2_storage,2030,6,9,9,0.0
1835,h2_storage,2030,6,10,10,0.0
1836,h2_storage,2030,6,11,11,0.0
1837,h2_storage,2030,6,12,12,0.0
1838,h2_storage,2030,6,13,13,0.0
1839,h2_storage,2030,6,14,14,0.0
1840,h2_storage,2030,6,15,15,0.0
1841,h2_storage,2030,6,16,16,0.0
1842,h2_storage,2030,6,17,17,0.0
1843,h2_storage,2030,6,18,18,0.0
1844,h2_storage,2030,6,19,19,0.0
1845,h2_storage,2030,6,20,20,0.0
1846,h2_storage,2030,6,21,21,0.0
1847,h2_storage,2030,6,22,22,0.0
1848,h2_storage,2030,6,23,23,0.0
1849,h2_storage,2030,6,24,24,0.0
1850,h2_storage,2030,6,25,25,0.0
1851,h2_storage,2030,6,26,26,0.0
1852,h2_storage,2030,6,27,27,0.0
1853,h2_storage,2030,6,28,28,0.0
1854,h2_storage,2030,6,29,29,0.0
1855,h2_storage,2030,6,30,30,0.0
1856,h2_storage,2030,6,31,31,0.0
1857,h2_storage,2030,6,32,32,0.0
1858,h2_storage,2030,6,33,33,0.0
1859,h2_storage,2030,6,34,34,0.0
1860,h2_storage,2030,6,35,35,0.0
1861,h2_storage,2030,6,36,36,0.0
1862,h2_storage,2030,6,37,37,0.0
1863,h2_storage,2030,6,38,38,0.0
1864,h2_storage,2030,6,39,39,0.0
1865,h2_storage,2030,6,40,40,0.0
1866,h2_storage,2030,6,41,41,0.0
1867,h2_storage,2030,6,42,42,0.0
1868,h2_storage,2030,6,43,43,0.0
1869,h2_storage,2030,6,44,44,0.0
1870,h2_storage,2030,6,45,45,0.0
1871,h2_storage,2030,6,46,46,0.0
1872,h2_storage,2030,6,47,47,0.0
1873,h2_storage,2030,6,48,48,0.0
1874,h2_storage,2030,6,49,49,0.0
1875,h2_storage,2030,6,50,50,0.0
1876,h2_storage,2030,6,51,51,0.0
1877,h2_storage,2030,6,52,52,0.0
1878,h2_storage,2030,6,53,53,0.0
1879,h2_storage,2030,6,54,54,0.0
1880,h2_storage,2030,6,55,55,0.0
1881,h2_storage,2030,6,56,56,0.0
1882,h2_storage,2030,6,57,57,0.0
1883,h2_storage,2030,6,58,58,0.0
1884,h2_storage,2030,6,59,59,0.0
1885,h2_storage,2030,6,60,60,0.0
1886,h2_storage,2030,6,61,61,0.0
1887,h2_storage,2030,6,62,62,0.0
1888,h2_storage,2030,6,63,63,0.0
1889,h2_storage,2030,6,64,64,0.0
1890,h2_storage,2030,6,65,65,0.0
1891,h2_storage,2030,6,66,66,0.0
1892,h2_storage,2030,6,67,67,0.0
1893,h2_storage,2030,6,68,68,0.0
1894,h2_storage,2030,6,69,69,0.0
1895,h2_storage,2030,6,70,70,0.0
1896,h2_storage,2030,6,71,71,0.0
1897,h2_storage,2030,6,72,72,0.0
1898,h2_storage,2030,6,73,73,0.0
1899,h2_storage,2030,6,74,74,0.0
1900,h2_storage,2030,6,75,75,0.0
1901,h2_storage,2030,6,76,76,0.0
1902,h2_storage,2030,6,77,77,0.0
1903,h2_storage,2030,6,78,78,0.0
1904,h2_storage,2030,6,79,79,0.0
1905,h2_storage,2030,6,80,80,0.0
1906,h2_storage,2030,6,81,81,0.0
1907,h2_storage,2030,6,82,82,0.0
1908,h2_storage,2030,6,83,83,0.0
1909,h2_storage,2030,6,84,84,0.0
1910,h2_storage,2030,6,85,85,0.0
1911,h2_storage,2030,6,86,86,0.0
1912,h2_storage,2030,6,87,87,0.0
1913,h2_storage,2030,6,88,88,0.0
1914,h2_storage,2030,6,89,89,0.0
1915,h2_storage,2030,6,90,90,0.0
1916,h2_storage,2030,6,91,91,0.0
1917,h2_storage,2030,6,92,92,0.0
1918,h2_storage,2030,6,93,93,0.0
1919,h2_storage,2030,6,94,94,0.0
1920,h2_storage,2030,6,95,95,0.0
1921,h2_storage,2030,6,96,96,0.0
1922,h2_storage,2030,6,97,97,0.0
1923,h2_storage,2030,6,98,98,0.0
1924,h2_storage,2030,6,99,99,0.0
1925,h2_storage,2030,6,100,100,0.0
1926,h2_storage,2030,6,101,101,0.0
1927,h2_storage,2030,6,102,102,0.0
1928,h2_storage,2030,6,103,103,0.0
1929,h2_storage,2030,6,104,104,0.0
1930,h2_storage,2030,6,105,105,0.0
1931,h2_storage,2030,6,106,106,0.0
1932,h2_storage,2030,6,107,107,0.0
1933,h2_storage,2030,6,108,108,0.0
1934,h2_storage,2030,6,109,109,0.0
1935,h2_storage,2030,6,110,110,0.0
1936,h2_storage,2030,6,111,111,0.0
1937,h2_storage,2030,6,112,112,0.0
1938,h2_storage,2030,6,113,113,0.0
1939,h2_storage,2030,6,114,114,0.0
1940,h2_storage,2030,6,115,115,0.0
1941,h2_storage,2030,6,116,116,0.0
1942,h2_storage,2030,6,117,117,0.0
1943,h2_storage,2030,6,118,118,0.0
1944,h2_storage,2030,6,119,119,0.0
1945,h2_storage,2030,6,120,120,0.0
1946,h2_storage,2030,6,121,121,0.0
1947,h2_storage,2030,6,122,122,0.0
1948,h2_storage,2030,6,123,123,0.0
1949,h2_storage,2030,6,124,124,0.0
1950,h2_storage,2030,6,125,125,0.0
1951,h2_storage,2030,6,126,126,0.0
1952,h2_storage,2030,6,127,127,0.0
1953,h2_storage,2030,6,128,128,0.0
1954,h2_storage,2030,6,129,129,0.0
1955,h2_storage,2030,6,130,130,0.0
1956,h2_storage,2030,6,131,131,0.0
1957,h2_storage,2030,6,132,132,0.0
1958,h2_storage,2030,6,133,133,0.0
1959,h2_storage,2030,6,134,134,0.0
1960,h2_storage,2030,6,135,135,0.0
1961,h2_storage,2030,6,136,136,0.0
1962,h2_storage,2030,6,137,137,0.0
1963,h2_storage,2030,6,138,138,0.0
1964,h2_storage,2030,6,139,139,0.0
1965,h2_storage,2030,6,140,140,0.0
1966,h2_storage,2030,6,141,141,0.0
1967,h2_storage,2030,6,142,142,0.0
1968,h2_storage,2030,6,143,143,0.0
1969,h2_storage,2030,6,144,144,0.0
1970,h2_storage,2030,6,145,145,0.0
1971,h2_storage,2030,6,146,146,0.0
1972,h2_storage,2030,6,147,147,0.0
1973,h2_storage,2030,6,148,148,0.0
1974,h2_storage,2030,6,149,149,0.0
1975,h2_storage,2030,6,150,150,0.0
1976,h2_storage,2030,6,151,151,0.0
1977,h2_storage,2030,6,152,152,0.0
1978,h2_storage,2030,6,153,153,0.0
1979,h2_storage,2030,6,154,154,0.0
1980,h2_storage,2030,6,155,155,0.0
1981,h2_storage,2030,6,156,156,0.0
1982,h2_storage,2030,6,157,157,0.0
1983,h2_storage,2030,6,158,158,0.0
1984,h2_storage,2030,6,159,159,0.0
1985,h2_storage,2030,6,160,160,0.0
1986,h2_storage,2030,6,161,161,0.0
1987,h2_storage,2030,6,162,162,0.0
1988,h2_storage,2030,6,163,163,0.0
1989,h2_storage,2030,6,164,164,0.0
1990,h2_storage,2030,6,165,165,0.0
1991,h2_storage,2030,6,166,166,0.0
1992,h2_storage,2030,6,167,167,0.0
1993,h2_storage,2030,6,168,168,0.0
1994,h2_storage,2030,6,169,169,0.0
1995,h2_storage,2030,6,170,170,0.0
1996,h2_storage,2030,6,171,171,0.0
1997,h2_storage,2030,6,172,172,0.0
1998,h2_storage,2030,6,173,173,0.0
1999,h2_storage,2030,6,174,174,0.0
2000,h2_storage,2030,6,175,175,0.0
2001,h2_storage,2030,6,176,176,0.0
2002,h2_storage,2030,6,177,177,0.0
2003,h2_storage,2030,6,178,178,0.0
2004,h2_storage,2030,6,179,179,0.0
2005,h2_storage,2030,6,180,180,0.0
2006,h2_storage,2030,6,181,181,0.0
2007,h2_storage,2030,6,182,182,0.0
2008,h2_storage,2030,6,183,183,0.0
2009,h2_storage,2030,6,184,184,0.0
2010,h2_storage,2030,6,185,185,0.0
2011,h2_storage,2030,6,186,186,0.0
2012,h2_storage,2030,6,187,187,0.0
2013,h2_storage,2030,6,188,188,0.0
2014,h2_storage,2030,6,189,189,0.0
2015,h2_storage,2030,6,190,190,0.0
2016,h2_storage,2030,6,191,191,0.0
2017,h2_storage,2030,6,192,192,0.0
2018,h2_storage,2030,6,193,193,0.0
2019,h2_storage,2030,6,194,194,0.0
2020,h2_storage,2030,6,195,195,0.0
2021,h2_storage,2030,6,196,196,0.0
2022,h2_storage,2030,6,197,197,0.0
2023,h2_storage,2030,6,198,198,0.0
2024,h2_storage,2030,6,199,199,0.0
2025,h2_storage,2030,6,200,200,0.0
2026,h2_storage,2030,6,201,201,0.0
2027,h2_storage,2030,6,202,202,0.0
2028,h2_storage,2030,6,203,203,0.0
2029,h2_storage,2030,6,204,204,0.0
2030,h2_storage,2030,6,205,205,0.0
2031,h2_storage,2030,6,206,206,0.0
2032,h2_storage,2030,6,207,207,0.0
2033,h2_storage,2030,6,208,208,0.0
2034,h2_storage,2030,6,209,209,0.0
2035,h2_storage,2030,6,210,210,0.0
2036,h2_storage,2030,6,211,211,0.0
2037,h2_storage,2030,6,212,212,0.0
2038,h2_storage,2030,6,213,213,0.0
2039,h2_storage,2030,6,214,214,0.0
2040,h2_storage,2030,6,215,215,0.0
2041,h2_storage,2030,6,216,216,0.0
2042,h2_storage,2030,6,217,217,0.0
2043,h2_storage,2030,6,218,218,0.0
2044,h2_storage,2030,6,219,219,0.0
2045,h2_storage,2030,6,220,220,0.0
2046,h2_storage,2030,6,221,221,0.0
2047,h2_storage,2030,6,222,222,0.0
2048,h2_storage,2030,6,223,223,0.0
2049,h2_storage,2030,6,224,224,0.0
2050,h2_storage,2030,6,225,225,0.0
2051,h2_storage,2030,6,226,226,0.0
2052,h2_storage,2030,6,227,227,0.0
2053,h2_storage,2030,6,228,228,0.0
2054,h2_storage,2030,6,229,229,0.0
2055,h2_storage,2030,6,230,230,0.0
2056,h2_storage,2030,6,231,231,0.0
2057,h2_storage,2030,6,232,232,0.0
2058,h2_storage,2030,6,233,233,0.0
2059,h2_storage,2030,6,234,234,0.0
2060,h2_storage,2030,6,235,235,0.0
2061,h2_storage,2030,6,236,236,0.0
2062,h2_storage,2030,6,237,237,0.0
2063,h2_storage,2030,6,238,238,0.0
2064,h2_storage,2030,6,239,239,0.0
2065,h2_storage,2030,6,240,240,0.0
2066,h2_storage,2030,6,241,241,0.0
2067,h2_storage,2030,6,242,242,0.0
2068,h2_storage,2030,6,243,243,0.0
2069,h2_storage,2030,6,244,244,0.0
2070,h2_storage,2030,6,245,245,0.0
2071,h2_storage,2030,6,246,246,0.0
2072,h2_storage,2030,6,247,247,0.0
2073,h2_storage,2030,6,248,248,0.0
2074,h2_storage,2030,6,249,249,0.0
2075,h2_storage,2030,6,250,250,0.0
2076,h2_storage,2030,6,251,251,0.0
2077,h2_storage,2030,6,252,252,0.0
2078,h2_storage,2030,6,253,253,0.0
2079,h2_storage,2030,6,254,254,0.0
2080,h2_storage,2030,6,255,255,0.0
2081,h2_storage,2030,6,256,256,0.0
2082,h2_storage,2030,6,257,257,0.0
2083,h2_storage,2030,6,258,258,0.0
2084,h2_storage,2030,6,259,259,0.0
2085,h2_storage,2030,6,260,260,0.0
2086,h2_storage,2030,6,261,261,0.0
2087,h2_storage,2030,6,262,262,0.0
2088,h2_storage,2030,6,263,263,0.0
2089,h2_storage,2030,6,264,264,0.0
2090,h2_storage,2030,6,265,265,0.0
2091,h2_storage,2030,6,266,266,0.0
2092,h2_storage,2030,6,267,267,0.0
2093,h2_storage,2030,6,268,268,0.0
2094,h2_storage,2030,6,269,269,0.0
2095,h2_storage,2030,6,270,270,0.0
2096,h2_storage,2030,6,271,271,0.0
2097,h2_storage,2030,6,272,272,0.0
2098,h2_storage,2030,6,273,273,0.0
2099,h2_storage,2030,6,274,274,0.0
2100,h2_storage,2030,6,275,275,0.0
2101,h2_storage,2030,6,276,276,0.0
2102,h2_storage,2030,6,277,277,0.0
2103,h2_storage,2030,6,278,278,0.0
2104,h2_storage,2030,6,279,279,0.0
2105,h2_storage,2030,6,280,280,0.0
2106,h2_storage,2030,6,281,281,0.0
2107,h2_storage,2030,6,282,282,0.0
2108,h2_storage,2030,6,283,283,0.0
2109,h2_storage,2030,6,284,284,0.0
2110,h2_storage,2030,6,285,285,0.0
2111,h2_storage,2030,6,286,286,0.0
2112,h2_storage,2030,6,287,287,0.0
2113,h2_storage,2030,6,288,288,0.0
2114,h2_storage,2030,6,289,289,0.0
2115,h2_storage,2030,6,290,290,0.0
2116,h2_storage,2030,6,291,291,0.0
2117,h2_storage,2030,6,292,292,0.0
2118,h2_storage,2030,6,293,293,0.0
2119,h2_storage,2030,6,294,294,0.0
2120,h2_storage,2030,6,295,295,0.0
2121,h2_storage,2030,6,296,296,0.0
2122,h2_storage,2030,6,297,297,0.0
2123,h2_storage,2030,6,298,298,0.0
2124,h2_storage,2030,6,299,299,0.0
2125,h2_storage,2030,6,300,300,0.0
2126,h2_storage,2030,6,301,301,0.0
2127,h2_storage,2030,6,302,302,0.0
2128,h2_storage,2030,6,303,303,0.0
2129,h2_storage,2030,6,304,304,0.0
2130,h2_storage,2030,6,305,305,0.0
2131,h2_storage,2030,6,306,306,0.0
2132,h2_storage,2030,6,307,307,0.0
2133,h2_storage,2030,6,308,308,0.0
2134,h2_storage,2030,6,309,309,0.0
2135,h2_storage,2030,6,310,310,0.0
2136,h2_storage,2030,6,311,311,0.0
2137,h2_storage,2030,6,312,312,0.0
2138,h2_storage,2030,6,313,313,0.0
2139,h2_storage,2030,6,314,314,0.0
2140,h2_storage,2030,6,315,315,0.0
2141,h2_storage,2030,6,316,316,0.0
2142,h2_storage,2030,6,317,317,0.0
2143,h2_storage,2030,6,318,318,0.0
2144,h2_storage,2030,6,319,319,0.0
2145,h2_storage,2030,6,320,320,0.0
2146,h2_storage,2030,6,321,321,0.0
2147,h2_storage,2030,6,322,322,0.0
2148,h2_storage,2030,6,323,323,0.0
2149,h2_storage,2030,6,324,324,0.0
2150,h2_storage,2030,6,325,325,0.0
2151,h2_storage,2030,6,326,326,0.0
2152,h2_storage,2030,6,327,327,0.0
2153,h2_storage,2030,6,328,328,0.0
2154,h2_storage,2030,6,329,329,0.0
2155,h2_storage,2030,6,330,330,0.0
2156,h2_storage,2030,6,331,331,0.0
2157,h2_storage,2030,6,332,332,0.0
2158,h2_storage,2030,6,333,333,0.0
2159,h2_storage,2030,6,334,334,0.0
2160,h2_storage,2030,6,335,335,0.0
2161,h2_storage,2030,6,336,336,0.0
2162,h2_storage,2030,6,337,337,0.0
2163,h2_storage,2030,6,338,338,0.0
2164,h2_storage,2030,6,339,339,0.0
2165,h2_storage,2030,6,340,340,0.0
2166,h2_storage,2030,6,341,341,0.0
2167,h2_storage,2030,6,342,342,0.0
2168,h2_storage,2030,6,343,343,0.0
2169,h2_storage,2030,6,344,344,0.0
2170,h2_storage,2030,6,345,345,0.0
2171,h2_storage,2030,6,346,346,0.0
2172,h2_storage,2030,6,347,347,0.0
2173,h2_storage,2030,6,348,348,0.0
2174,h2_storage,2030,6,349,349,0.0
2175,h2_storage,2030,6,350,350,0.0
2176,h2_storage,2030,6,351,351,0.0
2177,h2_storage,2030,6,352,352,0.0
2178,h2_storage,2030,6,353,353,0.0
2179,h2_storage,2030,6,354,354,0.0
2180,h2_storage,2030,6,355,355,0.0
2181,h2_storage,2030,6,356,356,0.0
2182,h2_storage,2030,6,357,357,0.0
2183,h2_storage,2030,6,358,358,0.0
2184,h2_storage,2030,6,359,359,0.0
2185,h2_storage,2030,6,360,360,0.0
2186,h2_storage,2030,6,361,361,0.0
2187,h2_storage,2030,6,362,362,0.0
2188,h2_storage,2030,6,363,363,0.0
2189,h2_storage,2030,6,364,364,0.0
2190,h2_storage,2030,6,365,365,0.0
2191,h2_storage,2030,7,1,1,0.0
2192,h2_storage,2030,7,2,2,0.0
2193,h2_storage,2030,7,3,3,0.0
2194,h2_storage,2030,7,4,4,0.0
2195,h2_storage,2030,7,5,5,0.0
2196,h2_storage,2030,7,6,6,0.0
2197,h2_storage,2030,7,7,7,0.0
2198,h2_storage,2030,7,8,8,0.0
2199,h2_storage,2030,7,9,9,0.0
2200,h2_storage,2030,7,10,10,0.0
2201,h2_storage,2030,7,11,11,0.0
2202,h2_storage,2030,7,12,12,0.0
2203,h2_storage,2030,7,13,13,0.0
2204,h2_storage,2030,7,14,14,0.0
2205,h2_storage,2030,7,15,15,0.0
2206,h2_storage,2030,7,16,16,0.0
2207,h2_storage,2030,7,17,17,0.0
2208,h2_storage,2030,7,18,18,0.0
2209,h2_storage,2030,7,19,19,0.0
2210,h2_storage,2030,7,20,20,0.0
2211,h2_storage,2030,7,21,21,0.0
2212,h2_storage,2030,7,22,22,0.0
2213,h2_storage,2030,7,23,23,0.0
2214,h2_storage,2030,7,24,24,0.0
2215,h2_storage,2030,7,25,25,0.0
2216,h2_storage,2030,7,26,26,0.0
2217,h2_storage,2030,7,27,27,0.0
2218,h2_storage,2030,7,28,28,0.0
2219,h2_storage,2030,7,29,29,0.0
2220,h2_storage,2030,7,30,30,0.0
2221,h2_storage,2030,7,31,31,0.0
2222,h2_storage,2030,7,32,32,0.0
2223,h2_storage,2030,7,33,33,0.0
2224,h2_storage,2030,7,34,34,0.0
2225,h2_storage,2030,7,35,35,0.0
2226,h2_storage,2030,7,36,36,0.0
2227,h2_storage,2030,7,37,37,0.0
2228,h2_storage,2030,7,38,38,0.0
2229,h2_storage,2030,7,39,39,0.0
2230,h2_storage,2030,7,40,40,0.0
2231,h2_storage,2030,7,41,41,0.0
2232,h2_storage,2030,7,42,42,0.0
2233,h2_storage,2030,7,43,43,0.0
2234,h2_storage,2030,7,44,44,0.0
2235,h2_storage,2030,7,45,45,0.0
2236,h2_storage,2030,7,46,46,0.0
2237,h2_storage,2030,7,47,47,0.0
2238,h2_storage,2030,7,48,48,0.0
2239,h2_storage,2030,7,49,49,0.0
2240,h2_storage,2030,7,50,50,0.0
2241,h2_storage,2030,7,51,51,0.0
2242,h2_storage,2030,7,52,52,0.0
2243,h2_storage,2030,7,53,53,0.0
2244,h2_storage,2030,7,54,54,0.0
2245,h2_storage,2030,7,55,55,0.0
2246,h2_storage,2030,7,56,56,0.0
2247,h2_storage,2030,7,57,57,0.0
2248,h2_storage,2030,7,58,58,0.0
2249,h2_storage,2030,7,59,59,0.0
2250,h2_storage,2030,7,60,60,0.0
2251,h2_storage,2030,7,61,61,0.0
2252,h2_storage,2030,7,62,62,0.0
2253,h2_storage,2030,7,63,63,0.0
2254,h2_storage,2030,7,64,64,0.0
2255,h2_storage,2030,7,65,65,0.0
2256,h2_storage,2030,7,66,66,0.0
2257,h2_storage,2030,7,67,67,0.0
2258,h2_storage,2030,7,68,68,0.0
2259,h2_storage,2030,7,69,69,0.0
2260,h2_storage,2030,7,70,70,0.0
2261,h2_storage,2030,7,71,71,0.0
2262,h2_storage,2030,7,72,72,0.0
2263,h2_storage,2030,7,73,73,0.0
2264,h2_storage,2030,7,74,74,0.0
2265,h2_storage,2030,7,75,75,0.0
2266,h2_storage,2030,7,76,76,0.0
2267,h2_storage,2030,7,77,77,0.0
2268,h2_storage,2030,7,78,78,0.0
2269,h2_storage,2030,7,79,79,0.0
2270,h2_storage,2030,7,80,80,0.0
2271,h2_storage,2030,7,81,81,0.0
2272,h2_storage,2030,7,82,82,0.0
2273,h2_storage,2030,7,83,83,0.0
2274,h2_storage,2030,7,84,84,0.0
2275,h2_storage,2030,7,85,85,0.0
2276,h2_storage,2030,7,86,86,0.0
2277,h2_storage,2030,7,87,87,0.0
2278,h2_storage,2030,7,88,88,0.0
2279,h2_storage,2030,7,89,89,0.0
2280,h2_storage,2030,7,90,90,0.0
2281,h2_storage,2030,7,91,91,0.0
2282,h2_storage,2030,7,92,92,0.0
2283,h2_storage,2030,7,93,93,0.0
2284,h2_storage,2030,7,94,94,0.0
2285,h2_storage,2030,7,95,95,0.0
2286,h2_storage,2030,7,96,96,0.0
2287,h2_storage,2030,7,97,97,0.0
2288,h2_storage,2030,7,98,98,0.0
2289,h2_storage,2030,7,99,99,0.0
2290,h2_storage,2030,7,100,100,0.0
2291,h2_storage,2030,7,101,101,0.0
2292,h2_storage,2030,7,102,102,0.0
2293,h2_storage,2030,7,103,103,0.0
2294,h2_storage,2030,7,104,104,0.0
2295,h2_storage,2030,7,105,105,0.0
2296,h2_storage,2030,7,106,106,0.0
2297,h2_storage,2030,7,107,107,0.0
2298,h2_storage,2030,7,108,108,0.0
2299,h2_storage,2030,7,109,109,0.0
2300,h2_storage,2030,7,110,110,0.0
2301,h2_storage,2030,7,111,111,0.0
2302,h2_storage,2030,7,112,112,0.0
2303,h2_storage,2030,7,113,113,0.0
2304,h2_storage,2030,7,114,114,0.0
2305,h2_storage,2030,7,115,115,0.0
2306,h2_storage,2030,7,116,116,0.0
2307,h2_storage,2030,7,117,117,0.0
2308,h2_storage,2030,7,118,118,0.0
2309,h2_storage,2030,7,119,119,0.0
2310,h2_storage,2030,7,120,120,0.0
2311,h2_storage,2030,7,121,121,0.0
2312,h2_storage,2030,7,122,122,0.0
2313,h2_storage,2030,7,123,123,0.0
2314,h2_storage,2030,7,124,124,0.0
2315,h2_storage,2030,7,125,125,0.0
2316,h2_storage,2030,7,126,126,0.0
2317,h2_storage,2030,7,127,127,0.0
2318,h2_storage,2030,7,128,128,0.0
2319,h2_storage,2030,7,129,129,0.0
2320,h2_storage,2030,7,130,130,0.0
2321,h2_storage,2030,7,131,131,0.0
2322,h2_storage,2030,7,132,132,0.0
2323,h2_storage,2030,7,133,133,0.0
2324,h2_storage,2030,7,134,134,0.0
2325,h2_storage,2030,7,135,135,0.0
2326,h2_storage,2030,7,136,136,0.0
2327,h2_storage,2030,7,137,137,0.0
2328,h2_storage,2030,7,138,138,0.0
2329,h2_storage,2030,7,139,139,0.0
2330,h2_storage,2030,7,140,140,0.0
2331,h2_storage,2030,7,141,141,0.0
2332,h2_storage,2030,7,142,142,0.0
2333,h2_storage,2030,7,143,143,0.0
2334,h2_storage,2030,7,144,144,0.0
2335,h2_storage,2030,7,145,145,0.0
2336,h2_storage,2030,7,146,146,0.0
2337,h2_storage,2030,7,147,147,0.0
2338,h2_storage,2030,7,148,148,0.0
2339,h2_storage,2030,7,149,149,0.0
2340,h2_storage,2030,7,150,150,0.0
2341,h2_storage,2030,7,151,151,0.0
2342,h2_storage,2030,7,152,152,0.0
2343,h2_storage,2030,7,153,153,0.0
2344,h2_storage,2030,7,154,154,0.0
2345,h2_storage,2030,7,155,155,0.0
2346,h2_storage,2030,7,156,156,0.0
2347,h2_storage,2030,7,157,157,0.0
2348,h2_storage,2030,7,158,158,0.0
2349,h2_storage,2030,7,159,159,0.0
2350,h2_storage,2030,7,160,160,0.0
2351,h2_storage,2030,7,161,161,0.0
2352,h2_storage,2030,7,162,162,0.0
2353,h2_storage,2030,7,163,163,0.0
2354,h2_storage,2030,7,164,164,0.0
2355,h2_storage,2030,7,165,165,0.0
2356,h2_storage,2030,7,166,166,0.0
2357,h2_storage,2030,7,167,167,0.0
2358,h2_storage,2030,7,168,168,0.0
2359,h2_storage,2030,7,169,169,0.0
2360,h2_storage,2030,7,170,170,0.0
2361,h2_storage,2030,7,171,171,0.0
2362,h2_storage,2030,7,172,172,0.0
2363,h2_storage,2030,7,173,173,0.0
2364,h2_storage,2030,7,174,174,0.0
2365,h2_storage,2030,7,175,175,0.0
2366,h2_storage,2030,7,176,176,0.0
2367,h2_storage,2030,7,177,177,0.0
2368,h2_storage,2030,7,178,178,0.0
2369,h2_storage,2030,7,179,179,0.0
2370,h2_storage,2030,7,180,180,0.0
2371,h2_storage,2030,7,181,181,0.0
2372,h2_storage,2030,7,182,182,0.0
2373,h2_storage,2030,7,183,183,0.0
2374,h2_storage,2030,7,184,184,0.0
2375,h2_storage,2030,7,185,185,0.0
2376,h2_storage,2030,7,186,186,0.0
2377,h2_storage,2030,7,187,187,0.0
2378,h2_storage,2030,7,188,188,0.0
2379,h2_storage,2030,7,189,189,0.0
2380,h2_storage,2030,7,190,190,0.0
2381,h2_storage,2030,7,191,191,0.0
2382,h2_storage,2030,7,192,192,0.0
2383,h2_storage,2030,7,193,193,0.0
2384,h2_storage,2030,7,194,194,0.0
2385,h2_storage,2030,7,195,195,0.0
2386,h2_storage,2030,7,196,196,0.0
2387,h2_storage,2030,7,197,197,0.0
2388,h2_storage,2030,7,198,198,0.0
2389,h2_storage,2030,7,199,199,0.0
2390,h2_storage,2030,7,200,200,0.0
2391,h2_storage,2030,7,201,201,0.0
2392,h2_storage,2030,7,202,202,0.0
2393,h2_storage,2030,7,203,203,0.0
2394,h2_storage,2030,7,204,204,0.0
2395,h2_storage,2030,7,205,205,0.0
2396,h2_storage,2030,7,206,206,0.0
2397,h2_storage,2030,7,207,207,0.0
2398,h2_storage,2030,7,208,208,0.0
2399,h2_storage,2030,7,209,209,0.0
2400,h2_storage,2030,7,210,210,0.0
2401,h2_storage,2030,7,211,211,0.0
2402,h2_storage,2030,7,212,212,0.0
2403,h2_storage,2030,7,213,213,0.0
2404,h2_storage,2030,7,214,214,0.0
2405,h2_storage,2030,7,215,215,0.0
2406,h2_storage,2030,7,216,216,0.0
2407,h2_storage,2030,7,217,217,0.0
2408,h2_storage,2030,7,218,218,0.0
2409,h2_storage,2030,7,219,219,0.0
2410,h2_storage,2030,7,220,220,0.0
2411,h2_storage,2030,7,221,221,0.0
2412,h2_storage,2030,7,222,222,0.0
2413,h2_storage,2030,7,223,223,0.0
2414,h2_storage,2030,7,224,224,0.0
2415,h2_storage,2030,7,225,225,0.0
2416,h2_storage,2030,7,226,226,0.0
2417,h2_storage,2030,7,227,227,0.0
2418,h2_storage,2030,7,228,228,0.0
2419,h2_storage,2030,7,229,229,0.0
2420,h2_storage,2030,7,230,230,0.0
2421,h2_storage,2030,7,231,231,0.0
2422,h2_storage,2030,7,232,232,0.0
2423,h2_storage,2030,7,233,233,0.0
2424,h2_storage,2030,7,234,234,0.0
2425,h2_storage,2030,7,235,235,0.0
2426,h2_storage,2030,7,236,236,0.0
2427,h2_storage,2030,7,237,237,0.0
2428,h2_storage,2030,7,238,238,0.0
2429,h2_storage,2030,7,239,239,0.0
2430,h2_storage,2030,7,240,240,0.0
2431,h2_storage,2030,7,241,241,0.0
2432,h2_storage,2030,7,242,242,0.0
2433,h2_storage,2030,7,243,243,0.0
2434,h2_storage,2030,7,244,244,0.0
2435,h2_storage,2030,7,245,245,0.0
2436,h2_storage,2030,7,246,246,0.0
2437,h2_storage,2030,7,247,247,0.0
2438,h2_storage,2030,7,248,248,0.0
2439,h2_storage,2030,7,249,249,0.0
2440,h2_storage,2030,7,250,250,0.0
2441,h2_storage,2030,7,251,251,0.0
2442,h2_storage,2030,7,252,252,0.0
2443,h2_storage,2030,7,253,253,0.0
2444,h2_storage,2030,7,254,254,0.0
2445,h2_storage,2030,7,255,255,0.0
2446,h2_storage,2030,7,256,256,0.0
2447,h2_storage,2030,7,257,257,0.0
2448,h2_storage,2030,7,258,258,0.0
2449,h2_storage,2030,7,259,259,0.0
2450,h2_storage,2030,7,260,260,0.0
2451,h2_storage,2030,7,261,261,0.0
2452,h2_storage,2030,7,262,262,0.0
2453,h2_storage,2030,7,263,263,0.0
2454,h2_storage,2030,7,264,264,0.0
2455,h2_storage,2030,7,265,265,0.0
2456,h2_storage,2030,7,266,266,0.0
2457,h2_storage,2030,7,267,267,0.0
2458,h2_storage,2030,7,268,268,0.0
2459,h2_storage,2030,7,269,269,0.0
2460,h2_storage,2030,7,270,270,0.0
2461,h2_storage,2030,7,271,271,0.0
2462,h2_storage,2030,7,272,272,0.0
2463,h2_storage,2030,7,273,273,0.0
2464,h2_storage,2030,7,274,274,0.0
2465,h2_storage,2030,7,275,275,0.0
2466,h2_storage,2030,7,276,276,0.0
2467,h2_storage,2030,7,277,277,0.0
2468,h2_storage,2030,7,278,278,0.0
2469,h2_storage,2030,7,279,279,0.0
2470,h2_storage,2030,7,280,280,0.0
2471,h2_storage,2030,7,281,281,0.0
2472,h2_storage,2030,7,282,282,0.0
2473,h2_storage,2030,7,283,283,0.0
2474,h2_storage,2030,7,284,284,0.0
2475,h2_storage,2030,7,285,285,0.0
2476,h2_storage,2030,7,286,286,0.0
2477,h2_storage,2030,7,287,287,0.0
2478,h2_storage,2030,7,288,288,0.0
2479,h2_storage,2030,7,289,289,0.0
2480,h2_storage,2030,7,290,290,0.0
2481,h2_storage,2030,7,291,291,0.0
2482,h2_storage,2030,7,292,292,0.0
2483,h2_storage,2030,7,293,293,0.0
2484,h2_storage,2030,7,294,294,0.0
2485,h2_storage,2030,7,295,295,0.0
2486,h2_storage,2030,7,296,296,0.0
2487,h2_storage,2030,7,297,297,0.0
2488,h2_storage,2030,7,298,298,0.0
2489,h2_storage,2030,7,299,299,0.0
2490,h2_storage,2030,7,300,300,0.0
2491,h2_storage,2030,7,301,301,0.0
2492,h2_storage,2030,7,302,302,0.0
2493,h2_storage,2030,7,303,303,0.0
2494,h2_storage,2030,7,304,304,0.0
2495,h2_storage,2030,7,305,305,0.0
2496,h2_storage,2030,7,306,306,0.0
2497,h2_storage,2030,7,307,307,0.0
2498,h2_storage,2030,7,308,308,0.0
2499,h2_storage,2030,7,309,309,0.0
2500,h2_storage,2030,7,310,310,0.0
2501,h2_storage,2030,7,311,311,0.0
2502,h2_storage,2030,7,312,312,0.0
2503,h2_storage,2030,7,313,313,0.0
2504,h2_storage,2030,7,314,314,0.0
2505,h2_storage,2030,7,315,315,0.0
2506,h2_storage,2030,7,316,316,0.0
2507,h2_storage,2030,7,317,317,0.0
2508,h2_storage,2030,7,318,318,0.0
2509,h2_storage,2030,7,319,319,0.0
2510,h2_storage,2030,7,320,320,0.0
2511,h2_storage,2030,7,321,321,0.0
2512,h2_storage,2030,7,322,322,0.0
2513,h2_storage,2030,7,323,323,0.0
2514,h2_storage,2030,7,324,324,0.0
2515,h2_storage,2030,7,325,325,0.0
2516,h2_storage,2030,7,326,326,0.0
2517,h2_storage,2030,7,327,327,0.0
2518,h2_storage,2030,7,328,328,0.0
2519,h2_storage,2030,7,329,329,0.0
2520,h2_storage,2030,7,330,330,0.0
2521,h2_storage,2030,7,331,331,0.0
2522,h2_storage,2030,7,332,332,0.0
2523,h2_storage,2030,7,333,333,0.0
2524,h2_storage,2030,7,334,334,0.0
2525,h2_storage,2030,7,335,335,0.0
2526,h2_storage,2030,7,336,336,0.0
2527,h2_storage,2030,7,337,337,0.0
2528,h2_storage,2030,7,338,338,0.0
2529,h2_storage,2030,7,339,339,0.0
2530,h2_storage,2030,7,340,340,0.0
2531,h2_storage,2030,7,341,341,0.0
2532,h2_storage,2030,7,342,342,0.0
2533,h2_storage,2030,7,343,343,0.0
2534,h2_storage,2030,7,344,344,0.0
2535,h2_storage,2030,7,345,345,0.0
2536,h2_storage,2030,7,346,346,0.0
2537,h2_storage,2030,7,347,347,0.0
2538,h2_storage,2030,7,348,348,0.0
2539,h2_storage,2030,7,349,349,0.0
2540,h2_storage,2030,7,350,350,0.0
2541,h2_storage,2030,7,351,351,0.0
2542,h2_storage,2030,7,352,352,0.0
2543,h2_storage,2030,7,353,353,0.0
2544,h2_storage,2030,7,354,354,0.0
2545,h2_storage,2030,7,355,355,0.0
2546,h2_storage,2030,7,356,356,0.0
2547,h2_storage,2030,7,357,357,0.0
2548,h2_storage,2030,7,358,358,0.0
2549,h2_storage,2030,7,359,359,0.0
2550,h2_storage,2030,7,360,360,0.0
2551,h2_storage,2030,7,361,361,0.0
2552,h2_storage,2030,7,362,362,0.0
2553,h2_storage,2030,7,363,363,0.0
2554,h2_storage,2030,7,364,364,0.0
2555,h2_storage,2030,7,365,365,0.0
2556,h2_storage,2030,8,1,1,0.0
2557,h2_storage,2030,8,2,2,0.0
2558,h2_storage,2030,8,3,3,0.0
2559,h2_storage,2030,8,4,4,0.0
2560,h2_storage,2030,8,5,5,0.0
2561,h2_storage,2030,8,6,6,0.0
2562,h2_storage,2030,8,7,7,0.0
2563,h2_storage,2030,8,8,8,0.0
2564,h2_storage,2030,8,9,9,0.0
2565,h2_storage,2030,8,10,10,0.0
2566,h2_storage,2030,8,11,11,0.0
2567,h2_storage,2030,8,12,12,0.0
2568,h2_storage,2030,8,13,13,0.0
2569,h2_storage,2030,8,14,14,0.0
2570,h2_storage,2030,8,15,15,0.0
2571,h2_storage,2030,8,16,16,0.0
2572,h2_storage,2030,8,17,17,0.0
2573,h2_storage,2030,8,18,18,0.0
2574,h2_storage,2030,8,19,19,0.0
2575,h2_storage,2030,8,20,20,0.0
2576,h2_storage,2030,8,21,21,0.0
2577,h2_storage,2030,8,22,22,0.0
2578,h2_storage,2030,8,23,23,0.0
2579,h2_storage,2030,8,24,24,0.0
2580,h2_storage,2030,8,25,25,0.0
2581,h2_storage,2030,8,26,26,0.0
2582,h2_storage,2030,8,27,27,0.0
2583,h2_storage,2030,8,28,28,0.0
2584,h2_storage,2030,8,29,29,0.0
2585,h2_storage,2030,8,30,30,0.0
2586,h2_storage,2030,8,31,31,0.0
2587,h2_storage,2030,8,32,32,0.0
2588,h2_storage,2030,8,33,33,0.0
2589,h2_storage,2030,8,34,34,0.0
2590,h2_storage,2030,8,35,35,0.0
2591,h2_storage,2030,8,36,36,0.0
2592,h2_storage,2030,8,37,37,0.0
2593,h2_storage,2030,8,38,38,0.0
2594,h2_storage,2030,8,39,39,0.0
2595,h2_storage,2030,8,40,40,0.0
2596,h2_storage,2030,8,41,41,0.0
2597,h2_storage,2030,8,42,42,0.0
2598,h2_storage,2030,8,43,43,0.0
2599,h2_storage,2030,8,44,44,0.0
2600,h2_storage,2030,8,45,45,0.0
2601,h2_storage,2030,8,46,46,0.0
2602,h2_storage,2030,8,47,47,0.0
2603,h2_storage,2030,8,48,48,0.0
2604,h2_storage,2030,8,49,49,0.0
2605,h2_storage,2030,8,50,50,0.0
2606,h2_storage,2030,8,51,51,0.0
2607,h2_storage,2030,8,52,52,0.0
2608,h2_storage,2030,8,53,53,0.0
2609,h2_storage,2030,8,54,54,0.0
2610,h2_storage,2030,8,55,55,0.0
2611,h2_storage,2030,8,56,56,0.0
2612,h2_storage,2030,8,57,57,0.0
2613,h2_storage,2030,8,58,58,0.0
2614,h2_storage,2030,8,59,59,0.0
2615,h2_storage,2030,8,60,60,0.0
2616,h2_storage,2030,8,61,61,0.0
2617,h2_storage,2030,8,62,62,0.0
2618,h2_storage,2030,8,63,63,0.0
2619,h2_storage,2030,8,64,64,0.0
2620,h2_storage,2030,8,65,65,0.0
2621,h2_storage,2030,8,66,66,0.0
2622,h2_storage,2030,8,67,67,0.0
2623,h2_storage,2030,8,68,68,0.0
2624,h2_storage,2030,8,69,69,0.0
2625,h2_storage,2030,8,70,70,0.0
2626,h2_storage,2030,8,71,71,0.0
2627,h2_storage,2030,8,72,72,0.0
2628,h2_storage,2030,8,73,73,0.0
2629,h2_storage,2030,8,74,74,0.0
2630,h2_storage,2030,8,75,75,0.0
2631,h2_storage,2030,8,76,76,0.0
2632,h2_storage,2030,8,77,77,0.0
2633,h2_storage,2030,8,78,78,0.0
2634,h2_storage,2030,8,79,79,0.0
2635,h2_storage,2030,8,80,80,0.0
2636,h2_storage,2030,8,81,81,0.0
2637,h2_storage,2030,8,82,82,0.0
2638,h2_storage,2030,8,83,83,0.0
2639,h2_storage,2030,8,84,84,0.0
2640,h2_storage,2030,8,85,85,0.0
2641,h2_storage,2030,8,86,86,0.0
2642,h2_storage,2030,8,87,87,0.0
2643,h2_storage,2030,8,88,88,0.0
2644,h2_storage,2030,8,89,89,0.0
2645,h2_storage,2030,8,90,90,0.0
2646,h2_storage,2030,8,91,91,0.0
2647,h2_storage,2030,8,92,92,0.0
2648,h2_storage,2030,8,93,93,0.0
2649,h2_storage,2030,8,94,94,0.0
2650,h2_storage,2030,8,95,95,0.0
2651,h2_storage,2030,8,96,96,0.0
2652,h2_storage,2030,8,97,97,0.0
2653,h2_storage,2030,8,98,98,0.0
2654,h2_storage,2030,8,99,99,0.0
2655,h2_storage,2030,8,100,100,0.0
2656,h2_storage,2030,8,101,101,0.0
2657,h2_storage,2030,8,102,102,0.0
2658,h2_storage,2030,8,103,103,0.0
2659,h2_storage,2030,8,104,104,0.0
2660,h2_storage,2030,8,105,105,0.0
2661,h2_storage,2030,8,106,106,0.0
2662,h2_storage,2030,8,107,107,0.0
2663,h2_storage,2030,8,108,108,0.0
2664,h2_storage,2030,8,109,109,0.0
2665,h2_storage,2030,8,110,110,0.0
2666,h2_storage,2030,8,111,111,0.0
2667,h2_storage,2030,8,112,112,0.0
2668,h2_storage,2030,8,113,113,0.0
2669,h2_storage,2030,8,114,114,0.0
2670,h2_storage,2030,8,115,115,0.0
2671,h2_storage,2030,8,116,116,0.0
2672,h2_storage,2030,8,117,117,0.0
2673,h2_storage,2030,8,118,118,0.0
2674,h2_storage,2030,8,119,119,0.0
2675,h2_storage,2030,8,120,120,0.0
2676,h2_storage,2030,8,121,121,0.0
2677,h2_storage,2030,8,122,122,0.0
2678,h2_storage,2030,8,123,123,0.0
2679,h2_storage,2030,8,124,124,0.0
2680,h2_storage,2030,8,125,125,0.0
2681,h2_storage,2030,8,126,126,0.0
2682,h2_storage,2030,8,127,127,0.0
2683,h2_storage,2030,8,128,128,0.0
2684,h2_storage,2030,8,129,129,0.0
2685,h2_storage,2030,8,130,130,0.0
2686,h2_storage,2030,8,131,131,0.0
2687,h2_storage,2030,8,132,132,0.0
2688,h2_storage,2030,8,133,133,0.0
2689,h2_storage,2030,8,134,134,0.0
2690,h2_storage,2030,8,135,135,0.0
2691,h2_storage,2030,8,136,136,0.0
2692,h2_storage,2030,8,137,137,0.0
2693,h2_storage,2030,8,138,138,0.0
2694,h2_storage,2030,8,139,139,0.0
2695,h2_storage,2030,8,140,140,0.0
2696,h2_storage,2030,8,141,141,0.0
2697,h2_storage,2030,8,142,142,0.0
2698,h2_storage,2030,8,143,143,0.0
2699,h2_storage,2030,8,144,144,0.0
2700,h2_storage,2030,8,145,145,0.0
2701,h2_storage,2030,8,146,146,0.0
2702,h2_storage,2030,8,147,147,0.0
2703,h2_storage,2030,8,148,148,0.0
2704,h2_storage,2030,8,149,149,0.0
2705,h2_storage,2030,8,150,150,0.0
2706,h2_storage,2030,8,151,151,0.0
2707,h2_storage,2030,8,152,152,0.0
2708,h2_storage,2030,8,153,153,0.0
2709,h2_storage,2030,8,154,154,0.0
2710,h2_storage,2030,8,155,155,0.0
2711,h2_storage,2030,8,156,156,0.0
2712,h2_storage,2030,8,157,157,0.0
2713,h2_storage,2030,8,158,158,0.0
2714,h2_storage,2030,8,159,159,0.0
2715,h2_storage,2030,8,160,160,0.0
2716,h2_storage,2030,8,161,161,0.0
2717,h2_storage,2030,8,162,162,0.0
2718,h2_storage,2030,8,163,163,0.0
2719,h2_storage,2030,8,164,164,0.0
2720,h2_storage,2030,8,165,165,0.0
2721,h2_storage,2030,8,166,166,0.0
2722,h2_storage,2030,8,167,167,0.0
2723,h2_storage,2030,8,168,168,0.0
2724,h2_storage,2030,8,169,169,0.0
2725,h2_storage,2030,8,170,170,0.0
2726,h2_storage,2030,8,171,171,0.0
2727,h2_storage,2030,8,172,172,0.0
2728,h2_storage,2030,8,173,173,0.0
2729,h2_storage,2030,8,174,174,0.0
2730,h2_storage,2030,8,175,175,0.0
2731,h2_storage,2030,8,176,176,0.0
2732,h2_storage,2030,8,177,177,0.0
2733,h2_storage,2030,8,178,178,0.0
2734,h2_storage,2030,8,179,179,0.0
2735,h2_storage,2030,8,180,180,0.0
2736,h2_storage,2030,8,181,181,0.0
2737,h2_storage,2030,8,182,182,0.0
2738,h2_storage,2030,8,183,183,0.0
2739,h2_storage,2030,8,184,184,0.0
2740,h2_storage,2030,8,185,185,0.0
2741,h2_storage,2030,8,186,186,0.0
2742,h2_storage,2030,8,187,187,0.0
2743,h2_storage,2030,8,188,188,0.0
2744,h2_storage,2030,8,189,189,0.0
2745,h2_storage,2030,8,190,190,0.0
2746,h2_storage,2030,8,191,191,0.0
2747,h2_storage,2030,8,192,192,0.0
2748,h2_storage,2030,8,193,193,0.0
2749,h2_storage,2030,8,194,194,0.0
2750,h2_storage,2030,8,195,195,0.0
2751,h2_storage,2030,8,196,196,0.0
2752,h2_storage,2030,8,197,197,0.0
2753,h2_storage,2030,8,198,198,0.0
2754,h2_storage,2030,8,199,199,0.0
2755,h2_storage,2030,8,200,200,0.0
2756,h2_storage,2030,8,201,201,0.0
2757,h2_storage,2030,8,202,202,0.0
2758,h2_storage,2030,8,203,203,0.0
2759,h2_storage,2030,8,204,204,0.0
2760,h2_storage,2030,8,205,205,0.0
2761,h2_storage,2030,8,206,206,0.0
2762,h2_storage,2030,8,207,207,0.0
2763,h2_storage,2030,8,208,208,0.0
2764,h2_storage,2030,8,209,209,0.0
2765,h2_storage,2030,8,210,210,0.0
2766,h2_storage,2030,8,211,211,0.0
2767,h2_storage,2030,8,212,212,0.0
2768,h2_storage,2030,8,213,213,0.0
2769,h2_storage,2030,8,214,214,0.0
2770,h2_storage,2030,8,215,215,0.0
2771,h2_storage,2030,8,216,216,0.0
2772,h2_storage,2030,8,217,217,0.0
2773,h2_storage,2030,8,218,218,0.0
2774,h2_storage,2030,8,219,219,0.0
2775,h2_storage,2030,8,220,220,0.0
2776,h2_storage,2030,8,221,221,0.0
2777,h2_storage,2030,8,222,222,0.0
2778,h2_storage,2030,8,223,223,0.0
2779,h2_storage,2030,8,224,224,0.0
2780,h2_storage,2030,8,225,225,0.0
2781,h2_storage,2030,8,226,226,0.0
2782,h2_storage,2030,8,227,227,0.0
2783,h2_storage,2030,8,228,228,0.0
2784,h2_storage,2030,8,229,229,0.0
2785,h2_storage,2030,8,230,230,0.0
2786,h2_storage,2030,8,231,231,0.0
2787,h2_storage,2030,8,232,232,0.0
2788,h2_storage,2030,8,233,233,0.0
2789,h2_storage,2030,8,234,234,0.0
2790,h2_storage,2030,8,235,235,0.0
2791,h2_storage,2030,8,236,236,0.0
2792,h2_storage,2030,8,237,237,0.0
2793,h2_storage,2030,8,238,238,0.0
2794,h2_storage,2030,8,239,239,0.0
2795,h2_storage,2030,8,240,240,0.0
2796,h2_storage,2030,8,241,241,0.0
2797,h2_storage,2030,8,242,242,0.0
2798,h2_storage,2030,8,243,243,0.0
2799,h2_storage,2030,8,244,244,0.0
2800,h2_storage,2030,8,245,245,0.0
2801,h2_storage,2030,8,246,246,0.0
2802,h2_storage,2030,8,247,247,0.0
2803,h2_storage,2030,8,248,248,0.0
2804,h2_storage,2030,8,249,249,0.0
2805,h2_storage,2030,8,250,250,0.0
2806,h2_storage,2030,8,251,251,0.0
2807,h2_storage,2030,8,252,252,0.0
2808,h2_storage,2030,8,253,253,0.0
2809,h2_storage,2030,8,254,254,0.0
2810,h2_storage,2030,8,255,255,0.0
2811,h2_storage,2030,8,256,256,0.0
2812,h2_storage,2030,8,257,257,0.0
2813,h2_storage,2030,8,258,258,0.0
2814,h2_storage,2030,8,259,259,0.0
2815,h2_storage,2030,8,260,260,0.0
2816,h2_storage,2030,8,261,261,0.0
2817,h2_storage,2030,8,262,262,0.0
2818,h2_storage,2030,8,263,263,0.0
2819,h2_storage,2030,8,264,264,0.0
2820,h2_storage,2030,8,265,265,0.0
2821,h2_storage,2030,8,266,266,0.0
2822,h2_storage,2030,8,267,267,0.0
2823,h2_storage,2030,8,268,268,0.0
2824,h2_storage,2030,8,269,269,0.0
2825,h2_storage,2030,8,270,270,0.0
2826,h2_storage,2030,8,271,271,0.0
2827,h2_storage,2030,8,272,272,0.0
2828,h2_storage,2030,8,273,273,0.0
2829,h2_storage,2030,8,274,274,0.0
2830,h2_storage,2030,8,275,275,0.0
2831,h2_storage,2030,8,276,276,0.0
2832,h2_storage,2030,8,277,277,0.0
2833,h2_storage,2030,8,278,278,0.0
2834,h2_storage,2030,8,279,279,0.0
2835,h2_storage,2030,8,280,280,0.0
2836,h2_storage,2030,8,281,281,0.0
2837,h2_storage,2030,8,282,282,0.0
2838,h2_storage,2030,8,283,283,0.0
2839,h2_storage,2030,8,284,284,0.0
2840,h2_storage,2030,8,285,285,0.0
2841,h2_storage,2030,8,286,286,0.0
2842,h2_storage,2030,8,287,287,0.0
2843,h2_storage,2030,8,288,288,0.0
2844,h2_storage,2030,8,289,289,0.0
2845,h2_storage,2030,8,290,290,0.0
2846,h2_storage,2030,8,291,291,0.0
2847,h2_storage,2030,8,292,292,0.0
2848,h2_storage,2030,8,293,293,0.0
2849,h2_storage,2030,8,294,294,0.0
2850,h2_storage,2030,8,295,295,0.0
2851,h2_storage,2030,8,296,296,0.0
2852,h2_storage,2030,8,297,297,0.0
2853,h2_storage,2030,8,298,298,0.0
2854,h2_storage,2030,8,299,299,0.0
2855,h2_storage,2030,8,300,300,0.0
2856,h2_storage,2030,8,301,301,0.0
2857,h2_storage,2030,8,302,302,0.0
2858,h2_storage,2030,8,303,303,0.0
2859,h2_storage,2030,8,304,304,0.0
2860,h2_storage,2030,8,305,305,0.0
2861,h2_storage,2030,8,306,306,0.0
2862,h2_storage,2030,8,307,307,0.0
2863,h2_storage,2030,8,308,308,0.0
2864,h2_storage,2030,8,309,309,0.0
2865,h2_storage,2030,8,310,310,0.0
2866,h2_storage,2030,8,311,311,0.0
2867,h2_storage,2030,8,312,312,0.0
2868,h2_storage,2030,8,313,313,0.0
2869,h2_storage,2030,8,314,314,0.0
2870,h2_storage,2030,8,315,315,0.0
2871,h2_storage,2030,8,316,316,0.0
2872,h2_storage,2030,8,317,317,0.0
2873,h2_storage,2030,8,318,318,0.0
2874,h2_storage,2030,8,319,319,0.0
2875,h2_storage,2030,8,320,320,0.0
2876,h2_storage,2030,8,321,321,0.0
2877,h2_storage,2030,8,322,322,0.0
2878,h2_storage,2030,8,323,323,0.0
2879,h2_storage,2030,8,324,324,0.0
2880,h2_storage,2030,8,325,325,0.0
2881,h2_storage,2030,8,326,326,0.0
2882,h2_storage,2030,8,327,327,0.0
2883,h2_storage,2030,8,328,328,0.0
2884,h2_storage,2030,8,329,329,0.0
2885,h2_storage,2030,8,330,330,0.0
2886,h2_storage,2030,8,331,331,0.0
2887,h2_storage,2030,8,332,332,0.0
2888,h2_storage,2030,8,333,333,0.0
2889,h2_storage,2030,8,334,334,0.0
2890,h2_storage,2030,8,335,335,0.0
2891,h2_storage,2030,8,336,336,0.0
2892,h2_storage,2030,8,337,337,0.0
2893,h2_storage,2030,8,338,338,0.0
2894,h2_storage,2030,8,339,339,0.0
2895,h2_storage,2030,8,340,340,0.0
2896,h2_storage,2030,8,341,341,0.0
2897,h2_storage,2030,8,342,342,0.0
2898,h2_storage,2030,8,343,343,0.0
2899,h2_storage,2030,8,344,344,0.0
2900,h2_storage,2030,8,345,345,0.0
2901,h2_storage,2030,8,346,346,0.0
2902,h2_storage,2030,8,347,347,0.0
2903,h2_storage,2030,8,348,348,0.0
2904,h2_storage,2030,8,349,349,0.0
2905,h2_storage,2030,8,350,350,0.0
2906,h2_storage,2030,8,351,351,0.0
2907,h2_storage,2030,8,352,352,0.0
2908,h2_storage,2030,8,353,353,0.0
2909,h2_storage,2030,8,354,354,0.0
2910,h2_storage,2030,8,355,355,0.0
2911,h2_storage,2030,8,356,356,0.0
2912,h2_storage,2030,8,357,357,0.0
2913,h2_storage,2030,8,358,358,0.0
2914,h2_storage,2030,8,359,359,0.0
2915,h2_storage,2030,8,360,360,0.0
2916,h2_storage,2030,8,361,361,0.0
2917,h2_storage,2030,8,362,362,0.0
2918,h2_storage,2030,8,363,363,0.0
2919,h2_storage,2030,8,364,364,0.0
2920,h2_storage,2030,8,365,365,0.0
2921,h2_storage,2030,9,1,1,0.0
2922,h2_storage,2030,9,2,2,0.0
2923,h2_storage,2030,9,3,3,0.0
2924,h2_storage,2030,9,4,4,0.0
2925,h2_storage,2030,9,5,5,0.0
2926,h2_storage,2030,9,6,6,0.0
2927,h2_storage,2030,9,7,7,0.0
2928,h2_storage,2030,9,8,8,0.0
2929,h2_storage,2030,9,9,9,0.0
2930,h2_storage,2030,9,10,10,0.0
2931,h2_storage,2030,9,11,11,0.0
2932,h2_storage,2030,9,12,12,0.0
2933,h2_storage,2030,9,13,13,0.0
2934,h2_storage,2030,9,14,14,0.0
2935,h2_storage,2030,9,15,15,0.0
2936,h2_storage,2030,9,16,16,0.0
2937,h2_storage,2030,9,17,17,0.0
2938,h2_storage,2030,9,18,18,0.0
2939,h2_storage,2030,9,19,19,0.0
2940,h2_storage,2030,9,20,20,0.0
2941,h2_storage,2030,9,21,21,0.0
2942,h2_storage,2030,9,22,22,0.0
2943,h2_storage,2030,9,23,23,0.0
2944,h2_storage,2030,9,24,24,0.0
2945,h2_storage,2030,9,25,25,0.0
2946,h2_storage,2030,9,26,26,0.0
2947,h2_storage,2030,9,27,27,0.0
2948,h2_storage,2030,9,28,28,0.0
2949,h2_storage,2030,9,29,29,0.0
2950,h2_storage,2030,9,30,30,0.0
2951,h2_storage,2030,9,31,31,0.0
2952,h2_storage,2030,9,32,32,0.0
2953,h2_storage,2030,9,33,33,0.0
2954,h2_storage,2030,9,34,34,0.0
2955,h2_storage,2030,9,35,35,0.0
2956,h2_storage,2030,9,36,36,0.0
2957,h2_storage,2030,9,37,37,0.0
2958,h2_storage,2030,9,38,38,0.0
2959,h2_storage,2030,9,39,39,0.0
2960,h2_storage,2030,9,40,40,0.0
2961,h2_storage,2030,9,41,41,0.0
2962,h2_storage,2030,9,42,42,0.0
2963,h2_storage,2030,9,43,43,0.0
2964,h2_storage,2030,9,44,44,0.0
2965,h2_storage,2030,9,45,45,0.0
2966,h2_storage,2030,9,46,46,0.0
2967,h2_storage,2030,9,47,47,0.0
2968,h2_storage,2030,9,48,48,0.0
2969,h2_storage,2030,9,49,49,0.0
2970,h2_storage,2030,9,50,50,0.0
2971,h2_storage,2030,9,51,51,0.0
2972,h2_storage,2030,9,52,52,0.0
2973,h2_storage,2030,9,53,53,0.0
2974,h2_storage,2030,9,54,54,0.0
2975,h2_storage,2030,9,55,55,0.0
2976,h2_storage,2030,9,56,56,0.0
2977,h2_storage,2030,9,57,57,0.0
2978,h2_storage,2030,9,58,58,0.0
2979,h2_storage,2030,9,59,59,0.0
2980,h2_storage,2030,9,60,60,0.0
2981,h2_storage,2030,9,61,61,0.0
2982,h2_storage,2030,9,62,62,0.0
2983,h2_storage,2030,9,63,63,0.0
2984,h2_storage,2030,9,64,64,0.0
2985,h2_storage,2030,9,65,65,0.0
2986,h2_storage,2030,9,66,66,0.0
2987,h2_storage,2030,9,67,67,0.0
2988,h2_storage,2030,9,68,68,0.0
2989,h2_storage,2030,9,69,69,0.0
2990,h2_storage,2030,9,70,70,0.0
2991,h2_storage,2030,9,71,71,0.0
2992,h2_storage,2030,9,72,72,0.0
2993,h2_storage,2030,9,73,73,0.0
2994,h2_storage,2030,9,74,74,0.0
2995,h2_storage,2030,9,75,75,0.0
2996,h2_storage,2030,9,76,76,0.0
2997,h2_storage,2030,9,77,77,0.0
2998,h2_storage,2030,9,78,78,0.0
2999,h2_storage,2030,9,79,79,0.0
3000,h2_storage,2030,9,80,80,0.0
3001,h2_storage,2030,9,81,81,0.0
3002,h2_storage,2030,9,82,82,0.0
3003,h2_storage,2030,9,83,83,0.0
3004,h2_storage,2030,9,84,84,0.0
3005,h2_storage,2030,9,85,85,0.0
3006,h2_storage,2030,9,86,86,0.0
3007,h2_storage,2030,9,87,87,0.0
3008,h2_storage,2030,9,88,88,0.0
3009,h2_storage,2030,9,89,89,0.0
3010,h2_storage,2030,9,90,90,0.0
3011,h2_storage,2030,9,91,91,0.0
3012,h2_storage,2030,9,92,92,0.0
3013,h2_storage,2030,9,93,93,0.0
3014,h2_storage,2030,9,94,94,0.0
3015,h2_storage,2030,9,95,95,0.0
3016,h2_storage,2030,9,96,96,0.0
3017,h2_storage,2030,9,97,97,0.0
3018,h2_storage,2030,9,98,98,0.0
3019,h2_storage,2030,9,99,99,0.0
3020,h2_storage,2030,9,100,100,0.0
3021,h2_storage,2030,9,101,101,0.0
3022,h2_storage,2030,9,102,102,0.0
3023,h2_storage,2030,9,103,103,0.0
3024,h2_storage,2030,9,104,104,0.0
3025,h2_storage,2030,9,105,105,0.0
3026,h2_storage,2030,9,106,106,0.0
3027,h2_storage,2030,9,107,107,0.0
3028,h2_storage,2030,9,108,108,0.0
3029,h2_storage,2030,9,109,109,0.0
3030,h2_storage,2030,9,110,110,0.0
3031,h2_storage,2030,9,111,111,0.0
3032,h2_storage,2030,9,112,112,0.0
3033,h2_storage,2030,9,113,113,0.0
3034,h2_storage,2030,9,114,114,0.0
3035,h2_storage,2030,9,115,115,0.0
3036,h2_storage,2030,9,116,116,0.0
3037,h2_storage,2030,9,117,117,0.0
3038,h2_storage,2030,9,118,118,0.0
3039,h2_storage,2030,9,119,119,0.0
3040,h2_storage,2030,9,120,120,0.0
3041,h2_storage,2030,9,121,121,0.0
3042,h2_storage,2030,9,122,122,0.0
3043,h2_storage,2030,9,123,123,0.0
3044,h2_storage,2030,9,124,124,0.0
3045,h2_storage,2030,9,125,125,0.0
3046,h2_storage,2030,9,126,126,0.0
3047,h2_storage,2030,9,127,127,0.0
3048,h2_storage,2030,9,128,128,0.0
3049,h2_storage,2030,9,129,129,0.0
3050,h2_storage,2030,9,130,130,0.0
3051,h2_storage,2030,9,131,131,0.0
3052,h2_storage,2030,9,132,132,0.0
3053,h2_storage,2030,9,133,133,0.0
3054,h2_storage,2030,9,134,134,0.0
3055,h2_storage,2030,9,135,135,0.0
3056,h2_storage,2030,9,136,136,0.0
3057,h2_storage,2030,9,137,137,0.0
3058,h2_storage,2030,9,138,138,0.0
3059,h2_storage,2030,9,139,139,0.0
3060,h2_storage,2030,9,140,140,0.0
3061,h2_storage,2030,9,141,141,0.0
3062,h2_storage,2030,9,142,142,0.0
3063,h2_storage,2030,9,143,143,0.0
3064,h2_storage,2030,9,144,144,0.0
3065,h2_storage,2030,9,145,145,0.0
3066,h2_storage,2030,9,146,146,0.0
3067,h2_storage,2030,9,147,147,0.0
3068,h2_storage,2030,9,148,148,0.0
3069,h2_storage,2030,9,149,149,0.0
3070,h2_storage,2030,9,150,150,0.0
3071,h2_storage,2030,9,151,151,0.0
3072,h2_storage,2030,9,152,152,0.0
3073,h2_storage,2030,9,153,153,0.0
3074,h2_storage,2030,9,154,154,0.0
3075,h2_storage,2030,9,155,155,0.0
3076,h2_storage,2030,9,156,156,0.0
3077,h2_storage,2030,9,157,157,0.0
3078,h2_storage,2030,9,158,158,0.0
3079,h2_storage,2030,9,159,159,0.0
3080,h2_storage,2030,9,160,160,0.0
3081,h2_storage,2030,9,161,161,0.0
3082,h2_storage,2030,9,162,162,0.0
3083,h2_storage,2030,9,163,163,0.0
3084,h2_storage,2030,9,164,164,0.0
3085,h2_storage,2030,9,165,165,0.0
3086,h2_storage,2030,9,166,166,0.0
3087,h2_storage,2030,9,167,167,0.0
3088,h2_storage,2030,9,168,168,0.0
3089,h2_storage,2030,9,169,169,0.0
3090,h2_storage,2030,9,170,170,0.0
3091,h2_storage,2030,9,171,171,0.0
3092,h2_storage,2030,9,172,172,0.0
3093,h2_storage,2030,9,173,173,0.0
3094,h2_storage,2030,9,174,174,0.0
3095,h2_storage,2030,9,175,175,0.0
3096,h2_storage,2030,9,176,176,0.0
3097,h2_storage,2030,9,177,177,0.0
3098,h2_storage,2030,9,178,178,0.0
3099,h2_storage,2030,9,179,179,0.0
3100,h2_storage,2030,9,180,180,0.0
3101,h2_storage,2030,9,181,181,0.0
3102,h2_storage,2030,9,182,182,0.0
3103,h2_storage,2030,9,183,183,0.0
3104,h2_storage,2030,9,184,184,0.0
3105,h2_storage,2030,9,185,185,0.0
3106,h2_storage,2030,9,186,186,0.0
3107,h2_storage,2030,9,187,187,0.0
3108,h2_storage,2030,9,188,188,0.0
3109,h2_storage,2030,9,189,189,0.0
3110,h2_storage,2030,9,190,190,0.0
3111,h2_storage,2030,9,191,191,0.0
3112,h2_storage,2030,9,192,192,0.0
3113,h2_storage,2030,9,193,193,0.0
3114,h2_storage,2030,9,194,194,0.0
3115,h2_storage,2030,9,195,195,0.0
3116,h2_storage,2030,9,196,196,0.0
3117,h2_storage,2030,9,197,197,0.0
3118,h2_storage,2030,9,198,198,0.0
3119,h2_storage,2030,9,199,199,0.0
3120,h2_storage,2030,9,200,200,0.0
3121,h2_storage,2030,9,201,201,0.0
3122,h2_storage,2030,9,202,202,0.0
3123,h2_storage,2030,9,203,203,0.0
3124,h2_storage,2030,9,204,204,0.0
3125,h2_storage,2030,9,205,205,0.0
3126,h2_storage,2030,9,206,206,0.0
3127,h2_storage,2030,9,207,207,0.0
3128,h2_storage,2030,9,208,208,0.0
3129,h2_storage,2030,9,209,209,0.0
3130,h2_storage,2030,9,210,210,0.0
3131,h2_storage,2030,9,211,211,0.0
3132,h2_storage,2030,9,212,212,0.0
3133,h2_storage,2030,9,213,213,0.0
3134,h2_storage,2030,9,214,214,0.0
3135,h2_storage,2030,9,215,215,0.0
3136,h2_storage,2030,9,216,216,0.0
3137,h2_storage,2030,9,217,217,0.0
3138,h2_storage,2030,9,218,218,0.0
3139,h2_storage,2030,9,219,219,0.0
3140,h2_storage,2030,9,220,220,0.0
3141,h2_storage,2030,9,221,221,0.0
3142,h2_storage,2030,9,222,222,0.0
3143,h2_storage,2030,9,223,223,0.0
3144,h2_storage,2030,9,224,224,0.0
3145,h2_storage,2030,9,225,225,0.0
3146,h2_storage,2030,9,226,226,0.0
3147,h2_storage,2030,9,227,227,0.0
3148,h2_storage,2030,9,228,228,0.0
3149,h2_storage,2030,9,229,229,0.0
3150,h2_storage,2030,9,230,230,0.0
3151,h2_storage,2030,9,231,231,0.0
3152,h2_storage,2030,9,232,232,0.0
3153,h2_storage,2030,9,233,233,0.0
3154,h2_storage,2030,9,234,234,0.0
3155,h2_storage,2030,9,235,235,0.0
3156,h2_storage,2030,9,236,236,0.0
3157,h2_storage,2030,9,237,237,0.0
3158,h2_storage,2030,9,238,238,0.0
3159,h2_storage,2030,9,239,239,0.0
3160,h2_storage,2030,9,240,240,0.0
3161,h2_storage,2030,9,241,241,0.0
3162,h2_storage,2030,9,242,242,0.0
3163,h2_storage,2030,9,243,243,0.0
3164,h2_storage,2030,9,244,244,0.0
3165,h2_storage,2030,9,245,245,0.0
3166,h2_storage,2030,9,246,246,0.0
3167,h2_storage,2030,9,247,247,0.0
3168,h2_storage,2030,9,248,248,0.0
3169,h2_storage,2030,9,249,249,0.0
3170,h2_storage,2030,9,250,250,0.0
3171,h2_storage,2030,9,251,251,0.0
3172,h2_storage,2030,9,252,252,0.0
3173,h2_storage,2030,9,253,253,0.0
3174,h2_storage,2030,9,254,254,0.0
3175,h2_storage,2030,9,255,255,0.0
3176,h2_storage,2030,9,256,256,0.0
3177,h2_storage,2030,9,257,257,0.0
3178,h2_storage,2030,9,258,258,0.0
3179,h2_storage,2030,9,259,259,0.0
3180,h2_storage,2030,9,260,260,0.0
3181,h2_storage,2030,9,261,261,0.0
3182,h2_storage,2030,9,262,262,0.0
3183,h2_storage,2030,9,263,263,0.0
3184,h2_storage,2030,9,264,264,0.0
3185,h2_storage,2030,9,265,265,0.0
3186,h2_storage,2030,9,266,266,0.0
3187,h2_storage,2030,9,267,267,0.0
3188,h2_storage,2030,9,268,268,0.0
3189,h2_storage,2030,9,269,269,0.0
3190,h2_storage,2030,9,270,270,0.0
3191,h2_storage,2030,9,271,271,0.0
3192,h2_storage,2030,9,272,272,0.0
3193,h2_storage,2030,9,273,273,0.0
3194,h2_storage,2030,9,274,274,0.0
3195,h2_storage,2030,9,275,275,0.0
3196,h2_storage,2030,9,276,276,0.0
3197,h2_storage,2030,9,277,277,0.0
3198,h2_storage,2030,9,278,278,0.0
3199,h2_storage,2030,9,279,279,0.0
3200,h2_storage,2030,9,280,280,0.0
3201,h2_storage,2030,9,281,281,0.0
3202,h2_storage,2030,9,282,282,0.0
3203,h2_storage,2030,9,283,283,0.0
3204,h2_storage,2030,9,284,284,0.0
3205,h2_storage,2030,9,285,285,0.0
3206,h2_storage,2030,9,286,286,0.0
3207,h2_storage,2030,9,287,287,0.0
3208,h2_storage,2030,9,288,288,0.0
3209,h2_storage,2030,9,289,289,0.0
3210,h2_storage,2030,9,290,290,0.0
3211,h2_storage,2030,9,291,291,0.0
3212,h2_storage,2030,9,292,292,0.0
3213,h2_storage,2030,9,293,293,0.0
3214,h2_storage,2030,9,294,294,0.0
3215,h2_storage,2030,9,295,295,0.0
3216,h2_storage,2030,9,296,296,0.0
3217,h2_storage,2030,9,297,297,0.0
3218,h2_storage,2030,9,298,298,0.0
3219,h2_storage,2030,9,299,299,0.0
3220,h2_storage,2030,9,300,300,0.0
3221,h2_storage,2030,9,301,301,0.0
3222,h2_storage,2030,9,302,302,0.0
3223,h2_storage,2030,9,303,303,0.0
3224,h2_storage,2030,9,304,304,0.0
3225,h2_storage,2030,9,305,305,0.0
3226,h2_storage,2030,9,306,306,0.0
3227,h2_storage,2030,9,307,307,0.0
3228,h2_storage,2030,9,308,308,0.0
3229,h2_storage,2030,9,309,309,0.0
3230,h2_storage,2030,9,310,310,0.0
3231,h2_storage,2030,9,311,311,0.0
3232,h2_storage,2030,9,312,312,0.0
3233,h2_storage,2030,9,313,313,0.0
3234,h2_storage,2030,9,314,314,0.0
3235,h2_storage,2030,9,315,315,0.0
3236,h2_storage,2030,9,316,316,0.0
3237,h2_storage,2030,9,317,317,0.0
3238,h2_storage,2030,9,318,318,0.0
3239,h2_storage,2030,9,319,319,0.0
3240,h2_storage,2030,9,320,320,0.0
3241,h2_storage,2030,9,321,321,0.0
3242,h2_storage,2030,9,322,322,0.0
3243,h2_storage,2030,9,323,323,0.0
3244,h2_storage,2030,9,324,324,0.0
3245,h2_storage,2030,9,325,325,0.0
3246,h2_storage,2030,9,326,326,0.0
3247,h2_storage,2030,9,327,327,0.0
3248,h2_storage,2030,9,328,328,0.0
3249,h2_storage,2030,9,329,329,0.0
3250,h2_storage,2030,9,330,330,0.0
3251,h2_storage,2030,9,331,331,0.0
3252,h2_storage,2030,9,332,332,0.0
3253,h2_storage,2030,9,333,333,0.0
3254,h2_storage,2030,9,334,334,0.0
3255,h2_storage,2030,9,335,335,0.0
3256,h2_storage,2030,9,336,336,0.0
3257,h2_storage,2030,9,337,337,0.0
3258,h2_storage,2030,9,338,338,0.0
3259,h2_storage,2030,9,339,339,0.0
3260,h2_storage,2030,9,340,340,0.0
3261,h2_storage,2030,9,341,341,0.0
3262,h2_storage,2030,9,342,342,0.0
3263,h2_storage,2030,9,343,343,0.0
3264,h2_storage,2030,9,344,344,0.0
3265,h2_storage,2030,9,345,345,0.0
3266,h2_storage,2030,9,346,346,0.0
3267,h2_storage,2030,9,347,347,0.0
3268,h2_storage,2030,9,348,348,0.0
3269,h2_storage,2030,9,349,349,0.0
3270,h2_storage,2030,9,350,350,0.0
3271,h2_storage,2030,9,351,351,0.0
3272,h2_storage,2030,9,352,352,0.0
3273,h2_storage,2030,9,353,353,0.0
3274,h2_storage,2030,9,354,354,0.0
3275,h2_storage,2030,9,355,355,0.0
3276,h2_storage,2030,9,356,356,0.0
3277,h2_storage,2030,9,357,357,0.0
3278,h2_storage,2030,9,358,358,0.0
3279,h2_storage,2030,9,359,359,0.0
3280,h2_storage,2030,9,360,360,0.0
3281,h2_storage,2030,9,361,361,0.0
3282,h2_storage,2030,9,362,362,0.0
3283,h2_storage,2030,9,363,363,0.0
3284,h2_storage,2030,9,364,364,0.0
3285,h2_storage,2030,9,365,365,0.0
3286,h2_storage,2030,10,1,1,0.0
3287,h2_storage,2030,10,2,2,0.0
3288,h2_storage,2030,10,3,3,0.0
3289,h2_storage,2030,10,4,4,0.0
3290,h2_storage,2030,10,5,5,0.0
3291,h2_storage,2030,10,6,6,0.0
3292,h2_storage,2030,10,7,7,0.0
3293,h2_storage,2030,10,8,8,0.0
3294,h2_storage,2030,10,9,9,0.0
3295,h2_storage,2030,10,10,10,0.0
3296,h2_storage,2030,10,11,11,0.0
3297,h2_storage,2030,10,12,12,0.0
3298,h2_storage,2030,10,13,13,0.0
3299,h2_storage,2030,10,14,14,0.0
3300,h2_storage,2030,10,15,15,0.0
3301,h2_storage,2030,10,16,16,0.0
3302,h2_storage,2030,10,17,17,0.0
3303,h2_storage,2030,10,18,18,0.0
3304,h2_storage,2030,10,19,19,0.0
3305,h2_storage,2030,10,20,20,0.0
3306,h2_storage,2030,10,21,21,0.0
3307,h2_storage,2030,10,22,22,0.0
3308,h2_storage,2030,10,23,23,0.0
3309,h2_storage,2030,10,24,24,0.0
3310,h2_storage,2030,10,25,25,0.0
3311,h2_storage,2030,10,26,26,0.0
3312,h2_storage,2030,10,27,27,0.0
3313,h2_storage,2030,10,28,28,0.0
3314,h2_storage,2030,10,29,29,0.0
3315,h2_storage,2030,10,30,30,0.0
3316,h2_storage,2030,10,31,31,0.0
3317,h2_storage,2030,10,32,32,0.0
3318,h2_storage,2030,10,33,33,0.0
3319,h2_storage,2030,10,34,34,0.0
3320,h2_storage,2030,10,35,35,0.0
3321,h2_storage,2030,10,36,36,0.0
3322,h2_storage,2030,10,37,37,0.0
3323,h2_storage,2030,10,38,38,0.0
3324,h2_storage,2030,10,39,39,0.0
3325,h2_storage,2030,10,40,40,0.0
3326,h2_storage,2030,10,41,41,0.0
3327,h2_storage,2030,10,42,42,0.0
3328,h2_storage,2030,10,43,43,0.0
3329,h2_storage,2030,10,44,44,0.0
3330,h2_storage,2030,10,45,45,0.0
3331,h2_storage,2030,10,46,46,0.0
3332,h2_storage,2030,10,47,47,0.0
3333,h2_storage,2030,10,48,48,0.0
3334,h2_storage,2030,10,49,49,0.0
3335,h2_storage,2030,10,50,50,0.0
3336,h2_storage,2030,10,51,51,0.0
3337,h2_storage,2030,10,52,52,0.0
3338,h2_storage,2030,10,53,53,0.0
3339,h2_storage,2030,10,54,54,0.0
3340,h2_storage,2030,10,55,55,0.0
3341,h2_storage,2030,10,56,56,0.0
3342,h2_storage,2030,10,57,57,0.0
3343,h2_storage,2030,10,58,58,0.0
3344,h2_storage,2030,10,59,59,0.0
3345,h2_storage,2030,10,60,60,0.0
3346,h2_storage,2030,10,61,61,0.0
3347,h2_storage,2030,10,62,62,0.0
3348,h2_storage,2030,10,63,63,0.0
3349,h2_storage,2030,10,64,64,0.0
3350,h2_storage,2030,10,65,65,0.0
3351,h2_storage,2030,10,66,66,0.0
3352,h2_storage,2030,10,67,67,0.0
3353,h2_storage,2030,10,68,68,0.0
3354,h2_storage,2030,10,69,69,0.0
3355,h2_storage,2030,10,70,70,0.0
3356,h2_storage,2030,10,71,71,0.0
3357,h2_storage,2030,10,72,72,0.0
3358,h2_storage,2030,10,73,73,0.0
3359,h2_storage,2030,10,74,74,0.0
3360,h2_storage,2030,10,75,75,0.0
3361,h2_storage,2030,10,76,76,0.0
3362,h2_storage,2030,10,77,77,0.0
3363,h2_storage,2030,10,78,78,0.0
3364,h2_storage,2030,10,79,79,0.0
3365,h2_storage,2030,10,80,80,0.0
3366,h2_storage,2030,10,81,81,0.0
3367,h2_storage,2030,10,82,82,0.0
3368,h2_storage,2030,10,83,83,0.0
3369,h2_storage,2030,10,84,84,0.0
3370,h2_storage,2030,10,85,85,0.0
3371,h2_storage,2030,10,86,86,0.0
3372,h2_storage,2030,10,87,87,0.0
3373,h2_storage,2030,10,88,88,0.0
3374,h2_storage,2030,10,89,89,0.0
3375,h2_storage,2030,10,90,90,0.0
3376,h2_storage,2030,10,91,91,0.0
3377,h2_storage,2030,10,92,92,0.0
3378,h2_storage,2030,10,93,93,0.0
3379,h2_storage,2030,10,94,94,0.0
3380,h2_storage,2030,10,95,95,0.0
3381,h2_storage,2030,10,96,96,0.0
3382,h2_storage,2030,10,97,97,0.0
3383,h2_storage,2030,10,98,98,0.0
3384,h2_storage,2030,10,99,99,0.0
3385,h2_storage,2030,10,100,100,0.0
3386,h2_storage,2030,10,101,101,0.0
3387,h2_storage,2030,10,102,102,0.0
3388,h2_storage,2030,10,103,103,0.0
3389,h2_storage,2030,10,104,104,0.0
3390,h2_storage,2030,10,105,105,0.0
3391,h2_storage,2030,10,106,106,0.0
3392,h2_storage,2030,10,107,107,0.0
3393,h2_storage,2030,10,108,108,0.0
3394,h2_storage,2030,10,109,109,0.0
3395,h2_storage,2030,10,110,110,0.0
3396,h2_storage,2030,10,111,111,0.0
3397,h2_storage,2030,10,112,112,0.0
3398,h2_storage,2030,10,113,113,0.0
3399,h2_storage,2030,10,114,114,0.0
3400,h2_storage,2030,10,115,115,0.0
3401,h2_storage,2030,10,116,116,0.0
3402,h2_storage,2030,10,117,117,0.0
3403,h2_storage,2030,10,118,118,0.0
3404,h2_storage,2030,10,119,119,0.0
3405,h2_storage,2030,10,120,120,0.0
3406,h2_storage,2030,10,121,121,0.0
3407,h2_storage,2030,10,122,122,0.0
3408,h2_storage,2030,10,123,123,0.0
3409,h2_storage,2030,10,124,124,0.0
3410,h2_storage,2030,10,125,125,0.0
3411,h2_storage,2030,10,126,126,0.0
3412,h2_storage,2030,10,127,127,0.0
3413,h2_storage,2030,10,128,128,0.0
3414,h2_storage,2030,10,129,129,0.0
3415,h2_storage,2030,10,130,130,0.0
3416,h2_storage,2030,10,131,131,0.0
3417,h2_storage,2030,10,132,132,0.0
3418,h2_storage,2030,10,133,133,0.0
3419,h2_storage,2030,10,134,134,0.0
3420,h2_storage,2030,10,135,135,0.0
3421,h2_storage,2030,10,136,136,0.0
3422,h2_storage,2030,10,137,137,0.0
3423,h2_storage,2030,10,138,138,0.0
3424,h2_storage,2030,10,139,139,0.0
3425,h2_storage,2030,10,140,140,0.0
3426,h2_storage,2030,10,141,141,0.0
3427,h2_storage,2030,10,142,142,0.0
3428,h2_storage,2030,10,143,143,0.0
3429,h2_storage,2030,10,144,144,0.0
3430,h2_storage,2030,10,145,145,0.0
3431,h2_storage,2030,10,146,146,0.0
3432,h2_storage,2030,10,147,147,0.0
3433,h2_storage,2030,10,148,148,0.0
3434,h2_storage,2030,10,149,149,0.0
3435,h2_storage,2030,10,150,150,0.0
3436,h2_storage,2030,10,151,151,0.0
3437,h2_storage,2030,10,152,152,0.0
3438,h2_storage,2030,10,153,153,0.0
3439,h2_storage,2030,10,154,154,0.0
3440,h2_storage,2030,10,155,155,0.0
3441,h2_storage,2030,10,156,156,0.0
3442,h2_storage,2030,10,157,157,0.0
3443,h2_storage,2030,10,158,158,0.0
3444,h2_storage,2030,10,159,159,0.0
3445,h2_storage,2030,10,160,160,0.0
3446,h2_storage,2030,10,161,161,0.0
3447,h2_storage,2030,10,162,162,0.0
3448,h2_storage,2030,10,163,163,0.0
3449,h2_storage,2030,10,164,164,0.0
3450,h2_storage,2030,10,165,165,0.0
3451,h2_storage,2030,10,166,166,0.0
3452,h2_storage,2030,10,167,167,0.0
3453,h2_storage,2030,10,168,168,0.0
3454,h2_storage,2030,10,169,169,0.0
3455,h2_storage,2030,10,170,170,0.0
3456,h2_storage,2030,10,171,171,0.0
3457,h2_storage,2030,10,172,172,0.0
3458,h2_storage,2030,10,173,173,0.0
3459,h2_storage,2030,10,174,174,0.0
3460,h2_storage,2030,10,175,175,0.0
3461,h2_storage,2030,10,176,176,0.0
3462,h2_storage,2030,10,177,177,0.0
3463,h2_storage,2030,10,178,178,0.0
3464,h2_storage,2030,10,179,179,0.0
3465,h2_storage,2030,10,180,180,0.0
3466,h2_storage,2030,10,181,181,0.0
3467,h2_storage,2030,10,182,182,0.0
3468,h2_storage,2030,10,183,183,0.0
3469,h2_storage,2030,10,184,184,0.0
3470,h2_storage,2030,10,185,185,0.0
3471,h2_storage,2030,10,186,186,0.0
3472,h2_storage,2030,10,187,187,0.0
3473,h2_storage,2030,10,188,188,0.0
3474,h2_storage,2030,10,189,189,0.0
3475,h2_storage,2030,10,190,190,0.0
3476,h2_storage,2030,10,191,191,0.0
3477,h2_storage,2030,10,192,192,0.0
3478,h2_storage,2030,10,193,193,0.0
3479,h2_storage,2030,10,194,194,0.0
3480,h2_storage,2030,10,195,195,0.0
3481,h2_storage,2030,10,196,196,0.0
3482,h2_storage,2030,10,197,197,0.0
3483,h2_storage,2030,10,198,198,0.0
3484,h2_storage,2030,10,199,199,0.0
3485,h2_storage,2030,10,200,200,0.0
3486,h2_storage,2030,10,201,201,0.0
3487,h2_storage,2030,10,202,202,0.0
3488,h2_storage,2030,10,203,203,0.0
3489,h2_storage,2030,10,204,204,0.0
3490,h2_storage,2030,10,205,205,0.0
3491,h2_storage,2030,10,206,206,0.0
3492,h2_storage,2030,10,207,207,0.0
3493,h2_storage,2030,10,208,208,0.0
3494,h2_storage,2030,10,209,209,0.0
3495,h2_storage,2030,10,210,210,0.0
3496,h2_storage,2030,10,211,211,0.0
3497,h2_storage,2030,10,212,212,0.0
3498,h2_storage,2030,10,213,213,0.0
3499,h2_storage,2030,10,214,214,0.0
3500,h2_storage,2030,10,215,215,0.0
3501,h2_storage,2030,10,216,216,0.0
3502,h2_storage,2030,10,217,217,0.0
3503,h2_storage,2030,10,218,218,0.0
3504,h2_storage,2030,10,219,219,0.0
3505,h2_storage,2030,10,220,220,0.0
3506,h2_storage,2030,10,221,221,0.0
3507,h2_storage,2030,10,222,222,0.0
3508,h2_storage,2030,10,223,223,0.0
3509,h2_storage,2030,10,224,224,0.0
3510,h2_storage,2030,10,225,225,0.0
3511,h2_storage,2030,10,226,226,0.0
3512,h2_storage,2030,10,227,227,0.0
3513,h2_storage,2030,10,228,228,0.0
3514,h2_storage,2030,10,229,229,0.0
3515,h2_storage,2030,10,230,230,0.0
3516,h2_storage,2030,10,231,231,0.0
3517,h2_storage,2030,10,232,232,0.0
3518,h2_storage,2030,10,233,233,0.0
3519,h2_storage,2030,10,234,234,0.0
3520,h2_storage,2030,10,235,235,0.0
3521,h2_storage,2030,10,236,236,0.0
3522,h2_storage,2030,10,237,237,0.0
3523,h2_storage,2030,10,238,238,0.0
3524,h2_storage,2030,10,239,239,0.0
3525,h2_storage,2030,10,240,240,0.0
3526,h2_storage,2030,10,241,241,0.0
3527,h2_storage,2030,10,242,242,0.0
3528,h2_storage,2030,10,243,243,0.0
3529,h2_storage,2030,10,244,244,0.0
3530,h2_storage,2030,10,245,245,0.0
3531,h2_storage,2030,10,246,246,0.0
3532,h2_storage,2030,10,247,247,0.0
3533,h2_storage,2030,10,248,248,0.0
3534,h2_storage,2030,10,249,249,0.0
3535,h2_storage,2030,10,250,250,0.0
3536,h2_storage,2030,10,251,251,0.0
3537,h2_storage,2030,10,252,252,0.0
3538,h2_storage,2030,10,253,253,0.0
3539,h2_storage,2030,10,254,254,0.0
3540,h2_storage,2030,10,255,255,0.0
3541,h2_storage,2030,10,256,256,0.0
3542,h2_storage,2030,10,257,257,0.0
3543,h2_storage,2030,10,258,258,0.0
3544,h2_storage,2030,10,259,259,0.0
3545,h2_storage,2030,10,260,260,0.0
3546,h2_storage,2030,10,261,261,0.0
3547,h2_storage,2030,10,262,262,0.0
3548,h2_storage,2030,10,263,263,0.0
3549,h2_storage,2030,10,264,264,0.0
3550,h2_storage,2030,10,265,265,0.0
3551,h2_storage,2030,10,266,266,0.0
3552,h2_storage,2030,10,267,267,0.0
3553,h2_storage,2030,10,268,268,0.0
3554,h2_storage,2030,10,269,269,0.0
3555,h2_storage,2030,10,270,270,0.0
3556,h2_storage,2030,10,271,271,0.0
3557,h2_storage,2030,10,272,272,0.0
3558,h2_storage,2030,10,273,273,0.0
3559,h2_storage,2030,10,274,274,0.0
3560,h2_storage,2030,10,275,275,0.0
3561,h2_storage,2030,10,276,276,0.0
3562,h2_storage,2030,10,277,277,0.0
3563,h2_storage,2030,10,278,278,0.0
3564,h2_storage,2030,10,279,279,0.0
3565,h2_storage,2030,10,280,280,0.0
3566,h2_storage,2030,10,281,281,0.0
3567,h2_storage,2030,10,282,282,0.0
3568,h2_storage,2030,10,283,283,0.0
3569,h2_storage,2030,10,284,284,0.0
3570,h2_storage,2030,10,285,285,0.0
3571,h2_storage,2030,10,286,286,0.0
3572,h2_storage,2030,10,287,287,0.0
3573,h2_storage,2030,10,288,288,0.0
3574,h2_storage,2030,10,289,289,0.0
3575,h2_storage,2030,10,290,290,0.0
3576,h2_storage,2030,10,291,291,0.0
3577,h2_storage,2030,10,292,292,0.0
3578,h2_storage,2030,10,293,293,0.0
3579,h2_storage,2030,10,294,294,0.0
3580,h2_storage,2030,10,295,295,0.0
3581,h2_storage,2030,10,296,296,0.0
3582,h2_storage,2030,10,297,297,0.0
3583,h2_storage,2030,10,298,298,0.0
3584,h2_storage,2030,10,299,299,0.0
3585,h2_storage,2030,10,300,300,0.0
3586,h2_storage,2030,10,301,301,0.0
3587,h2_storage,2030,10,302,302,0.0
3588,h2_storage,2030,10,303,303,0.0
3589,h2_storage,2030,10,304,304,0.0
3590,h2_storage,2030,10,305,305,0.0
3591,h2_storage,2030,10,306,306,0.0
3592,h2_storage,2030,10,307,307,0.0
3593,h2_storage,2030,10,308,308,0.0
3594,h2_storage,2030,10,309,309,0.0
3595,h2_storage,2030,10,310,310,0.0
3596,h2_storage,2030,10,311,311,0.0
3597,h2_storage,2030,10,312,312,0.0
3598,h2_storage,2030,10,313,313,0.0
3599,h2_storage,2030,10,314,314,0.0
3600,h2_storage,2030,10,315,315,0.0
3601,h2_storage,2030,10,316,316,0.0
3602,h2_storage,2030,10,317,317,0.0
3603,h2_storage,2030,10,318,318,0.0
3604,h2_storage,2030,10,319,319,0.0
3605,h2_storage,2030,10,320,320,0.0
3606,h2_storage,2030,10,321,321,0.0
3607,h2_storage,2030,10,322,322,0.0
3608,h2_storage,2030,10,323,323,0.0
3609,h2_storage,2030,10,324,324,0.0
3610,h2_storage,2030,10,325,325,0.0
3611,h2_storage,2030,10,326,326,0.0
3612,h2_storage,2030,10,327,327,0.0
3613,h2_storage,2030,10,328,328,0.0
3614,h2_storage,2030,10,329,329,0.0
3615,h2_storage,2030,10,330,330,0.0
3616,h2_storage,2030,10,331,331,0.0
3617,h2_storage,2030,10,332,332,0.0
3618,h2_storage,2030,10,333,333,0.0
3619,h2_storage,2030,10,334,334,0.0
3620,h2_storage,2030,10,335,335,0.0
3621,h2_storage,2030,10,336,336,0.0
3622,h2_storage,2030,10,337,337,0.0
3623,h2_storage,2030,10,338,338,0.0
3624,h2_storage,2030,10,339,339,0.0
3625,h2_storage,2030,10,340,340,0.0
3626,h2_storage,2030,10,341,341,0.0
3627,h2_storage,2030,10,342,342,0.0
3628,h2_storage,2030,10,343,343,0.0
3629,h2_storage,2030,10,344,344,0.0
3630,h2_storage,2030,10,345,345,0.0
3631,h2_storage,2030,10,346,346,0.0
3632,h2_storage,2030,10,347,347,0.0
3633,h2_storage,2030,10,348,348,0.0
3634,h2_storage,2030,10,349,349,0.0
3635,h2_storage,2030,10,350,350,0.0
3636,h2_storage,2030,10,351,351,0.0
3637,h2_storage,2030,10,352,352,0.0
3638,h2_storage,2030,10,353,353,0.0
3639,h2_storage,2030,10,354,354,0.0
3640,h2_storage,2030,10,355,355,0.0
3641,h2_storage,2030,10,356,356,0.0
3642,h2_storage,2030,10,357,357,0.0
3643,h2_storage,2030,10,358,358,0.0
3644,h2_storage,2030,10,359,359,0.0
3645,h2_storage,2030,10,360,360,0.0
3646,h2_storage,2030,10,361,361,0.0
3647,h2_storage,2030,10,362,362,0.0
3648,h2_storage,2030,10,363,363,0.0
3649,h2_storage,2030,10,364,364,0.0
3650,h2_storage,2030,10,365,365,0.0
3651,hydro_reservoir,2030,1,1,1,201.78660692505653
3652,hydro_reservoir,2030,1,2,2,202.41652872529653
3653,hydro_reservoir,2030,1,3,3,203.21675797602748
3654,hydro_reservoir,2030,1,4,4,203.6073733003318
3655,hydro_reservoir,2030,1,5,5,203.97349108925647
3656,hydro_reservoir,2030,1,6,6,205.40157631733703
3657,hydro_reservoir,2030,1,7,7,207.4388429000423
3658,hydro_reservoir,2030,1,8,8,208.57030475014574
3659,hydro_reservoir,2030,1,9,9,208.86201607315076
3660,hydro_reservoir,2030,1,10,10,209.90348966647232
3661,hydro_reservoir,2030,1,11,11,211.3302868952918
3662,hydro_reservoir,2030,1,12,12,212.84361192824068
3663,hydro_reservoir,2030,1,13,13,214.08142416619762
3664,hydro_reservoir,2030,1,14,14,215.55840039114656
3665,hydro_reservoir,2030,1,15,15,216.03475781913528
3666,hydro_reservoir,2030,1,16,16,217.32412396630326
3667,hydro_reservoir,2030,1,17,17,217.90235229808596
3668,hydro_reservoir,2030,1,18,18,218.69923920900416
3669,hydro_reservoir,2030,1,19,19,220.83645811411603
3670,hydro_reservoir,2030,1,20,20,221.76640734114403
3671,hydro_reservoir,2030,1,21,21,222.85708351514754
3672,hydro_reservoir,2030,1,22,22,220.95822202063172
3673,hydro_reservoir,2030,1,23,23,222.77763405815364
3674,hydro_reservoir,2030,1,24,24,224.2056646354784
3675,hydro_reservoir,2030,1,25,25,225.13670686714656
3676,hydro_reservoir,2030,1,26,26,226.2474678562686
3677,hydro_reservoir,2030,1,27,27,227.12451876911544
3678,hydro_reservoir,2030,1,28,28,227.13635310271934
3679,hydro_reservoir,2030,1,29,29,227.30235466575766
3680,hydro_reservoir,2030,1,30,30,228.2186834557188
3681,hydro_reservoir,2030,1,31,31,229.09966995141232
3682,hydro_reservoir,2030,1,32,32,229.95863090327418
3683,hydro_reservoir,2030,1,33,33,229.58242803650532
3684,hydro_reservoir,2030,1,34,34,230.5083878837073
3685,hydro_reservoir,2030,1,35,35,231.1142715719898
3686,hydro_reservoir,2030,1,36,36,231.961552256286
3687,hydro_reservoir,2030,1,37,37,232.0377542404072
3688,hydro_reservoir,2030,1,38,38,232.250535909752
3689,hydro_reservoir,2030,1,39,39,233.4792140024848
3690,hydro_reservoir,2030,1,40,40,233.25519094635297
3691,hydro_reservoir,2030,1,41,41,233.79421936768847
3692,hydro_reservoir,2030,1,42,42,234.39241196354482
3693,hydro_reservoir,2030,1,43,43,235.15124095795636
3694,hydro_reservoir,2030,1,44,44,235.77418811714654
3695,hydro_reservoir,2030,1,45,45,236.48246663376685
3696,hydro_reservoir,2030,1,46,46,237.36531579784025
3697,hydro_reservoir,2030,1,47,47,238.12292828064597
3698,hydro_reservoir,2030,1,48,48,234.95172179568684
3699,hydro_reservoir,2030,1,49,49,236.3051076380822
3700,hydro_reservoir,2030,1,50,50,236.82159145496388
3701,hydro_reservoir,2030,1,51,51,237.4770735588796
3702,hydro_reservoir,2030,1,52,52,237.23518587872445
3703,hydro_reservoir,2030,1,53,53,237.52970129431847
3704,hydro_reservoir,2030,1,54,54,238.35183766758524
3705,hydro_reservoir,2030,1,55,55,238.10200294739596
3706,hydro_reservoir,2030,1,56,56,238.69274786580428
3707,hydro_reservoir,2030,1,57,57,239.78228680991998
3708,hydro_reservoir,2030,1,58,58,240.37610215905315
3709,hydro_reservoir,2030,1,59,59,240.85731318535656
3710,hydro_reservoir,2030,1,60,60,241.35338137547689
3711,hydro_reservoir,2030,1,61,61,242.1081473775185
3712,hydro_reservoir,2030,1,62,62,242.4443452401742
3713,hydro_reservoir,2030,1,63,63,242.30932892868995
3714,hydro_reservoir,2030,1,64,64,242.88421785256577
3715,hydro_reservoir,2030,1,65,65,242.73180259594517
3716,hydro_reservoir,2030,1,66,66,243.76607691400298
3717,hydro_reservoir,2030,1,67,67,244.3368202198666
3718,hydro_reservoir,2030,1,68,68,243.85051341227188
3719,hydro_reservoir,2030,1,69,69,244.61940791692066
3720,hydro_reservoir,2030,1,70,70,245.97263566433963
3721,hydro_reservoir,2030,1,71,71,246.8431183338231
3722,hydro_reservoir,2030,1,72,72,247.80851854701783
3723,hydro_reservoir,2030,1,73,73,249.05745896183535
3724,hydro_reservoir,2030,1,74,74,249.23889941569993
3725,hydro_reservoir,2030,1,75,75,250.18057916946066
3726,hydro_reservoir,2030,1,76,76,250.88025816814783
3727,hydro_reservoir,2030,1,77,77,251.84145588803477
3728,hydro_reservoir,2030,1,78,78,252.64250655981837
3729,hydro_reservoir,2030,1,79,79,253.3660070278884
3730,hydro_reservoir,2030,1,80,80,254.01569854626055
3731,hydro_reservoir,2030,1,81,81,254.00937060225812
3732,hydro_reservoir,2030,1,82,82,255.21907370990465
3733,hydro_reservoir,2030,1,83,83,256.3942497931808
3734,hydro_reservoir,2030,1,84,84,257.20747848863357
3735,hydro_reservoir,2030,1,85,85,258.07163791114044
3736,hydro_reservoir,2030,1,86,86,258.4360830417883
3737,hydro_reservoir,2030,1,87,87,258.5299219645467
3738,hydro_reservoir,2030,1,88,88,259.16970060767494
3739,hydro_reservoir,2030,1,89,89,259.8450290562041
3740,hydro_reservoir,2030,1,90,90,260.31527061324164
3741,hydro_reservoir,2030,1,91,91,260.68791089073306
3742,hydro_reservoir,2030,1,92,92,261.1656385728106
3743,hydro_reservoir,2030,1,93,93,261.6528431392538
3744,hydro_reservoir,2030,1,94,94,261.67816937285744
3745,hydro_reservoir,2030,1,95,95,262.6018746681881
3746,hydro_reservoir,2030,1,96,96,263.5602332289452
3747,hydro_reservoir,2030,1,97,97,262.75751695725126
3748,hydro_reservoir,2030,1,98,98,262.6939966600079
3749,hydro_reservoir,2030,1,99,99,262.1058378263863
3750,hydro_reservoir,2030,1,100,100,262.11649682047613
3751,hydro_reservoir,2030,1,101,101,262.261431479876
3752,hydro_reservoir,2030,1,102,102,262.27066859616065
3753,hydro_reservoir,2030,1,103,103,262.5390596901415
3754,hydro_reservoir,2030,1,104,104,261.8267236995423
3755,hydro_reservoir,2030,1,105,105,261.82141554382883
3756,hydro_reservoir,2030,1,106,106,261.2275226186078
3757,hydro_reservoir,2030,1,107,107,261.3856556793026
3758,hydro_reservoir,2030,1,108,108,261.6535658071366
3759,hydro_reservoir,2030,1,109,109,260.1866338943689
3760,hydro_reservoir,2030,1,110,110,260.86272770978775
3761,hydro_reservoir,2030,1,111,111,261.3809551078956
3762,hydro_reservoir,2030,1,112,112,261.8356259684357
3763,hydro_reservoir,2030,1,113,113,262.50393944193695
3764,hydro_reservoir,2030,1,114,114,262.33182209918004
3765,hydro_reservoir,2030,1,115,115,262.67433777795065
3766,hydro_reservoir,2030,1,116,116,262.5908870904927
3767,hydro_reservoir,2030,1,117,117,262.771275113881
3768,hydro_reservoir,2030,1,118,118,261.42312529995536
3769,hydro_reservoir,2030,1,119,119,261.9359695349956
3770,hydro_reservoir,2030,1,120,120,262.4253941836712
3771,hydro_reservoir,2030,1,121,121,262.2819696734898
3772,hydro_reservoir,2030,1,122,122,262.5605914491356
3773,hydro_reservoir,2030,1,123,123,262.4658909003352
3774,hydro_reservoir,2030,1,124,124,263.40366199714674
3775,hydro_reservoir,2030,1,125,125,263.8652247750138
3776,hydro_reservoir,2030,1,126,126,263.0833180594717
3777,hydro_reservoir,2030,1,127,127,263.68507601888695
3778,hydro_reservoir,2030,1,128,128,262.9047515768936
3779,hydro_reservoir,2030,1,129,129,263.3274716416585
3780,hydro_reservoir,2030,1,130,130,263.2327056252145
3781,hydro_reservoir,2030,1,131,131,263.2783876558609
3782,hydro_reservoir,2030,1,132,132,263.5092252362824
3783,hydro_reservoir,2030,1,133,133,263.6564268278373
3784,hydro_reservoir,2030,1,134,134,263.60193655374115
3785,hydro_reservoir,2030,1,135,135,263.1907770023783
3786,hydro_reservoir,2030,1,136,136,263.13666998372736
3787,hydro_reservoir,2030,1,137,137,262.6513377775643
3788,hydro_reservoir,2030,1,138,138,262.7508879779092
3789,hydro_reservoir,2030,1,139,139,261.95551874981595
3790,hydro_reservoir,2030,1,140,140,262.65853142075616
3791,hydro_reservoir,2030,1,141,141,263.53483116394415
3792,hydro_reservoir,2030,1,142,142,264.40598762379904
3793,hydro_reservoir,2030,1,143,143,263.79756500135653
3794,hydro_reservoir,2030,1,144,144,264.48972626492093
3795,hydro_reservoir,2030,1,145,145,265.16483684009495
3796,hydro_reservoir,2030,1,146,146,264.24873333102875
3797,hydro_reservoir,2030,1,147,147,263.75909198489535
3798,hydro_reservoir,2030,1,148,148,264.3918564925898
3799,hydro_reservoir,2030,1,149,149,264.42169624088825
3800,hydro_reservoir,2030,1,150,150,264.2835699036012
3801,hydro_reservoir,2030,1,151,151,264.2159818613654
3802,hydro_reservoir,2030,1,152,152,263.90604622331165
3803,hydro_reservoir,2030,1,153,153,263.76569019402814
3804,hydro_reservoir,2030,1,154,154,263.55860984988414
3805,hydro_reservoir,2030,1,155,155,262.9923697547189
3806,hydro_reservoir,2030,1,156,156,262.67086376951875
3807,hydro_reservoir,2030,1,157,157,262.4474844191572
3808,hydro_reservoir,2030,1,158,158,262.311209726508
3809,hydro_reservoir,2030,1,159,159,262.02107643531764
3810,hydro_reservoir,2030,1,160,160,262.2788027159199
3811,hydro_reservoir,2030,1,161,161,262.03270691720945
3812,hydro_reservoir,2030,1,162,162,261.12334650873584
3813,hydro_reservoir,2030,1,163,163,261.7590720047808
3814,hydro_reservoir,2030,1,164,164,261.54338175958094
3815,hydro_reservoir,2030,1,165,165,262.089156540682
3816,hydro_reservoir,2030,1,166,166,261.9660279143772
3817,hydro_reservoir,2030,1,167,167,262.31861832586804
3818,hydro_reservoir,2030,1,168,168,262.1746733499981
3819,hydro_reservoir,2030,1,169,169,261.92296027358327
3820,hydro_reservoir,2030,1,170,170,261.67692826816244
3821,hydro_reservoir,2030,1,171,171,260.9701583692525
3822,hydro_reservoir,2030,1,172,172,260.7000176526137
3823,hydro_reservoir,2030,1,173,173,259.8007896966195
3824,hydro_reservoir,2030,1,174,174,259.84687591048424
3825,hydro_reservoir,2030,1,175,175,260.0369356559153
3826,hydro_reservoir,2030,1,176,176,260.66629069106295
3827,hydro_reservoir,2030,1,177,177,260.670684432438
3828,hydro_reservoir,2030,1,178,178,260.43036042455464
3829,hydro_reservoir,2030,1,179,179,260.0445510626355
3830,hydro_reservoir,2030,1,180,180,260.07471339034987
3831,hydro_reservoir,2030,1,181,181,259.3798865686572
3832,hydro_reservoir,2030,1,182,182,259.825056479926
3833,hydro_reservoir,2030,1,183,183,259.74944158535067
3834,hydro_reservoir,2030,1,184,184,259.65404850308573
3835,hydro_reservoir,2030,1,185,185,259.38531936184086
3836,hydro_reservoir,2030,1,186,186,259.689920435415
3837,hydro_reservoir,2030,1,187,187,258.443531069131
3838,hydro_reservoir,2030,1,188,188,258.3531539749504
3839,hydro_reservoir,2030,1,189,189,258.19110493941554
3840,hydro_reservoir,2030,1,190,190,257.9398397765413
3841,hydro_reservoir,2030,1,191,191,257.47569884658236
3842,hydro_reservoir,2030,1,192,192,257.1607800175726
3843,hydro_reservoir,2030,1,193,193,256.703521458357
3844,hydro_reservoir,2030,1,194,194,255.91525486202244
3845,hydro_reservoir,2030,1,195,195,255.58433747717416
3846,hydro_reservoir,2030,1,196,196,255.49825479699422
3847,hydro_reservoir,2030,1,197,197,254.90921722447294
3848,hydro_reservoir,2030,1,198,198,254.6637058641675
3849,hydro_reservoir,2030,1,199,199,254.44960715972576
3850,hydro_reservoir,2030,1,200,200,254.22269840655778
3851,hydro_reservoir,2030,1,201,201,253.953646698758
3852,hydro_reservoir,2030,1,202,202,253.65997939423474
3853,hydro_reservoir,2030,1,203,203,253.31585079476173
3854,hydro_reservoir,2030,1,204,204,252.64997497356617
3855,hydro_reservoir,2030,1,205,205,252.45549187141415
3856,hydro_reservoir,2030,1,206,206,252.1748106432854
3857,hydro_reservoir,2030,1,207,207,251.3231641524513
3858,hydro_reservoir,2030,1,208,208,251.0231825335207
3859,hydro_reservoir,2030,1,209,209,250.69508225884422
3860,hydro_reservoir,2030,1,210,210,250.30747574743134
3861,hydro_reservoir,2030,1,211,211,249.9000970978782
3862,hydro_reservoir,2030,1,212,212,248.65028644197582
3863,hydro_reservoir,2030,1,213,213,248.11503767175986
3864,hydro_reservoir,2030,1,214,214,248.13129422385012
3865,hydro_reservoir,2030,1,215,215,247.5254731874564
3866,hydro_reservoir,2030,1,216,216,247.7733624273878
3867,hydro_reservoir,2030,1,217,217,247.53408918266112
3868,hydro_reservoir,2030,1,218,218,247.28890594612474
3869,hydro_reservoir,2030,1,219,219,247.03997286966936
3870,hydro_reservoir,2030,1,220,220,246.79109396289115
3871,hydro_reservoir,2030,1,221,221,246.83317654619856
3872,hydro_reservoir,2030,1,222,222,247.03453834593068
3873,hydro_reservoir,2030,1,223,223,246.5212425895149
3874,hydro_reservoir,2030,1,224,224,246.84967188508952
3875,hydro_reservoir,2030,1,225,225,246.40993070159686
3876,hydro_reservoir,2030,1,226,226,244.98826477606738
3877,hydro_reservoir,2030,1,227,227,244.64905536164375
3878,hydro_reservoir,2030,1,228,228,244.88243496356083
3879,hydro_reservoir,2030,1,229,229,244.64386379881805
3880,hydro_reservoir,2030,1,230,230,243.37334486359086
3881,hydro_reservoir,2030,1,231,231,243.66698728969135
3882,hydro_reservoir,2030,1,232,232,242.86149671501065
3883,hydro_reservoir,2030,1,233,233,243.01536190936827
3884,hydro_reservoir,2030,1,234,234,242.92557547368247
3885,hydro_reservoir,2030,1,235,235,242.6143351307653
3886,hydro_reservoir,2030,1,236,236,241.47817438392983
3887,hydro_reservoir,2030,1,237,237,241.2883867787363
3888,hydro_reservoir,2030,1,238,238,240.89174368684584
3889,hydro_reservoir,2030,1,239,239,240.93302044962422
3890,hydro_reservoir,2030,1,240,240,240.6742083856819
3891,hydro_reservoir,2030,1,241,241,239.51236063549976
3892,hydro_reservoir,2030,1,242,242,239.0963539425208
3893,hydro_reservoir,2030,1,243,243,238.6700647752036
3894,hydro_reservoir,2030,1,244,244,238.04977503568438
3895,hydro_reservoir,2030,1,245,245,237.88364288405026
3896,hydro_reservoir,2030,1,246,246,237.79412078606077
3897,hydro_reservoir,2030,1,247,247,238.14619262691298
3898,hydro_reservoir,2030,1,248,248,238.63559105351277
3899,hydro_reservoir,2030,1,249,249,238.36117715850028
3900,hydro_reservoir,2030,1,250,250,237.11152049399
3901,hydro_reservoir,2030,1,251,251,236.96770071518768
3902,hydro_reservoir,2030,1,252,252,237.27484967152805
3903,hydro_reservoir,2030,1,253,253,237.00494448081534
3904,hydro_reservoir,2030,1,254,254,235.6922197539724
3905,hydro_reservoir,2030,1,255,255,233.21106844985246
3906,hydro_reservoir,2030,1,256,256,233.66291260265785
3907,hydro_reservoir,2030,1,257,257,233.62045662358366
3908,hydro_reservoir,2030,1,258,258,232.4558303551371
3909,hydro_reservoir,2030,1,259,259,231.24210077852766
3910,hydro_reservoir,2030,1,260,260,230.84003530505765
3911,hydro_reservoir,2030,1,261,261,230.17325733070263
3912,hydro_reservoir,2030,1,262,262,230.2520206395896
3913,hydro_reservoir,2030,1,263,263,230.41797382980212
3914,hydro_reservoir,2030,1,264,264,230.40291760107553
3915,hydro_reservoir,2030,1,265,265,230.2550826679197
3916,hydro_reservoir,2030,1,266,266,228.47047459314527
3917,hydro_reservoir,2030,1,267,267,227.95333507173402
3918,hydro_reservoir,2030,1,268,268,228.0371825792922
3919,hydro_reservoir,2030,1,269,269,228.39499021761156
3920,hydro_reservoir,2030,1,270,270,229.0313886048929
3921,hydro_reservoir,2030,1,271,271,228.65034302731905
3922,hydro_reservoir,2030,1,272,272,228.90421995047512
3923,hydro_reservoir,2030,1,273,273,229.01956437078752
3924,hydro_reservoir,2030,1,274,274,229.20797204092025
3925,hydro_reservoir,2030,1,275,275,229.56643232487596
3926,hydro_reservoir,2030,1,276,276,229.2195422578132
3927,hydro_reservoir,2030,1,277,277,229.43058682777306
3928,hydro_reservoir,2030,1,278,278,229.88289031940704
3929,hydro_reservoir,2030,1,279,279,228.69775905696773
3930,hydro_reservoir,2030,1,280,280,228.73910536039074
3931,hydro_reservoir,2030,1,281,281,228.74087154531264
3932,hydro_reservoir,2030,1,282,282,228.62554686597448
3933,hydro_reservoir,2030,1,283,283,228.19711725543957
3934,hydro_reservoir,2030,1,284,284,226.96188308587273
3935,hydro_reservoir,2030,1,285,285,226.9300607944027
3936,hydro_reservoir,2030,1,286,286,225.59473387544307
3937,hydro_reservoir,2030,1,287,287,225.29853856623052
3938,hydro_reservoir,2030,1,288,288,224.69182334089356
3939,hydro_reservoir,2030,1,289,289,224.85649486623274
3940,hydro_reservoir,2030,1,290,290,223.86697103031653
3941,hydro_reservoir,2030,1,291,291,222.53487057021133
3942,hydro_reservoir,2030,1,292,292,221.1866209580343
3943,hydro_reservoir,2030,1,293,293,220.8078990258634
3944,hydro_reservoir,2030,1,294,294,220.023012979007
3945,hydro_reservoir,2030,1,295,295,218.17017884967703
3946,hydro_reservoir,2030,1,296,296,218.3793253353456
3947,hydro_reservoir,2030,1,297,297,217.30834980657403
3948,hydro_reservoir,2030,1,298,298,216.89535563804898
3949,hydro_reservoir,2030,1,299,299,215.68312345356364
3950,hydro_reservoir,2030,1,300,300,214.82442062852547
3951,hydro_reservoir,2030,1,301,301,215.41031577320655
3952,hydro_reservoir,2030,1,302,302,215.8490572379922
3953,hydro_reservoir,2030,1,303,303,215.79639962573992
3954,hydro_reservoir,2030,1,304,304,216.252718629931
3955,hydro_reservoir,2030,1,305,305,216.62293235685752
3956,hydro_reservoir,2030,1,306,306,215.96510351586696
3957,hydro_reservoir,2030,1,307,307,215.70931802247762
3958,hydro_reservoir,2030,1,308,308,216.03764773436026
3959,hydro_reservoir,2030,1,309,309,215.06770178980886
3960,hydro_reservoir,2030,1,310,310,213.93466201329224
3961,hydro_reservoir,2030,1,311,311,213.40780167134923
3962,hydro_reservoir,2030,1,312,312,211.02759372234175
3963,hydro_reservoir,2030,1,313,313,211.04700326285422
3964,hydro_reservoir,2030,1,314,314,210.93850290954612
3965,hydro_reservoir,2030,1,315,315,210.98420181743512
3966,hydro_reservoir,2030,1,316,316,210.63367766630222
3967,hydro_reservoir,2030,1,317,317,210.5319152889678
3968,hydro_reservoir,2030,1,318,318,210.15096592809098
3969,hydro_reservoir,2030,1,319,319,209.30201159376514
3970,hydro_reservoir,2030,1,320,320,208.194565715509
3971,hydro_reservoir,2030,1,321,321,207.90293628163377
3972,hydro_reservoir,2030,1,322,322,206.32220366878576
3973,hydro_reservoir,2030,1,323,323,205.53349225912882
3974,hydro_reservoir,2030,1,324,324,206.02484109938587
3975,hydro_reservoir,2030,1,325,325,206.10383492297018
3976,hydro_reservoir,2030,1,326,326,205.3661384606269
3977,hydro_reservoir,2030,1,327,327,205.865339049818
3978,hydro_reservoir,2030,1,328,328,206.55424096893432
3979,hydro_reservoir,2030,1,329,329,205.3067413904239
3980,hydro_reservoir,2030,1,330,330,205.59697536583167
3981,hydro_reservoir,2030,1,331,331,206.2364776298764
3982,hydro_reservoir,2030,1,332,332,206.78439723803652
3983,hydro_reservoir,2030,1,333,333,207.0947979743589
3984,hydro_reservoir,2030,1,334,334,207.08541898697808
3985,hydro_reservoir,2030,1,335,335,206.5733919481925
3986,hydro_reservoir,2030,1,336,336,206.97849626954712
3987,hydro_reservoir,2030,1,337,337,207.04712100151488
3988,hydro_reservoir,2030,1,338,338,206.6332080745088
3989,hydro_reservoir,2030,1,339,339,207.33825136909775
3990,hydro_reservoir,2030,1,340,340,207.6190400147257
3991,hydro_reservoir,2030,1,341,341,208.1880955637462
3992,hydro_reservoir,2030,1,342,342,207.62052713452613
3993,hydro_reservoir,2030,1,343,343,205.95045798334348
3994,hydro_reservoir,2030,1,344,344,205.58339461563392
3995,hydro_reservoir,2030,1,345,345,205.3387512415345
3996,hydro_reservoir,2030,1,346,346,204.12007546161112
3997,hydro_reservoir,2030,1,347,347,203.65311457663813
3998,hydro_reservoir,2030,1,348,348,204.27272200433197
3999,hydro_reservoir,2030,1,349,349,202.02954044164176
4000,hydro_reservoir,2030,1,350,350,202.67363407133067
4001,hydro_reservoir,2030,1,351,351,202.3334566050277
4002,hydro_reservoir,2030,1,352,352,202.43660278293876
4003,hydro_reservoir,2030,1,353,353,200.53298836355637
4004,hydro_reservoir,2030,1,354,354,199.9708292739074
4005,hydro_reservoir,2030,1,355,355,198.77207602087785
4006,hydro_reservoir,2030,1,356,356,199.44720435559802
4007,hydro_reservoir,2030,1,357,357,200.06548258532382
4008,hydro_reservoir,2030,1,358,358,199.8944190992154
4009,hydro_reservoir,2030,1,359,359,200.4078816628579
4010,hydro_reservoir,2030,1,360,360,200.29496734358153
4011,hydro_reservoir,2030,1,361,361,200.51586949361194
4012,hydro_reservoir,2030,1,362,362,201.207633267138
4013,hydro_reservoir,2030,1,363,363,201.709543426668
4014,hydro_reservoir,2030,1,364,364,202.11478785452994
4015,hydro_reservoir,2030,1,365,365,201.6
4016,hydro_reservoir,2030,2,1,1,202.0409229539897
4017,hydro_reservoir,2030,2,2,2,203.59668810221032
4018,hydro_reservoir,2030,2,3,3,205.53352558870384
4019,hydro_reservoir,2030,2,4,4,204.88639557518746
4020,hydro_reservoir,2030,2,5,5,205.46113426021162
4021,hydro_reservoir,2030,2,6,6,204.74505789721917
4022,hydro_reservoir,2030,2,7,7,204.9617534554274
4023,hydro_reservoir,2030,2,8,8,205.09175942828415
4024,hydro_reservoir,2030,2,9,9,206.22119312866835
4025,hydro_reservoir,2030,2,10,10,205.98697960859482
4026,hydro_reservoir,2030,2,11,11,204.6604239767422
4027,hydro_reservoir,2030,2,12,12,204.9835455116537
4028,hydro_reservoir,2030,2,13,13,205.47551818757526
4029,hydro_reservoir,2030,2,14,14,204.4367490996295
4030,hydro_reservoir,2030,2,15,15,203.64368962351278
4031,hydro_reservoir,2030,2,16,16,203.9014740216127
4032,hydro_reservoir,2030,2,17,17,203.36331881920972
4033,hydro_reservoir,2030,2,18,18,203.47783229106184
4034,hydro_reservoir,2030,2,19,19,202.76178595856925
4035,hydro_reservoir,2030,2,20,20,204.03592591334663
4036,hydro_reservoir,2030,2,21,21,204.34893023979376
4037,hydro_reservoir,2030,2,22,22,203.3624625616991
4038,hydro_reservoir,2030,2,23,23,204.33561735704794
4039,hydro_reservoir,2030,2,24,24,205.4571259450359
4040,hydro_reservoir,2030,2,25,25,206.15898296014498
4041,hydro_reservoir,2030,2,26,26,207.5426024287977
4042,hydro_reservoir,2030,2,27,27,209.13749186918102
4043,hydro_reservoir,2030,2,28,28,210.26117852417286
4044,hydro_reservoir,2030,2,29,29,209.37502737592942
4045,hydro_reservoir,2030,2,30,30,209.7546534115355
4046,hydro_reservoir,2030,2,31,31,211.1853254655219
4047,hydro_reservoir,2030,2,32,32,212.6445402897347
4048,hydro_reservoir,2030,2,33,33,213.8706790701623
4049,hydro_reservoir,2030,2,34,34,215.1715665997207
4050,hydro_reservoir,2030,2,35,35,216.50987674202432
4051,hydro_reservoir,2030,2,36,36,217.527713389063
4052,hydro_reservoir,2030,2,37,37,217.5410559168231
4053,hydro_reservoir,2030,2,38,38,218.27366438538695
4054,hydro_reservoir,2030,2,39,39,219.34929613494015
4055,hydro_reservoir,2030,2,40,40,218.93811513869113
4056,hydro_reservoir,2030,2,41,41,220.18506134535798
4057,hydro_reservoir,2030,2,42,42,219.412224129045
4058,hydro_reservoir,2030,2,43,43,218.5510632125143
4059,hydro_reservoir,2030,2,44,44,217.86341939461383
4060,hydro_reservoir,2030,2,45,45,218.5632394008637
4061,hydro_reservoir,2030,2,46,46,220.14582774935744
4062,hydro_reservoir,2030,2,47,47,222.02909792835865
4063,hydro_reservoir,2030,2,48,48,222.23270779625332
4064,hydro_reservoir,2030,2,49,49,223.84206387696116
4065,hydro_reservoir,2030,2,50,50,225.44879043323445
4066,hydro_reservoir,2030,2,51,51,225.64301101204765
4067,hydro_reservoir,2030,2,52,52,224.52682952921722
4068,hydro_reservoir,2030,2,53,53,225.38120166854097
4069,hydro_reservoir,2030,2,54,54,226.07620171090417
4070,hydro_reservoir,2030,2,55,55,226.60027569312166
4071,hydro_reservoir,2030,2,56,56,225.8770436324979
4072,hydro_reservoir,2030,2,57,57,226.43204919430175
4073,hydro_reservoir,2030,2,58,58,227.02122050300414
4074,hydro_reservoir,2030,2,59,59,228.5361066924953
4075,hydro_reservoir,2030,2,60,60,227.8934047191891
4076,hydro_reservoir,2030,2,61,61,227.71402180249552
4077,hydro_reservoir,2030,2,62,62,228.696987533415
4078,hydro_reservoir,2030,2,63,63,230.01359354606873
4079,hydro_reservoir,2030,2,64,64,230.18081866654845
4080,hydro_reservoir,2030,2,65,65,231.02829568571818
4081,hydro_reservoir,2030,2,66,66,229.01794816522573
4082,hydro_reservoir,2030,2,67,67,231.15128149855906
4083,hydro_reservoir,2030,2,68,68,232.4869795108277
4084,hydro_reservoir,2030,2,69,69,233.6879609238638
4085,hydro_reservoir,2030,2,70,70,232.31287985426823
4086,hydro_reservoir,2030,2,71,71,232.50995325464584
4087,hydro_reservoir,2030,2,72,72,232.6531306353074
4088,hydro_reservoir,2030,2,73,73,233.33818830485694
4089,hydro_reservoir,2030,2,74,74,232.95903245215976
4090,hydro_reservoir,2030,2,75,75,232.5773329098309
4091,hydro_reservoir,2030,2,76,76,232.81735419972563
4092,hydro_reservoir,2030,2,77,77,232.53557639455602
4093,hydro_reservoir,2030,2,78,78,233.65582167070812
4094,hydro_reservoir,2030,2,79,79,234.87751379148526
4095,hydro_reservoir,2030,2,80,80,236.11253389279776
4096,hydro_reservoir,2030,2,81,81,236.60040146470158
4097,hydro_reservoir,2030,2,82,82,237.6153432916298
4098,hydro_reservoir,2030,2,83,83,237.0171356052425
4099,hydro_reservoir,2030,2,84,84,237.5679836649965
4100,hydro_reservoir,2030,2,85,85,238.6460940682311
4101,hydro_reservoir,2030,2,86,86,239.75784415459069
4102,hydro_reservoir,2030,2,87,87,240.75759145963366
4103,hydro_reservoir,2030,2,88,88,240.92344822172726
4104,hydro_reservoir,2030,2,89,89,240.71677379082834
4105,hydro_reservoir,2030,2,90,90,241.1515974143052
4106,hydro_reservoir,2030,2,91,91,239.81190452053627
4107,hydro_reservoir,2030,2,92,92,240.5458691070131
4108,hydro_reservoir,2030,2,93,93,240.55053964096595
4109,hydro_reservoir,2030,2,94,94,240.010214992316
4110,hydro_reservoir,2030,2,95,95,239.0925357351182
4111,hydro_reservoir,2030,2,96,96,238.4370853628485
4112,hydro_reservoir,2030,2,97,97,237.64718183527566
4113,hydro_reservoir,2030,2,98,98,237.6716699243946
4114,hydro_reservoir,2030,2,99,99,238.05256595680504
4115,hydro_reservoir,2030,2,100,100,238.8383476642541
4116,hydro_reservoir,2030,2,101,101,239.29087667535254
4117,hydro_reservoir,2030,2,102,102,239.60338906464546
4118,hydro_reservoir,2030,2,103,103,239.66964091244913
4119,hydro_reservoir,2030,2,104,104,240.06774290151031
4120,hydro_reservoir,2030,2,105,105,238.79772461220546
4121,hydro_reservoir,2030,2,106,106,238.25329369566091
4122,hydro_reservoir,2030,2,107,107,237.64142403340065
4123,hydro_reservoir,2030,2,108,108,236.80061067711313
4124,hydro_reservoir,2030,2,109,109,236.52055680923195
4125,hydro_reservoir,2030,2,110,110,237.05550314009042
4126,hydro_reservoir,2030,2,111,111,236.71072025995912
4127,hydro_reservoir,2030,2,112,112,236.3315113478237
4128,hydro_reservoir,2030,2,113,113,236.23500528661444
4129,hydro_reservoir,2030,2,114,114,235.85146124811067
4130,hydro_reservoir,2030,2,115,115,235.01622673586957
4131,hydro_reservoir,2030,2,116,116,234.24637656575769
4132,hydro_reservoir,2030,2,117,117,233.75617277384447
4133,hydro_reservoir,2030,2,118,118,233.39666764855926
4134,hydro_reservoir,2030,2,119,119,233.61733175679572
4135,hydro_reservoir,2030,2,120,120,232.4977203951289
4136,hydro_reservoir,2030,2,121,121,232.0556042078869
4137,hydro_reservoir,2030,2,122,122,231.24201784130634
4138,hydro_reservoir,2030,2,123,123,228.76943587738313
4139,hydro_reservoir,2030,2,124,124,228.5480739976128
4140,hydro_reservoir,2030,2,125,125,227.82952865360483
4141,hydro_reservoir,2030,2,126,126,227.52063858851957
4142,hydro_reservoir,2030,2,127,127,226.94765468033583
4143,hydro_reservoir,2030,2,128,128,226.59438354669487
4144,hydro_reservoir,2030,2,129,129,224.1389407707203
4145,hydro_reservoir,2030,2,130,130,224.4374677923069
4146,hydro_reservoir,2030,2,131,131,224.256717483193
4147,hydro_reservoir,2030,2,132,132,223.9698097265593
4148,hydro_reservoir,2030,2,133,133,223.01251305086078
4149,hydro_reservoir,2030,2,134,134,222.83872953904933
4150,hydro_reservoir,2030,2,135,135,221.7392524702116
4151,hydro_reservoir,2030,2,136,136,221.57880796687311
4152,hydro_reservoir,2030,2,137,137,221.25704722319537
4153,hydro_reservoir,2030,2,138,138,221.1700256161726
4154,hydro_reservoir,2030,2,139,139,221.5691491877266
4155,hydro_reservoir,2030,2,140,140,220.71735646502245
4156,hydro_reservoir,2030,2,141,141,219.88437285891837
4157,hydro_reservoir,2030,2,142,142,220.0281565777836
4158,hydro_reservoir,2030,2,143,143,219.972720565361
4159,hydro_reservoir,2030,2,144,144,218.76795156756995
4160,hydro_reservoir,2030,2,145,145,218.57317015706815
4161,hydro_reservoir,2030,2,146,146,217.84108534214437
4162,hydro_reservoir,2030,2,147,147,218.20163103551675
4163,hydro_reservoir,2030,2,148,148,218.12741246777622
4164,hydro_reservoir,2030,2,149,149,217.56649203130627
4165,hydro_reservoir,2030,2,150,150,217.79016462369438
4166,hydro_reservoir,2030,2,151,151,217.51097629323195
4167,hydro_reservoir,2030,2,152,152,217.25383970461624
4168,hydro_reservoir,2030,2,153,153,216.87800564761142
4169,hydro_reservoir,2030,2,154,154,216.2323630413582
4170,hydro_reservoir,2030,2,155,155,217.18853991604183
4171,hydro_reservoir,2030,2,156,156,218.57023757833434
4172,hydro_reservoir,2030,2,157,157,219.9370110631244
4173,hydro_reservoir,2030,2,158,158,219.3985207296781
4174,hydro_reservoir,2030,2,159,159,218.50365193585603
4175,hydro_reservoir,2030,2,160,160,217.82840283374426
4176,hydro_reservoir,2030,2,161,161,218.4835286334763
4177,hydro_reservoir,2030,2,162,162,218.37238467068943
4178,hydro_reservoir,2030,2,163,163,217.82041221212853
4179,hydro_reservoir,2030,2,164,164,217.55917084475797
4180,hydro_reservoir,2030,2,165,165,219.0261725715359
4181,hydro_reservoir,2030,2,166,166,220.40101624376834
4182,hydro_reservoir,2030,2,167,167,220.59463583922135
4183,hydro_reservoir,2030,2,168,168,219.7144224667446
4184,hydro_reservoir,2030,2,169,169,219.5776927173455
4185,hydro_reservoir,2030,2,170,170,219.8064855028982
4186,hydro_reservoir,2030,2,171,171,219.50981946455596
4187,hydro_reservoir,2030,2,172,172,218.78091035591817
4188,hydro_reservoir,2030,2,173,173,218.43099369944062
4189,hydro_reservoir,2030,2,174,174,219.04157170977098
4190,hydro_reservoir,2030,2,175,175,219.47821907494614
4191,hydro_reservoir,2030,2,176,176,218.75327714352144
4192,hydro_reservoir,2030,2,177,177,218.60515772180986
4193,hydro_reservoir,2030,2,178,178,218.25754221824081
4194,hydro_reservoir,2030,2,179,179,218.26875429944147
4195,hydro_reservoir,2030,2,180,180,217.5463172652587
4196,hydro_reservoir,2030,2,181,181,217.253553006356
4197,hydro_reservoir,2030,2,182,182,217.9970362633857
4198,hydro_reservoir,2030,2,183,183,217.23932523626917
4199,hydro_reservoir,2030,2,184,184,217.6294204355694
4200,hydro_reservoir,2030,2,185,185,218.1195448861761
4201,hydro_reservoir,2030,2,186,186,218.2603637846228
4202,hydro_reservoir,2030,2,187,187,218.28027459243907
4203,hydro_reservoir,2030,2,188,188,218.21022687972592
4204,hydro_reservoir,2030,2,189,189,216.46134617435908
4205,hydro_reservoir,2030,2,190,190,216.713783628843
4206,hydro_reservoir,2030,2,191,191,216.8283955808664
4207,hydro_reservoir,2030,2,192,192,216.77892549113582
4208,hydro_reservoir,2030,2,193,193,216.62093447303553
4209,hydro_reservoir,2030,2,194,194,216.7508004370665
4210,hydro_reservoir,2030,2,195,195,216.0556201052624
4211,hydro_reservoir,2030,2,196,196,215.4900459689545
4212,hydro_reservoir,2030,2,197,197,215.34879997420003
4213,hydro_reservoir,2030,2,198,198,215.21058185668625
4214,hydro_reservoir,2030,2,199,199,214.28676034639213
4215,hydro_reservoir,2030,2,200,200,213.80609465734778
4216,hydro_reservoir,2030,2,201,201,213.95636316789168
4217,hydro_reservoir,2030,2,202,202,214.14080416217152
4218,hydro_reservoir,2030,2,203,203,214.3982898101256
4219,hydro_reservoir,2030,2,204,204,214.59013936999557
4220,hydro_reservoir,2030,2,205,205,214.4941936031844
4221,hydro_reservoir,2030,2,206,206,214.52351158807224
4222,hydro_reservoir,2030,2,207,207,213.80864223048377
4223,hydro_reservoir,2030,2,208,208,214.00219770976355
4224,hydro_reservoir,2030,2,209,209,213.10774979549996
4225,hydro_reservoir,2030,2,210,210,211.69569732285436
4226,hydro_reservoir,2030,2,211,211,210.74587007481045
4227,hydro_reservoir,2030,2,212,212,209.8439201372477
4228,hydro_reservoir,2030,2,213,213,209.92223014369898
4229,hydro_reservoir,2030,2,214,214,209.9780752393517
4230,hydro_reservoir,2030,2,215,215,210.46038755065666
4231,hydro_reservoir,2030,2,216,216,210.68715552958963
4232,hydro_reservoir,2030,2,217,217,210.634299173569
4233,hydro_reservoir,2030,2,218,218,210.2970564446325
4234,hydro_reservoir,2030,2,219,219,210.09806562126784
4235,hydro_reservoir,2030,2,220,220,210.93555342538917
4236,hydro_reservoir,2030,2,221,221,211.9123295822504
4237,hydro_reservoir,2030,2,222,222,212.84566968224064
4238,hydro_reservoir,2030,2,223,223,212.00106177327135
4239,hydro_reservoir,2030,2,224,224,212.09291506500205
4240,hydro_reservoir,2030,2,225,225,212.26507175475177
4241,hydro_reservoir,2030,2,226,226,212.11575601200065
4242,hydro_reservoir,2030,2,227,227,211.83435705181233
4243,hydro_reservoir,2030,2,228,228,211.950584969705
4244,hydro_reservoir,2030,2,229,229,212.1865314139245
4245,hydro_reservoir,2030,2,230,230,212.02425386263366
4246,hydro_reservoir,2030,2,231,231,211.42585958713997
4247,hydro_reservoir,2030,2,232,232,210.76274566833445
4248,hydro_reservoir,2030,2,233,233,210.16135152595973
4249,hydro_reservoir,2030,2,234,234,209.64397370786318
4250,hydro_reservoir,2030,2,235,235,209.59450191348878
4251,hydro_reservoir,2030,2,236,236,209.72769348488885
4252,hydro_reservoir,2030,2,237,237,210.22571916251547
4253,hydro_reservoir,2030,2,238,238,210.19091326940836
4254,hydro_reservoir,2030,2,239,239,209.44113530036557
4255,hydro_reservoir,2030,2,240,240,208.86383479603347
4256,hydro_reservoir,2030,2,241,241,208.50553706124026
4257,hydro_reservoir,2030,2,242,242,207.81602922910648
4258,hydro_reservoir,2030,2,243,243,208.19055276479222
4259,hydro_reservoir,2030,2,244,244,209.14954614925472
4260,hydro_reservoir,2030,2,245,245,209.80654167750822
4261,hydro_reservoir,2030,2,246,246,210.65379123579845
4262,hydro_reservoir,2030,2,247,247,211.56743358564765
4263,hydro_reservoir,2030,2,248,248,211.32805059847203
4264,hydro_reservoir,2030,2,249,249,211.33746934462292
4265,hydro_reservoir,2030,2,250,250,210.98703976669407
4266,hydro_reservoir,2030,2,251,251,210.32491898364307
4267,hydro_reservoir,2030,2,252,252,209.97455037553243
4268,hydro_reservoir,2030,2,253,253,209.09608452046777
4269,hydro_reservoir,2030,2,254,254,209.30182930845308
4270,hydro_reservoir,2030,2,255,255,209.82149595307862
4271,hydro_reservoir,2030,2,256,256,208.46470661715674
4272,hydro_reservoir,2030,2,257,257,208.4709249280601
4273,hydro_reservoir,2030,2,258,258,207.68679312222685
4274,hydro_reservoir,2030,2,259,259,208.41037693713858
4275,hydro_reservoir,2030,2,260,260,208.73861484428738
4276,hydro_reservoir,2030,2,261,261,207.70090084217813
4277,hydro_reservoir,2030,2,262,262,206.7917283911485
4278,hydro_reservoir,2030,2,263,263,206.6653626978951
4279,hydro_reservoir,2030,2,264,264,205.9894786745258
4280,hydro_reservoir,2030,2,265,265,206.48889236048268
4281,hydro_reservoir,2030,2,266,266,206.80667523892595
4282,hydro_reservoir,2030,2,267,267,206.83778214105953
4283,hydro_reservoir,2030,2,268,268,206.57060742784287
4284,hydro_reservoir,2030,2,269,269,205.9729220212083
4285,hydro_reservoir,2030,2,270,270,205.430262485086
4286,hydro_reservoir,2030,2,271,271,204.86451262718387
4287,hydro_reservoir,2030,2,272,272,205.12779749711848
4288,hydro_reservoir,2030,2,273,273,204.98134460184144
4289,hydro_reservoir,2030,2,274,274,205.0740487743416
4290,hydro_reservoir,2030,2,275,275,205.56204876770528
4291,hydro_reservoir,2030,2,276,276,205.93276310733256
4292,hydro_reservoir,2030,2,277,277,205.21659411702794
4293,hydro_reservoir,2030,2,278,278,204.81919532539558
4294,hydro_reservoir,2030,2,279,279,204.4598089968685
4295,hydro_reservoir,2030,2,280,280,203.6166163251396
4296,hydro_reservoir,2030,2,281,281,204.0344252836135
4297,hydro_reservoir,2030,2,282,282,204.18425889901533
4298,hydro_reservoir,2030,2,283,283,204.4895693568207
4299,hydro_reservoir,2030,2,284,284,204.07605634494547
4300,hydro_reservoir,2030,2,285,285,204.0493163925403
4301,hydro_reservoir,2030,2,286,286,203.2764255924135
4302,hydro_reservoir,2030,2,287,287,202.84677672256203
4303,hydro_reservoir,2030,2,288,288,202.63373950896187
4304,hydro_reservoir,2030,2,289,289,202.9108336833821
4305,hydro_reservoir,2030,2,290,290,202.26532117972582
4306,hydro_reservoir,2030,2,291,291,201.49025349674326
4307,hydro_reservoir,2030,2,292,292,201.65725828210964
4308,hydro_reservoir,2030,2,293,293,202.13313903634509
4309,hydro_reservoir,2030,2,294,294,202.4408066513045
4310,hydro_reservoir,2030,2,295,295,201.5641902677423
4311,hydro_reservoir,2030,2,296,296,201.15697882265587
4312,hydro_reservoir,2030,2,297,297,201.6118898671167
4313,hydro_reservoir,2030,2,298,298,201.70076189540802
4314,hydro_reservoir,2030,2,299,299,202.36197328451178
4315,hydro_reservoir,2030,2,300,300,202.87836864365192
4316,hydro_reservoir,2030,2,301,301,203.7626264920694
4317,hydro_reservoir,2030,2,302,302,204.8171704658952
4318,hydro_reservoir,2030,2,303,303,206.02650046791763
4319,hydro_reservoir,2030,2,304,304,207.32312731025254
4320,hydro_reservoir,2030,2,305,305,207.81758570485644
4321,hydro_reservoir,2030,2,306,306,207.00500400114842
4322,hydro_reservoir,2030,2,307,307,206.35064205267943
4323,hydro_reservoir,2030,2,308,308,205.7287545821198
4324,hydro_reservoir,2030,2,309,309,206.07037440616836
4325,hydro_reservoir,2030,2,310,310,205.3082965258176
4326,hydro_reservoir,2030,2,311,311,205.4687943211689
4327,hydro_reservoir,2030,2,312,312,204.5777181842492
4328,hydro_reservoir,2030,2,313,313,204.3390330006644
4329,hydro_reservoir,2030,2,314,314,204.5842434894777
4330,hydro_reservoir,2030,2,315,315,204.6692670553968
4331,hydro_reservoir,2030,2,316,316,204.48718286768394
4332,hydro_reservoir,2030,2,317,317,203.7258250894115
4333,hydro_reservoir,2030,2,318,318,203.1567780352107
4334,hydro_reservoir,2030,2,319,319,202.66965792421743
4335,hydro_reservoir,2030,2,320,320,202.2286303758188
4336,hydro_reservoir,2030,2,321,321,202.26612590647656
4337,hydro_reservoir,2030,2,322,322,201.1545606612874
4338,hydro_reservoir,2030,2,323,323,201.7416055549831
4339,hydro_reservoir,2030,2,324,324,202.07837088582323
4340,hydro_reservoir,2030,2,325,325,201.99680830160386
4341,hydro_reservoir,2030,2,326,326,200.9232738114762
4342,hydro_reservoir,2030,2,327,327,201.6053788432639
4343,hydro_reservoir,2030,2,328,328,200.6851182533343
4344,hydro_reservoir,2030,2,329,329,200.8894032518835
4345,hydro_reservoir,2030,2,330,330,202.49010638355963
4346,hydro_reservoir,2030,2,331,331,202.17313431333451
4347,hydro_reservoir,2030,2,332,332,202.16250448615938
4348,hydro_reservoir,2030,2,333,333,201.194144671081
4349,hydro_reservoir,2030,2,334,334,201.10617634804203
4350,hydro_reservoir,2030,2,335,335,200.5544823181573
4351,hydro_reservoir,2030,2,336,336,199.8817440159149
4352,hydro_reservoir,2030,2,337,337,199.72469824622004
4353,hydro_reservoir,2030,2,338,338,198.9185361014518
4354,hydro_reservoir,2030,2,339,339,198.1812740301226
4355,hydro_reservoir,2030,2,340,340,199.24096577278783
4356,hydro_reservoir,2030,2,341,341,198.8536571234407
4357,hydro_reservoir,2030,2,342,342,200.66609958122848
4358,hydro_reservoir,2030,2,343,343,201.16651518757976
4359,hydro_reservoir,2030,2,344,344,201.03101443324226
4360,hydro_reservoir,2030,2,345,345,202.8266437632347
4361,hydro_reservoir,2030,2,346,346,204.51143857218227
4362,hydro_reservoir,2030,2,347,347,203.99009511500967
4363,hydro_reservoir,2030,2,348,348,204.58532703597447
4364,hydro_reservoir,2030,2,349,349,204.9753068854855
4365,hydro_reservoir,2030,2,350,350,206.60126223227545
4366,hydro_reservoir,2030,2,351,351,208.0992732725276
4367,hydro_reservoir,2030,2,352,352,206.67009983943552
4368,hydro_reservoir,2030,2,353,353,206.72927314619082
4369,hydro_reservoir,2030,2,354,354,203.76097268758045
4370,hydro_reservoir,2030,2,355,355,204.36765909539915
4371,hydro_reservoir,2030,2,356,356,202.71713195212666
4372,hydro_reservoir,2030,2,357,357,202.0352155123168
4373,hydro_reservoir,2030,2,358,358,202.40543221230314
4374,hydro_reservoir,2030,2,359,359,201.39812084823336
4375,hydro_reservoir,2030,2,360,360,202.01427354102475
4376,hydro_reservoir,2030,2,361,361,201.45959365701668
4377,hydro_reservoir,2030,2,362,362,199.73703966691224
4378,hydro_reservoir,2030,2,363,363,198.57770503125303
4379,hydro_reservoir,2030,2,364,364,199.98841720179087
4380,hydro_reservoir,2030,2,365,365,201.6
4381,hydro_reservoir,2030,3,1,1,201.49065070591246
4382,hydro_reservoir,2030,3,2,2,202.43228178170307
4383,hydro_reservoir,2030,3,3,3,204.09178857134293
4384,hydro_reservoir,2030,3,4,4,204.48553467104554
4385,hydro_reservoir,2030,3,5,5,204.70358171556282
4386,hydro_reservoir,2030,3,6,6,204.42087005011615
4387,hydro_reservoir,2030,3,7,7,204.60916353991766
4388,hydro_reservoir,2030,3,8,8,204.08745783456231
4389,hydro_reservoir,2030,3,9,9,204.10017594625168
4390,hydro_reservoir,2030,3,10,10,203.88973556783554
4391,hydro_reservoir,2030,3,11,11,203.91058081013745
4392,hydro_reservoir,2030,3,12,12,203.84978505908865
4393,hydro_reservoir,2030,3,13,13,203.86541777974762
4394,hydro_reservoir,2030,3,14,14,203.67190807214845
4395,hydro_reservoir,2030,3,15,15,203.10308531223495
4396,hydro_reservoir,2030,3,16,16,203.02641553645287
4397,hydro_reservoir,2030,3,17,17,202.14902694390378
4398,hydro_reservoir,2030,3,18,18,201.98773930955736
4399,hydro_reservoir,2030,3,19,19,202.06837402676504
4400,hydro_reservoir,2030,3,20,20,202.15648908964084
4401,hydro_reservoir,2030,3,21,21,202.1064214006328
4402,hydro_reservoir,2030,3,22,22,202.1728824440863
4403,hydro_reservoir,2030,3,23,23,202.28620252763184
4404,hydro_reservoir,2030,3,24,24,202.43298308478248
4405,hydro_reservoir,2030,3,25,25,202.5968502127563
4406,hydro_reservoir,2030,3,26,26,202.8885654917862
4407,hydro_reservoir,2030,3,27,27,203.4840225559393
4408,hydro_reservoir,2030,3,28,28,202.83798869999816
4409,hydro_reservoir,2030,3,29,29,202.3546546173209
4410,hydro_reservoir,2030,3,30,30,202.14490819927636
4411,hydro_reservoir,2030,3,31,31,202.30296130250008
4412,hydro_reservoir,2030,3,32,32,201.09189760149096
4413,hydro_reservoir,2030,3,33,33,201.06131561546232
4414,hydro_reservoir,2030,3,34,34,201.03338115496496
4415,hydro_reservoir,2030,3,35,35,200.6487792170733
4416,hydro_reservoir,2030,3,36,36,200.78567348080108
4417,hydro_reservoir,2030,3,37,37,200.80312518524977
4418,hydro_reservoir,2030,3,38,38,200.96742566949177
4419,hydro_reservoir,2030,3,39,39,201.11777332585794
4420,hydro_reservoir,2030,3,40,40,201.02439676179773
4421,hydro_reservoir,2030,3,41,41,201.06287905088982
4422,hydro_reservoir,2030,3,42,42,201.1431799214963
4423,hydro_reservoir,2030,3,43,43,201.2865369817866
4424,hydro_reservoir,2030,3,44,44,201.5468903792872
4425,hydro_reservoir,2030,3,45,45,201.57922036843686
4426,hydro_reservoir,2030,3,46,46,201.81627808487553
4427,hydro_reservoir,2030,3,47,47,203.07805614406993
4428,hydro_reservoir,2030,3,48,48,203.96169142748437
4429,hydro_reservoir,2030,3,49,49,204.1455593421575
4430,hydro_reservoir,2030,3,50,50,203.8930356276441
4431,hydro_reservoir,2030,3,51,51,204.02752642852772
4432,hydro_reservoir,2030,3,52,52,202.65935295412368
4433,hydro_reservoir,2030,3,53,53,202.76949152461697
4434,hydro_reservoir,2030,3,54,54,203.77376165257482
4435,hydro_reservoir,2030,3,55,55,204.3481602642119
4436,hydro_reservoir,2030,3,56,56,204.48956973840538
4437,hydro_reservoir,2030,3,57,57,204.59337272797066
4438,hydro_reservoir,2030,3,58,58,203.77892320942627
4439,hydro_reservoir,2030,3,59,59,203.62438244167132
4440,hydro_reservoir,2030,3,60,60,204.15898914637657
4441,hydro_reservoir,2030,3,61,61,203.9397160944145
4442,hydro_reservoir,2030,3,62,62,204.0068738289986
4443,hydro_reservoir,2030,3,63,63,204.0015749857903
4444,hydro_reservoir,2030,3,64,64,203.85769696518275
4445,hydro_reservoir,2030,3,65,65,203.827472801789
4446,hydro_reservoir,2030,3,66,66,204.43187613651705
4447,hydro_reservoir,2030,3,67,67,203.49998363989025
4448,hydro_reservoir,2030,3,68,68,203.87622589817317
4449,hydro_reservoir,2030,3,69,69,204.04255188506644
4450,hydro_reservoir,2030,3,70,70,203.86619197508296
4451,hydro_reservoir,2030,3,71,71,204.00237215521096
4452,hydro_reservoir,2030,3,72,72,203.79881364054026
4453,hydro_reservoir,2030,3,73,73,204.3294361872038
4454,hydro_reservoir,2030,3,74,74,204.21164766197649
4455,hydro_reservoir,2030,3,75,75,204.42795106558847
4456,hydro_reservoir,2030,3,76,76,204.5467852001504
4457,hydro_reservoir,2030,3,77,77,203.9818462255454
4458,hydro_reservoir,2030,3,78,78,205.25666594503005
4459,hydro_reservoir,2030,3,79,79,203.8335983452981
4460,hydro_reservoir,2030,3,80,80,203.71895076783616
4461,hydro_reservoir,2030,3,81,81,203.50199808020741
4462,hydro_reservoir,2030,3,82,82,203.5682489556168
4463,hydro_reservoir,2030,3,83,83,203.76137125544824
4464,hydro_reservoir,2030,3,84,84,203.05932352954926
4465,hydro_reservoir,2030,3,85,85,202.93563611182904
4466,hydro_reservoir,2030,3,86,86,203.0662740910653
4467,hydro_reservoir,2030,3,87,87,203.0492617946642
4468,hydro_reservoir,2030,3,88,88,203.36155091940788
4469,hydro_reservoir,2030,3,89,89,203.6820431814996
4470,hydro_reservoir,2030,3,90,90,203.55558459422082
4471,hydro_reservoir,2030,3,91,91,203.840909006668
4472,hydro_reservoir,2030,3,92,92,203.39928289982467
4473,hydro_reservoir,2030,3,93,93,202.7531902385883
4474,hydro_reservoir,2030,3,94,94,202.9118119004566
4475,hydro_reservoir,2030,3,95,95,203.0345974539427
4476,hydro_reservoir,2030,3,96,96,203.13216804407557
4477,hydro_reservoir,2030,3,97,97,202.45443721843824
4478,hydro_reservoir,2030,3,98,98,203.75243599702895
4479,hydro_reservoir,2030,3,99,99,205.0149374040271
4480,hydro_reservoir,2030,3,100,100,206.03305561813704
4481,hydro_reservoir,2030,3,101,101,205.37965407556246
4482,hydro_reservoir,2030,3,102,102,205.6929375443466
4483,hydro_reservoir,2030,3,103,103,205.4529199569937
4484,hydro_reservoir,2030,3,104,104,205.53187392071698
4485,hydro_reservoir,2030,3,105,105,205.76790726259415
4486,hydro_reservoir,2030,3,106,106,205.39621224087193
4487,hydro_reservoir,2030,3,107,107,205.313506630269
4488,hydro_reservoir,2030,3,108,108,204.92508747909886
4489,hydro_reservoir,2030,3,109,109,204.75131760081786
4490,hydro_reservoir,2030,3,110,110,203.68759545098445
4491,hydro_reservoir,2030,3,111,111,203.39865136984236
4492,hydro_reservoir,2030,3,112,112,204.35510710775327
4493,hydro_reservoir,2030,3,113,113,205.290556843203
4494,hydro_reservoir,2030,3,114,114,205.71904098734402
4495,hydro_reservoir,2030,3,115,115,205.4938299411428
4496,hydro_reservoir,2030,3,116,116,205.21624212303092
4497,hydro_reservoir,2030,3,117,117,204.51263455649115
4498,hydro_reservoir,2030,3,118,118,203.0781823395056
4499,hydro_reservoir,2030,3,119,119,203.0553626820431
4500,hydro_reservoir,2030,3,120,120,203.2248913835737
4501,hydro_reservoir,2030,3,121,121,202.16581846275278
4502,hydro_reservoir,2030,3,122,122,202.82546103280393
4503,hydro_reservoir,2030,3,123,123,202.9962504092898
4504,hydro_reservoir,2030,3,124,124,202.97465520309126
4505,hydro_reservoir,2030,3,125,125,203.099835517609
4506,hydro_reservoir,2030,3,126,126,203.23225138078462
4507,hydro_reservoir,2030,3,127,127,201.99204364303625
4508,hydro_reservoir,2030,3,128,128,201.8108657917837
4509,hydro_reservoir,2030,3,129,129,202.53004841399493
4510,hydro_reservoir,2030,3,130,130,201.69106631505977
4511,hydro_reservoir,2030,3,131,131,201.37185327107304
4512,hydro_reservoir,2030,3,132,132,201.2419300094331
4513,hydro_reservoir,2030,3,133,133,201.83406777397852
4514,hydro_reservoir,2030,3,134,134,200.5099477628792
4515,hydro_reservoir,2030,3,135,135,200.6152844069374
4516,hydro_reservoir,2030,3,136,136,199.80218323061766
4517,hydro_reservoir,2030,3,137,137,198.99772271924414
4518,hydro_reservoir,2030,3,138,138,199.32664483187457
4519,hydro_reservoir,2030,3,139,139,200.18176914078663
4520,hydro_reservoir,2030,3,140,140,201.07639017982436
4521,hydro_reservoir,2030,3,141,141,201.2485686817698
4522,hydro_reservoir,2030,3,142,142,200.221204440632
4523,hydro_reservoir,2030,3,143,143,200.13478223603684
4524,hydro_reservoir,2030,3,144,144,200.02197214313816
4525,hydro_reservoir,2030,3,145,145,199.7617184486307
4526,hydro_reservoir,2030,3,146,146,199.53901697499887
4527,hydro_reservoir,2030,3,147,147,199.47676605233636
4528,hydro_reservoir,2030,3,148,148,199.29103016790344
4529,hydro_reservoir,2030,3,149,149,199.18096605248465
4530,hydro_reservoir,2030,3,150,150,199.09672006814682
4531,hydro_reservoir,2030,3,151,151,198.8169331193207
4532,hydro_reservoir,2030,3,152,152,198.710359237705
4533,hydro_reservoir,2030,3,153,153,197.16603498094065
4534,hydro_reservoir,2030,3,154,154,197.61764515494934
4535,hydro_reservoir,2030,3,155,155,197.50105347140172
4536,hydro_reservoir,2030,3,156,156,197.67264161880559
4537,hydro_reservoir,2030,3,157,157,197.90893839337738
4538,hydro_reservoir,2030,3,158,158,196.74652695153094
4539,hydro_reservoir,2030,3,159,159,196.57207090664926
4540,hydro_reservoir,2030,3,160,160,196.5001744278809
4541,hydro_reservoir,2030,3,161,161,196.81968127316713
4542,hydro_reservoir,2030,3,162,162,196.84611591971418
4543,hydro_reservoir,2030,3,163,163,195.95822473982741
4544,hydro_reservoir,2030,3,164,164,195.8420959193497
4545,hydro_reservoir,2030,3,165,165,194.69903050179042
4546,hydro_reservoir,2030,3,166,166,193.62186885696428
4547,hydro_reservoir,2030,3,167,167,194.49492103157687
4548,hydro_reservoir,2030,3,168,168,193.86745650087312
4549,hydro_reservoir,2030,3,169,169,193.7607298404308
4550,hydro_reservoir,2030,3,170,170,194.05061288014883
4551,hydro_reservoir,2030,3,171,171,194.15293583213088
4552,hydro_reservoir,2030,3,172,172,194.3809314730712
4553,hydro_reservoir,2030,3,173,173,193.13152211067168
4554,hydro_reservoir,2030,3,174,174,193.15398226088345
4555,hydro_reservoir,2030,3,175,175,193.16554246446947
4556,hydro_reservoir,2030,3,176,176,192.9026898421475
4557,hydro_reservoir,2030,3,177,177,192.64199158281724
4558,hydro_reservoir,2030,3,178,178,192.74631993650175
4559,hydro_reservoir,2030,3,179,179,192.35518052578374
4560,hydro_reservoir,2030,3,180,180,191.2628347002188
4561,hydro_reservoir,2030,3,181,181,191.21041591212168
4562,hydro_reservoir,2030,3,182,182,190.1269121003551
4563,hydro_reservoir,2030,3,183,183,190.43940084092554
4564,hydro_reservoir,2030,3,184,184,190.59857551967573
4565,hydro_reservoir,2030,3,185,185,190.7443224944866
4566,hydro_reservoir,2030,3,186,186,190.78444074937775
4567,hydro_reservoir,2030,3,187,187,190.35689936488606
4568,hydro_reservoir,2030,3,188,188,188.55105841272209
4569,hydro_reservoir,2030,3,189,189,188.34900729227854
4570,hydro_reservoir,2030,3,190,190,188.4774785143019
4571,hydro_reservoir,2030,3,191,191,187.91043933248503
4572,hydro_reservoir,2030,3,192,192,186.89318830186545
4573,hydro_reservoir,2030,3,193,193,186.7024917587706
4574,hydro_reservoir,2030,3,194,194,186.8219355236249
4575,hydro_reservoir,2030,3,195,195,187.39357060123157
4576,hydro_reservoir,2030,3,196,196,187.62103997865464
4577,hydro_reservoir,2030,3,197,197,187.4419127793416
4578,hydro_reservoir,2030,3,198,198,187.19390436559698
4579,hydro_reservoir,2030,3,199,199,187.49521994127633
4580,hydro_reservoir,2030,3,200,200,187.77521964661707
4581,hydro_reservoir,2030,3,201,201,187.84333248312245
4582,hydro_reservoir,2030,3,202,202,188.10197900766414
4583,hydro_reservoir,2030,3,203,203,188.14860568885803
4584,hydro_reservoir,2030,3,204,204,188.15193966309883
4585,hydro_reservoir,2030,3,205,205,187.507817323716
4586,hydro_reservoir,2030,3,206,206,187.29159260318548
4587,hydro_reservoir,2030,3,207,207,187.01069701637851
4588,hydro_reservoir,2030,3,208,208,186.64580993917286
4589,hydro_reservoir,2030,3,209,209,185.91049312072107
4590,hydro_reservoir,2030,3,210,210,186.2011980762071
4591,hydro_reservoir,2030,3,211,211,186.31133791506159
4592,hydro_reservoir,2030,3,212,212,186.47052694816196
4593,hydro_reservoir,2030,3,213,213,186.31309550649263
4594,hydro_reservoir,2030,3,214,214,186.49676381913227
4595,hydro_reservoir,2030,3,215,215,186.69358113332368
4596,hydro_reservoir,2030,3,216,216,186.78292715605215
4597,hydro_reservoir,2030,3,217,217,186.50416664062547
4598,hydro_reservoir,2030,3,218,218,185.45028347479544
4599,hydro_reservoir,2030,3,219,219,185.90470315868373
4600,hydro_reservoir,2030,3,220,220,185.6982073342633
4601,hydro_reservoir,2030,3,221,221,185.3449698392203
4602,hydro_reservoir,2030,3,222,222,185.53586479430973
4603,hydro_reservoir,2030,3,223,223,185.80799126726637
4604,hydro_reservoir,2030,3,224,224,185.05547321613844
4605,hydro_reservoir,2030,3,225,225,185.14867707559318
4606,hydro_reservoir,2030,3,226,226,183.86995470020221
4607,hydro_reservoir,2030,3,227,227,183.66797645925817
4608,hydro_reservoir,2030,3,228,228,183.49248877056434
4609,hydro_reservoir,2030,3,229,229,181.996383641446
4610,hydro_reservoir,2030,3,230,230,182.0695259380181
4611,hydro_reservoir,2030,3,231,231,179.8474900925775
4612,hydro_reservoir,2030,3,232,232,179.42182490236698
4613,hydro_reservoir,2030,3,233,233,179.43311867767116
4614,hydro_reservoir,2030,3,234,234,179.34033427521626
4615,hydro_reservoir,2030,3,235,235,179.28569533530532
4616,hydro_reservoir,2030,3,236,236,179.4461047074627
4617,hydro_reservoir,2030,3,237,237,179.70251908490692
4618,hydro_reservoir,2030,3,238,238,179.8631821933849
4619,hydro_reservoir,2030,3,239,239,180.18310464568893
4620,hydro_reservoir,2030,3,240,240,180.43116675924065
4621,hydro_reservoir,2030,3,241,241,179.25734852333744
4622,hydro_reservoir,2030,3,242,242,179.43896930518437
4623,hydro_reservoir,2030,3,243,243,179.26145343216044
4624,hydro_reservoir,2030,3,244,244,179.1766822859107
4625,hydro_reservoir,2030,3,245,245,179.4988988943951
4626,hydro_reservoir,2030,3,246,246,179.62063877954785
4627,hydro_reservoir,2030,3,247,247,179.90533380317552
4628,hydro_reservoir,2030,3,248,248,180.10203036643748
4629,hydro_reservoir,2030,3,249,249,179.03792131532302
4630,hydro_reservoir,2030,3,250,250,179.6456002094026
4631,hydro_reservoir,2030,3,251,251,179.02692526135166
4632,hydro_reservoir,2030,3,252,252,179.24355392789474
4633,hydro_reservoir,2030,3,253,253,179.48336080452276
4634,hydro_reservoir,2030,3,254,254,179.71026742270917
4635,hydro_reservoir,2030,3,255,255,180.03126746048926
4636,hydro_reservoir,2030,3,256,256,180.0851139292526
4637,hydro_reservoir,2030,3,257,257,180.4579226271248
4638,hydro_reservoir,2030,3,258,258,180.6035693209814
4639,hydro_reservoir,2030,3,259,259,180.79907767568784
4640,hydro_reservoir,2030,3,260,260,180.7730277625166
4641,hydro_reservoir,2030,3,261,261,180.96636405327234
4642,hydro_reservoir,2030,3,262,262,181.12038050330986
4643,hydro_reservoir,2030,3,263,263,181.19962985539323
4644,hydro_reservoir,2030,3,264,264,180.0910115772681
4645,hydro_reservoir,2030,3,265,265,180.17882484677935
4646,hydro_reservoir,2030,3,266,266,180.47790390311923
4647,hydro_reservoir,2030,3,267,267,180.15826760520446
4648,hydro_reservoir,2030,3,268,268,180.17428971193752
4649,hydro_reservoir,2030,3,269,269,180.2398205391097
4650,hydro_reservoir,2030,3,270,270,180.3139437728955
4651,hydro_reservoir,2030,3,271,271,180.51167688168064
4652,hydro_reservoir,2030,3,272,272,180.69005417912015
4653,hydro_reservoir,2030,3,273,273,180.89008710580868
4654,hydro_reservoir,2030,3,274,274,180.8917163528027
4655,hydro_reservoir,2030,3,275,275,180.523027656832
4656,hydro_reservoir,2030,3,276,276,180.79599847519452
4657,hydro_reservoir,2030,3,277,277,180.4069801310606
4658,hydro_reservoir,2030,3,278,278,180.3436415387526
4659,hydro_reservoir,2030,3,279,279,180.5257940824978
4660,hydro_reservoir,2030,3,280,280,180.3333173870776
4661,hydro_reservoir,2030,3,281,281,180.35209065930235
4662,hydro_reservoir,2030,3,282,282,180.49771200341937
4663,hydro_reservoir,2030,3,283,283,180.9197714022411
4664,hydro_reservoir,2030,3,284,284,182.10861921357179
4665,hydro_reservoir,2030,3,285,285,182.9956266437068
4666,hydro_reservoir,2030,3,286,286,183.8476833839955
4667,hydro_reservoir,2030,3,287,287,183.8593673740048
4668,hydro_reservoir,2030,3,288,288,184.41858053073992
4669,hydro_reservoir,2030,3,289,289,184.20936020600163
4670,hydro_reservoir,2030,3,290,290,184.26080585820839
4671,hydro_reservoir,2030,3,291,291,184.38025243627663
4672,hydro_reservoir,2030,3,292,292,184.66719942378128
4673,hydro_reservoir,2030,3,293,293,184.26775495095313
4674,hydro_reservoir,2030,3,294,294,184.96361475040854
4675,hydro_reservoir,2030,3,295,295,184.80961368353667
4676,hydro_reservoir,2030,3,296,296,185.13261731741352
4677,hydro_reservoir,2030,3,297,297,185.1683338681205
4678,hydro_reservoir,2030,3,298,298,185.49494743990383
4679,hydro_reservoir,2030,3,299,299,186.0256883209398
4680,hydro_reservoir,2030,3,300,300,187.10100683968363
4681,hydro_reservoir,2030,3,301,301,188.31965583447246
4682,hydro_reservoir,2030,3,302,302,188.93165957970658
4683,hydro_reservoir,2030,3,303,303,189.12938749577074
4684,hydro_reservoir,2030,3,304,304,189.13978858842998
4685,hydro_reservoir,2030,3,305,305,189.18586810459792
4686,hydro_reservoir,2030,3,306,306,189.5896916420958
4687,hydro_reservoir,2030,3,307,307,189.27265860583245
4688,hydro_reservoir,2030,3,308,308,189.36512961741738
4689,hydro_reservoir,2030,3,309,309,189.3441163612999
4690,hydro_reservoir,2030,3,310,310,189.39200890358526
4691,hydro_reservoir,2030,3,311,311,189.82498680690483
4692,hydro_reservoir,2030,3,312,312,191.18785743841784
4693,hydro_reservoir,2030,3,313,313,192.41403830063905
4694,hydro_reservoir,2030,3,314,314,193.8561377686031
4695,hydro_reservoir,2030,3,315,315,195.1079150032329
4696,hydro_reservoir,2030,3,316,316,195.60172522276443
4697,hydro_reservoir,2030,3,317,317,195.5381824150304
4698,hydro_reservoir,2030,3,318,318,195.51658924477906
4699,hydro_reservoir,2030,3,319,319,194.73807313364915
4700,hydro_reservoir,2030,3,320,320,194.82494424932096
4701,hydro_reservoir,2030,3,321,321,194.80376356892174
4702,hydro_reservoir,2030,3,322,322,194.62502644242298
4703,hydro_reservoir,2030,3,323,323,194.05866182618513
4704,hydro_reservoir,2030,3,324,324,194.07907476209314
4705,hydro_reservoir,2030,3,325,325,194.21931516875304
4706,hydro_reservoir,2030,3,326,326,194.3304329269546
4707,hydro_reservoir,2030,3,327,327,193.43051250594206
4708,hydro_reservoir,2030,3,328,328,193.28372890812503
4709,hydro_reservoir,2030,3,329,329,193.85585852667182
4710,hydro_reservoir,2030,3,330,330,193.81152487367171
4711,hydro_reservoir,2030,3,331,331,193.52327207421843
4712,hydro_reservoir,2030,3,332,332,193.37720553830792
4713,hydro_reservoir,2030,3,333,333,192.98666409802541
4714,hydro_reservoir,2030,3,334,334,193.43088307896704
4715,hydro_reservoir,2030,3,335,335,194.7662413957143
4716,hydro_reservoir,2030,3,336,336,195.52970695138734
4717,hydro_reservoir,2030,3,337,337,196.33293263555464
4718,hydro_reservoir,2030,3,338,338,197.10468783269286
4719,hydro_reservoir,2030,3,339,339,198.37549633503906
4720,hydro_reservoir,2030,3,340,340,199.84521698496084
4721,hydro_reservoir,2030,3,341,341,200.74156759683507
4722,hydro_reservoir,2030,3,342,342,202.61669987196734
4723,hydro_reservoir,2030,3,343,343,203.75904583996862
4724,hydro_reservoir,2030,3,344,344,202.90896013615267
4725,hydro_reservoir,2030,3,345,345,203.42840150300887
4726,hydro_reservoir,2030,3,346,346,204.30847431445002
4727,hydro_reservoir,2030,3,347,347,202.77589318711796
4728,hydro_reservoir,2030,3,348,348,202.12370501478622
4729,hydro_reservoir,2030,3,349,349,202.50633536079192
4730,hydro_reservoir,2030,3,350,350,203.0307964105695
4731,hydro_reservoir,2030,3,351,351,203.6463797572209
4732,hydro_reservoir,2030,3,352,352,203.06461406731802
4733,hydro_reservoir,2030,3,353,353,203.71733427558223
4734,hydro_reservoir,2030,3,354,354,203.40599712611095
4735,hydro_reservoir,2030,3,355,355,202.6658959905227
4736,hydro_reservoir,2030,3,356,356,202.98441387311993
4737,hydro_reservoir,2030,3,357,357,203.53654923091455
4738,hydro_reservoir,2030,3,358,358,204.0630420438291
4739,hydro_reservoir,2030,3,359,359,203.95622814658958
4740,hydro_reservoir,2030,3,360,360,204.753737573717
4741,hydro_reservoir,2030,3,361,361,203.8589940966892
4742,hydro_reservoir,2030,3,362,362,202.19598706049246
4743,hydro_reservoir,2030,3,363,363,202.4342716820525
4744,hydro_reservoir,2030,3,364,364,202.9600892001082
4745,hydro_reservoir,2030,3,365,365,201.6
4746,hydro_reservoir,2030,4,1,1,201.11408257786516
4747,hydro_reservoir,2030,4,2,2,201.85494067739108
4748,hydro_reservoir,2030,4,3,3,201.19420223426374
4749,hydro_reservoir,2030,4,4,4,201.8045876578799
4750,hydro_reservoir,2030,4,5,5,201.63983624486858
4751,hydro_reservoir,2030,4,6,6,200.89167737299792
4752,hydro_reservoir,2030,4,7,7,200.12558682289705
4753,hydro_reservoir,2030,4,8,8,199.37497423736204
4754,hydro_reservoir,2030,4,9,9,198.5838163430737
4755,hydro_reservoir,2030,4,10,10,197.8289670443565
4756,hydro_reservoir,2030,4,11,11,197.04373197469508
4757,hydro_reservoir,2030,4,12,12,196.40213467797815
4758,hydro_reservoir,2030,4,13,13,195.58830209134658
4759,hydro_reservoir,2030,4,14,14,194.74566992747546
4760,hydro_reservoir,2030,4,15,15,195.50617105215707
4761,hydro_reservoir,2030,4,16,16,196.31343369527772
4762,hydro_reservoir,2030,4,17,17,196.88595669277146
4763,hydro_reservoir,2030,4,18,18,197.52994018086176
4764,hydro_reservoir,2030,4,19,19,198.43980255317865
4765,hydro_reservoir,2030,4,20,20,199.2356195056713
4766,hydro_reservoir,2030,4,21,21,200.28659098595867
4767,hydro_reservoir,2030,4,22,22,200.33567235776948
4768,hydro_reservoir,2030,4,23,23,199.7038673318462
4769,hydro_reservoir,2030,4,24,24,198.79199982153915
4770,hydro_reservoir,2030,4,25,25,199.57669800893524
4771,hydro_reservoir,2030,4,26,26,200.0092694478987
4772,hydro_reservoir,2030,4,27,27,200.8537410149531
4773,hydro_reservoir,2030,4,28,28,201.40759968976909
4774,hydro_reservoir,2030,4,29,29,202.02395069950606
4775,hydro_reservoir,2030,4,30,30,202.85592735954364
4776,hydro_reservoir,2030,4,31,31,202.3603914717495
4777,hydro_reservoir,2030,4,32,32,201.50278691575824
4778,hydro_reservoir,2030,4,33,33,201.7845975990988
4779,hydro_reservoir,2030,4,34,34,202.02507787513315
4780,hydro_reservoir,2030,4,35,35,202.46370233630572
4781,hydro_reservoir,2030,4,36,36,202.62804408258546
4782,hydro_reservoir,2030,4,37,37,202.37817822012946
4783,hydro_reservoir,2030,4,38,38,202.9409171125156
4784,hydro_reservoir,2030,4,39,39,204.07632736277273
4785,hydro_reservoir,2030,4,40,40,205.15938541875687
4786,hydro_reservoir,2030,4,41,41,205.59679085774258
4787,hydro_reservoir,2030,4,42,42,205.16470153203477
4788,hydro_reservoir,2030,4,43,43,206.6169416906012
4789,hydro_reservoir,2030,4,44,44,207.53582267236047
4790,hydro_reservoir,2030,4,45,45,208.36997123859953
4791,hydro_reservoir,2030,4,46,46,209.25470108691454
4792,hydro_reservoir,2030,4,47,47,209.7385945397354
4793,hydro_reservoir,2030,4,48,48,210.6571768056458
4794,hydro_reservoir,2030,4,49,49,211.92387757811377
4795,hydro_reservoir,2030,4,50,50,213.40195035856766
4796,hydro_reservoir,2030,4,51,51,214.9500597266536
4797,hydro_reservoir,2030,4,52,52,216.01363183681383
4798,hydro_reservoir,2030,4,53,53,217.09753106157
4799,hydro_reservoir,2030,4,54,54,218.37669065064767
4800,hydro_reservoir,2030,4,55,55,219.07856193285886
4801,hydro_reservoir,2030,4,56,56,220.13828952096785
4802,hydro_reservoir,2030,4,57,57,219.66939668896836
4803,hydro_reservoir,2030,4,58,58,220.24474327898065
4804,hydro_reservoir,2030,4,59,59,220.8051824918378
4805,hydro_reservoir,2030,4,60,60,221.63167814291316
4806,hydro_reservoir,2030,4,61,61,222.49761045292422
4807,hydro_reservoir,2030,4,62,62,222.9167484957191
4808,hydro_reservoir,2030,4,63,63,223.6753914825134
4809,hydro_reservoir,2030,4,64,64,224.50185780905346
4810,hydro_reservoir,2030,4,65,65,224.9506286388209
4811,hydro_reservoir,2030,4,66,66,224.58212298894452
4812,hydro_reservoir,2030,4,67,67,225.26430871281548
4813,hydro_reservoir,2030,4,68,68,224.56862888648283
4814,hydro_reservoir,2030,4,69,69,224.58267408359413
4815,hydro_reservoir,2030,4,70,70,224.13288639690091
4816,hydro_reservoir,2030,4,71,71,223.75988088036624
4817,hydro_reservoir,2030,4,72,72,224.23239636255747
4818,hydro_reservoir,2030,4,73,73,223.85079107653146
4819,hydro_reservoir,2030,4,74,74,223.85851777191482
4820,hydro_reservoir,2030,4,75,75,223.44613253919223
4821,hydro_reservoir,2030,4,76,76,222.896851202673
4822,hydro_reservoir,2030,4,77,77,223.38739933958715
4823,hydro_reservoir,2030,4,78,78,222.9316379928691
4824,hydro_reservoir,2030,4,79,79,222.72164815947585
4825,hydro_reservoir,2030,4,80,80,223.0689723123655
4826,hydro_reservoir,2030,4,81,81,222.54567698923023
4827,hydro_reservoir,2030,4,82,82,222.72213828889375
4828,hydro_reservoir,2030,4,83,83,222.03985462321805
4829,hydro_reservoir,2030,4,84,84,222.14707310896878
4830,hydro_reservoir,2030,4,85,85,222.1380238866757
4831,hydro_reservoir,2030,4,86,86,222.05959719330158
4832,hydro_reservoir,2030,4,87,87,222.6155119469778
4833,hydro_reservoir,2030,4,88,88,222.26371438337588
4834,hydro_reservoir,2030,4,89,89,221.95916863617452
4835,hydro_reservoir,2030,4,90,90,221.5671135616591
4836,hydro_reservoir,2030,4,91,91,221.5205247122491
4837,hydro_reservoir,2030,4,92,92,221.64056720719603
4838,hydro_reservoir,2030,4,93,93,221.27745255727038
4839,hydro_reservoir,2030,4,94,94,221.6862203351578
4840,hydro_reservoir,2030,4,95,95,222.08940910958992
4841,hydro_reservoir,2030,4,96,96,222.60057834127042
4842,hydro_reservoir,2030,4,97,97,222.42222268896748
4843,hydro_reservoir,2030,4,98,98,222.58569208635348
4844,hydro_reservoir,2030,4,99,99,221.757796629715
4845,hydro_reservoir,2030,4,100,100,222.17289309892843
4846,hydro_reservoir,2030,4,101,101,222.41669598286325
4847,hydro_reservoir,2030,4,102,102,222.9289647961035
4848,hydro_reservoir,2030,4,103,103,223.1427330230247
4849,hydro_reservoir,2030,4,104,104,223.53951600591213
4850,hydro_reservoir,2030,4,105,105,223.89271653061908
4851,hydro_reservoir,2030,4,106,106,224.3382426446503
4852,hydro_reservoir,2030,4,107,107,224.30088442865028
4853,hydro_reservoir,2030,4,108,108,224.39839810387596
4854,hydro_reservoir,2030,4,109,109,224.00277376264404
4855,hydro_reservoir,2030,4,110,110,223.68332882142442
4856,hydro_reservoir,2030,4,111,111,223.50507475781902
4857,hydro_reservoir,2030,4,112,112,223.72373236898892
4858,hydro_reservoir,2030,4,113,113,223.07472530216035
4859,hydro_reservoir,2030,4,114,114,223.28814671287878
4860,hydro_reservoir,2030,4,115,115,223.1957271836523
4861,hydro_reservoir,2030,4,116,116,223.40777247366088
4862,hydro_reservoir,2030,4,117,117,223.45985262096366
4863,hydro_reservoir,2030,4,118,118,223.46832530216778
4864,hydro_reservoir,2030,4,119,119,223.6739852856065
4865,hydro_reservoir,2030,4,120,120,223.8401541725244
4866,hydro_reservoir,2030,4,121,121,223.73356685825308
4867,hydro_reservoir,2030,4,122,122,224.0223101421912
4868,hydro_reservoir,2030,4,123,123,224.02837708333382
4869,hydro_reservoir,2030,4,124,124,224.49464359269615
4870,hydro_reservoir,2030,4,125,125,224.6487108736869
4871,hydro_reservoir,2030,4,126,126,224.51409059220657
4872,hydro_reservoir,2030,4,127,127,224.54358895478924
4873,hydro_reservoir,2030,4,128,128,224.49339086758516
4874,hydro_reservoir,2030,4,129,129,224.11413646325508
4875,hydro_reservoir,2030,4,130,130,224.0378768653667
4876,hydro_reservoir,2030,4,131,131,223.9709267346321
4877,hydro_reservoir,2030,4,132,132,224.02469292604664
4878,hydro_reservoir,2030,4,133,133,224.2166229544019
4879,hydro_reservoir,2030,4,134,134,224.01101838204815
4880,hydro_reservoir,2030,4,135,135,224.01579120125692
4881,hydro_reservoir,2030,4,136,136,223.98134453148617
4882,hydro_reservoir,2030,4,137,137,223.81928074993579
4883,hydro_reservoir,2030,4,138,138,223.72245391796415
4884,hydro_reservoir,2030,4,139,139,223.53914067785936
4885,hydro_reservoir,2030,4,140,140,223.93345376763398
4886,hydro_reservoir,2030,4,141,141,224.01181642536432
4887,hydro_reservoir,2030,4,142,142,224.23040986858084
4888,hydro_reservoir,2030,4,143,143,224.14116395221652
4889,hydro_reservoir,2030,4,144,144,224.40543739695744
4890,hydro_reservoir,2030,4,145,145,224.7301378021339
4891,hydro_reservoir,2030,4,146,146,224.93413680319722
4892,hydro_reservoir,2030,4,147,147,225.13637041254134
4893,hydro_reservoir,2030,4,148,148,225.34323637746658
4894,hydro_reservoir,2030,4,149,149,225.11348529050684
4895,hydro_reservoir,2030,4,150,150,225.07034078174442
4896,hydro_reservoir,2030,4,151,151,224.45634823530096
4897,hydro_reservoir,2030,4,152,152,224.2911017080967
4898,hydro_reservoir,2030,4,153,153,224.06995575552745
4899,hydro_reservoir,2030,4,154,154,223.74350163778303
4900,hydro_reservoir,2030,4,155,155,224.0585348023283
4901,hydro_reservoir,2030,4,156,156,224.29268299530952
4902,hydro_reservoir,2030,4,157,157,224.07470412943684
4903,hydro_reservoir,2030,4,158,158,223.91997517039835
4904,hydro_reservoir,2030,4,159,159,224.04285868934923
4905,hydro_reservoir,2030,4,160,160,224.35248926044346
4906,hydro_reservoir,2030,4,161,161,224.22245126313658
4907,hydro_reservoir,2030,4,162,162,223.46703780228566
4908,hydro_reservoir,2030,4,163,163,222.7172120366379
4909,hydro_reservoir,2030,4,164,164,222.6982504527684
4910,hydro_reservoir,2030,4,165,165,222.93090898537554
4911,hydro_reservoir,2030,4,166,166,223.0801672607325
4912,hydro_reservoir,2030,4,167,167,223.0597417126217
4913,hydro_reservoir,2030,4,168,168,223.04383757077903
4914,hydro_reservoir,2030,4,169,169,222.73933384946608
4915,hydro_reservoir,2030,4,170,170,222.59113470586723
4916,hydro_reservoir,2030,4,171,171,222.29528771941176
4917,hydro_reservoir,2030,4,172,172,222.57824278081785
4918,hydro_reservoir,2030,4,173,173,223.0423492603086
4919,hydro_reservoir,2030,4,174,174,223.3123864352869
4920,hydro_reservoir,2030,4,175,175,223.5521530131699
4921,hydro_reservoir,2030,4,176,176,223.52536301280352
4922,hydro_reservoir,2030,4,177,177,223.4445830285427
4923,hydro_reservoir,2030,4,178,178,222.80076061987378
4924,hydro_reservoir,2030,4,179,179,222.89383311637886
4925,hydro_reservoir,2030,4,180,180,223.15530540238927
4926,hydro_reservoir,2030,4,181,181,223.51818640713387
4927,hydro_reservoir,2030,4,182,182,223.89800407886796
4928,hydro_reservoir,2030,4,183,183,224.36763749011868
4929,hydro_reservoir,2030,4,184,184,224.45193027665925
4930,hydro_reservoir,2030,4,185,185,224.63646651998246
4931,hydro_reservoir,2030,4,186,186,224.7810717057152
4932,hydro_reservoir,2030,4,187,187,224.98957070966327
4933,hydro_reservoir,2030,4,188,188,224.98620593554256
4934,hydro_reservoir,2030,4,189,189,225.18477955951568
4935,hydro_reservoir,2030,4,190,190,225.0269205325946
4936,hydro_reservoir,2030,4,191,191,224.20380080721085
4937,hydro_reservoir,2030,4,192,192,223.99608883189848
4938,hydro_reservoir,2030,4,193,193,223.842921345712
4939,hydro_reservoir,2030,4,194,194,223.5578248668104
4940,hydro_reservoir,2030,4,195,195,223.45940634398875
4941,hydro_reservoir,2030,4,196,196,223.19312397935263
4942,hydro_reservoir,2030,4,197,197,223.12623570322785
4943,hydro_reservoir,2030,4,198,198,222.90614367900963
4944,hydro_reservoir,2030,4,199,199,222.77819787175633
4945,hydro_reservoir,2030,4,200,200,222.430708213798
4946,hydro_reservoir,2030,4,201,201,221.82441232681307
4947,hydro_reservoir,2030,4,202,202,220.85843332220927
4948,hydro_reservoir,2030,4,203,203,220.86694817927204
4949,hydro_reservoir,2030,4,204,204,220.81267788008282
4950,hydro_reservoir,2030,4,205,205,220.087086750362
4951,hydro_reservoir,2030,4,206,206,220.32233842281676
4952,hydro_reservoir,2030,4,207,207,220.1564984342889
4953,hydro_reservoir,2030,4,208,208,220.52239822411283
4954,hydro_reservoir,2030,4,209,209,220.57396368730912
4955,hydro_reservoir,2030,4,210,210,220.9139512100093
4956,hydro_reservoir,2030,4,211,211,221.0609772194972
4957,hydro_reservoir,2030,4,212,212,221.45542771866977
4958,hydro_reservoir,2030,4,213,213,221.83783941898477
4959,hydro_reservoir,2030,4,214,214,221.7496300343606
4960,hydro_reservoir,2030,4,215,215,221.80462161392506
4961,hydro_reservoir,2030,4,216,216,221.24677519415593
4962,hydro_reservoir,2030,4,217,217,221.42811896515667
4963,hydro_reservoir,2030,4,218,218,221.60268665906978
4964,hydro_reservoir,2030,4,219,219,221.83016237806282
4965,hydro_reservoir,2030,4,220,220,222.12460946696382
4966,hydro_reservoir,2030,4,221,221,222.31250626331007
4967,hydro_reservoir,2030,4,222,222,222.56321838206307
4968,hydro_reservoir,2030,4,223,223,222.78817262754308
4969,hydro_reservoir,2030,4,224,224,222.56805594014872
4970,hydro_reservoir,2030,4,225,225,222.82634469552127
4971,hydro_reservoir,2030,4,226,226,222.26266929810922
4972,hydro_reservoir,2030,4,227,227,222.36328925854107
4973,hydro_reservoir,2030,4,228,228,222.65613396298596
4974,hydro_reservoir,2030,4,229,229,222.54222368436305
4975,hydro_reservoir,2030,4,230,230,222.77249346142676
4976,hydro_reservoir,2030,4,231,231,222.4466516262106
4977,hydro_reservoir,2030,4,232,232,221.8693499510615
4978,hydro_reservoir,2030,4,233,233,221.28207199447945
4979,hydro_reservoir,2030,4,234,234,221.18661616286252
4980,hydro_reservoir,2030,4,235,235,221.15789233906762
4981,hydro_reservoir,2030,4,236,236,221.12823120225244
4982,hydro_reservoir,2030,4,237,237,221.1137555572589
4983,hydro_reservoir,2030,4,238,238,221.38471539283643
4984,hydro_reservoir,2030,4,239,239,221.518780783332
4985,hydro_reservoir,2030,4,240,240,221.39599378732984
4986,hydro_reservoir,2030,4,241,241,220.96405681956722
4987,hydro_reservoir,2030,4,242,242,221.04325343606422
4988,hydro_reservoir,2030,4,243,243,220.2342536205185
4989,hydro_reservoir,2030,4,244,244,220.32617747583328
4990,hydro_reservoir,2030,4,245,245,220.34069518760418
4991,hydro_reservoir,2030,4,246,246,220.175769045061
4992,hydro_reservoir,2030,4,247,247,219.62093990372534
4993,hydro_reservoir,2030,4,248,248,219.902898443436
4994,hydro_reservoir,2030,4,249,249,219.87297818521554
4995,hydro_reservoir,2030,4,250,250,219.58144280945038
4996,hydro_reservoir,2030,4,251,251,218.8845277750094
4997,hydro_reservoir,2030,4,252,252,218.28711162968378
4998,hydro_reservoir,2030,4,253,253,217.92455862525108
4999,hydro_reservoir,2030,4,254,254,217.66793312203694
5000,hydro_reservoir,2030,4,255,255,217.5494554258057
5001,hydro_reservoir,2030,4,256,256,217.35890962387828
5002,hydro_reservoir,2030,4,257,257,216.62969441169682
5003,hydro_reservoir,2030,4,258,258,216.5949434193233
5004,hydro_reservoir,2030,4,259,259,216.58232220795614
5005,hydro_reservoir,2030,4,260,260,216.0843799006086
5006,hydro_reservoir,2030,4,261,261,215.67849722366662
5007,hydro_reservoir,2030,4,262,262,215.70602822950184
5008,hydro_reservoir,2030,4,263,263,215.58285964841372
5009,hydro_reservoir,2030,4,264,264,216.268573934128
5010,hydro_reservoir,2030,4,265,265,215.3696367429634
5011,hydro_reservoir,2030,4,266,266,215.2494115790819
5012,hydro_reservoir,2030,4,267,267,214.55890783224694
5013,hydro_reservoir,2030,4,268,268,213.36767327975735
5014,hydro_reservoir,2030,4,269,269,213.21991433906547
5015,hydro_reservoir,2030,4,270,270,212.9762648252514
5016,hydro_reservoir,2030,4,271,271,213.1077108659091
5017,hydro_reservoir,2030,4,272,272,212.3827457918174
5018,hydro_reservoir,2030,4,273,273,212.51071494799982
5019,hydro_reservoir,2030,4,274,274,211.90133190127798
5020,hydro_reservoir,2030,4,275,275,211.76775720725757
5021,hydro_reservoir,2030,4,276,276,211.53566820871626
5022,hydro_reservoir,2030,4,277,277,211.34042409457072
5023,hydro_reservoir,2030,4,278,278,210.73760084475333
5024,hydro_reservoir,2030,4,279,279,210.54962697109923
5025,hydro_reservoir,2030,4,280,280,211.07342119723367
5026,hydro_reservoir,2030,4,281,281,210.50465792049133
5027,hydro_reservoir,2030,4,282,282,210.62422230331808
5028,hydro_reservoir,2030,4,283,283,209.64997106896297
5029,hydro_reservoir,2030,4,284,284,209.00622513331993
5030,hydro_reservoir,2030,4,285,285,208.60993870546665
5031,hydro_reservoir,2030,4,286,286,208.6891721598777
5032,hydro_reservoir,2030,4,287,287,208.9219365675809
5033,hydro_reservoir,2030,4,288,288,208.2435384362947
5034,hydro_reservoir,2030,4,289,289,208.61467307053846
5035,hydro_reservoir,2030,4,290,290,208.2964931751231
5036,hydro_reservoir,2030,4,291,291,208.5575632661401
5037,hydro_reservoir,2030,4,292,292,207.96343402559444
5038,hydro_reservoir,2030,4,293,293,207.51399343130802
5039,hydro_reservoir,2030,4,294,294,207.3724055442268
5040,hydro_reservoir,2030,4,295,295,207.1393069871756
5041,hydro_reservoir,2030,4,296,296,206.86596275650328
5042,hydro_reservoir,2030,4,297,297,206.64234343489275
5043,hydro_reservoir,2030,4,298,298,206.423547325132
5044,hydro_reservoir,2030,4,299,299,206.52154763751605
5045,hydro_reservoir,2030,4,300,300,205.76109017077763
5046,hydro_reservoir,2030,4,301,301,205.66930635318033
5047,hydro_reservoir,2030,4,302,302,205.7937391016507
5048,hydro_reservoir,2030,4,303,303,205.12194345355718
5049,hydro_reservoir,2030,4,304,304,204.92269194579583
5050,hydro_reservoir,2030,4,305,305,205.04789317944238
5051,hydro_reservoir,2030,4,306,306,204.94703060180615
5052,hydro_reservoir,2030,4,307,307,204.13861236394902
5053,hydro_reservoir,2030,4,308,308,203.9186031647221
5054,hydro_reservoir,2030,4,309,309,203.72020843958887
5055,hydro_reservoir,2030,4,310,310,203.36741935014936
5056,hydro_reservoir,2030,4,311,311,203.32989230954513
5057,hydro_reservoir,2030,4,312,312,203.38679539274054
5058,hydro_reservoir,2030,4,313,313,202.84389038222696
5059,hydro_reservoir,2030,4,314,314,202.70558758502537
5060,hydro_reservoir,2030,4,315,315,202.48724284739174
5061,hydro_reservoir,2030,4,316,316,202.1871941611171
5062,hydro_reservoir,2030,4,317,317,202.22958660047755
5063,hydro_reservoir,2030,4,318,318,201.66608151714107
5064,hydro_reservoir,2030,4,319,319,201.4615032317042
5065,hydro_reservoir,2030,4,320,320,201.07244687817789
5066,hydro_reservoir,2030,4,321,321,201.32548575664683
5067,hydro_reservoir,2030,4,322,322,200.62419291106187
5068,hydro_reservoir,2030,4,323,323,200.4089120408183
5069,hydro_reservoir,2030,4,324,324,200.0315595470609
5070,hydro_reservoir,2030,4,325,325,199.2328239063758
5071,hydro_reservoir,2030,4,326,326,198.79981372145983
5072,hydro_reservoir,2030,4,327,327,198.75799856079655
5073,hydro_reservoir,2030,4,328,328,198.3188547908686
5074,hydro_reservoir,2030,4,329,329,197.6992672381051
5075,hydro_reservoir,2030,4,330,330,197.22437804414233
5076,hydro_reservoir,2030,4,331,331,196.85661539485517
5077,hydro_reservoir,2030,4,332,332,196.55329924099817
5078,hydro_reservoir,2030,4,333,333,196.6202531560167
5079,hydro_reservoir,2030,4,334,334,196.7810248207609
5080,hydro_reservoir,2030,4,335,335,197.36087234125833
5081,hydro_reservoir,2030,4,336,336,196.88320450865046
5082,hydro_reservoir,2030,4,337,337,197.3348634289802
5083,hydro_reservoir,2030,4,338,338,197.0973618558642
5084,hydro_reservoir,2030,4,339,339,196.43025224697263
5085,hydro_reservoir,2030,4,340,340,195.90502978699126
5086,hydro_reservoir,2030,4,341,341,195.32867805426656
5087,hydro_reservoir,2030,4,342,342,194.60322601276013
5088,hydro_reservoir,2030,4,343,343,193.9237549760692
5089,hydro_reservoir,2030,4,344,344,194.56300568981638
5090,hydro_reservoir,2030,4,345,345,193.9601887094301
5091,hydro_reservoir,2030,4,346,346,193.1488813870474
5092,hydro_reservoir,2030,4,347,347,192.5282274787821
5093,hydro_reservoir,2030,4,348,348,191.78248330304598
5094,hydro_reservoir,2030,4,349,349,190.9948773813544
5095,hydro_reservoir,2030,4,350,350,190.23830216651538
5096,hydro_reservoir,2030,4,351,351,190.6755340604292
5097,hydro_reservoir,2030,4,352,352,191.47113249934463
5098,hydro_reservoir,2030,4,353,353,192.0947456095117
5099,hydro_reservoir,2030,4,354,354,193.03907185044025
5100,hydro_reservoir,2030,4,355,355,193.99385021880872
5101,hydro_reservoir,2030,4,356,356,194.99902961988744
5102,hydro_reservoir,2030,4,357,357,196.03210402233728
5103,hydro_reservoir,2030,4,358,358,196.98290059803483
5104,hydro_reservoir,2030,4,359,359,197.97648509412758
5105,hydro_reservoir,2030,4,360,360,198.93556605400988
5106,hydro_reservoir,2030,4,361,361,199.4529765346296
5107,hydro_reservoir,2030,4,362,362,199.27871690010352
5108,hydro_reservoir,2030,4,363,363,200.20534157239845
5109,hydro_reservoir,2030,4,364,364,200.35522273610025
5110,hydro_reservoir,2030,4,365,365,201.6
5111,hydro_reservoir,2030,5,1,1,201.60273055234848
5112,hydro_reservoir,2030,5,2,2,201.70507500553185
5113,hydro_reservoir,2030,5,3,3,201.67322990474747
5114,hydro_reservoir,2030,5,4,4,201.687427331093
5115,hydro_reservoir,2030,5,5,5,200.91444812935737
5116,hydro_reservoir,2030,5,6,6,201.10407568450094
5117,hydro_reservoir,2030,5,7,7,201.10899732356248
5118,hydro_reservoir,2030,5,8,8,201.2953279649726
5119,hydro_reservoir,2030,5,9,9,201.30902472413075
5120,hydro_reservoir,2030,5,10,10,201.32927874426176
5121,hydro_reservoir,2030,5,11,11,201.37913569731
5122,hydro_reservoir,2030,5,12,12,201.34882446919323
5123,hydro_reservoir,2030,5,13,13,200.79361893906713
5124,hydro_reservoir,2030,5,14,14,201.0022347871123
5125,hydro_reservoir,2030,5,15,15,201.0009682264676
5126,hydro_reservoir,2030,5,16,16,200.56498100564187
5127,hydro_reservoir,2030,5,17,17,200.35679361757857
5128,hydro_reservoir,2030,5,18,18,200.32965742274996
5129,hydro_reservoir,2030,5,19,19,200.56513950638333
5130,hydro_reservoir,2030,5,20,20,199.90875400452876
5131,hydro_reservoir,2030,5,21,21,199.93612831718193
5132,hydro_reservoir,2030,5,22,22,199.96357932609106
5133,hydro_reservoir,2030,5,23,23,199.9305826348003
5134,hydro_reservoir,2030,5,24,24,199.93130071024044
5135,hydro_reservoir,2030,5,25,25,200.2123468823841
5136,hydro_reservoir,2030,5,26,26,200.44768784936733
5137,hydro_reservoir,2030,5,27,27,200.45501400787762
5138,hydro_reservoir,2030,5,28,28,200.3458112446851
5139,hydro_reservoir,2030,5,29,29,200.75948461668114
5140,hydro_reservoir,2030,5,30,30,201.18003563192428
5141,hydro_reservoir,2030,5,31,31,201.30528472233632
5142,hydro_reservoir,2030,5,32,32,201.22714912648613
5143,hydro_reservoir,2030,5,33,33,201.30927189920092
5144,hydro_reservoir,2030,5,34,34,200.3667425564107
5145,hydro_reservoir,2030,5,35,35,199.5943400175779
5146,hydro_reservoir,2030,5,36,36,199.21413809322377
5147,hydro_reservoir,2030,5,37,37,199.2751666341292
5148,hydro_reservoir,2030,5,38,38,198.8677122782396
5149,hydro_reservoir,2030,5,39,39,198.98618603209832
5150,hydro_reservoir,2030,5,40,40,198.38040508997537
5151,hydro_reservoir,2030,5,41,41,197.36063780096936
5152,hydro_reservoir,2030,5,42,42,197.53821603174583
5153,hydro_reservoir,2030,5,43,43,197.69616871086086
5154,hydro_reservoir,2030,5,44,44,197.77098665874863
5155,hydro_reservoir,2030,5,45,45,197.8656785089109
5156,hydro_reservoir,2030,5,46,46,198.10292805994948
5157,hydro_reservoir,2030,5,47,47,198.13027476292737
5158,hydro_reservoir,2030,5,48,48,198.6365825378191
5159,hydro_reservoir,2030,5,49,49,198.9709348345304
5160,hydro_reservoir,2030,5,50,50,199.34601071898447
5161,hydro_reservoir,2030,5,51,51,198.5008598175085
5162,hydro_reservoir,2030,5,52,52,198.04841134636675
5163,hydro_reservoir,2030,5,53,53,198.00988475517377
5164,hydro_reservoir,2030,5,54,54,198.6181275114971
5165,hydro_reservoir,2030,5,55,55,199.31274726979007
5166,hydro_reservoir,2030,5,56,56,199.99833042985736
5167,hydro_reservoir,2030,5,57,57,200.669964046532
5168,hydro_reservoir,2030,5,58,58,200.3787378446639
5169,hydro_reservoir,2030,5,59,59,200.01174671377512
5170,hydro_reservoir,2030,5,60,60,200.48511910463935
5171,hydro_reservoir,2030,5,61,61,200.87841512289447
5172,hydro_reservoir,2030,5,62,62,200.98098333947965
5173,hydro_reservoir,2030,5,63,63,201.15292603870844
5174,hydro_reservoir,2030,5,64,64,201.03156756269294
5175,hydro_reservoir,2030,5,65,65,200.2698297037766
5176,hydro_reservoir,2030,5,66,66,200.80419091219062
5177,hydro_reservoir,2030,5,67,67,200.66735002737963
5178,hydro_reservoir,2030,5,68,68,200.66144340759055
5179,hydro_reservoir,2030,5,69,69,200.55258876151098
5180,hydro_reservoir,2030,5,70,70,200.08947378738438
5181,hydro_reservoir,2030,5,71,71,200.24618555459264
5182,hydro_reservoir,2030,5,72,72,199.82798551399497
5183,hydro_reservoir,2030,5,73,73,199.74978651380238
5184,hydro_reservoir,2030,5,74,74,200.00053669902456
5185,hydro_reservoir,2030,5,75,75,200.05495590840775
5186,hydro_reservoir,2030,5,76,76,199.32447808817517
5187,hydro_reservoir,2030,5,77,77,199.52422111470912
5188,hydro_reservoir,2030,5,78,78,199.6726759260907
5189,hydro_reservoir,2030,5,79,79,199.73533798333563
5190,hydro_reservoir,2030,5,80,80,199.79135421567872
5191,hydro_reservoir,2030,5,81,81,199.7648500524714
5192,hydro_reservoir,2030,5,82,82,199.7575416931978
5193,hydro_reservoir,2030,5,83,83,199.44205606921807
5194,hydro_reservoir,2030,5,84,84,199.94341007494023
5195,hydro_reservoir,2030,5,85,85,200.39971633096118
5196,hydro_reservoir,2030,5,86,86,200.55684628118124
5197,hydro_reservoir,2030,5,87,87,200.50932325194833
5198,hydro_reservoir,2030,5,88,88,200.66387710187797
5199,hydro_reservoir,2030,5,89,89,200.5083906114008
5200,hydro_reservoir,2030,5,90,90,200.48694403188537
5201,hydro_reservoir,2030,5,91,91,200.72970578510848
5202,hydro_reservoir,2030,5,92,92,200.867884371091
5203,hydro_reservoir,2030,5,93,93,200.3087584701699
5204,hydro_reservoir,2030,5,94,94,200.33612247892094
5205,hydro_reservoir,2030,5,95,95,200.47306333678134
5206,hydro_reservoir,2030,5,96,96,200.57797305009746
5207,hydro_reservoir,2030,5,97,97,200.81561436443815
5208,hydro_reservoir,2030,5,98,98,201.08247689418067
5209,hydro_reservoir,2030,5,99,99,200.3221367304564
5210,hydro_reservoir,2030,5,100,100,200.40219821880228
5211,hydro_reservoir,2030,5,101,101,200.401540499155
5212,hydro_reservoir,2030,5,102,102,200.54272446325112
5213,hydro_reservoir,2030,5,103,103,200.03449379228522
5214,hydro_reservoir,2030,5,104,104,199.59818958589275
5215,hydro_reservoir,2030,5,105,105,199.71123757815212
5216,hydro_reservoir,2030,5,106,106,199.7937889162592
5217,hydro_reservoir,2030,5,107,107,199.87339403417099
5218,hydro_reservoir,2030,5,108,108,199.38698683483167
5219,hydro_reservoir,2030,5,109,109,198.7180367041501
5220,hydro_reservoir,2030,5,110,110,198.29788461198785
5221,hydro_reservoir,2030,5,111,111,198.28122275592378
5222,hydro_reservoir,2030,5,112,112,197.89171921015105
5223,hydro_reservoir,2030,5,113,113,197.80047729336155
5224,hydro_reservoir,2030,5,114,114,197.2419562951641
5225,hydro_reservoir,2030,5,115,115,197.25052204434073
5226,hydro_reservoir,2030,5,116,116,197.36179707086865
5227,hydro_reservoir,2030,5,117,117,197.48799574153688
5228,hydro_reservoir,2030,5,118,118,197.57468847461513
5229,hydro_reservoir,2030,5,119,119,196.70048350361967
5230,hydro_reservoir,2030,5,120,120,196.73435700120416
5231,hydro_reservoir,2030,5,121,121,196.530161631223
5232,hydro_reservoir,2030,5,122,122,196.489448865368
5233,hydro_reservoir,2030,5,123,123,195.86254349787404
5234,hydro_reservoir,2030,5,124,124,194.6864046479795
5235,hydro_reservoir,2030,5,125,125,194.7266958629121
5236,hydro_reservoir,2030,5,126,126,193.7158838017964
5237,hydro_reservoir,2030,5,127,127,193.53040067077862
5238,hydro_reservoir,2030,5,128,128,193.61877540975297
5239,hydro_reservoir,2030,5,129,129,193.61209219851156
5240,hydro_reservoir,2030,5,130,130,193.6345731630776
5241,hydro_reservoir,2030,5,131,131,192.25665485253379
5242,hydro_reservoir,2030,5,132,132,192.39396155917953
5243,hydro_reservoir,2030,5,133,133,192.05373436180457
5244,hydro_reservoir,2030,5,134,134,191.89759986672874
5245,hydro_reservoir,2030,5,135,135,192.05183669421328
5246,hydro_reservoir,2030,5,136,136,192.16182963490635
5247,hydro_reservoir,2030,5,137,137,192.28207114894278
5248,hydro_reservoir,2030,5,138,138,192.44011669335958
5249,hydro_reservoir,2030,5,139,139,192.66610975105598
5250,hydro_reservoir,2030,5,140,140,192.8109453775799
5251,hydro_reservoir,2030,5,141,141,192.63381388067242
5252,hydro_reservoir,2030,5,142,142,192.80567129172834
5253,hydro_reservoir,2030,5,143,143,192.76854379767803
5254,hydro_reservoir,2030,5,144,144,190.32443382299806
5255,hydro_reservoir,2030,5,145,145,190.32478092052463
5256,hydro_reservoir,2030,5,146,146,190.40856122619607
5257,hydro_reservoir,2030,5,147,147,190.48859082170412
5258,hydro_reservoir,2030,5,148,148,190.34437833473436
5259,hydro_reservoir,2030,5,149,149,189.92217633279125
5260,hydro_reservoir,2030,5,150,150,190.00153168945437
5261,hydro_reservoir,2030,5,151,151,190.05545162311165
5262,hydro_reservoir,2030,5,152,152,190.15009924039106
5263,hydro_reservoir,2030,5,153,153,190.22198186829579
5264,hydro_reservoir,2030,5,154,154,189.5353441889712
5265,hydro_reservoir,2030,5,155,155,188.89073300421987
5266,hydro_reservoir,2030,5,156,156,188.95870429148545
5267,hydro_reservoir,2030,5,157,157,188.84967938504363
5268,hydro_reservoir,2030,5,158,158,188.82968714757163
5269,hydro_reservoir,2030,5,159,159,188.58521927003562
5270,hydro_reservoir,2030,5,160,160,188.66013728965171
5271,hydro_reservoir,2030,5,161,161,188.6933766785466
5272,hydro_reservoir,2030,5,162,162,188.85261485494559
5273,hydro_reservoir,2030,5,163,163,188.69442839870484
5274,hydro_reservoir,2030,5,164,164,188.07606739049413
5275,hydro_reservoir,2030,5,165,165,187.78465423157508
5276,hydro_reservoir,2030,5,166,166,187.0381848998226
5277,hydro_reservoir,2030,5,167,167,187.10369162020467
5278,hydro_reservoir,2030,5,168,168,186.91515682983712
5279,hydro_reservoir,2030,5,169,169,186.45900867145906
5280,hydro_reservoir,2030,5,170,170,186.3565114280281
5281,hydro_reservoir,2030,5,171,171,186.48673395976124
5282,hydro_reservoir,2030,5,172,172,186.17931628020187
5283,hydro_reservoir,2030,5,173,173,186.25964038227292
5284,hydro_reservoir,2030,5,174,174,186.16015638967323
5285,hydro_reservoir,2030,5,175,175,186.2962135263386
5286,hydro_reservoir,2030,5,176,176,186.39870338964914
5287,hydro_reservoir,2030,5,177,177,186.5543574976247
5288,hydro_reservoir,2030,5,178,178,186.71513326472927
5289,hydro_reservoir,2030,5,179,179,186.86674372948733
5290,hydro_reservoir,2030,5,180,180,186.6975611006018
5291,hydro_reservoir,2030,5,181,181,186.47397380442732
5292,hydro_reservoir,2030,5,182,182,186.59848863490402
5293,hydro_reservoir,2030,5,183,183,186.7533268472166
5294,hydro_reservoir,2030,5,184,184,186.8857559051941
5295,hydro_reservoir,2030,5,185,185,187.00783404138053
5296,hydro_reservoir,2030,5,186,186,187.14950769084274
5297,hydro_reservoir,2030,5,187,187,187.09618403993755
5298,hydro_reservoir,2030,5,188,188,187.10331642569275
5299,hydro_reservoir,2030,5,189,189,187.30788644423862
5300,hydro_reservoir,2030,5,190,190,187.20284298385008
5301,hydro_reservoir,2030,5,191,191,187.22988356926112
5302,hydro_reservoir,2030,5,192,192,187.2114249382405
5303,hydro_reservoir,2030,5,193,193,186.67410277721262
5304,hydro_reservoir,2030,5,194,194,186.50838407418087
5305,hydro_reservoir,2030,5,195,195,185.85746129167993
5306,hydro_reservoir,2030,5,196,196,185.9057172241119
5307,hydro_reservoir,2030,5,197,197,185.83371345530307
5308,hydro_reservoir,2030,5,198,198,184.89424275030672
5309,hydro_reservoir,2030,5,199,199,184.98931211019047
5310,hydro_reservoir,2030,5,200,200,185.12093666045607
5311,hydro_reservoir,2030,5,201,201,185.25779189124435
5312,hydro_reservoir,2030,5,202,202,185.3404778210058
5313,hydro_reservoir,2030,5,203,203,185.43201119674973
5314,hydro_reservoir,2030,5,204,204,185.58394042911246
5315,hydro_reservoir,2030,5,205,205,185.68648480775877
5316,hydro_reservoir,2030,5,206,206,185.85288228643955
5317,hydro_reservoir,2030,5,207,207,185.93412711659178
5318,hydro_reservoir,2030,5,208,208,185.72915354168538
5319,hydro_reservoir,2030,5,209,209,185.6646067271458
5320,hydro_reservoir,2030,5,210,210,185.40251735494303
5321,hydro_reservoir,2030,5,211,211,184.3719201659835
5322,hydro_reservoir,2030,5,212,212,184.38317197194112
5323,hydro_reservoir,2030,5,213,213,183.92143568260929
5324,hydro_reservoir,2030,5,214,214,183.9679741489941
5325,hydro_reservoir,2030,5,215,215,184.15797706784446
5326,hydro_reservoir,2030,5,216,216,184.30033445041798
5327,hydro_reservoir,2030,5,217,217,184.44621329853427
5328,hydro_reservoir,2030,5,218,218,184.57027072873643
5329,hydro_reservoir,2030,5,219,219,184.6933716396814
5330,hydro_reservoir,2030,5,220,220,184.7119741630079
5331,hydro_reservoir,2030,5,221,221,184.67976614349607
5332,hydro_reservoir,2030,5,222,222,184.80698311268432
5333,hydro_reservoir,2030,5,223,223,184.93520703121362
5334,hydro_reservoir,2030,5,224,224,185.09352206130092
5335,hydro_reservoir,2030,5,225,225,185.23479770610064
5336,hydro_reservoir,2030,5,226,226,185.13926125593463
5337,hydro_reservoir,2030,5,227,227,185.3975126829704
5338,hydro_reservoir,2030,5,228,228,184.80258210187262
5339,hydro_reservoir,2030,5,229,229,184.86094313135237
5340,hydro_reservoir,2030,5,230,230,184.11901703448598
5341,hydro_reservoir,2030,5,231,231,184.17314751893528
5342,hydro_reservoir,2030,5,232,232,184.3392776253957
5343,hydro_reservoir,2030,5,233,233,184.39931121846533
5344,hydro_reservoir,2030,5,234,234,184.46595741273168
5345,hydro_reservoir,2030,5,235,235,184.52927291836187
5346,hydro_reservoir,2030,5,236,236,184.2693947804314
5347,hydro_reservoir,2030,5,237,237,184.40664667705497
5348,hydro_reservoir,2030,5,238,238,184.08867356140496
5349,hydro_reservoir,2030,5,239,239,183.99572466337992
5350,hydro_reservoir,2030,5,240,240,184.01512023036634
5351,hydro_reservoir,2030,5,241,241,184.06787513344855
5352,hydro_reservoir,2030,5,242,242,184.43232634551958
5353,hydro_reservoir,2030,5,243,243,184.43588451412506
5354,hydro_reservoir,2030,5,244,244,184.20047719875345
5355,hydro_reservoir,2030,5,245,245,184.23659776692554
5356,hydro_reservoir,2030,5,246,246,184.38074606142857
5357,hydro_reservoir,2030,5,247,247,184.15954653061337
5358,hydro_reservoir,2030,5,248,248,184.23480901437676
5359,hydro_reservoir,2030,5,249,249,184.2135908412232
5360,hydro_reservoir,2030,5,250,250,183.68693127168117
5361,hydro_reservoir,2030,5,251,251,183.80421505493575
5362,hydro_reservoir,2030,5,252,252,183.81334712097953
5363,hydro_reservoir,2030,5,253,253,183.27802872958225
5364,hydro_reservoir,2030,5,254,254,183.3845756574629
5365,hydro_reservoir,2030,5,255,255,183.21569347031587
5366,hydro_reservoir,2030,5,256,256,183.28989398427265
5367,hydro_reservoir,2030,5,257,257,183.2740925258985
5368,hydro_reservoir,2030,5,258,258,183.42645444240225
5369,hydro_reservoir,2030,5,259,259,183.5944251065772
5370,hydro_reservoir,2030,5,260,260,183.75273405146729
5371,hydro_reservoir,2030,5,261,261,183.9191767272439
5372,hydro_reservoir,2030,5,262,262,184.07748510357717
5373,hydro_reservoir,2030,5,263,263,184.18851454305968
5374,hydro_reservoir,2030,5,264,264,184.2842321689206
5375,hydro_reservoir,2030,5,265,265,184.05709037550446
5376,hydro_reservoir,2030,5,266,266,184.21316805539655
5377,hydro_reservoir,2030,5,267,267,184.3714904878052
5378,hydro_reservoir,2030,5,268,268,184.52338852277745
5379,hydro_reservoir,2030,5,269,269,184.628882286239
5380,hydro_reservoir,2030,5,270,270,184.64535805563986
5381,hydro_reservoir,2030,5,271,271,184.62348312744822
5382,hydro_reservoir,2030,5,272,272,184.72809694134278
5383,hydro_reservoir,2030,5,273,273,184.8232600929702
5384,hydro_reservoir,2030,5,274,274,185.06072426067794
5385,hydro_reservoir,2030,5,275,275,185.32452667330264
5386,hydro_reservoir,2030,5,276,276,185.53186156825674
5387,hydro_reservoir,2030,5,277,277,185.57818154268625
5388,hydro_reservoir,2030,5,278,278,185.72883959067653
5389,hydro_reservoir,2030,5,279,279,184.59920749459192
5390,hydro_reservoir,2030,5,280,280,184.47693004808463
5391,hydro_reservoir,2030,5,281,281,184.4464980053473
5392,hydro_reservoir,2030,5,282,282,184.2873072716625
5393,hydro_reservoir,2030,5,283,283,184.38300506442965
5394,hydro_reservoir,2030,5,284,284,184.57432948297205
5395,hydro_reservoir,2030,5,285,285,184.86632109762618
5396,hydro_reservoir,2030,5,286,286,185.11880082009057
5397,hydro_reservoir,2030,5,287,287,185.3956477753597
5398,hydro_reservoir,2030,5,288,288,185.54226712390692
5399,hydro_reservoir,2030,5,289,289,185.75374435796783
5400,hydro_reservoir,2030,5,290,290,186.0025760822897
5401,hydro_reservoir,2030,5,291,291,186.05455739015844
5402,hydro_reservoir,2030,5,292,292,186.39522051335567
5403,hydro_reservoir,2030,5,293,293,186.62380585854302
5404,hydro_reservoir,2030,5,294,294,186.670165563119
5405,hydro_reservoir,2030,5,295,295,187.00699548571023
5406,hydro_reservoir,2030,5,296,296,187.16703079762206
5407,hydro_reservoir,2030,5,297,297,187.27427445245544
5408,hydro_reservoir,2030,5,298,298,187.4366128890968
5409,hydro_reservoir,2030,5,299,299,187.25172418773872
5410,hydro_reservoir,2030,5,300,300,187.58774221076717
5411,hydro_reservoir,2030,5,301,301,187.78742453620634
5412,hydro_reservoir,2030,5,302,302,188.0707074574234
5413,hydro_reservoir,2030,5,303,303,187.60002618690848
5414,hydro_reservoir,2030,5,304,304,187.5671265424252
5415,hydro_reservoir,2030,5,305,305,187.85922498676524
5416,hydro_reservoir,2030,5,306,306,187.88011470186183
5417,hydro_reservoir,2030,5,307,307,187.06214835050332
5418,hydro_reservoir,2030,5,308,308,187.21935774235314
5419,hydro_reservoir,2030,5,309,309,187.4396137879259
5420,hydro_reservoir,2030,5,310,310,187.65071690666505
5421,hydro_reservoir,2030,5,311,311,187.78122357793256
5422,hydro_reservoir,2030,5,312,312,187.93194011647319
5423,hydro_reservoir,2030,5,313,313,186.9692732801306
5424,hydro_reservoir,2030,5,314,314,186.9877063312179
5425,hydro_reservoir,2030,5,315,315,187.15384465662072
5426,hydro_reservoir,2030,5,316,316,187.2793879281259
5427,hydro_reservoir,2030,5,317,317,187.01237483986188
5428,hydro_reservoir,2030,5,318,318,187.0577652165688
5429,hydro_reservoir,2030,5,319,319,186.7161579395619
5430,hydro_reservoir,2030,5,320,320,186.77923155632277
5431,hydro_reservoir,2030,5,321,321,187.01200515522478
5432,hydro_reservoir,2030,5,322,322,186.78622357610115
5433,hydro_reservoir,2030,5,323,323,187.00465451506582
5434,hydro_reservoir,2030,5,324,324,187.21754913506987
5435,hydro_reservoir,2030,5,325,325,187.2318643962363
5436,hydro_reservoir,2030,5,326,326,187.36753993396198
5437,hydro_reservoir,2030,5,327,327,187.17866667001744
5438,hydro_reservoir,2030,5,328,328,187.91227123090616
5439,hydro_reservoir,2030,5,329,329,188.00326016490723
5440,hydro_reservoir,2030,5,330,330,188.26509519061162
5441,hydro_reservoir,2030,5,331,331,188.46708775094802
5442,hydro_reservoir,2030,5,332,332,188.5665277547809
5443,hydro_reservoir,2030,5,333,333,189.30848200518864
5444,hydro_reservoir,2030,5,334,334,186.05745470538562
5445,hydro_reservoir,2030,5,335,335,187.10644893064915
5446,hydro_reservoir,2030,5,336,336,188.32884378706905
5447,hydro_reservoir,2030,5,337,337,187.70963769444333
5448,hydro_reservoir,2030,5,338,338,187.4131672816107
5449,hydro_reservoir,2030,5,339,339,187.25857612573364
5450,hydro_reservoir,2030,5,340,340,188.49003562980715
5451,hydro_reservoir,2030,5,341,341,189.74724383395156
5452,hydro_reservoir,2030,5,342,342,189.5403526857045
5453,hydro_reservoir,2030,5,343,343,189.64261807105038
5454,hydro_reservoir,2030,5,344,344,189.6469024009288
5455,hydro_reservoir,2030,5,345,345,190.03606793442668
5456,hydro_reservoir,2030,5,346,346,190.6626504798419
5457,hydro_reservoir,2030,5,347,347,190.1159130962482
5458,hydro_reservoir,2030,5,348,348,191.57106078305395
5459,hydro_reservoir,2030,5,349,349,192.59479353955422
5460,hydro_reservoir,2030,5,350,350,193.4425584218471
5461,hydro_reservoir,2030,5,351,351,194.1872018793077
5462,hydro_reservoir,2030,5,352,352,193.862205342671
5463,hydro_reservoir,2030,5,353,353,193.60737823458405
5464,hydro_reservoir,2030,5,354,354,192.31961693251887
5465,hydro_reservoir,2030,5,355,355,193.4560941940836
5466,hydro_reservoir,2030,5,356,356,193.20305348914812
5467,hydro_reservoir,2030,5,357,357,193.42806445805124
5468,hydro_reservoir,2030,5,358,358,195.12429149189322
5469,hydro_reservoir,2030,5,359,359,196.66262108596445
5470,hydro_reservoir,2030,5,360,360,197.3404803026607
5471,hydro_reservoir,2030,5,361,361,197.04478359213127
5472,hydro_reservoir,2030,5,362,362,198.60929096509346
5473,hydro_reservoir,2030,5,363,363,198.9042803780898
5474,hydro_reservoir,2030,5,364,364,200.55087581182175
5475,hydro_reservoir,2030,5,365,365,201.6
5476,hydro_reservoir,2030,6,1,1,201.98260815738692
5477,hydro_reservoir,2030,6,2,2,201.82707531886751
5478,hydro_reservoir,2030,6,3,3,201.77196108315
5479,hydro_reservoir,2030,6,4,4,201.95255169879144
5480,hydro_reservoir,2030,6,5,5,202.36241449821347
5481,hydro_reservoir,2030,6,6,6,202.82114445345258
5482,hydro_reservoir,2030,6,7,7,202.8585179291016
5483,hydro_reservoir,2030,6,8,8,202.61120559833697
5484,hydro_reservoir,2030,6,9,9,202.78654589943355
5485,hydro_reservoir,2030,6,10,10,203.70877015945064
5486,hydro_reservoir,2030,6,11,11,203.29331389582035
5487,hydro_reservoir,2030,6,12,12,203.0365687756851
5488,hydro_reservoir,2030,6,13,13,203.04402404446688
5489,hydro_reservoir,2030,6,14,14,203.60713733186378
5490,hydro_reservoir,2030,6,15,15,203.4605731121709
5491,hydro_reservoir,2030,6,16,16,203.40405295113345
5492,hydro_reservoir,2030,6,17,17,203.1670768521968
5493,hydro_reservoir,2030,6,18,18,203.18262129727242
5494,hydro_reservoir,2030,6,19,19,203.0795543453945
5495,hydro_reservoir,2030,6,20,20,203.01134163971457
5496,hydro_reservoir,2030,6,21,21,203.29619579890286
5497,hydro_reservoir,2030,6,22,22,204.11695907047206
5498,hydro_reservoir,2030,6,23,23,204.4223684165471
5499,hydro_reservoir,2030,6,24,24,203.9923600188698
5500,hydro_reservoir,2030,6,25,25,203.7626702682255
5501,hydro_reservoir,2030,6,26,26,203.55235987798855
5502,hydro_reservoir,2030,6,27,27,203.82825199619393
5503,hydro_reservoir,2030,6,28,28,203.93681584896743
5504,hydro_reservoir,2030,6,29,29,204.01974441748192
5505,hydro_reservoir,2030,6,30,30,204.47365741099244
5506,hydro_reservoir,2030,6,31,31,204.47146175070844
5507,hydro_reservoir,2030,6,32,32,204.60927575769273
5508,hydro_reservoir,2030,6,33,33,204.47228224702843
5509,hydro_reservoir,2030,6,34,34,204.4535321745227
5510,hydro_reservoir,2030,6,35,35,205.11431601323528
5511,hydro_reservoir,2030,6,36,36,205.58626394989633
5512,hydro_reservoir,2030,6,37,37,206.11406891284892
5513,hydro_reservoir,2030,6,38,38,205.54176725531963
5514,hydro_reservoir,2030,6,39,39,205.47832228312433
5515,hydro_reservoir,2030,6,40,40,205.47678695947766
5516,hydro_reservoir,2030,6,41,41,205.39092262038866
5517,hydro_reservoir,2030,6,42,42,205.13179222294934
5518,hydro_reservoir,2030,6,43,43,204.94904586219116
5519,hydro_reservoir,2030,6,44,44,204.94877841250835
5520,hydro_reservoir,2030,6,45,45,205.3124384223754
5521,hydro_reservoir,2030,6,46,46,206.37925120167088
5522,hydro_reservoir,2030,6,47,47,207.47399844222426
5523,hydro_reservoir,2030,6,48,48,208.0648325239771
5524,hydro_reservoir,2030,6,49,49,207.85654716681583
5525,hydro_reservoir,2030,6,50,50,207.8676830965298
5526,hydro_reservoir,2030,6,51,51,207.88262533444254
5527,hydro_reservoir,2030,6,52,52,208.3691905636686
5528,hydro_reservoir,2030,6,53,53,209.8024031338582
5529,hydro_reservoir,2030,6,54,54,209.21520086621982
5530,hydro_reservoir,2030,6,55,55,210.39968078938915
5531,hydro_reservoir,2030,6,56,56,211.08679861553657
5532,hydro_reservoir,2030,6,57,57,211.4540445690164
5533,hydro_reservoir,2030,6,58,58,211.91785650258961
5534,hydro_reservoir,2030,6,59,59,212.66336515202352
5535,hydro_reservoir,2030,6,60,60,212.81050955166808
5536,hydro_reservoir,2030,6,61,61,213.21756551947126
5537,hydro_reservoir,2030,6,62,62,213.6323380544203
5538,hydro_reservoir,2030,6,63,63,214.33027526584897
5539,hydro_reservoir,2030,6,64,64,214.17568588237793
5540,hydro_reservoir,2030,6,65,65,214.65519750416968
5541,hydro_reservoir,2030,6,66,66,215.3399532470941
5542,hydro_reservoir,2030,6,67,67,215.02815382053214
5543,hydro_reservoir,2030,6,68,68,215.09790767492717
5544,hydro_reservoir,2030,6,69,69,215.20956881154464
5545,hydro_reservoir,2030,6,70,70,215.626894061926
5546,hydro_reservoir,2030,6,71,71,216.13433213584787
5547,hydro_reservoir,2030,6,72,72,216.22762585427395
5548,hydro_reservoir,2030,6,73,73,216.3170884912671
5549,hydro_reservoir,2030,6,74,74,216.4287152330279
5550,hydro_reservoir,2030,6,75,75,216.4824675407136
5551,hydro_reservoir,2030,6,76,76,216.15615407885858
5552,hydro_reservoir,2030,6,77,77,216.30306898621183
5553,hydro_reservoir,2030,6,78,78,216.42682676986738
5554,hydro_reservoir,2030,6,79,79,216.6143617430451
5555,hydro_reservoir,2030,6,80,80,216.9033225227522
5556,hydro_reservoir,2030,6,81,81,216.95732428764805
5557,hydro_reservoir,2030,6,82,82,217.4765432541733
5558,hydro_reservoir,2030,6,83,83,217.62442159322507
5559,hydro_reservoir,2030,6,84,84,217.60317702724473
5560,hydro_reservoir,2030,6,85,85,217.75117567176997
5561,hydro_reservoir,2030,6,86,86,217.51795179197663
5562,hydro_reservoir,2030,6,87,87,217.14870596233655
5563,hydro_reservoir,2030,6,88,88,217.11746856015927
5564,hydro_reservoir,2030,6,89,89,217.53556786886185
5565,hydro_reservoir,2030,6,90,90,217.92576835346924
5566,hydro_reservoir,2030,6,91,91,218.68054486127497
5567,hydro_reservoir,2030,6,92,92,217.9841915471625
5568,hydro_reservoir,2030,6,93,93,216.49598540966693
5569,hydro_reservoir,2030,6,94,94,216.6312861961665
5570,hydro_reservoir,2030,6,95,95,216.84208718831613
5571,hydro_reservoir,2030,6,96,96,216.89666881512548
5572,hydro_reservoir,2030,6,97,97,216.83925834982264
5573,hydro_reservoir,2030,6,98,98,217.06672205534903
5574,hydro_reservoir,2030,6,99,99,217.08301770038284
5575,hydro_reservoir,2030,6,100,100,217.31941695717003
5576,hydro_reservoir,2030,6,101,101,217.53711522469055
5577,hydro_reservoir,2030,6,102,102,217.704931694464
5578,hydro_reservoir,2030,6,103,103,217.66185588456773
5579,hydro_reservoir,2030,6,104,104,218.0963231441308
5580,hydro_reservoir,2030,6,105,105,218.35684353214066
5581,hydro_reservoir,2030,6,106,106,218.76088163438232
5582,hydro_reservoir,2030,6,107,107,218.5117896912616
5583,hydro_reservoir,2030,6,108,108,218.47991927825373
5584,hydro_reservoir,2030,6,109,109,217.85213225265792
5585,hydro_reservoir,2030,6,110,110,218.09371009585365
5586,hydro_reservoir,2030,6,111,111,218.3385106559067
5587,hydro_reservoir,2030,6,112,112,217.61008262257408
5588,hydro_reservoir,2030,6,113,113,217.74249269140907
5589,hydro_reservoir,2030,6,114,114,217.9290912285332
5590,hydro_reservoir,2030,6,115,115,218.20155142423974
5591,hydro_reservoir,2030,6,116,116,218.18107053951016
5592,hydro_reservoir,2030,6,117,117,218.26304624746095
5593,hydro_reservoir,2030,6,118,118,217.7823889727449
5594,hydro_reservoir,2030,6,119,119,217.54573258790776
5595,hydro_reservoir,2030,6,120,120,217.2399802216358
5596,hydro_reservoir,2030,6,121,121,217.70953279363354
5597,hydro_reservoir,2030,6,122,122,218.19460355587844
5598,hydro_reservoir,2030,6,123,123,217.59309806121598
5599,hydro_reservoir,2030,6,124,124,217.18353261373028
5600,hydro_reservoir,2030,6,125,125,216.7409899290843
5601,hydro_reservoir,2030,6,126,126,216.52404634638106
5602,hydro_reservoir,2030,6,127,127,216.67555037522774
5603,hydro_reservoir,2030,6,128,128,216.37644848418455
5604,hydro_reservoir,2030,6,129,129,216.58759760886466
5605,hydro_reservoir,2030,6,130,130,216.73294077189396
5606,hydro_reservoir,2030,6,131,131,216.92363864576345
5607,hydro_reservoir,2030,6,132,132,216.78516787509392
5608,hydro_reservoir,2030,6,133,133,216.59409343617676
5609,hydro_reservoir,2030,6,134,134,216.7563062819732
5610,hydro_reservoir,2030,6,135,135,216.69104568923382
5611,hydro_reservoir,2030,6,136,136,216.4143473064248
5612,hydro_reservoir,2030,6,137,137,216.19166000013178
5613,hydro_reservoir,2030,6,138,138,216.06801832862638
5614,hydro_reservoir,2030,6,139,139,216.51357522397467
5615,hydro_reservoir,2030,6,140,140,216.8920890184092
5616,hydro_reservoir,2030,6,141,141,216.83775879457582
5617,hydro_reservoir,2030,6,142,142,216.6871190093755
5618,hydro_reservoir,2030,6,143,143,215.22990048588963
5619,hydro_reservoir,2030,6,144,144,215.2434704932654
5620,hydro_reservoir,2030,6,145,145,215.4824423877708
5621,hydro_reservoir,2030,6,146,146,215.03784098876855
5622,hydro_reservoir,2030,6,147,147,215.23048514536387
5623,hydro_reservoir,2030,6,148,148,215.12762137928712
5624,hydro_reservoir,2030,6,149,149,214.7464204831829
5625,hydro_reservoir,2030,6,150,150,214.7475962495382
5626,hydro_reservoir,2030,6,151,151,215.06893214918787
5627,hydro_reservoir,2030,6,152,152,213.10120928684816
5628,hydro_reservoir,2030,6,153,153,213.20329795198774
5629,hydro_reservoir,2030,6,154,154,212.32291334501386
5630,hydro_reservoir,2030,6,155,155,212.50617386317086
5631,hydro_reservoir,2030,6,156,156,212.73544322928467
5632,hydro_reservoir,2030,6,157,157,212.44750724031056
5633,hydro_reservoir,2030,6,158,158,212.6320915424153
5634,hydro_reservoir,2030,6,159,159,211.01405251212609
5635,hydro_reservoir,2030,6,160,160,211.52796355749828
5636,hydro_reservoir,2030,6,161,161,212.08163372451523
5637,hydro_reservoir,2030,6,162,162,212.23344494607312
5638,hydro_reservoir,2030,6,163,163,211.9053469300575
5639,hydro_reservoir,2030,6,164,164,210.6744046806059
5640,hydro_reservoir,2030,6,165,165,210.47671278039198
5641,hydro_reservoir,2030,6,166,166,210.67033319842022
5642,hydro_reservoir,2030,6,167,167,210.51323580092853
5643,hydro_reservoir,2030,6,168,168,210.77826541782952
5644,hydro_reservoir,2030,6,169,169,211.00348920260336
5645,hydro_reservoir,2030,6,170,170,209.44382073258117
5646,hydro_reservoir,2030,6,171,171,206.67651296208598
5647,hydro_reservoir,2030,6,172,172,204.36408956248374
5648,hydro_reservoir,2030,6,173,173,204.60372476088
5649,hydro_reservoir,2030,6,174,174,202.87172010574918
5650,hydro_reservoir,2030,6,175,175,201.3417147042851
5651,hydro_reservoir,2030,6,176,176,201.18506139019092
5652,hydro_reservoir,2030,6,177,177,201.33393247946609
5653,hydro_reservoir,2030,6,178,178,201.39291791760678
5654,hydro_reservoir,2030,6,179,179,201.58746090507717
5655,hydro_reservoir,2030,6,180,180,201.53894660649036
5656,hydro_reservoir,2030,6,181,181,201.50293808919017
5657,hydro_reservoir,2030,6,182,182,201.64216521752653
5658,hydro_reservoir,2030,6,183,183,201.52185489628386
5659,hydro_reservoir,2030,6,184,184,201.71113362581124
5660,hydro_reservoir,2030,6,185,185,201.934763194942
5661,hydro_reservoir,2030,6,186,186,200.8233460827962
5662,hydro_reservoir,2030,6,187,187,201.19413414438372
5663,hydro_reservoir,2030,6,188,188,200.34890910433074
5664,hydro_reservoir,2030,6,189,189,200.8564331735757
5665,hydro_reservoir,2030,6,190,190,200.97106634914206
5666,hydro_reservoir,2030,6,191,191,200.99821412916546
5667,hydro_reservoir,2030,6,192,192,201.2687430609283
5668,hydro_reservoir,2030,6,193,193,200.9845968782751
5669,hydro_reservoir,2030,6,194,194,200.70440375122786
5670,hydro_reservoir,2030,6,195,195,200.9139389680326
5671,hydro_reservoir,2030,6,196,196,201.115758917645
5672,hydro_reservoir,2030,6,197,197,201.26026971712886
5673,hydro_reservoir,2030,6,198,198,199.0148030144743
5674,hydro_reservoir,2030,6,199,199,199.29063603432516
5675,hydro_reservoir,2030,6,200,200,199.339455656106
5676,hydro_reservoir,2030,6,201,201,199.54057679433788
5677,hydro_reservoir,2030,6,202,202,199.70984498237124
5678,hydro_reservoir,2030,6,203,203,198.42858380190333
5679,hydro_reservoir,2030,6,204,204,198.48066401055817
5680,hydro_reservoir,2030,6,205,205,198.44757055326133
5681,hydro_reservoir,2030,6,206,206,197.90233496367182
5682,hydro_reservoir,2030,6,207,207,197.37470671891475
5683,hydro_reservoir,2030,6,208,208,196.64441095399638
5684,hydro_reservoir,2030,6,209,209,196.8043248374666
5685,hydro_reservoir,2030,6,210,210,197.00998728083087
5686,hydro_reservoir,2030,6,211,211,196.99989199650886
5687,hydro_reservoir,2030,6,212,212,197.11170731702077
5688,hydro_reservoir,2030,6,213,213,196.8263121736182
5689,hydro_reservoir,2030,6,214,214,196.96441034067266
5690,hydro_reservoir,2030,6,215,215,196.26737758320047
5691,hydro_reservoir,2030,6,216,216,196.23676144052288
5692,hydro_reservoir,2030,6,217,217,195.5123565049943
5693,hydro_reservoir,2030,6,218,218,195.7473465435789
5694,hydro_reservoir,2030,6,219,219,195.97104112514603
5695,hydro_reservoir,2030,6,220,220,195.95540999728203
5696,hydro_reservoir,2030,6,221,221,196.1364824683845
5697,hydro_reservoir,2030,6,222,222,195.65656974628865
5698,hydro_reservoir,2030,6,223,223,195.34926794407073
5699,hydro_reservoir,2030,6,224,224,195.53027770336666
5700,hydro_reservoir,2030,6,225,225,194.2665065919793
5701,hydro_reservoir,2030,6,226,226,194.482447939544
5702,hydro_reservoir,2030,6,227,227,194.67176617186385
5703,hydro_reservoir,2030,6,228,228,194.93455922242129
5704,hydro_reservoir,2030,6,229,229,195.10682520659964
5705,hydro_reservoir,2030,6,230,230,195.21336655528248
5706,hydro_reservoir,2030,6,231,231,195.35781002354395
5707,hydro_reservoir,2030,6,232,232,195.0241393890033
5708,hydro_reservoir,2030,6,233,233,195.31339355773503
5709,hydro_reservoir,2030,6,234,234,195.8665321062028
5710,hydro_reservoir,2030,6,235,235,195.584360424848
5711,hydro_reservoir,2030,6,236,236,195.53714033953133
5712,hydro_reservoir,2030,6,237,237,195.66957790023537
5713,hydro_reservoir,2030,6,238,238,195.7156781736377
5714,hydro_reservoir,2030,6,239,239,195.25466416633535
5715,hydro_reservoir,2030,6,240,240,195.2127142970153
5716,hydro_reservoir,2030,6,241,241,195.03978333011239
5717,hydro_reservoir,2030,6,242,242,195.11195855853254
5718,hydro_reservoir,2030,6,243,243,195.03832970523996
5719,hydro_reservoir,2030,6,244,244,195.07180158207993
5720,hydro_reservoir,2030,6,245,245,194.90216559463744
5721,hydro_reservoir,2030,6,246,246,194.9137205587897
5722,hydro_reservoir,2030,6,247,247,194.95998718177503
5723,hydro_reservoir,2030,6,248,248,195.039758001873
5724,hydro_reservoir,2030,6,249,249,195.1659162697226
5725,hydro_reservoir,2030,6,250,250,195.23464607024522
5726,hydro_reservoir,2030,6,251,251,195.30376089997566
5727,hydro_reservoir,2030,6,252,252,195.50426565906906
5728,hydro_reservoir,2030,6,253,253,195.61685961676915
5729,hydro_reservoir,2030,6,254,254,195.71882830631966
5730,hydro_reservoir,2030,6,255,255,194.96594683484133
5731,hydro_reservoir,2030,6,256,256,194.74230691836823
5732,hydro_reservoir,2030,6,257,257,194.50262866042812
5733,hydro_reservoir,2030,6,258,258,194.12518369409366
5734,hydro_reservoir,2030,6,259,259,193.75261825880318
5735,hydro_reservoir,2030,6,260,260,193.2613277644839
5736,hydro_reservoir,2030,6,261,261,192.48336379296072
5737,hydro_reservoir,2030,6,262,262,192.7234407794558
5738,hydro_reservoir,2030,6,263,263,192.81355312204687
5739,hydro_reservoir,2030,6,264,264,192.72311179727322
5740,hydro_reservoir,2030,6,265,265,192.95741272735947
5741,hydro_reservoir,2030,6,266,266,193.09922879549336
5742,hydro_reservoir,2030,6,267,267,192.98425168425078
5743,hydro_reservoir,2030,6,268,268,193.1331226713245
5744,hydro_reservoir,2030,6,269,269,193.26098243771668
5745,hydro_reservoir,2030,6,270,270,193.3363226841989
5746,hydro_reservoir,2030,6,271,271,192.29920152424285
5747,hydro_reservoir,2030,6,272,272,191.97099725793007
5748,hydro_reservoir,2030,6,273,273,191.8422333145621
5749,hydro_reservoir,2030,6,274,274,191.99019459036754
5750,hydro_reservoir,2030,6,275,275,191.38344397301643
5751,hydro_reservoir,2030,6,276,276,191.05463555636177
5752,hydro_reservoir,2030,6,277,277,191.077253483992
5753,hydro_reservoir,2030,6,278,278,190.75309679273707
5754,hydro_reservoir,2030,6,279,279,191.0494938928457
5755,hydro_reservoir,2030,6,280,280,191.21091493956024
5756,hydro_reservoir,2030,6,281,281,190.42600488035322
5757,hydro_reservoir,2030,6,282,282,190.25270227597738
5758,hydro_reservoir,2030,6,283,283,190.0695646596587
5759,hydro_reservoir,2030,6,284,284,190.3391707430822
5760,hydro_reservoir,2030,6,285,285,190.37817406522706
5761,hydro_reservoir,2030,6,286,286,190.2631669074943
5762,hydro_reservoir,2030,6,287,287,190.63802298104628
5763,hydro_reservoir,2030,6,288,288,191.22337212183612
5764,hydro_reservoir,2030,6,289,289,191.78718532594945
5765,hydro_reservoir,2030,6,290,290,192.14171576603272
5766,hydro_reservoir,2030,6,291,291,192.9202277215055
5767,hydro_reservoir,2030,6,292,292,192.76659546559958
5768,hydro_reservoir,2030,6,293,293,192.13712667363998
5769,hydro_reservoir,2030,6,294,294,192.5903238817046
5770,hydro_reservoir,2030,6,295,295,192.49508031235956
5771,hydro_reservoir,2030,6,296,296,191.27197454608603
5772,hydro_reservoir,2030,6,297,297,191.38023937238225
5773,hydro_reservoir,2030,6,298,298,191.36084136685258
5774,hydro_reservoir,2030,6,299,299,191.4319133372318
5775,hydro_reservoir,2030,6,300,300,191.08319847096465
5776,hydro_reservoir,2030,6,301,301,191.1524064776897
5777,hydro_reservoir,2030,6,302,302,191.41583233163146
5778,hydro_reservoir,2030,6,303,303,191.65071836196097
5779,hydro_reservoir,2030,6,304,304,191.14074960898856
5780,hydro_reservoir,2030,6,305,305,190.63663679569385
5781,hydro_reservoir,2030,6,306,306,190.0617137527054
5782,hydro_reservoir,2030,6,307,307,190.07151833868454
5783,hydro_reservoir,2030,6,308,308,189.9838477828051
5784,hydro_reservoir,2030,6,309,309,189.94348021090485
5785,hydro_reservoir,2030,6,310,310,189.79551975495508
5786,hydro_reservoir,2030,6,311,311,189.36137832303498
5787,hydro_reservoir,2030,6,312,312,188.9044697632894
5788,hydro_reservoir,2030,6,313,313,188.22695338320415
5789,hydro_reservoir,2030,6,314,314,188.6029058564824
5790,hydro_reservoir,2030,6,315,315,188.69524706284625
5791,hydro_reservoir,2030,6,316,316,188.41567963721337
5792,hydro_reservoir,2030,6,317,317,188.43754403002575
5793,hydro_reservoir,2030,6,318,318,188.3916865082524
5794,hydro_reservoir,2030,6,319,319,188.3709916495239
5795,hydro_reservoir,2030,6,320,320,188.41438722559107
5796,hydro_reservoir,2030,6,321,321,188.3785350048779
5797,hydro_reservoir,2030,6,322,322,187.86851704547462
5798,hydro_reservoir,2030,6,323,323,187.11287407001686
5799,hydro_reservoir,2030,6,324,324,187.01427436588577
5800,hydro_reservoir,2030,6,325,325,186.71253227545574
5801,hydro_reservoir,2030,6,326,326,185.7933871969469
5802,hydro_reservoir,2030,6,327,327,185.83214301376648
5803,hydro_reservoir,2030,6,328,328,186.39538843562298
5804,hydro_reservoir,2030,6,329,329,186.56025866213125
5805,hydro_reservoir,2030,6,330,330,186.6345451792654
5806,hydro_reservoir,2030,6,331,331,186.44065165407451
5807,hydro_reservoir,2030,6,332,332,186.54094672488029
5808,hydro_reservoir,2030,6,333,333,186.22750020252846
5809,hydro_reservoir,2030,6,334,334,185.88596420578057
5810,hydro_reservoir,2030,6,335,335,186.19300668990712
5811,hydro_reservoir,2030,6,336,336,186.4096836326856
5812,hydro_reservoir,2030,6,337,337,186.25585080966763
5813,hydro_reservoir,2030,6,338,338,187.09867142036776
5814,hydro_reservoir,2030,6,339,339,188.20896086293172
5815,hydro_reservoir,2030,6,340,340,188.99637570867702
5816,hydro_reservoir,2030,6,341,341,189.20171071510345
5817,hydro_reservoir,2030,6,342,342,188.9507675114922
5818,hydro_reservoir,2030,6,343,343,189.4304228937001
5819,hydro_reservoir,2030,6,344,344,189.8925020682299
5820,hydro_reservoir,2030,6,345,345,189.89645289556853
5821,hydro_reservoir,2030,6,346,346,190.03016963857402
5822,hydro_reservoir,2030,6,347,347,190.4575023239678
5823,hydro_reservoir,2030,6,348,348,191.31923609248238
5824,hydro_reservoir,2030,6,349,349,192.18961847684085
5825,hydro_reservoir,2030,6,350,350,193.19292501004173
5826,hydro_reservoir,2030,6,351,351,193.78125751288908
5827,hydro_reservoir,2030,6,352,352,193.66299181086546
5828,hydro_reservoir,2030,6,353,353,194.64853574329223
5829,hydro_reservoir,2030,6,354,354,195.5254213983415
5830,hydro_reservoir,2030,6,355,355,196.36085448747744
5831,hydro_reservoir,2030,6,356,356,196.90964543270945
5832,hydro_reservoir,2030,6,357,357,197.8426187621456
5833,hydro_reservoir,2030,6,358,358,199.00047787911538
5834,hydro_reservoir,2030,6,359,359,199.17215827243948
5835,hydro_reservoir,2030,6,360,360,199.17596157542832
5836,hydro_reservoir,2030,6,361,361,199.07024950892486
5837,hydro_reservoir,2030,6,362,362,199.94962377596693
5838,hydro_reservoir,2030,6,363,363,200.59668837398408
5839,hydro_reservoir,2030,6,364,364,200.55019124092343
5840,hydro_reservoir,2030,6,365,365,201.6
5841,hydro_reservoir,2030,7,1,1,202.42667066799214
5842,hydro_reservoir,2030,7,2,2,203.86476838362432
5843,hydro_reservoir,2030,7,3,3,205.22722052271993
5844,hydro_reservoir,2030,7,4,4,206.65326779388172
5845,hydro_reservoir,2030,7,5,5,208.0171021763821
5846,hydro_reservoir,2030,7,6,6,208.98214532608844
5847,hydro_reservoir,2030,7,7,7,210.00793714313065
5848,hydro_reservoir,2030,7,8,8,210.0126726448853
5849,hydro_reservoir,2030,7,9,9,210.3206677770412
5850,hydro_reservoir,2030,7,10,10,210.5113366423309
5851,hydro_reservoir,2030,7,11,11,211.08750109571974
5852,hydro_reservoir,2030,7,12,12,212.35586432901317
5853,hydro_reservoir,2030,7,13,13,213.6226054125998
5854,hydro_reservoir,2030,7,14,14,214.72779325129244
5855,hydro_reservoir,2030,7,15,15,215.9665274795641
5856,hydro_reservoir,2030,7,16,16,217.6626737101081
5857,hydro_reservoir,2030,7,17,17,219.095567715744
5858,hydro_reservoir,2030,7,18,18,220.2919226455392
5859,hydro_reservoir,2030,7,19,19,220.78374141580153
5860,hydro_reservoir,2030,7,20,20,221.3380295522456
5861,hydro_reservoir,2030,7,21,21,222.8583339381823
5862,hydro_reservoir,2030,7,22,22,223.66394402588134
5863,hydro_reservoir,2030,7,23,23,223.53596933665338
5864,hydro_reservoir,2030,7,24,24,223.64871411832155
5865,hydro_reservoir,2030,7,25,25,222.9460759548682
5866,hydro_reservoir,2030,7,26,26,222.18684062711097
5867,hydro_reservoir,2030,7,27,27,221.57824734930475
5868,hydro_reservoir,2030,7,28,28,221.04100686679914
5869,hydro_reservoir,2030,7,29,29,220.52534811293128
5870,hydro_reservoir,2030,7,30,30,220.0072719880235
5871,hydro_reservoir,2030,7,31,31,219.3769713781207
5872,hydro_reservoir,2030,7,32,32,218.62361342550346
5873,hydro_reservoir,2030,7,33,33,218.06822976021738
5874,hydro_reservoir,2030,7,34,34,217.3991705757688
5875,hydro_reservoir,2030,7,35,35,215.85827765436943
5876,hydro_reservoir,2030,7,36,36,217.02392178165184
5877,hydro_reservoir,2030,7,37,37,216.96052116006055
5878,hydro_reservoir,2030,7,38,38,216.92643289380214
5879,hydro_reservoir,2030,7,39,39,216.83992555442373
5880,hydro_reservoir,2030,7,40,40,217.2042720350782
5881,hydro_reservoir,2030,7,41,41,216.68244509854563
5882,hydro_reservoir,2030,7,42,42,216.26348604442697
5883,hydro_reservoir,2030,7,43,43,215.71773879617987
5884,hydro_reservoir,2030,7,44,44,215.2373205674295
5885,hydro_reservoir,2030,7,45,45,214.6514813822019
5886,hydro_reservoir,2030,7,46,46,214.59046454216443
5887,hydro_reservoir,2030,7,47,47,214.16796781295943
5888,hydro_reservoir,2030,7,48,48,213.74283684926124
5889,hydro_reservoir,2030,7,49,49,213.34709745117044
5890,hydro_reservoir,2030,7,50,50,213.08185399165117
5891,hydro_reservoir,2030,7,51,51,212.58231856055608
5892,hydro_reservoir,2030,7,52,52,212.5276339363863
5893,hydro_reservoir,2030,7,53,53,212.76098086154198
5894,hydro_reservoir,2030,7,54,54,213.3649425581288
5895,hydro_reservoir,2030,7,55,55,213.1827634020297
5896,hydro_reservoir,2030,7,56,56,212.80119542129634
5897,hydro_reservoir,2030,7,57,57,212.49142866356806
5898,hydro_reservoir,2030,7,58,58,212.1245893286569
5899,hydro_reservoir,2030,7,59,59,212.05534926210123
5900,hydro_reservoir,2030,7,60,60,212.0895629521225
5901,hydro_reservoir,2030,7,61,61,212.18986303260232
5902,hydro_reservoir,2030,7,62,62,212.35179760961603
5903,hydro_reservoir,2030,7,63,63,212.55576653569864
5904,hydro_reservoir,2030,7,64,64,212.81366648603617
5905,hydro_reservoir,2030,7,65,65,212.88186878304742
5906,hydro_reservoir,2030,7,66,66,211.72420611791892
5907,hydro_reservoir,2030,7,67,67,212.80017460222052
5908,hydro_reservoir,2030,7,68,68,213.6471770055774
5909,hydro_reservoir,2030,7,69,69,214.00863808465925
5910,hydro_reservoir,2030,7,70,70,213.89460261699648
5911,hydro_reservoir,2030,7,71,71,213.48096322148277
5912,hydro_reservoir,2030,7,72,72,212.96328945016558
5913,hydro_reservoir,2030,7,73,73,213.25777542843775
5914,hydro_reservoir,2030,7,74,74,213.17420029010685
5915,hydro_reservoir,2030,7,75,75,212.88062552494063
5916,hydro_reservoir,2030,7,76,76,212.72015064263744
5917,hydro_reservoir,2030,7,77,77,212.58821715844948
5918,hydro_reservoir,2030,7,78,78,212.66768651978904
5919,hydro_reservoir,2030,7,79,79,212.08557982897972
5920,hydro_reservoir,2030,7,80,80,211.71414712676653
5921,hydro_reservoir,2030,7,81,81,211.6608121338247
5922,hydro_reservoir,2030,7,82,82,211.51950117284218
5923,hydro_reservoir,2030,7,83,83,211.16658211746585
5924,hydro_reservoir,2030,7,84,84,211.09977165802934
5925,hydro_reservoir,2030,7,85,85,211.80139656237105
5926,hydro_reservoir,2030,7,86,86,212.67340074892113
5927,hydro_reservoir,2030,7,87,87,212.76961078609298
5928,hydro_reservoir,2030,7,88,88,213.0109044065129
5929,hydro_reservoir,2030,7,89,89,212.66775144667253
5930,hydro_reservoir,2030,7,90,90,213.44609920748158
5931,hydro_reservoir,2030,7,91,91,214.5818002526725
5932,hydro_reservoir,2030,7,92,92,215.10142999321315
5933,hydro_reservoir,2030,7,93,93,214.75069305192096
5934,hydro_reservoir,2030,7,94,94,215.70314220096424
5935,hydro_reservoir,2030,7,95,95,216.51014355165208
5936,hydro_reservoir,2030,7,96,96,217.49514092885948
5937,hydro_reservoir,2030,7,97,97,218.00449931774648
5938,hydro_reservoir,2030,7,98,98,218.1163993066878
5939,hydro_reservoir,2030,7,99,99,218.85352099333275
5940,hydro_reservoir,2030,7,100,100,218.6997790225629
5941,hydro_reservoir,2030,7,101,101,218.49336223436393
5942,hydro_reservoir,2030,7,102,102,219.02109671717383
5943,hydro_reservoir,2030,7,103,103,219.01900689854136
5944,hydro_reservoir,2030,7,104,104,218.87907682216175
5945,hydro_reservoir,2030,7,105,105,218.8904810848968
5946,hydro_reservoir,2030,7,106,106,218.6547826686615
5947,hydro_reservoir,2030,7,107,107,218.2843518084236
5948,hydro_reservoir,2030,7,108,108,218.2329535949195
5949,hydro_reservoir,2030,7,109,109,218.3487806456816
5950,hydro_reservoir,2030,7,110,110,217.95305332651108
5951,hydro_reservoir,2030,7,111,111,217.13134396741052
5952,hydro_reservoir,2030,7,112,112,216.60180874332212
5953,hydro_reservoir,2030,7,113,113,216.53139577374
5954,hydro_reservoir,2030,7,114,114,216.12152011659248
5955,hydro_reservoir,2030,7,115,115,215.78438798264227
5956,hydro_reservoir,2030,7,116,116,215.64728211913916
5957,hydro_reservoir,2030,7,117,117,215.25989228449686
5958,hydro_reservoir,2030,7,118,118,215.22262572172525
5959,hydro_reservoir,2030,7,119,119,214.91581489909595
5960,hydro_reservoir,2030,7,120,120,215.01279949333764
5961,hydro_reservoir,2030,7,121,121,214.9347623358875
5962,hydro_reservoir,2030,7,122,122,214.92972298618577
5963,hydro_reservoir,2030,7,123,123,214.34057653797137
5964,hydro_reservoir,2030,7,124,124,214.41315273327285
5965,hydro_reservoir,2030,7,125,125,214.14854046138052
5966,hydro_reservoir,2030,7,126,126,214.22293742725086
5967,hydro_reservoir,2030,7,127,127,214.52473296186676
5968,hydro_reservoir,2030,7,128,128,215.24650345485088
5969,hydro_reservoir,2030,7,129,129,215.33509813235787
5970,hydro_reservoir,2030,7,130,130,214.6623050636643
5971,hydro_reservoir,2030,7,131,131,215.31507858275762
5972,hydro_reservoir,2030,7,132,132,216.15835379818373
5973,hydro_reservoir,2030,7,133,133,215.52511788655121
5974,hydro_reservoir,2030,7,134,134,215.22390859740244
5975,hydro_reservoir,2030,7,135,135,215.23596617982034
5976,hydro_reservoir,2030,7,136,136,215.63281735127077
5977,hydro_reservoir,2030,7,137,137,215.7379225018341
5978,hydro_reservoir,2030,7,138,138,215.553104485935
5979,hydro_reservoir,2030,7,139,139,215.49182155177698
5980,hydro_reservoir,2030,7,140,140,215.0894819317418
5981,hydro_reservoir,2030,7,141,141,214.72930038357262
5982,hydro_reservoir,2030,7,142,142,214.75098874752885
5983,hydro_reservoir,2030,7,143,143,214.50780570319526
5984,hydro_reservoir,2030,7,144,144,214.5367982537574
5985,hydro_reservoir,2030,7,145,145,213.9454464487768
5986,hydro_reservoir,2030,7,146,146,213.9764425675052
5987,hydro_reservoir,2030,7,147,147,213.94520852372239
5988,hydro_reservoir,2030,7,148,148,214.5929790436595
5989,hydro_reservoir,2030,7,149,149,214.74392236605888
5990,hydro_reservoir,2030,7,150,150,214.74246732701292
5991,hydro_reservoir,2030,7,151,151,214.89621592402077
5992,hydro_reservoir,2030,7,152,152,214.868401762714
5993,hydro_reservoir,2030,7,153,153,214.82005335006554
5994,hydro_reservoir,2030,7,154,154,215.1664561299965
5995,hydro_reservoir,2030,7,155,155,215.06699286450913
5996,hydro_reservoir,2030,7,156,156,214.78549376324284
5997,hydro_reservoir,2030,7,157,157,214.4669449467463
5998,hydro_reservoir,2030,7,158,158,214.85180930013118
5999,hydro_reservoir,2030,7,159,159,215.53418504578036
6000,hydro_reservoir,2030,7,160,160,214.66314729311551
6001,hydro_reservoir,2030,7,161,161,215.18088357253268
6002,hydro_reservoir,2030,7,162,162,214.99716198440635
6003,hydro_reservoir,2030,7,163,163,215.57170042503307
6004,hydro_reservoir,2030,7,164,164,215.44726235540224
6005,hydro_reservoir,2030,7,165,165,215.25743925045185
6006,hydro_reservoir,2030,7,166,166,215.02720053254436
6007,hydro_reservoir,2030,7,167,167,214.93849438358993
6008,hydro_reservoir,2030,7,168,168,213.30342971488193
6009,hydro_reservoir,2030,7,169,169,213.9998173874125
6010,hydro_reservoir,2030,7,170,170,214.3680611016555
6011,hydro_reservoir,2030,7,171,171,214.53390746846046
6012,hydro_reservoir,2030,7,172,172,214.3845277329274
6013,hydro_reservoir,2030,7,173,173,214.49170739850527
6014,hydro_reservoir,2030,7,174,174,214.60881167892538
6015,hydro_reservoir,2030,7,175,175,215.22938830281353
6016,hydro_reservoir,2030,7,176,176,215.34008388965972
6017,hydro_reservoir,2030,7,177,177,215.54552979066753
6018,hydro_reservoir,2030,7,178,178,215.7211179969327
6019,hydro_reservoir,2030,7,179,179,215.6540438726613
6020,hydro_reservoir,2030,7,180,180,215.30075437948574
6021,hydro_reservoir,2030,7,181,181,215.29994113062256
6022,hydro_reservoir,2030,7,182,182,215.7807277329264
6023,hydro_reservoir,2030,7,183,183,216.40917216734616
6024,hydro_reservoir,2030,7,184,184,216.50813834055685
6025,hydro_reservoir,2030,7,185,185,216.37878139806404
6026,hydro_reservoir,2030,7,186,186,215.8044831936415
6027,hydro_reservoir,2030,7,187,187,215.68209495583991
6028,hydro_reservoir,2030,7,188,188,216.06397692965294
6029,hydro_reservoir,2030,7,189,189,216.4774613683895
6030,hydro_reservoir,2030,7,190,190,217.12575174217884
6031,hydro_reservoir,2030,7,191,191,217.46121103097843
6032,hydro_reservoir,2030,7,192,192,217.39845313788555
6033,hydro_reservoir,2030,7,193,193,217.30183060328133
6034,hydro_reservoir,2030,7,194,194,217.19060139179828
6035,hydro_reservoir,2030,7,195,195,216.78915035307404
6036,hydro_reservoir,2030,7,196,196,216.66725938865184
6037,hydro_reservoir,2030,7,197,197,215.53164951489612
6038,hydro_reservoir,2030,7,198,198,215.2703202456923
6039,hydro_reservoir,2030,7,199,199,215.36220098327072
6040,hydro_reservoir,2030,7,200,200,215.53788602537622
6041,hydro_reservoir,2030,7,201,201,215.81510448376235
6042,hydro_reservoir,2030,7,202,202,216.00777041479117
6043,hydro_reservoir,2030,7,203,203,216.0000745254597
6044,hydro_reservoir,2030,7,204,204,215.30463282598183
6045,hydro_reservoir,2030,7,205,205,214.9865268949175
6046,hydro_reservoir,2030,7,206,206,214.86430023195643
6047,hydro_reservoir,2030,7,207,207,215.55121120297335
6048,hydro_reservoir,2030,7,208,208,215.52843665939798
6049,hydro_reservoir,2030,7,209,209,215.72668049639606
6050,hydro_reservoir,2030,7,210,210,215.0417682627946
6051,hydro_reservoir,2030,7,211,211,215.1605080181951
6052,hydro_reservoir,2030,7,212,212,214.80262476166322
6053,hydro_reservoir,2030,7,213,213,214.2749938844479
6054,hydro_reservoir,2030,7,214,214,214.1451785502652
6055,hydro_reservoir,2030,7,215,215,214.79703040211706
6056,hydro_reservoir,2030,7,216,216,215.30968269270554
6057,hydro_reservoir,2030,7,217,217,215.0000416710394
6058,hydro_reservoir,2030,7,218,218,214.61778960854497
6059,hydro_reservoir,2030,7,219,219,215.26964146039683
6060,hydro_reservoir,2030,7,220,220,215.37689399567446
6061,hydro_reservoir,2030,7,221,221,214.6675004977487
6062,hydro_reservoir,2030,7,222,222,214.91122761795592
6063,hydro_reservoir,2030,7,223,223,214.64064356530702
6064,hydro_reservoir,2030,7,224,224,214.53654925813376
6065,hydro_reservoir,2030,7,225,225,213.86417938758294
6066,hydro_reservoir,2030,7,226,226,213.7081498341583
6067,hydro_reservoir,2030,7,227,227,213.3956989064503
6068,hydro_reservoir,2030,7,228,228,213.4692250314691
6069,hydro_reservoir,2030,7,229,229,212.39820859185727
6070,hydro_reservoir,2030,7,230,230,212.45878704533462
6071,hydro_reservoir,2030,7,231,231,212.84972495404003
6072,hydro_reservoir,2030,7,232,232,212.61984381621272
6073,hydro_reservoir,2030,7,233,233,212.4027250495155
6074,hydro_reservoir,2030,7,234,234,212.84593821100165
6075,hydro_reservoir,2030,7,235,235,213.46261030906985
6076,hydro_reservoir,2030,7,236,236,213.88701675896039
6077,hydro_reservoir,2030,7,237,237,214.3510744966667
6078,hydro_reservoir,2030,7,238,238,214.3690400002175
6079,hydro_reservoir,2030,7,239,239,214.5305707255494
6080,hydro_reservoir,2030,7,240,240,214.5652995273576
6081,hydro_reservoir,2030,7,241,241,214.45033091839628
6082,hydro_reservoir,2030,7,242,242,214.79909118526845
6083,hydro_reservoir,2030,7,243,243,215.36421572370338
6084,hydro_reservoir,2030,7,244,244,215.73933892273467
6085,hydro_reservoir,2030,7,245,245,216.24216799461342
6086,hydro_reservoir,2030,7,246,246,216.30047590336727
6087,hydro_reservoir,2030,7,247,247,216.69729320481076
6088,hydro_reservoir,2030,7,248,248,217.1928242255899
6089,hydro_reservoir,2030,7,249,249,217.61661655128316
6090,hydro_reservoir,2030,7,250,250,218.05457181025892
6091,hydro_reservoir,2030,7,251,251,217.66443592487832
6092,hydro_reservoir,2030,7,252,252,217.5456989153327
6093,hydro_reservoir,2030,7,253,253,217.123031840651
6094,hydro_reservoir,2030,7,254,254,216.52996489761185
6095,hydro_reservoir,2030,7,255,255,216.38148693700558
6096,hydro_reservoir,2030,7,256,256,216.61771483689034
6097,hydro_reservoir,2030,7,257,257,216.87913148618296
6098,hydro_reservoir,2030,7,258,258,217.00136634683747
6099,hydro_reservoir,2030,7,259,259,217.2678067521625
6100,hydro_reservoir,2030,7,260,260,217.61828436650387
6101,hydro_reservoir,2030,7,261,261,217.79798460678822
6102,hydro_reservoir,2030,7,262,262,217.92521907004237
6103,hydro_reservoir,2030,7,263,263,218.10524269464884
6104,hydro_reservoir,2030,7,264,264,218.32484886079496
6105,hydro_reservoir,2030,7,265,265,218.5778462513266
6106,hydro_reservoir,2030,7,266,266,218.5125252844844
6107,hydro_reservoir,2030,7,267,267,218.42113726609534
6108,hydro_reservoir,2030,7,268,268,218.38638857879602
6109,hydro_reservoir,2030,7,269,269,218.1763190725457
6110,hydro_reservoir,2030,7,270,270,218.14831334162955
6111,hydro_reservoir,2030,7,271,271,218.37877641760772
6112,hydro_reservoir,2030,7,272,272,218.3059893017002
6113,hydro_reservoir,2030,7,273,273,217.86450188671054
6114,hydro_reservoir,2030,7,274,274,217.11180778789526
6115,hydro_reservoir,2030,7,275,275,217.92153655236888
6116,hydro_reservoir,2030,7,276,276,218.63695155079068
6117,hydro_reservoir,2030,7,277,277,219.1290709675348
6118,hydro_reservoir,2030,7,278,278,219.40596551406045
6119,hydro_reservoir,2030,7,279,279,219.32680589250978
6120,hydro_reservoir,2030,7,280,280,219.35815953059998
6121,hydro_reservoir,2030,7,281,281,219.00829322663924
6122,hydro_reservoir,2030,7,282,282,217.97930187467256
6123,hydro_reservoir,2030,7,283,283,217.87562215704793
6124,hydro_reservoir,2030,7,284,284,218.55575144032224
6125,hydro_reservoir,2030,7,285,285,219.4124803152747
6126,hydro_reservoir,2030,7,286,286,220.40582848526554
6127,hydro_reservoir,2030,7,287,287,221.1853324532493
6128,hydro_reservoir,2030,7,288,288,220.9659011701996
6129,hydro_reservoir,2030,7,289,289,220.32343481010668
6130,hydro_reservoir,2030,7,290,290,221.3821270369608
6131,hydro_reservoir,2030,7,291,291,222.19510455194404
6132,hydro_reservoir,2030,7,292,292,223.17768097087645
6133,hydro_reservoir,2030,7,293,293,223.7732780464203
6134,hydro_reservoir,2030,7,294,294,224.973497467216
6135,hydro_reservoir,2030,7,295,295,226.0198294788058
6136,hydro_reservoir,2030,7,296,296,225.7523974240859
6137,hydro_reservoir,2030,7,297,297,225.6878087268572
6138,hydro_reservoir,2030,7,298,298,226.85347562352405
6139,hydro_reservoir,2030,7,299,299,227.81758705528506
6140,hydro_reservoir,2030,7,300,300,228.59765603559418
6141,hydro_reservoir,2030,7,301,301,228.23287310725982
6142,hydro_reservoir,2030,7,302,302,227.6852700929165
6143,hydro_reservoir,2030,7,303,303,228.30209948444204
6144,hydro_reservoir,2030,7,304,304,228.4223042763674
6145,hydro_reservoir,2030,7,305,305,228.23191289178104
6146,hydro_reservoir,2030,7,306,306,228.0268451151757
6147,hydro_reservoir,2030,7,307,307,227.74263228691092
6148,hydro_reservoir,2030,7,308,308,227.64928187662142
6149,hydro_reservoir,2030,7,309,309,227.24232632130827
6150,hydro_reservoir,2030,7,310,310,226.9786468838523
6151,hydro_reservoir,2030,7,311,311,226.6043254234415
6152,hydro_reservoir,2030,7,312,312,226.69204754966185
6153,hydro_reservoir,2030,7,313,313,227.20548056458034
6154,hydro_reservoir,2030,7,314,314,226.5325503501721
6155,hydro_reservoir,2030,7,315,315,226.0678746219953
6156,hydro_reservoir,2030,7,316,316,225.71768138389126
6157,hydro_reservoir,2030,7,317,317,225.29965507222786
6158,hydro_reservoir,2030,7,318,318,224.85837836943935
6159,hydro_reservoir,2030,7,319,319,224.37271469944068
6160,hydro_reservoir,2030,7,320,320,223.93679327395563
6161,hydro_reservoir,2030,7,321,321,223.20749700695583
6162,hydro_reservoir,2030,7,322,322,222.9788551886359
6163,hydro_reservoir,2030,7,323,323,222.94607356895978
6164,hydro_reservoir,2030,7,324,324,222.71192297721515
6165,hydro_reservoir,2030,7,325,325,223.32184372260113
6166,hydro_reservoir,2030,7,326,326,223.56420751218758
6167,hydro_reservoir,2030,7,327,327,223.10855660094677
6168,hydro_reservoir,2030,7,328,328,222.58322782390013
6169,hydro_reservoir,2030,7,329,329,222.4080971632698
6170,hydro_reservoir,2030,7,330,330,222.70033073089448
6171,hydro_reservoir,2030,7,331,331,221.98650509386144
6172,hydro_reservoir,2030,7,332,332,222.39447244165606
6173,hydro_reservoir,2030,7,333,333,222.37250776141448
6174,hydro_reservoir,2030,7,334,334,221.8513186469873
6175,hydro_reservoir,2030,7,335,335,219.43600622030064
6176,hydro_reservoir,2030,7,336,336,219.73400149613173
6177,hydro_reservoir,2030,7,337,337,219.0706850870331
6178,hydro_reservoir,2030,7,338,338,218.21142388870487
6179,hydro_reservoir,2030,7,339,339,217.6893452176241
6180,hydro_reservoir,2030,7,340,340,217.0855417600371
6181,hydro_reservoir,2030,7,341,341,216.42586696284545
6182,hydro_reservoir,2030,7,342,342,215.85792382598797
6183,hydro_reservoir,2030,7,343,343,215.31152529409113
6184,hydro_reservoir,2030,7,344,344,214.77849218332958
6185,hydro_reservoir,2030,7,345,345,214.07738314111873
6186,hydro_reservoir,2030,7,346,346,213.17626524349242
6187,hydro_reservoir,2030,7,347,347,212.50480409126953
6188,hydro_reservoir,2030,7,348,348,211.95454364249977
6189,hydro_reservoir,2030,7,349,349,211.440092696642
6190,hydro_reservoir,2030,7,350,350,210.96082182213365
6191,hydro_reservoir,2030,7,351,351,210.38678059184357
6192,hydro_reservoir,2030,7,352,352,209.60390225165983
6193,hydro_reservoir,2030,7,353,353,208.74644734948532
6194,hydro_reservoir,2030,7,354,354,208.1823878334352
6195,hydro_reservoir,2030,7,355,355,207.55369916785946
6196,hydro_reservoir,2030,7,356,356,206.97576166387412
6197,hydro_reservoir,2030,7,357,357,206.35278964813946
6198,hydro_reservoir,2030,7,358,358,205.6908159891153
6199,hydro_reservoir,2030,7,359,359,204.95492994666083
6200,hydro_reservoir,2030,7,360,360,204.35700930892776
6201,hydro_reservoir,2030,7,361,361,203.7448667554436
6202,hydro_reservoir,2030,7,362,362,203.341959142122
6203,hydro_reservoir,2030,7,363,363,202.76473609468292
6204,hydro_reservoir,2030,7,364,364,202.15256263500027
6205,hydro_reservoir,2030,7,365,365,201.6
6206,hydro_reservoir,2030,8,1,1,202.57767547222056
6207,hydro_reservoir,2030,8,2,2,202.52520370765188
6208,hydro_reservoir,2030,8,3,3,201.70092068418046
6209,hydro_reservoir,2030,8,4,4,202.20223174792022
6210,hydro_reservoir,2030,8,5,5,202.9642977203839
6211,hydro_reservoir,2030,8,6,6,204.5520425109049
6212,hydro_reservoir,2030,8,7,7,206.36254754230683
6213,hydro_reservoir,2030,8,8,8,207.2754258679031
6214,hydro_reservoir,2030,8,9,9,207.6674636295873
6215,hydro_reservoir,2030,8,10,10,208.99845685518966
6216,hydro_reservoir,2030,8,11,11,210.45861526249143
6217,hydro_reservoir,2030,8,12,12,211.99877272007117
6218,hydro_reservoir,2030,8,13,13,213.1538898281564
6219,hydro_reservoir,2030,8,14,14,212.89119482107793
6220,hydro_reservoir,2030,8,15,15,213.33509502281754
6221,hydro_reservoir,2030,8,16,16,214.33965518153252
6222,hydro_reservoir,2030,8,17,17,214.74016020231244
6223,hydro_reservoir,2030,8,18,18,215.7689069899396
6224,hydro_reservoir,2030,8,19,19,217.71339745202846
6225,hydro_reservoir,2030,8,20,20,218.6879252387613
6226,hydro_reservoir,2030,8,21,21,218.7010189877452
6227,hydro_reservoir,2030,8,22,22,218.33765066361667
6228,hydro_reservoir,2030,8,23,23,220.0877872998808
6229,hydro_reservoir,2030,8,24,24,221.52110855101074
6230,hydro_reservoir,2030,8,25,25,221.19945393310368
6231,hydro_reservoir,2030,8,26,26,221.08172784048978
6232,hydro_reservoir,2030,8,27,27,220.66079588609125
6233,hydro_reservoir,2030,8,28,28,220.77258992232427
6234,hydro_reservoir,2030,8,29,29,221.09584831056006
6235,hydro_reservoir,2030,8,30,30,221.48009551473672
6236,hydro_reservoir,2030,8,31,31,221.29592343058624
6237,hydro_reservoir,2030,8,32,32,220.79476384642885
6238,hydro_reservoir,2030,8,33,33,221.3080678407246
6239,hydro_reservoir,2030,8,34,34,222.16176700637513
6240,hydro_reservoir,2030,8,35,35,222.26621299040409
6241,hydro_reservoir,2030,8,36,36,223.099615163425
6242,hydro_reservoir,2030,8,37,37,223.31309919253147
6243,hydro_reservoir,2030,8,38,38,224.50107567763501
6244,hydro_reservoir,2030,8,39,39,225.6915198179989
6245,hydro_reservoir,2030,8,40,40,226.64395626652686
6246,hydro_reservoir,2030,8,41,41,227.79835552846845
6247,hydro_reservoir,2030,8,42,42,227.83576468568168
6248,hydro_reservoir,2030,8,43,43,227.67985178822403
6249,hydro_reservoir,2030,8,44,44,227.59558779297203
6250,hydro_reservoir,2030,8,45,45,228.14635766973598
6251,hydro_reservoir,2030,8,46,46,228.4376144335426
6252,hydro_reservoir,2030,8,47,47,228.42186249045696
6253,hydro_reservoir,2030,8,48,48,228.28421457617537
6254,hydro_reservoir,2030,8,49,49,229.64425266751363
6255,hydro_reservoir,2030,8,50,50,229.38237093074446
6256,hydro_reservoir,2030,8,51,51,229.12413239256867
6257,hydro_reservoir,2030,8,52,52,229.02429413947908
6258,hydro_reservoir,2030,8,53,53,229.10988914096288
6259,hydro_reservoir,2030,8,54,54,228.91699321295775
6260,hydro_reservoir,2030,8,55,55,228.51103499174965
6261,hydro_reservoir,2030,8,56,56,229.7808908924105
6262,hydro_reservoir,2030,8,57,57,231.0551674611566
6263,hydro_reservoir,2030,8,58,58,232.3102628018654
6264,hydro_reservoir,2030,8,59,59,233.47955991471403
6265,hydro_reservoir,2030,8,60,60,234.2656773669508
6266,hydro_reservoir,2030,8,61,61,234.7718956468767
6267,hydro_reservoir,2030,8,62,62,235.72487362582842
6268,hydro_reservoir,2030,8,63,63,236.39306551591108
6269,hydro_reservoir,2030,8,64,64,236.85539897218544
6270,hydro_reservoir,2030,8,65,65,236.943187242515
6271,hydro_reservoir,2030,8,66,66,237.77193152580128
6272,hydro_reservoir,2030,8,67,67,238.34083147331313
6273,hydro_reservoir,2030,8,68,68,239.37382978825943
6274,hydro_reservoir,2030,8,69,69,240.784812490065
6275,hydro_reservoir,2030,8,70,70,242.24490895024317
6276,hydro_reservoir,2030,8,71,71,243.36051073597378
6277,hydro_reservoir,2030,8,72,72,244.82056260415018
6278,hydro_reservoir,2030,8,73,73,246.00777787269578
6279,hydro_reservoir,2030,8,74,74,246.1906839680399
6280,hydro_reservoir,2030,8,75,75,246.05015718235506
6281,hydro_reservoir,2030,8,76,76,245.83633233009482
6282,hydro_reservoir,2030,8,77,77,245.61123734421167
6283,hydro_reservoir,2030,8,78,78,245.5159299367868
6284,hydro_reservoir,2030,8,79,79,245.40416703938348
6285,hydro_reservoir,2030,8,80,80,245.42294914736868
6286,hydro_reservoir,2030,8,81,81,247.31924544366498
6287,hydro_reservoir,2030,8,82,82,248.94836440453543
6288,hydro_reservoir,2030,8,83,83,250.02424258710312
6289,hydro_reservoir,2030,8,84,84,249.87205304964513
6290,hydro_reservoir,2030,8,85,85,249.52829801290807
6291,hydro_reservoir,2030,8,86,86,250.17906017407716
6292,hydro_reservoir,2030,8,87,87,251.34707297708687
6293,hydro_reservoir,2030,8,88,88,250.76295338152653
6294,hydro_reservoir,2030,8,89,89,250.7687507507844
6295,hydro_reservoir,2030,8,90,90,250.8327035799169
6296,hydro_reservoir,2030,8,91,91,250.7863429751488
6297,hydro_reservoir,2030,8,92,92,250.77484680064177
6298,hydro_reservoir,2030,8,93,93,250.92634757321105
6299,hydro_reservoir,2030,8,94,94,251.3928445273819
6300,hydro_reservoir,2030,8,95,95,251.3039514946312
6301,hydro_reservoir,2030,8,96,96,250.77390430458965
6302,hydro_reservoir,2030,8,97,97,250.2895045915534
6303,hydro_reservoir,2030,8,98,98,250.5895283441908
6304,hydro_reservoir,2030,8,99,99,251.4839595798437
6305,hydro_reservoir,2030,8,100,100,251.75227035686294
6306,hydro_reservoir,2030,8,101,101,251.88849948045873
6307,hydro_reservoir,2030,8,102,102,252.37734038196652
6308,hydro_reservoir,2030,8,103,103,252.26804689164564
6309,hydro_reservoir,2030,8,104,104,251.89207032566367
6310,hydro_reservoir,2030,8,105,105,252.12243088513674
6311,hydro_reservoir,2030,8,106,106,251.7559077177901
6312,hydro_reservoir,2030,8,107,107,251.6800539015498
6313,hydro_reservoir,2030,8,108,108,250.5578482155651
6314,hydro_reservoir,2030,8,109,109,249.94624612779646
6315,hydro_reservoir,2030,8,110,110,250.75482842132448
6316,hydro_reservoir,2030,8,111,111,251.32612593085443
6317,hydro_reservoir,2030,8,112,112,252.19993720644436
6318,hydro_reservoir,2030,8,113,113,253.1038398917167
6319,hydro_reservoir,2030,8,114,114,253.32834939602708
6320,hydro_reservoir,2030,8,115,115,253.82633810861444
6321,hydro_reservoir,2030,8,116,116,253.89481889232735
6322,hydro_reservoir,2030,8,117,117,253.57539733556877
6323,hydro_reservoir,2030,8,118,118,254.45230696543203
6324,hydro_reservoir,2030,8,119,119,255.24784719211362
6325,hydro_reservoir,2030,8,120,120,256.13410295367066
6326,hydro_reservoir,2030,8,121,121,256.3282661986558
6327,hydro_reservoir,2030,8,122,122,256.7405834265216
6328,hydro_reservoir,2030,8,123,123,256.46183195492733
6329,hydro_reservoir,2030,8,124,124,257.19767702732236
6330,hydro_reservoir,2030,8,125,125,257.8507707512125
6331,hydro_reservoir,2030,8,126,126,257.874670844339
6332,hydro_reservoir,2030,8,127,127,258.02369821968955
6333,hydro_reservoir,2030,8,128,128,258.4771468706561
6334,hydro_reservoir,2030,8,129,129,258.3510450555586
6335,hydro_reservoir,2030,8,130,130,258.17942819049784
6336,hydro_reservoir,2030,8,131,131,258.32248283228586
6337,hydro_reservoir,2030,8,132,132,257.8202401479652
6338,hydro_reservoir,2030,8,133,133,257.6209537341861
6339,hydro_reservoir,2030,8,134,134,257.6893417819756
6340,hydro_reservoir,2030,8,135,135,257.3803974888064
6341,hydro_reservoir,2030,8,136,136,257.54003217431455
6342,hydro_reservoir,2030,8,137,137,257.1692170655531
6343,hydro_reservoir,2030,8,138,138,257.00331107521373
6344,hydro_reservoir,2030,8,139,139,257.4574061114873
6345,hydro_reservoir,2030,8,140,140,258.2034593107767
6346,hydro_reservoir,2030,8,141,141,258.8335525432481
6347,hydro_reservoir,2030,8,142,142,259.44391008305655
6348,hydro_reservoir,2030,8,143,143,259.65168799631516
6349,hydro_reservoir,2030,8,144,144,260.34244138843536
6350,hydro_reservoir,2030,8,145,145,261.09808196990025
6351,hydro_reservoir,2030,8,146,146,261.67799002363245
6352,hydro_reservoir,2030,8,147,147,262.0928312162571
6353,hydro_reservoir,2030,8,148,148,262.5238516347573
6354,hydro_reservoir,2030,8,149,149,262.3081509932466
6355,hydro_reservoir,2030,8,150,150,262.5006001068496
6356,hydro_reservoir,2030,8,151,151,261.9470190178065
6357,hydro_reservoir,2030,8,152,152,262.2983972279177
6358,hydro_reservoir,2030,8,153,153,262.36179783996175
6359,hydro_reservoir,2030,8,154,154,262.2283780156131
6360,hydro_reservoir,2030,8,155,155,262.34712365509154
6361,hydro_reservoir,2030,8,156,156,262.1210373348651
6362,hydro_reservoir,2030,8,157,157,262.9712912680533
6363,hydro_reservoir,2030,8,158,158,262.6884821565168
6364,hydro_reservoir,2030,8,159,159,263.2523323426099
6365,hydro_reservoir,2030,8,160,160,263.3284692965681
6366,hydro_reservoir,2030,8,161,161,263.6064950424282
6367,hydro_reservoir,2030,8,162,162,264.19663170002417
6368,hydro_reservoir,2030,8,163,163,264.3009194714387
6369,hydro_reservoir,2030,8,164,164,264.7287678171421
6370,hydro_reservoir,2030,8,165,165,265.33662006223767
6371,hydro_reservoir,2030,8,166,166,265.5715421487961
6372,hydro_reservoir,2030,8,167,167,265.67343875653745
6373,hydro_reservoir,2030,8,168,168,265.7018078978577
6374,hydro_reservoir,2030,8,169,169,265.98415058964235
6375,hydro_reservoir,2030,8,170,170,266.0869714387088
6376,hydro_reservoir,2030,8,171,171,265.63405604939805
6377,hydro_reservoir,2030,8,172,172,265.3767313570208
6378,hydro_reservoir,2030,8,173,173,265.6866666652051
6379,hydro_reservoir,2030,8,174,174,265.37800352280675
6380,hydro_reservoir,2030,8,175,175,266.3600141048173
6381,hydro_reservoir,2030,8,176,176,266.77459537726213
6382,hydro_reservoir,2030,8,177,177,265.87426562308605
6383,hydro_reservoir,2030,8,178,178,265.5433065938371
6384,hydro_reservoir,2030,8,179,179,265.86062804857175
6385,hydro_reservoir,2030,8,180,180,266.05444633529254
6386,hydro_reservoir,2030,8,181,181,265.81622861723883
6387,hydro_reservoir,2030,8,182,182,266.0873710221003
6388,hydro_reservoir,2030,8,183,183,265.8060494448583
6389,hydro_reservoir,2030,8,184,184,266.0098485622476
6390,hydro_reservoir,2030,8,185,185,266.1474478630894
6391,hydro_reservoir,2030,8,186,186,265.2076269903498
6392,hydro_reservoir,2030,8,187,187,265.04574831090866
6393,hydro_reservoir,2030,8,188,188,265.2073272632302
6394,hydro_reservoir,2030,8,189,189,265.194426795879
6395,hydro_reservoir,2030,8,190,190,265.6368662209395
6396,hydro_reservoir,2030,8,191,191,266.12175474447827
6397,hydro_reservoir,2030,8,192,192,266.1033920865013
6398,hydro_reservoir,2030,8,193,193,266.30425857715426
6399,hydro_reservoir,2030,8,194,194,266.71209389312634
6400,hydro_reservoir,2030,8,195,195,266.31923964874187
6401,hydro_reservoir,2030,8,196,196,265.78951924931556
6402,hydro_reservoir,2030,8,197,197,266.1830976162778
6403,hydro_reservoir,2030,8,198,198,266.00467963285695
6404,hydro_reservoir,2030,8,199,199,265.5392401772355
6405,hydro_reservoir,2030,8,200,200,265.3774504696922
6406,hydro_reservoir,2030,8,201,201,265.2143936173619
6407,hydro_reservoir,2030,8,202,202,265.19627055201727
6408,hydro_reservoir,2030,8,203,203,265.3025545199546
6409,hydro_reservoir,2030,8,204,204,264.85177729648467
6410,hydro_reservoir,2030,8,205,205,264.77315993339533
6411,hydro_reservoir,2030,8,206,206,264.842574160759
6412,hydro_reservoir,2030,8,207,207,265.34072177602906
6413,hydro_reservoir,2030,8,208,208,265.30453117168577
6414,hydro_reservoir,2030,8,209,209,265.6818979948487
6415,hydro_reservoir,2030,8,210,210,266.2999773590257
6416,hydro_reservoir,2030,8,211,211,266.2706525852326
6417,hydro_reservoir,2030,8,212,212,265.5754963903958
6418,hydro_reservoir,2030,8,213,213,265.26300664723794
6419,hydro_reservoir,2030,8,214,214,264.9664787259729
6420,hydro_reservoir,2030,8,215,215,264.639406342351
6421,hydro_reservoir,2030,8,216,216,264.52998438327785
6422,hydro_reservoir,2030,8,217,217,264.06860080444187
6423,hydro_reservoir,2030,8,218,218,264.1685204874531
6424,hydro_reservoir,2030,8,219,219,264.2255179602858
6425,hydro_reservoir,2030,8,220,220,264.32851410077603
6426,hydro_reservoir,2030,8,221,221,263.75726936987553
6427,hydro_reservoir,2030,8,222,222,264.4400360116655
6428,hydro_reservoir,2030,8,223,223,264.2318761417526
6429,hydro_reservoir,2030,8,224,224,264.08696672054214
6430,hydro_reservoir,2030,8,225,225,263.605894617438
6431,hydro_reservoir,2030,8,226,226,263.3914338193138
6432,hydro_reservoir,2030,8,227,227,263.1377188067336
6433,hydro_reservoir,2030,8,228,228,262.9906447425618
6434,hydro_reservoir,2030,8,229,229,262.39763534059983
6435,hydro_reservoir,2030,8,230,230,261.9448257021392
6436,hydro_reservoir,2030,8,231,231,262.2828766537038
6437,hydro_reservoir,2030,8,232,232,261.80086767585135
6438,hydro_reservoir,2030,8,233,233,262.1873518667814
6439,hydro_reservoir,2030,8,234,234,262.3555296757725
6440,hydro_reservoir,2030,8,235,235,261.918355357163
6441,hydro_reservoir,2030,8,236,236,261.98831969465243
6442,hydro_reservoir,2030,8,237,237,261.8496806223673
6443,hydro_reservoir,2030,8,238,238,262.3242227204845
6444,hydro_reservoir,2030,8,239,239,261.62994151844515
6445,hydro_reservoir,2030,8,240,240,261.405083477112
6446,hydro_reservoir,2030,8,241,241,261.284938335019
6447,hydro_reservoir,2030,8,242,242,261.01630271046156
6448,hydro_reservoir,2030,8,243,243,261.2217813430879
6449,hydro_reservoir,2030,8,244,244,260.9057492511046
6450,hydro_reservoir,2030,8,245,245,261.6554325747772
6451,hydro_reservoir,2030,8,246,246,262.0256782256146
6452,hydro_reservoir,2030,8,247,247,262.2595619196166
6453,hydro_reservoir,2030,8,248,248,262.51125509991897
6454,hydro_reservoir,2030,8,249,249,262.2140810587286
6455,hydro_reservoir,2030,8,250,250,261.647495186734
6456,hydro_reservoir,2030,8,251,251,261.00578303971
6457,hydro_reservoir,2030,8,252,252,261.0213713466048
6458,hydro_reservoir,2030,8,253,253,259.8993831501307
6459,hydro_reservoir,2030,8,254,254,259.5006146201639
6460,hydro_reservoir,2030,8,255,255,256.61255143541746
6461,hydro_reservoir,2030,8,256,256,256.80723876706685
6462,hydro_reservoir,2030,8,257,257,256.2883047925762
6463,hydro_reservoir,2030,8,258,258,255.9526659532914
6464,hydro_reservoir,2030,8,259,259,255.41318815037647
6465,hydro_reservoir,2030,8,260,260,255.5627296937881
6466,hydro_reservoir,2030,8,261,261,254.49749422342205
6467,hydro_reservoir,2030,8,262,262,254.3824678762236
6468,hydro_reservoir,2030,8,263,263,253.81015101127682
6469,hydro_reservoir,2030,8,264,264,253.0475596492214
6470,hydro_reservoir,2030,8,265,265,252.5089314215557
6471,hydro_reservoir,2030,8,266,266,251.59779105125855
6472,hydro_reservoir,2030,8,267,267,251.56467015535532
6473,hydro_reservoir,2030,8,268,268,251.23385530152126
6474,hydro_reservoir,2030,8,269,269,251.28201119655944
6475,hydro_reservoir,2030,8,270,270,251.45141698745502
6476,hydro_reservoir,2030,8,271,271,251.2219582661172
6477,hydro_reservoir,2030,8,272,272,250.8801704996347
6478,hydro_reservoir,2030,8,273,273,250.78448593029998
6479,hydro_reservoir,2030,8,274,274,250.5778240809788
6480,hydro_reservoir,2030,8,275,275,250.60775426142877
6481,hydro_reservoir,2030,8,276,276,250.23195366185868
6482,hydro_reservoir,2030,8,277,277,250.14851857573368
6483,hydro_reservoir,2030,8,278,278,250.1312123834989
6484,hydro_reservoir,2030,8,279,279,249.22274149970775
6485,hydro_reservoir,2030,8,280,280,248.8978922670071
6486,hydro_reservoir,2030,8,281,281,248.97091444440863
6487,hydro_reservoir,2030,8,282,282,248.33948812927585
6488,hydro_reservoir,2030,8,283,283,247.34278511194063
6489,hydro_reservoir,2030,8,284,284,246.8899279180925
6490,hydro_reservoir,2030,8,285,285,245.8606341809763
6491,hydro_reservoir,2030,8,286,286,245.0765014927813
6492,hydro_reservoir,2030,8,287,287,244.50675488751503
6493,hydro_reservoir,2030,8,288,288,244.13667351515357
6494,hydro_reservoir,2030,8,289,289,244.09712626656125
6495,hydro_reservoir,2030,8,290,290,242.81545519042749
6496,hydro_reservoir,2030,8,291,291,242.08975681053582
6497,hydro_reservoir,2030,8,292,292,241.34981894097294
6498,hydro_reservoir,2030,8,293,293,241.24038092875912
6499,hydro_reservoir,2030,8,294,294,240.79894141400646
6500,hydro_reservoir,2030,8,295,295,240.71438218452903
6501,hydro_reservoir,2030,8,296,296,240.89338844549684
6502,hydro_reservoir,2030,8,297,297,239.7027134594731
6503,hydro_reservoir,2030,8,298,298,239.26629544519514
6504,hydro_reservoir,2030,8,299,299,237.8625642860435
6505,hydro_reservoir,2030,8,300,300,236.75074485194787
6506,hydro_reservoir,2030,8,301,301,236.83342812910536
6507,hydro_reservoir,2030,8,302,302,236.88741602087399
6508,hydro_reservoir,2030,8,303,303,236.60597971270238
6509,hydro_reservoir,2030,8,304,304,236.7004591610545
6510,hydro_reservoir,2030,8,305,305,236.7818953328886
6511,hydro_reservoir,2030,8,306,306,236.0000570677712
6512,hydro_reservoir,2030,8,307,307,235.7472440610029
6513,hydro_reservoir,2030,8,308,308,235.7078438854223
6514,hydro_reservoir,2030,8,309,309,234.64167140154595
6515,hydro_reservoir,2030,8,310,310,233.18404750903267
6516,hydro_reservoir,2030,8,311,311,232.95792403162352
6517,hydro_reservoir,2030,8,312,312,231.52152030676044
6518,hydro_reservoir,2030,8,313,313,229.74997309402863
6519,hydro_reservoir,2030,8,314,314,229.39025185800094
6520,hydro_reservoir,2030,8,315,315,229.0015214528715
6521,hydro_reservoir,2030,8,316,316,227.69461652195207
6522,hydro_reservoir,2030,8,317,317,227.30419866333222
6523,hydro_reservoir,2030,8,318,318,225.54982058123002
6524,hydro_reservoir,2030,8,319,319,225.01701618136048
6525,hydro_reservoir,2030,8,320,320,222.84675478358093
6526,hydro_reservoir,2030,8,321,321,221.38134942181162
6527,hydro_reservoir,2030,8,322,322,220.02763333209623
6528,hydro_reservoir,2030,8,323,323,219.04733851382014
6529,hydro_reservoir,2030,8,324,324,218.76749000683748
6530,hydro_reservoir,2030,8,325,325,217.46724554532355
6531,hydro_reservoir,2030,8,326,326,217.48221863382437
6532,hydro_reservoir,2030,8,327,327,217.6725855075943
6533,hydro_reservoir,2030,8,328,328,218.00771314085287
6534,hydro_reservoir,2030,8,329,329,216.43699348836506
6535,hydro_reservoir,2030,8,330,330,216.5411816951477
6536,hydro_reservoir,2030,8,331,331,216.85449686590445
6537,hydro_reservoir,2030,8,332,332,217.10812372726238
6538,hydro_reservoir,2030,8,333,333,217.4279303382428
6539,hydro_reservoir,2030,8,334,334,217.4817114400576
6540,hydro_reservoir,2030,8,335,335,217.23829059040673
6541,hydro_reservoir,2030,8,336,336,217.30064273995418
6542,hydro_reservoir,2030,8,337,337,217.17324838924074
6543,hydro_reservoir,2030,8,338,338,217.18912140511375
6544,hydro_reservoir,2030,8,339,339,217.63488860555532
6545,hydro_reservoir,2030,8,340,340,218.080435747702
6546,hydro_reservoir,2030,8,341,341,218.22924743155946
6547,hydro_reservoir,2030,8,342,342,216.5432165853887
6548,hydro_reservoir,2030,8,343,343,215.1208452022004
6549,hydro_reservoir,2030,8,344,344,213.3216650664828
6550,hydro_reservoir,2030,8,345,345,211.68359922872781
6551,hydro_reservoir,2030,8,346,346,209.40980554985197
6552,hydro_reservoir,2030,8,347,347,207.84342823875727
6553,hydro_reservoir,2030,8,348,348,208.39243196763738
6554,hydro_reservoir,2030,8,349,349,206.45342596644394
6555,hydro_reservoir,2030,8,350,350,206.81932288220614
6556,hydro_reservoir,2030,8,351,351,206.75266074547142
6557,hydro_reservoir,2030,8,352,352,206.77110205315591
6558,hydro_reservoir,2030,8,353,353,205.15493282684994
6559,hydro_reservoir,2030,8,354,354,204.51479860582546
6560,hydro_reservoir,2030,8,355,355,203.00955677738077
6561,hydro_reservoir,2030,8,356,356,203.51256288305788
6562,hydro_reservoir,2030,8,357,357,203.96318071524342
6563,hydro_reservoir,2030,8,358,358,203.96108035674112
6564,hydro_reservoir,2030,8,359,359,202.98890809373628
6565,hydro_reservoir,2030,8,360,360,203.2167550093582
6566,hydro_reservoir,2030,8,361,361,203.22898305512132
6567,hydro_reservoir,2030,8,362,362,203.41901518664366
6568,hydro_reservoir,2030,8,363,363,202.37398667055666
6569,hydro_reservoir,2030,8,364,364,201.4870458863266
6570,hydro_reservoir,2030,8,365,365,201.6
6571,hydro_reservoir,2030,9,1,1,202.22502162672134
6572,hydro_reservoir,2030,9,2,2,201.43065876459121
6573,hydro_reservoir,2030,9,3,3,200.1763872106973
6574,hydro_reservoir,2030,9,4,4,200.31284112233146
6575,hydro_reservoir,2030,9,5,5,200.76751325292744
6576,hydro_reservoir,2030,9,6,6,199.12060713556636
6577,hydro_reservoir,2030,9,7,7,196.1777117703805
6578,hydro_reservoir,2030,9,8,8,196.92618460339526
6579,hydro_reservoir,2030,9,9,9,197.96458271226257
6580,hydro_reservoir,2030,9,10,10,196.74260634756135
6581,hydro_reservoir,2030,9,11,11,192.80837266338497
6582,hydro_reservoir,2030,9,12,12,188.91536903840583
6583,hydro_reservoir,2030,9,13,13,185.37015583360707
6584,hydro_reservoir,2030,9,14,14,183.22815914170948
6585,hydro_reservoir,2030,9,15,15,182.67227539755288
6586,hydro_reservoir,2030,9,16,16,182.49415718661004
6587,hydro_reservoir,2030,9,17,17,182.47258426215146
6588,hydro_reservoir,2030,9,18,18,183.0959506761018
6589,hydro_reservoir,2030,9,19,19,182.94769339246284
6590,hydro_reservoir,2030,9,20,20,181.4795229914444
6591,hydro_reservoir,2030,9,21,21,181.10333096305442
6592,hydro_reservoir,2030,9,22,22,180.46324883778234
6593,hydro_reservoir,2030,9,23,23,177.37764247001243
6594,hydro_reservoir,2030,9,24,24,174.39365473625014
6595,hydro_reservoir,2030,9,25,25,172.26987342211098
6596,hydro_reservoir,2030,9,26,26,171.40025458575067
6597,hydro_reservoir,2030,9,27,27,171.7094241267062
6598,hydro_reservoir,2030,9,28,28,168.795125638855
6599,hydro_reservoir,2030,9,29,29,168.29077066368922
6600,hydro_reservoir,2030,9,30,30,169.76365621393361
6601,hydro_reservoir,2030,9,31,31,171.36968631916542
6602,hydro_reservoir,2030,9,32,32,173.0728455190664
6603,hydro_reservoir,2030,9,33,33,174.8675545137754
6604,hydro_reservoir,2030,9,34,34,174.55869598721682
6605,hydro_reservoir,2030,9,35,35,173.47204006762598
6606,hydro_reservoir,2030,9,36,36,172.15491367546116
6607,hydro_reservoir,2030,9,37,37,169.7328993687403
6608,hydro_reservoir,2030,9,38,38,167.60646157439697
6609,hydro_reservoir,2030,9,39,39,165.31020866925994
6610,hydro_reservoir,2030,9,40,40,165.0263960284814
6611,hydro_reservoir,2030,9,41,41,165.4214475255981
6612,hydro_reservoir,2030,9,42,42,165.29651731273157
6613,hydro_reservoir,2030,9,43,43,164.06233619110992
6614,hydro_reservoir,2030,9,44,44,164.14036724099714
6615,hydro_reservoir,2030,9,45,45,164.16503868119037
6616,hydro_reservoir,2030,9,46,46,162.013556090171
6617,hydro_reservoir,2030,9,47,47,162.05730899689303
6618,hydro_reservoir,2030,9,48,48,163.42680559903818
6619,hydro_reservoir,2030,9,49,49,162.72851647725818
6620,hydro_reservoir,2030,9,50,50,163.28355041883296
6621,hydro_reservoir,2030,9,51,51,164.7219371134366
6622,hydro_reservoir,2030,9,52,52,163.92286419250718
6623,hydro_reservoir,2030,9,53,53,163.26840775301008
6624,hydro_reservoir,2030,9,54,54,162.51157785709498
6625,hydro_reservoir,2030,9,55,55,160.7105619464861
6626,hydro_reservoir,2030,9,56,56,159.21482104773756
6627,hydro_reservoir,2030,9,57,57,159.09298749529893
6628,hydro_reservoir,2030,9,58,58,158.4456905080624
6629,hydro_reservoir,2030,9,59,59,156.5604626606713
6630,hydro_reservoir,2030,9,60,60,154.34716563566428
6631,hydro_reservoir,2030,9,61,61,152.17822527727384
6632,hydro_reservoir,2030,9,62,62,151.42097708113894
6633,hydro_reservoir,2030,9,63,63,152.14142102345204
6634,hydro_reservoir,2030,9,64,64,151.83246041136692
6635,hydro_reservoir,2030,9,65,65,152.51293553290878
6636,hydro_reservoir,2030,9,66,66,153.65931237223313
6637,hydro_reservoir,2030,9,67,67,153.43233018772477
6638,hydro_reservoir,2030,9,68,68,151.23836075283936
6639,hydro_reservoir,2030,9,69,69,149.86487219944607
6640,hydro_reservoir,2030,9,70,70,148.96327293003742
6641,hydro_reservoir,2030,9,71,71,148.8047518019978
6642,hydro_reservoir,2030,9,72,72,149.16286892930313
6643,hydro_reservoir,2030,9,73,73,148.59647328943322
6644,hydro_reservoir,2030,9,74,74,148.58938041186443
6645,hydro_reservoir,2030,9,75,75,149.66930114701003
6646,hydro_reservoir,2030,9,76,76,149.73321906999746
6647,hydro_reservoir,2030,9,77,77,148.87034130886974
6648,hydro_reservoir,2030,9,78,78,148.0073688756101
6649,hydro_reservoir,2030,9,79,79,146.61428599110127
6650,hydro_reservoir,2030,9,80,80,145.87569126595136
6651,hydro_reservoir,2030,9,81,81,145.81028822356305
6652,hydro_reservoir,2030,9,82,82,147.11921382449913
6653,hydro_reservoir,2030,9,83,83,148.33317495849948
6654,hydro_reservoir,2030,9,84,84,149.0297701616681
6655,hydro_reservoir,2030,9,85,85,150.35462882920498
6656,hydro_reservoir,2030,9,86,86,149.3677355013201
6657,hydro_reservoir,2030,9,87,87,148.40916551231408
6658,hydro_reservoir,2030,9,88,88,148.4188297872081
6659,hydro_reservoir,2030,9,89,89,148.9230098043135
6660,hydro_reservoir,2030,9,90,90,149.86008070329578
6661,hydro_reservoir,2030,9,91,91,150.20484345557853
6662,hydro_reservoir,2030,9,92,92,148.94539281686167
6663,hydro_reservoir,2030,9,93,93,149.03844127248047
6664,hydro_reservoir,2030,9,94,94,149.78595775556283
6665,hydro_reservoir,2030,9,95,95,148.99271931161417
6666,hydro_reservoir,2030,9,96,96,148.75833228916264
6667,hydro_reservoir,2030,9,97,97,148.16164644848877
6668,hydro_reservoir,2030,9,98,98,149.07852669570156
6669,hydro_reservoir,2030,9,99,99,149.50104641267262
6670,hydro_reservoir,2030,9,100,100,149.85078262539167
6671,hydro_reservoir,2030,9,101,101,150.68405621275335
6672,hydro_reservoir,2030,9,102,102,149.76867094540484
6673,hydro_reservoir,2030,9,103,103,148.71323879891108
6674,hydro_reservoir,2030,9,104,104,148.3675756577408
6675,hydro_reservoir,2030,9,105,105,148.47168375530245
6676,hydro_reservoir,2030,9,106,106,148.36103161582852
6677,hydro_reservoir,2030,9,107,107,148.13230376853133
6678,hydro_reservoir,2030,9,108,108,147.95575291407852
6679,hydro_reservoir,2030,9,109,109,148.06014879764936
6680,hydro_reservoir,2030,9,110,110,148.7178002451657
6681,hydro_reservoir,2030,9,111,111,149.5873871177012
6682,hydro_reservoir,2030,9,112,112,150.2439572533662
6683,hydro_reservoir,2030,9,113,113,151.09713163380263
6684,hydro_reservoir,2030,9,114,114,151.3643321949456
6685,hydro_reservoir,2030,9,115,115,151.76894663902024
6686,hydro_reservoir,2030,9,116,116,152.406922042089
6687,hydro_reservoir,2030,9,117,117,153.12762798282745
6688,hydro_reservoir,2030,9,118,118,153.59403932457374
6689,hydro_reservoir,2030,9,119,119,154.29228936939936
6690,hydro_reservoir,2030,9,120,120,154.60856808201265
6691,hydro_reservoir,2030,9,121,121,154.71926386328732
6692,hydro_reservoir,2030,9,122,122,155.2530583562804
6693,hydro_reservoir,2030,9,123,123,155.89423299217736
6694,hydro_reservoir,2030,9,124,124,156.30783394967247
6695,hydro_reservoir,2030,9,125,125,156.4594909773468
6696,hydro_reservoir,2030,9,126,126,156.74802824729505
6697,hydro_reservoir,2030,9,127,127,157.1594903110148
6698,hydro_reservoir,2030,9,128,128,157.37261999430302
6699,hydro_reservoir,2030,9,129,129,157.68362330266422
6700,hydro_reservoir,2030,9,130,130,157.6582201514862
6701,hydro_reservoir,2030,9,131,131,158.23632552941436
6702,hydro_reservoir,2030,9,132,132,158.20528287318282
6703,hydro_reservoir,2030,9,133,133,158.67044585971877
6704,hydro_reservoir,2030,9,134,134,159.08870246995292
6705,hydro_reservoir,2030,9,135,135,159.27476364495752
6706,hydro_reservoir,2030,9,136,136,159.2491828630791
6707,hydro_reservoir,2030,9,137,137,159.4994571267599
6708,hydro_reservoir,2030,9,138,138,159.65960077788577
6709,hydro_reservoir,2030,9,139,139,160.12257621365512
6710,hydro_reservoir,2030,9,140,140,160.57099518289897
6711,hydro_reservoir,2030,9,141,141,161.01643244062325
6712,hydro_reservoir,2030,9,142,142,161.64712027131108
6713,hydro_reservoir,2030,9,143,143,162.13062787868273
6714,hydro_reservoir,2030,9,144,144,162.42579297395633
6715,hydro_reservoir,2030,9,145,145,163.05648080464417
6716,hydro_reservoir,2030,9,146,146,163.56454142741535
6717,hydro_reservoir,2030,9,147,147,164.083596279881
6718,hydro_reservoir,2030,9,148,148,164.5219705869946
6719,hydro_reservoir,2030,9,149,149,164.80004032744228
6720,hydro_reservoir,2030,9,150,150,165.11192940644838
6721,hydro_reservoir,2030,9,151,151,165.7129876075066
6722,hydro_reservoir,2030,9,152,152,166.06884854907625
6723,hydro_reservoir,2030,9,153,153,166.5745900692217
6724,hydro_reservoir,2030,9,154,154,167.14493200138455
6725,hydro_reservoir,2030,9,155,155,167.66037846551868
6726,hydro_reservoir,2030,9,156,156,168.08180156137732
6727,hydro_reservoir,2030,9,157,157,168.5720900178623
6728,hydro_reservoir,2030,9,158,158,168.86987647100287
6729,hydro_reservoir,2030,9,159,159,169.35455557823792
6730,hydro_reservoir,2030,9,160,160,169.79129495607972
6731,hydro_reservoir,2030,9,161,161,170.27416781484644
6732,hydro_reservoir,2030,9,162,162,170.05413441581214
6733,hydro_reservoir,2030,9,163,163,170.6008093196545
6734,hydro_reservoir,2030,9,164,164,171.00941231301354
6735,hydro_reservoir,2030,9,165,165,171.4507550512656
6736,hydro_reservoir,2030,9,166,166,171.8821556682137
6737,hydro_reservoir,2030,9,167,167,172.36561227833803
6738,hydro_reservoir,2030,9,168,168,172.9328080455338
6739,hydro_reservoir,2030,9,169,169,173.36485967497651
6740,hydro_reservoir,2030,9,170,170,173.88148327322278
6741,hydro_reservoir,2030,9,171,171,174.35365365064888
6742,hydro_reservoir,2030,9,172,172,174.73068132286343
6743,hydro_reservoir,2030,9,173,173,175.37213472739887
6744,hydro_reservoir,2030,9,174,174,176.01051791314012
6745,hydro_reservoir,2030,9,175,175,176.56924807187028
6746,hydro_reservoir,2030,9,176,176,176.74669898197584
6747,hydro_reservoir,2030,9,177,177,177.17016743039878
6748,hydro_reservoir,2030,9,178,178,177.6913513626591
6749,hydro_reservoir,2030,9,179,179,178.28552921680856
6750,hydro_reservoir,2030,9,180,180,178.78655906404956
6751,hydro_reservoir,2030,9,181,181,179.2084522620753
6752,hydro_reservoir,2030,9,182,182,179.57097487103394
6753,hydro_reservoir,2030,9,183,183,179.99492994007707
6754,hydro_reservoir,2030,9,184,184,180.4277797542581
6755,hydro_reservoir,2030,9,185,185,180.7485844239004
6756,hydro_reservoir,2030,9,186,186,181.03579151531875
6757,hydro_reservoir,2030,9,187,187,180.92323657342968
6758,hydro_reservoir,2030,9,188,188,181.55985873717924
6759,hydro_reservoir,2030,9,189,189,181.9947429075932
6760,hydro_reservoir,2030,9,190,190,181.85058245943208
6761,hydro_reservoir,2030,9,191,191,182.28451978389168
6762,hydro_reservoir,2030,9,192,192,182.78193942380145
6763,hydro_reservoir,2030,9,193,193,183.20411473212778
6764,hydro_reservoir,2030,9,194,194,183.74594576839775
6765,hydro_reservoir,2030,9,195,195,183.87767479525388
6766,hydro_reservoir,2030,9,196,196,184.3238471236506
6767,hydro_reservoir,2030,9,197,197,184.88681008661356
6768,hydro_reservoir,2030,9,198,198,185.36315250206593
6769,hydro_reservoir,2030,9,199,199,185.86512419811373
6770,hydro_reservoir,2030,9,200,200,186.4794189144817
6771,hydro_reservoir,2030,9,201,201,187.01716250951893
6772,hydro_reservoir,2030,9,202,202,187.4481098977475
6773,hydro_reservoir,2030,9,203,203,188.00275390945134
6774,hydro_reservoir,2030,9,204,204,188.34551824852704
6775,hydro_reservoir,2030,9,205,205,188.88295800358208
6776,hydro_reservoir,2030,9,206,206,189.55386144194273
6777,hydro_reservoir,2030,9,207,207,189.7735031522052
6778,hydro_reservoir,2030,9,208,208,190.02814985128657
6779,hydro_reservoir,2030,9,209,209,189.87537983530373
6780,hydro_reservoir,2030,9,210,210,190.48067084059474
6781,hydro_reservoir,2030,9,211,211,191.31926825514157
6782,hydro_reservoir,2030,9,212,212,191.60809594623515
6783,hydro_reservoir,2030,9,213,213,192.10932059890763
6784,hydro_reservoir,2030,9,214,214,192.48652124335624
6785,hydro_reservoir,2030,9,215,215,192.904836164745
6786,hydro_reservoir,2030,9,216,216,193.43666972169333
6787,hydro_reservoir,2030,9,217,217,194.0119627179139
6788,hydro_reservoir,2030,9,218,218,194.75653467196636
6789,hydro_reservoir,2030,9,219,219,195.16664526482717
6790,hydro_reservoir,2030,9,220,220,195.08100309171462
6791,hydro_reservoir,2030,9,221,221,195.52765903277145
6792,hydro_reservoir,2030,9,222,222,195.9561938558536
6793,hydro_reservoir,2030,9,223,223,196.63894710246063
6794,hydro_reservoir,2030,9,224,224,196.94302356963277
6795,hydro_reservoir,2030,9,225,225,197.55566851945878
6796,hydro_reservoir,2030,9,226,226,198.05988896835203
6797,hydro_reservoir,2030,9,227,227,198.71149246273094
6798,hydro_reservoir,2030,9,228,228,199.2515432876932
6799,hydro_reservoir,2030,9,229,229,199.22825074472937
6800,hydro_reservoir,2030,9,230,230,199.4977976155282
6801,hydro_reservoir,2030,9,231,231,200.19679947074255
6802,hydro_reservoir,2030,9,232,232,200.46004043954537
6803,hydro_reservoir,2030,9,233,233,201.00074853806132
6804,hydro_reservoir,2030,9,234,234,201.40514872687143
6805,hydro_reservoir,2030,9,235,235,201.8239264915491
6806,hydro_reservoir,2030,9,236,236,202.37162866279485
6807,hydro_reservoir,2030,9,237,237,202.88943468288838
6808,hydro_reservoir,2030,9,238,238,203.59051269022953
6809,hydro_reservoir,2030,9,239,239,204.3892260313278
6810,hydro_reservoir,2030,9,240,240,204.52421973452962
6811,hydro_reservoir,2030,9,241,241,205.17720813652303
6812,hydro_reservoir,2030,9,242,242,205.5113751702769
6813,hydro_reservoir,2030,9,243,243,206.05998958916808
6814,hydro_reservoir,2030,9,244,244,206.5871007496953
6815,hydro_reservoir,2030,9,245,245,206.61340149100607
6816,hydro_reservoir,2030,9,246,246,206.6628994543474
6817,hydro_reservoir,2030,9,247,247,207.04721731029474
6818,hydro_reservoir,2030,9,248,248,207.61646736443
6819,hydro_reservoir,2030,9,249,249,207.96116723054496
6820,hydro_reservoir,2030,9,250,250,208.02599173794374
6821,hydro_reservoir,2030,9,251,251,208.13741447309818
6822,hydro_reservoir,2030,9,252,252,208.33857944555726
6823,hydro_reservoir,2030,9,253,253,208.30399441086954
6824,hydro_reservoir,2030,9,254,254,208.51729240044273
6825,hydro_reservoir,2030,9,255,255,208.9972146862065
6826,hydro_reservoir,2030,9,256,256,209.40366863834734
6827,hydro_reservoir,2030,9,257,257,209.9510877624803
6828,hydro_reservoir,2030,9,258,258,210.04385128615556
6829,hydro_reservoir,2030,9,259,259,210.80575604806032
6830,hydro_reservoir,2030,9,260,260,211.2294659449131
6831,hydro_reservoir,2030,9,261,261,211.74190979395598
6832,hydro_reservoir,2030,9,262,262,212.24822875349253
6833,hydro_reservoir,2030,9,263,263,212.96696709491587
6834,hydro_reservoir,2030,9,264,264,213.30593309350098
6835,hydro_reservoir,2030,9,265,265,213.9271561488079
6836,hydro_reservoir,2030,9,266,266,214.07446308772882
6837,hydro_reservoir,2030,9,267,267,214.80055974002852
6838,hydro_reservoir,2030,9,268,268,215.62257007184016
6839,hydro_reservoir,2030,9,269,269,216.46815306064644
6840,hydro_reservoir,2030,9,270,270,216.00946270927435
6841,hydro_reservoir,2030,9,271,271,215.87900796438356
6842,hydro_reservoir,2030,9,272,272,216.53980914487408
6843,hydro_reservoir,2030,9,273,273,216.65565956661538
6844,hydro_reservoir,2030,9,274,274,216.57260687978993
6845,hydro_reservoir,2030,9,275,275,216.17220201201062
6846,hydro_reservoir,2030,9,276,276,216.869641456212
6847,hydro_reservoir,2030,9,277,277,216.78621693992395
6848,hydro_reservoir,2030,9,278,278,217.4737693472956
6849,hydro_reservoir,2030,9,279,279,217.69447554608604
6850,hydro_reservoir,2030,9,280,280,217.59608440534956
6851,hydro_reservoir,2030,9,281,281,217.7928121162438
6852,hydro_reservoir,2030,9,282,282,217.99922058122155
6853,hydro_reservoir,2030,9,283,283,218.22851311037815
6854,hydro_reservoir,2030,9,284,284,218.56022932011226
6855,hydro_reservoir,2030,9,285,285,219.26173664227497
6856,hydro_reservoir,2030,9,286,286,220.04932626170978
6857,hydro_reservoir,2030,9,287,287,221.0159822585572
6858,hydro_reservoir,2030,9,288,288,221.72503027820903
6859,hydro_reservoir,2030,9,289,289,222.4606710050558
6860,hydro_reservoir,2030,9,290,290,222.9983798509055
6861,hydro_reservoir,2030,9,291,291,222.75229602747834
6862,hydro_reservoir,2030,9,292,292,221.56342308742302
6863,hydro_reservoir,2030,9,293,293,221.72351733270114
6864,hydro_reservoir,2030,9,294,294,221.98281832444576
6865,hydro_reservoir,2030,9,295,295,222.34773996338905
6866,hydro_reservoir,2030,9,296,296,222.24792306422106
6867,hydro_reservoir,2030,9,297,297,222.99712941342742
6868,hydro_reservoir,2030,9,298,298,222.62636487002362
6869,hydro_reservoir,2030,9,299,299,223.04066059794002
6870,hydro_reservoir,2030,9,300,300,222.8510170376699
6871,hydro_reservoir,2030,9,301,301,223.30679130300672
6872,hydro_reservoir,2030,9,302,302,223.04576098684112
6873,hydro_reservoir,2030,9,303,303,222.66380685378252
6874,hydro_reservoir,2030,9,304,304,222.82840936070883
6875,hydro_reservoir,2030,9,305,305,223.4345733059157
6876,hydro_reservoir,2030,9,306,306,223.487688493391
6877,hydro_reservoir,2030,9,307,307,223.10615405396476
6878,hydro_reservoir,2030,9,308,308,223.52685882216872
6879,hydro_reservoir,2030,9,309,309,223.83035016227691
6880,hydro_reservoir,2030,9,310,310,223.9626738472202
6881,hydro_reservoir,2030,9,311,311,222.5828375938056
6882,hydro_reservoir,2030,9,312,312,222.7529461542715
6883,hydro_reservoir,2030,9,313,313,223.38460722795747
6884,hydro_reservoir,2030,9,314,314,223.15197767232408
6885,hydro_reservoir,2030,9,315,315,223.72587875688214
6886,hydro_reservoir,2030,9,316,316,224.42938006831162
6887,hydro_reservoir,2030,9,317,317,224.02345256836182
6888,hydro_reservoir,2030,9,318,318,222.95828874674078
6889,hydro_reservoir,2030,9,319,319,222.31785405314034
6890,hydro_reservoir,2030,9,320,320,222.10009551850044
6891,hydro_reservoir,2030,9,321,321,222.18931766174873
6892,hydro_reservoir,2030,9,322,322,221.9490202494603
6893,hydro_reservoir,2030,9,323,323,222.77657564234121
6894,hydro_reservoir,2030,9,324,324,223.64723077469787
6895,hydro_reservoir,2030,9,325,325,224.1396824058644
6896,hydro_reservoir,2030,9,326,326,223.530066186763
6897,hydro_reservoir,2030,9,327,327,223.1150206164599
6898,hydro_reservoir,2030,9,328,328,222.4249805524828
6899,hydro_reservoir,2030,9,329,329,222.35110721250294
6900,hydro_reservoir,2030,9,330,330,222.90617153843527
6901,hydro_reservoir,2030,9,331,331,223.69962198438674
6902,hydro_reservoir,2030,9,332,332,223.2296419307604
6903,hydro_reservoir,2030,9,333,333,222.36740999220032
6904,hydro_reservoir,2030,9,334,334,222.22359312486324
6905,hydro_reservoir,2030,9,335,335,222.88300766685748
6906,hydro_reservoir,2030,9,336,336,222.6503063146783
6907,hydro_reservoir,2030,9,337,337,221.22573473329663
6908,hydro_reservoir,2030,9,338,338,220.07485577422028
6909,hydro_reservoir,2030,9,339,339,218.21518417407987
6910,hydro_reservoir,2030,9,340,340,217.14601563163734
6911,hydro_reservoir,2030,9,341,341,215.76281319136297
6912,hydro_reservoir,2030,9,342,342,214.62535089596446
6913,hydro_reservoir,2030,9,343,343,213.11595387170664
6914,hydro_reservoir,2030,9,344,344,211.8482784166717
6915,hydro_reservoir,2030,9,345,345,210.81424333618276
6916,hydro_reservoir,2030,9,346,346,209.8423448068844
6917,hydro_reservoir,2030,9,347,347,208.68267679164353
6918,hydro_reservoir,2030,9,348,348,207.22805312983692
6919,hydro_reservoir,2030,9,349,349,206.56478664946152
6920,hydro_reservoir,2030,9,350,350,206.7659489780787
6921,hydro_reservoir,2030,9,351,351,206.47185669145
6922,hydro_reservoir,2030,9,352,352,206.3963711842524
6923,hydro_reservoir,2030,9,353,353,206.69149533105843
6924,hydro_reservoir,2030,9,354,354,205.36671312438358
6925,hydro_reservoir,2030,9,355,355,204.13660280833665
6926,hydro_reservoir,2030,9,356,356,204.99702519993593
6927,hydro_reservoir,2030,9,357,357,205.96260260709766
6928,hydro_reservoir,2030,9,358,358,206.4316904460955
6929,hydro_reservoir,2030,9,359,359,205.30999874885995
6930,hydro_reservoir,2030,9,360,360,205.0054642194278
6931,hydro_reservoir,2030,9,361,361,204.14900313972026
6932,hydro_reservoir,2030,9,362,362,203.7667455898004
6933,hydro_reservoir,2030,9,363,363,203.0983215285862
6934,hydro_reservoir,2030,9,364,364,202.1140069044796
6935,hydro_reservoir,2030,9,365,365,201.6
6936,hydro_reservoir,2030,10,1,1,202.15649162154784
6937,hydro_reservoir,2030,10,2,2,202.76312356090375
6938,hydro_reservoir,2030,10,3,3,203.3016230488763
6939,hydro_reservoir,2030,10,4,4,203.6352207203096
6940,hydro_reservoir,2030,10,5,5,204.06833859965226
6941,hydro_reservoir,2030,10,6,6,204.02228653619758
6942,hydro_reservoir,2030,10,7,7,204.09907470917014
6943,hydro_reservoir,2030,10,8,8,203.74720130958173
6944,hydro_reservoir,2030,10,9,9,203.70592838478
6945,hydro_reservoir,2030,10,10,10,203.6676129107407
6946,hydro_reservoir,2030,10,11,11,203.94335720477207
6947,hydro_reservoir,2030,10,12,12,203.9094251977709
6948,hydro_reservoir,2030,10,13,13,202.72248122515603
6949,hydro_reservoir,2030,10,14,14,203.12663911771725
6950,hydro_reservoir,2030,10,15,15,202.44140979781236
6951,hydro_reservoir,2030,10,16,16,202.8252189668815
6952,hydro_reservoir,2030,10,17,17,203.47753441289714
6953,hydro_reservoir,2030,10,18,18,203.79759395378025
6954,hydro_reservoir,2030,10,19,19,204.25292485570577
6955,hydro_reservoir,2030,10,20,20,204.42235450391743
6956,hydro_reservoir,2030,10,21,21,204.19697059387116
6957,hydro_reservoir,2030,10,22,22,204.66239222409024
6958,hydro_reservoir,2030,10,23,23,203.99818761388747
6959,hydro_reservoir,2030,10,24,24,203.99591400913417
6960,hydro_reservoir,2030,10,25,25,203.55839604214336
6961,hydro_reservoir,2030,10,26,26,203.79413930513303
6962,hydro_reservoir,2030,10,27,27,203.13297645107886
6963,hydro_reservoir,2030,10,28,28,204.04368539965958
6964,hydro_reservoir,2030,10,29,29,203.53981722148893
6965,hydro_reservoir,2030,10,30,30,203.5025994412166
6966,hydro_reservoir,2030,10,31,31,203.87380554550757
6967,hydro_reservoir,2030,10,32,32,204.01946789919234
6968,hydro_reservoir,2030,10,33,33,202.94984104307682
6969,hydro_reservoir,2030,10,34,34,202.68455193562713
6970,hydro_reservoir,2030,10,35,35,203.24229626573668
6971,hydro_reservoir,2030,10,36,36,202.8118647683545
6972,hydro_reservoir,2030,10,37,37,203.3858347816599
6973,hydro_reservoir,2030,10,38,38,203.86784621114538
6974,hydro_reservoir,2030,10,39,39,203.86938756486467
6975,hydro_reservoir,2030,10,40,40,204.4383586210442
6976,hydro_reservoir,2030,10,41,41,203.95460128981887
6977,hydro_reservoir,2030,10,42,42,204.11147953011445
6978,hydro_reservoir,2030,10,43,43,204.63680944487928
6979,hydro_reservoir,2030,10,44,44,205.30707374236144
6980,hydro_reservoir,2030,10,45,45,205.55126843052983
6981,hydro_reservoir,2030,10,46,46,205.5670159093315
6982,hydro_reservoir,2030,10,47,47,204.79222457571353
6983,hydro_reservoir,2030,10,48,48,204.5517702601741
6984,hydro_reservoir,2030,10,49,49,204.44666303203203
6985,hydro_reservoir,2030,10,50,50,204.62426962183227
6986,hydro_reservoir,2030,10,51,51,204.94533540605872
6987,hydro_reservoir,2030,10,52,52,204.95197142031722
6988,hydro_reservoir,2030,10,53,53,205.63015552578682
6989,hydro_reservoir,2030,10,54,54,206.1756155807255
6990,hydro_reservoir,2030,10,55,55,206.8029680909337
6991,hydro_reservoir,2030,10,56,56,206.72567455818177
6992,hydro_reservoir,2030,10,57,57,207.3638492359809
6993,hydro_reservoir,2030,10,58,58,207.2516845922799
6994,hydro_reservoir,2030,10,59,59,207.5768245014295
6995,hydro_reservoir,2030,10,60,60,207.62861794829504
6996,hydro_reservoir,2030,10,61,61,207.3919999387893
6997,hydro_reservoir,2030,10,62,62,207.66399223934755
6998,hydro_reservoir,2030,10,63,63,208.6552053573141
6999,hydro_reservoir,2030,10,64,64,209.18653439485087
7000,hydro_reservoir,2030,10,65,65,208.51819015178106
7001,hydro_reservoir,2030,10,66,66,208.06811718538773
7002,hydro_reservoir,2030,10,67,67,208.34990977460137
7003,hydro_reservoir,2030,10,68,68,208.53462832627102
7004,hydro_reservoir,2030,10,69,69,208.64641567837987
7005,hydro_reservoir,2030,10,70,70,209.2375563217831
7006,hydro_reservoir,2030,10,71,71,209.00839224054516
7007,hydro_reservoir,2030,10,72,72,208.5419184155776
7008,hydro_reservoir,2030,10,73,73,209.06541637953558
7009,hydro_reservoir,2030,10,74,74,208.28901119310717
7010,hydro_reservoir,2030,10,75,75,208.53919744822375
7011,hydro_reservoir,2030,10,76,76,208.93350817267472
7012,hydro_reservoir,2030,10,77,77,209.09173630736078
7013,hydro_reservoir,2030,10,78,78,209.15607884789102
7014,hydro_reservoir,2030,10,79,79,209.75522912020625
7015,hydro_reservoir,2030,10,80,80,208.78591916410588
7016,hydro_reservoir,2030,10,81,81,208.88175714230715
7017,hydro_reservoir,2030,10,82,82,209.24409347037
7018,hydro_reservoir,2030,10,83,83,209.64059808923392
7019,hydro_reservoir,2030,10,84,84,208.83659058310957
7020,hydro_reservoir,2030,10,85,85,208.59081200073882
7021,hydro_reservoir,2030,10,86,86,208.27298343472708
7022,hydro_reservoir,2030,10,87,87,207.8982450175886
7023,hydro_reservoir,2030,10,88,88,208.3968805148561
7024,hydro_reservoir,2030,10,89,89,208.72324887610782
7025,hydro_reservoir,2030,10,90,90,209.30162638016404
7026,hydro_reservoir,2030,10,91,91,209.45683970292444
7027,hydro_reservoir,2030,10,92,92,210.01505413904158
7028,hydro_reservoir,2030,10,93,93,210.74427174438324
7029,hydro_reservoir,2030,10,94,94,211.33291934869357
7030,hydro_reservoir,2030,10,95,95,211.12875521571763
7031,hydro_reservoir,2030,10,96,96,211.09958707880074
7032,hydro_reservoir,2030,10,97,97,210.63793587741105
7033,hydro_reservoir,2030,10,98,98,210.2600421710616
7034,hydro_reservoir,2030,10,99,99,210.4293752031482
7035,hydro_reservoir,2030,10,100,100,210.74897745346553
7036,hydro_reservoir,2030,10,101,101,211.47735481540326
7037,hydro_reservoir,2030,10,102,102,211.06546769102923
7038,hydro_reservoir,2030,10,103,103,210.62811022665767
7039,hydro_reservoir,2030,10,104,104,209.900737337123
7040,hydro_reservoir,2030,10,105,105,209.34536898952626
7041,hydro_reservoir,2030,10,106,106,209.1277355071358
7042,hydro_reservoir,2030,10,107,107,208.75722231279371
7043,hydro_reservoir,2030,10,108,108,208.35425002219142
7044,hydro_reservoir,2030,10,109,109,207.88061176352278
7045,hydro_reservoir,2030,10,110,110,208.0998909534015
7046,hydro_reservoir,2030,10,111,111,208.34003949083854
7047,hydro_reservoir,2030,10,112,112,208.03225707451682
7048,hydro_reservoir,2030,10,113,113,207.7075767638827
7049,hydro_reservoir,2030,10,114,114,207.29705931844188
7050,hydro_reservoir,2030,10,115,115,207.51355932981565
7051,hydro_reservoir,2030,10,116,116,207.42678492372536
7052,hydro_reservoir,2030,10,117,117,207.29977058540277
7053,hydro_reservoir,2030,10,118,118,206.8804593786379
7054,hydro_reservoir,2030,10,119,119,206.6463966973413
7055,hydro_reservoir,2030,10,120,120,206.35278231517353
7056,hydro_reservoir,2030,10,121,121,205.31588993326088
7057,hydro_reservoir,2030,10,122,122,205.48808590574126
7058,hydro_reservoir,2030,10,123,123,205.68588405394019
7059,hydro_reservoir,2030,10,124,124,205.80038310869068
7060,hydro_reservoir,2030,10,125,125,205.78711279912187
7061,hydro_reservoir,2030,10,126,126,205.91484871317886
7062,hydro_reservoir,2030,10,127,127,206.19917810508477
7063,hydro_reservoir,2030,10,128,128,206.54130531040835
7064,hydro_reservoir,2030,10,129,129,207.37883823529498
7065,hydro_reservoir,2030,10,130,130,206.96518473576455
7066,hydro_reservoir,2030,10,131,131,207.39530136062876
7067,hydro_reservoir,2030,10,132,132,207.6722373415214
7068,hydro_reservoir,2030,10,133,133,206.75841002165777
7069,hydro_reservoir,2030,10,134,134,207.16938069581033
7070,hydro_reservoir,2030,10,135,135,207.39220142280257
7071,hydro_reservoir,2030,10,136,136,207.359058389914
7072,hydro_reservoir,2030,10,137,137,207.03909409691767
7073,hydro_reservoir,2030,10,138,138,206.89686688155695
7074,hydro_reservoir,2030,10,139,139,206.28693587399263
7075,hydro_reservoir,2030,10,140,140,206.38436623934766
7076,hydro_reservoir,2030,10,141,141,206.01946898321168
7077,hydro_reservoir,2030,10,142,142,205.72601716585822
7078,hydro_reservoir,2030,10,143,143,204.90667604584533
7079,hydro_reservoir,2030,10,144,144,204.81847850746195
7080,hydro_reservoir,2030,10,145,145,203.67210950876756
7081,hydro_reservoir,2030,10,146,146,202.85551064248347
7082,hydro_reservoir,2030,10,147,147,202.64879983229335
7083,hydro_reservoir,2030,10,148,148,202.26800716496768
7084,hydro_reservoir,2030,10,149,149,201.16260885392938
7085,hydro_reservoir,2030,10,150,150,200.33738013919782
7086,hydro_reservoir,2030,10,151,151,200.56695994480575
7087,hydro_reservoir,2030,10,152,152,200.32683655235422
7088,hydro_reservoir,2030,10,153,153,200.13471240204208
7089,hydro_reservoir,2030,10,154,154,200.17758849127623
7090,hydro_reservoir,2030,10,155,155,199.78789266385678
7091,hydro_reservoir,2030,10,156,156,199.40994363133595
7092,hydro_reservoir,2030,10,157,157,199.45530629218115
7093,hydro_reservoir,2030,10,158,158,199.25372216467383
7094,hydro_reservoir,2030,10,159,159,199.51420573575453
7095,hydro_reservoir,2030,10,160,160,199.63774749824256
7096,hydro_reservoir,2030,10,161,161,199.4302161272961
7097,hydro_reservoir,2030,10,162,162,199.6666969089695
7098,hydro_reservoir,2030,10,163,163,199.360272914577
7099,hydro_reservoir,2030,10,164,164,199.0379948613498
7100,hydro_reservoir,2030,10,165,165,198.76334195682517
7101,hydro_reservoir,2030,10,166,166,199.23620027841972
7102,hydro_reservoir,2030,10,167,167,199.4302941898454
7103,hydro_reservoir,2030,10,168,168,199.32351066715415
7104,hydro_reservoir,2030,10,169,169,199.5351875840665
7105,hydro_reservoir,2030,10,170,170,198.90830530845778
7106,hydro_reservoir,2030,10,171,171,198.81768325464017
7107,hydro_reservoir,2030,10,172,172,199.38633641406742
7108,hydro_reservoir,2030,10,173,173,199.4477387473455
7109,hydro_reservoir,2030,10,174,174,199.74011922033446
7110,hydro_reservoir,2030,10,175,175,199.98973907190492
7111,hydro_reservoir,2030,10,176,176,199.97543350700965
7112,hydro_reservoir,2030,10,177,177,199.79550190132815
7113,hydro_reservoir,2030,10,178,178,199.882463638236
7114,hydro_reservoir,2030,10,179,179,199.98018890903623
7115,hydro_reservoir,2030,10,180,180,200.6889569592479
7116,hydro_reservoir,2030,10,181,181,200.60048836419924
7117,hydro_reservoir,2030,10,182,182,200.2098453975056
7118,hydro_reservoir,2030,10,183,183,200.0163358156884
7119,hydro_reservoir,2030,10,184,184,199.679295822366
7120,hydro_reservoir,2030,10,185,185,200.27871591211107
7121,hydro_reservoir,2030,10,186,186,200.35184365491477
7122,hydro_reservoir,2030,10,187,187,200.75189421780414
7123,hydro_reservoir,2030,10,188,188,200.55996866616516
7124,hydro_reservoir,2030,10,189,189,200.17883600334082
7125,hydro_reservoir,2030,10,190,190,199.7012266901643
7126,hydro_reservoir,2030,10,191,191,199.59217340293216
7127,hydro_reservoir,2030,10,192,192,198.19945724790153
7128,hydro_reservoir,2030,10,193,193,198.32260759286783
7129,hydro_reservoir,2030,10,194,194,198.85023586592925
7130,hydro_reservoir,2030,10,195,195,198.8179095858958
7131,hydro_reservoir,2030,10,196,196,198.4213881241716
7132,hydro_reservoir,2030,10,197,197,198.9269512077666
7133,hydro_reservoir,2030,10,198,198,199.2708741712275
7134,hydro_reservoir,2030,10,199,199,199.30269391894393
7135,hydro_reservoir,2030,10,200,200,199.26189533085264
7136,hydro_reservoir,2030,10,201,201,199.1587592822907
7137,hydro_reservoir,2030,10,202,202,199.31979717248794
7138,hydro_reservoir,2030,10,203,203,199.50392697997387
7139,hydro_reservoir,2030,10,204,204,199.51620864785016
7140,hydro_reservoir,2030,10,205,205,199.36291200453942
7141,hydro_reservoir,2030,10,206,206,199.05928128204204
7142,hydro_reservoir,2030,10,207,207,199.1604289804716
7143,hydro_reservoir,2030,10,208,208,198.77463270179032
7144,hydro_reservoir,2030,10,209,209,198.47827185402187
7145,hydro_reservoir,2030,10,210,210,198.8153013689495
7146,hydro_reservoir,2030,10,211,211,199.1410357553876
7147,hydro_reservoir,2030,10,212,212,199.2013491053112
7148,hydro_reservoir,2030,10,213,213,199.80467125274683
7149,hydro_reservoir,2030,10,214,214,200.04455764234908
7150,hydro_reservoir,2030,10,215,215,198.99803284886923
7151,hydro_reservoir,2030,10,216,216,199.23595637164786
7152,hydro_reservoir,2030,10,217,217,198.88505958033446
7153,hydro_reservoir,2030,10,218,218,199.3276267805168
7154,hydro_reservoir,2030,10,219,219,199.0721899090543
7155,hydro_reservoir,2030,10,220,220,198.73618709096027
7156,hydro_reservoir,2030,10,221,221,198.7123783562131
7157,hydro_reservoir,2030,10,222,222,198.40509850244138
7158,hydro_reservoir,2030,10,223,223,198.03937688059145
7159,hydro_reservoir,2030,10,224,224,197.74862433615223
7160,hydro_reservoir,2030,10,225,225,197.70367424570193
7161,hydro_reservoir,2030,10,226,226,197.62330366600364
7162,hydro_reservoir,2030,10,227,227,197.67625368254724
7163,hydro_reservoir,2030,10,228,228,197.853747845263
7164,hydro_reservoir,2030,10,229,229,197.50311620953423
7165,hydro_reservoir,2030,10,230,230,197.11226717648273
7166,hydro_reservoir,2030,10,231,231,196.39593348571242
7167,hydro_reservoir,2030,10,232,232,196.8248433731169
7168,hydro_reservoir,2030,10,233,233,197.00730641420648
7169,hydro_reservoir,2030,10,234,234,197.1469712812614
7170,hydro_reservoir,2030,10,235,235,197.46914220410594
7171,hydro_reservoir,2030,10,236,236,197.7876554071353
7172,hydro_reservoir,2030,10,237,237,198.17407507291173
7173,hydro_reservoir,2030,10,238,238,198.82339005821794
7174,hydro_reservoir,2030,10,239,239,199.26892871519988
7175,hydro_reservoir,2030,10,240,240,199.21446732536128
7176,hydro_reservoir,2030,10,241,241,200.1834009097943
7177,hydro_reservoir,2030,10,242,242,200.38414403278028
7178,hydro_reservoir,2030,10,243,243,200.76128241358637
7179,hydro_reservoir,2030,10,244,244,200.14318431997006
7180,hydro_reservoir,2030,10,245,245,199.84109124462375
7181,hydro_reservoir,2030,10,246,246,199.49208357846916
7182,hydro_reservoir,2030,10,247,247,199.1790173544186
7183,hydro_reservoir,2030,10,248,248,198.85616140861185
7184,hydro_reservoir,2030,10,249,249,198.5418398358244
7185,hydro_reservoir,2030,10,250,250,198.26800155302342
7186,hydro_reservoir,2030,10,251,251,198.58534518315358
7187,hydro_reservoir,2030,10,252,252,197.7271536837425
7188,hydro_reservoir,2030,10,253,253,197.34107438600816
7189,hydro_reservoir,2030,10,254,254,197.08692320285522
7190,hydro_reservoir,2030,10,255,255,197.24606922950542
7191,hydro_reservoir,2030,10,256,256,197.37055850373986
7192,hydro_reservoir,2030,10,257,257,197.36651267818849
7193,hydro_reservoir,2030,10,258,258,197.51326740835358
7194,hydro_reservoir,2030,10,259,259,198.096160297009
7195,hydro_reservoir,2030,10,260,260,198.84307140038257
7196,hydro_reservoir,2030,10,261,261,198.62635134497194
7197,hydro_reservoir,2030,10,262,262,198.83311785091493
7198,hydro_reservoir,2030,10,263,263,199.2548573732202
7199,hydro_reservoir,2030,10,264,264,199.23243797603106
7200,hydro_reservoir,2030,10,265,265,199.6408221425921
7201,hydro_reservoir,2030,10,266,266,199.6187106791251
7202,hydro_reservoir,2030,10,267,267,200.23777991507592
7203,hydro_reservoir,2030,10,268,268,199.563426655561
7204,hydro_reservoir,2030,10,269,269,199.46411465593383
7205,hydro_reservoir,2030,10,270,270,199.57751389125627
7206,hydro_reservoir,2030,10,271,271,199.67059913802004
7207,hydro_reservoir,2030,10,272,272,200.1128800959452
7208,hydro_reservoir,2030,10,273,273,198.87885575876953
7209,hydro_reservoir,2030,10,274,274,197.97482275222984
7210,hydro_reservoir,2030,10,275,275,198.8693667100645
7211,hydro_reservoir,2030,10,276,276,196.4473556569974
7212,hydro_reservoir,2030,10,277,277,196.83246781641225
7213,hydro_reservoir,2030,10,278,278,194.6078055552601
7214,hydro_reservoir,2030,10,279,279,194.37572180870143
7215,hydro_reservoir,2030,10,280,280,195.2265154594951
7216,hydro_reservoir,2030,10,281,281,193.5468672684202
7217,hydro_reservoir,2030,10,282,282,193.62636994533958
7218,hydro_reservoir,2030,10,283,283,193.86591599475022
7219,hydro_reservoir,2030,10,284,284,193.89553522004607
7220,hydro_reservoir,2030,10,285,285,194.38699093744734
7221,hydro_reservoir,2030,10,286,286,194.81205320855042
7222,hydro_reservoir,2030,10,287,287,194.7449024329203
7223,hydro_reservoir,2030,10,288,288,194.83355377592804
7224,hydro_reservoir,2030,10,289,289,194.9159280817887
7225,hydro_reservoir,2030,10,290,290,195.3105846412051
7226,hydro_reservoir,2030,10,291,291,195.19903599311633
7227,hydro_reservoir,2030,10,292,292,195.32200928753196
7228,hydro_reservoir,2030,10,293,293,195.4332144388796
7229,hydro_reservoir,2030,10,294,294,195.48048262519595
7230,hydro_reservoir,2030,10,295,295,195.92688198028713
7231,hydro_reservoir,2030,10,296,296,195.93618972557815
7232,hydro_reservoir,2030,10,297,297,194.82620354053276
7233,hydro_reservoir,2030,10,298,298,194.6208047302865
7234,hydro_reservoir,2030,10,299,299,194.73434228533185
7235,hydro_reservoir,2030,10,300,300,193.12869076242896
7236,hydro_reservoir,2030,10,301,301,193.24803021141244
7237,hydro_reservoir,2030,10,302,302,189.5441126217909
7238,hydro_reservoir,2030,10,303,303,187.3020382103261
7239,hydro_reservoir,2030,10,304,304,185.07690088405244
7240,hydro_reservoir,2030,10,305,305,185.1265806315849
7241,hydro_reservoir,2030,10,306,306,185.62360499092185
7242,hydro_reservoir,2030,10,307,307,184.63564462216317
7243,hydro_reservoir,2030,10,308,308,185.60495679147533
7244,hydro_reservoir,2030,10,309,309,186.39958659569257
7245,hydro_reservoir,2030,10,310,310,186.39721468472683
7246,hydro_reservoir,2030,10,311,311,186.7325441501184
7247,hydro_reservoir,2030,10,312,312,187.11492924766958
7248,hydro_reservoir,2030,10,313,313,186.6181353768427
7249,hydro_reservoir,2030,10,314,314,186.41264765973077
7250,hydro_reservoir,2030,10,315,315,186.9392066389479
7251,hydro_reservoir,2030,10,316,316,186.9571351348991
7252,hydro_reservoir,2030,10,317,317,186.81140292224947
7253,hydro_reservoir,2030,10,318,318,187.032512433695
7254,hydro_reservoir,2030,10,319,319,187.6491304666655
7255,hydro_reservoir,2030,10,320,320,188.32512037944255
7256,hydro_reservoir,2030,10,321,321,188.88321766472106
7257,hydro_reservoir,2030,10,322,322,189.5706754978955
7258,hydro_reservoir,2030,10,323,323,190.04978827784504
7259,hydro_reservoir,2030,10,324,324,190.38906623682846
7260,hydro_reservoir,2030,10,325,325,190.77586817537423
7261,hydro_reservoir,2030,10,326,326,191.5010923791592
7262,hydro_reservoir,2030,10,327,327,192.18345579687877
7263,hydro_reservoir,2030,10,328,328,192.80990174257028
7264,hydro_reservoir,2030,10,329,329,193.58567127967635
7265,hydro_reservoir,2030,10,330,330,194.00704076051142
7266,hydro_reservoir,2030,10,331,331,194.41883105703
7267,hydro_reservoir,2030,10,332,332,194.9916504453506
7268,hydro_reservoir,2030,10,333,333,195.6415200733237
7269,hydro_reservoir,2030,10,334,334,195.2382114261995
7270,hydro_reservoir,2030,10,335,335,195.70781874172465
7271,hydro_reservoir,2030,10,336,336,195.43955527650894
7272,hydro_reservoir,2030,10,337,337,195.7947830530949
7273,hydro_reservoir,2030,10,338,338,193.9981234509648
7274,hydro_reservoir,2030,10,339,339,193.89353669093447
7275,hydro_reservoir,2030,10,340,340,194.1074076958514
7276,hydro_reservoir,2030,10,341,341,192.9234201241147
7277,hydro_reservoir,2030,10,342,342,193.18984870885114
7278,hydro_reservoir,2030,10,343,343,193.20942136199258
7279,hydro_reservoir,2030,10,344,344,192.66999011753867
7280,hydro_reservoir,2030,10,345,345,193.08061803749706
7281,hydro_reservoir,2030,10,346,346,193.73423774181086
7282,hydro_reservoir,2030,10,347,347,193.06350491720568
7283,hydro_reservoir,2030,10,348,348,192.88667755745212
7284,hydro_reservoir,2030,10,349,349,193.22829497788825
7285,hydro_reservoir,2030,10,350,350,191.84462931129528
7286,hydro_reservoir,2030,10,351,351,191.72826637208183
7287,hydro_reservoir,2030,10,352,352,192.52823201497984
7288,hydro_reservoir,2030,10,353,353,192.56291768954586
7289,hydro_reservoir,2030,10,354,354,192.13361717556757
7290,hydro_reservoir,2030,10,355,355,192.94931770917836
7291,hydro_reservoir,2030,10,356,356,194.03691992283066
7292,hydro_reservoir,2030,10,357,357,193.68157232023952
7293,hydro_reservoir,2030,10,358,358,193.5774684947125
7294,hydro_reservoir,2030,10,359,359,194.2492482574058
7295,hydro_reservoir,2030,10,360,360,195.31250225259558
7296,hydro_reservoir,2030,10,361,361,196.78920236406938
7297,hydro_reservoir,2030,10,362,362,198.00242736345112
7298,hydro_reservoir,2030,10,363,363,198.7353169405969
7299,hydro_reservoir,2030,10,364,364,200.17638846042834
7300,hydro_reservoir,2030,10,365,365,201.6
