id,asset,milestone_year,rep_period,time_block_start,time_block_end,dual_balance_consumer
1,e_demand,2030,1,1,1,0.029089202438027754
2,e_demand,2030,1,2,2,0.029089202438027754
3,e_demand,2030,1,3,3,0.029089202438027754
4,e_demand,2030,1,4,4,0.029089202438027754
5,e_demand,2030,1,5,5,0.029089202438027754
6,e_demand,2030,1,6,6,0.029089202438027754
7,e_demand,2030,1,7,7,0.029089202438027754
8,e_demand,2030,1,8,8,0.35227116478574677
9,e_demand,2030,1,9,9,0.7272300609506936
10,e_demand,2030,1,10,10,0.7272300609506936
11,e_demand,2030,1,11,11,0.727230060950694
12,e_demand,2030,1,12,12,0.727230060950694
13,e_demand,2030,1,13,13,0.727230060950694
14,e_demand,2030,1,14,14,0.7272300609506936
15,e_demand,2030,1,15,15,0.727230060950694
16,e_demand,2030,1,16,16,0.727230060950694
17,e_demand,2030,1,17,17,0.727230060950694
18,e_demand,2030,1,18,18,0.029089202438027754
19,e_demand,2030,1,19,19,0.029089202438027754
20,e_demand,2030,1,20,20,0.029089202438027754
21,e_demand,2030,1,21,21,0.029089202438027754
22,e_demand,2030,1,22,22,0.029089202438027754
23,e_demand,2030,1,23,23,0.029089202438027754
24,e_demand,2030,1,24,24,0.029089202438027754
25,e_demand,2030,2,1,1,1.075639564068155
26,e_demand,2030,2,2,2,1.075639564068155
27,e_demand,2030,2,3,3,1.075639564068155
28,e_demand,2030,2,4,4,1.075639564068155
29,e_demand,2030,2,5,5,1.075639564068155
30,e_demand,2030,2,6,6,1.075639564068155
31,e_demand,2030,2,7,7,1.075639564068155
32,e_demand,2030,2,8,8,1.075639564068155
33,e_demand,2030,2,9,9,1.075639564068155
34,e_demand,2030,2,10,10,1.075639564068155
35,e_demand,2030,2,11,11,1.075639564068155
36,e_demand,2030,2,12,12,1.075639564068155
37,e_demand,2030,2,13,13,1.075639564068155
38,e_demand,2030,2,14,14,1.075639564068155
39,e_demand,2030,2,15,15,1.075639564068155
40,e_demand,2030,2,16,16,1.075639564068155
41,e_demand,2030,2,17,17,1.075639564068155
42,e_demand,2030,2,18,18,1.075639564068155
43,e_demand,2030,2,19,19,1.075639564068155
44,e_demand,2030,2,20,20,1.075639564068155
45,e_demand,2030,2,21,21,1.075639564068155
46,e_demand,2030,2,22,22,1.075639564068155
47,e_demand,2030,2,23,23,1.075639564068155
48,e_demand,2030,2,24,24,1.075639564068155
49,e_demand,2030,3,1,1,0.38740506320091744
50,e_demand,2030,3,2,2,0.3874050632009175
51,e_demand,2030,3,3,3,0.3874050632009175
52,e_demand,2030,3,4,4,0.38740506320091744
53,e_demand,2030,3,5,5,0.3874050632009175
54,e_demand,2030,3,6,6,0.3874050632009175
55,e_demand,2030,3,7,7,0.3874050632009175
56,e_demand,2030,3,8,8,0.3874050632009175
57,e_demand,2030,3,9,9,0.3874050632009175
58,e_demand,2030,3,10,10,0.3874050632009175
59,e_demand,2030,3,11,11,0.3874050632009175
60,e_demand,2030,3,12,12,0.3874050632009175
61,e_demand,2030,3,13,13,0.3874050632009175
62,e_demand,2030,3,14,14,0.3874050632009175
63,e_demand,2030,3,15,15,0.3874050632009175
64,e_demand,2030,3,16,16,0.3874050632009175
65,e_demand,2030,3,17,17,0.3874050632009175
66,e_demand,2030,3,18,18,0.3874050632009175
67,e_demand,2030,3,19,19,0.3874050632009175
68,e_demand,2030,3,20,20,0.38740506320091744
69,e_demand,2030,3,21,21,0.3874050632009175
70,e_demand,2030,3,22,22,0.38740506320091744
71,e_demand,2030,3,23,23,0.38740506320091744
72,e_demand,2030,3,24,24,0.3874050632009175
73,e_demand,2030,4,1,1,3.4032162181543693
74,e_demand,2030,4,2,2,3.403216218154371
75,e_demand,2030,4,3,3,3.403216218154371
76,e_demand,2030,4,4,4,3.403216218154371
77,e_demand,2030,4,5,5,3.403216218154371
78,e_demand,2030,4,6,6,3.403216218154371
79,e_demand,2030,4,7,7,3.403216218154371
80,e_demand,2030,4,8,8,3.403216218154371
81,e_demand,2030,4,9,9,3.403216218154371
82,e_demand,2030,4,10,10,3.403216218154371
83,e_demand,2030,4,11,11,3.403216218154371
84,e_demand,2030,4,12,12,3.403216218154371
85,e_demand,2030,4,13,13,3.403216218154371
86,e_demand,2030,4,14,14,3.403216218154371
87,e_demand,2030,4,15,15,3.403216218154371
88,e_demand,2030,4,16,16,3.403216218154371
89,e_demand,2030,4,17,17,3.403216218154371
90,e_demand,2030,4,18,18,3.403216218154371
91,e_demand,2030,4,19,19,3.403216218154371
92,e_demand,2030,4,20,20,3.403216218154371
93,e_demand,2030,4,21,21,3.403216218154371
94,e_demand,2030,4,22,22,3.403216218154371
95,e_demand,2030,4,23,23,3.403216218154371
96,e_demand,2030,4,24,24,3.403216218154371
97,e_demand,2030,5,1,1,0.30362642328419126
98,e_demand,2030,5,2,2,0.30362642328419126
99,e_demand,2030,5,3,3,0.30362642328419126
100,e_demand,2030,5,4,4,0.3036264232841912
101,e_demand,2030,5,5,5,0.30362642328419126
102,e_demand,2030,5,6,6,0.3036264232841912
103,e_demand,2030,5,7,7,0.30362642328419126
104,e_demand,2030,5,8,8,0.30362642328419126
105,e_demand,2030,5,9,9,0.30362642328419126
106,e_demand,2030,5,10,10,0.30362642328419126
107,e_demand,2030,5,11,11,0.30362642328419126
108,e_demand,2030,5,12,12,0.30362642328419126
109,e_demand,2030,5,13,13,0.30362642328419126
110,e_demand,2030,5,14,14,0.30362642328419126
111,e_demand,2030,5,15,15,0.30362642328419126
112,e_demand,2030,5,16,16,0.30362642328419126
113,e_demand,2030,5,17,17,0.30362642328419126
114,e_demand,2030,5,18,18,0.30362642328419126
115,e_demand,2030,5,19,19,0.30362642328419126
116,e_demand,2030,5,20,20,0.30362642328419126
117,e_demand,2030,5,21,21,0.30362642328419126
118,e_demand,2030,5,22,22,0.30362642328419126
119,e_demand,2030,5,23,23,0.012145056931367651
120,e_demand,2030,5,24,24,0.012145056931367651
121,e_demand,2030,6,1,1,0.3003651685819657
122,e_demand,2030,6,2,2,0.3003651685819658
123,e_demand,2030,6,3,3,0.3003651685819658
124,e_demand,2030,6,4,4,0.3003651685819658
125,e_demand,2030,6,5,5,0.3003651685819658
126,e_demand,2030,6,6,6,0.3003651685819658
127,e_demand,2030,6,7,7,0.3003651685819657
128,e_demand,2030,6,8,8,0.3003651685819658
129,e_demand,2030,6,9,9,0.3003651685819658
130,e_demand,2030,6,10,10,0.3003651685819658
131,e_demand,2030,6,11,11,0.3003651685819658
132,e_demand,2030,6,12,12,0.3003651685819658
133,e_demand,2030,6,13,13,0.3003651685819658
134,e_demand,2030,6,14,14,0.3003651685819658
135,e_demand,2030,6,15,15,0.3003651685819658
136,e_demand,2030,6,16,16,0.3003651685819658
137,e_demand,2030,6,17,17,0.3003651685819658
138,e_demand,2030,6,18,18,0.3003651685819658
139,e_demand,2030,6,19,19,0.3003651685819658
140,e_demand,2030,6,20,20,0.12690428372588056
141,e_demand,2030,6,21,21,0.3003651685819658
142,e_demand,2030,6,22,22,0.3003651685819658
143,e_demand,2030,6,23,23,0.3003651685819658
144,e_demand,2030,6,24,24,0.3003651685819658
145,e_demand,2030,7,1,1,0.19305615990281197
146,e_demand,2030,7,2,2,0.19305615990281208
147,e_demand,2030,7,3,3,0.19305615990281208
148,e_demand,2030,7,4,4,0.19305615990281197
149,e_demand,2030,7,5,5,0.19305615990281208
150,e_demand,2030,7,6,6,0.19305615990281208
151,e_demand,2030,7,7,7,0.19305615990281208
152,e_demand,2030,7,8,8,0.19305615990281208
153,e_demand,2030,7,9,9,0.19305615990281208
154,e_demand,2030,7,10,10,0.19305615990281208
155,e_demand,2030,7,11,11,0.19305615990281208
156,e_demand,2030,7,12,12,0.19305615990281208
157,e_demand,2030,7,13,13,0.19305615990281208
158,e_demand,2030,7,14,14,0.19305615990281197
159,e_demand,2030,7,15,15,0.19305615990281208
160,e_demand,2030,7,16,16,0.19305615990281197
161,e_demand,2030,7,17,17,0.19305615990281197
162,e_demand,2030,7,18,18,0.19305615990281208
163,e_demand,2030,7,19,19,0.19305615990281197
164,e_demand,2030,7,20,20,0.19305615990281197
165,e_demand,2030,7,21,21,0.19305615990281208
166,e_demand,2030,7,22,22,0.19305615990281197
167,e_demand,2030,7,23,23,0.19305615990281208
168,e_demand,2030,7,24,24,0.19305615990281208
169,e_demand,2030,8,1,1,0.7126952270971473
170,e_demand,2030,8,2,2,0.7126952270971473
171,e_demand,2030,8,3,3,0.7126952270971473
172,e_demand,2030,8,4,4,0.7126952270971473
173,e_demand,2030,8,5,5,0.7126952270971473
174,e_demand,2030,8,6,6,0.7126952270971473
175,e_demand,2030,8,7,7,0.7126952270971473
176,e_demand,2030,8,8,8,0.7126952270971473
177,e_demand,2030,8,9,9,0.7126952270971473
178,e_demand,2030,8,10,10,0.7126952270971473
179,e_demand,2030,8,11,11,0.7126952270971473
180,e_demand,2030,8,12,12,0.7126952270971473
181,e_demand,2030,8,13,13,0.7126952270971473
182,e_demand,2030,8,14,14,0.7126952270971473
183,e_demand,2030,8,15,15,0.7126952270971473
184,e_demand,2030,8,16,16,0.7126952270971473
185,e_demand,2030,8,17,17,0.7126952270971473
186,e_demand,2030,8,18,18,0.7126952270971473
187,e_demand,2030,8,19,19,0.7126952270971473
188,e_demand,2030,8,20,20,0.7126952270971473
189,e_demand,2030,8,21,21,0.7126952270971473
190,e_demand,2030,8,22,22,0.7126952270971473
191,e_demand,2030,8,23,23,0.7126952270971473
192,e_demand,2030,8,24,24,0.7126952270971473
193,e_demand,2030,9,1,1,0.009122425262012023
194,e_demand,2030,9,2,2,0.009122425262012023
195,e_demand,2030,9,3,3,0.009122425262012023
196,e_demand,2030,9,4,4,0.009122425262012023
197,e_demand,2030,9,5,5,0.009122425262012023
198,e_demand,2030,9,6,6,0.22806063155030062
199,e_demand,2030,9,7,7,0.22806063155030062
200,e_demand,2030,9,8,8,0.22806063155030062
201,e_demand,2030,9,9,9,0.22806063155030049
202,e_demand,2030,9,10,10,0.22806063155030062
203,e_demand,2030,9,11,11,0.22806063155030062
204,e_demand,2030,9,12,12,0.22806063155030062
205,e_demand,2030,9,13,13,0.22806063155030062
206,e_demand,2030,9,14,14,0.22806063155030049
207,e_demand,2030,9,15,15,0.22806063155030049
208,e_demand,2030,9,16,16,0.22806063155030049
209,e_demand,2030,9,17,17,0.22806063155030062
210,e_demand,2030,9,18,18,0.22806063155030049
211,e_demand,2030,9,19,19,0.22806063155030062
212,e_demand,2030,9,20,20,0.22806063155030062
213,e_demand,2030,9,21,21,0.22806063155030062
214,e_demand,2030,9,22,22,0.22806063155030062
215,e_demand,2030,9,23,23,0.22806063155030062
216,e_demand,2030,9,24,24,0.22806063155030062
217,e_demand,2030,10,1,1,0.1602130727615899
218,e_demand,2030,10,2,2,0.1602130727615899
219,e_demand,2030,10,3,3,0.1602130727615899
220,e_demand,2030,10,4,4,0.1602130727615899
221,e_demand,2030,10,5,5,0.1602130727615899
222,e_demand,2030,10,6,6,0.1602130727615899
223,e_demand,2030,10,7,7,0.1602130727615899
224,e_demand,2030,10,8,8,0.1602130727615899
225,e_demand,2030,10,9,9,0.1602130727615899
226,e_demand,2030,10,10,10,0.1602130727615899
227,e_demand,2030,10,11,11,0.1602130727615899
228,e_demand,2030,10,12,12,0.1602130727615899
229,e_demand,2030,10,13,13,0.1602130727615899
230,e_demand,2030,10,14,14,0.1602130727615899
231,e_demand,2030,10,15,15,0.1602130727615899
232,e_demand,2030,10,16,16,0.1602130727615899
233,e_demand,2030,10,17,17,0.1602130727615899
234,e_demand,2030,10,18,18,0.1602130727615899
235,e_demand,2030,10,19,19,0.1602130727615899
236,e_demand,2030,10,20,20,0.1602130727615899
237,e_demand,2030,10,21,21,0.1602130727615899
238,e_demand,2030,10,22,22,0.1602130727615899
239,e_demand,2030,10,23,23,0.1602130727615899
240,e_demand,2030,10,24,24,0.1602130727615899
241,e_demand,2030,11,1,1,0.9779572416980223
242,e_demand,2030,11,2,2,0.9779572416980223
243,e_demand,2030,11,3,3,0.9779572416980223
244,e_demand,2030,11,4,4,0.9779572416980223
245,e_demand,2030,11,5,5,0.9779572416980223
246,e_demand,2030,11,6,6,0.9779572416980223
247,e_demand,2030,11,7,7,0.9779572416980223
248,e_demand,2030,11,8,8,0.9779572416980223
249,e_demand,2030,11,9,9,0.9779572416980223
250,e_demand,2030,11,10,10,0.9779572416980223
251,e_demand,2030,11,11,11,0.9779572416980223
252,e_demand,2030,11,12,12,0.9779572416980223
253,e_demand,2030,11,13,13,0.9779572416980223
254,e_demand,2030,11,14,14,0.9779572416980223
255,e_demand,2030,11,15,15,0.9779572416980223
256,e_demand,2030,11,16,16,0.9779572416980223
257,e_demand,2030,11,17,17,0.9779572416980223
258,e_demand,2030,11,18,18,0.9779572416980223
259,e_demand,2030,11,19,19,0.9779572416980223
260,e_demand,2030,11,20,20,0.9779572416980223
261,e_demand,2030,11,21,21,0.9779572416980223
262,e_demand,2030,11,22,22,0.9779572416980223
263,e_demand,2030,11,23,23,0.9779572416980223
264,e_demand,2030,11,24,24,0.9779572416980223
265,e_demand,2030,12,1,1,0.38565548638624847
266,e_demand,2030,12,2,2,0.01542621945544994
267,e_demand,2030,12,3,3,0.01542621945544994
268,e_demand,2030,12,4,4,0.01542621945544994
269,e_demand,2030,12,5,5,0.01542621945544994
270,e_demand,2030,12,6,6,0.01542621945544994
271,e_demand,2030,12,7,7,0.01542621945544994
272,e_demand,2030,12,8,8,0.01542621945544994
273,e_demand,2030,12,9,9,0.38565548638624847
274,e_demand,2030,12,10,10,0.3856554863862485
275,e_demand,2030,12,11,11,0.3856554863862485
276,e_demand,2030,12,12,12,0.38565548638624847
277,e_demand,2030,12,13,13,0.3856554863862485
278,e_demand,2030,12,14,14,0.3856554863862485
279,e_demand,2030,12,15,15,0.38565548638624847
280,e_demand,2030,12,16,16,0.38565548638624847
281,e_demand,2030,12,17,17,0.3856554863862485
282,e_demand,2030,12,18,18,0.3856554863862485
283,e_demand,2030,12,19,19,0.3856554863862485
284,e_demand,2030,12,20,20,0.3856554863862485
285,e_demand,2030,12,21,21,0.3856554863862485
286,e_demand,2030,12,22,22,0.3856554863862485
287,e_demand,2030,12,23,23,0.3856554863862485
288,e_demand,2030,12,24,24,0.3856554863862485
289,e_demand,2030,13,1,1,0.2631454305659227
290,e_demand,2030,13,2,2,0.2631454305659229
291,e_demand,2030,13,3,3,0.2631454305659229
292,e_demand,2030,13,4,4,0.2631454305659229
293,e_demand,2030,13,5,5,0.2631454305659229
294,e_demand,2030,13,6,6,0.2631454305659229
295,e_demand,2030,13,7,7,0.2631454305659229
296,e_demand,2030,13,8,8,0.2631454305659227
297,e_demand,2030,13,9,9,0.2631454305659229
298,e_demand,2030,13,10,10,0.2631454305659229
299,e_demand,2030,13,11,11,0.2631454305659229
300,e_demand,2030,13,12,12,0.2631454305659229
301,e_demand,2030,13,13,13,0.2631454305659229
302,e_demand,2030,13,14,14,0.2631454305659229
303,e_demand,2030,13,15,15,0.2631454305659229
304,e_demand,2030,13,16,16,0.2631454305659229
305,e_demand,2030,13,17,17,0.2631454305659229
306,e_demand,2030,13,18,18,0.2631454305659229
307,e_demand,2030,13,19,19,0.2631454305659229
308,e_demand,2030,13,20,20,0.2631454305659229
309,e_demand,2030,13,21,21,0.2631454305659229
310,e_demand,2030,13,22,22,0.2631454305659229
311,e_demand,2030,13,23,23,0.2631454305659229
312,e_demand,2030,13,24,24,0.2631454305659229
313,e_demand,2030,14,1,1,0.45122805195912724
314,e_demand,2030,14,2,2,0.4512280519591272
315,e_demand,2030,14,3,3,0.4512280519591272
316,e_demand,2030,14,4,4,0.4512280519591272
317,e_demand,2030,14,5,5,0.4512280519591272
318,e_demand,2030,14,6,6,0.4512280519591272
319,e_demand,2030,14,7,7,0.4512280519591272
320,e_demand,2030,14,8,8,0.4512280519591272
321,e_demand,2030,14,9,9,0.45122805195912724
322,e_demand,2030,14,10,10,0.4512280519591272
323,e_demand,2030,14,11,11,0.4512280519591272
324,e_demand,2030,14,12,12,0.4512280519591272
325,e_demand,2030,14,13,13,0.4512280519591272
326,e_demand,2030,14,14,14,0.4512280519591272
327,e_demand,2030,14,15,15,0.4512280519591272
328,e_demand,2030,14,16,16,0.4512280519591272
329,e_demand,2030,14,17,17,0.4512280519591272
330,e_demand,2030,14,18,18,0.4512280519591272
331,e_demand,2030,14,19,19,0.4512280519591272
332,e_demand,2030,14,20,20,0.4512280519591272
333,e_demand,2030,14,21,21,0.4512280519591272
334,e_demand,2030,14,22,22,0.4512280519591272
335,e_demand,2030,14,23,23,0.4512280519591272
336,e_demand,2030,14,24,24,0.4512280519591272
337,e_demand,2030,15,1,1,0.015726461109519127
338,e_demand,2030,15,2,2,0.015726461109519127
339,e_demand,2030,15,3,3,0.015726461109519127
340,e_demand,2030,15,4,4,0.015726461109519127
341,e_demand,2030,15,5,5,0.015726461109519127
342,e_demand,2030,15,6,6,0.015726461109519127
343,e_demand,2030,15,7,7,0.015726461109519127
344,e_demand,2030,15,8,8,0.015726461109519127
345,e_demand,2030,15,9,9,0.16611074546929575
346,e_demand,2030,15,10,10,0.3931615277379781
347,e_demand,2030,15,11,11,0.3931615277379781
348,e_demand,2030,15,12,12,0.3931615277379781
349,e_demand,2030,15,13,13,0.3931615277379782
350,e_demand,2030,15,14,14,0.3931615277379782
351,e_demand,2030,15,15,15,0.3931615277379781
352,e_demand,2030,15,16,16,0.3931615277379781
353,e_demand,2030,15,17,17,0.3931615277379782
354,e_demand,2030,15,18,18,0.3931615277379782
355,e_demand,2030,15,19,19,0.3931615277379782
356,e_demand,2030,15,20,20,0.3931615277379782
357,e_demand,2030,15,21,21,0.3931615277379782
358,e_demand,2030,15,22,22,0.3931615277379781
359,e_demand,2030,15,23,23,0.3931615277379782
360,e_demand,2030,15,24,24,0.3931615277379782
361,e_demand,2030,16,1,1,0.35216990785874963
362,e_demand,2030,16,2,2,0.35216990785874985
363,e_demand,2030,16,3,3,0.35216990785874985
364,e_demand,2030,16,4,4,0.35216990785874963
365,e_demand,2030,16,5,5,0.35216990785874985
366,e_demand,2030,16,6,6,0.35216990785874985
367,e_demand,2030,16,7,7,0.35216990785874985
368,e_demand,2030,16,8,8,0.35216990785874985
369,e_demand,2030,16,9,9,0.35216990785874985
370,e_demand,2030,16,10,10,0.35216990785874985
371,e_demand,2030,16,11,11,0.35216990785874985
372,e_demand,2030,16,12,12,0.35216990785874985
373,e_demand,2030,16,13,13,0.35216990785874985
374,e_demand,2030,16,14,14,0.35216990785874985
375,e_demand,2030,16,15,15,0.35216990785874985
376,e_demand,2030,16,16,16,0.35216990785874985
377,e_demand,2030,16,17,17,0.35216990785874985
378,e_demand,2030,16,18,18,0.35216990785874985
379,e_demand,2030,16,19,19,0.35216990785874985
380,e_demand,2030,16,20,20,0.35216990785874985
381,e_demand,2030,16,21,21,0.35216990785874963
382,e_demand,2030,16,22,22,0.35216990785874985
383,e_demand,2030,16,23,23,0.35216990785874985
384,e_demand,2030,16,24,24,0.35216990785874985
385,e_demand,2030,17,1,1,0.4120370510528309
386,e_demand,2030,17,2,2,0.41203705105283117
387,e_demand,2030,17,3,3,0.41203705105283117
388,e_demand,2030,17,4,4,0.41203705105283117
389,e_demand,2030,17,5,5,0.41203705105283117
390,e_demand,2030,17,6,6,0.41203705105283117
391,e_demand,2030,17,7,7,0.41203705105283117
392,e_demand,2030,17,8,8,0.41203705105283117
393,e_demand,2030,17,9,9,0.41203705105283117
394,e_demand,2030,17,10,10,0.41203705105283117
395,e_demand,2030,17,11,11,0.41203705105283117
396,e_demand,2030,17,12,12,0.41203705105283117
397,e_demand,2030,17,13,13,0.41203705105283117
398,e_demand,2030,17,14,14,0.41203705105283117
399,e_demand,2030,17,15,15,0.41203705105283117
400,e_demand,2030,17,16,16,0.41203705105283117
401,e_demand,2030,17,17,17,0.41203705105283117
402,e_demand,2030,17,18,18,0.41203705105283117
403,e_demand,2030,17,19,19,0.41203705105283117
404,e_demand,2030,17,20,20,0.41203705105283117
405,e_demand,2030,17,21,21,0.41203705105283117
406,e_demand,2030,17,22,22,0.41203705105283117
407,e_demand,2030,17,23,23,0.41203705105283117
408,e_demand,2030,17,24,24,0.41203705105283117
409,e_demand,2030,18,1,1,0.33140024753849895
410,e_demand,2030,18,2,2,0.33140024753849895
411,e_demand,2030,18,3,3,0.33140024753849895
412,e_demand,2030,18,4,4,0.33140024753849895
413,e_demand,2030,18,5,5,0.33140024753849895
414,e_demand,2030,18,6,6,0.33140024753849895
415,e_demand,2030,18,7,7,0.33140024753849895
416,e_demand,2030,18,8,8,0.33140024753849895
417,e_demand,2030,18,9,9,0.33140024753849895
418,e_demand,2030,18,10,10,0.33140024753849895
419,e_demand,2030,18,11,11,0.33140024753849895
420,e_demand,2030,18,12,12,0.33140024753849895
421,e_demand,2030,18,13,13,0.33140024753849895
422,e_demand,2030,18,14,14,0.33140024753849895
423,e_demand,2030,18,15,15,0.33140024753849895
424,e_demand,2030,18,16,16,0.33140024753849895
425,e_demand,2030,18,17,17,0.33140024753849895
426,e_demand,2030,18,18,18,0.33140024753849895
427,e_demand,2030,18,19,19,0.33140024753849895
428,e_demand,2030,18,20,20,0.33140024753849895
429,e_demand,2030,18,21,21,0.33140024753849895
430,e_demand,2030,18,22,22,0.33140024753849895
431,e_demand,2030,18,23,23,0.33140024753849895
432,e_demand,2030,18,24,24,0.33140024753849895
433,e_demand,2030,19,1,1,0.8452963644896896
434,e_demand,2030,19,2,2,0.8452963644896899
435,e_demand,2030,19,3,3,0.8452963644896899
436,e_demand,2030,19,4,4,0.8452963644896899
437,e_demand,2030,19,5,5,0.8452963644896899
438,e_demand,2030,19,6,6,0.8452963644896899
439,e_demand,2030,19,7,7,0.8452963644896899
440,e_demand,2030,19,8,8,0.8452963644896899
441,e_demand,2030,19,9,9,0.8452963644896899
442,e_demand,2030,19,10,10,0.8452963644896899
443,e_demand,2030,19,11,11,0.8452963644896899
444,e_demand,2030,19,12,12,0.8452963644896899
445,e_demand,2030,19,13,13,0.8452963644896899
446,e_demand,2030,19,14,14,0.8452963644896899
447,e_demand,2030,19,15,15,0.8452963644896899
448,e_demand,2030,19,16,16,0.8452963644896899
449,e_demand,2030,19,17,17,0.8452963644896899
450,e_demand,2030,19,18,18,0.8452963644896899
451,e_demand,2030,19,19,19,0.8452963644896899
452,e_demand,2030,19,20,20,0.8452963644896899
453,e_demand,2030,19,21,21,0.8452963644896899
454,e_demand,2030,19,22,22,0.8452963644896899
455,e_demand,2030,19,23,23,0.8452963644896899
456,e_demand,2030,19,24,24,0.8452963644896899
457,e_demand,2030,20,1,1,0.0166326915633009
458,e_demand,2030,20,2,2,0.0166326915633009
459,e_demand,2030,20,3,3,0.0166326915633009
460,e_demand,2030,20,4,4,0.0166326915633009
461,e_demand,2030,20,5,5,0.4158172890825222
462,e_demand,2030,20,6,6,0.4158172890825225
463,e_demand,2030,20,7,7,0.4158172890825222
464,e_demand,2030,20,8,8,0.4158172890825225
465,e_demand,2030,20,9,9,0.4158172890825225
466,e_demand,2030,20,10,10,0.4158172890825225
467,e_demand,2030,20,11,11,0.4158172890825222
468,e_demand,2030,20,12,12,0.4158172890825225
469,e_demand,2030,20,13,13,0.4158172890825225
470,e_demand,2030,20,14,14,0.4158172890825225
471,e_demand,2030,20,15,15,0.4158172890825225
472,e_demand,2030,20,16,16,0.4158172890825225
473,e_demand,2030,20,17,17,0.4158172890825225
474,e_demand,2030,20,18,18,0.4158172890825222
475,e_demand,2030,20,19,19,0.4158172890825225
476,e_demand,2030,20,20,20,0.4158172890825225
477,e_demand,2030,20,21,21,0.4158172890825225
478,e_demand,2030,20,22,22,0.4158172890825225
479,e_demand,2030,20,23,23,0.4158172890825225
480,e_demand,2030,20,24,24,0.4158172890825225
481,e_demand,2030,21,1,1,0.4855132707567027
482,e_demand,2030,21,2,2,0.4855132707567028
483,e_demand,2030,21,3,3,0.4855132707567028
484,e_demand,2030,21,4,4,0.4855132707567028
485,e_demand,2030,21,5,5,0.4855132707567028
486,e_demand,2030,21,6,6,0.4855132707567028
487,e_demand,2030,21,7,7,0.4855132707567028
488,e_demand,2030,21,8,8,0.4855132707567028
489,e_demand,2030,21,9,9,0.4855132707567028
490,e_demand,2030,21,10,10,0.4855132707567028
491,e_demand,2030,21,11,11,0.4855132707567028
492,e_demand,2030,21,12,12,0.4855132707567028
493,e_demand,2030,21,13,13,0.4855132707567028
494,e_demand,2030,21,14,14,0.4855132707567028
495,e_demand,2030,21,15,15,0.4855132707567028
496,e_demand,2030,21,16,16,0.4855132707567028
497,e_demand,2030,21,17,17,0.4855132707567028
498,e_demand,2030,21,18,18,0.4855132707567028
499,e_demand,2030,21,19,19,0.4855132707567028
500,e_demand,2030,21,20,20,0.4855132707567028
501,e_demand,2030,21,21,21,0.4855132707567028
502,e_demand,2030,21,22,22,0.4855132707567028
503,e_demand,2030,21,23,23,0.4855132707567028
504,e_demand,2030,21,24,24,0.4855132707567028
505,e_demand,2030,22,1,1,0.08758403544299175
506,e_demand,2030,22,2,2,0.0875840354429918
507,e_demand,2030,22,3,3,0.0875840354429918
508,e_demand,2030,22,4,4,0.0875840354429918
509,e_demand,2030,22,5,5,0.0875840354429918
510,e_demand,2030,22,6,6,0.0875840354429918
511,e_demand,2030,22,7,7,0.08758403544299175
512,e_demand,2030,22,8,8,0.0875840354429918
513,e_demand,2030,22,9,9,0.0875840354429918
514,e_demand,2030,22,10,10,0.0875840354429918
515,e_demand,2030,22,11,11,0.0875840354429918
516,e_demand,2030,22,12,12,0.08758403544299175
517,e_demand,2030,22,13,13,0.0875840354429918
518,e_demand,2030,22,14,14,0.08758403544299175
519,e_demand,2030,22,15,15,0.0875840354429918
520,e_demand,2030,22,16,16,0.0875840354429918
521,e_demand,2030,22,17,17,0.08758403544299175
522,e_demand,2030,22,18,18,0.0875840354429918
523,e_demand,2030,22,19,19,0.08758403544299175
524,e_demand,2030,22,20,20,0.08758403544299175
525,e_demand,2030,22,21,21,0.08758403544299175
526,e_demand,2030,22,22,22,0.0875840354429918
527,e_demand,2030,22,23,23,0.0875840354429918
528,e_demand,2030,22,24,24,0.0875840354429918
529,e_demand,2030,23,1,1,0.2611663901570121
530,e_demand,2030,23,2,2,0.26116639015701215
531,e_demand,2030,23,3,3,0.26116639015701215
532,e_demand,2030,23,4,4,0.26116639015701215
533,e_demand,2030,23,5,5,0.26116639015701215
534,e_demand,2030,23,6,6,0.26116639015701215
535,e_demand,2030,23,7,7,0.26116639015701215
536,e_demand,2030,23,8,8,0.26116639015701215
537,e_demand,2030,23,9,9,0.26116639015701215
538,e_demand,2030,23,10,10,0.2611663901570121
539,e_demand,2030,23,11,11,0.26116639015701215
540,e_demand,2030,23,12,12,0.26116639015701215
541,e_demand,2030,23,13,13,0.26116639015701215
542,e_demand,2030,23,14,14,0.26116639015701215
543,e_demand,2030,23,15,15,0.26116639015701215
544,e_demand,2030,23,16,16,0.2611663901570121
545,e_demand,2030,23,17,17,0.26116639015701215
546,e_demand,2030,23,18,18,0.26116639015701215
547,e_demand,2030,23,19,19,0.26116639015701215
548,e_demand,2030,23,20,20,0.26116639015701215
549,e_demand,2030,23,21,21,0.26116639015701215
550,e_demand,2030,23,22,22,0.26116639015701215
551,e_demand,2030,23,23,23,0.26116639015701215
552,e_demand,2030,23,24,24,0.26116639015701215
553,e_demand,2030,24,1,1,1.2574949530119772
554,e_demand,2030,24,2,2,1.2574949530119774
555,e_demand,2030,24,3,3,1.2574949530119772
556,e_demand,2030,24,4,4,1.2574949530119774
557,e_demand,2030,24,5,5,0.5312916176475603
558,e_demand,2030,24,6,6,0.050299798120479106
559,e_demand,2030,24,7,7,0.050299798120479106
560,e_demand,2030,24,8,8,1.2574949530119774
561,e_demand,2030,24,9,9,1.2574949530119772
562,e_demand,2030,24,10,10,1.2574949530119774
563,e_demand,2030,24,11,11,1.2574949530119774
564,e_demand,2030,24,12,12,1.2574949530119774
565,e_demand,2030,24,13,13,1.2574949530119772
566,e_demand,2030,24,14,14,1.2574949530119774
567,e_demand,2030,24,15,15,0.050299798120479106
568,e_demand,2030,24,16,16,0.050299798120479106
569,e_demand,2030,24,17,17,0.050299798120479106
570,e_demand,2030,24,18,18,0.5312916176475604
571,e_demand,2030,24,19,19,1.2574949530119774
572,e_demand,2030,24,20,20,1.2574949530119774
573,e_demand,2030,24,21,21,1.2574949530119774
574,e_demand,2030,24,22,22,1.2574949530119774
575,e_demand,2030,24,23,23,1.2574949530119774
576,e_demand,2030,24,24,24,1.2574949530119774
577,e_demand,2030,25,1,1,0.11186383213658307
578,e_demand,2030,25,2,2,0.11186383213658307
579,e_demand,2030,25,3,3,0.11186383213658307
580,e_demand,2030,25,4,4,0.11186383213658307
581,e_demand,2030,25,5,5,0.11186383213658307
582,e_demand,2030,25,6,6,0.004474553285463322
583,e_demand,2030,25,7,7,0.11186383213658307
584,e_demand,2030,25,8,8,0.11186383213658307
585,e_demand,2030,25,9,9,0.11186383213658307
586,e_demand,2030,25,10,10,0.11186383213658307
587,e_demand,2030,25,11,11,0.11186383213658307
588,e_demand,2030,25,12,12,0.11186383213658307
589,e_demand,2030,25,13,13,0.11186383213658307
590,e_demand,2030,25,14,14,0.11186383213658307
591,e_demand,2030,25,15,15,0.11186383213658307
592,e_demand,2030,25,16,16,0.11186383213658307
593,e_demand,2030,25,17,17,0.11186383213658307
594,e_demand,2030,25,18,18,0.11186383213658307
595,e_demand,2030,25,19,19,0.11186383213658307
596,e_demand,2030,25,20,20,0.11186383213658307
597,e_demand,2030,25,21,21,0.11186383213658307
598,e_demand,2030,25,22,22,0.11186383213658307
599,e_demand,2030,25,23,23,0.11186383213658307
600,e_demand,2030,25,24,24,0.11186383213658307
601,e_demand,2030,26,1,1,0.8556066748227441
602,e_demand,2030,26,2,2,0.8556066748227441
603,e_demand,2030,26,3,3,0.8556066748227441
604,e_demand,2030,26,4,4,0.8556066748227441
605,e_demand,2030,26,5,5,0.8556066748227441
606,e_demand,2030,26,6,6,0.8556066748227441
607,e_demand,2030,26,7,7,0.8556066748227441
608,e_demand,2030,26,8,8,0.8556066748227441
609,e_demand,2030,26,9,9,0.8556066748227441
610,e_demand,2030,26,10,10,0.8556066748227441
611,e_demand,2030,26,11,11,0.8556066748227441
612,e_demand,2030,26,12,12,0.8556066748227441
613,e_demand,2030,26,13,13,0.8556066748227441
614,e_demand,2030,26,14,14,0.8556066748227441
615,e_demand,2030,26,15,15,0.8556066748227441
616,e_demand,2030,26,16,16,0.8556066748227441
617,e_demand,2030,26,17,17,0.8556066748227441
618,e_demand,2030,26,18,18,0.8556066748227441
619,e_demand,2030,26,19,19,0.8556066748227441
620,e_demand,2030,26,20,20,0.8556066748227441
621,e_demand,2030,26,21,21,0.8556066748227441
622,e_demand,2030,26,22,22,0.8556066748227441
623,e_demand,2030,26,23,23,0.8556066748227441
624,e_demand,2030,26,24,24,0.8556066748227441
625,e_demand,2030,27,1,1,0.060089088769868924
626,e_demand,2030,27,2,2,0.060089088769868924
627,e_demand,2030,27,3,3,0.060089088769868924
628,e_demand,2030,27,4,4,0.060089088769868924
629,e_demand,2030,27,5,5,0.0024035635507947566
630,e_demand,2030,27,6,6,0.060089088769868924
631,e_demand,2030,27,7,7,0.0024035635507947566
632,e_demand,2030,27,8,8,0.060089088769868924
633,e_demand,2030,27,9,9,0.060089088769868924
634,e_demand,2030,27,10,10,0.060089088769868924
635,e_demand,2030,27,11,11,0.060089088769868924
636,e_demand,2030,27,12,12,0.060089088769868924
637,e_demand,2030,27,13,13,0.060089088769868924
638,e_demand,2030,27,14,14,0.060089088769868924
639,e_demand,2030,27,15,15,0.060089088769868924
640,e_demand,2030,27,16,16,0.060089088769868924
641,e_demand,2030,27,17,17,0.060089088769868924
642,e_demand,2030,27,18,18,0.060089088769868924
643,e_demand,2030,27,19,19,0.060089088769868924
644,e_demand,2030,27,20,20,0.060089088769868924
645,e_demand,2030,27,21,21,0.060089088769868924
646,e_demand,2030,27,22,22,0.060089088769868924
647,e_demand,2030,27,23,23,0.060089088769868924
648,e_demand,2030,27,24,24,0.060089088769868924
649,e_demand,2030,28,1,1,1.2068719905944991
650,e_demand,2030,28,2,2,1.2068719905944991
651,e_demand,2030,28,3,3,1.2068719905944991
652,e_demand,2030,28,4,4,1.2068719905944991
653,e_demand,2030,28,5,5,1.2068719905944991
654,e_demand,2030,28,6,6,0.509903416026176
655,e_demand,2030,28,7,7,0.6004265295278135
656,e_demand,2030,28,8,8,1.2068719905944991
657,e_demand,2030,28,9,9,1.2068719905944991
658,e_demand,2030,28,10,10,1.2068719905944991
659,e_demand,2030,28,11,11,1.2068719905944991
660,e_demand,2030,28,12,12,1.2068719905944991
661,e_demand,2030,28,13,13,1.2068719905944991
662,e_demand,2030,28,14,14,1.2068719905944991
663,e_demand,2030,28,15,15,1.2068719905944991
664,e_demand,2030,28,16,16,1.2068719905944991
665,e_demand,2030,28,17,17,1.2068719905944991
666,e_demand,2030,28,18,18,1.2068719905944991
667,e_demand,2030,28,19,19,1.2068719905944991
668,e_demand,2030,28,20,20,1.2068719905944991
669,e_demand,2030,28,21,21,1.2068719905944991
670,e_demand,2030,28,22,22,1.2068719905944991
671,e_demand,2030,28,23,23,1.2068719905944991
672,e_demand,2030,28,24,24,1.2068719905944991
673,e_demand,2030,29,1,1,0.0448627709389278
674,e_demand,2030,29,2,2,0.0448627709389278
675,e_demand,2030,29,3,3,0.0448627709389278
676,e_demand,2030,29,4,4,0.06280787931449892
677,e_demand,2030,29,5,5,0.4322640455737836
678,e_demand,2030,29,6,6,0.1826315592549236
679,e_demand,2030,29,7,7,0.4322640455737835
680,e_demand,2030,29,8,8,0.4322640455737835
681,e_demand,2030,29,9,9,0.4322640455737835
682,e_demand,2030,29,10,10,0.4322640455737835
683,e_demand,2030,29,11,11,0.4322640455737835
684,e_demand,2030,29,12,12,0.4322640455737835
685,e_demand,2030,29,13,13,0.4322640455737835
686,e_demand,2030,29,14,14,0.4322640455737835
687,e_demand,2030,29,15,15,0.4322640455737835
688,e_demand,2030,29,16,16,0.4322640455737835
689,e_demand,2030,29,17,17,0.4322640455737835
690,e_demand,2030,29,18,18,0.0448627709389278
691,e_demand,2030,29,19,19,0.0448627709389278
692,e_demand,2030,29,20,20,0.0448627709389278
693,e_demand,2030,29,21,21,0.0448627709389278
694,e_demand,2030,29,22,22,0.0448627709389278
695,e_demand,2030,29,23,23,0.0448627709389278
696,e_demand,2030,29,24,24,0.0448627709389278
697,e_demand,2030,30,1,1,0.11323113053847243
698,e_demand,2030,30,2,2,0.11323113053847243
699,e_demand,2030,30,3,3,0.11323113053847243
700,e_demand,2030,30,4,4,0.11323113053847243
701,e_demand,2030,30,5,5,0.11323113053847243
702,e_demand,2030,30,6,6,0.11323113053847243
703,e_demand,2030,30,7,7,0.11323113053847243
704,e_demand,2030,30,8,8,0.11323113053847243
705,e_demand,2030,30,9,9,0.11323113053847243
706,e_demand,2030,30,10,10,0.11323113053847243
707,e_demand,2030,30,11,11,0.11323113053847243
708,e_demand,2030,30,12,12,0.15852358275386141
709,e_demand,2030,30,13,13,0.460951864845583
710,e_demand,2030,30,14,14,0.460951864845583
711,e_demand,2030,30,15,15,1.0910103309954629
712,e_demand,2030,30,16,16,1.0910103309954629
713,e_demand,2030,30,17,17,1.0910103309954626
714,e_demand,2030,30,18,18,1.0910103309954629
715,e_demand,2030,30,19,19,1.0910103309954626
716,e_demand,2030,30,20,20,1.0910103309954629
717,e_demand,2030,30,21,21,1.0910103309954629
718,e_demand,2030,30,22,22,0.15852358275386141
719,e_demand,2030,30,23,23,0.11323113053847243
720,e_demand,2030,30,24,24,0.11323113053847243
721,e_demand,2030,31,1,1,0.024219911201239383
722,e_demand,2030,31,2,2,0.024219911201239383
723,e_demand,2030,31,3,3,0.024219911201239383
724,e_demand,2030,31,4,4,0.024219911201239383
725,e_demand,2030,31,5,5,0.024219911201239383
726,e_demand,2030,31,6,6,0.024219911201239383
727,e_demand,2030,31,7,7,0.024219911201239383
728,e_demand,2030,31,8,8,0.024219911201239383
729,e_demand,2030,31,9,9,0.23336491661510686
730,e_demand,2030,31,10,10,0.23336491661510683
731,e_demand,2030,31,11,11,0.23336491661510686
732,e_demand,2030,31,12,12,0.23336491661510683
733,e_demand,2030,31,13,13,0.23336491661510683
734,e_demand,2030,31,14,14,0.23336491661510686
735,e_demand,2030,31,15,15,0.03390787568173514
736,e_demand,2030,31,16,16,0.024219911201239383
737,e_demand,2030,31,17,17,0.024219911201239383
738,e_demand,2030,31,18,18,0.024219911201239383
739,e_demand,2030,31,19,19,0.024219911201239383
740,e_demand,2030,31,20,20,0.024219911201239383
741,e_demand,2030,31,21,21,0.024219911201239383
742,e_demand,2030,31,22,22,0.024219911201239383
743,e_demand,2030,31,23,23,0.024219911201239383
744,e_demand,2030,31,24,24,0.024219911201239383
745,e_demand,2030,32,1,1,0.12346735189913333
746,e_demand,2030,32,2,2,0.12346735189913333
747,e_demand,2030,32,3,3,0.12346735189913333
748,e_demand,2030,32,4,4,0.12346735189913333
749,e_demand,2030,32,5,5,0.12346735189913333
750,e_demand,2030,32,6,6,0.12346735189913333
751,e_demand,2030,32,7,7,0.12346735189913333
752,e_demand,2030,32,8,8,0.12346735189913333
753,e_demand,2030,32,9,9,0.12346735189913333
754,e_demand,2030,32,10,10,0.12346735189913333
755,e_demand,2030,32,11,11,0.12346735189913333
756,e_demand,2030,32,12,12,0.12346735189913333
757,e_demand,2030,32,13,13,0.12346735189913333
758,e_demand,2030,32,14,14,0.12346735189913333
759,e_demand,2030,32,15,15,0.12346735189913333
760,e_demand,2030,32,16,16,0.12346735189913333
761,e_demand,2030,32,17,17,0.12346735189913333
762,e_demand,2030,32,18,18,0.12346735189913333
763,e_demand,2030,32,19,19,0.12346735189913333
764,e_demand,2030,32,20,20,0.12346735189913333
765,e_demand,2030,32,21,21,0.12346735189913333
766,e_demand,2030,32,22,22,0.12346735189913333
767,e_demand,2030,32,23,23,0.12346735189913333
768,e_demand,2030,32,24,24,0.12346735189913333
769,e_demand,2030,33,1,1,0.09491070803102998
770,e_demand,2030,33,2,2,0.09491070803102998
771,e_demand,2030,33,3,3,0.09491070803102998
772,e_demand,2030,33,4,4,0.09491070803102998
773,e_demand,2030,33,5,5,0.09491070803102998
774,e_demand,2030,33,6,6,0.09491070803102998
775,e_demand,2030,33,7,7,0.09491070803102998
776,e_demand,2030,33,8,8,0.09491070803102998
777,e_demand,2030,33,9,9,0.3863713773117658
778,e_demand,2030,33,10,10,0.914488467010096
779,e_demand,2030,33,11,11,0.914488467010096
780,e_demand,2030,33,12,12,0.914488467010096
781,e_demand,2030,33,13,13,0.914488467010096
782,e_demand,2030,33,14,14,0.914488467010096
783,e_demand,2030,33,15,15,0.914488467010096
784,e_demand,2030,33,16,16,0.914488467010096
785,e_demand,2030,33,17,17,0.914488467010096
786,e_demand,2030,33,18,18,0.914488467010096
787,e_demand,2030,33,19,19,0.914488467010096
788,e_demand,2030,33,20,20,0.914488467010096
789,e_demand,2030,33,21,21,0.914488467010096
790,e_demand,2030,33,22,22,0.914488467010096
791,e_demand,2030,33,23,23,0.914488467010096
792,e_demand,2030,33,24,24,0.914488467010096
793,e_demand,2030,34,1,1,0.0793940737656735
794,e_demand,2030,34,2,2,0.0793940737656735
795,e_demand,2030,34,3,3,0.0793940737656735
796,e_demand,2030,34,4,4,0.0793940737656735
797,e_demand,2030,34,5,5,0.0793940737656735
798,e_demand,2030,34,6,6,0.0793940737656735
799,e_demand,2030,34,7,7,0.0793940737656735
800,e_demand,2030,34,8,8,0.0793940737656735
801,e_demand,2030,34,9,9,0.0793940737656735
802,e_demand,2030,34,10,10,0.0793940737656735
803,e_demand,2030,34,11,11,0.0793940737656735
804,e_demand,2030,34,12,12,0.0793940737656735
805,e_demand,2030,34,13,13,0.0793940737656735
806,e_demand,2030,34,14,14,0.0793940737656735
807,e_demand,2030,34,15,15,0.0793940737656735
808,e_demand,2030,34,16,16,0.0793940737656735
809,e_demand,2030,34,17,17,0.0793940737656735
810,e_demand,2030,34,18,18,0.0793940737656735
811,e_demand,2030,34,19,19,0.11115170327194292
812,e_demand,2030,34,20,20,0.11115170327194292
813,e_demand,2030,34,21,21,0.0793940737656735
814,e_demand,2030,34,22,22,0.0793940737656735
815,e_demand,2030,34,23,23,0.0793940737656735
816,e_demand,2030,34,24,24,0.0793940737656735
817,e_demand,2030,35,1,1,0.014246266046048225
818,e_demand,2030,35,2,2,0.014246266046048225
819,e_demand,2030,35,3,3,0.014246266046048225
820,e_demand,2030,35,4,4,0.014246266046048225
821,e_demand,2030,35,5,5,0.014246266046048225
822,e_demand,2030,35,6,6,0.014246266046048225
823,e_demand,2030,35,7,7,0.05799503078158382
824,e_demand,2030,35,8,8,0.13726634504516871
825,e_demand,2030,35,9,9,0.13726634504516871
826,e_demand,2030,35,10,10,0.13726634504516871
827,e_demand,2030,35,11,11,0.13726634504516871
828,e_demand,2030,35,12,12,0.13726634504516871
829,e_demand,2030,35,13,13,0.1372663450451688
830,e_demand,2030,35,14,14,0.014246266046048225
831,e_demand,2030,35,15,15,0.014246266046048225
832,e_demand,2030,35,16,16,0.014246266046048225
833,e_demand,2030,35,17,17,0.014246266046048225
834,e_demand,2030,35,18,18,0.014246266046048225
835,e_demand,2030,35,19,19,0.014246266046048225
836,e_demand,2030,35,20,20,0.014246266046048225
837,e_demand,2030,35,21,21,0.014246266046048225
838,e_demand,2030,35,22,22,0.014246266046048225
839,e_demand,2030,35,23,23,0.014246266046048225
840,e_demand,2030,35,24,24,0.014246266046048225
841,e_demand,2030,36,1,1,0.061362595000054025
842,e_demand,2030,36,2,2,0.061362595000054025
843,e_demand,2030,36,3,3,0.061362595000054025
844,e_demand,2030,36,4,4,0.061362595000054025
845,e_demand,2030,36,5,5,0.061362595000054025
846,e_demand,2030,36,6,6,0.061362595000054025
847,e_demand,2030,36,7,7,0.061362595000054025
848,e_demand,2030,36,8,8,0.061362595000054025
849,e_demand,2030,36,9,9,0.061362595000054025
850,e_demand,2030,36,10,10,0.061362595000054025
851,e_demand,2030,36,11,11,0.061362595000054025
852,e_demand,2030,36,12,12,0.061362595000054025
853,e_demand,2030,36,13,13,0.061362595000054025
854,e_demand,2030,36,14,14,0.061362595000054025
855,e_demand,2030,36,15,15,0.061362595000054025
856,e_demand,2030,36,16,16,0.061362595000054025
857,e_demand,2030,36,17,17,0.061362595000054025
858,e_demand,2030,36,18,18,0.061362595000054025
859,e_demand,2030,36,19,19,0.061362595000054025
860,e_demand,2030,36,20,20,0.061362595000054025
861,e_demand,2030,36,21,21,0.061362595000054025
862,e_demand,2030,36,22,22,0.061362595000054025
863,e_demand,2030,36,23,23,0.061362595000054025
864,e_demand,2030,36,24,24,0.061362595000054025
865,e_demand,2030,37,1,1,0.07609379533756615
866,e_demand,2030,37,2,2,0.07609379533756615
867,e_demand,2030,37,3,3,0.07609379533756615
868,e_demand,2030,37,4,4,0.07609379533756615
869,e_demand,2030,37,5,5,0.07609379533756615
870,e_demand,2030,37,6,6,0.07609379533756615
871,e_demand,2030,37,7,7,0.07609379533756615
872,e_demand,2030,37,8,8,0.7331827956070059
873,e_demand,2030,37,9,9,0.7331827956070059
874,e_demand,2030,37,10,10,0.7331827956070059
875,e_demand,2030,37,11,11,0.7331827956070059
876,e_demand,2030,37,12,12,0.7331827956070059
877,e_demand,2030,37,13,13,0.7331827956070059
878,e_demand,2030,37,14,14,0.7331827956070059
879,e_demand,2030,37,15,15,0.7331827956070059
880,e_demand,2030,37,16,16,0.733182795607006
881,e_demand,2030,37,17,17,0.10653131347259262
882,e_demand,2030,37,18,18,0.3097697311439601
883,e_demand,2030,37,19,19,0.7331827956070059
884,e_demand,2030,37,20,20,0.7331827956070059
885,e_demand,2030,37,21,21,0.07609379533756615
886,e_demand,2030,37,22,22,0.07609379533756615
887,e_demand,2030,37,23,23,0.07609379533756615
888,e_demand,2030,37,24,24,0.07609379533756615
889,e_demand,2030,38,1,1,0.19992660748601568
890,e_demand,2030,38,2,2,0.1999266074860157
891,e_demand,2030,38,3,3,0.08446899166284165
892,e_demand,2030,38,4,4,0.08446899166284165
893,e_demand,2030,38,5,5,0.1999266074860157
894,e_demand,2030,38,6,6,0.08446899166284165
895,e_demand,2030,38,7,7,0.029049296057160775
896,e_demand,2030,38,8,8,0.1999266074860157
897,e_demand,2030,38,9,9,0.19992660748601568
898,e_demand,2030,38,10,10,0.19992660748601568
899,e_demand,2030,38,11,11,0.1999266074860157
900,e_demand,2030,38,12,12,0.19992660748601568
901,e_demand,2030,38,13,13,0.19992660748601568
902,e_demand,2030,38,14,14,0.029049296057160775
903,e_demand,2030,38,15,15,0.029049296057160775
904,e_demand,2030,38,16,16,0.02074949718368627
905,e_demand,2030,38,17,17,0.02074949718368627
906,e_demand,2030,38,18,18,0.02074949718368627
907,e_demand,2030,38,19,19,0.02074949718368627
908,e_demand,2030,38,20,20,0.02074949718368627
909,e_demand,2030,38,21,21,0.02074949718368627
910,e_demand,2030,38,22,22,0.02074949718368627
911,e_demand,2030,38,23,23,0.02074949718368627
912,e_demand,2030,38,24,24,0.02074949718368627
913,e_demand,2030,39,1,1,0.0549481494965429
914,e_demand,2030,39,2,2,0.0549481494965429
915,e_demand,2030,39,3,3,0.0549481494965429
916,e_demand,2030,39,4,4,0.0549481494965429
917,e_demand,2030,39,5,5,0.0549481494965429
918,e_demand,2030,39,6,6,0.0549481494965429
919,e_demand,2030,39,7,7,0.0549481494965429
920,e_demand,2030,39,8,8,0.0549481494965429
921,e_demand,2030,39,9,9,0.0549481494965429
922,e_demand,2030,39,10,10,0.0549481494965429
923,e_demand,2030,39,11,11,0.0549481494965429
924,e_demand,2030,39,12,12,0.0549481494965429
925,e_demand,2030,39,13,13,0.0549481494965429
926,e_demand,2030,39,14,14,0.0549481494965429
927,e_demand,2030,39,15,15,0.0549481494965429
928,e_demand,2030,39,16,16,0.0549481494965429
929,e_demand,2030,39,17,17,0.0549481494965429
930,e_demand,2030,39,18,18,0.0549481494965429
931,e_demand,2030,39,19,19,0.0549481494965429
932,e_demand,2030,39,20,20,0.0549481494965429
933,e_demand,2030,39,21,21,0.0549481494965429
934,e_demand,2030,39,22,22,0.0549481494965429
935,e_demand,2030,39,23,23,0.0549481494965429
936,e_demand,2030,39,24,24,0.0549481494965429
937,e_demand,2030,40,1,1,0.3428046263008143
938,e_demand,2030,40,2,2,0.3428046263008144
939,e_demand,2030,40,3,3,0.3428046263008144
940,e_demand,2030,40,4,4,0.3428046263008144
941,e_demand,2030,40,5,5,0.3428046263008144
942,e_demand,2030,40,6,6,0.3428046263008144
943,e_demand,2030,40,7,7,0.3428046263008144
944,e_demand,2030,40,8,8,0.3428046263008143
945,e_demand,2030,40,9,9,0.3428046263008143
946,e_demand,2030,40,10,10,0.3428046263008143
947,e_demand,2030,40,11,11,0.3428046263008143
948,e_demand,2030,40,12,12,0.3428046263008143
949,e_demand,2030,40,13,13,0.3428046263008144
950,e_demand,2030,40,14,14,0.3428046263008143
951,e_demand,2030,40,15,15,0.3428046263008143
952,e_demand,2030,40,16,16,0.04980944359731244
953,e_demand,2030,40,17,17,0.03557817399808032
954,e_demand,2030,40,18,18,0.03557817399808032
955,e_demand,2030,40,19,19,0.03557817399808032
956,e_demand,2030,40,20,20,0.03557817399808032
957,e_demand,2030,40,21,21,0.03557817399808032
958,e_demand,2030,40,22,22,0.03557817399808032
959,e_demand,2030,40,23,23,0.03557817399808032
960,e_demand,2030,40,24,24,0.03557817399808032
961,e_demand,2030,41,1,1,0.036633617875669724
962,e_demand,2030,41,2,2,0.036633617875669724
963,e_demand,2030,41,3,3,0.036633617875669724
964,e_demand,2030,41,4,4,0.036633617875669724
965,e_demand,2030,41,5,5,0.036633617875669724
966,e_demand,2030,41,6,6,0.036633617875669724
967,e_demand,2030,41,7,7,0.036633617875669724
968,e_demand,2030,41,8,8,0.036633617875669724
969,e_demand,2030,41,9,9,0.036633617875669724
970,e_demand,2030,41,10,10,0.036633617875669724
971,e_demand,2030,41,11,11,0.036633617875669724
972,e_demand,2030,41,12,12,0.036633617875669724
973,e_demand,2030,41,13,13,0.036633617875669724
974,e_demand,2030,41,14,14,0.036633617875669724
975,e_demand,2030,41,15,15,0.036633617875669724
976,e_demand,2030,41,16,16,0.036633617875669724
977,e_demand,2030,41,17,17,0.036633617875669724
978,e_demand,2030,41,18,18,0.036633617875669724
979,e_demand,2030,41,19,19,0.036633617875669724
980,e_demand,2030,41,20,20,0.036633617875669724
981,e_demand,2030,41,21,21,0.036633617875669724
982,e_demand,2030,41,22,22,0.036633617875669724
983,e_demand,2030,41,23,23,0.036633617875669724
984,e_demand,2030,41,24,24,0.036633617875669724
985,e_demand,2030,42,1,1,0.019345432632621375
986,e_demand,2030,42,2,2,0.019345432632621375
987,e_demand,2030,42,3,3,0.019345432632621375
988,e_demand,2030,42,4,4,0.019345432632621375
989,e_demand,2030,42,5,5,0.019345432632621375
990,e_demand,2030,42,6,6,0.019345432632621375
991,e_demand,2030,42,7,7,0.019345432632621375
992,e_demand,2030,42,8,8,0.019345432632621375
993,e_demand,2030,42,9,9,0.019345432632621375
994,e_demand,2030,42,10,10,0.019345432632621375
995,e_demand,2030,42,11,11,0.019345432632621375
996,e_demand,2030,42,12,12,0.019345432632621375
997,e_demand,2030,42,13,13,0.019345432632621375
998,e_demand,2030,42,14,14,0.019345432632621375
999,e_demand,2030,42,15,15,0.019345432632621375
1000,e_demand,2030,42,16,16,0.019345432632621375
1001,e_demand,2030,42,17,17,0.019345432632621375
1002,e_demand,2030,42,18,18,0.019345432632621375
1003,e_demand,2030,42,19,19,0.019345432632621375
1004,e_demand,2030,42,20,20,0.019345432632621375
1005,e_demand,2030,42,21,21,0.019345432632621375
1006,e_demand,2030,42,22,22,0.0007738173053048551
1007,e_demand,2030,42,23,23,0.0007738173053048551
1008,e_demand,2030,42,24,24,0.0007738173053048551
1009,e_demand,2030,43,1,1,0.08017752772658227
1010,e_demand,2030,43,2,2,0.08017752772658227
1011,e_demand,2030,43,3,3,0.08017752772658227
1012,e_demand,2030,43,4,4,0.08017752772658227
1013,e_demand,2030,43,5,5,0.08017752772658227
1014,e_demand,2030,43,6,6,0.08017752772658227
1015,e_demand,2030,43,7,7,0.08017752772658227
1016,e_demand,2030,43,8,8,0.08017752772658227
1017,e_demand,2030,43,9,9,0.08017752772658227
1018,e_demand,2030,43,10,10,0.08017752772658227
1019,e_demand,2030,43,11,11,0.08017752772658227
1020,e_demand,2030,43,12,12,0.08017752772658227
1021,e_demand,2030,43,13,13,0.08017752772658227
1022,e_demand,2030,43,14,14,0.08017752772658227
1023,e_demand,2030,43,15,15,0.11224853881721517
1024,e_demand,2030,43,16,16,0.2708415345509407
1025,e_demand,2030,43,17,17,0.32639417047699043
1026,e_demand,2030,43,18,18,0.7725305810106281
1027,e_demand,2030,43,19,19,0.7725305810106281
1028,e_demand,2030,43,20,20,0.7725305810106281
1029,e_demand,2030,43,21,21,0.7725305810106281
1030,e_demand,2030,43,22,22,0.7725305810106282
1031,e_demand,2030,43,23,23,0.08017752772658227
1032,e_demand,2030,43,24,24,0.08017752772658227
1033,e_demand,2030,44,1,1,0.1071407274100982
1034,e_demand,2030,44,2,2,0.1071407274100982
1035,e_demand,2030,44,3,3,0.1071407274100982
1036,e_demand,2030,44,4,4,0.1071407274100982
1037,e_demand,2030,44,5,5,0.1071407274100982
1038,e_demand,2030,44,6,6,0.1071407274100982
1039,e_demand,2030,44,7,7,0.1071407274100982
1040,e_demand,2030,44,8,8,0.14999701837413748
1041,e_demand,2030,44,9,9,1.0323277699242766
1042,e_demand,2030,44,10,10,1.0323277699242766
1043,e_demand,2030,44,11,11,1.0323277699242766
1044,e_demand,2030,44,12,12,0.4361584827930069
1045,e_demand,2030,44,13,13,0.14999701837413748
1046,e_demand,2030,44,14,14,0.14999701837413748
1047,e_demand,2030,44,15,15,0.1071407274100982
1048,e_demand,2030,44,16,16,0.1071407274100982
1049,e_demand,2030,44,17,17,0.1071407274100982
1050,e_demand,2030,44,18,18,0.1071407274100982
1051,e_demand,2030,44,19,19,0.1071407274100982
1052,e_demand,2030,44,20,20,0.1071407274100982
1053,e_demand,2030,44,21,21,0.1071407274100982
1054,e_demand,2030,44,22,22,0.1071407274100982
1055,e_demand,2030,44,23,23,0.1071407274100982
1056,e_demand,2030,44,24,24,0.1071407274100982
1057,e_demand,2030,45,1,1,0.07478491966510795
1058,e_demand,2030,45,2,2,0.07478491966510795
1059,e_demand,2030,45,3,3,0.07478491966510795
1060,e_demand,2030,45,4,4,0.07478491966510795
1061,e_demand,2030,45,5,5,0.07478491966510795
1062,e_demand,2030,45,6,6,0.07478491966510795
1063,e_demand,2030,45,7,7,0.07478491966510795
1064,e_demand,2030,45,8,8,0.07478491966510795
1065,e_demand,2030,45,9,9,0.07478491966510795
1066,e_demand,2030,45,10,10,0.07478491966510795
1067,e_demand,2030,45,11,11,0.07478491966510795
1068,e_demand,2030,45,12,12,0.07478491966510795
1069,e_demand,2030,45,13,13,0.07478491966510795
1070,e_demand,2030,45,14,14,0.07478491966510795
1071,e_demand,2030,45,15,15,0.07478491966510795
1072,e_demand,2030,45,16,16,0.07478491966510795
1073,e_demand,2030,45,17,17,0.07478491966510795
1074,e_demand,2030,45,18,18,0.0029913967866043176
1075,e_demand,2030,45,19,19,0.0029913967866043176
1076,e_demand,2030,45,20,20,0.07478491966510795
1077,e_demand,2030,45,21,21,0.07478491966510795
1078,e_demand,2030,45,22,22,0.07478491966510795
1079,e_demand,2030,45,23,23,0.07478491966510795
1080,e_demand,2030,45,24,24,0.07478491966510795
1081,e_demand,2030,46,1,1,0.06195363745064084
1082,e_demand,2030,46,2,2,0.06195363745064084
1083,e_demand,2030,46,3,3,0.06195363745064084
1084,e_demand,2030,46,4,4,0.06195363745064084
1085,e_demand,2030,46,5,5,0.06195363745064084
1086,e_demand,2030,46,6,6,0.06195363745064084
1087,e_demand,2030,46,7,7,0.06195363745064084
1088,e_demand,2030,46,8,8,0.06195363745064084
1089,e_demand,2030,46,9,9,0.08673509243089718
1090,e_demand,2030,46,10,10,0.5969388292774389
1091,e_demand,2030,46,11,11,0.5969388292774388
1092,e_demand,2030,46,12,12,0.08673509243089718
1093,e_demand,2030,46,13,13,0.252206655369718
1094,e_demand,2030,46,14,14,0.06195363745064084
1095,e_demand,2030,46,15,15,0.06195363745064084
1096,e_demand,2030,46,16,16,0.06195363745064084
1097,e_demand,2030,46,17,17,0.06195363745064084
1098,e_demand,2030,46,18,18,0.06195363745064084
1099,e_demand,2030,46,19,19,0.06195363745064084
1100,e_demand,2030,46,20,20,0.06723275256366568
1101,e_demand,2030,46,21,21,0.06195363745064084
1102,e_demand,2030,46,22,22,0.06195363745064084
1103,e_demand,2030,46,23,23,0.06195363745064084
1104,e_demand,2030,46,24,24,0.06195363745064084
1105,e_demand,2030,47,1,1,0.12370362599225561
1106,e_demand,2030,47,2,2,0.12370362599225561
1107,e_demand,2030,47,3,3,0.12370362599225561
1108,e_demand,2030,47,4,4,0.12370362599225561
1109,e_demand,2030,47,5,5,0.12370362599225561
1110,e_demand,2030,47,6,6,0.12370362599225561
1111,e_demand,2030,47,7,7,0.12370362599225561
1112,e_demand,2030,47,8,8,1.191915450259448
1113,e_demand,2030,47,9,9,1.191915450259448
1114,e_demand,2030,47,10,10,1.191915450259448
1115,e_demand,2030,47,11,11,1.191915450259448
1116,e_demand,2030,47,12,12,1.191915450259448
1117,e_demand,2030,47,13,13,1.191915450259448
1118,e_demand,2030,47,14,14,1.191915450259448
1119,e_demand,2030,47,15,15,1.191915450259448
1120,e_demand,2030,47,16,16,1.191915450259448
1121,e_demand,2030,47,17,17,1.191915450259448
1122,e_demand,2030,47,18,18,1.191915450259448
1123,e_demand,2030,47,19,19,1.191915450259448
1124,e_demand,2030,47,20,20,1.191915450259448
1125,e_demand,2030,47,21,21,1.191915450259448
1126,e_demand,2030,47,22,22,0.17318507638915787
1127,e_demand,2030,47,23,23,1.191915450259448
1128,e_demand,2030,47,24,24,0.5035842777346168
1129,e_demand,2030,48,1,1,0.05185242341317317
1130,e_demand,2030,48,2,2,0.05185242341317317
1131,e_demand,2030,48,3,3,0.05185242341317317
1132,e_demand,2030,48,4,4,0.05185242341317317
1133,e_demand,2030,48,5,5,0.05185242341317317
1134,e_demand,2030,48,6,6,0.05185242341317317
1135,e_demand,2030,48,7,7,0.05185242341317317
1136,e_demand,2030,48,8,8,0.05185242341317317
1137,e_demand,2030,48,9,9,0.05185242341317317
1138,e_demand,2030,48,10,10,0.05185242341317317
1139,e_demand,2030,48,11,11,0.05185242341317317
1140,e_demand,2030,48,12,12,0.05185242341317317
1141,e_demand,2030,48,13,13,0.05185242341317317
1142,e_demand,2030,48,14,14,0.05185242341317317
1143,e_demand,2030,48,15,15,0.05185242341317317
1144,e_demand,2030,48,16,16,0.05185242341317317
1145,e_demand,2030,48,17,17,0.05185242341317317
1146,e_demand,2030,48,18,18,0.05185242341317317
1147,e_demand,2030,48,19,19,0.05185242341317317
1148,e_demand,2030,48,20,20,0.05185242341317317
1149,e_demand,2030,48,21,21,0.05185242341317317
1150,e_demand,2030,48,22,22,0.05185242341317317
1151,e_demand,2030,48,23,23,0.05185242341317317
1152,e_demand,2030,48,24,24,0.05185242341317317
1153,e_demand,2030,49,1,1,0.09573252089663595
1154,e_demand,2030,49,2,2,0.09573252089663593
1155,e_demand,2030,49,3,3,0.09573252089663593
1156,e_demand,2030,49,4,4,0.09573252089663593
1157,e_demand,2030,49,5,5,0.09573252089663593
1158,e_demand,2030,49,6,6,0.04044699007882869
1159,e_demand,2030,49,7,7,0.09573252089663593
1160,e_demand,2030,49,8,8,0.09573252089663593
1161,e_demand,2030,49,9,9,0.09573252089663593
1162,e_demand,2030,49,10,10,0.09573252089663593
1163,e_demand,2030,49,11,11,0.09573252089663593
1164,e_demand,2030,49,12,12,0.09573252089663595
1165,e_demand,2030,49,13,13,0.09573252089663593
1166,e_demand,2030,49,14,14,0.09573252089663593
1167,e_demand,2030,49,15,15,0.09573252089663593
1168,e_demand,2030,49,16,16,0.09573252089663593
1169,e_demand,2030,49,17,17,0.09573252089663593
1170,e_demand,2030,49,18,18,0.09573252089663593
1171,e_demand,2030,49,19,19,0.09573252089663593
1172,e_demand,2030,49,20,20,0.09573252089663593
1173,e_demand,2030,49,21,21,0.09573252089663593
1174,e_demand,2030,49,22,22,0.09573252089663593
1175,e_demand,2030,49,23,23,0.09573252089663593
1176,e_demand,2030,49,24,24,0.09573252089663593
1177,e_demand,2030,50,1,1,0.17353890996554466
1178,e_demand,2030,50,2,2,0.17353890996554466
1179,e_demand,2030,50,3,3,0.17353890996554466
1180,e_demand,2030,50,4,4,0.17353890996554466
1181,e_demand,2030,50,5,5,0.17353890996554466
1182,e_demand,2030,50,6,6,0.17353890996554466
1183,e_demand,2030,50,7,7,0.17353890996554466
1184,e_demand,2030,50,8,8,0.17353890996554466
1185,e_demand,2030,50,9,9,0.17353890996554466
1186,e_demand,2030,50,10,10,0.17353890996554466
1187,e_demand,2030,50,11,11,0.17353890996554466
1188,e_demand,2030,50,12,12,0.17353890996554466
1189,e_demand,2030,50,13,13,0.17353890996554466
1190,e_demand,2030,50,14,14,0.17353890996554466
1191,e_demand,2030,50,15,15,0.17353890996554466
1192,e_demand,2030,50,16,16,0.17353890996554466
1193,e_demand,2030,50,17,17,0.17353890996554466
1194,e_demand,2030,50,18,18,0.17353890996554466
1195,e_demand,2030,50,19,19,0.17353890996554466
1196,e_demand,2030,50,20,20,0.17353890996554466
1197,e_demand,2030,50,21,21,0.17353890996554466
1198,e_demand,2030,50,22,22,0.17353890996554466
1199,e_demand,2030,50,23,23,0.17353890996554466
1200,e_demand,2030,50,24,24,0.17353890996554472
1201,e_demand,2030,51,1,1,0.01153809040900386
1202,e_demand,2030,51,2,2,0.01153809040900386
1203,e_demand,2030,51,3,3,0.01153809040900386
1204,e_demand,2030,51,4,4,0.01153809040900386
1205,e_demand,2030,51,5,5,0.011538090409003865
1206,e_demand,2030,51,6,6,0.011538090409003865
1207,e_demand,2030,51,7,7,0.011538090409003865
1208,e_demand,2030,51,8,8,0.01153809040900386
1209,e_demand,2030,51,9,9,0.011538090409003865
1210,e_demand,2030,51,10,10,0.01153809040900386
1211,e_demand,2030,51,11,11,0.01153809040900386
1212,e_demand,2030,51,12,12,0.01153809040900386
1213,e_demand,2030,51,13,13,0.01153809040900386
1214,e_demand,2030,51,14,14,0.01153809040900386
1215,e_demand,2030,51,15,15,0.011538090409003865
1216,e_demand,2030,51,16,16,0.011538090409003865
1217,e_demand,2030,51,17,17,0.011538090409003865
1218,e_demand,2030,51,18,18,0.011538090409003865
1219,e_demand,2030,51,19,19,0.011538090409003865
1220,e_demand,2030,51,20,20,0.011538090409003865
1221,e_demand,2030,51,21,21,0.011538090409003865
1222,e_demand,2030,51,22,22,0.0004615236163601545
1223,e_demand,2030,51,23,23,0.0048748431978041405
1224,e_demand,2030,51,24,24,0.0004615236163601545
1225,e_demand,2030,52,1,1,0.05208393478696902
1226,e_demand,2030,52,2,2,0.05208393478696902
1227,e_demand,2030,52,3,3,0.05208393478696902
1228,e_demand,2030,52,4,4,0.05208393478696902
1229,e_demand,2030,52,5,5,0.05208393478696902
1230,e_demand,2030,52,6,6,0.05208393478696902
1231,e_demand,2030,52,7,7,0.05208393478696902
1232,e_demand,2030,52,8,8,0.05208393478696902
1233,e_demand,2030,52,9,9,0.052083934786968995
1234,e_demand,2030,52,10,10,0.052083934786968995
1235,e_demand,2030,52,11,11,0.052083934786968995
1236,e_demand,2030,52,12,12,0.052083934786968995
1237,e_demand,2030,52,13,13,0.052083934786968995
1238,e_demand,2030,52,14,14,0.052083934786968995
1239,e_demand,2030,52,15,15,0.052083934786968995
1240,e_demand,2030,52,16,16,0.052083934786968995
1241,e_demand,2030,52,17,17,0.052083934786968995
1242,e_demand,2030,52,18,18,0.052083934786968995
1243,e_demand,2030,52,19,19,0.05208393478696902
1244,e_demand,2030,52,20,20,0.052083934786968995
1245,e_demand,2030,52,21,21,0.052083934786968995
1246,e_demand,2030,52,22,22,0.052083934786968995
1247,e_demand,2030,52,23,23,0.052083934786968995
1248,e_demand,2030,52,24,24,0.052083934786968995
1249,e_demand,2030,53,1,1,0.04153078619552818
1250,e_demand,2030,53,2,2,0.04153078619552818
1251,e_demand,2030,53,3,3,0.04153078619552818
1252,e_demand,2030,53,4,4,0.04153078619552818
1253,e_demand,2030,53,5,5,0.04153078619552818
1254,e_demand,2030,53,6,6,0.04153078619552818
1255,e_demand,2030,53,7,7,0.04153078619552818
1256,e_demand,2030,53,8,8,0.04153078619552818
1257,e_demand,2030,53,9,9,0.04153078619552818
1258,e_demand,2030,53,10,10,0.04153078619552818
1259,e_demand,2030,53,11,11,0.04153078619552818
1260,e_demand,2030,53,12,12,0.04153078619552818
1261,e_demand,2030,53,13,13,0.04153078619552818
1262,e_demand,2030,53,14,14,0.04153078619552818
1263,e_demand,2030,53,15,15,0.04153078619552818
1264,e_demand,2030,53,16,16,0.04153078619552818
1265,e_demand,2030,53,17,17,0.04153078619552818
1266,e_demand,2030,53,18,18,0.04153078619552818
1267,e_demand,2030,53,19,19,0.04153078619552818
1268,e_demand,2030,53,20,20,0.04153078619552818
1269,e_demand,2030,53,21,21,0.04153078619552818
1270,e_demand,2030,53,22,22,0.04153078619552818
1271,e_demand,2030,53,23,23,0.04153078619552818
1272,e_demand,2030,53,24,24,0.04153078619552818
1273,e_demand,2030,54,1,1,0.03967875495046965
1274,e_demand,2030,54,2,2,0.03967875495046965
1275,e_demand,2030,54,3,3,0.03967875495046965
1276,e_demand,2030,54,4,4,0.03967875495046965
1277,e_demand,2030,54,5,5,0.03967875495046965
1278,e_demand,2030,54,6,6,0.03967875495046965
1279,e_demand,2030,54,7,7,0.03967875495046965
1280,e_demand,2030,54,8,8,0.03967875495046965
1281,e_demand,2030,54,9,9,0.03967875495046964
1282,e_demand,2030,54,10,10,0.03967875495046964
1283,e_demand,2030,54,11,11,0.03967875495046965
1284,e_demand,2030,54,12,12,0.03967875495046964
1285,e_demand,2030,54,13,13,0.03967875495046964
1286,e_demand,2030,54,14,14,0.03967875495046964
1287,e_demand,2030,54,15,15,0.03967875495046964
1288,e_demand,2030,54,16,16,0.03967875495046964
1289,e_demand,2030,54,17,17,0.03967875495046964
1290,e_demand,2030,54,18,18,0.03967875495046965
1291,e_demand,2030,54,19,19,0.03967875495046965
1292,e_demand,2030,54,20,20,0.03967875495046965
1293,e_demand,2030,54,21,21,0.03967875495046965
1294,e_demand,2030,54,22,22,0.03967875495046965
1295,e_demand,2030,54,23,23,0.03967875495046965
1296,e_demand,2030,54,24,24,0.03967875495046965
1297,e_demand,2030,55,1,1,0.04737578113348486
1298,e_demand,2030,55,2,2,0.047375781133484854
1299,e_demand,2030,55,3,3,0.047375781133484854
1300,e_demand,2030,55,4,4,0.047375781133484854
1301,e_demand,2030,55,5,5,0.047375781133484854
1302,e_demand,2030,55,6,6,0.04737578113348486
1303,e_demand,2030,55,7,7,0.047375781133484854
1304,e_demand,2030,55,8,8,0.047375781133484854
1305,e_demand,2030,55,9,9,0.047375781133484854
1306,e_demand,2030,55,10,10,0.047375781133484854
1307,e_demand,2030,55,11,11,0.047375781133484854
1308,e_demand,2030,55,12,12,0.047375781133484854
1309,e_demand,2030,55,13,13,0.047375781133484854
1310,e_demand,2030,55,14,14,0.047375781133484854
1311,e_demand,2030,55,15,15,0.047375781133484854
1312,e_demand,2030,55,16,16,0.047375781133484854
1313,e_demand,2030,55,17,17,0.047375781133484854
1314,e_demand,2030,55,18,18,0.047375781133484854
1315,e_demand,2030,55,19,19,0.047375781133484854
1316,e_demand,2030,55,20,20,0.047375781133484854
1317,e_demand,2030,55,21,21,0.047375781133484854
1318,e_demand,2030,55,22,22,0.047375781133484854
1319,e_demand,2030,55,23,23,0.047375781133484854
1320,e_demand,2030,55,24,24,0.047375781133484854
1321,e_demand,2030,56,1,1,0.11385809738150965
1322,e_demand,2030,56,2,2,0.11385809738150965
1323,e_demand,2030,56,3,3,0.11385809738150965
1324,e_demand,2030,56,4,4,0.11385809738150965
1325,e_demand,2030,56,5,5,0.11385809738150965
1326,e_demand,2030,56,6,6,0.11385809738150965
1327,e_demand,2030,56,7,7,0.11385809738150965
1328,e_demand,2030,56,8,8,0.11385809738150965
1329,e_demand,2030,56,9,9,0.11385809738150958
1330,e_demand,2030,56,10,10,0.11385809738150958
1331,e_demand,2030,56,11,11,0.11385809738150958
1332,e_demand,2030,56,12,12,0.11385809738150958
1333,e_demand,2030,56,13,13,0.11385809738150958
1334,e_demand,2030,56,14,14,0.11385809738150958
1335,e_demand,2030,56,15,15,0.11385809738150958
1336,e_demand,2030,56,16,16,0.11385809738150958
1337,e_demand,2030,56,17,17,0.11385809738150958
1338,e_demand,2030,56,18,18,0.11385809738150958
1339,e_demand,2030,56,19,19,0.11385809738150958
1340,e_demand,2030,56,20,20,0.11385809738150958
1341,e_demand,2030,56,21,21,0.11385809738150958
1342,e_demand,2030,56,22,22,0.11385809738150958
1343,e_demand,2030,56,23,23,0.11385809738150958
1344,e_demand,2030,56,24,24,0.11385809738150958
1345,e_demand,2030,57,1,1,0.04793200621680968
1346,e_demand,2030,57,2,2,0.04793200621680968
1347,e_demand,2030,57,3,3,0.04793200621680968
1348,e_demand,2030,57,4,4,0.04793200621680968
1349,e_demand,2030,57,5,5,0.04793200621680968
1350,e_demand,2030,57,6,6,0.04793200621680968
1351,e_demand,2030,57,7,7,0.04793200621680968
1352,e_demand,2030,57,8,8,0.04793200621680965
1353,e_demand,2030,57,9,9,0.04793200621680965
1354,e_demand,2030,57,10,10,0.04793200621680965
1355,e_demand,2030,57,11,11,0.04793200621680968
1356,e_demand,2030,57,12,12,0.04793200621680968
1357,e_demand,2030,57,13,13,0.04793200621680968
1358,e_demand,2030,57,14,14,0.04793200621680968
1359,e_demand,2030,57,15,15,0.04793200621680968
1360,e_demand,2030,57,16,16,0.04793200621680968
1361,e_demand,2030,57,17,17,0.04793200621680968
1362,e_demand,2030,57,18,18,0.04793200621680968
1363,e_demand,2030,57,19,19,0.04793200621680968
1364,e_demand,2030,57,20,20,0.04793200621680968
1365,e_demand,2030,57,21,21,0.04793200621680968
1366,e_demand,2030,57,22,22,0.04793200621680968
1367,e_demand,2030,57,23,23,0.04793200621680968
1368,e_demand,2030,57,24,24,0.04793200621680968
1369,e_demand,2030,58,1,1,0.08532859333606188
1370,e_demand,2030,58,2,2,0.08532859333606188
1371,e_demand,2030,58,3,3,0.08532859333606188
1372,e_demand,2030,58,4,4,0.08532859333606188
1373,e_demand,2030,58,5,5,0.08532859333606188
1374,e_demand,2030,58,6,6,0.08532859333606188
1375,e_demand,2030,58,7,7,0.08532859333606188
1376,e_demand,2030,58,8,8,0.08532859333606188
1377,e_demand,2030,58,9,9,0.08532859333606188
1378,e_demand,2030,58,10,10,0.08532859333606188
1379,e_demand,2030,58,11,11,0.08532859333606188
1380,e_demand,2030,58,12,12,0.08532859333606188
1381,e_demand,2030,58,13,13,0.08532859333606188
1382,e_demand,2030,58,14,14,0.08532859333606188
1383,e_demand,2030,58,15,15,0.08532859333606188
1384,e_demand,2030,58,16,16,0.08532859333606188
1385,e_demand,2030,58,17,17,0.08532859333606188
1386,e_demand,2030,58,18,18,0.08532859333606188
1387,e_demand,2030,58,19,19,0.08532859333606188
1388,e_demand,2030,58,20,20,0.08532859333606188
1389,e_demand,2030,58,21,21,0.08532859333606188
1390,e_demand,2030,58,22,22,0.08532859333606188
1391,e_demand,2030,58,23,23,0.08532859333606183
1392,e_demand,2030,58,24,24,0.08532859333606188
1393,e_demand,2030,59,1,1,0.05696709540004419
1394,e_demand,2030,59,2,2,0.05696709540004419
1395,e_demand,2030,59,3,3,0.05696709540004419
1396,e_demand,2030,59,4,4,0.05696709540004419
1397,e_demand,2030,59,5,5,0.05696709540004419
1398,e_demand,2030,59,6,6,0.05696709540004419
1399,e_demand,2030,59,7,7,0.05696709540004419
1400,e_demand,2030,59,8,8,0.05696709540004419
1401,e_demand,2030,59,9,9,0.05696709540004419
1402,e_demand,2030,59,10,10,0.05696709540004419
1403,e_demand,2030,59,11,11,0.05696709540004419
1404,e_demand,2030,59,12,12,0.05696709540004419
1405,e_demand,2030,59,13,13,0.05696709540004419
1406,e_demand,2030,59,14,14,0.05696709540004419
1407,e_demand,2030,59,15,15,0.05696709540004419
1408,e_demand,2030,59,16,16,0.05696709540004419
1409,e_demand,2030,59,17,17,0.05696709540004419
1410,e_demand,2030,59,18,18,0.05696709540004419
1411,e_demand,2030,59,19,19,0.05696709540004418
1412,e_demand,2030,59,20,20,0.05696709540004418
1413,e_demand,2030,59,21,21,0.05696709540004418
1414,e_demand,2030,59,22,22,0.05696709540004418
1415,e_demand,2030,59,23,23,0.05696709540004418
1416,e_demand,2030,59,24,24,0.05696709540004418
1417,e_demand,2030,60,1,1,0.0564388720929118
1418,e_demand,2030,60,2,2,0.05643887209291181
1419,e_demand,2030,60,3,3,0.05643887209291181
1420,e_demand,2030,60,4,4,0.05643887209291181
1421,e_demand,2030,60,5,5,0.05643887209291181
1422,e_demand,2030,60,6,6,0.05643887209291181
1423,e_demand,2030,60,7,7,0.05643887209291181
1424,e_demand,2030,60,8,8,0.05643887209291181
1425,e_demand,2030,60,9,9,0.05643887209291181
1426,e_demand,2030,60,10,10,0.05643887209291181
1427,e_demand,2030,60,11,11,0.05643887209291181
1428,e_demand,2030,60,12,12,0.05643887209291181
1429,e_demand,2030,60,13,13,0.05643887209291181
1430,e_demand,2030,60,14,14,0.05643887209291181
1431,e_demand,2030,60,15,15,0.05643887209291181
1432,e_demand,2030,60,16,16,0.05643887209291181
1433,e_demand,2030,60,17,17,0.05643887209291181
1434,e_demand,2030,60,18,18,0.05643887209291181
1435,e_demand,2030,60,19,19,0.05643887209291181
1436,e_demand,2030,60,20,20,0.05643887209291181
1437,e_demand,2030,60,21,21,0.05643887209291181
1438,e_demand,2030,60,22,22,0.05643887209291181
1439,e_demand,2030,60,23,23,0.05643887209291181
1440,e_demand,2030,60,24,24,0.05643887209291181
1441,e_demand,2030,61,1,1,0.03166664440874293
1442,e_demand,2030,61,2,2,0.03166664440874293
1443,e_demand,2030,61,3,3,0.03166664440874293
1444,e_demand,2030,61,4,4,0.03166664440874293
1445,e_demand,2030,61,5,5,0.031666644408742936
1446,e_demand,2030,61,6,6,0.031666644408742936
1447,e_demand,2030,61,7,7,0.031666644408742936
1448,e_demand,2030,61,8,8,0.03166664440874293
1449,e_demand,2030,61,9,9,0.031666644408742936
1450,e_demand,2030,61,10,10,0.031666644408742936
1451,e_demand,2030,61,11,11,0.031666644408742936
1452,e_demand,2030,61,12,12,0.03166664440874293
1453,e_demand,2030,61,13,13,0.03166664440874293
1454,e_demand,2030,61,14,14,0.03166664440874293
1455,e_demand,2030,61,15,15,0.03166664440874293
1456,e_demand,2030,61,16,16,0.03166664440874293
1457,e_demand,2030,61,17,17,0.03166664440874293
1458,e_demand,2030,61,18,18,0.03166664440874293
1459,e_demand,2030,61,19,19,0.03166664440874293
1460,e_demand,2030,61,20,20,0.03166664440874293
1461,e_demand,2030,61,21,21,0.03166664440874293
1462,e_demand,2030,61,22,22,0.03166664440874293
1463,e_demand,2030,61,23,23,0.03166664440874293
1464,e_demand,2030,61,24,24,0.03166664440874293
1465,e_demand,2030,62,1,1,0.088403824510543
1466,e_demand,2030,62,2,2,0.088403824510543
1467,e_demand,2030,62,3,3,0.088403824510543
1468,e_demand,2030,62,4,4,0.088403824510543
1469,e_demand,2030,62,5,5,0.088403824510543
1470,e_demand,2030,62,6,6,0.088403824510543
1471,e_demand,2030,62,7,7,0.088403824510543
1472,e_demand,2030,62,8,8,0.088403824510543
1473,e_demand,2030,62,9,9,0.088403824510543
1474,e_demand,2030,62,10,10,0.088403824510543
1475,e_demand,2030,62,11,11,0.088403824510543
1476,e_demand,2030,62,12,12,0.08840382451054296
1477,e_demand,2030,62,13,13,0.088403824510543
1478,e_demand,2030,62,14,14,0.088403824510543
1479,e_demand,2030,62,15,15,0.088403824510543
1480,e_demand,2030,62,16,16,0.08840382451054296
1481,e_demand,2030,62,17,17,0.08840382451054296
1482,e_demand,2030,62,18,18,0.08840382451054296
1483,e_demand,2030,62,19,19,0.08840382451054296
1484,e_demand,2030,62,20,20,0.088403824510543
1485,e_demand,2030,62,21,21,0.08840382451054296
1486,e_demand,2030,62,22,22,0.08840382451054296
1487,e_demand,2030,62,23,23,0.08840382451054296
1488,e_demand,2030,62,24,24,0.08840382451054296
1489,e_demand,2030,63,1,1,0.05560396932420326
1490,e_demand,2030,63,2,2,0.055603969324203285
1491,e_demand,2030,63,3,3,0.055603969324203285
1492,e_demand,2030,63,4,4,0.055603969324203285
1493,e_demand,2030,63,5,5,0.055603969324203285
1494,e_demand,2030,63,6,6,0.055603969324203285
1495,e_demand,2030,63,7,7,0.055603969324203285
1496,e_demand,2030,63,8,8,0.055603969324203285
1497,e_demand,2030,63,9,9,0.055603969324203285
1498,e_demand,2030,63,10,10,0.055603969324203285
1499,e_demand,2030,63,11,11,0.055603969324203285
1500,e_demand,2030,63,12,12,0.055603969324203285
1501,e_demand,2030,63,13,13,0.055603969324203285
1502,e_demand,2030,63,14,14,0.055603969324203285
1503,e_demand,2030,63,15,15,0.055603969324203285
1504,e_demand,2030,63,16,16,0.055603969324203285
1505,e_demand,2030,63,17,17,0.055603969324203285
1506,e_demand,2030,63,18,18,0.055603969324203285
1507,e_demand,2030,63,19,19,0.055603969324203285
1508,e_demand,2030,63,20,20,0.055603969324203285
1509,e_demand,2030,63,21,21,0.055603969324203285
1510,e_demand,2030,63,22,22,0.055603969324203285
1511,e_demand,2030,63,23,23,0.055603969324203285
1512,e_demand,2030,63,24,24,0.055603969324203285
1513,e_demand,2030,64,1,1,0.06986676102451732
1514,e_demand,2030,64,2,2,0.06986676102451732
1515,e_demand,2030,64,3,3,0.06986676102451732
1516,e_demand,2030,64,4,4,0.06986676102451732
1517,e_demand,2030,64,5,5,0.06986676102451732
1518,e_demand,2030,64,6,6,0.06986676102451732
1519,e_demand,2030,64,7,7,0.06986676102451732
1520,e_demand,2030,64,8,8,0.06986676102451732
1521,e_demand,2030,64,9,9,0.06986676102451732
1522,e_demand,2030,64,10,10,0.06986676102451732
1523,e_demand,2030,64,11,11,0.06986676102451732
1524,e_demand,2030,64,12,12,0.06986676102451732
1525,e_demand,2030,64,13,13,0.06986676102451732
1526,e_demand,2030,64,14,14,0.06986676102451732
1527,e_demand,2030,64,15,15,0.06986676102451732
1528,e_demand,2030,64,16,16,0.06986676102451732
1529,e_demand,2030,64,17,17,0.06986676102451732
1530,e_demand,2030,64,18,18,0.06986676102451732
1531,e_demand,2030,64,19,19,0.06986676102451732
1532,e_demand,2030,64,20,20,0.06986676102451732
1533,e_demand,2030,64,21,21,0.06986676102451732
1534,e_demand,2030,64,22,22,0.06986676102451732
1535,e_demand,2030,64,23,23,0.06986676102451732
1536,e_demand,2030,64,24,24,0.06986676102451732
1537,e_demand,2030,65,1,1,0.0021693964398660243
1538,e_demand,2030,65,2,2,0.0021693964398660243
1539,e_demand,2030,65,3,3,0.0021693964398660243
1540,e_demand,2030,65,4,4,0.0021693964398660243
1541,e_demand,2030,65,5,5,0.0021693964398660243
1542,e_demand,2030,65,6,6,0.0021693964398660243
1543,e_demand,2030,65,7,7,0.0021693964398660243
1544,e_demand,2030,65,8,8,0.0542349109966506
1545,e_demand,2030,65,9,9,0.0542349109966506
1546,e_demand,2030,65,10,10,0.054234910996650613
1547,e_demand,2030,65,11,11,0.054234910996650613
1548,e_demand,2030,65,12,12,0.054234910996650613
1549,e_demand,2030,65,13,13,0.054234910996650613
1550,e_demand,2030,65,14,14,0.054234910996650613
1551,e_demand,2030,65,15,15,0.054234910996650613
1552,e_demand,2030,65,16,16,0.054234910996650613
1553,e_demand,2030,65,17,17,0.054234910996650613
1554,e_demand,2030,65,18,18,0.0542349109966506
1555,e_demand,2030,65,19,19,0.054234910996650613
1556,e_demand,2030,65,20,20,0.054234910996650613
1557,e_demand,2030,65,21,21,0.054234910996650613
1558,e_demand,2030,65,22,22,0.054234910996650613
1559,e_demand,2030,65,23,23,0.054234910996650613
1560,e_demand,2030,65,24,24,0.054234910996650613
1561,e_demand,2030,66,1,1,0.1718616307776895
1562,e_demand,2030,66,2,2,0.1718616307776895
1563,e_demand,2030,66,3,3,0.1718616307776895
1564,e_demand,2030,66,4,4,0.1718616307776895
1565,e_demand,2030,66,5,5,0.1718616307776895
1566,e_demand,2030,66,6,6,0.1718616307776895
1567,e_demand,2030,66,7,7,0.1718616307776895
1568,e_demand,2030,66,8,8,0.1718616307776895
1569,e_demand,2030,66,9,9,0.1718616307776895
1570,e_demand,2030,66,10,10,0.1718616307776895
1571,e_demand,2030,66,11,11,0.1718616307776895
1572,e_demand,2030,66,12,12,0.1718616307776895
1573,e_demand,2030,66,13,13,0.1718616307776895
1574,e_demand,2030,66,14,14,0.1718616307776895
1575,e_demand,2030,66,15,15,0.1718616307776895
1576,e_demand,2030,66,16,16,0.1718616307776895
1577,e_demand,2030,66,17,17,0.1718616307776895
1578,e_demand,2030,66,18,18,0.1718616307776895
1579,e_demand,2030,66,19,19,0.1718616307776895
1580,e_demand,2030,66,20,20,0.1718616307776895
1581,e_demand,2030,66,21,21,0.1718616307776895
1582,e_demand,2030,66,22,22,0.1718616307776895
1583,e_demand,2030,66,23,23,0.1718616307776895
1584,e_demand,2030,66,24,24,0.1718616307776895
1585,e_demand,2030,67,1,1,0.043148846641855344
1586,e_demand,2030,67,2,2,0.04314884664185536
1587,e_demand,2030,67,3,3,0.0017259538656742143
1588,e_demand,2030,67,4,4,0.018230387706183886
1589,e_demand,2030,67,5,5,0.04314884664185536
1590,e_demand,2030,67,6,6,0.04314884664185536
1591,e_demand,2030,67,7,7,0.043148846641855344
1592,e_demand,2030,67,8,8,0.04314884664185536
1593,e_demand,2030,67,9,9,0.04314884664185536
1594,e_demand,2030,67,10,10,0.043148846641855344
1595,e_demand,2030,67,11,11,0.04314884664185536
1596,e_demand,2030,67,12,12,0.04314884664185536
1597,e_demand,2030,67,13,13,0.04314884664185536
1598,e_demand,2030,67,14,14,0.04314884664185536
1599,e_demand,2030,67,15,15,0.04314884664185536
1600,e_demand,2030,67,16,16,0.04314884664185536
1601,e_demand,2030,67,17,17,0.04314884664185536
1602,e_demand,2030,67,18,18,0.04314884664185536
1603,e_demand,2030,67,19,19,0.04314884664185536
1604,e_demand,2030,67,20,20,0.04314884664185536
1605,e_demand,2030,67,21,21,0.04314884664185536
1606,e_demand,2030,67,22,22,0.04314884664185536
1607,e_demand,2030,67,23,23,0.04314884664185536
1608,e_demand,2030,67,24,24,0.04314884664185536
1609,e_demand,2030,68,1,1,0.041432222814618565
1610,e_demand,2030,68,2,2,0.041432222814618565
1611,e_demand,2030,68,3,3,0.041432222814618565
1612,e_demand,2030,68,4,4,0.041432222814618565
1613,e_demand,2030,68,5,5,0.041432222814618565
1614,e_demand,2030,68,6,6,0.041432222814618565
1615,e_demand,2030,68,7,7,0.041432222814618565
1616,e_demand,2030,68,8,8,0.041432222814618565
1617,e_demand,2030,68,9,9,0.041432222814618565
1618,e_demand,2030,68,10,10,0.041432222814618565
1619,e_demand,2030,68,11,11,0.041432222814618565
1620,e_demand,2030,68,12,12,0.041432222814618565
1621,e_demand,2030,68,13,13,0.041432222814618565
1622,e_demand,2030,68,14,14,0.041432222814618565
1623,e_demand,2030,68,15,15,0.041432222814618565
1624,e_demand,2030,68,16,16,0.041432222814618565
1625,e_demand,2030,68,17,17,0.041432222814618565
1626,e_demand,2030,68,18,18,0.041432222814618565
1627,e_demand,2030,68,19,19,0.01750511413917635
1628,e_demand,2030,68,20,20,0.0016572889125847424
1629,e_demand,2030,68,21,21,0.0016572889125847424
1630,e_demand,2030,68,22,22,0.0016572889125847424
1631,e_demand,2030,68,23,23,0.0016572889125847424
1632,e_demand,2030,68,24,24,0.0016572889125847424
1633,e_demand,2030,69,1,1,0.078797778658873
1634,e_demand,2030,69,2,2,0.07879777865887301
1635,e_demand,2030,69,3,3,0.07879777865887301
1636,e_demand,2030,69,4,4,0.07879777865887301
1637,e_demand,2030,69,5,5,0.07879777865887301
1638,e_demand,2030,69,6,6,0.07879777865887301
1639,e_demand,2030,69,7,7,0.07879777865887301
1640,e_demand,2030,69,8,8,0.07879777865887301
1641,e_demand,2030,69,9,9,0.07879777865887301
1642,e_demand,2030,69,10,10,0.07879777865887301
1643,e_demand,2030,69,11,11,0.07879777865887301
1644,e_demand,2030,69,12,12,0.07879777865887301
1645,e_demand,2030,69,13,13,0.07879777865887301
1646,e_demand,2030,69,14,14,0.07879777865887301
1647,e_demand,2030,69,15,15,0.07879777865887301
1648,e_demand,2030,69,16,16,0.07879777865887301
1649,e_demand,2030,69,17,17,0.07879777865887301
1650,e_demand,2030,69,18,18,0.07879777865887301
1651,e_demand,2030,69,19,19,0.07879777865887301
1652,e_demand,2030,69,20,20,0.07879777865887301
1653,e_demand,2030,69,21,21,0.07879777865887301
1654,e_demand,2030,69,22,22,0.07879777865887301
1655,e_demand,2030,69,23,23,0.07879777865887301
1656,e_demand,2030,69,24,24,0.07879777865887301
1657,e_demand,2030,70,1,1,0.040164194755221795
1658,e_demand,2030,70,2,2,0.040164194755221795
1659,e_demand,2030,70,3,3,0.040164194755221795
1660,e_demand,2030,70,4,4,0.040164194755221795
1661,e_demand,2030,70,5,5,0.040164194755221795
1662,e_demand,2030,70,6,6,0.040164194755221795
1663,e_demand,2030,70,7,7,0.040164194755221795
1664,e_demand,2030,70,8,8,0.040164194755221795
1665,e_demand,2030,70,9,9,0.040164194755221795
1666,e_demand,2030,70,10,10,0.040164194755221795
1667,e_demand,2030,70,11,11,0.040164194755221795
1668,e_demand,2030,70,12,12,0.04016419475522178
1669,e_demand,2030,70,13,13,0.04016419475522178
1670,e_demand,2030,70,14,14,0.04016419475522178
1671,e_demand,2030,70,15,15,0.04016419475522178
1672,e_demand,2030,70,16,16,0.04016419475522178
1673,e_demand,2030,70,17,17,0.04016419475522178
1674,e_demand,2030,70,18,18,0.04016419475522178
1675,e_demand,2030,70,19,19,0.04016419475522178
1676,e_demand,2030,70,20,20,0.040164194755221795
1677,e_demand,2030,70,21,21,0.040164194755221795
1678,e_demand,2030,70,22,22,0.040164194755221795
1679,e_demand,2030,70,23,23,0.040164194755221795
1680,e_demand,2030,70,24,24,0.001606567790208872
1681,e_demand,2030,71,1,1,0.07977488789533313
1682,e_demand,2030,71,2,2,0.07977488789533313
1683,e_demand,2030,71,3,3,0.07977488789533313
1684,e_demand,2030,71,4,4,0.07977488789533313
1685,e_demand,2030,71,5,5,0.07977488789533313
1686,e_demand,2030,71,6,6,0.07977488789533313
1687,e_demand,2030,71,7,7,0.07977488789533313
1688,e_demand,2030,71,8,8,0.07977488789533313
1689,e_demand,2030,71,9,9,0.07977488789533313
1690,e_demand,2030,71,10,10,0.07977488789533313
1691,e_demand,2030,71,11,11,0.07977488789533313
1692,e_demand,2030,71,12,12,0.07977488789533313
1693,e_demand,2030,71,13,13,0.07977488789533313
1694,e_demand,2030,71,14,14,0.07977488789533313
1695,e_demand,2030,71,15,15,0.07977488789533313
1696,e_demand,2030,71,16,16,0.07977488789533313
1697,e_demand,2030,71,17,17,0.07977488789533313
1698,e_demand,2030,71,18,18,0.07977488789533313
1699,e_demand,2030,71,19,19,0.07977488789533313
1700,e_demand,2030,71,20,20,0.07977488789533313
1701,e_demand,2030,71,21,21,0.07977488789533313
1702,e_demand,2030,71,22,22,0.07977488789533313
1703,e_demand,2030,71,23,23,0.07977488789533313
1704,e_demand,2030,71,24,24,0.07977488789533313
1705,e_demand,2030,72,1,1,0.0022679481042787494
1706,e_demand,2030,72,2,2,0.0022679481042787494
1707,e_demand,2030,72,3,3,0.0022679481042787494
1708,e_demand,2030,72,4,4,0.0022679481042787494
1709,e_demand,2030,72,5,5,0.0022679481042787494
1710,e_demand,2030,72,6,6,0.05669870260696873
1711,e_demand,2030,72,7,7,0.05669870260696873
1712,e_demand,2030,72,8,8,0.05669870260696872
1713,e_demand,2030,72,9,9,0.05669870260696872
1714,e_demand,2030,72,10,10,0.05669870260696872
1715,e_demand,2030,72,11,11,0.05669870260696872
1716,e_demand,2030,72,12,12,0.05669870260696872
1717,e_demand,2030,72,13,13,0.05669870260696872
1718,e_demand,2030,72,14,14,0.05669870260696872
1719,e_demand,2030,72,15,15,0.05669870260696872
1720,e_demand,2030,72,16,16,0.05669870260696872
1721,e_demand,2030,72,17,17,0.05669870260696872
1722,e_demand,2030,72,18,18,0.05669870260696872
1723,e_demand,2030,72,19,19,0.05669870260696872
1724,e_demand,2030,72,20,20,0.05669870260696872
1725,e_demand,2030,72,21,21,0.05669870260696872
1726,e_demand,2030,72,22,22,0.05669870260696872
1727,e_demand,2030,72,23,23,0.05669870260696872
1728,e_demand,2030,72,24,24,0.05669870260696872
1729,h2_demand,2030,1,1,1,0.47269953961795086
1730,h2_demand,2030,1,2,2,0.47269953961795086
1731,h2_demand,2030,1,3,3,0.47269953961795086
1732,h2_demand,2030,1,4,4,0.47269953961795086
1733,h2_demand,2030,1,5,5,0.47269953961795086
1734,h2_demand,2030,1,6,6,0.47269953961795086
1735,h2_demand,2030,1,7,7,0.47269953961795086
1736,h2_demand,2030,1,8,8,0.541955638131918
1737,h2_demand,2030,1,9,9,1.1188154783856825
1738,h2_demand,2030,1,10,10,1.1188154783856825
1739,h2_demand,2030,1,11,11,1.118815478385683
1740,h2_demand,2030,1,12,12,1.118815478385683
1741,h2_demand,2030,1,13,13,1.118815478385683
1742,h2_demand,2030,1,14,14,1.1188154783856825
1743,h2_demand,2030,1,15,15,1.118815478385683
1744,h2_demand,2030,1,16,16,1.118815478385683
1745,h2_demand,2030,1,17,17,1.118815478385683
1746,h2_demand,2030,1,18,18,0.47269953961795086
1747,h2_demand,2030,1,19,19,0.47269953961795086
1748,h2_demand,2030,1,20,20,0.47269953961795086
1749,h2_demand,2030,1,21,21,0.47269953961795086
1750,h2_demand,2030,1,22,22,0.47269953961795086
1751,h2_demand,2030,1,23,23,0.47269953961795086
1752,h2_demand,2030,1,24,24,0.47269953961795086
1753,h2_demand,2030,2,1,1,1.6548300985663922
1754,h2_demand,2030,2,2,2,1.6548300985663922
1755,h2_demand,2030,2,3,3,1.6548300985663922
1756,h2_demand,2030,2,4,4,1.6548300985663922
1757,h2_demand,2030,2,5,5,1.6548300985663922
1758,h2_demand,2030,2,6,6,1.6548300985663922
1759,h2_demand,2030,2,7,7,1.6548300985663922
1760,h2_demand,2030,2,8,8,1.6548300985663922
1761,h2_demand,2030,2,9,9,1.6548300985663922
1762,h2_demand,2030,2,10,10,1.6548300985663922
1763,h2_demand,2030,2,11,11,1.6548300985663922
1764,h2_demand,2030,2,12,12,1.6548300985663922
1765,h2_demand,2030,2,13,13,1.6548300985663922
1766,h2_demand,2030,2,14,14,1.6548300985663922
1767,h2_demand,2030,2,15,15,1.6548300985663922
1768,h2_demand,2030,2,16,16,1.6548300985663922
1769,h2_demand,2030,2,17,17,1.6548300985663922
1770,h2_demand,2030,2,18,18,1.6548300985663922
1771,h2_demand,2030,2,19,19,1.6548300985663922
1772,h2_demand,2030,2,20,20,1.6548300985663922
1773,h2_demand,2030,2,21,21,1.6548300985663922
1774,h2_demand,2030,2,22,22,1.6548300985663922
1775,h2_demand,2030,2,23,23,1.6548300985663922
1776,h2_demand,2030,2,24,24,1.6548300985663922
1777,h2_demand,2030,3,1,1,0.596007789539873
1778,h2_demand,2030,3,2,2,0.596007789539873
1779,h2_demand,2030,3,3,3,0.596007789539873
1780,h2_demand,2030,3,4,4,0.596007789539873
1781,h2_demand,2030,3,5,5,0.596007789539873
1782,h2_demand,2030,3,6,6,0.596007789539873
1783,h2_demand,2030,3,7,7,0.596007789539873
1784,h2_demand,2030,3,8,8,0.596007789539873
1785,h2_demand,2030,3,9,9,0.596007789539873
1786,h2_demand,2030,3,10,10,0.596007789539873
1787,h2_demand,2030,3,11,11,0.596007789539873
1788,h2_demand,2030,3,12,12,0.596007789539873
1789,h2_demand,2030,3,13,13,0.596007789539873
1790,h2_demand,2030,3,14,14,0.596007789539873
1791,h2_demand,2030,3,15,15,0.596007789539873
1792,h2_demand,2030,3,16,16,0.596007789539873
1793,h2_demand,2030,3,17,17,0.596007789539873
1794,h2_demand,2030,3,18,18,0.596007789539873
1795,h2_demand,2030,3,19,19,0.596007789539873
1796,h2_demand,2030,3,20,20,0.596007789539873
1797,h2_demand,2030,3,21,21,0.596007789539873
1798,h2_demand,2030,3,22,22,0.596007789539873
1799,h2_demand,2030,3,23,23,0.596007789539873
1800,h2_demand,2030,3,24,24,0.596007789539873
1801,h2_demand,2030,4,1,1,5.2357172586990295
1802,h2_demand,2030,4,2,2,5.235717258699032
1803,h2_demand,2030,4,3,3,5.235717258699032
1804,h2_demand,2030,4,4,4,5.235717258699032
1805,h2_demand,2030,4,5,5,5.235717258699032
1806,h2_demand,2030,4,6,6,5.235717258699032
1807,h2_demand,2030,4,7,7,5.235717258699032
1808,h2_demand,2030,4,8,8,5.235717258699032
1809,h2_demand,2030,4,9,9,5.235717258699032
1810,h2_demand,2030,4,10,10,5.235717258699032
1811,h2_demand,2030,4,11,11,5.235717258699032
1812,h2_demand,2030,4,12,12,5.235717258699032
1813,h2_demand,2030,4,13,13,5.235717258699032
1814,h2_demand,2030,4,14,14,5.235717258699032
1815,h2_demand,2030,4,15,15,5.235717258699032
1816,h2_demand,2030,4,16,16,5.235717258699032
1817,h2_demand,2030,4,17,17,5.235717258699032
1818,h2_demand,2030,4,18,18,5.235717258699032
1819,h2_demand,2030,4,19,19,5.235717258699032
1820,h2_demand,2030,4,20,20,5.235717258699032
1821,h2_demand,2030,4,21,21,5.235717258699032
1822,h2_demand,2030,4,22,22,5.235717258699032
1823,h2_demand,2030,4,23,23,5.235717258699032
1824,h2_demand,2030,4,24,24,5.235717258699032
1825,h2_demand,2030,5,1,1,0.46711757428337114
1826,h2_demand,2030,5,2,2,0.46711757428337114
1827,h2_demand,2030,5,3,3,0.46711757428337114
1828,h2_demand,2030,5,4,4,0.46711757428337103
1829,h2_demand,2030,5,5,5,0.46711757428337114
1830,h2_demand,2030,5,6,6,0.46711757428337103
1831,h2_demand,2030,5,7,7,0.46711757428337114
1832,h2_demand,2030,5,8,8,0.46711757428337114
1833,h2_demand,2030,5,9,9,0.46711757428337114
1834,h2_demand,2030,5,10,10,0.46711757428337114
1835,h2_demand,2030,5,11,11,0.46711757428337114
1836,h2_demand,2030,5,12,12,0.46711757428337114
1837,h2_demand,2030,5,13,13,0.46711757428337114
1838,h2_demand,2030,5,14,14,0.46711757428337114
1839,h2_demand,2030,5,15,15,0.46711757428337114
1840,h2_demand,2030,5,16,16,0.46711757428337114
1841,h2_demand,2030,5,17,17,0.46711757428337114
1842,h2_demand,2030,5,18,18,0.46711757428337114
1843,h2_demand,2030,5,19,19,0.46711757428337114
1844,h2_demand,2030,5,20,20,0.46711757428337114
1845,h2_demand,2030,5,21,21,0.46711757428337114
1846,h2_demand,2030,5,22,22,0.46711757428337114
1847,h2_demand,2030,5,23,23,0.19735717513472434
1848,h2_demand,2030,5,24,24,0.19735717513472434
1849,h2_demand,2030,6,1,1,0.46210025935687027
1850,h2_demand,2030,6,2,2,0.46210025935687044
1851,h2_demand,2030,6,3,3,0.46210025935687044
1852,h2_demand,2030,6,4,4,0.46210025935687044
1853,h2_demand,2030,6,5,5,0.46210025935687044
1854,h2_demand,2030,6,6,6,0.46210025935687044
1855,h2_demand,2030,6,7,7,0.46210025935687027
1856,h2_demand,2030,6,8,8,0.46210025935687044
1857,h2_demand,2030,6,9,9,0.46210025935687044
1858,h2_demand,2030,6,10,10,0.46210025935687044
1859,h2_demand,2030,6,11,11,0.46210025935687044
1860,h2_demand,2030,6,12,12,0.46210025935687044
1861,h2_demand,2030,6,13,13,0.46210025935687044
1862,h2_demand,2030,6,14,14,0.46210025935687044
1863,h2_demand,2030,6,15,15,0.46210025935687044
1864,h2_demand,2030,6,16,16,0.46210025935687044
1865,h2_demand,2030,6,17,17,0.46210025935687044
1866,h2_demand,2030,6,18,18,0.46210025935687044
1867,h2_demand,2030,6,19,19,0.46210025935687044
1868,h2_demand,2030,6,20,20,0.19523735957827776
1869,h2_demand,2030,6,21,21,0.46210025935687044
1870,h2_demand,2030,6,22,22,0.46210025935687044
1871,h2_demand,2030,6,23,23,0.46210025935687044
1872,h2_demand,2030,6,24,24,0.46210025935687044
1873,h2_demand,2030,7,1,1,0.2970094767735568
1874,h2_demand,2030,7,2,2,0.29700947677355705
1875,h2_demand,2030,7,3,3,0.29700947677355705
1876,h2_demand,2030,7,4,4,0.2970094767735568
1877,h2_demand,2030,7,5,5,0.29700947677355705
1878,h2_demand,2030,7,6,6,0.29700947677355705
1879,h2_demand,2030,7,7,7,0.29700947677355705
1880,h2_demand,2030,7,8,8,0.29700947677355705
1881,h2_demand,2030,7,9,9,0.29700947677355705
1882,h2_demand,2030,7,10,10,0.29700947677355705
1883,h2_demand,2030,7,11,11,0.29700947677355705
1884,h2_demand,2030,7,12,12,0.29700947677355705
1885,h2_demand,2030,7,13,13,0.29700947677355705
1886,h2_demand,2030,7,14,14,0.2970094767735568
1887,h2_demand,2030,7,15,15,0.29700947677355705
1888,h2_demand,2030,7,16,16,0.2970094767735568
1889,h2_demand,2030,7,17,17,0.2970094767735568
1890,h2_demand,2030,7,18,18,0.29700947677355705
1891,h2_demand,2030,7,19,19,0.2970094767735568
1892,h2_demand,2030,7,20,20,0.2970094767735568
1893,h2_demand,2030,7,21,21,0.29700947677355705
1894,h2_demand,2030,7,22,22,0.2970094767735568
1895,h2_demand,2030,7,23,23,0.29700947677355705
1896,h2_demand,2030,7,24,24,0.29700947677355705
1897,h2_demand,2030,8,1,1,1.0964541955340725
1898,h2_demand,2030,8,2,2,1.0964541955340725
1899,h2_demand,2030,8,3,3,1.0964541955340725
1900,h2_demand,2030,8,4,4,1.0964541955340725
1901,h2_demand,2030,8,5,5,1.0964541955340725
1902,h2_demand,2030,8,6,6,1.0964541955340725
1903,h2_demand,2030,8,7,7,1.0964541955340725
1904,h2_demand,2030,8,8,8,1.0964541955340725
1905,h2_demand,2030,8,9,9,1.0964541955340725
1906,h2_demand,2030,8,10,10,1.0964541955340725
1907,h2_demand,2030,8,11,11,1.0964541955340725
1908,h2_demand,2030,8,12,12,1.0964541955340725
1909,h2_demand,2030,8,13,13,1.0964541955340725
1910,h2_demand,2030,8,14,14,1.0964541955340725
1911,h2_demand,2030,8,15,15,1.0964541955340725
1912,h2_demand,2030,8,16,16,1.0964541955340725
1913,h2_demand,2030,8,17,17,1.0964541955340725
1914,h2_demand,2030,8,18,18,1.0964541955340725
1915,h2_demand,2030,8,19,19,1.0964541955340725
1916,h2_demand,2030,8,20,20,1.0964541955340725
1917,h2_demand,2030,8,21,21,1.0964541955340725
1918,h2_demand,2030,8,22,22,1.0964541955340725
1919,h2_demand,2030,8,23,23,1.0964541955340725
1920,h2_demand,2030,8,24,24,1.0964541955340725
1921,h2_demand,2030,9,1,1,0.1482394105076954
1922,h2_demand,2030,9,2,2,0.1482394105076954
1923,h2_demand,2030,9,3,3,0.1482394105076954
1924,h2_demand,2030,9,4,4,0.1482394105076954
1925,h2_demand,2030,9,5,5,0.1482394105076954
1926,h2_demand,2030,9,6,6,0.35086251007738556
1927,h2_demand,2030,9,7,7,0.35086251007738556
1928,h2_demand,2030,9,8,8,0.35086251007738556
1929,h2_demand,2030,9,9,9,0.35086251007738534
1930,h2_demand,2030,9,10,10,0.35086251007738556
1931,h2_demand,2030,9,11,11,0.35086251007738556
1932,h2_demand,2030,9,12,12,0.35086251007738556
1933,h2_demand,2030,9,13,13,0.35086251007738556
1934,h2_demand,2030,9,14,14,0.35086251007738534
1935,h2_demand,2030,9,15,15,0.35086251007738534
1936,h2_demand,2030,9,16,16,0.35086251007738534
1937,h2_demand,2030,9,17,17,0.35086251007738556
1938,h2_demand,2030,9,18,18,0.35086251007738534
1939,h2_demand,2030,9,19,19,0.35086251007738556
1940,h2_demand,2030,9,20,20,0.35086251007738556
1941,h2_demand,2030,9,21,21,0.35086251007738556
1942,h2_demand,2030,9,22,22,0.35086251007738556
1943,h2_demand,2030,9,23,23,0.35086251007738556
1944,h2_demand,2030,9,24,24,0.35086251007738556
1945,h2_demand,2030,10,1,1,0.24648165040244596
1946,h2_demand,2030,10,2,2,0.24648165040244596
1947,h2_demand,2030,10,3,3,0.24648165040244596
1948,h2_demand,2030,10,4,4,0.24648165040244596
1949,h2_demand,2030,10,5,5,0.24648165040244596
1950,h2_demand,2030,10,6,6,0.24648165040244596
1951,h2_demand,2030,10,7,7,0.24648165040244596
1952,h2_demand,2030,10,8,8,0.24648165040244596
1953,h2_demand,2030,10,9,9,0.24648165040244596
1954,h2_demand,2030,10,10,10,0.24648165040244596
1955,h2_demand,2030,10,11,11,0.24648165040244596
1956,h2_demand,2030,10,12,12,0.24648165040244596
1957,h2_demand,2030,10,13,13,0.24648165040244596
1958,h2_demand,2030,10,14,14,0.24648165040244596
1959,h2_demand,2030,10,15,15,0.24648165040244596
1960,h2_demand,2030,10,16,16,0.24648165040244596
1961,h2_demand,2030,10,17,17,0.24648165040244596
1962,h2_demand,2030,10,18,18,0.24648165040244596
1963,h2_demand,2030,10,19,19,0.24648165040244596
1964,h2_demand,2030,10,20,20,0.24648165040244596
1965,h2_demand,2030,10,21,21,0.24648165040244596
1966,h2_demand,2030,10,22,22,0.24648165040244596
1967,h2_demand,2030,10,23,23,0.24648165040244596
1968,h2_demand,2030,10,24,24,0.24648165040244596
1969,h2_demand,2030,11,1,1,1.504549602612342
1970,h2_demand,2030,11,2,2,1.504549602612342
1971,h2_demand,2030,11,3,3,1.504549602612342
1972,h2_demand,2030,11,4,4,1.504549602612342
1973,h2_demand,2030,11,5,5,1.504549602612342
1974,h2_demand,2030,11,6,6,1.504549602612342
1975,h2_demand,2030,11,7,7,1.504549602612342
1976,h2_demand,2030,11,8,8,1.504549602612342
1977,h2_demand,2030,11,9,9,1.504549602612342
1978,h2_demand,2030,11,10,10,1.504549602612342
1979,h2_demand,2030,11,11,11,1.504549602612342
1980,h2_demand,2030,11,12,12,1.504549602612342
1981,h2_demand,2030,11,13,13,1.504549602612342
1982,h2_demand,2030,11,14,14,1.504549602612342
1983,h2_demand,2030,11,15,15,1.504549602612342
1984,h2_demand,2030,11,16,16,1.504549602612342
1985,h2_demand,2030,11,17,17,1.504549602612342
1986,h2_demand,2030,11,18,18,1.504549602612342
1987,h2_demand,2030,11,19,19,1.504549602612342
1988,h2_demand,2030,11,20,20,1.504549602612342
1989,h2_demand,2030,11,21,21,1.504549602612342
1990,h2_demand,2030,11,22,22,1.504549602612342
1991,h2_demand,2030,11,23,23,1.504549602612342
1992,h2_demand,2030,11,24,24,1.504549602612342
1993,h2_demand,2030,12,1,1,0.5933161329019206
1994,h2_demand,2030,12,2,2,0.2506760661510615
1995,h2_demand,2030,12,3,3,0.2506760661510615
1996,h2_demand,2030,12,4,4,0.2506760661510615
1997,h2_demand,2030,12,5,5,0.2506760661510615
1998,h2_demand,2030,12,6,6,0.2506760661510615
1999,h2_demand,2030,12,7,7,0.2506760661510615
2000,h2_demand,2030,12,8,8,0.2506760661510615
2001,h2_demand,2030,12,9,9,0.5933161329019206
2002,h2_demand,2030,12,10,10,0.5933161329019208
2003,h2_demand,2030,12,11,11,0.5933161329019208
2004,h2_demand,2030,12,12,12,0.5933161329019206
2005,h2_demand,2030,12,13,13,0.5933161329019208
2006,h2_demand,2030,12,14,14,0.5933161329019208
2007,h2_demand,2030,12,15,15,0.5933161329019206
2008,h2_demand,2030,12,16,16,0.5933161329019206
2009,h2_demand,2030,12,17,17,0.5933161329019208
2010,h2_demand,2030,12,18,18,0.5933161329019208
2011,h2_demand,2030,12,19,19,0.5933161329019208
2012,h2_demand,2030,12,20,20,0.5933161329019208
2013,h2_demand,2030,12,21,21,0.5933161329019208
2014,h2_demand,2030,12,22,22,0.5933161329019208
2015,h2_demand,2030,12,23,23,0.5933161329019208
2016,h2_demand,2030,12,24,24,0.5933161329019208
2017,h2_demand,2030,13,1,1,0.4048391239475734
2018,h2_demand,2030,13,2,2,0.4048391239475736
2019,h2_demand,2030,13,3,3,0.4048391239475736
2020,h2_demand,2030,13,4,4,0.4048391239475736
2021,h2_demand,2030,13,5,5,0.4048391239475736
2022,h2_demand,2030,13,6,6,0.4048391239475736
2023,h2_demand,2030,13,7,7,0.4048391239475736
2024,h2_demand,2030,13,8,8,0.4048391239475734
2025,h2_demand,2030,13,9,9,0.4048391239475736
2026,h2_demand,2030,13,10,10,0.4048391239475736
2027,h2_demand,2030,13,11,11,0.4048391239475736
2028,h2_demand,2030,13,12,12,0.4048391239475736
2029,h2_demand,2030,13,13,13,0.4048391239475736
2030,h2_demand,2030,13,14,14,0.4048391239475736
2031,h2_demand,2030,13,15,15,0.4048391239475736
2032,h2_demand,2030,13,16,16,0.4048391239475736
2033,h2_demand,2030,13,17,17,0.4048391239475736
2034,h2_demand,2030,13,18,18,0.4048391239475736
2035,h2_demand,2030,13,19,19,0.4048391239475736
2036,h2_demand,2030,13,20,20,0.4048391239475736
2037,h2_demand,2030,13,21,21,0.4048391239475736
2038,h2_demand,2030,13,22,22,0.4048391239475736
2039,h2_demand,2030,13,23,23,0.4048391239475736
2040,h2_demand,2030,13,24,24,0.4048391239475736
2041,h2_demand,2030,14,1,1,0.6941970030140419
2042,h2_demand,2030,14,2,2,0.6941970030140417
2043,h2_demand,2030,14,3,3,0.6941970030140417
2044,h2_demand,2030,14,4,4,0.6941970030140417
2045,h2_demand,2030,14,5,5,0.6941970030140417
2046,h2_demand,2030,14,6,6,0.6941970030140417
2047,h2_demand,2030,14,7,7,0.6941970030140417
2048,h2_demand,2030,14,8,8,0.6941970030140417
2049,h2_demand,2030,14,9,9,0.6941970030140419
2050,h2_demand,2030,14,10,10,0.6941970030140417
2051,h2_demand,2030,14,11,11,0.6941970030140417
2052,h2_demand,2030,14,12,12,0.6941970030140417
2053,h2_demand,2030,14,13,13,0.6941970030140417
2054,h2_demand,2030,14,14,14,0.6941970030140417
2055,h2_demand,2030,14,15,15,0.6941970030140417
2056,h2_demand,2030,14,16,16,0.6941970030140417
2057,h2_demand,2030,14,17,17,0.6941970030140417
2058,h2_demand,2030,14,18,18,0.6941970030140417
2059,h2_demand,2030,14,19,19,0.6941970030140417
2060,h2_demand,2030,14,20,20,0.6941970030140417
2061,h2_demand,2030,14,21,21,0.6941970030140417
2062,h2_demand,2030,14,22,22,0.6941970030140417
2063,h2_demand,2030,14,23,23,0.6941970030140417
2064,h2_demand,2030,14,24,24,0.6941970030140417
2065,h2_demand,2030,15,1,1,0.25555499302968576
2066,h2_demand,2030,15,2,2,0.25555499302968576
2067,h2_demand,2030,15,3,3,0.25555499302968576
2068,h2_demand,2030,15,4,4,0.25555499302968576
2069,h2_demand,2030,15,5,5,0.25555499302968576
2070,h2_demand,2030,15,6,6,0.25555499302968576
2071,h2_demand,2030,15,7,7,0.25555499302968576
2072,h2_demand,2030,15,8,8,0.25555499302968576
2073,h2_demand,2030,15,9,9,0.25555499302968576
2074,h2_demand,2030,15,10,10,0.6048638888276585
2075,h2_demand,2030,15,11,11,0.6048638888276585
2076,h2_demand,2030,15,12,12,0.6048638888276585
2077,h2_demand,2030,15,13,13,0.6048638888276587
2078,h2_demand,2030,15,14,14,0.6048638888276587
2079,h2_demand,2030,15,15,15,0.6048638888276585
2080,h2_demand,2030,15,16,16,0.6048638888276585
2081,h2_demand,2030,15,17,17,0.6048638888276587
2082,h2_demand,2030,15,18,18,0.6048638888276587
2083,h2_demand,2030,15,19,19,0.6048638888276587
2084,h2_demand,2030,15,20,20,0.6048638888276587
2085,h2_demand,2030,15,21,21,0.6048638888276587
2086,h2_demand,2030,15,22,22,0.6048638888276585
2087,h2_demand,2030,15,23,23,0.6048638888276587
2088,h2_demand,2030,15,24,24,0.6048638888276587
2089,h2_demand,2030,16,1,1,0.5417998582442302
2090,h2_demand,2030,16,2,2,0.5417998582442305
2091,h2_demand,2030,16,3,3,0.5417998582442305
2092,h2_demand,2030,16,4,4,0.5417998582442302
2093,h2_demand,2030,16,5,5,0.5417998582442305
2094,h2_demand,2030,16,6,6,0.5417998582442305
2095,h2_demand,2030,16,7,7,0.5417998582442305
2096,h2_demand,2030,16,8,8,0.5417998582442305
2097,h2_demand,2030,16,9,9,0.5417998582442305
2098,h2_demand,2030,16,10,10,0.5417998582442305
2099,h2_demand,2030,16,11,11,0.5417998582442305
2100,h2_demand,2030,16,12,12,0.5417998582442305
2101,h2_demand,2030,16,13,13,0.5417998582442305
2102,h2_demand,2030,16,14,14,0.5417998582442305
2103,h2_demand,2030,16,15,15,0.5417998582442305
2104,h2_demand,2030,16,16,16,0.5417998582442305
2105,h2_demand,2030,16,17,17,0.5417998582442305
2106,h2_demand,2030,16,18,18,0.5417998582442305
2107,h2_demand,2030,16,19,19,0.5417998582442305
2108,h2_demand,2030,16,20,20,0.5417998582442305
2109,h2_demand,2030,16,21,21,0.5417998582442302
2110,h2_demand,2030,16,22,22,0.5417998582442305
2111,h2_demand,2030,16,23,23,0.5417998582442305
2112,h2_demand,2030,16,24,24,0.5417998582442305
2113,h2_demand,2030,17,1,1,0.6339031554658936
2114,h2_demand,2030,17,2,2,0.633903155465894
2115,h2_demand,2030,17,3,3,0.633903155465894
2116,h2_demand,2030,17,4,4,0.633903155465894
2117,h2_demand,2030,17,5,5,0.633903155465894
2118,h2_demand,2030,17,6,6,0.633903155465894
2119,h2_demand,2030,17,7,7,0.633903155465894
2120,h2_demand,2030,17,8,8,0.633903155465894
2121,h2_demand,2030,17,9,9,0.633903155465894
2122,h2_demand,2030,17,10,10,0.633903155465894
2123,h2_demand,2030,17,11,11,0.633903155465894
2124,h2_demand,2030,17,12,12,0.633903155465894
2125,h2_demand,2030,17,13,13,0.633903155465894
2126,h2_demand,2030,17,14,14,0.633903155465894
2127,h2_demand,2030,17,15,15,0.633903155465894
2128,h2_demand,2030,17,16,16,0.633903155465894
2129,h2_demand,2030,17,17,17,0.633903155465894
2130,h2_demand,2030,17,18,18,0.633903155465894
2131,h2_demand,2030,17,19,19,0.633903155465894
2132,h2_demand,2030,17,20,20,0.633903155465894
2133,h2_demand,2030,17,21,21,0.633903155465894
2134,h2_demand,2030,17,22,22,0.633903155465894
2135,h2_demand,2030,17,23,23,0.633903155465894
2136,h2_demand,2030,17,24,24,0.633903155465894
2137,h2_demand,2030,18,1,1,0.5098465346746137
2138,h2_demand,2030,18,2,2,0.5098465346746137
2139,h2_demand,2030,18,3,3,0.5098465346746137
2140,h2_demand,2030,18,4,4,0.5098465346746137
2141,h2_demand,2030,18,5,5,0.5098465346746137
2142,h2_demand,2030,18,6,6,0.5098465346746137
2143,h2_demand,2030,18,7,7,0.5098465346746137
2144,h2_demand,2030,18,8,8,0.5098465346746137
2145,h2_demand,2030,18,9,9,0.5098465346746137
2146,h2_demand,2030,18,10,10,0.5098465346746137
2147,h2_demand,2030,18,11,11,0.5098465346746137
2148,h2_demand,2030,18,12,12,0.5098465346746137
2149,h2_demand,2030,18,13,13,0.5098465346746137
2150,h2_demand,2030,18,14,14,0.5098465346746137
2151,h2_demand,2030,18,15,15,0.5098465346746137
2152,h2_demand,2030,18,16,16,0.5098465346746137
2153,h2_demand,2030,18,17,17,0.5098465346746137
2154,h2_demand,2030,18,18,18,0.5098465346746137
2155,h2_demand,2030,18,19,19,0.5098465346746137
2156,h2_demand,2030,18,20,20,0.5098465346746137
2157,h2_demand,2030,18,21,21,0.5098465346746137
2158,h2_demand,2030,18,22,22,0.5098465346746137
2159,h2_demand,2030,18,23,23,0.5098465346746137
2160,h2_demand,2030,18,24,24,0.5098465346746137
2161,h2_demand,2030,19,1,1,1.3004559453687532
2162,h2_demand,2030,19,2,2,1.3004559453687536
2163,h2_demand,2030,19,3,3,1.3004559453687536
2164,h2_demand,2030,19,4,4,1.3004559453687536
2165,h2_demand,2030,19,5,5,1.3004559453687536
2166,h2_demand,2030,19,6,6,1.3004559453687536
2167,h2_demand,2030,19,7,7,1.3004559453687536
2168,h2_demand,2030,19,8,8,1.3004559453687536
2169,h2_demand,2030,19,9,9,1.3004559453687536
2170,h2_demand,2030,19,10,10,1.3004559453687536
2171,h2_demand,2030,19,11,11,1.3004559453687536
2172,h2_demand,2030,19,12,12,1.3004559453687536
2173,h2_demand,2030,19,13,13,1.3004559453687536
2174,h2_demand,2030,19,14,14,1.3004559453687536
2175,h2_demand,2030,19,15,15,1.3004559453687536
2176,h2_demand,2030,19,16,16,1.3004559453687536
2177,h2_demand,2030,19,17,17,1.3004559453687536
2178,h2_demand,2030,19,18,18,1.3004559453687536
2179,h2_demand,2030,19,19,19,1.3004559453687536
2180,h2_demand,2030,19,20,20,1.3004559453687536
2181,h2_demand,2030,19,21,21,1.3004559453687536
2182,h2_demand,2030,19,22,22,1.3004559453687536
2183,h2_demand,2030,19,23,23,1.3004559453687536
2184,h2_demand,2030,19,24,24,1.3004559453687536
2185,h2_demand,2030,20,1,1,0.27028123790363945
2186,h2_demand,2030,20,2,2,0.27028123790363945
2187,h2_demand,2030,20,3,3,0.27028123790363945
2188,h2_demand,2030,20,4,4,0.27028123790363945
2189,h2_demand,2030,20,5,5,0.6397189062808033
2190,h2_demand,2030,20,6,6,0.6397189062808039
2191,h2_demand,2030,20,7,7,0.6397189062808033
2192,h2_demand,2030,20,8,8,0.6397189062808039
2193,h2_demand,2030,20,9,9,0.6397189062808039
2194,h2_demand,2030,20,10,10,0.6397189062808039
2195,h2_demand,2030,20,11,11,0.6397189062808033
2196,h2_demand,2030,20,12,12,0.6397189062808039
2197,h2_demand,2030,20,13,13,0.6397189062808039
2198,h2_demand,2030,20,14,14,0.6397189062808039
2199,h2_demand,2030,20,15,15,0.6397189062808039
2200,h2_demand,2030,20,16,16,0.6397189062808039
2201,h2_demand,2030,20,17,17,0.6397189062808039
2202,h2_demand,2030,20,18,18,0.6397189062808033
2203,h2_demand,2030,20,19,19,0.6397189062808039
2204,h2_demand,2030,20,20,20,0.6397189062808039
2205,h2_demand,2030,20,21,21,0.6397189062808039
2206,h2_demand,2030,20,22,22,0.6397189062808039
2207,h2_demand,2030,20,23,23,0.6397189062808039
2208,h2_demand,2030,20,24,24,0.6397189062808039
2209,h2_demand,2030,21,1,1,0.7469434934718502
2210,h2_demand,2030,21,2,2,0.7469434934718504
2211,h2_demand,2030,21,3,3,0.7469434934718504
2212,h2_demand,2030,21,4,4,0.7469434934718504
2213,h2_demand,2030,21,5,5,0.7469434934718504
2214,h2_demand,2030,21,6,6,0.7469434934718504
2215,h2_demand,2030,21,7,7,0.7469434934718504
2216,h2_demand,2030,21,8,8,0.7469434934718504
2217,h2_demand,2030,21,9,9,0.7469434934718504
2218,h2_demand,2030,21,10,10,0.7469434934718504
2219,h2_demand,2030,21,11,11,0.7469434934718504
2220,h2_demand,2030,21,12,12,0.7469434934718504
2221,h2_demand,2030,21,13,13,0.7469434934718504
2222,h2_demand,2030,21,14,14,0.7469434934718504
2223,h2_demand,2030,21,15,15,0.7469434934718504
2224,h2_demand,2030,21,16,16,0.7469434934718504
2225,h2_demand,2030,21,17,17,0.7469434934718504
2226,h2_demand,2030,21,18,18,0.7469434934718504
2227,h2_demand,2030,21,19,19,0.7469434934718504
2228,h2_demand,2030,21,20,20,0.7469434934718504
2229,h2_demand,2030,21,21,21,0.7469434934718504
2230,h2_demand,2030,21,22,22,0.7469434934718504
2231,h2_demand,2030,21,23,23,0.7469434934718504
2232,h2_demand,2030,21,24,24,0.7469434934718504
2233,h2_demand,2030,22,1,1,0.13474466991229497
2234,h2_demand,2030,22,2,2,0.13474466991229506
2235,h2_demand,2030,22,3,3,0.13474466991229506
2236,h2_demand,2030,22,4,4,0.13474466991229506
2237,h2_demand,2030,22,5,5,0.13474466991229506
2238,h2_demand,2030,22,6,6,0.13474466991229506
2239,h2_demand,2030,22,7,7,0.13474466991229497
2240,h2_demand,2030,22,8,8,0.13474466991229506
2241,h2_demand,2030,22,9,9,0.13474466991229506
2242,h2_demand,2030,22,10,10,0.13474466991229506
2243,h2_demand,2030,22,11,11,0.13474466991229506
2244,h2_demand,2030,22,12,12,0.13474466991229497
2245,h2_demand,2030,22,13,13,0.13474466991229506
2246,h2_demand,2030,22,14,14,0.13474466991229497
2247,h2_demand,2030,22,15,15,0.13474466991229506
2248,h2_demand,2030,22,16,16,0.13474466991229506
2249,h2_demand,2030,22,17,17,0.13474466991229497
2250,h2_demand,2030,22,18,18,0.13474466991229506
2251,h2_demand,2030,22,19,19,0.13474466991229497
2252,h2_demand,2030,22,20,20,0.13474466991229497
2253,h2_demand,2030,22,21,21,0.13474466991229497
2254,h2_demand,2030,22,22,22,0.13474466991229506
2255,h2_demand,2030,22,23,23,0.13474466991229506
2256,h2_demand,2030,22,24,24,0.13474466991229506
2257,h2_demand,2030,23,1,1,0.4017944463954032
2258,h2_demand,2030,23,2,2,0.4017944463954033
2259,h2_demand,2030,23,3,3,0.4017944463954033
2260,h2_demand,2030,23,4,4,0.4017944463954033
2261,h2_demand,2030,23,5,5,0.4017944463954033
2262,h2_demand,2030,23,6,6,0.4017944463954033
2263,h2_demand,2030,23,7,7,0.4017944463954033
2264,h2_demand,2030,23,8,8,0.4017944463954033
2265,h2_demand,2030,23,9,9,0.4017944463954033
2266,h2_demand,2030,23,10,10,0.4017944463954032
2267,h2_demand,2030,23,11,11,0.4017944463954033
2268,h2_demand,2030,23,12,12,0.4017944463954033
2269,h2_demand,2030,23,13,13,0.4017944463954033
2270,h2_demand,2030,23,14,14,0.4017944463954033
2271,h2_demand,2030,23,15,15,0.4017944463954033
2272,h2_demand,2030,23,16,16,0.4017944463954032
2273,h2_demand,2030,23,17,17,0.4017944463954033
2274,h2_demand,2030,23,18,18,0.4017944463954033
2275,h2_demand,2030,23,19,19,0.4017944463954033
2276,h2_demand,2030,23,20,20,0.4017944463954033
2277,h2_demand,2030,23,21,21,0.4017944463954033
2278,h2_demand,2030,23,22,22,0.4017944463954033
2279,h2_demand,2030,23,23,23,0.4017944463954033
2280,h2_demand,2030,23,24,24,0.4017944463954033
2281,h2_demand,2030,24,1,1,1.9346076200184263
2282,h2_demand,2030,24,2,2,1.9346076200184266
2283,h2_demand,2030,24,3,3,1.9346076200184263
2284,h2_demand,2030,24,4,4,1.9346076200184266
2285,h2_demand,2030,24,5,5,0.8173717194577851
2286,h2_demand,2030,24,6,6,0.8173717194577851
2287,h2_demand,2030,24,7,7,0.8173717194577851
2288,h2_demand,2030,24,8,8,1.9346076200184266
2289,h2_demand,2030,24,9,9,1.9346076200184263
2290,h2_demand,2030,24,10,10,1.9346076200184266
2291,h2_demand,2030,24,11,11,1.9346076200184266
2292,h2_demand,2030,24,12,12,1.9346076200184266
2293,h2_demand,2030,24,13,13,1.9346076200184263
2294,h2_demand,2030,24,14,14,1.9346076200184266
2295,h2_demand,2030,24,15,15,0.8173717194577851
2296,h2_demand,2030,24,16,16,0.8173717194577851
2297,h2_demand,2030,24,17,17,0.8173717194577851
2298,h2_demand,2030,24,18,18,0.8173717194577851
2299,h2_demand,2030,24,19,19,1.9346076200184266
2300,h2_demand,2030,24,20,20,1.9346076200184266
2301,h2_demand,2030,24,21,21,1.9346076200184266
2302,h2_demand,2030,24,22,22,1.9346076200184266
2303,h2_demand,2030,24,23,23,1.9346076200184266
2304,h2_demand,2030,24,24,24,1.9346076200184266
2305,h2_demand,2030,25,1,1,0.7005934442629878
2306,h2_demand,2030,25,2,2,0.7005934442629878
2307,h2_demand,2030,25,3,3,0.7005934442629878
2308,h2_demand,2030,25,4,4,0.7005934442629878
2309,h2_demand,2030,25,5,5,0.7005934442629878
2310,h2_demand,2030,25,6,6,0.7005934442629878
2311,h2_demand,2030,25,7,7,0.7005934442629878
2312,h2_demand,2030,25,8,8,0.7005934442629878
2313,h2_demand,2030,25,9,9,0.7005934442629878
2314,h2_demand,2030,25,10,10,0.7005934442629878
2315,h2_demand,2030,25,11,11,0.7005934442629878
2316,h2_demand,2030,25,12,12,0.7005934442629878
2317,h2_demand,2030,25,13,13,0.7005934442629878
2318,h2_demand,2030,25,14,14,0.7005934442629878
2319,h2_demand,2030,25,15,15,0.7005934442629878
2320,h2_demand,2030,25,16,16,0.7005934442629878
2321,h2_demand,2030,25,17,17,0.7005934442629878
2322,h2_demand,2030,25,18,18,0.7005934442629878
2323,h2_demand,2030,25,19,19,0.7005934442629878
2324,h2_demand,2030,25,20,20,0.7005934442629878
2325,h2_demand,2030,25,21,21,0.7005934442629878
2326,h2_demand,2030,25,22,22,0.7005934442629878
2327,h2_demand,2030,25,23,23,0.7005934442629878
2328,h2_demand,2030,25,24,24,0.7005934442629878
2329,h2_demand,2030,26,1,1,1.31631796126576
2330,h2_demand,2030,26,2,2,1.31631796126576
2331,h2_demand,2030,26,3,3,1.31631796126576
2332,h2_demand,2030,26,4,4,1.31631796126576
2333,h2_demand,2030,26,5,5,1.31631796126576
2334,h2_demand,2030,26,6,6,1.31631796126576
2335,h2_demand,2030,26,7,7,1.31631796126576
2336,h2_demand,2030,26,8,8,1.31631796126576
2337,h2_demand,2030,26,9,9,1.31631796126576
2338,h2_demand,2030,26,10,10,1.31631796126576
2339,h2_demand,2030,26,11,11,1.31631796126576
2340,h2_demand,2030,26,12,12,1.31631796126576
2341,h2_demand,2030,26,13,13,1.31631796126576
2342,h2_demand,2030,26,14,14,1.31631796126576
2343,h2_demand,2030,26,15,15,1.31631796126576
2344,h2_demand,2030,26,16,16,1.31631796126576
2345,h2_demand,2030,26,17,17,1.31631796126576
2346,h2_demand,2030,26,18,18,1.31631796126576
2347,h2_demand,2030,26,19,19,1.31631796126576
2348,h2_demand,2030,26,20,20,1.31631796126576
2349,h2_demand,2030,26,21,21,1.31631796126576
2350,h2_demand,2030,26,22,22,1.31631796126576
2351,h2_demand,2030,26,23,23,1.31631796126576
2352,h2_demand,2030,26,24,24,1.31631796126576
2353,h2_demand,2030,27,1,1,0.37633273292931896
2354,h2_demand,2030,27,2,2,0.37633273292931896
2355,h2_demand,2030,27,3,3,0.37633273292931896
2356,h2_demand,2030,27,4,4,0.37633273292931896
2357,h2_demand,2030,27,5,5,0.37633273292931896
2358,h2_demand,2030,27,6,6,0.37633273292931896
2359,h2_demand,2030,27,7,7,0.37633273292931896
2360,h2_demand,2030,27,8,8,0.37633273292931896
2361,h2_demand,2030,27,9,9,0.37633273292931896
2362,h2_demand,2030,27,10,10,0.37633273292931896
2363,h2_demand,2030,27,11,11,0.37633273292931896
2364,h2_demand,2030,27,12,12,0.37633273292931896
2365,h2_demand,2030,27,13,13,0.37633273292931896
2366,h2_demand,2030,27,14,14,0.37633273292931896
2367,h2_demand,2030,27,15,15,0.37633273292931896
2368,h2_demand,2030,27,16,16,0.37633273292931896
2369,h2_demand,2030,27,17,17,0.37633273292931896
2370,h2_demand,2030,27,18,18,0.37633273292931896
2371,h2_demand,2030,27,19,19,0.37633273292931896
2372,h2_demand,2030,27,20,20,0.37633273292931896
2373,h2_demand,2030,27,21,21,0.37633273292931896
2374,h2_demand,2030,27,22,22,0.37633273292931896
2375,h2_demand,2030,27,23,23,0.37633273292931896
2376,h2_demand,2030,27,24,24,0.37633273292931896
2377,h2_demand,2030,28,1,1,1.8567261393761523
2378,h2_demand,2030,28,2,2,1.8567261393761523
2379,h2_demand,2030,28,3,3,1.8567261393761523
2380,h2_demand,2030,28,4,4,1.8567261393761523
2381,h2_demand,2030,28,5,5,1.8567261393761523
2382,h2_demand,2030,28,6,6,0.7844667938864245
2383,h2_demand,2030,28,7,7,0.9237331223504822
2384,h2_demand,2030,28,8,8,1.8567261393761523
2385,h2_demand,2030,28,9,9,1.8567261393761523
2386,h2_demand,2030,28,10,10,1.8567261393761523
2387,h2_demand,2030,28,11,11,1.8567261393761523
2388,h2_demand,2030,28,12,12,1.8567261393761523
2389,h2_demand,2030,28,13,13,1.8567261393761523
2390,h2_demand,2030,28,14,14,1.8567261393761523
2391,h2_demand,2030,28,15,15,1.8567261393761523
2392,h2_demand,2030,28,16,16,1.8567261393761523
2393,h2_demand,2030,28,17,17,1.8567261393761523
2394,h2_demand,2030,28,18,18,1.8567261393761523
2395,h2_demand,2030,28,19,19,1.8567261393761523
2396,h2_demand,2030,28,20,20,1.8567261393761523
2397,h2_demand,2030,28,21,21,1.8567261393761523
2398,h2_demand,2030,28,22,22,1.8567261393761523
2399,h2_demand,2030,28,23,23,1.8567261393761523
2400,h2_demand,2030,28,24,24,1.8567261393761523
2401,h2_demand,2030,29,1,1,0.28097162962295935
2402,h2_demand,2030,29,2,2,0.28097162962295935
2403,h2_demand,2030,29,3,3,0.28097162962295935
2404,h2_demand,2030,29,4,4,0.28097162962295935
2405,h2_demand,2030,29,5,5,0.6650216085750517
2406,h2_demand,2030,29,6,6,0.28097162962295935
2407,h2_demand,2030,29,7,7,0.6650216085750514
2408,h2_demand,2030,29,8,8,0.6650216085750514
2409,h2_demand,2030,29,9,9,0.6650216085750514
2410,h2_demand,2030,29,10,10,0.6650216085750514
2411,h2_demand,2030,29,11,11,0.6650216085750514
2412,h2_demand,2030,29,12,12,0.6650216085750514
2413,h2_demand,2030,29,13,13,0.6650216085750514
2414,h2_demand,2030,29,14,14,0.6650216085750514
2415,h2_demand,2030,29,15,15,0.6650216085750514
2416,h2_demand,2030,29,16,16,0.6650216085750514
2417,h2_demand,2030,29,17,17,0.6650216085750514
2418,h2_demand,2030,29,18,18,0.28097162962295935
2419,h2_demand,2030,29,19,19,0.28097162962295935
2420,h2_demand,2030,29,20,20,0.28097162962295935
2421,h2_demand,2030,29,21,21,0.28097162962295935
2422,h2_demand,2030,29,22,22,0.28097162962295935
2423,h2_demand,2030,29,23,23,0.28097162962295935
2424,h2_demand,2030,29,24,24,0.28097162962295935
2425,h2_demand,2030,30,1,1,0.7091567151470507
2426,h2_demand,2030,30,2,2,0.7091567151470507
2427,h2_demand,2030,30,3,3,0.7091567151470507
2428,h2_demand,2030,30,4,4,0.7091567151470507
2429,h2_demand,2030,30,5,5,0.7091567151470507
2430,h2_demand,2030,30,6,6,0.7091567151470507
2431,h2_demand,2030,30,7,7,0.7091567151470507
2432,h2_demand,2030,30,8,8,0.7091567151470507
2433,h2_demand,2030,30,9,9,0.7091567151470507
2434,h2_demand,2030,30,10,10,0.7091567151470507
2435,h2_demand,2030,30,11,11,0.7091567151470507
2436,h2_demand,2030,30,12,12,0.7091567151470507
2437,h2_demand,2030,30,13,13,0.7091567151470507
2438,h2_demand,2030,30,14,14,0.7091567151470507
2439,h2_demand,2030,30,15,15,1.678477432300712
2440,h2_demand,2030,30,16,16,1.678477432300712
2441,h2_demand,2030,30,17,17,1.6784774323007117
2442,h2_demand,2030,30,18,18,1.678477432300712
2443,h2_demand,2030,30,19,19,1.6784774323007117
2444,h2_demand,2030,30,20,20,1.678477432300712
2445,h2_demand,2030,30,21,21,1.678477432300712
2446,h2_demand,2030,30,22,22,0.7091567151470507
2447,h2_demand,2030,30,23,23,0.7091567151470507
2448,h2_demand,2030,30,24,24,0.7091567151470507
2449,h2_demand,2030,31,1,1,0.15168719579981946
2450,h2_demand,2030,31,2,2,0.15168719579981946
2451,h2_demand,2030,31,3,3,0.15168719579981946
2452,h2_demand,2030,31,4,4,0.15168719579981946
2453,h2_demand,2030,31,5,5,0.15168719579981946
2454,h2_demand,2030,31,6,6,0.15168719579981946
2455,h2_demand,2030,31,7,7,0.15168719579981946
2456,h2_demand,2030,31,8,8,0.15168719579981946
2457,h2_demand,2030,31,9,9,0.3590229486386259
2458,h2_demand,2030,31,10,10,0.3590229486386259
2459,h2_demand,2030,31,11,11,0.3590229486386259
2460,h2_demand,2030,31,12,12,0.3590229486386259
2461,h2_demand,2030,31,13,13,0.3590229486386259
2462,h2_demand,2030,31,14,14,0.3590229486386259
2463,h2_demand,2030,31,15,15,0.15168719579981946
2464,h2_demand,2030,31,16,16,0.15168719579981946
2465,h2_demand,2030,31,17,17,0.15168719579981946
2466,h2_demand,2030,31,18,18,0.15168719579981946
2467,h2_demand,2030,31,19,19,0.15168719579981946
2468,h2_demand,2030,31,20,20,0.15168719579981946
2469,h2_demand,2030,31,21,21,0.15168719579981946
2470,h2_demand,2030,31,22,22,0.15168719579981946
2471,h2_demand,2030,31,23,23,0.15168719579981946
2472,h2_demand,2030,31,24,24,0.15168719579981946
2473,h2_demand,2030,32,1,1,0.7732652785882488
2474,h2_demand,2030,32,2,2,0.7732652785882488
2475,h2_demand,2030,32,3,3,0.7732652785882488
2476,h2_demand,2030,32,4,4,0.7732652785882488
2477,h2_demand,2030,32,5,5,0.7732652785882488
2478,h2_demand,2030,32,6,6,0.7732652785882488
2479,h2_demand,2030,32,7,7,0.7732652785882488
2480,h2_demand,2030,32,8,8,0.7732652785882488
2481,h2_demand,2030,32,9,9,0.7732652785882488
2482,h2_demand,2030,32,10,10,0.7732652785882488
2483,h2_demand,2030,32,11,11,0.7732652785882488
2484,h2_demand,2030,32,12,12,0.7732652785882488
2485,h2_demand,2030,32,13,13,0.7732652785882488
2486,h2_demand,2030,32,14,14,0.7732652785882488
2487,h2_demand,2030,32,15,15,0.7732652785882488
2488,h2_demand,2030,32,16,16,0.7732652785882488
2489,h2_demand,2030,32,17,17,0.7732652785882488
2490,h2_demand,2030,32,18,18,0.7732652785882488
2491,h2_demand,2030,32,19,19,0.7732652785882488
2492,h2_demand,2030,32,20,20,0.7732652785882488
2493,h2_demand,2030,32,21,21,0.7732652785882488
2494,h2_demand,2030,32,22,22,0.7732652785882488
2495,h2_demand,2030,32,23,23,0.7732652785882488
2496,h2_demand,2030,32,24,24,0.7732652785882488
2497,h2_demand,2030,33,1,1,0.5944175035565628
2498,h2_demand,2030,33,2,2,0.5944175035565628
2499,h2_demand,2030,33,3,3,0.5944175035565628
2500,h2_demand,2030,33,4,4,0.5944175035565628
2501,h2_demand,2030,33,5,5,0.5944175035565628
2502,h2_demand,2030,33,6,6,0.5944175035565628
2503,h2_demand,2030,33,7,7,0.5944175035565628
2504,h2_demand,2030,33,8,8,0.5944175035565628
2505,h2_demand,2030,33,9,9,0.5944175035565628
2506,h2_demand,2030,33,10,10,1.4069053338616861
2507,h2_demand,2030,33,11,11,1.4069053338616861
2508,h2_demand,2030,33,12,12,1.4069053338616861
2509,h2_demand,2030,33,13,13,1.4069053338616861
2510,h2_demand,2030,33,14,14,1.4069053338616861
2511,h2_demand,2030,33,15,15,1.4069053338616861
2512,h2_demand,2030,33,16,16,1.4069053338616861
2513,h2_demand,2030,33,17,17,1.4069053338616861
2514,h2_demand,2030,33,18,18,1.4069053338616861
2515,h2_demand,2030,33,19,19,1.4069053338616861
2516,h2_demand,2030,33,20,20,1.4069053338616861
2517,h2_demand,2030,33,21,21,1.4069053338616861
2518,h2_demand,2030,33,22,22,1.4069053338616861
2519,h2_demand,2030,33,23,23,1.4069053338616861
2520,h2_demand,2030,33,24,24,1.4069053338616861
2521,h2_demand,2030,34,1,1,0.4972381736900314
2522,h2_demand,2030,34,2,2,0.4972381736900314
2523,h2_demand,2030,34,3,3,0.4972381736900314
2524,h2_demand,2030,34,4,4,0.4972381736900314
2525,h2_demand,2030,34,5,5,0.4972381736900314
2526,h2_demand,2030,34,6,6,0.4972381736900314
2527,h2_demand,2030,34,7,7,0.4972381736900314
2528,h2_demand,2030,34,8,8,0.4972381736900314
2529,h2_demand,2030,34,9,9,0.4972381736900314
2530,h2_demand,2030,34,10,10,0.4972381736900314
2531,h2_demand,2030,34,11,11,0.4972381736900314
2532,h2_demand,2030,34,12,12,0.4972381736900314
2533,h2_demand,2030,34,13,13,0.4972381736900314
2534,h2_demand,2030,34,14,14,0.4972381736900314
2535,h2_demand,2030,34,15,15,0.4972381736900314
2536,h2_demand,2030,34,16,16,0.4972381736900314
2537,h2_demand,2030,34,17,17,0.4972381736900314
2538,h2_demand,2030,34,18,18,0.4972381736900314
2539,h2_demand,2030,34,19,19,0.4972381736900314
2540,h2_demand,2030,34,20,20,0.4972381736900314
2541,h2_demand,2030,34,21,21,0.4972381736900314
2542,h2_demand,2030,34,22,22,0.4972381736900314
2543,h2_demand,2030,34,23,23,0.4972381736900314
2544,h2_demand,2030,34,24,24,0.4972381736900314
2545,h2_demand,2030,35,1,1,0.08922312427935972
2546,h2_demand,2030,35,2,2,0.08922312427935972
2547,h2_demand,2030,35,3,3,0.08922312427935972
2548,h2_demand,2030,35,4,4,0.08922312427935972
2549,h2_demand,2030,35,5,5,0.08922312427935972
2550,h2_demand,2030,35,6,6,0.08922312427935972
2551,h2_demand,2030,35,7,7,0.08922312427935972
2552,h2_demand,2030,35,8,8,0.21117899237718263
2553,h2_demand,2030,35,9,9,0.21117899237718274
2554,h2_demand,2030,35,10,10,0.21117899237718263
2555,h2_demand,2030,35,11,11,0.21117899237718263
2556,h2_demand,2030,35,12,12,0.21117899237718263
2557,h2_demand,2030,35,13,13,0.21117899237718274
2558,h2_demand,2030,35,14,14,0.08922312427935972
2559,h2_demand,2030,35,15,15,0.08922312427935972
2560,h2_demand,2030,35,16,16,0.08922312427935972
2561,h2_demand,2030,35,17,17,0.08922312427935972
2562,h2_demand,2030,35,18,18,0.08922312427935972
2563,h2_demand,2030,35,19,19,0.08922312427935972
2564,h2_demand,2030,35,20,20,0.08922312427935972
2565,h2_demand,2030,35,21,21,0.08922312427935972
2566,h2_demand,2030,35,22,22,0.08922312427935972
2567,h2_demand,2030,35,23,23,0.08922312427935972
2568,h2_demand,2030,35,24,24,0.08922312427935972
2569,h2_demand,2030,36,1,1,0.3843085916054852
2570,h2_demand,2030,36,2,2,0.3843085916054852
2571,h2_demand,2030,36,3,3,0.3843085916054852
2572,h2_demand,2030,36,4,4,0.3843085916054852
2573,h2_demand,2030,36,5,5,0.3843085916054852
2574,h2_demand,2030,36,6,6,0.3843085916054852
2575,h2_demand,2030,36,7,7,0.3843085916054852
2576,h2_demand,2030,36,8,8,0.3843085916054852
2577,h2_demand,2030,36,9,9,0.3843085916054852
2578,h2_demand,2030,36,10,10,0.3843085916054852
2579,h2_demand,2030,36,11,11,0.3843085916054852
2580,h2_demand,2030,36,12,12,0.3843085916054852
2581,h2_demand,2030,36,13,13,0.3843085916054852
2582,h2_demand,2030,36,14,14,0.3843085916054852
2583,h2_demand,2030,36,15,15,0.3843085916054852
2584,h2_demand,2030,36,16,16,0.3843085916054852
2585,h2_demand,2030,36,17,17,0.3843085916054852
2586,h2_demand,2030,36,18,18,0.3843085916054852
2587,h2_demand,2030,36,19,19,0.3843085916054852
2588,h2_demand,2030,36,20,20,0.3843085916054852
2589,h2_demand,2030,36,21,21,0.3843085916054852
2590,h2_demand,2030,36,22,22,0.3843085916054852
2591,h2_demand,2030,36,23,23,0.3843085916054852
2592,h2_demand,2030,36,24,24,0.3843085916054852
2593,h2_demand,2030,37,1,1,0.47656881714455396
2594,h2_demand,2030,37,2,2,0.47656881714455396
2595,h2_demand,2030,37,3,3,0.47656881714455396
2596,h2_demand,2030,37,4,4,0.47656881714455396
2597,h2_demand,2030,37,5,5,0.47656881714455396
2598,h2_demand,2030,37,6,6,0.47656881714455396
2599,h2_demand,2030,37,7,7,0.47656881714455396
2600,h2_demand,2030,37,8,8,1.127973531703086
2601,h2_demand,2030,37,9,9,1.127973531703086
2602,h2_demand,2030,37,10,10,1.127973531703086
2603,h2_demand,2030,37,11,11,1.127973531703086
2604,h2_demand,2030,37,12,12,1.127973531703086
2605,h2_demand,2030,37,13,13,1.127973531703086
2606,h2_demand,2030,37,14,14,1.127973531703086
2607,h2_demand,2030,37,15,15,1.127973531703086
2608,h2_demand,2030,37,16,16,1.1279735317030861
2609,h2_demand,2030,37,17,17,0.47656881714455396
2610,h2_demand,2030,37,18,18,0.47656881714455396
2611,h2_demand,2030,37,19,19,1.127973531703086
2612,h2_demand,2030,37,20,20,1.127973531703086
2613,h2_demand,2030,37,21,21,0.47656881714455396
2614,h2_demand,2030,37,22,22,0.47656881714455396
2615,h2_demand,2030,37,23,23,0.47656881714455396
2616,h2_demand,2030,37,24,24,0.47656881714455396
2617,h2_demand,2030,38,1,1,0.30757939613233176
2618,h2_demand,2030,38,2,2,0.3075793961323318
2619,h2_demand,2030,38,3,3,0.1299522948659102
2620,h2_demand,2030,38,4,4,0.1299522948659102
2621,h2_demand,2030,38,5,5,0.3075793961323318
2622,h2_demand,2030,38,6,6,0.1299522948659102
2623,h2_demand,2030,38,7,7,0.1299522948659102
2624,h2_demand,2030,38,8,8,0.3075793961323318
2625,h2_demand,2030,38,9,9,0.30757939613233176
2626,h2_demand,2030,38,10,10,0.30757939613233176
2627,h2_demand,2030,38,11,11,0.3075793961323318
2628,h2_demand,2030,38,12,12,0.30757939613233176
2629,h2_demand,2030,38,13,13,0.30757939613233176
2630,h2_demand,2030,38,14,14,0.1299522948659102
2631,h2_demand,2030,38,15,15,0.1299522948659102
2632,h2_demand,2030,38,16,16,0.1299522948659102
2633,h2_demand,2030,38,17,17,0.1299522948659102
2634,h2_demand,2030,38,18,18,0.1299522948659102
2635,h2_demand,2030,38,19,19,0.1299522948659102
2636,h2_demand,2030,38,20,20,0.1299522948659102
2637,h2_demand,2030,38,21,21,0.1299522948659102
2638,h2_demand,2030,38,22,22,0.1299522948659102
2639,h2_demand,2030,38,23,23,0.1299522948659102
2640,h2_demand,2030,38,24,24,0.1299522948659102
2641,h2_demand,2030,39,1,1,0.3441354777177439
2642,h2_demand,2030,39,2,2,0.3441354777177439
2643,h2_demand,2030,39,3,3,0.3441354777177439
2644,h2_demand,2030,39,4,4,0.3441354777177439
2645,h2_demand,2030,39,5,5,0.3441354777177439
2646,h2_demand,2030,39,6,6,0.3441354777177439
2647,h2_demand,2030,39,7,7,0.3441354777177439
2648,h2_demand,2030,39,8,8,0.3441354777177439
2649,h2_demand,2030,39,9,9,0.3441354777177439
2650,h2_demand,2030,39,10,10,0.3441354777177439
2651,h2_demand,2030,39,11,11,0.3441354777177439
2652,h2_demand,2030,39,12,12,0.3441354777177439
2653,h2_demand,2030,39,13,13,0.3441354777177439
2654,h2_demand,2030,39,14,14,0.3441354777177439
2655,h2_demand,2030,39,15,15,0.3441354777177439
2656,h2_demand,2030,39,16,16,0.3441354777177439
2657,h2_demand,2030,39,17,17,0.3441354777177439
2658,h2_demand,2030,39,18,18,0.3441354777177439
2659,h2_demand,2030,39,19,19,0.3441354777177439
2660,h2_demand,2030,39,20,20,0.3441354777177439
2661,h2_demand,2030,39,21,21,0.3441354777177439
2662,h2_demand,2030,39,22,22,0.3441354777177439
2663,h2_demand,2030,39,23,23,0.3441354777177439
2664,h2_demand,2030,39,24,24,0.3441354777177439
2665,h2_demand,2030,40,1,1,0.5273917327704836
2666,h2_demand,2030,40,2,2,0.5273917327704836
2667,h2_demand,2030,40,3,3,0.5273917327704836
2668,h2_demand,2030,40,4,4,0.5273917327704836
2669,h2_demand,2030,40,5,5,0.5273917327704836
2670,h2_demand,2030,40,6,6,0.5273917327704836
2671,h2_demand,2030,40,7,7,0.5273917327704836
2672,h2_demand,2030,40,8,8,0.5273917327704836
2673,h2_demand,2030,40,9,9,0.5273917327704836
2674,h2_demand,2030,40,10,10,0.5273917327704836
2675,h2_demand,2030,40,11,11,0.5273917327704836
2676,h2_demand,2030,40,12,12,0.5273917327704836
2677,h2_demand,2030,40,13,13,0.5273917327704836
2678,h2_demand,2030,40,14,14,0.5273917327704836
2679,h2_demand,2030,40,15,15,0.5273917327704836
2680,h2_demand,2030,40,16,16,0.22282300709552935
2681,h2_demand,2030,40,17,17,0.22282300709552935
2682,h2_demand,2030,40,18,18,0.22282300709552935
2683,h2_demand,2030,40,19,19,0.22282300709552935
2684,h2_demand,2030,40,20,20,0.22282300709552935
2685,h2_demand,2030,40,21,21,0.22282300709552935
2686,h2_demand,2030,40,22,22,0.22282300709552935
2687,h2_demand,2030,40,23,23,0.22282300709552935
2688,h2_demand,2030,40,24,24,0.22282300709552935
2689,h2_demand,2030,41,1,1,0.22943316023710783
2690,h2_demand,2030,41,2,2,0.22943316023710783
2691,h2_demand,2030,41,3,3,0.22943316023710783
2692,h2_demand,2030,41,4,4,0.22943316023710783
2693,h2_demand,2030,41,5,5,0.22943316023710783
2694,h2_demand,2030,41,6,6,0.22943316023710783
2695,h2_demand,2030,41,7,7,0.22943316023710783
2696,h2_demand,2030,41,8,8,0.22943316023710783
2697,h2_demand,2030,41,9,9,0.22943316023710783
2698,h2_demand,2030,41,10,10,0.22943316023710783
2699,h2_demand,2030,41,11,11,0.22943316023710783
2700,h2_demand,2030,41,12,12,0.22943316023710783
2701,h2_demand,2030,41,13,13,0.22943316023710783
2702,h2_demand,2030,41,14,14,0.22943316023710783
2703,h2_demand,2030,41,15,15,0.22943316023710783
2704,h2_demand,2030,41,16,16,0.22943316023710783
2705,h2_demand,2030,41,17,17,0.22943316023710783
2706,h2_demand,2030,41,18,18,0.22943316023710783
2707,h2_demand,2030,41,19,19,0.22943316023710783
2708,h2_demand,2030,41,20,20,0.22943316023710783
2709,h2_demand,2030,41,21,21,0.22943316023710783
2710,h2_demand,2030,41,22,22,0.22943316023710783
2711,h2_demand,2030,41,23,23,0.22943316023710783
2712,h2_demand,2030,41,24,24,0.22943316023710783
2713,h2_demand,2030,42,1,1,0.12115876078961406
2714,h2_demand,2030,42,2,2,0.12115876078961406
2715,h2_demand,2030,42,3,3,0.12115876078961406
2716,h2_demand,2030,42,4,4,0.12115876078961406
2717,h2_demand,2030,42,5,5,0.12115876078961406
2718,h2_demand,2030,42,6,6,0.12115876078961406
2719,h2_demand,2030,42,7,7,0.12115876078961406
2720,h2_demand,2030,42,8,8,0.12115876078961406
2721,h2_demand,2030,42,9,9,0.12115876078961406
2722,h2_demand,2030,42,10,10,0.12115876078961406
2723,h2_demand,2030,42,11,11,0.12115876078961406
2724,h2_demand,2030,42,12,12,0.12115876078961406
2725,h2_demand,2030,42,13,13,0.12115876078961406
2726,h2_demand,2030,42,14,14,0.12115876078961406
2727,h2_demand,2030,42,15,15,0.12115876078961406
2728,h2_demand,2030,42,16,16,0.12115876078961406
2729,h2_demand,2030,42,17,17,0.12115876078961406
2730,h2_demand,2030,42,18,18,0.12115876078961406
2731,h2_demand,2030,42,19,19,0.12115876078961406
2732,h2_demand,2030,42,20,20,0.12115876078961406
2733,h2_demand,2030,42,21,21,0.12115876078961406
2734,h2_demand,2030,42,22,22,0.12115876078961406
2735,h2_demand,2030,42,23,23,0.12115876078961406
2736,h2_demand,2030,42,24,24,0.12115876078961406
2737,h2_demand,2030,43,1,1,0.5021448776569084
2738,h2_demand,2030,43,2,2,0.5021448776569084
2739,h2_demand,2030,43,3,3,0.5021448776569084
2740,h2_demand,2030,43,4,4,0.5021448776569084
2741,h2_demand,2030,43,5,5,0.5021448776569084
2742,h2_demand,2030,43,6,6,0.5021448776569084
2743,h2_demand,2030,43,7,7,0.5021448776569084
2744,h2_demand,2030,43,8,8,0.5021448776569084
2745,h2_demand,2030,43,9,9,0.5021448776569084
2746,h2_demand,2030,43,10,10,0.5021448776569084
2747,h2_demand,2030,43,11,11,0.5021448776569084
2748,h2_demand,2030,43,12,12,0.5021448776569084
2749,h2_demand,2030,43,13,13,0.5021448776569084
2750,h2_demand,2030,43,14,14,0.5021448776569084
2751,h2_demand,2030,43,15,15,0.5021448776569084
2752,h2_demand,2030,43,16,16,0.5021448776569084
2753,h2_demand,2030,43,17,17,0.5021448776569084
2754,h2_demand,2030,43,18,18,1.188508586170197
2755,h2_demand,2030,43,19,19,1.188508586170197
2756,h2_demand,2030,43,20,20,1.188508586170197
2757,h2_demand,2030,43,21,21,1.188508586170197
2758,h2_demand,2030,43,22,22,1.1885085861701972
2759,h2_demand,2030,43,23,23,0.5021448776569084
2760,h2_demand,2030,43,24,24,0.5021448776569084
2761,h2_demand,2030,44,1,1,0.6710130504507797
2762,h2_demand,2030,44,2,2,0.6710130504507797
2763,h2_demand,2030,44,3,3,0.6710130504507797
2764,h2_demand,2030,44,4,4,0.6710130504507797
2765,h2_demand,2030,44,5,5,0.6710130504507797
2766,h2_demand,2030,44,6,6,0.6710130504507797
2767,h2_demand,2030,44,7,7,0.6710130504507797
2768,h2_demand,2030,44,8,8,0.6710130504507797
2769,h2_demand,2030,44,9,9,1.5881965691142714
2770,h2_demand,2030,44,10,10,1.5881965691142714
2771,h2_demand,2030,44,11,11,1.5881965691142714
2772,h2_demand,2030,44,12,12,0.6710130504507797
2773,h2_demand,2030,44,13,13,0.6710130504507797
2774,h2_demand,2030,44,14,14,0.6710130504507797
2775,h2_demand,2030,44,15,15,0.6710130504507797
2776,h2_demand,2030,44,16,16,0.6710130504507797
2777,h2_demand,2030,44,17,17,0.6710130504507797
2778,h2_demand,2030,44,18,18,0.6710130504507797
2779,h2_demand,2030,44,19,19,0.6710130504507797
2780,h2_demand,2030,44,20,20,0.6710130504507797
2781,h2_demand,2030,44,21,21,0.6710130504507797
2782,h2_demand,2030,44,22,22,0.6710130504507797
2783,h2_demand,2030,44,23,23,0.6710130504507797
2784,h2_demand,2030,44,24,24,0.6710130504507797
2785,h2_demand,2030,45,1,1,0.4683714427299182
2786,h2_demand,2030,45,2,2,0.4683714427299182
2787,h2_demand,2030,45,3,3,0.4683714427299182
2788,h2_demand,2030,45,4,4,0.4683714427299182
2789,h2_demand,2030,45,5,5,0.4683714427299182
2790,h2_demand,2030,45,6,6,0.4683714427299182
2791,h2_demand,2030,45,7,7,0.4683714427299182
2792,h2_demand,2030,45,8,8,0.4683714427299182
2793,h2_demand,2030,45,9,9,0.4683714427299182
2794,h2_demand,2030,45,10,10,0.4683714427299182
2795,h2_demand,2030,45,11,11,0.4683714427299182
2796,h2_demand,2030,45,12,12,0.4683714427299182
2797,h2_demand,2030,45,13,13,0.4683714427299182
2798,h2_demand,2030,45,14,14,0.4683714427299182
2799,h2_demand,2030,45,15,15,0.4683714427299182
2800,h2_demand,2030,45,16,16,0.4683714427299182
2801,h2_demand,2030,45,17,17,0.4683714427299182
2802,h2_demand,2030,45,18,18,0.4683714427299182
2803,h2_demand,2030,45,19,19,0.4683714427299182
2804,h2_demand,2030,45,20,20,0.4683714427299182
2805,h2_demand,2030,45,21,21,0.4683714427299182
2806,h2_demand,2030,45,22,22,0.4683714427299182
2807,h2_demand,2030,45,23,23,0.4683714427299182
2808,h2_demand,2030,45,24,24,0.4683714427299182
2809,h2_demand,2030,46,1,1,0.3880102390303353
2810,h2_demand,2030,46,2,2,0.3880102390303353
2811,h2_demand,2030,46,3,3,0.3880102390303353
2812,h2_demand,2030,46,4,4,0.3880102390303353
2813,h2_demand,2030,46,5,5,0.3880102390303353
2814,h2_demand,2030,46,6,6,0.3880102390303353
2815,h2_demand,2030,46,7,7,0.3880102390303353
2816,h2_demand,2030,46,8,8,0.3880102390303353
2817,h2_demand,2030,46,9,9,0.3880102390303353
2818,h2_demand,2030,46,10,10,0.9183674296575982
2819,h2_demand,2030,46,11,11,0.9183674296575981
2820,h2_demand,2030,46,12,12,0.3880102390303353
2821,h2_demand,2030,46,13,13,0.3880102390303353
2822,h2_demand,2030,46,14,14,0.3880102390303353
2823,h2_demand,2030,46,15,15,0.3880102390303353
2824,h2_demand,2030,46,16,16,0.3880102390303353
2825,h2_demand,2030,46,17,17,0.3880102390303353
2826,h2_demand,2030,46,18,18,0.3880102390303353
2827,h2_demand,2030,46,19,19,0.3880102390303353
2828,h2_demand,2030,46,20,20,0.3880102390303353
2829,h2_demand,2030,46,21,21,0.3880102390303353
2830,h2_demand,2030,46,22,22,0.3880102390303353
2831,h2_demand,2030,46,23,23,0.3880102390303353
2832,h2_demand,2030,46,24,24,0.3880102390303353
2833,h2_demand,2030,47,1,1,0.7747450426686412
2834,h2_demand,2030,47,2,2,0.7747450426686412
2835,h2_demand,2030,47,3,3,0.7747450426686412
2836,h2_demand,2030,47,4,4,0.7747450426686412
2837,h2_demand,2030,47,5,5,0.7747450426686412
2838,h2_demand,2030,47,6,6,0.7747450426686412
2839,h2_demand,2030,47,7,7,0.7747450426686412
2840,h2_demand,2030,47,8,8,1.8337160773222276
2841,h2_demand,2030,47,9,9,1.8337160773222276
2842,h2_demand,2030,47,10,10,1.8337160773222276
2843,h2_demand,2030,47,11,11,1.8337160773222276
2844,h2_demand,2030,47,12,12,1.8337160773222276
2845,h2_demand,2030,47,13,13,1.8337160773222276
2846,h2_demand,2030,47,14,14,1.8337160773222276
2847,h2_demand,2030,47,15,15,1.8337160773222276
2848,h2_demand,2030,47,16,16,1.8337160773222276
2849,h2_demand,2030,47,17,17,1.8337160773222276
2850,h2_demand,2030,47,18,18,1.8337160773222276
2851,h2_demand,2030,47,19,19,1.8337160773222276
2852,h2_demand,2030,47,20,20,1.8337160773222276
2853,h2_demand,2030,47,21,21,1.8337160773222276
2854,h2_demand,2030,47,22,22,0.7747450426686412
2855,h2_demand,2030,47,23,23,1.8337160773222276
2856,h2_demand,2030,47,24,24,0.7747450426686411
2857,h2_demand,2030,48,1,1,0.32474721470352275
2858,h2_demand,2030,48,2,2,0.32474721470352275
2859,h2_demand,2030,48,3,3,0.32474721470352275
2860,h2_demand,2030,48,4,4,0.32474721470352275
2861,h2_demand,2030,48,5,5,0.32474721470352275
2862,h2_demand,2030,48,6,6,0.32474721470352275
2863,h2_demand,2030,48,7,7,0.32474721470352275
2864,h2_demand,2030,48,8,8,0.32474721470352275
2865,h2_demand,2030,48,9,9,0.32474721470352275
2866,h2_demand,2030,48,10,10,0.32474721470352275
2867,h2_demand,2030,48,11,11,0.32474721470352275
2868,h2_demand,2030,48,12,12,0.32474721470352275
2869,h2_demand,2030,48,13,13,0.32474721470352275
2870,h2_demand,2030,48,14,14,0.32474721470352275
2871,h2_demand,2030,48,15,15,0.32474721470352275
2872,h2_demand,2030,48,16,16,0.32474721470352275
2873,h2_demand,2030,48,17,17,0.32474721470352275
2874,h2_demand,2030,48,18,18,0.32474721470352275
2875,h2_demand,2030,48,19,19,0.32474721470352275
2876,h2_demand,2030,48,20,20,0.32474721470352275
2877,h2_demand,2030,48,21,21,0.32474721470352275
2878,h2_demand,2030,48,22,22,0.32474721470352275
2879,h2_demand,2030,48,23,23,0.32474721470352275
2880,h2_demand,2030,48,24,24,0.32474721470352275
2881,h2_demand,2030,49,1,1,0.1472808013794399
2882,h2_demand,2030,49,2,2,0.14728080137943989
2883,h2_demand,2030,49,3,3,0.14728080137943989
2884,h2_demand,2030,49,4,4,0.14728080137943989
2885,h2_demand,2030,49,5,5,0.14728080137943989
2886,h2_demand,2030,49,6,6,0.06222613858281337
2887,h2_demand,2030,49,7,7,0.14728080137943989
2888,h2_demand,2030,49,8,8,0.14728080137943989
2889,h2_demand,2030,49,9,9,0.14728080137943989
2890,h2_demand,2030,49,10,10,0.14728080137943989
2891,h2_demand,2030,49,11,11,0.14728080137943989
2892,h2_demand,2030,49,12,12,0.1472808013794399
2893,h2_demand,2030,49,13,13,0.14728080137943989
2894,h2_demand,2030,49,14,14,0.14728080137943989
2895,h2_demand,2030,49,15,15,0.14728080137943989
2896,h2_demand,2030,49,16,16,0.14728080137943989
2897,h2_demand,2030,49,17,17,0.14728080137943989
2898,h2_demand,2030,49,18,18,0.14728080137943989
2899,h2_demand,2030,49,19,19,0.14728080137943989
2900,h2_demand,2030,49,20,20,0.14728080137943989
2901,h2_demand,2030,49,21,21,0.14728080137943989
2902,h2_demand,2030,49,22,22,0.14728080137943989
2903,h2_demand,2030,49,23,23,0.14728080137943989
2904,h2_demand,2030,49,24,24,0.14728080137943989
2905,h2_demand,2030,50,1,1,0.2669829384085302
2906,h2_demand,2030,50,2,2,0.2669829384085302
2907,h2_demand,2030,50,3,3,0.2669829384085302
2908,h2_demand,2030,50,4,4,0.2669829384085302
2909,h2_demand,2030,50,5,5,0.2669829384085302
2910,h2_demand,2030,50,6,6,0.2669829384085302
2911,h2_demand,2030,50,7,7,0.2669829384085302
2912,h2_demand,2030,50,8,8,0.2669829384085302
2913,h2_demand,2030,50,9,9,0.2669829384085302
2914,h2_demand,2030,50,10,10,0.2669829384085302
2915,h2_demand,2030,50,11,11,0.2669829384085302
2916,h2_demand,2030,50,12,12,0.2669829384085302
2917,h2_demand,2030,50,13,13,0.2669829384085302
2918,h2_demand,2030,50,14,14,0.2669829384085302
2919,h2_demand,2030,50,15,15,0.2669829384085302
2920,h2_demand,2030,50,16,16,0.2669829384085302
2921,h2_demand,2030,50,17,17,0.2669829384085302
2922,h2_demand,2030,50,18,18,0.2669829384085302
2923,h2_demand,2030,50,19,19,0.2669829384085302
2924,h2_demand,2030,50,20,20,0.2669829384085302
2925,h2_demand,2030,50,21,21,0.2669829384085302
2926,h2_demand,2030,50,22,22,0.2669829384085302
2927,h2_demand,2030,50,23,23,0.2669829384085302
2928,h2_demand,2030,50,24,24,0.2669829384085303
2929,h2_demand,2030,51,1,1,0.017750908321544398
2930,h2_demand,2030,51,2,2,0.017750908321544398
2931,h2_demand,2030,51,3,3,0.017750908321544398
2932,h2_demand,2030,51,4,4,0.017750908321544398
2933,h2_demand,2030,51,5,5,0.017750908321544405
2934,h2_demand,2030,51,6,6,0.017750908321544405
2935,h2_demand,2030,51,7,7,0.017750908321544405
2936,h2_demand,2030,51,8,8,0.017750908321544398
2937,h2_demand,2030,51,9,9,0.017750908321544405
2938,h2_demand,2030,51,10,10,0.017750908321544398
2939,h2_demand,2030,51,11,11,0.017750908321544398
2940,h2_demand,2030,51,12,12,0.017750908321544398
2941,h2_demand,2030,51,13,13,0.017750908321544398
2942,h2_demand,2030,51,14,14,0.017750908321544398
2943,h2_demand,2030,51,15,15,0.017750908321544405
2944,h2_demand,2030,51,16,16,0.017750908321544405
2945,h2_demand,2030,51,17,17,0.017750908321544405
2946,h2_demand,2030,51,18,18,0.017750908321544405
2947,h2_demand,2030,51,19,19,0.017750908321544405
2948,h2_demand,2030,51,20,20,0.017750908321544405
2949,h2_demand,2030,51,21,21,0.017750908321544405
2950,h2_demand,2030,51,22,22,0.007499758765852524
2951,h2_demand,2030,51,23,23,0.007499758765852524
2952,h2_demand,2030,51,24,24,0.007499758765852524
2953,h2_demand,2030,52,1,1,0.0801291304414908
2954,h2_demand,2030,52,2,2,0.0801291304414908
2955,h2_demand,2030,52,3,3,0.0801291304414908
2956,h2_demand,2030,52,4,4,0.0801291304414908
2957,h2_demand,2030,52,5,5,0.0801291304414908
2958,h2_demand,2030,52,6,6,0.0801291304414908
2959,h2_demand,2030,52,7,7,0.0801291304414908
2960,h2_demand,2030,52,8,8,0.0801291304414908
2961,h2_demand,2030,52,9,9,0.08012913044149075
2962,h2_demand,2030,52,10,10,0.08012913044149075
2963,h2_demand,2030,52,11,11,0.08012913044149075
2964,h2_demand,2030,52,12,12,0.08012913044149075
2965,h2_demand,2030,52,13,13,0.08012913044149075
2966,h2_demand,2030,52,14,14,0.08012913044149075
2967,h2_demand,2030,52,15,15,0.08012913044149075
2968,h2_demand,2030,52,16,16,0.08012913044149075
2969,h2_demand,2030,52,17,17,0.08012913044149075
2970,h2_demand,2030,52,18,18,0.08012913044149075
2971,h2_demand,2030,52,19,19,0.0801291304414908
2972,h2_demand,2030,52,20,20,0.08012913044149075
2973,h2_demand,2030,52,21,21,0.08012913044149075
2974,h2_demand,2030,52,22,22,0.08012913044149075
2975,h2_demand,2030,52,23,23,0.08012913044149075
2976,h2_demand,2030,52,24,24,0.08012913044149075
2977,h2_demand,2030,53,1,1,0.0638935172238895
2978,h2_demand,2030,53,2,2,0.0638935172238895
2979,h2_demand,2030,53,3,3,0.0638935172238895
2980,h2_demand,2030,53,4,4,0.0638935172238895
2981,h2_demand,2030,53,5,5,0.0638935172238895
2982,h2_demand,2030,53,6,6,0.0638935172238895
2983,h2_demand,2030,53,7,7,0.0638935172238895
2984,h2_demand,2030,53,8,8,0.0638935172238895
2985,h2_demand,2030,53,9,9,0.0638935172238895
2986,h2_demand,2030,53,10,10,0.0638935172238895
2987,h2_demand,2030,53,11,11,0.0638935172238895
2988,h2_demand,2030,53,12,12,0.0638935172238895
2989,h2_demand,2030,53,13,13,0.0638935172238895
2990,h2_demand,2030,53,14,14,0.0638935172238895
2991,h2_demand,2030,53,15,15,0.0638935172238895
2992,h2_demand,2030,53,16,16,0.0638935172238895
2993,h2_demand,2030,53,17,17,0.0638935172238895
2994,h2_demand,2030,53,18,18,0.0638935172238895
2995,h2_demand,2030,53,19,19,0.0638935172238895
2996,h2_demand,2030,53,20,20,0.0638935172238895
2997,h2_demand,2030,53,21,21,0.0638935172238895
2998,h2_demand,2030,53,22,22,0.0638935172238895
2999,h2_demand,2030,53,23,23,0.0638935172238895
3000,h2_demand,2030,53,24,24,0.0638935172238895
3001,h2_demand,2030,54,1,1,0.06104423838533792
3002,h2_demand,2030,54,2,2,0.06104423838533792
3003,h2_demand,2030,54,3,3,0.06104423838533792
3004,h2_demand,2030,54,4,4,0.06104423838533792
3005,h2_demand,2030,54,5,5,0.06104423838533792
3006,h2_demand,2030,54,6,6,0.06104423838533792
3007,h2_demand,2030,54,7,7,0.06104423838533792
3008,h2_demand,2030,54,8,8,0.06104423838533792
3009,h2_demand,2030,54,9,9,0.0610442383853379
3010,h2_demand,2030,54,10,10,0.0610442383853379
3011,h2_demand,2030,54,11,11,0.06104423838533792
3012,h2_demand,2030,54,12,12,0.0610442383853379
3013,h2_demand,2030,54,13,13,0.0610442383853379
3014,h2_demand,2030,54,14,14,0.0610442383853379
3015,h2_demand,2030,54,15,15,0.0610442383853379
3016,h2_demand,2030,54,16,16,0.0610442383853379
3017,h2_demand,2030,54,17,17,0.0610442383853379
3018,h2_demand,2030,54,18,18,0.06104423838533792
3019,h2_demand,2030,54,19,19,0.06104423838533792
3020,h2_demand,2030,54,20,20,0.06104423838533792
3021,h2_demand,2030,54,21,21,0.06104423838533792
3022,h2_demand,2030,54,22,22,0.06104423838533792
3023,h2_demand,2030,54,23,23,0.06104423838533792
3024,h2_demand,2030,54,24,24,0.06104423838533792
3025,h2_demand,2030,55,1,1,0.07288581712843824
3026,h2_demand,2030,55,2,2,0.07288581712843822
3027,h2_demand,2030,55,3,3,0.07288581712843822
3028,h2_demand,2030,55,4,4,0.07288581712843822
3029,h2_demand,2030,55,5,5,0.07288581712843822
3030,h2_demand,2030,55,6,6,0.07288581712843824
3031,h2_demand,2030,55,7,7,0.07288581712843822
3032,h2_demand,2030,55,8,8,0.07288581712843822
3033,h2_demand,2030,55,9,9,0.07288581712843822
3034,h2_demand,2030,55,10,10,0.07288581712843822
3035,h2_demand,2030,55,11,11,0.07288581712843822
3036,h2_demand,2030,55,12,12,0.07288581712843822
3037,h2_demand,2030,55,13,13,0.07288581712843822
3038,h2_demand,2030,55,14,14,0.07288581712843822
3039,h2_demand,2030,55,15,15,0.07288581712843822
3040,h2_demand,2030,55,16,16,0.07288581712843822
3041,h2_demand,2030,55,17,17,0.07288581712843822
3042,h2_demand,2030,55,18,18,0.07288581712843822
3043,h2_demand,2030,55,19,19,0.07288581712843822
3044,h2_demand,2030,55,20,20,0.07288581712843822
3045,h2_demand,2030,55,21,21,0.07288581712843822
3046,h2_demand,2030,55,22,22,0.07288581712843822
3047,h2_demand,2030,55,23,23,0.07288581712843822
3048,h2_demand,2030,55,24,24,0.07288581712843822
3049,h2_demand,2030,56,1,1,0.175166303663861
3050,h2_demand,2030,56,2,2,0.175166303663861
3051,h2_demand,2030,56,3,3,0.175166303663861
3052,h2_demand,2030,56,4,4,0.175166303663861
3053,h2_demand,2030,56,5,5,0.175166303663861
3054,h2_demand,2030,56,6,6,0.175166303663861
3055,h2_demand,2030,56,7,7,0.175166303663861
3056,h2_demand,2030,56,8,8,0.175166303663861
3057,h2_demand,2030,56,9,9,0.17516630366386088
3058,h2_demand,2030,56,10,10,0.17516630366386088
3059,h2_demand,2030,56,11,11,0.17516630366386088
3060,h2_demand,2030,56,12,12,0.17516630366386088
3061,h2_demand,2030,56,13,13,0.17516630366386088
3062,h2_demand,2030,56,14,14,0.17516630366386088
3063,h2_demand,2030,56,15,15,0.17516630366386088
3064,h2_demand,2030,56,16,16,0.17516630366386088
3065,h2_demand,2030,56,17,17,0.17516630366386088
3066,h2_demand,2030,56,18,18,0.17516630366386088
3067,h2_demand,2030,56,19,19,0.17516630366386088
3068,h2_demand,2030,56,20,20,0.17516630366386088
3069,h2_demand,2030,56,21,21,0.17516630366386088
3070,h2_demand,2030,56,22,22,0.17516630366386088
3071,h2_demand,2030,56,23,23,0.17516630366386088
3072,h2_demand,2030,56,24,24,0.17516630366386088
3073,h2_demand,2030,57,1,1,0.07374154802586104
3074,h2_demand,2030,57,2,2,0.07374154802586104
3075,h2_demand,2030,57,3,3,0.07374154802586104
3076,h2_demand,2030,57,4,4,0.07374154802586104
3077,h2_demand,2030,57,5,5,0.07374154802586104
3078,h2_demand,2030,57,6,6,0.07374154802586104
3079,h2_demand,2030,57,7,7,0.07374154802586104
3080,h2_demand,2030,57,8,8,0.073741548025861
3081,h2_demand,2030,57,9,9,0.073741548025861
3082,h2_demand,2030,57,10,10,0.073741548025861
3083,h2_demand,2030,57,11,11,0.07374154802586104
3084,h2_demand,2030,57,12,12,0.07374154802586104
3085,h2_demand,2030,57,13,13,0.07374154802586104
3086,h2_demand,2030,57,14,14,0.07374154802586104
3087,h2_demand,2030,57,15,15,0.07374154802586104
3088,h2_demand,2030,57,16,16,0.07374154802586104
3089,h2_demand,2030,57,17,17,0.07374154802586104
3090,h2_demand,2030,57,18,18,0.07374154802586104
3091,h2_demand,2030,57,19,19,0.07374154802586104
3092,h2_demand,2030,57,20,20,0.07374154802586104
3093,h2_demand,2030,57,21,21,0.07374154802586104
3094,h2_demand,2030,57,22,22,0.07374154802586104
3095,h2_demand,2030,57,23,23,0.07374154802586104
3096,h2_demand,2030,57,24,24,0.07374154802586104
3097,h2_demand,2030,58,1,1,0.13127475897855673
3098,h2_demand,2030,58,2,2,0.13127475897855673
3099,h2_demand,2030,58,3,3,0.13127475897855673
3100,h2_demand,2030,58,4,4,0.13127475897855673
3101,h2_demand,2030,58,5,5,0.13127475897855673
3102,h2_demand,2030,58,6,6,0.13127475897855673
3103,h2_demand,2030,58,7,7,0.13127475897855673
3104,h2_demand,2030,58,8,8,0.13127475897855673
3105,h2_demand,2030,58,9,9,0.13127475897855673
3106,h2_demand,2030,58,10,10,0.13127475897855673
3107,h2_demand,2030,58,11,11,0.13127475897855673
3108,h2_demand,2030,58,12,12,0.13127475897855673
3109,h2_demand,2030,58,13,13,0.13127475897855673
3110,h2_demand,2030,58,14,14,0.13127475897855673
3111,h2_demand,2030,58,15,15,0.13127475897855673
3112,h2_demand,2030,58,16,16,0.13127475897855673
3113,h2_demand,2030,58,17,17,0.13127475897855673
3114,h2_demand,2030,58,18,18,0.13127475897855673
3115,h2_demand,2030,58,19,19,0.13127475897855673
3116,h2_demand,2030,58,20,20,0.13127475897855673
3117,h2_demand,2030,58,21,21,0.13127475897855673
3118,h2_demand,2030,58,22,22,0.13127475897855673
3119,h2_demand,2030,58,23,23,0.13127475897855664
3120,h2_demand,2030,58,24,24,0.13127475897855673
3121,h2_demand,2030,59,1,1,0.08764168523083721
3122,h2_demand,2030,59,2,2,0.08764168523083721
3123,h2_demand,2030,59,3,3,0.08764168523083721
3124,h2_demand,2030,59,4,4,0.08764168523083721
3125,h2_demand,2030,59,5,5,0.08764168523083721
3126,h2_demand,2030,59,6,6,0.08764168523083721
3127,h2_demand,2030,59,7,7,0.08764168523083721
3128,h2_demand,2030,59,8,8,0.08764168523083721
3129,h2_demand,2030,59,9,9,0.08764168523083721
3130,h2_demand,2030,59,10,10,0.08764168523083721
3131,h2_demand,2030,59,11,11,0.08764168523083721
3132,h2_demand,2030,59,12,12,0.08764168523083721
3133,h2_demand,2030,59,13,13,0.08764168523083721
3134,h2_demand,2030,59,14,14,0.08764168523083721
3135,h2_demand,2030,59,15,15,0.08764168523083721
3136,h2_demand,2030,59,16,16,0.08764168523083721
3137,h2_demand,2030,59,17,17,0.08764168523083721
3138,h2_demand,2030,59,18,18,0.08764168523083721
3139,h2_demand,2030,59,19,19,0.0876416852308372
3140,h2_demand,2030,59,20,20,0.0876416852308372
3141,h2_demand,2030,59,21,21,0.0876416852308372
3142,h2_demand,2030,59,22,22,0.0876416852308372
3143,h2_demand,2030,59,23,23,0.0876416852308372
3144,h2_demand,2030,59,24,24,0.0876416852308372
3145,h2_demand,2030,60,1,1,0.08682903398909507
3146,h2_demand,2030,60,2,2,0.08682903398909508
3147,h2_demand,2030,60,3,3,0.08682903398909508
3148,h2_demand,2030,60,4,4,0.08682903398909508
3149,h2_demand,2030,60,5,5,0.08682903398909508
3150,h2_demand,2030,60,6,6,0.08682903398909508
3151,h2_demand,2030,60,7,7,0.08682903398909508
3152,h2_demand,2030,60,8,8,0.08682903398909508
3153,h2_demand,2030,60,9,9,0.08682903398909508
3154,h2_demand,2030,60,10,10,0.08682903398909508
3155,h2_demand,2030,60,11,11,0.08682903398909508
3156,h2_demand,2030,60,12,12,0.08682903398909508
3157,h2_demand,2030,60,13,13,0.08682903398909508
3158,h2_demand,2030,60,14,14,0.08682903398909508
3159,h2_demand,2030,60,15,15,0.08682903398909508
3160,h2_demand,2030,60,16,16,0.08682903398909508
3161,h2_demand,2030,60,17,17,0.08682903398909508
3162,h2_demand,2030,60,18,18,0.08682903398909508
3163,h2_demand,2030,60,19,19,0.08682903398909508
3164,h2_demand,2030,60,20,20,0.08682903398909508
3165,h2_demand,2030,60,21,21,0.08682903398909508
3166,h2_demand,2030,60,22,22,0.08682903398909508
3167,h2_demand,2030,60,23,23,0.08682903398909508
3168,h2_demand,2030,60,24,24,0.08682903398909508
3169,h2_demand,2030,61,1,1,0.04871791447498912
3170,h2_demand,2030,61,2,2,0.04871791447498912
3171,h2_demand,2030,61,3,3,0.04871791447498912
3172,h2_demand,2030,61,4,4,0.04871791447498912
3173,h2_demand,2030,61,5,5,0.048717914474989125
3174,h2_demand,2030,61,6,6,0.048717914474989125
3175,h2_demand,2030,61,7,7,0.048717914474989125
3176,h2_demand,2030,61,8,8,0.04871791447498912
3177,h2_demand,2030,61,9,9,0.048717914474989125
3178,h2_demand,2030,61,10,10,0.048717914474989125
3179,h2_demand,2030,61,11,11,0.048717914474989125
3180,h2_demand,2030,61,12,12,0.04871791447498912
3181,h2_demand,2030,61,13,13,0.04871791447498912
3182,h2_demand,2030,61,14,14,0.04871791447498912
3183,h2_demand,2030,61,15,15,0.04871791447498912
3184,h2_demand,2030,61,16,16,0.04871791447498912
3185,h2_demand,2030,61,17,17,0.04871791447498912
3186,h2_demand,2030,61,18,18,0.04871791447498912
3187,h2_demand,2030,61,19,19,0.04871791447498912
3188,h2_demand,2030,61,20,20,0.04871791447498912
3189,h2_demand,2030,61,21,21,0.04871791447498912
3190,h2_demand,2030,61,22,22,0.04871791447498912
3191,h2_demand,2030,61,23,23,0.04871791447498912
3192,h2_demand,2030,61,24,24,0.04871791447498912
3193,h2_demand,2030,62,1,1,0.13600588386237383
3194,h2_demand,2030,62,2,2,0.13600588386237383
3195,h2_demand,2030,62,3,3,0.13600588386237383
3196,h2_demand,2030,62,4,4,0.13600588386237383
3197,h2_demand,2030,62,5,5,0.13600588386237383
3198,h2_demand,2030,62,6,6,0.13600588386237383
3199,h2_demand,2030,62,7,7,0.13600588386237383
3200,h2_demand,2030,62,8,8,0.13600588386237383
3201,h2_demand,2030,62,9,9,0.13600588386237383
3202,h2_demand,2030,62,10,10,0.13600588386237383
3203,h2_demand,2030,62,11,11,0.13600588386237383
3204,h2_demand,2030,62,12,12,0.13600588386237378
3205,h2_demand,2030,62,13,13,0.13600588386237383
3206,h2_demand,2030,62,14,14,0.13600588386237383
3207,h2_demand,2030,62,15,15,0.13600588386237383
3208,h2_demand,2030,62,16,16,0.13600588386237378
3209,h2_demand,2030,62,17,17,0.13600588386237378
3210,h2_demand,2030,62,18,18,0.13600588386237378
3211,h2_demand,2030,62,19,19,0.13600588386237378
3212,h2_demand,2030,62,20,20,0.13600588386237383
3213,h2_demand,2030,62,21,21,0.13600588386237378
3214,h2_demand,2030,62,22,22,0.13600588386237378
3215,h2_demand,2030,62,23,23,0.13600588386237378
3216,h2_demand,2030,62,24,24,0.13600588386237378
3217,h2_demand,2030,63,1,1,0.08554456819108193
3218,h2_demand,2030,63,2,2,0.08554456819108197
3219,h2_demand,2030,63,3,3,0.08554456819108197
3220,h2_demand,2030,63,4,4,0.08554456819108197
3221,h2_demand,2030,63,5,5,0.08554456819108197
3222,h2_demand,2030,63,6,6,0.08554456819108197
3223,h2_demand,2030,63,7,7,0.08554456819108197
3224,h2_demand,2030,63,8,8,0.08554456819108197
3225,h2_demand,2030,63,9,9,0.08554456819108197
3226,h2_demand,2030,63,10,10,0.08554456819108197
3227,h2_demand,2030,63,11,11,0.08554456819108197
3228,h2_demand,2030,63,12,12,0.08554456819108197
3229,h2_demand,2030,63,13,13,0.08554456819108197
3230,h2_demand,2030,63,14,14,0.08554456819108197
3231,h2_demand,2030,63,15,15,0.08554456819108197
3232,h2_demand,2030,63,16,16,0.08554456819108197
3233,h2_demand,2030,63,17,17,0.08554456819108197
3234,h2_demand,2030,63,18,18,0.08554456819108197
3235,h2_demand,2030,63,19,19,0.08554456819108197
3236,h2_demand,2030,63,20,20,0.08554456819108197
3237,h2_demand,2030,63,21,21,0.08554456819108197
3238,h2_demand,2030,63,22,22,0.08554456819108197
3239,h2_demand,2030,63,23,23,0.08554456819108197
3240,h2_demand,2030,63,24,24,0.08554456819108197
3241,h2_demand,2030,64,1,1,0.10748732465310357
3242,h2_demand,2030,64,2,2,0.10748732465310355
3243,h2_demand,2030,64,3,3,0.10748732465310355
3244,h2_demand,2030,64,4,4,0.10748732465310355
3245,h2_demand,2030,64,5,5,0.10748732465310355
3246,h2_demand,2030,64,6,6,0.10748732465310355
3247,h2_demand,2030,64,7,7,0.10748732465310355
3248,h2_demand,2030,64,8,8,0.10748732465310355
3249,h2_demand,2030,64,9,9,0.10748732465310355
3250,h2_demand,2030,64,10,10,0.10748732465310355
3251,h2_demand,2030,64,11,11,0.10748732465310355
3252,h2_demand,2030,64,12,12,0.10748732465310355
3253,h2_demand,2030,64,13,13,0.10748732465310355
3254,h2_demand,2030,64,14,14,0.10748732465310355
3255,h2_demand,2030,64,15,15,0.10748732465310355
3256,h2_demand,2030,64,16,16,0.10748732465310355
3257,h2_demand,2030,64,17,17,0.10748732465310355
3258,h2_demand,2030,64,18,18,0.10748732465310355
3259,h2_demand,2030,64,19,19,0.10748732465310355
3260,h2_demand,2030,64,20,20,0.10748732465310355
3261,h2_demand,2030,64,21,21,0.10748732465310355
3262,h2_demand,2030,64,22,22,0.10748732465310355
3263,h2_demand,2030,64,23,23,0.10748732465310355
3264,h2_demand,2030,64,24,24,0.10748732465310355
3265,h2_demand,2030,65,1,1,0.0352526921478229
3266,h2_demand,2030,65,2,2,0.0352526921478229
3267,h2_demand,2030,65,3,3,0.0352526921478229
3268,h2_demand,2030,65,4,4,0.0352526921478229
3269,h2_demand,2030,65,5,5,0.0352526921478229
3270,h2_demand,2030,65,6,6,0.0352526921478229
3271,h2_demand,2030,65,7,7,0.0352526921478229
3272,h2_demand,2030,65,8,8,0.08343832461023168
3273,h2_demand,2030,65,9,9,0.08343832461023168
3274,h2_demand,2030,65,10,10,0.0834383246102317
3275,h2_demand,2030,65,11,11,0.0834383246102317
3276,h2_demand,2030,65,12,12,0.0834383246102317
3277,h2_demand,2030,65,13,13,0.0834383246102317
3278,h2_demand,2030,65,14,14,0.0834383246102317
3279,h2_demand,2030,65,15,15,0.0834383246102317
3280,h2_demand,2030,65,16,16,0.0834383246102317
3281,h2_demand,2030,65,17,17,0.0834383246102317
3282,h2_demand,2030,65,18,18,0.08343832461023168
3283,h2_demand,2030,65,19,19,0.0834383246102317
3284,h2_demand,2030,65,20,20,0.0834383246102317
3285,h2_demand,2030,65,21,21,0.0834383246102317
3286,h2_demand,2030,65,22,22,0.0834383246102317
3287,h2_demand,2030,65,23,23,0.0834383246102317
3288,h2_demand,2030,65,24,24,0.0834383246102317
3289,h2_demand,2030,66,1,1,0.2644025088887531
3290,h2_demand,2030,66,2,2,0.26440250888875305
3291,h2_demand,2030,66,3,3,0.26440250888875305
3292,h2_demand,2030,66,4,4,0.26440250888875305
3293,h2_demand,2030,66,5,5,0.26440250888875305
3294,h2_demand,2030,66,6,6,0.26440250888875305
3295,h2_demand,2030,66,7,7,0.26440250888875305
3296,h2_demand,2030,66,8,8,0.26440250888875305
3297,h2_demand,2030,66,9,9,0.26440250888875305
3298,h2_demand,2030,66,10,10,0.26440250888875305
3299,h2_demand,2030,66,11,11,0.26440250888875305
3300,h2_demand,2030,66,12,12,0.26440250888875305
3301,h2_demand,2030,66,13,13,0.26440250888875305
3302,h2_demand,2030,66,14,14,0.26440250888875305
3303,h2_demand,2030,66,15,15,0.26440250888875305
3304,h2_demand,2030,66,16,16,0.26440250888875305
3305,h2_demand,2030,66,17,17,0.26440250888875305
3306,h2_demand,2030,66,18,18,0.26440250888875305
3307,h2_demand,2030,66,19,19,0.26440250888875305
3308,h2_demand,2030,66,20,20,0.26440250888875305
3309,h2_demand,2030,66,21,21,0.26440250888875305
3310,h2_demand,2030,66,22,22,0.26440250888875305
3311,h2_demand,2030,66,23,23,0.26440250888875305
3312,h2_demand,2030,66,24,24,0.26440250888875305
3313,h2_demand,2030,67,1,1,0.06638284098746976
3314,h2_demand,2030,67,2,2,0.06638284098746977
3315,h2_demand,2030,67,3,3,0.028046750317205976
3316,h2_demand,2030,67,4,4,0.028046750317205976
3317,h2_demand,2030,67,5,5,0.06638284098746977
3318,h2_demand,2030,67,6,6,0.06638284098746977
3319,h2_demand,2030,67,7,7,0.06638284098746976
3320,h2_demand,2030,67,8,8,0.06638284098746977
3321,h2_demand,2030,67,9,9,0.06638284098746977
3322,h2_demand,2030,67,10,10,0.06638284098746976
3323,h2_demand,2030,67,11,11,0.06638284098746977
3324,h2_demand,2030,67,12,12,0.06638284098746977
3325,h2_demand,2030,67,13,13,0.06638284098746977
3326,h2_demand,2030,67,14,14,0.06638284098746977
3327,h2_demand,2030,67,15,15,0.06638284098746977
3328,h2_demand,2030,67,16,16,0.06638284098746977
3329,h2_demand,2030,67,17,17,0.06638284098746977
3330,h2_demand,2030,67,18,18,0.06638284098746977
3331,h2_demand,2030,67,19,19,0.06638284098746977
3332,h2_demand,2030,67,20,20,0.06638284098746977
3333,h2_demand,2030,67,21,21,0.06638284098746977
3334,h2_demand,2030,67,22,22,0.06638284098746977
3335,h2_demand,2030,67,23,23,0.06638284098746977
3336,h2_demand,2030,67,24,24,0.06638284098746977
3337,h2_demand,2030,68,1,1,0.06374188125325933
3338,h2_demand,2030,68,2,2,0.06374188125325933
3339,h2_demand,2030,68,3,3,0.06374188125325933
3340,h2_demand,2030,68,4,4,0.06374188125325933
3341,h2_demand,2030,68,5,5,0.06374188125325933
3342,h2_demand,2030,68,6,6,0.06374188125325933
3343,h2_demand,2030,68,7,7,0.06374188125325933
3344,h2_demand,2030,68,8,8,0.06374188125325933
3345,h2_demand,2030,68,9,9,0.06374188125325933
3346,h2_demand,2030,68,10,10,0.06374188125325933
3347,h2_demand,2030,68,11,11,0.06374188125325933
3348,h2_demand,2030,68,12,12,0.06374188125325933
3349,h2_demand,2030,68,13,13,0.06374188125325933
3350,h2_demand,2030,68,14,14,0.06374188125325933
3351,h2_demand,2030,68,15,15,0.06374188125325933
3352,h2_demand,2030,68,16,16,0.06374188125325933
3353,h2_demand,2030,68,17,17,0.06374188125325933
3354,h2_demand,2030,68,18,18,0.06374188125325933
3355,h2_demand,2030,68,19,19,0.026930944829502073
3356,h2_demand,2030,68,20,20,0.026930944829502073
3357,h2_demand,2030,68,21,21,0.026930944829502073
3358,h2_demand,2030,68,22,22,0.026930944829502073
3359,h2_demand,2030,68,23,23,0.026930944829502073
3360,h2_demand,2030,68,24,24,0.026930944829502073
3361,h2_demand,2030,69,1,1,0.12122735178288153
3362,h2_demand,2030,69,2,2,0.12122735178288155
3363,h2_demand,2030,69,3,3,0.12122735178288155
3364,h2_demand,2030,69,4,4,0.12122735178288155
3365,h2_demand,2030,69,5,5,0.12122735178288155
3366,h2_demand,2030,69,6,6,0.12122735178288155
3367,h2_demand,2030,69,7,7,0.12122735178288155
3368,h2_demand,2030,69,8,8,0.12122735178288155
3369,h2_demand,2030,69,9,9,0.12122735178288155
3370,h2_demand,2030,69,10,10,0.12122735178288155
3371,h2_demand,2030,69,11,11,0.12122735178288155
3372,h2_demand,2030,69,12,12,0.12122735178288155
3373,h2_demand,2030,69,13,13,0.12122735178288155
3374,h2_demand,2030,69,14,14,0.12122735178288155
3375,h2_demand,2030,69,15,15,0.12122735178288155
3376,h2_demand,2030,69,16,16,0.12122735178288155
3377,h2_demand,2030,69,17,17,0.12122735178288155
3378,h2_demand,2030,69,18,18,0.12122735178288155
3379,h2_demand,2030,69,19,19,0.12122735178288155
3380,h2_demand,2030,69,20,20,0.12122735178288155
3381,h2_demand,2030,69,21,21,0.12122735178288155
3382,h2_demand,2030,69,22,22,0.12122735178288155
3383,h2_demand,2030,69,23,23,0.12122735178288155
3384,h2_demand,2030,69,24,24,0.12122735178288155
3385,h2_demand,2030,70,1,1,0.06179106885418738
3386,h2_demand,2030,70,2,2,0.06179106885418737
3387,h2_demand,2030,70,3,3,0.06179106885418737
3388,h2_demand,2030,70,4,4,0.06179106885418737
3389,h2_demand,2030,70,5,5,0.06179106885418737
3390,h2_demand,2030,70,6,6,0.06179106885418737
3391,h2_demand,2030,70,7,7,0.06179106885418737
3392,h2_demand,2030,70,8,8,0.06179106885418737
3393,h2_demand,2030,70,9,9,0.06179106885418737
3394,h2_demand,2030,70,10,10,0.06179106885418737
3395,h2_demand,2030,70,11,11,0.06179106885418737
3396,h2_demand,2030,70,12,12,0.06179106885418735
3397,h2_demand,2030,70,13,13,0.06179106885418735
3398,h2_demand,2030,70,14,14,0.06179106885418735
3399,h2_demand,2030,70,15,15,0.06179106885418735
3400,h2_demand,2030,70,16,16,0.06179106885418735
3401,h2_demand,2030,70,17,17,0.06179106885418735
3402,h2_demand,2030,70,18,18,0.06179106885418735
3403,h2_demand,2030,70,19,19,0.06179106885418735
3404,h2_demand,2030,70,20,20,0.06179106885418737
3405,h2_demand,2030,70,21,21,0.06179106885418737
3406,h2_demand,2030,70,22,22,0.06179106885418737
3407,h2_demand,2030,70,23,23,0.06179106885418737
3408,h2_demand,2030,70,24,24,0.02610672659089417
3409,h2_demand,2030,71,1,1,0.12273059676205096
3410,h2_demand,2030,71,2,2,0.12273059676205096
3411,h2_demand,2030,71,3,3,0.12273059676205096
3412,h2_demand,2030,71,4,4,0.12273059676205096
3413,h2_demand,2030,71,5,5,0.12273059676205096
3414,h2_demand,2030,71,6,6,0.12273059676205096
3415,h2_demand,2030,71,7,7,0.12273059676205096
3416,h2_demand,2030,71,8,8,0.12273059676205096
3417,h2_demand,2030,71,9,9,0.12273059676205096
3418,h2_demand,2030,71,10,10,0.12273059676205096
3419,h2_demand,2030,71,11,11,0.12273059676205096
3420,h2_demand,2030,71,12,12,0.12273059676205096
3421,h2_demand,2030,71,13,13,0.12273059676205096
3422,h2_demand,2030,71,14,14,0.12273059676205096
3423,h2_demand,2030,71,15,15,0.12273059676205096
3424,h2_demand,2030,71,16,16,0.12273059676205096
3425,h2_demand,2030,71,17,17,0.12273059676205096
3426,h2_demand,2030,71,18,18,0.12273059676205096
3427,h2_demand,2030,71,19,19,0.12273059676205096
3428,h2_demand,2030,71,20,20,0.12273059676205096
3429,h2_demand,2030,71,21,21,0.12273059676205096
3430,h2_demand,2030,71,22,22,0.12273059676205096
3431,h2_demand,2030,71,23,23,0.12273059676205096
3432,h2_demand,2030,71,24,24,0.12273059676205096
3433,h2_demand,2030,72,1,1,0.03685415669452967
3434,h2_demand,2030,72,2,2,0.03685415669452967
3435,h2_demand,2030,72,3,3,0.03685415669452967
3436,h2_demand,2030,72,4,4,0.03685415669452967
3437,h2_demand,2030,72,5,5,0.03685415669452967
3438,h2_demand,2030,72,6,6,0.08722877324149035
3439,h2_demand,2030,72,7,7,0.08722877324149035
3440,h2_demand,2030,72,8,8,0.08722877324149034
3441,h2_demand,2030,72,9,9,0.08722877324149034
3442,h2_demand,2030,72,10,10,0.08722877324149034
3443,h2_demand,2030,72,11,11,0.08722877324149034
3444,h2_demand,2030,72,12,12,0.08722877324149034
3445,h2_demand,2030,72,13,13,0.08722877324149034
3446,h2_demand,2030,72,14,14,0.08722877324149034
3447,h2_demand,2030,72,15,15,0.08722877324149034
3448,h2_demand,2030,72,16,16,0.08722877324149034
3449,h2_demand,2030,72,17,17,0.08722877324149034
3450,h2_demand,2030,72,18,18,0.08722877324149034
3451,h2_demand,2030,72,19,19,0.08722877324149034
3452,h2_demand,2030,72,20,20,0.08722877324149034
3453,h2_demand,2030,72,21,21,0.08722877324149034
3454,h2_demand,2030,72,22,22,0.08722877324149034
3455,h2_demand,2030,72,23,23,0.08722877324149034
3456,h2_demand,2030,72,24,24,0.08722877324149034
3457,spillage,2030,1,1,1,0.0
3458,spillage,2030,1,2,2,0.0
3459,spillage,2030,1,3,3,0.0
3460,spillage,2030,1,4,4,0.0
3461,spillage,2030,1,5,5,0.0
3462,spillage,2030,1,6,6,0.0
3463,spillage,2030,1,7,7,0.0
3464,spillage,2030,1,8,8,0.0
3465,spillage,2030,1,9,9,0.0
3466,spillage,2030,1,10,10,0.0
3467,spillage,2030,1,11,11,0.0
3468,spillage,2030,1,12,12,0.0
3469,spillage,2030,1,13,13,0.0
3470,spillage,2030,1,14,14,0.0
3471,spillage,2030,1,15,15,0.0
3472,spillage,2030,1,16,16,0.0
3473,spillage,2030,1,17,17,0.0
3474,spillage,2030,1,18,18,0.0
3475,spillage,2030,1,19,19,0.0
3476,spillage,2030,1,20,20,0.0
3477,spillage,2030,1,21,21,0.0
3478,spillage,2030,1,22,22,0.0
3479,spillage,2030,1,23,23,0.0
3480,spillage,2030,1,24,24,0.0
3481,spillage,2030,2,1,1,0.0
3482,spillage,2030,2,2,2,0.0
3483,spillage,2030,2,3,3,0.0
3484,spillage,2030,2,4,4,0.0
3485,spillage,2030,2,5,5,0.0
3486,spillage,2030,2,6,6,0.0
3487,spillage,2030,2,7,7,0.0
3488,spillage,2030,2,8,8,0.0
3489,spillage,2030,2,9,9,0.0
3490,spillage,2030,2,10,10,0.0
3491,spillage,2030,2,11,11,0.0
3492,spillage,2030,2,12,12,0.0
3493,spillage,2030,2,13,13,0.0
3494,spillage,2030,2,14,14,0.0
3495,spillage,2030,2,15,15,0.0
3496,spillage,2030,2,16,16,0.0
3497,spillage,2030,2,17,17,0.0
3498,spillage,2030,2,18,18,0.0
3499,spillage,2030,2,19,19,0.0
3500,spillage,2030,2,20,20,0.0
3501,spillage,2030,2,21,21,0.0
3502,spillage,2030,2,22,22,0.0
3503,spillage,2030,2,23,23,0.0
3504,spillage,2030,2,24,24,0.0
3505,spillage,2030,3,1,1,0.0
3506,spillage,2030,3,2,2,0.0
3507,spillage,2030,3,3,3,0.0
3508,spillage,2030,3,4,4,0.0
3509,spillage,2030,3,5,5,0.0
3510,spillage,2030,3,6,6,0.0
3511,spillage,2030,3,7,7,0.0
3512,spillage,2030,3,8,8,0.0
3513,spillage,2030,3,9,9,0.0
3514,spillage,2030,3,10,10,0.0
3515,spillage,2030,3,11,11,0.0
3516,spillage,2030,3,12,12,0.0
3517,spillage,2030,3,13,13,0.0
3518,spillage,2030,3,14,14,0.0
3519,spillage,2030,3,15,15,0.0
3520,spillage,2030,3,16,16,0.0
3521,spillage,2030,3,17,17,0.0
3522,spillage,2030,3,18,18,0.0
3523,spillage,2030,3,19,19,0.0
3524,spillage,2030,3,20,20,0.0
3525,spillage,2030,3,21,21,0.0
3526,spillage,2030,3,22,22,0.0
3527,spillage,2030,3,23,23,0.0
3528,spillage,2030,3,24,24,0.0
3529,spillage,2030,4,1,1,0.0
3530,spillage,2030,4,2,2,0.0
3531,spillage,2030,4,3,3,0.0
3532,spillage,2030,4,4,4,0.0
3533,spillage,2030,4,5,5,0.0
3534,spillage,2030,4,6,6,0.0
3535,spillage,2030,4,7,7,0.0
3536,spillage,2030,4,8,8,0.0
3537,spillage,2030,4,9,9,0.0
3538,spillage,2030,4,10,10,0.0
3539,spillage,2030,4,11,11,0.0
3540,spillage,2030,4,12,12,0.0
3541,spillage,2030,4,13,13,0.0
3542,spillage,2030,4,14,14,0.0
3543,spillage,2030,4,15,15,0.0
3544,spillage,2030,4,16,16,0.0
3545,spillage,2030,4,17,17,0.0
3546,spillage,2030,4,18,18,0.0
3547,spillage,2030,4,19,19,0.0
3548,spillage,2030,4,20,20,0.0
3549,spillage,2030,4,21,21,0.0
3550,spillage,2030,4,22,22,0.0
3551,spillage,2030,4,23,23,0.0
3552,spillage,2030,4,24,24,0.0
3553,spillage,2030,5,1,1,0.0
3554,spillage,2030,5,2,2,0.0
3555,spillage,2030,5,3,3,0.0
3556,spillage,2030,5,4,4,0.0
3557,spillage,2030,5,5,5,0.0
3558,spillage,2030,5,6,6,0.0
3559,spillage,2030,5,7,7,0.0
3560,spillage,2030,5,8,8,0.0
3561,spillage,2030,5,9,9,0.0
3562,spillage,2030,5,10,10,0.0
3563,spillage,2030,5,11,11,0.0
3564,spillage,2030,5,12,12,0.0
3565,spillage,2030,5,13,13,0.0
3566,spillage,2030,5,14,14,0.0
3567,spillage,2030,5,15,15,0.0
3568,spillage,2030,5,16,16,0.0
3569,spillage,2030,5,17,17,0.0
3570,spillage,2030,5,18,18,0.0
3571,spillage,2030,5,19,19,0.0
3572,spillage,2030,5,20,20,0.0
3573,spillage,2030,5,21,21,0.0
3574,spillage,2030,5,22,22,0.0
3575,spillage,2030,5,23,23,0.0
3576,spillage,2030,5,24,24,0.0
3577,spillage,2030,6,1,1,0.0
3578,spillage,2030,6,2,2,0.0
3579,spillage,2030,6,3,3,0.0
3580,spillage,2030,6,4,4,0.0
3581,spillage,2030,6,5,5,0.0
3582,spillage,2030,6,6,6,0.0
3583,spillage,2030,6,7,7,0.0
3584,spillage,2030,6,8,8,0.0
3585,spillage,2030,6,9,9,0.0
3586,spillage,2030,6,10,10,0.0
3587,spillage,2030,6,11,11,0.0
3588,spillage,2030,6,12,12,0.0
3589,spillage,2030,6,13,13,0.0
3590,spillage,2030,6,14,14,0.0
3591,spillage,2030,6,15,15,0.0
3592,spillage,2030,6,16,16,0.0
3593,spillage,2030,6,17,17,0.0
3594,spillage,2030,6,18,18,0.0
3595,spillage,2030,6,19,19,0.0
3596,spillage,2030,6,20,20,0.0
3597,spillage,2030,6,21,21,0.0
3598,spillage,2030,6,22,22,0.0
3599,spillage,2030,6,23,23,0.0
3600,spillage,2030,6,24,24,0.0
3601,spillage,2030,7,1,1,0.0
3602,spillage,2030,7,2,2,0.0
3603,spillage,2030,7,3,3,0.0
3604,spillage,2030,7,4,4,0.0
3605,spillage,2030,7,5,5,0.0
3606,spillage,2030,7,6,6,0.0
3607,spillage,2030,7,7,7,0.0
3608,spillage,2030,7,8,8,0.0
3609,spillage,2030,7,9,9,0.0
3610,spillage,2030,7,10,10,0.0
3611,spillage,2030,7,11,11,0.0
3612,spillage,2030,7,12,12,0.0
3613,spillage,2030,7,13,13,0.0
3614,spillage,2030,7,14,14,0.0
3615,spillage,2030,7,15,15,0.0
3616,spillage,2030,7,16,16,0.0
3617,spillage,2030,7,17,17,0.0
3618,spillage,2030,7,18,18,0.0
3619,spillage,2030,7,19,19,0.0
3620,spillage,2030,7,20,20,0.0
3621,spillage,2030,7,21,21,0.0
3622,spillage,2030,7,22,22,0.0
3623,spillage,2030,7,23,23,0.0
3624,spillage,2030,7,24,24,0.0
3625,spillage,2030,8,1,1,0.0
3626,spillage,2030,8,2,2,0.0
3627,spillage,2030,8,3,3,0.0
3628,spillage,2030,8,4,4,0.0
3629,spillage,2030,8,5,5,0.0
3630,spillage,2030,8,6,6,0.0
3631,spillage,2030,8,7,7,0.0
3632,spillage,2030,8,8,8,0.0
3633,spillage,2030,8,9,9,0.0
3634,spillage,2030,8,10,10,0.0
3635,spillage,2030,8,11,11,0.0
3636,spillage,2030,8,12,12,0.0
3637,spillage,2030,8,13,13,0.0
3638,spillage,2030,8,14,14,0.0
3639,spillage,2030,8,15,15,0.0
3640,spillage,2030,8,16,16,0.0
3641,spillage,2030,8,17,17,0.0
3642,spillage,2030,8,18,18,0.0
3643,spillage,2030,8,19,19,0.0
3644,spillage,2030,8,20,20,0.0
3645,spillage,2030,8,21,21,0.0
3646,spillage,2030,8,22,22,0.0
3647,spillage,2030,8,23,23,0.0
3648,spillage,2030,8,24,24,0.0
3649,spillage,2030,9,1,1,0.0
3650,spillage,2030,9,2,2,0.0
3651,spillage,2030,9,3,3,0.0
3652,spillage,2030,9,4,4,0.0
3653,spillage,2030,9,5,5,0.0
3654,spillage,2030,9,6,6,0.0
3655,spillage,2030,9,7,7,0.0
3656,spillage,2030,9,8,8,0.0
3657,spillage,2030,9,9,9,0.0
3658,spillage,2030,9,10,10,0.0
3659,spillage,2030,9,11,11,0.0
3660,spillage,2030,9,12,12,0.0
3661,spillage,2030,9,13,13,0.0
3662,spillage,2030,9,14,14,0.0
3663,spillage,2030,9,15,15,0.0
3664,spillage,2030,9,16,16,0.0
3665,spillage,2030,9,17,17,0.0
3666,spillage,2030,9,18,18,0.0
3667,spillage,2030,9,19,19,0.0
3668,spillage,2030,9,20,20,0.0
3669,spillage,2030,9,21,21,0.0
3670,spillage,2030,9,22,22,0.0
3671,spillage,2030,9,23,23,0.0
3672,spillage,2030,9,24,24,0.0
3673,spillage,2030,10,1,1,0.0
3674,spillage,2030,10,2,2,0.0
3675,spillage,2030,10,3,3,0.0
3676,spillage,2030,10,4,4,0.0
3677,spillage,2030,10,5,5,0.0
3678,spillage,2030,10,6,6,0.0
3679,spillage,2030,10,7,7,0.0
3680,spillage,2030,10,8,8,0.0
3681,spillage,2030,10,9,9,0.0
3682,spillage,2030,10,10,10,0.0
3683,spillage,2030,10,11,11,0.0
3684,spillage,2030,10,12,12,0.0
3685,spillage,2030,10,13,13,0.0
3686,spillage,2030,10,14,14,0.0
3687,spillage,2030,10,15,15,0.0
3688,spillage,2030,10,16,16,0.0
3689,spillage,2030,10,17,17,0.0
3690,spillage,2030,10,18,18,0.0
3691,spillage,2030,10,19,19,0.0
3692,spillage,2030,10,20,20,0.0
3693,spillage,2030,10,21,21,0.0
3694,spillage,2030,10,22,22,0.0
3695,spillage,2030,10,23,23,0.0
3696,spillage,2030,10,24,24,0.0
3697,spillage,2030,11,1,1,0.0
3698,spillage,2030,11,2,2,0.0
3699,spillage,2030,11,3,3,0.0
3700,spillage,2030,11,4,4,0.0
3701,spillage,2030,11,5,5,0.0
3702,spillage,2030,11,6,6,0.0
3703,spillage,2030,11,7,7,0.0
3704,spillage,2030,11,8,8,0.0
3705,spillage,2030,11,9,9,0.0
3706,spillage,2030,11,10,10,0.0
3707,spillage,2030,11,11,11,0.0
3708,spillage,2030,11,12,12,0.0
3709,spillage,2030,11,13,13,0.0
3710,spillage,2030,11,14,14,0.0
3711,spillage,2030,11,15,15,0.0
3712,spillage,2030,11,16,16,0.0
3713,spillage,2030,11,17,17,0.0
3714,spillage,2030,11,18,18,0.0
3715,spillage,2030,11,19,19,0.0
3716,spillage,2030,11,20,20,0.0
3717,spillage,2030,11,21,21,0.0
3718,spillage,2030,11,22,22,0.0
3719,spillage,2030,11,23,23,0.0
3720,spillage,2030,11,24,24,0.0
3721,spillage,2030,12,1,1,0.0
3722,spillage,2030,12,2,2,0.0
3723,spillage,2030,12,3,3,0.0
3724,spillage,2030,12,4,4,0.0
3725,spillage,2030,12,5,5,0.0
3726,spillage,2030,12,6,6,0.0
3727,spillage,2030,12,7,7,0.0
3728,spillage,2030,12,8,8,0.0
3729,spillage,2030,12,9,9,0.0
3730,spillage,2030,12,10,10,0.0
3731,spillage,2030,12,11,11,0.0
3732,spillage,2030,12,12,12,0.0
3733,spillage,2030,12,13,13,0.0
3734,spillage,2030,12,14,14,0.0
3735,spillage,2030,12,15,15,0.0
3736,spillage,2030,12,16,16,0.0
3737,spillage,2030,12,17,17,0.0
3738,spillage,2030,12,18,18,0.0
3739,spillage,2030,12,19,19,0.0
3740,spillage,2030,12,20,20,0.0
3741,spillage,2030,12,21,21,0.0
3742,spillage,2030,12,22,22,0.0
3743,spillage,2030,12,23,23,0.0
3744,spillage,2030,12,24,24,0.0
3745,spillage,2030,13,1,1,0.0
3746,spillage,2030,13,2,2,0.0
3747,spillage,2030,13,3,3,0.0
3748,spillage,2030,13,4,4,0.0
3749,spillage,2030,13,5,5,0.0
3750,spillage,2030,13,6,6,0.0
3751,spillage,2030,13,7,7,0.0
3752,spillage,2030,13,8,8,0.0
3753,spillage,2030,13,9,9,0.0
3754,spillage,2030,13,10,10,0.0
3755,spillage,2030,13,11,11,0.0
3756,spillage,2030,13,12,12,0.0
3757,spillage,2030,13,13,13,0.0
3758,spillage,2030,13,14,14,0.0
3759,spillage,2030,13,15,15,0.0
3760,spillage,2030,13,16,16,0.0
3761,spillage,2030,13,17,17,0.0
3762,spillage,2030,13,18,18,0.0
3763,spillage,2030,13,19,19,0.0
3764,spillage,2030,13,20,20,0.0
3765,spillage,2030,13,21,21,0.0
3766,spillage,2030,13,22,22,0.0
3767,spillage,2030,13,23,23,0.0
3768,spillage,2030,13,24,24,0.0
3769,spillage,2030,14,1,1,0.0
3770,spillage,2030,14,2,2,0.0
3771,spillage,2030,14,3,3,0.0
3772,spillage,2030,14,4,4,0.0
3773,spillage,2030,14,5,5,0.0
3774,spillage,2030,14,6,6,0.0
3775,spillage,2030,14,7,7,0.0
3776,spillage,2030,14,8,8,0.0
3777,spillage,2030,14,9,9,0.0
3778,spillage,2030,14,10,10,0.0
3779,spillage,2030,14,11,11,0.0
3780,spillage,2030,14,12,12,0.0
3781,spillage,2030,14,13,13,0.0
3782,spillage,2030,14,14,14,0.0
3783,spillage,2030,14,15,15,0.0
3784,spillage,2030,14,16,16,0.0
3785,spillage,2030,14,17,17,0.0
3786,spillage,2030,14,18,18,0.0
3787,spillage,2030,14,19,19,0.0
3788,spillage,2030,14,20,20,0.0
3789,spillage,2030,14,21,21,0.0
3790,spillage,2030,14,22,22,0.0
3791,spillage,2030,14,23,23,0.0
3792,spillage,2030,14,24,24,0.0
3793,spillage,2030,15,1,1,0.0
3794,spillage,2030,15,2,2,0.0
3795,spillage,2030,15,3,3,0.0
3796,spillage,2030,15,4,4,0.0
3797,spillage,2030,15,5,5,0.0
3798,spillage,2030,15,6,6,0.0
3799,spillage,2030,15,7,7,0.0
3800,spillage,2030,15,8,8,0.0
3801,spillage,2030,15,9,9,0.0
3802,spillage,2030,15,10,10,0.0
3803,spillage,2030,15,11,11,0.0
3804,spillage,2030,15,12,12,0.0
3805,spillage,2030,15,13,13,0.0
3806,spillage,2030,15,14,14,0.0
3807,spillage,2030,15,15,15,0.0
3808,spillage,2030,15,16,16,0.0
3809,spillage,2030,15,17,17,0.0
3810,spillage,2030,15,18,18,0.0
3811,spillage,2030,15,19,19,0.0
3812,spillage,2030,15,20,20,0.0
3813,spillage,2030,15,21,21,0.0
3814,spillage,2030,15,22,22,0.0
3815,spillage,2030,15,23,23,0.0
3816,spillage,2030,15,24,24,0.0
3817,spillage,2030,16,1,1,0.0
3818,spillage,2030,16,2,2,0.0
3819,spillage,2030,16,3,3,0.0
3820,spillage,2030,16,4,4,0.0
3821,spillage,2030,16,5,5,0.0
3822,spillage,2030,16,6,6,0.0
3823,spillage,2030,16,7,7,0.0
3824,spillage,2030,16,8,8,0.0
3825,spillage,2030,16,9,9,0.0
3826,spillage,2030,16,10,10,0.0
3827,spillage,2030,16,11,11,0.0
3828,spillage,2030,16,12,12,0.0
3829,spillage,2030,16,13,13,0.0
3830,spillage,2030,16,14,14,0.0
3831,spillage,2030,16,15,15,0.0
3832,spillage,2030,16,16,16,0.0
3833,spillage,2030,16,17,17,0.0
3834,spillage,2030,16,18,18,0.0
3835,spillage,2030,16,19,19,0.0
3836,spillage,2030,16,20,20,0.0
3837,spillage,2030,16,21,21,0.0
3838,spillage,2030,16,22,22,0.0
3839,spillage,2030,16,23,23,0.0
3840,spillage,2030,16,24,24,0.0
3841,spillage,2030,17,1,1,0.0
3842,spillage,2030,17,2,2,0.0
3843,spillage,2030,17,3,3,0.0
3844,spillage,2030,17,4,4,0.0
3845,spillage,2030,17,5,5,0.0
3846,spillage,2030,17,6,6,0.0
3847,spillage,2030,17,7,7,0.0
3848,spillage,2030,17,8,8,0.0
3849,spillage,2030,17,9,9,0.0
3850,spillage,2030,17,10,10,0.0
3851,spillage,2030,17,11,11,0.0
3852,spillage,2030,17,12,12,0.0
3853,spillage,2030,17,13,13,0.0
3854,spillage,2030,17,14,14,0.0
3855,spillage,2030,17,15,15,0.0
3856,spillage,2030,17,16,16,0.0
3857,spillage,2030,17,17,17,0.0
3858,spillage,2030,17,18,18,0.0
3859,spillage,2030,17,19,19,0.0
3860,spillage,2030,17,20,20,0.0
3861,spillage,2030,17,21,21,0.0
3862,spillage,2030,17,22,22,0.0
3863,spillage,2030,17,23,23,0.0
3864,spillage,2030,17,24,24,0.0
3865,spillage,2030,18,1,1,0.0
3866,spillage,2030,18,2,2,0.0
3867,spillage,2030,18,3,3,0.0
3868,spillage,2030,18,4,4,0.0
3869,spillage,2030,18,5,5,0.0
3870,spillage,2030,18,6,6,0.0
3871,spillage,2030,18,7,7,0.0
3872,spillage,2030,18,8,8,0.0
3873,spillage,2030,18,9,9,0.0
3874,spillage,2030,18,10,10,0.0
3875,spillage,2030,18,11,11,0.0
3876,spillage,2030,18,12,12,0.0
3877,spillage,2030,18,13,13,0.0
3878,spillage,2030,18,14,14,0.0
3879,spillage,2030,18,15,15,0.0
3880,spillage,2030,18,16,16,0.0
3881,spillage,2030,18,17,17,0.0
3882,spillage,2030,18,18,18,0.0
3883,spillage,2030,18,19,19,0.0
3884,spillage,2030,18,20,20,0.0
3885,spillage,2030,18,21,21,0.0
3886,spillage,2030,18,22,22,0.0
3887,spillage,2030,18,23,23,0.0
3888,spillage,2030,18,24,24,0.0
3889,spillage,2030,19,1,1,0.0
3890,spillage,2030,19,2,2,0.0
3891,spillage,2030,19,3,3,0.0
3892,spillage,2030,19,4,4,0.0
3893,spillage,2030,19,5,5,0.0
3894,spillage,2030,19,6,6,0.0
3895,spillage,2030,19,7,7,0.0
3896,spillage,2030,19,8,8,0.0
3897,spillage,2030,19,9,9,0.0
3898,spillage,2030,19,10,10,0.0
3899,spillage,2030,19,11,11,0.0
3900,spillage,2030,19,12,12,0.0
3901,spillage,2030,19,13,13,0.0
3902,spillage,2030,19,14,14,0.0
3903,spillage,2030,19,15,15,0.0
3904,spillage,2030,19,16,16,0.0
3905,spillage,2030,19,17,17,0.0
3906,spillage,2030,19,18,18,0.0
3907,spillage,2030,19,19,19,0.0
3908,spillage,2030,19,20,20,0.0
3909,spillage,2030,19,21,21,0.0
3910,spillage,2030,19,22,22,0.0
3911,spillage,2030,19,23,23,0.0
3912,spillage,2030,19,24,24,0.0
3913,spillage,2030,20,1,1,0.0
3914,spillage,2030,20,2,2,0.0
3915,spillage,2030,20,3,3,0.0
3916,spillage,2030,20,4,4,0.0
3917,spillage,2030,20,5,5,0.0
3918,spillage,2030,20,6,6,0.0
3919,spillage,2030,20,7,7,0.0
3920,spillage,2030,20,8,8,0.0
3921,spillage,2030,20,9,9,0.0
3922,spillage,2030,20,10,10,0.0
3923,spillage,2030,20,11,11,0.0
3924,spillage,2030,20,12,12,0.0
3925,spillage,2030,20,13,13,0.0
3926,spillage,2030,20,14,14,0.0
3927,spillage,2030,20,15,15,0.0
3928,spillage,2030,20,16,16,0.0
3929,spillage,2030,20,17,17,0.0
3930,spillage,2030,20,18,18,0.0
3931,spillage,2030,20,19,19,0.0
3932,spillage,2030,20,20,20,0.0
3933,spillage,2030,20,21,21,0.0
3934,spillage,2030,20,22,22,0.0
3935,spillage,2030,20,23,23,0.0
3936,spillage,2030,20,24,24,0.0
3937,spillage,2030,21,1,1,0.0
3938,spillage,2030,21,2,2,0.0
3939,spillage,2030,21,3,3,0.0
3940,spillage,2030,21,4,4,0.0
3941,spillage,2030,21,5,5,0.0
3942,spillage,2030,21,6,6,0.0
3943,spillage,2030,21,7,7,0.0
3944,spillage,2030,21,8,8,0.0
3945,spillage,2030,21,9,9,0.0
3946,spillage,2030,21,10,10,0.0
3947,spillage,2030,21,11,11,0.0
3948,spillage,2030,21,12,12,0.0
3949,spillage,2030,21,13,13,0.0
3950,spillage,2030,21,14,14,0.0
3951,spillage,2030,21,15,15,0.0
3952,spillage,2030,21,16,16,0.0
3953,spillage,2030,21,17,17,0.0
3954,spillage,2030,21,18,18,0.0
3955,spillage,2030,21,19,19,0.0
3956,spillage,2030,21,20,20,0.0
3957,spillage,2030,21,21,21,0.0
3958,spillage,2030,21,22,22,0.0
3959,spillage,2030,21,23,23,0.0
3960,spillage,2030,21,24,24,0.0
3961,spillage,2030,22,1,1,0.0
3962,spillage,2030,22,2,2,0.0
3963,spillage,2030,22,3,3,0.0
3964,spillage,2030,22,4,4,0.0
3965,spillage,2030,22,5,5,0.0
3966,spillage,2030,22,6,6,0.0
3967,spillage,2030,22,7,7,0.0
3968,spillage,2030,22,8,8,0.0
3969,spillage,2030,22,9,9,0.0
3970,spillage,2030,22,10,10,0.0
3971,spillage,2030,22,11,11,0.0
3972,spillage,2030,22,12,12,0.0
3973,spillage,2030,22,13,13,0.0
3974,spillage,2030,22,14,14,0.0
3975,spillage,2030,22,15,15,0.0
3976,spillage,2030,22,16,16,0.0
3977,spillage,2030,22,17,17,0.0
3978,spillage,2030,22,18,18,0.0
3979,spillage,2030,22,19,19,0.0
3980,spillage,2030,22,20,20,0.0
3981,spillage,2030,22,21,21,0.0
3982,spillage,2030,22,22,22,0.0
3983,spillage,2030,22,23,23,0.0
3984,spillage,2030,22,24,24,0.0
3985,spillage,2030,23,1,1,0.0
3986,spillage,2030,23,2,2,0.0
3987,spillage,2030,23,3,3,0.0
3988,spillage,2030,23,4,4,0.0
3989,spillage,2030,23,5,5,0.0
3990,spillage,2030,23,6,6,0.0
3991,spillage,2030,23,7,7,0.0
3992,spillage,2030,23,8,8,0.0
3993,spillage,2030,23,9,9,0.0
3994,spillage,2030,23,10,10,0.0
3995,spillage,2030,23,11,11,0.0
3996,spillage,2030,23,12,12,0.0
3997,spillage,2030,23,13,13,0.0
3998,spillage,2030,23,14,14,0.0
3999,spillage,2030,23,15,15,0.0
4000,spillage,2030,23,16,16,0.0
4001,spillage,2030,23,17,17,0.0
4002,spillage,2030,23,18,18,0.0
4003,spillage,2030,23,19,19,0.0
4004,spillage,2030,23,20,20,0.0
4005,spillage,2030,23,21,21,0.0
4006,spillage,2030,23,22,22,0.0
4007,spillage,2030,23,23,23,0.0
4008,spillage,2030,23,24,24,0.0
4009,spillage,2030,24,1,1,0.0
4010,spillage,2030,24,2,2,0.0
4011,spillage,2030,24,3,3,0.0
4012,spillage,2030,24,4,4,0.0
4013,spillage,2030,24,5,5,0.0
4014,spillage,2030,24,6,6,0.0
4015,spillage,2030,24,7,7,0.0
4016,spillage,2030,24,8,8,0.0
4017,spillage,2030,24,9,9,0.0
4018,spillage,2030,24,10,10,0.0
4019,spillage,2030,24,11,11,0.0
4020,spillage,2030,24,12,12,0.0
4021,spillage,2030,24,13,13,0.0
4022,spillage,2030,24,14,14,0.0
4023,spillage,2030,24,15,15,0.0
4024,spillage,2030,24,16,16,0.0
4025,spillage,2030,24,17,17,0.0
4026,spillage,2030,24,18,18,0.0
4027,spillage,2030,24,19,19,0.0
4028,spillage,2030,24,20,20,0.0
4029,spillage,2030,24,21,21,0.0
4030,spillage,2030,24,22,22,0.0
4031,spillage,2030,24,23,23,0.0
4032,spillage,2030,24,24,24,0.0
4033,spillage,2030,25,1,1,0.0
4034,spillage,2030,25,2,2,0.0
4035,spillage,2030,25,3,3,0.0
4036,spillage,2030,25,4,4,0.0
4037,spillage,2030,25,5,5,0.0
4038,spillage,2030,25,6,6,0.0
4039,spillage,2030,25,7,7,0.0
4040,spillage,2030,25,8,8,0.0
4041,spillage,2030,25,9,9,0.0
4042,spillage,2030,25,10,10,0.0
4043,spillage,2030,25,11,11,0.0
4044,spillage,2030,25,12,12,0.0
4045,spillage,2030,25,13,13,0.0
4046,spillage,2030,25,14,14,0.0
4047,spillage,2030,25,15,15,0.0
4048,spillage,2030,25,16,16,0.0
4049,spillage,2030,25,17,17,0.0
4050,spillage,2030,25,18,18,0.0
4051,spillage,2030,25,19,19,0.0
4052,spillage,2030,25,20,20,0.0
4053,spillage,2030,25,21,21,0.0
4054,spillage,2030,25,22,22,0.0
4055,spillage,2030,25,23,23,0.0
4056,spillage,2030,25,24,24,0.0
4057,spillage,2030,26,1,1,0.0
4058,spillage,2030,26,2,2,0.0
4059,spillage,2030,26,3,3,0.0
4060,spillage,2030,26,4,4,0.0
4061,spillage,2030,26,5,5,0.0
4062,spillage,2030,26,6,6,0.0
4063,spillage,2030,26,7,7,0.0
4064,spillage,2030,26,8,8,0.0
4065,spillage,2030,26,9,9,0.0
4066,spillage,2030,26,10,10,0.0
4067,spillage,2030,26,11,11,0.0
4068,spillage,2030,26,12,12,0.0
4069,spillage,2030,26,13,13,0.0
4070,spillage,2030,26,14,14,0.0
4071,spillage,2030,26,15,15,0.0
4072,spillage,2030,26,16,16,0.0
4073,spillage,2030,26,17,17,0.0
4074,spillage,2030,26,18,18,0.0
4075,spillage,2030,26,19,19,0.0
4076,spillage,2030,26,20,20,0.0
4077,spillage,2030,26,21,21,0.0
4078,spillage,2030,26,22,22,0.0
4079,spillage,2030,26,23,23,0.0
4080,spillage,2030,26,24,24,0.0
4081,spillage,2030,27,1,1,0.0
4082,spillage,2030,27,2,2,0.0
4083,spillage,2030,27,3,3,0.0
4084,spillage,2030,27,4,4,0.0
4085,spillage,2030,27,5,5,0.0
4086,spillage,2030,27,6,6,0.0
4087,spillage,2030,27,7,7,0.0
4088,spillage,2030,27,8,8,0.0
4089,spillage,2030,27,9,9,0.0
4090,spillage,2030,27,10,10,0.0
4091,spillage,2030,27,11,11,0.0
4092,spillage,2030,27,12,12,0.0
4093,spillage,2030,27,13,13,0.0
4094,spillage,2030,27,14,14,0.0
4095,spillage,2030,27,15,15,0.0
4096,spillage,2030,27,16,16,0.0
4097,spillage,2030,27,17,17,0.0
4098,spillage,2030,27,18,18,0.0
4099,spillage,2030,27,19,19,0.0
4100,spillage,2030,27,20,20,0.0
4101,spillage,2030,27,21,21,0.0
4102,spillage,2030,27,22,22,0.0
4103,spillage,2030,27,23,23,0.0
4104,spillage,2030,27,24,24,0.0
4105,spillage,2030,28,1,1,0.0
4106,spillage,2030,28,2,2,0.0
4107,spillage,2030,28,3,3,0.0
4108,spillage,2030,28,4,4,0.0
4109,spillage,2030,28,5,5,0.0
4110,spillage,2030,28,6,6,0.0
4111,spillage,2030,28,7,7,0.0
4112,spillage,2030,28,8,8,0.0
4113,spillage,2030,28,9,9,0.0
4114,spillage,2030,28,10,10,0.0
4115,spillage,2030,28,11,11,0.0
4116,spillage,2030,28,12,12,0.0
4117,spillage,2030,28,13,13,0.0
4118,spillage,2030,28,14,14,0.0
4119,spillage,2030,28,15,15,0.0
4120,spillage,2030,28,16,16,0.0
4121,spillage,2030,28,17,17,0.0
4122,spillage,2030,28,18,18,0.0
4123,spillage,2030,28,19,19,0.0
4124,spillage,2030,28,20,20,0.0
4125,spillage,2030,28,21,21,0.0
4126,spillage,2030,28,22,22,0.0
4127,spillage,2030,28,23,23,0.0
4128,spillage,2030,28,24,24,0.0
4129,spillage,2030,29,1,1,0.0
4130,spillage,2030,29,2,2,0.0
4131,spillage,2030,29,3,3,0.0
4132,spillage,2030,29,4,4,0.0
4133,spillage,2030,29,5,5,0.0
4134,spillage,2030,29,6,6,0.0
4135,spillage,2030,29,7,7,0.0
4136,spillage,2030,29,8,8,0.0
4137,spillage,2030,29,9,9,0.0
4138,spillage,2030,29,10,10,0.0
4139,spillage,2030,29,11,11,0.0
4140,spillage,2030,29,12,12,0.0
4141,spillage,2030,29,13,13,0.0
4142,spillage,2030,29,14,14,0.0
4143,spillage,2030,29,15,15,0.0
4144,spillage,2030,29,16,16,0.0
4145,spillage,2030,29,17,17,0.0
4146,spillage,2030,29,18,18,0.0
4147,spillage,2030,29,19,19,0.0
4148,spillage,2030,29,20,20,0.0
4149,spillage,2030,29,21,21,0.0
4150,spillage,2030,29,22,22,0.0
4151,spillage,2030,29,23,23,0.0
4152,spillage,2030,29,24,24,0.0
4153,spillage,2030,30,1,1,0.0
4154,spillage,2030,30,2,2,0.0
4155,spillage,2030,30,3,3,0.0
4156,spillage,2030,30,4,4,0.0
4157,spillage,2030,30,5,5,0.0
4158,spillage,2030,30,6,6,0.0
4159,spillage,2030,30,7,7,0.0
4160,spillage,2030,30,8,8,0.0
4161,spillage,2030,30,9,9,0.0
4162,spillage,2030,30,10,10,0.0
4163,spillage,2030,30,11,11,0.0
4164,spillage,2030,30,12,12,0.0
4165,spillage,2030,30,13,13,0.0
4166,spillage,2030,30,14,14,0.0
4167,spillage,2030,30,15,15,0.0
4168,spillage,2030,30,16,16,0.0
4169,spillage,2030,30,17,17,0.0
4170,spillage,2030,30,18,18,0.0
4171,spillage,2030,30,19,19,0.0
4172,spillage,2030,30,20,20,0.0
4173,spillage,2030,30,21,21,0.0
4174,spillage,2030,30,22,22,0.0
4175,spillage,2030,30,23,23,0.0
4176,spillage,2030,30,24,24,0.0
4177,spillage,2030,31,1,1,0.0
4178,spillage,2030,31,2,2,0.0
4179,spillage,2030,31,3,3,0.0
4180,spillage,2030,31,4,4,0.0
4181,spillage,2030,31,5,5,0.0
4182,spillage,2030,31,6,6,0.0
4183,spillage,2030,31,7,7,0.0
4184,spillage,2030,31,8,8,0.0
4185,spillage,2030,31,9,9,0.0
4186,spillage,2030,31,10,10,0.0
4187,spillage,2030,31,11,11,0.0
4188,spillage,2030,31,12,12,0.0
4189,spillage,2030,31,13,13,0.0
4190,spillage,2030,31,14,14,0.0
4191,spillage,2030,31,15,15,0.0
4192,spillage,2030,31,16,16,0.0
4193,spillage,2030,31,17,17,0.0
4194,spillage,2030,31,18,18,0.0
4195,spillage,2030,31,19,19,0.0
4196,spillage,2030,31,20,20,0.0
4197,spillage,2030,31,21,21,0.0
4198,spillage,2030,31,22,22,0.0
4199,spillage,2030,31,23,23,0.0
4200,spillage,2030,31,24,24,0.0
4201,spillage,2030,32,1,1,0.0
4202,spillage,2030,32,2,2,0.0
4203,spillage,2030,32,3,3,0.0
4204,spillage,2030,32,4,4,0.0
4205,spillage,2030,32,5,5,0.0
4206,spillage,2030,32,6,6,0.0
4207,spillage,2030,32,7,7,0.0
4208,spillage,2030,32,8,8,0.0
4209,spillage,2030,32,9,9,0.0
4210,spillage,2030,32,10,10,0.0
4211,spillage,2030,32,11,11,0.0
4212,spillage,2030,32,12,12,0.0
4213,spillage,2030,32,13,13,0.0
4214,spillage,2030,32,14,14,0.0
4215,spillage,2030,32,15,15,0.0
4216,spillage,2030,32,16,16,0.0
4217,spillage,2030,32,17,17,0.0
4218,spillage,2030,32,18,18,0.0
4219,spillage,2030,32,19,19,0.0
4220,spillage,2030,32,20,20,0.0
4221,spillage,2030,32,21,21,0.0
4222,spillage,2030,32,22,22,0.0
4223,spillage,2030,32,23,23,0.0
4224,spillage,2030,32,24,24,0.0
4225,spillage,2030,33,1,1,0.0
4226,spillage,2030,33,2,2,0.0
4227,spillage,2030,33,3,3,0.0
4228,spillage,2030,33,4,4,0.0
4229,spillage,2030,33,5,5,0.0
4230,spillage,2030,33,6,6,0.0
4231,spillage,2030,33,7,7,0.0
4232,spillage,2030,33,8,8,0.0
4233,spillage,2030,33,9,9,0.0
4234,spillage,2030,33,10,10,0.0
4235,spillage,2030,33,11,11,0.0
4236,spillage,2030,33,12,12,0.0
4237,spillage,2030,33,13,13,0.0
4238,spillage,2030,33,14,14,0.0
4239,spillage,2030,33,15,15,0.0
4240,spillage,2030,33,16,16,0.0
4241,spillage,2030,33,17,17,0.0
4242,spillage,2030,33,18,18,0.0
4243,spillage,2030,33,19,19,0.0
4244,spillage,2030,33,20,20,0.0
4245,spillage,2030,33,21,21,0.0
4246,spillage,2030,33,22,22,0.0
4247,spillage,2030,33,23,23,0.0
4248,spillage,2030,33,24,24,0.0
4249,spillage,2030,34,1,1,0.0
4250,spillage,2030,34,2,2,0.0
4251,spillage,2030,34,3,3,0.0
4252,spillage,2030,34,4,4,0.0
4253,spillage,2030,34,5,5,0.0
4254,spillage,2030,34,6,6,0.0
4255,spillage,2030,34,7,7,0.0
4256,spillage,2030,34,8,8,0.0
4257,spillage,2030,34,9,9,0.0
4258,spillage,2030,34,10,10,0.0
4259,spillage,2030,34,11,11,0.0
4260,spillage,2030,34,12,12,0.0
4261,spillage,2030,34,13,13,0.0
4262,spillage,2030,34,14,14,0.0
4263,spillage,2030,34,15,15,0.0
4264,spillage,2030,34,16,16,0.0
4265,spillage,2030,34,17,17,0.0
4266,spillage,2030,34,18,18,0.0
4267,spillage,2030,34,19,19,0.0
4268,spillage,2030,34,20,20,0.0
4269,spillage,2030,34,21,21,0.0
4270,spillage,2030,34,22,22,0.0
4271,spillage,2030,34,23,23,0.0
4272,spillage,2030,34,24,24,0.0
4273,spillage,2030,35,1,1,0.0
4274,spillage,2030,35,2,2,0.0
4275,spillage,2030,35,3,3,0.0
4276,spillage,2030,35,4,4,0.0
4277,spillage,2030,35,5,5,0.0
4278,spillage,2030,35,6,6,0.0
4279,spillage,2030,35,7,7,0.0
4280,spillage,2030,35,8,8,0.0
4281,spillage,2030,35,9,9,0.0
4282,spillage,2030,35,10,10,0.0
4283,spillage,2030,35,11,11,0.0
4284,spillage,2030,35,12,12,0.0
4285,spillage,2030,35,13,13,0.0
4286,spillage,2030,35,14,14,0.0
4287,spillage,2030,35,15,15,0.0
4288,spillage,2030,35,16,16,0.0
4289,spillage,2030,35,17,17,0.0
4290,spillage,2030,35,18,18,0.0
4291,spillage,2030,35,19,19,0.0
4292,spillage,2030,35,20,20,0.0
4293,spillage,2030,35,21,21,0.0
4294,spillage,2030,35,22,22,0.0
4295,spillage,2030,35,23,23,0.0
4296,spillage,2030,35,24,24,0.0
4297,spillage,2030,36,1,1,0.0
4298,spillage,2030,36,2,2,0.0
4299,spillage,2030,36,3,3,0.0
4300,spillage,2030,36,4,4,0.0
4301,spillage,2030,36,5,5,0.0
4302,spillage,2030,36,6,6,0.0
4303,spillage,2030,36,7,7,0.0
4304,spillage,2030,36,8,8,0.0
4305,spillage,2030,36,9,9,0.0
4306,spillage,2030,36,10,10,0.0
4307,spillage,2030,36,11,11,0.0
4308,spillage,2030,36,12,12,0.0
4309,spillage,2030,36,13,13,0.0
4310,spillage,2030,36,14,14,0.0
4311,spillage,2030,36,15,15,0.0
4312,spillage,2030,36,16,16,0.0
4313,spillage,2030,36,17,17,0.0
4314,spillage,2030,36,18,18,0.0
4315,spillage,2030,36,19,19,0.0
4316,spillage,2030,36,20,20,0.0
4317,spillage,2030,36,21,21,0.0
4318,spillage,2030,36,22,22,0.0
4319,spillage,2030,36,23,23,0.0
4320,spillage,2030,36,24,24,0.0
4321,spillage,2030,37,1,1,0.0
4322,spillage,2030,37,2,2,0.0
4323,spillage,2030,37,3,3,0.0
4324,spillage,2030,37,4,4,0.0
4325,spillage,2030,37,5,5,0.0
4326,spillage,2030,37,6,6,0.0
4327,spillage,2030,37,7,7,0.0
4328,spillage,2030,37,8,8,0.0
4329,spillage,2030,37,9,9,0.0
4330,spillage,2030,37,10,10,0.0
4331,spillage,2030,37,11,11,0.0
4332,spillage,2030,37,12,12,0.0
4333,spillage,2030,37,13,13,0.0
4334,spillage,2030,37,14,14,0.0
4335,spillage,2030,37,15,15,0.0
4336,spillage,2030,37,16,16,0.0
4337,spillage,2030,37,17,17,0.0
4338,spillage,2030,37,18,18,0.0
4339,spillage,2030,37,19,19,0.0
4340,spillage,2030,37,20,20,0.0
4341,spillage,2030,37,21,21,0.0
4342,spillage,2030,37,22,22,0.0
4343,spillage,2030,37,23,23,0.0
4344,spillage,2030,37,24,24,0.0
4345,spillage,2030,38,1,1,0.0
4346,spillage,2030,38,2,2,0.0
4347,spillage,2030,38,3,3,0.0
4348,spillage,2030,38,4,4,0.0
4349,spillage,2030,38,5,5,0.0
4350,spillage,2030,38,6,6,0.0
4351,spillage,2030,38,7,7,0.0
4352,spillage,2030,38,8,8,0.0
4353,spillage,2030,38,9,9,0.0
4354,spillage,2030,38,10,10,0.0
4355,spillage,2030,38,11,11,0.0
4356,spillage,2030,38,12,12,0.0
4357,spillage,2030,38,13,13,0.0
4358,spillage,2030,38,14,14,0.0
4359,spillage,2030,38,15,15,0.0
4360,spillage,2030,38,16,16,0.0
4361,spillage,2030,38,17,17,0.0
4362,spillage,2030,38,18,18,0.0
4363,spillage,2030,38,19,19,0.0
4364,spillage,2030,38,20,20,0.0
4365,spillage,2030,38,21,21,0.0
4366,spillage,2030,38,22,22,0.0
4367,spillage,2030,38,23,23,0.0
4368,spillage,2030,38,24,24,0.0
4369,spillage,2030,39,1,1,0.0
4370,spillage,2030,39,2,2,0.0
4371,spillage,2030,39,3,3,0.0
4372,spillage,2030,39,4,4,0.0
4373,spillage,2030,39,5,5,0.0
4374,spillage,2030,39,6,6,0.0
4375,spillage,2030,39,7,7,0.0
4376,spillage,2030,39,8,8,0.0
4377,spillage,2030,39,9,9,0.0
4378,spillage,2030,39,10,10,0.0
4379,spillage,2030,39,11,11,0.0
4380,spillage,2030,39,12,12,0.0
4381,spillage,2030,39,13,13,0.0
4382,spillage,2030,39,14,14,0.0
4383,spillage,2030,39,15,15,0.0
4384,spillage,2030,39,16,16,0.0
4385,spillage,2030,39,17,17,0.0
4386,spillage,2030,39,18,18,0.0
4387,spillage,2030,39,19,19,0.0
4388,spillage,2030,39,20,20,0.0
4389,spillage,2030,39,21,21,0.0
4390,spillage,2030,39,22,22,0.0
4391,spillage,2030,39,23,23,0.0
4392,spillage,2030,39,24,24,0.0
4393,spillage,2030,40,1,1,0.0
4394,spillage,2030,40,2,2,0.0
4395,spillage,2030,40,3,3,0.0
4396,spillage,2030,40,4,4,0.0
4397,spillage,2030,40,5,5,0.0
4398,spillage,2030,40,6,6,0.0
4399,spillage,2030,40,7,7,0.0
4400,spillage,2030,40,8,8,0.0
4401,spillage,2030,40,9,9,0.0
4402,spillage,2030,40,10,10,0.0
4403,spillage,2030,40,11,11,0.0
4404,spillage,2030,40,12,12,0.0
4405,spillage,2030,40,13,13,0.0
4406,spillage,2030,40,14,14,0.0
4407,spillage,2030,40,15,15,0.0
4408,spillage,2030,40,16,16,0.0
4409,spillage,2030,40,17,17,0.0
4410,spillage,2030,40,18,18,0.0
4411,spillage,2030,40,19,19,0.0
4412,spillage,2030,40,20,20,0.0
4413,spillage,2030,40,21,21,0.0
4414,spillage,2030,40,22,22,0.0
4415,spillage,2030,40,23,23,0.0
4416,spillage,2030,40,24,24,0.0
4417,spillage,2030,41,1,1,0.0
4418,spillage,2030,41,2,2,0.0
4419,spillage,2030,41,3,3,0.0
4420,spillage,2030,41,4,4,0.0
4421,spillage,2030,41,5,5,0.0
4422,spillage,2030,41,6,6,0.0
4423,spillage,2030,41,7,7,0.0
4424,spillage,2030,41,8,8,0.0
4425,spillage,2030,41,9,9,0.0
4426,spillage,2030,41,10,10,0.0
4427,spillage,2030,41,11,11,0.0
4428,spillage,2030,41,12,12,0.0
4429,spillage,2030,41,13,13,0.0
4430,spillage,2030,41,14,14,0.0
4431,spillage,2030,41,15,15,0.0
4432,spillage,2030,41,16,16,0.0
4433,spillage,2030,41,17,17,0.0
4434,spillage,2030,41,18,18,0.0
4435,spillage,2030,41,19,19,0.0
4436,spillage,2030,41,20,20,0.0
4437,spillage,2030,41,21,21,0.0
4438,spillage,2030,41,22,22,0.0
4439,spillage,2030,41,23,23,0.0
4440,spillage,2030,41,24,24,0.0
4441,spillage,2030,42,1,1,0.0
4442,spillage,2030,42,2,2,0.0
4443,spillage,2030,42,3,3,0.0
4444,spillage,2030,42,4,4,0.0
4445,spillage,2030,42,5,5,0.0
4446,spillage,2030,42,6,6,0.0
4447,spillage,2030,42,7,7,0.0
4448,spillage,2030,42,8,8,0.0
4449,spillage,2030,42,9,9,0.0
4450,spillage,2030,42,10,10,0.0
4451,spillage,2030,42,11,11,0.0
4452,spillage,2030,42,12,12,0.0
4453,spillage,2030,42,13,13,0.0
4454,spillage,2030,42,14,14,0.0
4455,spillage,2030,42,15,15,0.0
4456,spillage,2030,42,16,16,0.0
4457,spillage,2030,42,17,17,0.0
4458,spillage,2030,42,18,18,0.0
4459,spillage,2030,42,19,19,0.0
4460,spillage,2030,42,20,20,0.0
4461,spillage,2030,42,21,21,0.0
4462,spillage,2030,42,22,22,0.0
4463,spillage,2030,42,23,23,0.0
4464,spillage,2030,42,24,24,0.0
4465,spillage,2030,43,1,1,0.0
4466,spillage,2030,43,2,2,0.0
4467,spillage,2030,43,3,3,0.0
4468,spillage,2030,43,4,4,0.0
4469,spillage,2030,43,5,5,0.0
4470,spillage,2030,43,6,6,0.0
4471,spillage,2030,43,7,7,0.0
4472,spillage,2030,43,8,8,0.0
4473,spillage,2030,43,9,9,0.0
4474,spillage,2030,43,10,10,0.0
4475,spillage,2030,43,11,11,0.0
4476,spillage,2030,43,12,12,0.0
4477,spillage,2030,43,13,13,0.0
4478,spillage,2030,43,14,14,0.0
4479,spillage,2030,43,15,15,0.0
4480,spillage,2030,43,16,16,0.0
4481,spillage,2030,43,17,17,0.0
4482,spillage,2030,43,18,18,0.0
4483,spillage,2030,43,19,19,0.0
4484,spillage,2030,43,20,20,0.0
4485,spillage,2030,43,21,21,0.0
4486,spillage,2030,43,22,22,0.0
4487,spillage,2030,43,23,23,0.0
4488,spillage,2030,43,24,24,0.0
4489,spillage,2030,44,1,1,0.0
4490,spillage,2030,44,2,2,0.0
4491,spillage,2030,44,3,3,0.0
4492,spillage,2030,44,4,4,0.0
4493,spillage,2030,44,5,5,0.0
4494,spillage,2030,44,6,6,0.0
4495,spillage,2030,44,7,7,0.0
4496,spillage,2030,44,8,8,0.0
4497,spillage,2030,44,9,9,0.0
4498,spillage,2030,44,10,10,0.0
4499,spillage,2030,44,11,11,0.0
4500,spillage,2030,44,12,12,0.0
4501,spillage,2030,44,13,13,0.0
4502,spillage,2030,44,14,14,0.0
4503,spillage,2030,44,15,15,0.0
4504,spillage,2030,44,16,16,0.0
4505,spillage,2030,44,17,17,0.0
4506,spillage,2030,44,18,18,0.0
4507,spillage,2030,44,19,19,0.0
4508,spillage,2030,44,20,20,0.0
4509,spillage,2030,44,21,21,0.0
4510,spillage,2030,44,22,22,0.0
4511,spillage,2030,44,23,23,0.0
4512,spillage,2030,44,24,24,0.0
4513,spillage,2030,45,1,1,0.0
4514,spillage,2030,45,2,2,0.0
4515,spillage,2030,45,3,3,0.0
4516,spillage,2030,45,4,4,0.0
4517,spillage,2030,45,5,5,0.0
4518,spillage,2030,45,6,6,0.0
4519,spillage,2030,45,7,7,0.0
4520,spillage,2030,45,8,8,0.0
4521,spillage,2030,45,9,9,0.0
4522,spillage,2030,45,10,10,0.0
4523,spillage,2030,45,11,11,0.0
4524,spillage,2030,45,12,12,0.0
4525,spillage,2030,45,13,13,0.0
4526,spillage,2030,45,14,14,0.0
4527,spillage,2030,45,15,15,0.0
4528,spillage,2030,45,16,16,0.0
4529,spillage,2030,45,17,17,0.0
4530,spillage,2030,45,18,18,0.0
4531,spillage,2030,45,19,19,0.0
4532,spillage,2030,45,20,20,0.0
4533,spillage,2030,45,21,21,0.0
4534,spillage,2030,45,22,22,0.0
4535,spillage,2030,45,23,23,0.0
4536,spillage,2030,45,24,24,0.0
4537,spillage,2030,46,1,1,0.0
4538,spillage,2030,46,2,2,0.0
4539,spillage,2030,46,3,3,0.0
4540,spillage,2030,46,4,4,0.0
4541,spillage,2030,46,5,5,0.0
4542,spillage,2030,46,6,6,0.0
4543,spillage,2030,46,7,7,0.0
4544,spillage,2030,46,8,8,0.0
4545,spillage,2030,46,9,9,0.0
4546,spillage,2030,46,10,10,0.0
4547,spillage,2030,46,11,11,0.0
4548,spillage,2030,46,12,12,0.0
4549,spillage,2030,46,13,13,0.0
4550,spillage,2030,46,14,14,0.0
4551,spillage,2030,46,15,15,0.0
4552,spillage,2030,46,16,16,0.0
4553,spillage,2030,46,17,17,0.0
4554,spillage,2030,46,18,18,0.0
4555,spillage,2030,46,19,19,0.0
4556,spillage,2030,46,20,20,0.0
4557,spillage,2030,46,21,21,0.0
4558,spillage,2030,46,22,22,0.0
4559,spillage,2030,46,23,23,0.0
4560,spillage,2030,46,24,24,0.0
4561,spillage,2030,47,1,1,0.0
4562,spillage,2030,47,2,2,0.0
4563,spillage,2030,47,3,3,0.0
4564,spillage,2030,47,4,4,0.0
4565,spillage,2030,47,5,5,0.0
4566,spillage,2030,47,6,6,0.0
4567,spillage,2030,47,7,7,0.0
4568,spillage,2030,47,8,8,0.0
4569,spillage,2030,47,9,9,0.0
4570,spillage,2030,47,10,10,0.0
4571,spillage,2030,47,11,11,0.0
4572,spillage,2030,47,12,12,0.0
4573,spillage,2030,47,13,13,0.0
4574,spillage,2030,47,14,14,0.0
4575,spillage,2030,47,15,15,0.0
4576,spillage,2030,47,16,16,0.0
4577,spillage,2030,47,17,17,0.0
4578,spillage,2030,47,18,18,0.0
4579,spillage,2030,47,19,19,0.0
4580,spillage,2030,47,20,20,0.0
4581,spillage,2030,47,21,21,0.0
4582,spillage,2030,47,22,22,0.0
4583,spillage,2030,47,23,23,0.0
4584,spillage,2030,47,24,24,0.0
4585,spillage,2030,48,1,1,0.0
4586,spillage,2030,48,2,2,0.0
4587,spillage,2030,48,3,3,0.0
4588,spillage,2030,48,4,4,0.0
4589,spillage,2030,48,5,5,0.0
4590,spillage,2030,48,6,6,0.0
4591,spillage,2030,48,7,7,0.0
4592,spillage,2030,48,8,8,0.0
4593,spillage,2030,48,9,9,0.0
4594,spillage,2030,48,10,10,0.0
4595,spillage,2030,48,11,11,0.0
4596,spillage,2030,48,12,12,0.0
4597,spillage,2030,48,13,13,0.0
4598,spillage,2030,48,14,14,0.0
4599,spillage,2030,48,15,15,0.0
4600,spillage,2030,48,16,16,0.0
4601,spillage,2030,48,17,17,0.0
4602,spillage,2030,48,18,18,0.0
4603,spillage,2030,48,19,19,0.0
4604,spillage,2030,48,20,20,0.0
4605,spillage,2030,48,21,21,0.0
4606,spillage,2030,48,22,22,0.0
4607,spillage,2030,48,23,23,0.0
4608,spillage,2030,48,24,24,0.0
4609,spillage,2030,49,1,1,0.0
4610,spillage,2030,49,2,2,0.0
4611,spillage,2030,49,3,3,0.0
4612,spillage,2030,49,4,4,0.0
4613,spillage,2030,49,5,5,0.0
4614,spillage,2030,49,6,6,0.0
4615,spillage,2030,49,7,7,0.0
4616,spillage,2030,49,8,8,0.0
4617,spillage,2030,49,9,9,0.0
4618,spillage,2030,49,10,10,0.0
4619,spillage,2030,49,11,11,0.0
4620,spillage,2030,49,12,12,0.0
4621,spillage,2030,49,13,13,0.0
4622,spillage,2030,49,14,14,0.0
4623,spillage,2030,49,15,15,0.0
4624,spillage,2030,49,16,16,0.0
4625,spillage,2030,49,17,17,0.0
4626,spillage,2030,49,18,18,0.0
4627,spillage,2030,49,19,19,0.0
4628,spillage,2030,49,20,20,0.0
4629,spillage,2030,49,21,21,0.0
4630,spillage,2030,49,22,22,0.0
4631,spillage,2030,49,23,23,0.0
4632,spillage,2030,49,24,24,0.0
4633,spillage,2030,50,1,1,0.0
4634,spillage,2030,50,2,2,0.0
4635,spillage,2030,50,3,3,0.0
4636,spillage,2030,50,4,4,0.0
4637,spillage,2030,50,5,5,0.0
4638,spillage,2030,50,6,6,0.0
4639,spillage,2030,50,7,7,0.0
4640,spillage,2030,50,8,8,0.0
4641,spillage,2030,50,9,9,0.0
4642,spillage,2030,50,10,10,0.0
4643,spillage,2030,50,11,11,0.0
4644,spillage,2030,50,12,12,0.0
4645,spillage,2030,50,13,13,0.0
4646,spillage,2030,50,14,14,0.0
4647,spillage,2030,50,15,15,0.0
4648,spillage,2030,50,16,16,0.0
4649,spillage,2030,50,17,17,0.0
4650,spillage,2030,50,18,18,0.0
4651,spillage,2030,50,19,19,0.0
4652,spillage,2030,50,20,20,0.0
4653,spillage,2030,50,21,21,0.0
4654,spillage,2030,50,22,22,0.0
4655,spillage,2030,50,23,23,0.0
4656,spillage,2030,50,24,24,0.0
4657,spillage,2030,51,1,1,0.0
4658,spillage,2030,51,2,2,0.0
4659,spillage,2030,51,3,3,0.0
4660,spillage,2030,51,4,4,0.0
4661,spillage,2030,51,5,5,0.0
4662,spillage,2030,51,6,6,0.0
4663,spillage,2030,51,7,7,0.0
4664,spillage,2030,51,8,8,0.0
4665,spillage,2030,51,9,9,0.0
4666,spillage,2030,51,10,10,0.0
4667,spillage,2030,51,11,11,0.0
4668,spillage,2030,51,12,12,0.0
4669,spillage,2030,51,13,13,0.0
4670,spillage,2030,51,14,14,0.0
4671,spillage,2030,51,15,15,0.0
4672,spillage,2030,51,16,16,0.0
4673,spillage,2030,51,17,17,0.0
4674,spillage,2030,51,18,18,0.0
4675,spillage,2030,51,19,19,0.0
4676,spillage,2030,51,20,20,0.0
4677,spillage,2030,51,21,21,0.0
4678,spillage,2030,51,22,22,0.0
4679,spillage,2030,51,23,23,0.0
4680,spillage,2030,51,24,24,0.0
4681,spillage,2030,52,1,1,0.0
4682,spillage,2030,52,2,2,0.0
4683,spillage,2030,52,3,3,0.0
4684,spillage,2030,52,4,4,0.0
4685,spillage,2030,52,5,5,0.0
4686,spillage,2030,52,6,6,0.0
4687,spillage,2030,52,7,7,0.0
4688,spillage,2030,52,8,8,0.0
4689,spillage,2030,52,9,9,0.0
4690,spillage,2030,52,10,10,0.0
4691,spillage,2030,52,11,11,0.0
4692,spillage,2030,52,12,12,0.0
4693,spillage,2030,52,13,13,0.0
4694,spillage,2030,52,14,14,0.0
4695,spillage,2030,52,15,15,0.0
4696,spillage,2030,52,16,16,0.0
4697,spillage,2030,52,17,17,0.0
4698,spillage,2030,52,18,18,0.0
4699,spillage,2030,52,19,19,0.0
4700,spillage,2030,52,20,20,0.0
4701,spillage,2030,52,21,21,0.0
4702,spillage,2030,52,22,22,0.0
4703,spillage,2030,52,23,23,0.0
4704,spillage,2030,52,24,24,0.0
4705,spillage,2030,53,1,1,0.0
4706,spillage,2030,53,2,2,0.0
4707,spillage,2030,53,3,3,0.0
4708,spillage,2030,53,4,4,0.0
4709,spillage,2030,53,5,5,0.0
4710,spillage,2030,53,6,6,0.0
4711,spillage,2030,53,7,7,0.0
4712,spillage,2030,53,8,8,0.0
4713,spillage,2030,53,9,9,0.0
4714,spillage,2030,53,10,10,0.0
4715,spillage,2030,53,11,11,0.0
4716,spillage,2030,53,12,12,0.0
4717,spillage,2030,53,13,13,0.0
4718,spillage,2030,53,14,14,0.0
4719,spillage,2030,53,15,15,0.0
4720,spillage,2030,53,16,16,0.0
4721,spillage,2030,53,17,17,0.0
4722,spillage,2030,53,18,18,0.0
4723,spillage,2030,53,19,19,0.0
4724,spillage,2030,53,20,20,0.0
4725,spillage,2030,53,21,21,0.0
4726,spillage,2030,53,22,22,0.0
4727,spillage,2030,53,23,23,0.0
4728,spillage,2030,53,24,24,0.0
4729,spillage,2030,54,1,1,0.0
4730,spillage,2030,54,2,2,0.0
4731,spillage,2030,54,3,3,0.0
4732,spillage,2030,54,4,4,0.0
4733,spillage,2030,54,5,5,0.0
4734,spillage,2030,54,6,6,0.0
4735,spillage,2030,54,7,7,0.0
4736,spillage,2030,54,8,8,0.0
4737,spillage,2030,54,9,9,0.0
4738,spillage,2030,54,10,10,0.0
4739,spillage,2030,54,11,11,0.0
4740,spillage,2030,54,12,12,0.0
4741,spillage,2030,54,13,13,0.0
4742,spillage,2030,54,14,14,0.0
4743,spillage,2030,54,15,15,0.0
4744,spillage,2030,54,16,16,0.0
4745,spillage,2030,54,17,17,0.0
4746,spillage,2030,54,18,18,0.0
4747,spillage,2030,54,19,19,0.0
4748,spillage,2030,54,20,20,0.0
4749,spillage,2030,54,21,21,0.0
4750,spillage,2030,54,22,22,0.0
4751,spillage,2030,54,23,23,0.0
4752,spillage,2030,54,24,24,0.0
4753,spillage,2030,55,1,1,0.0
4754,spillage,2030,55,2,2,0.0
4755,spillage,2030,55,3,3,0.0
4756,spillage,2030,55,4,4,0.0
4757,spillage,2030,55,5,5,0.0
4758,spillage,2030,55,6,6,0.0
4759,spillage,2030,55,7,7,0.0
4760,spillage,2030,55,8,8,0.0
4761,spillage,2030,55,9,9,0.0
4762,spillage,2030,55,10,10,0.0
4763,spillage,2030,55,11,11,0.0
4764,spillage,2030,55,12,12,0.0
4765,spillage,2030,55,13,13,0.0
4766,spillage,2030,55,14,14,0.0
4767,spillage,2030,55,15,15,0.0
4768,spillage,2030,55,16,16,0.0
4769,spillage,2030,55,17,17,0.0
4770,spillage,2030,55,18,18,0.0
4771,spillage,2030,55,19,19,0.0
4772,spillage,2030,55,20,20,0.0
4773,spillage,2030,55,21,21,0.0
4774,spillage,2030,55,22,22,0.0
4775,spillage,2030,55,23,23,0.0
4776,spillage,2030,55,24,24,0.0
4777,spillage,2030,56,1,1,0.0
4778,spillage,2030,56,2,2,0.0
4779,spillage,2030,56,3,3,0.0
4780,spillage,2030,56,4,4,0.0
4781,spillage,2030,56,5,5,0.0
4782,spillage,2030,56,6,6,0.0
4783,spillage,2030,56,7,7,0.0
4784,spillage,2030,56,8,8,0.0
4785,spillage,2030,56,9,9,0.0
4786,spillage,2030,56,10,10,0.0
4787,spillage,2030,56,11,11,0.0
4788,spillage,2030,56,12,12,0.0
4789,spillage,2030,56,13,13,0.0
4790,spillage,2030,56,14,14,0.0
4791,spillage,2030,56,15,15,0.0
4792,spillage,2030,56,16,16,0.0
4793,spillage,2030,56,17,17,0.0
4794,spillage,2030,56,18,18,0.0
4795,spillage,2030,56,19,19,0.0
4796,spillage,2030,56,20,20,0.0
4797,spillage,2030,56,21,21,0.0
4798,spillage,2030,56,22,22,0.0
4799,spillage,2030,56,23,23,0.0
4800,spillage,2030,56,24,24,0.0
4801,spillage,2030,57,1,1,0.0
4802,spillage,2030,57,2,2,0.0
4803,spillage,2030,57,3,3,0.0
4804,spillage,2030,57,4,4,0.0
4805,spillage,2030,57,5,5,0.0
4806,spillage,2030,57,6,6,0.0
4807,spillage,2030,57,7,7,0.0
4808,spillage,2030,57,8,8,0.0
4809,spillage,2030,57,9,9,0.0
4810,spillage,2030,57,10,10,0.0
4811,spillage,2030,57,11,11,0.0
4812,spillage,2030,57,12,12,0.0
4813,spillage,2030,57,13,13,0.0
4814,spillage,2030,57,14,14,0.0
4815,spillage,2030,57,15,15,0.0
4816,spillage,2030,57,16,16,0.0
4817,spillage,2030,57,17,17,0.0
4818,spillage,2030,57,18,18,0.0
4819,spillage,2030,57,19,19,0.0
4820,spillage,2030,57,20,20,0.0
4821,spillage,2030,57,21,21,0.0
4822,spillage,2030,57,22,22,0.0
4823,spillage,2030,57,23,23,0.0
4824,spillage,2030,57,24,24,0.0
4825,spillage,2030,58,1,1,0.0
4826,spillage,2030,58,2,2,0.0
4827,spillage,2030,58,3,3,0.0
4828,spillage,2030,58,4,4,0.0
4829,spillage,2030,58,5,5,0.0
4830,spillage,2030,58,6,6,0.0
4831,spillage,2030,58,7,7,0.0
4832,spillage,2030,58,8,8,0.0
4833,spillage,2030,58,9,9,0.0
4834,spillage,2030,58,10,10,0.0
4835,spillage,2030,58,11,11,0.0
4836,spillage,2030,58,12,12,0.0
4837,spillage,2030,58,13,13,0.0
4838,spillage,2030,58,14,14,0.0
4839,spillage,2030,58,15,15,0.0
4840,spillage,2030,58,16,16,0.0
4841,spillage,2030,58,17,17,0.0
4842,spillage,2030,58,18,18,0.0
4843,spillage,2030,58,19,19,0.0
4844,spillage,2030,58,20,20,0.0
4845,spillage,2030,58,21,21,0.0
4846,spillage,2030,58,22,22,0.0
4847,spillage,2030,58,23,23,0.0
4848,spillage,2030,58,24,24,0.0
4849,spillage,2030,59,1,1,0.0
4850,spillage,2030,59,2,2,0.0
4851,spillage,2030,59,3,3,0.0
4852,spillage,2030,59,4,4,0.0
4853,spillage,2030,59,5,5,0.0
4854,spillage,2030,59,6,6,0.0
4855,spillage,2030,59,7,7,0.0
4856,spillage,2030,59,8,8,0.0
4857,spillage,2030,59,9,9,0.0
4858,spillage,2030,59,10,10,0.0
4859,spillage,2030,59,11,11,0.0
4860,spillage,2030,59,12,12,0.0
4861,spillage,2030,59,13,13,0.0
4862,spillage,2030,59,14,14,0.0
4863,spillage,2030,59,15,15,0.0
4864,spillage,2030,59,16,16,0.0
4865,spillage,2030,59,17,17,0.0
4866,spillage,2030,59,18,18,0.0
4867,spillage,2030,59,19,19,0.0
4868,spillage,2030,59,20,20,0.0
4869,spillage,2030,59,21,21,0.0
4870,spillage,2030,59,22,22,0.0
4871,spillage,2030,59,23,23,0.0
4872,spillage,2030,59,24,24,0.0
4873,spillage,2030,60,1,1,0.0
4874,spillage,2030,60,2,2,0.0
4875,spillage,2030,60,3,3,0.0
4876,spillage,2030,60,4,4,0.0
4877,spillage,2030,60,5,5,0.0
4878,spillage,2030,60,6,6,0.0
4879,spillage,2030,60,7,7,0.0
4880,spillage,2030,60,8,8,0.0
4881,spillage,2030,60,9,9,0.0
4882,spillage,2030,60,10,10,0.0
4883,spillage,2030,60,11,11,0.0
4884,spillage,2030,60,12,12,0.0
4885,spillage,2030,60,13,13,0.0
4886,spillage,2030,60,14,14,0.0
4887,spillage,2030,60,15,15,0.0
4888,spillage,2030,60,16,16,0.0
4889,spillage,2030,60,17,17,0.0
4890,spillage,2030,60,18,18,0.0
4891,spillage,2030,60,19,19,0.0
4892,spillage,2030,60,20,20,0.0
4893,spillage,2030,60,21,21,0.0
4894,spillage,2030,60,22,22,0.0
4895,spillage,2030,60,23,23,0.0
4896,spillage,2030,60,24,24,0.0
4897,spillage,2030,61,1,1,0.0
4898,spillage,2030,61,2,2,0.0
4899,spillage,2030,61,3,3,0.0
4900,spillage,2030,61,4,4,0.0
4901,spillage,2030,61,5,5,0.0
4902,spillage,2030,61,6,6,0.0
4903,spillage,2030,61,7,7,0.0
4904,spillage,2030,61,8,8,0.0
4905,spillage,2030,61,9,9,0.0
4906,spillage,2030,61,10,10,0.0
4907,spillage,2030,61,11,11,0.0
4908,spillage,2030,61,12,12,0.0
4909,spillage,2030,61,13,13,0.0
4910,spillage,2030,61,14,14,0.0
4911,spillage,2030,61,15,15,0.0
4912,spillage,2030,61,16,16,0.0
4913,spillage,2030,61,17,17,0.0
4914,spillage,2030,61,18,18,0.0
4915,spillage,2030,61,19,19,0.0
4916,spillage,2030,61,20,20,0.0
4917,spillage,2030,61,21,21,0.0
4918,spillage,2030,61,22,22,0.0
4919,spillage,2030,61,23,23,0.0
4920,spillage,2030,61,24,24,0.0
4921,spillage,2030,62,1,1,0.0
4922,spillage,2030,62,2,2,0.0
4923,spillage,2030,62,3,3,0.0
4924,spillage,2030,62,4,4,0.0
4925,spillage,2030,62,5,5,0.0
4926,spillage,2030,62,6,6,0.0
4927,spillage,2030,62,7,7,0.0
4928,spillage,2030,62,8,8,0.0
4929,spillage,2030,62,9,9,0.0
4930,spillage,2030,62,10,10,0.0
4931,spillage,2030,62,11,11,0.0
4932,spillage,2030,62,12,12,0.0
4933,spillage,2030,62,13,13,0.0
4934,spillage,2030,62,14,14,0.0
4935,spillage,2030,62,15,15,0.0
4936,spillage,2030,62,16,16,0.0
4937,spillage,2030,62,17,17,0.0
4938,spillage,2030,62,18,18,0.0
4939,spillage,2030,62,19,19,0.0
4940,spillage,2030,62,20,20,0.0
4941,spillage,2030,62,21,21,0.0
4942,spillage,2030,62,22,22,0.0
4943,spillage,2030,62,23,23,0.0
4944,spillage,2030,62,24,24,0.0
4945,spillage,2030,63,1,1,0.0
4946,spillage,2030,63,2,2,0.0
4947,spillage,2030,63,3,3,0.0
4948,spillage,2030,63,4,4,0.0
4949,spillage,2030,63,5,5,0.0
4950,spillage,2030,63,6,6,0.0
4951,spillage,2030,63,7,7,0.0
4952,spillage,2030,63,8,8,0.0
4953,spillage,2030,63,9,9,0.0
4954,spillage,2030,63,10,10,0.0
4955,spillage,2030,63,11,11,0.0
4956,spillage,2030,63,12,12,0.0
4957,spillage,2030,63,13,13,0.0
4958,spillage,2030,63,14,14,0.0
4959,spillage,2030,63,15,15,0.0
4960,spillage,2030,63,16,16,0.0
4961,spillage,2030,63,17,17,0.0
4962,spillage,2030,63,18,18,0.0
4963,spillage,2030,63,19,19,0.0
4964,spillage,2030,63,20,20,0.0
4965,spillage,2030,63,21,21,0.0
4966,spillage,2030,63,22,22,0.0
4967,spillage,2030,63,23,23,0.0
4968,spillage,2030,63,24,24,0.0
4969,spillage,2030,64,1,1,0.0
4970,spillage,2030,64,2,2,0.0
4971,spillage,2030,64,3,3,0.0
4972,spillage,2030,64,4,4,0.0
4973,spillage,2030,64,5,5,0.0
4974,spillage,2030,64,6,6,0.0
4975,spillage,2030,64,7,7,0.0
4976,spillage,2030,64,8,8,0.0
4977,spillage,2030,64,9,9,0.0
4978,spillage,2030,64,10,10,0.0
4979,spillage,2030,64,11,11,0.0
4980,spillage,2030,64,12,12,0.0
4981,spillage,2030,64,13,13,0.0
4982,spillage,2030,64,14,14,0.0
4983,spillage,2030,64,15,15,0.0
4984,spillage,2030,64,16,16,0.0
4985,spillage,2030,64,17,17,0.0
4986,spillage,2030,64,18,18,0.0
4987,spillage,2030,64,19,19,0.0
4988,spillage,2030,64,20,20,0.0
4989,spillage,2030,64,21,21,0.0
4990,spillage,2030,64,22,22,0.0
4991,spillage,2030,64,23,23,0.0
4992,spillage,2030,64,24,24,0.0
4993,spillage,2030,65,1,1,0.0
4994,spillage,2030,65,2,2,0.0
4995,spillage,2030,65,3,3,0.0
4996,spillage,2030,65,4,4,0.0
4997,spillage,2030,65,5,5,0.0
4998,spillage,2030,65,6,6,0.0
4999,spillage,2030,65,7,7,0.0
5000,spillage,2030,65,8,8,0.0
5001,spillage,2030,65,9,9,0.0
5002,spillage,2030,65,10,10,0.0
5003,spillage,2030,65,11,11,0.0
5004,spillage,2030,65,12,12,0.0
5005,spillage,2030,65,13,13,0.0
5006,spillage,2030,65,14,14,0.0
5007,spillage,2030,65,15,15,0.0
5008,spillage,2030,65,16,16,0.0
5009,spillage,2030,65,17,17,0.0
5010,spillage,2030,65,18,18,0.0
5011,spillage,2030,65,19,19,0.0
5012,spillage,2030,65,20,20,0.0
5013,spillage,2030,65,21,21,0.0
5014,spillage,2030,65,22,22,0.0
5015,spillage,2030,65,23,23,0.0
5016,spillage,2030,65,24,24,0.0
5017,spillage,2030,66,1,1,0.0
5018,spillage,2030,66,2,2,0.0
5019,spillage,2030,66,3,3,0.0
5020,spillage,2030,66,4,4,0.0
5021,spillage,2030,66,5,5,0.0
5022,spillage,2030,66,6,6,0.0
5023,spillage,2030,66,7,7,0.0
5024,spillage,2030,66,8,8,0.0
5025,spillage,2030,66,9,9,0.0
5026,spillage,2030,66,10,10,0.0
5027,spillage,2030,66,11,11,0.0
5028,spillage,2030,66,12,12,0.0
5029,spillage,2030,66,13,13,0.0
5030,spillage,2030,66,14,14,0.0
5031,spillage,2030,66,15,15,0.0
5032,spillage,2030,66,16,16,0.0
5033,spillage,2030,66,17,17,0.0
5034,spillage,2030,66,18,18,0.0
5035,spillage,2030,66,19,19,0.0
5036,spillage,2030,66,20,20,0.0
5037,spillage,2030,66,21,21,0.0
5038,spillage,2030,66,22,22,0.0
5039,spillage,2030,66,23,23,0.0
5040,spillage,2030,66,24,24,0.0
5041,spillage,2030,67,1,1,0.0
5042,spillage,2030,67,2,2,0.0
5043,spillage,2030,67,3,3,0.0
5044,spillage,2030,67,4,4,0.0
5045,spillage,2030,67,5,5,0.0
5046,spillage,2030,67,6,6,0.0
5047,spillage,2030,67,7,7,0.0
5048,spillage,2030,67,8,8,0.0
5049,spillage,2030,67,9,9,0.0
5050,spillage,2030,67,10,10,0.0
5051,spillage,2030,67,11,11,0.0
5052,spillage,2030,67,12,12,0.0
5053,spillage,2030,67,13,13,0.0
5054,spillage,2030,67,14,14,0.0
5055,spillage,2030,67,15,15,0.0
5056,spillage,2030,67,16,16,0.0
5057,spillage,2030,67,17,17,0.0
5058,spillage,2030,67,18,18,0.0
5059,spillage,2030,67,19,19,0.0
5060,spillage,2030,67,20,20,0.0
5061,spillage,2030,67,21,21,0.0
5062,spillage,2030,67,22,22,0.0
5063,spillage,2030,67,23,23,0.0
5064,spillage,2030,67,24,24,0.0
5065,spillage,2030,68,1,1,0.0
5066,spillage,2030,68,2,2,0.0
5067,spillage,2030,68,3,3,0.0
5068,spillage,2030,68,4,4,0.0
5069,spillage,2030,68,5,5,0.0
5070,spillage,2030,68,6,6,0.0
5071,spillage,2030,68,7,7,0.0
5072,spillage,2030,68,8,8,0.0
5073,spillage,2030,68,9,9,0.0
5074,spillage,2030,68,10,10,0.0
5075,spillage,2030,68,11,11,0.0
5076,spillage,2030,68,12,12,0.0
5077,spillage,2030,68,13,13,0.0
5078,spillage,2030,68,14,14,0.0
5079,spillage,2030,68,15,15,0.0
5080,spillage,2030,68,16,16,0.0
5081,spillage,2030,68,17,17,0.0
5082,spillage,2030,68,18,18,0.0
5083,spillage,2030,68,19,19,0.0
5084,spillage,2030,68,20,20,0.0
5085,spillage,2030,68,21,21,0.0
5086,spillage,2030,68,22,22,0.0
5087,spillage,2030,68,23,23,0.0
5088,spillage,2030,68,24,24,0.0
5089,spillage,2030,69,1,1,0.0
5090,spillage,2030,69,2,2,0.0
5091,spillage,2030,69,3,3,0.0
5092,spillage,2030,69,4,4,0.0
5093,spillage,2030,69,5,5,0.0
5094,spillage,2030,69,6,6,0.0
5095,spillage,2030,69,7,7,0.0
5096,spillage,2030,69,8,8,0.0
5097,spillage,2030,69,9,9,0.0
5098,spillage,2030,69,10,10,0.0
5099,spillage,2030,69,11,11,0.0
5100,spillage,2030,69,12,12,0.0
5101,spillage,2030,69,13,13,0.0
5102,spillage,2030,69,14,14,0.0
5103,spillage,2030,69,15,15,0.0
5104,spillage,2030,69,16,16,0.0
5105,spillage,2030,69,17,17,0.0
5106,spillage,2030,69,18,18,0.0
5107,spillage,2030,69,19,19,0.0
5108,spillage,2030,69,20,20,0.0
5109,spillage,2030,69,21,21,0.0
5110,spillage,2030,69,22,22,0.0
5111,spillage,2030,69,23,23,0.0
5112,spillage,2030,69,24,24,0.0
5113,spillage,2030,70,1,1,0.0
5114,spillage,2030,70,2,2,0.0
5115,spillage,2030,70,3,3,0.0
5116,spillage,2030,70,4,4,0.0
5117,spillage,2030,70,5,5,0.0
5118,spillage,2030,70,6,6,0.0
5119,spillage,2030,70,7,7,0.0
5120,spillage,2030,70,8,8,0.0
5121,spillage,2030,70,9,9,0.0
5122,spillage,2030,70,10,10,0.0
5123,spillage,2030,70,11,11,0.0
5124,spillage,2030,70,12,12,0.0
5125,spillage,2030,70,13,13,0.0
5126,spillage,2030,70,14,14,0.0
5127,spillage,2030,70,15,15,0.0
5128,spillage,2030,70,16,16,0.0
5129,spillage,2030,70,17,17,0.0
5130,spillage,2030,70,18,18,0.0
5131,spillage,2030,70,19,19,0.0
5132,spillage,2030,70,20,20,0.0
5133,spillage,2030,70,21,21,0.0
5134,spillage,2030,70,22,22,0.0
5135,spillage,2030,70,23,23,0.0
5136,spillage,2030,70,24,24,0.0
5137,spillage,2030,71,1,1,0.0
5138,spillage,2030,71,2,2,0.0
5139,spillage,2030,71,3,3,0.0
5140,spillage,2030,71,4,4,0.0
5141,spillage,2030,71,5,5,0.0
5142,spillage,2030,71,6,6,0.0
5143,spillage,2030,71,7,7,0.0
5144,spillage,2030,71,8,8,0.0
5145,spillage,2030,71,9,9,0.0
5146,spillage,2030,71,10,10,0.0
5147,spillage,2030,71,11,11,0.0
5148,spillage,2030,71,12,12,0.0
5149,spillage,2030,71,13,13,0.0
5150,spillage,2030,71,14,14,0.0
5151,spillage,2030,71,15,15,0.0
5152,spillage,2030,71,16,16,0.0
5153,spillage,2030,71,17,17,0.0
5154,spillage,2030,71,18,18,0.0
5155,spillage,2030,71,19,19,0.0
5156,spillage,2030,71,20,20,0.0
5157,spillage,2030,71,21,21,0.0
5158,spillage,2030,71,22,22,0.0
5159,spillage,2030,71,23,23,0.0
5160,spillage,2030,71,24,24,0.0
5161,spillage,2030,72,1,1,0.0
5162,spillage,2030,72,2,2,0.0
5163,spillage,2030,72,3,3,0.0
5164,spillage,2030,72,4,4,0.0
5165,spillage,2030,72,5,5,0.0
5166,spillage,2030,72,6,6,0.0
5167,spillage,2030,72,7,7,0.0
5168,spillage,2030,72,8,8,0.0
5169,spillage,2030,72,9,9,0.0
5170,spillage,2030,72,10,10,0.0
5171,spillage,2030,72,11,11,0.0
5172,spillage,2030,72,12,12,0.0
5173,spillage,2030,72,13,13,0.0
5174,spillage,2030,72,14,14,0.0
5175,spillage,2030,72,15,15,0.0
5176,spillage,2030,72,16,16,0.0
5177,spillage,2030,72,17,17,0.0
5178,spillage,2030,72,18,18,0.0
5179,spillage,2030,72,19,19,0.0
5180,spillage,2030,72,20,20,0.0
5181,spillage,2030,72,21,21,0.0
5182,spillage,2030,72,22,22,0.0
5183,spillage,2030,72,23,23,0.0
5184,spillage,2030,72,24,24,0.0
