scenario,probability
4,0.04999999999999999
5,0.04999999999999999
3,0.9
