id,asset,milestone_year,scenario,period_block_start,period_block_end,solution
1,h2_storage,2030,1,1,1,0.0
2,h2_storage,2030,1,2,2,0.0
3,h2_storage,2030,1,3,3,0.0
4,h2_storage,2030,1,4,4,0.0
5,h2_storage,2030,1,5,5,0.0
6,h2_storage,2030,1,6,6,0.0
7,h2_storage,2030,1,7,7,0.0
8,h2_storage,2030,1,8,8,0.0
9,h2_storage,2030,1,9,9,0.0
10,h2_storage,2030,1,10,10,0.0
11,h2_storage,2030,1,11,11,0.0
12,h2_storage,2030,1,12,12,0.0
13,h2_storage,2030,1,13,13,0.0
14,h2_storage,2030,1,14,14,0.0
15,h2_storage,2030,1,15,15,0.0
16,h2_storage,2030,1,16,16,0.0
17,h2_storage,2030,1,17,17,0.0
18,h2_storage,2030,1,18,18,0.0
19,h2_storage,2030,1,19,19,0.0
20,h2_storage,2030,1,20,20,0.0
21,h2_storage,2030,1,21,21,0.0
22,h2_storage,2030,1,22,22,0.0
23,h2_storage,2030,1,23,23,0.0
24,h2_storage,2030,1,24,24,0.0
25,h2_storage,2030,1,25,25,0.0
26,h2_storage,2030,1,26,26,0.0
27,h2_storage,2030,1,27,27,0.0
28,h2_storage,2030,1,28,28,0.0
29,h2_storage,2030,1,29,29,0.0
30,h2_storage,2030,1,30,30,0.0
31,h2_storage,2030,1,31,31,0.0
32,h2_storage,2030,1,32,32,0.0
33,h2_storage,2030,1,33,33,0.0
34,h2_storage,2030,1,34,34,0.0
35,h2_storage,2030,1,35,35,0.0
36,h2_storage,2030,1,36,36,0.0
37,h2_storage,2030,1,37,37,0.0
38,h2_storage,2030,1,38,38,0.0
39,h2_storage,2030,1,39,39,0.0
40,h2_storage,2030,1,40,40,0.0
41,h2_storage,2030,1,41,41,0.0
42,h2_storage,2030,1,42,42,0.0
43,h2_storage,2030,1,43,43,0.0
44,h2_storage,2030,1,44,44,0.0
45,h2_storage,2030,1,45,45,0.0
46,h2_storage,2030,1,46,46,0.0
47,h2_storage,2030,1,47,47,0.0
48,h2_storage,2030,1,48,48,0.0
49,h2_storage,2030,1,49,49,0.0
50,h2_storage,2030,1,50,50,0.0
51,h2_storage,2030,1,51,51,0.0
52,h2_storage,2030,1,52,52,0.0
53,h2_storage,2030,1,53,53,0.0
54,h2_storage,2030,1,54,54,0.0
55,h2_storage,2030,1,55,55,0.0
56,h2_storage,2030,1,56,56,0.0
57,h2_storage,2030,1,57,57,0.0
58,h2_storage,2030,1,58,58,0.0
59,h2_storage,2030,1,59,59,0.0
60,h2_storage,2030,1,60,60,0.0
61,h2_storage,2030,1,61,61,0.0
62,h2_storage,2030,1,62,62,0.0
63,h2_storage,2030,1,63,63,0.0
64,h2_storage,2030,1,64,64,0.0
65,h2_storage,2030,1,65,65,0.0
66,h2_storage,2030,1,66,66,0.0
67,h2_storage,2030,1,67,67,0.0
68,h2_storage,2030,1,68,68,0.0
69,h2_storage,2030,1,69,69,0.0
70,h2_storage,2030,1,70,70,0.0
71,h2_storage,2030,1,71,71,0.0
72,h2_storage,2030,1,72,72,0.0
73,h2_storage,2030,1,73,73,0.0
74,h2_storage,2030,1,74,74,0.0
75,h2_storage,2030,1,75,75,0.0
76,h2_storage,2030,1,76,76,0.0
77,h2_storage,2030,1,77,77,0.0
78,h2_storage,2030,1,78,78,0.0
79,h2_storage,2030,1,79,79,0.0
80,h2_storage,2030,1,80,80,0.0
81,h2_storage,2030,1,81,81,0.0
82,h2_storage,2030,1,82,82,0.0
83,h2_storage,2030,1,83,83,0.0
84,h2_storage,2030,1,84,84,0.0
85,h2_storage,2030,1,85,85,0.0
86,h2_storage,2030,1,86,86,0.0
87,h2_storage,2030,1,87,87,0.0
88,h2_storage,2030,1,88,88,0.0
89,h2_storage,2030,1,89,89,0.0
90,h2_storage,2030,1,90,90,0.0
91,h2_storage,2030,1,91,91,0.0
92,h2_storage,2030,1,92,92,0.0
93,h2_storage,2030,1,93,93,0.0
94,h2_storage,2030,1,94,94,0.0
95,h2_storage,2030,1,95,95,0.0
96,h2_storage,2030,1,96,96,0.0
97,h2_storage,2030,1,97,97,0.0
98,h2_storage,2030,1,98,98,0.0
99,h2_storage,2030,1,99,99,0.0
100,h2_storage,2030,1,100,100,0.0
101,h2_storage,2030,1,101,101,0.0
102,h2_storage,2030,1,102,102,0.0
103,h2_storage,2030,1,103,103,0.0
104,h2_storage,2030,1,104,104,0.0
105,h2_storage,2030,1,105,105,0.0
106,h2_storage,2030,1,106,106,0.0
107,h2_storage,2030,1,107,107,0.0
108,h2_storage,2030,1,108,108,0.0
109,h2_storage,2030,1,109,109,0.0
110,h2_storage,2030,1,110,110,0.0
111,h2_storage,2030,1,111,111,0.0
112,h2_storage,2030,1,112,112,0.0
113,h2_storage,2030,1,113,113,0.0
114,h2_storage,2030,1,114,114,0.0
115,h2_storage,2030,1,115,115,0.0
116,h2_storage,2030,1,116,116,0.0
117,h2_storage,2030,1,117,117,0.0
118,h2_storage,2030,1,118,118,0.0
119,h2_storage,2030,1,119,119,0.0
120,h2_storage,2030,1,120,120,0.0
121,h2_storage,2030,1,121,121,0.0
122,h2_storage,2030,1,122,122,0.0
123,h2_storage,2030,1,123,123,0.0
124,h2_storage,2030,1,124,124,0.0
125,h2_storage,2030,1,125,125,0.0
126,h2_storage,2030,1,126,126,0.0
127,h2_storage,2030,1,127,127,0.0
128,h2_storage,2030,1,128,128,0.0
129,h2_storage,2030,1,129,129,0.0
130,h2_storage,2030,1,130,130,0.0
131,h2_storage,2030,1,131,131,0.0
132,h2_storage,2030,1,132,132,0.0
133,h2_storage,2030,1,133,133,0.0
134,h2_storage,2030,1,134,134,0.0
135,h2_storage,2030,1,135,135,0.0
136,h2_storage,2030,1,136,136,0.0
137,h2_storage,2030,1,137,137,0.0
138,h2_storage,2030,1,138,138,0.0
139,h2_storage,2030,1,139,139,0.0
140,h2_storage,2030,1,140,140,0.0
141,h2_storage,2030,1,141,141,0.0
142,h2_storage,2030,1,142,142,0.0
143,h2_storage,2030,1,143,143,0.0
144,h2_storage,2030,1,144,144,0.0
145,h2_storage,2030,1,145,145,0.0
146,h2_storage,2030,1,146,146,0.0
147,h2_storage,2030,1,147,147,0.0
148,h2_storage,2030,1,148,148,0.0
149,h2_storage,2030,1,149,149,0.0
150,h2_storage,2030,1,150,150,0.0
151,h2_storage,2030,1,151,151,0.0
152,h2_storage,2030,1,152,152,0.0
153,h2_storage,2030,1,153,153,0.0
154,h2_storage,2030,1,154,154,0.0
155,h2_storage,2030,1,155,155,0.0
156,h2_storage,2030,1,156,156,0.0
157,h2_storage,2030,1,157,157,0.0
158,h2_storage,2030,1,158,158,0.0
159,h2_storage,2030,1,159,159,0.0
160,h2_storage,2030,1,160,160,0.0
161,h2_storage,2030,1,161,161,0.0
162,h2_storage,2030,1,162,162,0.0
163,h2_storage,2030,1,163,163,0.0
164,h2_storage,2030,1,164,164,0.0
165,h2_storage,2030,1,165,165,0.0
166,h2_storage,2030,1,166,166,0.0
167,h2_storage,2030,1,167,167,0.0
168,h2_storage,2030,1,168,168,0.0
169,h2_storage,2030,1,169,169,0.0
170,h2_storage,2030,1,170,170,0.0
171,h2_storage,2030,1,171,171,0.0
172,h2_storage,2030,1,172,172,0.0
173,h2_storage,2030,1,173,173,0.0
174,h2_storage,2030,1,174,174,0.0
175,h2_storage,2030,1,175,175,0.0
176,h2_storage,2030,1,176,176,0.0
177,h2_storage,2030,1,177,177,0.0
178,h2_storage,2030,1,178,178,0.0
179,h2_storage,2030,1,179,179,0.0
180,h2_storage,2030,1,180,180,0.0
181,h2_storage,2030,1,181,181,0.0
182,h2_storage,2030,1,182,182,0.0
183,h2_storage,2030,1,183,183,0.0
184,h2_storage,2030,1,184,184,0.0
185,h2_storage,2030,1,185,185,0.0
186,h2_storage,2030,1,186,186,0.0
187,h2_storage,2030,1,187,187,0.0
188,h2_storage,2030,1,188,188,0.0
189,h2_storage,2030,1,189,189,0.0
190,h2_storage,2030,1,190,190,0.0
191,h2_storage,2030,1,191,191,0.0
192,h2_storage,2030,1,192,192,0.0
193,h2_storage,2030,1,193,193,0.0
194,h2_storage,2030,1,194,194,0.0
195,h2_storage,2030,1,195,195,0.0
196,h2_storage,2030,1,196,196,0.0
197,h2_storage,2030,1,197,197,0.0
198,h2_storage,2030,1,198,198,0.0
199,h2_storage,2030,1,199,199,0.0
200,h2_storage,2030,1,200,200,0.0
201,h2_storage,2030,1,201,201,0.0
202,h2_storage,2030,1,202,202,0.0
203,h2_storage,2030,1,203,203,0.0
204,h2_storage,2030,1,204,204,0.0
205,h2_storage,2030,1,205,205,0.0
206,h2_storage,2030,1,206,206,0.0
207,h2_storage,2030,1,207,207,0.0
208,h2_storage,2030,1,208,208,0.0
209,h2_storage,2030,1,209,209,0.0
210,h2_storage,2030,1,210,210,0.0
211,h2_storage,2030,1,211,211,0.0
212,h2_storage,2030,1,212,212,0.0
213,h2_storage,2030,1,213,213,0.0
214,h2_storage,2030,1,214,214,0.0
215,h2_storage,2030,1,215,215,0.0
216,h2_storage,2030,1,216,216,0.0
217,h2_storage,2030,1,217,217,0.0
218,h2_storage,2030,1,218,218,0.0
219,h2_storage,2030,1,219,219,0.0
220,h2_storage,2030,1,220,220,0.0
221,h2_storage,2030,1,221,221,0.0
222,h2_storage,2030,1,222,222,0.0
223,h2_storage,2030,1,223,223,0.0
224,h2_storage,2030,1,224,224,0.0
225,h2_storage,2030,1,225,225,0.0
226,h2_storage,2030,1,226,226,0.0
227,h2_storage,2030,1,227,227,0.0
228,h2_storage,2030,1,228,228,0.0
229,h2_storage,2030,1,229,229,0.0
230,h2_storage,2030,1,230,230,0.0
231,h2_storage,2030,1,231,231,0.0
232,h2_storage,2030,1,232,232,0.0
233,h2_storage,2030,1,233,233,0.0
234,h2_storage,2030,1,234,234,0.0
235,h2_storage,2030,1,235,235,0.0
236,h2_storage,2030,1,236,236,0.0
237,h2_storage,2030,1,237,237,0.0
238,h2_storage,2030,1,238,238,0.0
239,h2_storage,2030,1,239,239,0.0
240,h2_storage,2030,1,240,240,0.0
241,h2_storage,2030,1,241,241,0.0
242,h2_storage,2030,1,242,242,0.0
243,h2_storage,2030,1,243,243,0.0
244,h2_storage,2030,1,244,244,0.0
245,h2_storage,2030,1,245,245,0.0
246,h2_storage,2030,1,246,246,0.0
247,h2_storage,2030,1,247,247,0.0
248,h2_storage,2030,1,248,248,0.0
249,h2_storage,2030,1,249,249,0.0
250,h2_storage,2030,1,250,250,0.0
251,h2_storage,2030,1,251,251,0.0
252,h2_storage,2030,1,252,252,0.0
253,h2_storage,2030,1,253,253,0.0
254,h2_storage,2030,1,254,254,0.0
255,h2_storage,2030,1,255,255,0.0
256,h2_storage,2030,1,256,256,0.0
257,h2_storage,2030,1,257,257,0.0
258,h2_storage,2030,1,258,258,0.0
259,h2_storage,2030,1,259,259,0.0
260,h2_storage,2030,1,260,260,0.0
261,h2_storage,2030,1,261,261,0.0
262,h2_storage,2030,1,262,262,0.0
263,h2_storage,2030,1,263,263,0.0
264,h2_storage,2030,1,264,264,0.0
265,h2_storage,2030,1,265,265,0.0
266,h2_storage,2030,1,266,266,0.0
267,h2_storage,2030,1,267,267,0.0
268,h2_storage,2030,1,268,268,0.0
269,h2_storage,2030,1,269,269,0.0
270,h2_storage,2030,1,270,270,0.0
271,h2_storage,2030,1,271,271,0.0
272,h2_storage,2030,1,272,272,0.0
273,h2_storage,2030,1,273,273,0.0
274,h2_storage,2030,1,274,274,0.0
275,h2_storage,2030,1,275,275,0.0
276,h2_storage,2030,1,276,276,0.0
277,h2_storage,2030,1,277,277,0.0
278,h2_storage,2030,1,278,278,0.0
279,h2_storage,2030,1,279,279,0.0
280,h2_storage,2030,1,280,280,0.0
281,h2_storage,2030,1,281,281,0.0
282,h2_storage,2030,1,282,282,0.0
283,h2_storage,2030,1,283,283,0.0
284,h2_storage,2030,1,284,284,0.0
285,h2_storage,2030,1,285,285,0.0
286,h2_storage,2030,1,286,286,0.0
287,h2_storage,2030,1,287,287,0.0
288,h2_storage,2030,1,288,288,0.0
289,h2_storage,2030,1,289,289,0.0
290,h2_storage,2030,1,290,290,0.0
291,h2_storage,2030,1,291,291,0.0
292,h2_storage,2030,1,292,292,0.0
293,h2_storage,2030,1,293,293,0.0
294,h2_storage,2030,1,294,294,0.0
295,h2_storage,2030,1,295,295,0.0
296,h2_storage,2030,1,296,296,0.0
297,h2_storage,2030,1,297,297,0.0
298,h2_storage,2030,1,298,298,0.0
299,h2_storage,2030,1,299,299,0.0
300,h2_storage,2030,1,300,300,0.0
301,h2_storage,2030,1,301,301,0.0
302,h2_storage,2030,1,302,302,0.0
303,h2_storage,2030,1,303,303,0.0
304,h2_storage,2030,1,304,304,0.0
305,h2_storage,2030,1,305,305,0.0
306,h2_storage,2030,1,306,306,0.0
307,h2_storage,2030,1,307,307,0.0
308,h2_storage,2030,1,308,308,0.0
309,h2_storage,2030,1,309,309,0.0
310,h2_storage,2030,1,310,310,0.0
311,h2_storage,2030,1,311,311,0.0
312,h2_storage,2030,1,312,312,0.0
313,h2_storage,2030,1,313,313,0.0
314,h2_storage,2030,1,314,314,0.0
315,h2_storage,2030,1,315,315,0.0
316,h2_storage,2030,1,316,316,0.0
317,h2_storage,2030,1,317,317,0.0
318,h2_storage,2030,1,318,318,0.0
319,h2_storage,2030,1,319,319,0.0
320,h2_storage,2030,1,320,320,0.0
321,h2_storage,2030,1,321,321,0.0
322,h2_storage,2030,1,322,322,0.0
323,h2_storage,2030,1,323,323,0.0
324,h2_storage,2030,1,324,324,0.0
325,h2_storage,2030,1,325,325,0.0
326,h2_storage,2030,1,326,326,0.0
327,h2_storage,2030,1,327,327,0.0
328,h2_storage,2030,1,328,328,0.0
329,h2_storage,2030,1,329,329,0.0
330,h2_storage,2030,1,330,330,0.0
331,h2_storage,2030,1,331,331,0.0
332,h2_storage,2030,1,332,332,0.0
333,h2_storage,2030,1,333,333,0.0
334,h2_storage,2030,1,334,334,0.0
335,h2_storage,2030,1,335,335,0.0
336,h2_storage,2030,1,336,336,0.0
337,h2_storage,2030,1,337,337,0.0
338,h2_storage,2030,1,338,338,0.0
339,h2_storage,2030,1,339,339,0.0
340,h2_storage,2030,1,340,340,0.0
341,h2_storage,2030,1,341,341,0.0
342,h2_storage,2030,1,342,342,0.0
343,h2_storage,2030,1,343,343,0.0
344,h2_storage,2030,1,344,344,0.0
345,h2_storage,2030,1,345,345,0.0
346,h2_storage,2030,1,346,346,0.0
347,h2_storage,2030,1,347,347,0.0
348,h2_storage,2030,1,348,348,0.0
349,h2_storage,2030,1,349,349,0.0
350,h2_storage,2030,1,350,350,0.0
351,h2_storage,2030,1,351,351,0.0
352,h2_storage,2030,1,352,352,0.0
353,h2_storage,2030,1,353,353,0.0
354,h2_storage,2030,1,354,354,0.0
355,h2_storage,2030,1,355,355,0.0
356,h2_storage,2030,1,356,356,0.0
357,h2_storage,2030,1,357,357,0.0
358,h2_storage,2030,1,358,358,0.0
359,h2_storage,2030,1,359,359,0.0
360,h2_storage,2030,1,360,360,0.0
361,h2_storage,2030,1,361,361,0.0
362,h2_storage,2030,1,362,362,0.0
363,h2_storage,2030,1,363,363,0.0
364,h2_storage,2030,1,364,364,0.0
365,h2_storage,2030,1,365,365,0.0
366,h2_storage,2030,2,1,1,0.0
367,h2_storage,2030,2,2,2,0.0
368,h2_storage,2030,2,3,3,0.0
369,h2_storage,2030,2,4,4,0.0
370,h2_storage,2030,2,5,5,0.0
371,h2_storage,2030,2,6,6,0.0
372,h2_storage,2030,2,7,7,0.0
373,h2_storage,2030,2,8,8,0.0
374,h2_storage,2030,2,9,9,0.0
375,h2_storage,2030,2,10,10,0.0
376,h2_storage,2030,2,11,11,0.0
377,h2_storage,2030,2,12,12,0.0
378,h2_storage,2030,2,13,13,0.0
379,h2_storage,2030,2,14,14,0.0
380,h2_storage,2030,2,15,15,0.0
381,h2_storage,2030,2,16,16,0.0
382,h2_storage,2030,2,17,17,0.0
383,h2_storage,2030,2,18,18,0.0
384,h2_storage,2030,2,19,19,0.0
385,h2_storage,2030,2,20,20,0.0
386,h2_storage,2030,2,21,21,0.0
387,h2_storage,2030,2,22,22,0.0
388,h2_storage,2030,2,23,23,0.0
389,h2_storage,2030,2,24,24,0.0
390,h2_storage,2030,2,25,25,0.0
391,h2_storage,2030,2,26,26,0.0
392,h2_storage,2030,2,27,27,0.0
393,h2_storage,2030,2,28,28,0.0
394,h2_storage,2030,2,29,29,0.0
395,h2_storage,2030,2,30,30,0.0
396,h2_storage,2030,2,31,31,0.0
397,h2_storage,2030,2,32,32,0.0
398,h2_storage,2030,2,33,33,0.0
399,h2_storage,2030,2,34,34,0.0
400,h2_storage,2030,2,35,35,0.0
401,h2_storage,2030,2,36,36,0.0
402,h2_storage,2030,2,37,37,0.0
403,h2_storage,2030,2,38,38,0.0
404,h2_storage,2030,2,39,39,0.0
405,h2_storage,2030,2,40,40,0.0
406,h2_storage,2030,2,41,41,0.0
407,h2_storage,2030,2,42,42,0.0
408,h2_storage,2030,2,43,43,0.0
409,h2_storage,2030,2,44,44,0.0
410,h2_storage,2030,2,45,45,0.0
411,h2_storage,2030,2,46,46,0.0
412,h2_storage,2030,2,47,47,0.0
413,h2_storage,2030,2,48,48,0.0
414,h2_storage,2030,2,49,49,0.0
415,h2_storage,2030,2,50,50,0.0
416,h2_storage,2030,2,51,51,0.0
417,h2_storage,2030,2,52,52,0.0
418,h2_storage,2030,2,53,53,0.0
419,h2_storage,2030,2,54,54,0.0
420,h2_storage,2030,2,55,55,0.0
421,h2_storage,2030,2,56,56,0.0
422,h2_storage,2030,2,57,57,0.0
423,h2_storage,2030,2,58,58,0.0
424,h2_storage,2030,2,59,59,0.0
425,h2_storage,2030,2,60,60,0.0
426,h2_storage,2030,2,61,61,0.0
427,h2_storage,2030,2,62,62,0.0
428,h2_storage,2030,2,63,63,0.0
429,h2_storage,2030,2,64,64,0.0
430,h2_storage,2030,2,65,65,0.0
431,h2_storage,2030,2,66,66,0.0
432,h2_storage,2030,2,67,67,0.0
433,h2_storage,2030,2,68,68,0.0
434,h2_storage,2030,2,69,69,0.0
435,h2_storage,2030,2,70,70,0.0
436,h2_storage,2030,2,71,71,0.0
437,h2_storage,2030,2,72,72,0.0
438,h2_storage,2030,2,73,73,0.0
439,h2_storage,2030,2,74,74,0.0
440,h2_storage,2030,2,75,75,0.0
441,h2_storage,2030,2,76,76,0.0
442,h2_storage,2030,2,77,77,0.0
443,h2_storage,2030,2,78,78,0.0
444,h2_storage,2030,2,79,79,0.0
445,h2_storage,2030,2,80,80,0.0
446,h2_storage,2030,2,81,81,0.0
447,h2_storage,2030,2,82,82,0.0
448,h2_storage,2030,2,83,83,0.0
449,h2_storage,2030,2,84,84,0.0
450,h2_storage,2030,2,85,85,0.0
451,h2_storage,2030,2,86,86,0.0
452,h2_storage,2030,2,87,87,0.0
453,h2_storage,2030,2,88,88,0.0
454,h2_storage,2030,2,89,89,0.0
455,h2_storage,2030,2,90,90,0.0
456,h2_storage,2030,2,91,91,0.0
457,h2_storage,2030,2,92,92,0.0
458,h2_storage,2030,2,93,93,0.0
459,h2_storage,2030,2,94,94,0.0
460,h2_storage,2030,2,95,95,0.0
461,h2_storage,2030,2,96,96,0.0
462,h2_storage,2030,2,97,97,0.0
463,h2_storage,2030,2,98,98,0.0
464,h2_storage,2030,2,99,99,0.0
465,h2_storage,2030,2,100,100,0.0
466,h2_storage,2030,2,101,101,0.0
467,h2_storage,2030,2,102,102,0.0
468,h2_storage,2030,2,103,103,0.0
469,h2_storage,2030,2,104,104,0.0
470,h2_storage,2030,2,105,105,0.0
471,h2_storage,2030,2,106,106,0.0
472,h2_storage,2030,2,107,107,0.0
473,h2_storage,2030,2,108,108,0.0
474,h2_storage,2030,2,109,109,0.0
475,h2_storage,2030,2,110,110,0.0
476,h2_storage,2030,2,111,111,0.0
477,h2_storage,2030,2,112,112,0.0
478,h2_storage,2030,2,113,113,0.0
479,h2_storage,2030,2,114,114,0.0
480,h2_storage,2030,2,115,115,0.0
481,h2_storage,2030,2,116,116,0.0
482,h2_storage,2030,2,117,117,0.0
483,h2_storage,2030,2,118,118,0.0
484,h2_storage,2030,2,119,119,0.0
485,h2_storage,2030,2,120,120,0.0
486,h2_storage,2030,2,121,121,0.0
487,h2_storage,2030,2,122,122,0.0
488,h2_storage,2030,2,123,123,0.0
489,h2_storage,2030,2,124,124,0.0
490,h2_storage,2030,2,125,125,0.0
491,h2_storage,2030,2,126,126,0.0
492,h2_storage,2030,2,127,127,0.0
493,h2_storage,2030,2,128,128,0.0
494,h2_storage,2030,2,129,129,0.0
495,h2_storage,2030,2,130,130,0.0
496,h2_storage,2030,2,131,131,0.0
497,h2_storage,2030,2,132,132,0.0
498,h2_storage,2030,2,133,133,0.0
499,h2_storage,2030,2,134,134,0.0
500,h2_storage,2030,2,135,135,0.0
501,h2_storage,2030,2,136,136,0.0
502,h2_storage,2030,2,137,137,0.0
503,h2_storage,2030,2,138,138,0.0
504,h2_storage,2030,2,139,139,0.0
505,h2_storage,2030,2,140,140,0.0
506,h2_storage,2030,2,141,141,0.0
507,h2_storage,2030,2,142,142,0.0
508,h2_storage,2030,2,143,143,0.0
509,h2_storage,2030,2,144,144,0.0
510,h2_storage,2030,2,145,145,0.0
511,h2_storage,2030,2,146,146,0.0
512,h2_storage,2030,2,147,147,0.0
513,h2_storage,2030,2,148,148,0.0
514,h2_storage,2030,2,149,149,0.0
515,h2_storage,2030,2,150,150,0.0
516,h2_storage,2030,2,151,151,0.0
517,h2_storage,2030,2,152,152,0.0
518,h2_storage,2030,2,153,153,0.0
519,h2_storage,2030,2,154,154,0.0
520,h2_storage,2030,2,155,155,0.0
521,h2_storage,2030,2,156,156,0.0
522,h2_storage,2030,2,157,157,0.0
523,h2_storage,2030,2,158,158,0.0
524,h2_storage,2030,2,159,159,0.0
525,h2_storage,2030,2,160,160,0.0
526,h2_storage,2030,2,161,161,0.0
527,h2_storage,2030,2,162,162,0.0
528,h2_storage,2030,2,163,163,0.0
529,h2_storage,2030,2,164,164,0.0
530,h2_storage,2030,2,165,165,0.0
531,h2_storage,2030,2,166,166,0.0
532,h2_storage,2030,2,167,167,0.0
533,h2_storage,2030,2,168,168,0.0
534,h2_storage,2030,2,169,169,0.0
535,h2_storage,2030,2,170,170,0.0
536,h2_storage,2030,2,171,171,0.0
537,h2_storage,2030,2,172,172,0.0
538,h2_storage,2030,2,173,173,0.0
539,h2_storage,2030,2,174,174,0.0
540,h2_storage,2030,2,175,175,0.0
541,h2_storage,2030,2,176,176,0.0
542,h2_storage,2030,2,177,177,0.0
543,h2_storage,2030,2,178,178,0.0
544,h2_storage,2030,2,179,179,0.0
545,h2_storage,2030,2,180,180,0.0
546,h2_storage,2030,2,181,181,0.0
547,h2_storage,2030,2,182,182,0.0
548,h2_storage,2030,2,183,183,0.0
549,h2_storage,2030,2,184,184,0.0
550,h2_storage,2030,2,185,185,0.0
551,h2_storage,2030,2,186,186,0.0
552,h2_storage,2030,2,187,187,0.0
553,h2_storage,2030,2,188,188,0.0
554,h2_storage,2030,2,189,189,0.0
555,h2_storage,2030,2,190,190,0.0
556,h2_storage,2030,2,191,191,0.0
557,h2_storage,2030,2,192,192,0.0
558,h2_storage,2030,2,193,193,0.0
559,h2_storage,2030,2,194,194,0.0
560,h2_storage,2030,2,195,195,0.0
561,h2_storage,2030,2,196,196,0.0
562,h2_storage,2030,2,197,197,0.0
563,h2_storage,2030,2,198,198,0.0
564,h2_storage,2030,2,199,199,0.0
565,h2_storage,2030,2,200,200,0.0
566,h2_storage,2030,2,201,201,0.0
567,h2_storage,2030,2,202,202,0.0
568,h2_storage,2030,2,203,203,0.0
569,h2_storage,2030,2,204,204,0.0
570,h2_storage,2030,2,205,205,0.0
571,h2_storage,2030,2,206,206,0.0
572,h2_storage,2030,2,207,207,0.0
573,h2_storage,2030,2,208,208,0.0
574,h2_storage,2030,2,209,209,0.0
575,h2_storage,2030,2,210,210,0.0
576,h2_storage,2030,2,211,211,0.0
577,h2_storage,2030,2,212,212,0.0
578,h2_storage,2030,2,213,213,0.0
579,h2_storage,2030,2,214,214,0.0
580,h2_storage,2030,2,215,215,0.0
581,h2_storage,2030,2,216,216,0.0
582,h2_storage,2030,2,217,217,0.0
583,h2_storage,2030,2,218,218,0.0
584,h2_storage,2030,2,219,219,0.0
585,h2_storage,2030,2,220,220,0.0
586,h2_storage,2030,2,221,221,0.0
587,h2_storage,2030,2,222,222,0.0
588,h2_storage,2030,2,223,223,0.0
589,h2_storage,2030,2,224,224,0.0
590,h2_storage,2030,2,225,225,0.0
591,h2_storage,2030,2,226,226,0.0
592,h2_storage,2030,2,227,227,0.0
593,h2_storage,2030,2,228,228,0.0
594,h2_storage,2030,2,229,229,0.0
595,h2_storage,2030,2,230,230,0.0
596,h2_storage,2030,2,231,231,0.0
597,h2_storage,2030,2,232,232,0.0
598,h2_storage,2030,2,233,233,0.0
599,h2_storage,2030,2,234,234,0.0
600,h2_storage,2030,2,235,235,0.0
601,h2_storage,2030,2,236,236,0.0
602,h2_storage,2030,2,237,237,0.0
603,h2_storage,2030,2,238,238,0.0
604,h2_storage,2030,2,239,239,0.0
605,h2_storage,2030,2,240,240,0.0
606,h2_storage,2030,2,241,241,0.0
607,h2_storage,2030,2,242,242,0.0
608,h2_storage,2030,2,243,243,0.0
609,h2_storage,2030,2,244,244,0.0
610,h2_storage,2030,2,245,245,0.0
611,h2_storage,2030,2,246,246,0.0
612,h2_storage,2030,2,247,247,0.0
613,h2_storage,2030,2,248,248,0.0
614,h2_storage,2030,2,249,249,0.0
615,h2_storage,2030,2,250,250,0.0
616,h2_storage,2030,2,251,251,0.0
617,h2_storage,2030,2,252,252,0.0
618,h2_storage,2030,2,253,253,0.0
619,h2_storage,2030,2,254,254,0.0
620,h2_storage,2030,2,255,255,0.0
621,h2_storage,2030,2,256,256,0.0
622,h2_storage,2030,2,257,257,0.0
623,h2_storage,2030,2,258,258,0.0
624,h2_storage,2030,2,259,259,0.0
625,h2_storage,2030,2,260,260,0.0
626,h2_storage,2030,2,261,261,0.0
627,h2_storage,2030,2,262,262,0.0
628,h2_storage,2030,2,263,263,0.0
629,h2_storage,2030,2,264,264,0.0
630,h2_storage,2030,2,265,265,0.0
631,h2_storage,2030,2,266,266,0.0
632,h2_storage,2030,2,267,267,0.0
633,h2_storage,2030,2,268,268,0.0
634,h2_storage,2030,2,269,269,0.0
635,h2_storage,2030,2,270,270,0.0
636,h2_storage,2030,2,271,271,0.0
637,h2_storage,2030,2,272,272,0.0
638,h2_storage,2030,2,273,273,0.0
639,h2_storage,2030,2,274,274,0.0
640,h2_storage,2030,2,275,275,0.0
641,h2_storage,2030,2,276,276,0.0
642,h2_storage,2030,2,277,277,0.0
643,h2_storage,2030,2,278,278,0.0
644,h2_storage,2030,2,279,279,0.0
645,h2_storage,2030,2,280,280,0.0
646,h2_storage,2030,2,281,281,0.0
647,h2_storage,2030,2,282,282,0.0
648,h2_storage,2030,2,283,283,0.0
649,h2_storage,2030,2,284,284,0.0
650,h2_storage,2030,2,285,285,0.0
651,h2_storage,2030,2,286,286,0.0
652,h2_storage,2030,2,287,287,0.0
653,h2_storage,2030,2,288,288,0.0
654,h2_storage,2030,2,289,289,0.0
655,h2_storage,2030,2,290,290,0.0
656,h2_storage,2030,2,291,291,0.0
657,h2_storage,2030,2,292,292,0.0
658,h2_storage,2030,2,293,293,0.0
659,h2_storage,2030,2,294,294,0.0
660,h2_storage,2030,2,295,295,0.0
661,h2_storage,2030,2,296,296,0.0
662,h2_storage,2030,2,297,297,0.0
663,h2_storage,2030,2,298,298,0.0
664,h2_storage,2030,2,299,299,0.0
665,h2_storage,2030,2,300,300,0.0
666,h2_storage,2030,2,301,301,0.0
667,h2_storage,2030,2,302,302,0.0
668,h2_storage,2030,2,303,303,0.0
669,h2_storage,2030,2,304,304,0.0
670,h2_storage,2030,2,305,305,0.0
671,h2_storage,2030,2,306,306,0.0
672,h2_storage,2030,2,307,307,0.0
673,h2_storage,2030,2,308,308,0.0
674,h2_storage,2030,2,309,309,0.0
675,h2_storage,2030,2,310,310,0.0
676,h2_storage,2030,2,311,311,0.0
677,h2_storage,2030,2,312,312,0.0
678,h2_storage,2030,2,313,313,0.0
679,h2_storage,2030,2,314,314,0.0
680,h2_storage,2030,2,315,315,0.0
681,h2_storage,2030,2,316,316,0.0
682,h2_storage,2030,2,317,317,0.0
683,h2_storage,2030,2,318,318,0.0
684,h2_storage,2030,2,319,319,0.0
685,h2_storage,2030,2,320,320,0.0
686,h2_storage,2030,2,321,321,0.0
687,h2_storage,2030,2,322,322,0.0
688,h2_storage,2030,2,323,323,0.0
689,h2_storage,2030,2,324,324,0.0
690,h2_storage,2030,2,325,325,0.0
691,h2_storage,2030,2,326,326,0.0
692,h2_storage,2030,2,327,327,0.0
693,h2_storage,2030,2,328,328,0.0
694,h2_storage,2030,2,329,329,0.0
695,h2_storage,2030,2,330,330,0.0
696,h2_storage,2030,2,331,331,0.0
697,h2_storage,2030,2,332,332,0.0
698,h2_storage,2030,2,333,333,0.0
699,h2_storage,2030,2,334,334,0.0
700,h2_storage,2030,2,335,335,0.0
701,h2_storage,2030,2,336,336,0.0
702,h2_storage,2030,2,337,337,0.0
703,h2_storage,2030,2,338,338,0.0
704,h2_storage,2030,2,339,339,0.0
705,h2_storage,2030,2,340,340,0.0
706,h2_storage,2030,2,341,341,0.0
707,h2_storage,2030,2,342,342,0.0
708,h2_storage,2030,2,343,343,0.0
709,h2_storage,2030,2,344,344,0.0
710,h2_storage,2030,2,345,345,0.0
711,h2_storage,2030,2,346,346,0.0
712,h2_storage,2030,2,347,347,0.0
713,h2_storage,2030,2,348,348,0.0
714,h2_storage,2030,2,349,349,0.0
715,h2_storage,2030,2,350,350,0.0
716,h2_storage,2030,2,351,351,0.0
717,h2_storage,2030,2,352,352,0.0
718,h2_storage,2030,2,353,353,0.0
719,h2_storage,2030,2,354,354,0.0
720,h2_storage,2030,2,355,355,0.0
721,h2_storage,2030,2,356,356,0.0
722,h2_storage,2030,2,357,357,0.0
723,h2_storage,2030,2,358,358,0.0
724,h2_storage,2030,2,359,359,0.0
725,h2_storage,2030,2,360,360,0.0
726,h2_storage,2030,2,361,361,0.0
727,h2_storage,2030,2,362,362,0.0
728,h2_storage,2030,2,363,363,0.0
729,h2_storage,2030,2,364,364,0.0
730,h2_storage,2030,2,365,365,0.0
731,h2_storage,2030,3,1,1,0.0
732,h2_storage,2030,3,2,2,0.0
733,h2_storage,2030,3,3,3,0.0
734,h2_storage,2030,3,4,4,0.0
735,h2_storage,2030,3,5,5,0.0
736,h2_storage,2030,3,6,6,0.0
737,h2_storage,2030,3,7,7,0.0
738,h2_storage,2030,3,8,8,0.0
739,h2_storage,2030,3,9,9,0.0
740,h2_storage,2030,3,10,10,0.0
741,h2_storage,2030,3,11,11,0.0
742,h2_storage,2030,3,12,12,0.0
743,h2_storage,2030,3,13,13,0.0
744,h2_storage,2030,3,14,14,0.0
745,h2_storage,2030,3,15,15,0.0
746,h2_storage,2030,3,16,16,0.0
747,h2_storage,2030,3,17,17,0.0
748,h2_storage,2030,3,18,18,0.0
749,h2_storage,2030,3,19,19,0.0
750,h2_storage,2030,3,20,20,0.0
751,h2_storage,2030,3,21,21,0.0
752,h2_storage,2030,3,22,22,0.0
753,h2_storage,2030,3,23,23,0.0
754,h2_storage,2030,3,24,24,0.0
755,h2_storage,2030,3,25,25,0.0
756,h2_storage,2030,3,26,26,0.0
757,h2_storage,2030,3,27,27,0.0
758,h2_storage,2030,3,28,28,0.0
759,h2_storage,2030,3,29,29,0.0
760,h2_storage,2030,3,30,30,0.0
761,h2_storage,2030,3,31,31,0.0
762,h2_storage,2030,3,32,32,0.0
763,h2_storage,2030,3,33,33,0.0
764,h2_storage,2030,3,34,34,0.0
765,h2_storage,2030,3,35,35,0.0
766,h2_storage,2030,3,36,36,0.0
767,h2_storage,2030,3,37,37,0.0
768,h2_storage,2030,3,38,38,0.0
769,h2_storage,2030,3,39,39,0.0
770,h2_storage,2030,3,40,40,0.0
771,h2_storage,2030,3,41,41,0.0
772,h2_storage,2030,3,42,42,0.0
773,h2_storage,2030,3,43,43,0.0
774,h2_storage,2030,3,44,44,0.0
775,h2_storage,2030,3,45,45,0.0
776,h2_storage,2030,3,46,46,0.0
777,h2_storage,2030,3,47,47,0.0
778,h2_storage,2030,3,48,48,0.0
779,h2_storage,2030,3,49,49,0.0
780,h2_storage,2030,3,50,50,0.0
781,h2_storage,2030,3,51,51,0.0
782,h2_storage,2030,3,52,52,0.0
783,h2_storage,2030,3,53,53,0.0
784,h2_storage,2030,3,54,54,0.0
785,h2_storage,2030,3,55,55,0.0
786,h2_storage,2030,3,56,56,0.0
787,h2_storage,2030,3,57,57,0.0
788,h2_storage,2030,3,58,58,0.0
789,h2_storage,2030,3,59,59,0.0
790,h2_storage,2030,3,60,60,0.0
791,h2_storage,2030,3,61,61,0.0
792,h2_storage,2030,3,62,62,0.0
793,h2_storage,2030,3,63,63,0.0
794,h2_storage,2030,3,64,64,0.0
795,h2_storage,2030,3,65,65,0.0
796,h2_storage,2030,3,66,66,0.0
797,h2_storage,2030,3,67,67,0.0
798,h2_storage,2030,3,68,68,0.0
799,h2_storage,2030,3,69,69,0.0
800,h2_storage,2030,3,70,70,0.0
801,h2_storage,2030,3,71,71,0.0
802,h2_storage,2030,3,72,72,0.0
803,h2_storage,2030,3,73,73,0.0
804,h2_storage,2030,3,74,74,0.0
805,h2_storage,2030,3,75,75,0.0
806,h2_storage,2030,3,76,76,0.0
807,h2_storage,2030,3,77,77,0.0
808,h2_storage,2030,3,78,78,0.0
809,h2_storage,2030,3,79,79,0.0
810,h2_storage,2030,3,80,80,0.0
811,h2_storage,2030,3,81,81,0.0
812,h2_storage,2030,3,82,82,0.0
813,h2_storage,2030,3,83,83,0.0
814,h2_storage,2030,3,84,84,0.0
815,h2_storage,2030,3,85,85,0.0
816,h2_storage,2030,3,86,86,0.0
817,h2_storage,2030,3,87,87,0.0
818,h2_storage,2030,3,88,88,0.0
819,h2_storage,2030,3,89,89,0.0
820,h2_storage,2030,3,90,90,0.0
821,h2_storage,2030,3,91,91,0.0
822,h2_storage,2030,3,92,92,0.0
823,h2_storage,2030,3,93,93,0.0
824,h2_storage,2030,3,94,94,0.0
825,h2_storage,2030,3,95,95,0.0
826,h2_storage,2030,3,96,96,0.0
827,h2_storage,2030,3,97,97,0.0
828,h2_storage,2030,3,98,98,0.0
829,h2_storage,2030,3,99,99,0.0
830,h2_storage,2030,3,100,100,0.0
831,h2_storage,2030,3,101,101,0.0
832,h2_storage,2030,3,102,102,0.0
833,h2_storage,2030,3,103,103,0.0
834,h2_storage,2030,3,104,104,0.0
835,h2_storage,2030,3,105,105,0.0
836,h2_storage,2030,3,106,106,0.0
837,h2_storage,2030,3,107,107,0.0
838,h2_storage,2030,3,108,108,0.0
839,h2_storage,2030,3,109,109,0.0
840,h2_storage,2030,3,110,110,0.0
841,h2_storage,2030,3,111,111,0.0
842,h2_storage,2030,3,112,112,0.0
843,h2_storage,2030,3,113,113,0.0
844,h2_storage,2030,3,114,114,0.0
845,h2_storage,2030,3,115,115,0.0
846,h2_storage,2030,3,116,116,0.0
847,h2_storage,2030,3,117,117,0.0
848,h2_storage,2030,3,118,118,0.0
849,h2_storage,2030,3,119,119,0.0
850,h2_storage,2030,3,120,120,0.0
851,h2_storage,2030,3,121,121,0.0
852,h2_storage,2030,3,122,122,0.0
853,h2_storage,2030,3,123,123,0.0
854,h2_storage,2030,3,124,124,0.0
855,h2_storage,2030,3,125,125,0.0
856,h2_storage,2030,3,126,126,0.0
857,h2_storage,2030,3,127,127,0.0
858,h2_storage,2030,3,128,128,0.0
859,h2_storage,2030,3,129,129,0.0
860,h2_storage,2030,3,130,130,0.0
861,h2_storage,2030,3,131,131,0.0
862,h2_storage,2030,3,132,132,0.0
863,h2_storage,2030,3,133,133,0.0
864,h2_storage,2030,3,134,134,0.0
865,h2_storage,2030,3,135,135,0.0
866,h2_storage,2030,3,136,136,0.0
867,h2_storage,2030,3,137,137,0.0
868,h2_storage,2030,3,138,138,0.0
869,h2_storage,2030,3,139,139,0.0
870,h2_storage,2030,3,140,140,0.0
871,h2_storage,2030,3,141,141,0.0
872,h2_storage,2030,3,142,142,0.0
873,h2_storage,2030,3,143,143,0.0
874,h2_storage,2030,3,144,144,0.0
875,h2_storage,2030,3,145,145,0.0
876,h2_storage,2030,3,146,146,0.0
877,h2_storage,2030,3,147,147,0.0
878,h2_storage,2030,3,148,148,0.0
879,h2_storage,2030,3,149,149,0.0
880,h2_storage,2030,3,150,150,0.0
881,h2_storage,2030,3,151,151,0.0
882,h2_storage,2030,3,152,152,0.0
883,h2_storage,2030,3,153,153,0.0
884,h2_storage,2030,3,154,154,0.0
885,h2_storage,2030,3,155,155,0.0
886,h2_storage,2030,3,156,156,0.0
887,h2_storage,2030,3,157,157,0.0
888,h2_storage,2030,3,158,158,0.0
889,h2_storage,2030,3,159,159,0.0
890,h2_storage,2030,3,160,160,0.0
891,h2_storage,2030,3,161,161,0.0
892,h2_storage,2030,3,162,162,0.0
893,h2_storage,2030,3,163,163,0.0
894,h2_storage,2030,3,164,164,0.0
895,h2_storage,2030,3,165,165,0.0
896,h2_storage,2030,3,166,166,0.0
897,h2_storage,2030,3,167,167,0.0
898,h2_storage,2030,3,168,168,0.0
899,h2_storage,2030,3,169,169,0.0
900,h2_storage,2030,3,170,170,0.0
901,h2_storage,2030,3,171,171,0.0
902,h2_storage,2030,3,172,172,0.0
903,h2_storage,2030,3,173,173,0.0
904,h2_storage,2030,3,174,174,0.0
905,h2_storage,2030,3,175,175,0.0
906,h2_storage,2030,3,176,176,0.0
907,h2_storage,2030,3,177,177,0.0
908,h2_storage,2030,3,178,178,0.0
909,h2_storage,2030,3,179,179,0.0
910,h2_storage,2030,3,180,180,0.0
911,h2_storage,2030,3,181,181,0.0
912,h2_storage,2030,3,182,182,0.0
913,h2_storage,2030,3,183,183,0.0
914,h2_storage,2030,3,184,184,0.0
915,h2_storage,2030,3,185,185,0.0
916,h2_storage,2030,3,186,186,0.0
917,h2_storage,2030,3,187,187,0.0
918,h2_storage,2030,3,188,188,0.0
919,h2_storage,2030,3,189,189,0.0
920,h2_storage,2030,3,190,190,0.0
921,h2_storage,2030,3,191,191,0.0
922,h2_storage,2030,3,192,192,0.0
923,h2_storage,2030,3,193,193,0.0
924,h2_storage,2030,3,194,194,0.0
925,h2_storage,2030,3,195,195,0.0
926,h2_storage,2030,3,196,196,0.0
927,h2_storage,2030,3,197,197,0.0
928,h2_storage,2030,3,198,198,0.0
929,h2_storage,2030,3,199,199,0.0
930,h2_storage,2030,3,200,200,0.0
931,h2_storage,2030,3,201,201,0.0
932,h2_storage,2030,3,202,202,0.0
933,h2_storage,2030,3,203,203,0.0
934,h2_storage,2030,3,204,204,0.0
935,h2_storage,2030,3,205,205,0.0
936,h2_storage,2030,3,206,206,0.0
937,h2_storage,2030,3,207,207,0.0
938,h2_storage,2030,3,208,208,0.0
939,h2_storage,2030,3,209,209,0.0
940,h2_storage,2030,3,210,210,0.0
941,h2_storage,2030,3,211,211,0.0
942,h2_storage,2030,3,212,212,0.0
943,h2_storage,2030,3,213,213,0.0
944,h2_storage,2030,3,214,214,0.0
945,h2_storage,2030,3,215,215,0.0
946,h2_storage,2030,3,216,216,0.0
947,h2_storage,2030,3,217,217,0.0
948,h2_storage,2030,3,218,218,0.0
949,h2_storage,2030,3,219,219,0.0
950,h2_storage,2030,3,220,220,0.0
951,h2_storage,2030,3,221,221,0.0
952,h2_storage,2030,3,222,222,0.0
953,h2_storage,2030,3,223,223,0.0
954,h2_storage,2030,3,224,224,0.0
955,h2_storage,2030,3,225,225,0.0
956,h2_storage,2030,3,226,226,0.0
957,h2_storage,2030,3,227,227,0.0
958,h2_storage,2030,3,228,228,0.0
959,h2_storage,2030,3,229,229,0.0
960,h2_storage,2030,3,230,230,0.0
961,h2_storage,2030,3,231,231,0.0
962,h2_storage,2030,3,232,232,0.0
963,h2_storage,2030,3,233,233,0.0
964,h2_storage,2030,3,234,234,0.0
965,h2_storage,2030,3,235,235,0.0
966,h2_storage,2030,3,236,236,0.0
967,h2_storage,2030,3,237,237,0.0
968,h2_storage,2030,3,238,238,0.0
969,h2_storage,2030,3,239,239,0.0
970,h2_storage,2030,3,240,240,0.0
971,h2_storage,2030,3,241,241,0.0
972,h2_storage,2030,3,242,242,0.0
973,h2_storage,2030,3,243,243,0.0
974,h2_storage,2030,3,244,244,0.0
975,h2_storage,2030,3,245,245,0.0
976,h2_storage,2030,3,246,246,0.0
977,h2_storage,2030,3,247,247,0.0
978,h2_storage,2030,3,248,248,0.0
979,h2_storage,2030,3,249,249,0.0
980,h2_storage,2030,3,250,250,0.0
981,h2_storage,2030,3,251,251,0.0
982,h2_storage,2030,3,252,252,0.0
983,h2_storage,2030,3,253,253,0.0
984,h2_storage,2030,3,254,254,0.0
985,h2_storage,2030,3,255,255,0.0
986,h2_storage,2030,3,256,256,0.0
987,h2_storage,2030,3,257,257,0.0
988,h2_storage,2030,3,258,258,0.0
989,h2_storage,2030,3,259,259,0.0
990,h2_storage,2030,3,260,260,0.0
991,h2_storage,2030,3,261,261,0.0
992,h2_storage,2030,3,262,262,0.0
993,h2_storage,2030,3,263,263,0.0
994,h2_storage,2030,3,264,264,0.0
995,h2_storage,2030,3,265,265,0.0
996,h2_storage,2030,3,266,266,0.0
997,h2_storage,2030,3,267,267,0.0
998,h2_storage,2030,3,268,268,0.0
999,h2_storage,2030,3,269,269,0.0
1000,h2_storage,2030,3,270,270,0.0
1001,h2_storage,2030,3,271,271,0.0
1002,h2_storage,2030,3,272,272,0.0
1003,h2_storage,2030,3,273,273,0.0
1004,h2_storage,2030,3,274,274,0.0
1005,h2_storage,2030,3,275,275,0.0
1006,h2_storage,2030,3,276,276,0.0
1007,h2_storage,2030,3,277,277,0.0
1008,h2_storage,2030,3,278,278,0.0
1009,h2_storage,2030,3,279,279,0.0
1010,h2_storage,2030,3,280,280,0.0
1011,h2_storage,2030,3,281,281,0.0
1012,h2_storage,2030,3,282,282,0.0
1013,h2_storage,2030,3,283,283,0.0
1014,h2_storage,2030,3,284,284,0.0
1015,h2_storage,2030,3,285,285,0.0
1016,h2_storage,2030,3,286,286,0.0
1017,h2_storage,2030,3,287,287,0.0
1018,h2_storage,2030,3,288,288,0.0
1019,h2_storage,2030,3,289,289,0.0
1020,h2_storage,2030,3,290,290,0.0
1021,h2_storage,2030,3,291,291,0.0
1022,h2_storage,2030,3,292,292,0.0
1023,h2_storage,2030,3,293,293,0.0
1024,h2_storage,2030,3,294,294,0.0
1025,h2_storage,2030,3,295,295,0.0
1026,h2_storage,2030,3,296,296,0.0
1027,h2_storage,2030,3,297,297,0.0
1028,h2_storage,2030,3,298,298,0.0
1029,h2_storage,2030,3,299,299,0.0
1030,h2_storage,2030,3,300,300,0.0
1031,h2_storage,2030,3,301,301,0.0
1032,h2_storage,2030,3,302,302,0.0
1033,h2_storage,2030,3,303,303,0.0
1034,h2_storage,2030,3,304,304,0.0
1035,h2_storage,2030,3,305,305,0.0
1036,h2_storage,2030,3,306,306,0.0
1037,h2_storage,2030,3,307,307,0.0
1038,h2_storage,2030,3,308,308,0.0
1039,h2_storage,2030,3,309,309,0.0
1040,h2_storage,2030,3,310,310,0.0
1041,h2_storage,2030,3,311,311,0.0
1042,h2_storage,2030,3,312,312,0.0
1043,h2_storage,2030,3,313,313,0.0
1044,h2_storage,2030,3,314,314,0.0
1045,h2_storage,2030,3,315,315,0.0
1046,h2_storage,2030,3,316,316,0.0
1047,h2_storage,2030,3,317,317,0.0
1048,h2_storage,2030,3,318,318,0.0
1049,h2_storage,2030,3,319,319,0.0
1050,h2_storage,2030,3,320,320,0.0
1051,h2_storage,2030,3,321,321,0.0
1052,h2_storage,2030,3,322,322,0.0
1053,h2_storage,2030,3,323,323,0.0
1054,h2_storage,2030,3,324,324,0.0
1055,h2_storage,2030,3,325,325,0.0
1056,h2_storage,2030,3,326,326,0.0
1057,h2_storage,2030,3,327,327,0.0
1058,h2_storage,2030,3,328,328,0.0
1059,h2_storage,2030,3,329,329,0.0
1060,h2_storage,2030,3,330,330,0.0
1061,h2_storage,2030,3,331,331,0.0
1062,h2_storage,2030,3,332,332,0.0
1063,h2_storage,2030,3,333,333,0.0
1064,h2_storage,2030,3,334,334,0.0
1065,h2_storage,2030,3,335,335,0.0
1066,h2_storage,2030,3,336,336,0.0
1067,h2_storage,2030,3,337,337,0.0
1068,h2_storage,2030,3,338,338,0.0
1069,h2_storage,2030,3,339,339,0.0
1070,h2_storage,2030,3,340,340,0.0
1071,h2_storage,2030,3,341,341,0.0
1072,h2_storage,2030,3,342,342,0.0
1073,h2_storage,2030,3,343,343,0.0
1074,h2_storage,2030,3,344,344,0.0
1075,h2_storage,2030,3,345,345,0.0
1076,h2_storage,2030,3,346,346,0.0
1077,h2_storage,2030,3,347,347,0.0
1078,h2_storage,2030,3,348,348,0.0
1079,h2_storage,2030,3,349,349,0.0
1080,h2_storage,2030,3,350,350,0.0
1081,h2_storage,2030,3,351,351,0.0
1082,h2_storage,2030,3,352,352,0.0
1083,h2_storage,2030,3,353,353,0.0
1084,h2_storage,2030,3,354,354,0.0
1085,h2_storage,2030,3,355,355,0.0
1086,h2_storage,2030,3,356,356,0.0
1087,h2_storage,2030,3,357,357,0.0
1088,h2_storage,2030,3,358,358,0.0
1089,h2_storage,2030,3,359,359,0.0
1090,h2_storage,2030,3,360,360,0.0
1091,h2_storage,2030,3,361,361,0.0
1092,h2_storage,2030,3,362,362,0.0
1093,h2_storage,2030,3,363,363,0.0
1094,h2_storage,2030,3,364,364,0.0
1095,h2_storage,2030,3,365,365,0.0
1096,h2_storage,2030,4,1,1,0.0
1097,h2_storage,2030,4,2,2,0.0
1098,h2_storage,2030,4,3,3,0.0
1099,h2_storage,2030,4,4,4,0.0
1100,h2_storage,2030,4,5,5,0.0
1101,h2_storage,2030,4,6,6,0.0
1102,h2_storage,2030,4,7,7,0.0
1103,h2_storage,2030,4,8,8,0.0
1104,h2_storage,2030,4,9,9,0.0
1105,h2_storage,2030,4,10,10,0.0
1106,h2_storage,2030,4,11,11,0.0
1107,h2_storage,2030,4,12,12,0.0
1108,h2_storage,2030,4,13,13,0.0
1109,h2_storage,2030,4,14,14,0.0
1110,h2_storage,2030,4,15,15,0.0
1111,h2_storage,2030,4,16,16,0.0
1112,h2_storage,2030,4,17,17,0.0
1113,h2_storage,2030,4,18,18,0.0
1114,h2_storage,2030,4,19,19,0.0
1115,h2_storage,2030,4,20,20,0.0
1116,h2_storage,2030,4,21,21,0.0
1117,h2_storage,2030,4,22,22,0.0
1118,h2_storage,2030,4,23,23,0.0
1119,h2_storage,2030,4,24,24,0.0
1120,h2_storage,2030,4,25,25,0.0
1121,h2_storage,2030,4,26,26,0.0
1122,h2_storage,2030,4,27,27,0.0
1123,h2_storage,2030,4,28,28,0.0
1124,h2_storage,2030,4,29,29,0.0
1125,h2_storage,2030,4,30,30,0.0
1126,h2_storage,2030,4,31,31,0.0
1127,h2_storage,2030,4,32,32,0.0
1128,h2_storage,2030,4,33,33,0.0
1129,h2_storage,2030,4,34,34,0.0
1130,h2_storage,2030,4,35,35,0.0
1131,h2_storage,2030,4,36,36,0.0
1132,h2_storage,2030,4,37,37,0.0
1133,h2_storage,2030,4,38,38,0.0
1134,h2_storage,2030,4,39,39,0.0
1135,h2_storage,2030,4,40,40,0.0
1136,h2_storage,2030,4,41,41,0.0
1137,h2_storage,2030,4,42,42,0.0
1138,h2_storage,2030,4,43,43,0.0
1139,h2_storage,2030,4,44,44,0.0
1140,h2_storage,2030,4,45,45,0.0
1141,h2_storage,2030,4,46,46,0.0
1142,h2_storage,2030,4,47,47,0.0
1143,h2_storage,2030,4,48,48,0.0
1144,h2_storage,2030,4,49,49,0.0
1145,h2_storage,2030,4,50,50,0.0
1146,h2_storage,2030,4,51,51,0.0
1147,h2_storage,2030,4,52,52,0.0
1148,h2_storage,2030,4,53,53,0.0
1149,h2_storage,2030,4,54,54,0.0
1150,h2_storage,2030,4,55,55,0.0
1151,h2_storage,2030,4,56,56,0.0
1152,h2_storage,2030,4,57,57,0.0
1153,h2_storage,2030,4,58,58,0.0
1154,h2_storage,2030,4,59,59,0.0
1155,h2_storage,2030,4,60,60,0.0
1156,h2_storage,2030,4,61,61,0.0
1157,h2_storage,2030,4,62,62,0.0
1158,h2_storage,2030,4,63,63,0.0
1159,h2_storage,2030,4,64,64,0.0
1160,h2_storage,2030,4,65,65,0.0
1161,h2_storage,2030,4,66,66,0.0
1162,h2_storage,2030,4,67,67,0.0
1163,h2_storage,2030,4,68,68,0.0
1164,h2_storage,2030,4,69,69,0.0
1165,h2_storage,2030,4,70,70,0.0
1166,h2_storage,2030,4,71,71,0.0
1167,h2_storage,2030,4,72,72,0.0
1168,h2_storage,2030,4,73,73,0.0
1169,h2_storage,2030,4,74,74,0.0
1170,h2_storage,2030,4,75,75,0.0
1171,h2_storage,2030,4,76,76,0.0
1172,h2_storage,2030,4,77,77,0.0
1173,h2_storage,2030,4,78,78,0.0
1174,h2_storage,2030,4,79,79,0.0
1175,h2_storage,2030,4,80,80,0.0
1176,h2_storage,2030,4,81,81,0.0
1177,h2_storage,2030,4,82,82,0.0
1178,h2_storage,2030,4,83,83,0.0
1179,h2_storage,2030,4,84,84,0.0
1180,h2_storage,2030,4,85,85,0.0
1181,h2_storage,2030,4,86,86,0.0
1182,h2_storage,2030,4,87,87,0.0
1183,h2_storage,2030,4,88,88,0.0
1184,h2_storage,2030,4,89,89,0.0
1185,h2_storage,2030,4,90,90,0.0
1186,h2_storage,2030,4,91,91,0.0
1187,h2_storage,2030,4,92,92,0.0
1188,h2_storage,2030,4,93,93,0.0
1189,h2_storage,2030,4,94,94,0.0
1190,h2_storage,2030,4,95,95,0.0
1191,h2_storage,2030,4,96,96,0.0
1192,h2_storage,2030,4,97,97,0.0
1193,h2_storage,2030,4,98,98,0.0
1194,h2_storage,2030,4,99,99,0.0
1195,h2_storage,2030,4,100,100,0.0
1196,h2_storage,2030,4,101,101,0.0
1197,h2_storage,2030,4,102,102,0.0
1198,h2_storage,2030,4,103,103,0.0
1199,h2_storage,2030,4,104,104,0.0
1200,h2_storage,2030,4,105,105,0.0
1201,h2_storage,2030,4,106,106,0.0
1202,h2_storage,2030,4,107,107,0.0
1203,h2_storage,2030,4,108,108,0.0
1204,h2_storage,2030,4,109,109,0.0
1205,h2_storage,2030,4,110,110,0.0
1206,h2_storage,2030,4,111,111,0.0
1207,h2_storage,2030,4,112,112,0.0
1208,h2_storage,2030,4,113,113,0.0
1209,h2_storage,2030,4,114,114,0.0
1210,h2_storage,2030,4,115,115,0.0
1211,h2_storage,2030,4,116,116,0.0
1212,h2_storage,2030,4,117,117,0.0
1213,h2_storage,2030,4,118,118,0.0
1214,h2_storage,2030,4,119,119,0.0
1215,h2_storage,2030,4,120,120,0.0
1216,h2_storage,2030,4,121,121,0.0
1217,h2_storage,2030,4,122,122,0.0
1218,h2_storage,2030,4,123,123,0.0
1219,h2_storage,2030,4,124,124,0.0
1220,h2_storage,2030,4,125,125,0.0
1221,h2_storage,2030,4,126,126,0.0
1222,h2_storage,2030,4,127,127,0.0
1223,h2_storage,2030,4,128,128,0.0
1224,h2_storage,2030,4,129,129,0.0
1225,h2_storage,2030,4,130,130,0.0
1226,h2_storage,2030,4,131,131,0.0
1227,h2_storage,2030,4,132,132,0.0
1228,h2_storage,2030,4,133,133,0.0
1229,h2_storage,2030,4,134,134,0.0
1230,h2_storage,2030,4,135,135,0.0
1231,h2_storage,2030,4,136,136,0.0
1232,h2_storage,2030,4,137,137,0.0
1233,h2_storage,2030,4,138,138,0.0
1234,h2_storage,2030,4,139,139,0.0
1235,h2_storage,2030,4,140,140,0.0
1236,h2_storage,2030,4,141,141,0.0
1237,h2_storage,2030,4,142,142,0.0
1238,h2_storage,2030,4,143,143,0.0
1239,h2_storage,2030,4,144,144,0.0
1240,h2_storage,2030,4,145,145,0.0
1241,h2_storage,2030,4,146,146,0.0
1242,h2_storage,2030,4,147,147,0.0
1243,h2_storage,2030,4,148,148,0.0
1244,h2_storage,2030,4,149,149,0.0
1245,h2_storage,2030,4,150,150,0.0
1246,h2_storage,2030,4,151,151,0.0
1247,h2_storage,2030,4,152,152,0.0
1248,h2_storage,2030,4,153,153,0.0
1249,h2_storage,2030,4,154,154,0.0
1250,h2_storage,2030,4,155,155,0.0
1251,h2_storage,2030,4,156,156,0.0
1252,h2_storage,2030,4,157,157,0.0
1253,h2_storage,2030,4,158,158,0.0
1254,h2_storage,2030,4,159,159,0.0
1255,h2_storage,2030,4,160,160,0.0
1256,h2_storage,2030,4,161,161,0.0
1257,h2_storage,2030,4,162,162,0.0
1258,h2_storage,2030,4,163,163,0.0
1259,h2_storage,2030,4,164,164,0.0
1260,h2_storage,2030,4,165,165,0.0
1261,h2_storage,2030,4,166,166,0.0
1262,h2_storage,2030,4,167,167,0.0
1263,h2_storage,2030,4,168,168,0.0
1264,h2_storage,2030,4,169,169,0.0
1265,h2_storage,2030,4,170,170,0.0
1266,h2_storage,2030,4,171,171,0.0
1267,h2_storage,2030,4,172,172,0.0
1268,h2_storage,2030,4,173,173,0.0
1269,h2_storage,2030,4,174,174,0.0
1270,h2_storage,2030,4,175,175,0.0
1271,h2_storage,2030,4,176,176,0.0
1272,h2_storage,2030,4,177,177,0.0
1273,h2_storage,2030,4,178,178,0.0
1274,h2_storage,2030,4,179,179,0.0
1275,h2_storage,2030,4,180,180,0.0
1276,h2_storage,2030,4,181,181,0.0
1277,h2_storage,2030,4,182,182,0.0
1278,h2_storage,2030,4,183,183,0.0
1279,h2_storage,2030,4,184,184,0.0
1280,h2_storage,2030,4,185,185,0.0
1281,h2_storage,2030,4,186,186,0.0
1282,h2_storage,2030,4,187,187,0.0
1283,h2_storage,2030,4,188,188,0.0
1284,h2_storage,2030,4,189,189,0.0
1285,h2_storage,2030,4,190,190,0.0
1286,h2_storage,2030,4,191,191,0.0
1287,h2_storage,2030,4,192,192,0.0
1288,h2_storage,2030,4,193,193,0.0
1289,h2_storage,2030,4,194,194,0.0
1290,h2_storage,2030,4,195,195,0.0
1291,h2_storage,2030,4,196,196,0.0
1292,h2_storage,2030,4,197,197,0.0
1293,h2_storage,2030,4,198,198,0.0
1294,h2_storage,2030,4,199,199,0.0
1295,h2_storage,2030,4,200,200,0.0
1296,h2_storage,2030,4,201,201,0.0
1297,h2_storage,2030,4,202,202,0.0
1298,h2_storage,2030,4,203,203,0.0
1299,h2_storage,2030,4,204,204,0.0
1300,h2_storage,2030,4,205,205,0.0
1301,h2_storage,2030,4,206,206,0.0
1302,h2_storage,2030,4,207,207,0.0
1303,h2_storage,2030,4,208,208,0.0
1304,h2_storage,2030,4,209,209,0.0
1305,h2_storage,2030,4,210,210,0.0
1306,h2_storage,2030,4,211,211,0.0
1307,h2_storage,2030,4,212,212,0.0
1308,h2_storage,2030,4,213,213,0.0
1309,h2_storage,2030,4,214,214,0.0
1310,h2_storage,2030,4,215,215,0.0
1311,h2_storage,2030,4,216,216,0.0
1312,h2_storage,2030,4,217,217,0.0
1313,h2_storage,2030,4,218,218,0.0
1314,h2_storage,2030,4,219,219,0.0
1315,h2_storage,2030,4,220,220,0.0
1316,h2_storage,2030,4,221,221,0.0
1317,h2_storage,2030,4,222,222,0.0
1318,h2_storage,2030,4,223,223,0.0
1319,h2_storage,2030,4,224,224,0.0
1320,h2_storage,2030,4,225,225,0.0
1321,h2_storage,2030,4,226,226,0.0
1322,h2_storage,2030,4,227,227,0.0
1323,h2_storage,2030,4,228,228,0.0
1324,h2_storage,2030,4,229,229,0.0
1325,h2_storage,2030,4,230,230,0.0
1326,h2_storage,2030,4,231,231,0.0
1327,h2_storage,2030,4,232,232,0.0
1328,h2_storage,2030,4,233,233,0.0
1329,h2_storage,2030,4,234,234,0.0
1330,h2_storage,2030,4,235,235,0.0
1331,h2_storage,2030,4,236,236,0.0
1332,h2_storage,2030,4,237,237,0.0
1333,h2_storage,2030,4,238,238,0.0
1334,h2_storage,2030,4,239,239,0.0
1335,h2_storage,2030,4,240,240,0.0
1336,h2_storage,2030,4,241,241,0.0
1337,h2_storage,2030,4,242,242,0.0
1338,h2_storage,2030,4,243,243,0.0
1339,h2_storage,2030,4,244,244,0.0
1340,h2_storage,2030,4,245,245,0.0
1341,h2_storage,2030,4,246,246,0.0
1342,h2_storage,2030,4,247,247,0.0
1343,h2_storage,2030,4,248,248,0.0
1344,h2_storage,2030,4,249,249,0.0
1345,h2_storage,2030,4,250,250,0.0
1346,h2_storage,2030,4,251,251,0.0
1347,h2_storage,2030,4,252,252,0.0
1348,h2_storage,2030,4,253,253,0.0
1349,h2_storage,2030,4,254,254,0.0
1350,h2_storage,2030,4,255,255,0.0
1351,h2_storage,2030,4,256,256,0.0
1352,h2_storage,2030,4,257,257,0.0
1353,h2_storage,2030,4,258,258,0.0
1354,h2_storage,2030,4,259,259,0.0
1355,h2_storage,2030,4,260,260,0.0
1356,h2_storage,2030,4,261,261,0.0
1357,h2_storage,2030,4,262,262,0.0
1358,h2_storage,2030,4,263,263,0.0
1359,h2_storage,2030,4,264,264,0.0
1360,h2_storage,2030,4,265,265,0.0
1361,h2_storage,2030,4,266,266,0.0
1362,h2_storage,2030,4,267,267,0.0
1363,h2_storage,2030,4,268,268,0.0
1364,h2_storage,2030,4,269,269,0.0
1365,h2_storage,2030,4,270,270,0.0
1366,h2_storage,2030,4,271,271,0.0
1367,h2_storage,2030,4,272,272,0.0
1368,h2_storage,2030,4,273,273,0.0
1369,h2_storage,2030,4,274,274,0.0
1370,h2_storage,2030,4,275,275,0.0
1371,h2_storage,2030,4,276,276,0.0
1372,h2_storage,2030,4,277,277,0.0
1373,h2_storage,2030,4,278,278,0.0
1374,h2_storage,2030,4,279,279,0.0
1375,h2_storage,2030,4,280,280,0.0
1376,h2_storage,2030,4,281,281,0.0
1377,h2_storage,2030,4,282,282,0.0
1378,h2_storage,2030,4,283,283,0.0
1379,h2_storage,2030,4,284,284,0.0
1380,h2_storage,2030,4,285,285,0.0
1381,h2_storage,2030,4,286,286,0.0
1382,h2_storage,2030,4,287,287,0.0
1383,h2_storage,2030,4,288,288,0.0
1384,h2_storage,2030,4,289,289,0.0
1385,h2_storage,2030,4,290,290,0.0
1386,h2_storage,2030,4,291,291,0.0
1387,h2_storage,2030,4,292,292,0.0
1388,h2_storage,2030,4,293,293,0.0
1389,h2_storage,2030,4,294,294,0.0
1390,h2_storage,2030,4,295,295,0.0
1391,h2_storage,2030,4,296,296,0.0
1392,h2_storage,2030,4,297,297,0.0
1393,h2_storage,2030,4,298,298,0.0
1394,h2_storage,2030,4,299,299,0.0
1395,h2_storage,2030,4,300,300,0.0
1396,h2_storage,2030,4,301,301,0.0
1397,h2_storage,2030,4,302,302,0.0
1398,h2_storage,2030,4,303,303,0.0
1399,h2_storage,2030,4,304,304,0.0
1400,h2_storage,2030,4,305,305,0.0
1401,h2_storage,2030,4,306,306,0.0
1402,h2_storage,2030,4,307,307,0.0
1403,h2_storage,2030,4,308,308,0.0
1404,h2_storage,2030,4,309,309,0.0
1405,h2_storage,2030,4,310,310,0.0
1406,h2_storage,2030,4,311,311,0.0
1407,h2_storage,2030,4,312,312,0.0
1408,h2_storage,2030,4,313,313,0.0
1409,h2_storage,2030,4,314,314,0.0
1410,h2_storage,2030,4,315,315,0.0
1411,h2_storage,2030,4,316,316,0.0
1412,h2_storage,2030,4,317,317,0.0
1413,h2_storage,2030,4,318,318,0.0
1414,h2_storage,2030,4,319,319,0.0
1415,h2_storage,2030,4,320,320,0.0
1416,h2_storage,2030,4,321,321,0.0
1417,h2_storage,2030,4,322,322,0.0
1418,h2_storage,2030,4,323,323,0.0
1419,h2_storage,2030,4,324,324,0.0
1420,h2_storage,2030,4,325,325,0.0
1421,h2_storage,2030,4,326,326,0.0
1422,h2_storage,2030,4,327,327,0.0
1423,h2_storage,2030,4,328,328,0.0
1424,h2_storage,2030,4,329,329,0.0
1425,h2_storage,2030,4,330,330,0.0
1426,h2_storage,2030,4,331,331,0.0
1427,h2_storage,2030,4,332,332,0.0
1428,h2_storage,2030,4,333,333,0.0
1429,h2_storage,2030,4,334,334,0.0
1430,h2_storage,2030,4,335,335,0.0
1431,h2_storage,2030,4,336,336,0.0
1432,h2_storage,2030,4,337,337,0.0
1433,h2_storage,2030,4,338,338,0.0
1434,h2_storage,2030,4,339,339,0.0
1435,h2_storage,2030,4,340,340,0.0
1436,h2_storage,2030,4,341,341,0.0
1437,h2_storage,2030,4,342,342,0.0
1438,h2_storage,2030,4,343,343,0.0
1439,h2_storage,2030,4,344,344,0.0
1440,h2_storage,2030,4,345,345,0.0
1441,h2_storage,2030,4,346,346,0.0
1442,h2_storage,2030,4,347,347,0.0
1443,h2_storage,2030,4,348,348,0.0
1444,h2_storage,2030,4,349,349,0.0
1445,h2_storage,2030,4,350,350,0.0
1446,h2_storage,2030,4,351,351,0.0
1447,h2_storage,2030,4,352,352,0.0
1448,h2_storage,2030,4,353,353,0.0
1449,h2_storage,2030,4,354,354,0.0
1450,h2_storage,2030,4,355,355,0.0
1451,h2_storage,2030,4,356,356,0.0
1452,h2_storage,2030,4,357,357,0.0
1453,h2_storage,2030,4,358,358,0.0
1454,h2_storage,2030,4,359,359,0.0
1455,h2_storage,2030,4,360,360,0.0
1456,h2_storage,2030,4,361,361,0.0
1457,h2_storage,2030,4,362,362,0.0
1458,h2_storage,2030,4,363,363,0.0
1459,h2_storage,2030,4,364,364,0.0
1460,h2_storage,2030,4,365,365,0.0
1461,h2_storage,2030,5,1,1,0.0
1462,h2_storage,2030,5,2,2,0.0
1463,h2_storage,2030,5,3,3,0.0
1464,h2_storage,2030,5,4,4,0.0
1465,h2_storage,2030,5,5,5,0.0
1466,h2_storage,2030,5,6,6,0.0
1467,h2_storage,2030,5,7,7,0.0
1468,h2_storage,2030,5,8,8,0.0
1469,h2_storage,2030,5,9,9,0.0
1470,h2_storage,2030,5,10,10,0.0
1471,h2_storage,2030,5,11,11,0.0
1472,h2_storage,2030,5,12,12,0.0
1473,h2_storage,2030,5,13,13,0.0
1474,h2_storage,2030,5,14,14,0.0
1475,h2_storage,2030,5,15,15,0.0
1476,h2_storage,2030,5,16,16,0.0
1477,h2_storage,2030,5,17,17,0.0
1478,h2_storage,2030,5,18,18,0.0
1479,h2_storage,2030,5,19,19,0.0
1480,h2_storage,2030,5,20,20,0.0
1481,h2_storage,2030,5,21,21,0.0
1482,h2_storage,2030,5,22,22,0.0
1483,h2_storage,2030,5,23,23,0.0
1484,h2_storage,2030,5,24,24,0.0
1485,h2_storage,2030,5,25,25,0.0
1486,h2_storage,2030,5,26,26,0.0
1487,h2_storage,2030,5,27,27,0.0
1488,h2_storage,2030,5,28,28,0.0
1489,h2_storage,2030,5,29,29,0.0
1490,h2_storage,2030,5,30,30,0.0
1491,h2_storage,2030,5,31,31,0.0
1492,h2_storage,2030,5,32,32,0.0
1493,h2_storage,2030,5,33,33,0.0
1494,h2_storage,2030,5,34,34,0.0
1495,h2_storage,2030,5,35,35,0.0
1496,h2_storage,2030,5,36,36,0.0
1497,h2_storage,2030,5,37,37,0.0
1498,h2_storage,2030,5,38,38,0.0
1499,h2_storage,2030,5,39,39,0.0
1500,h2_storage,2030,5,40,40,0.0
1501,h2_storage,2030,5,41,41,0.0
1502,h2_storage,2030,5,42,42,0.0
1503,h2_storage,2030,5,43,43,0.0
1504,h2_storage,2030,5,44,44,0.0
1505,h2_storage,2030,5,45,45,0.0
1506,h2_storage,2030,5,46,46,0.0
1507,h2_storage,2030,5,47,47,0.0
1508,h2_storage,2030,5,48,48,0.0
1509,h2_storage,2030,5,49,49,0.0
1510,h2_storage,2030,5,50,50,0.0
1511,h2_storage,2030,5,51,51,0.0
1512,h2_storage,2030,5,52,52,0.0
1513,h2_storage,2030,5,53,53,0.0
1514,h2_storage,2030,5,54,54,0.0
1515,h2_storage,2030,5,55,55,0.0
1516,h2_storage,2030,5,56,56,0.0
1517,h2_storage,2030,5,57,57,0.0
1518,h2_storage,2030,5,58,58,0.0
1519,h2_storage,2030,5,59,59,0.0
1520,h2_storage,2030,5,60,60,0.0
1521,h2_storage,2030,5,61,61,0.0
1522,h2_storage,2030,5,62,62,0.0
1523,h2_storage,2030,5,63,63,0.0
1524,h2_storage,2030,5,64,64,0.0
1525,h2_storage,2030,5,65,65,0.0
1526,h2_storage,2030,5,66,66,0.0
1527,h2_storage,2030,5,67,67,0.0
1528,h2_storage,2030,5,68,68,0.0
1529,h2_storage,2030,5,69,69,0.0
1530,h2_storage,2030,5,70,70,0.0
1531,h2_storage,2030,5,71,71,0.0
1532,h2_storage,2030,5,72,72,0.0
1533,h2_storage,2030,5,73,73,0.0
1534,h2_storage,2030,5,74,74,0.0
1535,h2_storage,2030,5,75,75,0.0
1536,h2_storage,2030,5,76,76,0.0
1537,h2_storage,2030,5,77,77,0.0
1538,h2_storage,2030,5,78,78,0.0
1539,h2_storage,2030,5,79,79,0.0
1540,h2_storage,2030,5,80,80,0.0
1541,h2_storage,2030,5,81,81,0.0
1542,h2_storage,2030,5,82,82,0.0
1543,h2_storage,2030,5,83,83,0.0
1544,h2_storage,2030,5,84,84,0.0
1545,h2_storage,2030,5,85,85,0.0
1546,h2_storage,2030,5,86,86,0.0
1547,h2_storage,2030,5,87,87,0.0
1548,h2_storage,2030,5,88,88,0.0
1549,h2_storage,2030,5,89,89,0.0
1550,h2_storage,2030,5,90,90,0.0
1551,h2_storage,2030,5,91,91,0.0
1552,h2_storage,2030,5,92,92,0.0
1553,h2_storage,2030,5,93,93,0.0
1554,h2_storage,2030,5,94,94,0.0
1555,h2_storage,2030,5,95,95,0.0
1556,h2_storage,2030,5,96,96,0.0
1557,h2_storage,2030,5,97,97,0.0
1558,h2_storage,2030,5,98,98,0.0
1559,h2_storage,2030,5,99,99,0.0
1560,h2_storage,2030,5,100,100,0.0
1561,h2_storage,2030,5,101,101,0.0
1562,h2_storage,2030,5,102,102,0.0
1563,h2_storage,2030,5,103,103,0.0
1564,h2_storage,2030,5,104,104,0.0
1565,h2_storage,2030,5,105,105,0.0
1566,h2_storage,2030,5,106,106,0.0
1567,h2_storage,2030,5,107,107,0.0
1568,h2_storage,2030,5,108,108,0.0
1569,h2_storage,2030,5,109,109,0.0
1570,h2_storage,2030,5,110,110,0.0
1571,h2_storage,2030,5,111,111,0.0
1572,h2_storage,2030,5,112,112,0.0
1573,h2_storage,2030,5,113,113,0.0
1574,h2_storage,2030,5,114,114,0.0
1575,h2_storage,2030,5,115,115,0.0
1576,h2_storage,2030,5,116,116,0.0
1577,h2_storage,2030,5,117,117,0.0
1578,h2_storage,2030,5,118,118,0.0
1579,h2_storage,2030,5,119,119,0.0
1580,h2_storage,2030,5,120,120,0.0
1581,h2_storage,2030,5,121,121,0.0
1582,h2_storage,2030,5,122,122,0.0
1583,h2_storage,2030,5,123,123,0.0
1584,h2_storage,2030,5,124,124,0.0
1585,h2_storage,2030,5,125,125,0.0
1586,h2_storage,2030,5,126,126,0.0
1587,h2_storage,2030,5,127,127,0.0
1588,h2_storage,2030,5,128,128,0.0
1589,h2_storage,2030,5,129,129,0.0
1590,h2_storage,2030,5,130,130,0.0
1591,h2_storage,2030,5,131,131,0.0
1592,h2_storage,2030,5,132,132,0.0
1593,h2_storage,2030,5,133,133,0.0
1594,h2_storage,2030,5,134,134,0.0
1595,h2_storage,2030,5,135,135,0.0
1596,h2_storage,2030,5,136,136,0.0
1597,h2_storage,2030,5,137,137,0.0
1598,h2_storage,2030,5,138,138,0.0
1599,h2_storage,2030,5,139,139,0.0
1600,h2_storage,2030,5,140,140,0.0
1601,h2_storage,2030,5,141,141,0.0
1602,h2_storage,2030,5,142,142,0.0
1603,h2_storage,2030,5,143,143,0.0
1604,h2_storage,2030,5,144,144,0.0
1605,h2_storage,2030,5,145,145,0.0
1606,h2_storage,2030,5,146,146,0.0
1607,h2_storage,2030,5,147,147,0.0
1608,h2_storage,2030,5,148,148,0.0
1609,h2_storage,2030,5,149,149,0.0
1610,h2_storage,2030,5,150,150,0.0
1611,h2_storage,2030,5,151,151,0.0
1612,h2_storage,2030,5,152,152,0.0
1613,h2_storage,2030,5,153,153,0.0
1614,h2_storage,2030,5,154,154,0.0
1615,h2_storage,2030,5,155,155,0.0
1616,h2_storage,2030,5,156,156,0.0
1617,h2_storage,2030,5,157,157,0.0
1618,h2_storage,2030,5,158,158,0.0
1619,h2_storage,2030,5,159,159,0.0
1620,h2_storage,2030,5,160,160,0.0
1621,h2_storage,2030,5,161,161,0.0
1622,h2_storage,2030,5,162,162,0.0
1623,h2_storage,2030,5,163,163,0.0
1624,h2_storage,2030,5,164,164,0.0
1625,h2_storage,2030,5,165,165,0.0
1626,h2_storage,2030,5,166,166,0.0
1627,h2_storage,2030,5,167,167,0.0
1628,h2_storage,2030,5,168,168,0.0
1629,h2_storage,2030,5,169,169,0.0
1630,h2_storage,2030,5,170,170,0.0
1631,h2_storage,2030,5,171,171,0.0
1632,h2_storage,2030,5,172,172,0.0
1633,h2_storage,2030,5,173,173,0.0
1634,h2_storage,2030,5,174,174,0.0
1635,h2_storage,2030,5,175,175,0.0
1636,h2_storage,2030,5,176,176,0.0
1637,h2_storage,2030,5,177,177,0.0
1638,h2_storage,2030,5,178,178,0.0
1639,h2_storage,2030,5,179,179,0.0
1640,h2_storage,2030,5,180,180,0.0
1641,h2_storage,2030,5,181,181,0.0
1642,h2_storage,2030,5,182,182,0.0
1643,h2_storage,2030,5,183,183,0.0
1644,h2_storage,2030,5,184,184,0.0
1645,h2_storage,2030,5,185,185,0.0
1646,h2_storage,2030,5,186,186,0.0
1647,h2_storage,2030,5,187,187,0.0
1648,h2_storage,2030,5,188,188,0.0
1649,h2_storage,2030,5,189,189,0.0
1650,h2_storage,2030,5,190,190,0.0
1651,h2_storage,2030,5,191,191,0.0
1652,h2_storage,2030,5,192,192,0.0
1653,h2_storage,2030,5,193,193,0.0
1654,h2_storage,2030,5,194,194,0.0
1655,h2_storage,2030,5,195,195,0.0
1656,h2_storage,2030,5,196,196,0.0
1657,h2_storage,2030,5,197,197,0.0
1658,h2_storage,2030,5,198,198,0.0
1659,h2_storage,2030,5,199,199,0.0
1660,h2_storage,2030,5,200,200,0.0
1661,h2_storage,2030,5,201,201,0.0
1662,h2_storage,2030,5,202,202,0.0
1663,h2_storage,2030,5,203,203,0.0
1664,h2_storage,2030,5,204,204,0.0
1665,h2_storage,2030,5,205,205,0.0
1666,h2_storage,2030,5,206,206,0.0
1667,h2_storage,2030,5,207,207,0.0
1668,h2_storage,2030,5,208,208,0.0
1669,h2_storage,2030,5,209,209,0.0
1670,h2_storage,2030,5,210,210,0.0
1671,h2_storage,2030,5,211,211,0.0
1672,h2_storage,2030,5,212,212,0.0
1673,h2_storage,2030,5,213,213,0.0
1674,h2_storage,2030,5,214,214,0.0
1675,h2_storage,2030,5,215,215,0.0
1676,h2_storage,2030,5,216,216,0.0
1677,h2_storage,2030,5,217,217,0.0
1678,h2_storage,2030,5,218,218,0.0
1679,h2_storage,2030,5,219,219,0.0
1680,h2_storage,2030,5,220,220,0.0
1681,h2_storage,2030,5,221,221,0.0
1682,h2_storage,2030,5,222,222,0.0
1683,h2_storage,2030,5,223,223,0.0
1684,h2_storage,2030,5,224,224,0.0
1685,h2_storage,2030,5,225,225,0.0
1686,h2_storage,2030,5,226,226,0.0
1687,h2_storage,2030,5,227,227,0.0
1688,h2_storage,2030,5,228,228,0.0
1689,h2_storage,2030,5,229,229,0.0
1690,h2_storage,2030,5,230,230,0.0
1691,h2_storage,2030,5,231,231,0.0
1692,h2_storage,2030,5,232,232,0.0
1693,h2_storage,2030,5,233,233,0.0
1694,h2_storage,2030,5,234,234,0.0
1695,h2_storage,2030,5,235,235,0.0
1696,h2_storage,2030,5,236,236,0.0
1697,h2_storage,2030,5,237,237,0.0
1698,h2_storage,2030,5,238,238,0.0
1699,h2_storage,2030,5,239,239,0.0
1700,h2_storage,2030,5,240,240,0.0
1701,h2_storage,2030,5,241,241,0.0
1702,h2_storage,2030,5,242,242,0.0
1703,h2_storage,2030,5,243,243,0.0
1704,h2_storage,2030,5,244,244,0.0
1705,h2_storage,2030,5,245,245,0.0
1706,h2_storage,2030,5,246,246,0.0
1707,h2_storage,2030,5,247,247,0.0
1708,h2_storage,2030,5,248,248,0.0
1709,h2_storage,2030,5,249,249,0.0
1710,h2_storage,2030,5,250,250,0.0
1711,h2_storage,2030,5,251,251,0.0
1712,h2_storage,2030,5,252,252,0.0
1713,h2_storage,2030,5,253,253,0.0
1714,h2_storage,2030,5,254,254,0.0
1715,h2_storage,2030,5,255,255,0.0
1716,h2_storage,2030,5,256,256,0.0
1717,h2_storage,2030,5,257,257,0.0
1718,h2_storage,2030,5,258,258,0.0
1719,h2_storage,2030,5,259,259,0.0
1720,h2_storage,2030,5,260,260,0.0
1721,h2_storage,2030,5,261,261,0.0
1722,h2_storage,2030,5,262,262,0.0
1723,h2_storage,2030,5,263,263,0.0
1724,h2_storage,2030,5,264,264,0.0
1725,h2_storage,2030,5,265,265,0.0
1726,h2_storage,2030,5,266,266,0.0
1727,h2_storage,2030,5,267,267,0.0
1728,h2_storage,2030,5,268,268,0.0
1729,h2_storage,2030,5,269,269,0.0
1730,h2_storage,2030,5,270,270,0.0
1731,h2_storage,2030,5,271,271,0.0
1732,h2_storage,2030,5,272,272,0.0
1733,h2_storage,2030,5,273,273,0.0
1734,h2_storage,2030,5,274,274,0.0
1735,h2_storage,2030,5,275,275,0.0
1736,h2_storage,2030,5,276,276,0.0
1737,h2_storage,2030,5,277,277,0.0
1738,h2_storage,2030,5,278,278,0.0
1739,h2_storage,2030,5,279,279,0.0
1740,h2_storage,2030,5,280,280,0.0
1741,h2_storage,2030,5,281,281,0.0
1742,h2_storage,2030,5,282,282,0.0
1743,h2_storage,2030,5,283,283,0.0
1744,h2_storage,2030,5,284,284,0.0
1745,h2_storage,2030,5,285,285,0.0
1746,h2_storage,2030,5,286,286,0.0
1747,h2_storage,2030,5,287,287,0.0
1748,h2_storage,2030,5,288,288,0.0
1749,h2_storage,2030,5,289,289,0.0
1750,h2_storage,2030,5,290,290,0.0
1751,h2_storage,2030,5,291,291,0.0
1752,h2_storage,2030,5,292,292,0.0
1753,h2_storage,2030,5,293,293,0.0
1754,h2_storage,2030,5,294,294,0.0
1755,h2_storage,2030,5,295,295,0.0
1756,h2_storage,2030,5,296,296,0.0
1757,h2_storage,2030,5,297,297,0.0
1758,h2_storage,2030,5,298,298,0.0
1759,h2_storage,2030,5,299,299,0.0
1760,h2_storage,2030,5,300,300,0.0
1761,h2_storage,2030,5,301,301,0.0
1762,h2_storage,2030,5,302,302,0.0
1763,h2_storage,2030,5,303,303,0.0
1764,h2_storage,2030,5,304,304,0.0
1765,h2_storage,2030,5,305,305,0.0
1766,h2_storage,2030,5,306,306,0.0
1767,h2_storage,2030,5,307,307,0.0
1768,h2_storage,2030,5,308,308,0.0
1769,h2_storage,2030,5,309,309,0.0
1770,h2_storage,2030,5,310,310,0.0
1771,h2_storage,2030,5,311,311,0.0
1772,h2_storage,2030,5,312,312,0.0
1773,h2_storage,2030,5,313,313,0.0
1774,h2_storage,2030,5,314,314,0.0
1775,h2_storage,2030,5,315,315,0.0
1776,h2_storage,2030,5,316,316,0.0
1777,h2_storage,2030,5,317,317,0.0
1778,h2_storage,2030,5,318,318,0.0
1779,h2_storage,2030,5,319,319,0.0
1780,h2_storage,2030,5,320,320,0.0
1781,h2_storage,2030,5,321,321,0.0
1782,h2_storage,2030,5,322,322,0.0
1783,h2_storage,2030,5,323,323,0.0
1784,h2_storage,2030,5,324,324,0.0
1785,h2_storage,2030,5,325,325,0.0
1786,h2_storage,2030,5,326,326,0.0
1787,h2_storage,2030,5,327,327,0.0
1788,h2_storage,2030,5,328,328,0.0
1789,h2_storage,2030,5,329,329,0.0
1790,h2_storage,2030,5,330,330,0.0
1791,h2_storage,2030,5,331,331,0.0
1792,h2_storage,2030,5,332,332,0.0
1793,h2_storage,2030,5,333,333,0.0
1794,h2_storage,2030,5,334,334,0.0
1795,h2_storage,2030,5,335,335,0.0
1796,h2_storage,2030,5,336,336,0.0
1797,h2_storage,2030,5,337,337,0.0
1798,h2_storage,2030,5,338,338,0.0
1799,h2_storage,2030,5,339,339,0.0
1800,h2_storage,2030,5,340,340,0.0
1801,h2_storage,2030,5,341,341,0.0
1802,h2_storage,2030,5,342,342,0.0
1803,h2_storage,2030,5,343,343,0.0
1804,h2_storage,2030,5,344,344,0.0
1805,h2_storage,2030,5,345,345,0.0
1806,h2_storage,2030,5,346,346,0.0
1807,h2_storage,2030,5,347,347,0.0
1808,h2_storage,2030,5,348,348,0.0
1809,h2_storage,2030,5,349,349,0.0
1810,h2_storage,2030,5,350,350,0.0
1811,h2_storage,2030,5,351,351,0.0
1812,h2_storage,2030,5,352,352,0.0
1813,h2_storage,2030,5,353,353,0.0
1814,h2_storage,2030,5,354,354,0.0
1815,h2_storage,2030,5,355,355,0.0
1816,h2_storage,2030,5,356,356,0.0
1817,h2_storage,2030,5,357,357,0.0
1818,h2_storage,2030,5,358,358,0.0
1819,h2_storage,2030,5,359,359,0.0
1820,h2_storage,2030,5,360,360,0.0
1821,h2_storage,2030,5,361,361,0.0
1822,h2_storage,2030,5,362,362,0.0
1823,h2_storage,2030,5,363,363,0.0
1824,h2_storage,2030,5,364,364,0.0
1825,h2_storage,2030,5,365,365,0.0
1826,h2_storage,2030,6,1,1,0.0
1827,h2_storage,2030,6,2,2,0.0
1828,h2_storage,2030,6,3,3,0.0
1829,h2_storage,2030,6,4,4,0.0
1830,h2_storage,2030,6,5,5,0.0
1831,h2_storage,2030,6,6,6,0.0
1832,h2_storage,2030,6,7,7,0.0
1833,h2_storage,2030,6,8,8,0.0
1834,h2_storage,2030,6,9,9,0.0
1835,h2_storage,2030,6,10,10,0.0
1836,h2_storage,2030,6,11,11,0.0
1837,h2_storage,2030,6,12,12,0.0
1838,h2_storage,2030,6,13,13,0.0
1839,h2_storage,2030,6,14,14,0.0
1840,h2_storage,2030,6,15,15,0.0
1841,h2_storage,2030,6,16,16,0.0
1842,h2_storage,2030,6,17,17,0.0
1843,h2_storage,2030,6,18,18,0.0
1844,h2_storage,2030,6,19,19,0.0
1845,h2_storage,2030,6,20,20,0.0
1846,h2_storage,2030,6,21,21,0.0
1847,h2_storage,2030,6,22,22,0.0
1848,h2_storage,2030,6,23,23,0.0
1849,h2_storage,2030,6,24,24,0.0
1850,h2_storage,2030,6,25,25,0.0
1851,h2_storage,2030,6,26,26,0.0
1852,h2_storage,2030,6,27,27,0.0
1853,h2_storage,2030,6,28,28,0.0
1854,h2_storage,2030,6,29,29,0.0
1855,h2_storage,2030,6,30,30,0.0
1856,h2_storage,2030,6,31,31,0.0
1857,h2_storage,2030,6,32,32,0.0
1858,h2_storage,2030,6,33,33,0.0
1859,h2_storage,2030,6,34,34,0.0
1860,h2_storage,2030,6,35,35,0.0
1861,h2_storage,2030,6,36,36,0.0
1862,h2_storage,2030,6,37,37,0.0
1863,h2_storage,2030,6,38,38,0.0
1864,h2_storage,2030,6,39,39,0.0
1865,h2_storage,2030,6,40,40,0.0
1866,h2_storage,2030,6,41,41,0.0
1867,h2_storage,2030,6,42,42,0.0
1868,h2_storage,2030,6,43,43,0.0
1869,h2_storage,2030,6,44,44,0.0
1870,h2_storage,2030,6,45,45,0.0
1871,h2_storage,2030,6,46,46,0.0
1872,h2_storage,2030,6,47,47,0.0
1873,h2_storage,2030,6,48,48,0.0
1874,h2_storage,2030,6,49,49,0.0
1875,h2_storage,2030,6,50,50,0.0
1876,h2_storage,2030,6,51,51,0.0
1877,h2_storage,2030,6,52,52,0.0
1878,h2_storage,2030,6,53,53,0.0
1879,h2_storage,2030,6,54,54,0.0
1880,h2_storage,2030,6,55,55,0.0
1881,h2_storage,2030,6,56,56,0.0
1882,h2_storage,2030,6,57,57,0.0
1883,h2_storage,2030,6,58,58,0.0
1884,h2_storage,2030,6,59,59,0.0
1885,h2_storage,2030,6,60,60,0.0
1886,h2_storage,2030,6,61,61,0.0
1887,h2_storage,2030,6,62,62,0.0
1888,h2_storage,2030,6,63,63,0.0
1889,h2_storage,2030,6,64,64,0.0
1890,h2_storage,2030,6,65,65,0.0
1891,h2_storage,2030,6,66,66,0.0
1892,h2_storage,2030,6,67,67,0.0
1893,h2_storage,2030,6,68,68,0.0
1894,h2_storage,2030,6,69,69,0.0
1895,h2_storage,2030,6,70,70,0.0
1896,h2_storage,2030,6,71,71,0.0
1897,h2_storage,2030,6,72,72,0.0
1898,h2_storage,2030,6,73,73,0.0
1899,h2_storage,2030,6,74,74,0.0
1900,h2_storage,2030,6,75,75,0.0
1901,h2_storage,2030,6,76,76,0.0
1902,h2_storage,2030,6,77,77,0.0
1903,h2_storage,2030,6,78,78,0.0
1904,h2_storage,2030,6,79,79,0.0
1905,h2_storage,2030,6,80,80,0.0
1906,h2_storage,2030,6,81,81,0.0
1907,h2_storage,2030,6,82,82,0.0
1908,h2_storage,2030,6,83,83,0.0
1909,h2_storage,2030,6,84,84,0.0
1910,h2_storage,2030,6,85,85,0.0
1911,h2_storage,2030,6,86,86,0.0
1912,h2_storage,2030,6,87,87,0.0
1913,h2_storage,2030,6,88,88,0.0
1914,h2_storage,2030,6,89,89,0.0
1915,h2_storage,2030,6,90,90,0.0
1916,h2_storage,2030,6,91,91,0.0
1917,h2_storage,2030,6,92,92,0.0
1918,h2_storage,2030,6,93,93,0.0
1919,h2_storage,2030,6,94,94,0.0
1920,h2_storage,2030,6,95,95,0.0
1921,h2_storage,2030,6,96,96,0.0
1922,h2_storage,2030,6,97,97,0.0
1923,h2_storage,2030,6,98,98,0.0
1924,h2_storage,2030,6,99,99,0.0
1925,h2_storage,2030,6,100,100,0.0
1926,h2_storage,2030,6,101,101,0.0
1927,h2_storage,2030,6,102,102,0.0
1928,h2_storage,2030,6,103,103,0.0
1929,h2_storage,2030,6,104,104,0.0
1930,h2_storage,2030,6,105,105,0.0
1931,h2_storage,2030,6,106,106,0.0
1932,h2_storage,2030,6,107,107,0.0
1933,h2_storage,2030,6,108,108,0.0
1934,h2_storage,2030,6,109,109,0.0
1935,h2_storage,2030,6,110,110,0.0
1936,h2_storage,2030,6,111,111,0.0
1937,h2_storage,2030,6,112,112,0.0
1938,h2_storage,2030,6,113,113,0.0
1939,h2_storage,2030,6,114,114,0.0
1940,h2_storage,2030,6,115,115,0.0
1941,h2_storage,2030,6,116,116,0.0
1942,h2_storage,2030,6,117,117,0.0
1943,h2_storage,2030,6,118,118,0.0
1944,h2_storage,2030,6,119,119,0.0
1945,h2_storage,2030,6,120,120,0.0
1946,h2_storage,2030,6,121,121,0.0
1947,h2_storage,2030,6,122,122,0.0
1948,h2_storage,2030,6,123,123,0.0
1949,h2_storage,2030,6,124,124,0.0
1950,h2_storage,2030,6,125,125,0.0
1951,h2_storage,2030,6,126,126,0.0
1952,h2_storage,2030,6,127,127,0.0
1953,h2_storage,2030,6,128,128,0.0
1954,h2_storage,2030,6,129,129,0.0
1955,h2_storage,2030,6,130,130,0.0
1956,h2_storage,2030,6,131,131,0.0
1957,h2_storage,2030,6,132,132,0.0
1958,h2_storage,2030,6,133,133,0.0
1959,h2_storage,2030,6,134,134,0.0
1960,h2_storage,2030,6,135,135,0.0
1961,h2_storage,2030,6,136,136,0.0
1962,h2_storage,2030,6,137,137,0.0
1963,h2_storage,2030,6,138,138,0.0
1964,h2_storage,2030,6,139,139,0.0
1965,h2_storage,2030,6,140,140,0.0
1966,h2_storage,2030,6,141,141,0.0
1967,h2_storage,2030,6,142,142,0.0
1968,h2_storage,2030,6,143,143,0.0
1969,h2_storage,2030,6,144,144,0.0
1970,h2_storage,2030,6,145,145,0.0
1971,h2_storage,2030,6,146,146,0.0
1972,h2_storage,2030,6,147,147,0.0
1973,h2_storage,2030,6,148,148,0.0
1974,h2_storage,2030,6,149,149,0.0
1975,h2_storage,2030,6,150,150,0.0
1976,h2_storage,2030,6,151,151,0.0
1977,h2_storage,2030,6,152,152,0.0
1978,h2_storage,2030,6,153,153,0.0
1979,h2_storage,2030,6,154,154,0.0
1980,h2_storage,2030,6,155,155,0.0
1981,h2_storage,2030,6,156,156,0.0
1982,h2_storage,2030,6,157,157,0.0
1983,h2_storage,2030,6,158,158,0.0
1984,h2_storage,2030,6,159,159,0.0
1985,h2_storage,2030,6,160,160,0.0
1986,h2_storage,2030,6,161,161,0.0
1987,h2_storage,2030,6,162,162,0.0
1988,h2_storage,2030,6,163,163,0.0
1989,h2_storage,2030,6,164,164,0.0
1990,h2_storage,2030,6,165,165,0.0
1991,h2_storage,2030,6,166,166,0.0
1992,h2_storage,2030,6,167,167,0.0
1993,h2_storage,2030,6,168,168,0.0
1994,h2_storage,2030,6,169,169,0.0
1995,h2_storage,2030,6,170,170,0.0
1996,h2_storage,2030,6,171,171,0.0
1997,h2_storage,2030,6,172,172,0.0
1998,h2_storage,2030,6,173,173,0.0
1999,h2_storage,2030,6,174,174,0.0
2000,h2_storage,2030,6,175,175,0.0
2001,h2_storage,2030,6,176,176,0.0
2002,h2_storage,2030,6,177,177,0.0
2003,h2_storage,2030,6,178,178,0.0
2004,h2_storage,2030,6,179,179,0.0
2005,h2_storage,2030,6,180,180,0.0
2006,h2_storage,2030,6,181,181,0.0
2007,h2_storage,2030,6,182,182,0.0
2008,h2_storage,2030,6,183,183,0.0
2009,h2_storage,2030,6,184,184,0.0
2010,h2_storage,2030,6,185,185,0.0
2011,h2_storage,2030,6,186,186,0.0
2012,h2_storage,2030,6,187,187,0.0
2013,h2_storage,2030,6,188,188,0.0
2014,h2_storage,2030,6,189,189,0.0
2015,h2_storage,2030,6,190,190,0.0
2016,h2_storage,2030,6,191,191,0.0
2017,h2_storage,2030,6,192,192,0.0
2018,h2_storage,2030,6,193,193,0.0
2019,h2_storage,2030,6,194,194,0.0
2020,h2_storage,2030,6,195,195,0.0
2021,h2_storage,2030,6,196,196,0.0
2022,h2_storage,2030,6,197,197,0.0
2023,h2_storage,2030,6,198,198,0.0
2024,h2_storage,2030,6,199,199,0.0
2025,h2_storage,2030,6,200,200,0.0
2026,h2_storage,2030,6,201,201,0.0
2027,h2_storage,2030,6,202,202,0.0
2028,h2_storage,2030,6,203,203,0.0
2029,h2_storage,2030,6,204,204,0.0
2030,h2_storage,2030,6,205,205,0.0
2031,h2_storage,2030,6,206,206,0.0
2032,h2_storage,2030,6,207,207,0.0
2033,h2_storage,2030,6,208,208,0.0
2034,h2_storage,2030,6,209,209,0.0
2035,h2_storage,2030,6,210,210,0.0
2036,h2_storage,2030,6,211,211,0.0
2037,h2_storage,2030,6,212,212,0.0
2038,h2_storage,2030,6,213,213,0.0
2039,h2_storage,2030,6,214,214,0.0
2040,h2_storage,2030,6,215,215,0.0
2041,h2_storage,2030,6,216,216,0.0
2042,h2_storage,2030,6,217,217,0.0
2043,h2_storage,2030,6,218,218,0.0
2044,h2_storage,2030,6,219,219,0.0
2045,h2_storage,2030,6,220,220,0.0
2046,h2_storage,2030,6,221,221,0.0
2047,h2_storage,2030,6,222,222,0.0
2048,h2_storage,2030,6,223,223,0.0
2049,h2_storage,2030,6,224,224,0.0
2050,h2_storage,2030,6,225,225,0.0
2051,h2_storage,2030,6,226,226,0.0
2052,h2_storage,2030,6,227,227,0.0
2053,h2_storage,2030,6,228,228,0.0
2054,h2_storage,2030,6,229,229,0.0
2055,h2_storage,2030,6,230,230,0.0
2056,h2_storage,2030,6,231,231,0.0
2057,h2_storage,2030,6,232,232,0.0
2058,h2_storage,2030,6,233,233,0.0
2059,h2_storage,2030,6,234,234,0.0
2060,h2_storage,2030,6,235,235,0.0
2061,h2_storage,2030,6,236,236,0.0
2062,h2_storage,2030,6,237,237,0.0
2063,h2_storage,2030,6,238,238,0.0
2064,h2_storage,2030,6,239,239,0.0
2065,h2_storage,2030,6,240,240,0.0
2066,h2_storage,2030,6,241,241,0.0
2067,h2_storage,2030,6,242,242,0.0
2068,h2_storage,2030,6,243,243,0.0
2069,h2_storage,2030,6,244,244,0.0
2070,h2_storage,2030,6,245,245,0.0
2071,h2_storage,2030,6,246,246,0.0
2072,h2_storage,2030,6,247,247,0.0
2073,h2_storage,2030,6,248,248,0.0
2074,h2_storage,2030,6,249,249,0.0
2075,h2_storage,2030,6,250,250,0.0
2076,h2_storage,2030,6,251,251,0.0
2077,h2_storage,2030,6,252,252,0.0
2078,h2_storage,2030,6,253,253,0.0
2079,h2_storage,2030,6,254,254,0.0
2080,h2_storage,2030,6,255,255,0.0
2081,h2_storage,2030,6,256,256,0.0
2082,h2_storage,2030,6,257,257,0.0
2083,h2_storage,2030,6,258,258,0.0
2084,h2_storage,2030,6,259,259,0.0
2085,h2_storage,2030,6,260,260,0.0
2086,h2_storage,2030,6,261,261,0.0
2087,h2_storage,2030,6,262,262,0.0
2088,h2_storage,2030,6,263,263,0.0
2089,h2_storage,2030,6,264,264,0.0
2090,h2_storage,2030,6,265,265,0.0
2091,h2_storage,2030,6,266,266,0.0
2092,h2_storage,2030,6,267,267,0.0
2093,h2_storage,2030,6,268,268,0.0
2094,h2_storage,2030,6,269,269,0.0
2095,h2_storage,2030,6,270,270,0.0
2096,h2_storage,2030,6,271,271,0.0
2097,h2_storage,2030,6,272,272,0.0
2098,h2_storage,2030,6,273,273,0.0
2099,h2_storage,2030,6,274,274,0.0
2100,h2_storage,2030,6,275,275,0.0
2101,h2_storage,2030,6,276,276,0.0
2102,h2_storage,2030,6,277,277,0.0
2103,h2_storage,2030,6,278,278,0.0
2104,h2_storage,2030,6,279,279,0.0
2105,h2_storage,2030,6,280,280,0.0
2106,h2_storage,2030,6,281,281,0.0
2107,h2_storage,2030,6,282,282,0.0
2108,h2_storage,2030,6,283,283,0.0
2109,h2_storage,2030,6,284,284,0.0
2110,h2_storage,2030,6,285,285,0.0
2111,h2_storage,2030,6,286,286,0.0
2112,h2_storage,2030,6,287,287,0.0
2113,h2_storage,2030,6,288,288,0.0
2114,h2_storage,2030,6,289,289,0.0
2115,h2_storage,2030,6,290,290,0.0
2116,h2_storage,2030,6,291,291,0.0
2117,h2_storage,2030,6,292,292,0.0
2118,h2_storage,2030,6,293,293,0.0
2119,h2_storage,2030,6,294,294,0.0
2120,h2_storage,2030,6,295,295,0.0
2121,h2_storage,2030,6,296,296,0.0
2122,h2_storage,2030,6,297,297,0.0
2123,h2_storage,2030,6,298,298,0.0
2124,h2_storage,2030,6,299,299,0.0
2125,h2_storage,2030,6,300,300,0.0
2126,h2_storage,2030,6,301,301,0.0
2127,h2_storage,2030,6,302,302,0.0
2128,h2_storage,2030,6,303,303,0.0
2129,h2_storage,2030,6,304,304,0.0
2130,h2_storage,2030,6,305,305,0.0
2131,h2_storage,2030,6,306,306,0.0
2132,h2_storage,2030,6,307,307,0.0
2133,h2_storage,2030,6,308,308,0.0
2134,h2_storage,2030,6,309,309,0.0
2135,h2_storage,2030,6,310,310,0.0
2136,h2_storage,2030,6,311,311,0.0
2137,h2_storage,2030,6,312,312,0.0
2138,h2_storage,2030,6,313,313,0.0
2139,h2_storage,2030,6,314,314,0.0
2140,h2_storage,2030,6,315,315,0.0
2141,h2_storage,2030,6,316,316,0.0
2142,h2_storage,2030,6,317,317,0.0
2143,h2_storage,2030,6,318,318,0.0
2144,h2_storage,2030,6,319,319,0.0
2145,h2_storage,2030,6,320,320,0.0
2146,h2_storage,2030,6,321,321,0.0
2147,h2_storage,2030,6,322,322,0.0
2148,h2_storage,2030,6,323,323,0.0
2149,h2_storage,2030,6,324,324,0.0
2150,h2_storage,2030,6,325,325,0.0
2151,h2_storage,2030,6,326,326,0.0
2152,h2_storage,2030,6,327,327,0.0
2153,h2_storage,2030,6,328,328,0.0
2154,h2_storage,2030,6,329,329,0.0
2155,h2_storage,2030,6,330,330,0.0
2156,h2_storage,2030,6,331,331,0.0
2157,h2_storage,2030,6,332,332,0.0
2158,h2_storage,2030,6,333,333,0.0
2159,h2_storage,2030,6,334,334,0.0
2160,h2_storage,2030,6,335,335,0.0
2161,h2_storage,2030,6,336,336,0.0
2162,h2_storage,2030,6,337,337,0.0
2163,h2_storage,2030,6,338,338,0.0
2164,h2_storage,2030,6,339,339,0.0
2165,h2_storage,2030,6,340,340,0.0
2166,h2_storage,2030,6,341,341,0.0
2167,h2_storage,2030,6,342,342,0.0
2168,h2_storage,2030,6,343,343,0.0
2169,h2_storage,2030,6,344,344,0.0
2170,h2_storage,2030,6,345,345,0.0
2171,h2_storage,2030,6,346,346,0.0
2172,h2_storage,2030,6,347,347,0.0
2173,h2_storage,2030,6,348,348,0.0
2174,h2_storage,2030,6,349,349,0.0
2175,h2_storage,2030,6,350,350,0.0
2176,h2_storage,2030,6,351,351,0.0
2177,h2_storage,2030,6,352,352,0.0
2178,h2_storage,2030,6,353,353,0.0
2179,h2_storage,2030,6,354,354,0.0
2180,h2_storage,2030,6,355,355,0.0
2181,h2_storage,2030,6,356,356,0.0
2182,h2_storage,2030,6,357,357,0.0
2183,h2_storage,2030,6,358,358,0.0
2184,h2_storage,2030,6,359,359,0.0
2185,h2_storage,2030,6,360,360,0.0
2186,h2_storage,2030,6,361,361,0.0
2187,h2_storage,2030,6,362,362,0.0
2188,h2_storage,2030,6,363,363,0.0
2189,h2_storage,2030,6,364,364,0.0
2190,h2_storage,2030,6,365,365,0.0
2191,h2_storage,2030,7,1,1,0.0
2192,h2_storage,2030,7,2,2,0.0
2193,h2_storage,2030,7,3,3,0.0
2194,h2_storage,2030,7,4,4,0.0
2195,h2_storage,2030,7,5,5,0.0
2196,h2_storage,2030,7,6,6,0.0
2197,h2_storage,2030,7,7,7,0.0
2198,h2_storage,2030,7,8,8,0.0
2199,h2_storage,2030,7,9,9,0.0
2200,h2_storage,2030,7,10,10,0.0
2201,h2_storage,2030,7,11,11,0.0
2202,h2_storage,2030,7,12,12,0.0
2203,h2_storage,2030,7,13,13,0.0
2204,h2_storage,2030,7,14,14,0.0
2205,h2_storage,2030,7,15,15,0.0
2206,h2_storage,2030,7,16,16,0.0
2207,h2_storage,2030,7,17,17,0.0
2208,h2_storage,2030,7,18,18,0.0
2209,h2_storage,2030,7,19,19,0.0
2210,h2_storage,2030,7,20,20,0.0
2211,h2_storage,2030,7,21,21,0.0
2212,h2_storage,2030,7,22,22,0.0
2213,h2_storage,2030,7,23,23,0.0
2214,h2_storage,2030,7,24,24,0.0
2215,h2_storage,2030,7,25,25,0.0
2216,h2_storage,2030,7,26,26,0.0
2217,h2_storage,2030,7,27,27,0.0
2218,h2_storage,2030,7,28,28,0.0
2219,h2_storage,2030,7,29,29,0.0
2220,h2_storage,2030,7,30,30,0.0
2221,h2_storage,2030,7,31,31,0.0
2222,h2_storage,2030,7,32,32,0.0
2223,h2_storage,2030,7,33,33,0.0
2224,h2_storage,2030,7,34,34,0.0
2225,h2_storage,2030,7,35,35,0.0
2226,h2_storage,2030,7,36,36,0.0
2227,h2_storage,2030,7,37,37,0.0
2228,h2_storage,2030,7,38,38,0.0
2229,h2_storage,2030,7,39,39,0.0
2230,h2_storage,2030,7,40,40,0.0
2231,h2_storage,2030,7,41,41,0.0
2232,h2_storage,2030,7,42,42,0.0
2233,h2_storage,2030,7,43,43,0.0
2234,h2_storage,2030,7,44,44,0.0
2235,h2_storage,2030,7,45,45,0.0
2236,h2_storage,2030,7,46,46,0.0
2237,h2_storage,2030,7,47,47,0.0
2238,h2_storage,2030,7,48,48,0.0
2239,h2_storage,2030,7,49,49,0.0
2240,h2_storage,2030,7,50,50,0.0
2241,h2_storage,2030,7,51,51,0.0
2242,h2_storage,2030,7,52,52,0.0
2243,h2_storage,2030,7,53,53,0.0
2244,h2_storage,2030,7,54,54,0.0
2245,h2_storage,2030,7,55,55,0.0
2246,h2_storage,2030,7,56,56,0.0
2247,h2_storage,2030,7,57,57,0.0
2248,h2_storage,2030,7,58,58,0.0
2249,h2_storage,2030,7,59,59,0.0
2250,h2_storage,2030,7,60,60,0.0
2251,h2_storage,2030,7,61,61,0.0
2252,h2_storage,2030,7,62,62,0.0
2253,h2_storage,2030,7,63,63,0.0
2254,h2_storage,2030,7,64,64,0.0
2255,h2_storage,2030,7,65,65,0.0
2256,h2_storage,2030,7,66,66,0.0
2257,h2_storage,2030,7,67,67,0.0
2258,h2_storage,2030,7,68,68,0.0
2259,h2_storage,2030,7,69,69,0.0
2260,h2_storage,2030,7,70,70,0.0
2261,h2_storage,2030,7,71,71,0.0
2262,h2_storage,2030,7,72,72,0.0
2263,h2_storage,2030,7,73,73,0.0
2264,h2_storage,2030,7,74,74,0.0
2265,h2_storage,2030,7,75,75,0.0
2266,h2_storage,2030,7,76,76,0.0
2267,h2_storage,2030,7,77,77,0.0
2268,h2_storage,2030,7,78,78,0.0
2269,h2_storage,2030,7,79,79,0.0
2270,h2_storage,2030,7,80,80,0.0
2271,h2_storage,2030,7,81,81,0.0
2272,h2_storage,2030,7,82,82,0.0
2273,h2_storage,2030,7,83,83,0.0
2274,h2_storage,2030,7,84,84,0.0
2275,h2_storage,2030,7,85,85,0.0
2276,h2_storage,2030,7,86,86,0.0
2277,h2_storage,2030,7,87,87,0.0
2278,h2_storage,2030,7,88,88,0.0
2279,h2_storage,2030,7,89,89,0.0
2280,h2_storage,2030,7,90,90,0.0
2281,h2_storage,2030,7,91,91,0.0
2282,h2_storage,2030,7,92,92,0.0
2283,h2_storage,2030,7,93,93,0.0
2284,h2_storage,2030,7,94,94,0.0
2285,h2_storage,2030,7,95,95,0.0
2286,h2_storage,2030,7,96,96,0.0
2287,h2_storage,2030,7,97,97,0.0
2288,h2_storage,2030,7,98,98,0.0
2289,h2_storage,2030,7,99,99,0.0
2290,h2_storage,2030,7,100,100,0.0
2291,h2_storage,2030,7,101,101,0.0
2292,h2_storage,2030,7,102,102,0.0
2293,h2_storage,2030,7,103,103,0.0
2294,h2_storage,2030,7,104,104,0.0
2295,h2_storage,2030,7,105,105,0.0
2296,h2_storage,2030,7,106,106,0.0
2297,h2_storage,2030,7,107,107,0.0
2298,h2_storage,2030,7,108,108,0.0
2299,h2_storage,2030,7,109,109,0.0
2300,h2_storage,2030,7,110,110,0.0
2301,h2_storage,2030,7,111,111,0.0
2302,h2_storage,2030,7,112,112,0.0
2303,h2_storage,2030,7,113,113,0.0
2304,h2_storage,2030,7,114,114,0.0
2305,h2_storage,2030,7,115,115,0.0
2306,h2_storage,2030,7,116,116,0.0
2307,h2_storage,2030,7,117,117,0.0
2308,h2_storage,2030,7,118,118,0.0
2309,h2_storage,2030,7,119,119,0.0
2310,h2_storage,2030,7,120,120,0.0
2311,h2_storage,2030,7,121,121,0.0
2312,h2_storage,2030,7,122,122,0.0
2313,h2_storage,2030,7,123,123,0.0
2314,h2_storage,2030,7,124,124,0.0
2315,h2_storage,2030,7,125,125,0.0
2316,h2_storage,2030,7,126,126,0.0
2317,h2_storage,2030,7,127,127,0.0
2318,h2_storage,2030,7,128,128,0.0
2319,h2_storage,2030,7,129,129,0.0
2320,h2_storage,2030,7,130,130,0.0
2321,h2_storage,2030,7,131,131,0.0
2322,h2_storage,2030,7,132,132,0.0
2323,h2_storage,2030,7,133,133,0.0
2324,h2_storage,2030,7,134,134,0.0
2325,h2_storage,2030,7,135,135,0.0
2326,h2_storage,2030,7,136,136,0.0
2327,h2_storage,2030,7,137,137,0.0
2328,h2_storage,2030,7,138,138,0.0
2329,h2_storage,2030,7,139,139,0.0
2330,h2_storage,2030,7,140,140,0.0
2331,h2_storage,2030,7,141,141,0.0
2332,h2_storage,2030,7,142,142,0.0
2333,h2_storage,2030,7,143,143,0.0
2334,h2_storage,2030,7,144,144,0.0
2335,h2_storage,2030,7,145,145,0.0
2336,h2_storage,2030,7,146,146,0.0
2337,h2_storage,2030,7,147,147,0.0
2338,h2_storage,2030,7,148,148,0.0
2339,h2_storage,2030,7,149,149,0.0
2340,h2_storage,2030,7,150,150,0.0
2341,h2_storage,2030,7,151,151,0.0
2342,h2_storage,2030,7,152,152,0.0
2343,h2_storage,2030,7,153,153,0.0
2344,h2_storage,2030,7,154,154,0.0
2345,h2_storage,2030,7,155,155,0.0
2346,h2_storage,2030,7,156,156,0.0
2347,h2_storage,2030,7,157,157,0.0
2348,h2_storage,2030,7,158,158,0.0
2349,h2_storage,2030,7,159,159,0.0
2350,h2_storage,2030,7,160,160,0.0
2351,h2_storage,2030,7,161,161,0.0
2352,h2_storage,2030,7,162,162,0.0
2353,h2_storage,2030,7,163,163,0.0
2354,h2_storage,2030,7,164,164,0.0
2355,h2_storage,2030,7,165,165,0.0
2356,h2_storage,2030,7,166,166,0.0
2357,h2_storage,2030,7,167,167,0.0
2358,h2_storage,2030,7,168,168,0.0
2359,h2_storage,2030,7,169,169,0.0
2360,h2_storage,2030,7,170,170,0.0
2361,h2_storage,2030,7,171,171,0.0
2362,h2_storage,2030,7,172,172,0.0
2363,h2_storage,2030,7,173,173,0.0
2364,h2_storage,2030,7,174,174,0.0
2365,h2_storage,2030,7,175,175,0.0
2366,h2_storage,2030,7,176,176,0.0
2367,h2_storage,2030,7,177,177,0.0
2368,h2_storage,2030,7,178,178,0.0
2369,h2_storage,2030,7,179,179,0.0
2370,h2_storage,2030,7,180,180,0.0
2371,h2_storage,2030,7,181,181,0.0
2372,h2_storage,2030,7,182,182,0.0
2373,h2_storage,2030,7,183,183,0.0
2374,h2_storage,2030,7,184,184,0.0
2375,h2_storage,2030,7,185,185,0.0
2376,h2_storage,2030,7,186,186,0.0
2377,h2_storage,2030,7,187,187,0.0
2378,h2_storage,2030,7,188,188,0.0
2379,h2_storage,2030,7,189,189,0.0
2380,h2_storage,2030,7,190,190,0.0
2381,h2_storage,2030,7,191,191,0.0
2382,h2_storage,2030,7,192,192,0.0
2383,h2_storage,2030,7,193,193,0.0
2384,h2_storage,2030,7,194,194,0.0
2385,h2_storage,2030,7,195,195,0.0
2386,h2_storage,2030,7,196,196,0.0
2387,h2_storage,2030,7,197,197,0.0
2388,h2_storage,2030,7,198,198,0.0
2389,h2_storage,2030,7,199,199,0.0
2390,h2_storage,2030,7,200,200,0.0
2391,h2_storage,2030,7,201,201,0.0
2392,h2_storage,2030,7,202,202,0.0
2393,h2_storage,2030,7,203,203,0.0
2394,h2_storage,2030,7,204,204,0.0
2395,h2_storage,2030,7,205,205,0.0
2396,h2_storage,2030,7,206,206,0.0
2397,h2_storage,2030,7,207,207,0.0
2398,h2_storage,2030,7,208,208,0.0
2399,h2_storage,2030,7,209,209,0.0
2400,h2_storage,2030,7,210,210,0.0
2401,h2_storage,2030,7,211,211,0.0
2402,h2_storage,2030,7,212,212,0.0
2403,h2_storage,2030,7,213,213,0.0
2404,h2_storage,2030,7,214,214,0.0
2405,h2_storage,2030,7,215,215,0.0
2406,h2_storage,2030,7,216,216,0.0
2407,h2_storage,2030,7,217,217,0.0
2408,h2_storage,2030,7,218,218,0.0
2409,h2_storage,2030,7,219,219,0.0
2410,h2_storage,2030,7,220,220,0.0
2411,h2_storage,2030,7,221,221,0.0
2412,h2_storage,2030,7,222,222,0.0
2413,h2_storage,2030,7,223,223,0.0
2414,h2_storage,2030,7,224,224,0.0
2415,h2_storage,2030,7,225,225,0.0
2416,h2_storage,2030,7,226,226,0.0
2417,h2_storage,2030,7,227,227,0.0
2418,h2_storage,2030,7,228,228,0.0
2419,h2_storage,2030,7,229,229,0.0
2420,h2_storage,2030,7,230,230,0.0
2421,h2_storage,2030,7,231,231,0.0
2422,h2_storage,2030,7,232,232,0.0
2423,h2_storage,2030,7,233,233,0.0
2424,h2_storage,2030,7,234,234,0.0
2425,h2_storage,2030,7,235,235,0.0
2426,h2_storage,2030,7,236,236,0.0
2427,h2_storage,2030,7,237,237,0.0
2428,h2_storage,2030,7,238,238,0.0
2429,h2_storage,2030,7,239,239,0.0
2430,h2_storage,2030,7,240,240,0.0
2431,h2_storage,2030,7,241,241,0.0
2432,h2_storage,2030,7,242,242,0.0
2433,h2_storage,2030,7,243,243,0.0
2434,h2_storage,2030,7,244,244,0.0
2435,h2_storage,2030,7,245,245,0.0
2436,h2_storage,2030,7,246,246,0.0
2437,h2_storage,2030,7,247,247,0.0
2438,h2_storage,2030,7,248,248,0.0
2439,h2_storage,2030,7,249,249,0.0
2440,h2_storage,2030,7,250,250,0.0
2441,h2_storage,2030,7,251,251,0.0
2442,h2_storage,2030,7,252,252,0.0
2443,h2_storage,2030,7,253,253,0.0
2444,h2_storage,2030,7,254,254,0.0
2445,h2_storage,2030,7,255,255,0.0
2446,h2_storage,2030,7,256,256,0.0
2447,h2_storage,2030,7,257,257,0.0
2448,h2_storage,2030,7,258,258,0.0
2449,h2_storage,2030,7,259,259,0.0
2450,h2_storage,2030,7,260,260,0.0
2451,h2_storage,2030,7,261,261,0.0
2452,h2_storage,2030,7,262,262,0.0
2453,h2_storage,2030,7,263,263,0.0
2454,h2_storage,2030,7,264,264,0.0
2455,h2_storage,2030,7,265,265,0.0
2456,h2_storage,2030,7,266,266,0.0
2457,h2_storage,2030,7,267,267,0.0
2458,h2_storage,2030,7,268,268,0.0
2459,h2_storage,2030,7,269,269,0.0
2460,h2_storage,2030,7,270,270,0.0
2461,h2_storage,2030,7,271,271,0.0
2462,h2_storage,2030,7,272,272,0.0
2463,h2_storage,2030,7,273,273,0.0
2464,h2_storage,2030,7,274,274,0.0
2465,h2_storage,2030,7,275,275,0.0
2466,h2_storage,2030,7,276,276,0.0
2467,h2_storage,2030,7,277,277,0.0
2468,h2_storage,2030,7,278,278,0.0
2469,h2_storage,2030,7,279,279,0.0
2470,h2_storage,2030,7,280,280,0.0
2471,h2_storage,2030,7,281,281,0.0
2472,h2_storage,2030,7,282,282,0.0
2473,h2_storage,2030,7,283,283,0.0
2474,h2_storage,2030,7,284,284,0.0
2475,h2_storage,2030,7,285,285,0.0
2476,h2_storage,2030,7,286,286,0.0
2477,h2_storage,2030,7,287,287,0.0
2478,h2_storage,2030,7,288,288,0.0
2479,h2_storage,2030,7,289,289,0.0
2480,h2_storage,2030,7,290,290,0.0
2481,h2_storage,2030,7,291,291,0.0
2482,h2_storage,2030,7,292,292,0.0
2483,h2_storage,2030,7,293,293,0.0
2484,h2_storage,2030,7,294,294,0.0
2485,h2_storage,2030,7,295,295,0.0
2486,h2_storage,2030,7,296,296,0.0
2487,h2_storage,2030,7,297,297,0.0
2488,h2_storage,2030,7,298,298,0.0
2489,h2_storage,2030,7,299,299,0.0
2490,h2_storage,2030,7,300,300,0.0
2491,h2_storage,2030,7,301,301,0.0
2492,h2_storage,2030,7,302,302,0.0
2493,h2_storage,2030,7,303,303,0.0
2494,h2_storage,2030,7,304,304,0.0
2495,h2_storage,2030,7,305,305,0.0
2496,h2_storage,2030,7,306,306,0.0
2497,h2_storage,2030,7,307,307,0.0
2498,h2_storage,2030,7,308,308,0.0
2499,h2_storage,2030,7,309,309,0.0
2500,h2_storage,2030,7,310,310,0.0
2501,h2_storage,2030,7,311,311,0.0
2502,h2_storage,2030,7,312,312,0.0
2503,h2_storage,2030,7,313,313,0.0
2504,h2_storage,2030,7,314,314,0.0
2505,h2_storage,2030,7,315,315,0.0
2506,h2_storage,2030,7,316,316,0.0
2507,h2_storage,2030,7,317,317,0.0
2508,h2_storage,2030,7,318,318,0.0
2509,h2_storage,2030,7,319,319,0.0
2510,h2_storage,2030,7,320,320,0.0
2511,h2_storage,2030,7,321,321,0.0
2512,h2_storage,2030,7,322,322,0.0
2513,h2_storage,2030,7,323,323,0.0
2514,h2_storage,2030,7,324,324,0.0
2515,h2_storage,2030,7,325,325,0.0
2516,h2_storage,2030,7,326,326,0.0
2517,h2_storage,2030,7,327,327,0.0
2518,h2_storage,2030,7,328,328,0.0
2519,h2_storage,2030,7,329,329,0.0
2520,h2_storage,2030,7,330,330,0.0
2521,h2_storage,2030,7,331,331,0.0
2522,h2_storage,2030,7,332,332,0.0
2523,h2_storage,2030,7,333,333,0.0
2524,h2_storage,2030,7,334,334,0.0
2525,h2_storage,2030,7,335,335,0.0
2526,h2_storage,2030,7,336,336,0.0
2527,h2_storage,2030,7,337,337,0.0
2528,h2_storage,2030,7,338,338,0.0
2529,h2_storage,2030,7,339,339,0.0
2530,h2_storage,2030,7,340,340,0.0
2531,h2_storage,2030,7,341,341,0.0
2532,h2_storage,2030,7,342,342,0.0
2533,h2_storage,2030,7,343,343,0.0
2534,h2_storage,2030,7,344,344,0.0
2535,h2_storage,2030,7,345,345,0.0
2536,h2_storage,2030,7,346,346,0.0
2537,h2_storage,2030,7,347,347,0.0
2538,h2_storage,2030,7,348,348,0.0
2539,h2_storage,2030,7,349,349,0.0
2540,h2_storage,2030,7,350,350,0.0
2541,h2_storage,2030,7,351,351,0.0
2542,h2_storage,2030,7,352,352,0.0
2543,h2_storage,2030,7,353,353,0.0
2544,h2_storage,2030,7,354,354,0.0
2545,h2_storage,2030,7,355,355,0.0
2546,h2_storage,2030,7,356,356,0.0
2547,h2_storage,2030,7,357,357,0.0
2548,h2_storage,2030,7,358,358,0.0
2549,h2_storage,2030,7,359,359,0.0
2550,h2_storage,2030,7,360,360,0.0
2551,h2_storage,2030,7,361,361,0.0
2552,h2_storage,2030,7,362,362,0.0
2553,h2_storage,2030,7,363,363,0.0
2554,h2_storage,2030,7,364,364,0.0
2555,h2_storage,2030,7,365,365,0.0
2556,h2_storage,2030,8,1,1,0.0
2557,h2_storage,2030,8,2,2,0.0
2558,h2_storage,2030,8,3,3,0.0
2559,h2_storage,2030,8,4,4,0.0
2560,h2_storage,2030,8,5,5,0.0
2561,h2_storage,2030,8,6,6,0.0
2562,h2_storage,2030,8,7,7,0.0
2563,h2_storage,2030,8,8,8,0.0
2564,h2_storage,2030,8,9,9,0.0
2565,h2_storage,2030,8,10,10,0.0
2566,h2_storage,2030,8,11,11,0.0
2567,h2_storage,2030,8,12,12,0.0
2568,h2_storage,2030,8,13,13,0.0
2569,h2_storage,2030,8,14,14,0.0
2570,h2_storage,2030,8,15,15,0.0
2571,h2_storage,2030,8,16,16,0.0
2572,h2_storage,2030,8,17,17,0.0
2573,h2_storage,2030,8,18,18,0.0
2574,h2_storage,2030,8,19,19,0.0
2575,h2_storage,2030,8,20,20,0.0
2576,h2_storage,2030,8,21,21,0.0
2577,h2_storage,2030,8,22,22,0.0
2578,h2_storage,2030,8,23,23,0.0
2579,h2_storage,2030,8,24,24,0.0
2580,h2_storage,2030,8,25,25,0.0
2581,h2_storage,2030,8,26,26,0.0
2582,h2_storage,2030,8,27,27,0.0
2583,h2_storage,2030,8,28,28,0.0
2584,h2_storage,2030,8,29,29,0.0
2585,h2_storage,2030,8,30,30,0.0
2586,h2_storage,2030,8,31,31,0.0
2587,h2_storage,2030,8,32,32,0.0
2588,h2_storage,2030,8,33,33,0.0
2589,h2_storage,2030,8,34,34,0.0
2590,h2_storage,2030,8,35,35,0.0
2591,h2_storage,2030,8,36,36,0.0
2592,h2_storage,2030,8,37,37,0.0
2593,h2_storage,2030,8,38,38,0.0
2594,h2_storage,2030,8,39,39,0.0
2595,h2_storage,2030,8,40,40,0.0
2596,h2_storage,2030,8,41,41,0.0
2597,h2_storage,2030,8,42,42,0.0
2598,h2_storage,2030,8,43,43,0.0
2599,h2_storage,2030,8,44,44,0.0
2600,h2_storage,2030,8,45,45,0.0
2601,h2_storage,2030,8,46,46,0.0
2602,h2_storage,2030,8,47,47,0.0
2603,h2_storage,2030,8,48,48,0.0
2604,h2_storage,2030,8,49,49,0.0
2605,h2_storage,2030,8,50,50,0.0
2606,h2_storage,2030,8,51,51,0.0
2607,h2_storage,2030,8,52,52,0.0
2608,h2_storage,2030,8,53,53,0.0
2609,h2_storage,2030,8,54,54,0.0
2610,h2_storage,2030,8,55,55,0.0
2611,h2_storage,2030,8,56,56,0.0
2612,h2_storage,2030,8,57,57,0.0
2613,h2_storage,2030,8,58,58,0.0
2614,h2_storage,2030,8,59,59,0.0
2615,h2_storage,2030,8,60,60,0.0
2616,h2_storage,2030,8,61,61,0.0
2617,h2_storage,2030,8,62,62,0.0
2618,h2_storage,2030,8,63,63,0.0
2619,h2_storage,2030,8,64,64,0.0
2620,h2_storage,2030,8,65,65,0.0
2621,h2_storage,2030,8,66,66,0.0
2622,h2_storage,2030,8,67,67,0.0
2623,h2_storage,2030,8,68,68,0.0
2624,h2_storage,2030,8,69,69,0.0
2625,h2_storage,2030,8,70,70,0.0
2626,h2_storage,2030,8,71,71,0.0
2627,h2_storage,2030,8,72,72,0.0
2628,h2_storage,2030,8,73,73,0.0
2629,h2_storage,2030,8,74,74,0.0
2630,h2_storage,2030,8,75,75,0.0
2631,h2_storage,2030,8,76,76,0.0
2632,h2_storage,2030,8,77,77,0.0
2633,h2_storage,2030,8,78,78,0.0
2634,h2_storage,2030,8,79,79,0.0
2635,h2_storage,2030,8,80,80,0.0
2636,h2_storage,2030,8,81,81,0.0
2637,h2_storage,2030,8,82,82,0.0
2638,h2_storage,2030,8,83,83,0.0
2639,h2_storage,2030,8,84,84,0.0
2640,h2_storage,2030,8,85,85,0.0
2641,h2_storage,2030,8,86,86,0.0
2642,h2_storage,2030,8,87,87,0.0
2643,h2_storage,2030,8,88,88,0.0
2644,h2_storage,2030,8,89,89,0.0
2645,h2_storage,2030,8,90,90,0.0
2646,h2_storage,2030,8,91,91,0.0
2647,h2_storage,2030,8,92,92,0.0
2648,h2_storage,2030,8,93,93,0.0
2649,h2_storage,2030,8,94,94,0.0
2650,h2_storage,2030,8,95,95,0.0
2651,h2_storage,2030,8,96,96,0.0
2652,h2_storage,2030,8,97,97,0.0
2653,h2_storage,2030,8,98,98,0.0
2654,h2_storage,2030,8,99,99,0.0
2655,h2_storage,2030,8,100,100,0.0
2656,h2_storage,2030,8,101,101,0.0
2657,h2_storage,2030,8,102,102,0.0
2658,h2_storage,2030,8,103,103,0.0
2659,h2_storage,2030,8,104,104,0.0
2660,h2_storage,2030,8,105,105,0.0
2661,h2_storage,2030,8,106,106,0.0
2662,h2_storage,2030,8,107,107,0.0
2663,h2_storage,2030,8,108,108,0.0
2664,h2_storage,2030,8,109,109,0.0
2665,h2_storage,2030,8,110,110,0.0
2666,h2_storage,2030,8,111,111,0.0
2667,h2_storage,2030,8,112,112,0.0
2668,h2_storage,2030,8,113,113,0.0
2669,h2_storage,2030,8,114,114,0.0
2670,h2_storage,2030,8,115,115,0.0
2671,h2_storage,2030,8,116,116,0.0
2672,h2_storage,2030,8,117,117,0.0
2673,h2_storage,2030,8,118,118,0.0
2674,h2_storage,2030,8,119,119,0.0
2675,h2_storage,2030,8,120,120,0.0
2676,h2_storage,2030,8,121,121,0.0
2677,h2_storage,2030,8,122,122,0.0
2678,h2_storage,2030,8,123,123,0.0
2679,h2_storage,2030,8,124,124,0.0
2680,h2_storage,2030,8,125,125,0.0
2681,h2_storage,2030,8,126,126,0.0
2682,h2_storage,2030,8,127,127,0.0
2683,h2_storage,2030,8,128,128,0.0
2684,h2_storage,2030,8,129,129,0.0
2685,h2_storage,2030,8,130,130,0.0
2686,h2_storage,2030,8,131,131,0.0
2687,h2_storage,2030,8,132,132,0.0
2688,h2_storage,2030,8,133,133,0.0
2689,h2_storage,2030,8,134,134,0.0
2690,h2_storage,2030,8,135,135,0.0
2691,h2_storage,2030,8,136,136,0.0
2692,h2_storage,2030,8,137,137,0.0
2693,h2_storage,2030,8,138,138,0.0
2694,h2_storage,2030,8,139,139,0.0
2695,h2_storage,2030,8,140,140,0.0
2696,h2_storage,2030,8,141,141,0.0
2697,h2_storage,2030,8,142,142,0.0
2698,h2_storage,2030,8,143,143,0.0
2699,h2_storage,2030,8,144,144,0.0
2700,h2_storage,2030,8,145,145,0.0
2701,h2_storage,2030,8,146,146,0.0
2702,h2_storage,2030,8,147,147,0.0
2703,h2_storage,2030,8,148,148,0.0
2704,h2_storage,2030,8,149,149,0.0
2705,h2_storage,2030,8,150,150,0.0
2706,h2_storage,2030,8,151,151,0.0
2707,h2_storage,2030,8,152,152,0.0
2708,h2_storage,2030,8,153,153,0.0
2709,h2_storage,2030,8,154,154,0.0
2710,h2_storage,2030,8,155,155,0.0
2711,h2_storage,2030,8,156,156,0.0
2712,h2_storage,2030,8,157,157,0.0
2713,h2_storage,2030,8,158,158,0.0
2714,h2_storage,2030,8,159,159,0.0
2715,h2_storage,2030,8,160,160,0.0
2716,h2_storage,2030,8,161,161,0.0
2717,h2_storage,2030,8,162,162,0.0
2718,h2_storage,2030,8,163,163,0.0
2719,h2_storage,2030,8,164,164,0.0
2720,h2_storage,2030,8,165,165,0.0
2721,h2_storage,2030,8,166,166,0.0
2722,h2_storage,2030,8,167,167,0.0
2723,h2_storage,2030,8,168,168,0.0
2724,h2_storage,2030,8,169,169,0.0
2725,h2_storage,2030,8,170,170,0.0
2726,h2_storage,2030,8,171,171,0.0
2727,h2_storage,2030,8,172,172,0.0
2728,h2_storage,2030,8,173,173,0.0
2729,h2_storage,2030,8,174,174,0.0
2730,h2_storage,2030,8,175,175,0.0
2731,h2_storage,2030,8,176,176,0.0
2732,h2_storage,2030,8,177,177,0.0
2733,h2_storage,2030,8,178,178,0.0
2734,h2_storage,2030,8,179,179,0.0
2735,h2_storage,2030,8,180,180,0.0
2736,h2_storage,2030,8,181,181,0.0
2737,h2_storage,2030,8,182,182,0.0
2738,h2_storage,2030,8,183,183,0.0
2739,h2_storage,2030,8,184,184,0.0
2740,h2_storage,2030,8,185,185,0.0
2741,h2_storage,2030,8,186,186,0.0
2742,h2_storage,2030,8,187,187,0.0
2743,h2_storage,2030,8,188,188,0.0
2744,h2_storage,2030,8,189,189,0.0
2745,h2_storage,2030,8,190,190,0.0
2746,h2_storage,2030,8,191,191,0.0
2747,h2_storage,2030,8,192,192,0.0
2748,h2_storage,2030,8,193,193,0.0
2749,h2_storage,2030,8,194,194,0.0
2750,h2_storage,2030,8,195,195,0.0
2751,h2_storage,2030,8,196,196,0.0
2752,h2_storage,2030,8,197,197,0.0
2753,h2_storage,2030,8,198,198,0.0
2754,h2_storage,2030,8,199,199,0.0
2755,h2_storage,2030,8,200,200,0.0
2756,h2_storage,2030,8,201,201,0.0
2757,h2_storage,2030,8,202,202,0.0
2758,h2_storage,2030,8,203,203,0.0
2759,h2_storage,2030,8,204,204,0.0
2760,h2_storage,2030,8,205,205,0.0
2761,h2_storage,2030,8,206,206,0.0
2762,h2_storage,2030,8,207,207,0.0
2763,h2_storage,2030,8,208,208,0.0
2764,h2_storage,2030,8,209,209,0.0
2765,h2_storage,2030,8,210,210,0.0
2766,h2_storage,2030,8,211,211,0.0
2767,h2_storage,2030,8,212,212,0.0
2768,h2_storage,2030,8,213,213,0.0
2769,h2_storage,2030,8,214,214,0.0
2770,h2_storage,2030,8,215,215,0.0
2771,h2_storage,2030,8,216,216,0.0
2772,h2_storage,2030,8,217,217,0.0
2773,h2_storage,2030,8,218,218,0.0
2774,h2_storage,2030,8,219,219,0.0
2775,h2_storage,2030,8,220,220,0.0
2776,h2_storage,2030,8,221,221,0.0
2777,h2_storage,2030,8,222,222,0.0
2778,h2_storage,2030,8,223,223,0.0
2779,h2_storage,2030,8,224,224,0.0
2780,h2_storage,2030,8,225,225,0.0
2781,h2_storage,2030,8,226,226,0.0
2782,h2_storage,2030,8,227,227,0.0
2783,h2_storage,2030,8,228,228,0.0
2784,h2_storage,2030,8,229,229,0.0
2785,h2_storage,2030,8,230,230,0.0
2786,h2_storage,2030,8,231,231,0.0
2787,h2_storage,2030,8,232,232,0.0
2788,h2_storage,2030,8,233,233,0.0
2789,h2_storage,2030,8,234,234,0.0
2790,h2_storage,2030,8,235,235,0.0
2791,h2_storage,2030,8,236,236,0.0
2792,h2_storage,2030,8,237,237,0.0
2793,h2_storage,2030,8,238,238,0.0
2794,h2_storage,2030,8,239,239,0.0
2795,h2_storage,2030,8,240,240,0.0
2796,h2_storage,2030,8,241,241,0.0
2797,h2_storage,2030,8,242,242,0.0
2798,h2_storage,2030,8,243,243,0.0
2799,h2_storage,2030,8,244,244,0.0
2800,h2_storage,2030,8,245,245,0.0
2801,h2_storage,2030,8,246,246,0.0
2802,h2_storage,2030,8,247,247,0.0
2803,h2_storage,2030,8,248,248,0.0
2804,h2_storage,2030,8,249,249,0.0
2805,h2_storage,2030,8,250,250,0.0
2806,h2_storage,2030,8,251,251,0.0
2807,h2_storage,2030,8,252,252,0.0
2808,h2_storage,2030,8,253,253,0.0
2809,h2_storage,2030,8,254,254,0.0
2810,h2_storage,2030,8,255,255,0.0
2811,h2_storage,2030,8,256,256,0.0
2812,h2_storage,2030,8,257,257,0.0
2813,h2_storage,2030,8,258,258,0.0
2814,h2_storage,2030,8,259,259,0.0
2815,h2_storage,2030,8,260,260,0.0
2816,h2_storage,2030,8,261,261,0.0
2817,h2_storage,2030,8,262,262,0.0
2818,h2_storage,2030,8,263,263,0.0
2819,h2_storage,2030,8,264,264,0.0
2820,h2_storage,2030,8,265,265,0.0
2821,h2_storage,2030,8,266,266,0.0
2822,h2_storage,2030,8,267,267,0.0
2823,h2_storage,2030,8,268,268,0.0
2824,h2_storage,2030,8,269,269,0.0
2825,h2_storage,2030,8,270,270,0.0
2826,h2_storage,2030,8,271,271,0.0
2827,h2_storage,2030,8,272,272,0.0
2828,h2_storage,2030,8,273,273,0.0
2829,h2_storage,2030,8,274,274,0.0
2830,h2_storage,2030,8,275,275,0.0
2831,h2_storage,2030,8,276,276,0.0
2832,h2_storage,2030,8,277,277,0.0
2833,h2_storage,2030,8,278,278,0.0
2834,h2_storage,2030,8,279,279,0.0
2835,h2_storage,2030,8,280,280,0.0
2836,h2_storage,2030,8,281,281,0.0
2837,h2_storage,2030,8,282,282,0.0
2838,h2_storage,2030,8,283,283,0.0
2839,h2_storage,2030,8,284,284,0.0
2840,h2_storage,2030,8,285,285,0.0
2841,h2_storage,2030,8,286,286,0.0
2842,h2_storage,2030,8,287,287,0.0
2843,h2_storage,2030,8,288,288,0.0
2844,h2_storage,2030,8,289,289,0.0
2845,h2_storage,2030,8,290,290,0.0
2846,h2_storage,2030,8,291,291,0.0
2847,h2_storage,2030,8,292,292,0.0
2848,h2_storage,2030,8,293,293,0.0
2849,h2_storage,2030,8,294,294,0.0
2850,h2_storage,2030,8,295,295,0.0
2851,h2_storage,2030,8,296,296,0.0
2852,h2_storage,2030,8,297,297,0.0
2853,h2_storage,2030,8,298,298,0.0
2854,h2_storage,2030,8,299,299,0.0
2855,h2_storage,2030,8,300,300,0.0
2856,h2_storage,2030,8,301,301,0.0
2857,h2_storage,2030,8,302,302,0.0
2858,h2_storage,2030,8,303,303,0.0
2859,h2_storage,2030,8,304,304,0.0
2860,h2_storage,2030,8,305,305,0.0
2861,h2_storage,2030,8,306,306,0.0
2862,h2_storage,2030,8,307,307,0.0
2863,h2_storage,2030,8,308,308,0.0
2864,h2_storage,2030,8,309,309,0.0
2865,h2_storage,2030,8,310,310,0.0
2866,h2_storage,2030,8,311,311,0.0
2867,h2_storage,2030,8,312,312,0.0
2868,h2_storage,2030,8,313,313,0.0
2869,h2_storage,2030,8,314,314,0.0
2870,h2_storage,2030,8,315,315,0.0
2871,h2_storage,2030,8,316,316,0.0
2872,h2_storage,2030,8,317,317,0.0
2873,h2_storage,2030,8,318,318,0.0
2874,h2_storage,2030,8,319,319,0.0
2875,h2_storage,2030,8,320,320,0.0
2876,h2_storage,2030,8,321,321,0.0
2877,h2_storage,2030,8,322,322,0.0
2878,h2_storage,2030,8,323,323,0.0
2879,h2_storage,2030,8,324,324,0.0
2880,h2_storage,2030,8,325,325,0.0
2881,h2_storage,2030,8,326,326,0.0
2882,h2_storage,2030,8,327,327,0.0
2883,h2_storage,2030,8,328,328,0.0
2884,h2_storage,2030,8,329,329,0.0
2885,h2_storage,2030,8,330,330,0.0
2886,h2_storage,2030,8,331,331,0.0
2887,h2_storage,2030,8,332,332,0.0
2888,h2_storage,2030,8,333,333,0.0
2889,h2_storage,2030,8,334,334,0.0
2890,h2_storage,2030,8,335,335,0.0
2891,h2_storage,2030,8,336,336,0.0
2892,h2_storage,2030,8,337,337,0.0
2893,h2_storage,2030,8,338,338,0.0
2894,h2_storage,2030,8,339,339,0.0
2895,h2_storage,2030,8,340,340,0.0
2896,h2_storage,2030,8,341,341,0.0
2897,h2_storage,2030,8,342,342,0.0
2898,h2_storage,2030,8,343,343,0.0
2899,h2_storage,2030,8,344,344,0.0
2900,h2_storage,2030,8,345,345,0.0
2901,h2_storage,2030,8,346,346,0.0
2902,h2_storage,2030,8,347,347,0.0
2903,h2_storage,2030,8,348,348,0.0
2904,h2_storage,2030,8,349,349,0.0
2905,h2_storage,2030,8,350,350,0.0
2906,h2_storage,2030,8,351,351,0.0
2907,h2_storage,2030,8,352,352,0.0
2908,h2_storage,2030,8,353,353,0.0
2909,h2_storage,2030,8,354,354,0.0
2910,h2_storage,2030,8,355,355,0.0
2911,h2_storage,2030,8,356,356,0.0
2912,h2_storage,2030,8,357,357,0.0
2913,h2_storage,2030,8,358,358,0.0
2914,h2_storage,2030,8,359,359,0.0
2915,h2_storage,2030,8,360,360,0.0
2916,h2_storage,2030,8,361,361,0.0
2917,h2_storage,2030,8,362,362,0.0
2918,h2_storage,2030,8,363,363,0.0
2919,h2_storage,2030,8,364,364,0.0
2920,h2_storage,2030,8,365,365,0.0
2921,h2_storage,2030,9,1,1,0.0
2922,h2_storage,2030,9,2,2,0.0
2923,h2_storage,2030,9,3,3,0.0
2924,h2_storage,2030,9,4,4,0.0
2925,h2_storage,2030,9,5,5,0.0
2926,h2_storage,2030,9,6,6,0.0
2927,h2_storage,2030,9,7,7,0.0
2928,h2_storage,2030,9,8,8,0.0
2929,h2_storage,2030,9,9,9,0.0
2930,h2_storage,2030,9,10,10,0.0
2931,h2_storage,2030,9,11,11,0.0
2932,h2_storage,2030,9,12,12,0.0
2933,h2_storage,2030,9,13,13,0.0
2934,h2_storage,2030,9,14,14,0.0
2935,h2_storage,2030,9,15,15,0.0
2936,h2_storage,2030,9,16,16,0.0
2937,h2_storage,2030,9,17,17,0.0
2938,h2_storage,2030,9,18,18,0.0
2939,h2_storage,2030,9,19,19,0.0
2940,h2_storage,2030,9,20,20,0.0
2941,h2_storage,2030,9,21,21,0.0
2942,h2_storage,2030,9,22,22,0.0
2943,h2_storage,2030,9,23,23,0.0
2944,h2_storage,2030,9,24,24,0.0
2945,h2_storage,2030,9,25,25,0.0
2946,h2_storage,2030,9,26,26,0.0
2947,h2_storage,2030,9,27,27,0.0
2948,h2_storage,2030,9,28,28,0.0
2949,h2_storage,2030,9,29,29,0.0
2950,h2_storage,2030,9,30,30,0.0
2951,h2_storage,2030,9,31,31,0.0
2952,h2_storage,2030,9,32,32,0.0
2953,h2_storage,2030,9,33,33,0.0
2954,h2_storage,2030,9,34,34,0.0
2955,h2_storage,2030,9,35,35,0.0
2956,h2_storage,2030,9,36,36,0.0
2957,h2_storage,2030,9,37,37,0.0
2958,h2_storage,2030,9,38,38,0.0
2959,h2_storage,2030,9,39,39,0.0
2960,h2_storage,2030,9,40,40,0.0
2961,h2_storage,2030,9,41,41,0.0
2962,h2_storage,2030,9,42,42,0.0
2963,h2_storage,2030,9,43,43,0.0
2964,h2_storage,2030,9,44,44,0.0
2965,h2_storage,2030,9,45,45,0.0
2966,h2_storage,2030,9,46,46,0.0
2967,h2_storage,2030,9,47,47,0.0
2968,h2_storage,2030,9,48,48,0.0
2969,h2_storage,2030,9,49,49,0.0
2970,h2_storage,2030,9,50,50,0.0
2971,h2_storage,2030,9,51,51,0.0
2972,h2_storage,2030,9,52,52,0.0
2973,h2_storage,2030,9,53,53,0.0
2974,h2_storage,2030,9,54,54,0.0
2975,h2_storage,2030,9,55,55,0.0
2976,h2_storage,2030,9,56,56,0.0
2977,h2_storage,2030,9,57,57,0.0
2978,h2_storage,2030,9,58,58,0.0
2979,h2_storage,2030,9,59,59,0.0
2980,h2_storage,2030,9,60,60,0.0
2981,h2_storage,2030,9,61,61,0.0
2982,h2_storage,2030,9,62,62,0.0
2983,h2_storage,2030,9,63,63,0.0
2984,h2_storage,2030,9,64,64,0.0
2985,h2_storage,2030,9,65,65,0.0
2986,h2_storage,2030,9,66,66,0.0
2987,h2_storage,2030,9,67,67,0.0
2988,h2_storage,2030,9,68,68,0.0
2989,h2_storage,2030,9,69,69,0.0
2990,h2_storage,2030,9,70,70,0.0
2991,h2_storage,2030,9,71,71,0.0
2992,h2_storage,2030,9,72,72,0.0
2993,h2_storage,2030,9,73,73,0.0
2994,h2_storage,2030,9,74,74,0.0
2995,h2_storage,2030,9,75,75,0.0
2996,h2_storage,2030,9,76,76,0.0
2997,h2_storage,2030,9,77,77,0.0
2998,h2_storage,2030,9,78,78,0.0
2999,h2_storage,2030,9,79,79,0.0
3000,h2_storage,2030,9,80,80,0.0
3001,h2_storage,2030,9,81,81,0.0
3002,h2_storage,2030,9,82,82,0.0
3003,h2_storage,2030,9,83,83,0.0
3004,h2_storage,2030,9,84,84,0.0
3005,h2_storage,2030,9,85,85,0.0
3006,h2_storage,2030,9,86,86,0.0
3007,h2_storage,2030,9,87,87,0.0
3008,h2_storage,2030,9,88,88,0.0
3009,h2_storage,2030,9,89,89,0.0
3010,h2_storage,2030,9,90,90,0.0
3011,h2_storage,2030,9,91,91,0.0
3012,h2_storage,2030,9,92,92,0.0
3013,h2_storage,2030,9,93,93,0.0
3014,h2_storage,2030,9,94,94,0.0
3015,h2_storage,2030,9,95,95,0.0
3016,h2_storage,2030,9,96,96,0.0
3017,h2_storage,2030,9,97,97,0.0
3018,h2_storage,2030,9,98,98,0.0
3019,h2_storage,2030,9,99,99,0.0
3020,h2_storage,2030,9,100,100,0.0
3021,h2_storage,2030,9,101,101,0.0
3022,h2_storage,2030,9,102,102,0.0
3023,h2_storage,2030,9,103,103,0.0
3024,h2_storage,2030,9,104,104,0.0
3025,h2_storage,2030,9,105,105,0.0
3026,h2_storage,2030,9,106,106,0.0
3027,h2_storage,2030,9,107,107,0.0
3028,h2_storage,2030,9,108,108,0.0
3029,h2_storage,2030,9,109,109,0.0
3030,h2_storage,2030,9,110,110,0.0
3031,h2_storage,2030,9,111,111,0.0
3032,h2_storage,2030,9,112,112,0.0
3033,h2_storage,2030,9,113,113,0.0
3034,h2_storage,2030,9,114,114,0.0
3035,h2_storage,2030,9,115,115,0.0
3036,h2_storage,2030,9,116,116,0.0
3037,h2_storage,2030,9,117,117,0.0
3038,h2_storage,2030,9,118,118,0.0
3039,h2_storage,2030,9,119,119,0.0
3040,h2_storage,2030,9,120,120,0.0
3041,h2_storage,2030,9,121,121,0.0
3042,h2_storage,2030,9,122,122,0.0
3043,h2_storage,2030,9,123,123,0.0
3044,h2_storage,2030,9,124,124,0.0
3045,h2_storage,2030,9,125,125,0.0
3046,h2_storage,2030,9,126,126,0.0
3047,h2_storage,2030,9,127,127,0.0
3048,h2_storage,2030,9,128,128,0.0
3049,h2_storage,2030,9,129,129,0.0
3050,h2_storage,2030,9,130,130,0.0
3051,h2_storage,2030,9,131,131,0.0
3052,h2_storage,2030,9,132,132,0.0
3053,h2_storage,2030,9,133,133,0.0
3054,h2_storage,2030,9,134,134,0.0
3055,h2_storage,2030,9,135,135,0.0
3056,h2_storage,2030,9,136,136,0.0
3057,h2_storage,2030,9,137,137,0.0
3058,h2_storage,2030,9,138,138,0.0
3059,h2_storage,2030,9,139,139,0.0
3060,h2_storage,2030,9,140,140,0.0
3061,h2_storage,2030,9,141,141,0.0
3062,h2_storage,2030,9,142,142,0.0
3063,h2_storage,2030,9,143,143,0.0
3064,h2_storage,2030,9,144,144,0.0
3065,h2_storage,2030,9,145,145,0.0
3066,h2_storage,2030,9,146,146,0.0
3067,h2_storage,2030,9,147,147,0.0
3068,h2_storage,2030,9,148,148,0.0
3069,h2_storage,2030,9,149,149,0.0
3070,h2_storage,2030,9,150,150,0.0
3071,h2_storage,2030,9,151,151,0.0
3072,h2_storage,2030,9,152,152,0.0
3073,h2_storage,2030,9,153,153,0.0
3074,h2_storage,2030,9,154,154,0.0
3075,h2_storage,2030,9,155,155,0.0
3076,h2_storage,2030,9,156,156,0.0
3077,h2_storage,2030,9,157,157,0.0
3078,h2_storage,2030,9,158,158,0.0
3079,h2_storage,2030,9,159,159,0.0
3080,h2_storage,2030,9,160,160,0.0
3081,h2_storage,2030,9,161,161,0.0
3082,h2_storage,2030,9,162,162,0.0
3083,h2_storage,2030,9,163,163,0.0
3084,h2_storage,2030,9,164,164,0.0
3085,h2_storage,2030,9,165,165,0.0
3086,h2_storage,2030,9,166,166,0.0
3087,h2_storage,2030,9,167,167,0.0
3088,h2_storage,2030,9,168,168,0.0
3089,h2_storage,2030,9,169,169,0.0
3090,h2_storage,2030,9,170,170,0.0
3091,h2_storage,2030,9,171,171,0.0
3092,h2_storage,2030,9,172,172,0.0
3093,h2_storage,2030,9,173,173,0.0
3094,h2_storage,2030,9,174,174,0.0
3095,h2_storage,2030,9,175,175,0.0
3096,h2_storage,2030,9,176,176,0.0
3097,h2_storage,2030,9,177,177,0.0
3098,h2_storage,2030,9,178,178,0.0
3099,h2_storage,2030,9,179,179,0.0
3100,h2_storage,2030,9,180,180,0.0
3101,h2_storage,2030,9,181,181,0.0
3102,h2_storage,2030,9,182,182,0.0
3103,h2_storage,2030,9,183,183,0.0
3104,h2_storage,2030,9,184,184,0.0
3105,h2_storage,2030,9,185,185,0.0
3106,h2_storage,2030,9,186,186,0.0
3107,h2_storage,2030,9,187,187,0.0
3108,h2_storage,2030,9,188,188,0.0
3109,h2_storage,2030,9,189,189,0.0
3110,h2_storage,2030,9,190,190,0.0
3111,h2_storage,2030,9,191,191,0.0
3112,h2_storage,2030,9,192,192,0.0
3113,h2_storage,2030,9,193,193,0.0
3114,h2_storage,2030,9,194,194,0.0
3115,h2_storage,2030,9,195,195,0.0
3116,h2_storage,2030,9,196,196,0.0
3117,h2_storage,2030,9,197,197,0.0
3118,h2_storage,2030,9,198,198,0.0
3119,h2_storage,2030,9,199,199,0.0
3120,h2_storage,2030,9,200,200,0.0
3121,h2_storage,2030,9,201,201,0.0
3122,h2_storage,2030,9,202,202,0.0
3123,h2_storage,2030,9,203,203,0.0
3124,h2_storage,2030,9,204,204,0.0
3125,h2_storage,2030,9,205,205,0.0
3126,h2_storage,2030,9,206,206,0.0
3127,h2_storage,2030,9,207,207,0.0
3128,h2_storage,2030,9,208,208,0.0
3129,h2_storage,2030,9,209,209,0.0
3130,h2_storage,2030,9,210,210,0.0
3131,h2_storage,2030,9,211,211,0.0
3132,h2_storage,2030,9,212,212,0.0
3133,h2_storage,2030,9,213,213,0.0
3134,h2_storage,2030,9,214,214,0.0
3135,h2_storage,2030,9,215,215,0.0
3136,h2_storage,2030,9,216,216,0.0
3137,h2_storage,2030,9,217,217,0.0
3138,h2_storage,2030,9,218,218,0.0
3139,h2_storage,2030,9,219,219,0.0
3140,h2_storage,2030,9,220,220,0.0
3141,h2_storage,2030,9,221,221,0.0
3142,h2_storage,2030,9,222,222,0.0
3143,h2_storage,2030,9,223,223,0.0
3144,h2_storage,2030,9,224,224,0.0
3145,h2_storage,2030,9,225,225,0.0
3146,h2_storage,2030,9,226,226,0.0
3147,h2_storage,2030,9,227,227,0.0
3148,h2_storage,2030,9,228,228,0.0
3149,h2_storage,2030,9,229,229,0.0
3150,h2_storage,2030,9,230,230,0.0
3151,h2_storage,2030,9,231,231,0.0
3152,h2_storage,2030,9,232,232,0.0
3153,h2_storage,2030,9,233,233,0.0
3154,h2_storage,2030,9,234,234,0.0
3155,h2_storage,2030,9,235,235,0.0
3156,h2_storage,2030,9,236,236,0.0
3157,h2_storage,2030,9,237,237,0.0
3158,h2_storage,2030,9,238,238,0.0
3159,h2_storage,2030,9,239,239,0.0
3160,h2_storage,2030,9,240,240,0.0
3161,h2_storage,2030,9,241,241,0.0
3162,h2_storage,2030,9,242,242,0.0
3163,h2_storage,2030,9,243,243,0.0
3164,h2_storage,2030,9,244,244,0.0
3165,h2_storage,2030,9,245,245,0.0
3166,h2_storage,2030,9,246,246,0.0
3167,h2_storage,2030,9,247,247,0.0
3168,h2_storage,2030,9,248,248,0.0
3169,h2_storage,2030,9,249,249,0.0
3170,h2_storage,2030,9,250,250,0.0
3171,h2_storage,2030,9,251,251,0.0
3172,h2_storage,2030,9,252,252,0.0
3173,h2_storage,2030,9,253,253,0.0
3174,h2_storage,2030,9,254,254,0.0
3175,h2_storage,2030,9,255,255,0.0
3176,h2_storage,2030,9,256,256,0.0
3177,h2_storage,2030,9,257,257,0.0
3178,h2_storage,2030,9,258,258,0.0
3179,h2_storage,2030,9,259,259,0.0
3180,h2_storage,2030,9,260,260,0.0
3181,h2_storage,2030,9,261,261,0.0
3182,h2_storage,2030,9,262,262,0.0
3183,h2_storage,2030,9,263,263,0.0
3184,h2_storage,2030,9,264,264,0.0
3185,h2_storage,2030,9,265,265,0.0
3186,h2_storage,2030,9,266,266,0.0
3187,h2_storage,2030,9,267,267,0.0
3188,h2_storage,2030,9,268,268,0.0
3189,h2_storage,2030,9,269,269,0.0
3190,h2_storage,2030,9,270,270,0.0
3191,h2_storage,2030,9,271,271,0.0
3192,h2_storage,2030,9,272,272,0.0
3193,h2_storage,2030,9,273,273,0.0
3194,h2_storage,2030,9,274,274,0.0
3195,h2_storage,2030,9,275,275,0.0
3196,h2_storage,2030,9,276,276,0.0
3197,h2_storage,2030,9,277,277,0.0
3198,h2_storage,2030,9,278,278,0.0
3199,h2_storage,2030,9,279,279,0.0
3200,h2_storage,2030,9,280,280,0.0
3201,h2_storage,2030,9,281,281,0.0
3202,h2_storage,2030,9,282,282,0.0
3203,h2_storage,2030,9,283,283,0.0
3204,h2_storage,2030,9,284,284,0.0
3205,h2_storage,2030,9,285,285,0.0
3206,h2_storage,2030,9,286,286,0.0
3207,h2_storage,2030,9,287,287,0.0
3208,h2_storage,2030,9,288,288,0.0
3209,h2_storage,2030,9,289,289,0.0
3210,h2_storage,2030,9,290,290,0.0
3211,h2_storage,2030,9,291,291,0.0
3212,h2_storage,2030,9,292,292,0.0
3213,h2_storage,2030,9,293,293,0.0
3214,h2_storage,2030,9,294,294,0.0
3215,h2_storage,2030,9,295,295,0.0
3216,h2_storage,2030,9,296,296,0.0
3217,h2_storage,2030,9,297,297,0.0
3218,h2_storage,2030,9,298,298,0.0
3219,h2_storage,2030,9,299,299,0.0
3220,h2_storage,2030,9,300,300,0.0
3221,h2_storage,2030,9,301,301,0.0
3222,h2_storage,2030,9,302,302,0.0
3223,h2_storage,2030,9,303,303,0.0
3224,h2_storage,2030,9,304,304,0.0
3225,h2_storage,2030,9,305,305,0.0
3226,h2_storage,2030,9,306,306,0.0
3227,h2_storage,2030,9,307,307,0.0
3228,h2_storage,2030,9,308,308,0.0
3229,h2_storage,2030,9,309,309,0.0
3230,h2_storage,2030,9,310,310,0.0
3231,h2_storage,2030,9,311,311,0.0
3232,h2_storage,2030,9,312,312,0.0
3233,h2_storage,2030,9,313,313,0.0
3234,h2_storage,2030,9,314,314,0.0
3235,h2_storage,2030,9,315,315,0.0
3236,h2_storage,2030,9,316,316,0.0
3237,h2_storage,2030,9,317,317,0.0
3238,h2_storage,2030,9,318,318,0.0
3239,h2_storage,2030,9,319,319,0.0
3240,h2_storage,2030,9,320,320,0.0
3241,h2_storage,2030,9,321,321,0.0
3242,h2_storage,2030,9,322,322,0.0
3243,h2_storage,2030,9,323,323,0.0
3244,h2_storage,2030,9,324,324,0.0
3245,h2_storage,2030,9,325,325,0.0
3246,h2_storage,2030,9,326,326,0.0
3247,h2_storage,2030,9,327,327,0.0
3248,h2_storage,2030,9,328,328,0.0
3249,h2_storage,2030,9,329,329,0.0
3250,h2_storage,2030,9,330,330,0.0
3251,h2_storage,2030,9,331,331,0.0
3252,h2_storage,2030,9,332,332,0.0
3253,h2_storage,2030,9,333,333,0.0
3254,h2_storage,2030,9,334,334,0.0
3255,h2_storage,2030,9,335,335,0.0
3256,h2_storage,2030,9,336,336,0.0
3257,h2_storage,2030,9,337,337,0.0
3258,h2_storage,2030,9,338,338,0.0
3259,h2_storage,2030,9,339,339,0.0
3260,h2_storage,2030,9,340,340,0.0
3261,h2_storage,2030,9,341,341,0.0
3262,h2_storage,2030,9,342,342,0.0
3263,h2_storage,2030,9,343,343,0.0
3264,h2_storage,2030,9,344,344,0.0
3265,h2_storage,2030,9,345,345,0.0
3266,h2_storage,2030,9,346,346,0.0
3267,h2_storage,2030,9,347,347,0.0
3268,h2_storage,2030,9,348,348,0.0
3269,h2_storage,2030,9,349,349,0.0
3270,h2_storage,2030,9,350,350,0.0
3271,h2_storage,2030,9,351,351,0.0
3272,h2_storage,2030,9,352,352,0.0
3273,h2_storage,2030,9,353,353,0.0
3274,h2_storage,2030,9,354,354,0.0
3275,h2_storage,2030,9,355,355,0.0
3276,h2_storage,2030,9,356,356,0.0
3277,h2_storage,2030,9,357,357,0.0
3278,h2_storage,2030,9,358,358,0.0
3279,h2_storage,2030,9,359,359,0.0
3280,h2_storage,2030,9,360,360,0.0
3281,h2_storage,2030,9,361,361,0.0
3282,h2_storage,2030,9,362,362,0.0
3283,h2_storage,2030,9,363,363,0.0
3284,h2_storage,2030,9,364,364,0.0
3285,h2_storage,2030,9,365,365,0.0
3286,h2_storage,2030,10,1,1,0.0
3287,h2_storage,2030,10,2,2,0.0
3288,h2_storage,2030,10,3,3,0.0
3289,h2_storage,2030,10,4,4,0.0
3290,h2_storage,2030,10,5,5,0.0
3291,h2_storage,2030,10,6,6,0.0
3292,h2_storage,2030,10,7,7,0.0
3293,h2_storage,2030,10,8,8,0.0
3294,h2_storage,2030,10,9,9,0.0
3295,h2_storage,2030,10,10,10,0.0
3296,h2_storage,2030,10,11,11,0.0
3297,h2_storage,2030,10,12,12,0.0
3298,h2_storage,2030,10,13,13,0.0
3299,h2_storage,2030,10,14,14,0.0
3300,h2_storage,2030,10,15,15,0.0
3301,h2_storage,2030,10,16,16,0.0
3302,h2_storage,2030,10,17,17,0.0
3303,h2_storage,2030,10,18,18,0.0
3304,h2_storage,2030,10,19,19,0.0
3305,h2_storage,2030,10,20,20,0.0
3306,h2_storage,2030,10,21,21,0.0
3307,h2_storage,2030,10,22,22,0.0
3308,h2_storage,2030,10,23,23,0.0
3309,h2_storage,2030,10,24,24,0.0
3310,h2_storage,2030,10,25,25,0.0
3311,h2_storage,2030,10,26,26,0.0
3312,h2_storage,2030,10,27,27,0.0
3313,h2_storage,2030,10,28,28,0.0
3314,h2_storage,2030,10,29,29,0.0
3315,h2_storage,2030,10,30,30,0.0
3316,h2_storage,2030,10,31,31,0.0
3317,h2_storage,2030,10,32,32,0.0
3318,h2_storage,2030,10,33,33,0.0
3319,h2_storage,2030,10,34,34,0.0
3320,h2_storage,2030,10,35,35,0.0
3321,h2_storage,2030,10,36,36,0.0
3322,h2_storage,2030,10,37,37,0.0
3323,h2_storage,2030,10,38,38,0.0
3324,h2_storage,2030,10,39,39,0.0
3325,h2_storage,2030,10,40,40,0.0
3326,h2_storage,2030,10,41,41,0.0
3327,h2_storage,2030,10,42,42,0.0
3328,h2_storage,2030,10,43,43,0.0
3329,h2_storage,2030,10,44,44,0.0
3330,h2_storage,2030,10,45,45,0.0
3331,h2_storage,2030,10,46,46,0.0
3332,h2_storage,2030,10,47,47,0.0
3333,h2_storage,2030,10,48,48,0.0
3334,h2_storage,2030,10,49,49,0.0
3335,h2_storage,2030,10,50,50,0.0
3336,h2_storage,2030,10,51,51,0.0
3337,h2_storage,2030,10,52,52,0.0
3338,h2_storage,2030,10,53,53,0.0
3339,h2_storage,2030,10,54,54,0.0
3340,h2_storage,2030,10,55,55,0.0
3341,h2_storage,2030,10,56,56,0.0
3342,h2_storage,2030,10,57,57,0.0
3343,h2_storage,2030,10,58,58,0.0
3344,h2_storage,2030,10,59,59,0.0
3345,h2_storage,2030,10,60,60,0.0
3346,h2_storage,2030,10,61,61,0.0
3347,h2_storage,2030,10,62,62,0.0
3348,h2_storage,2030,10,63,63,0.0
3349,h2_storage,2030,10,64,64,0.0
3350,h2_storage,2030,10,65,65,0.0
3351,h2_storage,2030,10,66,66,0.0
3352,h2_storage,2030,10,67,67,0.0
3353,h2_storage,2030,10,68,68,0.0
3354,h2_storage,2030,10,69,69,0.0
3355,h2_storage,2030,10,70,70,0.0
3356,h2_storage,2030,10,71,71,0.0
3357,h2_storage,2030,10,72,72,0.0
3358,h2_storage,2030,10,73,73,0.0
3359,h2_storage,2030,10,74,74,0.0
3360,h2_storage,2030,10,75,75,0.0
3361,h2_storage,2030,10,76,76,0.0
3362,h2_storage,2030,10,77,77,0.0
3363,h2_storage,2030,10,78,78,0.0
3364,h2_storage,2030,10,79,79,0.0
3365,h2_storage,2030,10,80,80,0.0
3366,h2_storage,2030,10,81,81,0.0
3367,h2_storage,2030,10,82,82,0.0
3368,h2_storage,2030,10,83,83,0.0
3369,h2_storage,2030,10,84,84,0.0
3370,h2_storage,2030,10,85,85,0.0
3371,h2_storage,2030,10,86,86,0.0
3372,h2_storage,2030,10,87,87,0.0
3373,h2_storage,2030,10,88,88,0.0
3374,h2_storage,2030,10,89,89,0.0
3375,h2_storage,2030,10,90,90,0.0
3376,h2_storage,2030,10,91,91,0.0
3377,h2_storage,2030,10,92,92,0.0
3378,h2_storage,2030,10,93,93,0.0
3379,h2_storage,2030,10,94,94,0.0
3380,h2_storage,2030,10,95,95,0.0
3381,h2_storage,2030,10,96,96,0.0
3382,h2_storage,2030,10,97,97,0.0
3383,h2_storage,2030,10,98,98,0.0
3384,h2_storage,2030,10,99,99,0.0
3385,h2_storage,2030,10,100,100,0.0
3386,h2_storage,2030,10,101,101,0.0
3387,h2_storage,2030,10,102,102,0.0
3388,h2_storage,2030,10,103,103,0.0
3389,h2_storage,2030,10,104,104,0.0
3390,h2_storage,2030,10,105,105,0.0
3391,h2_storage,2030,10,106,106,0.0
3392,h2_storage,2030,10,107,107,0.0
3393,h2_storage,2030,10,108,108,0.0
3394,h2_storage,2030,10,109,109,0.0
3395,h2_storage,2030,10,110,110,0.0
3396,h2_storage,2030,10,111,111,0.0
3397,h2_storage,2030,10,112,112,0.0
3398,h2_storage,2030,10,113,113,0.0
3399,h2_storage,2030,10,114,114,0.0
3400,h2_storage,2030,10,115,115,0.0
3401,h2_storage,2030,10,116,116,0.0
3402,h2_storage,2030,10,117,117,0.0
3403,h2_storage,2030,10,118,118,0.0
3404,h2_storage,2030,10,119,119,0.0
3405,h2_storage,2030,10,120,120,0.0
3406,h2_storage,2030,10,121,121,0.0
3407,h2_storage,2030,10,122,122,0.0
3408,h2_storage,2030,10,123,123,0.0
3409,h2_storage,2030,10,124,124,0.0
3410,h2_storage,2030,10,125,125,0.0
3411,h2_storage,2030,10,126,126,0.0
3412,h2_storage,2030,10,127,127,0.0
3413,h2_storage,2030,10,128,128,0.0
3414,h2_storage,2030,10,129,129,0.0
3415,h2_storage,2030,10,130,130,0.0
3416,h2_storage,2030,10,131,131,0.0
3417,h2_storage,2030,10,132,132,0.0
3418,h2_storage,2030,10,133,133,0.0
3419,h2_storage,2030,10,134,134,0.0
3420,h2_storage,2030,10,135,135,0.0
3421,h2_storage,2030,10,136,136,0.0
3422,h2_storage,2030,10,137,137,0.0
3423,h2_storage,2030,10,138,138,0.0
3424,h2_storage,2030,10,139,139,0.0
3425,h2_storage,2030,10,140,140,0.0
3426,h2_storage,2030,10,141,141,0.0
3427,h2_storage,2030,10,142,142,0.0
3428,h2_storage,2030,10,143,143,0.0
3429,h2_storage,2030,10,144,144,0.0
3430,h2_storage,2030,10,145,145,0.0
3431,h2_storage,2030,10,146,146,0.0
3432,h2_storage,2030,10,147,147,0.0
3433,h2_storage,2030,10,148,148,0.0
3434,h2_storage,2030,10,149,149,0.0
3435,h2_storage,2030,10,150,150,0.0
3436,h2_storage,2030,10,151,151,0.0
3437,h2_storage,2030,10,152,152,0.0
3438,h2_storage,2030,10,153,153,0.0
3439,h2_storage,2030,10,154,154,0.0
3440,h2_storage,2030,10,155,155,0.0
3441,h2_storage,2030,10,156,156,0.0
3442,h2_storage,2030,10,157,157,0.0
3443,h2_storage,2030,10,158,158,0.0
3444,h2_storage,2030,10,159,159,0.0
3445,h2_storage,2030,10,160,160,0.0
3446,h2_storage,2030,10,161,161,0.0
3447,h2_storage,2030,10,162,162,0.0
3448,h2_storage,2030,10,163,163,0.0
3449,h2_storage,2030,10,164,164,0.0
3450,h2_storage,2030,10,165,165,0.0
3451,h2_storage,2030,10,166,166,0.0
3452,h2_storage,2030,10,167,167,0.0
3453,h2_storage,2030,10,168,168,0.0
3454,h2_storage,2030,10,169,169,0.0
3455,h2_storage,2030,10,170,170,0.0
3456,h2_storage,2030,10,171,171,0.0
3457,h2_storage,2030,10,172,172,0.0
3458,h2_storage,2030,10,173,173,0.0
3459,h2_storage,2030,10,174,174,0.0
3460,h2_storage,2030,10,175,175,0.0
3461,h2_storage,2030,10,176,176,0.0
3462,h2_storage,2030,10,177,177,0.0
3463,h2_storage,2030,10,178,178,0.0
3464,h2_storage,2030,10,179,179,0.0
3465,h2_storage,2030,10,180,180,0.0
3466,h2_storage,2030,10,181,181,0.0
3467,h2_storage,2030,10,182,182,0.0
3468,h2_storage,2030,10,183,183,0.0
3469,h2_storage,2030,10,184,184,0.0
3470,h2_storage,2030,10,185,185,0.0
3471,h2_storage,2030,10,186,186,0.0
3472,h2_storage,2030,10,187,187,0.0
3473,h2_storage,2030,10,188,188,0.0
3474,h2_storage,2030,10,189,189,0.0
3475,h2_storage,2030,10,190,190,0.0
3476,h2_storage,2030,10,191,191,0.0
3477,h2_storage,2030,10,192,192,0.0
3478,h2_storage,2030,10,193,193,0.0
3479,h2_storage,2030,10,194,194,0.0
3480,h2_storage,2030,10,195,195,0.0
3481,h2_storage,2030,10,196,196,0.0
3482,h2_storage,2030,10,197,197,0.0
3483,h2_storage,2030,10,198,198,0.0
3484,h2_storage,2030,10,199,199,0.0
3485,h2_storage,2030,10,200,200,0.0
3486,h2_storage,2030,10,201,201,0.0
3487,h2_storage,2030,10,202,202,0.0
3488,h2_storage,2030,10,203,203,0.0
3489,h2_storage,2030,10,204,204,0.0
3490,h2_storage,2030,10,205,205,0.0
3491,h2_storage,2030,10,206,206,0.0
3492,h2_storage,2030,10,207,207,0.0
3493,h2_storage,2030,10,208,208,0.0
3494,h2_storage,2030,10,209,209,0.0
3495,h2_storage,2030,10,210,210,0.0
3496,h2_storage,2030,10,211,211,0.0
3497,h2_storage,2030,10,212,212,0.0
3498,h2_storage,2030,10,213,213,0.0
3499,h2_storage,2030,10,214,214,0.0
3500,h2_storage,2030,10,215,215,0.0
3501,h2_storage,2030,10,216,216,0.0
3502,h2_storage,2030,10,217,217,0.0
3503,h2_storage,2030,10,218,218,0.0
3504,h2_storage,2030,10,219,219,0.0
3505,h2_storage,2030,10,220,220,0.0
3506,h2_storage,2030,10,221,221,0.0
3507,h2_storage,2030,10,222,222,0.0
3508,h2_storage,2030,10,223,223,0.0
3509,h2_storage,2030,10,224,224,0.0
3510,h2_storage,2030,10,225,225,0.0
3511,h2_storage,2030,10,226,226,0.0
3512,h2_storage,2030,10,227,227,0.0
3513,h2_storage,2030,10,228,228,0.0
3514,h2_storage,2030,10,229,229,0.0
3515,h2_storage,2030,10,230,230,0.0
3516,h2_storage,2030,10,231,231,0.0
3517,h2_storage,2030,10,232,232,0.0
3518,h2_storage,2030,10,233,233,0.0
3519,h2_storage,2030,10,234,234,0.0
3520,h2_storage,2030,10,235,235,0.0
3521,h2_storage,2030,10,236,236,0.0
3522,h2_storage,2030,10,237,237,0.0
3523,h2_storage,2030,10,238,238,0.0
3524,h2_storage,2030,10,239,239,0.0
3525,h2_storage,2030,10,240,240,0.0
3526,h2_storage,2030,10,241,241,0.0
3527,h2_storage,2030,10,242,242,0.0
3528,h2_storage,2030,10,243,243,0.0
3529,h2_storage,2030,10,244,244,0.0
3530,h2_storage,2030,10,245,245,0.0
3531,h2_storage,2030,10,246,246,0.0
3532,h2_storage,2030,10,247,247,0.0
3533,h2_storage,2030,10,248,248,0.0
3534,h2_storage,2030,10,249,249,0.0
3535,h2_storage,2030,10,250,250,0.0
3536,h2_storage,2030,10,251,251,0.0
3537,h2_storage,2030,10,252,252,0.0
3538,h2_storage,2030,10,253,253,0.0
3539,h2_storage,2030,10,254,254,0.0
3540,h2_storage,2030,10,255,255,0.0
3541,h2_storage,2030,10,256,256,0.0
3542,h2_storage,2030,10,257,257,0.0
3543,h2_storage,2030,10,258,258,0.0
3544,h2_storage,2030,10,259,259,0.0
3545,h2_storage,2030,10,260,260,0.0
3546,h2_storage,2030,10,261,261,0.0
3547,h2_storage,2030,10,262,262,0.0
3548,h2_storage,2030,10,263,263,0.0
3549,h2_storage,2030,10,264,264,0.0
3550,h2_storage,2030,10,265,265,0.0
3551,h2_storage,2030,10,266,266,0.0
3552,h2_storage,2030,10,267,267,0.0
3553,h2_storage,2030,10,268,268,0.0
3554,h2_storage,2030,10,269,269,0.0
3555,h2_storage,2030,10,270,270,0.0
3556,h2_storage,2030,10,271,271,0.0
3557,h2_storage,2030,10,272,272,0.0
3558,h2_storage,2030,10,273,273,0.0
3559,h2_storage,2030,10,274,274,0.0
3560,h2_storage,2030,10,275,275,0.0
3561,h2_storage,2030,10,276,276,0.0
3562,h2_storage,2030,10,277,277,0.0
3563,h2_storage,2030,10,278,278,0.0
3564,h2_storage,2030,10,279,279,0.0
3565,h2_storage,2030,10,280,280,0.0
3566,h2_storage,2030,10,281,281,0.0
3567,h2_storage,2030,10,282,282,0.0
3568,h2_storage,2030,10,283,283,0.0
3569,h2_storage,2030,10,284,284,0.0
3570,h2_storage,2030,10,285,285,0.0
3571,h2_storage,2030,10,286,286,0.0
3572,h2_storage,2030,10,287,287,0.0
3573,h2_storage,2030,10,288,288,0.0
3574,h2_storage,2030,10,289,289,0.0
3575,h2_storage,2030,10,290,290,0.0
3576,h2_storage,2030,10,291,291,0.0
3577,h2_storage,2030,10,292,292,0.0
3578,h2_storage,2030,10,293,293,0.0
3579,h2_storage,2030,10,294,294,0.0
3580,h2_storage,2030,10,295,295,0.0
3581,h2_storage,2030,10,296,296,0.0
3582,h2_storage,2030,10,297,297,0.0
3583,h2_storage,2030,10,298,298,0.0
3584,h2_storage,2030,10,299,299,0.0
3585,h2_storage,2030,10,300,300,0.0
3586,h2_storage,2030,10,301,301,0.0
3587,h2_storage,2030,10,302,302,0.0
3588,h2_storage,2030,10,303,303,0.0
3589,h2_storage,2030,10,304,304,0.0
3590,h2_storage,2030,10,305,305,0.0
3591,h2_storage,2030,10,306,306,0.0
3592,h2_storage,2030,10,307,307,0.0
3593,h2_storage,2030,10,308,308,0.0
3594,h2_storage,2030,10,309,309,0.0
3595,h2_storage,2030,10,310,310,0.0
3596,h2_storage,2030,10,311,311,0.0
3597,h2_storage,2030,10,312,312,0.0
3598,h2_storage,2030,10,313,313,0.0
3599,h2_storage,2030,10,314,314,0.0
3600,h2_storage,2030,10,315,315,0.0
3601,h2_storage,2030,10,316,316,0.0
3602,h2_storage,2030,10,317,317,0.0
3603,h2_storage,2030,10,318,318,0.0
3604,h2_storage,2030,10,319,319,0.0
3605,h2_storage,2030,10,320,320,0.0
3606,h2_storage,2030,10,321,321,0.0
3607,h2_storage,2030,10,322,322,0.0
3608,h2_storage,2030,10,323,323,0.0
3609,h2_storage,2030,10,324,324,0.0
3610,h2_storage,2030,10,325,325,0.0
3611,h2_storage,2030,10,326,326,0.0
3612,h2_storage,2030,10,327,327,0.0
3613,h2_storage,2030,10,328,328,0.0
3614,h2_storage,2030,10,329,329,0.0
3615,h2_storage,2030,10,330,330,0.0
3616,h2_storage,2030,10,331,331,0.0
3617,h2_storage,2030,10,332,332,0.0
3618,h2_storage,2030,10,333,333,0.0
3619,h2_storage,2030,10,334,334,0.0
3620,h2_storage,2030,10,335,335,0.0
3621,h2_storage,2030,10,336,336,0.0
3622,h2_storage,2030,10,337,337,0.0
3623,h2_storage,2030,10,338,338,0.0
3624,h2_storage,2030,10,339,339,0.0
3625,h2_storage,2030,10,340,340,0.0
3626,h2_storage,2030,10,341,341,0.0
3627,h2_storage,2030,10,342,342,0.0
3628,h2_storage,2030,10,343,343,0.0
3629,h2_storage,2030,10,344,344,0.0
3630,h2_storage,2030,10,345,345,0.0
3631,h2_storage,2030,10,346,346,0.0
3632,h2_storage,2030,10,347,347,0.0
3633,h2_storage,2030,10,348,348,0.0
3634,h2_storage,2030,10,349,349,0.0
3635,h2_storage,2030,10,350,350,0.0
3636,h2_storage,2030,10,351,351,0.0
3637,h2_storage,2030,10,352,352,0.0
3638,h2_storage,2030,10,353,353,0.0
3639,h2_storage,2030,10,354,354,0.0
3640,h2_storage,2030,10,355,355,0.0
3641,h2_storage,2030,10,356,356,0.0
3642,h2_storage,2030,10,357,357,0.0
3643,h2_storage,2030,10,358,358,0.0
3644,h2_storage,2030,10,359,359,0.0
3645,h2_storage,2030,10,360,360,0.0
3646,h2_storage,2030,10,361,361,0.0
3647,h2_storage,2030,10,362,362,0.0
3648,h2_storage,2030,10,363,363,0.0
3649,h2_storage,2030,10,364,364,0.0
3650,h2_storage,2030,10,365,365,0.0
3651,hydro_reservoir,2030,1,1,1,202.3450439688162
3652,hydro_reservoir,2030,1,2,2,203.66234699278033
3653,hydro_reservoir,2030,1,3,3,204.58939351146995
3654,hydro_reservoir,2030,1,4,4,205.94596848890055
3655,hydro_reservoir,2030,1,5,5,206.91571101745097
3656,hydro_reservoir,2030,1,6,6,207.93753882239773
3657,hydro_reservoir,2030,1,7,7,209.36069104271945
3658,hydro_reservoir,2030,1,8,8,210.65351559448408
3659,hydro_reservoir,2030,1,9,9,211.9824603004765
3660,hydro_reservoir,2030,1,10,10,212.49343753831536
3661,hydro_reservoir,2030,1,11,11,214.4374807154071
3662,hydro_reservoir,2030,1,12,12,216.37193349697665
3663,hydro_reservoir,2030,1,13,13,217.9367836790021
3664,hydro_reservoir,2030,1,14,14,218.11994617702325
3665,hydro_reservoir,2030,1,15,15,218.33108937175697
3666,hydro_reservoir,2030,1,16,16,218.32663498147184
3667,hydro_reservoir,2030,1,17,17,218.73406565128963
3668,hydro_reservoir,2030,1,18,18,219.9104550838468
3669,hydro_reservoir,2030,1,19,19,220.0214675438536
3670,hydro_reservoir,2030,1,20,20,220.79113222212737
3671,hydro_reservoir,2030,1,21,21,221.64066803034137
3672,hydro_reservoir,2030,1,22,22,222.23643327283744
3673,hydro_reservoir,2030,1,23,23,221.9879182346611
3674,hydro_reservoir,2030,1,24,24,222.6045393905347
3675,hydro_reservoir,2030,1,25,25,222.95934121301312
3676,hydro_reservoir,2030,1,26,26,223.7007714971449
3677,hydro_reservoir,2030,1,27,27,224.03037599805796
3678,hydro_reservoir,2030,1,28,28,224.32594167466917
3679,hydro_reservoir,2030,1,29,29,224.57245222982036
3680,hydro_reservoir,2030,1,30,30,224.80831661525465
3681,hydro_reservoir,2030,1,31,31,226.46270415685763
3682,hydro_reservoir,2030,1,32,32,228.18330579527228
3683,hydro_reservoir,2030,1,33,33,227.92018686228627
3684,hydro_reservoir,2030,1,34,34,227.75842755754965
3685,hydro_reservoir,2030,1,35,35,228.47480408006012
3686,hydro_reservoir,2030,1,36,36,228.40728044593573
3687,hydro_reservoir,2030,1,37,37,229.92093782118644
3688,hydro_reservoir,2030,1,38,38,229.68837883193513
3689,hydro_reservoir,2030,1,39,39,229.62172933118003
3690,hydro_reservoir,2030,1,40,40,229.89366166219506
3691,hydro_reservoir,2030,1,41,41,229.90706532838152
3692,hydro_reservoir,2030,1,42,42,230.0823572671113
3693,hydro_reservoir,2030,1,43,43,230.29261443870635
3694,hydro_reservoir,2030,1,44,44,230.25584255807811
3695,hydro_reservoir,2030,1,45,45,229.91886394944663
3696,hydro_reservoir,2030,1,46,46,231.16605080801267
3697,hydro_reservoir,2030,1,47,47,232.2484811815521
3698,hydro_reservoir,2030,1,48,48,231.46852183640516
3699,hydro_reservoir,2030,1,49,49,231.30099848655496
3700,hydro_reservoir,2030,1,50,50,232.41108375384928
3701,hydro_reservoir,2030,1,51,51,232.62484647205116
3702,hydro_reservoir,2030,1,52,52,232.78751972418615
3703,hydro_reservoir,2030,1,53,53,233.25319894016354
3704,hydro_reservoir,2030,1,54,54,233.305760849044
3705,hydro_reservoir,2030,1,55,55,233.71004426405
3706,hydro_reservoir,2030,1,56,56,234.09669250334895
3707,hydro_reservoir,2030,1,57,57,234.54770290309767
3708,hydro_reservoir,2030,1,58,58,234.9743032657131
3709,hydro_reservoir,2030,1,59,59,235.40576577081262
3710,hydro_reservoir,2030,1,60,60,235.87350169210129
3711,hydro_reservoir,2030,1,61,61,236.24098934069858
3712,hydro_reservoir,2030,1,62,62,236.75496193807012
3713,hydro_reservoir,2030,1,63,63,236.99290577148204
3714,hydro_reservoir,2030,1,64,64,237.39930294819453
3715,hydro_reservoir,2030,1,65,65,237.7946932407531
3716,hydro_reservoir,2030,1,66,66,237.4272708206746
3717,hydro_reservoir,2030,1,67,67,236.76741513391377
3718,hydro_reservoir,2030,1,68,68,236.455701557084
3719,hydro_reservoir,2030,1,69,69,236.08499598954361
3720,hydro_reservoir,2030,1,70,70,235.87436517186532
3721,hydro_reservoir,2030,1,71,71,235.95147693648337
3722,hydro_reservoir,2030,1,72,72,235.86383053940892
3723,hydro_reservoir,2030,1,73,73,235.6829190665668
3724,hydro_reservoir,2030,1,74,74,236.0644602338779
3725,hydro_reservoir,2030,1,75,75,236.35616850951263
3726,hydro_reservoir,2030,1,76,76,236.1202327616226
3727,hydro_reservoir,2030,1,77,77,237.14512701432008
3728,hydro_reservoir,2030,1,78,78,238.23690515791648
3729,hydro_reservoir,2030,1,79,79,239.42426046464726
3730,hydro_reservoir,2030,1,80,80,240.50470240487064
3731,hydro_reservoir,2030,1,81,81,241.37644460451986
3732,hydro_reservoir,2030,1,82,82,242.26142045136032
3733,hydro_reservoir,2030,1,83,83,241.96879621422912
3734,hydro_reservoir,2030,1,84,84,243.15311877840634
3735,hydro_reservoir,2030,1,85,85,243.05583834833055
3736,hydro_reservoir,2030,1,86,86,243.31026028521708
3737,hydro_reservoir,2030,1,87,87,243.44266967171012
3738,hydro_reservoir,2030,1,88,88,243.57528994174996
3739,hydro_reservoir,2030,1,89,89,243.43063227165493
3740,hydro_reservoir,2030,1,90,90,243.16348858297036
3741,hydro_reservoir,2030,1,91,91,243.09305269974647
3742,hydro_reservoir,2030,1,92,92,243.2594486861012
3743,hydro_reservoir,2030,1,93,93,243.41595873277438
3744,hydro_reservoir,2030,1,94,94,241.7944940605062
3745,hydro_reservoir,2030,1,95,95,240.17856707819303
3746,hydro_reservoir,2030,1,96,96,240.1729129107424
3747,hydro_reservoir,2030,1,97,97,239.83258196261113
3748,hydro_reservoir,2030,1,98,98,240.1004968251284
3749,hydro_reservoir,2030,1,99,99,240.35799647815037
3750,hydro_reservoir,2030,1,100,100,239.16373869827083
3751,hydro_reservoir,2030,1,101,101,239.0147843575169
3752,hydro_reservoir,2030,1,102,102,238.5627870636347
3753,hydro_reservoir,2030,1,103,103,238.42790479239247
3754,hydro_reservoir,2030,1,104,104,237.10630532759453
3755,hydro_reservoir,2030,1,105,105,237.27578209349548
3756,hydro_reservoir,2030,1,106,106,237.35274563633433
3757,hydro_reservoir,2030,1,107,107,237.65796387368047
3758,hydro_reservoir,2030,1,108,108,237.04111261604518
3759,hydro_reservoir,2030,1,109,109,237.25760637973892
3760,hydro_reservoir,2030,1,110,110,237.03554911968985
3761,hydro_reservoir,2030,1,111,111,236.55033746669045
3762,hydro_reservoir,2030,1,112,112,236.69102403415621
3763,hydro_reservoir,2030,1,113,113,236.85982043978495
3764,hydro_reservoir,2030,1,114,114,236.79507802325273
3765,hydro_reservoir,2030,1,115,115,235.48187172680002
3766,hydro_reservoir,2030,1,116,116,235.52709894451127
3767,hydro_reservoir,2030,1,117,117,235.27402254009596
3768,hydro_reservoir,2030,1,118,118,235.26583463739493
3769,hydro_reservoir,2030,1,119,119,235.45729859505312
3770,hydro_reservoir,2030,1,120,120,235.53959551195354
3771,hydro_reservoir,2030,1,121,121,235.06760528617048
3772,hydro_reservoir,2030,1,122,122,234.99299715690614
3773,hydro_reservoir,2030,1,123,123,235.00236609390458
3774,hydro_reservoir,2030,1,124,124,235.1083649160956
3775,hydro_reservoir,2030,1,125,125,235.060517391555
3776,hydro_reservoir,2030,1,126,126,235.11849381912702
3777,hydro_reservoir,2030,1,127,127,233.69352370842842
3778,hydro_reservoir,2030,1,128,128,233.73225689706692
3779,hydro_reservoir,2030,1,129,129,233.7805741915687
3780,hydro_reservoir,2030,1,130,130,232.3745799343812
3781,hydro_reservoir,2030,1,131,131,232.28537277541875
3782,hydro_reservoir,2030,1,132,132,232.1700017290234
3783,hydro_reservoir,2030,1,133,133,232.10313581093712
3784,hydro_reservoir,2030,1,134,134,232.2044801459209
3785,hydro_reservoir,2030,1,135,135,231.7150723506895
3786,hydro_reservoir,2030,1,136,136,231.7106756567843
3787,hydro_reservoir,2030,1,137,137,231.53576631456386
3788,hydro_reservoir,2030,1,138,138,231.41358990035647
3789,hydro_reservoir,2030,1,139,139,231.05361586708878
3790,hydro_reservoir,2030,1,140,140,230.6567408723111
3791,hydro_reservoir,2030,1,141,141,229.768105421134
3792,hydro_reservoir,2030,1,142,142,229.63531170283443
3793,hydro_reservoir,2030,1,143,143,229.49156819874835
3794,hydro_reservoir,2030,1,144,144,229.12113977109377
3795,hydro_reservoir,2030,1,145,145,228.74068671473643
3796,hydro_reservoir,2030,1,146,146,228.2817534256374
3797,hydro_reservoir,2030,1,147,147,227.70268048423574
3798,hydro_reservoir,2030,1,148,148,227.44695521131544
3799,hydro_reservoir,2030,1,149,149,227.2284820542596
3800,hydro_reservoir,2030,1,150,150,226.86831422976726
3801,hydro_reservoir,2030,1,151,151,226.60067155838297
3802,hydro_reservoir,2030,1,152,152,226.48269015415218
3803,hydro_reservoir,2030,1,153,153,226.4671924917902
3804,hydro_reservoir,2030,1,154,154,225.32353549755993
3805,hydro_reservoir,2030,1,155,155,225.39180258726606
3806,hydro_reservoir,2030,1,156,156,225.23839451632006
3807,hydro_reservoir,2030,1,157,157,225.21580244492336
3808,hydro_reservoir,2030,1,158,158,225.2766427588137
3809,hydro_reservoir,2030,1,159,159,224.11929583962572
3810,hydro_reservoir,2030,1,160,160,224.87422127381066
3811,hydro_reservoir,2030,1,161,161,224.4727891840777
3812,hydro_reservoir,2030,1,162,162,224.1457182891541
3813,hydro_reservoir,2030,1,163,163,223.96451197695754
3814,hydro_reservoir,2030,1,164,164,223.50370364233055
3815,hydro_reservoir,2030,1,165,165,223.438821486684
3816,hydro_reservoir,2030,1,166,166,223.05253790753375
3817,hydro_reservoir,2030,1,167,167,222.94527425274228
3818,hydro_reservoir,2030,1,168,168,222.56018351133636
3819,hydro_reservoir,2030,1,169,169,222.32133477080666
3820,hydro_reservoir,2030,1,170,170,221.58529767986226
3821,hydro_reservoir,2030,1,171,171,221.5044628432892
3822,hydro_reservoir,2030,1,172,172,221.32215369890488
3823,hydro_reservoir,2030,1,173,173,221.11927794020593
3824,hydro_reservoir,2030,1,174,174,220.8874728714103
3825,hydro_reservoir,2030,1,175,175,220.4745638296889
3826,hydro_reservoir,2030,1,176,176,220.3782105060833
3827,hydro_reservoir,2030,1,177,177,220.12848083918857
3828,hydro_reservoir,2030,1,178,178,220.13505938348362
3829,hydro_reservoir,2030,1,179,179,220.0260261303705
3830,hydro_reservoir,2030,1,180,180,219.57074731466847
3831,hydro_reservoir,2030,1,181,181,219.0859165170544
3832,hydro_reservoir,2030,1,182,182,218.73144077161928
3833,hydro_reservoir,2030,1,183,183,218.63155433549423
3834,hydro_reservoir,2030,1,184,184,216.5640667034592
3835,hydro_reservoir,2030,1,185,185,214.10218743319365
3836,hydro_reservoir,2030,1,186,186,211.56550323921857
3837,hydro_reservoir,2030,1,187,187,211.2553881291984
3838,hydro_reservoir,2030,1,188,188,211.28290353501174
3839,hydro_reservoir,2030,1,189,189,211.35669722189522
3840,hydro_reservoir,2030,1,190,190,211.0236853314172
3841,hydro_reservoir,2030,1,191,191,211.42819166978072
3842,hydro_reservoir,2030,1,192,192,210.940437153951
3843,hydro_reservoir,2030,1,193,193,210.7332147685952
3844,hydro_reservoir,2030,1,194,194,210.57600298957325
3845,hydro_reservoir,2030,1,195,195,210.34049127153128
3846,hydro_reservoir,2030,1,196,196,210.3677221061339
3847,hydro_reservoir,2030,1,197,197,210.38328105019272
3848,hydro_reservoir,2030,1,198,198,209.56013392118973
3849,hydro_reservoir,2030,1,199,199,210.32276842000468
3850,hydro_reservoir,2030,1,200,200,210.79662274437308
3851,hydro_reservoir,2030,1,201,201,211.49782031327558
3852,hydro_reservoir,2030,1,202,202,211.4681374752692
3853,hydro_reservoir,2030,1,203,203,211.30147606212265
3854,hydro_reservoir,2030,1,204,204,210.88360420033905
3855,hydro_reservoir,2030,1,205,205,210.45790306367635
3856,hydro_reservoir,2030,1,206,206,210.40660335210057
3857,hydro_reservoir,2030,1,207,207,210.40650606286226
3858,hydro_reservoir,2030,1,208,208,210.40640877469644
3859,hydro_reservoir,2030,1,209,209,210.20050210560697
3860,hydro_reservoir,2030,1,210,210,209.62279940767283
3861,hydro_reservoir,2030,1,211,211,209.57756006454534
3862,hydro_reservoir,2030,1,212,212,208.92099404096075
3863,hydro_reservoir,2030,1,213,213,208.60836607222518
3864,hydro_reservoir,2030,1,214,214,208.3611110267831
3865,hydro_reservoir,2030,1,215,215,208.16687895704217
3866,hydro_reservoir,2030,1,216,216,207.0220524097431
3867,hydro_reservoir,2030,1,217,217,207.28575388078085
3868,hydro_reservoir,2030,1,218,218,206.9762312702982
3869,hydro_reservoir,2030,1,219,219,206.99467665357886
3870,hydro_reservoir,2030,1,220,220,207.05604250534202
3871,hydro_reservoir,2030,1,221,221,206.7764679263901
3872,hydro_reservoir,2030,1,222,222,207.5402969261192
3873,hydro_reservoir,2030,1,223,223,207.7499788814644
3874,hydro_reservoir,2030,1,224,224,207.6861696164982
3875,hydro_reservoir,2030,1,225,225,207.4051773332967
3876,hydro_reservoir,2030,1,226,226,205.04268487166544
3877,hydro_reservoir,2030,1,227,227,205.04258757593695
3878,hydro_reservoir,2030,1,228,228,205.03896032796578
3879,hydro_reservoir,2030,1,229,229,205.03886303239437
3880,hydro_reservoir,2030,1,230,230,205.0621543363461
3881,hydro_reservoir,2030,1,231,231,205.12590842367035
3882,hydro_reservoir,2030,1,232,232,205.02864092743027
3883,hydro_reservoir,2030,1,233,233,202.64408166223097
3884,hydro_reservoir,2030,1,234,234,202.64398437139602
3885,hydro_reservoir,2030,1,235,235,202.64388708010543
3886,hydro_reservoir,2030,1,236,236,202.64378979186523
3887,hydro_reservoir,2030,1,237,237,202.63661626406991
3888,hydro_reservoir,2030,1,238,238,202.60940988363095
3889,hydro_reservoir,2030,1,239,239,201.966025988744
3890,hydro_reservoir,2030,1,240,240,201.92681291017996
3891,hydro_reservoir,2030,1,241,241,201.8092683785969
3892,hydro_reservoir,2030,1,242,242,201.24659378381182
3893,hydro_reservoir,2030,1,243,243,200.95272792910993
3894,hydro_reservoir,2030,1,244,244,200.94473624092615
3895,hydro_reservoir,2030,1,245,245,201.01381539072457
3896,hydro_reservoir,2030,1,246,246,201.08702537670538
3897,hydro_reservoir,2030,1,247,247,201.1608323728783
3898,hydro_reservoir,2030,1,248,248,201.23087022387512
3899,hydro_reservoir,2030,1,249,249,200.6888822973323
3900,hydro_reservoir,2030,1,250,250,200.4991652253572
3901,hydro_reservoir,2030,1,251,251,200.5790135212823
3902,hydro_reservoir,2030,1,252,252,200.63565842947654
3903,hydro_reservoir,2030,1,253,253,200.69177449468887
3904,hydro_reservoir,2030,1,254,254,200.7496618335336
3905,hydro_reservoir,2030,1,255,255,200.0224674573367
3906,hydro_reservoir,2030,1,256,256,199.9354809179287
3907,hydro_reservoir,2030,1,257,257,199.69428732801825
3908,hydro_reservoir,2030,1,258,258,200.150271957027
3909,hydro_reservoir,2030,1,259,259,200.6305948523251
3910,hydro_reservoir,2030,1,260,260,201.36460343643753
3911,hydro_reservoir,2030,1,261,261,201.58288848607108
3912,hydro_reservoir,2030,1,262,262,201.7873092317989
3913,hydro_reservoir,2030,1,263,263,201.55083455593697
3914,hydro_reservoir,2030,1,264,264,202.20363694773923
3915,hydro_reservoir,2030,1,265,265,201.99979600649507
3916,hydro_reservoir,2030,1,266,266,201.7342438212617
3917,hydro_reservoir,2030,1,267,267,200.3891699801252
3918,hydro_reservoir,2030,1,268,268,200.79886042819797
3919,hydro_reservoir,2030,1,269,269,200.14338678236277
3920,hydro_reservoir,2030,1,270,270,199.90660994909123
3921,hydro_reservoir,2030,1,271,271,200.3853967796759
3922,hydro_reservoir,2030,1,272,272,200.46121770178098
3923,hydro_reservoir,2030,1,273,273,201.15792534177606
3924,hydro_reservoir,2030,1,274,274,200.96070642201843
3925,hydro_reservoir,2030,1,275,275,200.62914031895727
3926,hydro_reservoir,2030,1,276,276,201.12770863492997
3927,hydro_reservoir,2030,1,277,277,201.93470537915368
3928,hydro_reservoir,2030,1,278,278,202.19399698595632
3929,hydro_reservoir,2030,1,279,279,202.02167560968104
3930,hydro_reservoir,2030,1,280,280,202.81754836702973
3931,hydro_reservoir,2030,1,281,281,203.55824748622112
3932,hydro_reservoir,2030,1,282,282,204.37062490106348
3933,hydro_reservoir,2030,1,283,283,204.31154162628948
3934,hydro_reservoir,2030,1,284,284,203.60508155355998
3935,hydro_reservoir,2030,1,285,285,203.6113034608061
3936,hydro_reservoir,2030,1,286,286,202.90953846148685
3937,hydro_reservoir,2030,1,287,287,202.4406830720274
3938,hydro_reservoir,2030,1,288,288,202.07910559524265
3939,hydro_reservoir,2030,1,289,289,201.83660208975482
3940,hydro_reservoir,2030,1,290,290,202.19585024917805
3941,hydro_reservoir,2030,1,291,291,202.08379309158238
3942,hydro_reservoir,2030,1,292,292,202.0201924762249
3943,hydro_reservoir,2030,1,293,293,202.2716053617237
3944,hydro_reservoir,2030,1,294,294,202.3082481126176
3945,hydro_reservoir,2030,1,295,295,202.18560004730998
3946,hydro_reservoir,2030,1,296,296,201.61313975616167
3947,hydro_reservoir,2030,1,297,297,201.8535246034023
3948,hydro_reservoir,2030,1,298,298,201.76180485923743
3949,hydro_reservoir,2030,1,299,299,200.9698989503443
3950,hydro_reservoir,2030,1,300,300,201.11249290886317
3951,hydro_reservoir,2030,1,301,301,201.6173148038466
3952,hydro_reservoir,2030,1,302,302,202.23707992973974
3953,hydro_reservoir,2030,1,303,303,202.71167151088918
3954,hydro_reservoir,2030,1,304,304,202.6486057854345
3955,hydro_reservoir,2030,1,305,305,201.88398284985863
3956,hydro_reservoir,2030,1,306,306,201.13613210033913
3957,hydro_reservoir,2030,1,307,307,198.93294961258331
3958,hydro_reservoir,2030,1,308,308,198.41639538140222
3959,hydro_reservoir,2030,1,309,309,197.82511626868623
3960,hydro_reservoir,2030,1,310,310,196.94153896377912
3961,hydro_reservoir,2030,1,311,311,196.77471101331008
3962,hydro_reservoir,2030,1,312,312,197.0746372229394
3963,hydro_reservoir,2030,1,313,313,197.27732530441514
3964,hydro_reservoir,2030,1,314,314,197.18407291528968
3965,hydro_reservoir,2030,1,315,315,194.63779441629683
3966,hydro_reservoir,2030,1,316,316,194.03141851505512
3967,hydro_reservoir,2030,1,317,317,193.79354881444416
3968,hydro_reservoir,2030,1,318,318,191.76398702248906
3969,hydro_reservoir,2030,1,319,319,192.4995215130225
3970,hydro_reservoir,2030,1,320,320,192.30107545489722
3971,hydro_reservoir,2030,1,321,321,192.20382511390403
3972,hydro_reservoir,2030,1,322,322,191.92385123801986
3973,hydro_reservoir,2030,1,323,323,192.3294852555381
3974,hydro_reservoir,2030,1,324,324,192.11138766845337
3975,hydro_reservoir,2030,1,325,325,191.92915135372198
3976,hydro_reservoir,2030,1,326,326,192.640633039581
3977,hydro_reservoir,2030,1,327,327,192.72746829907038
3978,hydro_reservoir,2030,1,328,328,193.6201940050632
3979,hydro_reservoir,2030,1,329,329,194.42664548686366
3980,hydro_reservoir,2030,1,330,330,194.11524653069696
3981,hydro_reservoir,2030,1,331,331,194.5456969512144
3982,hydro_reservoir,2030,1,332,332,194.96119367548712
3983,hydro_reservoir,2030,1,333,333,194.82052147510618
3984,hydro_reservoir,2030,1,334,334,194.1224624332335
3985,hydro_reservoir,2030,1,335,335,194.08846747221958
3986,hydro_reservoir,2030,1,336,336,193.71630566637245
3987,hydro_reservoir,2030,1,337,337,193.99770552992862
3988,hydro_reservoir,2030,1,338,338,194.78953554705197
3989,hydro_reservoir,2030,1,339,339,195.83671975408947
3990,hydro_reservoir,2030,1,340,340,195.60522776771163
3991,hydro_reservoir,2030,1,341,341,195.24888650399745
3992,hydro_reservoir,2030,1,342,342,195.9556506007713
3993,hydro_reservoir,2030,1,343,343,194.8323349226711
3994,hydro_reservoir,2030,1,344,344,194.5281689220202
3995,hydro_reservoir,2030,1,345,345,195.0546285776706
3996,hydro_reservoir,2030,1,346,346,195.55122757801237
3997,hydro_reservoir,2030,1,347,347,195.44453705972995
3998,hydro_reservoir,2030,1,348,348,194.93043563495314
3999,hydro_reservoir,2030,1,349,349,194.3754028275721
4000,hydro_reservoir,2030,1,350,350,193.67085367330498
4001,hydro_reservoir,2030,1,351,351,194.26745939220538
4002,hydro_reservoir,2030,1,352,352,195.76955075950067
4003,hydro_reservoir,2030,1,353,353,197.57037039338005
4004,hydro_reservoir,2030,1,354,354,196.68398038784733
4005,hydro_reservoir,2030,1,355,355,196.92994889385744
4006,hydro_reservoir,2030,1,356,356,197.9597232019865
4007,hydro_reservoir,2030,1,357,357,198.11707110975385
4008,hydro_reservoir,2030,1,358,358,198.22516291413018
4009,hydro_reservoir,2030,1,359,359,198.04420962741997
4010,hydro_reservoir,2030,1,360,360,197.86965887603876
4011,hydro_reservoir,2030,1,361,361,198.31502240810818
4012,hydro_reservoir,2030,1,362,362,198.33806062396314
4013,hydro_reservoir,2030,1,363,363,198.18839942349874
4014,hydro_reservoir,2030,1,364,364,199.6656227979227
4015,hydro_reservoir,2030,1,365,365,201.6
4016,hydro_reservoir,2030,2,1,1,202.19091948321287
4017,hydro_reservoir,2030,2,2,2,202.67128689939275
4018,hydro_reservoir,2030,2,3,3,203.96464910447546
4019,hydro_reservoir,2030,2,4,4,203.93339201451948
4020,hydro_reservoir,2030,2,5,5,204.81410925431706
4021,hydro_reservoir,2030,2,6,6,204.50749386218297
4022,hydro_reservoir,2030,2,7,7,205.19387648944485
4023,hydro_reservoir,2030,2,8,8,204.18101308876973
4024,hydro_reservoir,2030,2,9,9,204.60245730416605
4025,hydro_reservoir,2030,2,10,10,203.8568059124616
4026,hydro_reservoir,2030,2,11,11,203.86152725002137
4027,hydro_reservoir,2030,2,12,12,204.18478338855385
4028,hydro_reservoir,2030,2,13,13,203.71335016878928
4029,hydro_reservoir,2030,2,14,14,202.83322998483672
4030,hydro_reservoir,2030,2,15,15,202.93735087174048
4031,hydro_reservoir,2030,2,16,16,202.806757344778
4032,hydro_reservoir,2030,2,17,17,203.148671503214
4033,hydro_reservoir,2030,2,18,18,203.1186816536711
4034,hydro_reservoir,2030,2,19,19,203.32859951855
4035,hydro_reservoir,2030,2,20,20,203.53749881227566
4036,hydro_reservoir,2030,2,21,21,203.1824836166573
4037,hydro_reservoir,2030,2,22,22,203.4053332713406
4038,hydro_reservoir,2030,2,23,23,203.62646995999532
4039,hydro_reservoir,2030,2,24,24,203.84580978457902
4040,hydro_reservoir,2030,2,25,25,204.02206730026288
4041,hydro_reservoir,2030,2,26,26,204.6716786467238
4042,hydro_reservoir,2030,2,27,27,205.21749027831
4043,hydro_reservoir,2030,2,28,28,204.59077215483447
4044,hydro_reservoir,2030,2,29,29,203.99951627607194
4045,hydro_reservoir,2030,2,30,30,203.8398949435021
4046,hydro_reservoir,2030,2,31,31,204.0589057906555
4047,hydro_reservoir,2030,2,32,32,204.3834866609246
4048,hydro_reservoir,2030,2,33,33,204.95899671315297
4049,hydro_reservoir,2030,2,34,34,205.16716642477505
4050,hydro_reservoir,2030,2,35,35,205.35956753021028
4051,hydro_reservoir,2030,2,36,36,205.44124653422628
4052,hydro_reservoir,2030,2,37,37,205.18654321145203
4053,hydro_reservoir,2030,2,38,38,204.9120014286308
4054,hydro_reservoir,2030,2,39,39,204.64731863023806
4055,hydro_reservoir,2030,2,40,40,204.47873078686087
4056,hydro_reservoir,2030,2,41,41,204.63730769868732
4057,hydro_reservoir,2030,2,42,42,204.8049945583395
4058,hydro_reservoir,2030,2,43,43,205.25912085664098
4059,hydro_reservoir,2030,2,44,44,205.5853112679687
4060,hydro_reservoir,2030,2,45,45,205.56761223512007
4061,hydro_reservoir,2030,2,46,46,205.60878622218638
4062,hydro_reservoir,2030,2,47,47,206.50210242575363
4063,hydro_reservoir,2030,2,48,48,207.10052415478506
4064,hydro_reservoir,2030,2,49,49,206.50759247989535
4065,hydro_reservoir,2030,2,50,50,206.48751674313834
4066,hydro_reservoir,2030,2,51,51,206.20160230547071
4067,hydro_reservoir,2030,2,52,52,206.1236964165455
4068,hydro_reservoir,2030,2,53,53,205.89701306677293
4069,hydro_reservoir,2030,2,54,54,206.4951227168726
4070,hydro_reservoir,2030,2,55,55,206.91358776250698
4071,hydro_reservoir,2030,2,56,56,206.4257010538727
4072,hydro_reservoir,2030,2,57,57,206.62117984476237
4073,hydro_reservoir,2030,2,58,58,206.02774073507157
4074,hydro_reservoir,2030,2,59,59,206.10884154433947
4075,hydro_reservoir,2030,2,60,60,206.59235751766343
4076,hydro_reservoir,2030,2,61,61,207.19519352057844
4077,hydro_reservoir,2030,2,62,62,206.9617560446308
4078,hydro_reservoir,2030,2,63,63,206.64139178355282
4079,hydro_reservoir,2030,2,64,64,206.22832070716476
4080,hydro_reservoir,2030,2,65,65,206.14840640862676
4081,hydro_reservoir,2030,2,66,66,206.31954722592286
4082,hydro_reservoir,2030,2,67,67,206.19316936044422
4083,hydro_reservoir,2030,2,68,68,206.0452128724727
4084,hydro_reservoir,2030,2,69,69,205.81178916450423
4085,hydro_reservoir,2030,2,70,70,205.77799642592944
4086,hydro_reservoir,2030,2,71,71,205.58507877503857
4087,hydro_reservoir,2030,2,72,72,206.0639780674106
4088,hydro_reservoir,2030,2,73,73,206.62187073895475
4089,hydro_reservoir,2030,2,74,74,206.68182169614985
4090,hydro_reservoir,2030,2,75,75,206.11758186890677
4091,hydro_reservoir,2030,2,76,76,206.13722309454582
4092,hydro_reservoir,2030,2,77,77,206.02222868013087
4093,hydro_reservoir,2030,2,78,78,206.99531839493505
4094,hydro_reservoir,2030,2,79,79,206.44514985158196
4095,hydro_reservoir,2030,2,80,80,206.5644120768089
4096,hydro_reservoir,2030,2,81,81,206.87115217119256
4097,hydro_reservoir,2030,2,82,82,207.01332555350442
4098,hydro_reservoir,2030,2,83,83,206.77537870316615
4099,hydro_reservoir,2030,2,84,84,207.06490858666834
4100,hydro_reservoir,2030,2,85,85,207.1705392384549
4101,hydro_reservoir,2030,2,86,86,207.3723216160438
4102,hydro_reservoir,2030,2,87,87,207.5146073408111
4103,hydro_reservoir,2030,2,88,88,207.74986277551884
4104,hydro_reservoir,2030,2,89,89,207.7934201738126
4105,hydro_reservoir,2030,2,90,90,207.1961255604097
4106,hydro_reservoir,2030,2,91,91,207.17783853094
4107,hydro_reservoir,2030,2,92,92,207.44127122500362
4108,hydro_reservoir,2030,2,93,93,206.93213928867516
4109,hydro_reservoir,2030,2,94,94,206.71683958235312
4110,hydro_reservoir,2030,2,95,95,207.12869501897927
4111,hydro_reservoir,2030,2,96,96,207.13586034633633
4112,hydro_reservoir,2030,2,97,97,207.0290837033955
4113,hydro_reservoir,2030,2,98,98,207.906896959425
4114,hydro_reservoir,2030,2,99,99,208.79671399971963
4115,hydro_reservoir,2030,2,100,100,209.6147320634146
4116,hydro_reservoir,2030,2,101,101,209.20231421496837
4117,hydro_reservoir,2030,2,102,102,209.596641320916
4118,hydro_reservoir,2030,2,103,103,209.16195037197602
4119,hydro_reservoir,2030,2,104,104,208.228348162886
4120,hydro_reservoir,2030,2,105,105,207.6986453448445
4121,hydro_reservoir,2030,2,106,106,207.33862602278796
4122,hydro_reservoir,2030,2,107,107,207.529750991711
4123,hydro_reservoir,2030,2,108,108,206.74316753916906
4124,hydro_reservoir,2030,2,109,109,206.39713507469773
4125,hydro_reservoir,2030,2,110,110,205.61721711469264
4126,hydro_reservoir,2030,2,111,111,205.24500211124675
4127,hydro_reservoir,2030,2,112,112,205.8052245306322
4128,hydro_reservoir,2030,2,113,113,206.36185773028728
4129,hydro_reservoir,2030,2,114,114,206.14985747282415
4130,hydro_reservoir,2030,2,115,115,205.41206560697972
4131,hydro_reservoir,2030,2,116,116,204.79886886700794
4132,hydro_reservoir,2030,2,117,117,204.59563668771548
4133,hydro_reservoir,2030,2,118,118,203.3906434599072
4134,hydro_reservoir,2030,2,119,119,203.73985617602966
4135,hydro_reservoir,2030,2,120,120,204.3555806214007
4136,hydro_reservoir,2030,2,121,121,203.84641936414468
4137,hydro_reservoir,2030,2,122,122,204.25135841616478
4138,hydro_reservoir,2030,2,123,123,204.06370627435527
4139,hydro_reservoir,2030,2,124,124,203.50296956280377
4140,hydro_reservoir,2030,2,125,125,203.60231252937356
4141,hydro_reservoir,2030,2,126,126,204.054470606238
4142,hydro_reservoir,2030,2,127,127,204.22067763261413
4143,hydro_reservoir,2030,2,128,128,204.2979570144978
4144,hydro_reservoir,2030,2,129,129,204.56527692081366
4145,hydro_reservoir,2030,2,130,130,204.49703340003842
4146,hydro_reservoir,2030,2,131,131,204.21898078438886
4147,hydro_reservoir,2030,2,132,132,203.43227000196177
4148,hydro_reservoir,2030,2,133,133,203.7761558454768
4149,hydro_reservoir,2030,2,134,134,203.45713935961643
4150,hydro_reservoir,2030,2,135,135,203.74882159551166
4151,hydro_reservoir,2030,2,136,136,203.35415992920724
4152,hydro_reservoir,2030,2,137,137,201.65393684272303
4153,hydro_reservoir,2030,2,138,138,201.75765096550862
4154,hydro_reservoir,2030,2,139,139,202.1551993190003
4155,hydro_reservoir,2030,2,140,140,202.68259839318512
4156,hydro_reservoir,2030,2,141,141,202.7576123942227
4157,hydro_reservoir,2030,2,142,142,202.04819481362173
4158,hydro_reservoir,2030,2,143,143,201.77960919141375
4159,hydro_reservoir,2030,2,144,144,201.6474480649285
4160,hydro_reservoir,2030,2,145,145,201.31672736599862
4161,hydro_reservoir,2030,2,146,146,200.57618187786773
4162,hydro_reservoir,2030,2,147,147,199.82741075879676
4163,hydro_reservoir,2030,2,148,148,198.70464379408978
4164,hydro_reservoir,2030,2,149,149,198.23396286758944
4165,hydro_reservoir,2030,2,150,150,197.88555308747908
4166,hydro_reservoir,2030,2,151,151,197.5629487680537
4167,hydro_reservoir,2030,2,152,152,196.98350562168682
4168,hydro_reservoir,2030,2,153,153,196.5318776636445
4169,hydro_reservoir,2030,2,154,154,196.6631114323308
4170,hydro_reservoir,2030,2,155,155,196.36851343923126
4171,hydro_reservoir,2030,2,156,156,196.01212786152004
4172,hydro_reservoir,2030,2,157,157,196.24741448244956
4173,hydro_reservoir,2030,2,158,158,196.12683026505277
4174,hydro_reservoir,2030,2,159,159,196.51717457680496
4175,hydro_reservoir,2030,2,160,160,196.08232184910457
4176,hydro_reservoir,2030,2,161,161,196.27671165609505
4177,hydro_reservoir,2030,2,162,162,196.72177052417052
4178,hydro_reservoir,2030,2,163,163,196.4891153878118
4179,hydro_reservoir,2030,2,164,164,195.89319432728996
4180,hydro_reservoir,2030,2,165,165,195.64750334277633
4181,hydro_reservoir,2030,2,166,166,195.66071711289953
4182,hydro_reservoir,2030,2,167,167,196.34956073128933
4183,hydro_reservoir,2030,2,168,168,196.14046633871436
4184,hydro_reservoir,2030,2,169,169,196.13449527795558
4185,hydro_reservoir,2030,2,170,170,196.3083762127463
4186,hydro_reservoir,2030,2,171,171,196.33321768488557
4187,hydro_reservoir,2030,2,172,172,196.6032314046749
4188,hydro_reservoir,2030,2,173,173,196.6436234282755
4189,hydro_reservoir,2030,2,174,174,196.9033800011044
4190,hydro_reservoir,2030,2,175,175,197.6173434652857
4191,hydro_reservoir,2030,2,176,176,198.3537375018993
4192,hydro_reservoir,2030,2,177,177,198.97649362629576
4193,hydro_reservoir,2030,2,178,178,199.61591447688772
4194,hydro_reservoir,2030,2,179,179,200.1962409934035
4195,hydro_reservoir,2030,2,180,180,199.46382830590653
4196,hydro_reservoir,2030,2,181,181,199.03173140086955
4197,hydro_reservoir,2030,2,182,182,198.45064664646117
4198,hydro_reservoir,2030,2,183,183,198.46133862670854
4199,hydro_reservoir,2030,2,184,184,198.74675165088848
4200,hydro_reservoir,2030,2,185,185,199.3490322973828
4201,hydro_reservoir,2030,2,186,186,200.0403351121524
4202,hydro_reservoir,2030,2,187,187,200.69052313425323
4203,hydro_reservoir,2030,2,188,188,200.2443515161513
4204,hydro_reservoir,2030,2,189,189,199.81030407008814
4205,hydro_reservoir,2030,2,190,190,199.94468864328758
4206,hydro_reservoir,2030,2,191,191,199.79519190899344
4207,hydro_reservoir,2030,2,192,192,198.92971377907884
4208,hydro_reservoir,2030,2,193,193,198.27501345634707
4209,hydro_reservoir,2030,2,194,194,197.7041113454907
4210,hydro_reservoir,2030,2,195,195,197.90316364155422
4211,hydro_reservoir,2030,2,196,196,197.94102978114367
4212,hydro_reservoir,2030,2,197,197,197.12059405699225
4213,hydro_reservoir,2030,2,198,198,196.64050427680394
4214,hydro_reservoir,2030,2,199,199,196.88678361098746
4215,hydro_reservoir,2030,2,200,200,197.03082296474795
4216,hydro_reservoir,2030,2,201,201,197.23275571552253
4217,hydro_reservoir,2030,2,202,202,196.9276910141551
4218,hydro_reservoir,2030,2,203,203,197.67777500483234
4219,hydro_reservoir,2030,2,204,204,198.41415337319324
4220,hydro_reservoir,2030,2,205,205,198.36553624983864
4221,hydro_reservoir,2030,2,206,206,197.70684536570295
4222,hydro_reservoir,2030,2,207,207,198.416700458726
4223,hydro_reservoir,2030,2,208,208,198.84545051078416
4224,hydro_reservoir,2030,2,209,209,198.13390677502682
4225,hydro_reservoir,2030,2,210,210,198.11988489501692
4226,hydro_reservoir,2030,2,211,211,198.22736976556524
4227,hydro_reservoir,2030,2,212,212,197.8749771093346
4228,hydro_reservoir,2030,2,213,213,197.93400676534853
4229,hydro_reservoir,2030,2,214,214,198.0925433477518
4230,hydro_reservoir,2030,2,215,215,198.64839352370032
4231,hydro_reservoir,2030,2,216,216,198.61532432646476
4232,hydro_reservoir,2030,2,217,217,199.3518322629727
4233,hydro_reservoir,2030,2,218,218,198.88081405609728
4234,hydro_reservoir,2030,2,219,219,198.98043974047494
4235,hydro_reservoir,2030,2,220,220,198.79819688730876
4236,hydro_reservoir,2030,2,221,221,198.02812945976476
4237,hydro_reservoir,2030,2,222,222,197.9011316278241
4238,hydro_reservoir,2030,2,223,223,197.97337611323078
4239,hydro_reservoir,2030,2,224,224,197.309079173613
4240,hydro_reservoir,2030,2,225,225,197.3493821014408
4241,hydro_reservoir,2030,2,226,226,196.23431254975063
4242,hydro_reservoir,2030,2,227,227,195.11675420429899
4243,hydro_reservoir,2030,2,228,228,194.49904459175804
4244,hydro_reservoir,2030,2,229,229,193.8715159583428
4245,hydro_reservoir,2030,2,230,230,193.21404858488714
4246,hydro_reservoir,2030,2,231,231,192.08852479164165
4247,hydro_reservoir,2030,2,232,232,192.00122825767724
4248,hydro_reservoir,2030,2,233,233,192.27366841348805
4249,hydro_reservoir,2030,2,234,234,192.1643587457645
4250,hydro_reservoir,2030,2,235,235,191.87058518431613
4251,hydro_reservoir,2030,2,236,236,192.00478403181208
4252,hydro_reservoir,2030,2,237,237,192.32374333691814
4253,hydro_reservoir,2030,2,238,238,192.99649075879148
4254,hydro_reservoir,2030,2,239,239,193.13172202621078
4255,hydro_reservoir,2030,2,240,240,193.49628366465103
4256,hydro_reservoir,2030,2,241,241,193.05658597017333
4257,hydro_reservoir,2030,2,242,242,193.69312781692295
4258,hydro_reservoir,2030,2,243,243,193.44929034025182
4259,hydro_reservoir,2030,2,244,244,193.4315974110049
4260,hydro_reservoir,2030,2,245,245,193.54636258155165
4261,hydro_reservoir,2030,2,246,246,193.9654048613509
4262,hydro_reservoir,2030,2,247,247,194.0554695606009
4263,hydro_reservoir,2030,2,248,248,194.15778725711834
4264,hydro_reservoir,2030,2,249,249,193.70577290491514
4265,hydro_reservoir,2030,2,250,250,193.95574302934358
4266,hydro_reservoir,2030,2,251,251,194.35738365500782
4267,hydro_reservoir,2030,2,252,252,194.5229220690739
4268,hydro_reservoir,2030,2,253,253,194.94747025273355
4269,hydro_reservoir,2030,2,254,254,195.58915504841067
4270,hydro_reservoir,2030,2,255,255,195.7017905512871
4271,hydro_reservoir,2030,2,256,256,195.75502368424614
4272,hydro_reservoir,2030,2,257,257,195.28841542076773
4273,hydro_reservoir,2030,2,258,258,194.98494420986123
4274,hydro_reservoir,2030,2,259,259,195.11199273679304
4275,hydro_reservoir,2030,2,260,260,195.25784062760079
4276,hydro_reservoir,2030,2,261,261,195.00942693410687
4277,hydro_reservoir,2030,2,262,262,195.20745593219286
4278,hydro_reservoir,2030,2,263,263,195.850352613103
4279,hydro_reservoir,2030,2,264,264,195.6051167537848
4280,hydro_reservoir,2030,2,265,265,195.2024757356446
4281,hydro_reservoir,2030,2,266,266,195.2703185371653
4282,hydro_reservoir,2030,2,267,267,195.19969349100361
4283,hydro_reservoir,2030,2,268,268,195.32572521863622
4284,hydro_reservoir,2030,2,269,269,195.40126480228594
4285,hydro_reservoir,2030,2,270,270,195.52429941126744
4286,hydro_reservoir,2030,2,271,271,195.6476260090673
4287,hydro_reservoir,2030,2,272,272,195.7419515652703
4288,hydro_reservoir,2030,2,273,273,195.8652886704045
4289,hydro_reservoir,2030,2,274,274,195.89218604790597
4290,hydro_reservoir,2030,2,275,275,196.12535802256608
4291,hydro_reservoir,2030,2,276,276,196.38862583807975
4292,hydro_reservoir,2030,2,277,277,196.51265356576752
4293,hydro_reservoir,2030,2,278,278,196.71694663888908
4294,hydro_reservoir,2030,2,279,279,196.18684359357525
4295,hydro_reservoir,2030,2,280,280,196.47036858265724
4296,hydro_reservoir,2030,2,281,281,196.27730596782106
4297,hydro_reservoir,2030,2,282,282,196.28627925745909
4298,hydro_reservoir,2030,2,283,283,196.21606360138728
4299,hydro_reservoir,2030,2,284,284,196.9533027998926
4300,hydro_reservoir,2030,2,285,285,197.61716191819497
4301,hydro_reservoir,2030,2,286,286,198.15476602407708
4302,hydro_reservoir,2030,2,287,287,198.79893658461475
4303,hydro_reservoir,2030,2,288,288,199.08773008681482
4304,hydro_reservoir,2030,2,289,289,198.43176007766675
4305,hydro_reservoir,2030,2,290,290,197.95946752292582
4306,hydro_reservoir,2030,2,291,291,198.1083649188796
4307,hydro_reservoir,2030,2,292,292,198.29362356938503
4308,hydro_reservoir,2030,2,293,293,197.96966943397112
4309,hydro_reservoir,2030,2,294,294,198.1721312472841
4310,hydro_reservoir,2030,2,295,295,198.83627979286908
4311,hydro_reservoir,2030,2,296,296,199.2597436422161
4312,hydro_reservoir,2030,2,297,297,199.22769738956953
4313,hydro_reservoir,2030,2,298,298,199.61569095858627
4314,hydro_reservoir,2030,2,299,299,199.47292462533866
4315,hydro_reservoir,2030,2,300,300,200.07379823224903
4316,hydro_reservoir,2030,2,301,301,200.93165123605974
4317,hydro_reservoir,2030,2,302,302,201.73627766747728
4318,hydro_reservoir,2030,2,303,303,202.0865606568753
4319,hydro_reservoir,2030,2,304,304,201.31953913013436
4320,hydro_reservoir,2030,2,305,305,201.3848976502312
4321,hydro_reservoir,2030,2,306,306,201.3075692366872
4322,hydro_reservoir,2030,2,307,307,201.40063979293404
4323,hydro_reservoir,2030,2,308,308,201.51560519773912
4324,hydro_reservoir,2030,2,309,309,201.69390103296692
4325,hydro_reservoir,2030,2,310,310,201.81511695860576
4326,hydro_reservoir,2030,2,311,311,201.6471498564221
4327,hydro_reservoir,2030,2,312,312,202.5701197154974
4328,hydro_reservoir,2030,2,313,313,203.38013242526887
4329,hydro_reservoir,2030,2,314,314,204.38947783561133
4330,hydro_reservoir,2030,2,315,315,205.2455294828353
4331,hydro_reservoir,2030,2,316,316,205.34322549883095
4332,hydro_reservoir,2030,2,317,317,205.10124624351863
4333,hydro_reservoir,2030,2,318,318,205.31262641122856
4334,hydro_reservoir,2030,2,319,319,205.72122253071063
4335,hydro_reservoir,2030,2,320,320,205.6206804179018
4336,hydro_reservoir,2030,2,321,321,205.8073238867244
4337,hydro_reservoir,2030,2,322,322,204.76683268732285
4338,hydro_reservoir,2030,2,323,323,204.34423056553794
4339,hydro_reservoir,2030,2,324,324,203.97862917507402
4340,hydro_reservoir,2030,2,325,325,204.17802867288194
4341,hydro_reservoir,2030,2,326,326,204.05455173749013
4342,hydro_reservoir,2030,2,327,327,204.52315557639756
4343,hydro_reservoir,2030,2,328,328,203.59420171654526
4344,hydro_reservoir,2030,2,329,329,203.93259027400006
4345,hydro_reservoir,2030,2,330,330,203.67772204675748
4346,hydro_reservoir,2030,2,331,331,203.4503200026083
4347,hydro_reservoir,2030,2,332,332,203.8475556687523
4348,hydro_reservoir,2030,2,333,333,204.1148627188588
4349,hydro_reservoir,2030,2,334,334,204.03217315161803
4350,hydro_reservoir,2030,2,335,335,205.09802662853048
4351,hydro_reservoir,2030,2,336,336,205.7391467476433
4352,hydro_reservoir,2030,2,337,337,206.1042674508066
4353,hydro_reservoir,2030,2,338,338,205.44658448537922
4354,hydro_reservoir,2030,2,339,339,206.1578549269976
4355,hydro_reservoir,2030,2,340,340,206.65665887051597
4356,hydro_reservoir,2030,2,341,341,206.31501469853626
4357,hydro_reservoir,2030,2,342,342,207.8328204701399
4358,hydro_reservoir,2030,2,343,343,208.53126568729107
4359,hydro_reservoir,2030,2,344,344,208.1787583288089
4360,hydro_reservoir,2030,2,345,345,208.50184588632897
4361,hydro_reservoir,2030,2,346,346,208.33318567495184
4362,hydro_reservoir,2030,2,347,347,207.1887090380751
4363,hydro_reservoir,2030,2,348,348,206.47194235707994
4364,hydro_reservoir,2030,2,349,349,206.84010162486624
4365,hydro_reservoir,2030,2,350,350,207.19805209155902
4366,hydro_reservoir,2030,2,351,351,207.17848468084313
4367,hydro_reservoir,2030,2,352,352,202.88228486871586
4368,hydro_reservoir,2030,2,353,353,201.88248105637462
4369,hydro_reservoir,2030,2,354,354,201.4122970540287
4370,hydro_reservoir,2030,2,355,355,201.66090289636702
4371,hydro_reservoir,2030,2,356,356,202.04198795422963
4372,hydro_reservoir,2030,2,357,357,202.41298199272381
4373,hydro_reservoir,2030,2,358,358,202.67322433973274
4374,hydro_reservoir,2030,2,359,359,201.27020553672918
4375,hydro_reservoir,2030,2,360,360,202.0383816618315
4376,hydro_reservoir,2030,2,361,361,201.7480743702947
4377,hydro_reservoir,2030,2,362,362,201.49008525594127
4378,hydro_reservoir,2030,2,363,363,201.8613536825658
4379,hydro_reservoir,2030,2,364,364,202.2161003104882
4380,hydro_reservoir,2030,2,365,365,201.6
4381,hydro_reservoir,2030,3,1,1,201.59994335791075
4382,hydro_reservoir,2030,3,2,2,202.36738263894017
4383,hydro_reservoir,2030,3,3,3,203.17020748136454
4384,hydro_reservoir,2030,3,4,4,203.73076260138293
4385,hydro_reservoir,2030,3,5,5,204.16037408985974
4386,hydro_reservoir,2030,3,6,6,204.7478959848634
4387,hydro_reservoir,2030,3,7,7,204.44559385975842
4388,hydro_reservoir,2030,3,8,8,204.27040864605854
4389,hydro_reservoir,2030,3,9,9,203.55697860268833
4390,hydro_reservoir,2030,3,10,10,204.5369981103704
4391,hydro_reservoir,2030,3,11,11,204.98680043176867
4392,hydro_reservoir,2030,3,12,12,206.16264166351073
4393,hydro_reservoir,2030,3,13,13,206.76428808142913
4394,hydro_reservoir,2030,3,14,14,206.21764727721694
4395,hydro_reservoir,2030,3,15,15,206.9273226485174
4396,hydro_reservoir,2030,3,16,16,207.55305074040177
4397,hydro_reservoir,2030,3,17,17,207.72940779410672
4398,hydro_reservoir,2030,3,18,18,207.59194717059088
4399,hydro_reservoir,2030,3,19,19,208.28147736135836
4400,hydro_reservoir,2030,3,20,20,207.94674757898244
4401,hydro_reservoir,2030,3,21,21,208.76326846277428
4402,hydro_reservoir,2030,3,22,22,208.94934263907024
4403,hydro_reservoir,2030,3,23,23,208.26789209113744
4404,hydro_reservoir,2030,3,24,24,208.44098277991765
4405,hydro_reservoir,2030,3,25,25,208.60110445282587
4406,hydro_reservoir,2030,3,26,26,208.411969002795
4407,hydro_reservoir,2030,3,27,27,208.20467199949982
4408,hydro_reservoir,2030,3,28,28,206.91825737798501
4409,hydro_reservoir,2030,3,29,29,206.74073627850598
4410,hydro_reservoir,2030,3,30,30,206.6427026315753
4411,hydro_reservoir,2030,3,31,31,206.50870921628308
4412,hydro_reservoir,2030,3,32,32,206.52861666250288
4413,hydro_reservoir,2030,3,33,33,205.437206353369
4414,hydro_reservoir,2030,3,34,34,205.85319705788947
4415,hydro_reservoir,2030,3,35,35,206.49286719331732
4416,hydro_reservoir,2030,3,36,36,205.80513758743342
4417,hydro_reservoir,2030,3,37,37,206.0622723041642
4418,hydro_reservoir,2030,3,38,38,206.217035513003
4419,hydro_reservoir,2030,3,39,39,204.8579578191872
4420,hydro_reservoir,2030,3,40,40,204.98984331781566
4421,hydro_reservoir,2030,3,41,41,203.6955157789462
4422,hydro_reservoir,2030,3,42,42,203.94867657869233
4423,hydro_reservoir,2030,3,43,43,204.3459805660059
4424,hydro_reservoir,2030,3,44,44,204.47315664781095
4425,hydro_reservoir,2030,3,45,45,204.80296556042086
4426,hydro_reservoir,2030,3,46,46,205.03040505491214
4427,hydro_reservoir,2030,3,47,47,205.31182103195965
4428,hydro_reservoir,2030,3,48,48,204.8248479117756
4429,hydro_reservoir,2030,3,49,49,205.19823677889477
4430,hydro_reservoir,2030,3,50,50,205.49487092448442
4431,hydro_reservoir,2030,3,51,51,206.07675043748304
4432,hydro_reservoir,2030,3,52,52,207.121977983614
4433,hydro_reservoir,2030,3,53,53,207.2711044766279
4434,hydro_reservoir,2030,3,54,54,208.38045547296116
4435,hydro_reservoir,2030,3,55,55,208.4284123344234
4436,hydro_reservoir,2030,3,56,56,209.232964199132
4437,hydro_reservoir,2030,3,57,57,208.4357879672501
4438,hydro_reservoir,2030,3,58,58,208.3210392994795
4439,hydro_reservoir,2030,3,59,59,207.57951570307998
4440,hydro_reservoir,2030,3,60,60,208.6996810437159
4441,hydro_reservoir,2030,3,61,61,208.38870873442428
4442,hydro_reservoir,2030,3,62,62,209.34243116576494
4443,hydro_reservoir,2030,3,63,63,209.07865770449567
4444,hydro_reservoir,2030,3,64,64,209.66208327483224
4445,hydro_reservoir,2030,3,65,65,210.7474978013817
4446,hydro_reservoir,2030,3,66,66,210.49636498900423
4447,hydro_reservoir,2030,3,67,67,210.4565700167004
4448,hydro_reservoir,2030,3,68,68,211.33202989371568
4449,hydro_reservoir,2030,3,69,69,212.35549839683802
4450,hydro_reservoir,2030,3,70,70,211.9087877850487
4451,hydro_reservoir,2030,3,71,71,211.8068090485531
4452,hydro_reservoir,2030,3,72,72,211.71913764937813
4453,hydro_reservoir,2030,3,73,73,212.18109784156675
4454,hydro_reservoir,2030,3,74,74,212.71871633888153
4455,hydro_reservoir,2030,3,75,75,213.1052847757898
4456,hydro_reservoir,2030,3,76,76,212.64647804737592
4457,hydro_reservoir,2030,3,77,77,213.63464686439232
4458,hydro_reservoir,2030,3,78,78,214.11499618444714
4459,hydro_reservoir,2030,3,79,79,214.00889394907142
4460,hydro_reservoir,2030,3,80,80,214.21491819312266
4461,hydro_reservoir,2030,3,81,81,214.31151531147074
4462,hydro_reservoir,2030,3,82,82,214.0346589781151
4463,hydro_reservoir,2030,3,83,83,214.35080473455562
4464,hydro_reservoir,2030,3,84,84,214.0233324770804
4465,hydro_reservoir,2030,3,85,85,213.63732119866188
4466,hydro_reservoir,2030,3,86,86,213.60258051043397
4467,hydro_reservoir,2030,3,87,87,213.10539673243153
4468,hydro_reservoir,2030,3,88,88,212.84811681301255
4469,hydro_reservoir,2030,3,89,89,212.88176300614177
4470,hydro_reservoir,2030,3,90,90,213.07946541908942
4471,hydro_reservoir,2030,3,91,91,212.94885296631307
4472,hydro_reservoir,2030,3,92,92,212.86362236688393
4473,hydro_reservoir,2030,3,93,93,212.89986869051194
4474,hydro_reservoir,2030,3,94,94,212.89488211403662
4475,hydro_reservoir,2030,3,95,95,213.06703230977703
4476,hydro_reservoir,2030,3,96,96,213.33730760512356
4477,hydro_reservoir,2030,3,97,97,213.35858112447036
4478,hydro_reservoir,2030,3,98,98,213.29777590637713
4479,hydro_reservoir,2030,3,99,99,213.11186397362286
4480,hydro_reservoir,2030,3,100,100,213.18679392801255
4481,hydro_reservoir,2030,3,101,101,213.5542987293681
4482,hydro_reservoir,2030,3,102,102,213.7214893316618
4483,hydro_reservoir,2030,3,103,103,213.64101446775283
4484,hydro_reservoir,2030,3,104,104,213.4964168877976
4485,hydro_reservoir,2030,3,105,105,213.99477079610992
4486,hydro_reservoir,2030,3,106,106,214.03037672277998
4487,hydro_reservoir,2030,3,107,107,212.21780906800262
4488,hydro_reservoir,2030,3,108,108,212.4306023663651
4489,hydro_reservoir,2030,3,109,109,212.38354800068305
4490,hydro_reservoir,2030,3,110,110,212.25475658127291
4491,hydro_reservoir,2030,3,111,111,212.3420039613288
4492,hydro_reservoir,2030,3,112,112,212.06293650727102
4493,hydro_reservoir,2030,3,113,113,211.47765597831815
4494,hydro_reservoir,2030,3,114,114,210.87026529132623
4495,hydro_reservoir,2030,3,115,115,211.6835001592345
4496,hydro_reservoir,2030,3,116,116,211.40414435692702
4497,hydro_reservoir,2030,3,117,117,211.8393130155055
4498,hydro_reservoir,2030,3,118,118,211.07433675915107
4499,hydro_reservoir,2030,3,119,119,211.31235285253018
4500,hydro_reservoir,2030,3,120,120,212.36937882413855
4501,hydro_reservoir,2030,3,121,121,213.16391291666685
4502,hydro_reservoir,2030,3,122,122,213.75254664602573
4503,hydro_reservoir,2030,3,123,123,214.18897116276938
4504,hydro_reservoir,2030,3,124,124,214.31867415618763
4505,hydro_reservoir,2030,3,125,125,214.16001041764497
4506,hydro_reservoir,2030,3,126,126,214.05506470675434
4507,hydro_reservoir,2030,3,127,127,213.96568313883526
4508,hydro_reservoir,2030,3,128,128,213.96165869916842
4509,hydro_reservoir,2030,3,129,129,213.22674189628353
4510,hydro_reservoir,2030,3,130,130,213.34568515795345
4511,hydro_reservoir,2030,3,131,131,213.2542375515388
4512,hydro_reservoir,2030,3,132,132,212.51811422950973
4513,hydro_reservoir,2030,3,133,133,212.59438205617678
4514,hydro_reservoir,2030,3,134,134,212.6303771114268
4515,hydro_reservoir,2030,3,135,135,212.43305797869806
4516,hydro_reservoir,2030,3,136,136,211.92950400295246
4517,hydro_reservoir,2030,3,137,137,212.03435258523547
4518,hydro_reservoir,2030,3,138,138,212.7021867461967
4519,hydro_reservoir,2030,3,139,139,212.7805246362395
4520,hydro_reservoir,2030,3,140,140,212.47987248063723
4521,hydro_reservoir,2030,3,141,141,212.4823197879008
4522,hydro_reservoir,2030,3,142,142,212.54846479495058
4523,hydro_reservoir,2030,3,143,143,211.21991735520544
4524,hydro_reservoir,2030,3,144,144,210.12596107083033
4525,hydro_reservoir,2030,3,145,145,210.07915485967078
4526,hydro_reservoir,2030,3,146,146,210.07769484147522
4527,hydro_reservoir,2030,3,147,147,210.10647675088785
4528,hydro_reservoir,2030,3,148,148,210.11551030190316
4529,hydro_reservoir,2030,3,149,149,210.16975335163605
4530,hydro_reservoir,2030,3,150,150,210.45926626497575
4531,hydro_reservoir,2030,3,151,151,210.29316146016706
4532,hydro_reservoir,2030,3,152,152,209.94182793441755
4533,hydro_reservoir,2030,3,153,153,208.1097481697898
4534,hydro_reservoir,2030,3,154,154,208.15881121818893
4535,hydro_reservoir,2030,3,155,155,207.33321093660922
4536,hydro_reservoir,2030,3,156,156,207.62010245678965
4537,hydro_reservoir,2030,3,157,157,207.52316143420938
4538,hydro_reservoir,2030,3,158,158,207.16073347164186
4539,hydro_reservoir,2030,3,159,159,206.63283426069788
4540,hydro_reservoir,2030,3,160,160,206.67523932122836
4541,hydro_reservoir,2030,3,161,161,206.27080464005525
4542,hydro_reservoir,2030,3,162,162,205.2220002940848
4543,hydro_reservoir,2030,3,163,163,204.67154041660743
4544,hydro_reservoir,2030,3,164,164,205.1605770452113
4545,hydro_reservoir,2030,3,165,165,205.09341502839357
4546,hydro_reservoir,2030,3,166,166,205.11418600506988
4547,hydro_reservoir,2030,3,167,167,205.25006158753504
4548,hydro_reservoir,2030,3,168,168,205.41696049815545
4549,hydro_reservoir,2030,3,169,169,205.76866612392212
4550,hydro_reservoir,2030,3,170,170,205.12675029094743
4551,hydro_reservoir,2030,3,171,171,204.63312506494367
4552,hydro_reservoir,2030,3,172,172,204.66270226287716
4553,hydro_reservoir,2030,3,173,173,203.03416151503174
4554,hydro_reservoir,2030,3,174,174,203.05734937818795
4555,hydro_reservoir,2030,3,175,175,202.9428026747392
4556,hydro_reservoir,2030,3,176,176,201.91736188687784
4557,hydro_reservoir,2030,3,177,177,201.8417417793874
4558,hydro_reservoir,2030,3,178,178,201.835040211212
4559,hydro_reservoir,2030,3,179,179,201.8450973985081
4560,hydro_reservoir,2030,3,180,180,201.83601658875202
4561,hydro_reservoir,2030,3,181,181,199.67379698443926
4562,hydro_reservoir,2030,3,182,182,199.41017948495107
4563,hydro_reservoir,2030,3,183,183,198.81636764668144
4564,hydro_reservoir,2030,3,184,184,198.8364571113786
4565,hydro_reservoir,2030,3,185,185,198.83685538533211
4566,hydro_reservoir,2030,3,186,186,199.03421001968755
4567,hydro_reservoir,2030,3,187,187,199.00532182591058
4568,hydro_reservoir,2030,3,188,188,198.0145448672124
4569,hydro_reservoir,2030,3,189,189,198.15302708340792
4570,hydro_reservoir,2030,3,190,190,197.55754842489299
4571,hydro_reservoir,2030,3,191,191,196.91790258702588
4572,hydro_reservoir,2030,3,192,192,197.01128114807722
4573,hydro_reservoir,2030,3,193,193,196.35901660450278
4574,hydro_reservoir,2030,3,194,194,195.41981431855027
4575,hydro_reservoir,2030,3,195,195,194.40356223027158
4576,hydro_reservoir,2030,3,196,196,193.3724899369291
4577,hydro_reservoir,2030,3,197,197,192.65193033265828
4578,hydro_reservoir,2030,3,198,198,193.07317300637487
4579,hydro_reservoir,2030,3,199,199,192.48649111948407
4580,hydro_reservoir,2030,3,200,200,192.96629352946667
4581,hydro_reservoir,2030,3,201,201,192.63095685445026
4582,hydro_reservoir,2030,3,202,202,193.16533088935043
4583,hydro_reservoir,2030,3,203,203,193.62110796902954
4584,hydro_reservoir,2030,3,204,204,194.27012509645226
4585,hydro_reservoir,2030,3,205,205,194.7267350706885
4586,hydro_reservoir,2030,3,206,206,194.9876351920461
4587,hydro_reservoir,2030,3,207,207,195.67369917797302
4588,hydro_reservoir,2030,3,208,208,195.52263798199
4589,hydro_reservoir,2030,3,209,209,194.87790646473903
4590,hydro_reservoir,2030,3,210,210,194.42415998072795
4591,hydro_reservoir,2030,3,211,211,193.96564625780886
4592,hydro_reservoir,2030,3,212,212,193.9830455382229
4593,hydro_reservoir,2030,3,213,213,193.85844797310597
4594,hydro_reservoir,2030,3,214,214,193.747988388996
4595,hydro_reservoir,2030,3,215,215,193.79559895736887
4596,hydro_reservoir,2030,3,216,216,194.13497468596094
4597,hydro_reservoir,2030,3,217,217,193.42903907922266
4598,hydro_reservoir,2030,3,218,218,192.92913901274073
4599,hydro_reservoir,2030,3,219,219,193.44834573943916
4600,hydro_reservoir,2030,3,220,220,193.43322359880955
4601,hydro_reservoir,2030,3,221,221,192.43686101961168
4602,hydro_reservoir,2030,3,222,222,191.7532666401878
4603,hydro_reservoir,2030,3,223,223,191.87914127422812
4604,hydro_reservoir,2030,3,224,224,191.86706841270393
4605,hydro_reservoir,2030,3,225,225,191.6608707409759
4606,hydro_reservoir,2030,3,226,226,190.90716424612577
4607,hydro_reservoir,2030,3,227,227,190.87921388946089
4608,hydro_reservoir,2030,3,228,228,190.51480363014286
4609,hydro_reservoir,2030,3,229,229,190.74984717984296
4610,hydro_reservoir,2030,3,230,230,191.13420292304045
4611,hydro_reservoir,2030,3,231,231,190.94013927759062
4612,hydro_reservoir,2030,3,232,232,191.4790701933798
4613,hydro_reservoir,2030,3,233,233,192.180904589709
4614,hydro_reservoir,2030,3,234,234,192.38946919515357
4615,hydro_reservoir,2030,3,235,235,192.9104715477973
4616,hydro_reservoir,2030,3,236,236,193.25376842080792
4617,hydro_reservoir,2030,3,237,237,193.22728901401527
4618,hydro_reservoir,2030,3,238,238,193.0716542326042
4619,hydro_reservoir,2030,3,239,239,192.45304212288653
4620,hydro_reservoir,2030,3,240,240,192.91963636753212
4621,hydro_reservoir,2030,3,241,241,193.35291792043506
4622,hydro_reservoir,2030,3,242,242,193.90466436506506
4623,hydro_reservoir,2030,3,243,243,193.88269940579914
4624,hydro_reservoir,2030,3,244,244,194.60668634734117
4625,hydro_reservoir,2030,3,245,245,193.84344165137443
4626,hydro_reservoir,2030,3,246,246,192.59293537640508
4627,hydro_reservoir,2030,3,247,247,192.22655102610497
4628,hydro_reservoir,2030,3,248,248,192.1884305328808
4629,hydro_reservoir,2030,3,249,249,191.6203776901206
4630,hydro_reservoir,2030,3,250,250,192.17550498419203
4631,hydro_reservoir,2030,3,251,251,192.92047852916556
4632,hydro_reservoir,2030,3,252,252,192.86756124856618
4633,hydro_reservoir,2030,3,253,253,192.81464567210557
4634,hydro_reservoir,2030,3,254,254,193.11768785284121
4635,hydro_reservoir,2030,3,255,255,193.6247944863289
4636,hydro_reservoir,2030,3,256,256,193.29248552136724
4637,hydro_reservoir,2030,3,257,257,193.27192007825292
4638,hydro_reservoir,2030,3,258,258,193.04925626056155
4639,hydro_reservoir,2030,3,259,259,193.21190480631938
4640,hydro_reservoir,2030,3,260,260,193.24878770543478
4641,hydro_reservoir,2030,3,261,261,192.23224744126935
4642,hydro_reservoir,2030,3,262,262,192.63350524685322
4643,hydro_reservoir,2030,3,263,263,192.00730995231726
4644,hydro_reservoir,2030,3,264,264,191.76449720399918
4645,hydro_reservoir,2030,3,265,265,192.08266154393874
4646,hydro_reservoir,2030,3,266,266,192.02978185460262
4647,hydro_reservoir,2030,3,267,267,192.55943418467663
4648,hydro_reservoir,2030,3,268,268,193.19217485626754
4649,hydro_reservoir,2030,3,269,269,193.1483426512871
4650,hydro_reservoir,2030,3,270,270,193.25596968717534
4651,hydro_reservoir,2030,3,271,271,192.9560444496531
4652,hydro_reservoir,2030,3,272,272,193.5547261902268
4653,hydro_reservoir,2030,3,273,273,193.35953886502926
4654,hydro_reservoir,2030,3,274,274,192.72956998719172
4655,hydro_reservoir,2030,3,275,275,193.240349892559
4656,hydro_reservoir,2030,3,276,276,193.39228625723356
4657,hydro_reservoir,2030,3,277,277,193.20973126323818
4658,hydro_reservoir,2030,3,278,278,193.39756186309714
4659,hydro_reservoir,2030,3,279,279,193.15210759685453
4660,hydro_reservoir,2030,3,280,280,193.41899146334003
4661,hydro_reservoir,2030,3,281,281,193.41912317028343
4662,hydro_reservoir,2030,3,282,282,193.32973616834025
4663,hydro_reservoir,2030,3,283,283,193.71701967203512
4664,hydro_reservoir,2030,3,284,284,193.41655793121635
4665,hydro_reservoir,2030,3,285,285,192.96727723742887
4666,hydro_reservoir,2030,3,286,286,192.9152310586261
4667,hydro_reservoir,2030,3,287,287,192.38205292688332
4668,hydro_reservoir,2030,3,288,288,192.38500151514543
4669,hydro_reservoir,2030,3,289,289,192.2586169354383
4670,hydro_reservoir,2030,3,290,290,192.85119166186897
4671,hydro_reservoir,2030,3,291,291,193.03705956813783
4672,hydro_reservoir,2030,3,292,292,193.5688061049803
4673,hydro_reservoir,2030,3,293,293,193.57004497000116
4674,hydro_reservoir,2030,3,294,294,193.05236845660767
4675,hydro_reservoir,2030,3,295,295,193.31623197358178
4676,hydro_reservoir,2030,3,296,296,193.24472627719157
4677,hydro_reservoir,2030,3,297,297,193.0088325877447
4678,hydro_reservoir,2030,3,298,298,192.71547170325198
4679,hydro_reservoir,2030,3,299,299,192.47858968367936
4680,hydro_reservoir,2030,3,300,300,192.29779409119948
4681,hydro_reservoir,2030,3,301,301,191.7755704060281
4682,hydro_reservoir,2030,3,302,302,192.0027646286227
4683,hydro_reservoir,2030,3,303,303,191.66185244382382
4684,hydro_reservoir,2030,3,304,304,191.48836143697278
4685,hydro_reservoir,2030,3,305,305,191.57136820006806
4686,hydro_reservoir,2030,3,306,306,191.47727359446836
4687,hydro_reservoir,2030,3,307,307,191.40558979175938
4688,hydro_reservoir,2030,3,308,308,191.33368270757236
4689,hydro_reservoir,2030,3,309,309,191.5947708445394
4690,hydro_reservoir,2030,3,310,310,191.6912308859783
4691,hydro_reservoir,2030,3,311,311,191.61145542125445
4692,hydro_reservoir,2030,3,312,312,191.68630610138814
4693,hydro_reservoir,2030,3,313,313,191.5015897757168
4694,hydro_reservoir,2030,3,314,314,191.43618168691322
4695,hydro_reservoir,2030,3,315,315,191.39445230460365
4696,hydro_reservoir,2030,3,316,316,191.19088254892256
4697,hydro_reservoir,2030,3,317,317,190.5638902306544
4698,hydro_reservoir,2030,3,318,318,190.8701168336115
4699,hydro_reservoir,2030,3,319,319,190.72840554707352
4700,hydro_reservoir,2030,3,320,320,190.8120632261884
4701,hydro_reservoir,2030,3,321,321,191.4278310854564
4702,hydro_reservoir,2030,3,322,322,191.29794641648346
4703,hydro_reservoir,2030,3,323,323,191.1428888865117
4704,hydro_reservoir,2030,3,324,324,190.6009674190987
4705,hydro_reservoir,2030,3,325,325,191.15452984828698
4706,hydro_reservoir,2030,3,326,326,191.39309779237783
4707,hydro_reservoir,2030,3,327,327,191.62685100812467
4708,hydro_reservoir,2030,3,328,328,191.5468587252732
4709,hydro_reservoir,2030,3,329,329,191.6622729441637
4710,hydro_reservoir,2030,3,330,330,191.7753852577078
4711,hydro_reservoir,2030,3,331,331,192.0622440493951
4712,hydro_reservoir,2030,3,332,332,192.5452548726259
4713,hydro_reservoir,2030,3,333,333,191.83814833871082
4714,hydro_reservoir,2030,3,334,334,192.5290294115665
4715,hydro_reservoir,2030,3,335,335,192.585558878954
4716,hydro_reservoir,2030,3,336,336,192.99051389123935
4717,hydro_reservoir,2030,3,337,337,192.64983840293175
4718,hydro_reservoir,2030,3,338,338,192.86713913865555
4719,hydro_reservoir,2030,3,339,339,193.26319459236694
4720,hydro_reservoir,2030,3,340,340,193.50953940164882
4721,hydro_reservoir,2030,3,341,341,193.6969685586189
4722,hydro_reservoir,2030,3,342,342,193.5621239620619
4723,hydro_reservoir,2030,3,343,343,194.08264980862305
4724,hydro_reservoir,2030,3,344,344,194.48827243861754
4725,hydro_reservoir,2030,3,345,345,195.0203662756675
4726,hydro_reservoir,2030,3,346,346,195.6462101890833
4727,hydro_reservoir,2030,3,347,347,196.8199205398634
4728,hydro_reservoir,2030,3,348,348,197.590329999543
4729,hydro_reservoir,2030,3,349,349,196.76235385038535
4730,hydro_reservoir,2030,3,350,350,196.72631427125498
4731,hydro_reservoir,2030,3,351,351,197.28815172031742
4732,hydro_reservoir,2030,3,352,352,198.2952151862963
4733,hydro_reservoir,2030,3,353,353,199.28115391277402
4734,hydro_reservoir,2030,3,354,354,197.4956841164727
4735,hydro_reservoir,2030,3,355,355,198.47215073910814
4736,hydro_reservoir,2030,3,356,356,198.14725513802074
4737,hydro_reservoir,2030,3,357,357,197.74043429671735
4738,hydro_reservoir,2030,3,358,358,196.49399608277386
4739,hydro_reservoir,2030,3,359,359,196.62995867711928
4740,hydro_reservoir,2030,3,360,360,196.8694434159966
4741,hydro_reservoir,2030,3,361,361,196.7534237374221
4742,hydro_reservoir,2030,3,362,362,198.02595470903356
4743,hydro_reservoir,2030,3,363,363,199.49842172849876
4744,hydro_reservoir,2030,3,364,364,200.4851309778427
4745,hydro_reservoir,2030,3,365,365,201.6
4746,hydro_reservoir,2030,4,1,1,202.89155745359002
4747,hydro_reservoir,2030,4,2,2,204.18627225670005
4748,hydro_reservoir,2030,4,3,3,205.40780270538934
4749,hydro_reservoir,2030,4,4,4,206.9021302546599
4750,hydro_reservoir,2030,4,5,5,208.07385940167967
4751,hydro_reservoir,2030,4,6,6,209.34681609063463
4752,hydro_reservoir,2030,4,7,7,210.70323160600552
4753,hydro_reservoir,2030,4,8,8,212.0313928037157
4754,hydro_reservoir,2030,4,9,9,213.3073923295429
4755,hydro_reservoir,2030,4,10,10,214.31104031939546
4756,hydro_reservoir,2030,4,11,11,215.99378718890023
4757,hydro_reservoir,2030,4,12,12,217.66419755502545
4758,hydro_reservoir,2030,4,13,13,219.1969713005007
4759,hydro_reservoir,2030,4,14,14,220.09246945615814
4760,hydro_reservoir,2030,4,15,15,220.81712749894513
4761,hydro_reservoir,2030,4,16,16,221.13086939111648
4762,hydro_reservoir,2030,4,17,17,222.25480468941348
4763,hydro_reservoir,2030,4,18,18,223.5626960536798
4764,hydro_reservoir,2030,4,19,19,224.34314475150737
4765,hydro_reservoir,2030,4,20,20,225.7105010318624
4766,hydro_reservoir,2030,4,21,21,226.71958171890702
4767,hydro_reservoir,2030,4,22,22,227.24013334901878
4768,hydro_reservoir,2030,4,23,23,227.40285294081485
4769,hydro_reservoir,2030,4,24,24,228.52615087876126
4770,hydro_reservoir,2030,4,25,25,228.93558414008118
4771,hydro_reservoir,2030,4,26,26,229.0986879959454
4772,hydro_reservoir,2030,4,27,27,229.4657546130371
4773,hydro_reservoir,2030,4,28,28,229.79623333056983
4774,hydro_reservoir,2030,4,29,29,230.20520569529285
4775,hydro_reservoir,2030,4,30,30,230.96201634242126
4776,hydro_reservoir,2030,4,31,31,232.5392328091746
4777,hydro_reservoir,2030,4,32,32,234.1225863165079
4778,hydro_reservoir,2030,4,33,33,235.0182613142091
4779,hydro_reservoir,2030,4,34,34,235.3579536944716
4780,hydro_reservoir,2030,4,35,35,236.7134516601539
4781,hydro_reservoir,2030,4,36,36,237.25972841500706
4782,hydro_reservoir,2030,4,37,37,238.53744787926848
4783,hydro_reservoir,2030,4,38,38,238.75727636442323
4784,hydro_reservoir,2030,4,39,39,239.04814086300146
4785,hydro_reservoir,2030,4,40,40,239.28895061455574
4786,hydro_reservoir,2030,4,41,41,239.44374506703699
4787,hydro_reservoir,2030,4,42,42,240.32502426357402
4788,hydro_reservoir,2030,4,43,43,241.40249371021812
4789,hydro_reservoir,2030,4,44,44,242.2426321755438
4790,hydro_reservoir,2030,4,45,45,242.23097009621546
4791,hydro_reservoir,2030,4,46,46,243.5400105095874
4792,hydro_reservoir,2030,4,47,47,244.47917366624696
4793,hydro_reservoir,2030,4,48,48,244.5044775433033
4794,hydro_reservoir,2030,4,49,49,245.116050180919
4795,hydro_reservoir,2030,4,50,50,246.2111233234205
4796,hydro_reservoir,2030,4,51,51,247.0729765019159
4797,hydro_reservoir,2030,4,52,52,248.03165569094534
4798,hydro_reservoir,2030,4,53,53,248.52409446115053
4799,hydro_reservoir,2030,4,54,54,248.71732081178124
4800,hydro_reservoir,2030,4,55,55,248.92797886275682
4801,hydro_reservoir,2030,4,56,56,249.0901480786641
4802,hydro_reservoir,2030,4,57,57,249.29168924134925
4803,hydro_reservoir,2030,4,58,58,249.39764822812913
4804,hydro_reservoir,2030,4,59,59,249.6339209060189
4805,hydro_reservoir,2030,4,60,60,249.79976357866406
4806,hydro_reservoir,2030,4,61,61,249.85490315128004
4807,hydro_reservoir,2030,4,62,62,250.49760566468248
4808,hydro_reservoir,2030,4,63,63,250.50086731372036
4809,hydro_reservoir,2030,4,64,64,250.7618752910877
4810,hydro_reservoir,2030,4,65,65,251.12425572593403
4811,hydro_reservoir,2030,4,66,66,251.73232927200945
4812,hydro_reservoir,2030,4,67,67,252.03002241112824
4813,hydro_reservoir,2030,4,68,68,251.93614549303967
4814,hydro_reservoir,2030,4,69,69,252.2881129615309
4815,hydro_reservoir,2030,4,70,70,252.70532397405253
4816,hydro_reservoir,2030,4,71,71,252.8869199651205
4817,hydro_reservoir,2030,4,72,72,252.9461785865458
4818,hydro_reservoir,2030,4,73,73,252.96450503621548
4819,hydro_reservoir,2030,4,74,74,253.0630353550484
4820,hydro_reservoir,2030,4,75,75,253.19762698212907
4821,hydro_reservoir,2030,4,76,76,253.48613160482142
4822,hydro_reservoir,2030,4,77,77,254.6686981070347
4823,hydro_reservoir,2030,4,78,78,255.64111421309173
4824,hydro_reservoir,2030,4,79,79,256.70930299429176
4825,hydro_reservoir,2030,4,80,80,257.7470489831412
4826,hydro_reservoir,2030,4,81,81,258.69726273373624
4827,hydro_reservoir,2030,4,82,82,259.7694763957241
4828,hydro_reservoir,2030,4,83,83,260.26330950675265
4829,hydro_reservoir,2030,4,84,84,261.4427507121507
4830,hydro_reservoir,2030,4,85,85,262.2935710555346
4831,hydro_reservoir,2030,4,86,86,262.04757652071714
4832,hydro_reservoir,2030,4,87,87,262.10798595168814
4833,hydro_reservoir,2030,4,88,88,261.91796480140226
4834,hydro_reservoir,2030,4,89,89,261.9694181306372
4835,hydro_reservoir,2030,4,90,90,262.16669851806495
4836,hydro_reservoir,2030,4,91,91,261.9026775729796
4837,hydro_reservoir,2030,4,92,92,262.11026185672404
4838,hydro_reservoir,2030,4,93,93,261.3199618692858
4839,hydro_reservoir,2030,4,94,94,261.1057288180272
4840,hydro_reservoir,2030,4,95,95,260.9005818424971
4841,hydro_reservoir,2030,4,96,96,260.88237220424054
4842,hydro_reservoir,2030,4,97,97,260.98702783656086
4843,hydro_reservoir,2030,4,98,98,260.3663366364044
4844,hydro_reservoir,2030,4,99,99,260.3510308614436
4845,hydro_reservoir,2030,4,100,100,259.571518417551
4846,hydro_reservoir,2030,4,101,101,259.68051607922285
4847,hydro_reservoir,2030,4,102,102,259.399226481455
4848,hydro_reservoir,2030,4,103,103,259.9188203575261
4849,hydro_reservoir,2030,4,104,104,259.8033722222651
4850,hydro_reservoir,2030,4,105,105,259.0912222610226
4851,hydro_reservoir,2030,4,106,106,259.13279963233947
4852,hydro_reservoir,2030,4,107,107,259.4637878470357
4853,hydro_reservoir,2030,4,108,108,259.338499077374
4854,hydro_reservoir,2030,4,109,109,259.46265717376747
4855,hydro_reservoir,2030,4,110,110,260.05607325189766
4856,hydro_reservoir,2030,4,111,111,260.59592893867904
4857,hydro_reservoir,2030,4,112,112,260.6060107033346
4858,hydro_reservoir,2030,4,113,113,260.6565960561698
4859,hydro_reservoir,2030,4,114,114,260.64767496767456
4860,hydro_reservoir,2030,4,115,115,260.4750724887514
4861,hydro_reservoir,2030,4,116,116,260.4392949268487
4862,hydro_reservoir,2030,4,117,117,260.9139021028272
4863,hydro_reservoir,2030,4,118,118,261.0892063428803
4864,hydro_reservoir,2030,4,119,119,260.36265625155846
4865,hydro_reservoir,2030,4,120,120,259.3667193173547
4866,hydro_reservoir,2030,4,121,121,259.5726767508566
4867,hydro_reservoir,2030,4,122,122,260.53352331170316
4868,hydro_reservoir,2030,4,123,123,261.31739159211776
4869,hydro_reservoir,2030,4,124,124,260.99802711124516
4870,hydro_reservoir,2030,4,125,125,259.8338724188933
4871,hydro_reservoir,2030,4,126,126,259.7465218960359
4872,hydro_reservoir,2030,4,127,127,258.99669880467707
4873,hydro_reservoir,2030,4,128,128,257.95400782564076
4874,hydro_reservoir,2030,4,129,129,256.9243874667936
4875,hydro_reservoir,2030,4,130,130,256.4205818810848
4876,hydro_reservoir,2030,4,131,131,256.71884188523353
4877,hydro_reservoir,2030,4,132,132,256.77456042000284
4878,hydro_reservoir,2030,4,133,133,256.6949336776839
4879,hydro_reservoir,2030,4,134,134,255.8199536735033
4880,hydro_reservoir,2030,4,135,135,255.01848068858155
4881,hydro_reservoir,2030,4,136,136,255.56372182142587
4882,hydro_reservoir,2030,4,137,137,255.35706863969372
4883,hydro_reservoir,2030,4,138,138,255.1628580994857
4884,hydro_reservoir,2030,4,139,139,255.33529061642722
4885,hydro_reservoir,2030,4,140,140,255.68120448612436
4886,hydro_reservoir,2030,4,141,141,255.7628082361555
4887,hydro_reservoir,2030,4,142,142,256.25591129803513
4888,hydro_reservoir,2030,4,143,143,256.23162780910104
4889,hydro_reservoir,2030,4,144,144,256.52974465257745
4890,hydro_reservoir,2030,4,145,145,256.5666654973202
4891,hydro_reservoir,2030,4,146,146,255.66824252601495
4892,hydro_reservoir,2030,4,147,147,255.34488380156125
4893,hydro_reservoir,2030,4,148,148,253.5861298161183
4894,hydro_reservoir,2030,4,149,149,251.53749460346606
4895,hydro_reservoir,2030,4,150,150,249.60117549544057
4896,hydro_reservoir,2030,4,151,151,248.510413352707
4897,hydro_reservoir,2030,4,152,152,248.40300773648764
4898,hydro_reservoir,2030,4,153,153,247.07088879934872
4899,hydro_reservoir,2030,4,154,154,246.06105616189566
4900,hydro_reservoir,2030,4,155,155,245.25812896430364
4901,hydro_reservoir,2030,4,156,156,245.06449487051006
4902,hydro_reservoir,2030,4,157,157,244.89512532913363
4903,hydro_reservoir,2030,4,158,158,243.71395327776455
4904,hydro_reservoir,2030,4,159,159,242.99756682957135
4905,hydro_reservoir,2030,4,160,160,243.32344877839898
4906,hydro_reservoir,2030,4,161,161,243.60481638541523
4907,hydro_reservoir,2030,4,162,162,242.5924397884206
4908,hydro_reservoir,2030,4,163,163,240.92473204863518
4909,hydro_reservoir,2030,4,164,164,240.40629680366874
4910,hydro_reservoir,2030,4,165,165,240.84165499802367
4911,hydro_reservoir,2030,4,166,166,240.91104567840594
4912,hydro_reservoir,2030,4,167,167,239.73484274457152
4913,hydro_reservoir,2030,4,168,168,239.54124329363586
4914,hydro_reservoir,2030,4,169,169,239.4915960711781
4915,hydro_reservoir,2030,4,170,170,238.64865535821158
4916,hydro_reservoir,2030,4,171,171,238.35612182256187
4917,hydro_reservoir,2030,4,172,172,238.25265233444705
4918,hydro_reservoir,2030,4,173,173,238.05684171860895
4919,hydro_reservoir,2030,4,174,174,236.45882806233956
4920,hydro_reservoir,2030,4,175,175,236.3052317334881
4921,hydro_reservoir,2030,4,176,176,236.77339329235377
4922,hydro_reservoir,2030,4,177,177,236.66758097324794
4923,hydro_reservoir,2030,4,178,178,235.4459058839053
4924,hydro_reservoir,2030,4,179,179,235.2559144566918
4925,hydro_reservoir,2030,4,180,180,235.09008309014797
4926,hydro_reservoir,2030,4,181,181,234.943867196916
4927,hydro_reservoir,2030,4,182,182,234.82347727400517
4928,hydro_reservoir,2030,4,183,183,232.63343855254453
4929,hydro_reservoir,2030,4,184,184,232.25380444549708
4930,hydro_reservoir,2030,4,185,185,231.76721183636857
4931,hydro_reservoir,2030,4,186,186,231.13629557332982
4932,hydro_reservoir,2030,4,187,187,230.3062181759037
4933,hydro_reservoir,2030,4,188,188,229.0698844692346
4934,hydro_reservoir,2030,4,189,189,227.67945261545492
4935,hydro_reservoir,2030,4,190,190,227.62117221602747
4936,hydro_reservoir,2030,4,191,191,227.79464931495085
4937,hydro_reservoir,2030,4,192,192,227.27112409218768
4938,hydro_reservoir,2030,4,193,193,227.0573300644239
4939,hydro_reservoir,2030,4,194,194,226.71151207871154
4940,hydro_reservoir,2030,4,195,195,227.02484250473125
4941,hydro_reservoir,2030,4,196,196,226.5295282524592
4942,hydro_reservoir,2030,4,197,197,226.10664645413874
4943,hydro_reservoir,2030,4,198,198,226.07668345591173
4944,hydro_reservoir,2030,4,199,199,226.53735723412845
4945,hydro_reservoir,2030,4,200,200,226.7656983382936
4946,hydro_reservoir,2030,4,201,201,227.08406449390208
4947,hydro_reservoir,2030,4,202,202,227.0792269724463
4948,hydro_reservoir,2030,4,203,203,226.86520180376928
4949,hydro_reservoir,2030,4,204,204,226.23201651523266
4950,hydro_reservoir,2030,4,205,205,226.55534216836412
4951,hydro_reservoir,2030,4,206,206,225.59158745527822
4952,hydro_reservoir,2030,4,207,207,224.2782645544127
4953,hydro_reservoir,2030,4,208,208,222.96587597149193
4954,hydro_reservoir,2030,4,209,209,222.7867255126217
4955,hydro_reservoir,2030,4,210,210,221.82860887789025
4956,hydro_reservoir,2030,4,211,211,222.34150036055712
4957,hydro_reservoir,2030,4,212,212,221.94135468516177
4958,hydro_reservoir,2030,4,213,213,221.82985656719336
4959,hydro_reservoir,2030,4,214,214,221.80949700985332
4960,hydro_reservoir,2030,4,215,215,221.881220282768
4961,hydro_reservoir,2030,4,216,216,221.75051240407046
4962,hydro_reservoir,2030,4,217,217,221.95408432501094
4963,hydro_reservoir,2030,4,218,218,222.02220717061044
4964,hydro_reservoir,2030,4,219,219,221.59844384430346
4965,hydro_reservoir,2030,4,220,220,220.54708820007386
4966,hydro_reservoir,2030,4,221,221,220.71407401028662
4967,hydro_reservoir,2030,4,222,222,221.16152499462405
4968,hydro_reservoir,2030,4,223,223,221.44214605453948
4969,hydro_reservoir,2030,4,224,224,221.66101967937698
4970,hydro_reservoir,2030,4,225,225,221.62083048765493
4971,hydro_reservoir,2030,4,226,226,220.751871744322
4972,hydro_reservoir,2030,4,227,227,219.6962661184286
4973,hydro_reservoir,2030,4,228,228,219.36443643628533
4974,hydro_reservoir,2030,4,229,229,218.40808466198652
4975,hydro_reservoir,2030,4,230,230,218.41998616160225
4976,hydro_reservoir,2030,4,231,231,217.9540563956387
4977,hydro_reservoir,2030,4,232,232,218.6412383983896
4978,hydro_reservoir,2030,4,233,233,218.0214093896182
4979,hydro_reservoir,2030,4,234,234,217.00315201196472
4980,hydro_reservoir,2030,4,235,235,215.91399775791723
4981,hydro_reservoir,2030,4,236,236,214.7797512598401
4982,hydro_reservoir,2030,4,237,237,213.46113076583583
4983,hydro_reservoir,2030,4,238,238,212.85642446792673
4984,hydro_reservoir,2030,4,239,239,212.25043506285627
4985,hydro_reservoir,2030,4,240,240,211.91581470710312
4986,hydro_reservoir,2030,4,241,241,210.64058785211577
4987,hydro_reservoir,2030,4,242,242,210.39290510260136
4988,hydro_reservoir,2030,4,243,243,210.41190913890458
4989,hydro_reservoir,2030,4,244,244,209.89780873858516
4990,hydro_reservoir,2030,4,245,245,208.79482994364477
4991,hydro_reservoir,2030,4,246,246,207.59764086826422
4992,hydro_reservoir,2030,4,247,247,206.36663885618037
4993,hydro_reservoir,2030,4,248,248,205.07394419175745
4994,hydro_reservoir,2030,4,249,249,203.45464574535174
4995,hydro_reservoir,2030,4,250,250,203.6735204090698
4996,hydro_reservoir,2030,4,251,251,202.66373143449545
4997,hydro_reservoir,2030,4,252,252,201.64090671709099
4998,hydro_reservoir,2030,4,253,253,201.47470801060635
4999,hydro_reservoir,2030,4,254,254,200.7074228253687
5000,hydro_reservoir,2030,4,255,255,199.02961540558277
5001,hydro_reservoir,2030,4,256,256,199.10218560475323
5002,hydro_reservoir,2030,4,257,257,198.22364388543951
5003,hydro_reservoir,2030,4,258,258,198.48668529948534
5004,hydro_reservoir,2030,4,259,259,198.85751469557462
5005,hydro_reservoir,2030,4,260,260,199.246843849506
5006,hydro_reservoir,2030,4,261,261,199.27684213537742
5007,hydro_reservoir,2030,4,262,262,199.6296910847805
5008,hydro_reservoir,2030,4,263,263,199.72017246865985
5009,hydro_reservoir,2030,4,264,264,200.06566440991324
5010,hydro_reservoir,2030,4,265,265,200.50576926699696
5011,hydro_reservoir,2030,4,266,266,200.65894404340307
5012,hydro_reservoir,2030,4,267,267,200.44613729102792
5013,hydro_reservoir,2030,4,268,268,200.6604915595525
5014,hydro_reservoir,2030,4,269,269,199.73452157264003
5015,hydro_reservoir,2030,4,270,270,200.3570956519977
5016,hydro_reservoir,2030,4,271,271,200.44889988927036
5017,hydro_reservoir,2030,4,272,272,200.18638218460939
5018,hydro_reservoir,2030,4,273,273,200.50404947101077
5019,hydro_reservoir,2030,4,274,274,199.76063070372405
5020,hydro_reservoir,2030,4,275,275,199.91382614587383
5021,hydro_reservoir,2030,4,276,276,200.20740154439235
5022,hydro_reservoir,2030,4,277,277,200.62760989306975
5023,hydro_reservoir,2030,4,278,278,200.81005553420556
5024,hydro_reservoir,2030,4,279,279,200.4920314035749
5025,hydro_reservoir,2030,4,280,280,200.92655011787085
5026,hydro_reservoir,2030,4,281,281,201.3747526584494
5027,hydro_reservoir,2030,4,282,282,201.86051964347388
5028,hydro_reservoir,2030,4,283,283,202.51229520747626
5029,hydro_reservoir,2030,4,284,284,201.38019972771286
5030,hydro_reservoir,2030,4,285,285,201.35971200437962
5031,hydro_reservoir,2030,4,286,286,200.9141203275563
5032,hydro_reservoir,2030,4,287,287,200.49161316888333
5033,hydro_reservoir,2030,4,288,288,199.64586949768676
5034,hydro_reservoir,2030,4,289,289,199.78672526730315
5035,hydro_reservoir,2030,4,290,290,199.76038718704078
5036,hydro_reservoir,2030,4,291,291,199.69017885583426
5037,hydro_reservoir,2030,4,292,292,199.55235451294232
5038,hydro_reservoir,2030,4,293,293,199.49296035741287
5039,hydro_reservoir,2030,4,294,294,199.2913660466282
5040,hydro_reservoir,2030,4,295,295,199.36967158044115
5041,hydro_reservoir,2030,4,296,296,199.24218089127436
5042,hydro_reservoir,2030,4,297,297,199.13940145121802
5043,hydro_reservoir,2030,4,298,298,199.25322918415432
5044,hydro_reservoir,2030,4,299,299,197.0421606132132
5045,hydro_reservoir,2030,4,300,300,196.5021390675247
5046,hydro_reservoir,2030,4,301,301,196.69609247945024
5047,hydro_reservoir,2030,4,302,302,196.78728179128626
5048,hydro_reservoir,2030,4,303,303,196.90512576593312
5049,hydro_reservoir,2030,4,304,304,197.15445969175076
5050,hydro_reservoir,2030,4,305,305,197.30081575030897
5051,hydro_reservoir,2030,4,306,306,196.7150447290489
5052,hydro_reservoir,2030,4,307,307,195.7291135362201
5053,hydro_reservoir,2030,4,308,308,195.7862716738057
5054,hydro_reservoir,2030,4,309,309,195.10447835568044
5055,hydro_reservoir,2030,4,310,310,193.8142061788411
5056,hydro_reservoir,2030,4,311,311,193.86282258059612
5057,hydro_reservoir,2030,4,312,312,193.90393315273735
5058,hydro_reservoir,2030,4,313,313,194.08164487883852
5059,hydro_reservoir,2030,4,314,314,194.26270265587436
5060,hydro_reservoir,2030,4,315,315,193.6086939414831
5061,hydro_reservoir,2030,4,316,316,192.70538213595677
5062,hydro_reservoir,2030,4,317,317,192.86596208403176
5063,hydro_reservoir,2030,4,318,318,192.2972987300688
5064,hydro_reservoir,2030,4,319,319,192.6117528686358
5065,hydro_reservoir,2030,4,320,320,192.68913248613302
5066,hydro_reservoir,2030,4,321,321,192.42880797612094
5067,hydro_reservoir,2030,4,322,322,192.22781850714068
5068,hydro_reservoir,2030,4,323,323,192.29601392840283
5069,hydro_reservoir,2030,4,324,324,191.47108488698785
5070,hydro_reservoir,2030,4,325,325,191.1050725683733
5071,hydro_reservoir,2030,4,326,326,191.4865099216341
5072,hydro_reservoir,2030,4,327,327,191.74808894287435
5073,hydro_reservoir,2030,4,328,328,192.30624482736894
5074,hydro_reservoir,2030,4,329,329,192.77981395466168
5075,hydro_reservoir,2030,4,330,330,192.8098698979165
5076,hydro_reservoir,2030,4,331,331,192.93455487784158
5077,hydro_reservoir,2030,4,332,332,193.0254195962937
5078,hydro_reservoir,2030,4,333,333,192.87221694140982
5079,hydro_reservoir,2030,4,334,334,192.23588526338474
5080,hydro_reservoir,2030,4,335,335,192.1414609074116
5081,hydro_reservoir,2030,4,336,336,192.42754950869363
5082,hydro_reservoir,2030,4,337,337,192.60769441945254
5083,hydro_reservoir,2030,4,338,338,192.85957259344096
5084,hydro_reservoir,2030,4,339,339,193.59598051817514
5085,hydro_reservoir,2030,4,340,340,192.1395539241109
5086,hydro_reservoir,2030,4,341,341,190.96139543687258
5087,hydro_reservoir,2030,4,342,342,191.23251834173456
5088,hydro_reservoir,2030,4,343,343,191.369622140876
5089,hydro_reservoir,2030,4,344,344,191.44088085516714
5090,hydro_reservoir,2030,4,345,345,191.9228363803535
5091,hydro_reservoir,2030,4,346,346,192.24999741750136
5092,hydro_reservoir,2030,4,347,347,192.20455828818774
5093,hydro_reservoir,2030,4,348,348,191.8861390177108
5094,hydro_reservoir,2030,4,349,349,191.61445799542687
5095,hydro_reservoir,2030,4,350,350,190.57031140760367
5096,hydro_reservoir,2030,4,351,351,190.93161299205389
5097,hydro_reservoir,2030,4,352,352,192.28912445273244
5098,hydro_reservoir,2030,4,353,353,193.81279607101135
5099,hydro_reservoir,2030,4,354,354,193.727564888006
5100,hydro_reservoir,2030,4,355,355,194.33710320012207
5101,hydro_reservoir,2030,4,356,356,195.0883444669864
5102,hydro_reservoir,2030,4,357,357,195.0862161135551
5103,hydro_reservoir,2030,4,358,358,195.19923113164313
5104,hydro_reservoir,2030,4,359,359,195.39522571260196
5105,hydro_reservoir,2030,4,360,360,195.58674632817733
5106,hydro_reservoir,2030,4,361,361,196.84370299352304
5107,hydro_reservoir,2030,4,362,362,198.1547872914677
5108,hydro_reservoir,2030,4,363,363,198.54513933514735
5109,hydro_reservoir,2030,4,364,364,199.9502957152753
5110,hydro_reservoir,2030,4,365,365,201.6
5111,hydro_reservoir,2030,5,1,1,202.6612273607726
5112,hydro_reservoir,2030,5,2,2,201.7198685909086
5113,hydro_reservoir,2030,5,3,3,202.14732834004263
5114,hydro_reservoir,2030,5,4,4,201.75305641381755
5115,hydro_reservoir,2030,5,5,5,203.0970351111406
5116,hydro_reservoir,2030,5,6,6,204.27794152907464
5117,hydro_reservoir,2030,5,7,7,205.81091629673898
5118,hydro_reservoir,2030,5,8,8,205.97960973725196
5119,hydro_reservoir,2030,5,9,9,206.5330573789615
5120,hydro_reservoir,2030,5,10,10,205.6723135986954
5121,hydro_reservoir,2030,5,11,11,206.14604069258516
5122,hydro_reservoir,2030,5,12,12,205.95823393420972
5123,hydro_reservoir,2030,5,13,13,205.70102891573444
5124,hydro_reservoir,2030,5,14,14,205.47348963005683
5125,hydro_reservoir,2030,5,15,15,205.28081458682692
5126,hydro_reservoir,2030,5,16,16,205.10686662842176
5127,hydro_reservoir,2030,5,17,17,204.9088611903635
5128,hydro_reservoir,2030,5,18,18,204.37061819508432
5129,hydro_reservoir,2030,5,19,19,205.1288201460702
5130,hydro_reservoir,2030,5,20,20,204.39029126091265
5131,hydro_reservoir,2030,5,21,21,204.9388961070646
5132,hydro_reservoir,2030,5,22,22,206.00977382309682
5133,hydro_reservoir,2030,5,23,23,207.30418564520568
5134,hydro_reservoir,2030,5,24,24,207.38488750965996
5135,hydro_reservoir,2030,5,25,25,207.55219817832685
5136,hydro_reservoir,2030,5,26,26,208.48351144623686
5137,hydro_reservoir,2030,5,27,27,208.16877283289313
5138,hydro_reservoir,2030,5,28,28,207.8239423855233
5139,hydro_reservoir,2030,5,29,29,209.0363868515772
5140,hydro_reservoir,2030,5,30,30,208.4772782650885
5141,hydro_reservoir,2030,5,31,31,209.18756018968136
5142,hydro_reservoir,2030,5,32,32,210.11334468030753
5143,hydro_reservoir,2030,5,33,33,211.6693710521595
5144,hydro_reservoir,2030,5,34,34,213.21047906283025
5145,hydro_reservoir,2030,5,35,35,214.42950554974786
5146,hydro_reservoir,2030,5,36,36,215.46418825218012
5147,hydro_reservoir,2030,5,37,37,216.41297048130184
5148,hydro_reservoir,2030,5,38,38,216.58939217201564
5149,hydro_reservoir,2030,5,39,39,218.17471153770776
5150,hydro_reservoir,2030,5,40,40,218.69248481114425
5151,hydro_reservoir,2030,5,41,41,219.69420569397698
5152,hydro_reservoir,2030,5,42,42,221.2712422742225
5153,hydro_reservoir,2030,5,43,43,221.94771910344198
5154,hydro_reservoir,2030,5,44,44,221.77475631301309
5155,hydro_reservoir,2030,5,45,45,221.7159140982094
5156,hydro_reservoir,2030,5,46,46,222.77028451450371
5157,hydro_reservoir,2030,5,47,47,224.0142562600846
5158,hydro_reservoir,2030,5,48,48,225.55969338179312
5159,hydro_reservoir,2030,5,49,49,226.31159595888943
5160,hydro_reservoir,2030,5,50,50,226.81317576983287
5161,hydro_reservoir,2030,5,51,51,224.9619841864089
5162,hydro_reservoir,2030,5,52,52,225.967850441136
5163,hydro_reservoir,2030,5,53,53,224.8038219337409
5164,hydro_reservoir,2030,5,54,54,224.91929766993923
5165,hydro_reservoir,2030,5,55,55,223.91322144547655
5166,hydro_reservoir,2030,5,56,56,224.66569305181187
5167,hydro_reservoir,2030,5,57,57,224.35021780262718
5168,hydro_reservoir,2030,5,58,58,224.20247173875396
5169,hydro_reservoir,2030,5,59,59,223.75584384869111
5170,hydro_reservoir,2030,5,60,60,222.58860715895153
5171,hydro_reservoir,2030,5,61,61,222.23078353119553
5172,hydro_reservoir,2030,5,62,62,222.0208081230617
5173,hydro_reservoir,2030,5,63,63,222.0273781428399
5174,hydro_reservoir,2030,5,64,64,222.11532352772156
5175,hydro_reservoir,2030,5,65,65,222.10124704301947
5176,hydro_reservoir,2030,5,66,66,222.183456262726
5177,hydro_reservoir,2030,5,67,67,222.19480019274633
5178,hydro_reservoir,2030,5,68,68,221.99891318860764
5179,hydro_reservoir,2030,5,69,69,221.84807130517837
5180,hydro_reservoir,2030,5,70,70,221.8303463904765
5181,hydro_reservoir,2030,5,71,71,221.10359676600123
5182,hydro_reservoir,2030,5,72,72,221.86950831952214
5183,hydro_reservoir,2030,5,73,73,220.08606422617288
5184,hydro_reservoir,2030,5,74,74,220.3261320146012
5185,hydro_reservoir,2030,5,75,75,220.87857718441643
5186,hydro_reservoir,2030,5,76,76,221.53361603104526
5187,hydro_reservoir,2030,5,77,77,222.43981136384485
5188,hydro_reservoir,2030,5,78,78,222.7557447753283
5189,hydro_reservoir,2030,5,79,79,223.926032160592
5190,hydro_reservoir,2030,5,80,80,224.77937845754312
5191,hydro_reservoir,2030,5,81,81,225.8090726318892
5192,hydro_reservoir,2030,5,82,82,226.79752450529068
5193,hydro_reservoir,2030,5,83,83,227.19724142664407
5194,hydro_reservoir,2030,5,84,84,228.6231191272365
5195,hydro_reservoir,2030,5,85,85,229.4529873739146
5196,hydro_reservoir,2030,5,86,86,229.7914690399027
5197,hydro_reservoir,2030,5,87,87,229.025374321041
5198,hydro_reservoir,2030,5,88,88,228.47792496798678
5199,hydro_reservoir,2030,5,89,89,228.9141457943768
5200,hydro_reservoir,2030,5,90,90,229.25043731540023
5201,hydro_reservoir,2030,5,91,91,229.68955915856972
5202,hydro_reservoir,2030,5,92,92,230.31497400187388
5203,hydro_reservoir,2030,5,93,93,231.56157396807106
5204,hydro_reservoir,2030,5,94,94,232.46255399245229
5205,hydro_reservoir,2030,5,95,95,233.72190951665416
5206,hydro_reservoir,2030,5,96,96,233.56109142978158
5207,hydro_reservoir,2030,5,97,97,233.49771218214556
5208,hydro_reservoir,2030,5,98,98,232.96118593709056
5209,hydro_reservoir,2030,5,99,99,233.08635736867154
5210,hydro_reservoir,2030,5,100,100,233.28897847507372
5211,hydro_reservoir,2030,5,101,101,233.2670599597546
5212,hydro_reservoir,2030,5,102,102,233.4611800471411
5213,hydro_reservoir,2030,5,103,103,232.1630004566033
5214,hydro_reservoir,2030,5,104,104,232.01943006810646
5215,hydro_reservoir,2030,5,105,105,231.4436760755355
5216,hydro_reservoir,2030,5,106,106,230.24714935054104
5217,hydro_reservoir,2030,5,107,107,229.3632659483435
5218,hydro_reservoir,2030,5,108,108,229.6159392059635
5219,hydro_reservoir,2030,5,109,109,229.7167356465111
5220,hydro_reservoir,2030,5,110,110,227.01989014401045
5221,hydro_reservoir,2030,5,111,111,227.18519480173154
5222,hydro_reservoir,2030,5,112,112,226.4239526469667
5223,hydro_reservoir,2030,5,113,113,226.3130587377804
5224,hydro_reservoir,2030,5,114,114,226.11828071242786
5225,hydro_reservoir,2030,5,115,115,225.9662412525377
5226,hydro_reservoir,2030,5,116,116,225.5002656619935
5227,hydro_reservoir,2030,5,117,117,224.89460180953435
5228,hydro_reservoir,2030,5,118,118,224.73393890557665
5229,hydro_reservoir,2030,5,119,119,225.12234014903163
5230,hydro_reservoir,2030,5,120,120,222.35492892838136
5231,hydro_reservoir,2030,5,121,121,222.30702607697216
5232,hydro_reservoir,2030,5,122,122,221.86081820823796
5233,hydro_reservoir,2030,5,123,123,221.49750039879387
5234,hydro_reservoir,2030,5,124,124,220.30600969504874
5235,hydro_reservoir,2030,5,125,125,220.10381146132661
5236,hydro_reservoir,2030,5,126,126,220.316297678776
5237,hydro_reservoir,2030,5,127,127,218.7603325401784
5238,hydro_reservoir,2030,5,128,128,219.43974372960972
5239,hydro_reservoir,2030,5,129,129,219.7184981429812
5240,hydro_reservoir,2030,5,130,130,219.3573471439017
5241,hydro_reservoir,2030,5,131,131,219.04685982632077
5242,hydro_reservoir,2030,5,132,132,218.3486739924411
5243,hydro_reservoir,2030,5,133,133,217.5155963415469
5244,hydro_reservoir,2030,5,134,134,216.9769437958289
5245,hydro_reservoir,2030,5,135,135,215.86175745059188
5246,hydro_reservoir,2030,5,136,136,216.08742077085313
5247,hydro_reservoir,2030,5,137,137,216.1580294614323
5248,hydro_reservoir,2030,5,138,138,215.7123980121655
5249,hydro_reservoir,2030,5,139,139,215.14781130241778
5250,hydro_reservoir,2030,5,140,140,214.0131703874814
5251,hydro_reservoir,2030,5,141,141,213.94556883139566
5252,hydro_reservoir,2030,5,142,142,214.16611113705014
5253,hydro_reservoir,2030,5,143,143,213.18071108148789
5254,hydro_reservoir,2030,5,144,144,213.3192869270936
5255,hydro_reservoir,2030,5,145,145,212.70861291849877
5256,hydro_reservoir,2030,5,146,146,212.31006640375526
5257,hydro_reservoir,2030,5,147,147,212.56533092393923
5258,hydro_reservoir,2030,5,148,148,211.9972465183708
5259,hydro_reservoir,2030,5,149,149,211.75217347122512
5260,hydro_reservoir,2030,5,150,150,211.37270031453565
5261,hydro_reservoir,2030,5,151,151,211.2328802188092
5262,hydro_reservoir,2030,5,152,152,210.9205555614975
5263,hydro_reservoir,2030,5,153,153,210.89039504604915
5264,hydro_reservoir,2030,5,154,154,210.634615466743
5265,hydro_reservoir,2030,5,155,155,211.08630769542873
5266,hydro_reservoir,2030,5,156,156,211.36211959050323
5267,hydro_reservoir,2030,5,157,157,210.7117357995698
5268,hydro_reservoir,2030,5,158,158,211.04674889199515
5269,hydro_reservoir,2030,5,159,159,211.32908374863098
5270,hydro_reservoir,2030,5,160,160,212.2101358228632
5271,hydro_reservoir,2030,5,161,161,212.4557158022811
5272,hydro_reservoir,2030,5,162,162,211.85727597539818
5273,hydro_reservoir,2030,5,163,163,212.04449782654316
5274,hydro_reservoir,2030,5,164,164,212.24905948058864
5275,hydro_reservoir,2030,5,165,165,212.40807405481286
5276,hydro_reservoir,2030,5,166,166,212.62002750967483
5277,hydro_reservoir,2030,5,167,167,211.5634751926803
5278,hydro_reservoir,2030,5,168,168,211.15637685739287
5279,hydro_reservoir,2030,5,169,169,211.38571538083772
5280,hydro_reservoir,2030,5,170,170,211.5889675271069
5281,hydro_reservoir,2030,5,171,171,211.73615245443176
5282,hydro_reservoir,2030,5,172,172,211.21100074253172
5283,hydro_reservoir,2030,5,173,173,211.13904678125246
5284,hydro_reservoir,2030,5,174,174,211.5270704940808
5285,hydro_reservoir,2030,5,175,175,211.5548443308402
5286,hydro_reservoir,2030,5,176,176,211.32345880515297
5287,hydro_reservoir,2030,5,177,177,211.37589282070948
5288,hydro_reservoir,2030,5,178,178,211.3531070260402
5289,hydro_reservoir,2030,5,179,179,210.76703244608282
5290,hydro_reservoir,2030,5,180,180,210.63662729924806
5291,hydro_reservoir,2030,5,181,181,210.1281858878728
5292,hydro_reservoir,2030,5,182,182,210.61270198358795
5293,hydro_reservoir,2030,5,183,183,209.63711149351954
5294,hydro_reservoir,2030,5,184,184,209.83701871419203
5295,hydro_reservoir,2030,5,185,185,208.87966708119365
5296,hydro_reservoir,2030,5,186,186,208.9787268437086
5297,hydro_reservoir,2030,5,187,187,209.18151868489798
5298,hydro_reservoir,2030,5,188,188,207.90178549587958
5299,hydro_reservoir,2030,5,189,189,208.23384977769945
5300,hydro_reservoir,2030,5,190,190,208.00433708063102
5301,hydro_reservoir,2030,5,191,191,207.59876714024855
5302,hydro_reservoir,2030,5,192,192,207.65832169358075
5303,hydro_reservoir,2030,5,193,193,207.7246975025619
5304,hydro_reservoir,2030,5,194,194,207.6194497209459
5305,hydro_reservoir,2030,5,195,195,207.78145857714486
5306,hydro_reservoir,2030,5,196,196,207.902415875244
5307,hydro_reservoir,2030,5,197,197,208.4594866056321
5308,hydro_reservoir,2030,5,198,198,209.28872570746321
5309,hydro_reservoir,2030,5,199,199,209.4824347222924
5310,hydro_reservoir,2030,5,200,200,209.07064647847466
5311,hydro_reservoir,2030,5,201,201,209.2972135520829
5312,hydro_reservoir,2030,5,202,202,209.39498247732112
5313,hydro_reservoir,2030,5,203,203,208.34431025575975
5314,hydro_reservoir,2030,5,204,204,208.83637084556364
5315,hydro_reservoir,2030,5,205,205,209.07446407603658
5316,hydro_reservoir,2030,5,206,206,208.4618076067299
5317,hydro_reservoir,2030,5,207,207,208.0315718051867
5318,hydro_reservoir,2030,5,208,208,207.95459857768114
5319,hydro_reservoir,2030,5,209,209,207.90668339323787
5320,hydro_reservoir,2030,5,210,210,208.10231155132692
5321,hydro_reservoir,2030,5,211,211,208.159152228773
5322,hydro_reservoir,2030,5,212,212,208.2963842944582
5323,hydro_reservoir,2030,5,213,213,208.25222759795824
5324,hydro_reservoir,2030,5,214,214,207.40384099964845
5325,hydro_reservoir,2030,5,215,215,206.6990122203991
5326,hydro_reservoir,2030,5,216,216,206.84634077271835
5327,hydro_reservoir,2030,5,217,217,207.01931391952465
5328,hydro_reservoir,2030,5,218,218,207.26713996959106
5329,hydro_reservoir,2030,5,219,219,207.5136706657099
5330,hydro_reservoir,2030,5,220,220,207.67971269952028
5331,hydro_reservoir,2030,5,221,221,207.69288352904465
5332,hydro_reservoir,2030,5,222,222,207.76602220772213
5333,hydro_reservoir,2030,5,223,223,207.95293478137864
5334,hydro_reservoir,2030,5,224,224,208.04361859299132
5335,hydro_reservoir,2030,5,225,225,208.19441255528807
5336,hydro_reservoir,2030,5,226,226,207.91112478743463
5337,hydro_reservoir,2030,5,227,227,207.891698391848
5338,hydro_reservoir,2030,5,228,228,208.1183758294971
5339,hydro_reservoir,2030,5,229,229,207.90073619445317
5340,hydro_reservoir,2030,5,230,230,207.33382014994305
5341,hydro_reservoir,2030,5,231,231,207.52626528573268
5342,hydro_reservoir,2030,5,232,232,207.61982088424026
5343,hydro_reservoir,2030,5,233,233,207.84360705550012
5344,hydro_reservoir,2030,5,234,234,208.0459486103456
5345,hydro_reservoir,2030,5,235,235,208.27986940580257
5346,hydro_reservoir,2030,5,236,236,206.77710241917316
5347,hydro_reservoir,2030,5,237,237,207.5330705527049
5348,hydro_reservoir,2030,5,238,238,207.65403087082302
5349,hydro_reservoir,2030,5,239,239,207.38968948852877
5350,hydro_reservoir,2030,5,240,240,206.75522350692177
5351,hydro_reservoir,2030,5,241,241,206.01956870364828
5352,hydro_reservoir,2030,5,242,242,205.89597472109202
5353,hydro_reservoir,2030,5,243,243,205.67711209712508
5354,hydro_reservoir,2030,5,244,244,205.4858555063567
5355,hydro_reservoir,2030,5,245,245,205.60727928818557
5356,hydro_reservoir,2030,5,246,246,205.66904777568774
5357,hydro_reservoir,2030,5,247,247,205.21498174690453
5358,hydro_reservoir,2030,5,248,248,204.90413575203266
5359,hydro_reservoir,2030,5,249,249,205.0566028431496
5360,hydro_reservoir,2030,5,250,250,205.5743498688189
5361,hydro_reservoir,2030,5,251,251,205.85751827310438
5362,hydro_reservoir,2030,5,252,252,204.5642094545437
5363,hydro_reservoir,2030,5,253,253,204.6676857526379
5364,hydro_reservoir,2030,5,254,254,203.77020303599284
5365,hydro_reservoir,2030,5,255,255,204.30691179715782
5366,hydro_reservoir,2030,5,256,256,205.2651564754202
5367,hydro_reservoir,2030,5,257,257,205.41722254307834
5368,hydro_reservoir,2030,5,258,258,205.4341239283726
5369,hydro_reservoir,2030,5,259,259,204.89422288915574
5370,hydro_reservoir,2030,5,260,260,205.5748053899175
5371,hydro_reservoir,2030,5,261,261,205.41598224702653
5372,hydro_reservoir,2030,5,262,262,204.6853613643182
5373,hydro_reservoir,2030,5,263,263,204.66326027741314
5374,hydro_reservoir,2030,5,264,264,204.5983117960508
5375,hydro_reservoir,2030,5,265,265,203.9424931375052
5376,hydro_reservoir,2030,5,266,266,203.17791295438766
5377,hydro_reservoir,2030,5,267,267,203.27360779609387
5378,hydro_reservoir,2030,5,268,268,203.3127351973023
5379,hydro_reservoir,2030,5,269,269,203.10394016976082
5380,hydro_reservoir,2030,5,270,270,202.6012258503277
5381,hydro_reservoir,2030,5,271,271,202.39682560809007
5382,hydro_reservoir,2030,5,272,272,202.60778316904035
5383,hydro_reservoir,2030,5,273,273,202.2939147902391
5384,hydro_reservoir,2030,5,274,274,203.01279822692663
5385,hydro_reservoir,2030,5,275,275,203.35244653550012
5386,hydro_reservoir,2030,5,276,276,203.49275619088053
5387,hydro_reservoir,2030,5,277,277,203.68554866959573
5388,hydro_reservoir,2030,5,278,278,203.69684646066568
5389,hydro_reservoir,2030,5,279,279,203.2383688636238
5390,hydro_reservoir,2030,5,280,280,203.07639517456218
5391,hydro_reservoir,2030,5,281,281,203.05427756747676
5392,hydro_reservoir,2030,5,282,282,202.81291033703795
5393,hydro_reservoir,2030,5,283,283,202.22439361575107
5394,hydro_reservoir,2030,5,284,284,202.38421497431145
5395,hydro_reservoir,2030,5,285,285,202.76498094603878
5396,hydro_reservoir,2030,5,286,286,202.72682412668001
5397,hydro_reservoir,2030,5,287,287,201.84441090365286
5398,hydro_reservoir,2030,5,288,288,202.4875933909197
5399,hydro_reservoir,2030,5,289,289,202.09702871258435
5400,hydro_reservoir,2030,5,290,290,202.65318245338227
5401,hydro_reservoir,2030,5,291,291,202.86421428044181
5402,hydro_reservoir,2030,5,292,292,202.2516896304559
5403,hydro_reservoir,2030,5,293,293,201.98917619202086
5404,hydro_reservoir,2030,5,294,294,201.28499780935698
5405,hydro_reservoir,2030,5,295,295,201.33868882880924
5406,hydro_reservoir,2030,5,296,296,200.96416075774417
5407,hydro_reservoir,2030,5,297,297,200.91643660315765
5408,hydro_reservoir,2030,5,298,298,200.97206639978418
5409,hydro_reservoir,2030,5,299,299,200.12191238163655
5410,hydro_reservoir,2030,5,300,300,200.25581311328847
5411,hydro_reservoir,2030,5,301,301,199.9341506065843
5412,hydro_reservoir,2030,5,302,302,200.53571554941314
5413,hydro_reservoir,2030,5,303,303,201.43153896806228
5414,hydro_reservoir,2030,5,304,304,202.296382246109
5415,hydro_reservoir,2030,5,305,305,202.36197504887602
5416,hydro_reservoir,2030,5,306,306,202.5778357707497
5417,hydro_reservoir,2030,5,307,307,203.5282180014142
5418,hydro_reservoir,2030,5,308,308,203.58342255969742
5419,hydro_reservoir,2030,5,309,309,203.2643090494843
5420,hydro_reservoir,2030,5,310,310,202.904511555038
5421,hydro_reservoir,2030,5,311,311,202.65397772786432
5422,hydro_reservoir,2030,5,312,312,202.54674437085035
5423,hydro_reservoir,2030,5,313,313,201.78144022787578
5424,hydro_reservoir,2030,5,314,314,201.23571793818724
5425,hydro_reservoir,2030,5,315,315,201.13070840404652
5426,hydro_reservoir,2030,5,316,316,201.2326030490814
5427,hydro_reservoir,2030,5,317,317,200.9720975771488
5428,hydro_reservoir,2030,5,318,318,200.76712685950062
5429,hydro_reservoir,2030,5,319,319,199.8212475443931
5430,hydro_reservoir,2030,5,320,320,200.26413010720574
5431,hydro_reservoir,2030,5,321,321,200.51967418977176
5432,hydro_reservoir,2030,5,322,322,200.69040253652403
5433,hydro_reservoir,2030,5,323,323,200.7174032108355
5434,hydro_reservoir,2030,5,324,324,200.6516098591518
5435,hydro_reservoir,2030,5,325,325,200.64284222650204
5436,hydro_reservoir,2030,5,326,326,200.57535607136643
5437,hydro_reservoir,2030,5,327,327,200.5120164637175
5438,hydro_reservoir,2030,5,328,328,199.98481138906564
5439,hydro_reservoir,2030,5,329,329,199.66207353898128
5440,hydro_reservoir,2030,5,330,330,199.2548679778982
5441,hydro_reservoir,2030,5,331,331,199.27779085689963
5442,hydro_reservoir,2030,5,332,332,198.32212523433614
5443,hydro_reservoir,2030,5,333,333,198.80135755774882
5444,hydro_reservoir,2030,5,334,334,199.42991562333913
5445,hydro_reservoir,2030,5,335,335,198.46847527301102
5446,hydro_reservoir,2030,5,336,336,199.03446715808954
5447,hydro_reservoir,2030,5,337,337,200.11717305446672
5448,hydro_reservoir,2030,5,338,338,201.12149985632746
5449,hydro_reservoir,2030,5,339,339,201.4215090262599
5450,hydro_reservoir,2030,5,340,340,201.37796607824208
5451,hydro_reservoir,2030,5,341,341,200.64324645876437
5452,hydro_reservoir,2030,5,342,342,201.36434489758557
5453,hydro_reservoir,2030,5,343,343,202.25330493434907
5454,hydro_reservoir,2030,5,344,344,202.65234541598747
5455,hydro_reservoir,2030,5,345,345,202.41550927826654
5456,hydro_reservoir,2030,5,346,346,201.7506774357808
5457,hydro_reservoir,2030,5,347,347,202.7325659606702
5458,hydro_reservoir,2030,5,348,348,203.92725248242792
5459,hydro_reservoir,2030,5,349,349,204.3476783535811
5460,hydro_reservoir,2030,5,350,350,204.0278302785815
5461,hydro_reservoir,2030,5,351,351,203.96028601082202
5462,hydro_reservoir,2030,5,352,352,205.0828058291492
5463,hydro_reservoir,2030,5,353,353,204.92317266673604
5464,hydro_reservoir,2030,5,354,354,204.74388485896577
5465,hydro_reservoir,2030,5,355,355,202.31239740808988
5466,hydro_reservoir,2030,5,356,356,203.35397583415278
5467,hydro_reservoir,2030,5,357,357,204.05719917920055
5468,hydro_reservoir,2030,5,358,358,204.31778584741772
5469,hydro_reservoir,2030,5,359,359,203.56166079094254
5470,hydro_reservoir,2030,5,360,360,203.80417003280388
5471,hydro_reservoir,2030,5,361,361,202.50875862706303
5472,hydro_reservoir,2030,5,362,362,202.88303166273585
5473,hydro_reservoir,2030,5,363,363,201.94158059861786
5474,hydro_reservoir,2030,5,364,364,202.30505703649817
5475,hydro_reservoir,2030,5,365,365,201.6
5476,hydro_reservoir,2030,6,1,1,201.40429108842673
5477,hydro_reservoir,2030,6,2,2,201.99526501098893
5478,hydro_reservoir,2030,6,3,3,202.10519018783526
5479,hydro_reservoir,2030,6,4,4,201.68762516675105
5480,hydro_reservoir,2030,6,5,5,200.648732593887
5481,hydro_reservoir,2030,6,6,6,200.1796667431898
5482,hydro_reservoir,2030,6,7,7,200.8251753564213
5483,hydro_reservoir,2030,6,8,8,201.24919602758703
5484,hydro_reservoir,2030,6,9,9,201.9600377560313
5485,hydro_reservoir,2030,6,10,10,202.5913723956073
5486,hydro_reservoir,2030,6,11,11,203.12843099125192
5487,hydro_reservoir,2030,6,12,12,203.69020326105968
5488,hydro_reservoir,2030,6,13,13,203.0797721351243
5489,hydro_reservoir,2030,6,14,14,203.6457849286907
5490,hydro_reservoir,2030,6,15,15,203.45199219115653
5491,hydro_reservoir,2030,6,16,16,203.46905621019812
5492,hydro_reservoir,2030,6,17,17,204.31268061432633
5493,hydro_reservoir,2030,6,18,18,204.25273856750843
5494,hydro_reservoir,2030,6,19,19,204.40559471230497
5495,hydro_reservoir,2030,6,20,20,204.51521909225946
5496,hydro_reservoir,2030,6,21,21,204.45509247959734
5497,hydro_reservoir,2030,6,22,22,204.99297214697538
5498,hydro_reservoir,2030,6,23,23,205.02880027396745
5499,hydro_reservoir,2030,6,24,24,204.27195592678868
5500,hydro_reservoir,2030,6,25,25,204.56437388065623
5501,hydro_reservoir,2030,6,26,26,203.81238324102856
5502,hydro_reservoir,2030,6,27,27,203.42198018737565
5503,hydro_reservoir,2030,6,28,28,202.79335589297136
5504,hydro_reservoir,2030,6,29,29,202.47252147192756
5505,hydro_reservoir,2030,6,30,30,202.23910171396616
5506,hydro_reservoir,2030,6,31,31,202.5403227303737
5507,hydro_reservoir,2030,6,32,32,202.5993000023136
5508,hydro_reservoir,2030,6,33,33,202.25483483775503
5509,hydro_reservoir,2030,6,34,34,201.70569067519253
5510,hydro_reservoir,2030,6,35,35,202.57639694781477
5511,hydro_reservoir,2030,6,36,36,202.24546760917838
5512,hydro_reservoir,2030,6,37,37,202.55590584208423
5513,hydro_reservoir,2030,6,38,38,202.9324996489355
5514,hydro_reservoir,2030,6,39,39,203.1316595407509
5515,hydro_reservoir,2030,6,40,40,203.13203621612453
5516,hydro_reservoir,2030,6,41,41,202.83283950119522
5517,hydro_reservoir,2030,6,42,42,202.3141626002733
5518,hydro_reservoir,2030,6,43,43,201.79100768537523
5519,hydro_reservoir,2030,6,44,44,202.71353835604555
5520,hydro_reservoir,2030,6,45,45,201.0559770105057
5521,hydro_reservoir,2030,6,46,46,201.10500461604894
5522,hydro_reservoir,2030,6,47,47,201.16333757758338
5523,hydro_reservoir,2030,6,48,48,201.77268797068564
5524,hydro_reservoir,2030,6,49,49,202.4205046005932
5525,hydro_reservoir,2030,6,50,50,202.46566834881264
5526,hydro_reservoir,2030,6,51,51,202.38816583195788
5527,hydro_reservoir,2030,6,52,52,202.19945793174097
5528,hydro_reservoir,2030,6,53,53,203.1649580787652
5529,hydro_reservoir,2030,6,54,54,203.90381470947105
5530,hydro_reservoir,2030,6,55,55,204.7465773561886
5531,hydro_reservoir,2030,6,56,56,204.9185786755474
5532,hydro_reservoir,2030,6,57,57,205.840598173565
5533,hydro_reservoir,2030,6,58,58,204.60909169244184
5534,hydro_reservoir,2030,6,59,59,204.2287680899956
5535,hydro_reservoir,2030,6,60,60,203.96175996445197
5536,hydro_reservoir,2030,6,61,61,203.76262290029055
5537,hydro_reservoir,2030,6,62,62,203.8013089910093
5538,hydro_reservoir,2030,6,63,63,203.73820762594002
5539,hydro_reservoir,2030,6,64,64,204.12134341277243
5540,hydro_reservoir,2030,6,65,65,204.06669651838476
5541,hydro_reservoir,2030,6,66,66,204.30325189027525
5542,hydro_reservoir,2030,6,67,67,203.39300249318148
5543,hydro_reservoir,2030,6,68,68,203.10851578578584
5544,hydro_reservoir,2030,6,69,69,203.01560403872236
5545,hydro_reservoir,2030,6,70,70,203.58018396212125
5546,hydro_reservoir,2030,6,71,71,203.65710117333128
5547,hydro_reservoir,2030,6,72,72,203.00447149557667
5548,hydro_reservoir,2030,6,73,73,203.1523115935811
5549,hydro_reservoir,2030,6,74,74,203.25916020777493
5550,hydro_reservoir,2030,6,75,75,203.2432148587937
5551,hydro_reservoir,2030,6,76,76,202.98187153169536
5552,hydro_reservoir,2030,6,77,77,202.67623277726105
5553,hydro_reservoir,2030,6,78,78,203.09635832827527
5554,hydro_reservoir,2030,6,79,79,203.8536572347926
5555,hydro_reservoir,2030,6,80,80,203.86833914275098
5556,hydro_reservoir,2030,6,81,81,204.71031899658968
5557,hydro_reservoir,2030,6,82,82,205.06321146615966
5558,hydro_reservoir,2030,6,83,83,205.5361297719958
5559,hydro_reservoir,2030,6,84,84,205.4990473791091
5560,hydro_reservoir,2030,6,85,85,206.3277270082972
5561,hydro_reservoir,2030,6,86,86,206.8089615145077
5562,hydro_reservoir,2030,6,87,87,207.79064343592626
5563,hydro_reservoir,2030,6,88,88,208.45001768362707
5564,hydro_reservoir,2030,6,89,89,208.65025860280937
5565,hydro_reservoir,2030,6,90,90,209.41690742267693
5566,hydro_reservoir,2030,6,91,91,210.0116822884962
5567,hydro_reservoir,2030,6,92,92,209.95438976067211
5568,hydro_reservoir,2030,6,93,93,210.53541871395896
5569,hydro_reservoir,2030,6,94,94,210.61309141445435
5570,hydro_reservoir,2030,6,95,95,210.7482421699399
5571,hydro_reservoir,2030,6,96,96,211.17992849945267
5572,hydro_reservoir,2030,6,97,97,211.46633801100984
5573,hydro_reservoir,2030,6,98,98,211.53254944718927
5574,hydro_reservoir,2030,6,99,99,212.24680828448584
5575,hydro_reservoir,2030,6,100,100,212.2866041960052
5576,hydro_reservoir,2030,6,101,101,211.78145162008923
5577,hydro_reservoir,2030,6,102,102,212.21299044315808
5578,hydro_reservoir,2030,6,103,103,212.52295893800496
5579,hydro_reservoir,2030,6,104,104,211.74046050118355
5580,hydro_reservoir,2030,6,105,105,211.590513144722
5581,hydro_reservoir,2030,6,106,106,211.27661553982534
5582,hydro_reservoir,2030,6,107,107,211.79164191373727
5583,hydro_reservoir,2030,6,108,108,212.15829473918828
5584,hydro_reservoir,2030,6,109,109,212.22547837519994
5585,hydro_reservoir,2030,6,110,110,211.78225248921973
5586,hydro_reservoir,2030,6,111,111,210.6136611276945
5587,hydro_reservoir,2030,6,112,112,210.84662275540285
5588,hydro_reservoir,2030,6,113,113,211.27326366623905
5589,hydro_reservoir,2030,6,114,114,211.59182085643545
5590,hydro_reservoir,2030,6,115,115,211.4037096875783
5591,hydro_reservoir,2030,6,116,116,211.7244781978681
5592,hydro_reservoir,2030,6,117,117,212.043852428214
5593,hydro_reservoir,2030,6,118,118,212.16326927696002
5594,hydro_reservoir,2030,6,119,119,212.4478670780387
5595,hydro_reservoir,2030,6,120,120,212.70511196161897
5596,hydro_reservoir,2030,6,121,121,211.8121351095196
5597,hydro_reservoir,2030,6,122,122,211.24621977431082
5598,hydro_reservoir,2030,6,123,123,211.6307670450501
5599,hydro_reservoir,2030,6,124,124,210.9272004510971
5600,hydro_reservoir,2030,6,125,125,210.60486495914967
5601,hydro_reservoir,2030,6,126,126,211.01919404257634
5602,hydro_reservoir,2030,6,127,127,210.34438438027397
5603,hydro_reservoir,2030,6,128,128,210.714672107152
5604,hydro_reservoir,2030,6,129,129,210.34954713808224
5605,hydro_reservoir,2030,6,130,130,210.0196141305614
5606,hydro_reservoir,2030,6,131,131,209.713914253477
5607,hydro_reservoir,2030,6,132,132,209.05142922019007
5608,hydro_reservoir,2030,6,133,133,207.81625447835597
5609,hydro_reservoir,2030,6,134,134,207.5298845702893
5610,hydro_reservoir,2030,6,135,135,207.05937878769817
5611,hydro_reservoir,2030,6,136,136,206.76806116912553
5612,hydro_reservoir,2030,6,137,137,207.12575740439874
5613,hydro_reservoir,2030,6,138,138,207.5469456144854
5614,hydro_reservoir,2030,6,139,139,206.77596653712448
5615,hydro_reservoir,2030,6,140,140,206.1554490353855
5616,hydro_reservoir,2030,6,141,141,206.07209644193046
5617,hydro_reservoir,2030,6,142,142,206.54841690690776
5618,hydro_reservoir,2030,6,143,143,205.80153885006777
5619,hydro_reservoir,2030,6,144,144,205.89167429332701
5620,hydro_reservoir,2030,6,145,145,205.15473356650747
5621,hydro_reservoir,2030,6,146,146,204.53225737924035
5622,hydro_reservoir,2030,6,147,147,204.3305312122606
5623,hydro_reservoir,2030,6,148,148,204.66565628120173
5624,hydro_reservoir,2030,6,149,149,203.68679798599118
5625,hydro_reservoir,2030,6,150,150,202.7952722224488
5626,hydro_reservoir,2030,6,151,151,201.36041030526752
5627,hydro_reservoir,2030,6,152,152,201.7716998766581
5628,hydro_reservoir,2030,6,153,153,201.82284298786843
5629,hydro_reservoir,2030,6,154,154,202.038931760802
5630,hydro_reservoir,2030,6,155,155,202.1254952370078
5631,hydro_reservoir,2030,6,156,156,202.1549752425636
5632,hydro_reservoir,2030,6,157,157,201.76560909553504
5633,hydro_reservoir,2030,6,158,158,201.8574840370571
5634,hydro_reservoir,2030,6,159,159,201.58601661231424
5635,hydro_reservoir,2030,6,160,160,201.59498877561353
5636,hydro_reservoir,2030,6,161,161,201.7003567950697
5637,hydro_reservoir,2030,6,162,162,200.86350774247768
5638,hydro_reservoir,2030,6,163,163,201.19737626641697
5639,hydro_reservoir,2030,6,164,164,201.6330369582345
5640,hydro_reservoir,2030,6,165,165,201.75846482690287
5641,hydro_reservoir,2030,6,166,166,200.7630829472384
5642,hydro_reservoir,2030,6,167,167,200.49240452963622
5643,hydro_reservoir,2030,6,168,168,199.99513244814673
5644,hydro_reservoir,2030,6,169,169,199.6938987696244
5645,hydro_reservoir,2030,6,170,170,199.04428774951583
5646,hydro_reservoir,2030,6,171,171,198.4954800428394
5647,hydro_reservoir,2030,6,172,172,197.86918436606197
5648,hydro_reservoir,2030,6,173,173,197.69972969748346
5649,hydro_reservoir,2030,6,174,174,197.49445157293448
5650,hydro_reservoir,2030,6,175,175,197.1904857675284
5651,hydro_reservoir,2030,6,176,176,196.9594921708723
5652,hydro_reservoir,2030,6,177,177,197.19621980902613
5653,hydro_reservoir,2030,6,178,178,196.13535628698858
5654,hydro_reservoir,2030,6,179,179,195.70538908607222
5655,hydro_reservoir,2030,6,180,180,194.88863958024248
5656,hydro_reservoir,2030,6,181,181,194.92306919286403
5657,hydro_reservoir,2030,6,182,182,194.62878195230766
5658,hydro_reservoir,2030,6,183,183,194.95119154252495
5659,hydro_reservoir,2030,6,184,184,195.26272739486063
5660,hydro_reservoir,2030,6,185,185,194.7616995523181
5661,hydro_reservoir,2030,6,186,186,194.46307578780056
5662,hydro_reservoir,2030,6,187,187,194.195050883177
5663,hydro_reservoir,2030,6,188,188,194.55289284529047
5664,hydro_reservoir,2030,6,189,189,194.6539777402656
5665,hydro_reservoir,2030,6,190,190,194.55731498994302
5666,hydro_reservoir,2030,6,191,191,194.38630556086235
5667,hydro_reservoir,2030,6,192,192,193.44285593818734
5668,hydro_reservoir,2030,6,193,193,193.56552149796966
5669,hydro_reservoir,2030,6,194,194,193.1597984516763
5670,hydro_reservoir,2030,6,195,195,193.18829418640414
5671,hydro_reservoir,2030,6,196,196,193.275078322909
5672,hydro_reservoir,2030,6,197,197,192.70571411158005
5673,hydro_reservoir,2030,6,198,198,192.71279654002885
5674,hydro_reservoir,2030,6,199,199,192.6633444530832
5675,hydro_reservoir,2030,6,200,200,191.95908958697197
5676,hydro_reservoir,2030,6,201,201,192.01805165642688
5677,hydro_reservoir,2030,6,202,202,191.33488436217002
5678,hydro_reservoir,2030,6,203,203,191.00675209570426
5679,hydro_reservoir,2030,6,204,204,190.5859667089691
5680,hydro_reservoir,2030,6,205,205,190.98706287688807
5681,hydro_reservoir,2030,6,206,206,191.25270194327126
5682,hydro_reservoir,2030,6,207,207,190.99749784938982
5683,hydro_reservoir,2030,6,208,208,191.3547536159839
5684,hydro_reservoir,2030,6,209,209,191.4012294136612
5685,hydro_reservoir,2030,6,210,210,190.7251204658954
5686,hydro_reservoir,2030,6,211,211,190.77375628861634
5687,hydro_reservoir,2030,6,212,212,190.1514354912606
5688,hydro_reservoir,2030,6,213,213,189.86350477436662
5689,hydro_reservoir,2030,6,214,214,189.15442932120297
5690,hydro_reservoir,2030,6,215,215,188.24945765228736
5691,hydro_reservoir,2030,6,216,216,187.76419636481273
5692,hydro_reservoir,2030,6,217,217,187.49908328872618
5693,hydro_reservoir,2030,6,218,218,186.99436135712972
5694,hydro_reservoir,2030,6,219,219,187.24671087900728
5695,hydro_reservoir,2030,6,220,220,187.71337973603102
5696,hydro_reservoir,2030,6,221,221,187.8894593706497
5697,hydro_reservoir,2030,6,222,222,188.33526689604193
5698,hydro_reservoir,2030,6,223,223,188.72111947123724
5699,hydro_reservoir,2030,6,224,224,189.2466962320001
5700,hydro_reservoir,2030,6,225,225,189.76735081470068
5701,hydro_reservoir,2030,6,226,226,190.28649023836806
5702,hydro_reservoir,2030,6,227,227,190.77529190808383
5703,hydro_reservoir,2030,6,228,228,191.09269791081454
5704,hydro_reservoir,2030,6,229,229,190.58228123336036
5705,hydro_reservoir,2030,6,230,230,190.88664980674662
5706,hydro_reservoir,2030,6,231,231,190.0932385400688
5707,hydro_reservoir,2030,6,232,232,190.7331154357864
5708,hydro_reservoir,2030,6,233,233,190.39385391345917
5709,hydro_reservoir,2030,6,234,234,190.46670170863163
5710,hydro_reservoir,2030,6,235,235,189.5791086212392
5711,hydro_reservoir,2030,6,236,236,189.34800836052318
5712,hydro_reservoir,2030,6,237,237,189.16377891576536
5713,hydro_reservoir,2030,6,238,238,189.07946178551896
5714,hydro_reservoir,2030,6,239,239,189.84201010291972
5715,hydro_reservoir,2030,6,240,240,189.65434114373306
5716,hydro_reservoir,2030,6,241,241,189.7927287572392
5717,hydro_reservoir,2030,6,242,242,189.7598236903374
5718,hydro_reservoir,2030,6,243,243,188.48280537901564
5719,hydro_reservoir,2030,6,244,244,188.53037167208413
5720,hydro_reservoir,2030,6,245,245,189.139904583103
5721,hydro_reservoir,2030,6,246,246,189.624928656542
5722,hydro_reservoir,2030,6,247,247,190.2386482730412
5723,hydro_reservoir,2030,6,248,248,190.83154698490108
5724,hydro_reservoir,2030,6,249,249,191.21606573001552
5725,hydro_reservoir,2030,6,250,250,191.48554244574385
5726,hydro_reservoir,2030,6,251,251,191.22865381988586
5727,hydro_reservoir,2030,6,252,252,191.32053341797257
5728,hydro_reservoir,2030,6,253,253,191.77547854312502
5729,hydro_reservoir,2030,6,254,254,192.43079865057223
5730,hydro_reservoir,2030,6,255,255,192.7333353822048
5731,hydro_reservoir,2030,6,256,256,193.04038298069955
5732,hydro_reservoir,2030,6,257,257,193.54386949191138
5733,hydro_reservoir,2030,6,258,258,194.04159880299324
5734,hydro_reservoir,2030,6,259,259,193.86370030357793
5735,hydro_reservoir,2030,6,260,260,193.63762408070414
5736,hydro_reservoir,2030,6,261,261,193.50342306490097
5737,hydro_reservoir,2030,6,262,262,193.8370596052872
5738,hydro_reservoir,2030,6,263,263,193.75145404408306
5739,hydro_reservoir,2030,6,264,264,193.31090171355277
5740,hydro_reservoir,2030,6,265,265,193.48755044330113
5741,hydro_reservoir,2030,6,266,266,193.26083856964658
5742,hydro_reservoir,2030,6,267,267,194.1556286538998
5743,hydro_reservoir,2030,6,268,268,193.01516766194771
5744,hydro_reservoir,2030,6,269,269,192.6812711879735
5745,hydro_reservoir,2030,6,270,270,192.88517048474398
5746,hydro_reservoir,2030,6,271,271,193.31984695962473
5747,hydro_reservoir,2030,6,272,272,192.96033803477448
5748,hydro_reservoir,2030,6,273,273,192.63538859697113
5749,hydro_reservoir,2030,6,274,274,192.3547196872804
5750,hydro_reservoir,2030,6,275,275,191.8856348605856
5751,hydro_reservoir,2030,6,276,276,189.8423827083877
5752,hydro_reservoir,2030,6,277,277,188.7479003242827
5753,hydro_reservoir,2030,6,278,278,186.49547761382004
5754,hydro_reservoir,2030,6,279,279,186.82783225259718
5755,hydro_reservoir,2030,6,280,280,185.908995981079
5756,hydro_reservoir,2030,6,281,281,184.24006733866625
5757,hydro_reservoir,2030,6,282,282,183.87068225689862
5758,hydro_reservoir,2030,6,283,283,183.7342714582916
5759,hydro_reservoir,2030,6,284,284,183.41157533782163
5760,hydro_reservoir,2030,6,285,285,184.15544106358016
5761,hydro_reservoir,2030,6,286,286,184.6594773875875
5762,hydro_reservoir,2030,6,287,287,184.20816292202187
5763,hydro_reservoir,2030,6,288,288,183.96560657356895
5764,hydro_reservoir,2030,6,289,289,183.6704052837912
5765,hydro_reservoir,2030,6,290,290,183.110279996034
5766,hydro_reservoir,2030,6,291,291,182.9887009752636
5767,hydro_reservoir,2030,6,292,292,183.127999521714
5768,hydro_reservoir,2030,6,293,293,183.36482629459638
5769,hydro_reservoir,2030,6,294,294,183.6938756092145
5770,hydro_reservoir,2030,6,295,295,183.36768737786727
5771,hydro_reservoir,2030,6,296,296,183.12925116722244
5772,hydro_reservoir,2030,6,297,297,181.55665026530565
5773,hydro_reservoir,2030,6,298,298,180.99529336640012
5774,hydro_reservoir,2030,6,299,299,180.52718176359406
5775,hydro_reservoir,2030,6,300,300,177.91672750154493
5776,hydro_reservoir,2030,6,301,301,177.76886789917813
5777,hydro_reservoir,2030,6,302,302,177.07068235695948
5778,hydro_reservoir,2030,6,303,303,174.64637331315592
5779,hydro_reservoir,2030,6,304,304,173.88753666924026
5780,hydro_reservoir,2030,6,305,305,173.22970012624185
5781,hydro_reservoir,2030,6,306,306,172.97019448089256
5782,hydro_reservoir,2030,6,307,307,172.86076071432
5783,hydro_reservoir,2030,6,308,308,172.40821370990844
5784,hydro_reservoir,2030,6,309,309,172.2337270906653
5785,hydro_reservoir,2030,6,310,310,172.55155899501844
5786,hydro_reservoir,2030,6,311,311,172.84247864073694
5787,hydro_reservoir,2030,6,312,312,172.56312096427155
5788,hydro_reservoir,2030,6,313,313,172.0026401876122
5789,hydro_reservoir,2030,6,314,314,172.1327580504392
5790,hydro_reservoir,2030,6,315,315,171.7769994571863
5791,hydro_reservoir,2030,6,316,316,171.5514618919906
5792,hydro_reservoir,2030,6,317,317,171.56608024778538
5793,hydro_reservoir,2030,6,318,318,172.1338567199658
5794,hydro_reservoir,2030,6,319,319,172.91195610893183
5795,hydro_reservoir,2030,6,320,320,173.88095245359767
5796,hydro_reservoir,2030,6,321,321,174.71380436061798
5797,hydro_reservoir,2030,6,322,322,175.6828689504523
5798,hydro_reservoir,2030,6,323,323,176.08485728418964
5799,hydro_reservoir,2030,6,324,324,176.47567454688968
5800,hydro_reservoir,2030,6,325,325,175.27110613261894
5801,hydro_reservoir,2030,6,326,326,176.33383734240164
5802,hydro_reservoir,2030,6,327,327,177.33560170689373
5803,hydro_reservoir,2030,6,328,328,178.16000397555405
5804,hydro_reservoir,2030,6,329,329,179.2051481431357
5805,hydro_reservoir,2030,6,330,330,179.90739553921304
5806,hydro_reservoir,2030,6,331,331,180.55819926363634
5807,hydro_reservoir,2030,6,332,332,181.36459874952618
5808,hydro_reservoir,2030,6,333,333,181.98156626000858
5809,hydro_reservoir,2030,6,334,334,181.31042390195896
5810,hydro_reservoir,2030,6,335,335,181.11506383635972
5811,hydro_reservoir,2030,6,336,336,181.24602513992647
5812,hydro_reservoir,2030,6,337,337,181.88415305644577
5813,hydro_reservoir,2030,6,338,338,181.4799881919472
5814,hydro_reservoir,2030,6,339,339,182.16887692299133
5815,hydro_reservoir,2030,6,340,340,182.93159628638668
5816,hydro_reservoir,2030,6,341,341,183.058883312007
5817,hydro_reservoir,2030,6,342,342,183.79775743094402
5818,hydro_reservoir,2030,6,343,343,183.36117766327374
5819,hydro_reservoir,2030,6,344,344,183.536874101796
5820,hydro_reservoir,2030,6,345,345,183.641892720108
5821,hydro_reservoir,2030,6,346,346,183.94853252793473
5822,hydro_reservoir,2030,6,347,347,183.80496025396695
5823,hydro_reservoir,2030,6,348,348,184.55963743581106
5824,hydro_reservoir,2030,6,349,349,185.35651507852776
5825,hydro_reservoir,2030,6,350,350,185.37189618664968
5826,hydro_reservoir,2030,6,351,351,185.74126516374017
5827,hydro_reservoir,2030,6,352,352,186.6583794959684
5828,hydro_reservoir,2030,6,353,353,187.4186685351609
5829,hydro_reservoir,2030,6,354,354,187.63803416252017
5830,hydro_reservoir,2030,6,355,355,188.18571886410683
5831,hydro_reservoir,2030,6,356,356,189.42224186115428
5832,hydro_reservoir,2030,6,357,357,190.07945771276613
5833,hydro_reservoir,2030,6,358,358,190.87579851980377
5834,hydro_reservoir,2030,6,359,359,192.0166781073463
5835,hydro_reservoir,2030,6,360,360,193.0216062635883
5836,hydro_reservoir,2030,6,361,361,194.9327817838001
5837,hydro_reservoir,2030,6,362,362,196.54103068491423
5838,hydro_reservoir,2030,6,363,363,197.9391784551975
5839,hydro_reservoir,2030,6,364,364,199.78178345562495
5840,hydro_reservoir,2030,6,365,365,201.6
5841,hydro_reservoir,2030,7,1,1,202.9508297396355
5842,hydro_reservoir,2030,7,2,2,203.11426117601494
5843,hydro_reservoir,2030,7,3,3,202.6804700322769
5844,hydro_reservoir,2030,7,4,4,201.85967053476833
5845,hydro_reservoir,2030,7,5,5,201.78418830411988
5846,hydro_reservoir,2030,7,6,6,201.94682567106165
5847,hydro_reservoir,2030,7,7,7,201.24785657550404
5848,hydro_reservoir,2030,7,8,8,202.53630493131504
5849,hydro_reservoir,2030,7,9,9,202.844520247739
5850,hydro_reservoir,2030,7,10,10,204.54873873396687
5851,hydro_reservoir,2030,7,11,11,205.64771013339515
5852,hydro_reservoir,2030,7,12,12,205.78920849768434
5853,hydro_reservoir,2030,7,13,13,205.85936548886633
5854,hydro_reservoir,2030,7,14,14,206.70146543948889
5855,hydro_reservoir,2030,7,15,15,205.9128347640822
5856,hydro_reservoir,2030,7,16,16,206.10850051916978
5857,hydro_reservoir,2030,7,17,17,205.77132650794977
5858,hydro_reservoir,2030,7,18,18,205.7905379530508
5859,hydro_reservoir,2030,7,19,19,205.0128034779133
5860,hydro_reservoir,2030,7,20,20,205.1617808660951
5861,hydro_reservoir,2030,7,21,21,205.14950070395128
5862,hydro_reservoir,2030,7,22,22,205.13791934291285
5863,hydro_reservoir,2030,7,23,23,205.34653530748724
5864,hydro_reservoir,2030,7,24,24,204.36333318311
5865,hydro_reservoir,2030,7,25,25,205.52407308306152
5866,hydro_reservoir,2030,7,26,26,204.84182446704773
5867,hydro_reservoir,2030,7,27,27,203.78676519854378
5868,hydro_reservoir,2030,7,28,28,203.89379512254646
5869,hydro_reservoir,2030,7,29,29,203.7941868794644
5870,hydro_reservoir,2030,7,30,30,203.15940197652938
5871,hydro_reservoir,2030,7,31,31,203.4516837918532
5872,hydro_reservoir,2030,7,32,32,202.52977862674464
5873,hydro_reservoir,2030,7,33,33,201.39561045360497
5874,hydro_reservoir,2030,7,34,34,202.57469687969788
5875,hydro_reservoir,2030,7,35,35,204.24815244447086
5876,hydro_reservoir,2030,7,36,36,205.64536785068057
5877,hydro_reservoir,2030,7,37,37,205.95366554723324
5878,hydro_reservoir,2030,7,38,38,206.74273710734283
5879,hydro_reservoir,2030,7,39,39,206.6118343634514
5880,hydro_reservoir,2030,7,40,40,207.1217728964681
5881,hydro_reservoir,2030,7,41,41,208.28342145567524
5882,hydro_reservoir,2030,7,42,42,208.86076857321996
5883,hydro_reservoir,2030,7,43,43,209.52877490927392
5884,hydro_reservoir,2030,7,44,44,211.41671147591367
5885,hydro_reservoir,2030,7,45,45,212.93565248754933
5886,hydro_reservoir,2030,7,46,46,213.88315647210175
5887,hydro_reservoir,2030,7,47,47,214.81623651376609
5888,hydro_reservoir,2030,7,48,48,215.26079350010968
5889,hydro_reservoir,2030,7,49,49,214.9046685263003
5890,hydro_reservoir,2030,7,50,50,214.6581834703086
5891,hydro_reservoir,2030,7,51,51,215.63514544702082
5892,hydro_reservoir,2030,7,52,52,216.74818921043337
5893,hydro_reservoir,2030,7,53,53,216.6119220013702
5894,hydro_reservoir,2030,7,54,54,216.53182222357893
5895,hydro_reservoir,2030,7,55,55,216.65624089110736
5896,hydro_reservoir,2030,7,56,56,216.5257728010647
5897,hydro_reservoir,2030,7,57,57,216.2081562482455
5898,hydro_reservoir,2030,7,58,58,216.04662907082434
5899,hydro_reservoir,2030,7,59,59,217.5728840163187
5900,hydro_reservoir,2030,7,60,60,218.60958482481269
5901,hydro_reservoir,2030,7,61,61,218.39252463807034
5902,hydro_reservoir,2030,7,62,62,218.79383663478689
5903,hydro_reservoir,2030,7,63,63,218.35990287458648
5904,hydro_reservoir,2030,7,64,64,218.65917213803976
5905,hydro_reservoir,2030,7,65,65,218.69253505099553
5906,hydro_reservoir,2030,7,66,66,218.67644135450828
5907,hydro_reservoir,2030,7,67,67,218.71875465908565
5908,hydro_reservoir,2030,7,68,68,218.59259302638625
5909,hydro_reservoir,2030,7,69,69,218.5547237246059
5910,hydro_reservoir,2030,7,70,70,218.61899161132408
5911,hydro_reservoir,2030,7,71,71,218.79281770221647
5912,hydro_reservoir,2030,7,72,72,218.0057803725281
5913,hydro_reservoir,2030,7,73,73,218.95241965418455
5914,hydro_reservoir,2030,7,74,74,220.66236378363428
5915,hydro_reservoir,2030,7,75,75,219.08577900137576
5916,hydro_reservoir,2030,7,76,76,218.6462077137294
5917,hydro_reservoir,2030,7,77,77,219.21845156775035
5918,hydro_reservoir,2030,7,78,78,218.5385749027926
5919,hydro_reservoir,2030,7,79,79,218.49255215495668
5920,hydro_reservoir,2030,7,80,80,218.32020989700115
5921,hydro_reservoir,2030,7,81,81,217.72195058529874
5922,hydro_reservoir,2030,7,82,82,216.65342872102434
5923,hydro_reservoir,2030,7,83,83,216.34865071110562
5924,hydro_reservoir,2030,7,84,84,216.1365297976093
5925,hydro_reservoir,2030,7,85,85,217.0508908770955
5926,hydro_reservoir,2030,7,86,86,218.0332801292674
5927,hydro_reservoir,2030,7,87,87,219.28601382860302
5928,hydro_reservoir,2030,7,88,88,220.31864808609086
5929,hydro_reservoir,2030,7,89,89,220.7735987461328
5930,hydro_reservoir,2030,7,90,90,219.83771647580173
5931,hydro_reservoir,2030,7,91,91,219.56828762081247
5932,hydro_reservoir,2030,7,92,92,219.48340223643225
5933,hydro_reservoir,2030,7,93,93,219.1701261587472
5934,hydro_reservoir,2030,7,94,94,219.2296978745309
5935,hydro_reservoir,2030,7,95,95,219.93341976812363
5936,hydro_reservoir,2030,7,96,96,218.89824054045513
5937,hydro_reservoir,2030,7,97,97,218.44064866032429
5938,hydro_reservoir,2030,7,98,98,218.33961008945445
5939,hydro_reservoir,2030,7,99,99,217.97877713597688
5940,hydro_reservoir,2030,7,100,100,218.0147748364132
5941,hydro_reservoir,2030,7,101,101,218.03948575277698
5942,hydro_reservoir,2030,7,102,102,218.32727401624098
5943,hydro_reservoir,2030,7,103,103,218.54365141184905
5944,hydro_reservoir,2030,7,104,104,218.4824306799572
5945,hydro_reservoir,2030,7,105,105,218.673691633842
5946,hydro_reservoir,2030,7,106,106,218.64317404293124
5947,hydro_reservoir,2030,7,107,107,218.8857448284869
5948,hydro_reservoir,2030,7,108,108,219.05911204345819
5949,hydro_reservoir,2030,7,109,109,219.14201231651074
5950,hydro_reservoir,2030,7,110,110,218.53890126000448
5951,hydro_reservoir,2030,7,111,111,218.48940275503176
5952,hydro_reservoir,2030,7,112,112,218.28683649400924
5953,hydro_reservoir,2030,7,113,113,217.86152458417143
5954,hydro_reservoir,2030,7,114,114,217.60235636388805
5955,hydro_reservoir,2030,7,115,115,216.77808243617463
5956,hydro_reservoir,2030,7,116,116,216.66728982446625
5957,hydro_reservoir,2030,7,117,117,216.78787939388945
5958,hydro_reservoir,2030,7,118,118,217.05687547766667
5959,hydro_reservoir,2030,7,119,119,217.36291880071303
5960,hydro_reservoir,2030,7,120,120,217.67644893159374
5961,hydro_reservoir,2030,7,121,121,217.89815253393925
5962,hydro_reservoir,2030,7,122,122,217.2227896959482
5963,hydro_reservoir,2030,7,123,123,217.57547338768148
5964,hydro_reservoir,2030,7,124,124,217.54302320852207
5965,hydro_reservoir,2030,7,125,125,217.0639742109922
5966,hydro_reservoir,2030,7,126,126,217.61653544491625
5967,hydro_reservoir,2030,7,127,127,217.90741727049337
5968,hydro_reservoir,2030,7,128,128,218.13837037775352
5969,hydro_reservoir,2030,7,129,129,218.5613451189631
5970,hydro_reservoir,2030,7,130,130,218.77785986133614
5971,hydro_reservoir,2030,7,131,131,218.45695918254796
5972,hydro_reservoir,2030,7,132,132,218.02611055440306
5973,hydro_reservoir,2030,7,133,133,217.48968053548106
5974,hydro_reservoir,2030,7,134,134,216.9448225399893
5975,hydro_reservoir,2030,7,135,135,216.3618400296461
5976,hydro_reservoir,2030,7,136,136,216.1780226900841
5977,hydro_reservoir,2030,7,137,137,216.52178921500933
5978,hydro_reservoir,2030,7,138,138,216.0628128254508
5979,hydro_reservoir,2030,7,139,139,216.53471866932443
5980,hydro_reservoir,2030,7,140,140,216.25243884749332
5981,hydro_reservoir,2030,7,141,141,216.0485907517551
5982,hydro_reservoir,2030,7,142,142,215.78179551849607
5983,hydro_reservoir,2030,7,143,143,215.9277698440033
5984,hydro_reservoir,2030,7,144,144,215.1615983165679
5985,hydro_reservoir,2030,7,145,145,215.3180166642517
5986,hydro_reservoir,2030,7,146,146,214.58309108998006
5987,hydro_reservoir,2030,7,147,147,215.19158808244816
5988,hydro_reservoir,2030,7,148,148,215.67167477716788
5989,hydro_reservoir,2030,7,149,149,214.76465176018098
5990,hydro_reservoir,2030,7,150,150,214.925475947256
5991,hydro_reservoir,2030,7,151,151,215.248137733068
5992,hydro_reservoir,2030,7,152,152,214.7771709697045
5993,hydro_reservoir,2030,7,153,153,214.06770964313662
5994,hydro_reservoir,2030,7,154,154,213.4710558157334
5995,hydro_reservoir,2030,7,155,155,213.3733381217872
5996,hydro_reservoir,2030,7,156,156,212.78026634645718
5997,hydro_reservoir,2030,7,157,157,212.81868865820525
5998,hydro_reservoir,2030,7,158,158,212.88788133836135
5999,hydro_reservoir,2030,7,159,159,212.72380480013544
6000,hydro_reservoir,2030,7,160,160,212.15318020042585
6001,hydro_reservoir,2030,7,161,161,211.24372296355617
6002,hydro_reservoir,2030,7,162,162,211.2887327407908
6003,hydro_reservoir,2030,7,163,163,211.5817291482392
6004,hydro_reservoir,2030,7,164,164,211.60100384955726
6005,hydro_reservoir,2030,7,165,165,211.17987450774493
6006,hydro_reservoir,2030,7,166,166,210.96213450450009
6007,hydro_reservoir,2030,7,167,167,211.05906809132114
6008,hydro_reservoir,2030,7,168,168,211.19703234725256
6009,hydro_reservoir,2030,7,169,169,211.45389079857952
6010,hydro_reservoir,2030,7,170,170,211.00412387560192
6011,hydro_reservoir,2030,7,171,171,211.25358065445283
6012,hydro_reservoir,2030,7,172,172,211.75344668683655
6013,hydro_reservoir,2030,7,173,173,212.13513662220316
6014,hydro_reservoir,2030,7,174,174,212.4335739434869
6015,hydro_reservoir,2030,7,175,175,212.8728259482976
6016,hydro_reservoir,2030,7,176,176,212.94647202923048
6017,hydro_reservoir,2030,7,177,177,212.56811153722342
6018,hydro_reservoir,2030,7,178,178,211.9085111793045
6019,hydro_reservoir,2030,7,179,179,211.29038007123796
6020,hydro_reservoir,2030,7,180,180,211.41663103903744
6021,hydro_reservoir,2030,7,181,181,211.92390911147132
6022,hydro_reservoir,2030,7,182,182,212.22965216610578
6023,hydro_reservoir,2030,7,183,183,211.83532024924727
6024,hydro_reservoir,2030,7,184,184,211.2459834364485
6025,hydro_reservoir,2030,7,185,185,211.34514951048453
6026,hydro_reservoir,2030,7,186,186,210.7520470741642
6027,hydro_reservoir,2030,7,187,187,210.64902511963876
6028,hydro_reservoir,2030,7,188,188,211.20936045158552
6029,hydro_reservoir,2030,7,189,189,211.71861762411228
6030,hydro_reservoir,2030,7,190,190,211.5647073461028
6031,hydro_reservoir,2030,7,191,191,211.06564681629175
6032,hydro_reservoir,2030,7,192,192,210.52814201017532
6033,hydro_reservoir,2030,7,193,193,210.7104396435833
6034,hydro_reservoir,2030,7,194,194,210.92522867736972
6035,hydro_reservoir,2030,7,195,195,210.69828150587296
6036,hydro_reservoir,2030,7,196,196,211.1723624907624
6037,hydro_reservoir,2030,7,197,197,211.68221204111504
6038,hydro_reservoir,2030,7,198,198,211.19776086211994
6039,hydro_reservoir,2030,7,199,199,210.25660858180098
6040,hydro_reservoir,2030,7,200,200,209.93192300674758
6041,hydro_reservoir,2030,7,201,201,210.34863333003523
6042,hydro_reservoir,2030,7,202,202,210.81549479996968
6043,hydro_reservoir,2030,7,203,203,211.03392286696527
6044,hydro_reservoir,2030,7,204,204,211.02656441564207
6045,hydro_reservoir,2030,7,205,205,211.07493965973546
6046,hydro_reservoir,2030,7,206,206,210.98725826294114
6047,hydro_reservoir,2030,7,207,207,211.30515679296
6048,hydro_reservoir,2030,7,208,208,210.71174660198864
6049,hydro_reservoir,2030,7,209,209,210.81123465559733
6050,hydro_reservoir,2030,7,210,210,210.96120027796638
6051,hydro_reservoir,2030,7,211,211,210.46320627943146
6052,hydro_reservoir,2030,7,212,212,209.97197636873284
6053,hydro_reservoir,2030,7,213,213,210.2428899551185
6054,hydro_reservoir,2030,7,214,214,209.8516437155206
6055,hydro_reservoir,2030,7,215,215,210.1901346978745
6056,hydro_reservoir,2030,7,216,216,209.94571060283982
6057,hydro_reservoir,2030,7,217,217,209.57283394164926
6058,hydro_reservoir,2030,7,218,218,209.23466577478965
6059,hydro_reservoir,2030,7,219,219,208.71485627502412
6060,hydro_reservoir,2030,7,220,220,208.82862301699203
6061,hydro_reservoir,2030,7,221,221,209.14448847045793
6062,hydro_reservoir,2030,7,222,222,209.4410342235822
6063,hydro_reservoir,2030,7,223,223,209.45744674802106
6064,hydro_reservoir,2030,7,224,224,209.96621635851608
6065,hydro_reservoir,2030,7,225,225,210.4836985057197
6066,hydro_reservoir,2030,7,226,226,210.6604728207742
6067,hydro_reservoir,2030,7,227,227,210.0504769760144
6068,hydro_reservoir,2030,7,228,228,209.88460413764895
6069,hydro_reservoir,2030,7,229,229,210.4899527047604
6070,hydro_reservoir,2030,7,230,230,210.08315754351378
6071,hydro_reservoir,2030,7,231,231,209.79466878014858
6072,hydro_reservoir,2030,7,232,232,209.24748232882888
6073,hydro_reservoir,2030,7,233,233,208.87468485642302
6074,hydro_reservoir,2030,7,234,234,209.08904392896514
6075,hydro_reservoir,2030,7,235,235,209.15103739959767
6076,hydro_reservoir,2030,7,236,236,209.6521664609428
6077,hydro_reservoir,2030,7,237,237,210.28295548671267
6078,hydro_reservoir,2030,7,238,238,210.76746754945185
6079,hydro_reservoir,2030,7,239,239,211.10515045950902
6080,hydro_reservoir,2030,7,240,240,210.82317478726685
6081,hydro_reservoir,2030,7,241,241,209.86887610794827
6082,hydro_reservoir,2030,7,242,242,209.80840287855713
6083,hydro_reservoir,2030,7,243,243,209.0070025720598
6084,hydro_reservoir,2030,7,244,244,209.51581304047318
6085,hydro_reservoir,2030,7,245,245,209.9125500665474
6086,hydro_reservoir,2030,7,246,246,209.92825220477994
6087,hydro_reservoir,2030,7,247,247,210.40196473278016
6088,hydro_reservoir,2030,7,248,248,210.91542948034666
6089,hydro_reservoir,2030,7,249,249,211.4923321266125
6090,hydro_reservoir,2030,7,250,250,212.02883253522614
6091,hydro_reservoir,2030,7,251,251,211.09388533820385
6092,hydro_reservoir,2030,7,252,252,210.6836875720852
6093,hydro_reservoir,2030,7,253,253,210.65638250441958
6094,hydro_reservoir,2030,7,254,254,210.60442615084338
6095,hydro_reservoir,2030,7,255,255,210.8200824350918
6096,hydro_reservoir,2030,7,256,256,211.32088349097884
6097,hydro_reservoir,2030,7,257,257,211.80805793244932
6098,hydro_reservoir,2030,7,258,258,212.41847901094778
6099,hydro_reservoir,2030,7,259,259,211.3878799735966
6100,hydro_reservoir,2030,7,260,260,210.10592631139988
6101,hydro_reservoir,2030,7,261,261,210.74228495070813
6102,hydro_reservoir,2030,7,262,262,210.04465014890437
6103,hydro_reservoir,2030,7,263,263,210.40700232313802
6104,hydro_reservoir,2030,7,264,264,210.76517246785903
6105,hydro_reservoir,2030,7,265,265,209.99744662083458
6106,hydro_reservoir,2030,7,266,266,209.78163298579224
6107,hydro_reservoir,2030,7,267,267,210.21306624415865
6108,hydro_reservoir,2030,7,268,268,210.6803105998588
6109,hydro_reservoir,2030,7,269,269,210.3467353430652
6110,hydro_reservoir,2030,7,270,270,210.21665913942502
6111,hydro_reservoir,2030,7,271,271,209.570697671896
6112,hydro_reservoir,2030,7,272,272,208.55198292423918
6113,hydro_reservoir,2030,7,273,273,209.28425805651432
6114,hydro_reservoir,2030,7,274,274,209.67647128965234
6115,hydro_reservoir,2030,7,275,275,208.85183584075557
6116,hydro_reservoir,2030,7,276,276,209.66566290773795
6117,hydro_reservoir,2030,7,277,277,210.45363499388617
6118,hydro_reservoir,2030,7,278,278,210.6427912512403
6119,hydro_reservoir,2030,7,279,279,209.96890112104094
6120,hydro_reservoir,2030,7,280,280,210.2977786481683
6121,hydro_reservoir,2030,7,281,281,210.87257410764198
6122,hydro_reservoir,2030,7,282,282,210.99056662458435
6123,hydro_reservoir,2030,7,283,283,210.28882645699733
6124,hydro_reservoir,2030,7,284,284,209.6290684412001
6125,hydro_reservoir,2030,7,285,285,209.04559178625556
6126,hydro_reservoir,2030,7,286,286,209.65940477104303
6127,hydro_reservoir,2030,7,287,287,210.09446783480874
6128,hydro_reservoir,2030,7,288,288,209.73572227933587
6129,hydro_reservoir,2030,7,289,289,209.83811372546714
6130,hydro_reservoir,2030,7,290,290,208.92184880964905
6131,hydro_reservoir,2030,7,291,291,206.98212165043338
6132,hydro_reservoir,2030,7,292,292,206.63062378792728
6133,hydro_reservoir,2030,7,293,293,206.68647014536054
6134,hydro_reservoir,2030,7,294,294,207.4156580709185
6135,hydro_reservoir,2030,7,295,295,207.2951849257519
6136,hydro_reservoir,2030,7,296,296,207.25670282218906
6137,hydro_reservoir,2030,7,297,297,206.32319619535025
6138,hydro_reservoir,2030,7,298,298,206.74407439067699
6139,hydro_reservoir,2030,7,299,299,206.1250654751567
6140,hydro_reservoir,2030,7,300,300,205.43686377740227
6141,hydro_reservoir,2030,7,301,301,205.5303213677849
6142,hydro_reservoir,2030,7,302,302,206.28799332545685
6143,hydro_reservoir,2030,7,303,303,206.3106250722251
6144,hydro_reservoir,2030,7,304,304,205.33137815475297
6145,hydro_reservoir,2030,7,305,305,204.6976540138934
6146,hydro_reservoir,2030,7,306,306,204.42639012522022
6147,hydro_reservoir,2030,7,307,307,204.2910747672569
6148,hydro_reservoir,2030,7,308,308,204.53354024380363
6149,hydro_reservoir,2030,7,309,309,204.2217468791792
6150,hydro_reservoir,2030,7,310,310,202.81305440979102
6151,hydro_reservoir,2030,7,311,311,202.78065342448772
6152,hydro_reservoir,2030,7,312,312,202.961961314689
6153,hydro_reservoir,2030,7,313,313,203.58031452182973
6154,hydro_reservoir,2030,7,314,314,204.00290995180285
6155,hydro_reservoir,2030,7,315,315,201.763665734445
6156,hydro_reservoir,2030,7,316,316,202.6235421769766
6157,hydro_reservoir,2030,7,317,317,202.88491094164513
6158,hydro_reservoir,2030,7,318,318,202.4575574650285
6159,hydro_reservoir,2030,7,319,319,202.9286216919266
6160,hydro_reservoir,2030,7,320,320,203.36095796099315
6161,hydro_reservoir,2030,7,321,321,202.34886854481704
6162,hydro_reservoir,2030,7,322,322,202.99972800832558
6163,hydro_reservoir,2030,7,323,323,202.29310210570625
6164,hydro_reservoir,2030,7,324,324,202.6117393662133
6165,hydro_reservoir,2030,7,325,325,202.01114664826505
6166,hydro_reservoir,2030,7,326,326,202.69345082757275
6167,hydro_reservoir,2030,7,327,327,203.21752021471454
6168,hydro_reservoir,2030,7,328,328,202.88701358643308
6169,hydro_reservoir,2030,7,329,329,203.33366040985325
6170,hydro_reservoir,2030,7,330,330,203.76151366411253
6171,hydro_reservoir,2030,7,331,331,203.65509595353694
6172,hydro_reservoir,2030,7,332,332,203.98133338349413
6173,hydro_reservoir,2030,7,333,333,203.50586576525626
6174,hydro_reservoir,2030,7,334,334,203.2637710216529
6175,hydro_reservoir,2030,7,335,335,201.20365123559696
6176,hydro_reservoir,2030,7,336,336,201.30524694033286
6177,hydro_reservoir,2030,7,337,337,201.65928602724912
6178,hydro_reservoir,2030,7,338,338,200.8124623610285
6179,hydro_reservoir,2030,7,339,339,200.368425396801
6180,hydro_reservoir,2030,7,340,340,201.05135176545275
6181,hydro_reservoir,2030,7,341,341,201.40155697658147
6182,hydro_reservoir,2030,7,342,342,200.3469506628039
6183,hydro_reservoir,2030,7,343,343,199.31884981673574
6184,hydro_reservoir,2030,7,344,344,200.66707187904217
6185,hydro_reservoir,2030,7,345,345,201.7305943965804
6186,hydro_reservoir,2030,7,346,346,201.9626793198265
6187,hydro_reservoir,2030,7,347,347,202.41499652286208
6188,hydro_reservoir,2030,7,348,348,203.82537295492122
6189,hydro_reservoir,2030,7,349,349,203.6163626763718
6190,hydro_reservoir,2030,7,350,350,202.9220582695723
6191,hydro_reservoir,2030,7,351,351,203.5826512410876
6192,hydro_reservoir,2030,7,352,352,203.19335743680287
6193,hydro_reservoir,2030,7,353,353,203.51616951723167
6194,hydro_reservoir,2030,7,354,354,204.10259809340204
6195,hydro_reservoir,2030,7,355,355,205.43451027290325
6196,hydro_reservoir,2030,7,356,356,207.08363040978023
6197,hydro_reservoir,2030,7,357,357,206.99933557314338
6198,hydro_reservoir,2030,7,358,358,205.45392155846116
6199,hydro_reservoir,2030,7,359,359,204.36335447652618
6200,hydro_reservoir,2030,7,360,360,202.74011406586328
6201,hydro_reservoir,2030,7,361,361,201.69690173949277
6202,hydro_reservoir,2030,7,362,362,202.484387965571
6203,hydro_reservoir,2030,7,363,363,203.33642238198217
6204,hydro_reservoir,2030,7,364,364,201.8779135555825
6205,hydro_reservoir,2030,7,365,365,201.6
6206,hydro_reservoir,2030,8,1,1,202.8620687759681
6207,hydro_reservoir,2030,8,2,2,202.08699566369702
6208,hydro_reservoir,2030,8,3,3,202.81288043574696
6209,hydro_reservoir,2030,8,4,4,202.2457751627057
6210,hydro_reservoir,2030,8,5,5,204.00088417994786
6211,hydro_reservoir,2030,8,6,6,203.82203097415052
6212,hydro_reservoir,2030,8,7,7,202.67899326561738
6213,hydro_reservoir,2030,8,8,8,202.41832553929325
6214,hydro_reservoir,2030,8,9,9,203.33273453698877
6215,hydro_reservoir,2030,8,10,10,203.8030852367022
6216,hydro_reservoir,2030,8,11,11,203.28971004756602
6217,hydro_reservoir,2030,8,12,12,203.94232899395018
6218,hydro_reservoir,2030,8,13,13,203.68491642361653
6219,hydro_reservoir,2030,8,14,14,204.2175361903284
6220,hydro_reservoir,2030,8,15,15,205.60785414945198
6221,hydro_reservoir,2030,8,16,16,205.73730916062138
6222,hydro_reservoir,2030,8,17,17,206.39217270354325
6223,hydro_reservoir,2030,8,18,18,208.52550603687658
6224,hydro_reservoir,2030,8,19,19,209.50880029594484
6225,hydro_reservoir,2030,8,20,20,211.57051756266745
6226,hydro_reservoir,2030,8,21,21,211.58138892796566
6227,hydro_reservoir,2030,8,22,22,212.41523679463825
6228,hydro_reservoir,2030,8,23,23,212.59019989879442
6229,hydro_reservoir,2030,8,24,24,212.499979246694
6230,hydro_reservoir,2030,8,25,25,213.242925614359
6231,hydro_reservoir,2030,8,26,26,213.0610317809525
6232,hydro_reservoir,2030,8,27,27,212.21233969660872
6233,hydro_reservoir,2030,8,28,28,211.41073208165594
6234,hydro_reservoir,2030,8,29,29,211.91603889446046
6235,hydro_reservoir,2030,8,30,30,211.81884633012743
6236,hydro_reservoir,2030,8,31,31,211.93151472741977
6237,hydro_reservoir,2030,8,32,32,213.13443083790858
6238,hydro_reservoir,2030,8,33,33,213.40531261476707
6239,hydro_reservoir,2030,8,34,34,213.65739706894917
6240,hydro_reservoir,2030,8,35,35,212.7268909229743
6241,hydro_reservoir,2030,8,36,36,212.7664449991512
6242,hydro_reservoir,2030,8,37,37,212.5523962171346
6243,hydro_reservoir,2030,8,38,38,212.21402221967196
6244,hydro_reservoir,2030,8,39,39,212.70071451475374
6245,hydro_reservoir,2030,8,40,40,212.21802196007064
6246,hydro_reservoir,2030,8,41,41,211.902687645875
6247,hydro_reservoir,2030,8,42,42,212.42527713123212
6248,hydro_reservoir,2030,8,43,43,213.12542994846157
6249,hydro_reservoir,2030,8,44,44,214.34506994392612
6250,hydro_reservoir,2030,8,45,45,213.7762812986295
6251,hydro_reservoir,2030,8,46,46,215.30180743092805
6252,hydro_reservoir,2030,8,47,47,216.80255379591796
6253,hydro_reservoir,2030,8,48,48,217.39149530183303
6254,hydro_reservoir,2030,8,49,49,217.74389241749205
6255,hydro_reservoir,2030,8,50,50,217.64226739021754
6256,hydro_reservoir,2030,8,51,51,218.80233045470328
6257,hydro_reservoir,2030,8,52,52,219.926468173126
6258,hydro_reservoir,2030,8,53,53,221.69699878643448
6259,hydro_reservoir,2030,8,54,54,223.20895774097522
6260,hydro_reservoir,2030,8,55,55,223.65549795552184
6261,hydro_reservoir,2030,8,56,56,225.3384022133137
6262,hydro_reservoir,2030,8,57,57,226.07987827061692
6263,hydro_reservoir,2030,8,58,58,226.64458443669992
6264,hydro_reservoir,2030,8,59,59,227.6132656976982
6265,hydro_reservoir,2030,8,60,60,229.46696465839818
6266,hydro_reservoir,2030,8,61,61,231.39789455055444
6267,hydro_reservoir,2030,8,62,62,233.2002018467895
6268,hydro_reservoir,2030,8,63,63,234.19031184888766
6269,hydro_reservoir,2030,8,64,64,236.2876394663581
6270,hydro_reservoir,2030,8,65,65,238.38644194190695
6271,hydro_reservoir,2030,8,66,66,240.31347493112955
6272,hydro_reservoir,2030,8,67,67,241.9880133593735
6273,hydro_reservoir,2030,8,68,68,243.77726086692718
6274,hydro_reservoir,2030,8,69,69,244.8330139404163
6275,hydro_reservoir,2030,8,70,70,245.43364875166225
6276,hydro_reservoir,2030,8,71,71,246.8971166485686
6277,hydro_reservoir,2030,8,72,72,246.78365932798152
6278,hydro_reservoir,2030,8,73,73,247.65726843480795
6279,hydro_reservoir,2030,8,74,74,247.7873847470402
6280,hydro_reservoir,2030,8,75,75,246.14063867253589
6281,hydro_reservoir,2030,8,76,76,244.52722538313512
6282,hydro_reservoir,2030,8,77,77,243.52145013823989
6283,hydro_reservoir,2030,8,78,78,243.2712614425095
6284,hydro_reservoir,2030,8,79,79,242.56828544402853
6285,hydro_reservoir,2030,8,80,80,241.40238621663266
6286,hydro_reservoir,2030,8,81,81,241.8604821041651
6287,hydro_reservoir,2030,8,82,82,242.54365013787964
6288,hydro_reservoir,2030,8,83,83,244.03089143865452
6289,hydro_reservoir,2030,8,84,84,245.19737491490721
6290,hydro_reservoir,2030,8,85,85,245.75583031735673
6291,hydro_reservoir,2030,8,86,86,245.66941584323087
6292,hydro_reservoir,2030,8,87,87,244.05467816346214
6293,hydro_reservoir,2030,8,88,88,243.5961333976484
6294,hydro_reservoir,2030,8,89,89,242.54755904486746
6295,hydro_reservoir,2030,8,90,90,241.27096177567824
6296,hydro_reservoir,2030,8,91,91,241.93884148746952
6297,hydro_reservoir,2030,8,92,92,242.32269531960486
6298,hydro_reservoir,2030,8,93,93,242.60917878293048
6299,hydro_reservoir,2030,8,94,94,242.12463667475637
6300,hydro_reservoir,2030,8,95,95,241.70894481079432
6301,hydro_reservoir,2030,8,96,96,240.16741042860883
6302,hydro_reservoir,2030,8,97,97,239.72111286416867
6303,hydro_reservoir,2030,8,98,98,240.5837526843943
6304,hydro_reservoir,2030,8,99,99,241.3075928846436
6305,hydro_reservoir,2030,8,100,100,240.8704868810483
6306,hydro_reservoir,2030,8,101,101,240.3692004771376
6307,hydro_reservoir,2030,8,102,102,241.71164298418816
6308,hydro_reservoir,2030,8,103,103,240.69363207508317
6309,hydro_reservoir,2030,8,104,104,241.37836166197485
6310,hydro_reservoir,2030,8,105,105,241.2980916970654
6311,hydro_reservoir,2030,8,106,106,240.3275700535774
6312,hydro_reservoir,2030,8,107,107,240.55626804110727
6313,hydro_reservoir,2030,8,108,108,241.31962720306444
6314,hydro_reservoir,2030,8,109,109,241.79936916254795
6315,hydro_reservoir,2030,8,110,110,241.72572285416337
6316,hydro_reservoir,2030,8,111,111,241.80645303051563
6317,hydro_reservoir,2030,8,112,112,241.18366958617915
6318,hydro_reservoir,2030,8,113,113,240.39710856894797
6319,hydro_reservoir,2030,8,114,114,239.7543107437789
6320,hydro_reservoir,2030,8,115,115,239.37273405570733
6321,hydro_reservoir,2030,8,116,116,238.68854645290443
6322,hydro_reservoir,2030,8,117,117,237.78119596842473
6323,hydro_reservoir,2030,8,118,118,237.23695578578995
6324,hydro_reservoir,2030,8,119,119,236.44716123767208
6325,hydro_reservoir,2030,8,120,120,235.5381845077795
6326,hydro_reservoir,2030,8,121,121,235.04216848317208
6327,hydro_reservoir,2030,8,122,122,234.7020889670136
6328,hydro_reservoir,2030,8,123,123,233.91207778479728
6329,hydro_reservoir,2030,8,124,124,233.18269313319055
6330,hydro_reservoir,2030,8,125,125,233.0450846655078
6331,hydro_reservoir,2030,8,126,126,233.97403632039848
6332,hydro_reservoir,2030,8,127,127,233.77401643815446
6333,hydro_reservoir,2030,8,128,128,233.11656640159865
6334,hydro_reservoir,2030,8,129,129,232.4144298318025
6335,hydro_reservoir,2030,8,130,130,231.6004467045719
6336,hydro_reservoir,2030,8,131,131,230.3989451252605
6337,hydro_reservoir,2030,8,132,132,229.94287835489993
6338,hydro_reservoir,2030,8,133,133,230.56109754511635
6339,hydro_reservoir,2030,8,134,134,230.8067609176822
6340,hydro_reservoir,2030,8,135,135,230.52389957772
6341,hydro_reservoir,2030,8,136,136,230.0741400648091
6342,hydro_reservoir,2030,8,137,137,230.07946776608884
6343,hydro_reservoir,2030,8,138,138,230.00090673936688
6344,hydro_reservoir,2030,8,139,139,229.20754544725932
6345,hydro_reservoir,2030,8,140,140,228.30843137699836
6346,hydro_reservoir,2030,8,141,141,227.87724887679283
6347,hydro_reservoir,2030,8,142,142,227.9600433115243
6348,hydro_reservoir,2030,8,143,143,228.59045267590935
6349,hydro_reservoir,2030,8,144,144,228.99098380639546
6350,hydro_reservoir,2030,8,145,145,228.8986198274282
6351,hydro_reservoir,2030,8,146,146,229.77694106587552
6352,hydro_reservoir,2030,8,147,147,230.12944186550394
6353,hydro_reservoir,2030,8,148,148,229.56730867918975
6354,hydro_reservoir,2030,8,149,149,228.57347401257636
6355,hydro_reservoir,2030,8,150,150,229.55602750677488
6356,hydro_reservoir,2030,8,151,151,229.5574681578586
6357,hydro_reservoir,2030,8,152,152,228.61471758600518
6358,hydro_reservoir,2030,8,153,153,227.83631985637922
6359,hydro_reservoir,2030,8,154,154,228.135114120101
6360,hydro_reservoir,2030,8,155,155,228.14288917375012
6361,hydro_reservoir,2030,8,156,156,227.9545718859642
6362,hydro_reservoir,2030,8,157,157,226.89100601397456
6363,hydro_reservoir,2030,8,158,158,225.5267197217566
6364,hydro_reservoir,2030,8,159,159,225.87216717057024
6365,hydro_reservoir,2030,8,160,160,226.8975182015061
6366,hydro_reservoir,2030,8,161,161,227.93395350439977
6367,hydro_reservoir,2030,8,162,162,228.3737250222228
6368,hydro_reservoir,2030,8,163,163,227.7433968395917
6369,hydro_reservoir,2030,8,164,164,226.83542683376945
6370,hydro_reservoir,2030,8,165,165,226.9520458208587
6371,hydro_reservoir,2030,8,166,166,227.44762344633716
6372,hydro_reservoir,2030,8,167,167,227.81450314461205
6373,hydro_reservoir,2030,8,168,168,227.885567967731
6374,hydro_reservoir,2030,8,169,169,227.1310259084405
6375,hydro_reservoir,2030,8,170,170,226.13342893149797
6376,hydro_reservoir,2030,8,171,171,224.98656292309414
6377,hydro_reservoir,2030,8,172,172,223.93331307108815
6378,hydro_reservoir,2030,8,173,173,222.9376867423464
6379,hydro_reservoir,2030,8,174,174,221.95706373391707
6380,hydro_reservoir,2030,8,175,175,220.97219175687206
6381,hydro_reservoir,2030,8,176,176,221.05479711831524
6382,hydro_reservoir,2030,8,177,177,221.04936915399637
6383,hydro_reservoir,2030,8,178,178,220.60960211714345
6384,hydro_reservoir,2030,8,179,179,219.68312144922314
6385,hydro_reservoir,2030,8,180,180,218.59787822059343
6386,hydro_reservoir,2030,8,181,181,219.3366805698437
6387,hydro_reservoir,2030,8,182,182,219.52805523161592
6388,hydro_reservoir,2030,8,183,183,219.85428376046323
6389,hydro_reservoir,2030,8,184,184,220.25585076501784
6390,hydro_reservoir,2030,8,185,185,220.34040936967284
6391,hydro_reservoir,2030,8,186,186,219.3498115597631
6392,hydro_reservoir,2030,8,187,187,218.34426740293605
6393,hydro_reservoir,2030,8,188,188,217.50281787645574
6394,hydro_reservoir,2030,8,189,189,217.0986987899226
6395,hydro_reservoir,2030,8,190,190,216.8365574199493
6396,hydro_reservoir,2030,8,191,191,216.09033754456652
6397,hydro_reservoir,2030,8,192,192,215.55814132153247
6398,hydro_reservoir,2030,8,193,193,214.832019834519
6399,hydro_reservoir,2030,8,194,194,214.2697654498906
6400,hydro_reservoir,2030,8,195,195,213.16232435521803
6401,hydro_reservoir,2030,8,196,196,212.3555027001553
6402,hydro_reservoir,2030,8,197,197,211.96121456159705
6403,hydro_reservoir,2030,8,198,198,210.89858481620038
6404,hydro_reservoir,2030,8,199,199,209.79526648886127
6405,hydro_reservoir,2030,8,200,200,209.36899310958242
6406,hydro_reservoir,2030,8,201,201,209.84519909000556
6407,hydro_reservoir,2030,8,202,202,209.65201126684659
6408,hydro_reservoir,2030,8,203,203,208.84260618226685
6409,hydro_reservoir,2030,8,204,204,208.07893237573393
6410,hydro_reservoir,2030,8,205,205,207.1301455268401
6411,hydro_reservoir,2030,8,206,206,206.04695886539366
6412,hydro_reservoir,2030,8,207,207,204.95810495474836
6413,hydro_reservoir,2030,8,208,208,204.19710862743543
6414,hydro_reservoir,2030,8,209,209,203.57839444613998
6415,hydro_reservoir,2030,8,210,210,202.974635217624
6416,hydro_reservoir,2030,8,211,211,202.03798926346533
6417,hydro_reservoir,2030,8,212,212,201.96202112580727
6418,hydro_reservoir,2030,8,213,213,201.21390197348498
6419,hydro_reservoir,2030,8,214,214,200.88028834337752
6420,hydro_reservoir,2030,8,215,215,201.67590131172432
6421,hydro_reservoir,2030,8,216,216,201.69831787525305
6422,hydro_reservoir,2030,8,217,217,200.94313377870904
6423,hydro_reservoir,2030,8,218,218,199.78655964044583
6424,hydro_reservoir,2030,8,219,219,199.54171224181022
6425,hydro_reservoir,2030,8,220,220,199.0474957290781
6426,hydro_reservoir,2030,8,221,221,199.3922896317969
6427,hydro_reservoir,2030,8,222,222,199.66439013117528
6428,hydro_reservoir,2030,8,223,223,200.17911826471052
6429,hydro_reservoir,2030,8,224,224,199.70410038883645
6430,hydro_reservoir,2030,8,225,225,198.788190292267
6431,hydro_reservoir,2030,8,226,226,198.30135468271976
6432,hydro_reservoir,2030,8,227,227,198.36945396848017
6433,hydro_reservoir,2030,8,228,228,198.09404459430064
6434,hydro_reservoir,2030,8,229,229,197.32730500161185
6435,hydro_reservoir,2030,8,230,230,196.91333609812523
6436,hydro_reservoir,2030,8,231,231,196.36644508989815
6437,hydro_reservoir,2030,8,232,232,195.38502822977736
6438,hydro_reservoir,2030,8,233,233,194.697718261058
6439,hydro_reservoir,2030,8,234,234,194.7795140134378
6440,hydro_reservoir,2030,8,235,235,195.21003275454808
6441,hydro_reservoir,2030,8,236,236,195.7341789678052
6442,hydro_reservoir,2030,8,237,237,195.67399640419202
6443,hydro_reservoir,2030,8,238,238,196.0136004321463
6444,hydro_reservoir,2030,8,239,239,196.35455427096468
6445,hydro_reservoir,2030,8,240,240,196.49580484392163
6446,hydro_reservoir,2030,8,241,241,196.74521115473812
6447,hydro_reservoir,2030,8,242,242,196.64015401615714
6448,hydro_reservoir,2030,8,243,243,196.1234282156373
6449,hydro_reservoir,2030,8,244,244,195.43917467884265
6450,hydro_reservoir,2030,8,245,245,194.6216824778465
6451,hydro_reservoir,2030,8,246,246,194.44197841093083
6452,hydro_reservoir,2030,8,247,247,194.7438023502379
6453,hydro_reservoir,2030,8,248,248,194.76977929769095
6454,hydro_reservoir,2030,8,249,249,195.53120189574435
6455,hydro_reservoir,2030,8,250,250,195.41037370749385
6456,hydro_reservoir,2030,8,251,251,194.5791498681077
6457,hydro_reservoir,2030,8,252,252,193.70324196584775
6458,hydro_reservoir,2030,8,253,253,193.8672595275504
6459,hydro_reservoir,2030,8,254,254,193.15848823038576
6460,hydro_reservoir,2030,8,255,255,193.40988326543544
6461,hydro_reservoir,2030,8,256,256,194.687467663876
6462,hydro_reservoir,2030,8,257,257,195.35618886498182
6463,hydro_reservoir,2030,8,258,258,195.05669955053526
6464,hydro_reservoir,2030,8,259,259,193.9921289627633
6465,hydro_reservoir,2030,8,260,260,194.03410914499156
6466,hydro_reservoir,2030,8,261,261,195.13474368800513
6467,hydro_reservoir,2030,8,262,262,194.89135997422426
6468,hydro_reservoir,2030,8,263,263,195.1344581919386
6469,hydro_reservoir,2030,8,264,264,195.21230120269323
6470,hydro_reservoir,2030,8,265,265,195.28872266601917
6471,hydro_reservoir,2030,8,266,266,194.69826700621974
6472,hydro_reservoir,2030,8,267,267,193.74150631613685
6473,hydro_reservoir,2030,8,268,268,193.7348245911527
6474,hydro_reservoir,2030,8,269,269,193.62866267192052
6475,hydro_reservoir,2030,8,270,270,193.69851519130486
6476,hydro_reservoir,2030,8,271,271,194.67982484829346
6477,hydro_reservoir,2030,8,272,272,194.59270176272565
6478,hydro_reservoir,2030,8,273,273,194.17670846480598
6479,hydro_reservoir,2030,8,274,274,194.07780732647885
6480,hydro_reservoir,2030,8,275,275,193.54958235392104
6481,hydro_reservoir,2030,8,276,276,193.7279925800315
6482,hydro_reservoir,2030,8,277,277,193.6504347423348
6483,hydro_reservoir,2030,8,278,278,191.46505206414975
6484,hydro_reservoir,2030,8,279,279,191.90499764349096
6485,hydro_reservoir,2030,8,280,280,191.1393229468568
6486,hydro_reservoir,2030,8,281,281,190.3983694058617
6487,hydro_reservoir,2030,8,282,282,190.4057658503463
6488,hydro_reservoir,2030,8,283,283,190.90159324270817
6489,hydro_reservoir,2030,8,284,284,191.02860562198643
6490,hydro_reservoir,2030,8,285,285,191.92173247722826
6491,hydro_reservoir,2030,8,286,286,192.44695637764943
6492,hydro_reservoir,2030,8,287,287,192.73103855160764
6493,hydro_reservoir,2030,8,288,288,192.65230156815494
6494,hydro_reservoir,2030,8,289,289,193.3546264215881
6495,hydro_reservoir,2030,8,290,290,193.61233272805617
6496,hydro_reservoir,2030,8,291,291,193.79931890898575
6497,hydro_reservoir,2030,8,292,292,194.4619709245091
6498,hydro_reservoir,2030,8,293,293,194.9590787872395
6499,hydro_reservoir,2030,8,294,294,196.06073750844084
6500,hydro_reservoir,2030,8,295,295,197.28442736665124
6501,hydro_reservoir,2030,8,296,296,197.59070878992816
6502,hydro_reservoir,2030,8,297,297,197.7907053584997
6503,hydro_reservoir,2030,8,298,298,196.89100875621548
6504,hydro_reservoir,2030,8,299,299,196.85298741927488
6505,hydro_reservoir,2030,8,300,300,196.51851965223346
6506,hydro_reservoir,2030,8,301,301,195.18156100394256
6507,hydro_reservoir,2030,8,302,302,194.1405950359195
6508,hydro_reservoir,2030,8,303,303,192.6462142683444
6509,hydro_reservoir,2030,8,304,304,194.01098260412496
6510,hydro_reservoir,2030,8,305,305,195.42964210004132
6511,hydro_reservoir,2030,8,306,306,194.32313083735886
6512,hydro_reservoir,2030,8,307,307,194.90519347931345
6513,hydro_reservoir,2030,8,308,308,195.3673308352358
6514,hydro_reservoir,2030,8,309,309,195.10222513411193
6515,hydro_reservoir,2030,8,310,310,194.41606830333802
6516,hydro_reservoir,2030,8,311,311,194.73678894078975
6517,hydro_reservoir,2030,8,312,312,193.38830434141818
6518,hydro_reservoir,2030,8,313,313,192.87765832318289
6519,hydro_reservoir,2030,8,314,314,192.4871165245597
6520,hydro_reservoir,2030,8,315,315,194.2677195484946
6521,hydro_reservoir,2030,8,316,316,193.5418513080313
6522,hydro_reservoir,2030,8,317,317,194.2515171661941
6523,hydro_reservoir,2030,8,318,318,194.99447426884205
6524,hydro_reservoir,2030,8,319,319,196.29558326392302
6525,hydro_reservoir,2030,8,320,320,198.04481619901046
6526,hydro_reservoir,2030,8,321,321,199.56458699716487
6527,hydro_reservoir,2030,8,322,322,198.63023615298422
6528,hydro_reservoir,2030,8,323,323,198.48971973383058
6529,hydro_reservoir,2030,8,324,324,197.90835874336867
6530,hydro_reservoir,2030,8,325,325,197.27821603850566
6531,hydro_reservoir,2030,8,326,326,196.17599342523937
6532,hydro_reservoir,2030,8,327,327,195.32166100306424
6533,hydro_reservoir,2030,8,328,328,194.2190411758358
6534,hydro_reservoir,2030,8,329,329,193.25264327866918
6535,hydro_reservoir,2030,8,330,330,192.31145006722303
6536,hydro_reservoir,2030,8,331,331,191.41815452089673
6537,hydro_reservoir,2030,8,332,332,191.1124741285808
6538,hydro_reservoir,2030,8,333,333,191.8568690081898
6539,hydro_reservoir,2030,8,334,334,193.1563853385307
6540,hydro_reservoir,2030,8,335,335,192.85670659818632
6541,hydro_reservoir,2030,8,336,336,192.37443241008785
6542,hydro_reservoir,2030,8,337,337,191.0945154032728
6543,hydro_reservoir,2030,8,338,338,191.51085719832034
6544,hydro_reservoir,2030,8,339,339,190.3154027898952
6545,hydro_reservoir,2030,8,340,340,189.85323601203396
6546,hydro_reservoir,2030,8,341,341,189.5941568377689
6547,hydro_reservoir,2030,8,342,342,190.33385983310563
6548,hydro_reservoir,2030,8,343,343,190.9505290283959
6549,hydro_reservoir,2030,8,344,344,192.66517372151026
6550,hydro_reservoir,2030,8,345,345,192.4900899186991
6551,hydro_reservoir,2030,8,346,346,193.83644047850964
6552,hydro_reservoir,2030,8,347,347,194.57192123860145
6553,hydro_reservoir,2030,8,348,348,196.17363512435614
6554,hydro_reservoir,2030,8,349,349,196.3204181056095
6555,hydro_reservoir,2030,8,350,350,197.18306146803292
6556,hydro_reservoir,2030,8,351,351,197.16781961083456
6557,hydro_reservoir,2030,8,352,352,197.79741207977577
6558,hydro_reservoir,2030,8,353,353,198.04927156510067
6559,hydro_reservoir,2030,8,354,354,197.8994259015984
6560,hydro_reservoir,2030,8,355,355,199.6784329506432
6561,hydro_reservoir,2030,8,356,356,199.21247529267958
6562,hydro_reservoir,2030,8,357,357,199.7487144368854
6563,hydro_reservoir,2030,8,358,358,199.88660172395126
6564,hydro_reservoir,2030,8,359,359,200.82970468608457
6565,hydro_reservoir,2030,8,360,360,202.64720972408387
6566,hydro_reservoir,2030,8,361,361,203.38611520040146
6567,hydro_reservoir,2030,8,362,362,202.23781076075656
6568,hydro_reservoir,2030,8,363,363,201.68717442351164
6569,hydro_reservoir,2030,8,364,364,201.63487224096625
6570,hydro_reservoir,2030,8,365,365,201.6
6571,hydro_reservoir,2030,9,1,1,203.23642376155885
6572,hydro_reservoir,2030,9,2,2,205.0958996619606
6573,hydro_reservoir,2030,9,3,3,206.53581801097837
6574,hydro_reservoir,2030,9,4,4,206.90011743822905
6575,hydro_reservoir,2030,9,5,5,207.04350651016304
6576,hydro_reservoir,2030,9,6,6,208.58669020700074
6577,hydro_reservoir,2030,9,7,7,210.05172871496237
6578,hydro_reservoir,2030,9,8,8,211.2764094594622
6579,hydro_reservoir,2030,9,9,9,211.3791050501805
6580,hydro_reservoir,2030,9,10,10,212.63426156640233
6581,hydro_reservoir,2030,9,11,11,213.16561934381792
6582,hydro_reservoir,2030,9,12,12,214.35338253055008
6583,hydro_reservoir,2030,9,13,13,215.09487191256463
6584,hydro_reservoir,2030,9,14,14,215.54058429358304
6585,hydro_reservoir,2030,9,15,15,215.53875436320067
6586,hydro_reservoir,2030,9,16,16,215.83583282537703
6587,hydro_reservoir,2030,9,17,17,215.49043518558534
6588,hydro_reservoir,2030,9,18,18,215.22264296310365
6589,hydro_reservoir,2030,9,19,19,215.2469017919102
6590,hydro_reservoir,2030,9,20,20,215.4902434339849
6591,hydro_reservoir,2030,9,21,21,216.2987829242684
6592,hydro_reservoir,2030,9,22,22,217.0699516004801
6593,hydro_reservoir,2030,9,23,23,218.3610381882633
6594,hydro_reservoir,2030,9,24,24,218.62893452861988
6595,hydro_reservoir,2030,9,25,25,218.42205648770306
6596,hydro_reservoir,2030,9,26,26,218.9252417940566
6597,hydro_reservoir,2030,9,27,27,220.26021209757008
6598,hydro_reservoir,2030,9,28,28,221.4957725977767
6599,hydro_reservoir,2030,9,29,29,221.21547984532472
6600,hydro_reservoir,2030,9,30,30,221.27260546708823
6601,hydro_reservoir,2030,9,31,31,222.0781469717698
6602,hydro_reservoir,2030,9,32,32,223.88264562418584
6603,hydro_reservoir,2030,9,33,33,225.41916207943368
6604,hydro_reservoir,2030,9,34,34,226.7702533839295
6605,hydro_reservoir,2030,9,35,35,227.9939104739845
6606,hydro_reservoir,2030,9,36,36,229.2987904301667
6607,hydro_reservoir,2030,9,37,37,230.8960054764807
6608,hydro_reservoir,2030,9,38,38,232.59791638112728
6609,hydro_reservoir,2030,9,39,39,233.7344156664646
6610,hydro_reservoir,2030,9,40,40,235.11031375079673
6611,hydro_reservoir,2030,9,41,41,236.8128585623662
6612,hydro_reservoir,2030,9,42,42,237.16525619153106
6613,hydro_reservoir,2030,9,43,43,238.731263201039
6614,hydro_reservoir,2030,9,44,44,240.7115629077956
6615,hydro_reservoir,2030,9,45,45,242.49425421020192
6616,hydro_reservoir,2030,9,46,46,242.66765701291138
6617,hydro_reservoir,2030,9,47,47,243.06570284938127
6618,hydro_reservoir,2030,9,48,48,243.47816518061188
6619,hydro_reservoir,2030,9,49,49,244.13260011594826
6620,hydro_reservoir,2030,9,50,50,245.49590285355924
6621,hydro_reservoir,2030,9,51,51,245.66002193389076
6622,hydro_reservoir,2030,9,52,52,245.64256333394468
6623,hydro_reservoir,2030,9,53,53,245.47148293997748
6624,hydro_reservoir,2030,9,54,54,245.42659199339155
6625,hydro_reservoir,2030,9,55,55,245.86947241316537
6626,hydro_reservoir,2030,9,56,56,247.12612067130314
6627,hydro_reservoir,2030,9,57,57,247.74531416812835
6628,hydro_reservoir,2030,9,58,58,247.70048011878418
6629,hydro_reservoir,2030,9,59,59,247.72084618513998
6630,hydro_reservoir,2030,9,60,60,247.742172112101
6631,hydro_reservoir,2030,9,61,61,247.89885552404084
6632,hydro_reservoir,2030,9,62,62,248.46811648179926
6633,hydro_reservoir,2030,9,63,63,249.58400400003413
6634,hydro_reservoir,2030,9,64,64,251.39729214273234
6635,hydro_reservoir,2030,9,65,65,252.46189247342647
6636,hydro_reservoir,2030,9,66,66,253.62841987845414
6637,hydro_reservoir,2030,9,67,67,253.6379227428651
6638,hydro_reservoir,2030,9,68,68,254.59526445133508
6639,hydro_reservoir,2030,9,69,69,255.94824226301404
6640,hydro_reservoir,2030,9,70,70,256.71220457706033
6641,hydro_reservoir,2030,9,71,71,257.0183332556209
6642,hydro_reservoir,2030,9,72,72,258.5798924739866
6643,hydro_reservoir,2030,9,73,73,258.80030965786494
6644,hydro_reservoir,2030,9,74,74,258.8288713564164
6645,hydro_reservoir,2030,9,75,75,259.0199058969141
6646,hydro_reservoir,2030,9,76,76,259.0031009317281
6647,hydro_reservoir,2030,9,77,77,259.3724829027985
6648,hydro_reservoir,2030,9,78,78,260.83064162480355
6649,hydro_reservoir,2030,9,79,79,262.2944276045427
6650,hydro_reservoir,2030,9,80,80,263.0708646518329
6651,hydro_reservoir,2030,9,81,81,264.67546646725964
6652,hydro_reservoir,2030,9,82,82,265.34760389120845
6653,hydro_reservoir,2030,9,83,83,265.7473445363237
6654,hydro_reservoir,2030,9,84,84,267.54552359289335
6655,hydro_reservoir,2030,9,85,85,267.395993101036
6656,hydro_reservoir,2030,9,86,86,268.6905396153849
6657,hydro_reservoir,2030,9,87,87,268.94937232190904
6658,hydro_reservoir,2030,9,88,88,269.4075307253291
6659,hydro_reservoir,2030,9,89,89,268.8254820587301
6660,hydro_reservoir,2030,9,90,90,268.74855045538015
6661,hydro_reservoir,2030,9,91,91,268.703659138064
6662,hydro_reservoir,2030,9,92,92,268.9010018043291
6663,hydro_reservoir,2030,9,93,93,269.0253572580654
6664,hydro_reservoir,2030,9,94,94,269.1288883024886
6665,hydro_reservoir,2030,9,95,95,269.24777424405124
6666,hydro_reservoir,2030,9,96,96,269.292741028384
6667,hydro_reservoir,2030,9,97,97,269.26391586302015
6668,hydro_reservoir,2030,9,98,98,269.4449850486394
6669,hydro_reservoir,2030,9,99,99,269.4219122069897
6670,hydro_reservoir,2030,9,100,100,270.2625981363131
6671,hydro_reservoir,2030,9,101,101,270.29709953632795
6672,hydro_reservoir,2030,9,102,102,271.12070876790597
6673,hydro_reservoir,2030,9,103,103,270.81854371312625
6674,hydro_reservoir,2030,9,104,104,271.80849632811373
6675,hydro_reservoir,2030,9,105,105,272.56420341922194
6676,hydro_reservoir,2030,9,106,106,272.61648303889126
6677,hydro_reservoir,2030,9,107,107,272.6614715521423
6678,hydro_reservoir,2030,9,108,108,273.6032013897345
6679,hydro_reservoir,2030,9,109,109,273.9112372179438
6680,hydro_reservoir,2030,9,110,110,273.646758389411
6681,hydro_reservoir,2030,9,111,111,274.639518164518
6682,hydro_reservoir,2030,9,112,112,275.00027041117374
6683,hydro_reservoir,2030,9,113,113,275.3351048661411
6684,hydro_reservoir,2030,9,114,114,275.0704631572253
6685,hydro_reservoir,2030,9,115,115,274.95138859440306
6686,hydro_reservoir,2030,9,116,116,274.4789608964611
6687,hydro_reservoir,2030,9,117,117,274.87676292226
6688,hydro_reservoir,2030,9,118,118,274.53303327909185
6689,hydro_reservoir,2030,9,119,119,274.28721690743134
6690,hydro_reservoir,2030,9,120,120,274.2727719997991
6691,hydro_reservoir,2030,9,121,121,273.8811288526364
6692,hydro_reservoir,2030,9,122,122,274.04671875541413
6693,hydro_reservoir,2030,9,123,123,273.5882361005158
6694,hydro_reservoir,2030,9,124,124,273.45105834945366
6695,hydro_reservoir,2030,9,125,125,273.66329946981216
6696,hydro_reservoir,2030,9,126,126,273.6457462192282
6697,hydro_reservoir,2030,9,127,127,273.35311644610175
6698,hydro_reservoir,2030,9,128,128,273.0896622913556
6699,hydro_reservoir,2030,9,129,129,272.8663675847561
6700,hydro_reservoir,2030,9,130,130,272.59359237060335
6701,hydro_reservoir,2030,9,131,131,273.75422574598105
6702,hydro_reservoir,2030,9,132,132,273.25553058314375
6703,hydro_reservoir,2030,9,133,133,272.92360345043863
6704,hydro_reservoir,2030,9,134,134,273.32055932984036
6705,hydro_reservoir,2030,9,135,135,272.9251221159569
6706,hydro_reservoir,2030,9,136,136,272.9714572718085
6707,hydro_reservoir,2030,9,137,137,271.8843099415885
6708,hydro_reservoir,2030,9,138,138,271.7900278991849
6709,hydro_reservoir,2030,9,139,139,271.56268371659166
6710,hydro_reservoir,2030,9,140,140,271.5362507802632
6711,hydro_reservoir,2030,9,141,141,271.9079883895942
6712,hydro_reservoir,2030,9,142,142,272.2191871094038
6713,hydro_reservoir,2030,9,143,143,272.9181884186468
6714,hydro_reservoir,2030,9,144,144,273.2459568899026
6715,hydro_reservoir,2030,9,145,145,273.41158448694813
6716,hydro_reservoir,2030,9,146,146,273.14639032862846
6717,hydro_reservoir,2030,9,147,147,273.9764285291184
6718,hydro_reservoir,2030,9,148,148,273.91637652542977
6719,hydro_reservoir,2030,9,149,149,273.9785527090028
6720,hydro_reservoir,2030,9,150,150,273.1900322229545
6721,hydro_reservoir,2030,9,151,151,272.94963151647534
6722,hydro_reservoir,2030,9,152,152,272.3978988189502
6723,hydro_reservoir,2030,9,153,153,272.1119548240939
6724,hydro_reservoir,2030,9,154,154,271.8768679268613
6725,hydro_reservoir,2030,9,155,155,271.816411407327
6726,hydro_reservoir,2030,9,156,156,271.02062136936917
6727,hydro_reservoir,2030,9,157,157,270.96294307801327
6728,hydro_reservoir,2030,9,158,158,270.86631794069456
6729,hydro_reservoir,2030,9,159,159,270.3647976450415
6730,hydro_reservoir,2030,9,160,160,270.53545614496437
6731,hydro_reservoir,2030,9,161,161,270.68269167105984
6732,hydro_reservoir,2030,9,162,162,270.76341611966836
6733,hydro_reservoir,2030,9,163,163,270.35223316135045
6734,hydro_reservoir,2030,9,164,164,270.08643706027954
6735,hydro_reservoir,2030,9,165,165,269.53242551217284
6736,hydro_reservoir,2030,9,166,166,269.7188569184456
6737,hydro_reservoir,2030,9,167,167,268.71441784286446
6738,hydro_reservoir,2030,9,168,168,267.42305694738053
6739,hydro_reservoir,2030,9,169,169,267.4404592391276
6740,hydro_reservoir,2030,9,170,170,267.97666725772046
6741,hydro_reservoir,2030,9,171,171,265.766769407796
6742,hydro_reservoir,2030,9,172,172,265.5996062770876
6743,hydro_reservoir,2030,9,173,173,265.07533167443773
6744,hydro_reservoir,2030,9,174,174,265.0493897164362
6745,hydro_reservoir,2030,9,175,175,264.22590995819706
6746,hydro_reservoir,2030,9,176,176,264.16555805485433
6747,hydro_reservoir,2030,9,177,177,263.7642728183938
6748,hydro_reservoir,2030,9,178,178,263.6192562858926
6749,hydro_reservoir,2030,9,179,179,262.76909521227583
6750,hydro_reservoir,2030,9,180,180,262.17215991892056
6751,hydro_reservoir,2030,9,181,181,262.6679149318496
6752,hydro_reservoir,2030,9,182,182,262.61381270995844
6753,hydro_reservoir,2030,9,183,183,262.25201925346454
6754,hydro_reservoir,2030,9,184,184,261.90714200005095
6755,hydro_reservoir,2030,9,185,185,261.48164285817774
6756,hydro_reservoir,2030,9,186,186,261.2011933473995
6757,hydro_reservoir,2030,9,187,187,260.54134369132737
6758,hydro_reservoir,2030,9,188,188,259.64348768271674
6759,hydro_reservoir,2030,9,189,189,259.37618779939646
6760,hydro_reservoir,2030,9,190,190,258.9658065111786
6761,hydro_reservoir,2030,9,191,191,258.84058580467496
6762,hydro_reservoir,2030,9,192,192,257.9428515942956
6763,hydro_reservoir,2030,9,193,193,257.4363422635102
6764,hydro_reservoir,2030,9,194,194,256.6741347466552
6765,hydro_reservoir,2030,9,195,195,256.86385179689984
6766,hydro_reservoir,2030,9,196,196,256.9378963941115
6767,hydro_reservoir,2030,9,197,197,256.89382767255177
6768,hydro_reservoir,2030,9,198,198,257.1971027711278
6769,hydro_reservoir,2030,9,199,199,256.3106218702687
6770,hydro_reservoir,2030,9,200,200,255.4570475690024
6771,hydro_reservoir,2030,9,201,201,255.45463324989333
6772,hydro_reservoir,2030,9,202,202,255.18161050441412
6773,hydro_reservoir,2030,9,203,203,255.0835241174394
6774,hydro_reservoir,2030,9,204,204,254.97856437734137
6775,hydro_reservoir,2030,9,205,205,254.9956918006785
6776,hydro_reservoir,2030,9,206,206,255.09922080642207
6777,hydro_reservoir,2030,9,207,207,254.0728089144126
6778,hydro_reservoir,2030,9,208,208,253.8770254842864
6779,hydro_reservoir,2030,9,209,209,253.3874280953129
6780,hydro_reservoir,2030,9,210,210,253.54966314936124
6781,hydro_reservoir,2030,9,211,211,253.32622591438042
6782,hydro_reservoir,2030,9,212,212,253.40713724023166
6783,hydro_reservoir,2030,9,213,213,253.401048654289
6784,hydro_reservoir,2030,9,214,214,253.5093578153583
6785,hydro_reservoir,2030,9,215,215,253.1776939119805
6786,hydro_reservoir,2030,9,216,216,253.2018395950555
6787,hydro_reservoir,2030,9,217,217,252.9623724496189
6788,hydro_reservoir,2030,9,218,218,252.37152607316233
6789,hydro_reservoir,2030,9,219,219,252.47468513616496
6790,hydro_reservoir,2030,9,220,220,251.41405214216124
6791,hydro_reservoir,2030,9,221,221,250.6810794145451
6792,hydro_reservoir,2030,9,222,222,250.16830551212544
6793,hydro_reservoir,2030,9,223,223,249.80637314695386
6794,hydro_reservoir,2030,9,224,224,249.62093069634645
6795,hydro_reservoir,2030,9,225,225,249.4666712280671
6796,hydro_reservoir,2030,9,226,226,249.56651685715693
6797,hydro_reservoir,2030,9,227,227,249.61944225781406
6798,hydro_reservoir,2030,9,228,228,249.08241469531865
6799,hydro_reservoir,2030,9,229,229,248.49096263614572
6800,hydro_reservoir,2030,9,230,230,248.2751087517108
6801,hydro_reservoir,2030,9,231,231,247.81017007654094
6802,hydro_reservoir,2030,9,232,232,247.85541199177229
6803,hydro_reservoir,2030,9,233,233,246.68453749173588
6804,hydro_reservoir,2030,9,234,234,245.96148657493313
6805,hydro_reservoir,2030,9,235,235,245.75081844484512
6806,hydro_reservoir,2030,9,236,236,244.54586833714302
6807,hydro_reservoir,2030,9,237,237,244.81856071787425
6808,hydro_reservoir,2030,9,238,238,244.90423095413965
6809,hydro_reservoir,2030,9,239,239,244.7216384427017
6810,hydro_reservoir,2030,9,240,240,244.40835487786603
6811,hydro_reservoir,2030,9,241,241,243.60722961136733
6812,hydro_reservoir,2030,9,242,242,242.77576771329927
6813,hydro_reservoir,2030,9,243,243,242.55025705265413
6814,hydro_reservoir,2030,9,244,244,242.24778239178923
6815,hydro_reservoir,2030,9,245,245,241.87373747876757
6816,hydro_reservoir,2030,9,246,246,241.72128441445028
6817,hydro_reservoir,2030,9,247,247,241.459517588073
6818,hydro_reservoir,2030,9,248,248,241.11240431511615
6819,hydro_reservoir,2030,9,249,249,240.80488056515466
6820,hydro_reservoir,2030,9,250,250,239.51936109351033
6821,hydro_reservoir,2030,9,251,251,238.7186027489504
6822,hydro_reservoir,2030,9,252,252,238.5127100563226
6823,hydro_reservoir,2030,9,253,253,238.38381760467172
6824,hydro_reservoir,2030,9,254,254,238.1101335595048
6825,hydro_reservoir,2030,9,255,255,237.8239152967897
6826,hydro_reservoir,2030,9,256,256,237.37228511280162
6827,hydro_reservoir,2030,9,257,257,235.43713440362686
6828,hydro_reservoir,2030,9,258,258,234.29757392053057
6829,hydro_reservoir,2030,9,259,259,234.04193149067135
6830,hydro_reservoir,2030,9,260,260,234.06656537415526
6831,hydro_reservoir,2030,9,261,261,233.82308375275517
6832,hydro_reservoir,2030,9,262,262,232.21369683136305
6833,hydro_reservoir,2030,9,263,263,231.1203313175463
6834,hydro_reservoir,2030,9,264,264,230.63366466127013
6835,hydro_reservoir,2030,9,265,265,230.10655711697186
6836,hydro_reservoir,2030,9,266,266,229.4959260375743
6837,hydro_reservoir,2030,9,267,267,227.53833595159722
6838,hydro_reservoir,2030,9,268,268,226.86665666003992
6839,hydro_reservoir,2030,9,269,269,225.26732501895245
6840,hydro_reservoir,2030,9,270,270,225.1107183946002
6841,hydro_reservoir,2030,9,271,271,224.3793383165607
6842,hydro_reservoir,2030,9,272,272,223.83033315305116
6843,hydro_reservoir,2030,9,273,273,222.70593188463727
6844,hydro_reservoir,2030,9,274,274,222.62219101473593
6845,hydro_reservoir,2030,9,275,275,223.01401808538554
6846,hydro_reservoir,2030,9,276,276,222.80997407577075
6847,hydro_reservoir,2030,9,277,277,222.81793329417144
6848,hydro_reservoir,2030,9,278,278,223.18530840484573
6849,hydro_reservoir,2030,9,279,279,223.1979504771779
6850,hydro_reservoir,2030,9,280,280,223.1714770860365
6851,hydro_reservoir,2030,9,281,281,222.42280141333347
6852,hydro_reservoir,2030,9,282,282,221.67280531572342
6853,hydro_reservoir,2030,9,283,283,221.17139912654855
6854,hydro_reservoir,2030,9,284,284,217.94768792079972
6855,hydro_reservoir,2030,9,285,285,216.27039488453318
6856,hydro_reservoir,2030,9,286,286,216.5200626584704
6857,hydro_reservoir,2030,9,287,287,216.76532514751966
6858,hydro_reservoir,2030,9,288,288,216.76447172458776
6859,hydro_reservoir,2030,9,289,289,216.6981215172828
6860,hydro_reservoir,2030,9,290,290,215.17266945110404
6861,hydro_reservoir,2030,9,291,291,215.14974644928253
6862,hydro_reservoir,2030,9,292,292,215.2082104624857
6863,hydro_reservoir,2030,9,293,293,215.3818862216323
6864,hydro_reservoir,2030,9,294,294,215.2024038974911
6865,hydro_reservoir,2030,9,295,295,215.17234655138267
6866,hydro_reservoir,2030,9,296,296,215.64203204765562
6867,hydro_reservoir,2030,9,297,297,215.9872832128004
6868,hydro_reservoir,2030,9,298,298,215.9639372917482
6869,hydro_reservoir,2030,9,299,299,214.8349221685745
6870,hydro_reservoir,2030,9,300,300,213.22898199013713
6871,hydro_reservoir,2030,9,301,301,212.69927908063076
6872,hydro_reservoir,2030,9,302,302,211.47308084089633
6873,hydro_reservoir,2030,9,303,303,210.9568670142283
6874,hydro_reservoir,2030,9,304,304,210.78647582292467
6875,hydro_reservoir,2030,9,305,305,209.8600499152391
6876,hydro_reservoir,2030,9,306,306,209.1017731317569
6877,hydro_reservoir,2030,9,307,307,208.28235805192816
6878,hydro_reservoir,2030,9,308,308,207.72812762588154
6879,hydro_reservoir,2030,9,309,309,207.11188602140118
6880,hydro_reservoir,2030,9,310,310,206.01466105751948
6881,hydro_reservoir,2030,9,311,311,202.06157350131272
6882,hydro_reservoir,2030,9,312,312,201.60790892253246
6883,hydro_reservoir,2030,9,313,313,201.058320987848
6884,hydro_reservoir,2030,9,314,314,200.4074289821895
6885,hydro_reservoir,2030,9,315,315,200.33482266250704
6886,hydro_reservoir,2030,9,316,316,200.55398968549778
6887,hydro_reservoir,2030,9,317,317,201.13652894727517
6888,hydro_reservoir,2030,9,318,318,201.45219676598387
6889,hydro_reservoir,2030,9,319,319,198.29688152009243
6890,hydro_reservoir,2030,9,320,320,197.5905784485423
6891,hydro_reservoir,2030,9,321,321,195.43574246218188
6892,hydro_reservoir,2030,9,322,322,195.72965994150093
6893,hydro_reservoir,2030,9,323,323,195.83088093933114
6894,hydro_reservoir,2030,9,324,324,196.25775690109623
6895,hydro_reservoir,2030,9,325,325,196.29694764158316
6896,hydro_reservoir,2030,9,326,326,196.0508573698107
6897,hydro_reservoir,2030,9,327,327,195.11304037954147
6898,hydro_reservoir,2030,9,328,328,195.70223831274822
6899,hydro_reservoir,2030,9,329,329,195.71795556505205
6900,hydro_reservoir,2030,9,330,330,195.4906905713351
6901,hydro_reservoir,2030,9,331,331,195.36953922990241
6902,hydro_reservoir,2030,9,332,332,195.0541992582031
6903,hydro_reservoir,2030,9,333,333,195.90720547576933
6904,hydro_reservoir,2030,9,334,334,196.07667734200228
6905,hydro_reservoir,2030,9,335,335,196.6410847592504
6906,hydro_reservoir,2030,9,336,336,196.47586842079184
6907,hydro_reservoir,2030,9,337,337,195.50779617282615
6908,hydro_reservoir,2030,9,338,338,196.13990530750888
6909,hydro_reservoir,2030,9,339,339,195.88592077737147
6910,hydro_reservoir,2030,9,340,340,195.09806783346687
6911,hydro_reservoir,2030,9,341,341,194.3313082456723
6912,hydro_reservoir,2030,9,342,342,194.55442188147595
6913,hydro_reservoir,2030,9,343,343,195.54802723482834
6914,hydro_reservoir,2030,9,344,344,196.1133425505287
6915,hydro_reservoir,2030,9,345,345,197.2559472798285
6916,hydro_reservoir,2030,9,346,346,198.31489627272347
6917,hydro_reservoir,2030,9,347,347,199.1579973321455
6918,hydro_reservoir,2030,9,348,348,198.69605723331466
6919,hydro_reservoir,2030,9,349,349,198.360589332039
6920,hydro_reservoir,2030,9,350,350,198.3012123686232
6921,hydro_reservoir,2030,9,351,351,198.10901420059358
6922,hydro_reservoir,2030,9,352,352,198.03985672334332
6923,hydro_reservoir,2030,9,353,353,197.92151911612976
6924,hydro_reservoir,2030,9,354,354,197.87221475856333
6925,hydro_reservoir,2030,9,355,355,198.0738203021469
6926,hydro_reservoir,2030,9,356,356,198.17642621237277
6927,hydro_reservoir,2030,9,357,357,197.8784253631492
6928,hydro_reservoir,2030,9,358,358,198.0663028311133
6929,hydro_reservoir,2030,9,359,359,199.06925039298883
6930,hydro_reservoir,2030,9,360,360,200.39176494648947
6931,hydro_reservoir,2030,9,361,361,201.29763095276982
6932,hydro_reservoir,2030,9,362,362,201.22262958842902
6933,hydro_reservoir,2030,9,363,363,200.85758098846975
6934,hydro_reservoir,2030,9,364,364,201.49967627073866
6935,hydro_reservoir,2030,9,365,365,201.6
6936,hydro_reservoir,2030,10,1,1,202.83311145521446
6937,hydro_reservoir,2030,10,2,2,204.3932609614196
6938,hydro_reservoir,2030,10,3,3,205.9188836184301
6939,hydro_reservoir,2030,10,4,4,207.47832953851446
6940,hydro_reservoir,2030,10,5,5,209.00650776911263
6941,hydro_reservoir,2030,10,6,6,210.34667697647865
6942,hydro_reservoir,2030,10,7,7,211.72402072047808
6943,hydro_reservoir,2030,10,8,8,212.39574260872294
6944,hydro_reservoir,2030,10,9,9,213.19060746762682
6945,hydro_reservoir,2030,10,10,10,214.09288115848722
6946,hydro_reservoir,2030,10,11,11,215.1369318575658
6947,hydro_reservoir,2030,10,12,12,216.6109584816682
6948,hydro_reservoir,2030,10,13,13,218.08057481844264
6949,hydro_reservoir,2030,10,14,14,219.57084282007196
6950,hydro_reservoir,2030,10,15,15,220.82201201686541
6951,hydro_reservoir,2030,10,16,16,222.57439296924636
6952,hydro_reservoir,2030,10,17,17,224.15227132125355
6953,hydro_reservoir,2030,10,18,18,225.59443968911734
6954,hydro_reservoir,2030,10,19,19,226.6055178895008
6955,hydro_reservoir,2030,10,20,20,227.6394392705336
6956,hydro_reservoir,2030,10,21,21,229.24256774173313
6957,hydro_reservoir,2030,10,22,22,230.51945787521012
6958,hydro_reservoir,2030,10,23,23,229.9944460459739
6959,hydro_reservoir,2030,10,24,24,231.1614037171673
6960,hydro_reservoir,2030,10,25,25,229.72102643228723
6961,hydro_reservoir,2030,10,26,26,227.2893166087058
6962,hydro_reservoir,2030,10,27,27,225.4493289831731
6963,hydro_reservoir,2030,10,28,28,224.0976159687614
6964,hydro_reservoir,2030,10,29,29,222.43897659571857
6965,hydro_reservoir,2030,10,30,30,219.1171805822283
6966,hydro_reservoir,2030,10,31,31,215.460271241914
6967,hydro_reservoir,2030,10,32,32,213.62607256372064
6968,hydro_reservoir,2030,10,33,33,213.32515598701488
6969,hydro_reservoir,2030,10,34,34,210.8163208514097
6970,hydro_reservoir,2030,10,35,35,211.66182946865368
6971,hydro_reservoir,2030,10,36,36,213.092511825914
6972,hydro_reservoir,2030,10,37,37,213.8773090544859
6973,hydro_reservoir,2030,10,38,38,214.80487595931393
6974,hydro_reservoir,2030,10,39,39,216.033309629423
6975,hydro_reservoir,2030,10,40,40,216.92508573398123
6976,hydro_reservoir,2030,10,41,41,215.52425297575013
6977,hydro_reservoir,2030,10,42,42,214.079508134146
6978,hydro_reservoir,2030,10,43,43,214.04608706060975
6979,hydro_reservoir,2030,10,44,44,214.86231072742893
6980,hydro_reservoir,2030,10,45,45,213.57372137077022
6981,hydro_reservoir,2030,10,46,46,214.068214119798
6982,hydro_reservoir,2030,10,47,47,213.78271488527025
6983,hydro_reservoir,2030,10,48,48,212.92188985571318
6984,hydro_reservoir,2030,10,49,49,211.52607516559146
6985,hydro_reservoir,2030,10,50,50,210.19268370974788
6986,hydro_reservoir,2030,10,51,51,209.51250291509265
6987,hydro_reservoir,2030,10,52,52,210.44241294968782
6988,hydro_reservoir,2030,10,53,53,211.1382723575203
6989,hydro_reservoir,2030,10,54,54,212.224605903904
6990,hydro_reservoir,2030,10,55,55,212.49356291990577
6991,hydro_reservoir,2030,10,56,56,212.60966689597382
6992,hydro_reservoir,2030,10,57,57,210.71925447494743
6993,hydro_reservoir,2030,10,58,58,209.93723967034094
6994,hydro_reservoir,2030,10,59,59,209.21350087246677
6995,hydro_reservoir,2030,10,60,60,208.46162637764908
6996,hydro_reservoir,2030,10,61,61,207.2704361928561
6997,hydro_reservoir,2030,10,62,62,206.24795571871866
6998,hydro_reservoir,2030,10,63,63,205.35019213024827
6999,hydro_reservoir,2030,10,64,64,204.33674686129064
7000,hydro_reservoir,2030,10,65,65,203.3443330187333
7001,hydro_reservoir,2030,10,66,66,202.69716763491232
7002,hydro_reservoir,2030,10,67,67,204.0020539321315
7003,hydro_reservoir,2030,10,68,68,205.17586881189519
7004,hydro_reservoir,2030,10,69,69,205.90696474672583
7005,hydro_reservoir,2030,10,70,70,206.4224479690933
7006,hydro_reservoir,2030,10,71,71,206.69521006926763
7007,hydro_reservoir,2030,10,72,72,207.06544427881033
7008,hydro_reservoir,2030,10,73,73,206.16131126435013
7009,hydro_reservoir,2030,10,74,74,205.60407091898597
7010,hydro_reservoir,2030,10,75,75,204.49470812591187
7011,hydro_reservoir,2030,10,76,76,204.65479139223638
7012,hydro_reservoir,2030,10,77,77,205.45656606298832
7013,hydro_reservoir,2030,10,78,78,206.17071088750916
7014,hydro_reservoir,2030,10,79,79,206.50701926239606
7015,hydro_reservoir,2030,10,80,80,205.72096261048745
7016,hydro_reservoir,2030,10,81,81,205.09212954450086
7017,hydro_reservoir,2030,10,82,82,204.2015490154668
7018,hydro_reservoir,2030,10,83,83,203.61454690360827
7019,hydro_reservoir,2030,10,84,84,204.3793632254568
7020,hydro_reservoir,2030,10,85,85,205.39512716767857
7021,hydro_reservoir,2030,10,86,86,206.54251749996928
7022,hydro_reservoir,2030,10,87,87,207.22612645511424
7023,hydro_reservoir,2030,10,88,88,208.23224035131534
7024,hydro_reservoir,2030,10,89,89,208.3046542460927
7025,hydro_reservoir,2030,10,90,90,209.52450316082448
7026,hydro_reservoir,2030,10,91,91,210.845427679656
7027,hydro_reservoir,2030,10,92,92,211.97672417029486
7028,hydro_reservoir,2030,10,93,93,211.58785373941174
7029,hydro_reservoir,2030,10,94,94,212.7507441450451
7030,hydro_reservoir,2030,10,95,95,213.9763382002637
7031,hydro_reservoir,2030,10,96,96,215.1287653269097
7032,hydro_reservoir,2030,10,97,97,216.23984713857752
7033,hydro_reservoir,2030,10,98,98,217.0054628599807
7034,hydro_reservoir,2030,10,99,99,218.0101508507927
7035,hydro_reservoir,2030,10,100,100,217.83654809878192
7036,hydro_reservoir,2030,10,101,101,218.5332131714999
7037,hydro_reservoir,2030,10,102,102,218.74095754426295
7038,hydro_reservoir,2030,10,103,103,218.24963112353691
7039,hydro_reservoir,2030,10,104,104,218.11764003043217
7040,hydro_reservoir,2030,10,105,105,217.20091013541975
7041,hydro_reservoir,2030,10,106,106,216.72976717380087
7042,hydro_reservoir,2030,10,107,107,216.10539113812496
7043,hydro_reservoir,2030,10,108,108,216.83944300127413
7044,hydro_reservoir,2030,10,109,109,217.57592398995678
7045,hydro_reservoir,2030,10,110,110,217.25941936484898
7046,hydro_reservoir,2030,10,111,111,217.18113395331804
7047,hydro_reservoir,2030,10,112,112,216.89739929563018
7048,hydro_reservoir,2030,10,113,113,216.47017926397174
7049,hydro_reservoir,2030,10,114,114,217.00649187311382
7050,hydro_reservoir,2030,10,115,115,218.0262902626756
7051,hydro_reservoir,2030,10,116,116,218.1119881445215
7052,hydro_reservoir,2030,10,117,117,217.873870837298
7053,hydro_reservoir,2030,10,118,118,217.90669424082907
7054,hydro_reservoir,2030,10,119,119,216.64291162107037
7055,hydro_reservoir,2030,10,120,120,216.10769120548085
7056,hydro_reservoir,2030,10,121,121,215.51431131283084
7057,hydro_reservoir,2030,10,122,122,216.5814798801287
7058,hydro_reservoir,2030,10,123,123,217.08819713856434
7059,hydro_reservoir,2030,10,124,124,217.75105258188125
7060,hydro_reservoir,2030,10,125,125,216.53432379731575
7061,hydro_reservoir,2030,10,126,126,217.41345955775785
7062,hydro_reservoir,2030,10,127,127,218.2676185421767
7063,hydro_reservoir,2030,10,128,128,219.28801723453242
7064,hydro_reservoir,2030,10,129,129,219.79121963074087
7065,hydro_reservoir,2030,10,130,130,220.01307613786543
7066,hydro_reservoir,2030,10,131,131,221.16471864307655
7067,hydro_reservoir,2030,10,132,132,222.25478856289465
7068,hydro_reservoir,2030,10,133,133,223.0881565965131
7069,hydro_reservoir,2030,10,134,134,222.322337053763
7070,hydro_reservoir,2030,10,135,135,222.9476593256964
7071,hydro_reservoir,2030,10,136,136,223.6865951204486
7072,hydro_reservoir,2030,10,137,137,223.68102969476217
7073,hydro_reservoir,2030,10,138,138,224.26199819926822
7074,hydro_reservoir,2030,10,139,139,223.62878264571367
7075,hydro_reservoir,2030,10,140,140,223.97089313025074
7076,hydro_reservoir,2030,10,141,141,224.65619886994799
7077,hydro_reservoir,2030,10,142,142,223.91350205554565
7078,hydro_reservoir,2030,10,143,143,223.87757414162718
7079,hydro_reservoir,2030,10,144,144,223.1531024857063
7080,hydro_reservoir,2030,10,145,145,223.1859193247419
7081,hydro_reservoir,2030,10,146,146,223.40600717143195
7082,hydro_reservoir,2030,10,147,147,223.70402363017723
7083,hydro_reservoir,2030,10,148,148,223.48818748752387
7084,hydro_reservoir,2030,10,149,149,222.90206525337152
7085,hydro_reservoir,2030,10,150,150,222.39127842202618
7086,hydro_reservoir,2030,10,151,151,221.67865276584607
7087,hydro_reservoir,2030,10,152,152,221.12095508416417
7088,hydro_reservoir,2030,10,153,153,220.7138521911762
7089,hydro_reservoir,2030,10,154,154,220.47838253780293
7090,hydro_reservoir,2030,10,155,155,220.02603019279422
7091,hydro_reservoir,2030,10,156,156,219.16912475161143
7092,hydro_reservoir,2030,10,157,157,218.77176462952033
7093,hydro_reservoir,2030,10,158,158,219.61832547608117
7094,hydro_reservoir,2030,10,159,159,220.51691247907317
7095,hydro_reservoir,2030,10,160,160,220.54000971840435
7096,hydro_reservoir,2030,10,161,161,220.07758510311805
7097,hydro_reservoir,2030,10,162,162,220.33859672166858
7098,hydro_reservoir,2030,10,163,163,220.62186920559998
7099,hydro_reservoir,2030,10,164,164,220.76779885749966
7100,hydro_reservoir,2030,10,165,165,220.06320214603787
7101,hydro_reservoir,2030,10,166,166,219.71593277867015
7102,hydro_reservoir,2030,10,167,167,219.75060418950906
7103,hydro_reservoir,2030,10,168,168,220.30570725226414
7104,hydro_reservoir,2030,10,169,169,219.8720842321327
7105,hydro_reservoir,2030,10,170,170,219.10701684684193
7106,hydro_reservoir,2030,10,171,171,218.5143365987217
7107,hydro_reservoir,2030,10,172,172,218.49403662588028
7108,hydro_reservoir,2030,10,173,173,219.17972876486274
7109,hydro_reservoir,2030,10,174,174,219.8835368259697
7110,hydro_reservoir,2030,10,175,175,220.74359039828508
7111,hydro_reservoir,2030,10,176,176,221.3390245917496
7112,hydro_reservoir,2030,10,177,177,221.16366231744934
7113,hydro_reservoir,2030,10,178,178,220.7121282257048
7114,hydro_reservoir,2030,10,179,179,221.31469053621998
7115,hydro_reservoir,2030,10,180,180,221.86914760234106
7116,hydro_reservoir,2030,10,181,181,221.69197753004698
7117,hydro_reservoir,2030,10,182,182,221.2528019812728
7118,hydro_reservoir,2030,10,183,183,220.86732041484237
7119,hydro_reservoir,2030,10,184,184,220.2140749839368
7120,hydro_reservoir,2030,10,185,185,219.54689243115257
7121,hydro_reservoir,2030,10,186,186,219.6879375419815
7122,hydro_reservoir,2030,10,187,187,219.95936240349553
7123,hydro_reservoir,2030,10,188,188,220.45023988927827
7124,hydro_reservoir,2030,10,189,189,219.79435888995707
7125,hydro_reservoir,2030,10,190,190,219.35748212058425
7126,hydro_reservoir,2030,10,191,191,218.77691520711525
7127,hydro_reservoir,2030,10,192,192,218.35752840003065
7128,hydro_reservoir,2030,10,193,193,217.72816610148615
7129,hydro_reservoir,2030,10,194,194,218.23428438656885
7130,hydro_reservoir,2030,10,195,195,218.88381866156675
7131,hydro_reservoir,2030,10,196,196,219.3678248091753
7132,hydro_reservoir,2030,10,197,197,219.6120252542601
7133,hydro_reservoir,2030,10,198,198,219.59140381833112
7134,hydro_reservoir,2030,10,199,199,218.66662721283214
7135,hydro_reservoir,2030,10,200,200,217.83361553152062
7136,hydro_reservoir,2030,10,201,201,217.03157422135536
7137,hydro_reservoir,2030,10,202,202,216.6359814744531
7138,hydro_reservoir,2030,10,203,203,216.43994195061683
7139,hydro_reservoir,2030,10,204,204,216.69007906959334
7140,hydro_reservoir,2030,10,205,205,217.1806253940735
7141,hydro_reservoir,2030,10,206,206,216.69588437715504
7142,hydro_reservoir,2030,10,207,207,217.60669072216973
7143,hydro_reservoir,2030,10,208,208,218.22474749093772
7144,hydro_reservoir,2030,10,209,209,218.36355140063958
7145,hydro_reservoir,2030,10,210,210,218.6067596562824
7146,hydro_reservoir,2030,10,211,211,219.22531350700132
7147,hydro_reservoir,2030,10,212,212,219.82314101384526
7148,hydro_reservoir,2030,10,213,213,219.89156668240977
7149,hydro_reservoir,2030,10,214,214,220.30201276935864
7150,hydro_reservoir,2030,10,215,215,219.97826207049764
7151,hydro_reservoir,2030,10,216,216,219.82097766746728
7152,hydro_reservoir,2030,10,217,217,220.47282951931913
7153,hydro_reservoir,2030,10,218,218,221.07862991554614
7154,hydro_reservoir,2030,10,219,219,221.0858082013313
7155,hydro_reservoir,2030,10,220,220,220.86024040039408
7156,hydro_reservoir,2030,10,221,221,221.29071025943335
7157,hydro_reservoir,2030,10,222,222,220.9498368336572
7158,hydro_reservoir,2030,10,223,223,221.14932970372755
7159,hydro_reservoir,2030,10,224,224,221.44058846584616
7160,hydro_reservoir,2030,10,225,225,221.23663055081587
7161,hydro_reservoir,2030,10,226,226,221.47853738381042
7162,hydro_reservoir,2030,10,227,227,221.95008952199646
7163,hydro_reservoir,2030,10,228,228,221.50689595203673
7164,hydro_reservoir,2030,10,229,229,221.9497494275809
7165,hydro_reservoir,2030,10,230,230,222.47315063565097
7166,hydro_reservoir,2030,10,231,231,222.09282050536294
7167,hydro_reservoir,2030,10,232,232,222.1923529103426
7168,hydro_reservoir,2030,10,233,233,222.6706305905629
7169,hydro_reservoir,2030,10,234,234,222.41558903690077
7170,hydro_reservoir,2030,10,235,235,221.79137083031236
7171,hydro_reservoir,2030,10,236,236,221.26096165016395
7172,hydro_reservoir,2030,10,237,237,220.8212650055759
7173,hydro_reservoir,2030,10,238,238,220.96313399407217
7174,hydro_reservoir,2030,10,239,239,221.7749356632873
7175,hydro_reservoir,2030,10,240,240,222.31332176173925
7176,hydro_reservoir,2030,10,241,241,222.85961757504742
7177,hydro_reservoir,2030,10,242,242,222.64998768939464
7178,hydro_reservoir,2030,10,243,243,222.38986431064447
7179,hydro_reservoir,2030,10,244,244,221.91902330687412
7180,hydro_reservoir,2030,10,245,245,221.4561390964829
7181,hydro_reservoir,2030,10,246,246,221.28747169357123
7182,hydro_reservoir,2030,10,247,247,220.83372050298627
7183,hydro_reservoir,2030,10,248,248,220.24802354652303
7184,hydro_reservoir,2030,10,249,249,219.50220732635273
7185,hydro_reservoir,2030,10,250,250,218.8395017488981
7186,hydro_reservoir,2030,10,251,251,218.72581854645003
7187,hydro_reservoir,2030,10,252,252,219.4030672236987
7188,hydro_reservoir,2030,10,253,253,219.70581668274878
7189,hydro_reservoir,2030,10,254,254,219.98178595388643
7190,hydro_reservoir,2030,10,255,255,220.7984915881973
7191,hydro_reservoir,2030,10,256,256,220.70957703755903
7192,hydro_reservoir,2030,10,257,257,220.2110650357967
7193,hydro_reservoir,2030,10,258,258,220.42398687970123
7194,hydro_reservoir,2030,10,259,259,220.77010559957432
7195,hydro_reservoir,2030,10,260,260,220.12824496421152
7196,hydro_reservoir,2030,10,261,261,219.40171051134723
7197,hydro_reservoir,2030,10,262,262,219.15063160499537
7198,hydro_reservoir,2030,10,263,263,218.7691279846617
7199,hydro_reservoir,2030,10,264,264,218.12235848403154
7200,hydro_reservoir,2030,10,265,265,218.2564843085472
7201,hydro_reservoir,2030,10,266,266,218.86487862335196
7202,hydro_reservoir,2030,10,267,267,219.2146675621655
7203,hydro_reservoir,2030,10,268,268,219.69292578433442
7204,hydro_reservoir,2030,10,269,269,219.45569776611913
7205,hydro_reservoir,2030,10,270,270,219.58189380394793
7206,hydro_reservoir,2030,10,271,271,219.10286475633646
7207,hydro_reservoir,2030,10,272,272,219.15169736865957
7208,hydro_reservoir,2030,10,273,273,219.74593049925267
7209,hydro_reservoir,2030,10,274,274,219.54271505411626
7210,hydro_reservoir,2030,10,275,275,220.6673318532085
7211,hydro_reservoir,2030,10,276,276,221.78158861478613
7212,hydro_reservoir,2030,10,277,277,222.73656499045543
7213,hydro_reservoir,2030,10,278,278,223.5542591930103
7214,hydro_reservoir,2030,10,279,279,223.4239800157552
7215,hydro_reservoir,2030,10,280,280,223.93778525130224
7216,hydro_reservoir,2030,10,281,281,224.4178954183923
7217,hydro_reservoir,2030,10,282,282,224.19906644927786
7218,hydro_reservoir,2030,10,283,283,224.72128546236053
7219,hydro_reservoir,2030,10,284,284,225.81584235049996
7220,hydro_reservoir,2030,10,285,285,226.93293931876644
7221,hydro_reservoir,2030,10,286,286,228.120947151082
7222,hydro_reservoir,2030,10,287,287,229.17021083989334
7223,hydro_reservoir,2030,10,288,288,230.0090373485821
7224,hydro_reservoir,2030,10,289,289,229.95068705868798
7225,hydro_reservoir,2030,10,290,290,231.22362639412904
7226,hydro_reservoir,2030,10,291,291,232.3370059302223
7227,hydro_reservoir,2030,10,292,292,233.59289247059593
7228,hydro_reservoir,2030,10,293,293,234.7152383524269
7229,hydro_reservoir,2030,10,294,294,236.01961709974415
7230,hydro_reservoir,2030,10,295,295,237.26001853705142
7231,hydro_reservoir,2030,10,296,296,237.88548901367403
7232,hydro_reservoir,2030,10,297,297,238.7292603118453
7233,hydro_reservoir,2030,10,298,298,240.051517327417
7234,hydro_reservoir,2030,10,299,299,241.26093897317006
7235,hydro_reservoir,2030,10,300,300,242.39774300289992
7236,hydro_reservoir,2030,10,301,301,242.69049970126534
7237,hydro_reservoir,2030,10,302,302,242.5803708394082
7238,hydro_reservoir,2030,10,303,303,243.63353117136626
7239,hydro_reservoir,2030,10,304,304,244.48782954094477
7240,hydro_reservoir,2030,10,305,305,244.78084750734777
7241,hydro_reservoir,2030,10,306,306,245.56274541559145
7242,hydro_reservoir,2030,10,307,307,245.0424636486893
7243,hydro_reservoir,2030,10,308,308,245.5041097048776
7244,hydro_reservoir,2030,10,309,309,245.5875799727124
7245,hydro_reservoir,2030,10,310,310,245.32756350575562
7246,hydro_reservoir,2030,10,311,311,245.93148006220557
7247,hydro_reservoir,2030,10,312,312,246.89655942728493
7248,hydro_reservoir,2030,10,313,313,247.83556173942088
7249,hydro_reservoir,2030,10,314,314,246.00911997923458
7250,hydro_reservoir,2030,10,315,315,245.3549745973787
7251,hydro_reservoir,2030,10,316,316,245.38415168431445
7252,hydro_reservoir,2030,10,317,317,245.42804325722628
7253,hydro_reservoir,2030,10,318,318,245.1424511454795
7254,hydro_reservoir,2030,10,319,319,244.946253549066
7255,hydro_reservoir,2030,10,320,320,245.02245776507854
7256,hydro_reservoir,2030,10,321,321,245.53744513778392
7257,hydro_reservoir,2030,10,322,322,246.59564619598498
7258,hydro_reservoir,2030,10,323,323,247.68515733926398
7259,hydro_reservoir,2030,10,324,324,248.8357032972034
7260,hydro_reservoir,2030,10,325,325,250.00737250929592
7261,hydro_reservoir,2030,10,326,326,251.30160690292973
7262,hydro_reservoir,2030,10,327,327,251.39384520755098
7263,hydro_reservoir,2030,10,328,328,250.52845945080873
7264,hydro_reservoir,2030,10,329,329,251.31310268887202
7265,hydro_reservoir,2030,10,330,330,252.28680104401792
7266,hydro_reservoir,2030,10,331,331,250.7315690985596
7267,hydro_reservoir,2030,10,332,332,251.8291832368035
7268,hydro_reservoir,2030,10,333,333,252.46855760447096
7269,hydro_reservoir,2030,10,334,334,250.7795636990818
7270,hydro_reservoir,2030,10,335,335,251.96641428415992
7271,hydro_reservoir,2030,10,336,336,252.94362842458932
7272,hydro_reservoir,2030,10,337,337,251.13167848328712
7273,hydro_reservoir,2030,10,338,338,250.69878394197582
7274,hydro_reservoir,2030,10,339,339,250.99463431809363
7275,hydro_reservoir,2030,10,340,340,247.45600132363623
7276,hydro_reservoir,2030,10,341,341,244.0319590514105
7277,hydro_reservoir,2030,10,342,342,240.44434901329998
7278,hydro_reservoir,2030,10,343,343,238.78571419204727
7279,hydro_reservoir,2030,10,344,344,235.28199049466804
7280,hydro_reservoir,2030,10,345,345,231.41881485317748
7281,hydro_reservoir,2030,10,346,346,228.46563700387884
7282,hydro_reservoir,2030,10,347,347,225.1027059981454
7283,hydro_reservoir,2030,10,348,348,223.5131448920518
7284,hydro_reservoir,2030,10,349,349,221.85466174315874
7285,hydro_reservoir,2030,10,350,350,220.19593474481132
7286,hydro_reservoir,2030,10,351,351,218.2119379684518
7287,hydro_reservoir,2030,10,352,352,215.4214526134865
7288,hydro_reservoir,2030,10,353,353,212.4417444673324
7289,hydro_reservoir,2030,10,354,354,209.28760847869694
7290,hydro_reservoir,2030,10,355,355,207.3166017595003
7291,hydro_reservoir,2030,10,356,356,204.86626896988915
7292,hydro_reservoir,2030,10,357,357,204.13858091669235
7293,hydro_reservoir,2030,10,358,358,201.524426190555
7294,hydro_reservoir,2030,10,359,359,199.58628204047358
7295,hydro_reservoir,2030,10,360,360,199.24125875824083
7296,hydro_reservoir,2030,10,361,361,198.74811168090798
7297,hydro_reservoir,2030,10,362,362,199.91772353391437
7298,hydro_reservoir,2030,10,363,363,200.83890498901823
7299,hydro_reservoir,2030,10,364,364,201.88718212276765
7300,hydro_reservoir,2030,10,365,365,201.6
