id,asset,milestone_year,rep_period,time_block_start,time_block_end,solution
1,h2_storage,2030,1,1,1,0.0
2,h2_storage,2030,1,2,2,0.0
3,h2_storage,2030,1,3,3,0.0
4,h2_storage,2030,1,4,4,0.0
5,h2_storage,2030,1,5,5,0.0
6,h2_storage,2030,1,6,6,0.0
7,h2_storage,2030,1,7,7,0.0
8,h2_storage,2030,1,8,8,0.0
9,h2_storage,2030,1,9,9,0.0
10,h2_storage,2030,1,10,10,0.0
11,h2_storage,2030,1,11,11,0.0
12,h2_storage,2030,1,12,12,0.0
13,h2_storage,2030,1,13,13,0.0
14,h2_storage,2030,1,14,14,0.0
15,h2_storage,2030,1,15,15,0.0
16,h2_storage,2030,1,16,16,0.0
17,h2_storage,2030,1,17,17,0.0
18,h2_storage,2030,1,18,18,0.0
19,h2_storage,2030,1,19,19,0.0
20,h2_storage,2030,1,20,20,0.0
21,h2_storage,2030,1,21,21,0.0
22,h2_storage,2030,1,22,22,0.0
23,h2_storage,2030,1,23,23,0.0
24,h2_storage,2030,1,24,24,0.0
25,h2_storage,2030,2,1,1,0.0
26,h2_storage,2030,2,2,2,0.0
27,h2_storage,2030,2,3,3,0.0
28,h2_storage,2030,2,4,4,0.0
29,h2_storage,2030,2,5,5,0.0
30,h2_storage,2030,2,6,6,0.0
31,h2_storage,2030,2,7,7,0.0
32,h2_storage,2030,2,8,8,0.0
33,h2_storage,2030,2,9,9,0.0
34,h2_storage,2030,2,10,10,0.0
35,h2_storage,2030,2,11,11,0.0
36,h2_storage,2030,2,12,12,0.0
37,h2_storage,2030,2,13,13,0.0
38,h2_storage,2030,2,14,14,0.0
39,h2_storage,2030,2,15,15,0.0
40,h2_storage,2030,2,16,16,0.0
41,h2_storage,2030,2,17,17,0.0
42,h2_storage,2030,2,18,18,0.0
43,h2_storage,2030,2,19,19,0.0
44,h2_storage,2030,2,20,20,0.0
45,h2_storage,2030,2,21,21,0.0
46,h2_storage,2030,2,22,22,0.0
47,h2_storage,2030,2,23,23,0.0
48,h2_storage,2030,2,24,24,0.0
49,h2_storage,2030,3,1,1,0.0
50,h2_storage,2030,3,2,2,0.0
51,h2_storage,2030,3,3,3,0.0
52,h2_storage,2030,3,4,4,0.0
53,h2_storage,2030,3,5,5,0.0
54,h2_storage,2030,3,6,6,0.0
55,h2_storage,2030,3,7,7,0.0
56,h2_storage,2030,3,8,8,0.0
57,h2_storage,2030,3,9,9,0.0
58,h2_storage,2030,3,10,10,0.0
59,h2_storage,2030,3,11,11,0.0
60,h2_storage,2030,3,12,12,0.0
61,h2_storage,2030,3,13,13,0.0
62,h2_storage,2030,3,14,14,0.0
63,h2_storage,2030,3,15,15,0.0
64,h2_storage,2030,3,16,16,0.0
65,h2_storage,2030,3,17,17,0.0
66,h2_storage,2030,3,18,18,0.0
67,h2_storage,2030,3,19,19,0.0
68,h2_storage,2030,3,20,20,0.0
69,h2_storage,2030,3,21,21,0.0
70,h2_storage,2030,3,22,22,0.0
71,h2_storage,2030,3,23,23,0.0
72,h2_storage,2030,3,24,24,0.0
73,h2_storage,2030,4,1,1,0.0
74,h2_storage,2030,4,2,2,0.0
75,h2_storage,2030,4,3,3,0.0
76,h2_storage,2030,4,4,4,0.0
77,h2_storage,2030,4,5,5,0.0
78,h2_storage,2030,4,6,6,0.0
79,h2_storage,2030,4,7,7,0.0
80,h2_storage,2030,4,8,8,0.0
81,h2_storage,2030,4,9,9,0.0
82,h2_storage,2030,4,10,10,0.0
83,h2_storage,2030,4,11,11,0.0
84,h2_storage,2030,4,12,12,0.0
85,h2_storage,2030,4,13,13,0.0
86,h2_storage,2030,4,14,14,0.0
87,h2_storage,2030,4,15,15,0.0
88,h2_storage,2030,4,16,16,0.0
89,h2_storage,2030,4,17,17,0.0
90,h2_storage,2030,4,18,18,0.0
91,h2_storage,2030,4,19,19,0.0
92,h2_storage,2030,4,20,20,0.0
93,h2_storage,2030,4,21,21,0.0
94,h2_storage,2030,4,22,22,0.0
95,h2_storage,2030,4,23,23,0.0
96,h2_storage,2030,4,24,24,0.0
97,h2_storage,2030,5,1,1,0.0
98,h2_storage,2030,5,2,2,0.0
99,h2_storage,2030,5,3,3,0.0
100,h2_storage,2030,5,4,4,0.0
101,h2_storage,2030,5,5,5,0.0
102,h2_storage,2030,5,6,6,0.0
103,h2_storage,2030,5,7,7,0.0
104,h2_storage,2030,5,8,8,0.0
105,h2_storage,2030,5,9,9,0.0
106,h2_storage,2030,5,10,10,0.0
107,h2_storage,2030,5,11,11,0.0
108,h2_storage,2030,5,12,12,0.0
109,h2_storage,2030,5,13,13,0.0
110,h2_storage,2030,5,14,14,0.0
111,h2_storage,2030,5,15,15,0.0
112,h2_storage,2030,5,16,16,0.0
113,h2_storage,2030,5,17,17,0.0
114,h2_storage,2030,5,18,18,0.0
115,h2_storage,2030,5,19,19,0.0
116,h2_storage,2030,5,20,20,0.0
117,h2_storage,2030,5,21,21,0.0
118,h2_storage,2030,5,22,22,0.0
119,h2_storage,2030,5,23,23,0.0
120,h2_storage,2030,5,24,24,0.0
121,h2_storage,2030,6,1,1,0.0
122,h2_storage,2030,6,2,2,0.0
123,h2_storage,2030,6,3,3,0.0
124,h2_storage,2030,6,4,4,0.0
125,h2_storage,2030,6,5,5,0.0
126,h2_storage,2030,6,6,6,0.0
127,h2_storage,2030,6,7,7,0.0
128,h2_storage,2030,6,8,8,0.0
129,h2_storage,2030,6,9,9,0.0
130,h2_storage,2030,6,10,10,0.0
131,h2_storage,2030,6,11,11,0.0
132,h2_storage,2030,6,12,12,0.0
133,h2_storage,2030,6,13,13,0.0
134,h2_storage,2030,6,14,14,0.0
135,h2_storage,2030,6,15,15,0.0
136,h2_storage,2030,6,16,16,0.0
137,h2_storage,2030,6,17,17,0.0
138,h2_storage,2030,6,18,18,0.0
139,h2_storage,2030,6,19,19,0.0
140,h2_storage,2030,6,20,20,0.0
141,h2_storage,2030,6,21,21,0.0
142,h2_storage,2030,6,22,22,0.0
143,h2_storage,2030,6,23,23,0.0
144,h2_storage,2030,6,24,24,0.0
145,h2_storage,2030,7,1,1,0.0
146,h2_storage,2030,7,2,2,0.0
147,h2_storage,2030,7,3,3,0.0
148,h2_storage,2030,7,4,4,0.0
149,h2_storage,2030,7,5,5,0.0
150,h2_storage,2030,7,6,6,0.0
151,h2_storage,2030,7,7,7,0.0
152,h2_storage,2030,7,8,8,0.0
153,h2_storage,2030,7,9,9,0.0
154,h2_storage,2030,7,10,10,0.0
155,h2_storage,2030,7,11,11,0.0
156,h2_storage,2030,7,12,12,0.0
157,h2_storage,2030,7,13,13,0.0
158,h2_storage,2030,7,14,14,0.0
159,h2_storage,2030,7,15,15,0.0
160,h2_storage,2030,7,16,16,0.0
161,h2_storage,2030,7,17,17,0.0
162,h2_storage,2030,7,18,18,0.0
163,h2_storage,2030,7,19,19,0.0
164,h2_storage,2030,7,20,20,0.0
165,h2_storage,2030,7,21,21,0.0
166,h2_storage,2030,7,22,22,0.0
167,h2_storage,2030,7,23,23,0.0
168,h2_storage,2030,7,24,24,0.0
169,h2_storage,2030,8,1,1,0.0
170,h2_storage,2030,8,2,2,0.0
171,h2_storage,2030,8,3,3,0.0
172,h2_storage,2030,8,4,4,0.0
173,h2_storage,2030,8,5,5,0.0
174,h2_storage,2030,8,6,6,0.0
175,h2_storage,2030,8,7,7,0.0
176,h2_storage,2030,8,8,8,0.0
177,h2_storage,2030,8,9,9,0.0
178,h2_storage,2030,8,10,10,0.0
179,h2_storage,2030,8,11,11,0.0
180,h2_storage,2030,8,12,12,0.0
181,h2_storage,2030,8,13,13,0.0
182,h2_storage,2030,8,14,14,0.0
183,h2_storage,2030,8,15,15,0.0
184,h2_storage,2030,8,16,16,0.0
185,h2_storage,2030,8,17,17,0.0
186,h2_storage,2030,8,18,18,0.0
187,h2_storage,2030,8,19,19,0.0
188,h2_storage,2030,8,20,20,0.0
189,h2_storage,2030,8,21,21,0.0
190,h2_storage,2030,8,22,22,0.0
191,h2_storage,2030,8,23,23,0.0
192,h2_storage,2030,8,24,24,0.0
193,h2_storage,2030,9,1,1,0.0
194,h2_storage,2030,9,2,2,0.0
195,h2_storage,2030,9,3,3,0.0
196,h2_storage,2030,9,4,4,0.0
197,h2_storage,2030,9,5,5,0.0
198,h2_storage,2030,9,6,6,0.0
199,h2_storage,2030,9,7,7,0.0
200,h2_storage,2030,9,8,8,0.0
201,h2_storage,2030,9,9,9,0.0
202,h2_storage,2030,9,10,10,0.0
203,h2_storage,2030,9,11,11,0.0
204,h2_storage,2030,9,12,12,0.0
205,h2_storage,2030,9,13,13,0.0
206,h2_storage,2030,9,14,14,0.0
207,h2_storage,2030,9,15,15,0.0
208,h2_storage,2030,9,16,16,0.0
209,h2_storage,2030,9,17,17,0.0
210,h2_storage,2030,9,18,18,0.0
211,h2_storage,2030,9,19,19,0.0
212,h2_storage,2030,9,20,20,0.0
213,h2_storage,2030,9,21,21,0.0
214,h2_storage,2030,9,22,22,0.0
215,h2_storage,2030,9,23,23,0.0
216,h2_storage,2030,9,24,24,0.0
217,h2_storage,2030,10,1,1,0.0
218,h2_storage,2030,10,2,2,0.0
219,h2_storage,2030,10,3,3,0.0
220,h2_storage,2030,10,4,4,0.0
221,h2_storage,2030,10,5,5,0.0
222,h2_storage,2030,10,6,6,0.0
223,h2_storage,2030,10,7,7,0.0
224,h2_storage,2030,10,8,8,0.0
225,h2_storage,2030,10,9,9,0.0
226,h2_storage,2030,10,10,10,0.0
227,h2_storage,2030,10,11,11,0.0
228,h2_storage,2030,10,12,12,0.0
229,h2_storage,2030,10,13,13,0.0
230,h2_storage,2030,10,14,14,0.0
231,h2_storage,2030,10,15,15,0.0
232,h2_storage,2030,10,16,16,0.0
233,h2_storage,2030,10,17,17,0.0
234,h2_storage,2030,10,18,18,0.0
235,h2_storage,2030,10,19,19,0.0
236,h2_storage,2030,10,20,20,0.0
237,h2_storage,2030,10,21,21,0.0
238,h2_storage,2030,10,22,22,0.0
239,h2_storage,2030,10,23,23,0.0
240,h2_storage,2030,10,24,24,0.0
241,h2_storage,2030,11,1,1,0.0
242,h2_storage,2030,11,2,2,0.0
243,h2_storage,2030,11,3,3,0.0
244,h2_storage,2030,11,4,4,0.0
245,h2_storage,2030,11,5,5,0.0
246,h2_storage,2030,11,6,6,0.0
247,h2_storage,2030,11,7,7,0.0
248,h2_storage,2030,11,8,8,0.0
249,h2_storage,2030,11,9,9,0.0
250,h2_storage,2030,11,10,10,0.0
251,h2_storage,2030,11,11,11,0.0
252,h2_storage,2030,11,12,12,0.0
253,h2_storage,2030,11,13,13,0.0
254,h2_storage,2030,11,14,14,0.0
255,h2_storage,2030,11,15,15,0.0
256,h2_storage,2030,11,16,16,0.0
257,h2_storage,2030,11,17,17,0.0
258,h2_storage,2030,11,18,18,0.0
259,h2_storage,2030,11,19,19,0.0
260,h2_storage,2030,11,20,20,0.0
261,h2_storage,2030,11,21,21,0.0
262,h2_storage,2030,11,22,22,0.0
263,h2_storage,2030,11,23,23,0.0
264,h2_storage,2030,11,24,24,0.0
265,h2_storage,2030,12,1,1,0.0
266,h2_storage,2030,12,2,2,0.0
267,h2_storage,2030,12,3,3,0.0
268,h2_storage,2030,12,4,4,0.0
269,h2_storage,2030,12,5,5,0.0
270,h2_storage,2030,12,6,6,0.0
271,h2_storage,2030,12,7,7,0.0
272,h2_storage,2030,12,8,8,0.0
273,h2_storage,2030,12,9,9,0.0
274,h2_storage,2030,12,10,10,0.0
275,h2_storage,2030,12,11,11,0.0
276,h2_storage,2030,12,12,12,0.0
277,h2_storage,2030,12,13,13,0.0
278,h2_storage,2030,12,14,14,0.0
279,h2_storage,2030,12,15,15,0.0
280,h2_storage,2030,12,16,16,0.0
281,h2_storage,2030,12,17,17,0.0
282,h2_storage,2030,12,18,18,0.0
283,h2_storage,2030,12,19,19,0.0
284,h2_storage,2030,12,20,20,0.0
285,h2_storage,2030,12,21,21,0.0
286,h2_storage,2030,12,22,22,0.0
287,h2_storage,2030,12,23,23,0.0
288,h2_storage,2030,12,24,24,0.0
289,h2_storage,2030,13,1,1,0.0
290,h2_storage,2030,13,2,2,0.0
291,h2_storage,2030,13,3,3,0.0
292,h2_storage,2030,13,4,4,0.0
293,h2_storage,2030,13,5,5,0.0
294,h2_storage,2030,13,6,6,0.0
295,h2_storage,2030,13,7,7,0.0
296,h2_storage,2030,13,8,8,0.0
297,h2_storage,2030,13,9,9,0.0
298,h2_storage,2030,13,10,10,0.0
299,h2_storage,2030,13,11,11,0.0
300,h2_storage,2030,13,12,12,0.0
301,h2_storage,2030,13,13,13,0.0
302,h2_storage,2030,13,14,14,0.0
303,h2_storage,2030,13,15,15,0.0
304,h2_storage,2030,13,16,16,0.0
305,h2_storage,2030,13,17,17,0.0
306,h2_storage,2030,13,18,18,0.0
307,h2_storage,2030,13,19,19,0.0
308,h2_storage,2030,13,20,20,0.0
309,h2_storage,2030,13,21,21,0.0
310,h2_storage,2030,13,22,22,0.0
311,h2_storage,2030,13,23,23,0.0
312,h2_storage,2030,13,24,24,0.0
313,h2_storage,2030,14,1,1,0.0
314,h2_storage,2030,14,2,2,0.0
315,h2_storage,2030,14,3,3,0.0
316,h2_storage,2030,14,4,4,0.0
317,h2_storage,2030,14,5,5,0.0
318,h2_storage,2030,14,6,6,0.0
319,h2_storage,2030,14,7,7,0.0
320,h2_storage,2030,14,8,8,0.0
321,h2_storage,2030,14,9,9,0.0
322,h2_storage,2030,14,10,10,0.0
323,h2_storage,2030,14,11,11,0.0
324,h2_storage,2030,14,12,12,0.0
325,h2_storage,2030,14,13,13,0.0
326,h2_storage,2030,14,14,14,0.0
327,h2_storage,2030,14,15,15,0.0
328,h2_storage,2030,14,16,16,0.0
329,h2_storage,2030,14,17,17,0.0
330,h2_storage,2030,14,18,18,0.0
331,h2_storage,2030,14,19,19,0.0
332,h2_storage,2030,14,20,20,0.0
333,h2_storage,2030,14,21,21,0.0
334,h2_storage,2030,14,22,22,0.0
335,h2_storage,2030,14,23,23,0.0
336,h2_storage,2030,14,24,24,0.0
337,h2_storage,2030,15,1,1,0.0
338,h2_storage,2030,15,2,2,0.0
339,h2_storage,2030,15,3,3,0.0
340,h2_storage,2030,15,4,4,0.0
341,h2_storage,2030,15,5,5,0.0
342,h2_storage,2030,15,6,6,0.0
343,h2_storage,2030,15,7,7,0.0
344,h2_storage,2030,15,8,8,0.0
345,h2_storage,2030,15,9,9,0.0
346,h2_storage,2030,15,10,10,0.0
347,h2_storage,2030,15,11,11,0.0
348,h2_storage,2030,15,12,12,0.0
349,h2_storage,2030,15,13,13,0.0
350,h2_storage,2030,15,14,14,0.0
351,h2_storage,2030,15,15,15,0.0
352,h2_storage,2030,15,16,16,0.0
353,h2_storage,2030,15,17,17,0.0
354,h2_storage,2030,15,18,18,0.0
355,h2_storage,2030,15,19,19,0.0
356,h2_storage,2030,15,20,20,0.0
357,h2_storage,2030,15,21,21,0.0
358,h2_storage,2030,15,22,22,0.0
359,h2_storage,2030,15,23,23,0.0
360,h2_storage,2030,15,24,24,0.0
361,h2_storage,2030,16,1,1,0.0
362,h2_storage,2030,16,2,2,0.0
363,h2_storage,2030,16,3,3,0.0
364,h2_storage,2030,16,4,4,0.0
365,h2_storage,2030,16,5,5,0.0
366,h2_storage,2030,16,6,6,0.0
367,h2_storage,2030,16,7,7,0.0
368,h2_storage,2030,16,8,8,0.0
369,h2_storage,2030,16,9,9,0.0
370,h2_storage,2030,16,10,10,0.0
371,h2_storage,2030,16,11,11,0.0
372,h2_storage,2030,16,12,12,0.0
373,h2_storage,2030,16,13,13,0.0
374,h2_storage,2030,16,14,14,0.0
375,h2_storage,2030,16,15,15,0.0
376,h2_storage,2030,16,16,16,0.0
377,h2_storage,2030,16,17,17,0.0
378,h2_storage,2030,16,18,18,0.0
379,h2_storage,2030,16,19,19,0.0
380,h2_storage,2030,16,20,20,0.0
381,h2_storage,2030,16,21,21,0.0
382,h2_storage,2030,16,22,22,0.0
383,h2_storage,2030,16,23,23,0.0
384,h2_storage,2030,16,24,24,0.0
385,h2_storage,2030,17,1,1,0.0
386,h2_storage,2030,17,2,2,0.0
387,h2_storage,2030,17,3,3,0.0
388,h2_storage,2030,17,4,4,0.0
389,h2_storage,2030,17,5,5,0.0
390,h2_storage,2030,17,6,6,0.0
391,h2_storage,2030,17,7,7,0.0
392,h2_storage,2030,17,8,8,0.0
393,h2_storage,2030,17,9,9,0.0
394,h2_storage,2030,17,10,10,0.0
395,h2_storage,2030,17,11,11,0.0
396,h2_storage,2030,17,12,12,0.0
397,h2_storage,2030,17,13,13,0.0
398,h2_storage,2030,17,14,14,0.0
399,h2_storage,2030,17,15,15,0.0
400,h2_storage,2030,17,16,16,0.0
401,h2_storage,2030,17,17,17,0.0
402,h2_storage,2030,17,18,18,0.0
403,h2_storage,2030,17,19,19,0.0
404,h2_storage,2030,17,20,20,0.0
405,h2_storage,2030,17,21,21,0.0
406,h2_storage,2030,17,22,22,0.0
407,h2_storage,2030,17,23,23,0.0
408,h2_storage,2030,17,24,24,0.0
409,h2_storage,2030,18,1,1,0.0
410,h2_storage,2030,18,2,2,0.0
411,h2_storage,2030,18,3,3,0.0
412,h2_storage,2030,18,4,4,0.0
413,h2_storage,2030,18,5,5,0.0
414,h2_storage,2030,18,6,6,0.0
415,h2_storage,2030,18,7,7,0.0
416,h2_storage,2030,18,8,8,0.0
417,h2_storage,2030,18,9,9,0.0
418,h2_storage,2030,18,10,10,0.0
419,h2_storage,2030,18,11,11,0.0
420,h2_storage,2030,18,12,12,0.0
421,h2_storage,2030,18,13,13,0.0
422,h2_storage,2030,18,14,14,0.0
423,h2_storage,2030,18,15,15,0.0
424,h2_storage,2030,18,16,16,0.0
425,h2_storage,2030,18,17,17,0.0
426,h2_storage,2030,18,18,18,0.0
427,h2_storage,2030,18,19,19,0.0
428,h2_storage,2030,18,20,20,0.0
429,h2_storage,2030,18,21,21,0.0
430,h2_storage,2030,18,22,22,0.0
431,h2_storage,2030,18,23,23,0.0
432,h2_storage,2030,18,24,24,0.0
433,h2_storage,2030,19,1,1,0.0
434,h2_storage,2030,19,2,2,0.0
435,h2_storage,2030,19,3,3,0.0
436,h2_storage,2030,19,4,4,0.0
437,h2_storage,2030,19,5,5,0.0
438,h2_storage,2030,19,6,6,0.0
439,h2_storage,2030,19,7,7,0.0
440,h2_storage,2030,19,8,8,0.0
441,h2_storage,2030,19,9,9,0.0
442,h2_storage,2030,19,10,10,0.0
443,h2_storage,2030,19,11,11,0.0
444,h2_storage,2030,19,12,12,0.0
445,h2_storage,2030,19,13,13,0.0
446,h2_storage,2030,19,14,14,0.0
447,h2_storage,2030,19,15,15,0.0
448,h2_storage,2030,19,16,16,0.0
449,h2_storage,2030,19,17,17,0.0
450,h2_storage,2030,19,18,18,0.0
451,h2_storage,2030,19,19,19,0.0
452,h2_storage,2030,19,20,20,0.0
453,h2_storage,2030,19,21,21,0.0
454,h2_storage,2030,19,22,22,0.0
455,h2_storage,2030,19,23,23,0.0
456,h2_storage,2030,19,24,24,0.0
457,h2_storage,2030,20,1,1,0.0
458,h2_storage,2030,20,2,2,0.0
459,h2_storage,2030,20,3,3,0.0
460,h2_storage,2030,20,4,4,0.0
461,h2_storage,2030,20,5,5,0.0
462,h2_storage,2030,20,6,6,0.0
463,h2_storage,2030,20,7,7,0.0
464,h2_storage,2030,20,8,8,0.0
465,h2_storage,2030,20,9,9,0.0
466,h2_storage,2030,20,10,10,0.0
467,h2_storage,2030,20,11,11,0.0
468,h2_storage,2030,20,12,12,0.0
469,h2_storage,2030,20,13,13,0.0
470,h2_storage,2030,20,14,14,0.0
471,h2_storage,2030,20,15,15,0.0
472,h2_storage,2030,20,16,16,0.0
473,h2_storage,2030,20,17,17,0.0
474,h2_storage,2030,20,18,18,0.0
475,h2_storage,2030,20,19,19,0.0
476,h2_storage,2030,20,20,20,0.0
477,h2_storage,2030,20,21,21,0.0
478,h2_storage,2030,20,22,22,0.0
479,h2_storage,2030,20,23,23,0.0
480,h2_storage,2030,20,24,24,0.0
481,h2_storage,2030,21,1,1,0.0
482,h2_storage,2030,21,2,2,0.0
483,h2_storage,2030,21,3,3,0.0
484,h2_storage,2030,21,4,4,0.0
485,h2_storage,2030,21,5,5,0.0
486,h2_storage,2030,21,6,6,0.0
487,h2_storage,2030,21,7,7,0.0
488,h2_storage,2030,21,8,8,0.0
489,h2_storage,2030,21,9,9,0.0
490,h2_storage,2030,21,10,10,0.0
491,h2_storage,2030,21,11,11,0.0
492,h2_storage,2030,21,12,12,0.0
493,h2_storage,2030,21,13,13,0.0
494,h2_storage,2030,21,14,14,0.0
495,h2_storage,2030,21,15,15,0.0
496,h2_storage,2030,21,16,16,0.0
497,h2_storage,2030,21,17,17,0.0
498,h2_storage,2030,21,18,18,0.0
499,h2_storage,2030,21,19,19,0.0
500,h2_storage,2030,21,20,20,0.0
501,h2_storage,2030,21,21,21,0.0
502,h2_storage,2030,21,22,22,0.0
503,h2_storage,2030,21,23,23,0.0
504,h2_storage,2030,21,24,24,0.0
505,h2_storage,2030,22,1,1,0.0
506,h2_storage,2030,22,2,2,0.0
507,h2_storage,2030,22,3,3,0.0
508,h2_storage,2030,22,4,4,0.0
509,h2_storage,2030,22,5,5,0.0
510,h2_storage,2030,22,6,6,0.0
511,h2_storage,2030,22,7,7,0.0
512,h2_storage,2030,22,8,8,0.0
513,h2_storage,2030,22,9,9,0.0
514,h2_storage,2030,22,10,10,0.0
515,h2_storage,2030,22,11,11,0.0
516,h2_storage,2030,22,12,12,0.0
517,h2_storage,2030,22,13,13,0.0
518,h2_storage,2030,22,14,14,0.0
519,h2_storage,2030,22,15,15,0.0
520,h2_storage,2030,22,16,16,0.0
521,h2_storage,2030,22,17,17,0.0
522,h2_storage,2030,22,18,18,0.0
523,h2_storage,2030,22,19,19,0.0
524,h2_storage,2030,22,20,20,0.0
525,h2_storage,2030,22,21,21,0.0
526,h2_storage,2030,22,22,22,0.0
527,h2_storage,2030,22,23,23,0.0
528,h2_storage,2030,22,24,24,0.0
529,h2_storage,2030,23,1,1,0.0
530,h2_storage,2030,23,2,2,0.0
531,h2_storage,2030,23,3,3,0.0
532,h2_storage,2030,23,4,4,0.0
533,h2_storage,2030,23,5,5,0.0
534,h2_storage,2030,23,6,6,0.0
535,h2_storage,2030,23,7,7,0.0
536,h2_storage,2030,23,8,8,0.0
537,h2_storage,2030,23,9,9,0.0
538,h2_storage,2030,23,10,10,0.0
539,h2_storage,2030,23,11,11,0.0
540,h2_storage,2030,23,12,12,0.0
541,h2_storage,2030,23,13,13,0.0
542,h2_storage,2030,23,14,14,0.0
543,h2_storage,2030,23,15,15,0.0
544,h2_storage,2030,23,16,16,0.0
545,h2_storage,2030,23,17,17,0.0
546,h2_storage,2030,23,18,18,0.0
547,h2_storage,2030,23,19,19,0.0
548,h2_storage,2030,23,20,20,0.0
549,h2_storage,2030,23,21,21,0.0
550,h2_storage,2030,23,22,22,0.0
551,h2_storage,2030,23,23,23,0.0
552,h2_storage,2030,23,24,24,0.0
553,h2_storage,2030,24,1,1,0.0
554,h2_storage,2030,24,2,2,0.0
555,h2_storage,2030,24,3,3,0.0
556,h2_storage,2030,24,4,4,0.0
557,h2_storage,2030,24,5,5,0.0
558,h2_storage,2030,24,6,6,0.0
559,h2_storage,2030,24,7,7,0.0
560,h2_storage,2030,24,8,8,0.0
561,h2_storage,2030,24,9,9,0.0
562,h2_storage,2030,24,10,10,0.0
563,h2_storage,2030,24,11,11,0.0
564,h2_storage,2030,24,12,12,0.0
565,h2_storage,2030,24,13,13,0.0
566,h2_storage,2030,24,14,14,0.0
567,h2_storage,2030,24,15,15,0.0
568,h2_storage,2030,24,16,16,0.0
569,h2_storage,2030,24,17,17,0.0
570,h2_storage,2030,24,18,18,0.0
571,h2_storage,2030,24,19,19,0.0
572,h2_storage,2030,24,20,20,0.0
573,h2_storage,2030,24,21,21,0.0
574,h2_storage,2030,24,22,22,0.0
575,h2_storage,2030,24,23,23,0.0
576,h2_storage,2030,24,24,24,0.0
577,h2_storage,2030,25,1,1,0.0
578,h2_storage,2030,25,2,2,0.0
579,h2_storage,2030,25,3,3,0.0
580,h2_storage,2030,25,4,4,0.0
581,h2_storage,2030,25,5,5,0.0
582,h2_storage,2030,25,6,6,0.0
583,h2_storage,2030,25,7,7,0.0
584,h2_storage,2030,25,8,8,0.0
585,h2_storage,2030,25,9,9,0.0
586,h2_storage,2030,25,10,10,0.0
587,h2_storage,2030,25,11,11,0.0
588,h2_storage,2030,25,12,12,0.0
589,h2_storage,2030,25,13,13,0.0
590,h2_storage,2030,25,14,14,0.0
591,h2_storage,2030,25,15,15,0.0
592,h2_storage,2030,25,16,16,0.0
593,h2_storage,2030,25,17,17,0.0
594,h2_storage,2030,25,18,18,0.0
595,h2_storage,2030,25,19,19,0.0
596,h2_storage,2030,25,20,20,0.0
597,h2_storage,2030,25,21,21,0.0
598,h2_storage,2030,25,22,22,0.0
599,h2_storage,2030,25,23,23,0.0
600,h2_storage,2030,25,24,24,0.0
601,h2_storage,2030,26,1,1,0.0
602,h2_storage,2030,26,2,2,0.0
603,h2_storage,2030,26,3,3,0.0
604,h2_storage,2030,26,4,4,0.0
605,h2_storage,2030,26,5,5,0.0
606,h2_storage,2030,26,6,6,0.0
607,h2_storage,2030,26,7,7,0.0
608,h2_storage,2030,26,8,8,0.0
609,h2_storage,2030,26,9,9,0.0
610,h2_storage,2030,26,10,10,0.0
611,h2_storage,2030,26,11,11,0.0
612,h2_storage,2030,26,12,12,0.0
613,h2_storage,2030,26,13,13,0.0
614,h2_storage,2030,26,14,14,0.0
615,h2_storage,2030,26,15,15,0.0
616,h2_storage,2030,26,16,16,0.0
617,h2_storage,2030,26,17,17,0.0
618,h2_storage,2030,26,18,18,0.0
619,h2_storage,2030,26,19,19,0.0
620,h2_storage,2030,26,20,20,0.0
621,h2_storage,2030,26,21,21,0.0
622,h2_storage,2030,26,22,22,0.0
623,h2_storage,2030,26,23,23,0.0
624,h2_storage,2030,26,24,24,0.0
625,h2_storage,2030,27,1,1,0.0
626,h2_storage,2030,27,2,2,0.0
627,h2_storage,2030,27,3,3,0.0
628,h2_storage,2030,27,4,4,0.0
629,h2_storage,2030,27,5,5,0.0
630,h2_storage,2030,27,6,6,0.0
631,h2_storage,2030,27,7,7,0.0
632,h2_storage,2030,27,8,8,0.0
633,h2_storage,2030,27,9,9,0.0
634,h2_storage,2030,27,10,10,0.0
635,h2_storage,2030,27,11,11,0.0
636,h2_storage,2030,27,12,12,0.0
637,h2_storage,2030,27,13,13,0.0
638,h2_storage,2030,27,14,14,0.0
639,h2_storage,2030,27,15,15,0.0
640,h2_storage,2030,27,16,16,0.0
641,h2_storage,2030,27,17,17,0.0
642,h2_storage,2030,27,18,18,0.0
643,h2_storage,2030,27,19,19,0.0
644,h2_storage,2030,27,20,20,0.0
645,h2_storage,2030,27,21,21,0.0
646,h2_storage,2030,27,22,22,0.0
647,h2_storage,2030,27,23,23,0.0
648,h2_storage,2030,27,24,24,0.0
649,h2_storage,2030,28,1,1,0.0
650,h2_storage,2030,28,2,2,0.0
651,h2_storage,2030,28,3,3,0.0
652,h2_storage,2030,28,4,4,0.0
653,h2_storage,2030,28,5,5,0.0
654,h2_storage,2030,28,6,6,0.0
655,h2_storage,2030,28,7,7,0.0
656,h2_storage,2030,28,8,8,0.0
657,h2_storage,2030,28,9,9,0.0
658,h2_storage,2030,28,10,10,0.0
659,h2_storage,2030,28,11,11,0.0
660,h2_storage,2030,28,12,12,0.0
661,h2_storage,2030,28,13,13,0.0
662,h2_storage,2030,28,14,14,0.0
663,h2_storage,2030,28,15,15,0.0
664,h2_storage,2030,28,16,16,0.0
665,h2_storage,2030,28,17,17,0.0
666,h2_storage,2030,28,18,18,0.0
667,h2_storage,2030,28,19,19,0.0
668,h2_storage,2030,28,20,20,0.0
669,h2_storage,2030,28,21,21,0.0
670,h2_storage,2030,28,22,22,0.0
671,h2_storage,2030,28,23,23,0.0
672,h2_storage,2030,28,24,24,0.0
673,h2_storage,2030,29,1,1,0.0
674,h2_storage,2030,29,2,2,0.0
675,h2_storage,2030,29,3,3,0.0
676,h2_storage,2030,29,4,4,0.0
677,h2_storage,2030,29,5,5,0.0
678,h2_storage,2030,29,6,6,0.0
679,h2_storage,2030,29,7,7,0.0
680,h2_storage,2030,29,8,8,0.0
681,h2_storage,2030,29,9,9,0.0
682,h2_storage,2030,29,10,10,0.0
683,h2_storage,2030,29,11,11,0.0
684,h2_storage,2030,29,12,12,0.0
685,h2_storage,2030,29,13,13,0.0
686,h2_storage,2030,29,14,14,0.0
687,h2_storage,2030,29,15,15,0.0
688,h2_storage,2030,29,16,16,0.0
689,h2_storage,2030,29,17,17,0.0
690,h2_storage,2030,29,18,18,0.0
691,h2_storage,2030,29,19,19,0.0
692,h2_storage,2030,29,20,20,0.0
693,h2_storage,2030,29,21,21,0.0
694,h2_storage,2030,29,22,22,0.0
695,h2_storage,2030,29,23,23,0.0
696,h2_storage,2030,29,24,24,0.0
697,h2_storage,2030,30,1,1,0.0
698,h2_storage,2030,30,2,2,0.0
699,h2_storage,2030,30,3,3,0.0
700,h2_storage,2030,30,4,4,0.0
701,h2_storage,2030,30,5,5,0.0
702,h2_storage,2030,30,6,6,0.0
703,h2_storage,2030,30,7,7,0.0
704,h2_storage,2030,30,8,8,0.0
705,h2_storage,2030,30,9,9,0.0
706,h2_storage,2030,30,10,10,0.0
707,h2_storage,2030,30,11,11,0.0
708,h2_storage,2030,30,12,12,0.0
709,h2_storage,2030,30,13,13,0.0
710,h2_storage,2030,30,14,14,0.0
711,h2_storage,2030,30,15,15,0.0
712,h2_storage,2030,30,16,16,0.0
713,h2_storage,2030,30,17,17,0.0
714,h2_storage,2030,30,18,18,0.0
715,h2_storage,2030,30,19,19,0.0
716,h2_storage,2030,30,20,20,0.0
717,h2_storage,2030,30,21,21,0.0
718,h2_storage,2030,30,22,22,0.0
719,h2_storage,2030,30,23,23,0.0
720,h2_storage,2030,30,24,24,0.0
721,h2_storage,2030,31,1,1,0.0
722,h2_storage,2030,31,2,2,0.0
723,h2_storage,2030,31,3,3,0.0
724,h2_storage,2030,31,4,4,0.0
725,h2_storage,2030,31,5,5,0.0
726,h2_storage,2030,31,6,6,0.0
727,h2_storage,2030,31,7,7,0.0
728,h2_storage,2030,31,8,8,0.0
729,h2_storage,2030,31,9,9,0.0
730,h2_storage,2030,31,10,10,0.0
731,h2_storage,2030,31,11,11,0.0
732,h2_storage,2030,31,12,12,0.0
733,h2_storage,2030,31,13,13,0.0
734,h2_storage,2030,31,14,14,0.0
735,h2_storage,2030,31,15,15,0.0
736,h2_storage,2030,31,16,16,0.0
737,h2_storage,2030,31,17,17,0.0
738,h2_storage,2030,31,18,18,0.0
739,h2_storage,2030,31,19,19,0.0
740,h2_storage,2030,31,20,20,0.0
741,h2_storage,2030,31,21,21,0.0
742,h2_storage,2030,31,22,22,0.0
743,h2_storage,2030,31,23,23,0.0
744,h2_storage,2030,31,24,24,0.0
745,h2_storage,2030,32,1,1,0.0
746,h2_storage,2030,32,2,2,0.0
747,h2_storage,2030,32,3,3,0.0
748,h2_storage,2030,32,4,4,0.0
749,h2_storage,2030,32,5,5,0.0
750,h2_storage,2030,32,6,6,0.0
751,h2_storage,2030,32,7,7,0.0
752,h2_storage,2030,32,8,8,0.0
753,h2_storage,2030,32,9,9,0.0
754,h2_storage,2030,32,10,10,0.0
755,h2_storage,2030,32,11,11,0.0
756,h2_storage,2030,32,12,12,0.0
757,h2_storage,2030,32,13,13,0.0
758,h2_storage,2030,32,14,14,0.0
759,h2_storage,2030,32,15,15,0.0
760,h2_storage,2030,32,16,16,0.0
761,h2_storage,2030,32,17,17,0.0
762,h2_storage,2030,32,18,18,0.0
763,h2_storage,2030,32,19,19,0.0
764,h2_storage,2030,32,20,20,0.0
765,h2_storage,2030,32,21,21,0.0
766,h2_storage,2030,32,22,22,0.0
767,h2_storage,2030,32,23,23,0.0
768,h2_storage,2030,32,24,24,0.0
769,h2_storage,2030,33,1,1,0.0
770,h2_storage,2030,33,2,2,0.0
771,h2_storage,2030,33,3,3,0.0
772,h2_storage,2030,33,4,4,0.0
773,h2_storage,2030,33,5,5,0.0
774,h2_storage,2030,33,6,6,0.0
775,h2_storage,2030,33,7,7,0.0
776,h2_storage,2030,33,8,8,0.0
777,h2_storage,2030,33,9,9,0.0
778,h2_storage,2030,33,10,10,0.0
779,h2_storage,2030,33,11,11,0.0
780,h2_storage,2030,33,12,12,0.0
781,h2_storage,2030,33,13,13,0.0
782,h2_storage,2030,33,14,14,0.0
783,h2_storage,2030,33,15,15,0.0
784,h2_storage,2030,33,16,16,0.0
785,h2_storage,2030,33,17,17,0.0
786,h2_storage,2030,33,18,18,0.0
787,h2_storage,2030,33,19,19,0.0
788,h2_storage,2030,33,20,20,0.0
789,h2_storage,2030,33,21,21,0.0
790,h2_storage,2030,33,22,22,0.0
791,h2_storage,2030,33,23,23,0.0
792,h2_storage,2030,33,24,24,0.0
793,h2_storage,2030,34,1,1,0.0
794,h2_storage,2030,34,2,2,0.0
795,h2_storage,2030,34,3,3,0.0
796,h2_storage,2030,34,4,4,0.0
797,h2_storage,2030,34,5,5,0.0
798,h2_storage,2030,34,6,6,0.0
799,h2_storage,2030,34,7,7,0.0
800,h2_storage,2030,34,8,8,0.0
801,h2_storage,2030,34,9,9,0.0
802,h2_storage,2030,34,10,10,0.0
803,h2_storage,2030,34,11,11,0.0
804,h2_storage,2030,34,12,12,0.0
805,h2_storage,2030,34,13,13,0.0
806,h2_storage,2030,34,14,14,0.0
807,h2_storage,2030,34,15,15,0.0
808,h2_storage,2030,34,16,16,0.0
809,h2_storage,2030,34,17,17,0.0
810,h2_storage,2030,34,18,18,0.0
811,h2_storage,2030,34,19,19,0.0
812,h2_storage,2030,34,20,20,0.0
813,h2_storage,2030,34,21,21,0.0
814,h2_storage,2030,34,22,22,0.0
815,h2_storage,2030,34,23,23,0.0
816,h2_storage,2030,34,24,24,0.0
817,h2_storage,2030,35,1,1,0.0
818,h2_storage,2030,35,2,2,0.0
819,h2_storage,2030,35,3,3,0.0
820,h2_storage,2030,35,4,4,0.0
821,h2_storage,2030,35,5,5,0.0
822,h2_storage,2030,35,6,6,0.0
823,h2_storage,2030,35,7,7,0.0
824,h2_storage,2030,35,8,8,0.0
825,h2_storage,2030,35,9,9,0.0
826,h2_storage,2030,35,10,10,0.0
827,h2_storage,2030,35,11,11,0.0
828,h2_storage,2030,35,12,12,0.0
829,h2_storage,2030,35,13,13,0.0
830,h2_storage,2030,35,14,14,0.0
831,h2_storage,2030,35,15,15,0.0
832,h2_storage,2030,35,16,16,0.0
833,h2_storage,2030,35,17,17,0.0
834,h2_storage,2030,35,18,18,0.0
835,h2_storage,2030,35,19,19,0.0
836,h2_storage,2030,35,20,20,0.0
837,h2_storage,2030,35,21,21,0.0
838,h2_storage,2030,35,22,22,0.0
839,h2_storage,2030,35,23,23,0.0
840,h2_storage,2030,35,24,24,0.0
841,h2_storage,2030,36,1,1,0.0
842,h2_storage,2030,36,2,2,0.0
843,h2_storage,2030,36,3,3,0.0
844,h2_storage,2030,36,4,4,0.0
845,h2_storage,2030,36,5,5,0.0
846,h2_storage,2030,36,6,6,0.0
847,h2_storage,2030,36,7,7,0.0
848,h2_storage,2030,36,8,8,0.0
849,h2_storage,2030,36,9,9,0.0
850,h2_storage,2030,36,10,10,0.0
851,h2_storage,2030,36,11,11,0.0
852,h2_storage,2030,36,12,12,0.0
853,h2_storage,2030,36,13,13,0.0
854,h2_storage,2030,36,14,14,0.0
855,h2_storage,2030,36,15,15,0.0
856,h2_storage,2030,36,16,16,0.0
857,h2_storage,2030,36,17,17,0.0
858,h2_storage,2030,36,18,18,0.0
859,h2_storage,2030,36,19,19,0.0
860,h2_storage,2030,36,20,20,0.0
861,h2_storage,2030,36,21,21,0.0
862,h2_storage,2030,36,22,22,0.0
863,h2_storage,2030,36,23,23,0.0
864,h2_storage,2030,36,24,24,0.0
865,h2_storage,2030,37,1,1,0.0
866,h2_storage,2030,37,2,2,0.0
867,h2_storage,2030,37,3,3,0.0
868,h2_storage,2030,37,4,4,0.0
869,h2_storage,2030,37,5,5,0.0
870,h2_storage,2030,37,6,6,0.0
871,h2_storage,2030,37,7,7,0.0
872,h2_storage,2030,37,8,8,0.0
873,h2_storage,2030,37,9,9,0.0
874,h2_storage,2030,37,10,10,0.0
875,h2_storage,2030,37,11,11,0.0
876,h2_storage,2030,37,12,12,0.0
877,h2_storage,2030,37,13,13,0.0
878,h2_storage,2030,37,14,14,0.0
879,h2_storage,2030,37,15,15,0.0
880,h2_storage,2030,37,16,16,0.0
881,h2_storage,2030,37,17,17,0.0
882,h2_storage,2030,37,18,18,0.0
883,h2_storage,2030,37,19,19,0.0
884,h2_storage,2030,37,20,20,0.0
885,h2_storage,2030,37,21,21,0.0
886,h2_storage,2030,37,22,22,0.0
887,h2_storage,2030,37,23,23,0.0
888,h2_storage,2030,37,24,24,0.0
889,h2_storage,2030,38,1,1,0.0
890,h2_storage,2030,38,2,2,0.0
891,h2_storage,2030,38,3,3,0.0
892,h2_storage,2030,38,4,4,0.0
893,h2_storage,2030,38,5,5,0.0
894,h2_storage,2030,38,6,6,0.0
895,h2_storage,2030,38,7,7,0.0
896,h2_storage,2030,38,8,8,0.0
897,h2_storage,2030,38,9,9,0.0
898,h2_storage,2030,38,10,10,0.0
899,h2_storage,2030,38,11,11,0.0
900,h2_storage,2030,38,12,12,0.0
901,h2_storage,2030,38,13,13,0.0
902,h2_storage,2030,38,14,14,0.0
903,h2_storage,2030,38,15,15,0.0
904,h2_storage,2030,38,16,16,0.0
905,h2_storage,2030,38,17,17,0.0
906,h2_storage,2030,38,18,18,0.0
907,h2_storage,2030,38,19,19,0.0
908,h2_storage,2030,38,20,20,0.0
909,h2_storage,2030,38,21,21,0.0
910,h2_storage,2030,38,22,22,0.0
911,h2_storage,2030,38,23,23,0.0
912,h2_storage,2030,38,24,24,0.0
913,h2_storage,2030,39,1,1,0.0
914,h2_storage,2030,39,2,2,0.0
915,h2_storage,2030,39,3,3,0.0
916,h2_storage,2030,39,4,4,0.0
917,h2_storage,2030,39,5,5,0.0
918,h2_storage,2030,39,6,6,0.0
919,h2_storage,2030,39,7,7,0.0
920,h2_storage,2030,39,8,8,0.0
921,h2_storage,2030,39,9,9,0.0
922,h2_storage,2030,39,10,10,0.0
923,h2_storage,2030,39,11,11,0.0
924,h2_storage,2030,39,12,12,0.0
925,h2_storage,2030,39,13,13,0.0
926,h2_storage,2030,39,14,14,0.0
927,h2_storage,2030,39,15,15,0.0
928,h2_storage,2030,39,16,16,0.0
929,h2_storage,2030,39,17,17,0.0
930,h2_storage,2030,39,18,18,0.0
931,h2_storage,2030,39,19,19,0.0
932,h2_storage,2030,39,20,20,0.0
933,h2_storage,2030,39,21,21,0.0
934,h2_storage,2030,39,22,22,0.0
935,h2_storage,2030,39,23,23,0.0
936,h2_storage,2030,39,24,24,0.0
937,h2_storage,2030,40,1,1,0.0
938,h2_storage,2030,40,2,2,0.0
939,h2_storage,2030,40,3,3,0.0
940,h2_storage,2030,40,4,4,0.0
941,h2_storage,2030,40,5,5,0.0
942,h2_storage,2030,40,6,6,0.0
943,h2_storage,2030,40,7,7,0.0
944,h2_storage,2030,40,8,8,0.0
945,h2_storage,2030,40,9,9,0.0
946,h2_storage,2030,40,10,10,0.0
947,h2_storage,2030,40,11,11,0.0
948,h2_storage,2030,40,12,12,0.0
949,h2_storage,2030,40,13,13,0.0
950,h2_storage,2030,40,14,14,0.0
951,h2_storage,2030,40,15,15,0.0
952,h2_storage,2030,40,16,16,0.0
953,h2_storage,2030,40,17,17,0.0
954,h2_storage,2030,40,18,18,0.0
955,h2_storage,2030,40,19,19,0.0
956,h2_storage,2030,40,20,20,0.0
957,h2_storage,2030,40,21,21,0.0
958,h2_storage,2030,40,22,22,0.0
959,h2_storage,2030,40,23,23,0.0
960,h2_storage,2030,40,24,24,0.0
961,h2_storage,2030,41,1,1,0.0
962,h2_storage,2030,41,2,2,0.0
963,h2_storage,2030,41,3,3,0.0
964,h2_storage,2030,41,4,4,0.0
965,h2_storage,2030,41,5,5,0.0
966,h2_storage,2030,41,6,6,0.0
967,h2_storage,2030,41,7,7,0.0
968,h2_storage,2030,41,8,8,0.0
969,h2_storage,2030,41,9,9,0.0
970,h2_storage,2030,41,10,10,0.0
971,h2_storage,2030,41,11,11,0.0
972,h2_storage,2030,41,12,12,0.0
973,h2_storage,2030,41,13,13,0.0
974,h2_storage,2030,41,14,14,0.0
975,h2_storage,2030,41,15,15,0.0
976,h2_storage,2030,41,16,16,0.0
977,h2_storage,2030,41,17,17,0.0
978,h2_storage,2030,41,18,18,0.0
979,h2_storage,2030,41,19,19,0.0
980,h2_storage,2030,41,20,20,0.0
981,h2_storage,2030,41,21,21,0.0
982,h2_storage,2030,41,22,22,0.0
983,h2_storage,2030,41,23,23,0.0
984,h2_storage,2030,41,24,24,0.0
985,h2_storage,2030,42,1,1,0.0
986,h2_storage,2030,42,2,2,0.0
987,h2_storage,2030,42,3,3,0.0
988,h2_storage,2030,42,4,4,0.0
989,h2_storage,2030,42,5,5,0.0
990,h2_storage,2030,42,6,6,0.0
991,h2_storage,2030,42,7,7,0.0
992,h2_storage,2030,42,8,8,0.0
993,h2_storage,2030,42,9,9,0.0
994,h2_storage,2030,42,10,10,0.0
995,h2_storage,2030,42,11,11,0.0
996,h2_storage,2030,42,12,12,0.0
997,h2_storage,2030,42,13,13,0.0
998,h2_storage,2030,42,14,14,0.0
999,h2_storage,2030,42,15,15,0.0
1000,h2_storage,2030,42,16,16,0.0
1001,h2_storage,2030,42,17,17,0.0
1002,h2_storage,2030,42,18,18,0.0
1003,h2_storage,2030,42,19,19,0.0
1004,h2_storage,2030,42,20,20,0.0
1005,h2_storage,2030,42,21,21,0.0
1006,h2_storage,2030,42,22,22,0.0
1007,h2_storage,2030,42,23,23,0.0
1008,h2_storage,2030,42,24,24,0.0
1009,h2_storage,2030,43,1,1,0.0
1010,h2_storage,2030,43,2,2,0.0
1011,h2_storage,2030,43,3,3,0.0
1012,h2_storage,2030,43,4,4,0.0
1013,h2_storage,2030,43,5,5,0.0
1014,h2_storage,2030,43,6,6,0.0
1015,h2_storage,2030,43,7,7,0.0
1016,h2_storage,2030,43,8,8,0.0
1017,h2_storage,2030,43,9,9,0.0
1018,h2_storage,2030,43,10,10,0.0
1019,h2_storage,2030,43,11,11,0.0
1020,h2_storage,2030,43,12,12,0.0
1021,h2_storage,2030,43,13,13,0.0
1022,h2_storage,2030,43,14,14,0.0
1023,h2_storage,2030,43,15,15,0.0
1024,h2_storage,2030,43,16,16,0.0
1025,h2_storage,2030,43,17,17,0.0
1026,h2_storage,2030,43,18,18,0.0
1027,h2_storage,2030,43,19,19,0.0
1028,h2_storage,2030,43,20,20,0.0
1029,h2_storage,2030,43,21,21,0.0
1030,h2_storage,2030,43,22,22,0.0
1031,h2_storage,2030,43,23,23,0.0
1032,h2_storage,2030,43,24,24,0.0
1033,h2_storage,2030,44,1,1,0.0
1034,h2_storage,2030,44,2,2,0.0
1035,h2_storage,2030,44,3,3,0.0
1036,h2_storage,2030,44,4,4,0.0
1037,h2_storage,2030,44,5,5,0.0
1038,h2_storage,2030,44,6,6,0.0
1039,h2_storage,2030,44,7,7,0.0
1040,h2_storage,2030,44,8,8,0.0
1041,h2_storage,2030,44,9,9,0.0
1042,h2_storage,2030,44,10,10,0.0
1043,h2_storage,2030,44,11,11,0.0
1044,h2_storage,2030,44,12,12,0.0
1045,h2_storage,2030,44,13,13,0.0
1046,h2_storage,2030,44,14,14,0.0
1047,h2_storage,2030,44,15,15,0.0
1048,h2_storage,2030,44,16,16,0.0
1049,h2_storage,2030,44,17,17,0.0
1050,h2_storage,2030,44,18,18,0.0
1051,h2_storage,2030,44,19,19,0.0
1052,h2_storage,2030,44,20,20,0.0
1053,h2_storage,2030,44,21,21,0.0
1054,h2_storage,2030,44,22,22,0.0
1055,h2_storage,2030,44,23,23,0.0
1056,h2_storage,2030,44,24,24,0.0
1057,h2_storage,2030,45,1,1,0.0
1058,h2_storage,2030,45,2,2,0.0
1059,h2_storage,2030,45,3,3,0.0
1060,h2_storage,2030,45,4,4,0.0
1061,h2_storage,2030,45,5,5,0.0
1062,h2_storage,2030,45,6,6,0.0
1063,h2_storage,2030,45,7,7,0.0
1064,h2_storage,2030,45,8,8,0.0
1065,h2_storage,2030,45,9,9,0.0
1066,h2_storage,2030,45,10,10,0.0
1067,h2_storage,2030,45,11,11,0.0
1068,h2_storage,2030,45,12,12,0.0
1069,h2_storage,2030,45,13,13,0.0
1070,h2_storage,2030,45,14,14,0.0
1071,h2_storage,2030,45,15,15,0.0
1072,h2_storage,2030,45,16,16,0.0
1073,h2_storage,2030,45,17,17,0.0
1074,h2_storage,2030,45,18,18,0.0
1075,h2_storage,2030,45,19,19,0.0
1076,h2_storage,2030,45,20,20,0.0
1077,h2_storage,2030,45,21,21,0.0
1078,h2_storage,2030,45,22,22,0.0
1079,h2_storage,2030,45,23,23,0.0
1080,h2_storage,2030,45,24,24,0.0
1081,h2_storage,2030,46,1,1,0.0
1082,h2_storage,2030,46,2,2,0.0
1083,h2_storage,2030,46,3,3,0.0
1084,h2_storage,2030,46,4,4,0.0
1085,h2_storage,2030,46,5,5,0.0
1086,h2_storage,2030,46,6,6,0.0
1087,h2_storage,2030,46,7,7,0.0
1088,h2_storage,2030,46,8,8,0.0
1089,h2_storage,2030,46,9,9,0.0
1090,h2_storage,2030,46,10,10,0.0
1091,h2_storage,2030,46,11,11,0.0
1092,h2_storage,2030,46,12,12,0.0
1093,h2_storage,2030,46,13,13,0.0
1094,h2_storage,2030,46,14,14,0.0
1095,h2_storage,2030,46,15,15,0.0
1096,h2_storage,2030,46,16,16,0.0
1097,h2_storage,2030,46,17,17,0.0
1098,h2_storage,2030,46,18,18,0.0
1099,h2_storage,2030,46,19,19,0.0
1100,h2_storage,2030,46,20,20,0.0
1101,h2_storage,2030,46,21,21,0.0
1102,h2_storage,2030,46,22,22,0.0
1103,h2_storage,2030,46,23,23,0.0
1104,h2_storage,2030,46,24,24,0.0
1105,h2_storage,2030,47,1,1,0.0
1106,h2_storage,2030,47,2,2,0.0
1107,h2_storage,2030,47,3,3,0.0
1108,h2_storage,2030,47,4,4,0.0
1109,h2_storage,2030,47,5,5,0.0
1110,h2_storage,2030,47,6,6,0.0
1111,h2_storage,2030,47,7,7,0.0
1112,h2_storage,2030,47,8,8,0.0
1113,h2_storage,2030,47,9,9,0.0
1114,h2_storage,2030,47,10,10,0.0
1115,h2_storage,2030,47,11,11,0.0
1116,h2_storage,2030,47,12,12,0.0
1117,h2_storage,2030,47,13,13,0.0
1118,h2_storage,2030,47,14,14,0.0
1119,h2_storage,2030,47,15,15,0.0
1120,h2_storage,2030,47,16,16,0.0
1121,h2_storage,2030,47,17,17,0.0
1122,h2_storage,2030,47,18,18,0.0
1123,h2_storage,2030,47,19,19,0.0
1124,h2_storage,2030,47,20,20,0.0
1125,h2_storage,2030,47,21,21,0.0
1126,h2_storage,2030,47,22,22,0.0
1127,h2_storage,2030,47,23,23,0.0
1128,h2_storage,2030,47,24,24,0.0
1129,h2_storage,2030,48,1,1,0.0
1130,h2_storage,2030,48,2,2,0.0
1131,h2_storage,2030,48,3,3,0.0
1132,h2_storage,2030,48,4,4,0.0
1133,h2_storage,2030,48,5,5,0.0
1134,h2_storage,2030,48,6,6,0.0
1135,h2_storage,2030,48,7,7,0.0
1136,h2_storage,2030,48,8,8,0.0
1137,h2_storage,2030,48,9,9,0.0
1138,h2_storage,2030,48,10,10,0.0
1139,h2_storage,2030,48,11,11,0.0
1140,h2_storage,2030,48,12,12,0.0
1141,h2_storage,2030,48,13,13,0.0
1142,h2_storage,2030,48,14,14,0.0
1143,h2_storage,2030,48,15,15,0.0
1144,h2_storage,2030,48,16,16,0.0
1145,h2_storage,2030,48,17,17,0.0
1146,h2_storage,2030,48,18,18,0.0
1147,h2_storage,2030,48,19,19,0.0
1148,h2_storage,2030,48,20,20,0.0
1149,h2_storage,2030,48,21,21,0.0
1150,h2_storage,2030,48,22,22,0.0
1151,h2_storage,2030,48,23,23,0.0
1152,h2_storage,2030,48,24,24,0.0
1153,h2_storage,2030,49,1,1,0.0
1154,h2_storage,2030,49,2,2,0.0
1155,h2_storage,2030,49,3,3,0.0
1156,h2_storage,2030,49,4,4,0.0
1157,h2_storage,2030,49,5,5,0.0
1158,h2_storage,2030,49,6,6,0.0
1159,h2_storage,2030,49,7,7,0.0
1160,h2_storage,2030,49,8,8,0.0
1161,h2_storage,2030,49,9,9,0.0
1162,h2_storage,2030,49,10,10,0.0
1163,h2_storage,2030,49,11,11,0.0
1164,h2_storage,2030,49,12,12,0.0
1165,h2_storage,2030,49,13,13,0.0
1166,h2_storage,2030,49,14,14,0.0
1167,h2_storage,2030,49,15,15,0.0
1168,h2_storage,2030,49,16,16,0.0
1169,h2_storage,2030,49,17,17,0.0
1170,h2_storage,2030,49,18,18,0.0
1171,h2_storage,2030,49,19,19,0.0
1172,h2_storage,2030,49,20,20,0.0
1173,h2_storage,2030,49,21,21,0.0
1174,h2_storage,2030,49,22,22,0.0
1175,h2_storage,2030,49,23,23,0.0
1176,h2_storage,2030,49,24,24,0.0
1177,h2_storage,2030,50,1,1,0.0
1178,h2_storage,2030,50,2,2,0.0
1179,h2_storage,2030,50,3,3,0.0
1180,h2_storage,2030,50,4,4,0.0
1181,h2_storage,2030,50,5,5,0.0
1182,h2_storage,2030,50,6,6,0.0
1183,h2_storage,2030,50,7,7,0.0
1184,h2_storage,2030,50,8,8,0.0
1185,h2_storage,2030,50,9,9,0.0
1186,h2_storage,2030,50,10,10,0.0
1187,h2_storage,2030,50,11,11,0.0
1188,h2_storage,2030,50,12,12,0.0
1189,h2_storage,2030,50,13,13,0.0
1190,h2_storage,2030,50,14,14,0.0
1191,h2_storage,2030,50,15,15,0.0
1192,h2_storage,2030,50,16,16,0.0
1193,h2_storage,2030,50,17,17,0.0
1194,h2_storage,2030,50,18,18,0.0
1195,h2_storage,2030,50,19,19,0.0
1196,h2_storage,2030,50,20,20,0.0
1197,h2_storage,2030,50,21,21,0.0
1198,h2_storage,2030,50,22,22,0.0
1199,h2_storage,2030,50,23,23,0.0
1200,h2_storage,2030,50,24,24,0.0
1201,h2_storage,2030,51,1,1,0.0
1202,h2_storage,2030,51,2,2,0.0
1203,h2_storage,2030,51,3,3,0.0
1204,h2_storage,2030,51,4,4,0.0
1205,h2_storage,2030,51,5,5,0.0
1206,h2_storage,2030,51,6,6,0.0
1207,h2_storage,2030,51,7,7,0.0
1208,h2_storage,2030,51,8,8,0.0
1209,h2_storage,2030,51,9,9,0.0
1210,h2_storage,2030,51,10,10,0.0
1211,h2_storage,2030,51,11,11,0.0
1212,h2_storage,2030,51,12,12,0.0
1213,h2_storage,2030,51,13,13,0.0
1214,h2_storage,2030,51,14,14,0.0
1215,h2_storage,2030,51,15,15,0.0
1216,h2_storage,2030,51,16,16,0.0
1217,h2_storage,2030,51,17,17,0.0
1218,h2_storage,2030,51,18,18,0.0
1219,h2_storage,2030,51,19,19,0.0
1220,h2_storage,2030,51,20,20,0.0
1221,h2_storage,2030,51,21,21,0.0
1222,h2_storage,2030,51,22,22,0.0
1223,h2_storage,2030,51,23,23,0.0
1224,h2_storage,2030,51,24,24,0.0
1225,h2_storage,2030,52,1,1,0.0
1226,h2_storage,2030,52,2,2,0.0
1227,h2_storage,2030,52,3,3,0.0
1228,h2_storage,2030,52,4,4,0.0
1229,h2_storage,2030,52,5,5,0.0
1230,h2_storage,2030,52,6,6,0.0
1231,h2_storage,2030,52,7,7,0.0
1232,h2_storage,2030,52,8,8,0.0
1233,h2_storage,2030,52,9,9,0.0
1234,h2_storage,2030,52,10,10,0.0
1235,h2_storage,2030,52,11,11,0.0
1236,h2_storage,2030,52,12,12,0.0
1237,h2_storage,2030,52,13,13,0.0
1238,h2_storage,2030,52,14,14,0.0
1239,h2_storage,2030,52,15,15,0.0
1240,h2_storage,2030,52,16,16,0.0
1241,h2_storage,2030,52,17,17,0.0
1242,h2_storage,2030,52,18,18,0.0
1243,h2_storage,2030,52,19,19,0.0
1244,h2_storage,2030,52,20,20,0.0
1245,h2_storage,2030,52,21,21,0.0
1246,h2_storage,2030,52,22,22,0.0
1247,h2_storage,2030,52,23,23,0.0
1248,h2_storage,2030,52,24,24,0.0
1249,h2_storage,2030,53,1,1,0.0
1250,h2_storage,2030,53,2,2,0.0
1251,h2_storage,2030,53,3,3,0.0
1252,h2_storage,2030,53,4,4,0.0
1253,h2_storage,2030,53,5,5,0.0
1254,h2_storage,2030,53,6,6,0.0
1255,h2_storage,2030,53,7,7,0.0
1256,h2_storage,2030,53,8,8,0.0
1257,h2_storage,2030,53,9,9,0.0
1258,h2_storage,2030,53,10,10,0.0
1259,h2_storage,2030,53,11,11,0.0
1260,h2_storage,2030,53,12,12,0.0
1261,h2_storage,2030,53,13,13,0.0
1262,h2_storage,2030,53,14,14,0.0
1263,h2_storage,2030,53,15,15,0.0
1264,h2_storage,2030,53,16,16,0.0
1265,h2_storage,2030,53,17,17,0.0
1266,h2_storage,2030,53,18,18,0.0
1267,h2_storage,2030,53,19,19,0.0
1268,h2_storage,2030,53,20,20,0.0
1269,h2_storage,2030,53,21,21,0.0
1270,h2_storage,2030,53,22,22,0.0
1271,h2_storage,2030,53,23,23,0.0
1272,h2_storage,2030,53,24,24,0.0
1273,h2_storage,2030,54,1,1,0.0
1274,h2_storage,2030,54,2,2,0.0
1275,h2_storage,2030,54,3,3,0.0
1276,h2_storage,2030,54,4,4,0.0
1277,h2_storage,2030,54,5,5,0.0
1278,h2_storage,2030,54,6,6,0.0
1279,h2_storage,2030,54,7,7,0.0
1280,h2_storage,2030,54,8,8,0.0
1281,h2_storage,2030,54,9,9,0.0
1282,h2_storage,2030,54,10,10,0.0
1283,h2_storage,2030,54,11,11,0.0
1284,h2_storage,2030,54,12,12,0.0
1285,h2_storage,2030,54,13,13,0.0
1286,h2_storage,2030,54,14,14,0.0
1287,h2_storage,2030,54,15,15,0.0
1288,h2_storage,2030,54,16,16,0.0
1289,h2_storage,2030,54,17,17,0.0
1290,h2_storage,2030,54,18,18,0.0
1291,h2_storage,2030,54,19,19,0.0
1292,h2_storage,2030,54,20,20,0.0
1293,h2_storage,2030,54,21,21,0.0
1294,h2_storage,2030,54,22,22,0.0
1295,h2_storage,2030,54,23,23,0.0
1296,h2_storage,2030,54,24,24,0.0
1297,h2_storage,2030,55,1,1,0.0
1298,h2_storage,2030,55,2,2,0.0
1299,h2_storage,2030,55,3,3,0.0
1300,h2_storage,2030,55,4,4,0.0
1301,h2_storage,2030,55,5,5,0.0
1302,h2_storage,2030,55,6,6,0.0
1303,h2_storage,2030,55,7,7,0.0
1304,h2_storage,2030,55,8,8,0.0
1305,h2_storage,2030,55,9,9,0.0
1306,h2_storage,2030,55,10,10,0.0
1307,h2_storage,2030,55,11,11,0.0
1308,h2_storage,2030,55,12,12,0.0
1309,h2_storage,2030,55,13,13,0.0
1310,h2_storage,2030,55,14,14,0.0
1311,h2_storage,2030,55,15,15,0.0
1312,h2_storage,2030,55,16,16,0.0
1313,h2_storage,2030,55,17,17,0.0
1314,h2_storage,2030,55,18,18,0.0
1315,h2_storage,2030,55,19,19,0.0
1316,h2_storage,2030,55,20,20,0.0
1317,h2_storage,2030,55,21,21,0.0
1318,h2_storage,2030,55,22,22,0.0
1319,h2_storage,2030,55,23,23,0.0
1320,h2_storage,2030,55,24,24,0.0
1321,h2_storage,2030,56,1,1,0.0
1322,h2_storage,2030,56,2,2,0.0
1323,h2_storage,2030,56,3,3,0.0
1324,h2_storage,2030,56,4,4,0.0
1325,h2_storage,2030,56,5,5,0.0
1326,h2_storage,2030,56,6,6,0.0
1327,h2_storage,2030,56,7,7,0.0
1328,h2_storage,2030,56,8,8,0.0
1329,h2_storage,2030,56,9,9,0.0
1330,h2_storage,2030,56,10,10,0.0
1331,h2_storage,2030,56,11,11,0.0
1332,h2_storage,2030,56,12,12,0.0
1333,h2_storage,2030,56,13,13,0.0
1334,h2_storage,2030,56,14,14,0.0
1335,h2_storage,2030,56,15,15,0.0
1336,h2_storage,2030,56,16,16,0.0
1337,h2_storage,2030,56,17,17,0.0
1338,h2_storage,2030,56,18,18,0.0
1339,h2_storage,2030,56,19,19,0.0
1340,h2_storage,2030,56,20,20,0.0
1341,h2_storage,2030,56,21,21,0.0
1342,h2_storage,2030,56,22,22,0.0
1343,h2_storage,2030,56,23,23,0.0
1344,h2_storage,2030,56,24,24,0.0
1345,h2_storage,2030,57,1,1,0.0
1346,h2_storage,2030,57,2,2,0.0
1347,h2_storage,2030,57,3,3,0.0
1348,h2_storage,2030,57,4,4,0.0
1349,h2_storage,2030,57,5,5,0.0
1350,h2_storage,2030,57,6,6,0.0
1351,h2_storage,2030,57,7,7,0.0
1352,h2_storage,2030,57,8,8,0.0
1353,h2_storage,2030,57,9,9,0.0
1354,h2_storage,2030,57,10,10,0.0
1355,h2_storage,2030,57,11,11,0.0
1356,h2_storage,2030,57,12,12,0.0
1357,h2_storage,2030,57,13,13,0.0
1358,h2_storage,2030,57,14,14,0.0
1359,h2_storage,2030,57,15,15,0.0
1360,h2_storage,2030,57,16,16,0.0
1361,h2_storage,2030,57,17,17,0.0
1362,h2_storage,2030,57,18,18,0.0
1363,h2_storage,2030,57,19,19,0.0
1364,h2_storage,2030,57,20,20,0.0
1365,h2_storage,2030,57,21,21,0.0
1366,h2_storage,2030,57,22,22,0.0
1367,h2_storage,2030,57,23,23,0.0
1368,h2_storage,2030,57,24,24,0.0
1369,h2_storage,2030,58,1,1,0.0
1370,h2_storage,2030,58,2,2,0.0
1371,h2_storage,2030,58,3,3,0.0
1372,h2_storage,2030,58,4,4,0.0
1373,h2_storage,2030,58,5,5,0.0
1374,h2_storage,2030,58,6,6,0.0
1375,h2_storage,2030,58,7,7,0.0
1376,h2_storage,2030,58,8,8,0.0
1377,h2_storage,2030,58,9,9,0.0
1378,h2_storage,2030,58,10,10,0.0
1379,h2_storage,2030,58,11,11,0.0
1380,h2_storage,2030,58,12,12,0.0
1381,h2_storage,2030,58,13,13,0.0
1382,h2_storage,2030,58,14,14,0.0
1383,h2_storage,2030,58,15,15,0.0
1384,h2_storage,2030,58,16,16,0.0
1385,h2_storage,2030,58,17,17,0.0
1386,h2_storage,2030,58,18,18,0.0
1387,h2_storage,2030,58,19,19,0.0
1388,h2_storage,2030,58,20,20,0.0
1389,h2_storage,2030,58,21,21,0.0
1390,h2_storage,2030,58,22,22,0.0
1391,h2_storage,2030,58,23,23,0.0
1392,h2_storage,2030,58,24,24,0.0
1393,h2_storage,2030,59,1,1,0.0
1394,h2_storage,2030,59,2,2,0.0
1395,h2_storage,2030,59,3,3,0.0
1396,h2_storage,2030,59,4,4,0.0
1397,h2_storage,2030,59,5,5,0.0
1398,h2_storage,2030,59,6,6,0.0
1399,h2_storage,2030,59,7,7,0.0
1400,h2_storage,2030,59,8,8,0.0
1401,h2_storage,2030,59,9,9,0.0
1402,h2_storage,2030,59,10,10,0.0
1403,h2_storage,2030,59,11,11,0.0
1404,h2_storage,2030,59,12,12,0.0
1405,h2_storage,2030,59,13,13,0.0
1406,h2_storage,2030,59,14,14,0.0
1407,h2_storage,2030,59,15,15,0.0
1408,h2_storage,2030,59,16,16,0.0
1409,h2_storage,2030,59,17,17,0.0
1410,h2_storage,2030,59,18,18,0.0
1411,h2_storage,2030,59,19,19,0.0
1412,h2_storage,2030,59,20,20,0.0
1413,h2_storage,2030,59,21,21,0.0
1414,h2_storage,2030,59,22,22,0.0
1415,h2_storage,2030,59,23,23,0.0
1416,h2_storage,2030,59,24,24,0.0
1417,h2_storage,2030,60,1,1,0.0
1418,h2_storage,2030,60,2,2,0.0
1419,h2_storage,2030,60,3,3,0.0
1420,h2_storage,2030,60,4,4,0.0
1421,h2_storage,2030,60,5,5,0.0
1422,h2_storage,2030,60,6,6,0.0
1423,h2_storage,2030,60,7,7,0.0
1424,h2_storage,2030,60,8,8,0.0
1425,h2_storage,2030,60,9,9,0.0
1426,h2_storage,2030,60,10,10,0.0
1427,h2_storage,2030,60,11,11,0.0
1428,h2_storage,2030,60,12,12,0.0
1429,h2_storage,2030,60,13,13,0.0
1430,h2_storage,2030,60,14,14,0.0
1431,h2_storage,2030,60,15,15,0.0
1432,h2_storage,2030,60,16,16,0.0
1433,h2_storage,2030,60,17,17,0.0
1434,h2_storage,2030,60,18,18,0.0
1435,h2_storage,2030,60,19,19,0.0
1436,h2_storage,2030,60,20,20,0.0
1437,h2_storage,2030,60,21,21,0.0
1438,h2_storage,2030,60,22,22,0.0
1439,h2_storage,2030,60,23,23,0.0
1440,h2_storage,2030,60,24,24,0.0
1441,h2_storage,2030,61,1,1,0.0
1442,h2_storage,2030,61,2,2,0.0
1443,h2_storage,2030,61,3,3,0.0
1444,h2_storage,2030,61,4,4,0.0
1445,h2_storage,2030,61,5,5,0.0
1446,h2_storage,2030,61,6,6,0.0
1447,h2_storage,2030,61,7,7,0.0
1448,h2_storage,2030,61,8,8,0.0
1449,h2_storage,2030,61,9,9,0.0
1450,h2_storage,2030,61,10,10,0.0
1451,h2_storage,2030,61,11,11,0.0
1452,h2_storage,2030,61,12,12,0.0
1453,h2_storage,2030,61,13,13,0.0
1454,h2_storage,2030,61,14,14,0.0
1455,h2_storage,2030,61,15,15,0.0
1456,h2_storage,2030,61,16,16,0.0
1457,h2_storage,2030,61,17,17,0.0
1458,h2_storage,2030,61,18,18,0.0
1459,h2_storage,2030,61,19,19,0.0
1460,h2_storage,2030,61,20,20,0.0
1461,h2_storage,2030,61,21,21,0.0
1462,h2_storage,2030,61,22,22,0.0
1463,h2_storage,2030,61,23,23,0.0
1464,h2_storage,2030,61,24,24,0.0
1465,h2_storage,2030,62,1,1,0.0
1466,h2_storage,2030,62,2,2,0.0
1467,h2_storage,2030,62,3,3,0.0
1468,h2_storage,2030,62,4,4,0.0
1469,h2_storage,2030,62,5,5,0.0
1470,h2_storage,2030,62,6,6,0.0
1471,h2_storage,2030,62,7,7,0.0
1472,h2_storage,2030,62,8,8,0.0
1473,h2_storage,2030,62,9,9,0.0
1474,h2_storage,2030,62,10,10,0.0
1475,h2_storage,2030,62,11,11,0.0
1476,h2_storage,2030,62,12,12,0.0
1477,h2_storage,2030,62,13,13,0.0
1478,h2_storage,2030,62,14,14,0.0
1479,h2_storage,2030,62,15,15,0.0
1480,h2_storage,2030,62,16,16,0.0
1481,h2_storage,2030,62,17,17,0.0
1482,h2_storage,2030,62,18,18,0.0
1483,h2_storage,2030,62,19,19,0.0
1484,h2_storage,2030,62,20,20,0.0
1485,h2_storage,2030,62,21,21,0.0
1486,h2_storage,2030,62,22,22,0.0
1487,h2_storage,2030,62,23,23,0.0
1488,h2_storage,2030,62,24,24,0.0
1489,h2_storage,2030,63,1,1,0.0
1490,h2_storage,2030,63,2,2,0.0
1491,h2_storage,2030,63,3,3,0.0
1492,h2_storage,2030,63,4,4,0.0
1493,h2_storage,2030,63,5,5,0.0
1494,h2_storage,2030,63,6,6,0.0
1495,h2_storage,2030,63,7,7,0.0
1496,h2_storage,2030,63,8,8,0.0
1497,h2_storage,2030,63,9,9,0.0
1498,h2_storage,2030,63,10,10,0.0
1499,h2_storage,2030,63,11,11,0.0
1500,h2_storage,2030,63,12,12,0.0
1501,h2_storage,2030,63,13,13,0.0
1502,h2_storage,2030,63,14,14,0.0
1503,h2_storage,2030,63,15,15,0.0
1504,h2_storage,2030,63,16,16,0.0
1505,h2_storage,2030,63,17,17,0.0
1506,h2_storage,2030,63,18,18,0.0
1507,h2_storage,2030,63,19,19,0.0
1508,h2_storage,2030,63,20,20,0.0
1509,h2_storage,2030,63,21,21,0.0
1510,h2_storage,2030,63,22,22,0.0
1511,h2_storage,2030,63,23,23,0.0
1512,h2_storage,2030,63,24,24,0.0
1513,h2_storage,2030,64,1,1,0.0
1514,h2_storage,2030,64,2,2,0.0
1515,h2_storage,2030,64,3,3,0.0
1516,h2_storage,2030,64,4,4,0.0
1517,h2_storage,2030,64,5,5,0.0
1518,h2_storage,2030,64,6,6,0.0
1519,h2_storage,2030,64,7,7,0.0
1520,h2_storage,2030,64,8,8,0.0
1521,h2_storage,2030,64,9,9,0.0
1522,h2_storage,2030,64,10,10,0.0
1523,h2_storage,2030,64,11,11,0.0
1524,h2_storage,2030,64,12,12,0.0
1525,h2_storage,2030,64,13,13,0.0
1526,h2_storage,2030,64,14,14,0.0
1527,h2_storage,2030,64,15,15,0.0
1528,h2_storage,2030,64,16,16,0.0
1529,h2_storage,2030,64,17,17,0.0
1530,h2_storage,2030,64,18,18,0.0
1531,h2_storage,2030,64,19,19,0.0
1532,h2_storage,2030,64,20,20,0.0
1533,h2_storage,2030,64,21,21,0.0
1534,h2_storage,2030,64,22,22,0.0
1535,h2_storage,2030,64,23,23,0.0
1536,h2_storage,2030,64,24,24,0.0
1537,h2_storage,2030,65,1,1,0.0
1538,h2_storage,2030,65,2,2,0.0
1539,h2_storage,2030,65,3,3,0.0
1540,h2_storage,2030,65,4,4,0.0
1541,h2_storage,2030,65,5,5,0.0
1542,h2_storage,2030,65,6,6,0.0
1543,h2_storage,2030,65,7,7,0.0
1544,h2_storage,2030,65,8,8,0.0
1545,h2_storage,2030,65,9,9,0.0
1546,h2_storage,2030,65,10,10,0.0
1547,h2_storage,2030,65,11,11,0.0
1548,h2_storage,2030,65,12,12,0.0
1549,h2_storage,2030,65,13,13,0.0
1550,h2_storage,2030,65,14,14,0.0
1551,h2_storage,2030,65,15,15,0.0
1552,h2_storage,2030,65,16,16,0.0
1553,h2_storage,2030,65,17,17,0.0
1554,h2_storage,2030,65,18,18,0.0
1555,h2_storage,2030,65,19,19,0.0
1556,h2_storage,2030,65,20,20,0.0
1557,h2_storage,2030,65,21,21,0.0
1558,h2_storage,2030,65,22,22,0.0
1559,h2_storage,2030,65,23,23,0.0
1560,h2_storage,2030,65,24,24,0.0
1561,h2_storage,2030,66,1,1,0.0
1562,h2_storage,2030,66,2,2,0.0
1563,h2_storage,2030,66,3,3,0.0
1564,h2_storage,2030,66,4,4,0.0
1565,h2_storage,2030,66,5,5,0.0
1566,h2_storage,2030,66,6,6,0.0
1567,h2_storage,2030,66,7,7,0.0
1568,h2_storage,2030,66,8,8,0.0
1569,h2_storage,2030,66,9,9,0.0
1570,h2_storage,2030,66,10,10,0.0
1571,h2_storage,2030,66,11,11,0.0
1572,h2_storage,2030,66,12,12,0.0
1573,h2_storage,2030,66,13,13,0.0
1574,h2_storage,2030,66,14,14,0.0
1575,h2_storage,2030,66,15,15,0.0
1576,h2_storage,2030,66,16,16,0.0
1577,h2_storage,2030,66,17,17,0.0
1578,h2_storage,2030,66,18,18,0.0
1579,h2_storage,2030,66,19,19,0.0
1580,h2_storage,2030,66,20,20,0.0
1581,h2_storage,2030,66,21,21,0.0
1582,h2_storage,2030,66,22,22,0.0
1583,h2_storage,2030,66,23,23,0.0
1584,h2_storage,2030,66,24,24,0.0
1585,h2_storage,2030,67,1,1,0.0
1586,h2_storage,2030,67,2,2,0.0
1587,h2_storage,2030,67,3,3,0.0
1588,h2_storage,2030,67,4,4,0.0
1589,h2_storage,2030,67,5,5,0.0
1590,h2_storage,2030,67,6,6,0.0
1591,h2_storage,2030,67,7,7,0.0
1592,h2_storage,2030,67,8,8,0.0
1593,h2_storage,2030,67,9,9,0.0
1594,h2_storage,2030,67,10,10,0.0
1595,h2_storage,2030,67,11,11,0.0
1596,h2_storage,2030,67,12,12,0.0
1597,h2_storage,2030,67,13,13,0.0
1598,h2_storage,2030,67,14,14,0.0
1599,h2_storage,2030,67,15,15,0.0
1600,h2_storage,2030,67,16,16,0.0
1601,h2_storage,2030,67,17,17,0.0
1602,h2_storage,2030,67,18,18,0.0
1603,h2_storage,2030,67,19,19,0.0
1604,h2_storage,2030,67,20,20,0.0
1605,h2_storage,2030,67,21,21,0.0
1606,h2_storage,2030,67,22,22,0.0
1607,h2_storage,2030,67,23,23,0.0
1608,h2_storage,2030,67,24,24,0.0
1609,h2_storage,2030,68,1,1,0.0
1610,h2_storage,2030,68,2,2,0.0
1611,h2_storage,2030,68,3,3,0.0
1612,h2_storage,2030,68,4,4,0.0
1613,h2_storage,2030,68,5,5,0.0
1614,h2_storage,2030,68,6,6,0.0
1615,h2_storage,2030,68,7,7,0.0
1616,h2_storage,2030,68,8,8,0.0
1617,h2_storage,2030,68,9,9,0.0
1618,h2_storage,2030,68,10,10,0.0
1619,h2_storage,2030,68,11,11,0.0
1620,h2_storage,2030,68,12,12,0.0
1621,h2_storage,2030,68,13,13,0.0
1622,h2_storage,2030,68,14,14,0.0
1623,h2_storage,2030,68,15,15,0.0
1624,h2_storage,2030,68,16,16,0.0
1625,h2_storage,2030,68,17,17,0.0
1626,h2_storage,2030,68,18,18,0.0
1627,h2_storage,2030,68,19,19,0.0
1628,h2_storage,2030,68,20,20,0.0
1629,h2_storage,2030,68,21,21,0.0
1630,h2_storage,2030,68,22,22,0.0
1631,h2_storage,2030,68,23,23,0.0
1632,h2_storage,2030,68,24,24,0.0
1633,h2_storage,2030,69,1,1,0.0
1634,h2_storage,2030,69,2,2,0.0
1635,h2_storage,2030,69,3,3,0.0
1636,h2_storage,2030,69,4,4,0.0
1637,h2_storage,2030,69,5,5,0.0
1638,h2_storage,2030,69,6,6,0.0
1639,h2_storage,2030,69,7,7,0.0
1640,h2_storage,2030,69,8,8,0.0
1641,h2_storage,2030,69,9,9,0.0
1642,h2_storage,2030,69,10,10,0.0
1643,h2_storage,2030,69,11,11,0.0
1644,h2_storage,2030,69,12,12,0.0
1645,h2_storage,2030,69,13,13,0.0
1646,h2_storage,2030,69,14,14,0.0
1647,h2_storage,2030,69,15,15,0.0
1648,h2_storage,2030,69,16,16,0.0
1649,h2_storage,2030,69,17,17,0.0
1650,h2_storage,2030,69,18,18,0.0
1651,h2_storage,2030,69,19,19,0.0
1652,h2_storage,2030,69,20,20,0.0
1653,h2_storage,2030,69,21,21,0.0
1654,h2_storage,2030,69,22,22,0.0
1655,h2_storage,2030,69,23,23,0.0
1656,h2_storage,2030,69,24,24,0.0
1657,h2_storage,2030,70,1,1,0.0
1658,h2_storage,2030,70,2,2,0.0
1659,h2_storage,2030,70,3,3,0.0
1660,h2_storage,2030,70,4,4,0.0
1661,h2_storage,2030,70,5,5,0.0
1662,h2_storage,2030,70,6,6,0.0
1663,h2_storage,2030,70,7,7,0.0
1664,h2_storage,2030,70,8,8,0.0
1665,h2_storage,2030,70,9,9,0.0
1666,h2_storage,2030,70,10,10,0.0
1667,h2_storage,2030,70,11,11,0.0
1668,h2_storage,2030,70,12,12,0.0
1669,h2_storage,2030,70,13,13,0.0
1670,h2_storage,2030,70,14,14,0.0
1671,h2_storage,2030,70,15,15,0.0
1672,h2_storage,2030,70,16,16,0.0
1673,h2_storage,2030,70,17,17,0.0
1674,h2_storage,2030,70,18,18,0.0
1675,h2_storage,2030,70,19,19,0.0
1676,h2_storage,2030,70,20,20,0.0
1677,h2_storage,2030,70,21,21,0.0
1678,h2_storage,2030,70,22,22,0.0
1679,h2_storage,2030,70,23,23,0.0
1680,h2_storage,2030,70,24,24,0.0
1681,h2_storage,2030,71,1,1,0.0
1682,h2_storage,2030,71,2,2,0.0
1683,h2_storage,2030,71,3,3,0.0
1684,h2_storage,2030,71,4,4,0.0
1685,h2_storage,2030,71,5,5,0.0
1686,h2_storage,2030,71,6,6,0.0
1687,h2_storage,2030,71,7,7,0.0
1688,h2_storage,2030,71,8,8,0.0
1689,h2_storage,2030,71,9,9,0.0
1690,h2_storage,2030,71,10,10,0.0
1691,h2_storage,2030,71,11,11,0.0
1692,h2_storage,2030,71,12,12,0.0
1693,h2_storage,2030,71,13,13,0.0
1694,h2_storage,2030,71,14,14,0.0
1695,h2_storage,2030,71,15,15,0.0
1696,h2_storage,2030,71,16,16,0.0
1697,h2_storage,2030,71,17,17,0.0
1698,h2_storage,2030,71,18,18,0.0
1699,h2_storage,2030,71,19,19,0.0
1700,h2_storage,2030,71,20,20,0.0
1701,h2_storage,2030,71,21,21,0.0
1702,h2_storage,2030,71,22,22,0.0
1703,h2_storage,2030,71,23,23,0.0
1704,h2_storage,2030,71,24,24,0.0
1705,h2_storage,2030,72,1,1,0.0
1706,h2_storage,2030,72,2,2,0.0
1707,h2_storage,2030,72,3,3,0.0
1708,h2_storage,2030,72,4,4,0.0
1709,h2_storage,2030,72,5,5,0.0
1710,h2_storage,2030,72,6,6,0.0
1711,h2_storage,2030,72,7,7,0.0
1712,h2_storage,2030,72,8,8,0.0
1713,h2_storage,2030,72,9,9,0.0
1714,h2_storage,2030,72,10,10,0.0
1715,h2_storage,2030,72,11,11,0.0
1716,h2_storage,2030,72,12,12,0.0
1717,h2_storage,2030,72,13,13,0.0
1718,h2_storage,2030,72,14,14,0.0
1719,h2_storage,2030,72,15,15,0.0
1720,h2_storage,2030,72,16,16,0.0
1721,h2_storage,2030,72,17,17,0.0
1722,h2_storage,2030,72,18,18,0.0
1723,h2_storage,2030,72,19,19,0.0
1724,h2_storage,2030,72,20,20,0.0
1725,h2_storage,2030,72,21,21,0.0
1726,h2_storage,2030,72,22,22,0.0
1727,h2_storage,2030,72,23,23,0.0
1728,h2_storage,2030,72,24,24,0.0
1729,h2_storage,2030,73,1,1,0.0
1730,h2_storage,2030,73,2,2,0.0
1731,h2_storage,2030,73,3,3,0.0
1732,h2_storage,2030,73,4,4,0.0
1733,h2_storage,2030,73,5,5,0.0
1734,h2_storage,2030,73,6,6,0.0
1735,h2_storage,2030,73,7,7,0.0
1736,h2_storage,2030,73,8,8,0.0
1737,h2_storage,2030,73,9,9,0.0
1738,h2_storage,2030,73,10,10,0.0
1739,h2_storage,2030,73,11,11,0.0
1740,h2_storage,2030,73,12,12,0.0
1741,h2_storage,2030,73,13,13,0.0
1742,h2_storage,2030,73,14,14,0.0
1743,h2_storage,2030,73,15,15,0.0
1744,h2_storage,2030,73,16,16,0.0
1745,h2_storage,2030,73,17,17,0.0
1746,h2_storage,2030,73,18,18,0.0
1747,h2_storage,2030,73,19,19,0.0
1748,h2_storage,2030,73,20,20,0.0
1749,h2_storage,2030,73,21,21,0.0
1750,h2_storage,2030,73,22,22,0.0
1751,h2_storage,2030,73,23,23,0.0
1752,h2_storage,2030,73,24,24,0.0
1753,h2_storage,2030,74,1,1,0.0
1754,h2_storage,2030,74,2,2,0.0
1755,h2_storage,2030,74,3,3,0.0
1756,h2_storage,2030,74,4,4,0.0
1757,h2_storage,2030,74,5,5,0.0
1758,h2_storage,2030,74,6,6,0.0
1759,h2_storage,2030,74,7,7,0.0
1760,h2_storage,2030,74,8,8,0.0
1761,h2_storage,2030,74,9,9,0.0
1762,h2_storage,2030,74,10,10,0.0
1763,h2_storage,2030,74,11,11,0.0
1764,h2_storage,2030,74,12,12,0.0
1765,h2_storage,2030,74,13,13,0.0
1766,h2_storage,2030,74,14,14,0.0
1767,h2_storage,2030,74,15,15,0.0
1768,h2_storage,2030,74,16,16,0.0
1769,h2_storage,2030,74,17,17,0.0
1770,h2_storage,2030,74,18,18,0.0
1771,h2_storage,2030,74,19,19,0.0
1772,h2_storage,2030,74,20,20,0.0
1773,h2_storage,2030,74,21,21,0.0
1774,h2_storage,2030,74,22,22,0.0
1775,h2_storage,2030,74,23,23,0.0
1776,h2_storage,2030,74,24,24,0.0
1777,h2_storage,2030,75,1,1,0.0
1778,h2_storage,2030,75,2,2,0.0
1779,h2_storage,2030,75,3,3,0.0
1780,h2_storage,2030,75,4,4,0.0
1781,h2_storage,2030,75,5,5,0.0
1782,h2_storage,2030,75,6,6,0.0
1783,h2_storage,2030,75,7,7,0.0
1784,h2_storage,2030,75,8,8,0.0
1785,h2_storage,2030,75,9,9,0.0
1786,h2_storage,2030,75,10,10,0.0
1787,h2_storage,2030,75,11,11,0.0
1788,h2_storage,2030,75,12,12,0.0
1789,h2_storage,2030,75,13,13,0.0
1790,h2_storage,2030,75,14,14,0.0
1791,h2_storage,2030,75,15,15,0.0
1792,h2_storage,2030,75,16,16,0.0
1793,h2_storage,2030,75,17,17,0.0
1794,h2_storage,2030,75,18,18,0.0
1795,h2_storage,2030,75,19,19,0.0
1796,h2_storage,2030,75,20,20,0.0
1797,h2_storage,2030,75,21,21,0.0
1798,h2_storage,2030,75,22,22,0.0
1799,h2_storage,2030,75,23,23,0.0
1800,h2_storage,2030,75,24,24,0.0
1801,h2_storage,2030,76,1,1,0.0
1802,h2_storage,2030,76,2,2,0.0
1803,h2_storage,2030,76,3,3,0.0
1804,h2_storage,2030,76,4,4,0.0
1805,h2_storage,2030,76,5,5,0.0
1806,h2_storage,2030,76,6,6,0.0
1807,h2_storage,2030,76,7,7,0.0
1808,h2_storage,2030,76,8,8,0.0
1809,h2_storage,2030,76,9,9,0.0
1810,h2_storage,2030,76,10,10,0.0
1811,h2_storage,2030,76,11,11,0.0
1812,h2_storage,2030,76,12,12,0.0
1813,h2_storage,2030,76,13,13,0.0
1814,h2_storage,2030,76,14,14,0.0
1815,h2_storage,2030,76,15,15,0.0
1816,h2_storage,2030,76,16,16,0.0
1817,h2_storage,2030,76,17,17,0.0
1818,h2_storage,2030,76,18,18,0.0
1819,h2_storage,2030,76,19,19,0.0
1820,h2_storage,2030,76,20,20,0.0
1821,h2_storage,2030,76,21,21,0.0
1822,h2_storage,2030,76,22,22,0.0
1823,h2_storage,2030,76,23,23,0.0
1824,h2_storage,2030,76,24,24,0.0
1825,h2_storage,2030,77,1,1,0.0
1826,h2_storage,2030,77,2,2,0.0
1827,h2_storage,2030,77,3,3,0.0
1828,h2_storage,2030,77,4,4,0.0
1829,h2_storage,2030,77,5,5,0.0
1830,h2_storage,2030,77,6,6,0.0
1831,h2_storage,2030,77,7,7,0.0
1832,h2_storage,2030,77,8,8,0.0
1833,h2_storage,2030,77,9,9,0.0
1834,h2_storage,2030,77,10,10,0.0
1835,h2_storage,2030,77,11,11,0.0
1836,h2_storage,2030,77,12,12,0.0
1837,h2_storage,2030,77,13,13,0.0
1838,h2_storage,2030,77,14,14,0.0
1839,h2_storage,2030,77,15,15,0.0
1840,h2_storage,2030,77,16,16,0.0
1841,h2_storage,2030,77,17,17,0.0
1842,h2_storage,2030,77,18,18,0.0
1843,h2_storage,2030,77,19,19,0.0
1844,h2_storage,2030,77,20,20,0.0
1845,h2_storage,2030,77,21,21,0.0
1846,h2_storage,2030,77,22,22,0.0
1847,h2_storage,2030,77,23,23,0.0
1848,h2_storage,2030,77,24,24,0.0
1849,h2_storage,2030,78,1,1,0.0
1850,h2_storage,2030,78,2,2,0.0
1851,h2_storage,2030,78,3,3,0.0
1852,h2_storage,2030,78,4,4,0.0
1853,h2_storage,2030,78,5,5,0.0
1854,h2_storage,2030,78,6,6,0.0
1855,h2_storage,2030,78,7,7,0.0
1856,h2_storage,2030,78,8,8,0.0
1857,h2_storage,2030,78,9,9,0.0
1858,h2_storage,2030,78,10,10,0.0
1859,h2_storage,2030,78,11,11,0.0
1860,h2_storage,2030,78,12,12,0.0
1861,h2_storage,2030,78,13,13,0.0
1862,h2_storage,2030,78,14,14,0.0
1863,h2_storage,2030,78,15,15,0.0
1864,h2_storage,2030,78,16,16,0.0
1865,h2_storage,2030,78,17,17,0.0
1866,h2_storage,2030,78,18,18,0.0
1867,h2_storage,2030,78,19,19,0.0
1868,h2_storage,2030,78,20,20,0.0
1869,h2_storage,2030,78,21,21,0.0
1870,h2_storage,2030,78,22,22,0.0
1871,h2_storage,2030,78,23,23,0.0
1872,h2_storage,2030,78,24,24,0.0
1873,h2_storage,2030,79,1,1,0.0
1874,h2_storage,2030,79,2,2,0.0
1875,h2_storage,2030,79,3,3,0.0
1876,h2_storage,2030,79,4,4,0.0
1877,h2_storage,2030,79,5,5,0.0
1878,h2_storage,2030,79,6,6,0.0
1879,h2_storage,2030,79,7,7,0.0
1880,h2_storage,2030,79,8,8,0.0
1881,h2_storage,2030,79,9,9,0.0
1882,h2_storage,2030,79,10,10,0.0
1883,h2_storage,2030,79,11,11,0.0
1884,h2_storage,2030,79,12,12,0.0
1885,h2_storage,2030,79,13,13,0.0
1886,h2_storage,2030,79,14,14,0.0
1887,h2_storage,2030,79,15,15,0.0
1888,h2_storage,2030,79,16,16,0.0
1889,h2_storage,2030,79,17,17,0.0
1890,h2_storage,2030,79,18,18,0.0
1891,h2_storage,2030,79,19,19,0.0
1892,h2_storage,2030,79,20,20,0.0
1893,h2_storage,2030,79,21,21,0.0
1894,h2_storage,2030,79,22,22,0.0
1895,h2_storage,2030,79,23,23,0.0
1896,h2_storage,2030,79,24,24,0.0
1897,h2_storage,2030,80,1,1,0.0
1898,h2_storage,2030,80,2,2,0.0
1899,h2_storage,2030,80,3,3,0.0
1900,h2_storage,2030,80,4,4,0.0
1901,h2_storage,2030,80,5,5,0.0
1902,h2_storage,2030,80,6,6,0.0
1903,h2_storage,2030,80,7,7,0.0
1904,h2_storage,2030,80,8,8,0.0
1905,h2_storage,2030,80,9,9,0.0
1906,h2_storage,2030,80,10,10,0.0
1907,h2_storage,2030,80,11,11,0.0
1908,h2_storage,2030,80,12,12,0.0
1909,h2_storage,2030,80,13,13,0.0
1910,h2_storage,2030,80,14,14,0.0
1911,h2_storage,2030,80,15,15,0.0
1912,h2_storage,2030,80,16,16,0.0
1913,h2_storage,2030,80,17,17,0.0
1914,h2_storage,2030,80,18,18,0.0
1915,h2_storage,2030,80,19,19,0.0
1916,h2_storage,2030,80,20,20,0.0
1917,h2_storage,2030,80,21,21,0.0
1918,h2_storage,2030,80,22,22,0.0
1919,h2_storage,2030,80,23,23,0.0
1920,h2_storage,2030,80,24,24,0.0
1921,h2_storage,2030,81,1,1,0.0
1922,h2_storage,2030,81,2,2,0.0
1923,h2_storage,2030,81,3,3,0.0
1924,h2_storage,2030,81,4,4,0.0
1925,h2_storage,2030,81,5,5,0.0
1926,h2_storage,2030,81,6,6,0.0
1927,h2_storage,2030,81,7,7,0.0
1928,h2_storage,2030,81,8,8,0.0
1929,h2_storage,2030,81,9,9,0.0
1930,h2_storage,2030,81,10,10,0.0
1931,h2_storage,2030,81,11,11,0.0
1932,h2_storage,2030,81,12,12,0.0
1933,h2_storage,2030,81,13,13,0.0
1934,h2_storage,2030,81,14,14,0.0
1935,h2_storage,2030,81,15,15,0.0
1936,h2_storage,2030,81,16,16,0.0
1937,h2_storage,2030,81,17,17,0.0
1938,h2_storage,2030,81,18,18,0.0
1939,h2_storage,2030,81,19,19,0.0
1940,h2_storage,2030,81,20,20,0.0
1941,h2_storage,2030,81,21,21,0.0
1942,h2_storage,2030,81,22,22,0.0
1943,h2_storage,2030,81,23,23,0.0
1944,h2_storage,2030,81,24,24,0.0
1945,h2_storage,2030,82,1,1,0.0
1946,h2_storage,2030,82,2,2,0.0
1947,h2_storage,2030,82,3,3,0.0
1948,h2_storage,2030,82,4,4,0.0
1949,h2_storage,2030,82,5,5,0.0
1950,h2_storage,2030,82,6,6,0.0
1951,h2_storage,2030,82,7,7,0.0
1952,h2_storage,2030,82,8,8,0.0
1953,h2_storage,2030,82,9,9,0.0
1954,h2_storage,2030,82,10,10,0.0
1955,h2_storage,2030,82,11,11,0.0
1956,h2_storage,2030,82,12,12,0.0
1957,h2_storage,2030,82,13,13,0.0
1958,h2_storage,2030,82,14,14,0.0
1959,h2_storage,2030,82,15,15,0.0
1960,h2_storage,2030,82,16,16,0.0
1961,h2_storage,2030,82,17,17,0.0
1962,h2_storage,2030,82,18,18,0.0
1963,h2_storage,2030,82,19,19,0.0
1964,h2_storage,2030,82,20,20,0.0
1965,h2_storage,2030,82,21,21,0.0
1966,h2_storage,2030,82,22,22,0.0
1967,h2_storage,2030,82,23,23,0.0
1968,h2_storage,2030,82,24,24,0.0
1969,h2_storage,2030,83,1,1,0.0
1970,h2_storage,2030,83,2,2,0.0
1971,h2_storage,2030,83,3,3,0.0
1972,h2_storage,2030,83,4,4,0.0
1973,h2_storage,2030,83,5,5,0.0
1974,h2_storage,2030,83,6,6,0.0
1975,h2_storage,2030,83,7,7,0.0
1976,h2_storage,2030,83,8,8,0.0
1977,h2_storage,2030,83,9,9,0.0
1978,h2_storage,2030,83,10,10,0.0
1979,h2_storage,2030,83,11,11,0.0
1980,h2_storage,2030,83,12,12,0.0
1981,h2_storage,2030,83,13,13,0.0
1982,h2_storage,2030,83,14,14,0.0
1983,h2_storage,2030,83,15,15,0.0
1984,h2_storage,2030,83,16,16,0.0
1985,h2_storage,2030,83,17,17,0.0
1986,h2_storage,2030,83,18,18,0.0
1987,h2_storage,2030,83,19,19,0.0
1988,h2_storage,2030,83,20,20,0.0
1989,h2_storage,2030,83,21,21,0.0
1990,h2_storage,2030,83,22,22,0.0
1991,h2_storage,2030,83,23,23,0.0
1992,h2_storage,2030,83,24,24,0.0
1993,h2_storage,2030,84,1,1,0.0
1994,h2_storage,2030,84,2,2,0.0
1995,h2_storage,2030,84,3,3,0.0
1996,h2_storage,2030,84,4,4,0.0
1997,h2_storage,2030,84,5,5,0.0
1998,h2_storage,2030,84,6,6,0.0
1999,h2_storage,2030,84,7,7,0.0
2000,h2_storage,2030,84,8,8,0.0
2001,h2_storage,2030,84,9,9,0.0
2002,h2_storage,2030,84,10,10,0.0
2003,h2_storage,2030,84,11,11,0.0
2004,h2_storage,2030,84,12,12,0.0
2005,h2_storage,2030,84,13,13,0.0
2006,h2_storage,2030,84,14,14,0.0
2007,h2_storage,2030,84,15,15,0.0
2008,h2_storage,2030,84,16,16,0.0
2009,h2_storage,2030,84,17,17,0.0
2010,h2_storage,2030,84,18,18,0.0
2011,h2_storage,2030,84,19,19,0.0
2012,h2_storage,2030,84,20,20,0.0
2013,h2_storage,2030,84,21,21,0.0
2014,h2_storage,2030,84,22,22,0.0
2015,h2_storage,2030,84,23,23,0.0
2016,h2_storage,2030,84,24,24,0.0
2017,h2_storage,2030,85,1,1,0.0
2018,h2_storage,2030,85,2,2,0.0
2019,h2_storage,2030,85,3,3,0.0
2020,h2_storage,2030,85,4,4,0.0
2021,h2_storage,2030,85,5,5,0.0
2022,h2_storage,2030,85,6,6,0.0
2023,h2_storage,2030,85,7,7,0.0
2024,h2_storage,2030,85,8,8,0.0
2025,h2_storage,2030,85,9,9,0.0
2026,h2_storage,2030,85,10,10,0.0
2027,h2_storage,2030,85,11,11,0.0
2028,h2_storage,2030,85,12,12,0.0
2029,h2_storage,2030,85,13,13,0.0
2030,h2_storage,2030,85,14,14,0.0
2031,h2_storage,2030,85,15,15,0.0
2032,h2_storage,2030,85,16,16,0.0
2033,h2_storage,2030,85,17,17,0.0
2034,h2_storage,2030,85,18,18,0.0
2035,h2_storage,2030,85,19,19,0.0
2036,h2_storage,2030,85,20,20,0.0
2037,h2_storage,2030,85,21,21,0.0
2038,h2_storage,2030,85,22,22,0.0
2039,h2_storage,2030,85,23,23,0.0
2040,h2_storage,2030,85,24,24,0.0
2041,h2_storage,2030,86,1,1,0.0
2042,h2_storage,2030,86,2,2,0.0
2043,h2_storage,2030,86,3,3,0.0
2044,h2_storage,2030,86,4,4,0.0
2045,h2_storage,2030,86,5,5,0.0
2046,h2_storage,2030,86,6,6,0.0
2047,h2_storage,2030,86,7,7,0.0
2048,h2_storage,2030,86,8,8,0.0
2049,h2_storage,2030,86,9,9,0.0
2050,h2_storage,2030,86,10,10,0.0
2051,h2_storage,2030,86,11,11,0.0
2052,h2_storage,2030,86,12,12,0.0
2053,h2_storage,2030,86,13,13,0.0
2054,h2_storage,2030,86,14,14,0.0
2055,h2_storage,2030,86,15,15,0.0
2056,h2_storage,2030,86,16,16,0.0
2057,h2_storage,2030,86,17,17,0.0
2058,h2_storage,2030,86,18,18,0.0
2059,h2_storage,2030,86,19,19,0.0
2060,h2_storage,2030,86,20,20,0.0
2061,h2_storage,2030,86,21,21,0.0
2062,h2_storage,2030,86,22,22,0.0
2063,h2_storage,2030,86,23,23,0.0
2064,h2_storage,2030,86,24,24,0.0
2065,h2_storage,2030,87,1,1,0.0
2066,h2_storage,2030,87,2,2,0.0
2067,h2_storage,2030,87,3,3,0.0
2068,h2_storage,2030,87,4,4,0.0
2069,h2_storage,2030,87,5,5,0.0
2070,h2_storage,2030,87,6,6,0.0
2071,h2_storage,2030,87,7,7,0.0
2072,h2_storage,2030,87,8,8,0.0
2073,h2_storage,2030,87,9,9,0.0
2074,h2_storage,2030,87,10,10,0.0
2075,h2_storage,2030,87,11,11,0.0
2076,h2_storage,2030,87,12,12,0.0
2077,h2_storage,2030,87,13,13,0.0
2078,h2_storage,2030,87,14,14,0.0
2079,h2_storage,2030,87,15,15,0.0
2080,h2_storage,2030,87,16,16,0.0
2081,h2_storage,2030,87,17,17,0.0
2082,h2_storage,2030,87,18,18,0.0
2083,h2_storage,2030,87,19,19,0.0
2084,h2_storage,2030,87,20,20,0.0
2085,h2_storage,2030,87,21,21,0.0
2086,h2_storage,2030,87,22,22,0.0
2087,h2_storage,2030,87,23,23,0.0
2088,h2_storage,2030,87,24,24,0.0
2089,h2_storage,2030,88,1,1,0.0
2090,h2_storage,2030,88,2,2,0.0
2091,h2_storage,2030,88,3,3,0.0
2092,h2_storage,2030,88,4,4,0.0
2093,h2_storage,2030,88,5,5,0.0
2094,h2_storage,2030,88,6,6,0.0
2095,h2_storage,2030,88,7,7,0.0
2096,h2_storage,2030,88,8,8,0.0
2097,h2_storage,2030,88,9,9,0.0
2098,h2_storage,2030,88,10,10,0.0
2099,h2_storage,2030,88,11,11,0.0
2100,h2_storage,2030,88,12,12,0.0
2101,h2_storage,2030,88,13,13,0.0
2102,h2_storage,2030,88,14,14,0.0
2103,h2_storage,2030,88,15,15,0.0
2104,h2_storage,2030,88,16,16,0.0
2105,h2_storage,2030,88,17,17,0.0
2106,h2_storage,2030,88,18,18,0.0
2107,h2_storage,2030,88,19,19,0.0
2108,h2_storage,2030,88,20,20,0.0
2109,h2_storage,2030,88,21,21,0.0
2110,h2_storage,2030,88,22,22,0.0
2111,h2_storage,2030,88,23,23,0.0
2112,h2_storage,2030,88,24,24,0.0
2113,h2_storage,2030,89,1,1,0.0
2114,h2_storage,2030,89,2,2,0.0
2115,h2_storage,2030,89,3,3,0.0
2116,h2_storage,2030,89,4,4,0.0
2117,h2_storage,2030,89,5,5,0.0
2118,h2_storage,2030,89,6,6,0.0
2119,h2_storage,2030,89,7,7,0.0
2120,h2_storage,2030,89,8,8,0.0
2121,h2_storage,2030,89,9,9,0.0
2122,h2_storage,2030,89,10,10,0.0
2123,h2_storage,2030,89,11,11,0.0
2124,h2_storage,2030,89,12,12,0.0
2125,h2_storage,2030,89,13,13,0.0
2126,h2_storage,2030,89,14,14,0.0
2127,h2_storage,2030,89,15,15,0.0
2128,h2_storage,2030,89,16,16,0.0
2129,h2_storage,2030,89,17,17,0.0
2130,h2_storage,2030,89,18,18,0.0
2131,h2_storage,2030,89,19,19,0.0
2132,h2_storage,2030,89,20,20,0.0
2133,h2_storage,2030,89,21,21,0.0
2134,h2_storage,2030,89,22,22,0.0
2135,h2_storage,2030,89,23,23,0.0
2136,h2_storage,2030,89,24,24,0.0
2137,h2_storage,2030,90,1,1,0.0
2138,h2_storage,2030,90,2,2,0.0
2139,h2_storage,2030,90,3,3,0.0
2140,h2_storage,2030,90,4,4,0.0
2141,h2_storage,2030,90,5,5,0.0
2142,h2_storage,2030,90,6,6,0.0
2143,h2_storage,2030,90,7,7,0.0
2144,h2_storage,2030,90,8,8,0.0
2145,h2_storage,2030,90,9,9,0.0
2146,h2_storage,2030,90,10,10,0.0
2147,h2_storage,2030,90,11,11,0.0
2148,h2_storage,2030,90,12,12,0.0
2149,h2_storage,2030,90,13,13,0.0
2150,h2_storage,2030,90,14,14,0.0
2151,h2_storage,2030,90,15,15,0.0
2152,h2_storage,2030,90,16,16,0.0
2153,h2_storage,2030,90,17,17,0.0
2154,h2_storage,2030,90,18,18,0.0
2155,h2_storage,2030,90,19,19,0.0
2156,h2_storage,2030,90,20,20,0.0
2157,h2_storage,2030,90,21,21,0.0
2158,h2_storage,2030,90,22,22,0.0
2159,h2_storage,2030,90,23,23,0.0
2160,h2_storage,2030,90,24,24,0.0
2161,h2_storage,2030,91,1,1,0.0
2162,h2_storage,2030,91,2,2,0.0
2163,h2_storage,2030,91,3,3,0.0
2164,h2_storage,2030,91,4,4,0.0
2165,h2_storage,2030,91,5,5,0.0
2166,h2_storage,2030,91,6,6,0.0
2167,h2_storage,2030,91,7,7,0.0
2168,h2_storage,2030,91,8,8,0.0
2169,h2_storage,2030,91,9,9,0.0
2170,h2_storage,2030,91,10,10,0.0
2171,h2_storage,2030,91,11,11,0.0
2172,h2_storage,2030,91,12,12,0.0
2173,h2_storage,2030,91,13,13,0.0
2174,h2_storage,2030,91,14,14,0.0
2175,h2_storage,2030,91,15,15,0.0
2176,h2_storage,2030,91,16,16,0.0
2177,h2_storage,2030,91,17,17,0.0
2178,h2_storage,2030,91,18,18,0.0
2179,h2_storage,2030,91,19,19,0.0
2180,h2_storage,2030,91,20,20,0.0
2181,h2_storage,2030,91,21,21,0.0
2182,h2_storage,2030,91,22,22,0.0
2183,h2_storage,2030,91,23,23,0.0
2184,h2_storage,2030,91,24,24,0.0
2185,h2_storage,2030,92,1,1,0.0
2186,h2_storage,2030,92,2,2,0.0
2187,h2_storage,2030,92,3,3,0.0
2188,h2_storage,2030,92,4,4,0.0
2189,h2_storage,2030,92,5,5,0.0
2190,h2_storage,2030,92,6,6,0.0
2191,h2_storage,2030,92,7,7,0.0
2192,h2_storage,2030,92,8,8,0.0
2193,h2_storage,2030,92,9,9,0.0
2194,h2_storage,2030,92,10,10,0.0
2195,h2_storage,2030,92,11,11,0.0
2196,h2_storage,2030,92,12,12,0.0
2197,h2_storage,2030,92,13,13,0.0
2198,h2_storage,2030,92,14,14,0.0
2199,h2_storage,2030,92,15,15,0.0
2200,h2_storage,2030,92,16,16,0.0
2201,h2_storage,2030,92,17,17,0.0
2202,h2_storage,2030,92,18,18,0.0
2203,h2_storage,2030,92,19,19,0.0
2204,h2_storage,2030,92,20,20,0.0
2205,h2_storage,2030,92,21,21,0.0
2206,h2_storage,2030,92,22,22,0.0
2207,h2_storage,2030,92,23,23,0.0
2208,h2_storage,2030,92,24,24,0.0
2209,h2_storage,2030,93,1,1,0.0
2210,h2_storage,2030,93,2,2,0.0
2211,h2_storage,2030,93,3,3,0.0
2212,h2_storage,2030,93,4,4,0.0
2213,h2_storage,2030,93,5,5,0.0
2214,h2_storage,2030,93,6,6,0.0
2215,h2_storage,2030,93,7,7,0.0
2216,h2_storage,2030,93,8,8,0.0
2217,h2_storage,2030,93,9,9,0.0
2218,h2_storage,2030,93,10,10,0.0
2219,h2_storage,2030,93,11,11,0.0
2220,h2_storage,2030,93,12,12,0.0
2221,h2_storage,2030,93,13,13,0.0
2222,h2_storage,2030,93,14,14,0.0
2223,h2_storage,2030,93,15,15,0.0
2224,h2_storage,2030,93,16,16,0.0
2225,h2_storage,2030,93,17,17,0.0
2226,h2_storage,2030,93,18,18,0.0
2227,h2_storage,2030,93,19,19,0.0
2228,h2_storage,2030,93,20,20,0.0
2229,h2_storage,2030,93,21,21,0.0
2230,h2_storage,2030,93,22,22,0.0
2231,h2_storage,2030,93,23,23,0.0
2232,h2_storage,2030,93,24,24,0.0
2233,h2_storage,2030,94,1,1,0.0
2234,h2_storage,2030,94,2,2,0.0
2235,h2_storage,2030,94,3,3,0.0
2236,h2_storage,2030,94,4,4,0.0
2237,h2_storage,2030,94,5,5,0.0
2238,h2_storage,2030,94,6,6,0.0
2239,h2_storage,2030,94,7,7,0.0
2240,h2_storage,2030,94,8,8,0.0
2241,h2_storage,2030,94,9,9,0.0
2242,h2_storage,2030,94,10,10,0.0
2243,h2_storage,2030,94,11,11,0.0
2244,h2_storage,2030,94,12,12,0.0
2245,h2_storage,2030,94,13,13,0.0
2246,h2_storage,2030,94,14,14,0.0
2247,h2_storage,2030,94,15,15,0.0
2248,h2_storage,2030,94,16,16,0.0
2249,h2_storage,2030,94,17,17,0.0
2250,h2_storage,2030,94,18,18,0.0
2251,h2_storage,2030,94,19,19,0.0
2252,h2_storage,2030,94,20,20,0.0
2253,h2_storage,2030,94,21,21,0.0
2254,h2_storage,2030,94,22,22,0.0
2255,h2_storage,2030,94,23,23,0.0
2256,h2_storage,2030,94,24,24,0.0
2257,h2_storage,2030,95,1,1,0.0
2258,h2_storage,2030,95,2,2,0.0
2259,h2_storage,2030,95,3,3,0.0
2260,h2_storage,2030,95,4,4,0.0
2261,h2_storage,2030,95,5,5,0.0
2262,h2_storage,2030,95,6,6,0.0
2263,h2_storage,2030,95,7,7,0.0
2264,h2_storage,2030,95,8,8,0.0
2265,h2_storage,2030,95,9,9,0.0
2266,h2_storage,2030,95,10,10,0.0
2267,h2_storage,2030,95,11,11,0.0
2268,h2_storage,2030,95,12,12,0.0
2269,h2_storage,2030,95,13,13,0.0
2270,h2_storage,2030,95,14,14,0.0
2271,h2_storage,2030,95,15,15,0.0
2272,h2_storage,2030,95,16,16,0.0
2273,h2_storage,2030,95,17,17,0.0
2274,h2_storage,2030,95,18,18,0.0
2275,h2_storage,2030,95,19,19,0.0
2276,h2_storage,2030,95,20,20,0.0
2277,h2_storage,2030,95,21,21,0.0
2278,h2_storage,2030,95,22,22,0.0
2279,h2_storage,2030,95,23,23,0.0
2280,h2_storage,2030,95,24,24,0.0
2281,h2_storage,2030,96,1,1,0.0
2282,h2_storage,2030,96,2,2,0.0
2283,h2_storage,2030,96,3,3,0.0
2284,h2_storage,2030,96,4,4,0.0
2285,h2_storage,2030,96,5,5,0.0
2286,h2_storage,2030,96,6,6,0.0
2287,h2_storage,2030,96,7,7,0.0
2288,h2_storage,2030,96,8,8,0.0
2289,h2_storage,2030,96,9,9,0.0
2290,h2_storage,2030,96,10,10,0.0
2291,h2_storage,2030,96,11,11,0.0
2292,h2_storage,2030,96,12,12,0.0
2293,h2_storage,2030,96,13,13,0.0
2294,h2_storage,2030,96,14,14,0.0
2295,h2_storage,2030,96,15,15,0.0
2296,h2_storage,2030,96,16,16,0.0
2297,h2_storage,2030,96,17,17,0.0
2298,h2_storage,2030,96,18,18,0.0
2299,h2_storage,2030,96,19,19,0.0
2300,h2_storage,2030,96,20,20,0.0
2301,h2_storage,2030,96,21,21,0.0
2302,h2_storage,2030,96,22,22,0.0
2303,h2_storage,2030,96,23,23,0.0
2304,h2_storage,2030,96,24,24,0.0
2305,h2_storage,2030,97,1,1,0.0
2306,h2_storage,2030,97,2,2,0.0
2307,h2_storage,2030,97,3,3,0.0
2308,h2_storage,2030,97,4,4,0.0
2309,h2_storage,2030,97,5,5,0.0
2310,h2_storage,2030,97,6,6,0.0
2311,h2_storage,2030,97,7,7,0.0
2312,h2_storage,2030,97,8,8,0.0
2313,h2_storage,2030,97,9,9,0.0
2314,h2_storage,2030,97,10,10,0.0
2315,h2_storage,2030,97,11,11,0.0
2316,h2_storage,2030,97,12,12,0.0
2317,h2_storage,2030,97,13,13,0.0
2318,h2_storage,2030,97,14,14,0.0
2319,h2_storage,2030,97,15,15,0.0
2320,h2_storage,2030,97,16,16,0.0
2321,h2_storage,2030,97,17,17,0.0
2322,h2_storage,2030,97,18,18,0.0
2323,h2_storage,2030,97,19,19,0.0
2324,h2_storage,2030,97,20,20,0.0
2325,h2_storage,2030,97,21,21,0.0
2326,h2_storage,2030,97,22,22,0.0
2327,h2_storage,2030,97,23,23,0.0
2328,h2_storage,2030,97,24,24,0.0
2329,h2_storage,2030,98,1,1,0.0
2330,h2_storage,2030,98,2,2,0.0
2331,h2_storage,2030,98,3,3,0.0
2332,h2_storage,2030,98,4,4,0.0
2333,h2_storage,2030,98,5,5,0.0
2334,h2_storage,2030,98,6,6,0.0
2335,h2_storage,2030,98,7,7,0.0
2336,h2_storage,2030,98,8,8,0.0
2337,h2_storage,2030,98,9,9,0.0
2338,h2_storage,2030,98,10,10,0.0
2339,h2_storage,2030,98,11,11,0.0
2340,h2_storage,2030,98,12,12,0.0
2341,h2_storage,2030,98,13,13,0.0
2342,h2_storage,2030,98,14,14,0.0
2343,h2_storage,2030,98,15,15,0.0
2344,h2_storage,2030,98,16,16,0.0
2345,h2_storage,2030,98,17,17,0.0
2346,h2_storage,2030,98,18,18,0.0
2347,h2_storage,2030,98,19,19,0.0
2348,h2_storage,2030,98,20,20,0.0
2349,h2_storage,2030,98,21,21,0.0
2350,h2_storage,2030,98,22,22,0.0
2351,h2_storage,2030,98,23,23,0.0
2352,h2_storage,2030,98,24,24,0.0
2353,h2_storage,2030,99,1,1,0.0
2354,h2_storage,2030,99,2,2,0.0
2355,h2_storage,2030,99,3,3,0.0
2356,h2_storage,2030,99,4,4,0.0
2357,h2_storage,2030,99,5,5,0.0
2358,h2_storage,2030,99,6,6,0.0
2359,h2_storage,2030,99,7,7,0.0
2360,h2_storage,2030,99,8,8,0.0
2361,h2_storage,2030,99,9,9,0.0
2362,h2_storage,2030,99,10,10,0.0
2363,h2_storage,2030,99,11,11,0.0
2364,h2_storage,2030,99,12,12,0.0
2365,h2_storage,2030,99,13,13,0.0
2366,h2_storage,2030,99,14,14,0.0
2367,h2_storage,2030,99,15,15,0.0
2368,h2_storage,2030,99,16,16,0.0
2369,h2_storage,2030,99,17,17,0.0
2370,h2_storage,2030,99,18,18,0.0
2371,h2_storage,2030,99,19,19,0.0
2372,h2_storage,2030,99,20,20,0.0
2373,h2_storage,2030,99,21,21,0.0
2374,h2_storage,2030,99,22,22,0.0
2375,h2_storage,2030,99,23,23,0.0
2376,h2_storage,2030,99,24,24,0.0
2377,h2_storage,2030,100,1,1,0.0
2378,h2_storage,2030,100,2,2,0.0
2379,h2_storage,2030,100,3,3,0.0
2380,h2_storage,2030,100,4,4,0.0
2381,h2_storage,2030,100,5,5,0.0
2382,h2_storage,2030,100,6,6,0.0
2383,h2_storage,2030,100,7,7,0.0
2384,h2_storage,2030,100,8,8,0.0
2385,h2_storage,2030,100,9,9,0.0
2386,h2_storage,2030,100,10,10,0.0
2387,h2_storage,2030,100,11,11,0.0
2388,h2_storage,2030,100,12,12,0.0
2389,h2_storage,2030,100,13,13,0.0
2390,h2_storage,2030,100,14,14,0.0
2391,h2_storage,2030,100,15,15,0.0
2392,h2_storage,2030,100,16,16,0.0
2393,h2_storage,2030,100,17,17,0.0
2394,h2_storage,2030,100,18,18,0.0
2395,h2_storage,2030,100,19,19,0.0
2396,h2_storage,2030,100,20,20,0.0
2397,h2_storage,2030,100,21,21,0.0
2398,h2_storage,2030,100,22,22,0.0
2399,h2_storage,2030,100,23,23,0.0
2400,h2_storage,2030,100,24,24,0.0
2401,h2_storage,2030,101,1,1,0.0
2402,h2_storage,2030,101,2,2,0.0
2403,h2_storage,2030,101,3,3,0.0
2404,h2_storage,2030,101,4,4,0.0
2405,h2_storage,2030,101,5,5,0.0
2406,h2_storage,2030,101,6,6,0.0
2407,h2_storage,2030,101,7,7,0.0
2408,h2_storage,2030,101,8,8,0.0
2409,h2_storage,2030,101,9,9,0.0
2410,h2_storage,2030,101,10,10,0.0
2411,h2_storage,2030,101,11,11,0.0
2412,h2_storage,2030,101,12,12,0.0
2413,h2_storage,2030,101,13,13,0.0
2414,h2_storage,2030,101,14,14,0.0
2415,h2_storage,2030,101,15,15,0.0
2416,h2_storage,2030,101,16,16,0.0
2417,h2_storage,2030,101,17,17,0.0
2418,h2_storage,2030,101,18,18,0.0
2419,h2_storage,2030,101,19,19,0.0
2420,h2_storage,2030,101,20,20,0.0
2421,h2_storage,2030,101,21,21,0.0
2422,h2_storage,2030,101,22,22,0.0
2423,h2_storage,2030,101,23,23,0.0
2424,h2_storage,2030,101,24,24,0.0
2425,h2_storage,2030,102,1,1,0.0
2426,h2_storage,2030,102,2,2,0.0
2427,h2_storage,2030,102,3,3,0.0
2428,h2_storage,2030,102,4,4,0.0
2429,h2_storage,2030,102,5,5,0.0
2430,h2_storage,2030,102,6,6,0.0
2431,h2_storage,2030,102,7,7,0.0
2432,h2_storage,2030,102,8,8,0.0
2433,h2_storage,2030,102,9,9,0.0
2434,h2_storage,2030,102,10,10,0.0
2435,h2_storage,2030,102,11,11,0.0
2436,h2_storage,2030,102,12,12,0.0
2437,h2_storage,2030,102,13,13,0.0
2438,h2_storage,2030,102,14,14,0.0
2439,h2_storage,2030,102,15,15,0.0
2440,h2_storage,2030,102,16,16,0.0
2441,h2_storage,2030,102,17,17,0.0
2442,h2_storage,2030,102,18,18,0.0
2443,h2_storage,2030,102,19,19,0.0
2444,h2_storage,2030,102,20,20,0.0
2445,h2_storage,2030,102,21,21,0.0
2446,h2_storage,2030,102,22,22,0.0
2447,h2_storage,2030,102,23,23,0.0
2448,h2_storage,2030,102,24,24,0.0
2449,h2_storage,2030,103,1,1,0.0
2450,h2_storage,2030,103,2,2,0.0
2451,h2_storage,2030,103,3,3,0.0
2452,h2_storage,2030,103,4,4,0.0
2453,h2_storage,2030,103,5,5,0.0
2454,h2_storage,2030,103,6,6,0.0
2455,h2_storage,2030,103,7,7,0.0
2456,h2_storage,2030,103,8,8,0.0
2457,h2_storage,2030,103,9,9,0.0
2458,h2_storage,2030,103,10,10,0.0
2459,h2_storage,2030,103,11,11,0.0
2460,h2_storage,2030,103,12,12,0.0
2461,h2_storage,2030,103,13,13,0.0
2462,h2_storage,2030,103,14,14,0.0
2463,h2_storage,2030,103,15,15,0.0
2464,h2_storage,2030,103,16,16,0.0
2465,h2_storage,2030,103,17,17,0.0
2466,h2_storage,2030,103,18,18,0.0
2467,h2_storage,2030,103,19,19,0.0
2468,h2_storage,2030,103,20,20,0.0
2469,h2_storage,2030,103,21,21,0.0
2470,h2_storage,2030,103,22,22,0.0
2471,h2_storage,2030,103,23,23,0.0
2472,h2_storage,2030,103,24,24,0.0
2473,h2_storage,2030,104,1,1,0.0
2474,h2_storage,2030,104,2,2,0.0
2475,h2_storage,2030,104,3,3,0.0
2476,h2_storage,2030,104,4,4,0.0
2477,h2_storage,2030,104,5,5,0.0
2478,h2_storage,2030,104,6,6,0.0
2479,h2_storage,2030,104,7,7,0.0
2480,h2_storage,2030,104,8,8,0.0
2481,h2_storage,2030,104,9,9,0.0
2482,h2_storage,2030,104,10,10,0.0
2483,h2_storage,2030,104,11,11,0.0
2484,h2_storage,2030,104,12,12,0.0
2485,h2_storage,2030,104,13,13,0.0
2486,h2_storage,2030,104,14,14,0.0
2487,h2_storage,2030,104,15,15,0.0
2488,h2_storage,2030,104,16,16,0.0
2489,h2_storage,2030,104,17,17,0.0
2490,h2_storage,2030,104,18,18,0.0
2491,h2_storage,2030,104,19,19,0.0
2492,h2_storage,2030,104,20,20,0.0
2493,h2_storage,2030,104,21,21,0.0
2494,h2_storage,2030,104,22,22,0.0
2495,h2_storage,2030,104,23,23,0.0
2496,h2_storage,2030,104,24,24,0.0
2497,h2_storage,2030,105,1,1,0.0
2498,h2_storage,2030,105,2,2,0.0
2499,h2_storage,2030,105,3,3,0.0
2500,h2_storage,2030,105,4,4,0.0
2501,h2_storage,2030,105,5,5,0.0
2502,h2_storage,2030,105,6,6,0.0
2503,h2_storage,2030,105,7,7,0.0
2504,h2_storage,2030,105,8,8,0.0
2505,h2_storage,2030,105,9,9,0.0
2506,h2_storage,2030,105,10,10,0.0
2507,h2_storage,2030,105,11,11,0.0
2508,h2_storage,2030,105,12,12,0.0
2509,h2_storage,2030,105,13,13,0.0
2510,h2_storage,2030,105,14,14,0.0
2511,h2_storage,2030,105,15,15,0.0
2512,h2_storage,2030,105,16,16,0.0
2513,h2_storage,2030,105,17,17,0.0
2514,h2_storage,2030,105,18,18,0.0
2515,h2_storage,2030,105,19,19,0.0
2516,h2_storage,2030,105,20,20,0.0
2517,h2_storage,2030,105,21,21,0.0
2518,h2_storage,2030,105,22,22,0.0
2519,h2_storage,2030,105,23,23,0.0
2520,h2_storage,2030,105,24,24,0.0
2521,h2_storage,2030,106,1,1,0.0
2522,h2_storage,2030,106,2,2,0.0
2523,h2_storage,2030,106,3,3,0.0
2524,h2_storage,2030,106,4,4,0.0
2525,h2_storage,2030,106,5,5,0.0
2526,h2_storage,2030,106,6,6,0.0
2527,h2_storage,2030,106,7,7,0.0
2528,h2_storage,2030,106,8,8,0.0
2529,h2_storage,2030,106,9,9,0.0
2530,h2_storage,2030,106,10,10,0.0
2531,h2_storage,2030,106,11,11,0.0
2532,h2_storage,2030,106,12,12,0.0
2533,h2_storage,2030,106,13,13,0.0
2534,h2_storage,2030,106,14,14,0.0
2535,h2_storage,2030,106,15,15,0.0
2536,h2_storage,2030,106,16,16,0.0
2537,h2_storage,2030,106,17,17,0.0
2538,h2_storage,2030,106,18,18,0.0
2539,h2_storage,2030,106,19,19,0.0
2540,h2_storage,2030,106,20,20,0.0
2541,h2_storage,2030,106,21,21,0.0
2542,h2_storage,2030,106,22,22,0.0
2543,h2_storage,2030,106,23,23,0.0
2544,h2_storage,2030,106,24,24,0.0
2545,h2_storage,2030,107,1,1,0.0
2546,h2_storage,2030,107,2,2,0.0
2547,h2_storage,2030,107,3,3,0.0
2548,h2_storage,2030,107,4,4,0.0
2549,h2_storage,2030,107,5,5,0.0
2550,h2_storage,2030,107,6,6,0.0
2551,h2_storage,2030,107,7,7,0.0
2552,h2_storage,2030,107,8,8,0.0
2553,h2_storage,2030,107,9,9,0.0
2554,h2_storage,2030,107,10,10,0.0
2555,h2_storage,2030,107,11,11,0.0
2556,h2_storage,2030,107,12,12,0.0
2557,h2_storage,2030,107,13,13,0.0
2558,h2_storage,2030,107,14,14,0.0
2559,h2_storage,2030,107,15,15,0.0
2560,h2_storage,2030,107,16,16,0.0
2561,h2_storage,2030,107,17,17,0.0
2562,h2_storage,2030,107,18,18,0.0
2563,h2_storage,2030,107,19,19,0.0
2564,h2_storage,2030,107,20,20,0.0
2565,h2_storage,2030,107,21,21,0.0
2566,h2_storage,2030,107,22,22,0.0
2567,h2_storage,2030,107,23,23,0.0
2568,h2_storage,2030,107,24,24,0.0
2569,h2_storage,2030,108,1,1,0.0
2570,h2_storage,2030,108,2,2,0.0
2571,h2_storage,2030,108,3,3,0.0
2572,h2_storage,2030,108,4,4,0.0
2573,h2_storage,2030,108,5,5,0.0
2574,h2_storage,2030,108,6,6,0.0
2575,h2_storage,2030,108,7,7,0.0
2576,h2_storage,2030,108,8,8,0.0
2577,h2_storage,2030,108,9,9,0.0
2578,h2_storage,2030,108,10,10,0.0
2579,h2_storage,2030,108,11,11,0.0
2580,h2_storage,2030,108,12,12,0.0
2581,h2_storage,2030,108,13,13,0.0
2582,h2_storage,2030,108,14,14,0.0
2583,h2_storage,2030,108,15,15,0.0
2584,h2_storage,2030,108,16,16,0.0
2585,h2_storage,2030,108,17,17,0.0
2586,h2_storage,2030,108,18,18,0.0
2587,h2_storage,2030,108,19,19,0.0
2588,h2_storage,2030,108,20,20,0.0
2589,h2_storage,2030,108,21,21,0.0
2590,h2_storage,2030,108,22,22,0.0
2591,h2_storage,2030,108,23,23,0.0
2592,h2_storage,2030,108,24,24,0.0
2593,h2_storage,2030,109,1,1,0.0
2594,h2_storage,2030,109,2,2,0.0
2595,h2_storage,2030,109,3,3,0.0
2596,h2_storage,2030,109,4,4,0.0
2597,h2_storage,2030,109,5,5,0.0
2598,h2_storage,2030,109,6,6,0.0
2599,h2_storage,2030,109,7,7,0.0
2600,h2_storage,2030,109,8,8,0.0
2601,h2_storage,2030,109,9,9,0.0
2602,h2_storage,2030,109,10,10,0.0
2603,h2_storage,2030,109,11,11,0.0
2604,h2_storage,2030,109,12,12,0.0
2605,h2_storage,2030,109,13,13,0.0
2606,h2_storage,2030,109,14,14,0.0
2607,h2_storage,2030,109,15,15,0.0
2608,h2_storage,2030,109,16,16,0.0
2609,h2_storage,2030,109,17,17,0.0
2610,h2_storage,2030,109,18,18,0.0
2611,h2_storage,2030,109,19,19,0.0
2612,h2_storage,2030,109,20,20,0.0
2613,h2_storage,2030,109,21,21,0.0
2614,h2_storage,2030,109,22,22,0.0
2615,h2_storage,2030,109,23,23,0.0
2616,h2_storage,2030,109,24,24,0.0
2617,h2_storage,2030,110,1,1,0.0
2618,h2_storage,2030,110,2,2,0.0
2619,h2_storage,2030,110,3,3,0.0
2620,h2_storage,2030,110,4,4,0.0
2621,h2_storage,2030,110,5,5,0.0
2622,h2_storage,2030,110,6,6,0.0
2623,h2_storage,2030,110,7,7,0.0
2624,h2_storage,2030,110,8,8,0.0
2625,h2_storage,2030,110,9,9,0.0
2626,h2_storage,2030,110,10,10,0.0
2627,h2_storage,2030,110,11,11,0.0
2628,h2_storage,2030,110,12,12,0.0
2629,h2_storage,2030,110,13,13,0.0
2630,h2_storage,2030,110,14,14,0.0
2631,h2_storage,2030,110,15,15,0.0
2632,h2_storage,2030,110,16,16,0.0
2633,h2_storage,2030,110,17,17,0.0
2634,h2_storage,2030,110,18,18,0.0
2635,h2_storage,2030,110,19,19,0.0
2636,h2_storage,2030,110,20,20,0.0
2637,h2_storage,2030,110,21,21,0.0
2638,h2_storage,2030,110,22,22,0.0
2639,h2_storage,2030,110,23,23,0.0
2640,h2_storage,2030,110,24,24,0.0
2641,h2_storage,2030,111,1,1,0.0
2642,h2_storage,2030,111,2,2,0.0
2643,h2_storage,2030,111,3,3,0.0
2644,h2_storage,2030,111,4,4,0.0
2645,h2_storage,2030,111,5,5,0.0
2646,h2_storage,2030,111,6,6,0.0
2647,h2_storage,2030,111,7,7,0.0
2648,h2_storage,2030,111,8,8,0.0
2649,h2_storage,2030,111,9,9,0.0
2650,h2_storage,2030,111,10,10,0.0
2651,h2_storage,2030,111,11,11,0.0
2652,h2_storage,2030,111,12,12,0.0
2653,h2_storage,2030,111,13,13,0.0
2654,h2_storage,2030,111,14,14,0.0
2655,h2_storage,2030,111,15,15,0.0
2656,h2_storage,2030,111,16,16,0.0
2657,h2_storage,2030,111,17,17,0.0
2658,h2_storage,2030,111,18,18,0.0
2659,h2_storage,2030,111,19,19,0.0
2660,h2_storage,2030,111,20,20,0.0
2661,h2_storage,2030,111,21,21,0.0
2662,h2_storage,2030,111,22,22,0.0
2663,h2_storage,2030,111,23,23,0.0
2664,h2_storage,2030,111,24,24,0.0
2665,h2_storage,2030,112,1,1,0.0
2666,h2_storage,2030,112,2,2,0.0
2667,h2_storage,2030,112,3,3,0.0
2668,h2_storage,2030,112,4,4,0.0
2669,h2_storage,2030,112,5,5,0.0
2670,h2_storage,2030,112,6,6,0.0
2671,h2_storage,2030,112,7,7,0.0
2672,h2_storage,2030,112,8,8,0.0
2673,h2_storage,2030,112,9,9,0.0
2674,h2_storage,2030,112,10,10,0.0
2675,h2_storage,2030,112,11,11,0.0
2676,h2_storage,2030,112,12,12,0.0
2677,h2_storage,2030,112,13,13,0.0
2678,h2_storage,2030,112,14,14,0.0
2679,h2_storage,2030,112,15,15,0.0
2680,h2_storage,2030,112,16,16,0.0
2681,h2_storage,2030,112,17,17,0.0
2682,h2_storage,2030,112,18,18,0.0
2683,h2_storage,2030,112,19,19,0.0
2684,h2_storage,2030,112,20,20,0.0
2685,h2_storage,2030,112,21,21,0.0
2686,h2_storage,2030,112,22,22,0.0
2687,h2_storage,2030,112,23,23,0.0
2688,h2_storage,2030,112,24,24,0.0
2689,h2_storage,2030,113,1,1,0.0
2690,h2_storage,2030,113,2,2,0.0
2691,h2_storage,2030,113,3,3,0.0
2692,h2_storage,2030,113,4,4,0.0
2693,h2_storage,2030,113,5,5,0.0
2694,h2_storage,2030,113,6,6,0.0
2695,h2_storage,2030,113,7,7,0.0
2696,h2_storage,2030,113,8,8,0.0
2697,h2_storage,2030,113,9,9,0.0
2698,h2_storage,2030,113,10,10,0.0
2699,h2_storage,2030,113,11,11,0.0
2700,h2_storage,2030,113,12,12,0.0
2701,h2_storage,2030,113,13,13,0.0
2702,h2_storage,2030,113,14,14,0.0
2703,h2_storage,2030,113,15,15,0.0
2704,h2_storage,2030,113,16,16,0.0
2705,h2_storage,2030,113,17,17,0.0
2706,h2_storage,2030,113,18,18,0.0
2707,h2_storage,2030,113,19,19,0.0
2708,h2_storage,2030,113,20,20,0.0
2709,h2_storage,2030,113,21,21,0.0
2710,h2_storage,2030,113,22,22,0.0
2711,h2_storage,2030,113,23,23,0.0
2712,h2_storage,2030,113,24,24,0.0
2713,h2_storage,2030,114,1,1,0.0
2714,h2_storage,2030,114,2,2,0.0
2715,h2_storage,2030,114,3,3,0.0
2716,h2_storage,2030,114,4,4,0.0
2717,h2_storage,2030,114,5,5,0.0
2718,h2_storage,2030,114,6,6,0.0
2719,h2_storage,2030,114,7,7,0.0
2720,h2_storage,2030,114,8,8,0.0
2721,h2_storage,2030,114,9,9,0.0
2722,h2_storage,2030,114,10,10,0.0
2723,h2_storage,2030,114,11,11,0.0
2724,h2_storage,2030,114,12,12,0.0
2725,h2_storage,2030,114,13,13,0.0
2726,h2_storage,2030,114,14,14,0.0
2727,h2_storage,2030,114,15,15,0.0
2728,h2_storage,2030,114,16,16,0.0
2729,h2_storage,2030,114,17,17,0.0
2730,h2_storage,2030,114,18,18,0.0
2731,h2_storage,2030,114,19,19,0.0
2732,h2_storage,2030,114,20,20,0.0
2733,h2_storage,2030,114,21,21,0.0
2734,h2_storage,2030,114,22,22,0.0
2735,h2_storage,2030,114,23,23,0.0
2736,h2_storage,2030,114,24,24,0.0
2737,h2_storage,2030,115,1,1,0.0
2738,h2_storage,2030,115,2,2,0.0
2739,h2_storage,2030,115,3,3,0.0
2740,h2_storage,2030,115,4,4,0.0
2741,h2_storage,2030,115,5,5,0.0
2742,h2_storage,2030,115,6,6,0.0
2743,h2_storage,2030,115,7,7,0.0
2744,h2_storage,2030,115,8,8,0.0
2745,h2_storage,2030,115,9,9,0.0
2746,h2_storage,2030,115,10,10,0.0
2747,h2_storage,2030,115,11,11,0.0
2748,h2_storage,2030,115,12,12,0.0
2749,h2_storage,2030,115,13,13,0.0
2750,h2_storage,2030,115,14,14,0.0
2751,h2_storage,2030,115,15,15,0.0
2752,h2_storage,2030,115,16,16,0.0
2753,h2_storage,2030,115,17,17,0.0
2754,h2_storage,2030,115,18,18,0.0
2755,h2_storage,2030,115,19,19,0.0
2756,h2_storage,2030,115,20,20,0.0
2757,h2_storage,2030,115,21,21,0.0
2758,h2_storage,2030,115,22,22,0.0
2759,h2_storage,2030,115,23,23,0.0
2760,h2_storage,2030,115,24,24,0.0
2761,h2_storage,2030,116,1,1,0.0
2762,h2_storage,2030,116,2,2,0.0
2763,h2_storage,2030,116,3,3,0.0
2764,h2_storage,2030,116,4,4,0.0
2765,h2_storage,2030,116,5,5,0.0
2766,h2_storage,2030,116,6,6,0.0
2767,h2_storage,2030,116,7,7,0.0
2768,h2_storage,2030,116,8,8,0.0
2769,h2_storage,2030,116,9,9,0.0
2770,h2_storage,2030,116,10,10,0.0
2771,h2_storage,2030,116,11,11,0.0
2772,h2_storage,2030,116,12,12,0.0
2773,h2_storage,2030,116,13,13,0.0
2774,h2_storage,2030,116,14,14,0.0
2775,h2_storage,2030,116,15,15,0.0
2776,h2_storage,2030,116,16,16,0.0
2777,h2_storage,2030,116,17,17,0.0
2778,h2_storage,2030,116,18,18,0.0
2779,h2_storage,2030,116,19,19,0.0
2780,h2_storage,2030,116,20,20,0.0
2781,h2_storage,2030,116,21,21,0.0
2782,h2_storage,2030,116,22,22,0.0
2783,h2_storage,2030,116,23,23,0.0
2784,h2_storage,2030,116,24,24,0.0
2785,h2_storage,2030,117,1,1,0.0
2786,h2_storage,2030,117,2,2,0.0
2787,h2_storage,2030,117,3,3,0.0
2788,h2_storage,2030,117,4,4,0.0
2789,h2_storage,2030,117,5,5,0.0
2790,h2_storage,2030,117,6,6,0.0
2791,h2_storage,2030,117,7,7,0.0
2792,h2_storage,2030,117,8,8,0.0
2793,h2_storage,2030,117,9,9,0.0
2794,h2_storage,2030,117,10,10,0.0
2795,h2_storage,2030,117,11,11,0.0
2796,h2_storage,2030,117,12,12,0.0
2797,h2_storage,2030,117,13,13,0.0
2798,h2_storage,2030,117,14,14,0.0
2799,h2_storage,2030,117,15,15,0.0
2800,h2_storage,2030,117,16,16,0.0
2801,h2_storage,2030,117,17,17,0.0
2802,h2_storage,2030,117,18,18,0.0
2803,h2_storage,2030,117,19,19,0.0
2804,h2_storage,2030,117,20,20,0.0
2805,h2_storage,2030,117,21,21,0.0
2806,h2_storage,2030,117,22,22,0.0
2807,h2_storage,2030,117,23,23,0.0
2808,h2_storage,2030,117,24,24,0.0
2809,h2_storage,2030,118,1,1,0.0
2810,h2_storage,2030,118,2,2,0.0
2811,h2_storage,2030,118,3,3,0.0
2812,h2_storage,2030,118,4,4,0.0
2813,h2_storage,2030,118,5,5,0.0
2814,h2_storage,2030,118,6,6,0.0
2815,h2_storage,2030,118,7,7,0.0
2816,h2_storage,2030,118,8,8,0.0
2817,h2_storage,2030,118,9,9,0.0
2818,h2_storage,2030,118,10,10,0.0
2819,h2_storage,2030,118,11,11,0.0
2820,h2_storage,2030,118,12,12,0.0
2821,h2_storage,2030,118,13,13,0.0
2822,h2_storage,2030,118,14,14,0.0
2823,h2_storage,2030,118,15,15,0.0
2824,h2_storage,2030,118,16,16,0.0
2825,h2_storage,2030,118,17,17,0.0
2826,h2_storage,2030,118,18,18,0.0
2827,h2_storage,2030,118,19,19,0.0
2828,h2_storage,2030,118,20,20,0.0
2829,h2_storage,2030,118,21,21,0.0
2830,h2_storage,2030,118,22,22,0.0
2831,h2_storage,2030,118,23,23,0.0
2832,h2_storage,2030,118,24,24,0.0
2833,h2_storage,2030,119,1,1,0.0
2834,h2_storage,2030,119,2,2,0.0
2835,h2_storage,2030,119,3,3,0.0
2836,h2_storage,2030,119,4,4,0.0
2837,h2_storage,2030,119,5,5,0.0
2838,h2_storage,2030,119,6,6,0.0
2839,h2_storage,2030,119,7,7,0.0
2840,h2_storage,2030,119,8,8,0.0
2841,h2_storage,2030,119,9,9,0.0
2842,h2_storage,2030,119,10,10,0.0
2843,h2_storage,2030,119,11,11,0.0
2844,h2_storage,2030,119,12,12,0.0
2845,h2_storage,2030,119,13,13,0.0
2846,h2_storage,2030,119,14,14,0.0
2847,h2_storage,2030,119,15,15,0.0
2848,h2_storage,2030,119,16,16,0.0
2849,h2_storage,2030,119,17,17,0.0
2850,h2_storage,2030,119,18,18,0.0
2851,h2_storage,2030,119,19,19,0.0
2852,h2_storage,2030,119,20,20,0.0
2853,h2_storage,2030,119,21,21,0.0
2854,h2_storage,2030,119,22,22,0.0
2855,h2_storage,2030,119,23,23,0.0
2856,h2_storage,2030,119,24,24,0.0
2857,h2_storage,2030,120,1,1,0.0
2858,h2_storage,2030,120,2,2,0.0
2859,h2_storage,2030,120,3,3,0.0
2860,h2_storage,2030,120,4,4,0.0
2861,h2_storage,2030,120,5,5,0.0
2862,h2_storage,2030,120,6,6,0.0
2863,h2_storage,2030,120,7,7,0.0
2864,h2_storage,2030,120,8,8,0.0
2865,h2_storage,2030,120,9,9,0.0
2866,h2_storage,2030,120,10,10,0.0
2867,h2_storage,2030,120,11,11,0.0
2868,h2_storage,2030,120,12,12,0.0
2869,h2_storage,2030,120,13,13,0.0
2870,h2_storage,2030,120,14,14,0.0
2871,h2_storage,2030,120,15,15,0.0
2872,h2_storage,2030,120,16,16,0.0
2873,h2_storage,2030,120,17,17,0.0
2874,h2_storage,2030,120,18,18,0.0
2875,h2_storage,2030,120,19,19,0.0
2876,h2_storage,2030,120,20,20,0.0
2877,h2_storage,2030,120,21,21,0.0
2878,h2_storage,2030,120,22,22,0.0
2879,h2_storage,2030,120,23,23,0.0
2880,h2_storage,2030,120,24,24,0.0
2881,h2_storage,2030,121,1,1,0.0
2882,h2_storage,2030,121,2,2,0.0
2883,h2_storage,2030,121,3,3,0.0
2884,h2_storage,2030,121,4,4,0.0
2885,h2_storage,2030,121,5,5,0.0
2886,h2_storage,2030,121,6,6,0.0
2887,h2_storage,2030,121,7,7,0.0
2888,h2_storage,2030,121,8,8,0.0
2889,h2_storage,2030,121,9,9,0.0
2890,h2_storage,2030,121,10,10,0.0
2891,h2_storage,2030,121,11,11,0.0
2892,h2_storage,2030,121,12,12,0.0
2893,h2_storage,2030,121,13,13,0.0
2894,h2_storage,2030,121,14,14,0.0
2895,h2_storage,2030,121,15,15,0.0
2896,h2_storage,2030,121,16,16,0.0
2897,h2_storage,2030,121,17,17,0.0
2898,h2_storage,2030,121,18,18,0.0
2899,h2_storage,2030,121,19,19,0.0
2900,h2_storage,2030,121,20,20,0.0
2901,h2_storage,2030,121,21,21,0.0
2902,h2_storage,2030,121,22,22,0.0
2903,h2_storage,2030,121,23,23,0.0
2904,h2_storage,2030,121,24,24,0.0
2905,h2_storage,2030,122,1,1,0.0
2906,h2_storage,2030,122,2,2,0.0
2907,h2_storage,2030,122,3,3,0.0
2908,h2_storage,2030,122,4,4,0.0
2909,h2_storage,2030,122,5,5,0.0
2910,h2_storage,2030,122,6,6,0.0
2911,h2_storage,2030,122,7,7,0.0
2912,h2_storage,2030,122,8,8,0.0
2913,h2_storage,2030,122,9,9,0.0
2914,h2_storage,2030,122,10,10,0.0
2915,h2_storage,2030,122,11,11,0.0
2916,h2_storage,2030,122,12,12,0.0
2917,h2_storage,2030,122,13,13,0.0
2918,h2_storage,2030,122,14,14,0.0
2919,h2_storage,2030,122,15,15,0.0
2920,h2_storage,2030,122,16,16,0.0
2921,h2_storage,2030,122,17,17,0.0
2922,h2_storage,2030,122,18,18,0.0
2923,h2_storage,2030,122,19,19,0.0
2924,h2_storage,2030,122,20,20,0.0
2925,h2_storage,2030,122,21,21,0.0
2926,h2_storage,2030,122,22,22,0.0
2927,h2_storage,2030,122,23,23,0.0
2928,h2_storage,2030,122,24,24,0.0
2929,h2_storage,2030,123,1,1,0.0
2930,h2_storage,2030,123,2,2,0.0
2931,h2_storage,2030,123,3,3,0.0
2932,h2_storage,2030,123,4,4,0.0
2933,h2_storage,2030,123,5,5,0.0
2934,h2_storage,2030,123,6,6,0.0
2935,h2_storage,2030,123,7,7,0.0
2936,h2_storage,2030,123,8,8,0.0
2937,h2_storage,2030,123,9,9,0.0
2938,h2_storage,2030,123,10,10,0.0
2939,h2_storage,2030,123,11,11,0.0
2940,h2_storage,2030,123,12,12,0.0
2941,h2_storage,2030,123,13,13,0.0
2942,h2_storage,2030,123,14,14,0.0
2943,h2_storage,2030,123,15,15,0.0
2944,h2_storage,2030,123,16,16,0.0
2945,h2_storage,2030,123,17,17,0.0
2946,h2_storage,2030,123,18,18,0.0
2947,h2_storage,2030,123,19,19,0.0
2948,h2_storage,2030,123,20,20,0.0
2949,h2_storage,2030,123,21,21,0.0
2950,h2_storage,2030,123,22,22,0.0
2951,h2_storage,2030,123,23,23,0.0
2952,h2_storage,2030,123,24,24,0.0
2953,h2_storage,2030,124,1,1,0.0
2954,h2_storage,2030,124,2,2,0.0
2955,h2_storage,2030,124,3,3,0.0
2956,h2_storage,2030,124,4,4,0.0
2957,h2_storage,2030,124,5,5,0.0
2958,h2_storage,2030,124,6,6,0.0
2959,h2_storage,2030,124,7,7,0.0
2960,h2_storage,2030,124,8,8,0.0
2961,h2_storage,2030,124,9,9,0.0
2962,h2_storage,2030,124,10,10,0.0
2963,h2_storage,2030,124,11,11,0.0
2964,h2_storage,2030,124,12,12,0.0
2965,h2_storage,2030,124,13,13,0.0
2966,h2_storage,2030,124,14,14,0.0
2967,h2_storage,2030,124,15,15,0.0
2968,h2_storage,2030,124,16,16,0.0
2969,h2_storage,2030,124,17,17,0.0
2970,h2_storage,2030,124,18,18,0.0
2971,h2_storage,2030,124,19,19,0.0
2972,h2_storage,2030,124,20,20,0.0
2973,h2_storage,2030,124,21,21,0.0
2974,h2_storage,2030,124,22,22,0.0
2975,h2_storage,2030,124,23,23,0.0
2976,h2_storage,2030,124,24,24,0.0
2977,h2_storage,2030,125,1,1,0.0
2978,h2_storage,2030,125,2,2,0.0
2979,h2_storage,2030,125,3,3,0.0
2980,h2_storage,2030,125,4,4,0.0
2981,h2_storage,2030,125,5,5,0.0
2982,h2_storage,2030,125,6,6,0.0
2983,h2_storage,2030,125,7,7,0.0
2984,h2_storage,2030,125,8,8,0.0
2985,h2_storage,2030,125,9,9,0.0
2986,h2_storage,2030,125,10,10,0.0
2987,h2_storage,2030,125,11,11,0.0
2988,h2_storage,2030,125,12,12,0.0
2989,h2_storage,2030,125,13,13,0.0
2990,h2_storage,2030,125,14,14,0.0
2991,h2_storage,2030,125,15,15,0.0
2992,h2_storage,2030,125,16,16,0.0
2993,h2_storage,2030,125,17,17,0.0
2994,h2_storage,2030,125,18,18,0.0
2995,h2_storage,2030,125,19,19,0.0
2996,h2_storage,2030,125,20,20,0.0
2997,h2_storage,2030,125,21,21,0.0
2998,h2_storage,2030,125,22,22,0.0
2999,h2_storage,2030,125,23,23,0.0
3000,h2_storage,2030,125,24,24,0.0
3001,h2_storage,2030,126,1,1,0.0
3002,h2_storage,2030,126,2,2,0.0
3003,h2_storage,2030,126,3,3,0.0
3004,h2_storage,2030,126,4,4,0.0
3005,h2_storage,2030,126,5,5,0.0
3006,h2_storage,2030,126,6,6,0.0
3007,h2_storage,2030,126,7,7,0.0
3008,h2_storage,2030,126,8,8,0.0
3009,h2_storage,2030,126,9,9,0.0
3010,h2_storage,2030,126,10,10,0.0
3011,h2_storage,2030,126,11,11,0.0
3012,h2_storage,2030,126,12,12,0.0
3013,h2_storage,2030,126,13,13,0.0
3014,h2_storage,2030,126,14,14,0.0
3015,h2_storage,2030,126,15,15,0.0
3016,h2_storage,2030,126,16,16,0.0
3017,h2_storage,2030,126,17,17,0.0
3018,h2_storage,2030,126,18,18,0.0
3019,h2_storage,2030,126,19,19,0.0
3020,h2_storage,2030,126,20,20,0.0
3021,h2_storage,2030,126,21,21,0.0
3022,h2_storage,2030,126,22,22,0.0
3023,h2_storage,2030,126,23,23,0.0
3024,h2_storage,2030,126,24,24,0.0
3025,h2_storage,2030,127,1,1,0.0
3026,h2_storage,2030,127,2,2,0.0
3027,h2_storage,2030,127,3,3,0.0
3028,h2_storage,2030,127,4,4,0.0
3029,h2_storage,2030,127,5,5,0.0
3030,h2_storage,2030,127,6,6,0.0
3031,h2_storage,2030,127,7,7,0.0
3032,h2_storage,2030,127,8,8,0.0
3033,h2_storage,2030,127,9,9,0.0
3034,h2_storage,2030,127,10,10,0.0
3035,h2_storage,2030,127,11,11,0.0
3036,h2_storage,2030,127,12,12,0.0
3037,h2_storage,2030,127,13,13,0.0
3038,h2_storage,2030,127,14,14,0.0
3039,h2_storage,2030,127,15,15,0.0
3040,h2_storage,2030,127,16,16,0.0
3041,h2_storage,2030,127,17,17,0.0
3042,h2_storage,2030,127,18,18,0.0
3043,h2_storage,2030,127,19,19,0.0
3044,h2_storage,2030,127,20,20,0.0
3045,h2_storage,2030,127,21,21,0.0
3046,h2_storage,2030,127,22,22,0.0
3047,h2_storage,2030,127,23,23,0.0
3048,h2_storage,2030,127,24,24,0.0
3049,h2_storage,2030,128,1,1,0.0
3050,h2_storage,2030,128,2,2,0.0
3051,h2_storage,2030,128,3,3,0.0
3052,h2_storage,2030,128,4,4,0.0
3053,h2_storage,2030,128,5,5,0.0
3054,h2_storage,2030,128,6,6,0.0
3055,h2_storage,2030,128,7,7,0.0
3056,h2_storage,2030,128,8,8,0.0
3057,h2_storage,2030,128,9,9,0.0
3058,h2_storage,2030,128,10,10,0.0
3059,h2_storage,2030,128,11,11,0.0
3060,h2_storage,2030,128,12,12,0.0
3061,h2_storage,2030,128,13,13,0.0
3062,h2_storage,2030,128,14,14,0.0
3063,h2_storage,2030,128,15,15,0.0
3064,h2_storage,2030,128,16,16,0.0
3065,h2_storage,2030,128,17,17,0.0
3066,h2_storage,2030,128,18,18,0.0
3067,h2_storage,2030,128,19,19,0.0
3068,h2_storage,2030,128,20,20,0.0
3069,h2_storage,2030,128,21,21,0.0
3070,h2_storage,2030,128,22,22,0.0
3071,h2_storage,2030,128,23,23,0.0
3072,h2_storage,2030,128,24,24,0.0
3073,h2_storage,2030,129,1,1,0.0
3074,h2_storage,2030,129,2,2,0.0
3075,h2_storage,2030,129,3,3,0.0
3076,h2_storage,2030,129,4,4,0.0
3077,h2_storage,2030,129,5,5,0.0
3078,h2_storage,2030,129,6,6,0.0
3079,h2_storage,2030,129,7,7,0.0
3080,h2_storage,2030,129,8,8,0.0
3081,h2_storage,2030,129,9,9,0.0
3082,h2_storage,2030,129,10,10,0.0
3083,h2_storage,2030,129,11,11,0.0
3084,h2_storage,2030,129,12,12,0.0
3085,h2_storage,2030,129,13,13,0.0
3086,h2_storage,2030,129,14,14,0.0
3087,h2_storage,2030,129,15,15,0.0
3088,h2_storage,2030,129,16,16,0.0
3089,h2_storage,2030,129,17,17,0.0
3090,h2_storage,2030,129,18,18,0.0
3091,h2_storage,2030,129,19,19,0.0
3092,h2_storage,2030,129,20,20,0.0
3093,h2_storage,2030,129,21,21,0.0
3094,h2_storage,2030,129,22,22,0.0
3095,h2_storage,2030,129,23,23,0.0
3096,h2_storage,2030,129,24,24,0.0
3097,h2_storage,2030,130,1,1,0.0
3098,h2_storage,2030,130,2,2,0.0
3099,h2_storage,2030,130,3,3,0.0
3100,h2_storage,2030,130,4,4,0.0
3101,h2_storage,2030,130,5,5,0.0
3102,h2_storage,2030,130,6,6,0.0
3103,h2_storage,2030,130,7,7,0.0
3104,h2_storage,2030,130,8,8,0.0
3105,h2_storage,2030,130,9,9,0.0
3106,h2_storage,2030,130,10,10,0.0
3107,h2_storage,2030,130,11,11,0.0
3108,h2_storage,2030,130,12,12,0.0
3109,h2_storage,2030,130,13,13,0.0
3110,h2_storage,2030,130,14,14,0.0
3111,h2_storage,2030,130,15,15,0.0
3112,h2_storage,2030,130,16,16,0.0
3113,h2_storage,2030,130,17,17,0.0
3114,h2_storage,2030,130,18,18,0.0
3115,h2_storage,2030,130,19,19,0.0
3116,h2_storage,2030,130,20,20,0.0
3117,h2_storage,2030,130,21,21,0.0
3118,h2_storage,2030,130,22,22,0.0
3119,h2_storage,2030,130,23,23,0.0
3120,h2_storage,2030,130,24,24,0.0
3121,h2_storage,2030,131,1,1,0.0
3122,h2_storage,2030,131,2,2,0.0
3123,h2_storage,2030,131,3,3,0.0
3124,h2_storage,2030,131,4,4,0.0
3125,h2_storage,2030,131,5,5,0.0
3126,h2_storage,2030,131,6,6,0.0
3127,h2_storage,2030,131,7,7,0.0
3128,h2_storage,2030,131,8,8,0.0
3129,h2_storage,2030,131,9,9,0.0
3130,h2_storage,2030,131,10,10,0.0
3131,h2_storage,2030,131,11,11,0.0
3132,h2_storage,2030,131,12,12,0.0
3133,h2_storage,2030,131,13,13,0.0
3134,h2_storage,2030,131,14,14,0.0
3135,h2_storage,2030,131,15,15,0.0
3136,h2_storage,2030,131,16,16,0.0
3137,h2_storage,2030,131,17,17,0.0
3138,h2_storage,2030,131,18,18,0.0
3139,h2_storage,2030,131,19,19,0.0
3140,h2_storage,2030,131,20,20,0.0
3141,h2_storage,2030,131,21,21,0.0
3142,h2_storage,2030,131,22,22,0.0
3143,h2_storage,2030,131,23,23,0.0
3144,h2_storage,2030,131,24,24,0.0
3145,h2_storage,2030,132,1,1,0.0
3146,h2_storage,2030,132,2,2,0.0
3147,h2_storage,2030,132,3,3,0.0
3148,h2_storage,2030,132,4,4,0.0
3149,h2_storage,2030,132,5,5,0.0
3150,h2_storage,2030,132,6,6,0.0
3151,h2_storage,2030,132,7,7,0.0
3152,h2_storage,2030,132,8,8,0.0
3153,h2_storage,2030,132,9,9,0.0
3154,h2_storage,2030,132,10,10,0.0
3155,h2_storage,2030,132,11,11,0.0
3156,h2_storage,2030,132,12,12,0.0
3157,h2_storage,2030,132,13,13,0.0
3158,h2_storage,2030,132,14,14,0.0
3159,h2_storage,2030,132,15,15,0.0
3160,h2_storage,2030,132,16,16,0.0
3161,h2_storage,2030,132,17,17,0.0
3162,h2_storage,2030,132,18,18,0.0
3163,h2_storage,2030,132,19,19,0.0
3164,h2_storage,2030,132,20,20,0.0
3165,h2_storage,2030,132,21,21,0.0
3166,h2_storage,2030,132,22,22,0.0
3167,h2_storage,2030,132,23,23,0.0
3168,h2_storage,2030,132,24,24,0.0
3169,h2_storage,2030,133,1,1,0.0
3170,h2_storage,2030,133,2,2,0.0
3171,h2_storage,2030,133,3,3,0.0
3172,h2_storage,2030,133,4,4,0.0
3173,h2_storage,2030,133,5,5,0.0
3174,h2_storage,2030,133,6,6,0.0
3175,h2_storage,2030,133,7,7,0.0
3176,h2_storage,2030,133,8,8,0.0
3177,h2_storage,2030,133,9,9,0.0
3178,h2_storage,2030,133,10,10,0.0
3179,h2_storage,2030,133,11,11,0.0
3180,h2_storage,2030,133,12,12,0.0
3181,h2_storage,2030,133,13,13,0.0
3182,h2_storage,2030,133,14,14,0.0
3183,h2_storage,2030,133,15,15,0.0
3184,h2_storage,2030,133,16,16,0.0
3185,h2_storage,2030,133,17,17,0.0
3186,h2_storage,2030,133,18,18,0.0
3187,h2_storage,2030,133,19,19,0.0
3188,h2_storage,2030,133,20,20,0.0
3189,h2_storage,2030,133,21,21,0.0
3190,h2_storage,2030,133,22,22,0.0
3191,h2_storage,2030,133,23,23,0.0
3192,h2_storage,2030,133,24,24,0.0
3193,h2_storage,2030,134,1,1,0.0
3194,h2_storage,2030,134,2,2,0.0
3195,h2_storage,2030,134,3,3,0.0
3196,h2_storage,2030,134,4,4,0.0
3197,h2_storage,2030,134,5,5,0.0
3198,h2_storage,2030,134,6,6,0.0
3199,h2_storage,2030,134,7,7,0.0
3200,h2_storage,2030,134,8,8,0.0
3201,h2_storage,2030,134,9,9,0.0
3202,h2_storage,2030,134,10,10,0.0
3203,h2_storage,2030,134,11,11,0.0
3204,h2_storage,2030,134,12,12,0.0
3205,h2_storage,2030,134,13,13,0.0
3206,h2_storage,2030,134,14,14,0.0
3207,h2_storage,2030,134,15,15,0.0
3208,h2_storage,2030,134,16,16,0.0
3209,h2_storage,2030,134,17,17,0.0
3210,h2_storage,2030,134,18,18,0.0
3211,h2_storage,2030,134,19,19,0.0
3212,h2_storage,2030,134,20,20,0.0
3213,h2_storage,2030,134,21,21,0.0
3214,h2_storage,2030,134,22,22,0.0
3215,h2_storage,2030,134,23,23,0.0
3216,h2_storage,2030,134,24,24,0.0
3217,h2_storage,2030,135,1,1,0.0
3218,h2_storage,2030,135,2,2,0.0
3219,h2_storage,2030,135,3,3,0.0
3220,h2_storage,2030,135,4,4,0.0
3221,h2_storage,2030,135,5,5,0.0
3222,h2_storage,2030,135,6,6,0.0
3223,h2_storage,2030,135,7,7,0.0
3224,h2_storage,2030,135,8,8,0.0
3225,h2_storage,2030,135,9,9,0.0
3226,h2_storage,2030,135,10,10,0.0
3227,h2_storage,2030,135,11,11,0.0
3228,h2_storage,2030,135,12,12,0.0
3229,h2_storage,2030,135,13,13,0.0
3230,h2_storage,2030,135,14,14,0.0
3231,h2_storage,2030,135,15,15,0.0
3232,h2_storage,2030,135,16,16,0.0
3233,h2_storage,2030,135,17,17,0.0
3234,h2_storage,2030,135,18,18,0.0
3235,h2_storage,2030,135,19,19,0.0
3236,h2_storage,2030,135,20,20,0.0
3237,h2_storage,2030,135,21,21,0.0
3238,h2_storage,2030,135,22,22,0.0
3239,h2_storage,2030,135,23,23,0.0
3240,h2_storage,2030,135,24,24,0.0
3241,h2_storage,2030,136,1,1,0.0
3242,h2_storage,2030,136,2,2,0.0
3243,h2_storage,2030,136,3,3,0.0
3244,h2_storage,2030,136,4,4,0.0
3245,h2_storage,2030,136,5,5,0.0
3246,h2_storage,2030,136,6,6,0.0
3247,h2_storage,2030,136,7,7,0.0
3248,h2_storage,2030,136,8,8,0.0
3249,h2_storage,2030,136,9,9,0.0
3250,h2_storage,2030,136,10,10,0.0
3251,h2_storage,2030,136,11,11,0.0
3252,h2_storage,2030,136,12,12,0.0
3253,h2_storage,2030,136,13,13,0.0
3254,h2_storage,2030,136,14,14,0.0
3255,h2_storage,2030,136,15,15,0.0
3256,h2_storage,2030,136,16,16,0.0
3257,h2_storage,2030,136,17,17,0.0
3258,h2_storage,2030,136,18,18,0.0
3259,h2_storage,2030,136,19,19,0.0
3260,h2_storage,2030,136,20,20,0.0
3261,h2_storage,2030,136,21,21,0.0
3262,h2_storage,2030,136,22,22,0.0
3263,h2_storage,2030,136,23,23,0.0
3264,h2_storage,2030,136,24,24,0.0
3265,h2_storage,2030,137,1,1,0.0
3266,h2_storage,2030,137,2,2,0.0
3267,h2_storage,2030,137,3,3,0.0
3268,h2_storage,2030,137,4,4,0.0
3269,h2_storage,2030,137,5,5,0.0
3270,h2_storage,2030,137,6,6,0.0
3271,h2_storage,2030,137,7,7,0.0
3272,h2_storage,2030,137,8,8,0.0
3273,h2_storage,2030,137,9,9,0.0
3274,h2_storage,2030,137,10,10,0.0
3275,h2_storage,2030,137,11,11,0.0
3276,h2_storage,2030,137,12,12,0.0
3277,h2_storage,2030,137,13,13,0.0
3278,h2_storage,2030,137,14,14,0.0
3279,h2_storage,2030,137,15,15,0.0
3280,h2_storage,2030,137,16,16,0.0
3281,h2_storage,2030,137,17,17,0.0
3282,h2_storage,2030,137,18,18,0.0
3283,h2_storage,2030,137,19,19,0.0
3284,h2_storage,2030,137,20,20,0.0
3285,h2_storage,2030,137,21,21,0.0
3286,h2_storage,2030,137,22,22,0.0
3287,h2_storage,2030,137,23,23,0.0
3288,h2_storage,2030,137,24,24,0.0
3289,h2_storage,2030,138,1,1,0.0
3290,h2_storage,2030,138,2,2,0.0
3291,h2_storage,2030,138,3,3,0.0
3292,h2_storage,2030,138,4,4,0.0
3293,h2_storage,2030,138,5,5,0.0
3294,h2_storage,2030,138,6,6,0.0
3295,h2_storage,2030,138,7,7,0.0
3296,h2_storage,2030,138,8,8,0.0
3297,h2_storage,2030,138,9,9,0.0
3298,h2_storage,2030,138,10,10,0.0
3299,h2_storage,2030,138,11,11,0.0
3300,h2_storage,2030,138,12,12,0.0
3301,h2_storage,2030,138,13,13,0.0
3302,h2_storage,2030,138,14,14,0.0
3303,h2_storage,2030,138,15,15,0.0
3304,h2_storage,2030,138,16,16,0.0
3305,h2_storage,2030,138,17,17,0.0
3306,h2_storage,2030,138,18,18,0.0
3307,h2_storage,2030,138,19,19,0.0
3308,h2_storage,2030,138,20,20,0.0
3309,h2_storage,2030,138,21,21,0.0
3310,h2_storage,2030,138,22,22,0.0
3311,h2_storage,2030,138,23,23,0.0
3312,h2_storage,2030,138,24,24,0.0
3313,h2_storage,2030,139,1,1,0.0
3314,h2_storage,2030,139,2,2,0.0
3315,h2_storage,2030,139,3,3,0.0
3316,h2_storage,2030,139,4,4,0.0
3317,h2_storage,2030,139,5,5,0.0
3318,h2_storage,2030,139,6,6,0.0
3319,h2_storage,2030,139,7,7,0.0
3320,h2_storage,2030,139,8,8,0.0
3321,h2_storage,2030,139,9,9,0.0
3322,h2_storage,2030,139,10,10,0.0
3323,h2_storage,2030,139,11,11,0.0
3324,h2_storage,2030,139,12,12,0.0
3325,h2_storage,2030,139,13,13,0.0
3326,h2_storage,2030,139,14,14,0.0
3327,h2_storage,2030,139,15,15,0.0
3328,h2_storage,2030,139,16,16,0.0
3329,h2_storage,2030,139,17,17,0.0
3330,h2_storage,2030,139,18,18,0.0
3331,h2_storage,2030,139,19,19,0.0
3332,h2_storage,2030,139,20,20,0.0
3333,h2_storage,2030,139,21,21,0.0
3334,h2_storage,2030,139,22,22,0.0
3335,h2_storage,2030,139,23,23,0.0
3336,h2_storage,2030,139,24,24,0.0
3337,h2_storage,2030,140,1,1,0.0
3338,h2_storage,2030,140,2,2,0.0
3339,h2_storage,2030,140,3,3,0.0
3340,h2_storage,2030,140,4,4,0.0
3341,h2_storage,2030,140,5,5,0.0
3342,h2_storage,2030,140,6,6,0.0
3343,h2_storage,2030,140,7,7,0.0
3344,h2_storage,2030,140,8,8,0.0
3345,h2_storage,2030,140,9,9,0.0
3346,h2_storage,2030,140,10,10,0.0
3347,h2_storage,2030,140,11,11,0.0
3348,h2_storage,2030,140,12,12,0.0
3349,h2_storage,2030,140,13,13,0.0
3350,h2_storage,2030,140,14,14,0.0
3351,h2_storage,2030,140,15,15,0.0
3352,h2_storage,2030,140,16,16,0.0
3353,h2_storage,2030,140,17,17,0.0
3354,h2_storage,2030,140,18,18,0.0
3355,h2_storage,2030,140,19,19,0.0
3356,h2_storage,2030,140,20,20,0.0
3357,h2_storage,2030,140,21,21,0.0
3358,h2_storage,2030,140,22,22,0.0
3359,h2_storage,2030,140,23,23,0.0
3360,h2_storage,2030,140,24,24,0.0
3361,h2_storage,2030,141,1,1,0.0
3362,h2_storage,2030,141,2,2,0.0
3363,h2_storage,2030,141,3,3,0.0
3364,h2_storage,2030,141,4,4,0.0
3365,h2_storage,2030,141,5,5,0.0
3366,h2_storage,2030,141,6,6,0.0
3367,h2_storage,2030,141,7,7,0.0
3368,h2_storage,2030,141,8,8,0.0
3369,h2_storage,2030,141,9,9,0.0
3370,h2_storage,2030,141,10,10,0.0
3371,h2_storage,2030,141,11,11,0.0
3372,h2_storage,2030,141,12,12,0.0
3373,h2_storage,2030,141,13,13,0.0
3374,h2_storage,2030,141,14,14,0.0
3375,h2_storage,2030,141,15,15,0.0
3376,h2_storage,2030,141,16,16,0.0
3377,h2_storage,2030,141,17,17,0.0
3378,h2_storage,2030,141,18,18,0.0
3379,h2_storage,2030,141,19,19,0.0
3380,h2_storage,2030,141,20,20,0.0
3381,h2_storage,2030,141,21,21,0.0
3382,h2_storage,2030,141,22,22,0.0
3383,h2_storage,2030,141,23,23,0.0
3384,h2_storage,2030,141,24,24,0.0
3385,h2_storage,2030,142,1,1,0.0
3386,h2_storage,2030,142,2,2,0.0
3387,h2_storage,2030,142,3,3,0.0
3388,h2_storage,2030,142,4,4,0.0
3389,h2_storage,2030,142,5,5,0.0
3390,h2_storage,2030,142,6,6,0.0
3391,h2_storage,2030,142,7,7,0.0
3392,h2_storage,2030,142,8,8,0.0
3393,h2_storage,2030,142,9,9,0.0
3394,h2_storage,2030,142,10,10,0.0
3395,h2_storage,2030,142,11,11,0.0
3396,h2_storage,2030,142,12,12,0.0
3397,h2_storage,2030,142,13,13,0.0
3398,h2_storage,2030,142,14,14,0.0
3399,h2_storage,2030,142,15,15,0.0
3400,h2_storage,2030,142,16,16,0.0
3401,h2_storage,2030,142,17,17,0.0
3402,h2_storage,2030,142,18,18,0.0
3403,h2_storage,2030,142,19,19,0.0
3404,h2_storage,2030,142,20,20,0.0
3405,h2_storage,2030,142,21,21,0.0
3406,h2_storage,2030,142,22,22,0.0
3407,h2_storage,2030,142,23,23,0.0
3408,h2_storage,2030,142,24,24,0.0
3409,h2_storage,2030,143,1,1,0.0
3410,h2_storage,2030,143,2,2,0.0
3411,h2_storage,2030,143,3,3,0.0
3412,h2_storage,2030,143,4,4,0.0
3413,h2_storage,2030,143,5,5,0.0
3414,h2_storage,2030,143,6,6,0.0
3415,h2_storage,2030,143,7,7,0.0
3416,h2_storage,2030,143,8,8,0.0
3417,h2_storage,2030,143,9,9,0.0
3418,h2_storage,2030,143,10,10,0.0
3419,h2_storage,2030,143,11,11,0.0
3420,h2_storage,2030,143,12,12,0.0
3421,h2_storage,2030,143,13,13,0.0
3422,h2_storage,2030,143,14,14,0.0
3423,h2_storage,2030,143,15,15,0.0
3424,h2_storage,2030,143,16,16,0.0
3425,h2_storage,2030,143,17,17,0.0
3426,h2_storage,2030,143,18,18,0.0
3427,h2_storage,2030,143,19,19,0.0
3428,h2_storage,2030,143,20,20,0.0
3429,h2_storage,2030,143,21,21,0.0
3430,h2_storage,2030,143,22,22,0.0
3431,h2_storage,2030,143,23,23,0.0
3432,h2_storage,2030,143,24,24,0.0
3433,h2_storage,2030,144,1,1,0.0
3434,h2_storage,2030,144,2,2,0.0
3435,h2_storage,2030,144,3,3,0.0
3436,h2_storage,2030,144,4,4,0.0
3437,h2_storage,2030,144,5,5,0.0
3438,h2_storage,2030,144,6,6,0.0
3439,h2_storage,2030,144,7,7,0.0
3440,h2_storage,2030,144,8,8,0.0
3441,h2_storage,2030,144,9,9,0.0
3442,h2_storage,2030,144,10,10,0.0
3443,h2_storage,2030,144,11,11,0.0
3444,h2_storage,2030,144,12,12,0.0
3445,h2_storage,2030,144,13,13,0.0
3446,h2_storage,2030,144,14,14,0.0
3447,h2_storage,2030,144,15,15,0.0
3448,h2_storage,2030,144,16,16,0.0
3449,h2_storage,2030,144,17,17,0.0
3450,h2_storage,2030,144,18,18,0.0
3451,h2_storage,2030,144,19,19,0.0
3452,h2_storage,2030,144,20,20,0.0
3453,h2_storage,2030,144,21,21,0.0
3454,h2_storage,2030,144,22,22,0.0
3455,h2_storage,2030,144,23,23,0.0
3456,h2_storage,2030,144,24,24,0.0
3457,h2_storage,2030,145,1,1,0.0
3458,h2_storage,2030,145,2,2,0.0
3459,h2_storage,2030,145,3,3,0.0
3460,h2_storage,2030,145,4,4,0.0
3461,h2_storage,2030,145,5,5,0.0
3462,h2_storage,2030,145,6,6,0.0
3463,h2_storage,2030,145,7,7,0.0
3464,h2_storage,2030,145,8,8,0.0
3465,h2_storage,2030,145,9,9,0.0
3466,h2_storage,2030,145,10,10,0.0
3467,h2_storage,2030,145,11,11,0.0
3468,h2_storage,2030,145,12,12,0.0
3469,h2_storage,2030,145,13,13,0.0
3470,h2_storage,2030,145,14,14,0.0
3471,h2_storage,2030,145,15,15,0.0
3472,h2_storage,2030,145,16,16,0.0
3473,h2_storage,2030,145,17,17,0.0
3474,h2_storage,2030,145,18,18,0.0
3475,h2_storage,2030,145,19,19,0.0
3476,h2_storage,2030,145,20,20,0.0
3477,h2_storage,2030,145,21,21,0.0
3478,h2_storage,2030,145,22,22,0.0
3479,h2_storage,2030,145,23,23,0.0
3480,h2_storage,2030,145,24,24,0.0
3481,h2_storage,2030,146,1,1,0.0
3482,h2_storage,2030,146,2,2,0.0
3483,h2_storage,2030,146,3,3,0.0
3484,h2_storage,2030,146,4,4,0.0
3485,h2_storage,2030,146,5,5,0.0
3486,h2_storage,2030,146,6,6,0.0
3487,h2_storage,2030,146,7,7,0.0
3488,h2_storage,2030,146,8,8,0.0
3489,h2_storage,2030,146,9,9,0.0
3490,h2_storage,2030,146,10,10,0.0
3491,h2_storage,2030,146,11,11,0.0
3492,h2_storage,2030,146,12,12,0.0
3493,h2_storage,2030,146,13,13,0.0
3494,h2_storage,2030,146,14,14,0.0
3495,h2_storage,2030,146,15,15,0.0
3496,h2_storage,2030,146,16,16,0.0
3497,h2_storage,2030,146,17,17,0.0
3498,h2_storage,2030,146,18,18,0.0
3499,h2_storage,2030,146,19,19,0.0
3500,h2_storage,2030,146,20,20,0.0
3501,h2_storage,2030,146,21,21,0.0
3502,h2_storage,2030,146,22,22,0.0
3503,h2_storage,2030,146,23,23,0.0
3504,h2_storage,2030,146,24,24,0.0
3505,h2_storage,2030,147,1,1,0.0
3506,h2_storage,2030,147,2,2,0.0
3507,h2_storage,2030,147,3,3,0.0
3508,h2_storage,2030,147,4,4,0.0
3509,h2_storage,2030,147,5,5,0.0
3510,h2_storage,2030,147,6,6,0.0
3511,h2_storage,2030,147,7,7,0.0
3512,h2_storage,2030,147,8,8,0.0
3513,h2_storage,2030,147,9,9,0.0
3514,h2_storage,2030,147,10,10,0.0
3515,h2_storage,2030,147,11,11,0.0
3516,h2_storage,2030,147,12,12,0.0
3517,h2_storage,2030,147,13,13,0.0
3518,h2_storage,2030,147,14,14,0.0
3519,h2_storage,2030,147,15,15,0.0
3520,h2_storage,2030,147,16,16,0.0
3521,h2_storage,2030,147,17,17,0.0
3522,h2_storage,2030,147,18,18,0.0
3523,h2_storage,2030,147,19,19,0.0
3524,h2_storage,2030,147,20,20,0.0
3525,h2_storage,2030,147,21,21,0.0
3526,h2_storage,2030,147,22,22,0.0
3527,h2_storage,2030,147,23,23,0.0
3528,h2_storage,2030,147,24,24,0.0
3529,h2_storage,2030,148,1,1,0.0
3530,h2_storage,2030,148,2,2,0.0
3531,h2_storage,2030,148,3,3,0.0
3532,h2_storage,2030,148,4,4,0.0
3533,h2_storage,2030,148,5,5,0.0
3534,h2_storage,2030,148,6,6,0.0
3535,h2_storage,2030,148,7,7,0.0
3536,h2_storage,2030,148,8,8,0.0
3537,h2_storage,2030,148,9,9,0.0
3538,h2_storage,2030,148,10,10,0.0
3539,h2_storage,2030,148,11,11,0.0
3540,h2_storage,2030,148,12,12,0.0
3541,h2_storage,2030,148,13,13,0.0
3542,h2_storage,2030,148,14,14,0.0
3543,h2_storage,2030,148,15,15,0.0
3544,h2_storage,2030,148,16,16,0.0
3545,h2_storage,2030,148,17,17,0.0
3546,h2_storage,2030,148,18,18,0.0
3547,h2_storage,2030,148,19,19,0.0
3548,h2_storage,2030,148,20,20,0.0
3549,h2_storage,2030,148,21,21,0.0
3550,h2_storage,2030,148,22,22,0.0
3551,h2_storage,2030,148,23,23,0.0
3552,h2_storage,2030,148,24,24,0.0
3553,h2_storage,2030,149,1,1,0.0
3554,h2_storage,2030,149,2,2,0.0
3555,h2_storage,2030,149,3,3,0.0
3556,h2_storage,2030,149,4,4,0.0
3557,h2_storage,2030,149,5,5,0.0
3558,h2_storage,2030,149,6,6,0.0
3559,h2_storage,2030,149,7,7,0.0
3560,h2_storage,2030,149,8,8,0.0
3561,h2_storage,2030,149,9,9,0.0
3562,h2_storage,2030,149,10,10,0.0
3563,h2_storage,2030,149,11,11,0.0
3564,h2_storage,2030,149,12,12,0.0
3565,h2_storage,2030,149,13,13,0.0
3566,h2_storage,2030,149,14,14,0.0
3567,h2_storage,2030,149,15,15,0.0
3568,h2_storage,2030,149,16,16,0.0
3569,h2_storage,2030,149,17,17,0.0
3570,h2_storage,2030,149,18,18,0.0
3571,h2_storage,2030,149,19,19,0.0
3572,h2_storage,2030,149,20,20,0.0
3573,h2_storage,2030,149,21,21,0.0
3574,h2_storage,2030,149,22,22,0.0
3575,h2_storage,2030,149,23,23,0.0
3576,h2_storage,2030,149,24,24,0.0
3577,h2_storage,2030,150,1,1,0.0
3578,h2_storage,2030,150,2,2,0.0
3579,h2_storage,2030,150,3,3,0.0
3580,h2_storage,2030,150,4,4,0.0
3581,h2_storage,2030,150,5,5,0.0
3582,h2_storage,2030,150,6,6,0.0
3583,h2_storage,2030,150,7,7,0.0
3584,h2_storage,2030,150,8,8,0.0
3585,h2_storage,2030,150,9,9,0.0
3586,h2_storage,2030,150,10,10,0.0
3587,h2_storage,2030,150,11,11,0.0
3588,h2_storage,2030,150,12,12,0.0
3589,h2_storage,2030,150,13,13,0.0
3590,h2_storage,2030,150,14,14,0.0
3591,h2_storage,2030,150,15,15,0.0
3592,h2_storage,2030,150,16,16,0.0
3593,h2_storage,2030,150,17,17,0.0
3594,h2_storage,2030,150,18,18,0.0
3595,h2_storage,2030,150,19,19,0.0
3596,h2_storage,2030,150,20,20,0.0
3597,h2_storage,2030,150,21,21,0.0
3598,h2_storage,2030,150,22,22,0.0
3599,h2_storage,2030,150,23,23,0.0
3600,h2_storage,2030,150,24,24,0.0
3601,h2_storage,2030,151,1,1,0.0
3602,h2_storage,2030,151,2,2,0.0
3603,h2_storage,2030,151,3,3,0.0
3604,h2_storage,2030,151,4,4,0.0
3605,h2_storage,2030,151,5,5,0.0
3606,h2_storage,2030,151,6,6,0.0
3607,h2_storage,2030,151,7,7,0.0
3608,h2_storage,2030,151,8,8,0.0
3609,h2_storage,2030,151,9,9,0.0
3610,h2_storage,2030,151,10,10,0.0
3611,h2_storage,2030,151,11,11,0.0
3612,h2_storage,2030,151,12,12,0.0
3613,h2_storage,2030,151,13,13,0.0
3614,h2_storage,2030,151,14,14,0.0
3615,h2_storage,2030,151,15,15,0.0
3616,h2_storage,2030,151,16,16,0.0
3617,h2_storage,2030,151,17,17,0.0
3618,h2_storage,2030,151,18,18,0.0
3619,h2_storage,2030,151,19,19,0.0
3620,h2_storage,2030,151,20,20,0.0
3621,h2_storage,2030,151,21,21,0.0
3622,h2_storage,2030,151,22,22,0.0
3623,h2_storage,2030,151,23,23,0.0
3624,h2_storage,2030,151,24,24,0.0
3625,h2_storage,2030,152,1,1,0.0
3626,h2_storage,2030,152,2,2,0.0
3627,h2_storage,2030,152,3,3,0.0
3628,h2_storage,2030,152,4,4,0.0
3629,h2_storage,2030,152,5,5,0.0
3630,h2_storage,2030,152,6,6,0.0
3631,h2_storage,2030,152,7,7,0.0
3632,h2_storage,2030,152,8,8,0.0
3633,h2_storage,2030,152,9,9,0.0
3634,h2_storage,2030,152,10,10,0.0
3635,h2_storage,2030,152,11,11,0.0
3636,h2_storage,2030,152,12,12,0.0
3637,h2_storage,2030,152,13,13,0.0
3638,h2_storage,2030,152,14,14,0.0
3639,h2_storage,2030,152,15,15,0.0
3640,h2_storage,2030,152,16,16,0.0
3641,h2_storage,2030,152,17,17,0.0
3642,h2_storage,2030,152,18,18,0.0
3643,h2_storage,2030,152,19,19,0.0
3644,h2_storage,2030,152,20,20,0.0
3645,h2_storage,2030,152,21,21,0.0
3646,h2_storage,2030,152,22,22,0.0
3647,h2_storage,2030,152,23,23,0.0
3648,h2_storage,2030,152,24,24,0.0
3649,h2_storage,2030,153,1,1,0.0
3650,h2_storage,2030,153,2,2,0.0
3651,h2_storage,2030,153,3,3,0.0
3652,h2_storage,2030,153,4,4,0.0
3653,h2_storage,2030,153,5,5,0.0
3654,h2_storage,2030,153,6,6,0.0
3655,h2_storage,2030,153,7,7,0.0
3656,h2_storage,2030,153,8,8,0.0
3657,h2_storage,2030,153,9,9,0.0
3658,h2_storage,2030,153,10,10,0.0
3659,h2_storage,2030,153,11,11,0.0
3660,h2_storage,2030,153,12,12,0.0
3661,h2_storage,2030,153,13,13,0.0
3662,h2_storage,2030,153,14,14,0.0
3663,h2_storage,2030,153,15,15,0.0
3664,h2_storage,2030,153,16,16,0.0
3665,h2_storage,2030,153,17,17,0.0
3666,h2_storage,2030,153,18,18,0.0
3667,h2_storage,2030,153,19,19,0.0
3668,h2_storage,2030,153,20,20,0.0
3669,h2_storage,2030,153,21,21,0.0
3670,h2_storage,2030,153,22,22,0.0
3671,h2_storage,2030,153,23,23,0.0
3672,h2_storage,2030,153,24,24,0.0
3673,h2_storage,2030,154,1,1,0.0
3674,h2_storage,2030,154,2,2,0.0
3675,h2_storage,2030,154,3,3,0.0
3676,h2_storage,2030,154,4,4,0.0
3677,h2_storage,2030,154,5,5,0.0
3678,h2_storage,2030,154,6,6,0.0
3679,h2_storage,2030,154,7,7,0.0
3680,h2_storage,2030,154,8,8,0.0
3681,h2_storage,2030,154,9,9,0.0
3682,h2_storage,2030,154,10,10,0.0
3683,h2_storage,2030,154,11,11,0.0
3684,h2_storage,2030,154,12,12,0.0
3685,h2_storage,2030,154,13,13,0.0
3686,h2_storage,2030,154,14,14,0.0
3687,h2_storage,2030,154,15,15,0.0
3688,h2_storage,2030,154,16,16,0.0
3689,h2_storage,2030,154,17,17,0.0
3690,h2_storage,2030,154,18,18,0.0
3691,h2_storage,2030,154,19,19,0.0
3692,h2_storage,2030,154,20,20,0.0
3693,h2_storage,2030,154,21,21,0.0
3694,h2_storage,2030,154,22,22,0.0
3695,h2_storage,2030,154,23,23,0.0
3696,h2_storage,2030,154,24,24,0.0
3697,h2_storage,2030,155,1,1,0.0
3698,h2_storage,2030,155,2,2,0.0
3699,h2_storage,2030,155,3,3,0.0
3700,h2_storage,2030,155,4,4,0.0
3701,h2_storage,2030,155,5,5,0.0
3702,h2_storage,2030,155,6,6,0.0
3703,h2_storage,2030,155,7,7,0.0
3704,h2_storage,2030,155,8,8,0.0
3705,h2_storage,2030,155,9,9,0.0
3706,h2_storage,2030,155,10,10,0.0
3707,h2_storage,2030,155,11,11,0.0
3708,h2_storage,2030,155,12,12,0.0
3709,h2_storage,2030,155,13,13,0.0
3710,h2_storage,2030,155,14,14,0.0
3711,h2_storage,2030,155,15,15,0.0
3712,h2_storage,2030,155,16,16,0.0
3713,h2_storage,2030,155,17,17,0.0
3714,h2_storage,2030,155,18,18,0.0
3715,h2_storage,2030,155,19,19,0.0
3716,h2_storage,2030,155,20,20,0.0
3717,h2_storage,2030,155,21,21,0.0
3718,h2_storage,2030,155,22,22,0.0
3719,h2_storage,2030,155,23,23,0.0
3720,h2_storage,2030,155,24,24,0.0
3721,h2_storage,2030,156,1,1,0.0
3722,h2_storage,2030,156,2,2,0.0
3723,h2_storage,2030,156,3,3,0.0
3724,h2_storage,2030,156,4,4,0.0
3725,h2_storage,2030,156,5,5,0.0
3726,h2_storage,2030,156,6,6,0.0
3727,h2_storage,2030,156,7,7,0.0
3728,h2_storage,2030,156,8,8,0.0
3729,h2_storage,2030,156,9,9,0.0
3730,h2_storage,2030,156,10,10,0.0
3731,h2_storage,2030,156,11,11,0.0
3732,h2_storage,2030,156,12,12,0.0
3733,h2_storage,2030,156,13,13,0.0
3734,h2_storage,2030,156,14,14,0.0
3735,h2_storage,2030,156,15,15,0.0
3736,h2_storage,2030,156,16,16,0.0
3737,h2_storage,2030,156,17,17,0.0
3738,h2_storage,2030,156,18,18,0.0
3739,h2_storage,2030,156,19,19,0.0
3740,h2_storage,2030,156,20,20,0.0
3741,h2_storage,2030,156,21,21,0.0
3742,h2_storage,2030,156,22,22,0.0
3743,h2_storage,2030,156,23,23,0.0
3744,h2_storage,2030,156,24,24,0.0
3745,h2_storage,2030,157,1,1,0.0
3746,h2_storage,2030,157,2,2,0.0
3747,h2_storage,2030,157,3,3,0.0
3748,h2_storage,2030,157,4,4,0.0
3749,h2_storage,2030,157,5,5,0.0
3750,h2_storage,2030,157,6,6,0.0
3751,h2_storage,2030,157,7,7,0.0
3752,h2_storage,2030,157,8,8,0.0
3753,h2_storage,2030,157,9,9,0.0
3754,h2_storage,2030,157,10,10,0.0
3755,h2_storage,2030,157,11,11,0.0
3756,h2_storage,2030,157,12,12,0.0
3757,h2_storage,2030,157,13,13,0.0
3758,h2_storage,2030,157,14,14,0.0
3759,h2_storage,2030,157,15,15,0.0
3760,h2_storage,2030,157,16,16,0.0
3761,h2_storage,2030,157,17,17,0.0
3762,h2_storage,2030,157,18,18,0.0
3763,h2_storage,2030,157,19,19,0.0
3764,h2_storage,2030,157,20,20,0.0
3765,h2_storage,2030,157,21,21,0.0
3766,h2_storage,2030,157,22,22,0.0
3767,h2_storage,2030,157,23,23,0.0
3768,h2_storage,2030,157,24,24,0.0
3769,h2_storage,2030,158,1,1,0.0
3770,h2_storage,2030,158,2,2,0.0
3771,h2_storage,2030,158,3,3,0.0
3772,h2_storage,2030,158,4,4,0.0
3773,h2_storage,2030,158,5,5,0.0
3774,h2_storage,2030,158,6,6,0.0
3775,h2_storage,2030,158,7,7,0.0
3776,h2_storage,2030,158,8,8,0.0
3777,h2_storage,2030,158,9,9,0.0
3778,h2_storage,2030,158,10,10,0.0
3779,h2_storage,2030,158,11,11,0.0
3780,h2_storage,2030,158,12,12,0.0
3781,h2_storage,2030,158,13,13,0.0
3782,h2_storage,2030,158,14,14,0.0
3783,h2_storage,2030,158,15,15,0.0
3784,h2_storage,2030,158,16,16,0.0
3785,h2_storage,2030,158,17,17,0.0
3786,h2_storage,2030,158,18,18,0.0
3787,h2_storage,2030,158,19,19,0.0
3788,h2_storage,2030,158,20,20,0.0
3789,h2_storage,2030,158,21,21,0.0
3790,h2_storage,2030,158,22,22,0.0
3791,h2_storage,2030,158,23,23,0.0
3792,h2_storage,2030,158,24,24,0.0
3793,h2_storage,2030,159,1,1,0.0
3794,h2_storage,2030,159,2,2,0.0
3795,h2_storage,2030,159,3,3,0.0
3796,h2_storage,2030,159,4,4,0.0
3797,h2_storage,2030,159,5,5,0.0
3798,h2_storage,2030,159,6,6,0.0
3799,h2_storage,2030,159,7,7,0.0
3800,h2_storage,2030,159,8,8,0.0
3801,h2_storage,2030,159,9,9,0.0
3802,h2_storage,2030,159,10,10,0.0
3803,h2_storage,2030,159,11,11,0.0
3804,h2_storage,2030,159,12,12,0.0
3805,h2_storage,2030,159,13,13,0.0
3806,h2_storage,2030,159,14,14,0.0
3807,h2_storage,2030,159,15,15,0.0
3808,h2_storage,2030,159,16,16,0.0
3809,h2_storage,2030,159,17,17,0.0
3810,h2_storage,2030,159,18,18,0.0
3811,h2_storage,2030,159,19,19,0.0
3812,h2_storage,2030,159,20,20,0.0
3813,h2_storage,2030,159,21,21,0.0
3814,h2_storage,2030,159,22,22,0.0
3815,h2_storage,2030,159,23,23,0.0
3816,h2_storage,2030,159,24,24,0.0
3817,h2_storage,2030,160,1,1,0.0
3818,h2_storage,2030,160,2,2,0.0
3819,h2_storage,2030,160,3,3,0.0
3820,h2_storage,2030,160,4,4,0.0
3821,h2_storage,2030,160,5,5,0.0
3822,h2_storage,2030,160,6,6,0.0
3823,h2_storage,2030,160,7,7,0.0
3824,h2_storage,2030,160,8,8,0.0
3825,h2_storage,2030,160,9,9,0.0
3826,h2_storage,2030,160,10,10,0.0
3827,h2_storage,2030,160,11,11,0.0
3828,h2_storage,2030,160,12,12,0.0
3829,h2_storage,2030,160,13,13,0.0
3830,h2_storage,2030,160,14,14,0.0
3831,h2_storage,2030,160,15,15,0.0
3832,h2_storage,2030,160,16,16,0.0
3833,h2_storage,2030,160,17,17,0.0
3834,h2_storage,2030,160,18,18,0.0
3835,h2_storage,2030,160,19,19,0.0
3836,h2_storage,2030,160,20,20,0.0
3837,h2_storage,2030,160,21,21,0.0
3838,h2_storage,2030,160,22,22,0.0
3839,h2_storage,2030,160,23,23,0.0
3840,h2_storage,2030,160,24,24,0.0
3841,h2_storage,2030,161,1,1,0.0
3842,h2_storage,2030,161,2,2,0.0
3843,h2_storage,2030,161,3,3,0.0
3844,h2_storage,2030,161,4,4,0.0
3845,h2_storage,2030,161,5,5,0.0
3846,h2_storage,2030,161,6,6,0.0
3847,h2_storage,2030,161,7,7,0.0
3848,h2_storage,2030,161,8,8,0.0
3849,h2_storage,2030,161,9,9,0.0
3850,h2_storage,2030,161,10,10,0.0
3851,h2_storage,2030,161,11,11,0.0
3852,h2_storage,2030,161,12,12,0.0
3853,h2_storage,2030,161,13,13,0.0
3854,h2_storage,2030,161,14,14,0.0
3855,h2_storage,2030,161,15,15,0.0
3856,h2_storage,2030,161,16,16,0.0
3857,h2_storage,2030,161,17,17,0.0
3858,h2_storage,2030,161,18,18,0.0
3859,h2_storage,2030,161,19,19,0.0
3860,h2_storage,2030,161,20,20,0.0
3861,h2_storage,2030,161,21,21,0.0
3862,h2_storage,2030,161,22,22,0.0
3863,h2_storage,2030,161,23,23,0.0
3864,h2_storage,2030,161,24,24,0.0
3865,h2_storage,2030,162,1,1,0.0
3866,h2_storage,2030,162,2,2,0.0
3867,h2_storage,2030,162,3,3,0.0
3868,h2_storage,2030,162,4,4,0.0
3869,h2_storage,2030,162,5,5,0.0
3870,h2_storage,2030,162,6,6,0.0
3871,h2_storage,2030,162,7,7,0.0
3872,h2_storage,2030,162,8,8,0.0
3873,h2_storage,2030,162,9,9,0.0
3874,h2_storage,2030,162,10,10,0.0
3875,h2_storage,2030,162,11,11,0.0
3876,h2_storage,2030,162,12,12,0.0
3877,h2_storage,2030,162,13,13,0.0
3878,h2_storage,2030,162,14,14,0.0
3879,h2_storage,2030,162,15,15,0.0
3880,h2_storage,2030,162,16,16,0.0
3881,h2_storage,2030,162,17,17,0.0
3882,h2_storage,2030,162,18,18,0.0
3883,h2_storage,2030,162,19,19,0.0
3884,h2_storage,2030,162,20,20,0.0
3885,h2_storage,2030,162,21,21,0.0
3886,h2_storage,2030,162,22,22,0.0
3887,h2_storage,2030,162,23,23,0.0
3888,h2_storage,2030,162,24,24,0.0
3889,h2_storage,2030,163,1,1,0.0
3890,h2_storage,2030,163,2,2,0.0
3891,h2_storage,2030,163,3,3,0.0
3892,h2_storage,2030,163,4,4,0.0
3893,h2_storage,2030,163,5,5,0.0
3894,h2_storage,2030,163,6,6,0.0
3895,h2_storage,2030,163,7,7,0.0
3896,h2_storage,2030,163,8,8,0.0
3897,h2_storage,2030,163,9,9,0.0
3898,h2_storage,2030,163,10,10,0.0
3899,h2_storage,2030,163,11,11,0.0
3900,h2_storage,2030,163,12,12,0.0
3901,h2_storage,2030,163,13,13,0.0
3902,h2_storage,2030,163,14,14,0.0
3903,h2_storage,2030,163,15,15,0.0
3904,h2_storage,2030,163,16,16,0.0
3905,h2_storage,2030,163,17,17,0.0
3906,h2_storage,2030,163,18,18,0.0
3907,h2_storage,2030,163,19,19,0.0
3908,h2_storage,2030,163,20,20,0.0
3909,h2_storage,2030,163,21,21,0.0
3910,h2_storage,2030,163,22,22,0.0
3911,h2_storage,2030,163,23,23,0.0
3912,h2_storage,2030,163,24,24,0.0
3913,h2_storage,2030,164,1,1,0.0
3914,h2_storage,2030,164,2,2,0.0
3915,h2_storage,2030,164,3,3,0.0
3916,h2_storage,2030,164,4,4,0.0
3917,h2_storage,2030,164,5,5,0.0
3918,h2_storage,2030,164,6,6,0.0
3919,h2_storage,2030,164,7,7,0.0
3920,h2_storage,2030,164,8,8,0.0
3921,h2_storage,2030,164,9,9,0.0
3922,h2_storage,2030,164,10,10,0.0
3923,h2_storage,2030,164,11,11,0.0
3924,h2_storage,2030,164,12,12,0.0
3925,h2_storage,2030,164,13,13,0.0
3926,h2_storage,2030,164,14,14,0.0
3927,h2_storage,2030,164,15,15,0.0
3928,h2_storage,2030,164,16,16,0.0
3929,h2_storage,2030,164,17,17,0.0
3930,h2_storage,2030,164,18,18,0.0
3931,h2_storage,2030,164,19,19,0.0
3932,h2_storage,2030,164,20,20,0.0
3933,h2_storage,2030,164,21,21,0.0
3934,h2_storage,2030,164,22,22,0.0
3935,h2_storage,2030,164,23,23,0.0
3936,h2_storage,2030,164,24,24,0.0
3937,h2_storage,2030,165,1,1,0.0
3938,h2_storage,2030,165,2,2,0.0
3939,h2_storage,2030,165,3,3,0.0
3940,h2_storage,2030,165,4,4,0.0
3941,h2_storage,2030,165,5,5,0.0
3942,h2_storage,2030,165,6,6,0.0
3943,h2_storage,2030,165,7,7,0.0
3944,h2_storage,2030,165,8,8,0.0
3945,h2_storage,2030,165,9,9,0.0
3946,h2_storage,2030,165,10,10,0.0
3947,h2_storage,2030,165,11,11,0.0
3948,h2_storage,2030,165,12,12,0.0
3949,h2_storage,2030,165,13,13,0.0
3950,h2_storage,2030,165,14,14,0.0
3951,h2_storage,2030,165,15,15,0.0
3952,h2_storage,2030,165,16,16,0.0
3953,h2_storage,2030,165,17,17,0.0
3954,h2_storage,2030,165,18,18,0.0
3955,h2_storage,2030,165,19,19,0.0
3956,h2_storage,2030,165,20,20,0.0
3957,h2_storage,2030,165,21,21,0.0
3958,h2_storage,2030,165,22,22,0.0
3959,h2_storage,2030,165,23,23,0.0
3960,h2_storage,2030,165,24,24,0.0
3961,h2_storage,2030,166,1,1,0.0
3962,h2_storage,2030,166,2,2,0.0
3963,h2_storage,2030,166,3,3,0.0
3964,h2_storage,2030,166,4,4,0.0
3965,h2_storage,2030,166,5,5,0.0
3966,h2_storage,2030,166,6,6,0.0
3967,h2_storage,2030,166,7,7,0.0
3968,h2_storage,2030,166,8,8,0.0
3969,h2_storage,2030,166,9,9,0.0
3970,h2_storage,2030,166,10,10,0.0
3971,h2_storage,2030,166,11,11,0.0
3972,h2_storage,2030,166,12,12,0.0
3973,h2_storage,2030,166,13,13,0.0
3974,h2_storage,2030,166,14,14,0.0
3975,h2_storage,2030,166,15,15,0.0
3976,h2_storage,2030,166,16,16,0.0
3977,h2_storage,2030,166,17,17,0.0
3978,h2_storage,2030,166,18,18,0.0
3979,h2_storage,2030,166,19,19,0.0
3980,h2_storage,2030,166,20,20,0.0
3981,h2_storage,2030,166,21,21,0.0
3982,h2_storage,2030,166,22,22,0.0
3983,h2_storage,2030,166,23,23,0.0
3984,h2_storage,2030,166,24,24,0.0
3985,h2_storage,2030,167,1,1,0.0
3986,h2_storage,2030,167,2,2,0.0
3987,h2_storage,2030,167,3,3,0.0
3988,h2_storage,2030,167,4,4,0.0
3989,h2_storage,2030,167,5,5,0.0
3990,h2_storage,2030,167,6,6,0.0
3991,h2_storage,2030,167,7,7,0.0
3992,h2_storage,2030,167,8,8,0.0
3993,h2_storage,2030,167,9,9,0.0
3994,h2_storage,2030,167,10,10,0.0
3995,h2_storage,2030,167,11,11,0.0
3996,h2_storage,2030,167,12,12,0.0
3997,h2_storage,2030,167,13,13,0.0
3998,h2_storage,2030,167,14,14,0.0
3999,h2_storage,2030,167,15,15,0.0
4000,h2_storage,2030,167,16,16,0.0
4001,h2_storage,2030,167,17,17,0.0
4002,h2_storage,2030,167,18,18,0.0
4003,h2_storage,2030,167,19,19,0.0
4004,h2_storage,2030,167,20,20,0.0
4005,h2_storage,2030,167,21,21,0.0
4006,h2_storage,2030,167,22,22,0.0
4007,h2_storage,2030,167,23,23,0.0
4008,h2_storage,2030,167,24,24,0.0
4009,h2_storage,2030,168,1,1,0.0
4010,h2_storage,2030,168,2,2,0.0
4011,h2_storage,2030,168,3,3,0.0
4012,h2_storage,2030,168,4,4,0.0
4013,h2_storage,2030,168,5,5,0.0
4014,h2_storage,2030,168,6,6,0.0
4015,h2_storage,2030,168,7,7,0.0
4016,h2_storage,2030,168,8,8,0.0
4017,h2_storage,2030,168,9,9,0.0
4018,h2_storage,2030,168,10,10,0.0
4019,h2_storage,2030,168,11,11,0.0
4020,h2_storage,2030,168,12,12,0.0
4021,h2_storage,2030,168,13,13,0.0
4022,h2_storage,2030,168,14,14,0.0
4023,h2_storage,2030,168,15,15,0.0
4024,h2_storage,2030,168,16,16,0.0
4025,h2_storage,2030,168,17,17,0.0
4026,h2_storage,2030,168,18,18,0.0
4027,h2_storage,2030,168,19,19,0.0
4028,h2_storage,2030,168,20,20,0.0
4029,h2_storage,2030,168,21,21,0.0
4030,h2_storage,2030,168,22,22,0.0
4031,h2_storage,2030,168,23,23,0.0
4032,h2_storage,2030,168,24,24,0.0
4033,h2_storage,2030,169,1,1,0.0
4034,h2_storage,2030,169,2,2,0.0
4035,h2_storage,2030,169,3,3,0.0
4036,h2_storage,2030,169,4,4,0.0
4037,h2_storage,2030,169,5,5,0.0
4038,h2_storage,2030,169,6,6,0.0
4039,h2_storage,2030,169,7,7,0.0
4040,h2_storage,2030,169,8,8,0.0
4041,h2_storage,2030,169,9,9,0.0
4042,h2_storage,2030,169,10,10,0.0
4043,h2_storage,2030,169,11,11,0.0
4044,h2_storage,2030,169,12,12,0.0
4045,h2_storage,2030,169,13,13,0.0
4046,h2_storage,2030,169,14,14,0.0
4047,h2_storage,2030,169,15,15,0.0
4048,h2_storage,2030,169,16,16,0.0
4049,h2_storage,2030,169,17,17,0.0
4050,h2_storage,2030,169,18,18,0.0
4051,h2_storage,2030,169,19,19,0.0
4052,h2_storage,2030,169,20,20,0.0
4053,h2_storage,2030,169,21,21,0.0
4054,h2_storage,2030,169,22,22,0.0
4055,h2_storage,2030,169,23,23,0.0
4056,h2_storage,2030,169,24,24,0.0
4057,h2_storage,2030,170,1,1,0.0
4058,h2_storage,2030,170,2,2,0.0
4059,h2_storage,2030,170,3,3,0.0
4060,h2_storage,2030,170,4,4,0.0
4061,h2_storage,2030,170,5,5,0.0
4062,h2_storage,2030,170,6,6,0.0
4063,h2_storage,2030,170,7,7,0.0
4064,h2_storage,2030,170,8,8,0.0
4065,h2_storage,2030,170,9,9,0.0
4066,h2_storage,2030,170,10,10,0.0
4067,h2_storage,2030,170,11,11,0.0
4068,h2_storage,2030,170,12,12,0.0
4069,h2_storage,2030,170,13,13,0.0
4070,h2_storage,2030,170,14,14,0.0
4071,h2_storage,2030,170,15,15,0.0
4072,h2_storage,2030,170,16,16,0.0
4073,h2_storage,2030,170,17,17,0.0
4074,h2_storage,2030,170,18,18,0.0
4075,h2_storage,2030,170,19,19,0.0
4076,h2_storage,2030,170,20,20,0.0
4077,h2_storage,2030,170,21,21,0.0
4078,h2_storage,2030,170,22,22,0.0
4079,h2_storage,2030,170,23,23,0.0
4080,h2_storage,2030,170,24,24,0.0
4081,h2_storage,2030,171,1,1,0.0
4082,h2_storage,2030,171,2,2,0.0
4083,h2_storage,2030,171,3,3,0.0
4084,h2_storage,2030,171,4,4,0.0
4085,h2_storage,2030,171,5,5,0.0
4086,h2_storage,2030,171,6,6,0.0
4087,h2_storage,2030,171,7,7,0.0
4088,h2_storage,2030,171,8,8,0.0
4089,h2_storage,2030,171,9,9,0.0
4090,h2_storage,2030,171,10,10,0.0
4091,h2_storage,2030,171,11,11,0.0
4092,h2_storage,2030,171,12,12,0.0
4093,h2_storage,2030,171,13,13,0.0
4094,h2_storage,2030,171,14,14,0.0
4095,h2_storage,2030,171,15,15,0.0
4096,h2_storage,2030,171,16,16,0.0
4097,h2_storage,2030,171,17,17,0.0
4098,h2_storage,2030,171,18,18,0.0
4099,h2_storage,2030,171,19,19,0.0
4100,h2_storage,2030,171,20,20,0.0
4101,h2_storage,2030,171,21,21,0.0
4102,h2_storage,2030,171,22,22,0.0
4103,h2_storage,2030,171,23,23,0.0
4104,h2_storage,2030,171,24,24,0.0
4105,h2_storage,2030,172,1,1,0.0
4106,h2_storage,2030,172,2,2,0.0
4107,h2_storage,2030,172,3,3,0.0
4108,h2_storage,2030,172,4,4,0.0
4109,h2_storage,2030,172,5,5,0.0
4110,h2_storage,2030,172,6,6,0.0
4111,h2_storage,2030,172,7,7,0.0
4112,h2_storage,2030,172,8,8,0.0
4113,h2_storage,2030,172,9,9,0.0
4114,h2_storage,2030,172,10,10,0.0
4115,h2_storage,2030,172,11,11,0.0
4116,h2_storage,2030,172,12,12,0.0
4117,h2_storage,2030,172,13,13,0.0
4118,h2_storage,2030,172,14,14,0.0
4119,h2_storage,2030,172,15,15,0.0
4120,h2_storage,2030,172,16,16,0.0
4121,h2_storage,2030,172,17,17,0.0
4122,h2_storage,2030,172,18,18,0.0
4123,h2_storage,2030,172,19,19,0.0
4124,h2_storage,2030,172,20,20,0.0
4125,h2_storage,2030,172,21,21,0.0
4126,h2_storage,2030,172,22,22,0.0
4127,h2_storage,2030,172,23,23,0.0
4128,h2_storage,2030,172,24,24,0.0
4129,h2_storage,2030,173,1,1,0.0
4130,h2_storage,2030,173,2,2,0.0
4131,h2_storage,2030,173,3,3,0.0
4132,h2_storage,2030,173,4,4,0.0
4133,h2_storage,2030,173,5,5,0.0
4134,h2_storage,2030,173,6,6,0.0
4135,h2_storage,2030,173,7,7,0.0
4136,h2_storage,2030,173,8,8,0.0
4137,h2_storage,2030,173,9,9,0.0
4138,h2_storage,2030,173,10,10,0.0
4139,h2_storage,2030,173,11,11,0.0
4140,h2_storage,2030,173,12,12,0.0
4141,h2_storage,2030,173,13,13,0.0
4142,h2_storage,2030,173,14,14,0.0
4143,h2_storage,2030,173,15,15,0.0
4144,h2_storage,2030,173,16,16,0.0
4145,h2_storage,2030,173,17,17,0.0
4146,h2_storage,2030,173,18,18,0.0
4147,h2_storage,2030,173,19,19,0.0
4148,h2_storage,2030,173,20,20,0.0
4149,h2_storage,2030,173,21,21,0.0
4150,h2_storage,2030,173,22,22,0.0
4151,h2_storage,2030,173,23,23,0.0
4152,h2_storage,2030,173,24,24,0.0
4153,h2_storage,2030,174,1,1,0.0
4154,h2_storage,2030,174,2,2,0.0
4155,h2_storage,2030,174,3,3,0.0
4156,h2_storage,2030,174,4,4,0.0
4157,h2_storage,2030,174,5,5,0.0
4158,h2_storage,2030,174,6,6,0.0
4159,h2_storage,2030,174,7,7,0.0
4160,h2_storage,2030,174,8,8,0.0
4161,h2_storage,2030,174,9,9,0.0
4162,h2_storage,2030,174,10,10,0.0
4163,h2_storage,2030,174,11,11,0.0
4164,h2_storage,2030,174,12,12,0.0
4165,h2_storage,2030,174,13,13,0.0
4166,h2_storage,2030,174,14,14,0.0
4167,h2_storage,2030,174,15,15,0.0
4168,h2_storage,2030,174,16,16,0.0
4169,h2_storage,2030,174,17,17,0.0
4170,h2_storage,2030,174,18,18,0.0
4171,h2_storage,2030,174,19,19,0.0
4172,h2_storage,2030,174,20,20,0.0
4173,h2_storage,2030,174,21,21,0.0
4174,h2_storage,2030,174,22,22,0.0
4175,h2_storage,2030,174,23,23,0.0
4176,h2_storage,2030,174,24,24,0.0
4177,h2_storage,2030,175,1,1,0.0
4178,h2_storage,2030,175,2,2,0.0
4179,h2_storage,2030,175,3,3,0.0
4180,h2_storage,2030,175,4,4,0.0
4181,h2_storage,2030,175,5,5,0.0
4182,h2_storage,2030,175,6,6,0.0
4183,h2_storage,2030,175,7,7,0.0
4184,h2_storage,2030,175,8,8,0.0
4185,h2_storage,2030,175,9,9,0.0
4186,h2_storage,2030,175,10,10,0.0
4187,h2_storage,2030,175,11,11,0.0
4188,h2_storage,2030,175,12,12,0.0
4189,h2_storage,2030,175,13,13,0.0
4190,h2_storage,2030,175,14,14,0.0
4191,h2_storage,2030,175,15,15,0.0
4192,h2_storage,2030,175,16,16,0.0
4193,h2_storage,2030,175,17,17,0.0
4194,h2_storage,2030,175,18,18,0.0
4195,h2_storage,2030,175,19,19,0.0
4196,h2_storage,2030,175,20,20,0.0
4197,h2_storage,2030,175,21,21,0.0
4198,h2_storage,2030,175,22,22,0.0
4199,h2_storage,2030,175,23,23,0.0
4200,h2_storage,2030,175,24,24,0.0
4201,h2_storage,2030,176,1,1,0.0
4202,h2_storage,2030,176,2,2,0.0
4203,h2_storage,2030,176,3,3,0.0
4204,h2_storage,2030,176,4,4,0.0
4205,h2_storage,2030,176,5,5,0.0
4206,h2_storage,2030,176,6,6,0.0
4207,h2_storage,2030,176,7,7,0.0
4208,h2_storage,2030,176,8,8,0.0
4209,h2_storage,2030,176,9,9,0.0
4210,h2_storage,2030,176,10,10,0.0
4211,h2_storage,2030,176,11,11,0.0
4212,h2_storage,2030,176,12,12,0.0
4213,h2_storage,2030,176,13,13,0.0
4214,h2_storage,2030,176,14,14,0.0
4215,h2_storage,2030,176,15,15,0.0
4216,h2_storage,2030,176,16,16,0.0
4217,h2_storage,2030,176,17,17,0.0
4218,h2_storage,2030,176,18,18,0.0
4219,h2_storage,2030,176,19,19,0.0
4220,h2_storage,2030,176,20,20,0.0
4221,h2_storage,2030,176,21,21,0.0
4222,h2_storage,2030,176,22,22,0.0
4223,h2_storage,2030,176,23,23,0.0
4224,h2_storage,2030,176,24,24,0.0
4225,h2_storage,2030,177,1,1,0.0
4226,h2_storage,2030,177,2,2,0.0
4227,h2_storage,2030,177,3,3,0.0
4228,h2_storage,2030,177,4,4,0.0
4229,h2_storage,2030,177,5,5,0.0
4230,h2_storage,2030,177,6,6,0.0
4231,h2_storage,2030,177,7,7,0.0
4232,h2_storage,2030,177,8,8,0.0
4233,h2_storage,2030,177,9,9,0.0
4234,h2_storage,2030,177,10,10,0.0
4235,h2_storage,2030,177,11,11,0.0
4236,h2_storage,2030,177,12,12,0.0
4237,h2_storage,2030,177,13,13,0.0
4238,h2_storage,2030,177,14,14,0.0
4239,h2_storage,2030,177,15,15,0.0
4240,h2_storage,2030,177,16,16,0.0
4241,h2_storage,2030,177,17,17,0.0
4242,h2_storage,2030,177,18,18,0.0
4243,h2_storage,2030,177,19,19,0.0
4244,h2_storage,2030,177,20,20,0.0
4245,h2_storage,2030,177,21,21,0.0
4246,h2_storage,2030,177,22,22,0.0
4247,h2_storage,2030,177,23,23,0.0
4248,h2_storage,2030,177,24,24,0.0
4249,h2_storage,2030,178,1,1,0.0
4250,h2_storage,2030,178,2,2,0.0
4251,h2_storage,2030,178,3,3,0.0
4252,h2_storage,2030,178,4,4,0.0
4253,h2_storage,2030,178,5,5,0.0
4254,h2_storage,2030,178,6,6,0.0
4255,h2_storage,2030,178,7,7,0.0
4256,h2_storage,2030,178,8,8,0.0
4257,h2_storage,2030,178,9,9,0.0
4258,h2_storage,2030,178,10,10,0.0
4259,h2_storage,2030,178,11,11,0.0
4260,h2_storage,2030,178,12,12,0.0
4261,h2_storage,2030,178,13,13,0.0
4262,h2_storage,2030,178,14,14,0.0
4263,h2_storage,2030,178,15,15,0.0
4264,h2_storage,2030,178,16,16,0.0
4265,h2_storage,2030,178,17,17,0.0
4266,h2_storage,2030,178,18,18,0.0
4267,h2_storage,2030,178,19,19,0.0
4268,h2_storage,2030,178,20,20,0.0
4269,h2_storage,2030,178,21,21,0.0
4270,h2_storage,2030,178,22,22,0.0
4271,h2_storage,2030,178,23,23,0.0
4272,h2_storage,2030,178,24,24,0.0
4273,h2_storage,2030,179,1,1,0.0
4274,h2_storage,2030,179,2,2,0.0
4275,h2_storage,2030,179,3,3,0.0
4276,h2_storage,2030,179,4,4,0.0
4277,h2_storage,2030,179,5,5,0.0
4278,h2_storage,2030,179,6,6,0.0
4279,h2_storage,2030,179,7,7,0.0
4280,h2_storage,2030,179,8,8,0.0
4281,h2_storage,2030,179,9,9,0.0
4282,h2_storage,2030,179,10,10,0.0
4283,h2_storage,2030,179,11,11,0.0
4284,h2_storage,2030,179,12,12,0.0
4285,h2_storage,2030,179,13,13,0.0
4286,h2_storage,2030,179,14,14,0.0
4287,h2_storage,2030,179,15,15,0.0
4288,h2_storage,2030,179,16,16,0.0
4289,h2_storage,2030,179,17,17,0.0
4290,h2_storage,2030,179,18,18,0.0
4291,h2_storage,2030,179,19,19,0.0
4292,h2_storage,2030,179,20,20,0.0
4293,h2_storage,2030,179,21,21,0.0
4294,h2_storage,2030,179,22,22,0.0
4295,h2_storage,2030,179,23,23,0.0
4296,h2_storage,2030,179,24,24,0.0
4297,h2_storage,2030,180,1,1,0.0
4298,h2_storage,2030,180,2,2,0.0
4299,h2_storage,2030,180,3,3,0.0
4300,h2_storage,2030,180,4,4,0.0
4301,h2_storage,2030,180,5,5,0.0
4302,h2_storage,2030,180,6,6,0.0
4303,h2_storage,2030,180,7,7,0.0
4304,h2_storage,2030,180,8,8,0.0
4305,h2_storage,2030,180,9,9,0.0
4306,h2_storage,2030,180,10,10,0.0
4307,h2_storage,2030,180,11,11,0.0
4308,h2_storage,2030,180,12,12,0.0
4309,h2_storage,2030,180,13,13,0.0
4310,h2_storage,2030,180,14,14,0.0
4311,h2_storage,2030,180,15,15,0.0
4312,h2_storage,2030,180,16,16,0.0
4313,h2_storage,2030,180,17,17,0.0
4314,h2_storage,2030,180,18,18,0.0
4315,h2_storage,2030,180,19,19,0.0
4316,h2_storage,2030,180,20,20,0.0
4317,h2_storage,2030,180,21,21,0.0
4318,h2_storage,2030,180,22,22,0.0
4319,h2_storage,2030,180,23,23,0.0
4320,h2_storage,2030,180,24,24,0.0
4321,h2_storage,2030,181,1,1,0.0
4322,h2_storage,2030,181,2,2,0.0
4323,h2_storage,2030,181,3,3,0.0
4324,h2_storage,2030,181,4,4,0.0
4325,h2_storage,2030,181,5,5,0.0
4326,h2_storage,2030,181,6,6,0.0
4327,h2_storage,2030,181,7,7,0.0
4328,h2_storage,2030,181,8,8,0.0
4329,h2_storage,2030,181,9,9,0.0
4330,h2_storage,2030,181,10,10,0.0
4331,h2_storage,2030,181,11,11,0.0
4332,h2_storage,2030,181,12,12,0.0
4333,h2_storage,2030,181,13,13,0.0
4334,h2_storage,2030,181,14,14,0.0
4335,h2_storage,2030,181,15,15,0.0
4336,h2_storage,2030,181,16,16,0.0
4337,h2_storage,2030,181,17,17,0.0
4338,h2_storage,2030,181,18,18,0.0
4339,h2_storage,2030,181,19,19,0.0
4340,h2_storage,2030,181,20,20,0.0
4341,h2_storage,2030,181,21,21,0.0
4342,h2_storage,2030,181,22,22,0.0
4343,h2_storage,2030,181,23,23,0.0
4344,h2_storage,2030,181,24,24,0.0
4345,h2_storage,2030,182,1,1,0.0
4346,h2_storage,2030,182,2,2,0.0
4347,h2_storage,2030,182,3,3,0.0
4348,h2_storage,2030,182,4,4,0.0
4349,h2_storage,2030,182,5,5,0.0
4350,h2_storage,2030,182,6,6,0.0
4351,h2_storage,2030,182,7,7,0.0
4352,h2_storage,2030,182,8,8,0.0
4353,h2_storage,2030,182,9,9,0.0
4354,h2_storage,2030,182,10,10,0.0
4355,h2_storage,2030,182,11,11,0.0
4356,h2_storage,2030,182,12,12,0.0
4357,h2_storage,2030,182,13,13,0.0
4358,h2_storage,2030,182,14,14,0.0
4359,h2_storage,2030,182,15,15,0.0
4360,h2_storage,2030,182,16,16,0.0
4361,h2_storage,2030,182,17,17,0.0
4362,h2_storage,2030,182,18,18,0.0
4363,h2_storage,2030,182,19,19,0.0
4364,h2_storage,2030,182,20,20,0.0
4365,h2_storage,2030,182,21,21,0.0
4366,h2_storage,2030,182,22,22,0.0
4367,h2_storage,2030,182,23,23,0.0
4368,h2_storage,2030,182,24,24,0.0
4369,h2_storage,2030,183,1,1,0.0
4370,h2_storage,2030,183,2,2,0.0
4371,h2_storage,2030,183,3,3,0.0
4372,h2_storage,2030,183,4,4,0.0
4373,h2_storage,2030,183,5,5,0.0
4374,h2_storage,2030,183,6,6,0.0
4375,h2_storage,2030,183,7,7,0.0
4376,h2_storage,2030,183,8,8,0.0
4377,h2_storage,2030,183,9,9,0.0
4378,h2_storage,2030,183,10,10,0.0
4379,h2_storage,2030,183,11,11,0.0
4380,h2_storage,2030,183,12,12,0.0
4381,h2_storage,2030,183,13,13,0.0
4382,h2_storage,2030,183,14,14,0.0
4383,h2_storage,2030,183,15,15,0.0
4384,h2_storage,2030,183,16,16,0.0
4385,h2_storage,2030,183,17,17,0.0
4386,h2_storage,2030,183,18,18,0.0
4387,h2_storage,2030,183,19,19,0.0
4388,h2_storage,2030,183,20,20,0.0
4389,h2_storage,2030,183,21,21,0.0
4390,h2_storage,2030,183,22,22,0.0
4391,h2_storage,2030,183,23,23,0.0
4392,h2_storage,2030,183,24,24,0.0
4393,h2_storage,2030,184,1,1,0.0
4394,h2_storage,2030,184,2,2,0.0
4395,h2_storage,2030,184,3,3,0.0
4396,h2_storage,2030,184,4,4,0.0
4397,h2_storage,2030,184,5,5,0.0
4398,h2_storage,2030,184,6,6,0.0
4399,h2_storage,2030,184,7,7,0.0
4400,h2_storage,2030,184,8,8,0.0
4401,h2_storage,2030,184,9,9,0.0
4402,h2_storage,2030,184,10,10,0.0
4403,h2_storage,2030,184,11,11,0.0
4404,h2_storage,2030,184,12,12,0.0
4405,h2_storage,2030,184,13,13,0.0
4406,h2_storage,2030,184,14,14,0.0
4407,h2_storage,2030,184,15,15,0.0
4408,h2_storage,2030,184,16,16,0.0
4409,h2_storage,2030,184,17,17,0.0
4410,h2_storage,2030,184,18,18,0.0
4411,h2_storage,2030,184,19,19,0.0
4412,h2_storage,2030,184,20,20,0.0
4413,h2_storage,2030,184,21,21,0.0
4414,h2_storage,2030,184,22,22,0.0
4415,h2_storage,2030,184,23,23,0.0
4416,h2_storage,2030,184,24,24,0.0
4417,h2_storage,2030,185,1,1,0.0
4418,h2_storage,2030,185,2,2,0.0
4419,h2_storage,2030,185,3,3,0.0
4420,h2_storage,2030,185,4,4,0.0
4421,h2_storage,2030,185,5,5,0.0
4422,h2_storage,2030,185,6,6,0.0
4423,h2_storage,2030,185,7,7,0.0
4424,h2_storage,2030,185,8,8,0.0
4425,h2_storage,2030,185,9,9,0.0
4426,h2_storage,2030,185,10,10,0.0
4427,h2_storage,2030,185,11,11,0.0
4428,h2_storage,2030,185,12,12,0.0
4429,h2_storage,2030,185,13,13,0.0
4430,h2_storage,2030,185,14,14,0.0
4431,h2_storage,2030,185,15,15,0.0
4432,h2_storage,2030,185,16,16,0.0
4433,h2_storage,2030,185,17,17,0.0
4434,h2_storage,2030,185,18,18,0.0
4435,h2_storage,2030,185,19,19,0.0
4436,h2_storage,2030,185,20,20,0.0
4437,h2_storage,2030,185,21,21,0.0
4438,h2_storage,2030,185,22,22,0.0
4439,h2_storage,2030,185,23,23,0.0
4440,h2_storage,2030,185,24,24,0.0
4441,h2_storage,2030,186,1,1,0.0
4442,h2_storage,2030,186,2,2,0.0
4443,h2_storage,2030,186,3,3,0.0
4444,h2_storage,2030,186,4,4,0.0
4445,h2_storage,2030,186,5,5,0.0
4446,h2_storage,2030,186,6,6,0.0
4447,h2_storage,2030,186,7,7,0.0
4448,h2_storage,2030,186,8,8,0.0
4449,h2_storage,2030,186,9,9,0.0
4450,h2_storage,2030,186,10,10,0.0
4451,h2_storage,2030,186,11,11,0.0
4452,h2_storage,2030,186,12,12,0.0
4453,h2_storage,2030,186,13,13,0.0
4454,h2_storage,2030,186,14,14,0.0
4455,h2_storage,2030,186,15,15,0.0
4456,h2_storage,2030,186,16,16,0.0
4457,h2_storage,2030,186,17,17,0.0
4458,h2_storage,2030,186,18,18,0.0
4459,h2_storage,2030,186,19,19,0.0
4460,h2_storage,2030,186,20,20,0.0
4461,h2_storage,2030,186,21,21,0.0
4462,h2_storage,2030,186,22,22,0.0
4463,h2_storage,2030,186,23,23,0.0
4464,h2_storage,2030,186,24,24,0.0
4465,h2_storage,2030,187,1,1,0.0
4466,h2_storage,2030,187,2,2,0.0
4467,h2_storage,2030,187,3,3,0.0
4468,h2_storage,2030,187,4,4,0.0
4469,h2_storage,2030,187,5,5,0.0
4470,h2_storage,2030,187,6,6,0.0
4471,h2_storage,2030,187,7,7,0.0
4472,h2_storage,2030,187,8,8,0.0
4473,h2_storage,2030,187,9,9,0.0
4474,h2_storage,2030,187,10,10,0.0
4475,h2_storage,2030,187,11,11,0.0
4476,h2_storage,2030,187,12,12,0.0
4477,h2_storage,2030,187,13,13,0.0
4478,h2_storage,2030,187,14,14,0.0
4479,h2_storage,2030,187,15,15,0.0
4480,h2_storage,2030,187,16,16,0.0
4481,h2_storage,2030,187,17,17,0.0
4482,h2_storage,2030,187,18,18,0.0
4483,h2_storage,2030,187,19,19,0.0
4484,h2_storage,2030,187,20,20,0.0
4485,h2_storage,2030,187,21,21,0.0
4486,h2_storage,2030,187,22,22,0.0
4487,h2_storage,2030,187,23,23,0.0
4488,h2_storage,2030,187,24,24,0.0
4489,h2_storage,2030,188,1,1,0.0
4490,h2_storage,2030,188,2,2,0.0
4491,h2_storage,2030,188,3,3,0.0
4492,h2_storage,2030,188,4,4,0.0
4493,h2_storage,2030,188,5,5,0.0
4494,h2_storage,2030,188,6,6,0.0
4495,h2_storage,2030,188,7,7,0.0
4496,h2_storage,2030,188,8,8,0.0
4497,h2_storage,2030,188,9,9,0.0
4498,h2_storage,2030,188,10,10,0.0
4499,h2_storage,2030,188,11,11,0.0
4500,h2_storage,2030,188,12,12,0.0
4501,h2_storage,2030,188,13,13,0.0
4502,h2_storage,2030,188,14,14,0.0
4503,h2_storage,2030,188,15,15,0.0
4504,h2_storage,2030,188,16,16,0.0
4505,h2_storage,2030,188,17,17,0.0
4506,h2_storage,2030,188,18,18,0.0
4507,h2_storage,2030,188,19,19,0.0
4508,h2_storage,2030,188,20,20,0.0
4509,h2_storage,2030,188,21,21,0.0
4510,h2_storage,2030,188,22,22,0.0
4511,h2_storage,2030,188,23,23,0.0
4512,h2_storage,2030,188,24,24,0.0
4513,h2_storage,2030,189,1,1,0.0
4514,h2_storage,2030,189,2,2,0.0
4515,h2_storage,2030,189,3,3,0.0
4516,h2_storage,2030,189,4,4,0.0
4517,h2_storage,2030,189,5,5,0.0
4518,h2_storage,2030,189,6,6,0.0
4519,h2_storage,2030,189,7,7,0.0
4520,h2_storage,2030,189,8,8,0.0
4521,h2_storage,2030,189,9,9,0.0
4522,h2_storage,2030,189,10,10,0.0
4523,h2_storage,2030,189,11,11,0.0
4524,h2_storage,2030,189,12,12,0.0
4525,h2_storage,2030,189,13,13,0.0
4526,h2_storage,2030,189,14,14,0.0
4527,h2_storage,2030,189,15,15,0.0
4528,h2_storage,2030,189,16,16,0.0
4529,h2_storage,2030,189,17,17,0.0
4530,h2_storage,2030,189,18,18,0.0
4531,h2_storage,2030,189,19,19,0.0
4532,h2_storage,2030,189,20,20,0.0
4533,h2_storage,2030,189,21,21,0.0
4534,h2_storage,2030,189,22,22,0.0
4535,h2_storage,2030,189,23,23,0.0
4536,h2_storage,2030,189,24,24,0.0
4537,h2_storage,2030,190,1,1,0.0
4538,h2_storage,2030,190,2,2,0.0
4539,h2_storage,2030,190,3,3,0.0
4540,h2_storage,2030,190,4,4,0.0
4541,h2_storage,2030,190,5,5,0.0
4542,h2_storage,2030,190,6,6,0.0
4543,h2_storage,2030,190,7,7,0.0
4544,h2_storage,2030,190,8,8,0.0
4545,h2_storage,2030,190,9,9,0.0
4546,h2_storage,2030,190,10,10,0.0
4547,h2_storage,2030,190,11,11,0.0
4548,h2_storage,2030,190,12,12,0.0
4549,h2_storage,2030,190,13,13,0.0
4550,h2_storage,2030,190,14,14,0.0
4551,h2_storage,2030,190,15,15,0.0
4552,h2_storage,2030,190,16,16,0.0
4553,h2_storage,2030,190,17,17,0.0
4554,h2_storage,2030,190,18,18,0.0
4555,h2_storage,2030,190,19,19,0.0
4556,h2_storage,2030,190,20,20,0.0
4557,h2_storage,2030,190,21,21,0.0
4558,h2_storage,2030,190,22,22,0.0
4559,h2_storage,2030,190,23,23,0.0
4560,h2_storage,2030,190,24,24,0.0
4561,h2_storage,2030,191,1,1,0.0
4562,h2_storage,2030,191,2,2,0.0
4563,h2_storage,2030,191,3,3,0.0
4564,h2_storage,2030,191,4,4,0.0
4565,h2_storage,2030,191,5,5,0.0
4566,h2_storage,2030,191,6,6,0.0
4567,h2_storage,2030,191,7,7,0.0
4568,h2_storage,2030,191,8,8,0.0
4569,h2_storage,2030,191,9,9,0.0
4570,h2_storage,2030,191,10,10,0.0
4571,h2_storage,2030,191,11,11,0.0
4572,h2_storage,2030,191,12,12,0.0
4573,h2_storage,2030,191,13,13,0.0
4574,h2_storage,2030,191,14,14,0.0
4575,h2_storage,2030,191,15,15,0.0
4576,h2_storage,2030,191,16,16,0.0
4577,h2_storage,2030,191,17,17,0.0
4578,h2_storage,2030,191,18,18,0.0
4579,h2_storage,2030,191,19,19,0.0
4580,h2_storage,2030,191,20,20,0.0
4581,h2_storage,2030,191,21,21,0.0
4582,h2_storage,2030,191,22,22,0.0
4583,h2_storage,2030,191,23,23,0.0
4584,h2_storage,2030,191,24,24,0.0
4585,h2_storage,2030,192,1,1,0.0
4586,h2_storage,2030,192,2,2,0.0
4587,h2_storage,2030,192,3,3,0.0
4588,h2_storage,2030,192,4,4,0.0
4589,h2_storage,2030,192,5,5,0.0
4590,h2_storage,2030,192,6,6,0.0
4591,h2_storage,2030,192,7,7,0.0
4592,h2_storage,2030,192,8,8,0.0
4593,h2_storage,2030,192,9,9,0.0
4594,h2_storage,2030,192,10,10,0.0
4595,h2_storage,2030,192,11,11,0.0
4596,h2_storage,2030,192,12,12,0.0
4597,h2_storage,2030,192,13,13,0.0
4598,h2_storage,2030,192,14,14,0.0
4599,h2_storage,2030,192,15,15,0.0
4600,h2_storage,2030,192,16,16,0.0
4601,h2_storage,2030,192,17,17,0.0
4602,h2_storage,2030,192,18,18,0.0
4603,h2_storage,2030,192,19,19,0.0
4604,h2_storage,2030,192,20,20,0.0
4605,h2_storage,2030,192,21,21,0.0
4606,h2_storage,2030,192,22,22,0.0
4607,h2_storage,2030,192,23,23,0.0
4608,h2_storage,2030,192,24,24,0.0
4609,h2_storage,2030,193,1,1,0.0
4610,h2_storage,2030,193,2,2,0.0
4611,h2_storage,2030,193,3,3,0.0
4612,h2_storage,2030,193,4,4,0.0
4613,h2_storage,2030,193,5,5,0.0
4614,h2_storage,2030,193,6,6,0.0
4615,h2_storage,2030,193,7,7,0.0
4616,h2_storage,2030,193,8,8,0.0
4617,h2_storage,2030,193,9,9,0.0
4618,h2_storage,2030,193,10,10,0.0
4619,h2_storage,2030,193,11,11,0.0
4620,h2_storage,2030,193,12,12,0.0
4621,h2_storage,2030,193,13,13,0.0
4622,h2_storage,2030,193,14,14,0.0
4623,h2_storage,2030,193,15,15,0.0
4624,h2_storage,2030,193,16,16,0.0
4625,h2_storage,2030,193,17,17,0.0
4626,h2_storage,2030,193,18,18,0.0
4627,h2_storage,2030,193,19,19,0.0
4628,h2_storage,2030,193,20,20,0.0
4629,h2_storage,2030,193,21,21,0.0
4630,h2_storage,2030,193,22,22,0.0
4631,h2_storage,2030,193,23,23,0.0
4632,h2_storage,2030,193,24,24,0.0
4633,h2_storage,2030,194,1,1,0.0
4634,h2_storage,2030,194,2,2,0.0
4635,h2_storage,2030,194,3,3,0.0
4636,h2_storage,2030,194,4,4,0.0
4637,h2_storage,2030,194,5,5,0.0
4638,h2_storage,2030,194,6,6,0.0
4639,h2_storage,2030,194,7,7,0.0
4640,h2_storage,2030,194,8,8,0.0
4641,h2_storage,2030,194,9,9,0.0
4642,h2_storage,2030,194,10,10,0.0
4643,h2_storage,2030,194,11,11,0.0
4644,h2_storage,2030,194,12,12,0.0
4645,h2_storage,2030,194,13,13,0.0
4646,h2_storage,2030,194,14,14,0.0
4647,h2_storage,2030,194,15,15,0.0
4648,h2_storage,2030,194,16,16,0.0
4649,h2_storage,2030,194,17,17,0.0
4650,h2_storage,2030,194,18,18,0.0
4651,h2_storage,2030,194,19,19,0.0
4652,h2_storage,2030,194,20,20,0.0
4653,h2_storage,2030,194,21,21,0.0
4654,h2_storage,2030,194,22,22,0.0
4655,h2_storage,2030,194,23,23,0.0
4656,h2_storage,2030,194,24,24,0.0
4657,h2_storage,2030,195,1,1,0.0
4658,h2_storage,2030,195,2,2,0.0
4659,h2_storage,2030,195,3,3,0.0
4660,h2_storage,2030,195,4,4,0.0
4661,h2_storage,2030,195,5,5,0.0
4662,h2_storage,2030,195,6,6,0.0
4663,h2_storage,2030,195,7,7,0.0
4664,h2_storage,2030,195,8,8,0.0
4665,h2_storage,2030,195,9,9,0.0
4666,h2_storage,2030,195,10,10,0.0
4667,h2_storage,2030,195,11,11,0.0
4668,h2_storage,2030,195,12,12,0.0
4669,h2_storage,2030,195,13,13,0.0
4670,h2_storage,2030,195,14,14,0.0
4671,h2_storage,2030,195,15,15,0.0
4672,h2_storage,2030,195,16,16,0.0
4673,h2_storage,2030,195,17,17,0.0
4674,h2_storage,2030,195,18,18,0.0
4675,h2_storage,2030,195,19,19,0.0
4676,h2_storage,2030,195,20,20,0.0
4677,h2_storage,2030,195,21,21,0.0
4678,h2_storage,2030,195,22,22,0.0
4679,h2_storage,2030,195,23,23,0.0
4680,h2_storage,2030,195,24,24,0.0
4681,h2_storage,2030,196,1,1,0.0
4682,h2_storage,2030,196,2,2,0.0
4683,h2_storage,2030,196,3,3,0.0
4684,h2_storage,2030,196,4,4,0.0
4685,h2_storage,2030,196,5,5,0.0
4686,h2_storage,2030,196,6,6,0.0
4687,h2_storage,2030,196,7,7,0.0
4688,h2_storage,2030,196,8,8,0.0
4689,h2_storage,2030,196,9,9,0.0
4690,h2_storage,2030,196,10,10,0.0
4691,h2_storage,2030,196,11,11,0.0
4692,h2_storage,2030,196,12,12,0.0
4693,h2_storage,2030,196,13,13,0.0
4694,h2_storage,2030,196,14,14,0.0
4695,h2_storage,2030,196,15,15,0.0
4696,h2_storage,2030,196,16,16,0.0
4697,h2_storage,2030,196,17,17,0.0
4698,h2_storage,2030,196,18,18,0.0
4699,h2_storage,2030,196,19,19,0.0
4700,h2_storage,2030,196,20,20,0.0
4701,h2_storage,2030,196,21,21,0.0
4702,h2_storage,2030,196,22,22,0.0
4703,h2_storage,2030,196,23,23,0.0
4704,h2_storage,2030,196,24,24,0.0
4705,h2_storage,2030,197,1,1,0.0
4706,h2_storage,2030,197,2,2,0.0
4707,h2_storage,2030,197,3,3,0.0
4708,h2_storage,2030,197,4,4,0.0
4709,h2_storage,2030,197,5,5,0.0
4710,h2_storage,2030,197,6,6,0.0
4711,h2_storage,2030,197,7,7,0.0
4712,h2_storage,2030,197,8,8,0.0
4713,h2_storage,2030,197,9,9,0.0
4714,h2_storage,2030,197,10,10,0.0
4715,h2_storage,2030,197,11,11,0.0
4716,h2_storage,2030,197,12,12,0.0
4717,h2_storage,2030,197,13,13,0.0
4718,h2_storage,2030,197,14,14,0.0
4719,h2_storage,2030,197,15,15,0.0
4720,h2_storage,2030,197,16,16,0.0
4721,h2_storage,2030,197,17,17,0.0
4722,h2_storage,2030,197,18,18,0.0
4723,h2_storage,2030,197,19,19,0.0
4724,h2_storage,2030,197,20,20,0.0
4725,h2_storage,2030,197,21,21,0.0
4726,h2_storage,2030,197,22,22,0.0
4727,h2_storage,2030,197,23,23,0.0
4728,h2_storage,2030,197,24,24,0.0
4729,h2_storage,2030,198,1,1,0.0
4730,h2_storage,2030,198,2,2,0.0
4731,h2_storage,2030,198,3,3,0.0
4732,h2_storage,2030,198,4,4,0.0
4733,h2_storage,2030,198,5,5,0.0
4734,h2_storage,2030,198,6,6,0.0
4735,h2_storage,2030,198,7,7,0.0
4736,h2_storage,2030,198,8,8,0.0
4737,h2_storage,2030,198,9,9,0.0
4738,h2_storage,2030,198,10,10,0.0
4739,h2_storage,2030,198,11,11,0.0
4740,h2_storage,2030,198,12,12,0.0
4741,h2_storage,2030,198,13,13,0.0
4742,h2_storage,2030,198,14,14,0.0
4743,h2_storage,2030,198,15,15,0.0
4744,h2_storage,2030,198,16,16,0.0
4745,h2_storage,2030,198,17,17,0.0
4746,h2_storage,2030,198,18,18,0.0
4747,h2_storage,2030,198,19,19,0.0
4748,h2_storage,2030,198,20,20,0.0
4749,h2_storage,2030,198,21,21,0.0
4750,h2_storage,2030,198,22,22,0.0
4751,h2_storage,2030,198,23,23,0.0
4752,h2_storage,2030,198,24,24,0.0
4753,h2_storage,2030,199,1,1,0.0
4754,h2_storage,2030,199,2,2,0.0
4755,h2_storage,2030,199,3,3,0.0
4756,h2_storage,2030,199,4,4,0.0
4757,h2_storage,2030,199,5,5,0.0
4758,h2_storage,2030,199,6,6,0.0
4759,h2_storage,2030,199,7,7,0.0
4760,h2_storage,2030,199,8,8,0.0
4761,h2_storage,2030,199,9,9,0.0
4762,h2_storage,2030,199,10,10,0.0
4763,h2_storage,2030,199,11,11,0.0
4764,h2_storage,2030,199,12,12,0.0
4765,h2_storage,2030,199,13,13,0.0
4766,h2_storage,2030,199,14,14,0.0
4767,h2_storage,2030,199,15,15,0.0
4768,h2_storage,2030,199,16,16,0.0
4769,h2_storage,2030,199,17,17,0.0
4770,h2_storage,2030,199,18,18,0.0
4771,h2_storage,2030,199,19,19,0.0
4772,h2_storage,2030,199,20,20,0.0
4773,h2_storage,2030,199,21,21,0.0
4774,h2_storage,2030,199,22,22,0.0
4775,h2_storage,2030,199,23,23,0.0
4776,h2_storage,2030,199,24,24,0.0
4777,h2_storage,2030,200,1,1,0.0
4778,h2_storage,2030,200,2,2,0.0
4779,h2_storage,2030,200,3,3,0.0
4780,h2_storage,2030,200,4,4,0.0
4781,h2_storage,2030,200,5,5,0.0
4782,h2_storage,2030,200,6,6,0.0
4783,h2_storage,2030,200,7,7,0.0
4784,h2_storage,2030,200,8,8,0.0
4785,h2_storage,2030,200,9,9,0.0
4786,h2_storage,2030,200,10,10,0.0
4787,h2_storage,2030,200,11,11,0.0
4788,h2_storage,2030,200,12,12,0.0
4789,h2_storage,2030,200,13,13,0.0
4790,h2_storage,2030,200,14,14,0.0
4791,h2_storage,2030,200,15,15,0.0
4792,h2_storage,2030,200,16,16,0.0
4793,h2_storage,2030,200,17,17,0.0
4794,h2_storage,2030,200,18,18,0.0
4795,h2_storage,2030,200,19,19,0.0
4796,h2_storage,2030,200,20,20,0.0
4797,h2_storage,2030,200,21,21,0.0
4798,h2_storage,2030,200,22,22,0.0
4799,h2_storage,2030,200,23,23,0.0
4800,h2_storage,2030,200,24,24,0.0
4801,h2_storage,2030,201,1,1,0.0
4802,h2_storage,2030,201,2,2,0.0
4803,h2_storage,2030,201,3,3,0.0
4804,h2_storage,2030,201,4,4,0.0
4805,h2_storage,2030,201,5,5,0.0
4806,h2_storage,2030,201,6,6,0.0
4807,h2_storage,2030,201,7,7,0.0
4808,h2_storage,2030,201,8,8,0.0
4809,h2_storage,2030,201,9,9,0.0
4810,h2_storage,2030,201,10,10,0.0
4811,h2_storage,2030,201,11,11,0.0
4812,h2_storage,2030,201,12,12,0.0
4813,h2_storage,2030,201,13,13,0.0
4814,h2_storage,2030,201,14,14,0.0
4815,h2_storage,2030,201,15,15,0.0
4816,h2_storage,2030,201,16,16,0.0
4817,h2_storage,2030,201,17,17,0.0
4818,h2_storage,2030,201,18,18,0.0
4819,h2_storage,2030,201,19,19,0.0
4820,h2_storage,2030,201,20,20,0.0
4821,h2_storage,2030,201,21,21,0.0
4822,h2_storage,2030,201,22,22,0.0
4823,h2_storage,2030,201,23,23,0.0
4824,h2_storage,2030,201,24,24,0.0
4825,h2_storage,2030,202,1,1,0.0
4826,h2_storage,2030,202,2,2,0.0
4827,h2_storage,2030,202,3,3,0.0
4828,h2_storage,2030,202,4,4,0.0
4829,h2_storage,2030,202,5,5,0.0
4830,h2_storage,2030,202,6,6,0.0
4831,h2_storage,2030,202,7,7,0.0
4832,h2_storage,2030,202,8,8,0.0
4833,h2_storage,2030,202,9,9,0.0
4834,h2_storage,2030,202,10,10,0.0
4835,h2_storage,2030,202,11,11,0.0
4836,h2_storage,2030,202,12,12,0.0
4837,h2_storage,2030,202,13,13,0.0
4838,h2_storage,2030,202,14,14,0.0
4839,h2_storage,2030,202,15,15,0.0
4840,h2_storage,2030,202,16,16,0.0
4841,h2_storage,2030,202,17,17,0.0
4842,h2_storage,2030,202,18,18,0.0
4843,h2_storage,2030,202,19,19,0.0
4844,h2_storage,2030,202,20,20,0.0
4845,h2_storage,2030,202,21,21,0.0
4846,h2_storage,2030,202,22,22,0.0
4847,h2_storage,2030,202,23,23,0.0
4848,h2_storage,2030,202,24,24,0.0
4849,h2_storage,2030,203,1,1,0.0
4850,h2_storage,2030,203,2,2,0.0
4851,h2_storage,2030,203,3,3,0.0
4852,h2_storage,2030,203,4,4,0.0
4853,h2_storage,2030,203,5,5,0.0
4854,h2_storage,2030,203,6,6,0.0
4855,h2_storage,2030,203,7,7,0.0
4856,h2_storage,2030,203,8,8,0.0
4857,h2_storage,2030,203,9,9,0.0
4858,h2_storage,2030,203,10,10,0.0
4859,h2_storage,2030,203,11,11,0.0
4860,h2_storage,2030,203,12,12,0.0
4861,h2_storage,2030,203,13,13,0.0
4862,h2_storage,2030,203,14,14,0.0
4863,h2_storage,2030,203,15,15,0.0
4864,h2_storage,2030,203,16,16,0.0
4865,h2_storage,2030,203,17,17,0.0
4866,h2_storage,2030,203,18,18,0.0
4867,h2_storage,2030,203,19,19,0.0
4868,h2_storage,2030,203,20,20,0.0
4869,h2_storage,2030,203,21,21,0.0
4870,h2_storage,2030,203,22,22,0.0
4871,h2_storage,2030,203,23,23,0.0
4872,h2_storage,2030,203,24,24,0.0
4873,h2_storage,2030,204,1,1,0.0
4874,h2_storage,2030,204,2,2,0.0
4875,h2_storage,2030,204,3,3,0.0
4876,h2_storage,2030,204,4,4,0.0
4877,h2_storage,2030,204,5,5,0.0
4878,h2_storage,2030,204,6,6,0.0
4879,h2_storage,2030,204,7,7,0.0
4880,h2_storage,2030,204,8,8,0.0
4881,h2_storage,2030,204,9,9,0.0
4882,h2_storage,2030,204,10,10,0.0
4883,h2_storage,2030,204,11,11,0.0
4884,h2_storage,2030,204,12,12,0.0
4885,h2_storage,2030,204,13,13,0.0
4886,h2_storage,2030,204,14,14,0.0
4887,h2_storage,2030,204,15,15,0.0
4888,h2_storage,2030,204,16,16,0.0
4889,h2_storage,2030,204,17,17,0.0
4890,h2_storage,2030,204,18,18,0.0
4891,h2_storage,2030,204,19,19,0.0
4892,h2_storage,2030,204,20,20,0.0
4893,h2_storage,2030,204,21,21,0.0
4894,h2_storage,2030,204,22,22,0.0
4895,h2_storage,2030,204,23,23,0.0
4896,h2_storage,2030,204,24,24,0.0
4897,h2_storage,2030,205,1,1,0.0
4898,h2_storage,2030,205,2,2,0.0
4899,h2_storage,2030,205,3,3,0.0
4900,h2_storage,2030,205,4,4,0.0
4901,h2_storage,2030,205,5,5,0.0
4902,h2_storage,2030,205,6,6,0.0
4903,h2_storage,2030,205,7,7,0.0
4904,h2_storage,2030,205,8,8,0.0
4905,h2_storage,2030,205,9,9,0.0
4906,h2_storage,2030,205,10,10,0.0
4907,h2_storage,2030,205,11,11,0.0
4908,h2_storage,2030,205,12,12,0.0
4909,h2_storage,2030,205,13,13,0.0
4910,h2_storage,2030,205,14,14,0.0
4911,h2_storage,2030,205,15,15,0.0
4912,h2_storage,2030,205,16,16,0.0
4913,h2_storage,2030,205,17,17,0.0
4914,h2_storage,2030,205,18,18,0.0
4915,h2_storage,2030,205,19,19,0.0
4916,h2_storage,2030,205,20,20,0.0
4917,h2_storage,2030,205,21,21,0.0
4918,h2_storage,2030,205,22,22,0.0
4919,h2_storage,2030,205,23,23,0.0
4920,h2_storage,2030,205,24,24,0.0
4921,h2_storage,2030,206,1,1,0.0
4922,h2_storage,2030,206,2,2,0.0
4923,h2_storage,2030,206,3,3,0.0
4924,h2_storage,2030,206,4,4,0.0
4925,h2_storage,2030,206,5,5,0.0
4926,h2_storage,2030,206,6,6,0.0
4927,h2_storage,2030,206,7,7,0.0
4928,h2_storage,2030,206,8,8,0.0
4929,h2_storage,2030,206,9,9,0.0
4930,h2_storage,2030,206,10,10,0.0
4931,h2_storage,2030,206,11,11,0.0
4932,h2_storage,2030,206,12,12,0.0
4933,h2_storage,2030,206,13,13,0.0
4934,h2_storage,2030,206,14,14,0.0
4935,h2_storage,2030,206,15,15,0.0
4936,h2_storage,2030,206,16,16,0.0
4937,h2_storage,2030,206,17,17,0.0
4938,h2_storage,2030,206,18,18,0.0
4939,h2_storage,2030,206,19,19,0.0
4940,h2_storage,2030,206,20,20,0.0
4941,h2_storage,2030,206,21,21,0.0
4942,h2_storage,2030,206,22,22,0.0
4943,h2_storage,2030,206,23,23,0.0
4944,h2_storage,2030,206,24,24,0.0
4945,h2_storage,2030,207,1,1,0.0
4946,h2_storage,2030,207,2,2,0.0
4947,h2_storage,2030,207,3,3,0.0
4948,h2_storage,2030,207,4,4,0.0
4949,h2_storage,2030,207,5,5,0.0
4950,h2_storage,2030,207,6,6,0.0
4951,h2_storage,2030,207,7,7,0.0
4952,h2_storage,2030,207,8,8,0.0
4953,h2_storage,2030,207,9,9,0.0
4954,h2_storage,2030,207,10,10,0.0
4955,h2_storage,2030,207,11,11,0.0
4956,h2_storage,2030,207,12,12,0.0
4957,h2_storage,2030,207,13,13,0.0
4958,h2_storage,2030,207,14,14,0.0
4959,h2_storage,2030,207,15,15,0.0
4960,h2_storage,2030,207,16,16,0.0
4961,h2_storage,2030,207,17,17,0.0
4962,h2_storage,2030,207,18,18,0.0
4963,h2_storage,2030,207,19,19,0.0
4964,h2_storage,2030,207,20,20,0.0
4965,h2_storage,2030,207,21,21,0.0
4966,h2_storage,2030,207,22,22,0.0
4967,h2_storage,2030,207,23,23,0.0
4968,h2_storage,2030,207,24,24,0.0
4969,h2_storage,2030,208,1,1,0.0
4970,h2_storage,2030,208,2,2,0.0
4971,h2_storage,2030,208,3,3,0.0
4972,h2_storage,2030,208,4,4,0.0
4973,h2_storage,2030,208,5,5,0.0
4974,h2_storage,2030,208,6,6,0.0
4975,h2_storage,2030,208,7,7,0.0
4976,h2_storage,2030,208,8,8,0.0
4977,h2_storage,2030,208,9,9,0.0
4978,h2_storage,2030,208,10,10,0.0
4979,h2_storage,2030,208,11,11,0.0
4980,h2_storage,2030,208,12,12,0.0
4981,h2_storage,2030,208,13,13,0.0
4982,h2_storage,2030,208,14,14,0.0
4983,h2_storage,2030,208,15,15,0.0
4984,h2_storage,2030,208,16,16,0.0
4985,h2_storage,2030,208,17,17,0.0
4986,h2_storage,2030,208,18,18,0.0
4987,h2_storage,2030,208,19,19,0.0
4988,h2_storage,2030,208,20,20,0.0
4989,h2_storage,2030,208,21,21,0.0
4990,h2_storage,2030,208,22,22,0.0
4991,h2_storage,2030,208,23,23,0.0
4992,h2_storage,2030,208,24,24,0.0
4993,h2_storage,2030,209,1,1,0.0
4994,h2_storage,2030,209,2,2,0.0
4995,h2_storage,2030,209,3,3,0.0
4996,h2_storage,2030,209,4,4,0.0
4997,h2_storage,2030,209,5,5,0.0
4998,h2_storage,2030,209,6,6,0.0
4999,h2_storage,2030,209,7,7,0.0
5000,h2_storage,2030,209,8,8,0.0
5001,h2_storage,2030,209,9,9,0.0
5002,h2_storage,2030,209,10,10,0.0
5003,h2_storage,2030,209,11,11,0.0
5004,h2_storage,2030,209,12,12,0.0
5005,h2_storage,2030,209,13,13,0.0
5006,h2_storage,2030,209,14,14,0.0
5007,h2_storage,2030,209,15,15,0.0
5008,h2_storage,2030,209,16,16,0.0
5009,h2_storage,2030,209,17,17,0.0
5010,h2_storage,2030,209,18,18,0.0
5011,h2_storage,2030,209,19,19,0.0
5012,h2_storage,2030,209,20,20,0.0
5013,h2_storage,2030,209,21,21,0.0
5014,h2_storage,2030,209,22,22,0.0
5015,h2_storage,2030,209,23,23,0.0
5016,h2_storage,2030,209,24,24,0.0
5017,h2_storage,2030,210,1,1,0.0
5018,h2_storage,2030,210,2,2,0.0
5019,h2_storage,2030,210,3,3,0.0
5020,h2_storage,2030,210,4,4,0.0
5021,h2_storage,2030,210,5,5,0.0
5022,h2_storage,2030,210,6,6,0.0
5023,h2_storage,2030,210,7,7,0.0
5024,h2_storage,2030,210,8,8,0.0
5025,h2_storage,2030,210,9,9,0.0
5026,h2_storage,2030,210,10,10,0.0
5027,h2_storage,2030,210,11,11,0.0
5028,h2_storage,2030,210,12,12,0.0
5029,h2_storage,2030,210,13,13,0.0
5030,h2_storage,2030,210,14,14,0.0
5031,h2_storage,2030,210,15,15,0.0
5032,h2_storage,2030,210,16,16,0.0
5033,h2_storage,2030,210,17,17,0.0
5034,h2_storage,2030,210,18,18,0.0
5035,h2_storage,2030,210,19,19,0.0
5036,h2_storage,2030,210,20,20,0.0
5037,h2_storage,2030,210,21,21,0.0
5038,h2_storage,2030,210,22,22,0.0
5039,h2_storage,2030,210,23,23,0.0
5040,h2_storage,2030,210,24,24,0.0
5041,h2_storage,2030,211,1,1,0.0
5042,h2_storage,2030,211,2,2,0.0
5043,h2_storage,2030,211,3,3,0.0
5044,h2_storage,2030,211,4,4,0.0
5045,h2_storage,2030,211,5,5,0.0
5046,h2_storage,2030,211,6,6,0.0
5047,h2_storage,2030,211,7,7,0.0
5048,h2_storage,2030,211,8,8,0.0
5049,h2_storage,2030,211,9,9,0.0
5050,h2_storage,2030,211,10,10,0.0
5051,h2_storage,2030,211,11,11,0.0
5052,h2_storage,2030,211,12,12,0.0
5053,h2_storage,2030,211,13,13,0.0
5054,h2_storage,2030,211,14,14,0.0
5055,h2_storage,2030,211,15,15,0.0
5056,h2_storage,2030,211,16,16,0.0
5057,h2_storage,2030,211,17,17,0.0
5058,h2_storage,2030,211,18,18,0.0
5059,h2_storage,2030,211,19,19,0.0
5060,h2_storage,2030,211,20,20,0.0
5061,h2_storage,2030,211,21,21,0.0
5062,h2_storage,2030,211,22,22,0.0
5063,h2_storage,2030,211,23,23,0.0
5064,h2_storage,2030,211,24,24,0.0
5065,h2_storage,2030,212,1,1,0.0
5066,h2_storage,2030,212,2,2,0.0
5067,h2_storage,2030,212,3,3,0.0
5068,h2_storage,2030,212,4,4,0.0
5069,h2_storage,2030,212,5,5,0.0
5070,h2_storage,2030,212,6,6,0.0
5071,h2_storage,2030,212,7,7,0.0
5072,h2_storage,2030,212,8,8,0.0
5073,h2_storage,2030,212,9,9,0.0
5074,h2_storage,2030,212,10,10,0.0
5075,h2_storage,2030,212,11,11,0.0
5076,h2_storage,2030,212,12,12,0.0
5077,h2_storage,2030,212,13,13,0.0
5078,h2_storage,2030,212,14,14,0.0
5079,h2_storage,2030,212,15,15,0.0
5080,h2_storage,2030,212,16,16,0.0
5081,h2_storage,2030,212,17,17,0.0
5082,h2_storage,2030,212,18,18,0.0
5083,h2_storage,2030,212,19,19,0.0
5084,h2_storage,2030,212,20,20,0.0
5085,h2_storage,2030,212,21,21,0.0
5086,h2_storage,2030,212,22,22,0.0
5087,h2_storage,2030,212,23,23,0.0
5088,h2_storage,2030,212,24,24,0.0
5089,h2_storage,2030,213,1,1,0.0
5090,h2_storage,2030,213,2,2,0.0
5091,h2_storage,2030,213,3,3,0.0
5092,h2_storage,2030,213,4,4,0.0
5093,h2_storage,2030,213,5,5,0.0
5094,h2_storage,2030,213,6,6,0.0
5095,h2_storage,2030,213,7,7,0.0
5096,h2_storage,2030,213,8,8,0.0
5097,h2_storage,2030,213,9,9,0.0
5098,h2_storage,2030,213,10,10,0.0
5099,h2_storage,2030,213,11,11,0.0
5100,h2_storage,2030,213,12,12,0.0
5101,h2_storage,2030,213,13,13,0.0
5102,h2_storage,2030,213,14,14,0.0
5103,h2_storage,2030,213,15,15,0.0
5104,h2_storage,2030,213,16,16,0.0
5105,h2_storage,2030,213,17,17,0.0
5106,h2_storage,2030,213,18,18,0.0
5107,h2_storage,2030,213,19,19,0.0
5108,h2_storage,2030,213,20,20,0.0
5109,h2_storage,2030,213,21,21,0.0
5110,h2_storage,2030,213,22,22,0.0
5111,h2_storage,2030,213,23,23,0.0
5112,h2_storage,2030,213,24,24,0.0
5113,h2_storage,2030,214,1,1,0.0
5114,h2_storage,2030,214,2,2,0.0
5115,h2_storage,2030,214,3,3,0.0
5116,h2_storage,2030,214,4,4,0.0
5117,h2_storage,2030,214,5,5,0.0
5118,h2_storage,2030,214,6,6,0.0
5119,h2_storage,2030,214,7,7,0.0
5120,h2_storage,2030,214,8,8,0.0
5121,h2_storage,2030,214,9,9,0.0
5122,h2_storage,2030,214,10,10,0.0
5123,h2_storage,2030,214,11,11,0.0
5124,h2_storage,2030,214,12,12,0.0
5125,h2_storage,2030,214,13,13,0.0
5126,h2_storage,2030,214,14,14,0.0
5127,h2_storage,2030,214,15,15,0.0
5128,h2_storage,2030,214,16,16,0.0
5129,h2_storage,2030,214,17,17,0.0
5130,h2_storage,2030,214,18,18,0.0
5131,h2_storage,2030,214,19,19,0.0
5132,h2_storage,2030,214,20,20,0.0
5133,h2_storage,2030,214,21,21,0.0
5134,h2_storage,2030,214,22,22,0.0
5135,h2_storage,2030,214,23,23,0.0
5136,h2_storage,2030,214,24,24,0.0
5137,h2_storage,2030,215,1,1,0.0
5138,h2_storage,2030,215,2,2,0.0
5139,h2_storage,2030,215,3,3,0.0
5140,h2_storage,2030,215,4,4,0.0
5141,h2_storage,2030,215,5,5,0.0
5142,h2_storage,2030,215,6,6,0.0
5143,h2_storage,2030,215,7,7,0.0
5144,h2_storage,2030,215,8,8,0.0
5145,h2_storage,2030,215,9,9,0.0
5146,h2_storage,2030,215,10,10,0.0
5147,h2_storage,2030,215,11,11,0.0
5148,h2_storage,2030,215,12,12,0.0
5149,h2_storage,2030,215,13,13,0.0
5150,h2_storage,2030,215,14,14,0.0
5151,h2_storage,2030,215,15,15,0.0
5152,h2_storage,2030,215,16,16,0.0
5153,h2_storage,2030,215,17,17,0.0
5154,h2_storage,2030,215,18,18,0.0
5155,h2_storage,2030,215,19,19,0.0
5156,h2_storage,2030,215,20,20,0.0
5157,h2_storage,2030,215,21,21,0.0
5158,h2_storage,2030,215,22,22,0.0
5159,h2_storage,2030,215,23,23,0.0
5160,h2_storage,2030,215,24,24,0.0
5161,h2_storage,2030,216,1,1,0.0
5162,h2_storage,2030,216,2,2,0.0
5163,h2_storage,2030,216,3,3,0.0
5164,h2_storage,2030,216,4,4,0.0
5165,h2_storage,2030,216,5,5,0.0
5166,h2_storage,2030,216,6,6,0.0
5167,h2_storage,2030,216,7,7,0.0
5168,h2_storage,2030,216,8,8,0.0
5169,h2_storage,2030,216,9,9,0.0
5170,h2_storage,2030,216,10,10,0.0
5171,h2_storage,2030,216,11,11,0.0
5172,h2_storage,2030,216,12,12,0.0
5173,h2_storage,2030,216,13,13,0.0
5174,h2_storage,2030,216,14,14,0.0
5175,h2_storage,2030,216,15,15,0.0
5176,h2_storage,2030,216,16,16,0.0
5177,h2_storage,2030,216,17,17,0.0
5178,h2_storage,2030,216,18,18,0.0
5179,h2_storage,2030,216,19,19,0.0
5180,h2_storage,2030,216,20,20,0.0
5181,h2_storage,2030,216,21,21,0.0
5182,h2_storage,2030,216,22,22,0.0
5183,h2_storage,2030,216,23,23,0.0
5184,h2_storage,2030,216,24,24,0.0
5185,h2_storage,2030,217,1,1,0.0
5186,h2_storage,2030,217,2,2,0.0
5187,h2_storage,2030,217,3,3,0.0
5188,h2_storage,2030,217,4,4,0.0
5189,h2_storage,2030,217,5,5,0.0
5190,h2_storage,2030,217,6,6,0.0
5191,h2_storage,2030,217,7,7,0.0
5192,h2_storage,2030,217,8,8,0.0
5193,h2_storage,2030,217,9,9,0.0
5194,h2_storage,2030,217,10,10,0.0
5195,h2_storage,2030,217,11,11,0.0
5196,h2_storage,2030,217,12,12,0.0
5197,h2_storage,2030,217,13,13,0.0
5198,h2_storage,2030,217,14,14,0.0
5199,h2_storage,2030,217,15,15,0.0
5200,h2_storage,2030,217,16,16,0.0
5201,h2_storage,2030,217,17,17,0.0
5202,h2_storage,2030,217,18,18,0.0
5203,h2_storage,2030,217,19,19,0.0
5204,h2_storage,2030,217,20,20,0.0
5205,h2_storage,2030,217,21,21,0.0
5206,h2_storage,2030,217,22,22,0.0
5207,h2_storage,2030,217,23,23,0.0
5208,h2_storage,2030,217,24,24,0.0
5209,h2_storage,2030,218,1,1,0.0
5210,h2_storage,2030,218,2,2,0.0
5211,h2_storage,2030,218,3,3,0.0
5212,h2_storage,2030,218,4,4,0.0
5213,h2_storage,2030,218,5,5,0.0
5214,h2_storage,2030,218,6,6,0.0
5215,h2_storage,2030,218,7,7,0.0
5216,h2_storage,2030,218,8,8,0.0
5217,h2_storage,2030,218,9,9,0.0
5218,h2_storage,2030,218,10,10,0.0
5219,h2_storage,2030,218,11,11,0.0
5220,h2_storage,2030,218,12,12,0.0
5221,h2_storage,2030,218,13,13,0.0
5222,h2_storage,2030,218,14,14,0.0
5223,h2_storage,2030,218,15,15,0.0
5224,h2_storage,2030,218,16,16,0.0
5225,h2_storage,2030,218,17,17,0.0
5226,h2_storage,2030,218,18,18,0.0
5227,h2_storage,2030,218,19,19,0.0
5228,h2_storage,2030,218,20,20,0.0
5229,h2_storage,2030,218,21,21,0.0
5230,h2_storage,2030,218,22,22,0.0
5231,h2_storage,2030,218,23,23,0.0
5232,h2_storage,2030,218,24,24,0.0
5233,h2_storage,2030,219,1,1,0.0
5234,h2_storage,2030,219,2,2,0.0
5235,h2_storage,2030,219,3,3,0.0
5236,h2_storage,2030,219,4,4,0.0
5237,h2_storage,2030,219,5,5,0.0
5238,h2_storage,2030,219,6,6,0.0
5239,h2_storage,2030,219,7,7,0.0
5240,h2_storage,2030,219,8,8,0.0
5241,h2_storage,2030,219,9,9,0.0
5242,h2_storage,2030,219,10,10,0.0
5243,h2_storage,2030,219,11,11,0.0
5244,h2_storage,2030,219,12,12,0.0
5245,h2_storage,2030,219,13,13,0.0
5246,h2_storage,2030,219,14,14,0.0
5247,h2_storage,2030,219,15,15,0.0
5248,h2_storage,2030,219,16,16,0.0
5249,h2_storage,2030,219,17,17,0.0
5250,h2_storage,2030,219,18,18,0.0
5251,h2_storage,2030,219,19,19,0.0
5252,h2_storage,2030,219,20,20,0.0
5253,h2_storage,2030,219,21,21,0.0
5254,h2_storage,2030,219,22,22,0.0
5255,h2_storage,2030,219,23,23,0.0
5256,h2_storage,2030,219,24,24,0.0
5257,h2_storage,2030,220,1,1,0.0
5258,h2_storage,2030,220,2,2,0.0
5259,h2_storage,2030,220,3,3,0.0
5260,h2_storage,2030,220,4,4,0.0
5261,h2_storage,2030,220,5,5,0.0
5262,h2_storage,2030,220,6,6,0.0
5263,h2_storage,2030,220,7,7,0.0
5264,h2_storage,2030,220,8,8,0.0
5265,h2_storage,2030,220,9,9,0.0
5266,h2_storage,2030,220,10,10,0.0
5267,h2_storage,2030,220,11,11,0.0
5268,h2_storage,2030,220,12,12,0.0
5269,h2_storage,2030,220,13,13,0.0
5270,h2_storage,2030,220,14,14,0.0
5271,h2_storage,2030,220,15,15,0.0
5272,h2_storage,2030,220,16,16,0.0
5273,h2_storage,2030,220,17,17,0.0
5274,h2_storage,2030,220,18,18,0.0
5275,h2_storage,2030,220,19,19,0.0
5276,h2_storage,2030,220,20,20,0.0
5277,h2_storage,2030,220,21,21,0.0
5278,h2_storage,2030,220,22,22,0.0
5279,h2_storage,2030,220,23,23,0.0
5280,h2_storage,2030,220,24,24,0.0
5281,h2_storage,2030,221,1,1,0.0
5282,h2_storage,2030,221,2,2,0.0
5283,h2_storage,2030,221,3,3,0.0
5284,h2_storage,2030,221,4,4,0.0
5285,h2_storage,2030,221,5,5,0.0
5286,h2_storage,2030,221,6,6,0.0
5287,h2_storage,2030,221,7,7,0.0
5288,h2_storage,2030,221,8,8,0.0
5289,h2_storage,2030,221,9,9,0.0
5290,h2_storage,2030,221,10,10,0.0
5291,h2_storage,2030,221,11,11,0.0
5292,h2_storage,2030,221,12,12,0.0
5293,h2_storage,2030,221,13,13,0.0
5294,h2_storage,2030,221,14,14,0.0
5295,h2_storage,2030,221,15,15,0.0
5296,h2_storage,2030,221,16,16,0.0
5297,h2_storage,2030,221,17,17,0.0
5298,h2_storage,2030,221,18,18,0.0
5299,h2_storage,2030,221,19,19,0.0
5300,h2_storage,2030,221,20,20,0.0
5301,h2_storage,2030,221,21,21,0.0
5302,h2_storage,2030,221,22,22,0.0
5303,h2_storage,2030,221,23,23,0.0
5304,h2_storage,2030,221,24,24,0.0
5305,h2_storage,2030,222,1,1,0.0
5306,h2_storage,2030,222,2,2,0.0
5307,h2_storage,2030,222,3,3,0.0
5308,h2_storage,2030,222,4,4,0.0
5309,h2_storage,2030,222,5,5,0.0
5310,h2_storage,2030,222,6,6,0.0
5311,h2_storage,2030,222,7,7,0.0
5312,h2_storage,2030,222,8,8,0.0
5313,h2_storage,2030,222,9,9,0.0
5314,h2_storage,2030,222,10,10,0.0
5315,h2_storage,2030,222,11,11,0.0
5316,h2_storage,2030,222,12,12,0.0
5317,h2_storage,2030,222,13,13,0.0
5318,h2_storage,2030,222,14,14,0.0
5319,h2_storage,2030,222,15,15,0.0
5320,h2_storage,2030,222,16,16,0.0
5321,h2_storage,2030,222,17,17,0.0
5322,h2_storage,2030,222,18,18,0.0
5323,h2_storage,2030,222,19,19,0.0
5324,h2_storage,2030,222,20,20,0.0
5325,h2_storage,2030,222,21,21,0.0
5326,h2_storage,2030,222,22,22,0.0
5327,h2_storage,2030,222,23,23,0.0
5328,h2_storage,2030,222,24,24,0.0
5329,h2_storage,2030,223,1,1,0.0
5330,h2_storage,2030,223,2,2,0.0
5331,h2_storage,2030,223,3,3,0.0
5332,h2_storage,2030,223,4,4,0.0
5333,h2_storage,2030,223,5,5,0.0
5334,h2_storage,2030,223,6,6,0.0
5335,h2_storage,2030,223,7,7,0.0
5336,h2_storage,2030,223,8,8,0.0
5337,h2_storage,2030,223,9,9,0.0
5338,h2_storage,2030,223,10,10,0.0
5339,h2_storage,2030,223,11,11,0.0
5340,h2_storage,2030,223,12,12,0.0
5341,h2_storage,2030,223,13,13,0.0
5342,h2_storage,2030,223,14,14,0.0
5343,h2_storage,2030,223,15,15,0.0
5344,h2_storage,2030,223,16,16,0.0
5345,h2_storage,2030,223,17,17,0.0
5346,h2_storage,2030,223,18,18,0.0
5347,h2_storage,2030,223,19,19,0.0
5348,h2_storage,2030,223,20,20,0.0
5349,h2_storage,2030,223,21,21,0.0
5350,h2_storage,2030,223,22,22,0.0
5351,h2_storage,2030,223,23,23,0.0
5352,h2_storage,2030,223,24,24,0.0
5353,h2_storage,2030,224,1,1,0.0
5354,h2_storage,2030,224,2,2,0.0
5355,h2_storage,2030,224,3,3,0.0
5356,h2_storage,2030,224,4,4,0.0
5357,h2_storage,2030,224,5,5,0.0
5358,h2_storage,2030,224,6,6,0.0
5359,h2_storage,2030,224,7,7,0.0
5360,h2_storage,2030,224,8,8,0.0
5361,h2_storage,2030,224,9,9,0.0
5362,h2_storage,2030,224,10,10,0.0
5363,h2_storage,2030,224,11,11,0.0
5364,h2_storage,2030,224,12,12,0.0
5365,h2_storage,2030,224,13,13,0.0
5366,h2_storage,2030,224,14,14,0.0
5367,h2_storage,2030,224,15,15,0.0
5368,h2_storage,2030,224,16,16,0.0
5369,h2_storage,2030,224,17,17,0.0
5370,h2_storage,2030,224,18,18,0.0
5371,h2_storage,2030,224,19,19,0.0
5372,h2_storage,2030,224,20,20,0.0
5373,h2_storage,2030,224,21,21,0.0
5374,h2_storage,2030,224,22,22,0.0
5375,h2_storage,2030,224,23,23,0.0
5376,h2_storage,2030,224,24,24,0.0
5377,h2_storage,2030,225,1,1,0.0
5378,h2_storage,2030,225,2,2,0.0
5379,h2_storage,2030,225,3,3,0.0
5380,h2_storage,2030,225,4,4,0.0
5381,h2_storage,2030,225,5,5,0.0
5382,h2_storage,2030,225,6,6,0.0
5383,h2_storage,2030,225,7,7,0.0
5384,h2_storage,2030,225,8,8,0.0
5385,h2_storage,2030,225,9,9,0.0
5386,h2_storage,2030,225,10,10,0.0
5387,h2_storage,2030,225,11,11,0.0
5388,h2_storage,2030,225,12,12,0.0
5389,h2_storage,2030,225,13,13,0.0
5390,h2_storage,2030,225,14,14,0.0
5391,h2_storage,2030,225,15,15,0.0
5392,h2_storage,2030,225,16,16,0.0
5393,h2_storage,2030,225,17,17,0.0
5394,h2_storage,2030,225,18,18,0.0
5395,h2_storage,2030,225,19,19,0.0
5396,h2_storage,2030,225,20,20,0.0
5397,h2_storage,2030,225,21,21,0.0
5398,h2_storage,2030,225,22,22,0.0
5399,h2_storage,2030,225,23,23,0.0
5400,h2_storage,2030,225,24,24,0.0
5401,h2_storage,2030,226,1,1,0.0
5402,h2_storage,2030,226,2,2,0.0
5403,h2_storage,2030,226,3,3,0.0
5404,h2_storage,2030,226,4,4,0.0
5405,h2_storage,2030,226,5,5,0.0
5406,h2_storage,2030,226,6,6,0.0
5407,h2_storage,2030,226,7,7,0.0
5408,h2_storage,2030,226,8,8,0.0
5409,h2_storage,2030,226,9,9,0.0
5410,h2_storage,2030,226,10,10,0.0
5411,h2_storage,2030,226,11,11,0.0
5412,h2_storage,2030,226,12,12,0.0
5413,h2_storage,2030,226,13,13,0.0
5414,h2_storage,2030,226,14,14,0.0
5415,h2_storage,2030,226,15,15,0.0
5416,h2_storage,2030,226,16,16,0.0
5417,h2_storage,2030,226,17,17,0.0
5418,h2_storage,2030,226,18,18,0.0
5419,h2_storage,2030,226,19,19,0.0
5420,h2_storage,2030,226,20,20,0.0
5421,h2_storage,2030,226,21,21,0.0
5422,h2_storage,2030,226,22,22,0.0
5423,h2_storage,2030,226,23,23,0.0
5424,h2_storage,2030,226,24,24,0.0
5425,h2_storage,2030,227,1,1,0.0
5426,h2_storage,2030,227,2,2,0.0
5427,h2_storage,2030,227,3,3,0.0
5428,h2_storage,2030,227,4,4,0.0
5429,h2_storage,2030,227,5,5,0.0
5430,h2_storage,2030,227,6,6,0.0
5431,h2_storage,2030,227,7,7,0.0
5432,h2_storage,2030,227,8,8,0.0
5433,h2_storage,2030,227,9,9,0.0
5434,h2_storage,2030,227,10,10,0.0
5435,h2_storage,2030,227,11,11,0.0
5436,h2_storage,2030,227,12,12,0.0
5437,h2_storage,2030,227,13,13,0.0
5438,h2_storage,2030,227,14,14,0.0
5439,h2_storage,2030,227,15,15,0.0
5440,h2_storage,2030,227,16,16,0.0
5441,h2_storage,2030,227,17,17,0.0
5442,h2_storage,2030,227,18,18,0.0
5443,h2_storage,2030,227,19,19,0.0
5444,h2_storage,2030,227,20,20,0.0
5445,h2_storage,2030,227,21,21,0.0
5446,h2_storage,2030,227,22,22,0.0
5447,h2_storage,2030,227,23,23,0.0
5448,h2_storage,2030,227,24,24,0.0
5449,h2_storage,2030,228,1,1,0.0
5450,h2_storage,2030,228,2,2,0.0
5451,h2_storage,2030,228,3,3,0.0
5452,h2_storage,2030,228,4,4,0.0
5453,h2_storage,2030,228,5,5,0.0
5454,h2_storage,2030,228,6,6,0.0
5455,h2_storage,2030,228,7,7,0.0
5456,h2_storage,2030,228,8,8,0.0
5457,h2_storage,2030,228,9,9,0.0
5458,h2_storage,2030,228,10,10,0.0
5459,h2_storage,2030,228,11,11,0.0
5460,h2_storage,2030,228,12,12,0.0
5461,h2_storage,2030,228,13,13,0.0
5462,h2_storage,2030,228,14,14,0.0
5463,h2_storage,2030,228,15,15,0.0
5464,h2_storage,2030,228,16,16,0.0
5465,h2_storage,2030,228,17,17,0.0
5466,h2_storage,2030,228,18,18,0.0
5467,h2_storage,2030,228,19,19,0.0
5468,h2_storage,2030,228,20,20,0.0
5469,h2_storage,2030,228,21,21,0.0
5470,h2_storage,2030,228,22,22,0.0
5471,h2_storage,2030,228,23,23,0.0
5472,h2_storage,2030,228,24,24,0.0
5473,h2_storage,2030,229,1,1,0.0
5474,h2_storage,2030,229,2,2,0.0
5475,h2_storage,2030,229,3,3,0.0
5476,h2_storage,2030,229,4,4,0.0
5477,h2_storage,2030,229,5,5,0.0
5478,h2_storage,2030,229,6,6,0.0
5479,h2_storage,2030,229,7,7,0.0
5480,h2_storage,2030,229,8,8,0.0
5481,h2_storage,2030,229,9,9,0.0
5482,h2_storage,2030,229,10,10,0.0
5483,h2_storage,2030,229,11,11,0.0
5484,h2_storage,2030,229,12,12,0.0
5485,h2_storage,2030,229,13,13,0.0
5486,h2_storage,2030,229,14,14,0.0
5487,h2_storage,2030,229,15,15,0.0
5488,h2_storage,2030,229,16,16,0.0
5489,h2_storage,2030,229,17,17,0.0
5490,h2_storage,2030,229,18,18,0.0
5491,h2_storage,2030,229,19,19,0.0
5492,h2_storage,2030,229,20,20,0.0
5493,h2_storage,2030,229,21,21,0.0
5494,h2_storage,2030,229,22,22,0.0
5495,h2_storage,2030,229,23,23,0.0
5496,h2_storage,2030,229,24,24,0.0
5497,h2_storage,2030,230,1,1,0.0
5498,h2_storage,2030,230,2,2,0.0
5499,h2_storage,2030,230,3,3,0.0
5500,h2_storage,2030,230,4,4,0.0
5501,h2_storage,2030,230,5,5,0.0
5502,h2_storage,2030,230,6,6,0.0
5503,h2_storage,2030,230,7,7,0.0
5504,h2_storage,2030,230,8,8,0.0
5505,h2_storage,2030,230,9,9,0.0
5506,h2_storage,2030,230,10,10,0.0
5507,h2_storage,2030,230,11,11,0.0
5508,h2_storage,2030,230,12,12,0.0
5509,h2_storage,2030,230,13,13,0.0
5510,h2_storage,2030,230,14,14,0.0
5511,h2_storage,2030,230,15,15,0.0
5512,h2_storage,2030,230,16,16,0.0
5513,h2_storage,2030,230,17,17,0.0
5514,h2_storage,2030,230,18,18,0.0
5515,h2_storage,2030,230,19,19,0.0
5516,h2_storage,2030,230,20,20,0.0
5517,h2_storage,2030,230,21,21,0.0
5518,h2_storage,2030,230,22,22,0.0
5519,h2_storage,2030,230,23,23,0.0
5520,h2_storage,2030,230,24,24,0.0
5521,h2_storage,2030,231,1,1,0.0
5522,h2_storage,2030,231,2,2,0.0
5523,h2_storage,2030,231,3,3,0.0
5524,h2_storage,2030,231,4,4,0.0
5525,h2_storage,2030,231,5,5,0.0
5526,h2_storage,2030,231,6,6,0.0
5527,h2_storage,2030,231,7,7,0.0
5528,h2_storage,2030,231,8,8,0.0
5529,h2_storage,2030,231,9,9,0.0
5530,h2_storage,2030,231,10,10,0.0
5531,h2_storage,2030,231,11,11,0.0
5532,h2_storage,2030,231,12,12,0.0
5533,h2_storage,2030,231,13,13,0.0
5534,h2_storage,2030,231,14,14,0.0
5535,h2_storage,2030,231,15,15,0.0
5536,h2_storage,2030,231,16,16,0.0
5537,h2_storage,2030,231,17,17,0.0
5538,h2_storage,2030,231,18,18,0.0
5539,h2_storage,2030,231,19,19,0.0
5540,h2_storage,2030,231,20,20,0.0
5541,h2_storage,2030,231,21,21,0.0
5542,h2_storage,2030,231,22,22,0.0
5543,h2_storage,2030,231,23,23,0.0
5544,h2_storage,2030,231,24,24,0.0
5545,h2_storage,2030,232,1,1,0.0
5546,h2_storage,2030,232,2,2,0.0
5547,h2_storage,2030,232,3,3,0.0
5548,h2_storage,2030,232,4,4,0.0
5549,h2_storage,2030,232,5,5,0.0
5550,h2_storage,2030,232,6,6,0.0
5551,h2_storage,2030,232,7,7,0.0
5552,h2_storage,2030,232,8,8,0.0
5553,h2_storage,2030,232,9,9,0.0
5554,h2_storage,2030,232,10,10,0.0
5555,h2_storage,2030,232,11,11,0.0
5556,h2_storage,2030,232,12,12,0.0
5557,h2_storage,2030,232,13,13,0.0
5558,h2_storage,2030,232,14,14,0.0
5559,h2_storage,2030,232,15,15,0.0
5560,h2_storage,2030,232,16,16,0.0
5561,h2_storage,2030,232,17,17,0.0
5562,h2_storage,2030,232,18,18,0.0
5563,h2_storage,2030,232,19,19,0.0
5564,h2_storage,2030,232,20,20,0.0
5565,h2_storage,2030,232,21,21,0.0
5566,h2_storage,2030,232,22,22,0.0
5567,h2_storage,2030,232,23,23,0.0
5568,h2_storage,2030,232,24,24,0.0
5569,h2_storage,2030,233,1,1,0.0
5570,h2_storage,2030,233,2,2,0.0
5571,h2_storage,2030,233,3,3,0.0
5572,h2_storage,2030,233,4,4,0.0
5573,h2_storage,2030,233,5,5,0.0
5574,h2_storage,2030,233,6,6,0.0
5575,h2_storage,2030,233,7,7,0.0
5576,h2_storage,2030,233,8,8,0.0
5577,h2_storage,2030,233,9,9,0.0
5578,h2_storage,2030,233,10,10,0.0
5579,h2_storage,2030,233,11,11,0.0
5580,h2_storage,2030,233,12,12,0.0
5581,h2_storage,2030,233,13,13,0.0
5582,h2_storage,2030,233,14,14,0.0
5583,h2_storage,2030,233,15,15,0.0
5584,h2_storage,2030,233,16,16,0.0
5585,h2_storage,2030,233,17,17,0.0
5586,h2_storage,2030,233,18,18,0.0
5587,h2_storage,2030,233,19,19,0.0
5588,h2_storage,2030,233,20,20,0.0
5589,h2_storage,2030,233,21,21,0.0
5590,h2_storage,2030,233,22,22,0.0
5591,h2_storage,2030,233,23,23,0.0
5592,h2_storage,2030,233,24,24,0.0
5593,h2_storage,2030,234,1,1,0.0
5594,h2_storage,2030,234,2,2,0.0
5595,h2_storage,2030,234,3,3,0.0
5596,h2_storage,2030,234,4,4,0.0
5597,h2_storage,2030,234,5,5,0.0
5598,h2_storage,2030,234,6,6,0.0
5599,h2_storage,2030,234,7,7,0.0
5600,h2_storage,2030,234,8,8,0.0
5601,h2_storage,2030,234,9,9,0.0
5602,h2_storage,2030,234,10,10,0.0
5603,h2_storage,2030,234,11,11,0.0
5604,h2_storage,2030,234,12,12,0.0
5605,h2_storage,2030,234,13,13,0.0
5606,h2_storage,2030,234,14,14,0.0
5607,h2_storage,2030,234,15,15,0.0
5608,h2_storage,2030,234,16,16,0.0
5609,h2_storage,2030,234,17,17,0.0
5610,h2_storage,2030,234,18,18,0.0
5611,h2_storage,2030,234,19,19,0.0
5612,h2_storage,2030,234,20,20,0.0
5613,h2_storage,2030,234,21,21,0.0
5614,h2_storage,2030,234,22,22,0.0
5615,h2_storage,2030,234,23,23,0.0
5616,h2_storage,2030,234,24,24,0.0
5617,h2_storage,2030,235,1,1,0.0
5618,h2_storage,2030,235,2,2,0.0
5619,h2_storage,2030,235,3,3,0.0
5620,h2_storage,2030,235,4,4,0.0
5621,h2_storage,2030,235,5,5,0.0
5622,h2_storage,2030,235,6,6,0.0
5623,h2_storage,2030,235,7,7,0.0
5624,h2_storage,2030,235,8,8,0.0
5625,h2_storage,2030,235,9,9,0.0
5626,h2_storage,2030,235,10,10,0.0
5627,h2_storage,2030,235,11,11,0.0
5628,h2_storage,2030,235,12,12,0.0
5629,h2_storage,2030,235,13,13,0.0
5630,h2_storage,2030,235,14,14,0.0
5631,h2_storage,2030,235,15,15,0.0
5632,h2_storage,2030,235,16,16,0.0
5633,h2_storage,2030,235,17,17,0.0
5634,h2_storage,2030,235,18,18,0.0
5635,h2_storage,2030,235,19,19,0.0
5636,h2_storage,2030,235,20,20,0.0
5637,h2_storage,2030,235,21,21,0.0
5638,h2_storage,2030,235,22,22,0.0
5639,h2_storage,2030,235,23,23,0.0
5640,h2_storage,2030,235,24,24,0.0
5641,h2_storage,2030,236,1,1,0.0
5642,h2_storage,2030,236,2,2,0.0
5643,h2_storage,2030,236,3,3,0.0
5644,h2_storage,2030,236,4,4,0.0
5645,h2_storage,2030,236,5,5,0.0
5646,h2_storage,2030,236,6,6,0.0
5647,h2_storage,2030,236,7,7,0.0
5648,h2_storage,2030,236,8,8,0.0
5649,h2_storage,2030,236,9,9,0.0
5650,h2_storage,2030,236,10,10,0.0
5651,h2_storage,2030,236,11,11,0.0
5652,h2_storage,2030,236,12,12,0.0
5653,h2_storage,2030,236,13,13,0.0
5654,h2_storage,2030,236,14,14,0.0
5655,h2_storage,2030,236,15,15,0.0
5656,h2_storage,2030,236,16,16,0.0
5657,h2_storage,2030,236,17,17,0.0
5658,h2_storage,2030,236,18,18,0.0
5659,h2_storage,2030,236,19,19,0.0
5660,h2_storage,2030,236,20,20,0.0
5661,h2_storage,2030,236,21,21,0.0
5662,h2_storage,2030,236,22,22,0.0
5663,h2_storage,2030,236,23,23,0.0
5664,h2_storage,2030,236,24,24,0.0
5665,h2_storage,2030,237,1,1,0.0
5666,h2_storage,2030,237,2,2,0.0
5667,h2_storage,2030,237,3,3,0.0
5668,h2_storage,2030,237,4,4,0.0
5669,h2_storage,2030,237,5,5,0.0
5670,h2_storage,2030,237,6,6,0.0
5671,h2_storage,2030,237,7,7,0.0
5672,h2_storage,2030,237,8,8,0.0
5673,h2_storage,2030,237,9,9,0.0
5674,h2_storage,2030,237,10,10,0.0
5675,h2_storage,2030,237,11,11,0.0
5676,h2_storage,2030,237,12,12,0.0
5677,h2_storage,2030,237,13,13,0.0
5678,h2_storage,2030,237,14,14,0.0
5679,h2_storage,2030,237,15,15,0.0
5680,h2_storage,2030,237,16,16,0.0
5681,h2_storage,2030,237,17,17,0.0
5682,h2_storage,2030,237,18,18,0.0
5683,h2_storage,2030,237,19,19,0.0
5684,h2_storage,2030,237,20,20,0.0
5685,h2_storage,2030,237,21,21,0.0
5686,h2_storage,2030,237,22,22,0.0
5687,h2_storage,2030,237,23,23,0.0
5688,h2_storage,2030,237,24,24,0.0
5689,h2_storage,2030,238,1,1,0.0
5690,h2_storage,2030,238,2,2,0.0
5691,h2_storage,2030,238,3,3,0.0
5692,h2_storage,2030,238,4,4,0.0
5693,h2_storage,2030,238,5,5,0.0
5694,h2_storage,2030,238,6,6,0.0
5695,h2_storage,2030,238,7,7,0.0
5696,h2_storage,2030,238,8,8,0.0
5697,h2_storage,2030,238,9,9,0.0
5698,h2_storage,2030,238,10,10,0.0
5699,h2_storage,2030,238,11,11,0.0
5700,h2_storage,2030,238,12,12,0.0
5701,h2_storage,2030,238,13,13,0.0
5702,h2_storage,2030,238,14,14,0.0
5703,h2_storage,2030,238,15,15,0.0
5704,h2_storage,2030,238,16,16,0.0
5705,h2_storage,2030,238,17,17,0.0
5706,h2_storage,2030,238,18,18,0.0
5707,h2_storage,2030,238,19,19,0.0
5708,h2_storage,2030,238,20,20,0.0
5709,h2_storage,2030,238,21,21,0.0
5710,h2_storage,2030,238,22,22,0.0
5711,h2_storage,2030,238,23,23,0.0
5712,h2_storage,2030,238,24,24,0.0
5713,h2_storage,2030,239,1,1,0.0
5714,h2_storage,2030,239,2,2,0.0
5715,h2_storage,2030,239,3,3,0.0
5716,h2_storage,2030,239,4,4,0.0
5717,h2_storage,2030,239,5,5,0.0
5718,h2_storage,2030,239,6,6,0.0
5719,h2_storage,2030,239,7,7,0.0
5720,h2_storage,2030,239,8,8,0.0
5721,h2_storage,2030,239,9,9,0.0
5722,h2_storage,2030,239,10,10,0.0
5723,h2_storage,2030,239,11,11,0.0
5724,h2_storage,2030,239,12,12,0.0
5725,h2_storage,2030,239,13,13,0.0
5726,h2_storage,2030,239,14,14,0.0
5727,h2_storage,2030,239,15,15,0.0
5728,h2_storage,2030,239,16,16,0.0
5729,h2_storage,2030,239,17,17,0.0
5730,h2_storage,2030,239,18,18,0.0
5731,h2_storage,2030,239,19,19,0.0
5732,h2_storage,2030,239,20,20,0.0
5733,h2_storage,2030,239,21,21,0.0
5734,h2_storage,2030,239,22,22,0.0
5735,h2_storage,2030,239,23,23,0.0
5736,h2_storage,2030,239,24,24,0.0
5737,h2_storage,2030,240,1,1,0.0
5738,h2_storage,2030,240,2,2,0.0
5739,h2_storage,2030,240,3,3,0.0
5740,h2_storage,2030,240,4,4,0.0
5741,h2_storage,2030,240,5,5,0.0
5742,h2_storage,2030,240,6,6,0.0
5743,h2_storage,2030,240,7,7,0.0
5744,h2_storage,2030,240,8,8,0.0
5745,h2_storage,2030,240,9,9,0.0
5746,h2_storage,2030,240,10,10,0.0
5747,h2_storage,2030,240,11,11,0.0
5748,h2_storage,2030,240,12,12,0.0
5749,h2_storage,2030,240,13,13,0.0
5750,h2_storage,2030,240,14,14,0.0
5751,h2_storage,2030,240,15,15,0.0
5752,h2_storage,2030,240,16,16,0.0
5753,h2_storage,2030,240,17,17,0.0
5754,h2_storage,2030,240,18,18,0.0
5755,h2_storage,2030,240,19,19,0.0
5756,h2_storage,2030,240,20,20,0.0
5757,h2_storage,2030,240,21,21,0.0
5758,h2_storage,2030,240,22,22,0.0
5759,h2_storage,2030,240,23,23,0.0
5760,h2_storage,2030,240,24,24,0.0
5761,hydro_reservoir,2030,1,1,1,0.08783068783068783
5762,hydro_reservoir,2030,1,2,2,0.17566137566137566
5763,hydro_reservoir,2030,1,3,3,0.2634920634920635
5764,hydro_reservoir,2030,1,4,4,0.3513227513227513
5765,hydro_reservoir,2030,1,5,5,0.43915343915343913
5766,hydro_reservoir,2030,1,6,6,0.526984126984127
5767,hydro_reservoir,2030,1,7,7,0.6148148148148148
5768,hydro_reservoir,2030,1,8,8,0.6155374373584317
5769,hydro_reservoir,2030,1,9,9,0.7033681251891195
5770,hydro_reservoir,2030,1,10,10,0.7911988130198073
5771,hydro_reservoir,2030,1,11,11,0.737909424702551
5772,hydro_reservoir,2030,1,12,12,0.8257401125332389
5773,hydro_reservoir,2030,1,13,13,0.9135708003639267
5774,hydro_reservoir,2030,1,14,14,1.0014014881946145
5775,hydro_reservoir,2030,1,15,15,1.0892321760253023
5776,hydro_reservoir,2030,1,16,16,1.0926508200736285
5777,hydro_reservoir,2030,1,17,17,1.1804815079043163
5778,hydro_reservoir,2030,1,18,18,1.268312195735004
5779,hydro_reservoir,2030,1,19,19,1.356142883565692
5780,hydro_reservoir,2030,1,20,20,1.4439735713963797
5781,hydro_reservoir,2030,1,21,21,1.5318042592270675
5782,hydro_reservoir,2030,1,22,22,1.6196349470577553
5783,hydro_reservoir,2030,1,23,23,1.7074656348884432
5784,hydro_reservoir,2030,1,24,24,1.795296322719131
5785,hydro_reservoir,2030,2,1,1,-0.8064531801058799
5786,hydro_reservoir,2030,2,2,2,-0.718269758589125
5787,hydro_reservoir,2030,2,3,3,-0.6300863370723702
5788,hydro_reservoir,2030,2,4,4,-0.5419029155556153
5789,hydro_reservoir,2030,2,5,5,-0.45371949403886047
5790,hydro_reservoir,2030,2,6,6,-0.3655360725221056
5791,hydro_reservoir,2030,2,7,7,-0.2773526510053508
5792,hydro_reservoir,2030,2,8,8,-0.241957041702401
5793,hydro_reservoir,2030,2,9,9,-0.24977295605831906
5794,hydro_reservoir,2030,2,10,10,-1.161589534541564
5795,hydro_reservoir,2030,2,11,11,-1.1837549146227597
5796,hydro_reservoir,2030,2,12,12,-1.164755568237928
5797,hydro_reservoir,2030,2,13,13,-1.1276284315691827
5798,hydro_reservoir,2030,2,14,14,-1.0693945909412397
5799,hydro_reservoir,2030,2,15,15,-0.9866593056848476
5800,hydro_reservoir,2030,2,16,16,-0.8984758841680928
5801,hydro_reservoir,2030,2,17,17,-0.8102924626513379
5802,hydro_reservoir,2030,2,18,18,-0.7221090411345831
5803,hydro_reservoir,2030,2,19,19,-0.6339256196178282
5804,hydro_reservoir,2030,2,20,20,-0.5457421981010734
5805,hydro_reservoir,2030,2,21,21,-0.45755877658431854
5806,hydro_reservoir,2030,2,22,22,-0.3693753550675637
5807,hydro_reservoir,2030,2,23,23,-0.28119193355080885
5808,hydro_reservoir,2030,2,24,24,-0.19300851203405403
5809,hydro_reservoir,2030,3,1,1,-0.21483949528503718
5810,hydro_reservoir,2030,3,2,2,-0.37710976820455144
5811,hydro_reservoir,2030,3,3,3,-0.35294751070896063
5812,hydro_reservoir,2030,3,4,4,-0.4683449239762336
5813,hydro_reservoir,2030,3,5,5,-0.4441826664806428
5814,hydro_reservoir,2030,3,6,6,-0.420020408985052
5815,hydro_reservoir,2030,3,7,7,-0.3958581514894612
5816,hydro_reservoir,2030,3,8,8,-0.3716958939938704
5817,hydro_reservoir,2030,3,9,9,-0.34753363649827956
5818,hydro_reservoir,2030,3,10,10,-0.32337137900268875
5819,hydro_reservoir,2030,3,11,11,-0.29920912150709794
5820,hydro_reservoir,2030,3,12,12,-0.27504686401150713
5821,hydro_reservoir,2030,3,13,13,-0.2508846065159163
5822,hydro_reservoir,2030,3,14,14,-0.5315393879919461
5823,hydro_reservoir,2030,3,15,15,-0.5073771304963552
5824,hydro_reservoir,2030,3,16,16,-0.48321487300076443
5825,hydro_reservoir,2030,3,17,17,-0.4590526155051736
5826,hydro_reservoir,2030,3,18,18,-1.063026539076997
5827,hydro_reservoir,2030,3,19,19,-1.0388642815814062
5828,hydro_reservoir,2030,3,20,20,-1.0147020240858153
5829,hydro_reservoir,2030,3,21,21,-0.9905397665902246
5830,hydro_reservoir,2030,3,22,22,-0.9663775090946337
5831,hydro_reservoir,2030,3,23,23,-0.942215251599043
5832,hydro_reservoir,2030,3,24,24,-0.9180529941034521
5833,hydro_reservoir,2030,4,1,1,-0.713037648611133
5834,hydro_reservoir,2030,4,2,2,-0.6816443505511682
5835,hydro_reservoir,2030,4,3,3,-0.6502510524912035
5836,hydro_reservoir,2030,4,4,4,-0.6188577544312388
5837,hydro_reservoir,2030,4,5,5,-0.5874644563712741
5838,hydro_reservoir,2030,4,6,6,-0.5560711583113094
5839,hydro_reservoir,2030,4,7,7,-0.5246778602513447
5840,hydro_reservoir,2030,4,8,8,-0.49328456219137995
5841,hydro_reservoir,2030,4,9,9,-0.46189126413141524
5842,hydro_reservoir,2030,4,10,10,-0.4304979660714505
5843,hydro_reservoir,2030,4,11,11,-0.3991046680114858
5844,hydro_reservoir,2030,4,12,12,-0.3677113699515211
5845,hydro_reservoir,2030,4,13,13,-0.3363180718915564
5846,hydro_reservoir,2030,4,14,14,-0.30492477383159167
5847,hydro_reservoir,2030,4,15,15,-0.27353147577162695
5848,hydro_reservoir,2030,4,16,16,-0.24213817771166224
5849,hydro_reservoir,2030,4,17,17,-0.21074487965169753
5850,hydro_reservoir,2030,4,18,18,-0.1793515815917328
5851,hydro_reservoir,2030,4,19,19,-0.1479582835317681
5852,hydro_reservoir,2030,4,20,20,-0.11656498547180337
5853,hydro_reservoir,2030,4,21,21,-0.08517168741183864
5854,hydro_reservoir,2030,4,22,22,-0.8672520272202577
5855,hydro_reservoir,2030,4,23,23,-0.835858729160293
5856,hydro_reservoir,2030,4,24,24,-0.8044654311003283
5857,hydro_reservoir,2030,5,1,1,-0.24219574164071134
5858,hydro_reservoir,2030,5,2,2,-0.1540123201239565
5859,hydro_reservoir,2030,5,3,3,-0.06582889860720165
5860,hydro_reservoir,2030,5,4,4,0.0223545229095532
5861,hydro_reservoir,2030,5,5,5,0.11053794442630804
5862,hydro_reservoir,2030,5,6,6,0.1987213659430629
5863,hydro_reservoir,2030,5,7,7,0.28690478745981773
5864,hydro_reservoir,2030,5,8,8,0.3750882089765726
5865,hydro_reservoir,2030,5,9,9,0.4632716304933274
5866,hydro_reservoir,2030,5,10,10,0.5514550520100823
5867,hydro_reservoir,2030,5,11,11,0.6281820364186177
5868,hydro_reservoir,2030,5,12,12,0.7150312667783711
5869,hydro_reservoir,2030,5,13,13,-0.17648246050138117
5870,hydro_reservoir,2030,5,14,14,-0.10103352027696133
5871,hydro_reservoir,2030,5,15,15,-1.0128500987602065
5872,hydro_reservoir,2030,5,16,16,-0.9388797740663613
5873,hydro_reservoir,2030,5,17,17,-0.8622052914948776
5874,hydro_reservoir,2030,5,18,18,-0.7740218699781227
5875,hydro_reservoir,2030,5,19,19,-0.6858384484613679
5876,hydro_reservoir,2030,5,20,20,-0.597655026944613
5877,hydro_reservoir,2030,5,21,21,-0.5094716054278582
5878,hydro_reservoir,2030,5,22,22,-0.42128818391110334
5879,hydro_reservoir,2030,5,23,23,-1.2741459284154928
5880,hydro_reservoir,2030,5,24,24,-1.185962506898738
5881,hydro_reservoir,2030,6,1,1,0.02398589065255732
5882,hydro_reservoir,2030,6,2,2,0.04797178130511464
5883,hydro_reservoir,2030,6,3,3,0.07195767195767196
5884,hydro_reservoir,2030,6,4,4,0.09594356261022928
5885,hydro_reservoir,2030,6,5,5,0.1199294532627866
5886,hydro_reservoir,2030,6,6,6,0.1439153439153439
5887,hydro_reservoir,2030,6,7,7,0.16790123456790124
5888,hydro_reservoir,2030,6,8,8,0.19188712522045856
5889,hydro_reservoir,2030,6,9,9,0.2082886955765763
5890,hydro_reservoir,2030,6,10,10,0.20212872172690852
5891,hydro_reservoir,2030,6,11,11,0.22611461237946584
5892,hydro_reservoir,2030,6,12,12,0.13869699799376536
5893,hydro_reservoir,2030,6,13,13,0.1626828886463227
5894,hydro_reservoir,2030,6,14,14,0.18666877929888
5895,hydro_reservoir,2030,6,15,15,0.21065466995143733
5896,hydro_reservoir,2030,6,16,16,0.16998566920328687
5897,hydro_reservoir,2030,6,17,17,0.1939715598558442
5898,hydro_reservoir,2030,6,18,18,0.2179574505084015
5899,hydro_reservoir,2030,6,19,19,0.24194334116095884
5900,hydro_reservoir,2030,6,20,20,0.26592923181351613
5901,hydro_reservoir,2030,6,21,21,0.2899151224660734
5902,hydro_reservoir,2030,6,22,22,0.3139010131186307
5903,hydro_reservoir,2030,6,23,23,0.21587890345616395
5904,hydro_reservoir,2030,6,24,24,0.14975948374892614
5905,hydro_reservoir,2030,7,1,1,-0.6439557028319361
5906,hydro_reservoir,2030,7,2,2,-0.6111514700277033
5907,hydro_reservoir,2030,7,3,3,-0.5783472372234705
5908,hydro_reservoir,2030,7,4,4,-0.5455430044192376
5909,hydro_reservoir,2030,7,5,5,-0.5127387716150048
5910,hydro_reservoir,2030,7,6,6,-0.47993453881077197
5911,hydro_reservoir,2030,7,7,7,-0.44713030600653914
5912,hydro_reservoir,2030,7,8,8,-0.4143260732023063
5913,hydro_reservoir,2030,7,9,9,-0.38152184039807346
5914,hydro_reservoir,2030,7,10,10,-0.34871760759384063
5915,hydro_reservoir,2030,7,11,11,-0.3159133747896079
5916,hydro_reservoir,2030,7,12,12,-0.28310914198537507
5917,hydro_reservoir,2030,7,13,13,-0.25030490918114234
5918,hydro_reservoir,2030,7,14,14,-0.21750067637690954
5919,hydro_reservoir,2030,7,15,15,-0.18469644357267676
5920,hydro_reservoir,2030,7,16,16,-0.15189221076844397
5921,hydro_reservoir,2030,7,17,17,-0.1190879779642112
5922,hydro_reservoir,2030,7,18,18,-0.08628374515997839
5923,hydro_reservoir,2030,7,19,19,-0.05347951235574558
5924,hydro_reservoir,2030,7,20,20,-0.02067527955151277
5925,hydro_reservoir,2030,7,21,21,0.012128953252720037
5926,hydro_reservoir,2030,7,22,22,0.04493318605695283
5927,hydro_reservoir,2030,7,23,23,0.07773741886118563
5928,hydro_reservoir,2030,7,24,24,0.11054165166541843
5929,hydro_reservoir,2030,8,1,1,0.08818342151675485
5930,hydro_reservoir,2030,8,2,2,-0.3914351576571774
5931,hydro_reservoir,2030,8,3,3,-0.30325173614042256
5932,hydro_reservoir,2030,8,4,4,-0.2150683146236677
5933,hydro_reservoir,2030,8,5,5,-0.12688489310691287
5934,hydro_reservoir,2030,8,6,6,-0.03870147159015802
5935,hydro_reservoir,2030,8,7,7,0.049481949926596824
5936,hydro_reservoir,2030,8,8,8,-0.6676802944207033
5937,hydro_reservoir,2030,8,9,9,-0.5794968729039485
5938,hydro_reservoir,2030,8,10,10,-0.4913134513871936
5939,hydro_reservoir,2030,8,11,11,-0.4031300298704388
5940,hydro_reservoir,2030,8,12,12,-0.31494660835368393
5941,hydro_reservoir,2030,8,13,13,-0.2267631868369291
5942,hydro_reservoir,2030,8,14,14,-0.13857976532017424
5943,hydro_reservoir,2030,8,15,15,-0.922767438544694
5944,hydro_reservoir,2030,8,16,16,-0.8345840170279392
5945,hydro_reservoir,2030,8,17,17,-0.7464005955111843
5946,hydro_reservoir,2030,8,18,18,-1.5866163928228718
5947,hydro_reservoir,2030,8,19,19,-1.498432971306117
5948,hydro_reservoir,2030,8,20,20,-1.4102495497893623
5949,hydro_reservoir,2030,8,21,21,-2.2189698808789666
5950,hydro_reservoir,2030,8,22,22,-2.971966463738715
5951,hydro_reservoir,2030,8,23,23,-2.88378304222196
5952,hydro_reservoir,2030,8,24,24,-2.795599620705205
5953,hydro_reservoir,2030,9,1,1,-0.23571607409451814
5954,hydro_reservoir,2030,9,2,2,-0.41758616160562767
5955,hydro_reservoir,2030,9,3,3,-0.5649600076303853
5956,hydro_reservoir,2030,9,4,4,-0.5411504838208615
5957,hydro_reservoir,2030,9,5,5,-0.5173409600113377
5958,hydro_reservoir,2030,9,6,6,-0.49353143620181383
5959,hydro_reservoir,2030,9,7,7,-0.46972191239229
5960,hydro_reservoir,2030,9,8,8,-0.44591238858276616
5961,hydro_reservoir,2030,9,9,9,-0.4221028647732423
5962,hydro_reservoir,2030,9,10,10,-0.3982933409637185
5963,hydro_reservoir,2030,9,11,11,-0.37448381715419465
5964,hydro_reservoir,2030,9,12,12,-0.3506742933446708
5965,hydro_reservoir,2030,9,13,13,-0.326864769535147
5966,hydro_reservoir,2030,9,14,14,-0.30305524572562315
5967,hydro_reservoir,2030,9,15,15,-0.2792457219160993
5968,hydro_reservoir,2030,9,16,16,-0.2554361981065755
5969,hydro_reservoir,2030,9,17,17,-0.23162667429705167
5970,hydro_reservoir,2030,9,18,18,-0.46351789833137547
5971,hydro_reservoir,2030,9,19,19,-0.43970837452185163
5972,hydro_reservoir,2030,9,20,20,-0.4158988507123278
5973,hydro_reservoir,2030,9,21,21,-0.39208932690280396
5974,hydro_reservoir,2030,9,22,22,-0.3682798030932801
5975,hydro_reservoir,2030,9,23,23,-0.3444702792837563
5976,hydro_reservoir,2030,9,24,24,-0.988199512446483
5977,hydro_reservoir,2030,10,1,1,-0.7224336737980814
5978,hydro_reservoir,2030,10,2,2,-0.6896294409938486
5979,hydro_reservoir,2030,10,3,3,-0.6568252081896158
5980,hydro_reservoir,2030,10,4,4,-0.6240209753853829
5981,hydro_reservoir,2030,10,5,5,-0.5912167425811501
5982,hydro_reservoir,2030,10,6,6,-0.5584125097769173
5983,hydro_reservoir,2030,10,7,7,-0.5256082769726844
5984,hydro_reservoir,2030,10,8,8,-0.49280404416845164
5985,hydro_reservoir,2030,10,9,9,-0.45999981136421886
5986,hydro_reservoir,2030,10,10,10,-0.4271955785599861
5987,hydro_reservoir,2030,10,11,11,-0.3943913457557533
5988,hydro_reservoir,2030,10,12,12,-1.1115135244067746
5989,hydro_reservoir,2030,10,13,13,-1.0787092916025418
5990,hydro_reservoir,2030,10,14,14,-1.045905058798309
5991,hydro_reservoir,2030,10,15,15,-1.0131008259940761
5992,hydro_reservoir,2030,10,16,16,-0.9802965931898433
5993,hydro_reservoir,2030,10,17,17,-0.9474923603856105
5994,hydro_reservoir,2030,10,18,18,-0.9146881275813776
5995,hydro_reservoir,2030,10,19,19,-0.8818838947771448
5996,hydro_reservoir,2030,10,20,20,-0.849079661972912
5997,hydro_reservoir,2030,10,21,21,-1.6288538708998366
5998,hydro_reservoir,2030,10,22,22,-1.5960496380956037
5999,hydro_reservoir,2030,10,23,23,-1.563245405291371
6000,hydro_reservoir,2030,10,24,24,-1.530441172487138
6001,hydro_reservoir,2030,11,1,1,-0.23382975889344831
6002,hydro_reservoir,2030,11,2,2,-0.15957931797634073
6003,hydro_reservoir,2030,11,3,3,-0.08532887705923314
6004,hydro_reservoir,2030,11,4,4,-0.011078436142125558
6005,hydro_reservoir,2030,11,5,5,0.06317200477498203
6006,hydro_reservoir,2030,11,6,6,0.1374224456920896
6007,hydro_reservoir,2030,11,7,7,-0.12431261133540623
6008,hydro_reservoir,2030,11,8,8,-0.05006217041829865
6009,hydro_reservoir,2030,11,9,9,0.024188270498808936
6010,hydro_reservoir,2030,11,10,10,0.09843871141591652
6011,hydro_reservoir,2030,11,11,11,0.17268915233302412
6012,hydro_reservoir,2030,11,12,12,0.2469395932501317
6013,hydro_reservoir,2030,11,13,13,0.3211900341672393
6014,hydro_reservoir,2030,11,14,14,0.3954404750843469
6015,hydro_reservoir,2030,11,15,15,0.46969091600145446
6016,hydro_reservoir,2030,11,16,16,0.543941356918562
6017,hydro_reservoir,2030,11,17,17,0.6019837582249266
6018,hydro_reservoir,2030,11,18,18,-0.3177651498257847
6019,hydro_reservoir,2030,11,19,19,-1.2271677473597589
6020,hydro_reservoir,2030,11,20,20,-1.1529173064426512
6021,hydro_reservoir,2030,11,21,21,-1.0786668655255436
6022,hydro_reservoir,2030,11,22,22,-1.004416424608436
6023,hydro_reservoir,2030,11,23,23,-0.9301659836913285
6024,hydro_reservoir,2030,11,24,24,-0.8559155427742209
6025,hydro_reservoir,2030,12,1,1,-0.665278244266803
6026,hydro_reservoir,2030,12,2,2,-0.6398814188699777
6027,hydro_reservoir,2030,12,3,3,-0.6144845934731522
6028,hydro_reservoir,2030,12,4,4,-0.5890877680763269
6029,hydro_reservoir,2030,12,5,5,-0.5636909426795014
6030,hydro_reservoir,2030,12,6,6,-0.5382941172826761
6031,hydro_reservoir,2030,12,7,7,-0.5128972918858505
6032,hydro_reservoir,2030,12,8,8,-0.4875004664890252
6033,hydro_reservoir,2030,12,9,9,-0.46210364109219976
6034,hydro_reservoir,2030,12,10,10,-0.43670681569537434
6035,hydro_reservoir,2030,12,11,11,-0.4113099902985489
6036,hydro_reservoir,2030,12,12,12,-0.3859131649017235
6037,hydro_reservoir,2030,12,13,13,-0.3605163395048981
6038,hydro_reservoir,2030,12,14,14,-0.33511951410807267
6039,hydro_reservoir,2030,12,15,15,-0.30972268871124725
6040,hydro_reservoir,2030,12,16,16,-0.2843258633144219
6041,hydro_reservoir,2030,12,17,17,-0.25892903791759647
6042,hydro_reservoir,2030,12,18,18,-0.23353221252077108
6043,hydro_reservoir,2030,12,19,19,-0.2081353871239457
6044,hydro_reservoir,2030,12,20,20,-0.1827385617271203
6045,hydro_reservoir,2030,12,21,21,-0.1573417363302949
6046,hydro_reservoir,2030,12,22,22,-0.1319449109334695
6047,hydro_reservoir,2030,12,23,23,-0.1065480855366441
6048,hydro_reservoir,2030,12,24,24,-0.08115126013981872
6049,hydro_reservoir,2030,13,1,1,0.08818342151675485
6050,hydro_reservoir,2030,13,2,2,0.1763668430335097
6051,hydro_reservoir,2030,13,3,3,0.26455026455026454
6052,hydro_reservoir,2030,13,4,4,0.3527336860670194
6053,hydro_reservoir,2030,13,5,5,-0.40022361809608253
6054,hydro_reservoir,2030,13,6,6,-0.3120401965793277
6055,hydro_reservoir,2030,13,7,7,-0.22385677506257284
6056,hydro_reservoir,2030,13,8,8,-0.15469925602919593
6057,hydro_reservoir,2030,13,9,9,-0.11235802134660117
6058,hydro_reservoir,2030,13,10,10,-0.03762227302382898
6059,hydro_reservoir,2030,13,11,11,0.05056114849292587
6060,hydro_reservoir,2030,13,12,12,0.1387445700096807
6061,hydro_reservoir,2030,13,13,13,0.22692799152643556
6062,hydro_reservoir,2030,13,14,14,-0.3230483419484792
6063,hydro_reservoir,2030,13,15,15,-0.23486492043172436
6064,hydro_reservoir,2030,13,16,16,-0.1466814989149695
6065,hydro_reservoir,2030,13,17,17,-0.058498077398214665
6066,hydro_reservoir,2030,13,18,18,0.02968534411854018
6067,hydro_reservoir,2030,13,19,19,0.11786876563529503
6068,hydro_reservoir,2030,13,20,20,0.20605218715204987
6069,hydro_reservoir,2030,13,21,21,0.2942356086688047
6070,hydro_reservoir,2030,13,22,22,0.38241903018555956
6071,hydro_reservoir,2030,13,23,23,0.4706024517023144
6072,hydro_reservoir,2030,13,24,24,0.5587858732190693
6073,hydro_reservoir,2030,14,1,1,-0.5603420450251669
6074,hydro_reservoir,2030,14,2,2,-0.5352979533144085
6075,hydro_reservoir,2030,14,3,3,-0.5102538616036502
6076,hydro_reservoir,2030,14,4,4,-0.4852097698928918
6077,hydro_reservoir,2030,14,5,5,-0.4601656781821335
6078,hydro_reservoir,2030,14,6,6,-0.4351215864713751
6079,hydro_reservoir,2030,14,7,7,-0.4100774947606167
6080,hydro_reservoir,2030,14,8,8,-0.38503340304985834
6081,hydro_reservoir,2030,14,9,9,-0.35998931133909995
6082,hydro_reservoir,2030,14,10,10,-0.33494521962834156
6083,hydro_reservoir,2030,14,11,11,-0.3099011279175832
6084,hydro_reservoir,2030,14,12,12,-0.2848570362068248
6085,hydro_reservoir,2030,14,13,13,-0.2598129444960664
6086,hydro_reservoir,2030,14,14,14,-0.23476885278530799
6087,hydro_reservoir,2030,14,15,15,-0.2097247610745496
6088,hydro_reservoir,2030,14,16,16,-0.1846806693637912
6089,hydro_reservoir,2030,14,17,17,-0.15963657765303282
6090,hydro_reservoir,2030,14,18,18,-0.13459248594227444
6091,hydro_reservoir,2030,14,19,19,-0.10954839423151605
6092,hydro_reservoir,2030,14,20,20,-0.08450430252075768
6093,hydro_reservoir,2030,14,21,21,-0.0594602108099993
6094,hydro_reservoir,2030,14,22,22,-0.03441611909924092
6095,hydro_reservoir,2030,14,23,23,-0.009372027388482546
6096,hydro_reservoir,2030,14,24,24,0.01567206432227583
6097,hydro_reservoir,2030,15,1,1,0.08606701940035273
6098,hydro_reservoir,2030,15,2,2,0.17213403880070546
6099,hydro_reservoir,2030,15,3,3,0.2582010582010582
6100,hydro_reservoir,2030,15,4,4,0.3442680776014109
6101,hydro_reservoir,2030,15,5,5,0.43033509700176364
6102,hydro_reservoir,2030,15,6,6,0.5164021164021164
6103,hydro_reservoir,2030,15,7,7,0.6024691358024692
6104,hydro_reservoir,2030,15,8,8,0.688536155202822
6105,hydro_reservoir,2030,15,9,9,0.7746031746031747
6106,hydro_reservoir,2030,15,10,10,0.8606701940035275
6107,hydro_reservoir,2030,15,11,11,0.9467372134038803
6108,hydro_reservoir,2030,15,12,12,1.032804232804233
6109,hydro_reservoir,2030,15,13,13,1.1188712522045858
6110,hydro_reservoir,2030,15,14,14,1.2049382716049386
6111,hydro_reservoir,2030,15,15,15,1.2910052910052914
6112,hydro_reservoir,2030,15,16,16,1.3770723104056442
6113,hydro_reservoir,2030,15,17,17,1.463139329805997
6114,hydro_reservoir,2030,15,18,18,1.5492063492063497
6115,hydro_reservoir,2030,15,19,19,0.715829381600595
6116,hydro_reservoir,2030,15,20,20,0.8018964010009477
6117,hydro_reservoir,2030,15,21,21,0.8879634204013005
6118,hydro_reservoir,2030,15,22,22,0.9740304398016533
6119,hydro_reservoir,2030,15,23,23,1.060097459202006
6120,hydro_reservoir,2030,15,24,24,0.31644542126569386
6121,hydro_reservoir,2030,16,1,1,0.031040564373897708
6122,hydro_reservoir,2030,16,2,2,0.062081128747795415
6123,hydro_reservoir,2030,16,3,3,0.09312169312169312
6124,hydro_reservoir,2030,16,4,4,0.12416225749559083
6125,hydro_reservoir,2030,16,5,5,0.15520282186948853
6126,hydro_reservoir,2030,16,6,6,0.18624338624338624
6127,hydro_reservoir,2030,16,7,7,0.17458385023337036
6128,hydro_reservoir,2030,16,8,8,0.08780424856051545
6129,hydro_reservoir,2030,16,9,9,0.11884481293441317
6130,hydro_reservoir,2030,16,10,10,0.14988537730831086
6131,hydro_reservoir,2030,16,11,11,-0.054718141290110434
6132,hydro_reservoir,2030,16,12,12,-0.02367757691621275
6133,hydro_reservoir,2030,16,13,13,0.007362987457684933
6134,hydro_reservoir,2030,16,14,14,0.038403551831582616
6135,hydro_reservoir,2030,16,15,15,0.0694441162054803
6136,hydro_reservoir,2030,16,16,16,0.10048468057937801
6137,hydro_reservoir,2030,16,17,17,0.13152524495327572
6138,hydro_reservoir,2030,16,18,18,0.16256580932717343
6139,hydro_reservoir,2030,16,19,19,0.19360637370107114
6140,hydro_reservoir,2030,16,20,20,0.22464693807496883
6141,hydro_reservoir,2030,16,21,21,0.25568750244886657
6142,hydro_reservoir,2030,16,22,22,0.28672806682276425
6143,hydro_reservoir,2030,16,23,23,0.317768631196662
6144,hydro_reservoir,2030,16,24,24,0.34880919557055967
6145,hydro_reservoir,2030,17,1,1,0.081657848324515
6146,hydro_reservoir,2030,17,2,2,0.16331569664903
6147,hydro_reservoir,2030,17,3,3,0.244973544973545
6148,hydro_reservoir,2030,17,4,4,0.32663139329806
6149,hydro_reservoir,2030,17,5,5,0.408289241622575
6150,hydro_reservoir,2030,17,6,6,0.48994708994709
6151,hydro_reservoir,2030,17,7,7,0.5716049382716051
6152,hydro_reservoir,2030,17,8,8,0.024307648145750704
6153,hydro_reservoir,2030,17,9,9,0.10596549647026571
6154,hydro_reservoir,2030,17,10,10,0.1876233447947807
6155,hydro_reservoir,2030,17,11,11,-0.4524928795082428
6156,hydro_reservoir,2030,17,12,12,-0.3708350311837278
6157,hydro_reservoir,2030,17,13,13,-0.2891771828592128
6158,hydro_reservoir,2030,17,14,14,-0.20751933453469779
6159,hydro_reservoir,2030,17,15,15,-0.12586148621018278
6160,hydro_reservoir,2030,17,16,16,-0.04420363788566778
6161,hydro_reservoir,2030,17,17,17,0.037454210438847224
6162,hydro_reservoir,2030,17,18,18,0.11911205876336223
6163,hydro_reservoir,2030,17,19,19,-0.6264627575857733
6164,hydro_reservoir,2030,17,20,20,-0.5448049092612584
6165,hydro_reservoir,2030,17,21,21,-0.46314706093674335
6166,hydro_reservoir,2030,17,22,22,-0.38148921261222835
6167,hydro_reservoir,2030,17,23,23,-0.29983136428771334
6168,hydro_reservoir,2030,17,24,24,-0.21817351596319834
6169,hydro_reservoir,2030,18,1,1,-0.7137840054612081
6170,hydro_reservoir,2030,18,2,2,-0.6887399137504497
6171,hydro_reservoir,2030,18,3,3,-0.6636958220396914
6172,hydro_reservoir,2030,18,4,4,-0.638651730328933
6173,hydro_reservoir,2030,18,5,5,-0.6136076386181746
6174,hydro_reservoir,2030,18,6,6,-0.5885635469074162
6175,hydro_reservoir,2030,18,7,7,-0.5635194551966578
6176,hydro_reservoir,2030,18,8,8,-0.5384753634858994
6177,hydro_reservoir,2030,18,9,9,-0.513431271775141
6178,hydro_reservoir,2030,18,10,10,-0.48838718006438264
6179,hydro_reservoir,2030,18,11,11,-1.1574535215058805
6180,hydro_reservoir,2030,18,12,12,-1.1324094297951222
6181,hydro_reservoir,2030,18,13,13,-1.1073653380843638
6182,hydro_reservoir,2030,18,14,14,-1.0823212463736054
6183,hydro_reservoir,2030,18,15,15,-1.057277154662847
6184,hydro_reservoir,2030,18,16,16,-1.0322330629520886
6185,hydro_reservoir,2030,18,17,17,-1.0071889712413302
6186,hydro_reservoir,2030,18,18,18,-0.9821448795305718
6187,hydro_reservoir,2030,18,19,19,-0.9571007878198134
6188,hydro_reservoir,2030,18,20,20,-0.9320566961090551
6189,hydro_reservoir,2030,18,21,21,-0.9070126043982967
6190,hydro_reservoir,2030,18,22,22,-0.8819685126875383
6191,hydro_reservoir,2030,18,23,23,-1.6709838322979267
6192,hydro_reservoir,2030,18,24,24,-1.6459397405871683
6193,hydro_reservoir,2030,19,1,1,-0.7354540085207064
6194,hydro_reservoir,2030,19,2,2,-0.6890695288028934
6195,hydro_reservoir,2030,19,3,3,-0.6426850490850804
6196,hydro_reservoir,2030,19,4,4,-0.5963005693672674
6197,hydro_reservoir,2030,19,5,5,-0.5499160896494544
6198,hydro_reservoir,2030,19,6,6,-0.5035316099316414
6199,hydro_reservoir,2030,19,7,7,-0.4571471302138283
6200,hydro_reservoir,2030,19,8,8,-0.4107626504960153
6201,hydro_reservoir,2030,19,9,9,-0.3643781707782023
6202,hydro_reservoir,2030,19,10,10,-0.31799369106038927
6203,hydro_reservoir,2030,19,11,11,-0.27160921134257626
6204,hydro_reservoir,2030,19,12,12,-0.22522473162476325
6205,hydro_reservoir,2030,19,13,13,-0.17884025190695024
6206,hydro_reservoir,2030,19,14,14,-0.13245577218913718
6207,hydro_reservoir,2030,19,15,15,-0.08607129247132411
6208,hydro_reservoir,2030,19,16,16,-0.03968681275351105
6209,hydro_reservoir,2030,19,17,17,0.006697666964302018
6210,hydro_reservoir,2030,19,18,18,0.05308214668211508
6211,hydro_reservoir,2030,19,19,19,0.09946662639992815
6212,hydro_reservoir,2030,19,20,20,0.1458511061177412
6213,hydro_reservoir,2030,19,21,21,0.19223558583555428
6214,hydro_reservoir,2030,19,22,22,0.23862006555336732
6215,hydro_reservoir,2030,19,23,23,0.28500454527118035
6216,hydro_reservoir,2030,19,24,24,0.3313890249889934
6217,hydro_reservoir,2030,20,1,1,-0.4466094469673217
6218,hydro_reservoir,2030,20,2,2,-0.3723590060502141
6219,hydro_reservoir,2030,20,3,3,-0.6715000226653143
6220,hydro_reservoir,2030,20,4,4,-0.5972495817482066
6221,hydro_reservoir,2030,20,5,5,-0.522999140831099
6222,hydro_reservoir,2030,20,6,6,-0.4487486999139914
6223,hydro_reservoir,2030,20,7,7,-0.3744982589968838
6224,hydro_reservoir,2030,20,8,8,-0.30024781807977624
6225,hydro_reservoir,2030,20,9,9,-0.22599737716266866
6226,hydro_reservoir,2030,20,10,10,-0.15174693624556107
6227,hydro_reservoir,2030,20,11,11,-0.07749649532845349
6228,hydro_reservoir,2030,20,12,12,-0.0032460544113459
6229,hydro_reservoir,2030,20,13,13,0.07100438650576169
6230,hydro_reservoir,2030,20,14,14,0.14525482742286927
6231,hydro_reservoir,2030,20,15,15,0.21950526833997686
6232,hydro_reservoir,2030,20,16,16,0.29375570925708444
6233,hydro_reservoir,2030,20,17,17,0.368006150174192
6234,hydro_reservoir,2030,20,18,18,0.4422565910912996
6235,hydro_reservoir,2030,20,19,19,0.5165070320084072
6236,hydro_reservoir,2030,20,20,20,0.5907574729255147
6237,hydro_reservoir,2030,20,21,21,0.6650079138426224
6238,hydro_reservoir,2030,20,22,22,0.73925835475973
6239,hydro_reservoir,2030,20,23,23,-0.07018830759819404
6240,hydro_reservoir,2030,20,24,24,-0.8302657624642108
6241,hydro_reservoir,2030,21,1,1,-0.6462970283184704
6242,hydro_reservoir,2030,21,2,2,-0.6180783334331088
6243,hydro_reservoir,2030,21,3,3,-0.5898596385477473
6244,hydro_reservoir,2030,21,4,4,-0.5616409436623857
6245,hydro_reservoir,2030,21,5,5,-0.5334222487770242
6246,hydro_reservoir,2030,21,6,6,-0.5052035538916626
6247,hydro_reservoir,2030,21,7,7,-0.47698485900630105
6248,hydro_reservoir,2030,21,8,8,-0.4487661641209395
6249,hydro_reservoir,2030,21,9,9,-0.42054746923557795
6250,hydro_reservoir,2030,21,10,10,-0.3923287743502164
6251,hydro_reservoir,2030,21,11,11,-0.36411007946485485
6252,hydro_reservoir,2030,21,12,12,-0.3358913845794933
6253,hydro_reservoir,2030,21,13,13,-0.30767268969413175
6254,hydro_reservoir,2030,21,14,14,-0.2794539948087702
6255,hydro_reservoir,2030,21,15,15,-0.25123529992340865
6256,hydro_reservoir,2030,21,16,16,-0.2230166050380471
6257,hydro_reservoir,2030,21,17,17,-0.19479791015268555
6258,hydro_reservoir,2030,21,18,18,-0.166579215267324
6259,hydro_reservoir,2030,21,19,19,-0.13836052038196245
6260,hydro_reservoir,2030,21,20,20,-0.1101418254966009
6261,hydro_reservoir,2030,21,21,21,-0.08192313061123935
6262,hydro_reservoir,2030,21,22,22,-0.053704435725877804
6263,hydro_reservoir,2030,21,23,23,-0.025485740840516254
6264,hydro_reservoir,2030,21,24,24,0.002732954044845298
6265,hydro_reservoir,2030,22,1,1,-0.11478256539907128
6266,hydro_reservoir,2030,22,2,2,-0.08815117210101131
6267,hydro_reservoir,2030,22,3,3,-0.06151977880295134
6268,hydro_reservoir,2030,22,4,4,-0.03488838550489137
6269,hydro_reservoir,2030,22,5,5,-0.008256992206831407
6270,hydro_reservoir,2030,22,6,6,0.018374401091228558
6271,hydro_reservoir,2030,22,7,7,0.04500579438928852
6272,hydro_reservoir,2030,22,8,8,0.07163718768734849
6273,hydro_reservoir,2030,22,9,9,0.09826858098540846
6274,hydro_reservoir,2030,22,10,10,0.12489997428346843
6275,hydro_reservoir,2030,22,11,11,0.15153136758152838
6276,hydro_reservoir,2030,22,12,12,0.17816276087958835
6277,hydro_reservoir,2030,22,13,13,0.20479415417764832
6278,hydro_reservoir,2030,22,14,14,0.2314255474757083
6279,hydro_reservoir,2030,22,15,15,0.25805694077376823
6280,hydro_reservoir,2030,22,16,16,0.2846883340718282
6281,hydro_reservoir,2030,22,17,17,-0.07148124078538481
6282,hydro_reservoir,2030,22,18,18,-0.044849847487324845
6283,hydro_reservoir,2030,22,19,19,-0.01821845418926488
6284,hydro_reservoir,2030,22,20,20,0.008412939108795085
6285,hydro_reservoir,2030,22,21,21,0.03504433240685505
6286,hydro_reservoir,2030,22,22,22,0.061675725704915016
6287,hydro_reservoir,2030,22,23,23,0.08830711900297498
6288,hydro_reservoir,2030,22,24,24,-0.07915680103424608
6289,hydro_reservoir,2030,23,1,1,-0.02847726803120393
6290,hydro_reservoir,2030,23,2,2,0.0006232610693251706
6291,hydro_reservoir,2030,23,3,3,0.02972379016985427
6292,hydro_reservoir,2030,23,4,4,0.05882431927038337
6293,hydro_reservoir,2030,23,5,5,0.08792484837091247
6294,hydro_reservoir,2030,23,6,6,0.11702537747144157
6295,hydro_reservoir,2030,23,7,7,0.14612590657197067
6296,hydro_reservoir,2030,23,8,8,0.17522643567249976
6297,hydro_reservoir,2030,23,9,9,0.20432696477302886
6298,hydro_reservoir,2030,23,10,10,0.23342749387355796
6299,hydro_reservoir,2030,23,11,11,0.26252802297408706
6300,hydro_reservoir,2030,23,12,12,0.29162855207461613
6301,hydro_reservoir,2030,23,13,13,0.3207290811751452
6302,hydro_reservoir,2030,23,14,14,0.3498296102756743
6303,hydro_reservoir,2030,23,15,15,0.37893013937620335
6304,hydro_reservoir,2030,23,16,16,0.4080306684767324
6305,hydro_reservoir,2030,23,17,17,0.4371311975772615
6306,hydro_reservoir,2030,23,18,18,0.46623172667779056
6307,hydro_reservoir,2030,23,19,19,0.49533225577831963
6308,hydro_reservoir,2030,23,20,20,0.5244327848788487
6309,hydro_reservoir,2030,23,21,21,0.5535333139793778
6310,hydro_reservoir,2030,23,22,22,0.5826338430799068
6311,hydro_reservoir,2030,23,23,23,0.6117343721804359
6312,hydro_reservoir,2030,23,24,24,0.640834901280965
6313,hydro_reservoir,2030,24,1,1,-0.6977767435513087
6314,hydro_reservoir,2030,24,2,2,-0.6235263026342011
6315,hydro_reservoir,2030,24,3,3,-0.5492758617170934
6316,hydro_reservoir,2030,24,4,4,-0.47502542079998583
6317,hydro_reservoir,2030,24,5,5,-1.1250707851597006
6318,hydro_reservoir,2030,24,6,6,-1.050820344242593
6319,hydro_reservoir,2030,24,7,7,-0.9765699033254853
6320,hydro_reservoir,2030,24,8,8,-0.9023194624083777
6321,hydro_reservoir,2030,24,9,9,-0.82806902149127
6322,hydro_reservoir,2030,24,10,10,-0.7538185805741624
6323,hydro_reservoir,2030,24,11,11,-0.6795681396570548
6324,hydro_reservoir,2030,24,12,12,-0.6053176987399471
6325,hydro_reservoir,2030,24,13,13,-0.5310672578228395
6326,hydro_reservoir,2030,24,14,14,-0.45681681690573184
6327,hydro_reservoir,2030,24,15,15,-0.3825663759886242
6328,hydro_reservoir,2030,24,16,16,-0.30831593507151656
6329,hydro_reservoir,2030,24,17,17,-0.23406549415440892
6330,hydro_reservoir,2030,24,18,18,-0.15981505323730139
6331,hydro_reservoir,2030,24,19,19,-0.0855646123201938
6332,hydro_reservoir,2030,24,20,20,-0.011314171403086215
6333,hydro_reservoir,2030,24,21,21,0.06293626951402137
6334,hydro_reservoir,2030,24,22,22,0.13718671043112896
6335,hydro_reservoir,2030,24,23,23,0.21143715134823654
6336,hydro_reservoir,2030,24,24,24,0.2856875922653441
6337,hydro_reservoir,2030,25,1,1,0.08730158730158731
6338,hydro_reservoir,2030,25,2,2,0.17460317460317462
6339,hydro_reservoir,2030,25,3,3,0.2619047619047619
6340,hydro_reservoir,2030,25,4,4,0.34920634920634924
6341,hydro_reservoir,2030,25,5,5,0.43650793650793657
6342,hydro_reservoir,2030,25,6,6,0.5238095238095238
6343,hydro_reservoir,2030,25,7,7,0.6111111111111112
6344,hydro_reservoir,2030,25,8,8,0.6984126984126985
6345,hydro_reservoir,2030,25,9,9,0.7857142857142858
6346,hydro_reservoir,2030,25,10,10,0.8730158730158731
6347,hydro_reservoir,2030,25,11,11,0.9603174603174605
6348,hydro_reservoir,2030,25,12,12,1.0476190476190477
6349,hydro_reservoir,2030,25,13,13,1.1349206349206349
6350,hydro_reservoir,2030,25,14,14,1.222222222222222
6351,hydro_reservoir,2030,25,15,15,1.3095238095238093
6352,hydro_reservoir,2030,25,16,16,1.3968253968253965
6353,hydro_reservoir,2030,25,17,17,1.4841269841269837
6354,hydro_reservoir,2030,25,18,18,1.571428571428571
6355,hydro_reservoir,2030,25,19,19,1.6587301587301582
6356,hydro_reservoir,2030,25,20,20,1.7460317460317454
6357,hydro_reservoir,2030,25,21,21,1.8333333333333326
6358,hydro_reservoir,2030,25,22,22,1.9206349206349198
6359,hydro_reservoir,2030,25,23,23,2.007936507936507
6360,hydro_reservoir,2030,25,24,24,2.0952380952380945
6361,hydro_reservoir,2030,26,1,1,-0.11246350638231263
6362,hydro_reservoir,2030,26,2,2,-0.20751442114225743
6363,hydro_reservoir,2030,26,3,3,-0.2791806956782053
6364,hydro_reservoir,2030,26,4,4,-0.34803995199446264
6365,hydro_reservoir,2030,26,5,5,-0.4172585492962687
6366,hydro_reservoir,2030,26,6,6,-0.42742473852342366
6367,hydro_reservoir,2030,26,7,7,-0.5186026757346136
6368,hydro_reservoir,2030,26,8,8,-0.6271341764264278
6369,hydro_reservoir,2030,26,9,9,-0.8897006742424607
6370,hydro_reservoir,2030,26,10,10,-1.1201677675166524
6371,hydro_reservoir,2030,26,11,11,-1.2406938351838688
6372,hydro_reservoir,2030,26,12,12,-1.4004080276038384
6373,hydro_reservoir,2030,26,13,13,-1.5170691783738546
6374,hydro_reservoir,2030,26,14,14,-1.6164489076527022
6375,hydro_reservoir,2030,26,15,15,-1.7044234648949552
6376,hydro_reservoir,2030,26,16,16,-1.8307111050825629
6377,hydro_reservoir,2030,26,17,17,-2.058799961620733
6378,hydro_reservoir,2030,26,18,18,-2.3388203159866165
6379,hydro_reservoir,2030,26,19,19,-2.6037966445880585
6380,hydro_reservoir,2030,26,20,20,-2.857616133759765
6381,hydro_reservoir,2030,26,21,21,-3.0605082392842022
6382,hydro_reservoir,2030,26,22,22,-3.203050410694187
6383,hydro_reservoir,2030,26,23,23,-3.273659634370081
6384,hydro_reservoir,2030,26,24,24,-3.405336889832224
6385,hydro_reservoir,2030,27,1,1,0.0291005291005291
6386,hydro_reservoir,2030,27,2,2,0.0582010582010582
6387,hydro_reservoir,2030,27,3,3,0.0873015873015873
6388,hydro_reservoir,2030,27,4,4,0.1164021164021164
6389,hydro_reservoir,2030,27,5,5,0.1455026455026455
6390,hydro_reservoir,2030,27,6,6,0.1746031746031746
6391,hydro_reservoir,2030,27,7,7,0.2037037037037037
6392,hydro_reservoir,2030,27,8,8,0.2328042328042328
6393,hydro_reservoir,2030,27,9,9,0.26190476190476186
6394,hydro_reservoir,2030,27,10,10,0.29100529100529093
6395,hydro_reservoir,2030,27,11,11,0.32010582010582
6396,hydro_reservoir,2030,27,12,12,0.3492063492063491
6397,hydro_reservoir,2030,27,13,13,0.37830687830687815
6398,hydro_reservoir,2030,27,14,14,0.4074074074074072
6399,hydro_reservoir,2030,27,15,15,0.4365079365079363
6400,hydro_reservoir,2030,27,16,16,0.46560846560846536
6401,hydro_reservoir,2030,27,17,17,0.49470899470899443
6402,hydro_reservoir,2030,27,18,18,0.5238095238095235
6403,hydro_reservoir,2030,27,19,19,0.5529100529100526
6404,hydro_reservoir,2030,27,20,20,0.5820105820105816
6405,hydro_reservoir,2030,27,21,21,0.5879216561421414
6406,hydro_reservoir,2030,27,22,22,0.6170221852426705
6407,hydro_reservoir,2030,27,23,23,0.6129458156274623
6408,hydro_reservoir,2030,27,24,24,0.6420463447279914
6409,hydro_reservoir,2030,28,1,1,0.03051146384479718
6410,hydro_reservoir,2030,28,2,2,0.06102292768959436
6411,hydro_reservoir,2030,28,3,3,0.09153439153439154
6412,hydro_reservoir,2030,28,4,4,0.12204585537918872
6413,hydro_reservoir,2030,28,5,5,0.1525573192239859
6414,hydro_reservoir,2030,28,6,6,0.1830687830687831
6415,hydro_reservoir,2030,28,7,7,0.2135802469135803
6416,hydro_reservoir,2030,28,8,8,0.2440917107583775
6417,hydro_reservoir,2030,28,9,9,0.2746031746031747
6418,hydro_reservoir,2030,28,10,10,0.3051146384479719
6419,hydro_reservoir,2030,28,11,11,0.33562610229276907
6420,hydro_reservoir,2030,28,12,12,0.36613756613756626
6421,hydro_reservoir,2030,28,13,13,0.39664902998236345
6422,hydro_reservoir,2030,28,14,14,0.42716049382716065
6423,hydro_reservoir,2030,28,15,15,0.45767195767195784
6424,hydro_reservoir,2030,28,16,16,0.48818342151675503
6425,hydro_reservoir,2030,28,17,17,0.5186948853615522
6426,hydro_reservoir,2030,28,18,18,0.5492063492063494
6427,hydro_reservoir,2030,28,19,19,0.5797178130511466
6428,hydro_reservoir,2030,28,20,20,0.6102292768959438
6429,hydro_reservoir,2030,28,21,21,0.6407407407407409
6430,hydro_reservoir,2030,28,22,22,0.6712522045855381
6431,hydro_reservoir,2030,28,23,23,0.7017636684303353
6432,hydro_reservoir,2030,28,24,24,0.7322751322751325
6433,hydro_reservoir,2030,29,1,1,0.0851851851851852
6434,hydro_reservoir,2030,29,2,2,0.1703703703703704
6435,hydro_reservoir,2030,29,3,3,0.2555555555555556
6436,hydro_reservoir,2030,29,4,4,0.3407407407407408
6437,hydro_reservoir,2030,29,5,5,0.425925925925926
6438,hydro_reservoir,2030,29,6,6,0.5111111111111112
6439,hydro_reservoir,2030,29,7,7,0.5332761687756695
6440,hydro_reservoir,2030,29,8,8,0.5091016133038262
6441,hydro_reservoir,2030,29,9,9,0.30789103867719414
6442,hydro_reservoir,2030,29,10,10,0.07729772006648206
6443,hydro_reservoir,2030,29,11,11,-0.10807980661988982
6444,hydro_reservoir,2030,29,12,12,-0.2597058152333746
6445,hydro_reservoir,2030,29,13,13,-0.3375489609449304
6446,hydro_reservoir,2030,29,14,14,-0.3642427592235546
6447,hydro_reservoir,2030,29,15,15,-0.31219066062253387
6448,hydro_reservoir,2030,29,16,16,-0.22700547543734861
6449,hydro_reservoir,2030,29,17,17,-0.14182029025216336
6450,hydro_reservoir,2030,29,18,18,-0.05663510506697822
6451,hydro_reservoir,2030,29,19,19,0.028550080118206977
6452,hydro_reservoir,2030,29,20,20,0.11373526530339217
6453,hydro_reservoir,2030,29,21,21,0.19892045048857737
6454,hydro_reservoir,2030,29,22,22,0.28410563567376257
6455,hydro_reservoir,2030,29,23,23,0.36929082085894777
6456,hydro_reservoir,2030,29,24,24,0.45447600604413296
6457,hydro_reservoir,2030,30,1,1,-0.014901753879900247
6458,hydro_reservoir,2030,30,2,2,0.0017585906959354247
6459,hydro_reservoir,2030,30,3,3,0.02627358187759332
6460,hydro_reservoir,2030,30,4,4,0.05078857305925116
6461,hydro_reservoir,2030,30,5,5,0.075303564240909
6462,hydro_reservoir,2030,30,6,6,0.09981855542256685
6463,hydro_reservoir,2030,30,7,7,0.12433354660422469
6464,hydro_reservoir,2030,30,8,8,0.14884853778588253
6465,hydro_reservoir,2030,30,9,9,0.17336352896754037
6466,hydro_reservoir,2030,30,10,10,0.1978785201491982
6467,hydro_reservoir,2030,30,11,11,0.22239351133085605
6468,hydro_reservoir,2030,30,12,12,0.2469085025125139
6469,hydro_reservoir,2030,30,13,13,0.27142349369417174
6470,hydro_reservoir,2030,30,14,14,0.29593848487582963
6471,hydro_reservoir,2030,30,15,15,0.3204534760574874
6472,hydro_reservoir,2030,30,16,16,0.3449684672391453
6473,hydro_reservoir,2030,30,17,17,0.3694834584208031
6474,hydro_reservoir,2030,30,18,18,0.393998449602461
6475,hydro_reservoir,2030,30,19,19,0.4185134407841188
6476,hydro_reservoir,2030,30,20,20,0.4430284319657767
6477,hydro_reservoir,2030,30,21,21,0.46754342314743447
6478,hydro_reservoir,2030,30,22,22,0.49205841432909236
6479,hydro_reservoir,2030,30,23,23,0.5165734055107501
6480,hydro_reservoir,2030,30,24,24,0.541088396692408
6481,hydro_reservoir,2030,31,1,1,0.043738977072310406
6482,hydro_reservoir,2030,31,2,2,0.08747795414462081
6483,hydro_reservoir,2030,31,3,3,0.13121693121693123
6484,hydro_reservoir,2030,31,4,4,0.16667122665657447
6485,hydro_reservoir,2030,31,5,5,0.16999206976439046
6486,hydro_reservoir,2030,31,6,6,0.18148465022183394
6487,hydro_reservoir,2030,31,7,7,0.18407197516732854
6488,hydro_reservoir,2030,31,8,8,0.18285673220954735
6489,hydro_reservoir,2030,31,9,9,0.21220549538036207
6490,hydro_reservoir,2030,31,10,10,0.2559444724526725
6491,hydro_reservoir,2030,31,11,11,0.2996834495249829
6492,hydro_reservoir,2030,31,12,12,0.3434224265972933
6493,hydro_reservoir,2030,31,13,13,0.38716140366960367
6494,hydro_reservoir,2030,31,14,14,0.43090038074191406
6495,hydro_reservoir,2030,31,15,15,0.46938975235618285
6496,hydro_reservoir,2030,31,16,16,0.5131287294284932
6497,hydro_reservoir,2030,31,17,17,0.5568677065008036
6498,hydro_reservoir,2030,31,18,18,0.6006066835731141
6499,hydro_reservoir,2030,31,19,19,0.6443456606454244
6500,hydro_reservoir,2030,31,20,20,0.6880846377177348
6501,hydro_reservoir,2030,31,21,21,0.7318236147900452
6502,hydro_reservoir,2030,31,22,22,0.7755625918623557
6503,hydro_reservoir,2030,31,23,23,0.819301568934666
6504,hydro_reservoir,2030,31,24,24,0.8630405460069764
6505,hydro_reservoir,2030,32,1,1,0.03192239858906525
6506,hydro_reservoir,2030,32,2,2,0.0638447971781305
6507,hydro_reservoir,2030,32,3,3,0.09576719576719575
6508,hydro_reservoir,2030,32,4,4,0.127689594356261
6509,hydro_reservoir,2030,32,5,5,0.15961199294532627
6510,hydro_reservoir,2030,32,6,6,0.19153439153439153
6511,hydro_reservoir,2030,32,7,7,0.2234567901234568
6512,hydro_reservoir,2030,32,8,8,0.255379188712522
6513,hydro_reservoir,2030,32,9,9,0.2873015873015873
6514,hydro_reservoir,2030,32,10,10,0.31922398589065254
6515,hydro_reservoir,2030,32,11,11,0.3511463844797178
6516,hydro_reservoir,2030,32,12,12,0.38306878306878306
6517,hydro_reservoir,2030,32,13,13,0.4149911816578483
6518,hydro_reservoir,2030,32,14,14,0.4469135802469136
6519,hydro_reservoir,2030,32,15,15,0.47883597883597884
6520,hydro_reservoir,2030,32,16,16,0.510758377425044
6521,hydro_reservoir,2030,32,17,17,0.5426807760141092
6522,hydro_reservoir,2030,32,18,18,0.5746031746031744
6523,hydro_reservoir,2030,32,19,19,0.5080061371050048
6524,hydro_reservoir,2030,32,20,20,0.37026877339725783
6525,hydro_reservoir,2030,32,21,21,0.26351911186879995
6526,hydro_reservoir,2030,32,22,22,0.18922244944749242
6527,hydro_reservoir,2030,32,23,23,0.14416275049087057
6528,hydro_reservoir,2030,32,24,24,0.1268536780721353
6529,hydro_reservoir,2030,33,1,1,0.0291005291005291
6530,hydro_reservoir,2030,33,2,2,0.0582010582010582
6531,hydro_reservoir,2030,33,3,3,0.0873015873015873
6532,hydro_reservoir,2030,33,4,4,0.1164021164021164
6533,hydro_reservoir,2030,33,5,5,0.1455026455026455
6534,hydro_reservoir,2030,33,6,6,0.1746031746031746
6535,hydro_reservoir,2030,33,7,7,0.2037037037037037
6536,hydro_reservoir,2030,33,8,8,0.2328042328042328
6537,hydro_reservoir,2030,33,9,9,0.26190476190476186
6538,hydro_reservoir,2030,33,10,10,0.29100529100529093
6539,hydro_reservoir,2030,33,11,11,0.32010582010582
6540,hydro_reservoir,2030,33,12,12,0.3492063492063491
6541,hydro_reservoir,2030,33,13,13,0.37830687830687815
6542,hydro_reservoir,2030,33,14,14,0.4074074074074072
6543,hydro_reservoir,2030,33,15,15,0.4365079365079363
6544,hydro_reservoir,2030,33,16,16,0.46560846560846536
6545,hydro_reservoir,2030,33,17,17,0.49470899470899443
6546,hydro_reservoir,2030,33,18,18,0.5238095238095235
6547,hydro_reservoir,2030,33,19,19,0.5529100529100526
6548,hydro_reservoir,2030,33,20,20,0.5820105820105816
6549,hydro_reservoir,2030,33,21,21,0.6111111111111107
6550,hydro_reservoir,2030,33,22,22,0.6402116402116398
6551,hydro_reservoir,2030,33,23,23,0.6693121693121689
6552,hydro_reservoir,2030,33,24,24,0.6984126984126979
6553,hydro_reservoir,2030,34,1,1,0.030335097001763667
6554,hydro_reservoir,2030,34,2,2,0.060670194003527335
6555,hydro_reservoir,2030,34,3,3,0.091005291005291
6556,hydro_reservoir,2030,34,4,4,0.12134038800705467
6557,hydro_reservoir,2030,34,5,5,0.15167548500881833
6558,hydro_reservoir,2030,34,6,6,0.182010582010582
6559,hydro_reservoir,2030,34,7,7,0.2123456790123457
6560,hydro_reservoir,2030,34,8,8,0.24268077601410937
6561,hydro_reservoir,2030,34,9,9,0.27301587301587305
6562,hydro_reservoir,2030,34,10,10,0.3033509700176367
6563,hydro_reservoir,2030,34,11,11,0.3336860670194004
6564,hydro_reservoir,2030,34,12,12,0.3640211640211641
6565,hydro_reservoir,2030,34,13,13,0.39435626102292776
6566,hydro_reservoir,2030,34,14,14,0.42469135802469143
6567,hydro_reservoir,2030,34,15,15,0.4550264550264551
6568,hydro_reservoir,2030,34,16,16,0.4853615520282188
6569,hydro_reservoir,2030,34,17,17,0.5156966490299825
6570,hydro_reservoir,2030,34,18,18,0.5325472369619533
6571,hydro_reservoir,2030,34,19,19,0.49886480786852705
6572,hydro_reservoir,2030,34,20,20,0.46026377650582245
6573,hydro_reservoir,2030,34,21,21,0.41146023238625073
6574,hydro_reservoir,2030,34,22,22,0.3993910807704391
6575,hydro_reservoir,2030,34,23,23,0.4297261777722028
6576,hydro_reservoir,2030,34,24,24,0.46006127477396647
6577,hydro_reservoir,2030,35,1,1,-0.041563964702685426
6578,hydro_reservoir,2030,35,2,2,-0.05675662923620154
6579,hydro_reservoir,2030,35,3,3,-0.05465012301944937
6580,hydro_reservoir,2030,35,4,4,-0.038404865288437395
6581,hydro_reservoir,2030,35,5,5,-0.024051870674760473
6582,hydro_reservoir,2030,35,6,6,0.01069239740284094
6583,hydro_reservoir,2030,35,7,7,0.045436665480442354
6584,hydro_reservoir,2030,35,8,8,0.005901033485073913
6585,hydro_reservoir,2030,35,9,9,-0.047556776274108224
6586,hydro_reservoir,2030,35,10,10,-0.06985052602552591
6587,hydro_reservoir,2030,35,11,11,-0.0351062579479245
6588,hydro_reservoir,2030,35,12,12,-0.008439975464801235
6589,hydro_reservoir,2030,35,13,13,-0.0017869251226229697
6590,hydro_reservoir,2030,35,14,14,0.027270095478743837
6591,hydro_reservoir,2030,35,15,15,0.06201436355634525
6592,hydro_reservoir,2030,35,16,16,0.04764530072693762
6593,hydro_reservoir,2030,35,17,17,-0.02401979019234613
6594,hydro_reservoir,2030,35,18,18,-0.07973688425918561
6595,hydro_reservoir,2030,35,19,19,-0.08034763452840651
6596,hydro_reservoir,2030,35,20,20,-0.045603366450805094
6597,hydro_reservoir,2030,35,21,21,-0.010859098373203674
6598,hydro_reservoir,2030,35,22,22,0.023885169704397732
6599,hydro_reservoir,2030,35,23,23,0.058629437781999146
6600,hydro_reservoir,2030,35,24,24,0.09337370585960056
6601,hydro_reservoir,2030,36,1,1,0.03192239858906525
6602,hydro_reservoir,2030,36,2,2,0.0638447971781305
6603,hydro_reservoir,2030,36,3,3,0.09576719576719575
6604,hydro_reservoir,2030,36,4,4,0.127689594356261
6605,hydro_reservoir,2030,36,5,5,0.15961199294532627
6606,hydro_reservoir,2030,36,6,6,0.19153439153439153
6607,hydro_reservoir,2030,36,7,7,0.2234567901234568
6608,hydro_reservoir,2030,36,8,8,0.255379188712522
6609,hydro_reservoir,2030,36,9,9,0.2873015873015873
6610,hydro_reservoir,2030,36,10,10,0.31922398589065254
6611,hydro_reservoir,2030,36,11,11,0.3511463844797178
6612,hydro_reservoir,2030,36,12,12,0.38306878306878306
6613,hydro_reservoir,2030,36,13,13,0.4149911816578483
6614,hydro_reservoir,2030,36,14,14,0.4469135802469136
6615,hydro_reservoir,2030,36,15,15,0.47883597883597884
6616,hydro_reservoir,2030,36,16,16,0.510758377425044
6617,hydro_reservoir,2030,36,17,17,0.5426807760141092
6618,hydro_reservoir,2030,36,18,18,0.5746031746031744
6619,hydro_reservoir,2030,36,19,19,0.6065255731922397
6620,hydro_reservoir,2030,36,20,20,0.6384479717813049
6621,hydro_reservoir,2030,36,21,21,0.6703703703703701
6622,hydro_reservoir,2030,36,22,22,0.7022927689594353
6623,hydro_reservoir,2030,36,23,23,0.7342151675485005
6624,hydro_reservoir,2030,36,24,24,0.7661375661375657
6625,hydro_reservoir,2030,37,1,1,0.08818342151675485
6626,hydro_reservoir,2030,37,2,2,0.1763668430335097
6627,hydro_reservoir,2030,37,3,3,0.26455026455026454
6628,hydro_reservoir,2030,37,4,4,0.3527336860670194
6629,hydro_reservoir,2030,37,5,5,0.4409171075837742
6630,hydro_reservoir,2030,37,6,6,0.5291005291005291
6631,hydro_reservoir,2030,37,7,7,0.6172839506172839
6632,hydro_reservoir,2030,37,8,8,0.7054673721340388
6633,hydro_reservoir,2030,37,9,9,0.7936507936507936
6634,hydro_reservoir,2030,37,10,10,0.8818342151675485
6635,hydro_reservoir,2030,37,11,11,0.9700176366843033
6636,hydro_reservoir,2030,37,12,12,1.0351531176468578
6637,hydro_reservoir,2030,37,13,13,1.1233365391636125
6638,hydro_reservoir,2030,37,14,14,1.2115199606803673
6639,hydro_reservoir,2030,37,15,15,1.2786599845225426
6640,hydro_reservoir,2030,37,16,16,1.2814315257559634
6641,hydro_reservoir,2030,37,17,17,1.2238732027016475
6642,hydro_reservoir,2030,37,18,18,1.107179784510041
6643,hydro_reservoir,2030,37,19,19,0.9917122676091314
6644,hydro_reservoir,2030,37,20,20,0.9080098357538007
6645,hydro_reservoir,2030,37,21,21,0.8716390081499729
6646,hydro_reservoir,2030,37,22,22,0.9088480905388098
6647,hydro_reservoir,2030,37,23,23,0.9970315120555646
6648,hydro_reservoir,2030,37,24,24,1.0518816398835833
6649,hydro_reservoir,2030,38,1,1,-0.025438533396762306
6650,hydro_reservoir,2030,38,2,2,-0.01128884175787116
6651,hydro_reservoir,2030,38,3,3,0.018869888400859
6652,hydro_reservoir,2030,38,4,4,0.04902861855958916
6653,hydro_reservoir,2030,38,5,5,0.07918734871831933
6654,hydro_reservoir,2030,38,6,6,0.10934607887704949
6655,hydro_reservoir,2030,38,7,7,0.13950480903577964
6656,hydro_reservoir,2030,38,8,8,0.11279966003550432
6657,hydro_reservoir,2030,38,9,9,0.03415665478144596
6658,hydro_reservoir,2030,38,10,10,-0.01442171844402676
6659,hydro_reservoir,2030,38,11,11,-0.0421531555039589
6660,hydro_reservoir,2030,38,12,12,-0.0996973569591691
6661,hydro_reservoir,2030,38,13,13,-0.15512570862421582
6662,hydro_reservoir,2030,38,14,14,-0.1723267415082963
6663,hydro_reservoir,2030,38,15,15,-0.15353310224800165
6664,hydro_reservoir,2030,38,16,16,-0.26554513117364
6665,hydro_reservoir,2030,38,17,17,-0.4764705323519761
6666,hydro_reservoir,2030,38,18,18,-0.6792627823072647
6667,hydro_reservoir,2030,38,19,19,-0.81542424332969
6668,hydro_reservoir,2030,38,20,20,-0.8646011062846394
6669,hydro_reservoir,2030,38,21,21,-0.8344423761259092
6670,hydro_reservoir,2030,38,22,22,-0.804283645967179
6671,hydro_reservoir,2030,38,23,23,-0.7741249158084489
6672,hydro_reservoir,2030,38,24,24,-0.7439661856497187
6673,hydro_reservoir,2030,39,1,1,0.032980599647266316
6674,hydro_reservoir,2030,39,2,2,0.06596119929453263
6675,hydro_reservoir,2030,39,3,3,0.09894179894179894
6676,hydro_reservoir,2030,39,4,4,0.13192239858906527
6677,hydro_reservoir,2030,39,5,5,0.1649029982363316
6678,hydro_reservoir,2030,39,6,6,0.1978835978835979
6679,hydro_reservoir,2030,39,7,7,0.23086419753086423
6680,hydro_reservoir,2030,39,8,8,0.26384479717813053
6681,hydro_reservoir,2030,39,9,9,0.2968253968253968
6682,hydro_reservoir,2030,39,10,10,0.3298059964726631
6683,hydro_reservoir,2030,39,11,11,0.3627865961199294
6684,hydro_reservoir,2030,39,12,12,0.3957671957671957
6685,hydro_reservoir,2030,39,13,13,0.428747795414462
6686,hydro_reservoir,2030,39,14,14,0.4617283950617283
6687,hydro_reservoir,2030,39,15,15,0.4947089947089946
6688,hydro_reservoir,2030,39,16,16,0.527689594356261
6689,hydro_reservoir,2030,39,17,17,0.5606701940035272
6690,hydro_reservoir,2030,39,18,18,0.5936507936507935
6691,hydro_reservoir,2030,39,19,19,0.6266313932980598
6692,hydro_reservoir,2030,39,20,20,0.6596119929453261
6693,hydro_reservoir,2030,39,21,21,0.6925925925925924
6694,hydro_reservoir,2030,39,22,22,0.7255731922398587
6695,hydro_reservoir,2030,39,23,23,0.758553791887125
6696,hydro_reservoir,2030,39,24,24,0.7915343915343913
6697,hydro_reservoir,2030,40,1,1,0.026455026455026454
6698,hydro_reservoir,2030,40,2,2,0.05291005291005291
6699,hydro_reservoir,2030,40,3,3,0.07936507936507936
6700,hydro_reservoir,2030,40,4,4,0.10582010582010581
6701,hydro_reservoir,2030,40,5,5,0.13227513227513227
6702,hydro_reservoir,2030,40,6,6,0.15873015873015872
6703,hydro_reservoir,2030,40,7,7,0.18518518518518517
6704,hydro_reservoir,2030,40,8,8,0.21164021164021163
6705,hydro_reservoir,2030,40,9,9,0.23809523809523808
6706,hydro_reservoir,2030,40,10,10,0.26455026455026454
6707,hydro_reservoir,2030,40,11,11,0.291005291005291
6708,hydro_reservoir,2030,40,12,12,0.31746031746031744
6709,hydro_reservoir,2030,40,13,13,0.3439153439153439
6710,hydro_reservoir,2030,40,14,14,0.37037037037037035
6711,hydro_reservoir,2030,40,15,15,0.3968253968253968
6712,hydro_reservoir,2030,40,16,16,0.42328042328042326
6713,hydro_reservoir,2030,40,17,17,0.4497354497354497
6714,hydro_reservoir,2030,40,18,18,0.47619047619047616
6715,hydro_reservoir,2030,40,19,19,0.5026455026455026
6716,hydro_reservoir,2030,40,20,20,0.5291005291005291
6717,hydro_reservoir,2030,40,21,21,0.5555555555555556
6718,hydro_reservoir,2030,40,22,22,0.5820105820105821
6719,hydro_reservoir,2030,40,23,23,0.6084656084656086
6720,hydro_reservoir,2030,40,24,24,0.6349206349206351
6721,hydro_reservoir,2030,41,1,1,0.03262786596119929
6722,hydro_reservoir,2030,41,2,2,0.06525573192239859
6723,hydro_reservoir,2030,41,3,3,0.09788359788359788
6724,hydro_reservoir,2030,41,4,4,0.13051146384479717
6725,hydro_reservoir,2030,41,5,5,0.16313932980599646
6726,hydro_reservoir,2030,41,6,6,0.19576719576719576
6727,hydro_reservoir,2030,41,7,7,0.22839506172839505
6728,hydro_reservoir,2030,41,8,8,0.26102292768959434
6729,hydro_reservoir,2030,41,9,9,0.2936507936507936
6730,hydro_reservoir,2030,41,10,10,0.32627865961199287
6731,hydro_reservoir,2030,41,11,11,0.35890652557319214
6732,hydro_reservoir,2030,41,12,12,0.3915343915343914
6733,hydro_reservoir,2030,41,13,13,0.42416225749559067
6734,hydro_reservoir,2030,41,14,14,0.45679012345678993
6735,hydro_reservoir,2030,41,15,15,0.4894179894179892
6736,hydro_reservoir,2030,41,16,16,0.5220458553791885
6737,hydro_reservoir,2030,41,17,17,0.5546737213403877
6738,hydro_reservoir,2030,41,18,18,0.5100970642371656
6739,hydro_reservoir,2030,41,19,19,0.41453258328593545
6740,hydro_reservoir,2030,41,20,20,0.3734594072645028
6741,hydro_reservoir,2030,41,21,21,0.40608727322570204
6742,hydro_reservoir,2030,41,22,22,0.43871513918690136
6743,hydro_reservoir,2030,41,23,23,0.4713430051481007
6744,hydro_reservoir,2030,41,24,24,0.5039708711093
6745,hydro_reservoir,2030,42,1,1,0.026455026455026454
6746,hydro_reservoir,2030,42,2,2,0.05291005291005291
6747,hydro_reservoir,2030,42,3,3,0.07936507936507936
6748,hydro_reservoir,2030,42,4,4,0.10582010582010581
6749,hydro_reservoir,2030,42,5,5,0.13227513227513227
6750,hydro_reservoir,2030,42,6,6,0.15873015873015872
6751,hydro_reservoir,2030,42,7,7,0.18518518518518517
6752,hydro_reservoir,2030,42,8,8,0.21164021164021163
6753,hydro_reservoir,2030,42,9,9,0.23809523809523808
6754,hydro_reservoir,2030,42,10,10,0.26455026455026454
6755,hydro_reservoir,2030,42,11,11,0.291005291005291
6756,hydro_reservoir,2030,42,12,12,0.31746031746031744
6757,hydro_reservoir,2030,42,13,13,0.3439153439153439
6758,hydro_reservoir,2030,42,14,14,0.37037037037037035
6759,hydro_reservoir,2030,42,15,15,0.3968253968253968
6760,hydro_reservoir,2030,42,16,16,0.42328042328042326
6761,hydro_reservoir,2030,42,17,17,0.4497354497354497
6762,hydro_reservoir,2030,42,18,18,0.47619047619047616
6763,hydro_reservoir,2030,42,19,19,0.5026455026455026
6764,hydro_reservoir,2030,42,20,20,0.5291005291005291
6765,hydro_reservoir,2030,42,21,21,0.5555555555555556
6766,hydro_reservoir,2030,42,22,22,0.5820105820105821
6767,hydro_reservoir,2030,42,23,23,0.6084656084656086
6768,hydro_reservoir,2030,42,24,24,0.6349206349206351
6769,hydro_reservoir,2030,43,1,1,-0.012988663916045369
6770,hydro_reservoir,2030,43,2,2,-0.004807920610900859
6771,hydro_reservoir,2030,43,3,3,0.014552074586933327
6772,hydro_reservoir,2030,43,4,4,0.034043888815376615
6773,hydro_reservoir,2030,43,5,5,0.040227837917902375
6774,hydro_reservoir,2030,43,6,6,0.052433155277576075
6775,hydro_reservoir,2030,43,7,7,0.04539283466239651
6776,hydro_reservoir,2030,43,8,8,-0.13047059467945243
6777,hydro_reservoir,2030,43,9,9,-0.3704033310662776
6778,hydro_reservoir,2030,43,10,10,-0.570075783709658
6779,hydro_reservoir,2030,43,11,11,-0.7304814913818477
6780,hydro_reservoir,2030,43,12,12,-0.8731409819889537
6781,hydro_reservoir,2030,43,13,13,-1.0231678932024104
6782,hydro_reservoir,2030,43,14,14,-1.1372439869521411
6783,hydro_reservoir,2030,43,15,15,-1.2189426203085731
6784,hydro_reservoir,2030,43,16,16,-1.364929553116981
6785,hydro_reservoir,2030,43,17,17,-1.5840846002314601
6786,hydro_reservoir,2030,43,18,18,-1.7902306183588617
6787,hydro_reservoir,2030,43,19,19,-1.9590514325880966
6788,hydro_reservoir,2030,43,20,20,-2.061125478318514
6789,hydro_reservoir,2030,43,21,21,-2.0480293978798922
6790,hydro_reservoir,2030,43,22,22,-2.0217507382678996
6791,hydro_reservoir,2030,43,23,23,-1.9954720786559066
6792,hydro_reservoir,2030,43,24,24,-1.9691934190439135
6793,hydro_reservoir,2030,44,1,1,0.03015873015873016
6794,hydro_reservoir,2030,44,2,2,0.06031746031746032
6795,hydro_reservoir,2030,44,3,3,0.09047619047619047
6796,hydro_reservoir,2030,44,4,4,0.12063492063492064
6797,hydro_reservoir,2030,44,5,5,0.15079365079365079
6798,hydro_reservoir,2030,44,6,6,0.18095238095238095
6799,hydro_reservoir,2030,44,7,7,0.2111111111111111
6800,hydro_reservoir,2030,44,8,8,0.24126984126984127
6801,hydro_reservoir,2030,44,9,9,0.2714285714285714
6802,hydro_reservoir,2030,44,10,10,0.30158730158730157
6803,hydro_reservoir,2030,44,11,11,0.33174603174603173
6804,hydro_reservoir,2030,44,12,12,0.3619047619047619
6805,hydro_reservoir,2030,44,13,13,0.39206349206349206
6806,hydro_reservoir,2030,44,14,14,0.4222222222222222
6807,hydro_reservoir,2030,44,15,15,0.4523809523809524
6808,hydro_reservoir,2030,44,16,16,0.48253968253968255
6809,hydro_reservoir,2030,44,17,17,0.5126984126984127
6810,hydro_reservoir,2030,44,18,18,0.5428571428571428
6811,hydro_reservoir,2030,44,19,19,0.573015873015873
6812,hydro_reservoir,2030,44,20,20,0.6031746031746031
6813,hydro_reservoir,2030,44,21,21,0.6333333333333333
6814,hydro_reservoir,2030,44,22,22,0.6634920634920635
6815,hydro_reservoir,2030,44,23,23,0.6936507936507936
6816,hydro_reservoir,2030,44,24,24,0.7238095238095238
6817,hydro_reservoir,2030,45,1,1,-0.03997833913922406
6818,hydro_reservoir,2030,45,2,2,-0.05578658958664934
6819,hydro_reservoir,2030,45,3,3,-0.06373597299647253
6820,hydro_reservoir,2030,45,4,4,-0.053401429925918655
6821,hydro_reservoir,2030,45,5,5,-0.031848535209709025
6822,hydro_reservoir,2030,45,6,6,7.386337935622739e-05
6823,hydro_reservoir,2030,45,7,7,0.03199626196842148
6824,hydro_reservoir,2030,45,8,8,0.06315727854386535
6825,hydro_reservoir,2030,45,9,9,0.09507967713293061
6826,hydro_reservoir,2030,45,10,10,0.12700207572199587
6827,hydro_reservoir,2030,45,11,11,0.15892447431106113
6828,hydro_reservoir,2030,45,12,12,0.1908468729001264
6829,hydro_reservoir,2030,45,13,13,0.22276927148919165
6830,hydro_reservoir,2030,45,14,14,0.2546916700782569
6831,hydro_reservoir,2030,45,15,15,0.28661406866732214
6832,hydro_reservoir,2030,45,16,16,0.3185364672563874
6833,hydro_reservoir,2030,45,17,17,0.2921067311527602
6834,hydro_reservoir,2030,45,18,18,0.19155333731099045
6835,hydro_reservoir,2030,45,19,19,0.14188838455288807
6836,hydro_reservoir,2030,45,20,20,0.17381078314195333
6837,hydro_reservoir,2030,45,21,21,0.2057331817310186
6838,hydro_reservoir,2030,45,22,22,0.23765558032008383
6839,hydro_reservoir,2030,45,23,23,0.2695779789091491
6840,hydro_reservoir,2030,45,24,24,0.30150037749821434
6841,hydro_reservoir,2030,46,1,1,0.0291005291005291
6842,hydro_reservoir,2030,46,2,2,0.0582010582010582
6843,hydro_reservoir,2030,46,3,3,0.0873015873015873
6844,hydro_reservoir,2030,46,4,4,0.1164021164021164
6845,hydro_reservoir,2030,46,5,5,0.1455026455026455
6846,hydro_reservoir,2030,46,6,6,0.1746031746031746
6847,hydro_reservoir,2030,46,7,7,0.2037037037037037
6848,hydro_reservoir,2030,46,8,8,0.2328042328042328
6849,hydro_reservoir,2030,46,9,9,0.26190476190476186
6850,hydro_reservoir,2030,46,10,10,0.29100529100529093
6851,hydro_reservoir,2030,46,11,11,0.32010582010582
6852,hydro_reservoir,2030,46,12,12,0.3492063492063491
6853,hydro_reservoir,2030,46,13,13,0.37830687830687815
6854,hydro_reservoir,2030,46,14,14,0.4074074074074072
6855,hydro_reservoir,2030,46,15,15,0.4365079365079363
6856,hydro_reservoir,2030,46,16,16,0.46560846560846536
6857,hydro_reservoir,2030,46,17,17,0.49470899470899443
6858,hydro_reservoir,2030,46,18,18,0.5238095238095235
6859,hydro_reservoir,2030,46,19,19,0.5529100529100526
6860,hydro_reservoir,2030,46,20,20,0.5820105820105816
6861,hydro_reservoir,2030,46,21,21,0.6111111111111107
6862,hydro_reservoir,2030,46,22,22,0.6402116402116398
6863,hydro_reservoir,2030,46,23,23,0.6693121693121689
6864,hydro_reservoir,2030,46,24,24,0.6984126984126979
6865,hydro_reservoir,2030,47,1,1,0.03051146384479718
6866,hydro_reservoir,2030,47,2,2,0.06102292768959436
6867,hydro_reservoir,2030,47,3,3,0.09153439153439154
6868,hydro_reservoir,2030,47,4,4,0.12204585537918872
6869,hydro_reservoir,2030,47,5,5,0.1525573192239859
6870,hydro_reservoir,2030,47,6,6,0.1830687830687831
6871,hydro_reservoir,2030,47,7,7,0.2135802469135803
6872,hydro_reservoir,2030,47,8,8,0.2440917107583775
6873,hydro_reservoir,2030,47,9,9,0.2746031746031747
6874,hydro_reservoir,2030,47,10,10,0.3051146384479719
6875,hydro_reservoir,2030,47,11,11,0.33562610229276907
6876,hydro_reservoir,2030,47,12,12,0.36613756613756626
6877,hydro_reservoir,2030,47,13,13,0.3817023351988685
6878,hydro_reservoir,2030,47,14,14,0.3446444129651967
6879,hydro_reservoir,2030,47,15,15,0.26458843672062143
6880,hydro_reservoir,2030,47,16,16,0.19215445152174138
6881,hydro_reservoir,2030,47,17,17,0.11743777282786563
6882,hydro_reservoir,2030,47,18,18,0.010032864628095217
6883,hydro_reservoir,2030,47,19,19,-0.17711206664836637
6884,hydro_reservoir,2030,47,20,20,-0.4257812483420378
6885,hydro_reservoir,2030,47,21,21,-0.6742939732329687
6886,hydro_reservoir,2030,47,22,22,-0.8520781330599707
6887,hydro_reservoir,2030,47,23,23,-0.9388040564430652
6888,hydro_reservoir,2030,47,24,24,-0.9134060803524455
6889,hydro_reservoir,2030,48,1,1,0.0291005291005291
6890,hydro_reservoir,2030,48,2,2,0.0582010582010582
6891,hydro_reservoir,2030,48,3,3,0.0873015873015873
6892,hydro_reservoir,2030,48,4,4,0.1164021164021164
6893,hydro_reservoir,2030,48,5,5,0.1455026455026455
6894,hydro_reservoir,2030,48,6,6,0.1746031746031746
6895,hydro_reservoir,2030,48,7,7,0.2037037037037037
6896,hydro_reservoir,2030,48,8,8,0.2328042328042328
6897,hydro_reservoir,2030,48,9,9,0.26190476190476186
6898,hydro_reservoir,2030,48,10,10,0.29100529100529093
6899,hydro_reservoir,2030,48,11,11,0.32010582010582
6900,hydro_reservoir,2030,48,12,12,0.3492063492063491
6901,hydro_reservoir,2030,48,13,13,0.37830687830687815
6902,hydro_reservoir,2030,48,14,14,0.406784309591972
6903,hydro_reservoir,2030,48,15,15,0.43588483869250105
6904,hydro_reservoir,2030,48,16,16,0.4649853677930301
6905,hydro_reservoir,2030,48,17,17,0.4940858968935592
6906,hydro_reservoir,2030,48,18,18,0.5231864259940884
6907,hydro_reservoir,2030,48,19,19,0.5522869550946174
6908,hydro_reservoir,2030,48,20,20,0.5813874841951465
6909,hydro_reservoir,2030,48,21,21,0.6104880132956756
6910,hydro_reservoir,2030,48,22,22,0.6395885423962047
6911,hydro_reservoir,2030,48,23,23,0.6686890714967338
6912,hydro_reservoir,2030,48,24,24,0.6977896005972629
6913,hydro_reservoir,2030,49,1,1,0.07601410934744268
6914,hydro_reservoir,2030,49,2,2,0.15202821869488536
6915,hydro_reservoir,2030,49,3,3,0.22804232804232805
6916,hydro_reservoir,2030,49,4,4,0.30405643738977073
6917,hydro_reservoir,2030,49,5,5,0.3800705467372134
6918,hydro_reservoir,2030,49,6,6,0.4560846560846561
6919,hydro_reservoir,2030,49,7,7,0.5320987654320988
6920,hydro_reservoir,2030,49,8,8,0.6081128747795415
6921,hydro_reservoir,2030,49,9,9,0.6476883572267057
6922,hydro_reservoir,2030,49,10,10,0.7237024665741484
6923,hydro_reservoir,2030,49,11,11,0.7644072056700404
6924,hydro_reservoir,2030,49,12,12,0.8404213150174831
6925,hydro_reservoir,2030,49,13,13,0.9164354243649258
6926,hydro_reservoir,2030,49,14,14,0.9924495337123684
6927,hydro_reservoir,2030,49,15,15,1.0684636430598111
6928,hydro_reservoir,2030,49,16,16,1.1444777524072538
6929,hydro_reservoir,2030,49,17,17,1.2204918617546965
6930,hydro_reservoir,2030,49,18,18,1.2965059711021392
6931,hydro_reservoir,2030,49,19,19,1.3725200804495818
6932,hydro_reservoir,2030,49,20,20,1.4485341897970245
6933,hydro_reservoir,2030,49,21,21,1.5245482991444672
6934,hydro_reservoir,2030,49,22,22,1.60056240849191
6935,hydro_reservoir,2030,49,23,23,1.6765765178393526
6936,hydro_reservoir,2030,49,24,24,1.7525906271867953
6937,hydro_reservoir,2030,50,1,1,-0.037591592001382124
6938,hydro_reservoir,2030,50,2,2,0.03665884891572546
6939,hydro_reservoir,2030,50,3,3,-0.07921092364542115
6940,hydro_reservoir,2030,50,4,4,-0.004960482728313564
6941,hydro_reservoir,2030,50,5,5,0.06928995818879402
6942,hydro_reservoir,2030,50,6,6,-0.38984207753613404
6943,hydro_reservoir,2030,50,7,7,-0.31559163661902645
6944,hydro_reservoir,2030,50,8,8,-0.24134119570191886
6945,hydro_reservoir,2030,50,9,9,-1.0110052616197156
6946,hydro_reservoir,2030,50,10,10,-0.936754820702608
6947,hydro_reservoir,2030,50,11,11,-0.8625043797855003
6948,hydro_reservoir,2030,50,12,12,-0.7882539388683927
6949,hydro_reservoir,2030,50,13,13,-0.714003497951285
6950,hydro_reservoir,2030,50,14,14,-0.6397530570341774
6951,hydro_reservoir,2030,50,15,15,-0.5655026161170698
6952,hydro_reservoir,2030,50,16,16,-0.49125217519996217
6953,hydro_reservoir,2030,50,17,17,-1.196175825490354
6954,hydro_reservoir,2030,50,18,18,-1.1219253845732464
6955,hydro_reservoir,2030,50,19,19,-1.0476749436561388
6956,hydro_reservoir,2030,50,20,20,-0.9734245027390312
6957,hydro_reservoir,2030,50,21,21,-0.8991740618219237
6958,hydro_reservoir,2030,50,22,22,-0.8249236209048161
6959,hydro_reservoir,2030,50,23,23,-0.7506731799877084
6960,hydro_reservoir,2030,50,24,24,-0.6764227390706009
6961,hydro_reservoir,2030,51,1,1,-0.6183065396564904
6962,hydro_reservoir,2030,51,2,2,-0.5858550405383246
6963,hydro_reservoir,2030,51,3,3,-0.5534035414201588
6964,hydro_reservoir,2030,51,4,4,-0.520952042301993
6965,hydro_reservoir,2030,51,5,5,-0.4885005431838272
6966,hydro_reservoir,2030,51,6,6,-0.4560490440656614
6967,hydro_reservoir,2030,51,7,7,-0.4235975449474956
6968,hydro_reservoir,2030,51,8,8,-0.39114604582932977
6969,hydro_reservoir,2030,51,9,9,-0.35869454671116396
6970,hydro_reservoir,2030,51,10,10,-0.32624304759299816
6971,hydro_reservoir,2030,51,11,11,-0.29379154847483235
6972,hydro_reservoir,2030,51,12,12,-0.26134004935666655
6973,hydro_reservoir,2030,51,13,13,-0.22888855023850077
6974,hydro_reservoir,2030,51,14,14,-0.196437051120335
6975,hydro_reservoir,2030,51,15,15,-0.16398555200216922
6976,hydro_reservoir,2030,51,16,16,-0.13153405288400344
6977,hydro_reservoir,2030,51,17,17,-0.09908255376583766
6978,hydro_reservoir,2030,51,18,18,-0.06663105464767188
6979,hydro_reservoir,2030,51,19,19,-0.6157251580715608
6980,hydro_reservoir,2030,51,20,20,-0.5832736589533951
6981,hydro_reservoir,2030,51,21,21,-0.5508221598352293
6982,hydro_reservoir,2030,51,22,22,-0.5183706607170635
6983,hydro_reservoir,2030,51,23,23,-0.48591916159889775
6984,hydro_reservoir,2030,51,24,24,-0.45346766248073195
6985,hydro_reservoir,2030,52,1,1,-0.2936459879052206
6986,hydro_reservoir,2030,52,2,2,-0.21869007961597897
6987,hydro_reservoir,2030,52,3,3,-0.14373417132673733
6988,hydro_reservoir,2030,52,4,4,-0.0687782630374957
6989,hydro_reservoir,2030,52,5,5,0.006177645251745939
6990,hydro_reservoir,2030,52,6,6,-0.27398711893729527
6991,hydro_reservoir,2030,52,7,7,-0.19903121064805362
6992,hydro_reservoir,2030,52,8,8,-0.12407530235881199
6993,hydro_reservoir,2030,52,9,9,-0.04911939406957036
6994,hydro_reservoir,2030,52,10,10,0.025836514219671272
6995,hydro_reservoir,2030,52,11,11,0.1007924225089129
6996,hydro_reservoir,2030,52,12,12,0.17574833079815455
6997,hydro_reservoir,2030,52,13,13,0.2507042390873962
6998,hydro_reservoir,2030,52,14,14,0.32566014737663784
6999,hydro_reservoir,2030,52,15,15,0.4006160556658795
7000,hydro_reservoir,2030,52,16,16,-0.39482209441358695
7001,hydro_reservoir,2030,52,17,17,-0.31986618612434536
7002,hydro_reservoir,2030,52,18,18,-0.2449102778351037
7003,hydro_reservoir,2030,52,19,19,-0.16995436954586204
7004,hydro_reservoir,2030,52,20,20,-0.0949984612566204
7005,hydro_reservoir,2030,52,21,21,-0.02004255296737875
7006,hydro_reservoir,2030,52,22,22,0.05491335532186287
7007,hydro_reservoir,2030,52,23,23,0.1298692636111045
7008,hydro_reservoir,2030,52,24,24,0.20482517190034613
7009,hydro_reservoir,2030,53,1,1,0.07601410934744268
7010,hydro_reservoir,2030,53,2,2,0.15202821869488536
7011,hydro_reservoir,2030,53,3,3,0.22804232804232805
7012,hydro_reservoir,2030,53,4,4,0.30405643738977073
7013,hydro_reservoir,2030,53,5,5,0.3800705467372134
7014,hydro_reservoir,2030,53,6,6,-0.2171745283568779
7015,hydro_reservoir,2030,53,7,7,-0.1411604190094352
7016,hydro_reservoir,2030,53,8,8,-0.06514630966199253
7017,hydro_reservoir,2030,53,9,9,0.010867799685450152
7018,hydro_reservoir,2030,53,10,10,0.08688190903289283
7019,hydro_reservoir,2030,53,11,11,0.16289601838033552
7020,hydro_reservoir,2030,53,12,12,-0.4944338801055922
7021,hydro_reservoir,2030,53,13,13,-1.1431202061797268
7022,hydro_reservoir,2030,53,14,14,-1.067106096832284
7023,hydro_reservoir,2030,53,15,15,-1.6871404546314535
7024,hydro_reservoir,2030,53,16,16,-1.6111263452840108
7025,hydro_reservoir,2030,53,17,17,-1.535112235936568
7026,hydro_reservoir,2030,53,18,18,-1.4590981265891254
7027,hydro_reservoir,2030,53,19,19,-1.3830840172416827
7028,hydro_reservoir,2030,53,20,20,-1.30706990789424
7029,hydro_reservoir,2030,53,21,21,-1.7093990298730506
7030,hydro_reservoir,2030,53,22,22,-1.633384920525608
7031,hydro_reservoir,2030,53,23,23,-1.5573708111781652
7032,hydro_reservoir,2030,53,24,24,-1.4813567018307225
7033,hydro_reservoir,2030,54,1,1,0.07336860670194004
7034,hydro_reservoir,2030,54,2,2,0.14673721340388007
7035,hydro_reservoir,2030,54,3,3,0.2201058201058201
7036,hydro_reservoir,2030,54,4,4,0.29347442680776015
7037,hydro_reservoir,2030,54,5,5,0.33643546972257643
7038,hydro_reservoir,2030,54,6,6,0.40980407642451644
7039,hydro_reservoir,2030,54,7,7,0.48317268312645645
7040,hydro_reservoir,2030,54,8,8,0.5565412898283965
7041,hydro_reservoir,2030,54,9,9,0.6299098965303365
7042,hydro_reservoir,2030,54,10,10,0.10995141640561593
7043,hydro_reservoir,2030,54,11,11,0.18332002310755596
7044,hydro_reservoir,2030,54,12,12,0.256688629809496
7045,hydro_reservoir,2030,54,13,13,0.33005723651143604
7046,hydro_reservoir,2030,54,14,14,-0.37763009408377224
7047,hydro_reservoir,2030,54,15,15,-0.30426148738183223
7048,hydro_reservoir,2030,54,16,16,-0.2308928806798922
7049,hydro_reservoir,2030,54,17,17,-1.0524215568152036
7050,hydro_reservoir,2030,54,18,18,-1.8796945698206766
7051,hydro_reservoir,2030,54,19,19,-1.8063259631187365
7052,hydro_reservoir,2030,54,20,20,-1.7329573564167964
7053,hydro_reservoir,2030,54,21,21,-1.6595887497148565
7054,hydro_reservoir,2030,54,22,22,-1.5862201430129164
7055,hydro_reservoir,2030,54,23,23,-1.5128515363109765
7056,hydro_reservoir,2030,54,24,24,-1.4394829296090363
7057,hydro_reservoir,2030,55,1,1,-0.586783637858399
7058,hydro_reservoir,2030,55,2,2,-0.5476301987049599
7059,hydro_reservoir,2030,55,3,3,-0.5084767595515207
7060,hydro_reservoir,2030,55,4,4,-0.46932332039808156
7061,hydro_reservoir,2030,55,5,5,-0.4301698812446424
7062,hydro_reservoir,2030,55,6,6,-0.39101644209120323
7063,hydro_reservoir,2030,55,7,7,-0.35186300293776407
7064,hydro_reservoir,2030,55,8,8,-0.3127095637843249
7065,hydro_reservoir,2030,55,9,9,-0.27355612463088574
7066,hydro_reservoir,2030,55,10,10,-0.23440268547744658
7067,hydro_reservoir,2030,55,11,11,-0.19524924632400742
7068,hydro_reservoir,2030,55,12,12,-0.1560958071705683
7069,hydro_reservoir,2030,55,13,13,-0.11694236801712915
7070,hydro_reservoir,2030,55,14,14,-0.07778892886368999
7071,hydro_reservoir,2030,55,15,15,-0.038635489710250825
7072,hydro_reservoir,2030,55,16,16,0.0005179494431883369
7073,hydro_reservoir,2030,55,17,17,0.0396713885966275
7074,hydro_reservoir,2030,55,18,18,0.07882482775006663
7075,hydro_reservoir,2030,55,19,19,0.1179782669035058
7076,hydro_reservoir,2030,55,20,20,0.15713170605694496
7077,hydro_reservoir,2030,55,21,21,0.19628514521038412
7078,hydro_reservoir,2030,55,22,22,0.23543858436382326
7079,hydro_reservoir,2030,55,23,23,0.2745920235172624
7080,hydro_reservoir,2030,55,24,24,0.3137454626707016
7081,hydro_reservoir,2030,56,1,1,0.07336860670194004
7082,hydro_reservoir,2030,56,2,2,0.14673721340388007
7083,hydro_reservoir,2030,56,3,3,0.2201058201058201
7084,hydro_reservoir,2030,56,4,4,0.29347442680776015
7085,hydro_reservoir,2030,56,5,5,0.36684303350970016
7086,hydro_reservoir,2030,56,6,6,0.44021164021164016
7087,hydro_reservoir,2030,56,7,7,-0.16066895525163316
7088,hydro_reservoir,2030,56,8,8,-0.08730034854969312
7089,hydro_reservoir,2030,56,9,9,-0.798395957442992
7090,hydro_reservoir,2030,56,10,10,-0.725027350741052
7091,hydro_reservoir,2030,56,11,11,-0.651658744039112
7092,hydro_reservoir,2030,56,12,12,-0.5782901373371719
7093,hydro_reservoir,2030,56,13,13,-1.2626016732151841
7094,hydro_reservoir,2030,56,14,14,-1.189233066513244
7095,hydro_reservoir,2030,56,15,15,-1.1158644598113039
7096,hydro_reservoir,2030,56,16,16,-1.0424958531093638
7097,hydro_reservoir,2030,56,17,17,-0.9691272464074238
7098,hydro_reservoir,2030,56,18,18,-0.8957586397054838
7099,hydro_reservoir,2030,56,19,19,-0.8223900330035437
7100,hydro_reservoir,2030,56,20,20,-1.3560216639879061
7101,hydro_reservoir,2030,56,21,21,-1.282653057285966
7102,hydro_reservoir,2030,56,22,22,-1.209284450584026
7103,hydro_reservoir,2030,56,23,23,-1.135915843882086
7104,hydro_reservoir,2030,56,24,24,-1.0625472371801459
7105,hydro_reservoir,2030,57,1,1,-0.5988536354561389
7106,hydro_reservoir,2030,57,2,2,-0.563580266849437
7107,hydro_reservoir,2030,57,3,3,-0.528306898242735
7108,hydro_reservoir,2030,57,4,4,-0.4930335296360331
7109,hydro_reservoir,2030,57,5,5,-0.45776016102933115
7110,hydro_reservoir,2030,57,6,6,-0.4224867924226292
7111,hydro_reservoir,2030,57,7,7,-0.38721342381592727
7112,hydro_reservoir,2030,57,8,8,-0.35194005520922533
7113,hydro_reservoir,2030,57,9,9,-0.3166666866025234
7114,hydro_reservoir,2030,57,10,10,-0.28139331799582146
7115,hydro_reservoir,2030,57,11,11,-0.9726685547184627
7116,hydro_reservoir,2030,57,12,12,-0.9373951861117608
7117,hydro_reservoir,2030,57,13,13,-0.9021218175050588
7118,hydro_reservoir,2030,57,14,14,-0.8668484488983569
7119,hydro_reservoir,2030,57,15,15,-0.8315750802916549
7120,hydro_reservoir,2030,57,16,16,-0.796301711684953
7121,hydro_reservoir,2030,57,17,17,-0.7610283430782511
7122,hydro_reservoir,2030,57,18,18,-0.7257549744715491
7123,hydro_reservoir,2030,57,19,19,-0.6904816058648472
7124,hydro_reservoir,2030,57,20,20,-0.6552082372581453
7125,hydro_reservoir,2030,57,21,21,-0.6199348686514433
7126,hydro_reservoir,2030,57,22,22,-1.213227737284805
7127,hydro_reservoir,2030,57,23,23,-1.177954368678103
7128,hydro_reservoir,2030,57,24,24,-1.1426810000714012
7129,hydro_reservoir,2030,58,1,1,-0.4341105007433315
7130,hydro_reservoir,2030,58,2,2,-0.35986005982622393
7131,hydro_reservoir,2030,58,3,3,-0.28560961890911635
7132,hydro_reservoir,2030,58,4,4,-0.21135917799200876
7133,hydro_reservoir,2030,58,5,5,-0.13710873707490118
7134,hydro_reservoir,2030,58,6,6,-0.06285829615779359
7135,hydro_reservoir,2030,58,7,7,0.011392144759313994
7136,hydro_reservoir,2030,58,8,8,0.08564258567642158
7137,hydro_reservoir,2030,58,9,9,0.15989302659352916
7138,hydro_reservoir,2030,58,10,10,0.23414346751063675
7139,hydro_reservoir,2030,58,11,11,0.30839390842774433
7140,hydro_reservoir,2030,58,12,12,-0.4163896953466461
7141,hydro_reservoir,2030,58,13,13,-0.3421392544295385
7142,hydro_reservoir,2030,58,14,14,-0.26788881351243093
7143,hydro_reservoir,2030,58,15,15,-0.19363837259532335
7144,hydro_reservoir,2030,58,16,16,-0.11938793167821576
7145,hydro_reservoir,2030,58,17,17,-0.04513749076110818
7146,hydro_reservoir,2030,58,18,18,0.029112950155999406
7147,hydro_reservoir,2030,58,19,19,-0.6109627719098569
7148,hydro_reservoir,2030,58,20,20,-0.5367123309927493
7149,hydro_reservoir,2030,58,21,21,-0.46246189007564176
7150,hydro_reservoir,2030,58,22,22,-0.3882114491585341
7151,hydro_reservoir,2030,58,23,23,-0.3139610082414266
7152,hydro_reservoir,2030,58,24,24,-0.23971056732431897
7153,hydro_reservoir,2030,59,1,1,0.0435626102292769
7154,hydro_reservoir,2030,59,2,2,0.0871252204585538
7155,hydro_reservoir,2030,59,3,3,0.08859893951101921
7156,hydro_reservoir,2030,59,4,4,0.01816047404757611
7157,hydro_reservoir,2030,59,5,5,-0.10085227146755421
7158,hydro_reservoir,2030,59,6,6,-0.05728966123827731
7159,hydro_reservoir,2030,59,7,7,-0.15657447497795504
7160,hydro_reservoir,2030,59,8,8,-0.11301186474867814
7161,hydro_reservoir,2030,59,9,9,-0.06944925451940123
7162,hydro_reservoir,2030,59,10,10,-0.025886644290124335
7163,hydro_reservoir,2030,59,11,11,0.017675965939152563
7164,hydro_reservoir,2030,59,12,12,-0.14653976144645758
7165,hydro_reservoir,2030,59,13,13,-0.10297715121718068
7166,hydro_reservoir,2030,59,14,14,-0.05941454098790378
7167,hydro_reservoir,2030,59,15,15,-0.015851930758626884
7168,hydro_reservoir,2030,59,16,16,0.027710679470650014
7169,hydro_reservoir,2030,59,17,17,0.07127328969992691
7170,hydro_reservoir,2030,59,18,18,0.05566694105411585
7171,hydro_reservoir,2030,59,19,19,0.09922955128339273
7172,hydro_reservoir,2030,59,20,20,0.14279216151266963
7173,hydro_reservoir,2030,59,21,21,0.18635477174194653
7174,hydro_reservoir,2030,59,22,22,0.2299173819712234
7175,hydro_reservoir,2030,59,23,23,0.27347999220050034
7176,hydro_reservoir,2030,59,24,24,0.3170426024297772
7177,hydro_reservoir,2030,60,1,1,0.07601410934744268
7178,hydro_reservoir,2030,60,2,2,0.15202821869488536
7179,hydro_reservoir,2030,60,3,3,0.22804232804232805
7180,hydro_reservoir,2030,60,4,4,-0.37936248682845497
7181,hydro_reservoir,2030,60,5,5,-0.3033483774810123
7182,hydro_reservoir,2030,60,6,6,-0.2273342681335696
7183,hydro_reservoir,2030,60,7,7,-0.15132015878612692
7184,hydro_reservoir,2030,60,8,8,-0.8013224791470142
7185,hydro_reservoir,2030,60,9,9,-0.7253083697995715
7186,hydro_reservoir,2030,60,10,10,-0.6492942604521288
7187,hydro_reservoir,2030,60,11,11,-0.5732801511046861
7188,hydro_reservoir,2030,60,12,12,-0.4972660417572434
7189,hydro_reservoir,2030,60,13,13,-0.42125193240980074
7190,hydro_reservoir,2030,60,14,14,-0.34523782306235806
7191,hydro_reservoir,2030,60,15,15,-0.2692237137149154
7192,hydro_reservoir,2030,60,16,16,-0.1932096043674727
7193,hydro_reservoir,2030,60,17,17,-0.11719549502003002
7194,hydro_reservoir,2030,60,18,18,-0.041181385672587334
7195,hydro_reservoir,2030,60,19,19,-0.5407954638999604
7196,hydro_reservoir,2030,60,20,20,-0.4647813545525176
7197,hydro_reservoir,2030,60,21,21,-0.38876724520507494
7198,hydro_reservoir,2030,60,22,22,-0.31275313585763226
7199,hydro_reservoir,2030,60,23,23,-0.23673902651018958
7200,hydro_reservoir,2030,60,24,24,-0.1607249171627469
7201,hydro_reservoir,2030,61,1,1,-0.5202929634462581
7202,hydro_reservoir,2030,61,2,2,-0.4776121874321487
7203,hydro_reservoir,2030,61,3,3,-0.43493141141803937
7204,hydro_reservoir,2030,61,4,4,-0.9275852491614639
7205,hydro_reservoir,2030,61,5,5,-0.8849044731473545
7206,hydro_reservoir,2030,61,6,6,-0.8422236971332452
7207,hydro_reservoir,2030,61,7,7,-0.7995429211191358
7208,hydro_reservoir,2030,61,8,8,-0.7568621451050265
7209,hydro_reservoir,2030,61,9,9,-0.7141813690909171
7210,hydro_reservoir,2030,61,10,10,-1.0739917281715758
7211,hydro_reservoir,2030,61,11,11,-1.0313109521574666
7212,hydro_reservoir,2030,61,12,12,-0.9886301761433572
7213,hydro_reservoir,2030,61,13,13,-0.9459494001292479
7214,hydro_reservoir,2030,61,14,14,-0.9032686241151386
7215,hydro_reservoir,2030,61,15,15,-0.8605878481010292
7216,hydro_reservoir,2030,61,16,16,-0.8179070720869199
7217,hydro_reservoir,2030,61,17,17,-0.7752262960728105
7218,hydro_reservoir,2030,61,18,18,-0.7325455200587012
7219,hydro_reservoir,2030,61,19,19,-0.6898647440445919
7220,hydro_reservoir,2030,61,20,20,-0.6471839680304825
7221,hydro_reservoir,2030,61,21,21,-0.6045031920163731
7222,hydro_reservoir,2030,61,22,22,-0.5618224160022638
7223,hydro_reservoir,2030,61,23,23,-0.5191416399881544
7224,hydro_reservoir,2030,61,24,24,-0.4764608639740451
7225,hydro_reservoir,2030,62,1,1,0.037742504409171075
7226,hydro_reservoir,2030,62,2,2,0.07548500881834215
7227,hydro_reservoir,2030,62,3,3,0.11322751322751323
7228,hydro_reservoir,2030,62,4,4,-0.5165269134200217
7229,hydro_reservoir,2030,62,5,5,-0.47878440901085056
7230,hydro_reservoir,2030,62,6,6,-1.1508599085871778
7231,hydro_reservoir,2030,62,7,7,-1.1131174041780068
7232,hydro_reservoir,2030,62,8,8,-1.0753748997688357
7233,hydro_reservoir,2030,62,9,9,-1.8993323165912217
7234,hydro_reservoir,2030,62,10,10,-2.7242544031079126
7235,hydro_reservoir,2030,62,11,11,-2.6865118986987415
7236,hydro_reservoir,2030,62,12,12,-2.6487693942895705
7237,hydro_reservoir,2030,62,13,13,-2.6110268898803994
7238,hydro_reservoir,2030,62,14,14,-2.5732843854712284
7239,hydro_reservoir,2030,62,15,15,-2.5355418810620574
7240,hydro_reservoir,2030,62,16,16,-2.4977993766528863
7241,hydro_reservoir,2030,62,17,17,-2.4600568722437153
7242,hydro_reservoir,2030,62,18,18,-2.8275419705030074
7243,hydro_reservoir,2030,62,19,19,-2.7897994660938363
7244,hydro_reservoir,2030,62,20,20,-2.7520569616846653
7245,hydro_reservoir,2030,62,21,21,-2.7143144572754943
7246,hydro_reservoir,2030,62,22,22,-2.676571952866323
7247,hydro_reservoir,2030,62,23,23,-2.638829448457152
7248,hydro_reservoir,2030,62,24,24,-2.601086944047981
7249,hydro_reservoir,2030,63,1,1,0.03209876543209877
7250,hydro_reservoir,2030,63,2,2,0.06419753086419754
7251,hydro_reservoir,2030,63,3,3,0.0962962962962963
7252,hydro_reservoir,2030,63,4,4,-0.48739782737245096
7253,hydro_reservoir,2030,63,5,5,-0.4552990619403522
7254,hydro_reservoir,2030,63,6,6,-0.4232002965082534
7255,hydro_reservoir,2030,63,7,7,-0.39110153107615464
7256,hydro_reservoir,2030,63,8,8,-0.35900276564405587
7257,hydro_reservoir,2030,63,9,9,-0.9288536365339871
7258,hydro_reservoir,2030,63,10,10,-0.8967548711018883
7259,hydro_reservoir,2030,63,11,11,-0.8646561056697896
7260,hydro_reservoir,2030,63,12,12,-0.8325573402376908
7261,hydro_reservoir,2030,63,13,13,-0.800458574805592
7262,hydro_reservoir,2030,63,14,14,-1.4035073329072247
7263,hydro_reservoir,2030,63,15,15,-1.371408567475126
7264,hydro_reservoir,2030,63,16,16,-1.3393098020430272
7265,hydro_reservoir,2030,63,17,17,-1.3072110366109284
7266,hydro_reservoir,2030,63,18,18,-2.0046775606261376
7267,hydro_reservoir,2030,63,19,19,-1.9725787951940388
7268,hydro_reservoir,2030,63,20,20,-1.94048002976194
7269,hydro_reservoir,2030,63,21,21,-1.9083812643298412
7270,hydro_reservoir,2030,63,22,22,-1.8762824988977425
7271,hydro_reservoir,2030,63,23,23,-2.522303491997567
7272,hydro_reservoir,2030,63,24,24,-2.4902047265654685
7273,hydro_reservoir,2030,64,1,1,-0.09279331008182867
7274,hydro_reservoir,2030,64,2,2,-0.14129338736545746
7275,hydro_reservoir,2030,64,3,3,-0.07233395173935517
7276,hydro_reservoir,2030,64,4,4,-0.0033745161132528734
7277,hydro_reservoir,2030,64,5,5,0.06558491951284942
7278,hydro_reservoir,2030,64,6,6,0.13454435513895172
7279,hydro_reservoir,2030,64,7,7,0.203503790765054
7280,hydro_reservoir,2030,64,8,8,0.2724632263911563
7281,hydro_reservoir,2030,64,9,9,0.34142266201725857
7282,hydro_reservoir,2030,64,10,10,-0.13723612302814933
7283,hydro_reservoir,2030,64,11,11,-0.06827668740204704
7284,hydro_reservoir,2030,64,12,12,0.0006827482240552574
7285,hydro_reservoir,2030,64,13,13,0.06964218385015755
7286,hydro_reservoir,2030,64,14,14,0.13860161947625985
7287,hydro_reservoir,2030,64,15,15,0.20756105510236214
7288,hydro_reservoir,2030,64,16,16,-0.5047669416059699
7289,hydro_reservoir,2030,64,17,17,-0.4358075059798676
7290,hydro_reservoir,2030,64,18,18,-0.3668480703537653
7291,hydro_reservoir,2030,64,19,19,-0.297888634727663
7292,hydro_reservoir,2030,64,20,20,-0.22892919910156073
7293,hydro_reservoir,2030,64,21,21,-0.15996976347545844
7294,hydro_reservoir,2030,64,22,22,-0.8286614537510558
7295,hydro_reservoir,2030,64,23,23,-0.7597020181249535
7296,hydro_reservoir,2030,64,24,24,-1.343004989820767
7297,hydro_reservoir,2030,65,1,1,-0.4129406890864041
7298,hydro_reservoir,2030,65,2,2,-0.3737872499329649
7299,hydro_reservoir,2030,65,3,3,-0.33463381077952575
7300,hydro_reservoir,2030,65,4,4,-0.2954803716260866
7301,hydro_reservoir,2030,65,5,5,-0.25632693247264743
7302,hydro_reservoir,2030,65,6,6,-0.21717349331920827
7303,hydro_reservoir,2030,65,7,7,-0.1780200541657691
7304,hydro_reservoir,2030,65,8,8,-0.13886661501232994
7305,hydro_reservoir,2030,65,9,9,-0.09971317585889078
7306,hydro_reservoir,2030,65,10,10,-0.06055973670545162
7307,hydro_reservoir,2030,65,11,11,-0.021406297552012454
7308,hydro_reservoir,2030,65,12,12,0.017747141601426653
7309,hydro_reservoir,2030,65,13,13,0.056900580754865815
7310,hydro_reservoir,2030,65,14,14,0.09605401990830498
7311,hydro_reservoir,2030,65,15,15,0.13520745906174414
7312,hydro_reservoir,2030,65,16,16,0.1743608982151833
7313,hydro_reservoir,2030,65,17,17,0.21351433736862246
7314,hydro_reservoir,2030,65,18,18,0.2526677765220616
7315,hydro_reservoir,2030,65,19,19,0.2918212156755008
7316,hydro_reservoir,2030,65,20,20,0.33097465482893995
7317,hydro_reservoir,2030,65,21,21,0.3701280939823791
7318,hydro_reservoir,2030,65,22,22,0.4092815331358182
7319,hydro_reservoir,2030,65,23,23,0.4484349722892574
7320,hydro_reservoir,2030,65,24,24,0.48758841144269655
7321,hydro_reservoir,2030,66,1,1,-0.3386029982438805
7322,hydro_reservoir,2030,66,2,2,-0.2712308642050798
7323,hydro_reservoir,2030,66,3,3,-0.2038587301662791
7324,hydro_reservoir,2030,66,4,4,-0.539467283683226
7325,hydro_reservoir,2030,66,5,5,-0.47209514964442534
7326,hydro_reservoir,2030,66,6,6,-0.4047230156056246
7327,hydro_reservoir,2030,66,7,7,-0.3373508815668239
7328,hydro_reservoir,2030,66,8,8,-0.2699787475280232
7329,hydro_reservoir,2030,66,9,9,-0.2026066134892225
7330,hydro_reservoir,2030,66,10,10,-0.13523447945042177
7331,hydro_reservoir,2030,66,11,11,-0.06786234541162108
7332,hydro_reservoir,2030,66,12,12,-0.0004902113728203761
7333,hydro_reservoir,2030,66,13,13,-0.4907778846072472
7334,hydro_reservoir,2030,66,14,14,-0.4234057505684465
7335,hydro_reservoir,2030,66,15,15,-0.35603361652964577
7336,hydro_reservoir,2030,66,16,16,-0.28866148249084506
7337,hydro_reservoir,2030,66,17,17,-0.2212893484520444
7338,hydro_reservoir,2030,66,18,18,-0.15391721441324369
7339,hydro_reservoir,2030,66,19,19,-0.08654508037444297
7340,hydro_reservoir,2030,66,20,20,-0.01917294633564226
7341,hydro_reservoir,2030,66,21,21,0.04819918770315845
7342,hydro_reservoir,2030,66,22,22,0.11557132174195914
7343,hydro_reservoir,2030,66,23,23,0.18294345578075982
7344,hydro_reservoir,2030,66,24,24,0.25031558981956054
7345,hydro_reservoir,2030,67,1,1,-0.502842463324578
7346,hydro_reservoir,2030,67,2,2,-0.979277116130211
7347,hydro_reservoir,2030,67,3,3,-0.944003747523509
7348,hydro_reservoir,2030,67,4,4,-0.9087303789168071
7349,hydro_reservoir,2030,67,5,5,-1.3511920633838237
7350,hydro_reservoir,2030,67,6,6,-1.3159186947771218
7351,hydro_reservoir,2030,67,7,7,-1.2806453261704198
7352,hydro_reservoir,2030,67,8,8,-1.2453719575637179
7353,hydro_reservoir,2030,67,9,9,-1.210098588957016
7354,hydro_reservoir,2030,67,10,10,-1.174825220350314
7355,hydro_reservoir,2030,67,11,11,-1.139551851743612
7356,hydro_reservoir,2030,67,12,12,-1.1042784831369101
7357,hydro_reservoir,2030,67,13,13,-1.0690051145302082
7358,hydro_reservoir,2030,67,14,14,-1.0337317459235063
7359,hydro_reservoir,2030,67,15,15,-0.9984583773168043
7360,hydro_reservoir,2030,67,16,16,-1.3825154905907555
7361,hydro_reservoir,2030,67,17,17,-1.3472421219840536
7362,hydro_reservoir,2030,67,18,18,-1.3119687533773516
7363,hydro_reservoir,2030,67,19,19,-1.2766953847706497
7364,hydro_reservoir,2030,67,20,20,-1.2414220161639478
7365,hydro_reservoir,2030,67,21,21,-1.2061486475572458
7366,hydro_reservoir,2030,67,22,22,-1.1708752789505439
7367,hydro_reservoir,2030,67,23,23,-1.4935581161992357
7368,hydro_reservoir,2030,67,24,24,-1.4582847475925338
7369,hydro_reservoir,2030,68,1,1,0.07425044091710759
7370,hydro_reservoir,2030,68,2,2,0.14850088183421517
7371,hydro_reservoir,2030,68,3,3,0.22275132275132276
7372,hydro_reservoir,2030,68,4,4,0.29700176366843034
7373,hydro_reservoir,2030,68,5,5,0.3180103438625587
7374,hydro_reservoir,2030,68,6,6,0.3922607847796663
7375,hydro_reservoir,2030,68,7,7,0.4665112256967739
7376,hydro_reservoir,2030,68,8,8,0.5407616666138815
7377,hydro_reservoir,2030,68,9,9,0.6150121075309891
7378,hydro_reservoir,2030,68,10,10,0.6892625484480968
7379,hydro_reservoir,2030,68,11,11,0.7635129893652044
7380,hydro_reservoir,2030,68,12,12,0.16368300732839824
7381,hydro_reservoir,2030,68,13,13,0.23793344824550583
7382,hydro_reservoir,2030,68,14,14,-0.40959830414794096
7383,hydro_reservoir,2030,68,15,15,-0.3353478632308334
7384,hydro_reservoir,2030,68,16,16,-1.0025006630640172
7385,hydro_reservoir,2030,68,17,17,-1.6981971784472287
7386,hydro_reservoir,2030,68,18,18,-1.623946737530121
7387,hydro_reservoir,2030,68,19,19,-1.5496962966130134
7388,hydro_reservoir,2030,68,20,20,-1.4754458556959058
7389,hydro_reservoir,2030,68,21,21,-1.4011954147787982
7390,hydro_reservoir,2030,68,22,22,-1.9658585090179725
7391,hydro_reservoir,2030,68,23,23,-1.8916080681008651
7392,hydro_reservoir,2030,68,24,24,-1.8173576271837575
7393,hydro_reservoir,2030,69,1,1,-0.5691910460962977
7394,hydro_reservoir,2030,69,2,2,-0.5002316104701954
7395,hydro_reservoir,2030,69,3,3,-0.4312721748440931
7396,hydro_reservoir,2030,69,4,4,-0.3623127392179908
7397,hydro_reservoir,2030,69,5,5,-0.2933533035918885
7398,hydro_reservoir,2030,69,6,6,-0.2243938679657862
7399,hydro_reservoir,2030,69,7,7,-0.1554344323396839
7400,hydro_reservoir,2030,69,8,8,-0.08647499671358161
7401,hydro_reservoir,2030,69,9,9,-0.017515561087479314
7402,hydro_reservoir,2030,69,10,10,0.05144387453862298
7403,hydro_reservoir,2030,69,11,11,0.12040331016472527
7404,hydro_reservoir,2030,69,12,12,0.18936274579082757
7405,hydro_reservoir,2030,69,13,13,0.25832218141692986
7406,hydro_reservoir,2030,69,14,14,0.32728161704303216
7407,hydro_reservoir,2030,69,15,15,0.39624105266913445
7408,hydro_reservoir,2030,69,16,16,0.46520048829523675
7409,hydro_reservoir,2030,69,17,17,0.534159923921339
7410,hydro_reservoir,2030,69,18,18,0.6031193595474413
7411,hydro_reservoir,2030,69,19,19,0.6720787951735436
7412,hydro_reservoir,2030,69,20,20,0.7410382307996459
7413,hydro_reservoir,2030,69,21,21,0.8099976664257482
7414,hydro_reservoir,2030,69,22,22,0.8789571020518505
7415,hydro_reservoir,2030,69,23,23,0.9479165376779528
7416,hydro_reservoir,2030,69,24,24,1.016875973304055
7417,hydro_reservoir,2030,70,1,1,0.04197530864197531
7418,hydro_reservoir,2030,70,2,2,0.08395061728395062
7419,hydro_reservoir,2030,70,3,3,0.07133177723905909
7420,hydro_reservoir,2030,70,4,4,0.1133070858810344
7421,hydro_reservoir,2030,70,5,5,0.1552823945230097
7422,hydro_reservoir,2030,70,6,6,0.19725770316498503
7423,hydro_reservoir,2030,70,7,7,0.23923301180696033
7424,hydro_reservoir,2030,70,8,8,0.2812083204489356
7425,hydro_reservoir,2030,70,9,9,0.3231836290909109
7426,hydro_reservoir,2030,70,10,10,-0.19610422777330966
7427,hydro_reservoir,2030,70,11,11,-0.70039955253688
7428,hydro_reservoir,2030,70,12,12,-0.6584242438949047
7429,hydro_reservoir,2030,70,13,13,-0.6164489352529294
7430,hydro_reservoir,2030,70,14,14,-0.8562008922929442
7431,hydro_reservoir,2030,70,15,15,-0.917530505867391
7432,hydro_reservoir,2030,70,16,16,-0.8755551972254156
7433,hydro_reservoir,2030,70,17,17,-0.8335798885834405
7434,hydro_reservoir,2030,70,18,18,-0.791604579941465
7435,hydro_reservoir,2030,70,19,19,-0.7496292712994899
7436,hydro_reservoir,2030,70,20,20,-0.7076539626575145
7437,hydro_reservoir,2030,70,21,21,-0.6656786540155393
7438,hydro_reservoir,2030,70,22,22,-0.6237033453735639
7439,hydro_reservoir,2030,70,23,23,-0.5817280367315886
7440,hydro_reservoir,2030,70,24,24,-0.5397527280896133
7441,hydro_reservoir,2030,71,1,1,0.020678385998176833
7442,hydro_reservoir,2030,71,2,2,0.03465239734676483
7443,hydro_reservoir,2030,71,3,3,0.06675116277886359
7444,hydro_reservoir,2030,71,4,4,0.03922694386689737
7445,hydro_reservoir,2030,71,5,5,0.07132570929899613
7446,hydro_reservoir,2030,71,6,6,0.1034244747310949
7447,hydro_reservoir,2030,71,7,7,-0.007238503429942422
7448,hydro_reservoir,2030,71,8,8,-0.17450525733349218
7449,hydro_reservoir,2030,71,9,9,-0.1424064919013934
7450,hydro_reservoir,2030,71,10,10,-0.11030772646929463
7451,hydro_reservoir,2030,71,11,11,-0.07820896103719585
7452,hydro_reservoir,2030,71,12,12,-0.04611019560509708
7453,hydro_reservoir,2030,71,13,13,-0.014011430172998315
7454,hydro_reservoir,2030,71,14,14,0.018087335259100452
7455,hydro_reservoir,2030,71,15,15,0.05018610069119922
7456,hydro_reservoir,2030,71,16,16,0.082284866123298
7457,hydro_reservoir,2030,71,17,17,-0.15849289280002876
7458,hydro_reservoir,2030,71,18,18,-0.12639412736793
7459,hydro_reservoir,2030,71,19,19,-0.09429536193583121
7460,hydro_reservoir,2030,71,20,20,-0.062196596503732444
7461,hydro_reservoir,2030,71,21,21,-0.030097831071633677
7462,hydro_reservoir,2030,71,22,22,-0.1949511703450168
7463,hydro_reservoir,2030,71,23,23,-0.16285240491291803
7464,hydro_reservoir,2030,71,24,24,-0.13075363948081925
7465,hydro_reservoir,2030,72,1,1,-0.5931455361587529
7466,hydro_reservoir,2030,72,2,2,-0.5485247248712749
7467,hydro_reservoir,2030,72,3,3,-0.5039039135837969
7468,hydro_reservoir,2030,72,4,4,-0.45928310229631897
7469,hydro_reservoir,2030,72,5,5,-0.414662291008841
7470,hydro_reservoir,2030,72,6,6,-0.37004147972136303
7471,hydro_reservoir,2030,72,7,7,-0.32542066843388506
7472,hydro_reservoir,2030,72,8,8,-0.2807998571464071
7473,hydro_reservoir,2030,72,9,9,-0.23617904585892913
7474,hydro_reservoir,2030,72,10,10,-0.19155823457145116
7475,hydro_reservoir,2030,72,11,11,-0.1469374232839732
7476,hydro_reservoir,2030,72,12,12,-0.10231661199649524
7477,hydro_reservoir,2030,72,13,13,-0.05769580070901728
7478,hydro_reservoir,2030,72,14,14,-0.013074989421539326
7479,hydro_reservoir,2030,72,15,15,0.03154582186593863
7480,hydro_reservoir,2030,72,16,16,0.07616663315341658
7481,hydro_reservoir,2030,72,17,17,0.12078744444089454
7482,hydro_reservoir,2030,72,18,18,0.16540825572837248
7483,hydro_reservoir,2030,72,19,19,0.21002906701585045
7484,hydro_reservoir,2030,72,20,20,-0.35360409704666523
7485,hydro_reservoir,2030,72,21,21,-0.8938049020410381
7486,hydro_reservoir,2030,72,22,22,-0.8491840907535603
7487,hydro_reservoir,2030,72,23,23,-0.8045632794660823
7488,hydro_reservoir,2030,72,24,24,-0.7599424681786043
7489,hydro_reservoir,2030,73,1,1,0.09753086419753088
7490,hydro_reservoir,2030,73,2,2,0.19506172839506175
7491,hydro_reservoir,2030,73,3,3,0.2925925925925926
7492,hydro_reservoir,2030,73,4,4,0.3901234567901235
7493,hydro_reservoir,2030,73,5,5,0.4876543209876544
7494,hydro_reservoir,2030,73,6,6,0.5851851851851853
7495,hydro_reservoir,2030,73,7,7,0.6827160493827161
7496,hydro_reservoir,2030,73,8,8,0.780246913580247
7497,hydro_reservoir,2030,73,9,9,0.8777777777777779
7498,hydro_reservoir,2030,73,10,10,0.9753086419753088
7499,hydro_reservoir,2030,73,11,11,1.0728395061728397
7500,hydro_reservoir,2030,73,12,12,1.1703703703703705
7501,hydro_reservoir,2030,73,13,13,1.2679012345679013
7502,hydro_reservoir,2030,73,14,14,1.365432098765432
7503,hydro_reservoir,2030,73,15,15,1.4629629629629628
7504,hydro_reservoir,2030,73,16,16,1.5604938271604936
7505,hydro_reservoir,2030,73,17,17,1.6580246913580243
7506,hydro_reservoir,2030,73,18,18,1.755555555555555
7507,hydro_reservoir,2030,73,19,19,1.8530864197530859
7508,hydro_reservoir,2030,73,20,20,1.9506172839506166
7509,hydro_reservoir,2030,73,21,21,2.0481481481481474
7510,hydro_reservoir,2030,73,22,22,2.145679012345678
7511,hydro_reservoir,2030,73,23,23,2.243209876543209
7512,hydro_reservoir,2030,73,24,24,2.3407407407407397
7513,hydro_reservoir,2030,74,1,1,-0.4985907757020038
7514,hydro_reservoir,2030,74,2,2,-0.4067036504815452
7515,hydro_reservoir,2030,74,3,3,-0.31481652526108667
7516,hydro_reservoir,2030,74,4,4,-0.2229294000406281
7517,hydro_reservoir,2030,74,5,5,-0.13104227482016956
7518,hydro_reservoir,2030,74,6,6,-0.039155149599711
7519,hydro_reservoir,2030,74,7,7,0.05273197562074755
7520,hydro_reservoir,2030,74,8,8,0.1446191008412061
7521,hydro_reservoir,2030,74,9,9,0.23650622606166466
7522,hydro_reservoir,2030,74,10,10,0.3283933512821232
7523,hydro_reservoir,2030,74,11,11,0.42028047650258177
7524,hydro_reservoir,2030,74,12,12,0.5121676017230403
7525,hydro_reservoir,2030,74,13,13,0.6040547269434988
7526,hydro_reservoir,2030,74,14,14,0.16570425325579602
7527,hydro_reservoir,2030,74,15,15,0.2575913784762546
7528,hydro_reservoir,2030,74,16,16,0.3494785036967131
7529,hydro_reservoir,2030,74,17,17,0.4413656289171717
7530,hydro_reservoir,2030,74,18,18,0.5332527541376302
7531,hydro_reservoir,2030,74,19,19,0.6251398793580887
7532,hydro_reservoir,2030,74,20,20,0.7170270045785472
7533,hydro_reservoir,2030,74,21,21,0.8089141297990057
7534,hydro_reservoir,2030,74,22,22,0.9008012550194642
7535,hydro_reservoir,2030,74,23,23,0.788728302878035
7536,hydro_reservoir,2030,74,24,24,0.8806154280984936
7537,hydro_reservoir,2030,75,1,1,-0.5689352601770113
7538,hydro_reservoir,2030,75,2,2,-0.5373655952740131
7539,hydro_reservoir,2030,75,3,3,-0.5057959303710148
7540,hydro_reservoir,2030,75,4,4,-0.47422626546801655
7541,hydro_reservoir,2030,75,5,5,-0.4426566005650183
7542,hydro_reservoir,2030,75,6,6,-0.4110869356620201
7543,hydro_reservoir,2030,75,7,7,-1.00321090129263
7544,hydro_reservoir,2030,75,8,8,-0.9716412363896316
7545,hydro_reservoir,2030,75,9,9,-0.9400715714866335
7546,hydro_reservoir,2030,75,10,10,-0.9085019065836352
7547,hydro_reservoir,2030,75,11,11,-0.8769322416806369
7548,hydro_reservoir,2030,75,12,12,-0.8453625767776387
7549,hydro_reservoir,2030,75,13,13,-0.8137929118746405
7550,hydro_reservoir,2030,75,14,14,-0.7822232469716422
7551,hydro_reservoir,2030,75,15,15,-0.750653582068644
7552,hydro_reservoir,2030,75,16,16,-0.7190839171656458
7553,hydro_reservoir,2030,75,17,17,-0.6875142522626475
7554,hydro_reservoir,2030,75,18,18,-0.6559445873596493
7555,hydro_reservoir,2030,75,19,19,-0.624374922456651
7556,hydro_reservoir,2030,75,20,20,-0.5928052575536529
7557,hydro_reservoir,2030,75,21,21,-0.5612355926506546
7558,hydro_reservoir,2030,75,22,22,-0.5296659277476564
7559,hydro_reservoir,2030,75,23,23,-0.49809626284465813
7560,hydro_reservoir,2030,75,24,24,-0.4665265979416599
7561,hydro_reservoir,2030,76,1,1,0.081657848324515
7562,hydro_reservoir,2030,76,2,2,0.16331569664903
7563,hydro_reservoir,2030,76,3,3,0.244973544973545
7564,hydro_reservoir,2030,76,4,4,0.32663139329806
7565,hydro_reservoir,2030,76,5,5,0.3945522838562883
7566,hydro_reservoir,2030,76,6,6,0.32330903106194125
7567,hydro_reservoir,2030,76,7,7,0.40496687938645626
7568,hydro_reservoir,2030,76,8,8,0.48662472771097126
7569,hydro_reservoir,2030,76,9,9,0.5682825760354863
7570,hydro_reservoir,2030,76,10,10,0.6499404243600013
7571,hydro_reservoir,2030,76,11,11,0.7315982726845163
7572,hydro_reservoir,2030,76,12,12,0.8132561210090312
7573,hydro_reservoir,2030,76,13,13,0.8949139693335462
7574,hydro_reservoir,2030,76,14,14,0.08952191880622558
7575,hydro_reservoir,2030,76,15,15,0.17117976713074057
7576,hydro_reservoir,2030,76,16,16,0.25283761545525557
7577,hydro_reservoir,2030,76,17,17,0.3344954637797706
7578,hydro_reservoir,2030,76,18,18,0.4161533121042856
7579,hydro_reservoir,2030,76,19,19,0.4978111604288006
7580,hydro_reservoir,2030,76,20,20,-0.25804594659690083
7581,hydro_reservoir,2030,76,21,21,-0.17638809827238586
7582,hydro_reservoir,2030,76,22,22,-0.09473024994787085
7583,hydro_reservoir,2030,76,23,23,-0.01307240162335585
7584,hydro_reservoir,2030,76,24,24,0.06858544670115915
7585,hydro_reservoir,2030,77,1,1,-0.5073781469975334
7586,hydro_reservoir,2030,77,2,2,-0.4691065420592618
7587,hydro_reservoir,2030,77,3,3,-0.4308349371209902
7588,hydro_reservoir,2030,77,4,4,-0.3925633321827186
7589,hydro_reservoir,2030,77,5,5,-0.354291727244447
7590,hydro_reservoir,2030,77,6,6,-0.31602012230617543
7591,hydro_reservoir,2030,77,7,7,-0.27774851736790385
7592,hydro_reservoir,2030,77,8,8,-0.23947691242963223
7593,hydro_reservoir,2030,77,9,9,-0.20120530749136062
7594,hydro_reservoir,2030,77,10,10,-0.7010534657348677
7595,hydro_reservoir,2030,77,11,11,-0.6627818607965961
7596,hydro_reservoir,2030,77,12,12,-0.6245102558583244
7597,hydro_reservoir,2030,77,13,13,-0.5862386509200528
7598,hydro_reservoir,2030,77,14,14,-0.5479670459817813
7599,hydro_reservoir,2030,77,15,15,-0.5096954410435097
7600,hydro_reservoir,2030,77,16,16,-0.4714238361052381
7601,hydro_reservoir,2030,77,17,17,-0.4331522311669665
7602,hydro_reservoir,2030,77,18,18,-0.3948806262286949
7603,hydro_reservoir,2030,77,19,19,-0.35660902129042327
7604,hydro_reservoir,2030,77,20,20,-0.3183374163521516
7605,hydro_reservoir,2030,77,21,21,-0.28006581141388004
7606,hydro_reservoir,2030,77,22,22,-0.24179420647560845
7607,hydro_reservoir,2030,77,23,23,-0.20352260153733684
7608,hydro_reservoir,2030,77,24,24,-0.16525099659906523
7609,hydro_reservoir,2030,78,1,1,-0.6520230305437692
7610,hydro_reservoir,2030,78,2,2,-1.2842571573568826
7611,hydro_reservoir,2030,78,3,3,-1.1976610374274292
7612,hydro_reservoir,2030,78,4,4,-1.111064917497976
7613,hydro_reservoir,2030,78,5,5,-1.024468797568523
7614,hydro_reservoir,2030,78,6,6,-0.9378726776390697
7615,hydro_reservoir,2030,78,7,7,-0.8512765577096164
7616,hydro_reservoir,2030,78,8,8,-0.7646804377801631
7617,hydro_reservoir,2030,78,9,9,-0.6780843178507099
7618,hydro_reservoir,2030,78,10,10,-0.5914881979212566
7619,hydro_reservoir,2030,78,11,11,-0.5048920779918034
7620,hydro_reservoir,2030,78,12,12,-0.4182959580623501
7621,hydro_reservoir,2030,78,13,13,-0.33169983813289683
7622,hydro_reservoir,2030,78,14,14,-0.8327789557467102
7623,hydro_reservoir,2030,78,15,15,-0.7461828358172569
7624,hydro_reservoir,2030,78,16,16,-0.6595867158878037
7625,hydro_reservoir,2030,78,17,17,-0.5729905959583503
7626,hydro_reservoir,2030,78,18,18,-0.4863944760288971
7627,hydro_reservoir,2030,78,19,19,-0.39979835609944386
7628,hydro_reservoir,2030,78,20,20,-0.3132022361699906
7629,hydro_reservoir,2030,78,21,21,-0.22660611624053734
7630,hydro_reservoir,2030,78,22,22,-0.14000999631108407
7631,hydro_reservoir,2030,78,23,23,-0.05341387638163081
7632,hydro_reservoir,2030,78,24,24,0.033182243547822454
7633,hydro_reservoir,2030,79,1,1,-0.5757768872732706
7634,hydro_reservoir,2030,79,2,2,-0.5308033422997256
7635,hydro_reservoir,2030,79,3,3,-0.4858297973261806
7636,hydro_reservoir,2030,79,4,4,-0.4408562523526356
7637,hydro_reservoir,2030,79,5,5,-0.3958827073790906
7638,hydro_reservoir,2030,79,6,6,-0.3509091624055456
7639,hydro_reservoir,2030,79,7,7,-0.3059356174320006
7640,hydro_reservoir,2030,79,8,8,-0.2609620724584556
7641,hydro_reservoir,2030,79,9,9,-0.21598852748491063
7642,hydro_reservoir,2030,79,10,10,-0.7823928631496933
7643,hydro_reservoir,2030,79,11,11,-0.7374193181761483
7644,hydro_reservoir,2030,79,12,12,-0.6924457732026033
7645,hydro_reservoir,2030,79,13,13,-0.6474722282290583
7646,hydro_reservoir,2030,79,14,14,-0.6024986832555133
7647,hydro_reservoir,2030,79,15,15,-0.5575251382819683
7648,hydro_reservoir,2030,79,16,16,-0.5125515933084233
7649,hydro_reservoir,2030,79,17,17,-0.46757804833487826
7650,hydro_reservoir,2030,79,18,18,-0.4226045033613333
7651,hydro_reservoir,2030,79,19,19,-0.3776309583877884
7652,hydro_reservoir,2030,79,20,20,-0.3326574134142434
7653,hydro_reservoir,2030,79,21,21,-0.2876838684406984
7654,hydro_reservoir,2030,79,22,22,-0.24271032346715343
7655,hydro_reservoir,2030,79,23,23,-0.19773677849360846
7656,hydro_reservoir,2030,79,24,24,-0.1527632335200635
7657,hydro_reservoir,2030,80,1,1,0.03439153439153439
7658,hydro_reservoir,2030,80,2,2,0.06878306878306878
7659,hydro_reservoir,2030,80,3,3,-0.5021327582856774
7660,hydro_reservoir,2030,80,4,4,-0.46774122389414297
7661,hydro_reservoir,2030,80,5,5,-1.0498900007332443
7662,hydro_reservoir,2030,80,6,6,-1.6629386799656831
7663,hydro_reservoir,2030,80,7,7,-1.6285471455741487
7664,hydro_reservoir,2030,80,8,8,-2.2639023573866233
7665,hydro_reservoir,2030,80,9,9,-2.229510822995089
7666,hydro_reservoir,2030,80,10,10,-2.8081586051698717
7667,hydro_reservoir,2030,80,11,11,-2.7737670707783373
7668,hydro_reservoir,2030,80,12,12,-2.739375536386803
7669,hydro_reservoir,2030,80,13,13,-3.208599943282854
7670,hydro_reservoir,2030,80,14,14,-3.1742084088913196
7671,hydro_reservoir,2030,80,15,15,-3.5210067447283437
7672,hydro_reservoir,2030,80,16,16,-3.774268953118381
7673,hydro_reservoir,2030,80,17,17,-3.739877418726847
7674,hydro_reservoir,2030,80,18,18,-3.7054858843353125
7675,hydro_reservoir,2030,80,19,19,-3.671094349943778
7676,hydro_reservoir,2030,80,20,20,-3.6367028155522436
7677,hydro_reservoir,2030,80,21,21,-3.602311281160709
7678,hydro_reservoir,2030,80,22,22,-3.567919746769175
7679,hydro_reservoir,2030,80,23,23,-3.5335282123776404
7680,hydro_reservoir,2030,80,24,24,-3.499136677986106
7681,hydro_reservoir,2030,81,1,1,0.029982363315696647
7682,hydro_reservoir,2030,81,2,2,0.059964726631393295
7683,hydro_reservoir,2030,81,3,3,0.08994708994708994
7684,hydro_reservoir,2030,81,4,4,0.11992945326278659
7685,hydro_reservoir,2030,81,5,5,0.14991181657848324
7686,hydro_reservoir,2030,81,6,6,0.17989417989417988
7687,hydro_reservoir,2030,81,7,7,0.20987654320987653
7688,hydro_reservoir,2030,81,8,8,0.17707525403658853
7689,hydro_reservoir,2030,81,9,9,0.20705761735228517
7690,hydro_reservoir,2030,81,10,10,0.15839382901614774
7691,hydro_reservoir,2030,81,11,11,0.18837619233184438
7692,hydro_reservoir,2030,81,12,12,0.21835855564754103
7693,hydro_reservoir,2030,81,13,13,0.24834091896323768
7694,hydro_reservoir,2030,81,14,14,0.2783232822789343
7695,hydro_reservoir,2030,81,15,15,0.308305645594631
7696,hydro_reservoir,2030,81,16,16,0.3382880089103276
7697,hydro_reservoir,2030,81,17,17,0.36827037222602427
7698,hydro_reservoir,2030,81,18,18,0.3982527355417209
7699,hydro_reservoir,2030,81,19,19,0.2679468031105269
7700,hydro_reservoir,2030,81,20,20,0.2979291664262235
7701,hydro_reservoir,2030,81,21,21,0.32791152974192017
7702,hydro_reservoir,2030,81,22,22,-0.007961112492273159
7703,hydro_reservoir,2030,81,23,23,0.02202125082342349
7704,hydro_reservoir,2030,81,24,24,0.052003614139120136
7705,hydro_reservoir,2030,82,1,1,0.030687830687830688
7706,hydro_reservoir,2030,82,2,2,0.061375661375661375
7707,hydro_reservoir,2030,82,3,3,0.09206349206349207
7708,hydro_reservoir,2030,82,4,4,-0.5133433000629142
7709,hydro_reservoir,2030,82,5,5,-0.48265546937508347
7710,hydro_reservoir,2030,82,6,6,-1.0519037855825126
7711,hydro_reservoir,2030,82,7,7,-1.021215954894682
7712,hydro_reservoir,2030,82,8,8,-0.9905281242068513
7713,hydro_reservoir,2030,82,9,9,-0.9598402935190207
7714,hydro_reservoir,2030,82,10,10,-0.92915246283119
7715,hydro_reservoir,2030,82,11,11,-0.8984646321433594
7716,hydro_reservoir,2030,82,12,12,-0.8677768014555287
7717,hydro_reservoir,2030,82,13,13,-0.8370889707676981
7718,hydro_reservoir,2030,82,14,14,-0.8064011400798674
7719,hydro_reservoir,2030,82,15,15,-1.25835344505155
7720,hydro_reservoir,2030,82,16,16,-1.2276656143637192
7721,hydro_reservoir,2030,82,17,17,-1.7458201769696502
7722,hydro_reservoir,2030,82,18,18,-1.7151323462818195
7723,hydro_reservoir,2030,82,19,19,-1.684444515593989
7724,hydro_reservoir,2030,82,20,20,-2.3299197693890346
7725,hydro_reservoir,2030,82,21,21,-2.9866223261661706
7726,hydro_reservoir,2030,82,22,22,-2.9559344954783398
7727,hydro_reservoir,2030,82,23,23,-2.9252466647905093
7728,hydro_reservoir,2030,82,24,24,-2.8945588341026784
7729,hydro_reservoir,2030,83,1,1,0.03791887125220458
7730,hydro_reservoir,2030,83,2,2,0.07583774250440917
7731,hydro_reservoir,2030,83,3,3,0.11375661375661375
7732,hydro_reservoir,2030,83,4,4,-0.4637307847945811
7733,hydro_reservoir,2030,83,5,5,-1.046630774529956
7734,hydro_reservoir,2030,83,6,6,-1.666194857861826
7735,hydro_reservoir,2030,83,7,7,-1.6282759866096215
7736,hydro_reservoir,2030,83,8,8,-1.590357115357417
7737,hydro_reservoir,2030,83,9,9,-2.3456388009258977
7738,hydro_reservoir,2030,83,10,10,-2.307719929673693
7739,hydro_reservoir,2030,83,11,11,-3.0195950516881704
7740,hydro_reservoir,2030,83,12,12,-2.981676180435966
7741,hydro_reservoir,2030,83,13,13,-3.63559393591975
7742,hydro_reservoir,2030,83,14,14,-3.5976750646675457
7743,hydro_reservoir,2030,83,15,15,-3.559756193415341
7744,hydro_reservoir,2030,83,16,16,-3.5218373221631367
7745,hydro_reservoir,2030,83,17,17,-3.8425088726096543
7746,hydro_reservoir,2030,83,18,18,-3.80459000135745
7747,hydro_reservoir,2030,83,19,19,-3.7666711301052453
7748,hydro_reservoir,2030,83,20,20,-3.728752258853041
7749,hydro_reservoir,2030,83,21,21,-3.6908333876008363
7750,hydro_reservoir,2030,83,22,22,-3.6529145163486314
7751,hydro_reservoir,2030,83,23,23,-3.614995645096427
7752,hydro_reservoir,2030,83,24,24,-3.5770767738442224
7753,hydro_reservoir,2030,84,1,1,-0.6412892274793032
7754,hydro_reservoir,2030,84,2,2,-0.6090140952041709
7755,hydro_reservoir,2030,84,3,3,-0.5767389629290387
7756,hydro_reservoir,2030,84,4,4,-0.5444638306539065
7757,hydro_reservoir,2030,84,5,5,-0.5121886983787742
7758,hydro_reservoir,2030,84,6,6,-0.47991356610364194
7759,hydro_reservoir,2030,84,7,7,-0.44763843382850965
7760,hydro_reservoir,2030,84,8,8,-0.41536330155337736
7761,hydro_reservoir,2030,84,9,9,-0.38308816927824507
7762,hydro_reservoir,2030,84,10,10,-0.923813695512228
7763,hydro_reservoir,2030,84,11,11,-0.8915385632370958
7764,hydro_reservoir,2030,84,12,12,-0.8592634309619634
7765,hydro_reservoir,2030,84,13,13,-0.8269882986868311
7766,hydro_reservoir,2030,84,14,14,-0.7947131664116989
7767,hydro_reservoir,2030,84,15,15,-0.7624380341365666
7768,hydro_reservoir,2030,84,16,16,-0.7301629018614343
7769,hydro_reservoir,2030,84,17,17,-0.6978877695863019
7770,hydro_reservoir,2030,84,18,18,-0.6656126373111697
7771,hydro_reservoir,2030,84,19,19,-0.6333375050360375
7772,hydro_reservoir,2030,84,20,20,-0.6010623727609051
7773,hydro_reservoir,2030,84,21,21,-0.5687872404857729
7774,hydro_reservoir,2030,84,22,22,-0.5365121082106405
7775,hydro_reservoir,2030,84,23,23,-0.5042369759355083
7776,hydro_reservoir,2030,84,24,24,-0.471961843660376
7777,hydro_reservoir,2030,85,1,1,0.09753086419753088
7778,hydro_reservoir,2030,85,2,2,0.19506172839506175
7779,hydro_reservoir,2030,85,3,3,0.2925925925925926
7780,hydro_reservoir,2030,85,4,4,-0.022257850996765305
7781,hydro_reservoir,2030,85,5,5,0.07527301320076557
7782,hydro_reservoir,2030,85,6,6,0.17280387739829645
7783,hydro_reservoir,2030,85,7,7,0.2703347415958273
7784,hydro_reservoir,2030,85,8,8,-0.0542431395975939
7785,hydro_reservoir,2030,85,9,9,0.043287724599936975
7786,hydro_reservoir,2030,85,10,10,0.14081858879746784
7787,hydro_reservoir,2030,85,11,11,0.2383494529949987
7788,hydro_reservoir,2030,85,12,12,0.3358803171925296
7789,hydro_reservoir,2030,85,13,13,0.43341118139006046
7790,hydro_reservoir,2030,85,14,14,0.049372518454496694
7791,hydro_reservoir,2030,85,15,15,0.14690338265202757
7792,hydro_reservoir,2030,85,16,16,0.24443424684955845
7793,hydro_reservoir,2030,85,17,17,0.3419651110470893
7794,hydro_reservoir,2030,85,18,18,0.06203915581660609
7795,hydro_reservoir,2030,85,19,19,-0.38824170400869584
7796,hydro_reservoir,2030,85,20,20,-0.29071083981116497
7797,hydro_reservoir,2030,85,21,21,-0.1931799756136341
7798,hydro_reservoir,2030,85,22,22,-0.710273728017584
7799,hydro_reservoir,2030,85,23,23,-0.6127428638200532
7800,hydro_reservoir,2030,85,24,24,-0.5152119996225223
7801,hydro_reservoir,2030,86,1,1,-0.46387492849375583
7802,hydro_reservoir,2030,86,2,2,-0.42965976094525493
7803,hydro_reservoir,2030,86,3,3,-0.39544459339675403
7804,hydro_reservoir,2030,86,4,4,-0.3612294258482531
7805,hydro_reservoir,2030,86,5,5,-0.3270142582997522
7806,hydro_reservoir,2030,86,6,6,-0.2927990907512513
7807,hydro_reservoir,2030,86,7,7,-0.2585839232027504
7808,hydro_reservoir,2030,86,8,8,-0.22436875565424955
7809,hydro_reservoir,2030,86,9,9,-0.19015358810574867
7810,hydro_reservoir,2030,86,10,10,-0.1559384205572478
7811,hydro_reservoir,2030,86,11,11,-0.12172325300874692
7812,hydro_reservoir,2030,86,12,12,-0.08750808546024605
7813,hydro_reservoir,2030,86,13,13,-0.05329291791174517
7814,hydro_reservoir,2030,86,14,14,-0.019077750363244286
7815,hydro_reservoir,2030,86,15,15,0.015137417185256595
7816,hydro_reservoir,2030,86,16,16,0.049352584733757476
7817,hydro_reservoir,2030,86,17,17,-0.5969700369949051
7818,hydro_reservoir,2030,86,18,18,-0.5627548694464043
7819,hydro_reservoir,2030,86,19,19,-0.5285397018979034
7820,hydro_reservoir,2030,86,20,20,-0.4943245343494025
7821,hydro_reservoir,2030,86,21,21,-0.46010936680090164
7822,hydro_reservoir,2030,86,22,22,-0.42589419925240074
7823,hydro_reservoir,2030,86,23,23,-0.3916790317038999
7824,hydro_reservoir,2030,86,24,24,-0.357463864155399
7825,hydro_reservoir,2030,87,1,1,0.0490299823633157
7826,hydro_reservoir,2030,87,2,2,0.0980599647266314
7827,hydro_reservoir,2030,87,3,3,-0.3585498558995906
7828,hydro_reservoir,2030,87,4,4,-0.3095198735362749
7829,hydro_reservoir,2030,87,5,5,-0.8524186017614885
7830,hydro_reservoir,2030,87,6,6,-0.8033886193981729
7831,hydro_reservoir,2030,87,7,7,-0.7543586370348572
7832,hydro_reservoir,2030,87,8,8,-0.7053286546715415
7833,hydro_reservoir,2030,87,9,9,-0.6562986723082258
7834,hydro_reservoir,2030,87,10,10,-1.301783046747536
7835,hydro_reservoir,2030,87,11,11,-1.2527530643842202
7836,hydro_reservoir,2030,87,12,12,-1.8665461690650043
7837,hydro_reservoir,2030,87,13,13,-1.8175161867016885
7838,hydro_reservoir,2030,87,14,14,-1.7684862043383727
7839,hydro_reservoir,2030,87,15,15,-1.7194562219750569
7840,hydro_reservoir,2030,87,16,16,-1.9492666229784619
7841,hydro_reservoir,2030,87,17,17,-1.9002366406151463
7842,hydro_reservoir,2030,87,18,18,-1.8512066582518305
7843,hydro_reservoir,2030,87,19,19,-1.802176675888515
7844,hydro_reservoir,2030,87,20,20,-1.7531466935251991
7845,hydro_reservoir,2030,87,21,21,-1.7041167111618836
7846,hydro_reservoir,2030,87,22,22,-1.6550867287985678
7847,hydro_reservoir,2030,87,23,23,-1.6060567464352522
7848,hydro_reservoir,2030,87,24,24,-1.5570267640719364
7849,hydro_reservoir,2030,88,1,1,-0.02519630547924742
7850,hydro_reservoir,2030,88,2,2,-0.08202934494575098
7851,hydro_reservoir,2030,88,3,3,-0.036879433129172495
7852,hydro_reservoir,2030,88,4,4,-0.22211764893174946
7853,hydro_reservoir,2030,88,5,5,-0.4355752012233175
7854,hydro_reservoir,2030,88,6,6,-0.39042528940673904
7855,hydro_reservoir,2030,88,7,7,-0.538197631910279
7856,hydro_reservoir,2030,88,8,8,-0.49304772009370057
7857,hydro_reservoir,2030,88,9,9,-0.4478978082771221
7858,hydro_reservoir,2030,88,10,10,-0.6796824612324143
7859,hydro_reservoir,2030,88,11,11,-0.6345325494158358
7860,hydro_reservoir,2030,88,12,12,-0.5893826375992574
7861,hydro_reservoir,2030,88,13,13,-0.5442327257826789
7862,hydro_reservoir,2030,88,14,14,-0.49908281396610044
7863,hydro_reservoir,2030,88,15,15,-0.453932902149522
7864,hydro_reservoir,2030,88,16,16,-0.4087829903329435
7865,hydro_reservoir,2030,88,17,17,-0.36363307851636506
7866,hydro_reservoir,2030,88,18,18,-0.46271620065549895
7867,hydro_reservoir,2030,88,19,19,-0.41756628883892044
7868,hydro_reservoir,2030,88,20,20,-0.372416377022342
7869,hydro_reservoir,2030,88,21,21,-0.3272664652057635
7870,hydro_reservoir,2030,88,22,22,-0.28211655338918507
7871,hydro_reservoir,2030,88,23,23,-0.763602957825719
7872,hydro_reservoir,2030,88,24,24,-0.7184530460091405
7873,hydro_reservoir,2030,89,1,1,-0.23643136633331246
7874,hydro_reservoir,2030,89,2,2,-0.20327439984301265
7875,hydro_reservoir,2030,89,3,3,-0.17011743335271284
7876,hydro_reservoir,2030,89,4,4,-0.13696046686241303
7877,hydro_reservoir,2030,89,5,5,-0.10380350037211321
7878,hydro_reservoir,2030,89,6,6,-0.07064653388181338
7879,hydro_reservoir,2030,89,7,7,-0.03748956739151356
7880,hydro_reservoir,2030,89,8,8,-0.0043326009012137345
7881,hydro_reservoir,2030,89,9,9,-0.13366471758755116
7882,hydro_reservoir,2030,89,10,10,-0.10050775109725134
7883,hydro_reservoir,2030,89,11,11,-0.2994086915991856
7884,hydro_reservoir,2030,89,12,12,-0.2662517251088858
7885,hydro_reservoir,2030,89,13,13,-0.23309475861858597
7886,hydro_reservoir,2030,89,14,14,-0.6438999240824002
7887,hydro_reservoir,2030,89,15,15,-0.6107429575921004
7888,hydro_reservoir,2030,89,16,16,-0.5775859911018005
7889,hydro_reservoir,2030,89,17,17,-0.5444290246115007
7890,hydro_reservoir,2030,89,18,18,-0.5112720581212009
7891,hydro_reservoir,2030,89,19,19,-0.4781150916309011
7892,hydro_reservoir,2030,89,20,20,-0.4449581251406013
7893,hydro_reservoir,2030,89,21,21,-0.4118011586503015
7894,hydro_reservoir,2030,89,22,22,-0.37864419216000167
7895,hydro_reservoir,2030,89,23,23,-0.3454872256697018
7896,hydro_reservoir,2030,89,24,24,-0.312330259179402
7897,hydro_reservoir,2030,90,1,1,0.03827160493827161
7898,hydro_reservoir,2030,90,2,2,-0.5417277181189298
7899,hydro_reservoir,2030,90,3,3,-1.1239084156712333
7900,hydro_reservoir,2030,90,4,4,-1.0856368107329617
7901,hydro_reservoir,2030,90,5,5,-1.04736520579469
7902,hydro_reservoir,2030,90,6,6,-1.0090936008564184
7903,hydro_reservoir,2030,90,7,7,-0.9708219959181468
7904,hydro_reservoir,2030,90,8,8,-0.9325503909798751
7905,hydro_reservoir,2030,90,9,9,-0.8942787860416035
7906,hydro_reservoir,2030,90,10,10,-0.8560071811033318
7907,hydro_reservoir,2030,90,11,11,-0.8177355761650602
7908,hydro_reservoir,2030,90,12,12,-0.7794639712267886
7909,hydro_reservoir,2030,90,13,13,-1.060378571601635
7910,hydro_reservoir,2030,90,14,14,-1.0221069666633633
7911,hydro_reservoir,2030,90,15,15,-1.258597577277081
7912,hydro_reservoir,2030,90,16,16,-1.2203259723388094
7913,hydro_reservoir,2030,90,17,17,-1.1820543674005377
7914,hydro_reservoir,2030,90,18,18,-1.5548111052736597
7915,hydro_reservoir,2030,90,19,19,-1.516539500335388
7916,hydro_reservoir,2030,90,20,20,-2.0206881309136824
7917,hydro_reservoir,2030,90,21,21,-1.9824165259754107
7918,hydro_reservoir,2030,90,22,22,-1.944144921037139
7919,hydro_reservoir,2030,90,23,23,-2.373436285416198
7920,hydro_reservoir,2030,90,24,24,-2.686774175201927
7921,hydro_reservoir,2030,91,1,1,-0.2424804545348791
7922,hydro_reservoir,2030,91,2,2,-0.1608226062103641
7923,hydro_reservoir,2030,91,3,3,-0.07916475788584909
7924,hydro_reservoir,2030,91,4,4,0.0024930904386659125
7925,hydro_reservoir,2030,91,5,5,0.08415093876318092
7926,hydro_reservoir,2030,91,6,6,0.16580878708769592
7927,hydro_reservoir,2030,91,7,7,0.24746663541221092
7928,hydro_reservoir,2030,91,8,8,0.3291244837367259
7929,hydro_reservoir,2030,91,9,9,0.41078233206124093
7930,hydro_reservoir,2030,91,10,10,0.49244018038575593
7931,hydro_reservoir,2030,91,11,11,0.5740980287102709
7932,hydro_reservoir,2030,91,12,12,0.06206873901528054
7933,hydro_reservoir,2030,91,13,13,0.14372658733979554
7934,hydro_reservoir,2030,91,14,14,0.22538443566431055
7935,hydro_reservoir,2030,91,15,15,0.30704228398882555
7936,hydro_reservoir,2030,91,16,16,0.38870013231334055
7937,hydro_reservoir,2030,91,17,17,-0.23366029142410893
7938,hydro_reservoir,2030,91,18,18,-0.15200244309959388
7939,hydro_reservoir,2030,91,19,19,-0.07034459477507887
7940,hydro_reservoir,2030,91,20,20,0.01131325354943613
7941,hydro_reservoir,2030,91,21,21,0.09297110187395113
7942,hydro_reservoir,2030,91,22,22,0.17462895019846614
7943,hydro_reservoir,2030,91,23,23,0.25628679852298114
7944,hydro_reservoir,2030,91,24,24,0.33794464684749614
7945,hydro_reservoir,2030,92,1,1,-0.6337662711279372
7946,hydro_reservoir,2030,92,2,2,-1.205702122757403
7947,hydro_reservoir,2030,92,3,3,-1.1725451562671032
7948,hydro_reservoir,2030,92,4,4,-1.1393881897768035
7949,hydro_reservoir,2030,92,5,5,-1.1062312232865037
7950,hydro_reservoir,2030,92,6,6,-1.2932105013805797
7951,hydro_reservoir,2030,92,7,7,-1.26005353489028
7952,hydro_reservoir,2030,92,8,8,-1.2268965683999802
7953,hydro_reservoir,2030,92,9,9,-1.1937396019096804
7954,hydro_reservoir,2030,92,10,10,-1.1605826354193807
7955,hydro_reservoir,2030,92,11,11,-1.127425668929081
7956,hydro_reservoir,2030,92,12,12,-1.0942687024387812
7957,hydro_reservoir,2030,92,13,13,-1.0611117359484814
7958,hydro_reservoir,2030,92,14,14,-1.0279547694581816
7959,hydro_reservoir,2030,92,15,15,-0.9947978029678818
7960,hydro_reservoir,2030,92,16,16,-0.9616408364775819
7961,hydro_reservoir,2030,92,17,17,-0.928483869987282
7962,hydro_reservoir,2030,92,18,18,-0.8953269034969822
7963,hydro_reservoir,2030,92,19,19,-0.8621699370066823
7964,hydro_reservoir,2030,92,20,20,-0.8290129705163825
7965,hydro_reservoir,2030,92,21,21,-0.7958560040260826
7966,hydro_reservoir,2030,92,22,22,-1.1818783262518007
7967,hydro_reservoir,2030,92,23,23,-1.1487213597615007
7968,hydro_reservoir,2030,92,24,24,-1.115564393271201
7969,hydro_reservoir,2030,93,1,1,-0.3870910060930018
7970,hydro_reservoir,2030,93,2,2,-0.2895601418954709
7971,hydro_reservoir,2030,93,3,3,-0.6880453328646539
7972,hydro_reservoir,2030,93,4,4,-0.590514468667123
7973,hydro_reservoir,2030,93,5,5,-0.4929836044695921
7974,hydro_reservoir,2030,93,6,6,-0.39545274027206123
7975,hydro_reservoir,2030,93,7,7,-0.29792187607453036
7976,hydro_reservoir,2030,93,8,8,-0.7732314961533491
7977,hydro_reservoir,2030,93,9,9,-0.6757006319558182
7978,hydro_reservoir,2030,93,10,10,-0.5781697677582873
7979,hydro_reservoir,2030,93,11,11,-0.48063890356075645
7980,hydro_reservoir,2030,93,12,12,-0.38310803936322557
7981,hydro_reservoir,2030,93,13,13,-0.2855771751656947
7982,hydro_reservoir,2030,93,14,14,-0.18804631096816382
7983,hydro_reservoir,2030,93,15,15,-0.09051544677063295
7984,hydro_reservoir,2030,93,16,16,0.00701541742689793
7985,hydro_reservoir,2030,93,17,17,0.1045462816244288
7986,hydro_reservoir,2030,93,18,18,0.20207714582195968
7987,hydro_reservoir,2030,93,19,19,0.29960801001949056
7988,hydro_reservoir,2030,93,20,20,0.0019884539306037063
7989,hydro_reservoir,2030,93,21,21,0.09951931812813458
7990,hydro_reservoir,2030,93,22,22,0.19705018232566546
7991,hydro_reservoir,2030,93,23,23,0.29458104652319633
7992,hydro_reservoir,2030,93,24,24,0.3921119107207272
7993,hydro_reservoir,2030,94,1,1,0.04271506323071261
7994,hydro_reservoir,2030,94,2,2,0.07664825018109893
7995,hydro_reservoir,2030,94,3,3,0.13502567522519066
7996,hydro_reservoir,2030,94,4,4,0.11729763558082468
7997,hydro_reservoir,2030,94,5,5,0.01803274096892135
7998,hydro_reservoir,2030,94,6,6,0.07641016601301306
7999,hydro_reservoir,2030,94,7,7,-0.18759477647167844
8000,hydro_reservoir,2030,94,8,8,-0.12921735142758672
8001,hydro_reservoir,2030,94,9,9,-0.07083992638349501
8002,hydro_reservoir,2030,94,10,10,-0.3903991700024921
8003,hydro_reservoir,2030,94,11,11,-0.7484036562225017
8004,hydro_reservoir,2030,94,12,12,-0.69002623117841
8005,hydro_reservoir,2030,94,13,13,-0.6316488061343183
8006,hydro_reservoir,2030,94,14,14,-0.5732713810902266
8007,hydro_reservoir,2030,94,15,15,-0.5148939560461349
8008,hydro_reservoir,2030,94,16,16,-0.45651653100204315
8009,hydro_reservoir,2030,94,17,17,-0.39813910595795143
8010,hydro_reservoir,2030,94,18,18,-0.3397616809138597
8011,hydro_reservoir,2030,94,19,19,-0.281384255869768
8012,hydro_reservoir,2030,94,20,20,-0.2230068308256763
8013,hydro_reservoir,2030,94,21,21,-0.16462940578158458
8014,hydro_reservoir,2030,94,22,22,-0.5635312715587883
8015,hydro_reservoir,2030,94,23,23,-0.9888639331288185
8016,hydro_reservoir,2030,94,24,24,-0.9304865080847268
8017,hydro_reservoir,2030,95,1,1,-0.5930301812543473
8018,hydro_reservoir,2030,95,2,2,-0.5595204810779804
8019,hydro_reservoir,2030,95,3,3,-0.5260107809016135
8020,hydro_reservoir,2030,95,4,4,-0.4925010807252466
8021,hydro_reservoir,2030,95,5,5,-0.4589913805488798
8022,hydro_reservoir,2030,95,6,6,-0.42548168037251294
8023,hydro_reservoir,2030,95,7,7,-0.3919719801961461
8024,hydro_reservoir,2030,95,8,8,-0.35846228001977926
8025,hydro_reservoir,2030,95,9,9,-0.3249525798434124
8026,hydro_reservoir,2030,95,10,10,-0.7975123174975416
8027,hydro_reservoir,2030,95,11,11,-0.7640026173211747
8028,hydro_reservoir,2030,95,12,12,-0.7304929171448079
8029,hydro_reservoir,2030,95,13,13,-0.6969832169684411
8030,hydro_reservoir,2030,95,14,14,-0.6634735167920742
8031,hydro_reservoir,2030,95,15,15,-0.6299638166157073
8032,hydro_reservoir,2030,95,16,16,-0.5964541164393405
8033,hydro_reservoir,2030,95,17,17,-0.5629444162629738
8034,hydro_reservoir,2030,95,18,18,-0.5294347160866069
8035,hydro_reservoir,2030,95,19,19,-0.49592501591024
8036,hydro_reservoir,2030,95,20,20,-0.4624153157338732
8037,hydro_reservoir,2030,95,21,21,-0.42890561555750634
8038,hydro_reservoir,2030,95,22,22,-0.3953959153811395
8039,hydro_reservoir,2030,95,23,23,-0.36188621520477265
8040,hydro_reservoir,2030,95,24,24,-0.3283765150284058
8041,hydro_reservoir,2030,96,1,1,-0.6073692867759671
8042,hydro_reservoir,2030,96,2,2,-0.5706849834249971
8043,hydro_reservoir,2030,96,3,3,-0.534000680074027
8044,hydro_reservoir,2030,96,4,4,-0.497316376723057
8045,hydro_reservoir,2030,96,5,5,-0.460632073372087
8046,hydro_reservoir,2030,96,6,6,-0.9736933688367231
8047,hydro_reservoir,2030,96,7,7,-0.937009065485753
8048,hydro_reservoir,2030,96,8,8,-0.900324762134783
8049,hydro_reservoir,2030,96,9,9,-0.8636404587838129
8050,hydro_reservoir,2030,96,10,10,-0.8269561554328428
8051,hydro_reservoir,2030,96,11,11,-1.1817223948615132
8052,hydro_reservoir,2030,96,12,12,-1.1450380915105431
8053,hydro_reservoir,2030,96,13,13,-1.108353788159573
8054,hydro_reservoir,2030,96,14,14,-1.071669484808603
8055,hydro_reservoir,2030,96,15,15,-1.034985181457633
8056,hydro_reservoir,2030,96,16,16,-0.9983008781066629
8057,hydro_reservoir,2030,96,17,17,-0.9616165747556928
8058,hydro_reservoir,2030,96,18,18,-0.9249322714047228
8059,hydro_reservoir,2030,96,19,19,-0.8882479680537527
8060,hydro_reservoir,2030,96,20,20,-0.8515636647027827
8061,hydro_reservoir,2030,96,21,21,-0.8148793613518126
8062,hydro_reservoir,2030,96,22,22,-1.0852402589358139
8063,hydro_reservoir,2030,96,23,23,-1.0485559555848438
8064,hydro_reservoir,2030,96,24,24,-1.0118716522338738
8065,hydro_reservoir,2030,97,1,1,-0.06232953555888289
8066,hydro_reservoir,2030,97,2,2,0.02497205174270442
8067,hydro_reservoir,2030,97,3,3,0.11227363904429173
8068,hydro_reservoir,2030,97,4,4,0.19957522634587904
8069,hydro_reservoir,2030,97,5,5,0.28687681364746637
8070,hydro_reservoir,2030,97,6,6,0.3741784009490537
8071,hydro_reservoir,2030,97,7,7,0.461479988250641
8072,hydro_reservoir,2030,97,8,8,0.5487815755522283
8073,hydro_reservoir,2030,97,9,9,0.6360831628538156
8074,hydro_reservoir,2030,97,10,10,0.7233847501554029
8075,hydro_reservoir,2030,97,11,11,0.8106863374569903
8076,hydro_reservoir,2030,97,12,12,0.8979879247585776
8077,hydro_reservoir,2030,97,13,13,0.6973969988074296
8078,hydro_reservoir,2030,97,14,14,0.7846985861090169
8079,hydro_reservoir,2030,97,15,15,0.8720001734106042
8080,hydro_reservoir,2030,97,16,16,0.9593017607121915
8081,hydro_reservoir,2030,97,17,17,1.0466033480137789
8082,hydro_reservoir,2030,97,18,18,1.133904935315366
8083,hydro_reservoir,2030,97,19,19,1.2212065226169533
8084,hydro_reservoir,2030,97,20,20,1.3085081099185405
8085,hydro_reservoir,2030,97,21,21,1.3958096972201277
8086,hydro_reservoir,2030,97,22,22,1.334791983711124
8087,hydro_reservoir,2030,97,23,23,1.4220935710127114
8088,hydro_reservoir,2030,97,24,24,1.5093951583142986
8089,hydro_reservoir,2030,98,1,1,0.005812903079861001
8090,hydro_reservoir,2030,98,2,2,0.027616026195173296
8091,hydro_reservoir,2030,98,3,3,0.06480628788400476
8092,hydro_reservoir,2030,98,4,4,0.10020655106012877
8093,hydro_reservoir,2030,98,5,5,0.1354351055538247
8094,hydro_reservoir,2030,98,6,6,0.22079665758204342
8095,hydro_reservoir,2030,98,7,7,0.23312663342259174
8096,hydro_reservoir,2030,98,8,8,0.23623476731948745
8097,hydro_reservoir,2030,98,9,9,-0.342202598057679
8098,hydro_reservoir,2030,98,10,10,-0.4821737010512946
8099,hydro_reservoir,2030,98,11,11,-0.5591650012586356
8100,hydro_reservoir,2030,98,12,12,-0.6397425629342116
8101,hydro_reservoir,2030,98,13,13,-0.6876312152098515
8102,hydro_reservoir,2030,98,14,14,-0.7229528907224871
8103,hydro_reservoir,2030,98,15,15,-0.753993852164238
8104,hydro_reservoir,2030,98,16,16,-0.8014667779500084
8105,hydro_reservoir,2030,98,17,17,-0.9193162572448359
8106,hydro_reservoir,2030,98,18,18,-1.0626493190580315
8107,hydro_reservoir,2030,98,19,19,-1.1775111058001155
8108,hydro_reservoir,2030,98,20,20,-1.2664477542473251
8109,hydro_reservoir,2030,98,21,21,-1.326433138060764
8110,hydro_reservoir,2030,98,22,22,-1.334396155337714
8111,hydro_reservoir,2030,98,23,23,-1.2895819403743238
8112,hydro_reservoir,2030,98,24,24,-1.319637696519133
8113,hydro_reservoir,2030,99,1,1,0.0291005291005291
8114,hydro_reservoir,2030,99,2,2,0.0582010582010582
8115,hydro_reservoir,2030,99,3,3,0.0873015873015873
8116,hydro_reservoir,2030,99,4,4,0.1164021164021164
8117,hydro_reservoir,2030,99,5,5,0.1455026455026455
8118,hydro_reservoir,2030,99,6,6,0.1746031746031746
8119,hydro_reservoir,2030,99,7,7,0.2037037037037037
8120,hydro_reservoir,2030,99,8,8,0.2328042328042328
8121,hydro_reservoir,2030,99,9,9,0.26190476190476186
8122,hydro_reservoir,2030,99,10,10,0.29100529100529093
8123,hydro_reservoir,2030,99,11,11,0.32010582010582
8124,hydro_reservoir,2030,99,12,12,0.3492063492063491
8125,hydro_reservoir,2030,99,13,13,0.37830687830687815
8126,hydro_reservoir,2030,99,14,14,0.4074074074074072
8127,hydro_reservoir,2030,99,15,15,0.4365079365079363
8128,hydro_reservoir,2030,99,16,16,0.46560846560846536
8129,hydro_reservoir,2030,99,17,17,0.49470899470899443
8130,hydro_reservoir,2030,99,18,18,0.5238095238095235
8131,hydro_reservoir,2030,99,19,19,0.5529100529100526
8132,hydro_reservoir,2030,99,20,20,0.5820105820105816
8133,hydro_reservoir,2030,99,21,21,0.6111111111111107
8134,hydro_reservoir,2030,99,22,22,0.6402116402116398
8135,hydro_reservoir,2030,99,23,23,0.6693121693121689
8136,hydro_reservoir,2030,99,24,24,0.6984126984126979
8137,hydro_reservoir,2030,100,1,1,0.02451499118165785
8138,hydro_reservoir,2030,100,2,2,0.0490299823633157
8139,hydro_reservoir,2030,100,3,3,0.07354497354497355
8140,hydro_reservoir,2030,100,4,4,0.0980599647266314
8141,hydro_reservoir,2030,100,5,5,0.12257495590828923
8142,hydro_reservoir,2030,100,6,6,0.14708994708994708
8143,hydro_reservoir,2030,100,7,7,0.17160493827160492
8144,hydro_reservoir,2030,100,8,8,0.19611992945326276
8145,hydro_reservoir,2030,100,9,9,0.2206349206349206
8146,hydro_reservoir,2030,100,10,10,0.24514991181657844
8147,hydro_reservoir,2030,100,11,11,0.2696649029982363
8148,hydro_reservoir,2030,100,12,12,0.29417989417989415
8149,hydro_reservoir,2030,100,13,13,0.318694885361552
8150,hydro_reservoir,2030,100,14,14,0.34320987654320984
8151,hydro_reservoir,2030,100,15,15,0.3677248677248677
8152,hydro_reservoir,2030,100,16,16,0.3922398589065255
8153,hydro_reservoir,2030,100,17,17,0.41675485008818336
8154,hydro_reservoir,2030,100,18,18,0.4412698412698412
8155,hydro_reservoir,2030,100,19,19,0.46578483245149904
8156,hydro_reservoir,2030,100,20,20,0.4902998236331569
8157,hydro_reservoir,2030,100,21,21,0.5148148148148147
8158,hydro_reservoir,2030,100,22,22,0.5393298059964726
8159,hydro_reservoir,2030,100,23,23,0.5638447971781305
8160,hydro_reservoir,2030,100,24,24,0.5883597883597884
8161,hydro_reservoir,2030,101,1,1,-0.8015800348246354
8162,hydro_reservoir,2030,101,2,2,-0.7663066662179334
8163,hydro_reservoir,2030,101,3,3,-0.7310332976112315
8164,hydro_reservoir,2030,101,4,4,-0.6957599290045295
8165,hydro_reservoir,2030,101,5,5,-0.6604865603978276
8166,hydro_reservoir,2030,101,6,6,-0.6252131917911257
8167,hydro_reservoir,2030,101,7,7,-0.5899398231844237
8168,hydro_reservoir,2030,101,8,8,-0.5546664545777218
8169,hydro_reservoir,2030,101,9,9,-0.5193930859710199
8170,hydro_reservoir,2030,101,10,10,-0.4841197173643179
8171,hydro_reservoir,2030,101,11,11,-0.448846348757616
8172,hydro_reservoir,2030,101,12,12,-0.41357298015091404
8173,hydro_reservoir,2030,101,13,13,-0.3782996115442121
8174,hydro_reservoir,2030,101,14,14,-0.34302624293751016
8175,hydro_reservoir,2030,101,15,15,-0.6775554293545147
8176,hydro_reservoir,2030,101,16,16,-0.6422820607478128
8177,hydro_reservoir,2030,101,17,17,-0.6070086921411109
8178,hydro_reservoir,2030,101,18,18,-0.5717353235344089
8179,hydro_reservoir,2030,101,19,19,-0.536461954927707
8180,hydro_reservoir,2030,101,20,20,-0.501188586321005
8181,hydro_reservoir,2030,101,21,21,-0.46591521771430316
8182,hydro_reservoir,2030,101,22,22,-0.4306418491076012
8183,hydro_reservoir,2030,101,23,23,-0.3953684805008993
8184,hydro_reservoir,2030,101,24,24,-0.36009511189419735
8185,hydro_reservoir,2030,102,1,1,-0.27422844086209874
8186,hydro_reservoir,2030,102,2,2,-0.18904325567691355
8187,hydro_reservoir,2030,102,3,3,-0.10385807049172835
8188,hydro_reservoir,2030,102,4,4,-0.018672885306543152
8189,hydro_reservoir,2030,102,5,5,0.06651229987864204
8190,hydro_reservoir,2030,102,6,6,0.15169748506382724
8191,hydro_reservoir,2030,102,7,7,0.23688267024901244
8192,hydro_reservoir,2030,102,8,8,0.31300897763307767
8193,hydro_reservoir,2030,102,9,9,0.21652026857122
8194,hydro_reservoir,2030,102,10,10,-0.6982945462435948
8195,hydro_reservoir,2030,102,11,11,-0.7791333943645036
8196,hydro_reservoir,2030,102,12,12,-0.8251157890810576
8197,hydro_reservoir,2030,102,13,13,-0.7972144731099874
8198,hydro_reservoir,2030,102,14,14,-0.7182772321819811
8199,hydro_reservoir,2030,102,15,15,-0.6330920469967959
8200,hydro_reservoir,2030,102,16,16,-0.5479068618116106
8201,hydro_reservoir,2030,102,17,17,-0.4627216766264254
8202,hydro_reservoir,2030,102,18,18,-0.37753649144124024
8203,hydro_reservoir,2030,102,19,19,-0.29235130625605504
8204,hydro_reservoir,2030,102,20,20,-0.20716612107086985
8205,hydro_reservoir,2030,102,21,21,-0.12198093588568465
8206,hydro_reservoir,2030,102,22,22,-0.03679575070049945
8207,hydro_reservoir,2030,102,23,23,0.048389434484685745
8208,hydro_reservoir,2030,102,24,24,0.13357461966987094
8209,hydro_reservoir,2030,103,1,1,-0.9407655262245648
8210,hydro_reservoir,2030,103,2,2,-1.866584177765855
8211,hydro_reservoir,2030,103,3,3,-1.8346617791767899
8212,hydro_reservoir,2030,103,4,4,-1.8027393805877248
8213,hydro_reservoir,2030,103,5,5,-1.7708169819986594
8214,hydro_reservoir,2030,103,6,6,-1.7388945834095941
8215,hydro_reservoir,2030,103,7,7,-1.706972184820529
8216,hydro_reservoir,2030,103,8,8,-1.675049786231464
8217,hydro_reservoir,2030,103,9,9,-1.6431273876423986
8218,hydro_reservoir,2030,103,10,10,-1.6112049890533333
8219,hydro_reservoir,2030,103,11,11,-1.5792825904642682
8220,hydro_reservoir,2030,103,12,12,-1.547360191875203
8221,hydro_reservoir,2030,103,13,13,-1.5154377932861376
8222,hydro_reservoir,2030,103,14,14,-1.4835153946970723
8223,hydro_reservoir,2030,103,15,15,-1.451592996108007
8224,hydro_reservoir,2030,103,16,16,-1.4196705975189419
8225,hydro_reservoir,2030,103,17,17,-1.3877481989298766
8226,hydro_reservoir,2030,103,18,18,-1.3558258003408112
8227,hydro_reservoir,2030,103,19,19,-1.3239034017517461
8228,hydro_reservoir,2030,103,20,20,-1.2919810031626808
8229,hydro_reservoir,2030,103,21,21,-1.2600586045736155
8230,hydro_reservoir,2030,103,22,22,-1.2281362059845502
8231,hydro_reservoir,2030,103,23,23,-1.196213807395485
8232,hydro_reservoir,2030,103,24,24,-1.1642914088064198
8233,hydro_reservoir,2030,104,1,1,-0.18357602727821049
8234,hydro_reservoir,2030,104,2,2,-0.15165362868914523
8235,hydro_reservoir,2030,104,3,3,-0.11973123010007997
8236,hydro_reservoir,2030,104,4,4,-0.0878088315110147
8237,hydro_reservoir,2030,104,5,5,-0.055886432921949454
8238,hydro_reservoir,2030,104,6,6,-0.0239640343328842
8239,hydro_reservoir,2030,104,7,7,0.007958364256181051
8240,hydro_reservoir,2030,104,8,8,0.039880762845246304
8241,hydro_reservoir,2030,104,9,9,0.07180316143431156
8242,hydro_reservoir,2030,104,10,10,0.10372556002337682
8243,hydro_reservoir,2030,104,11,11,0.13564795861244208
8244,hydro_reservoir,2030,104,12,12,0.16757035720150734
8245,hydro_reservoir,2030,104,13,13,0.1994927557905726
8246,hydro_reservoir,2030,104,14,14,0.23141515437963786
8247,hydro_reservoir,2030,104,15,15,-0.32659619730148953
8248,hydro_reservoir,2030,104,16,16,-0.2946737987124243
8249,hydro_reservoir,2030,104,17,17,-0.262751400123359
8250,hydro_reservoir,2030,104,18,18,-0.23082900153429375
8251,hydro_reservoir,2030,104,19,19,-0.1989066029452285
8252,hydro_reservoir,2030,104,20,20,-0.2281501100938813
8253,hydro_reservoir,2030,104,21,21,-0.23308571667753802
8254,hydro_reservoir,2030,104,22,22,-0.2094977133717162
8255,hydro_reservoir,2030,104,23,23,-0.17757531478265093
8256,hydro_reservoir,2030,104,24,24,-0.14565291619358567
8257,hydro_reservoir,2030,105,1,1,0.027689594356261022
8258,hydro_reservoir,2030,105,2,2,0.055379188712522044
8259,hydro_reservoir,2030,105,3,3,0.08306878306878307
8260,hydro_reservoir,2030,105,4,4,0.11075837742504409
8261,hydro_reservoir,2030,105,5,5,0.1384479717813051
8262,hydro_reservoir,2030,105,6,6,0.16613756613756614
8263,hydro_reservoir,2030,105,7,7,0.19382716049382717
8264,hydro_reservoir,2030,105,8,8,-0.7578339333757651
8265,hydro_reservoir,2030,105,9,9,-0.730144339019504
8266,hydro_reservoir,2030,105,10,10,-1.5985460843961457
8267,hydro_reservoir,2030,105,11,11,-1.5708564900398847
8268,hydro_reservoir,2030,105,12,12,-2.3746605135119867
8269,hydro_reservoir,2030,105,13,13,-2.3469709191557255
8270,hydro_reservoir,2030,105,14,14,-2.3192813247994644
8271,hydro_reservoir,2030,105,15,15,-2.291591730443203
8272,hydro_reservoir,2030,105,16,16,-2.263902136086942
8273,hydro_reservoir,2030,105,17,17,-2.236212541730681
8274,hydro_reservoir,2030,105,18,18,-2.7219771494017766
8275,hydro_reservoir,2030,105,19,19,-2.6942875550455154
8276,hydro_reservoir,2030,105,20,20,-2.6665979606892547
8277,hydro_reservoir,2030,105,21,21,-2.6389083663329935
8278,hydro_reservoir,2030,105,22,22,-2.6112187719767324
8279,hydro_reservoir,2030,105,23,23,-2.5835291776204716
8280,hydro_reservoir,2030,105,24,24,-2.5558395832642105
8281,hydro_reservoir,2030,106,1,1,-0.7815547047435418
8282,hydro_reservoir,2030,106,2,2,-0.7543942109163815
8283,hydro_reservoir,2030,106,3,3,-0.7272337170892209
8284,hydro_reservoir,2030,106,4,4,-0.7000732232620606
8285,hydro_reservoir,2030,106,5,5,-0.6729127294349
8286,hydro_reservoir,2030,106,6,6,-0.6457522356077396
8287,hydro_reservoir,2030,106,7,7,-0.6185917417805791
8288,hydro_reservoir,2030,106,8,8,-0.5914312479534185
8289,hydro_reservoir,2030,106,9,9,-0.564270754126258
8290,hydro_reservoir,2030,106,10,10,-0.5371102602990976
8291,hydro_reservoir,2030,106,11,11,-0.509949766471937
8292,hydro_reservoir,2030,106,12,12,-0.4827892726447765
8293,hydro_reservoir,2030,106,13,13,-0.455628778817616
8294,hydro_reservoir,2030,106,14,14,-0.4284682849904555
8295,hydro_reservoir,2030,106,15,15,-0.40130779116329496
8296,hydro_reservoir,2030,106,16,16,-0.3741472973361345
8297,hydro_reservoir,2030,106,17,17,-0.346986803508974
8298,hydro_reservoir,2030,106,18,18,-0.31982630968181347
8299,hydro_reservoir,2030,106,19,19,-0.292665815854653
8300,hydro_reservoir,2030,106,20,20,-0.26550532202749255
8301,hydro_reservoir,2030,106,21,21,-0.23834482820033204
8302,hydro_reservoir,2030,106,22,22,-0.21118433437317152
8303,hydro_reservoir,2030,106,23,23,-0.18402384054601104
8304,hydro_reservoir,2030,106,24,24,-0.15686334671885055
8305,hydro_reservoir,2030,107,1,1,-0.8317249836103474
8306,hydro_reservoir,2030,107,2,2,-0.7980389165909471
8307,hydro_reservoir,2030,107,3,3,-0.7643528495715467
8308,hydro_reservoir,2030,107,4,4,-0.7306667825521463
8309,hydro_reservoir,2030,107,5,5,-0.696980715532746
8310,hydro_reservoir,2030,107,6,6,-0.6632946485133456
8311,hydro_reservoir,2030,107,7,7,-0.6296085814939453
8312,hydro_reservoir,2030,107,8,8,-0.5959225144745449
8313,hydro_reservoir,2030,107,9,9,-0.5622364474551446
8314,hydro_reservoir,2030,107,10,10,-0.5285503804357442
8315,hydro_reservoir,2030,107,11,11,-0.49486431341634385
8316,hydro_reservoir,2030,107,12,12,-0.4611782463969435
8317,hydro_reservoir,2030,107,13,13,-0.42749217937754314
8318,hydro_reservoir,2030,107,14,14,-0.3938061123581428
8319,hydro_reservoir,2030,107,15,15,-0.3601200453387424
8320,hydro_reservoir,2030,107,16,16,-0.354093652147223
8321,hydro_reservoir,2030,107,17,17,-0.4152291977019052
8322,hydro_reservoir,2030,107,18,18,-0.42668226308048307
8323,hydro_reservoir,2030,107,19,19,-0.3929961960610827
8324,hydro_reservoir,2030,107,20,20,-0.35931012904168236
8325,hydro_reservoir,2030,107,21,21,-0.325624062022282
8326,hydro_reservoir,2030,107,22,22,-0.29193799500288165
8327,hydro_reservoir,2030,107,23,23,-0.2582519279834813
8328,hydro_reservoir,2030,107,24,24,-0.22456586096408096
8329,hydro_reservoir,2030,108,1,1,-0.12271996226998438
8330,hydro_reservoir,2030,108,2,2,-0.03453654075322954
8331,hydro_reservoir,2030,108,3,3,0.053646880763525306
8332,hydro_reservoir,2030,108,4,4,0.14183030228028015
8333,hydro_reservoir,2030,108,5,5,0.230013723797035
8334,hydro_reservoir,2030,108,6,6,0.31819714531378984
8335,hydro_reservoir,2030,108,7,7,0.06741235815090292
8336,hydro_reservoir,2030,108,8,8,0.15559577966765775
8337,hydro_reservoir,2030,108,9,9,0.2437792011844126
8338,hydro_reservoir,2030,108,10,10,0.33196262270116744
8339,hydro_reservoir,2030,108,11,11,0.4201460442179223
8340,hydro_reservoir,2030,108,12,12,0.5083294657346771
8341,hydro_reservoir,2030,108,13,13,0.5965128872514319
8342,hydro_reservoir,2030,108,14,14,0.6846963087681868
8343,hydro_reservoir,2030,108,15,15,0.7728797302849416
8344,hydro_reservoir,2030,108,16,16,0.8610631518016965
8345,hydro_reservoir,2030,108,17,17,0.9191201745231252
8346,hydro_reservoir,2030,108,18,18,0.9327692285261767
8347,hydro_reservoir,2030,108,19,19,0.9479152112461521
8348,hydro_reservoir,2030,108,20,20,0.9907233095691188
8349,hydro_reservoir,2030,108,21,21,1.0789067310858735
8350,hydro_reservoir,2030,108,22,22,1.1670901526026285
8351,hydro_reservoir,2030,108,23,23,1.2552735741193835
8352,hydro_reservoir,2030,108,24,24,1.3434569956361382
8353,hydro_reservoir,2030,109,1,1,-0.016060247520324436
8354,hydro_reservoir,2030,109,2,2,0.009570993619430389
8355,hydro_reservoir,2030,109,3,3,0.035849653231423334
8356,hydro_reservoir,2030,109,4,4,0.06212831284341628
8357,hydro_reservoir,2030,109,5,5,0.08840697245540922
8358,hydro_reservoir,2030,109,6,6,0.11468563206740218
8359,hydro_reservoir,2030,109,7,7,0.14096429167939512
8360,hydro_reservoir,2030,109,8,8,0.1404499531914855
8361,hydro_reservoir,2030,109,9,9,-0.8332713871965216
8362,hydro_reservoir,2030,109,10,10,-0.8349434025320431
8363,hydro_reservoir,2030,109,11,11,-0.8086647429200502
8364,hydro_reservoir,2030,109,12,12,-0.7823860833080573
8365,hydro_reservoir,2030,109,13,13,-0.7561074236960643
8366,hydro_reservoir,2030,109,14,14,-0.7298287640840714
8367,hydro_reservoir,2030,109,15,15,-0.7035501044720784
8368,hydro_reservoir,2030,109,16,16,-0.6772714448600855
8369,hydro_reservoir,2030,109,17,17,-0.6509927852480926
8370,hydro_reservoir,2030,109,18,18,-0.6247141256360996
8371,hydro_reservoir,2030,109,19,19,-0.5984354660241067
8372,hydro_reservoir,2030,109,20,20,-0.5721568064121137
8373,hydro_reservoir,2030,109,21,21,-0.5458781468001208
8374,hydro_reservoir,2030,109,22,22,-0.5195994871881279
8375,hydro_reservoir,2030,109,23,23,-0.4933208275761349
8376,hydro_reservoir,2030,109,24,24,-0.46704216796414194
8377,hydro_reservoir,2030,110,1,1,-0.036554170671865185
8378,hydro_reservoir,2030,110,2,2,-0.006042706827068006
8379,hydro_reservoir,2030,110,3,3,0.024468757017729173
8380,hydro_reservoir,2030,110,4,4,0.05498022086252635
8381,hydro_reservoir,2030,110,5,5,0.08549168470732353
8382,hydro_reservoir,2030,110,6,6,0.11600314855212071
8383,hydro_reservoir,2030,110,7,7,0.14651461239691788
8384,hydro_reservoir,2030,110,8,8,0.06679677371940068
8385,hydro_reservoir,2030,110,9,9,0.09730823756419786
8386,hydro_reservoir,2030,110,10,10,0.12781970140899504
8387,hydro_reservoir,2030,110,11,11,-0.07891530355640919
8388,hydro_reservoir,2030,110,12,12,-0.04840383971161201
8389,hydro_reservoir,2030,110,13,13,-0.01789237586681483
8390,hydro_reservoir,2030,110,14,14,0.012619087977982349
8391,hydro_reservoir,2030,110,15,15,0.04313055182277953
8392,hydro_reservoir,2030,110,16,16,-0.4486079196998467
8393,hydro_reservoir,2030,110,17,17,-0.4180964558550495
8394,hydro_reservoir,2030,110,18,18,-0.3875849920102523
8395,hydro_reservoir,2030,110,19,19,-0.3570735281654551
8396,hydro_reservoir,2030,110,20,20,-0.32656206432065793
8397,hydro_reservoir,2030,110,21,21,-0.29605060047586074
8398,hydro_reservoir,2030,110,22,22,-0.26553913663106354
8399,hydro_reservoir,2030,110,23,23,-0.23502767278626635
8400,hydro_reservoir,2030,110,24,24,-0.20451620894146919
8401,hydro_reservoir,2030,111,1,1,-0.6645965982679213
8402,hydro_reservoir,2030,111,2,2,-0.6344378681091911
8403,hydro_reservoir,2030,111,3,3,-0.604279137950461
8404,hydro_reservoir,2030,111,4,4,-0.5741204077917308
8405,hydro_reservoir,2030,111,5,5,-0.5439616776330006
8406,hydro_reservoir,2030,111,6,6,-0.5138029474742705
8407,hydro_reservoir,2030,111,7,7,-0.4836442173155403
8408,hydro_reservoir,2030,111,8,8,-0.45348548715681014
8409,hydro_reservoir,2030,111,9,9,-0.42332675699808
8410,hydro_reservoir,2030,111,10,10,-0.3931680268393498
8411,hydro_reservoir,2030,111,11,11,-0.36300929668061965
8412,hydro_reservoir,2030,111,12,12,-0.3328505665218895
8413,hydro_reservoir,2030,111,13,13,-0.7107829671405119
8414,hydro_reservoir,2030,111,14,14,-0.6806242369817818
8415,hydro_reservoir,2030,111,15,15,-0.6504655068230516
8416,hydro_reservoir,2030,111,16,16,-0.6203067766643214
8417,hydro_reservoir,2030,111,17,17,-0.5901480465055913
8418,hydro_reservoir,2030,111,18,18,-0.5599893163468611
8419,hydro_reservoir,2030,111,19,19,-0.529830586188131
8420,hydro_reservoir,2030,111,20,20,-0.49967185602940084
8421,hydro_reservoir,2030,111,21,21,-0.4695131258706707
8422,hydro_reservoir,2030,111,22,22,-0.4393543957119405
8423,hydro_reservoir,2030,111,23,23,-0.40919566555321035
8424,hydro_reservoir,2030,111,24,24,-0.3790369353944802
8425,hydro_reservoir,2030,112,1,1,-0.8883509318572784
8426,hydro_reservoir,2030,112,2,2,-0.8581922016985483
8427,hydro_reservoir,2030,112,3,3,-0.8280334715398181
8428,hydro_reservoir,2030,112,4,4,-0.7978747413810879
8429,hydro_reservoir,2030,112,5,5,-0.7677160112223578
8430,hydro_reservoir,2030,112,6,6,-0.7375572810636276
8431,hydro_reservoir,2030,112,7,7,-0.7073985509048974
8432,hydro_reservoir,2030,112,8,8,-0.6772398207461673
8433,hydro_reservoir,2030,112,9,9,-0.6605081891134144
8434,hydro_reservoir,2030,112,10,10,-0.6303494589546842
8435,hydro_reservoir,2030,112,11,11,-0.600190728795954
8436,hydro_reservoir,2030,112,12,12,-0.5700319986372239
8437,hydro_reservoir,2030,112,13,13,-0.5398732684784937
8438,hydro_reservoir,2030,112,14,14,-0.5097145383197635
8439,hydro_reservoir,2030,112,15,15,-0.4795558081610334
8440,hydro_reservoir,2030,112,16,16,-0.4782406186583201
8441,hydro_reservoir,2030,112,17,17,-1.44808188849959
8442,hydro_reservoir,2030,112,18,18,-1.5212907455291724
8443,hydro_reservoir,2030,112,19,19,-1.526697568163911
8444,hydro_reservoir,2030,112,20,20,-1.496538838005181
8445,hydro_reservoir,2030,112,21,21,-1.4663801078464507
8446,hydro_reservoir,2030,112,22,22,-1.4362213776877206
8447,hydro_reservoir,2030,112,23,23,-1.4060626475289904
8448,hydro_reservoir,2030,112,24,24,-1.3759039173702603
8449,hydro_reservoir,2030,113,1,1,-0.9047456173306012
8450,hydro_reservoir,2030,113,2,2,-0.8752923545440051
8451,hydro_reservoir,2030,113,3,3,-0.845839091757409
8452,hydro_reservoir,2030,113,4,4,-0.8163858289708129
8453,hydro_reservoir,2030,113,5,5,-0.7869325661842168
8454,hydro_reservoir,2030,113,6,6,-0.7574793033976207
8455,hydro_reservoir,2030,113,7,7,-0.7280260406110246
8456,hydro_reservoir,2030,113,8,8,-0.6985727778244285
8457,hydro_reservoir,2030,113,9,9,-0.6691195150378324
8458,hydro_reservoir,2030,113,10,10,-0.6396662522512363
8459,hydro_reservoir,2030,113,11,11,-0.6102129894646402
8460,hydro_reservoir,2030,113,12,12,-0.5807597266780441
8461,hydro_reservoir,2030,113,13,13,-0.551306463891448
8462,hydro_reservoir,2030,113,14,14,-0.5218532011048519
8463,hydro_reservoir,2030,113,15,15,-0.4923999383182558
8464,hydro_reservoir,2030,113,16,16,-0.4629466755316597
8465,hydro_reservoir,2030,113,17,17,-0.4334934127450636
8466,hydro_reservoir,2030,113,18,18,-0.4040401499584675
8467,hydro_reservoir,2030,113,19,19,-0.3745868871718714
8468,hydro_reservoir,2030,113,20,20,-0.34954064711202093
8469,hydro_reservoir,2030,113,21,21,-0.32008738432542483
8470,hydro_reservoir,2030,113,22,22,-0.2906341215388287
8471,hydro_reservoir,2030,113,23,23,-0.26118085875223257
8472,hydro_reservoir,2030,113,24,24,-0.23172759596563647
8473,hydro_reservoir,2030,114,1,1,-0.7683833011220867
8474,hydro_reservoir,2030,114,2,2,-0.7364609025330215
8475,hydro_reservoir,2030,114,3,3,-0.7045385039439563
8476,hydro_reservoir,2030,114,4,4,-0.6726161053548911
8477,hydro_reservoir,2030,114,5,5,-0.6406937067658259
8478,hydro_reservoir,2030,114,6,6,-0.6087713081767607
8479,hydro_reservoir,2030,114,7,7,-0.5768489095876955
8480,hydro_reservoir,2030,114,8,8,-0.5449265109986303
8481,hydro_reservoir,2030,114,9,9,-0.5130041124095651
8482,hydro_reservoir,2030,114,10,10,-0.48108171382049986
8483,hydro_reservoir,2030,114,11,11,-0.4491593152314346
8484,hydro_reservoir,2030,114,12,12,-0.41723691664236934
8485,hydro_reservoir,2030,114,13,13,-0.3853145180533041
8486,hydro_reservoir,2030,114,14,14,-0.3533921194642388
8487,hydro_reservoir,2030,114,15,15,-0.32146972087517356
8488,hydro_reservoir,2030,114,16,16,-0.2895473222861083
8489,hydro_reservoir,2030,114,17,17,-0.9556151569679698
8490,hydro_reservoir,2030,114,18,18,-0.9236927583789046
8491,hydro_reservoir,2030,114,19,19,-0.8917703597898393
8492,hydro_reservoir,2030,114,20,20,-0.8598479612007741
8493,hydro_reservoir,2030,114,21,21,-0.8279255626117088
8494,hydro_reservoir,2030,114,22,22,-0.7960031640226436
8495,hydro_reservoir,2030,114,23,23,-0.7640807654335783
8496,hydro_reservoir,2030,114,24,24,-0.7321583668445131
8497,hydro_reservoir,2030,115,1,1,-0.14158443329014986
8498,hydro_reservoir,2030,115,2,2,-0.1151294068351234
8499,hydro_reservoir,2030,115,3,3,-0.08867438038009695
8500,hydro_reservoir,2030,115,4,4,-0.0622193539250705
8501,hydro_reservoir,2030,115,5,5,-0.035764327470044044
8502,hydro_reservoir,2030,115,6,6,-0.00930930101501759
8503,hydro_reservoir,2030,115,7,7,0.017145725440008863
8504,hydro_reservoir,2030,115,8,8,0.04360075189503532
8505,hydro_reservoir,2030,115,9,9,0.07005577835006177
8506,hydro_reservoir,2030,115,10,10,-0.017952698385077476
8507,hydro_reservoir,2030,115,11,11,0.008502328069948977
8508,hydro_reservoir,2030,115,12,12,0.034957354524975434
8509,hydro_reservoir,2030,115,13,13,0.06141238098000189
8510,hydro_reservoir,2030,115,14,14,0.08786740743502834
8511,hydro_reservoir,2030,115,15,15,0.1143224338900548
8512,hydro_reservoir,2030,115,16,16,-0.03332915136541484
8513,hydro_reservoir,2030,115,17,17,-0.22506335360949892
8514,hydro_reservoir,2030,115,18,18,-0.19860832715447246
8515,hydro_reservoir,2030,115,19,19,-0.172153300699446
8516,hydro_reservoir,2030,115,20,20,-0.14569827424441956
8517,hydro_reservoir,2030,115,21,21,-0.1192432477893931
8518,hydro_reservoir,2030,115,22,22,-0.09278822133436665
8519,hydro_reservoir,2030,115,23,23,-0.0663331948793402
8520,hydro_reservoir,2030,115,24,24,-0.039878168424313735
8521,hydro_reservoir,2030,116,1,1,0.027160493827160494
8522,hydro_reservoir,2030,116,2,2,0.05432098765432099
8523,hydro_reservoir,2030,116,3,3,0.08148148148148149
8524,hydro_reservoir,2030,116,4,4,0.10864197530864197
8525,hydro_reservoir,2030,116,5,5,0.13580246913580246
8526,hydro_reservoir,2030,116,6,6,0.16296296296296295
8527,hydro_reservoir,2030,116,7,7,0.19012345679012344
8528,hydro_reservoir,2030,116,8,8,0.21728395061728392
8529,hydro_reservoir,2030,116,9,9,0.2444444444444444
8530,hydro_reservoir,2030,116,10,10,0.2716049382716049
8531,hydro_reservoir,2030,116,11,11,0.29876543209876544
8532,hydro_reservoir,2030,116,12,12,0.32592592592592595
8533,hydro_reservoir,2030,116,13,13,0.35308641975308647
8534,hydro_reservoir,2030,116,14,14,0.380246913580247
8535,hydro_reservoir,2030,116,15,15,0.4074074074074075
8536,hydro_reservoir,2030,116,16,16,0.434567901234568
8537,hydro_reservoir,2030,116,17,17,0.4617283950617285
8538,hydro_reservoir,2030,116,18,18,0.48888888888888904
8539,hydro_reservoir,2030,116,19,19,0.5160493827160495
8540,hydro_reservoir,2030,116,20,20,0.54320987654321
8541,hydro_reservoir,2030,116,21,21,0.5703703703703704
8542,hydro_reservoir,2030,116,22,22,0.5975308641975309
8543,hydro_reservoir,2030,116,23,23,0.6246913580246913
8544,hydro_reservoir,2030,116,24,24,0.6518518518518518
8545,hydro_reservoir,2030,117,1,1,-0.13955618051606658
8546,hydro_reservoir,2030,117,2,2,-0.2957144456749319
8547,hydro_reservoir,2030,117,3,3,-0.2680248513186709
8548,hydro_reservoir,2030,117,4,4,-0.24033525696240984
8549,hydro_reservoir,2030,117,5,5,-0.2126456626061488
8550,hydro_reservoir,2030,117,6,6,-0.18495606824988778
8551,hydro_reservoir,2030,117,7,7,-0.15726647389362675
8552,hydro_reservoir,2030,117,8,8,-0.1295768795373657
8553,hydro_reservoir,2030,117,9,9,-0.1018872851811047
8554,hydro_reservoir,2030,117,10,10,-0.07419769082484368
8555,hydro_reservoir,2030,117,11,11,-0.04650809646858266
8556,hydro_reservoir,2030,117,12,12,-0.3086670457985576
8557,hydro_reservoir,2030,117,13,13,-0.2809774514422966
8558,hydro_reservoir,2030,117,14,14,-0.2532878570860356
8559,hydro_reservoir,2030,117,15,15,-0.22559826272977454
8560,hydro_reservoir,2030,117,16,16,-0.1979086683735135
8561,hydro_reservoir,2030,117,17,17,-0.17021907401725248
8562,hydro_reservoir,2030,117,18,18,-0.5360449417206601
8563,hydro_reservoir,2030,117,19,19,-0.508355347364399
8564,hydro_reservoir,2030,117,20,20,-0.480665753008138
8565,hydro_reservoir,2030,117,21,21,-0.452976158651877
8566,hydro_reservoir,2030,117,22,22,-0.425286564295616
8567,hydro_reservoir,2030,117,23,23,-0.39759696993935495
8568,hydro_reservoir,2030,117,24,24,-0.36990737558309394
8569,hydro_reservoir,2030,118,1,1,-0.8243977157297516
8570,hydro_reservoir,2030,118,2,2,-0.7921225834546194
8571,hydro_reservoir,2030,118,3,3,-0.7598474511794872
8572,hydro_reservoir,2030,118,4,4,-0.7275723189043549
8573,hydro_reservoir,2030,118,5,5,-0.6952971866292227
8574,hydro_reservoir,2030,118,6,6,-0.6630220543540905
8575,hydro_reservoir,2030,118,7,7,-0.6307469220789582
8576,hydro_reservoir,2030,118,8,8,-0.598471789803826
8577,hydro_reservoir,2030,118,9,9,-0.5661966575286937
8578,hydro_reservoir,2030,118,10,10,-0.5339215252535615
8579,hydro_reservoir,2030,118,11,11,-0.5016463929784293
8580,hydro_reservoir,2030,118,12,12,-0.469371260703297
8581,hydro_reservoir,2030,118,13,13,-0.4370961284281647
8582,hydro_reservoir,2030,118,14,14,-0.4048209961530324
8583,hydro_reservoir,2030,118,15,15,-0.3725458638779001
8584,hydro_reservoir,2030,118,16,16,-0.34027073160276783
8585,hydro_reservoir,2030,118,17,17,-1.0895666629599687
8586,hydro_reservoir,2030,118,18,18,-1.0572915306848365
8587,hydro_reservoir,2030,118,19,19,-1.0250163984097043
8588,hydro_reservoir,2030,118,20,20,-0.9927412661345718
8589,hydro_reservoir,2030,118,21,21,-0.9604661338594396
8590,hydro_reservoir,2030,118,22,22,-0.9281910015843073
8591,hydro_reservoir,2030,118,23,23,-0.895915869309175
8592,hydro_reservoir,2030,118,24,24,-0.8636407370340428
8593,hydro_reservoir,2030,119,1,1,-0.5773898923810264
8594,hydro_reservoir,2030,119,2,2,-0.5472311622222963
8595,hydro_reservoir,2030,119,3,3,-0.5170724320635661
8596,hydro_reservoir,2030,119,4,4,-0.48691370190483596
8597,hydro_reservoir,2030,119,5,5,-0.4567549717461058
8598,hydro_reservoir,2030,119,6,6,-0.42659624158737564
8599,hydro_reservoir,2030,119,7,7,-0.3964375114286455
8600,hydro_reservoir,2030,119,8,8,-0.3662787812699153
8601,hydro_reservoir,2030,119,9,9,-0.33612005111118515
8602,hydro_reservoir,2030,119,10,10,-0.9567599425077113
8603,hydro_reservoir,2030,119,11,11,-0.9266012123489811
8604,hydro_reservoir,2030,119,12,12,-0.896442482190251
8605,hydro_reservoir,2030,119,13,13,-0.8662837520315207
8606,hydro_reservoir,2030,119,14,14,-0.8361250218727907
8607,hydro_reservoir,2030,119,15,15,-0.8059662917140604
8608,hydro_reservoir,2030,119,16,16,-0.7758075615553304
8609,hydro_reservoir,2030,119,17,17,-0.7456488313966002
8610,hydro_reservoir,2030,119,18,18,-0.71549010123787
8611,hydro_reservoir,2030,119,19,19,-0.6853313710791399
8612,hydro_reservoir,2030,119,20,20,-0.6551726409204097
8613,hydro_reservoir,2030,119,21,21,-0.6250139107616796
8614,hydro_reservoir,2030,119,22,22,-0.5948551806029494
8615,hydro_reservoir,2030,119,23,23,-0.5646964504442192
8616,hydro_reservoir,2030,119,24,24,-0.5345377202854891
8617,hydro_reservoir,2030,120,1,1,-0.43385926063560265
8618,hydro_reservoir,2030,120,2,2,-0.4047587315350736
8619,hydro_reservoir,2030,120,3,3,-0.3756582024345445
8620,hydro_reservoir,2030,120,4,4,-0.34655767333401544
8621,hydro_reservoir,2030,120,5,5,-0.31745714423348637
8622,hydro_reservoir,2030,120,6,6,-0.2883566151329573
8623,hydro_reservoir,2030,120,7,7,-0.2592560860324282
8624,hydro_reservoir,2030,120,8,8,-0.23015555693189912
8625,hydro_reservoir,2030,120,9,9,-0.20105502783137005
8626,hydro_reservoir,2030,120,10,10,-0.17195449873084098
8627,hydro_reservoir,2030,120,11,11,-0.1428539696303119
8628,hydro_reservoir,2030,120,12,12,-0.11375344052978284
8629,hydro_reservoir,2030,120,13,13,-0.08465291142925377
8630,hydro_reservoir,2030,120,14,14,-0.0555523823287247
8631,hydro_reservoir,2030,120,15,15,-0.026451853228195626
8632,hydro_reservoir,2030,120,16,16,0.0026486758723334447
8633,hydro_reservoir,2030,120,17,17,0.031749204972862544
8634,hydro_reservoir,2030,120,18,18,0.06084973407339164
8635,hydro_reservoir,2030,120,19,19,0.08995026317392074
8636,hydro_reservoir,2030,120,20,20,0.11905079227444984
8637,hydro_reservoir,2030,120,21,21,0.14815132137497894
8638,hydro_reservoir,2030,120,22,22,0.17725185047550804
8639,hydro_reservoir,2030,120,23,23,0.20635237957603714
8640,hydro_reservoir,2030,120,24,24,0.23545290867656624
8641,hydro_reservoir,2030,121,1,1,-0.051916869423639156
8642,hydro_reservoir,2030,121,2,2,0.03855932105255133
8643,hydro_reservoir,2030,121,3,3,0.12903551152874182
8644,hydro_reservoir,2030,121,4,4,0.2195117020049323
8645,hydro_reservoir,2030,121,5,5,0.3099878924811228
8646,hydro_reservoir,2030,121,6,6,0.4004640829573133
8647,hydro_reservoir,2030,121,7,7,0.49094027343350377
8648,hydro_reservoir,2030,121,8,8,0.5814164639096943
8649,hydro_reservoir,2030,121,9,9,0.6718926543858847
8650,hydro_reservoir,2030,121,10,10,0.7623688448620752
8651,hydro_reservoir,2030,121,11,11,0.8528450353382657
8652,hydro_reservoir,2030,121,12,12,0.9433212258144562
8653,hydro_reservoir,2030,121,13,13,1.0337974162906467
8654,hydro_reservoir,2030,121,14,14,1.1242736067668373
8655,hydro_reservoir,2030,121,15,15,1.214749797243028
8656,hydro_reservoir,2030,121,16,16,1.3052259877192185
8657,hydro_reservoir,2030,121,17,17,1.395702178195409
8658,hydro_reservoir,2030,121,18,18,1.4861783686715997
8659,hydro_reservoir,2030,121,19,19,1.514171374275746
8660,hydro_reservoir,2030,121,20,20,1.6046475647519365
8661,hydro_reservoir,2030,121,21,21,1.6951237552281269
8662,hydro_reservoir,2030,121,22,22,1.7855999457043175
8663,hydro_reservoir,2030,121,23,23,1.876076136180508
8664,hydro_reservoir,2030,121,24,24,1.9665523266566984
8665,hydro_reservoir,2030,122,1,1,-0.597499974333551
8666,hydro_reservoir,2030,122,2,2,-0.5232495334164434
8667,hydro_reservoir,2030,122,3,3,-0.44899909249933584
8668,hydro_reservoir,2030,122,4,4,-0.37474865158222825
8669,hydro_reservoir,2030,122,5,5,-0.30049821066512067
8670,hydro_reservoir,2030,122,6,6,-0.22624776974801308
8671,hydro_reservoir,2030,122,7,7,-0.1519973288309055
8672,hydro_reservoir,2030,122,8,8,-0.07774688791379791
8673,hydro_reservoir,2030,122,9,9,-0.0034964469966903278
8674,hydro_reservoir,2030,122,10,10,0.07075399392041726
8675,hydro_reservoir,2030,122,11,11,0.14500443483752484
8676,hydro_reservoir,2030,122,12,12,0.21925487575463243
8677,hydro_reservoir,2030,122,13,13,0.29350531667174
8678,hydro_reservoir,2030,122,14,14,0.3677557575888476
8679,hydro_reservoir,2030,122,15,15,0.4420061985059552
8680,hydro_reservoir,2030,122,16,16,0.5162566394230628
8681,hydro_reservoir,2030,122,17,17,0.5905070803401704
8682,hydro_reservoir,2030,122,18,18,0.664757521257278
8683,hydro_reservoir,2030,122,19,19,0.7390079621743857
8684,hydro_reservoir,2030,122,20,20,0.8132584030914933
8685,hydro_reservoir,2030,122,21,21,0.887508844008601
8686,hydro_reservoir,2030,122,22,22,0.9617592849257086
8687,hydro_reservoir,2030,122,23,23,1.0360097258428163
8688,hydro_reservoir,2030,122,24,24,1.110260166759924
8689,hydro_reservoir,2030,123,1,1,-0.7343342716533007
8690,hydro_reservoir,2030,123,2,2,-0.7094665467855759
8691,hydro_reservoir,2030,123,3,3,-0.684598821917851
8692,hydro_reservoir,2030,123,4,4,-0.6597310970501262
8693,hydro_reservoir,2030,123,5,5,-0.6348633721824014
8694,hydro_reservoir,2030,123,6,6,-0.6099956473146766
8695,hydro_reservoir,2030,123,7,7,-0.5851279224469518
8696,hydro_reservoir,2030,123,8,8,-0.560260197579227
8697,hydro_reservoir,2030,123,9,9,-0.5353924727115021
8698,hydro_reservoir,2030,123,10,10,-0.5105247478437773
8699,hydro_reservoir,2030,123,11,11,-0.48565702297605245
8700,hydro_reservoir,2030,123,12,12,-0.4607892981083276
8701,hydro_reservoir,2030,123,13,13,-0.4359215732406027
8702,hydro_reservoir,2030,123,14,14,-0.41105384837287784
8703,hydro_reservoir,2030,123,15,15,-0.38618612350515297
8704,hydro_reservoir,2030,123,16,16,-0.3613183986374281
8705,hydro_reservoir,2030,123,17,17,-1.1914542803207695
8706,hydro_reservoir,2030,123,18,18,-1.1665865554530446
8707,hydro_reservoir,2030,123,19,19,-1.1417188305853199
8708,hydro_reservoir,2030,123,20,20,-1.116851105717595
8709,hydro_reservoir,2030,123,21,21,-1.09198338084987
8710,hydro_reservoir,2030,123,22,22,-1.067115655982145
8711,hydro_reservoir,2030,123,23,23,-1.0422479311144204
8712,hydro_reservoir,2030,123,24,24,-1.0173802062466955
8713,hydro_reservoir,2030,124,1,1,-0.06802221107000848
8714,hydro_reservoir,2030,124,2,2,-0.018992228706692788
8715,hydro_reservoir,2030,124,3,3,0.03003775365662291
8716,hydro_reservoir,2030,124,4,4,0.0790677360199386
8717,hydro_reservoir,2030,124,5,5,0.1280977183832543
8718,hydro_reservoir,2030,124,6,6,0.17712770074656997
8719,hydro_reservoir,2030,124,7,7,0.22615768310988565
8720,hydro_reservoir,2030,124,8,8,0.27518766547320134
8721,hydro_reservoir,2030,124,9,9,-0.18375471826134404
8722,hydro_reservoir,2030,124,10,10,-0.13472473589802836
8723,hydro_reservoir,2030,124,11,11,-0.08569475353471266
8724,hydro_reservoir,2030,124,12,12,-0.036664771171396965
8725,hydro_reservoir,2030,124,13,13,0.012365211191918732
8726,hydro_reservoir,2030,124,14,14,0.06139519355523443
8727,hydro_reservoir,2030,124,15,15,-0.5287234771729927
8728,hydro_reservoir,2030,124,16,16,-0.47969349480967705
8729,hydro_reservoir,2030,124,17,17,-0.43066351244636136
8730,hydro_reservoir,2030,124,18,18,-0.9185989828284111
8731,hydro_reservoir,2030,124,19,19,-1.532866811292119
8732,hydro_reservoir,2030,124,20,20,-1.4838368289288033
8733,hydro_reservoir,2030,124,21,21,-2.20751028013464
8734,hydro_reservoir,2030,124,22,22,-2.1584802977713244
8735,hydro_reservoir,2030,124,23,23,-2.8428315347589868
8736,hydro_reservoir,2030,124,24,24,-2.793801552395671
8737,hydro_reservoir,2030,125,1,1,-0.6739389363483826
8738,hydro_reservoir,2030,125,2,2,-0.6402528693289823
8739,hydro_reservoir,2030,125,3,3,-0.6065668023095819
8740,hydro_reservoir,2030,125,4,4,-0.5728807352901816
8741,hydro_reservoir,2030,125,5,5,-0.5391946682707812
8742,hydro_reservoir,2030,125,6,6,-0.5055086012513809
8743,hydro_reservoir,2030,125,7,7,-0.4718225342319805
8744,hydro_reservoir,2030,125,8,8,-0.43813646721258015
8745,hydro_reservoir,2030,125,9,9,-0.4044504001931798
8746,hydro_reservoir,2030,125,10,10,-0.3707643331737795
8747,hydro_reservoir,2030,125,11,11,-0.33707826615437914
8748,hydro_reservoir,2030,125,12,12,-0.3033921991349788
8749,hydro_reservoir,2030,125,13,13,-0.2697061321155784
8750,hydro_reservoir,2030,125,14,14,-0.23602006509617807
8751,hydro_reservoir,2030,125,15,15,-0.2023339980767777
8752,hydro_reservoir,2030,125,16,16,-0.16864793105737735
8753,hydro_reservoir,2030,125,17,17,-0.134961864037977
8754,hydro_reservoir,2030,125,18,18,-0.10127579701857665
8755,hydro_reservoir,2030,125,19,19,-0.0675897299991763
8756,hydro_reservoir,2030,125,20,20,-0.03390366297977594
8757,hydro_reservoir,2030,125,21,21,-0.0002175959603755856
8758,hydro_reservoir,2030,125,22,22,0.03346847105902476
8759,hydro_reservoir,2030,125,23,23,0.06715453807842511
8760,hydro_reservoir,2030,125,24,24,0.10084060509782546
8761,hydro_reservoir,2030,126,1,1,0.08994708994708994
8762,hydro_reservoir,2030,126,2,2,0.17989417989417988
8763,hydro_reservoir,2030,126,3,3,0.2698412698412698
8764,hydro_reservoir,2030,126,4,4,0.35978835978835977
8765,hydro_reservoir,2030,126,5,5,-0.37596232131929047
8766,hydro_reservoir,2030,126,6,6,-0.28601523137220053
8767,hydro_reservoir,2030,126,7,7,-0.1960681414251106
8768,hydro_reservoir,2030,126,8,8,-0.10612105147802064
8769,hydro_reservoir,2030,126,9,9,-0.9284894186741952
8770,hydro_reservoir,2030,126,10,10,-0.8385423287271052
8771,hydro_reservoir,2030,126,11,11,-0.7485952387800152
8772,hydro_reservoir,2030,126,12,12,-0.6586481488329252
8773,hydro_reservoir,2030,126,13,13,-0.5687010588858352
8774,hydro_reservoir,2030,126,14,14,-0.8946510516075069
8775,hydro_reservoir,2030,126,15,15,-0.8047039616604169
8776,hydro_reservoir,2030,126,16,16,-0.7147568717133269
8777,hydro_reservoir,2030,126,17,17,-0.6248097817662369
8778,hydro_reservoir,2030,126,18,18,-0.534862691819147
8779,hydro_reservoir,2030,126,19,19,-0.4449156018720571
8780,hydro_reservoir,2030,126,20,20,-0.35496851192496714
8781,hydro_reservoir,2030,126,21,21,-0.2650214219778772
8782,hydro_reservoir,2030,126,22,22,-0.1750743320307873
8783,hydro_reservoir,2030,126,23,23,-0.08512724208369735
8784,hydro_reservoir,2030,126,24,24,0.004819847863392602
8785,hydro_reservoir,2030,127,1,1,-0.6787870893638537
8786,hydro_reservoir,2030,127,2,2,-0.6498629271063581
8787,hydro_reservoir,2030,127,3,3,-0.6209387648488625
8788,hydro_reservoir,2030,127,4,4,-0.5920146025913668
8789,hydro_reservoir,2030,127,5,5,-0.5630904403338712
8790,hydro_reservoir,2030,127,6,6,-0.5341662780763756
8791,hydro_reservoir,2030,127,7,7,-0.50524211581888
8792,hydro_reservoir,2030,127,8,8,-0.4763179535613844
8793,hydro_reservoir,2030,127,9,9,-0.4473937913038888
8794,hydro_reservoir,2030,127,10,10,-0.4184696290463932
8795,hydro_reservoir,2030,127,11,11,-0.38954546678889757
8796,hydro_reservoir,2030,127,12,12,-0.36062130453140195
8797,hydro_reservoir,2030,127,13,13,-0.33169714227390634
8798,hydro_reservoir,2030,127,14,14,-0.30277298001641073
8799,hydro_reservoir,2030,127,15,15,-0.2738488177589151
8800,hydro_reservoir,2030,127,16,16,-0.24492465550141954
8801,hydro_reservoir,2030,127,17,17,-0.21600049324392395
8802,hydro_reservoir,2030,127,18,18,-0.18707633098642837
8803,hydro_reservoir,2030,127,19,19,-0.15815216872893278
8804,hydro_reservoir,2030,127,20,20,-0.1292280064714372
8805,hydro_reservoir,2030,127,21,21,-0.10030384421394162
8806,hydro_reservoir,2030,127,22,22,-0.07137968195644602
8807,hydro_reservoir,2030,127,23,23,-0.042455519698950436
8808,hydro_reservoir,2030,127,24,24,-0.013531357441454842
8809,hydro_reservoir,2030,128,1,1,-0.7382714061050096
8810,hydro_reservoir,2030,128,2,2,-0.709347243847514
8811,hydro_reservoir,2030,128,3,3,-0.6804230815900184
8812,hydro_reservoir,2030,128,4,4,-0.6514989193325228
8813,hydro_reservoir,2030,128,5,5,-0.6225747570750272
8814,hydro_reservoir,2030,128,6,6,-0.5936505948175316
8815,hydro_reservoir,2030,128,7,7,-0.564726432560036
8816,hydro_reservoir,2030,128,8,8,-0.5358022703025404
8817,hydro_reservoir,2030,128,9,9,-0.5068781080450447
8818,hydro_reservoir,2030,128,10,10,-0.47795394578754913
8819,hydro_reservoir,2030,128,11,11,-1.1330840743766062
8820,hydro_reservoir,2030,128,12,12,-1.1041599121191106
8821,hydro_reservoir,2030,128,13,13,-1.075235749861615
8822,hydro_reservoir,2030,128,14,14,-1.0463115876041194
8823,hydro_reservoir,2030,128,15,15,-1.0173874253466237
8824,hydro_reservoir,2030,128,16,16,-0.9884632630891281
8825,hydro_reservoir,2030,128,17,17,-0.9595391008316325
8826,hydro_reservoir,2030,128,18,18,-0.930614938574137
8827,hydro_reservoir,2030,128,19,19,-0.9016907763166414
8828,hydro_reservoir,2030,128,20,20,-0.8727666140591458
8829,hydro_reservoir,2030,128,21,21,-0.8438424518016503
8830,hydro_reservoir,2030,128,22,22,-0.8149182895441547
8831,hydro_reservoir,2030,128,23,23,-0.7859941272866591
8832,hydro_reservoir,2030,128,24,24,-0.7570699650291635
8833,hydro_reservoir,2030,129,1,1,-0.22330188539897286
8834,hydro_reservoir,2030,129,2,2,-0.19226132102507515
8835,hydro_reservoir,2030,129,3,3,-0.42480756617393356
8836,hydro_reservoir,2030,129,4,4,-0.3937670018000359
8837,hydro_reservoir,2030,129,5,5,-0.3627264374261382
8838,hydro_reservoir,2030,129,6,6,-0.3316858730522405
8839,hydro_reservoir,2030,129,7,7,-0.3006453086783428
8840,hydro_reservoir,2030,129,8,8,-0.26960474430444514
8841,hydro_reservoir,2030,129,9,9,-0.4677067465079167
8842,hydro_reservoir,2030,129,10,10,-0.43666618213401903
8843,hydro_reservoir,2030,129,11,11,-0.40562561776012135
8844,hydro_reservoir,2030,129,12,12,-0.37458505338622367
8845,hydro_reservoir,2030,129,13,13,-0.343544489012326
8846,hydro_reservoir,2030,129,14,14,-0.6985799858309569
8847,hydro_reservoir,2030,129,15,15,-0.6675394214570592
8848,hydro_reservoir,2030,129,16,16,-0.6364988570831616
8849,hydro_reservoir,2030,129,17,17,-0.6054582927092639
8850,hydro_reservoir,2030,129,18,18,-0.5744177283353662
8851,hydro_reservoir,2030,129,19,19,-0.5433771639614685
8852,hydro_reservoir,2030,129,20,20,-0.5123365995875708
8853,hydro_reservoir,2030,129,21,21,-0.48129603521367315
8854,hydro_reservoir,2030,129,22,22,-0.45025547083977546
8855,hydro_reservoir,2030,129,23,23,-0.4192149064658778
8856,hydro_reservoir,2030,129,24,24,-0.8416314701402673
8857,hydro_reservoir,2030,130,1,1,-0.29942541470424144
8858,hydro_reservoir,2030,130,2,2,-0.21864940059489402
8859,hydro_reservoir,2030,130,3,3,-0.1378733864855466
8860,hydro_reservoir,2030,130,4,4,-0.05709737237619915
8861,hydro_reservoir,2030,130,5,5,0.023678641733148292
8862,hydro_reservoir,2030,130,6,6,0.10445465584249573
8863,hydro_reservoir,2030,130,7,7,0.18523066995184317
8864,hydro_reservoir,2030,130,8,8,0.2660066840611906
8865,hydro_reservoir,2030,130,9,9,0.34678269817053803
8866,hydro_reservoir,2030,130,10,10,0.42755871227988546
8867,hydro_reservoir,2030,130,11,11,0.5083347263892329
8868,hydro_reservoir,2030,130,12,12,0.5891107404985804
8869,hydro_reservoir,2030,130,13,13,0.6698867546079278
8870,hydro_reservoir,2030,130,14,14,0.7506627687172752
8871,hydro_reservoir,2030,130,15,15,0.8314387828266226
8872,hydro_reservoir,2030,130,16,16,0.9122147969359701
8873,hydro_reservoir,2030,130,17,17,0.46255295617047143
8874,hydro_reservoir,2030,130,18,18,0.543328970279819
8875,hydro_reservoir,2030,130,19,19,0.6241049843891664
8876,hydro_reservoir,2030,130,20,20,0.7048809984985138
8877,hydro_reservoir,2030,130,21,21,0.7856570126078612
8878,hydro_reservoir,2030,130,22,22,0.8664330267172087
8879,hydro_reservoir,2030,130,23,23,0.9472090408265561
8880,hydro_reservoir,2030,130,24,24,1.0279850549359035
8881,hydro_reservoir,2030,131,1,1,-0.18439612202076455
8882,hydro_reservoir,2030,131,2,2,-0.4008281290005983
8883,hydro_reservoir,2030,131,3,3,-0.36414382564962827
8884,hydro_reservoir,2030,131,4,4,-0.47627157955671384
8885,hydro_reservoir,2030,131,5,5,-0.43958727620574384
8886,hydro_reservoir,2030,131,6,6,-0.40290297285477383
8887,hydro_reservoir,2030,131,7,7,-0.36621866950380383
8888,hydro_reservoir,2030,131,8,8,-0.43367105855942906
8889,hydro_reservoir,2030,131,9,9,-0.39698675520845905
8890,hydro_reservoir,2030,131,10,10,-0.36030245185748905
8891,hydro_reservoir,2030,131,11,11,-0.32361814850651904
8892,hydro_reservoir,2030,131,12,12,-0.28693384515554904
8893,hydro_reservoir,2030,131,13,13,-0.37406553962754563
8894,hydro_reservoir,2030,131,14,14,-0.4506409290752623
8895,hydro_reservoir,2030,131,15,15,-0.506795299647745
8896,hydro_reservoir,2030,131,16,16,-0.47011099629677494
8897,hydro_reservoir,2030,131,17,17,-0.43342669294580494
8898,hydro_reservoir,2030,131,18,18,-0.39674238959483493
8899,hydro_reservoir,2030,131,19,19,-0.3600580862438649
8900,hydro_reservoir,2030,131,20,20,-0.3233737828928949
8901,hydro_reservoir,2030,131,21,21,-0.2866894795419249
8902,hydro_reservoir,2030,131,22,22,-0.2500051761909549
8903,hydro_reservoir,2030,131,23,23,-0.2133208728399849
8904,hydro_reservoir,2030,131,24,24,-0.39967506751021
8905,hydro_reservoir,2030,132,1,1,-0.3834223720163722
8906,hydro_reservoir,2030,132,2,2,-0.3562618781892117
8907,hydro_reservoir,2030,132,3,3,-0.32910138436205116
8908,hydro_reservoir,2030,132,4,4,-0.30194089053489065
8909,hydro_reservoir,2030,132,5,5,-0.27478039670773013
8910,hydro_reservoir,2030,132,6,6,-0.7194756888295721
8911,hydro_reservoir,2030,132,7,7,-0.6923151950024117
8912,hydro_reservoir,2030,132,8,8,-0.6651547011752512
8913,hydro_reservoir,2030,132,9,9,-0.6379942073480908
8914,hydro_reservoir,2030,132,10,10,-0.6108337135209303
8915,hydro_reservoir,2030,132,11,11,-0.5836732196937698
8916,hydro_reservoir,2030,132,12,12,-0.5565127258666094
8917,hydro_reservoir,2030,132,13,13,-0.5293522320394489
8918,hydro_reservoir,2030,132,14,14,-0.5021917382122885
8919,hydro_reservoir,2030,132,15,15,-0.47503124438512795
8920,hydro_reservoir,2030,132,16,16,-0.44787075055796743
8921,hydro_reservoir,2030,132,17,17,-0.4207102567308069
8922,hydro_reservoir,2030,132,18,18,-1.2626119509951046
8923,hydro_reservoir,2030,132,19,19,-1.235451457167944
8924,hydro_reservoir,2030,132,20,20,-1.2082909633407837
8925,hydro_reservoir,2030,132,21,21,-1.181130469513623
8926,hydro_reservoir,2030,132,22,22,-1.1539699756864625
8927,hydro_reservoir,2030,132,23,23,-1.1268094818593022
8928,hydro_reservoir,2030,132,24,24,-1.0996489880321416
8929,hydro_reservoir,2030,133,1,1,0.027160493827160494
8930,hydro_reservoir,2030,133,2,2,0.05432098765432099
8931,hydro_reservoir,2030,133,3,3,0.08148148148148149
8932,hydro_reservoir,2030,133,4,4,0.10864197530864197
8933,hydro_reservoir,2030,133,5,5,0.13580246913580246
8934,hydro_reservoir,2030,133,6,6,0.16296296296296295
8935,hydro_reservoir,2030,133,7,7,0.19012345679012344
8936,hydro_reservoir,2030,133,8,8,0.21728395061728392
8937,hydro_reservoir,2030,133,9,9,0.21593541208608424
8938,hydro_reservoir,2030,133,10,10,0.24309590591324473
8939,hydro_reservoir,2030,133,11,11,0.2702563997404052
8940,hydro_reservoir,2030,133,12,12,0.29741689356756573
8941,hydro_reservoir,2030,133,13,13,0.32457738739472625
8942,hydro_reservoir,2030,133,14,14,0.31279039353702653
8943,hydro_reservoir,2030,133,15,15,0.33995088736418705
8944,hydro_reservoir,2030,133,16,16,0.36711138119134756
8945,hydro_reservoir,2030,133,17,17,0.394271875018508
8946,hydro_reservoir,2030,133,18,18,0.4214323688456685
8947,hydro_reservoir,2030,133,19,19,0.448592862672829
8948,hydro_reservoir,2030,133,20,20,0.4757533564999895
8949,hydro_reservoir,2030,133,21,21,0.50291385032715
8950,hydro_reservoir,2030,133,22,22,0.5300743441543104
8951,hydro_reservoir,2030,133,23,23,0.557234837981471
8952,hydro_reservoir,2030,133,24,24,0.5843953318086315
8953,hydro_reservoir,2030,134,1,1,-0.014947500475600922
8954,hydro_reservoir,2030,134,2,2,0.062124809930042824
8955,hydro_reservoir,2030,134,3,3,-0.16825009252864345
8956,hydro_reservoir,2030,134,4,4,-0.0911777821229997
8957,hydro_reservoir,2030,134,5,5,-0.5266725848198914
8958,hydro_reservoir,2030,134,6,6,-0.44960027441424777
8959,hydro_reservoir,2030,134,7,7,-0.3725279640086041
8960,hydro_reservoir,2030,134,8,8,-0.29545565360296044
8961,hydro_reservoir,2030,134,9,9,-0.21838334319731678
8962,hydro_reservoir,2030,134,10,10,-0.14131103279167312
8963,hydro_reservoir,2030,134,11,11,-0.06423872238602946
8964,hydro_reservoir,2030,134,12,12,0.012833588019614317
8965,hydro_reservoir,2030,134,13,13,0.08990589842525809
8966,hydro_reservoir,2030,134,14,14,0.16697820883090186
8967,hydro_reservoir,2030,134,15,15,0.24405051923654564
8968,hydro_reservoir,2030,134,16,16,0.3211228296421894
8969,hydro_reservoir,2030,134,17,17,0.3981951400478332
8970,hydro_reservoir,2030,134,18,18,0.47526745045347696
8971,hydro_reservoir,2030,134,19,19,0.5523397608591207
8972,hydro_reservoir,2030,134,20,20,0.6294120712647645
8973,hydro_reservoir,2030,134,21,21,0.7064843816704083
8974,hydro_reservoir,2030,134,22,22,0.7835566920760519
8975,hydro_reservoir,2030,134,23,23,0.8606290024816957
8976,hydro_reservoir,2030,134,24,24,0.9377013128873395
8977,hydro_reservoir,2030,135,1,1,-0.3252577650901629
8978,hydro_reservoir,2030,135,2,2,-0.2748168479825791
8979,hydro_reservoir,2030,135,3,3,-0.22437593087499533
8980,hydro_reservoir,2030,135,4,4,-0.17393501376741155
8981,hydro_reservoir,2030,135,5,5,-0.12349409665982777
8982,hydro_reservoir,2030,135,6,6,-0.073053179552244
8983,hydro_reservoir,2030,135,7,7,-0.02261226244466022
8984,hydro_reservoir,2030,135,8,8,0.027828654662923558
8985,hydro_reservoir,2030,135,9,9,0.07826957177050733
8986,hydro_reservoir,2030,135,10,10,0.1287104888780911
8987,hydro_reservoir,2030,135,11,11,0.1791514059856749
8988,hydro_reservoir,2030,135,12,12,0.22959232309325867
8989,hydro_reservoir,2030,135,13,13,0.2800332402008424
8990,hydro_reservoir,2030,135,14,14,0.3304741573084262
8991,hydro_reservoir,2030,135,15,15,-0.24301099186427272
8992,hydro_reservoir,2030,135,16,16,-0.1925700747566889
8993,hydro_reservoir,2030,135,17,17,-0.1421291576491051
8994,hydro_reservoir,2030,135,18,18,-0.0916882405415213
8995,hydro_reservoir,2030,135,19,19,-0.0412473234339375
8996,hydro_reservoir,2030,135,20,20,0.009193593673646305
8997,hydro_reservoir,2030,135,21,21,0.05963451078123008
8998,hydro_reservoir,2030,135,22,22,0.11007542788881386
8999,hydro_reservoir,2030,135,23,23,0.16051634499639764
9000,hydro_reservoir,2030,135,24,24,0.2109572621039814
9001,hydro_reservoir,2030,136,1,1,-0.15506920618909106
9002,hydro_reservoir,2030,136,2,2,-0.12737961183283003
9003,hydro_reservoir,2030,136,3,3,-0.20132572136248073
9004,hydro_reservoir,2030,136,4,4,-0.2608054667040589
9005,hydro_reservoir,2030,136,5,5,-0.23311587234779788
9006,hydro_reservoir,2030,136,6,6,-0.20542627799153684
9007,hydro_reservoir,2030,136,7,7,-0.1777366836352758
9008,hydro_reservoir,2030,136,8,8,-0.21773049262434668
9009,hydro_reservoir,2030,136,9,9,-0.19004089826808565
9010,hydro_reservoir,2030,136,10,10,-0.16235130391182462
9011,hydro_reservoir,2030,136,11,11,-0.13466170955556359
9012,hydro_reservoir,2030,136,12,12,-0.10697211519930257
9013,hydro_reservoir,2030,136,13,13,-0.23667638010997616
9014,hydro_reservoir,2030,136,14,14,-0.20898678575371513
9015,hydro_reservoir,2030,136,15,15,-0.1812971913974541
9016,hydro_reservoir,2030,136,16,16,-0.15360759704119306
9017,hydro_reservoir,2030,136,17,17,-0.12591800268493203
9018,hydro_reservoir,2030,136,18,18,-0.09822840832867101
9019,hydro_reservoir,2030,136,19,19,-0.07053881397240999
9020,hydro_reservoir,2030,136,20,20,-0.04284921961614897
9021,hydro_reservoir,2030,136,21,21,-0.015159625259887951
9022,hydro_reservoir,2030,136,22,22,-0.710237425737622
9023,hydro_reservoir,2030,136,23,23,-0.6825478313813611
9024,hydro_reservoir,2030,136,24,24,-0.6548582370251
9025,hydro_reservoir,2030,137,1,1,-0.5003437370880058
9026,hydro_reservoir,2030,137,2,2,-0.47547601222028096
9027,hydro_reservoir,2030,137,3,3,-0.8542729104660001
9028,hydro_reservoir,2030,137,4,4,-0.8294051855982753
9029,hydro_reservoir,2030,137,5,5,-0.8045374607305504
9030,hydro_reservoir,2030,137,6,6,-0.7796697358628256
9031,hydro_reservoir,2030,137,7,7,-0.7548020109951008
9032,hydro_reservoir,2030,137,8,8,-0.729934286127376
9033,hydro_reservoir,2030,137,9,9,-0.7050665612596512
9034,hydro_reservoir,2030,137,10,10,-0.6801988363919264
9035,hydro_reservoir,2030,137,11,11,-0.6553311115242015
9036,hydro_reservoir,2030,137,12,12,-0.6304633866564767
9037,hydro_reservoir,2030,137,13,13,-1.0606625574278739
9038,hydro_reservoir,2030,137,14,14,-1.035794832560149
9039,hydro_reservoir,2030,137,15,15,-1.010927107692424
9040,hydro_reservoir,2030,137,16,16,-0.9860593828246992
9041,hydro_reservoir,2030,137,17,17,-0.9611916579569743
9042,hydro_reservoir,2030,137,18,18,-0.9363239330892494
9043,hydro_reservoir,2030,137,19,19,-0.9114562082215245
9044,hydro_reservoir,2030,137,20,20,-0.8865884833537997
9045,hydro_reservoir,2030,137,21,21,-0.8617207584860748
9046,hydro_reservoir,2030,137,22,22,-0.83685303361835
9047,hydro_reservoir,2030,137,23,23,-0.811985308750625
9048,hydro_reservoir,2030,137,24,24,-0.7871175838829002
9049,hydro_reservoir,2030,138,1,1,0.07707231040564375
9050,hydro_reservoir,2030,138,2,2,-0.6587987106186839
9051,hydro_reservoir,2030,138,3,3,-0.5817264002130401
9052,hydro_reservoir,2030,138,4,4,-1.2914197193293895
9053,hydro_reservoir,2030,138,5,5,-1.2143474089237458
9054,hydro_reservoir,2030,138,6,6,-1.1372750985181022
9055,hydro_reservoir,2030,138,7,7,-1.0602027881124585
9056,hydro_reservoir,2030,138,8,8,-0.9831304777068147
9057,hydro_reservoir,2030,138,9,9,-0.906058167301171
9058,hydro_reservoir,2030,138,10,10,-0.8289858568955272
9059,hydro_reservoir,2030,138,11,11,-1.3347802867936038
9060,hydro_reservoir,2030,138,12,12,-1.2577079763879602
9061,hydro_reservoir,2030,138,13,13,-1.1806356659823165
9062,hydro_reservoir,2030,138,14,14,-1.5348301393080388
9063,hydro_reservoir,2030,138,15,15,-1.4577578289023951
9064,hydro_reservoir,2030,138,16,16,-1.3806855184967515
9065,hydro_reservoir,2030,138,17,17,-1.3036132080911076
9066,hydro_reservoir,2030,138,18,18,-1.2265408976854637
9067,hydro_reservoir,2030,138,19,19,-1.14946858727982
9068,hydro_reservoir,2030,138,20,20,-1.0723962768741764
9069,hydro_reservoir,2030,138,21,21,-0.9953239664685325
9070,hydro_reservoir,2030,138,22,22,-0.9182516560628888
9071,hydro_reservoir,2030,138,23,23,-0.8411793456572451
9072,hydro_reservoir,2030,138,24,24,-0.7641070352516013
9073,hydro_reservoir,2030,139,1,1,0.02821869488536155
9074,hydro_reservoir,2030,139,2,2,0.0564373897707231
9075,hydro_reservoir,2030,139,3,3,0.08465608465608465
9076,hydro_reservoir,2030,139,4,4,0.1128747795414462
9077,hydro_reservoir,2030,139,5,5,0.14109347442680775
9078,hydro_reservoir,2030,139,6,6,0.1693121693121693
9079,hydro_reservoir,2030,139,7,7,0.19753086419753085
9080,hydro_reservoir,2030,139,8,8,0.10546873260008993
9081,hydro_reservoir,2030,139,9,9,0.13368742748545148
9082,hydro_reservoir,2030,139,10,10,0.16190612237081303
9083,hydro_reservoir,2030,139,11,11,0.19012481725617458
9084,hydro_reservoir,2030,139,12,12,0.21834351214153613
9085,hydro_reservoir,2030,139,13,13,0.24656220702689768
9086,hydro_reservoir,2030,139,14,14,0.27478090191225923
9087,hydro_reservoir,2030,139,15,15,0.3029995967976208
9088,hydro_reservoir,2030,139,16,16,0.07299636077870786
9089,hydro_reservoir,2030,139,17,17,-0.22517519831091012
9090,hydro_reservoir,2030,139,18,18,-0.19695650342554857
9091,hydro_reservoir,2030,139,19,19,-0.16873780854018702
9092,hydro_reservoir,2030,139,20,20,-0.14051911365482547
9093,hydro_reservoir,2030,139,21,21,-0.7370771255049348
9094,hydro_reservoir,2030,139,22,22,-0.7088584306195732
9095,hydro_reservoir,2030,139,23,23,-1.3265955176169688
9096,hydro_reservoir,2030,139,24,24,-1.2983768227316073
9097,hydro_reservoir,2030,140,1,1,-0.45399985851090296
9098,hydro_reservoir,2030,140,2,2,-0.9105720722454963
9099,hydro_reservoir,2030,140,3,3,-0.8654221604289178
9100,hydro_reservoir,2030,140,4,4,-0.8202722486123394
9101,hydro_reservoir,2030,140,5,5,-0.7751223367957609
9102,hydro_reservoir,2030,140,6,6,-0.7299724249791825
9103,hydro_reservoir,2030,140,7,7,-0.684822513162604
9104,hydro_reservoir,2030,140,8,8,-0.6396726013460255
9105,hydro_reservoir,2030,140,9,9,-0.5945226895294471
9106,hydro_reservoir,2030,140,10,10,-0.5493727777128686
9107,hydro_reservoir,2030,140,11,11,-0.5042228658962902
9108,hydro_reservoir,2030,140,12,12,-0.4590729540797117
9109,hydro_reservoir,2030,140,13,13,-0.41392304226313326
9110,hydro_reservoir,2030,140,14,14,-0.3687731304465548
9111,hydro_reservoir,2030,140,15,15,-0.32362321862997634
9112,hydro_reservoir,2030,140,16,16,-0.2784733068133979
9113,hydro_reservoir,2030,140,17,17,-0.2333233949968194
9114,hydro_reservoir,2030,140,18,18,-0.1881734831802409
9115,hydro_reservoir,2030,140,19,19,-0.14302357136366242
9116,hydro_reservoir,2030,140,20,20,-0.09787365954708394
9117,hydro_reservoir,2030,140,21,21,-0.05272374773050545
9118,hydro_reservoir,2030,140,22,22,-0.007573835913926963
9119,hydro_reservoir,2030,140,23,23,0.03757607590265152
9120,hydro_reservoir,2030,140,24,24,-0.5303237099350253
9121,hydro_reservoir,2030,141,1,1,-0.40645047258372263
9122,hydro_reservoir,2030,141,2,2,-0.8056728590339504
9123,hydro_reservoir,2030,141,3,3,-0.7785123652067899
9124,hydro_reservoir,2030,141,4,4,-0.7513518713796294
9125,hydro_reservoir,2030,141,5,5,-0.724191377552469
9126,hydro_reservoir,2030,141,6,6,-0.6970308837253085
9127,hydro_reservoir,2030,141,7,7,-0.6698703898981481
9128,hydro_reservoir,2030,141,8,8,-0.9960825681518937
9129,hydro_reservoir,2030,141,9,9,-0.9689220743247332
9130,hydro_reservoir,2030,141,10,10,-0.9417615804975727
9131,hydro_reservoir,2030,141,11,11,-0.9146010866704123
9132,hydro_reservoir,2030,141,12,12,-0.8874405928432518
9133,hydro_reservoir,2030,141,13,13,-0.8602800990160914
9134,hydro_reservoir,2030,141,14,14,-0.8331196051889309
9135,hydro_reservoir,2030,141,15,15,-0.8059591113617705
9136,hydro_reservoir,2030,141,16,16,-0.77879861753461
9137,hydro_reservoir,2030,141,17,17,-0.7516381237074495
9138,hydro_reservoir,2030,141,18,18,-0.7244776298802891
9139,hydro_reservoir,2030,141,19,19,-0.6973171360531286
9140,hydro_reservoir,2030,141,20,20,-0.6701566422259682
9141,hydro_reservoir,2030,141,21,21,-1.1625025258123152
9142,hydro_reservoir,2030,141,22,22,-1.1353420319851546
9143,hydro_reservoir,2030,141,23,23,-1.1081815381579943
9144,hydro_reservoir,2030,141,24,24,-1.0810210443308337
9145,hydro_reservoir,2030,142,1,1,-0.6413952800698572
9146,hydro_reservoir,2030,142,2,2,-0.6110601830680936
9147,hydro_reservoir,2030,142,3,3,-0.58072508606633
9148,hydro_reservoir,2030,142,4,4,-0.5503899890645664
9149,hydro_reservoir,2030,142,5,5,-0.5200548920628028
9150,hydro_reservoir,2030,142,6,6,-0.4897197950610392
9151,hydro_reservoir,2030,142,7,7,-0.45938469805927556
9152,hydro_reservoir,2030,142,8,8,-0.4290496010575119
9153,hydro_reservoir,2030,142,9,9,-0.3987145040557482
9154,hydro_reservoir,2030,142,10,10,-0.36837940705398453
9155,hydro_reservoir,2030,142,11,11,-0.33804431005222085
9156,hydro_reservoir,2030,142,12,12,-0.3077092130504572
9157,hydro_reservoir,2030,142,13,13,-0.2773741160486935
9158,hydro_reservoir,2030,142,14,14,-0.24703901904692982
9159,hydro_reservoir,2030,142,15,15,-0.21670392204516614
9160,hydro_reservoir,2030,142,16,16,-0.18636882504340246
9161,hydro_reservoir,2030,142,17,17,-0.1560337280416388
9162,hydro_reservoir,2030,142,18,18,-0.1256986310398751
9163,hydro_reservoir,2030,142,19,19,-0.09536353403811143
9164,hydro_reservoir,2030,142,20,20,-0.06502843703634775
9165,hydro_reservoir,2030,142,21,21,-0.034693340034584096
9166,hydro_reservoir,2030,142,22,22,-0.004358243032820425
9167,hydro_reservoir,2030,142,23,23,0.025976853968943243
9168,hydro_reservoir,2030,142,24,24,0.05631195097070691
9169,hydro_reservoir,2030,143,1,1,-0.3986274534313201
9170,hydro_reservoir,2030,143,2,2,-0.37375972856359524
9171,hydro_reservoir,2030,143,3,3,-0.34889200369587037
9172,hydro_reservoir,2030,143,4,4,-0.3240242788281455
9173,hydro_reservoir,2030,143,5,5,-0.2991565539604206
9174,hydro_reservoir,2030,143,6,6,-0.27428882909269575
9175,hydro_reservoir,2030,143,7,7,-0.24942110422497088
9176,hydro_reservoir,2030,143,8,8,-0.224553379357246
9177,hydro_reservoir,2030,143,9,9,-0.19968565448952114
9178,hydro_reservoir,2030,143,10,10,-0.17481792962179626
9179,hydro_reservoir,2030,143,11,11,-0.1499502047540714
9180,hydro_reservoir,2030,143,12,12,-0.6516980046363455
9181,hydro_reservoir,2030,143,13,13,-0.6268302797686207
9182,hydro_reservoir,2030,143,14,14,-0.6019625549008958
9183,hydro_reservoir,2030,143,15,15,-0.577094830033171
9184,hydro_reservoir,2030,143,16,16,-0.552227105165446
9185,hydro_reservoir,2030,143,17,17,-0.5273593802977212
9186,hydro_reservoir,2030,143,18,18,-0.5024916554299963
9187,hydro_reservoir,2030,143,19,19,-0.4776239305622715
9188,hydro_reservoir,2030,143,20,20,-0.4527562056945466
9189,hydro_reservoir,2030,143,21,21,-0.42788848082682174
9190,hydro_reservoir,2030,143,22,22,-0.40302075595909687
9191,hydro_reservoir,2030,143,23,23,-0.378153031091372
9192,hydro_reservoir,2030,143,24,24,-0.3532853062236471
9193,hydro_reservoir,2030,144,1,1,0.03015873015873016
9194,hydro_reservoir,2030,144,2,2,0.06031746031746032
9195,hydro_reservoir,2030,144,3,3,0.09047619047619047
9196,hydro_reservoir,2030,144,4,4,0.12063492063492064
9197,hydro_reservoir,2030,144,5,5,0.15079365079365079
9198,hydro_reservoir,2030,144,6,6,0.18095238095238095
9199,hydro_reservoir,2030,144,7,7,0.2111111111111111
9200,hydro_reservoir,2030,144,8,8,0.24126984126984127
9201,hydro_reservoir,2030,144,9,9,0.23476524799471687
9202,hydro_reservoir,2030,144,10,10,0.21553976090490387
9203,hydro_reservoir,2030,144,11,11,0.24569849106363403
9204,hydro_reservoir,2030,144,12,12,0.27585722122236417
9205,hydro_reservoir,2030,144,13,13,0.2075905073702381
9206,hydro_reservoir,2030,144,14,14,0.23774923752896826
9207,hydro_reservoir,2030,144,15,15,0.13674030556816394
9208,hydro_reservoir,2030,144,16,16,0.1668990357268941
9209,hydro_reservoir,2030,144,17,17,0.006092343087773781
9210,hydro_reservoir,2030,144,18,18,0.03625107324650394
9211,hydro_reservoir,2030,144,19,19,0.0664098034052341
9212,hydro_reservoir,2030,144,20,20,0.09656853356396426
9213,hydro_reservoir,2030,144,21,21,0.1267272637226944
9214,hydro_reservoir,2030,144,22,22,0.15688599388142457
9215,hydro_reservoir,2030,144,23,23,-0.05148600249808627
9216,hydro_reservoir,2030,144,24,24,-0.02132727233935611
9217,hydro_reservoir,2030,145,1,1,0.091005291005291
9218,hydro_reservoir,2030,145,2,2,0.182010582010582
9219,hydro_reservoir,2030,145,3,3,0.27301587301587305
9220,hydro_reservoir,2030,145,4,4,0.364021164021164
9221,hydro_reservoir,2030,145,5,5,0.455026455026455
9222,hydro_reservoir,2030,145,6,6,0.546031746031746
9223,hydro_reservoir,2030,145,7,7,0.637037037037037
9224,hydro_reservoir,2030,145,8,8,0.7280423280423279
9225,hydro_reservoir,2030,145,9,9,0.7464614977370605
9226,hydro_reservoir,2030,145,10,10,0.8374667887423515
9227,hydro_reservoir,2030,145,11,11,0.9284720797476425
9228,hydro_reservoir,2030,145,12,12,1.0194773707529334
9229,hydro_reservoir,2030,145,13,13,1.1104826617582244
9230,hydro_reservoir,2030,145,14,14,1.2014879527635154
9231,hydro_reservoir,2030,145,15,15,1.160224622554395
9232,hydro_reservoir,2030,145,16,16,1.155721435017516
9233,hydro_reservoir,2030,145,17,17,1.246726726022807
9234,hydro_reservoir,2030,145,18,18,1.337732017028098
9235,hydro_reservoir,2030,145,19,19,1.428737308033389
9236,hydro_reservoir,2030,145,20,20,1.51974259903868
9237,hydro_reservoir,2030,145,21,21,1.610747890043971
9238,hydro_reservoir,2030,145,22,22,1.7017531810492619
9239,hydro_reservoir,2030,145,23,23,1.7927584720545529
9240,hydro_reservoir,2030,145,24,24,1.8837637630598438
9241,hydro_reservoir,2030,146,1,1,-0.5896331556851611
9242,hydro_reservoir,2030,146,2,2,-0.4977460304647025
9243,hydro_reservoir,2030,146,3,3,-0.40585890524424395
9244,hydro_reservoir,2030,146,4,4,-0.3139717800237854
9245,hydro_reservoir,2030,146,5,5,-0.22208465480332684
9246,hydro_reservoir,2030,146,6,6,-0.1301975295828683
9247,hydro_reservoir,2030,146,7,7,-0.03831040436240973
9248,hydro_reservoir,2030,146,8,8,0.05357672085804882
9249,hydro_reservoir,2030,146,9,9,0.14546384607850738
9250,hydro_reservoir,2030,146,10,10,0.23735097129896593
9251,hydro_reservoir,2030,146,11,11,0.3292380965194245
9252,hydro_reservoir,2030,146,12,12,0.42112522173988304
9253,hydro_reservoir,2030,146,13,13,0.5130123469603416
9254,hydro_reservoir,2030,146,14,14,0.6048994721808001
9255,hydro_reservoir,2030,146,15,15,0.6967865974012586
9256,hydro_reservoir,2030,146,16,16,0.7886737226217171
9257,hydro_reservoir,2030,146,17,17,0.8805608478421756
9258,hydro_reservoir,2030,146,18,18,0.9724479730626341
9259,hydro_reservoir,2030,146,19,19,1.0549549080137892
9260,hydro_reservoir,2030,146,20,20,1.1224272005438283
9261,hydro_reservoir,2030,146,21,21,1.2143143257642868
9262,hydro_reservoir,2030,146,22,22,1.3062014509847453
9263,hydro_reservoir,2030,146,23,23,1.3980885762052038
9264,hydro_reservoir,2030,146,24,24,0.5705884687132654
9265,hydro_reservoir,2030,147,1,1,0.09188712522045855
9266,hydro_reservoir,2030,147,2,2,-0.6881495183377873
9267,hydro_reservoir,2030,147,3,3,-0.5962623931173288
9268,hydro_reservoir,2030,147,4,4,-0.5043752678968703
9269,hydro_reservoir,2030,147,5,5,-0.4124881426764117
9270,hydro_reservoir,2030,147,6,6,-0.32060101745595315
9271,hydro_reservoir,2030,147,7,7,-0.2287138922354946
9272,hydro_reservoir,2030,147,8,8,-0.9832066776557727
9273,hydro_reservoir,2030,147,9,9,-1.7883985955778545
9274,hydro_reservoir,2030,147,10,10,-1.696511470357396
9275,hydro_reservoir,2030,147,11,11,-2.263640252545213
9276,hydro_reservoir,2030,147,12,12,-2.171753127324754
9277,hydro_reservoir,2030,147,13,13,-2.0798660021042954
9278,hydro_reservoir,2030,147,14,14,-1.987978876883837
9279,hydro_reservoir,2030,147,15,15,-1.8960917516633784
9280,hydro_reservoir,2030,147,16,16,-1.80420462644292
9281,hydro_reservoir,2030,147,17,17,-1.7123175012224614
9282,hydro_reservoir,2030,147,18,18,-2.055249367421757
9283,hydro_reservoir,2030,147,19,19,-1.9633622422012984
9284,hydro_reservoir,2030,147,20,20,-2.1602024860231266
9285,hydro_reservoir,2030,147,21,21,-2.068315360802668
9286,hydro_reservoir,2030,147,22,22,-1.9764282355822091
9287,hydro_reservoir,2030,147,23,23,-1.8845411103617506
9288,hydro_reservoir,2030,147,24,24,-1.7926539851412922
9289,hydro_reservoir,2030,148,1,1,0.04215167548500882
9290,hydro_reservoir,2030,148,2,2,0.08430335097001763
9291,hydro_reservoir,2030,148,3,3,0.12645502645502646
9292,hydro_reservoir,2030,148,4,4,0.16860670194003527
9293,hydro_reservoir,2030,148,5,5,0.21075837742504408
9294,hydro_reservoir,2030,148,6,6,0.2529100529100529
9295,hydro_reservoir,2030,148,7,7,0.29506172839506173
9296,hydro_reservoir,2030,148,8,8,0.33721340388007054
9297,hydro_reservoir,2030,148,9,9,0.37936507936507935
9298,hydro_reservoir,2030,148,10,10,0.42151675485008816
9299,hydro_reservoir,2030,148,11,11,0.46366843033509697
9300,hydro_reservoir,2030,148,12,12,0.5058201058201058
9301,hydro_reservoir,2030,148,13,13,0.5479717813051147
9302,hydro_reservoir,2030,148,14,14,0.5901234567901236
9303,hydro_reservoir,2030,148,15,15,0.6322751322751324
9304,hydro_reservoir,2030,148,16,16,0.6744268077601413
9305,hydro_reservoir,2030,148,17,17,0.7165784832451502
9306,hydro_reservoir,2030,148,18,18,0.758730158730159
9307,hydro_reservoir,2030,148,19,19,0.8008818342151679
9308,hydro_reservoir,2030,148,20,20,0.8430335097001768
9309,hydro_reservoir,2030,148,21,21,0.8851851851851856
9310,hydro_reservoir,2030,148,22,22,0.9273368606701945
9311,hydro_reservoir,2030,148,23,23,0.9694885361552034
9312,hydro_reservoir,2030,148,24,24,1.0116402116402121
9313,hydro_reservoir,2030,149,1,1,-0.31069897773875915
9314,hydro_reservoir,2030,149,2,2,-0.2207518877916692
9315,hydro_reservoir,2030,149,3,3,-0.13080479784457927
9316,hydro_reservoir,2030,149,4,4,-0.040857707897489326
9317,hydro_reservoir,2030,149,5,5,0.049089382049600616
9318,hydro_reservoir,2030,149,6,6,0.13903647199669056
9319,hydro_reservoir,2030,149,7,7,0.2289835619437805
9320,hydro_reservoir,2030,149,8,8,0.31893065189087044
9321,hydro_reservoir,2030,149,9,9,0.4088777418379604
9322,hydro_reservoir,2030,149,10,10,0.4988248317850503
9323,hydro_reservoir,2030,149,11,11,0.5887719217321403
9324,hydro_reservoir,2030,149,12,12,0.14187675320094792
9325,hydro_reservoir,2030,149,13,13,0.23182384314803786
9326,hydro_reservoir,2030,149,14,14,0.32177093309512783
9327,hydro_reservoir,2030,149,15,15,0.4117180230422178
9328,hydro_reservoir,2030,149,16,16,0.5016651129893077
9329,hydro_reservoir,2030,149,17,17,0.5916122029363977
9330,hydro_reservoir,2030,149,18,18,-0.16664257102609464
9331,hydro_reservoir,2030,149,19,19,-0.0766954810790047
9332,hydro_reservoir,2030,149,20,20,0.01325160886808524
9333,hydro_reservoir,2030,149,21,21,0.10319869881517518
9334,hydro_reservoir,2030,149,22,22,0.19314578876226512
9335,hydro_reservoir,2030,149,23,23,0.28309287870935507
9336,hydro_reservoir,2030,149,24,24,-0.5522839333406715
9337,hydro_reservoir,2030,150,1,1,0.03492063492063492
9338,hydro_reservoir,2030,150,2,2,0.06984126984126984
9339,hydro_reservoir,2030,150,3,3,0.10476190476190476
9340,hydro_reservoir,2030,150,4,4,-0.585256395149617
9341,hydro_reservoir,2030,150,5,5,-0.5503357602289821
9342,hydro_reservoir,2030,150,6,6,-0.5154151253083472
9343,hydro_reservoir,2030,150,7,7,-0.4804944903877123
9344,hydro_reservoir,2030,150,8,8,-0.4455738554670774
9345,hydro_reservoir,2030,150,9,9,-0.4106532205464425
9346,hydro_reservoir,2030,150,10,10,-0.3757325856258076
9347,hydro_reservoir,2030,150,11,11,-0.3408119507051727
9348,hydro_reservoir,2030,150,12,12,-0.30589131578453777
9349,hydro_reservoir,2030,150,13,13,-0.27097068086390286
9350,hydro_reservoir,2030,150,14,14,-0.23605004594326795
9351,hydro_reservoir,2030,150,15,15,-0.7780220656250233
9352,hydro_reservoir,2030,150,16,16,-0.7431014307043884
9353,hydro_reservoir,2030,150,17,17,-1.3110458084897654
9354,hydro_reservoir,2030,150,18,18,-1.2761251735691304
9355,hydro_reservoir,2030,150,19,19,-1.2412045386484953
9356,hydro_reservoir,2030,150,20,20,-1.2062839037278603
9357,hydro_reservoir,2030,150,21,21,-1.1713632688072253
9358,hydro_reservoir,2030,150,22,22,-1.8926807323677262
9359,hydro_reservoir,2030,150,23,23,-1.8577600974470914
9360,hydro_reservoir,2030,150,24,24,-1.8228394625264563
9361,hydro_reservoir,2030,151,1,1,-0.7162510419819973
9362,hydro_reservoir,2030,151,2,2,-0.6367095957738844
9363,hydro_reservoir,2030,151,3,3,-0.5571681495657715
9364,hydro_reservoir,2030,151,4,4,-0.47762670335765867
9365,hydro_reservoir,2030,151,5,5,-0.3980852571495458
9366,hydro_reservoir,2030,151,6,6,-1.0451091757806537
9367,hydro_reservoir,2030,151,7,7,-0.9655677295725408
9368,hydro_reservoir,2030,151,8,8,-0.8860262833644279
9369,hydro_reservoir,2030,151,9,9,-0.806484837156315
9370,hydro_reservoir,2030,151,10,10,-1.5826977854986424
9371,hydro_reservoir,2030,151,11,11,-1.5031563392905294
9372,hydro_reservoir,2030,151,12,12,-1.4236148930824164
9373,hydro_reservoir,2030,151,13,13,-1.3440734468743034
9374,hydro_reservoir,2030,151,14,14,-1.2645320006661906
9375,hydro_reservoir,2030,151,15,15,-1.1849905544580777
9376,hydro_reservoir,2030,151,16,16,-1.105449108249965
9377,hydro_reservoir,2030,151,17,17,-1.025907662041852
9378,hydro_reservoir,2030,151,18,18,-0.9463662158337391
9379,hydro_reservoir,2030,151,19,19,-0.8668247696256262
9380,hydro_reservoir,2030,151,20,20,-0.7872833234175134
9381,hydro_reservoir,2030,151,21,21,-0.7077418772094004
9382,hydro_reservoir,2030,151,22,22,-0.6282004310012876
9383,hydro_reservoir,2030,151,23,23,-0.5486589847931747
9384,hydro_reservoir,2030,151,24,24,-0.46911753858506183
9385,hydro_reservoir,2030,152,1,1,-0.6987765922650253
9386,hydro_reservoir,2030,152,2,2,-0.6629741231292229
9387,hydro_reservoir,2030,152,3,3,-0.6271716539934205
9388,hydro_reservoir,2030,152,4,4,-0.591369184857618
9389,hydro_reservoir,2030,152,5,5,-0.5555667157218156
9390,hydro_reservoir,2030,152,6,6,-0.5197642465860132
9391,hydro_reservoir,2030,152,7,7,-0.4839617774502107
9392,hydro_reservoir,2030,152,8,8,-0.4481593083144082
9393,hydro_reservoir,2030,152,9,9,-0.4123568391786057
9394,hydro_reservoir,2030,152,10,10,-0.37655437004280323
9395,hydro_reservoir,2030,152,11,11,-0.34075190090700075
9396,hydro_reservoir,2030,152,12,12,-0.30494943177119826
9397,hydro_reservoir,2030,152,13,13,-0.2691469626353958
9398,hydro_reservoir,2030,152,14,14,-0.2333444934995933
9399,hydro_reservoir,2030,152,15,15,-0.8836520979162913
9400,hydro_reservoir,2030,152,16,16,-0.8478496287804889
9401,hydro_reservoir,2030,152,17,17,-0.8120471596446864
9402,hydro_reservoir,2030,152,18,18,-0.776244690508884
9403,hydro_reservoir,2030,152,19,19,-1.527018714129698
9404,hydro_reservoir,2030,152,20,20,-1.4912162449938955
9405,hydro_reservoir,2030,152,21,21,-1.455413775858093
9406,hydro_reservoir,2030,152,22,22,-1.4196113067222904
9407,hydro_reservoir,2030,152,23,23,-1.383808837586488
9408,hydro_reservoir,2030,152,24,24,-1.3480063684506856
9409,hydro_reservoir,2030,153,1,1,0.05078358078062306
9410,hydro_reservoir,2030,153,2,2,0.12838499171536732
9411,hydro_reservoir,2030,153,3,3,0.2059864026501116
9412,hydro_reservoir,2030,153,4,4,0.28358781358485585
9413,hydro_reservoir,2030,153,5,5,0.3611892245196001
9414,hydro_reservoir,2030,153,6,6,0.3230546960108678
9415,hydro_reservoir,2030,153,7,7,0.40065610694561204
9416,hydro_reservoir,2030,153,8,8,0.12813402356223935
9417,hydro_reservoir,2030,153,9,9,0.20573543449698362
9418,hydro_reservoir,2030,153,10,10,0.2833368454317279
9419,hydro_reservoir,2030,153,11,11,0.36093825636647214
9420,hydro_reservoir,2030,153,12,12,0.043225130169307624
9421,hydro_reservoir,2030,153,13,13,0.12082654110405189
9422,hydro_reservoir,2030,153,14,14,0.19842795203879615
9423,hydro_reservoir,2030,153,15,15,0.2760293629735404
9424,hydro_reservoir,2030,153,16,16,0.3536307739082847
9425,hydro_reservoir,2030,153,17,17,0.43123218484302894
9426,hydro_reservoir,2030,153,18,18,0.5088335957777732
9427,hydro_reservoir,2030,153,19,19,0.5864350067125175
9428,hydro_reservoir,2030,153,20,20,0.6640364176472617
9429,hydro_reservoir,2030,153,21,21,0.741637828582006
9430,hydro_reservoir,2030,153,22,22,0.8192392395167503
9431,hydro_reservoir,2030,153,23,23,0.8968406504514945
9432,hydro_reservoir,2030,153,24,24,0.9744420613862388
9433,hydro_reservoir,2030,154,1,1,-0.45204535606674423
9434,hydro_reservoir,2030,154,2,2,-0.39596069998208816
9435,hydro_reservoir,2030,154,3,3,-0.3398760438974321
9436,hydro_reservoir,2030,154,4,4,-0.283791387812776
9437,hydro_reservoir,2030,154,5,5,-0.22770673172811995
9438,hydro_reservoir,2030,154,6,6,-0.17162207564346388
9439,hydro_reservoir,2030,154,7,7,-0.1155374195588078
9440,hydro_reservoir,2030,154,8,8,-0.05945276347415171
9441,hydro_reservoir,2030,154,9,9,-0.0033681073894956254
9442,hydro_reservoir,2030,154,10,10,0.05271654869516046
9443,hydro_reservoir,2030,154,11,11,0.10880120477981654
9444,hydro_reservoir,2030,154,12,12,0.16488586086447263
9445,hydro_reservoir,2030,154,13,13,0.22097051694912873
9446,hydro_reservoir,2030,154,14,14,0.2770551730337848
9447,hydro_reservoir,2030,154,15,15,0.33313982911844087
9448,hydro_reservoir,2030,154,16,16,0.38922448520309694
9449,hydro_reservoir,2030,154,17,17,0.445309141287753
9450,hydro_reservoir,2030,154,18,18,0.5013937973724091
9451,hydro_reservoir,2030,154,19,19,0.5574784534570651
9452,hydro_reservoir,2030,154,20,20,0.2369785867198968
9453,hydro_reservoir,2030,154,21,21,-0.12913204383217294
9454,hydro_reservoir,2030,154,22,22,-0.07304738774751686
9455,hydro_reservoir,2030,154,23,23,-0.4986753474512405
9456,hydro_reservoir,2030,154,24,24,-0.4425906913665844
9457,hydro_reservoir,2030,155,1,1,-0.6957499637412762
9458,hydro_reservoir,2030,155,2,2,-0.665943967268613
9459,hydro_reservoir,2030,155,3,3,-0.6361379707959499
9460,hydro_reservoir,2030,155,4,4,-0.6063319743232868
9461,hydro_reservoir,2030,155,5,5,-0.5765259778506236
9462,hydro_reservoir,2030,155,6,6,-0.5467199813779605
9463,hydro_reservoir,2030,155,7,7,-0.5169139849052974
9464,hydro_reservoir,2030,155,8,8,-0.48710798843263425
9465,hydro_reservoir,2030,155,9,9,-0.4573019919599711
9466,hydro_reservoir,2030,155,10,10,-1.130105832741134
9467,hydro_reservoir,2030,155,11,11,-1.1002998362684708
9468,hydro_reservoir,2030,155,12,12,-1.0704938397958077
9469,hydro_reservoir,2030,155,13,13,-1.0406878433231446
9470,hydro_reservoir,2030,155,14,14,-1.0108818468504814
9471,hydro_reservoir,2030,155,15,15,-0.9810758503778183
9472,hydro_reservoir,2030,155,16,16,-0.9512698539051552
9473,hydro_reservoir,2030,155,17,17,-0.921463857432492
9474,hydro_reservoir,2030,155,18,18,-0.8916578609598289
9475,hydro_reservoir,2030,155,19,19,-0.8618518644871658
9476,hydro_reservoir,2030,155,20,20,-0.8320458680145026
9477,hydro_reservoir,2030,155,21,21,-0.8022398715418395
9478,hydro_reservoir,2030,155,22,22,-0.7724338750691764
9479,hydro_reservoir,2030,155,23,23,-0.7426278785965132
9480,hydro_reservoir,2030,155,24,24,-0.7128218821238501
9481,hydro_reservoir,2030,156,1,1,0.03333333333333333
9482,hydro_reservoir,2030,156,2,2,0.06666666666666667
9483,hydro_reservoir,2030,156,3,3,-0.5134294919897875
9484,hydro_reservoir,2030,156,4,4,-0.48009615865645416
9485,hydro_reservoir,2030,156,5,5,-0.44676282532312084
9486,hydro_reservoir,2030,156,6,6,-0.4134294919897875
9487,hydro_reservoir,2030,156,7,7,-0.3800961586564542
9488,hydro_reservoir,2030,156,8,8,-0.34676282532312086
9489,hydro_reservoir,2030,156,9,9,-0.31342949198978753
9490,hydro_reservoir,2030,156,10,10,-0.9145388278189213
9491,hydro_reservoir,2030,156,11,11,-0.8812054944855879
9492,hydro_reservoir,2030,156,12,12,-0.8478721611522546
9493,hydro_reservoir,2030,156,13,13,-0.8145388278189213
9494,hydro_reservoir,2030,156,14,14,-0.781205494485588
9495,hydro_reservoir,2030,156,15,15,-0.7478721611522546
9496,hydro_reservoir,2030,156,16,16,-0.7145388278189213
9497,hydro_reservoir,2030,156,17,17,-0.681205494485588
9498,hydro_reservoir,2030,156,18,18,-1.4262607206019073
9499,hydro_reservoir,2030,156,19,19,-2.2236308773628144
9500,hydro_reservoir,2030,156,20,20,-2.190297544029481
9501,hydro_reservoir,2030,156,21,21,-2.156964210696148
9502,hydro_reservoir,2030,156,22,22,-2.777859952252954
9503,hydro_reservoir,2030,156,23,23,-2.7445266189196205
9504,hydro_reservoir,2030,156,24,24,-2.7111932855862872
9505,hydro_reservoir,2030,157,1,1,0.03897707231040565
9506,hydro_reservoir,2030,157,2,2,0.0779541446208113
9507,hydro_reservoir,2030,157,3,3,0.11693121693121694
9508,hydro_reservoir,2030,157,4,4,0.1559082892416226
9509,hydro_reservoir,2030,157,5,5,-0.45129501501358577
9510,hydro_reservoir,2030,157,6,6,-0.4123179427031801
9511,hydro_reservoir,2030,157,7,7,-0.37334087039277447
9512,hydro_reservoir,2030,157,8,8,-0.3343637980823688
9513,hydro_reservoir,2030,157,9,9,-0.2953867257719632
9514,hydro_reservoir,2030,157,10,10,-0.6812227480639559
9515,hydro_reservoir,2030,157,11,11,-0.6422456757535502
9516,hydro_reservoir,2030,157,12,12,-0.6032686034431445
9517,hydro_reservoir,2030,157,13,13,-0.5642915311327388
9518,hydro_reservoir,2030,157,14,14,-0.5253144588223332
9519,hydro_reservoir,2030,157,15,15,-0.4863373865119275
9520,hydro_reservoir,2030,157,16,16,-0.4473603142015219
9521,hydro_reservoir,2030,157,17,17,-0.4083832418911162
9522,hydro_reservoir,2030,157,18,18,-0.3694061695807106
9523,hydro_reservoir,2030,157,19,19,-0.3304290972703049
9524,hydro_reservoir,2030,157,20,20,-0.2914520249598993
9525,hydro_reservoir,2030,157,21,21,-0.2524749526494936
9526,hydro_reservoir,2030,157,22,22,-0.21349788033908798
9527,hydro_reservoir,2030,157,23,23,-0.17452080802868233
9528,hydro_reservoir,2030,157,24,24,-0.1355437357182767
9529,hydro_reservoir,2030,158,1,1,-0.09585623678579877
9530,hydro_reservoir,2030,158,2,2,-0.0545863955159575
9531,hydro_reservoir,2030,158,3,3,-0.013316554246116233
9532,hydro_reservoir,2030,158,4,4,0.027953287023725036
9533,hydro_reservoir,2030,158,5,5,0.0692231282935663
9534,hydro_reservoir,2030,158,6,6,0.11049296956340757
9535,hydro_reservoir,2030,158,7,7,0.15176281083324883
9536,hydro_reservoir,2030,158,8,8,0.1930326521030901
9537,hydro_reservoir,2030,158,9,9,0.015668938684483456
9538,hydro_reservoir,2030,158,10,10,0.056938779954324725
9539,hydro_reservoir,2030,158,11,11,0.09820862122416599
9540,hydro_reservoir,2030,158,12,12,-0.5949435221252214
9541,hydro_reservoir,2030,158,13,13,-0.5536736808553802
9542,hydro_reservoir,2030,158,14,14,-0.5124038395855389
9543,hydro_reservoir,2030,158,15,15,-0.47113399831569763
9544,hydro_reservoir,2030,158,16,16,-0.42986415704585634
9545,hydro_reservoir,2030,158,17,17,-0.38859431577601505
9546,hydro_reservoir,2030,158,18,18,-0.34732447450617376
9547,hydro_reservoir,2030,158,19,19,-1.1626670940062136
9548,hydro_reservoir,2030,158,20,20,-1.1213972527363723
9549,hydro_reservoir,2030,158,21,21,-1.0801274114665311
9550,hydro_reservoir,2030,158,22,22,-1.0388575701966898
9551,hydro_reservoir,2030,158,23,23,-0.9975877289268484
9552,hydro_reservoir,2030,158,24,24,-0.9563178876570072
9553,hydro_reservoir,2030,159,1,1,0.06031746031746032
9554,hydro_reservoir,2030,159,2,2,0.12063492063492064
9555,hydro_reservoir,2030,159,3,3,0.18095238095238095
9556,hydro_reservoir,2030,159,4,4,0.24126984126984127
9557,hydro_reservoir,2030,159,5,5,-0.37746432179211536
9558,hydro_reservoir,2030,159,6,6,-0.31714686147465504
9559,hydro_reservoir,2030,159,7,7,-0.2568294011571947
9560,hydro_reservoir,2030,159,8,8,-0.1965119408397344
9561,hydro_reservoir,2030,159,9,9,-0.957271386682821
9562,hydro_reservoir,2030,159,10,10,-0.8969539263653606
9563,hydro_reservoir,2030,159,11,11,-0.8366364660479003
9564,hydro_reservoir,2030,159,12,12,-1.489519807917971
9565,hydro_reservoir,2030,159,13,13,-1.4292023476005107
9566,hydro_reservoir,2030,159,14,14,-1.3688848872830504
9567,hydro_reservoir,2030,159,15,15,-1.30856742696559
9568,hydro_reservoir,2030,159,16,16,-1.2482499666481297
9569,hydro_reservoir,2030,159,17,17,-1.1879325063306694
9570,hydro_reservoir,2030,159,18,18,-1.127615046013209
9571,hydro_reservoir,2030,159,19,19,-1.0672975856957487
9572,hydro_reservoir,2030,159,20,20,-1.512814230637007
9573,hydro_reservoir,2030,159,21,21,-1.4524967703195466
9574,hydro_reservoir,2030,159,22,22,-1.3921793100020863
9575,hydro_reservoir,2030,159,23,23,-1.331861849684626
9576,hydro_reservoir,2030,159,24,24,-1.2715443893671656
9577,hydro_reservoir,2030,160,1,1,0.02980599647266314
9578,hydro_reservoir,2030,160,2,2,0.05961199294532628
9579,hydro_reservoir,2030,160,3,3,0.08941798941798942
9580,hydro_reservoir,2030,160,4,4,0.11922398589065256
9581,hydro_reservoir,2030,160,5,5,0.1490299823633157
9582,hydro_reservoir,2030,160,6,6,-0.39904528741623824
9583,hydro_reservoir,2030,160,7,7,-0.3692392909435751
9584,hydro_reservoir,2030,160,8,8,-0.339433294470912
9585,hydro_reservoir,2030,160,9,9,-0.8674637455749614
9586,hydro_reservoir,2030,160,10,10,-0.8376577491022983
9587,hydro_reservoir,2030,160,11,11,-1.3012888534761267
9588,hydro_reservoir,2030,160,12,12,-1.2714828570034635
9589,hydro_reservoir,2030,160,13,13,-1.7531437802898033
9590,hydro_reservoir,2030,160,14,14,-1.7233377838171402
9591,hydro_reservoir,2030,160,15,15,-1.693531787344477
9592,hydro_reservoir,2030,160,16,16,-1.663725790871814
9593,hydro_reservoir,2030,160,17,17,-1.6339197943991508
9594,hydro_reservoir,2030,160,18,18,-1.6041137979264877
9595,hydro_reservoir,2030,160,19,19,-1.5743078014538245
9596,hydro_reservoir,2030,160,20,20,-1.5445018049811614
9597,hydro_reservoir,2030,160,21,21,-1.5146958085084983
9598,hydro_reservoir,2030,160,22,22,-1.4848898120358351
9599,hydro_reservoir,2030,160,23,23,-1.455083815563172
9600,hydro_reservoir,2030,160,24,24,-1.4252778190905089
9601,hydro_reservoir,2030,161,1,1,-0.34665277394551286
9602,hydro_reservoir,2030,161,2,2,-0.2556474829402219
9603,hydro_reservoir,2030,161,3,3,-0.16464219193493088
9604,hydro_reservoir,2030,161,4,4,-0.07363690092963987
9605,hydro_reservoir,2030,161,5,5,0.017368390075651136
9606,hydro_reservoir,2030,161,6,6,0.10837368108094214
9607,hydro_reservoir,2030,161,7,7,0.19937897208623315
9608,hydro_reservoir,2030,161,8,8,0.29038426309152415
9609,hydro_reservoir,2030,161,9,9,0.3813895540968152
9610,hydro_reservoir,2030,161,10,10,-0.04766040487282541
9611,hydro_reservoir,2030,161,11,11,-0.38649795566938305
9612,hydro_reservoir,2030,161,12,12,-0.2954926646640921
9613,hydro_reservoir,2030,161,13,13,-0.20448737365880107
9614,hydro_reservoir,2030,161,14,14,-0.11348208265351006
9615,hydro_reservoir,2030,161,15,15,-0.022476791648219058
9616,hydro_reservoir,2030,161,16,16,0.06852849935707195
9617,hydro_reservoir,2030,161,17,17,0.15953379036236295
9618,hydro_reservoir,2030,161,18,18,0.25053908136765396
9619,hydro_reservoir,2030,161,19,19,0.341544372372945
9620,hydro_reservoir,2030,161,20,20,0.43254966337823597
9621,hydro_reservoir,2030,161,21,21,0.523554954383527
9622,hydro_reservoir,2030,161,22,22,0.6145602453888179
9623,hydro_reservoir,2030,161,23,23,0.7055655363941089
9624,hydro_reservoir,2030,161,24,24,0.4582839244806662
9625,hydro_reservoir,2030,162,1,1,-0.17976418766576388
9626,hydro_reservoir,2030,162,2,2,-0.33243303450868644
9627,hydro_reservoir,2030,162,3,3,-0.29063409270974466
9628,hydro_reservoir,2030,162,4,4,-0.24883515091080285
9629,hydro_reservoir,2030,162,5,5,-0.20703620911186105
9630,hydro_reservoir,2030,162,6,6,-0.16523726731291924
9631,hydro_reservoir,2030,162,7,7,-0.12343832551397743
9632,hydro_reservoir,2030,162,8,8,-0.1993394721675649
9633,hydro_reservoir,2030,162,9,9,-0.1575405303686231
9634,hydro_reservoir,2030,162,10,10,-0.11574158856968128
9635,hydro_reservoir,2030,162,11,11,-0.07394264677073947
9636,hydro_reservoir,2030,162,12,12,-0.03214370497179767
9637,hydro_reservoir,2030,162,13,13,0.009655236827144129
9638,hydro_reservoir,2030,162,14,14,0.05145417862608593
9639,hydro_reservoir,2030,162,15,15,-0.03827022759594895
9640,hydro_reservoir,2030,162,16,16,0.003528714202992854
9641,hydro_reservoir,2030,162,17,17,0.045327656001934655
9642,hydro_reservoir,2030,162,18,18,0.08712659780087645
9643,hydro_reservoir,2030,162,19,19,-0.17550224385037316
9644,hydro_reservoir,2030,162,20,20,-0.13370330205143136
9645,hydro_reservoir,2030,162,21,21,-0.09190436025248955
9646,hydro_reservoir,2030,162,22,22,-0.49231244909304045
9647,hydro_reservoir,2030,162,23,23,-0.4505135072940986
9648,hydro_reservoir,2030,162,24,24,-0.40871456549515683
9649,hydro_reservoir,2030,163,1,1,-0.7517102616888265
9650,hydro_reservoir,2030,163,2,2,-0.7104404204189853
9651,hydro_reservoir,2030,163,3,3,-0.669170579149144
9652,hydro_reservoir,2030,163,4,4,-0.6279007378793028
9653,hydro_reservoir,2030,163,5,5,-0.5866308966094615
9654,hydro_reservoir,2030,163,6,6,-0.5453610553396203
9655,hydro_reservoir,2030,163,7,7,-0.5040912140697791
9656,hydro_reservoir,2030,163,8,8,-0.4628213727999378
9657,hydro_reservoir,2030,163,9,9,-0.4215515315300965
9658,hydro_reservoir,2030,163,10,10,-0.9472950454973956
9659,hydro_reservoir,2030,163,11,11,-0.9060252042275543
9660,hydro_reservoir,2030,163,12,12,-0.864755362957713
9661,hydro_reservoir,2030,163,13,13,-0.8234855216878718
9662,hydro_reservoir,2030,163,14,14,-0.7822156804180305
9663,hydro_reservoir,2030,163,15,15,-0.7409458391481891
9664,hydro_reservoir,2030,163,16,16,-0.6996759978783479
9665,hydro_reservoir,2030,163,17,17,-0.6584061566085067
9666,hydro_reservoir,2030,163,18,18,-0.6171363153386653
9667,hydro_reservoir,2030,163,19,19,-0.5758664740688241
9668,hydro_reservoir,2030,163,20,20,-0.5345966327989828
9669,hydro_reservoir,2030,163,21,21,-0.49332679152914155
9670,hydro_reservoir,2030,163,22,22,-0.45205695025930026
9671,hydro_reservoir,2030,163,23,23,-0.410787108989459
9672,hydro_reservoir,2030,163,24,24,-0.36951726771961774
9673,hydro_reservoir,2030,164,1,1,-0.7035562021929861
9674,hydro_reservoir,2030,164,2,2,-0.6702228688596528
9675,hydro_reservoir,2030,164,3,3,-0.6368895355263194
9676,hydro_reservoir,2030,164,4,4,-0.6035562021929861
9677,hydro_reservoir,2030,164,5,5,-0.5702228688596528
9678,hydro_reservoir,2030,164,6,6,-0.5368895355263195
9679,hydro_reservoir,2030,164,7,7,-0.5035562021929861
9680,hydro_reservoir,2030,164,8,8,-1.2933031714748178
9681,hydro_reservoir,2030,164,9,9,-1.2599698381414843
9682,hydro_reservoir,2030,164,10,10,-1.226636504808151
9683,hydro_reservoir,2030,164,11,11,-1.1933031714748175
9684,hydro_reservoir,2030,164,12,12,-1.159969838141484
9685,hydro_reservoir,2030,164,13,13,-1.7289949507834255
9686,hydro_reservoir,2030,164,14,14,-1.695661617450092
9687,hydro_reservoir,2030,164,15,15,-1.6623282841167588
9688,hydro_reservoir,2030,164,16,16,-1.6289949507834254
9689,hydro_reservoir,2030,164,17,17,-1.5956616174500922
9690,hydro_reservoir,2030,164,18,18,-1.5623282841167587
9691,hydro_reservoir,2030,164,19,19,-1.5289949507834255
9692,hydro_reservoir,2030,164,20,20,-1.495661617450092
9693,hydro_reservoir,2030,164,21,21,-1.4623282841167589
9694,hydro_reservoir,2030,164,22,22,-1.4289949507834254
9695,hydro_reservoir,2030,164,23,23,-1.3956616174500922
9696,hydro_reservoir,2030,164,24,24,-1.3623282841167588
9697,hydro_reservoir,2030,165,1,1,-0.6016631843791216
9698,hydro_reservoir,2030,165,2,2,-1.1702652936004352
9699,hydro_reservoir,2030,165,3,3,-1.1312882212900295
9700,hydro_reservoir,2030,165,4,4,-1.0923111489796238
9701,hydro_reservoir,2030,165,5,5,-1.053334076669218
9702,hydro_reservoir,2030,165,6,6,-1.0143570043588124
9703,hydro_reservoir,2030,165,7,7,-1.3842180011552032
9704,hydro_reservoir,2030,165,8,8,-1.3452409288447975
9705,hydro_reservoir,2030,165,9,9,-1.3062638565343918
9706,hydro_reservoir,2030,165,10,10,-1.267286784223986
9707,hydro_reservoir,2030,165,11,11,-1.2283097119135804
9708,hydro_reservoir,2030,165,12,12,-1.1893326396031747
9709,hydro_reservoir,2030,165,13,13,-1.1503555672927692
9710,hydro_reservoir,2030,165,14,14,-1.1113784949823635
9711,hydro_reservoir,2030,165,15,15,-1.0724014226719578
9712,hydro_reservoir,2030,165,16,16,-1.0334243503615523
9713,hydro_reservoir,2030,165,17,17,-0.9944472780511466
9714,hydro_reservoir,2030,165,18,18,-0.9554702057407409
9715,hydro_reservoir,2030,165,19,19,-0.9164931334303352
9716,hydro_reservoir,2030,165,20,20,-0.8775160611199296
9717,hydro_reservoir,2030,165,21,21,-0.838538988809524
9718,hydro_reservoir,2030,165,22,22,-0.7995619164991183
9719,hydro_reservoir,2030,165,23,23,-0.7605848441887126
9720,hydro_reservoir,2030,165,24,24,-0.721607771878307
9721,hydro_reservoir,2030,166,1,1,0.04268077601410935
9722,hydro_reservoir,2030,166,2,2,0.0853615520282187
9723,hydro_reservoir,2030,166,3,3,0.12804232804232804
9724,hydro_reservoir,2030,166,4,4,0.1707231040564374
9725,hydro_reservoir,2030,166,5,5,0.21340388007054675
9726,hydro_reservoir,2030,166,6,6,0.2503386481014199
9727,hydro_reservoir,2030,166,7,7,0.2615744484609696
9728,hydro_reservoir,2030,166,8,8,0.15714082450484929
9729,hydro_reservoir,2030,166,9,9,0.19982160051895864
9730,hydro_reservoir,2030,166,10,10,0.242502376533068
9731,hydro_reservoir,2030,166,11,11,0.07302379820392255
9732,hydro_reservoir,2030,166,12,12,0.1157045742180319
9733,hydro_reservoir,2030,166,13,13,0.15838535023214126
9734,hydro_reservoir,2030,166,14,14,0.20106612624625061
9735,hydro_reservoir,2030,166,15,15,0.24374690226035997
9736,hydro_reservoir,2030,166,16,16,0.2864276782744693
9737,hydro_reservoir,2030,166,17,17,0.03251253799566106
9738,hydro_reservoir,2030,166,18,18,0.07519331400977042
9739,hydro_reservoir,2030,166,19,19,0.11787409002387975
9740,hydro_reservoir,2030,166,20,20,0.1605548660379891
9741,hydro_reservoir,2030,166,21,21,0.20323564205209846
9742,hydro_reservoir,2030,166,22,22,0.2459164180662078
9743,hydro_reservoir,2030,166,23,23,0.28859719408031714
9744,hydro_reservoir,2030,166,24,24,0.3312779700944265
9745,hydro_reservoir,2030,167,1,1,-0.49328576448656636
9746,hydro_reservoir,2030,167,2,2,-0.4634797680139032
9747,hydro_reservoir,2030,167,3,3,-0.4336737715412401
9748,hydro_reservoir,2030,167,4,4,-0.40386777506857696
9749,hydro_reservoir,2030,167,5,5,-0.37406177859591383
9750,hydro_reservoir,2030,167,6,6,-0.3442557821232507
9751,hydro_reservoir,2030,167,7,7,-0.31444978565058757
9752,hydro_reservoir,2030,167,8,8,-0.28464378917792443
9753,hydro_reservoir,2030,167,9,9,-0.2548377927052613
9754,hydro_reservoir,2030,167,10,10,-0.7832053662875862
9755,hydro_reservoir,2030,167,11,11,-0.7533993698149231
9756,hydro_reservoir,2030,167,12,12,-0.7235933733422599
9757,hydro_reservoir,2030,167,13,13,-0.6937873768695968
9758,hydro_reservoir,2030,167,14,14,-0.6639813803969337
9759,hydro_reservoir,2030,167,15,15,-1.149071342559643
9760,hydro_reservoir,2030,167,16,16,-1.11926534608698
9761,hydro_reservoir,2030,167,17,17,-1.0894593496143168
9762,hydro_reservoir,2030,167,18,18,-1.0596533531416537
9763,hydro_reservoir,2030,167,19,19,-1.0298473566689905
9764,hydro_reservoir,2030,167,20,20,-1.0000413601963274
9765,hydro_reservoir,2030,167,21,21,-0.9702353637236643
9766,hydro_reservoir,2030,167,22,22,-0.9404293672510011
9767,hydro_reservoir,2030,167,23,23,-0.910623370778338
9768,hydro_reservoir,2030,167,24,24,-0.8808173743056749
9769,hydro_reservoir,2030,168,1,1,0.03897707231040565
9770,hydro_reservoir,2030,168,2,2,0.0779541446208113
9771,hydro_reservoir,2030,168,3,3,0.11693121693121694
9772,hydro_reservoir,2030,168,4,4,0.1559082892416226
9773,hydro_reservoir,2030,168,5,5,0.19488536155202824
9774,hydro_reservoir,2030,168,6,6,0.23386243386243388
9775,hydro_reservoir,2030,168,7,7,0.27283950617283953
9776,hydro_reservoir,2030,168,8,8,0.304206248925834
9777,hydro_reservoir,2030,168,9,9,0.3431833212362396
9778,hydro_reservoir,2030,168,10,10,0.34338985102341796
9779,hydro_reservoir,2030,168,11,11,0.3636147674703543
9780,hydro_reservoir,2030,168,12,12,0.40259183978075996
9781,hydro_reservoir,2030,168,13,13,0.4415689120911656
9782,hydro_reservoir,2030,168,14,14,0.48054598440157126
9783,hydro_reservoir,2030,168,15,15,0.5195230567119768
9784,hydro_reservoir,2030,168,16,16,0.5316189649991145
9785,hydro_reservoir,2030,168,17,17,0.5587873743992573
9786,hydro_reservoir,2030,168,18,18,0.5200118175902813
9787,hydro_reservoir,2030,168,19,19,0.558988889900687
9788,hydro_reservoir,2030,168,20,20,0.5979659622110925
9789,hydro_reservoir,2030,168,21,21,0.6369430345214981
9790,hydro_reservoir,2030,168,22,22,0.6759201068319038
9791,hydro_reservoir,2030,168,23,23,0.7148971791423095
9792,hydro_reservoir,2030,168,24,24,0.7538742514527151
9793,hydro_reservoir,2030,169,1,1,0.091005291005291
9794,hydro_reservoir,2030,169,2,2,0.182010582010582
9795,hydro_reservoir,2030,169,3,3,0.27301587301587305
9796,hydro_reservoir,2030,169,4,4,0.364021164021164
9797,hydro_reservoir,2030,169,5,5,0.455026455026455
9798,hydro_reservoir,2030,169,6,6,0.5446118638833056
9799,hydro_reservoir,2030,169,7,7,0.5484740257154097
9800,hydro_reservoir,2030,169,8,8,0.6394793167207007
9801,hydro_reservoir,2030,169,9,9,0.7304846077259917
9802,hydro_reservoir,2030,169,10,10,0.8214898987312826
9803,hydro_reservoir,2030,169,11,11,0.6398350814295122
9804,hydro_reservoir,2030,169,12,12,0.7308403724348032
9805,hydro_reservoir,2030,169,13,13,0.8218456634400941
9806,hydro_reservoir,2030,169,14,14,0.9128509544453851
9807,hydro_reservoir,2030,169,15,15,1.003856245450676
9808,hydro_reservoir,2030,169,16,16,1.094861536455967
9809,hydro_reservoir,2030,169,17,17,1.185866827461258
9810,hydro_reservoir,2030,169,18,18,1.276872118466549
9811,hydro_reservoir,2030,169,19,19,1.36787740947184
9812,hydro_reservoir,2030,169,20,20,1.458882700477131
9813,hydro_reservoir,2030,169,21,21,1.353257675104142
9814,hydro_reservoir,2030,169,22,22,1.444262966109433
9815,hydro_reservoir,2030,169,23,23,1.535268257114724
9816,hydro_reservoir,2030,169,24,24,1.626273548120015
9817,hydro_reservoir,2030,170,1,1,0.09312169312169312
9818,hydro_reservoir,2030,170,2,2,0.18624338624338624
9819,hydro_reservoir,2030,170,3,3,0.27936507936507937
9820,hydro_reservoir,2030,170,4,4,0.3724867724867725
9821,hydro_reservoir,2030,170,5,5,0.4656084656084656
9822,hydro_reservoir,2030,170,6,6,0.5587301587301587
9823,hydro_reservoir,2030,170,7,7,0.6518518518518519
9824,hydro_reservoir,2030,170,8,8,0.7449735449735451
9825,hydro_reservoir,2030,170,9,9,0.8304401990100734
9826,hydro_reservoir,2030,170,10,10,0.9024766272958666
9827,hydro_reservoir,2030,170,11,11,0.9659644217196508
9828,hydro_reservoir,2030,170,12,12,1.018529783525738
9829,hydro_reservoir,2030,170,13,13,1.0944688445419557
9830,hydro_reservoir,2030,170,14,14,1.1875905376636489
9831,hydro_reservoir,2030,170,15,15,1.280712230785342
9832,hydro_reservoir,2030,170,16,16,1.3738339239070352
9833,hydro_reservoir,2030,170,17,17,1.4352709272588438
9834,hydro_reservoir,2030,170,18,18,1.3536340510998353
9835,hydro_reservoir,2030,170,19,19,0.5485782663221211
9836,hydro_reservoir,2030,170,20,20,0.4333127743971005
9837,hydro_reservoir,2030,170,21,21,0.35179164933754503
9838,hydro_reservoir,2030,170,22,22,0.29608297614056456
9839,hydro_reservoir,2030,170,23,23,0.25772827343264676
9840,hydro_reservoir,2030,170,24,24,0.25322650754294196
9841,hydro_reservoir,2030,171,1,1,0.08112874779541446
9842,hydro_reservoir,2030,171,2,2,0.16225749559082892
9843,hydro_reservoir,2030,171,3,3,-0.684641849506457
9844,hydro_reservoir,2030,171,4,4,-0.6035131017110426
9845,hydro_reservoir,2030,171,5,5,-0.5223843539156281
9846,hydro_reservoir,2030,171,6,6,-0.44125560612021364
9847,hydro_reservoir,2030,171,7,7,-0.3616850704655965
9848,hydro_reservoir,2030,171,8,8,-1.280556322670182
9849,hydro_reservoir,2030,171,9,9,-1.326683209079604
9850,hydro_reservoir,2030,171,10,10,-1.345492772936785
9851,hydro_reservoir,2030,171,11,11,-1.2862612984220003
9852,hydro_reservoir,2030,171,12,12,-1.226628598632902
9853,hydro_reservoir,2030,171,13,13,-1.1592910419393259
9854,hydro_reservoir,2030,171,14,14,-1.0781622941439113
9855,hydro_reservoir,2030,171,15,15,-0.997033546348497
9856,hydro_reservoir,2030,171,16,16,-0.9159047985530824
9857,hydro_reservoir,2030,171,17,17,-0.834776050757668
9858,hydro_reservoir,2030,171,18,18,-0.7536473029622535
9859,hydro_reservoir,2030,171,19,19,-0.6725185551668391
9860,hydro_reservoir,2030,171,20,20,-0.5913898073714245
9861,hydro_reservoir,2030,171,21,21,-0.5102610595760102
9862,hydro_reservoir,2030,171,22,22,-0.4291323117805957
9863,hydro_reservoir,2030,171,23,23,-0.34800356398518123
9864,hydro_reservoir,2030,171,24,24,-0.2668748161897668
9865,hydro_reservoir,2030,172,1,1,-0.8868914333140044
9866,hydro_reservoir,2030,172,2,2,-0.8502071299630344
9867,hydro_reservoir,2030,172,3,3,-0.8135228266120643
9868,hydro_reservoir,2030,172,4,4,-0.7768385232610943
9869,hydro_reservoir,2030,172,5,5,-0.7401542199101242
9870,hydro_reservoir,2030,172,6,6,-0.7034699165591541
9871,hydro_reservoir,2030,172,7,7,-0.6667856132081841
9872,hydro_reservoir,2030,172,8,8,-0.630101309857214
9873,hydro_reservoir,2030,172,9,9,-0.5993692646581068
9874,hydro_reservoir,2030,172,10,10,-0.5626849613071367
9875,hydro_reservoir,2030,172,11,11,-0.5260006579561667
9876,hydro_reservoir,2030,172,12,12,-0.4893163546051967
9877,hydro_reservoir,2030,172,13,13,-0.4526320512542267
9878,hydro_reservoir,2030,172,14,14,-0.41594774790325667
9879,hydro_reservoir,2030,172,15,15,-0.37926344455228667
9880,hydro_reservoir,2030,172,16,16,-0.34257914120131666
9881,hydro_reservoir,2030,172,17,17,-0.33503590866234306
9882,hydro_reservoir,2030,172,18,18,-1.298351605311373
9883,hydro_reservoir,2030,172,19,19,-1.290353369942259
9884,hydro_reservoir,2030,172,20,20,-1.2536690665912888
9885,hydro_reservoir,2030,172,21,21,-1.2169847632403188
9886,hydro_reservoir,2030,172,22,22,-1.180300459889349
9887,hydro_reservoir,2030,172,23,23,-1.143616156538379
9888,hydro_reservoir,2030,172,24,24,-1.1069318531874088
9889,hydro_reservoir,2030,173,1,1,-0.7707412245584132
9890,hydro_reservoir,2030,173,2,2,-0.740229760713616
9891,hydro_reservoir,2030,173,3,3,-0.7097182968688188
9892,hydro_reservoir,2030,173,4,4,-0.6792068330240216
9893,hydro_reservoir,2030,173,5,5,-0.6486953691792244
9894,hydro_reservoir,2030,173,6,6,-0.6181839053344272
9895,hydro_reservoir,2030,173,7,7,-0.58767244148963
9896,hydro_reservoir,2030,173,8,8,-0.5571609776448329
9897,hydro_reservoir,2030,173,9,9,-0.5266495138000357
9898,hydro_reservoir,2030,173,10,10,-0.49613804995523847
9899,hydro_reservoir,2030,173,11,11,-0.4656265861104413
9900,hydro_reservoir,2030,173,12,12,-0.4351151222656441
9901,hydro_reservoir,2030,173,13,13,-0.4046036584208469
9902,hydro_reservoir,2030,173,14,14,-0.3740921945760497
9903,hydro_reservoir,2030,173,15,15,-0.3435807307312525
9904,hydro_reservoir,2030,173,16,16,-0.3130692668864553
9905,hydro_reservoir,2030,173,17,17,-0.2825578030416581
9906,hydro_reservoir,2030,173,18,18,-0.2520463391968609
9907,hydro_reservoir,2030,173,19,19,-0.22153487535206376
9908,hydro_reservoir,2030,173,20,20,-0.19102341150726657
9909,hydro_reservoir,2030,173,21,21,-0.1605119476624694
9910,hydro_reservoir,2030,173,22,22,-0.1300004838176722
9911,hydro_reservoir,2030,173,23,23,-0.09948901997287503
9912,hydro_reservoir,2030,173,24,24,-0.06897755612807785
9913,hydro_reservoir,2030,174,1,1,0.08218694885361552
9914,hydro_reservoir,2030,174,2,2,0.16437389770723104
9915,hydro_reservoir,2030,174,3,3,0.24656084656084656
9916,hydro_reservoir,2030,174,4,4,0.3287477954144621
9917,hydro_reservoir,2030,174,5,5,0.41093474426807763
9918,hydro_reservoir,2030,174,6,6,0.4931216931216932
9919,hydro_reservoir,2030,174,7,7,0.5753086419753087
9920,hydro_reservoir,2030,174,8,8,0.6574955908289243
9921,hydro_reservoir,2030,174,9,9,0.7396825396825398
9922,hydro_reservoir,2030,174,10,10,-0.12609436871608137
9923,hydro_reservoir,2030,174,11,11,-0.04390741986246585
9924,hydro_reservoir,2030,174,12,12,0.03827952899114967
9925,hydro_reservoir,2030,174,13,13,0.12046647784476519
9926,hydro_reservoir,2030,174,14,14,0.2026534266983807
9927,hydro_reservoir,2030,174,15,15,-0.6247699510312001
9928,hydro_reservoir,2030,174,16,16,-0.5425830021775846
9929,hydro_reservoir,2030,174,17,17,-1.454209125344831
9930,hydro_reservoir,2030,174,18,18,-1.3720221764912155
9931,hydro_reservoir,2030,174,19,19,-1.3038953254773689
9932,hydro_reservoir,2030,174,20,20,-1.2333790547681358
9933,hydro_reservoir,2030,174,21,21,-1.156686181698465
9934,hydro_reservoir,2030,174,22,22,-1.0744992328448495
9935,hydro_reservoir,2030,174,23,23,-0.997504930867324
9936,hydro_reservoir,2030,174,24,24,-0.9153179820137084
9937,hydro_reservoir,2030,175,1,1,-0.8230067823606033
9938,hydro_reservoir,2030,175,2,2,-0.7288268881807092
9939,hydro_reservoir,2030,175,3,3,-0.634646994000815
9940,hydro_reservoir,2030,175,4,4,-0.5404670998209209
9941,hydro_reservoir,2030,175,5,5,-0.4462872056410267
9942,hydro_reservoir,2030,175,6,6,-0.3521073114611325
9943,hydro_reservoir,2030,175,7,7,-0.2579274172812383
9944,hydro_reservoir,2030,175,8,8,-0.1637475231013441
9945,hydro_reservoir,2030,175,9,9,-0.06956762892144992
9946,hydro_reservoir,2030,175,10,10,0.02461226525844426
9947,hydro_reservoir,2030,175,11,11,-0.8073408308387986
9948,hydro_reservoir,2030,175,12,12,-0.7131609366589045
9949,hydro_reservoir,2030,175,13,13,-0.6189810424790103
9950,hydro_reservoir,2030,175,14,14,-0.5248011482991162
9951,hydro_reservoir,2030,175,15,15,-0.430621254119222
9952,hydro_reservoir,2030,175,16,16,-0.33644135993932783
9953,hydro_reservoir,2030,175,17,17,-0.2422614657594337
9954,hydro_reservoir,2030,175,18,18,-0.14808157157953955
9955,hydro_reservoir,2030,175,19,19,-0.05390167739964541
9956,hydro_reservoir,2030,175,20,20,0.04027821678024879
9957,hydro_reservoir,2030,175,21,21,0.13445811096014298
9958,hydro_reservoir,2030,175,22,22,0.22863800514003715
9959,hydro_reservoir,2030,175,23,23,0.3228178993199313
9960,hydro_reservoir,2030,175,24,24,0.4169977934998255
9961,hydro_reservoir,2030,176,1,1,-0.6938199524989949
9962,hydro_reservoir,2030,176,2,2,-0.650257342269718
9963,hydro_reservoir,2030,176,3,3,-0.6066947320404411
9964,hydro_reservoir,2030,176,4,4,-0.5631321218111642
9965,hydro_reservoir,2030,176,5,5,-0.5195695115818874
9966,hydro_reservoir,2030,176,6,6,-0.4760069013526105
9967,hydro_reservoir,2030,176,7,7,-0.4324442911233336
9968,hydro_reservoir,2030,176,8,8,-0.3888816808940567
9969,hydro_reservoir,2030,176,9,9,-0.34531907066477985
9970,hydro_reservoir,2030,176,10,10,-0.30175646043550297
9971,hydro_reservoir,2030,176,11,11,-0.2581938502062261
9972,hydro_reservoir,2030,176,12,12,-0.2146312399769492
9973,hydro_reservoir,2030,176,13,13,-0.17106862974767229
9974,hydro_reservoir,2030,176,14,14,-0.12750601951839538
9975,hydro_reservoir,2030,176,15,15,-0.08394340928911848
9976,hydro_reservoir,2030,176,16,16,-0.04038079905984158
9977,hydro_reservoir,2030,176,17,17,0.0031818111694353196
9978,hydro_reservoir,2030,176,18,18,0.04674442139871222
9979,hydro_reservoir,2030,176,19,19,0.09030703162798911
9980,hydro_reservoir,2030,176,20,20,0.13386964185726602
9981,hydro_reservoir,2030,176,21,21,0.17743225208654292
9982,hydro_reservoir,2030,176,22,22,-0.41706100927421597
9983,hydro_reservoir,2030,176,23,23,-0.37349839904493903
9984,hydro_reservoir,2030,176,24,24,-0.32993578881566216
9985,hydro_reservoir,2030,177,1,1,-0.21976003481995815
9986,hydro_reservoir,2030,177,2,2,-0.1333402817335384
9987,hydro_reservoir,2030,177,3,3,-0.04692052864711865
9988,hydro_reservoir,2030,177,4,4,0.039499224439301095
9989,hydro_reservoir,2030,177,5,5,0.12591897752572084
9990,hydro_reservoir,2030,177,6,6,0.2123387306121406
9991,hydro_reservoir,2030,177,7,7,0.29875848369856034
9992,hydro_reservoir,2030,177,8,8,0.3851782367849801
9993,hydro_reservoir,2030,177,9,9,0.47159798987139984
9994,hydro_reservoir,2030,177,10,10,0.5580177429578196
9995,hydro_reservoir,2030,177,11,11,0.6444374960442394
9996,hydro_reservoir,2030,177,12,12,0.7308572491306591
9997,hydro_reservoir,2030,177,13,13,0.8172770022170788
9998,hydro_reservoir,2030,177,14,14,0.9036967553034985
9999,hydro_reservoir,2030,177,15,15,0.2938195475363209
10000,hydro_reservoir,2030,177,16,16,0.38023930062274064
10001,hydro_reservoir,2030,177,17,17,0.4666590537091604
10002,hydro_reservoir,2030,177,18,18,0.5530788067955801
10003,hydro_reservoir,2030,177,19,19,0.6394985598819998
10004,hydro_reservoir,2030,177,20,20,-0.15059885024207315
10005,hydro_reservoir,2030,177,21,21,-0.0641790971556534
10006,hydro_reservoir,2030,177,22,22,0.02224065593076635
10007,hydro_reservoir,2030,177,23,23,0.1086604090171861
10008,hydro_reservoir,2030,177,24,24,-0.6092201296892195
10009,hydro_reservoir,2030,178,1,1,-0.6673172152174306
10010,hydro_reservoir,2030,178,2,2,-0.6209327354996176
10011,hydro_reservoir,2030,178,3,3,-0.5745482557818045
10012,hydro_reservoir,2030,178,4,4,-0.5281637760639915
10013,hydro_reservoir,2030,178,5,5,-0.48177929634617844
10014,hydro_reservoir,2030,178,6,6,-0.43539481662836543
10015,hydro_reservoir,2030,178,7,7,-0.3890103369105524
10016,hydro_reservoir,2030,178,8,8,-0.3426258571927394
10017,hydro_reservoir,2030,178,9,9,-0.2962413774749264
10018,hydro_reservoir,2030,178,10,10,-0.2498568977571134
10019,hydro_reservoir,2030,178,11,11,-0.20347241803930038
10020,hydro_reservoir,2030,178,12,12,-0.15708793832148737
10021,hydro_reservoir,2030,178,13,13,-0.11070345860367437
10022,hydro_reservoir,2030,178,14,14,-0.0643189788858613
10023,hydro_reservoir,2030,178,15,15,-0.017934499168048235
10024,hydro_reservoir,2030,178,16,16,0.02844998054976483
10025,hydro_reservoir,2030,178,17,17,0.0748344602675779
10026,hydro_reservoir,2030,178,18,18,0.12121893998539096
10027,hydro_reservoir,2030,178,19,19,0.16760341970320403
10028,hydro_reservoir,2030,178,20,20,0.2139878994210171
10029,hydro_reservoir,2030,178,21,21,0.26037237913883016
10030,hydro_reservoir,2030,178,22,22,0.30675685885664317
10031,hydro_reservoir,2030,178,23,23,0.35314133857445623
10032,hydro_reservoir,2030,178,24,24,0.3995258182922693
10033,hydro_reservoir,2030,179,1,1,-0.6638252798896571
10034,hydro_reservoir,2030,179,2,2,-0.5821674315651422
10035,hydro_reservoir,2030,179,3,3,-0.5005095832406272
10036,hydro_reservoir,2030,179,4,4,-0.4188517349161122
10037,hydro_reservoir,2030,179,5,5,-0.3371938865915972
10038,hydro_reservoir,2030,179,6,6,-0.2555360382670822
10039,hydro_reservoir,2030,179,7,7,-0.1738781899425672
10040,hydro_reservoir,2030,179,8,8,-1.0922203416180523
10041,hydro_reservoir,2030,179,9,9,-1.149124406723134
10042,hydro_reservoir,2030,179,10,10,-1.1691605824457716
10043,hydro_reservoir,2030,179,11,11,-1.1149696058711296
10044,hydro_reservoir,2030,179,12,12,-1.0333117575466146
10045,hydro_reservoir,2030,179,13,13,-0.9516539092220997
10046,hydro_reservoir,2030,179,14,14,-0.8699960608975847
10047,hydro_reservoir,2030,179,15,15,-0.7883382125730698
10048,hydro_reservoir,2030,179,16,16,-0.7066803642485548
10049,hydro_reservoir,2030,179,17,17,-0.6264514245276991
10050,hydro_reservoir,2030,179,18,18,-0.544793576203184
10051,hydro_reservoir,2030,179,19,19,-0.463135727878669
10052,hydro_reservoir,2030,179,20,20,-0.381477879554154
10053,hydro_reservoir,2030,179,21,21,-0.299820031229639
10054,hydro_reservoir,2030,179,22,22,-0.218162182905124
10055,hydro_reservoir,2030,179,23,23,-0.136504334580609
10056,hydro_reservoir,2030,179,24,24,-0.05484648625609401
10057,hydro_reservoir,2030,180,1,1,0.03668430335097002
10058,hydro_reservoir,2030,180,2,2,0.07336860670194004
10059,hydro_reservoir,2030,180,3,3,0.11005291005291006
10060,hydro_reservoir,2030,180,4,4,0.14673721340388007
10061,hydro_reservoir,2030,180,5,5,-0.6356976624157487
10062,hydro_reservoir,2030,180,6,6,-0.5990133590647786
10063,hydro_reservoir,2030,180,7,7,-0.5623290557138085
10064,hydro_reservoir,2030,180,8,8,-0.5256447523628385
10065,hydro_reservoir,2030,180,9,9,-0.48896044901186847
10066,hydro_reservoir,2030,180,10,10,-1.176961970901736
10067,hydro_reservoir,2030,180,11,11,-1.140277667550766
10068,hydro_reservoir,2030,180,12,12,-1.103593364199796
10069,hydro_reservoir,2030,180,13,13,-1.0669090608488259
10070,hydro_reservoir,2030,180,14,14,-1.0302247574978558
10071,hydro_reservoir,2030,180,15,15,-1.4738501788660248
10072,hydro_reservoir,2030,180,16,16,-1.4371658755150547
10073,hydro_reservoir,2030,180,17,17,-1.4004815721640846
10074,hydro_reservoir,2030,180,18,18,-1.3637972688131146
10075,hydro_reservoir,2030,180,19,19,-1.3271129654621445
10076,hydro_reservoir,2030,180,20,20,-1.6312825557299697
10077,hydro_reservoir,2030,180,21,21,-1.5945982523789997
10078,hydro_reservoir,2030,180,22,22,-1.8598355856307611
10079,hydro_reservoir,2030,180,23,23,-1.823151282279791
10080,hydro_reservoir,2030,180,24,24,-1.786466978928821
10081,hydro_reservoir,2030,181,1,1,-0.553113109905749
10082,hydro_reservoir,2030,181,2,2,-0.5203088771015162
10083,hydro_reservoir,2030,181,3,3,-0.4875046442972834
10084,hydro_reservoir,2030,181,4,4,-0.4547004114930506
10085,hydro_reservoir,2030,181,5,5,-0.42189617868881785
10086,hydro_reservoir,2030,181,6,6,-0.38909194588458507
10087,hydro_reservoir,2030,181,7,7,-0.3562877130803523
10088,hydro_reservoir,2030,181,8,8,-0.3234834802761195
10089,hydro_reservoir,2030,181,9,9,-0.2906792474718867
10090,hydro_reservoir,2030,181,10,10,-0.25787501466765395
10091,hydro_reservoir,2030,181,11,11,-0.22507078186342114
10092,hydro_reservoir,2030,181,12,12,-0.19226654905918833
10093,hydro_reservoir,2030,181,13,13,-0.15946231625495552
10094,hydro_reservoir,2030,181,14,14,-0.1266580834507227
10095,hydro_reservoir,2030,181,15,15,-0.0938538506464899
10096,hydro_reservoir,2030,181,16,16,-0.061049617842257105
10097,hydro_reservoir,2030,181,17,17,-0.028245385038024304
10098,hydro_reservoir,2030,181,18,18,-0.027366555265040615
10099,hydro_reservoir,2030,181,19,19,-0.9945623224608078
10100,hydro_reservoir,2030,181,20,20,-1.0481347211992735
10101,hydro_reservoir,2030,181,21,21,-1.0454722636862706
10102,hydro_reservoir,2030,181,22,22,-1.0126680308820377
10103,hydro_reservoir,2030,181,23,23,-0.9935162498370432
10104,hydro_reservoir,2030,181,24,24,-0.9607120170328104
10105,hydro_reservoir,2030,182,1,1,-0.7887272356725319
10106,hydro_reservoir,2030,182,2,2,-0.7576866712986342
10107,hydro_reservoir,2030,182,3,3,-0.7266461069247365
10108,hydro_reservoir,2030,182,4,4,-0.6956055425508388
10109,hydro_reservoir,2030,182,5,5,-0.6645649781769412
10110,hydro_reservoir,2030,182,6,6,-0.6335244138030435
10111,hydro_reservoir,2030,182,7,7,-0.6024838494291458
10112,hydro_reservoir,2030,182,8,8,-0.5714432850552481
10113,hydro_reservoir,2030,182,9,9,-0.5404027206813504
10114,hydro_reservoir,2030,182,10,10,-0.5093621563074527
10115,hydro_reservoir,2030,182,11,11,-0.47832159193355506
10116,hydro_reservoir,2030,182,12,12,-0.4472810275596574
10117,hydro_reservoir,2030,182,13,13,-0.4162404631857597
10118,hydro_reservoir,2030,182,14,14,-0.385199898811862
10119,hydro_reservoir,2030,182,15,15,-0.3541593344379643
10120,hydro_reservoir,2030,182,16,16,-0.32311877006406664
10121,hydro_reservoir,2030,182,17,17,-0.2920782056901689
10122,hydro_reservoir,2030,182,18,18,-0.26103764131627116
10123,hydro_reservoir,2030,182,19,19,-0.22999707694237348
10124,hydro_reservoir,2030,182,20,20,-0.1989565125684758
10125,hydro_reservoir,2030,182,21,21,-0.16791594819457806
10126,hydro_reservoir,2030,182,22,22,-0.13687538382068037
10127,hydro_reservoir,2030,182,23,23,-0.10583481944678266
10128,hydro_reservoir,2030,182,24,24,-0.07479425507288495
10129,hydro_reservoir,2030,183,1,1,0.031040564373897708
10130,hydro_reservoir,2030,183,2,2,0.062081128747795415
10131,hydro_reservoir,2030,183,3,3,0.09312169312169312
10132,hydro_reservoir,2030,183,4,4,0.12416225749559083
10133,hydro_reservoir,2030,183,5,5,0.15520282186948853
10134,hydro_reservoir,2030,183,6,6,0.18624338624338624
10135,hydro_reservoir,2030,183,7,7,-0.47374080058262197
10136,hydro_reservoir,2030,183,8,8,-0.4427002362087243
10137,hydro_reservoir,2030,183,9,9,-0.4116596718348266
10138,hydro_reservoir,2030,183,10,10,-0.3806191074609289
10139,hydro_reservoir,2030,183,11,11,-0.34957854308703123
10140,hydro_reservoir,2030,183,12,12,-0.31853797871313355
10141,hydro_reservoir,2030,183,13,13,-0.28749741433923587
10142,hydro_reservoir,2030,183,14,14,-1.089861707605674
10143,hydro_reservoir,2030,183,15,15,-1.0588211432317762
10144,hydro_reservoir,2030,183,16,16,-1.0277805788578784
10145,hydro_reservoir,2030,183,17,17,-1.947465370717622
10146,hydro_reservoir,2030,183,18,18,-1.9960061708352548
10147,hydro_reservoir,2030,183,19,19,-2.964965606461357
10148,hydro_reservoir,2030,183,20,20,-3.0218048909600634
10149,hydro_reservoir,2030,183,21,21,-3.0115436003914353
10150,hydro_reservoir,2030,183,22,22,-2.980503036017538
10151,hydro_reservoir,2030,183,23,23,-2.94946247164364
10152,hydro_reservoir,2030,183,24,24,-2.9184219072697424
10153,hydro_reservoir,2030,184,1,1,-0.8076975451452277
10154,hydro_reservoir,2030,184,2,2,-0.7239232947043106
10155,hydro_reservoir,2030,184,3,3,-0.6401490442633935
10156,hydro_reservoir,2030,184,4,4,-0.5563747938224763
10157,hydro_reservoir,2030,184,5,5,-0.4726005433815592
10158,hydro_reservoir,2030,184,6,6,-0.3888262929406421
10159,hydro_reservoir,2030,184,7,7,-0.30505204249972495
10160,hydro_reservoir,2030,184,8,8,-0.22127779205880782
10161,hydro_reservoir,2030,184,9,9,-0.1375035416178907
10162,hydro_reservoir,2030,184,10,10,-0.05372929117697356
10163,hydro_reservoir,2030,184,11,11,0.03004495926394357
10164,hydro_reservoir,2030,184,12,12,0.1138192097048607
10165,hydro_reservoir,2030,184,13,13,0.19759346014577772
10166,hydro_reservoir,2030,184,14,14,0.28136771058669485
10167,hydro_reservoir,2030,184,15,15,0.365141961027612
10168,hydro_reservoir,2030,184,16,16,0.4489162114685291
10169,hydro_reservoir,2030,184,17,17,0.5326904619094462
10170,hydro_reservoir,2030,184,18,18,0.6164647123503634
10171,hydro_reservoir,2030,184,19,19,0.7002389627912804
10172,hydro_reservoir,2030,184,20,20,0.7840132132321975
10173,hydro_reservoir,2030,184,21,21,0.8677874636731147
10174,hydro_reservoir,2030,184,22,22,0.9515617141140318
10175,hydro_reservoir,2030,184,23,23,1.035335964554949
10176,hydro_reservoir,2030,184,24,24,1.119110214995866
10177,hydro_reservoir,2030,185,1,1,-0.2695808762824027
10178,hydro_reservoir,2030,185,2,2,-0.18580662584148555
10179,hydro_reservoir,2030,185,3,3,-0.10203237540056843
10180,hydro_reservoir,2030,185,4,4,-0.018258124959651317
10181,hydro_reservoir,2030,185,5,5,0.0655161254812658
10182,hydro_reservoir,2030,185,6,6,0.14929037592218292
10183,hydro_reservoir,2030,185,7,7,0.23306462636310005
10184,hydro_reservoir,2030,185,8,8,0.3168388768040172
10185,hydro_reservoir,2030,185,9,9,-0.10056406874785287
10186,hydro_reservoir,2030,185,10,10,-0.016789818306935753
10187,hydro_reservoir,2030,185,11,11,0.06698443213398136
10188,hydro_reservoir,2030,185,12,12,0.1507586825748985
10189,hydro_reservoir,2030,185,13,13,0.23453293301581563
10190,hydro_reservoir,2030,185,14,14,0.31830718345673276
10191,hydro_reservoir,2030,185,15,15,0.4020814338976499
10192,hydro_reservoir,2030,185,16,16,0.485855684338567
10193,hydro_reservoir,2030,185,17,17,0.5696299347794841
10194,hydro_reservoir,2030,185,18,18,0.6095399713634557
10195,hydro_reservoir,2030,185,19,19,0.6270884182950381
10196,hydro_reservoir,2030,185,20,20,0.6806630730426799
10197,hydro_reservoir,2030,185,21,21,0.764437323483597
10198,hydro_reservoir,2030,185,22,22,0.8482115739245142
10199,hydro_reservoir,2030,185,23,23,0.9319858243654313
10200,hydro_reservoir,2030,185,24,24,1.0157600748063484
10201,hydro_reservoir,2030,186,1,1,-0.6289777771496774
10202,hydro_reservoir,2030,186,2,2,-0.5825932974318644
10203,hydro_reservoir,2030,186,3,3,-0.5362088177140514
10204,hydro_reservoir,2030,186,4,4,-0.4898243379962383
10205,hydro_reservoir,2030,186,5,5,-0.4434398582784253
10206,hydro_reservoir,2030,186,6,6,-0.3970553785606123
10207,hydro_reservoir,2030,186,7,7,-0.3506708988427993
10208,hydro_reservoir,2030,186,8,8,-0.3042864191249863
10209,hydro_reservoir,2030,186,9,9,-0.25790193940717326
10210,hydro_reservoir,2030,186,10,10,-0.21151745968936025
10211,hydro_reservoir,2030,186,11,11,-0.16513297997154724
10212,hydro_reservoir,2030,186,12,12,-0.11874850025373423
10213,hydro_reservoir,2030,186,13,13,-0.07236402053592123
10214,hydro_reservoir,2030,186,14,14,-0.02597954081810816
10215,hydro_reservoir,2030,186,15,15,0.020404938899704905
10216,hydro_reservoir,2030,186,16,16,0.06678941861751797
10217,hydro_reservoir,2030,186,17,17,0.11317389833533104
10218,hydro_reservoir,2030,186,18,18,0.1595583780531441
10219,hydro_reservoir,2030,186,19,19,0.20594285777095717
10220,hydro_reservoir,2030,186,20,20,0.25232733748877023
10221,hydro_reservoir,2030,186,21,21,0.2987118172065833
10222,hydro_reservoir,2030,186,22,22,0.34509629692439636
10223,hydro_reservoir,2030,186,23,23,0.39148077664220937
10224,hydro_reservoir,2030,186,24,24,0.43786525636002244
10225,hydro_reservoir,2030,187,1,1,-0.5001830224937288
10226,hydro_reservoir,2030,187,2,2,-0.4523876080316477
10227,hydro_reservoir,2030,187,3,3,-0.40459219356956655
10228,hydro_reservoir,2030,187,4,4,-0.3567967791074854
10229,hydro_reservoir,2030,187,5,5,-0.3090013646454043
10230,hydro_reservoir,2030,187,6,6,-0.26120595018332315
10231,hydro_reservoir,2030,187,7,7,-0.21341053572124202
10232,hydro_reservoir,2030,187,8,8,-0.5880091016585092
10233,hydro_reservoir,2030,187,9,9,-0.540213687196428
10234,hydro_reservoir,2030,187,10,10,-0.49241827273434685
10235,hydro_reservoir,2030,187,11,11,-0.4446228582722657
10236,hydro_reservoir,2030,187,12,12,-0.3968274438101846
10237,hydro_reservoir,2030,187,13,13,-0.34903202934810346
10238,hydro_reservoir,2030,187,14,14,-0.3012366148860223
10239,hydro_reservoir,2030,187,15,15,-0.2534412004239412
10240,hydro_reservoir,2030,187,16,16,-0.20564578596186006
10241,hydro_reservoir,2030,187,17,17,-0.15785037149977893
10242,hydro_reservoir,2030,187,18,18,-0.1100549570376978
10243,hydro_reservoir,2030,187,19,19,-0.062259542575616666
10244,hydro_reservoir,2030,187,20,20,-0.014464128113535535
10245,hydro_reservoir,2030,187,21,21,0.0333312863485456
10246,hydro_reservoir,2030,187,22,22,0.08112670081062673
10247,hydro_reservoir,2030,187,23,23,0.12892211527270786
10248,hydro_reservoir,2030,187,24,24,0.176717529734789
10249,hydro_reservoir,2030,188,1,1,0.038624338624338624
10250,hydro_reservoir,2030,188,2,2,0.07724867724867725
10251,hydro_reservoir,2030,188,3,3,0.11587301587301588
10252,hydro_reservoir,2030,188,4,4,0.1544973544973545
10253,hydro_reservoir,2030,188,5,5,0.1931216931216931
10254,hydro_reservoir,2030,188,6,6,0.23174603174603173
10255,hydro_reservoir,2030,188,7,7,0.27037037037037037
10256,hydro_reservoir,2030,188,8,8,0.1703763339731807
10257,hydro_reservoir,2030,188,9,9,0.009178605104033233
10258,hydro_reservoir,2030,188,10,10,-0.11852248978829129
10259,hydro_reservoir,2030,188,11,11,-0.19885461180126549
10260,hydro_reservoir,2030,188,12,12,-0.24699862489577165
10261,hydro_reservoir,2030,188,13,13,-0.29958263796617884
10262,hydro_reservoir,2030,188,14,14,-0.321315454474692
10263,hydro_reservoir,2030,188,15,15,-1.2826911158503533
10264,hydro_reservoir,2030,188,16,16,-1.28832462587686
10265,hydro_reservoir,2030,188,17,17,-1.3135866026320742
10266,hydro_reservoir,2030,188,18,18,-1.2886042380072067
10267,hydro_reservoir,2030,188,19,19,-1.249979899382868
10268,hydro_reservoir,2030,188,20,20,-1.2113555607585293
10269,hydro_reservoir,2030,188,21,21,-1.1727312221341908
10270,hydro_reservoir,2030,188,22,22,-1.1341068835098522
10271,hydro_reservoir,2030,188,23,23,-1.0954825448855134
10272,hydro_reservoir,2030,188,24,24,-1.0568582062611749
10273,hydro_reservoir,2030,189,1,1,-0.14305873749155573
10274,hydro_reservoir,2030,189,2,2,-0.061929989696141274
10275,hydro_reservoir,2030,189,3,3,0.019198758099273183
10276,hydro_reservoir,2030,189,4,4,-0.155962821924197
10277,hydro_reservoir,2030,189,5,5,-0.07483407412878254
10278,hydro_reservoir,2030,189,6,6,0.006294673666631917
10279,hydro_reservoir,2030,189,7,7,0.08742342146204637
10280,hydro_reservoir,2030,189,8,8,0.16855216925746083
10281,hydro_reservoir,2030,189,9,9,0.2496809170528753
10282,hydro_reservoir,2030,189,10,10,0.3308096648482898
10283,hydro_reservoir,2030,189,11,11,0.41193841264370423
10284,hydro_reservoir,2030,189,12,12,0.4930671604391187
10285,hydro_reservoir,2030,189,13,13,0.5741959082345331
10286,hydro_reservoir,2030,189,14,14,0.6377967219555901
10287,hydro_reservoir,2030,189,15,15,0.6359183983254495
10288,hydro_reservoir,2030,189,16,16,0.5999412177252964
10289,hydro_reservoir,2030,189,17,17,0.5325885354849459
10290,hydro_reservoir,2030,189,18,18,0.4647433613699951
10291,hydro_reservoir,2030,189,19,19,0.43454939080886823
10292,hydro_reservoir,2030,189,20,20,0.4749188804386962
10293,hydro_reservoir,2030,189,21,21,-0.3743195289762174
10294,hydro_reservoir,2030,189,22,22,-0.29319078118080294
10295,hydro_reservoir,2030,189,23,23,-0.21206203338538848
10296,hydro_reservoir,2030,189,24,24,-0.13093328558997402
10297,hydro_reservoir,2030,190,1,1,-0.3659289658885513
10298,hydro_reservoir,2030,190,2,2,-0.3354175020437541
10299,hydro_reservoir,2030,190,3,3,-0.3049060381989569
10300,hydro_reservoir,2030,190,4,4,-0.2743945743541597
10301,hydro_reservoir,2030,190,5,5,-0.2438831105093625
10302,hydro_reservoir,2030,190,6,6,-0.21337164666456532
10303,hydro_reservoir,2030,190,7,7,-0.6643939376982282
10304,hydro_reservoir,2030,190,8,8,-0.633882473853431
10305,hydro_reservoir,2030,190,9,9,-0.6033710100086338
10306,hydro_reservoir,2030,190,10,10,-0.5728595461638366
10307,hydro_reservoir,2030,190,11,11,-0.5423480823190394
10308,hydro_reservoir,2030,190,12,12,-0.5118366184742422
10309,hydro_reservoir,2030,190,13,13,-0.48132515462944503
10310,hydro_reservoir,2030,190,14,14,-0.45081369078464784
10311,hydro_reservoir,2030,190,15,15,-0.42030222693985064
10312,hydro_reservoir,2030,190,16,16,-0.38979076309505345
10313,hydro_reservoir,2030,190,17,17,-0.35927929925025626
10314,hydro_reservoir,2030,190,18,18,-0.32876783540545906
10315,hydro_reservoir,2030,190,19,19,-1.2982563715606619
10316,hydro_reservoir,2030,190,20,20,-1.2677449077158647
10317,hydro_reservoir,2030,190,21,21,-1.2372334438710675
10318,hydro_reservoir,2030,190,22,22,-1.2067219800262703
10319,hydro_reservoir,2030,190,23,23,-1.176210516181473
10320,hydro_reservoir,2030,190,24,24,-1.145699052336676
10321,hydro_reservoir,2030,191,1,1,-0.13523401897089754
10322,hydro_reservoir,2030,191,2,2,-0.07509292549647073
10323,hydro_reservoir,2030,191,3,3,-0.01495183202204392
10324,hydro_reservoir,2030,191,4,4,0.04518926145238289
10325,hydro_reservoir,2030,191,5,5,0.1053303549268097
10326,hydro_reservoir,2030,191,6,6,0.1654714484012365
10327,hydro_reservoir,2030,191,7,7,0.22561254187566332
10328,hydro_reservoir,2030,191,8,8,0.28575363535009013
10329,hydro_reservoir,2030,191,9,9,0.25876696454989334
10330,hydro_reservoir,2030,191,10,10,0.20959802760751284
10331,hydro_reservoir,2030,191,11,11,0.19750221729594497
10332,hydro_reservoir,2030,191,12,12,0.13481991783204714
10333,hydro_reservoir,2030,191,13,13,0.09799838165372482
10334,hydro_reservoir,2030,191,14,14,-0.8418605248718483
10335,hydro_reservoir,2030,191,15,15,-0.8319014305312986
10336,hydro_reservoir,2030,191,16,16,-1.7717603370568717
10337,hydro_reservoir,2030,191,17,17,-2.7116192435824447
10338,hydro_reservoir,2030,191,18,18,-2.8987063275430875
10339,hydro_reservoir,2030,191,19,19,-3.0373898494834055
10340,hydro_reservoir,2030,191,20,20,-3.1139014757271966
10341,hydro_reservoir,2030,191,21,21,-3.1382714544954724
10342,hydro_reservoir,2030,191,22,22,-3.0967501915676303
10343,hydro_reservoir,2030,191,23,23,-3.0366090980932032
10344,hydro_reservoir,2030,191,24,24,-2.9764680046187766
10345,hydro_reservoir,2030,192,1,1,-0.3040411884793192
10346,hydro_reservoir,2030,192,2,2,-0.272471523576321
10347,hydro_reservoir,2030,192,3,3,-0.24090185867332276
10348,hydro_reservoir,2030,192,4,4,-0.20933219377032453
10349,hydro_reservoir,2030,192,5,5,-0.1777625288673263
10350,hydro_reservoir,2030,192,6,6,-0.14619286396432807
10351,hydro_reservoir,2030,192,7,7,-0.11462319906132984
10352,hydro_reservoir,2030,192,8,8,-0.08305353415833161
10353,hydro_reservoir,2030,192,9,9,-0.051483869255333374
10354,hydro_reservoir,2030,192,10,10,-0.2354649466457131
10355,hydro_reservoir,2030,192,11,11,-0.20389528174271487
10356,hydro_reservoir,2030,192,12,12,-0.17232561683971664
10357,hydro_reservoir,2030,192,13,13,-0.14075595193671842
10358,hydro_reservoir,2030,192,14,14,-0.10918628703372019
10359,hydro_reservoir,2030,192,15,15,-0.07761662213072196
10360,hydro_reservoir,2030,192,16,16,-0.04604695722772373
10361,hydro_reservoir,2030,192,17,17,-0.014477292324725471
10362,hydro_reservoir,2030,192,18,18,0.017092372578272758
10363,hydro_reservoir,2030,192,19,19,0.04866203748127099
10364,hydro_reservoir,2030,192,20,20,0.08023170238426922
10365,hydro_reservoir,2030,192,21,21,0.11180136728726744
10366,hydro_reservoir,2030,192,22,22,0.1433710321902657
10367,hydro_reservoir,2030,192,23,23,0.17494069709326393
10368,hydro_reservoir,2030,192,24,24,0.20651036199626216
10369,hydro_reservoir,2030,193,1,1,-0.32796720544734104
10370,hydro_reservoir,2030,193,2,2,-0.23131817546497757
10371,hydro_reservoir,2030,193,3,3,-0.1346691454826141
10372,hydro_reservoir,2030,193,4,4,-0.03802011550025064
10373,hydro_reservoir,2030,193,5,5,0.058628914482112604
10374,hydro_reservoir,2030,193,6,6,0.15527794446447585
10375,hydro_reservoir,2030,193,7,7,0.2519269744468391
10376,hydro_reservoir,2030,193,8,8,0.34857600442920234
10377,hydro_reservoir,2030,193,9,9,0.4452250344115656
10378,hydro_reservoir,2030,193,10,10,0.5418740643939288
10379,hydro_reservoir,2030,193,11,11,0.6385230943762921
10380,hydro_reservoir,2030,193,12,12,0.7351721243586553
10381,hydro_reservoir,2030,193,13,13,0.8318211543410186
10382,hydro_reservoir,2030,193,14,14,0.9284701843233818
10383,hydro_reservoir,2030,193,15,15,1.0251192143057453
10384,hydro_reservoir,2030,193,16,16,1.1217682442881085
10385,hydro_reservoir,2030,193,17,17,1.2184172742704718
10386,hydro_reservoir,2030,193,18,18,1.3150663042528352
10387,hydro_reservoir,2030,193,19,19,1.4117153342351987
10388,hydro_reservoir,2030,193,20,20,1.508364364217562
10389,hydro_reservoir,2030,193,21,21,1.6050133941999252
10390,hydro_reservoir,2030,193,22,22,1.7016624241822884
10391,hydro_reservoir,2030,193,23,23,1.7983114541646519
10392,hydro_reservoir,2030,193,24,24,1.8949604841470151
10393,hydro_reservoir,2030,194,1,1,0.08783068783068783
10394,hydro_reservoir,2030,194,2,2,0.17566137566137566
10395,hydro_reservoir,2030,194,3,3,0.2634920634920635
10396,hydro_reservoir,2030,194,4,4,0.3513227513227513
10397,hydro_reservoir,2030,194,5,5,0.43915343915343913
10398,hydro_reservoir,2030,194,6,6,0.526984126984127
10399,hydro_reservoir,2030,194,7,7,0.6148148148148148
10400,hydro_reservoir,2030,194,8,8,0.7026455026455026
10401,hydro_reservoir,2030,194,9,9,0.7904761904761904
10402,hydro_reservoir,2030,194,10,10,0.8454255566319874
10403,hydro_reservoir,2030,194,11,11,0.9025391789553766
10404,hydro_reservoir,2030,194,12,12,0.9516085271963943
10405,hydro_reservoir,2030,194,13,13,1.0080866499083114
10406,hydro_reservoir,2030,194,14,14,0.11311550798903725
10407,hydro_reservoir,2030,194,15,15,0.18145704492204795
10408,hydro_reservoir,2030,194,16,16,0.24084945719575745
10409,hydro_reservoir,2030,194,17,17,0.2629463313334074
10410,hydro_reservoir,2030,194,18,18,-0.6492229808359048
10411,hydro_reservoir,2030,194,19,19,-1.561392293005217
10412,hydro_reservoir,2030,194,20,20,-1.526723544905103
10413,hydro_reservoir,2030,194,21,21,-1.4773969432794343
10414,hydro_reservoir,2030,194,22,22,-1.396822612847848
10415,hydro_reservoir,2030,194,23,23,-1.3089919250171602
10416,hydro_reservoir,2030,194,24,24,-1.2211612371864724
10417,hydro_reservoir,2030,195,1,1,-0.5118594559236039
10418,hydro_reservoir,2030,195,2,2,-0.4801134241775722
10419,hydro_reservoir,2030,195,3,3,-0.44836739243154045
10420,hydro_reservoir,2030,195,4,4,-0.4166213606855087
10421,hydro_reservoir,2030,195,5,5,-0.38487532893947696
10422,hydro_reservoir,2030,195,6,6,-0.3531292971934452
10423,hydro_reservoir,2030,195,7,7,-0.32138326544741347
10424,hydro_reservoir,2030,195,8,8,-0.2896372337013817
10425,hydro_reservoir,2030,195,9,9,-0.25789120195535
10426,hydro_reservoir,2030,195,10,10,-0.2261451702093182
10427,hydro_reservoir,2030,195,11,11,-0.19439913846328646
10428,hydro_reservoir,2030,195,12,12,-0.16265310671725472
10429,hydro_reservoir,2030,195,13,13,-0.13090707497122298
10430,hydro_reservoir,2030,195,14,14,-0.09916104322519123
10431,hydro_reservoir,2030,195,15,15,-0.06741501147915949
10432,hydro_reservoir,2030,195,16,16,-0.03566897973312774
10433,hydro_reservoir,2030,195,17,17,-0.003922947987095998
10434,hydro_reservoir,2030,195,18,18,0.027823083758935746
10435,hydro_reservoir,2030,195,19,19,0.05956911550496749
10436,hydro_reservoir,2030,195,20,20,0.09131514725099923
10437,hydro_reservoir,2030,195,21,21,0.12306117899703098
10438,hydro_reservoir,2030,195,22,22,0.15480721074306272
10439,hydro_reservoir,2030,195,23,23,0.18655324248909447
10440,hydro_reservoir,2030,195,24,24,0.2182992742351262
10441,hydro_reservoir,2030,196,1,1,0.04656084656084656
10442,hydro_reservoir,2030,196,2,2,0.09312169312169312
10443,hydro_reservoir,2030,196,3,3,0.13968253968253969
10444,hydro_reservoir,2030,196,4,4,0.18624338624338624
10445,hydro_reservoir,2030,196,5,5,0.2328042328042328
10446,hydro_reservoir,2030,196,6,6,0.27936507936507937
10447,hydro_reservoir,2030,196,7,7,0.32592592592592595
10448,hydro_reservoir,2030,196,8,8,0.37248677248677253
10449,hydro_reservoir,2030,196,9,9,0.4190476190476191
10450,hydro_reservoir,2030,196,10,10,0.4656084656084657
10451,hydro_reservoir,2030,196,11,11,0.5121693121693123
10452,hydro_reservoir,2030,196,12,12,0.5587301587301589
10453,hydro_reservoir,2030,196,13,13,0.6052910052910054
10454,hydro_reservoir,2030,196,14,14,0.651851851851852
10455,hydro_reservoir,2030,196,15,15,0.6984126984126986
10456,hydro_reservoir,2030,196,16,16,0.7449735449735452
10457,hydro_reservoir,2030,196,17,17,0.7915343915343918
10458,hydro_reservoir,2030,196,18,18,0.8380952380952383
10459,hydro_reservoir,2030,196,19,19,0.8846560846560849
10460,hydro_reservoir,2030,196,20,20,0.9094471766748379
10461,hydro_reservoir,2030,196,21,21,0.9560080232356845
10462,hydro_reservoir,2030,196,22,22,0.9405229029670827
10463,hydro_reservoir,2030,196,23,23,0.9870837495279293
10464,hydro_reservoir,2030,196,24,24,1.033644596088776
10465,hydro_reservoir,2030,197,1,1,-0.47374680411664405
10466,hydro_reservoir,2030,197,2,2,-0.43723886760870756
10467,hydro_reservoir,2030,197,3,3,-0.40073093110077107
10468,hydro_reservoir,2030,197,4,4,-0.3642229945928346
10469,hydro_reservoir,2030,197,5,5,-0.3277150580848981
10470,hydro_reservoir,2030,197,6,6,-0.2912071215769616
10471,hydro_reservoir,2030,197,7,7,-0.2546991850690251
10472,hydro_reservoir,2030,197,8,8,-0.2181912485610886
10473,hydro_reservoir,2030,197,9,9,-0.18168331205315208
10474,hydro_reservoir,2030,197,10,10,-0.14517537554521556
10475,hydro_reservoir,2030,197,11,11,-0.10866743903727905
10476,hydro_reservoir,2030,197,12,12,-0.07215950252934253
10477,hydro_reservoir,2030,197,13,13,-0.03565156602140602
10478,hydro_reservoir,2030,197,14,14,0.0008563704865304916
10479,hydro_reservoir,2030,197,15,15,-0.7589389702571211
10480,hydro_reservoir,2030,197,16,16,-0.7224310337491846
10481,hydro_reservoir,2030,197,17,17,-0.6859230972412481
10482,hydro_reservoir,2030,197,18,18,-0.6494151607333116
10483,hydro_reservoir,2030,197,19,19,-0.6129072242253751
10484,hydro_reservoir,2030,197,20,20,-0.5763992877174386
10485,hydro_reservoir,2030,197,21,21,-0.5398913512095022
10486,hydro_reservoir,2030,197,22,22,-0.5033834147015657
10487,hydro_reservoir,2030,197,23,23,-0.4668754781936292
10488,hydro_reservoir,2030,197,24,24,-1.1038018249505885
10489,hydro_reservoir,2030,198,1,1,0.013867876733713924
10490,hydro_reservoir,2030,198,2,2,0.04914124534041586
10491,hydro_reservoir,2030,198,3,3,0.0844146139471178
10492,hydro_reservoir,2030,198,4,4,0.11968798255381974
10493,hydro_reservoir,2030,198,5,5,0.15496135116052168
10494,hydro_reservoir,2030,198,6,6,0.19023471976722361
10495,hydro_reservoir,2030,198,7,7,0.22550808837392555
10496,hydro_reservoir,2030,198,8,8,0.2607814569806275
10497,hydro_reservoir,2030,198,9,9,0.29605482558732943
10498,hydro_reservoir,2030,198,10,10,0.33132819419403137
10499,hydro_reservoir,2030,198,11,11,0.3666015628007333
10500,hydro_reservoir,2030,198,12,12,0.40187493140743524
10501,hydro_reservoir,2030,198,13,13,0.4371483000141372
10502,hydro_reservoir,2030,198,14,14,0.4724216686208391
10503,hydro_reservoir,2030,198,15,15,0.5076950372275411
10504,hydro_reservoir,2030,198,16,16,0.542968405834243
10505,hydro_reservoir,2030,198,17,17,0.5555451656971575
10506,hydro_reservoir,2030,198,18,18,0.5908185343038594
10507,hydro_reservoir,2030,198,19,19,0.6260919029105614
10508,hydro_reservoir,2030,198,20,20,0.6613652715172633
10509,hydro_reservoir,2030,198,21,21,0.6966386401239653
10510,hydro_reservoir,2030,198,22,22,0.7319120087306672
10511,hydro_reservoir,2030,198,23,23,0.11734202727366527
10512,hydro_reservoir,2030,198,24,24,-0.5011312478433323
10513,hydro_reservoir,2030,199,1,1,-0.6700512725616867
10514,hydro_reservoir,2030,199,2,2,-0.639010708187789
10515,hydro_reservoir,2030,199,3,3,-0.6079701438138914
10516,hydro_reservoir,2030,199,4,4,-0.5769295794399937
10517,hydro_reservoir,2030,199,5,5,-0.545889015066096
10518,hydro_reservoir,2030,199,6,6,-0.5148484506921983
10519,hydro_reservoir,2030,199,7,7,-0.48380788631830063
10520,hydro_reservoir,2030,199,8,8,-0.45276732194440295
10521,hydro_reservoir,2030,199,9,9,-0.42172675757050526
10522,hydro_reservoir,2030,199,10,10,-0.3906861931966076
10523,hydro_reservoir,2030,199,11,11,-0.3596456288227099
10524,hydro_reservoir,2030,199,12,12,-0.3286050644488122
10525,hydro_reservoir,2030,199,13,13,-0.29756450007491453
10526,hydro_reservoir,2030,199,14,14,-0.26652393570101685
10527,hydro_reservoir,2030,199,15,15,-1.0700348395827755
10528,hydro_reservoir,2030,199,16,16,-1.0389942752088777
10529,hydro_reservoir,2030,199,17,17,-1.00795371083498
10530,hydro_reservoir,2030,199,18,18,-0.9769131464610823
10531,hydro_reservoir,2030,199,19,19,-0.9458725820871846
10532,hydro_reservoir,2030,199,20,20,-0.9148320177132869
10533,hydro_reservoir,2030,199,21,21,-0.8837914533393892
10534,hydro_reservoir,2030,199,22,22,-0.8527508889654914
10535,hydro_reservoir,2030,199,23,23,-0.8217103245915938
10536,hydro_reservoir,2030,199,24,24,-0.7906697602176961
10537,hydro_reservoir,2030,200,1,1,0.07037037037037037
10538,hydro_reservoir,2030,200,2,2,0.14074074074074075
10539,hydro_reservoir,2030,200,3,3,0.21111111111111114
10540,hydro_reservoir,2030,200,4,4,-0.13959421483019585
10541,hydro_reservoir,2030,200,5,5,-0.06922384445982548
10542,hydro_reservoir,2030,200,6,6,-0.379626498128509
10543,hydro_reservoir,2030,200,7,7,-0.30925612775813865
10544,hydro_reservoir,2030,200,8,8,-0.5324006063722244
10545,hydro_reservoir,2030,200,9,9,-0.46203023600185406
10546,hydro_reservoir,2030,200,10,10,-0.3916598656314837
10547,hydro_reservoir,2030,200,11,11,-0.32128949526111333
10548,hydro_reservoir,2030,200,12,12,-0.250919124890743
10549,hydro_reservoir,2030,200,13,13,-0.42686523123233605
10550,hydro_reservoir,2030,200,14,14,-0.3564948608619657
10551,hydro_reservoir,2030,200,15,15,-0.28612449049159533
10552,hydro_reservoir,2030,200,16,16,-0.21575412012122497
10553,hydro_reservoir,2030,200,17,17,-0.6699408489104395
10554,hydro_reservoir,2030,200,18,18,-0.5995704785400691
10555,hydro_reservoir,2030,200,19,19,-1.3802505341349747
10556,hydro_reservoir,2030,200,20,20,-1.3098801637646043
10557,hydro_reservoir,2030,200,21,21,-1.2395097933942338
10558,hydro_reservoir,2030,200,22,22,-1.1691394230238636
10559,hydro_reservoir,2030,200,23,23,-1.0987690526534932
10560,hydro_reservoir,2030,200,24,24,-1.0283986822831228
10561,hydro_reservoir,2030,201,1,1,0.031040564373897708
10562,hydro_reservoir,2030,201,2,2,0.062081128747795415
10563,hydro_reservoir,2030,201,3,3,0.09312169312169312
10564,hydro_reservoir,2030,201,4,4,0.12416225749559083
10565,hydro_reservoir,2030,201,5,5,0.15520282186948853
10566,hydro_reservoir,2030,201,6,6,0.18624338624338624
10567,hydro_reservoir,2030,201,7,7,0.21728395061728395
10568,hydro_reservoir,2030,201,8,8,0.24832451499118166
10569,hydro_reservoir,2030,201,9,9,0.27936507936507937
10570,hydro_reservoir,2030,201,10,10,-0.6314939531635748
10571,hydro_reservoir,2030,201,11,11,-0.6004533887896771
10572,hydro_reservoir,2030,201,12,12,-0.5694128244157795
10573,hydro_reservoir,2030,201,13,13,-0.5383722600418818
10574,hydro_reservoir,2030,201,14,14,-0.5073316956679841
10575,hydro_reservoir,2030,201,15,15,-0.4762911312940864
10576,hydro_reservoir,2030,201,16,16,-0.4452505669201887
10577,hydro_reservoir,2030,201,17,17,-0.41421000254629103
10578,hydro_reservoir,2030,201,18,18,-0.38316943817239335
10579,hydro_reservoir,2030,201,19,19,-1.209120480654842
10580,hydro_reservoir,2030,201,20,20,-1.178079916280944
10581,hydro_reservoir,2030,201,21,21,-1.8902337368397826
10582,hydro_reservoir,2030,201,22,22,-1.8591931724658848
10583,hydro_reservoir,2030,201,23,23,-1.8281526080919872
10584,hydro_reservoir,2030,201,24,24,-1.7971120437180894
10585,hydro_reservoir,2030,202,1,1,-0.20724942209894687
10586,hydro_reservoir,2030,202,2,2,-0.16474501292787103
10587,hydro_reservoir,2030,202,3,3,-0.4760391010848656
10588,hydro_reservoir,2030,202,4,4,-0.43353469191378974
10589,hydro_reservoir,2030,202,5,5,-0.3910302827427139
10590,hydro_reservoir,2030,202,6,6,-0.603995948670365
10591,hydro_reservoir,2030,202,7,7,-0.5614915394992892
10592,hydro_reservoir,2030,202,8,8,-0.5189871303282134
10593,hydro_reservoir,2030,202,9,9,-0.4764827211571376
10594,hydro_reservoir,2030,202,10,10,-0.823168342627973
10595,hydro_reservoir,2030,202,11,11,-1.1955545823845737
10596,hydro_reservoir,2030,202,12,12,-1.153050173213498
10597,hydro_reservoir,2030,202,13,13,-1.1105457640424221
10598,hydro_reservoir,2030,202,14,14,-1.0680413548713463
10599,hydro_reservoir,2030,202,15,15,-1.0255369457002705
10600,hydro_reservoir,2030,202,16,16,-0.9830325365291948
10601,hydro_reservoir,2030,202,17,17,-0.940528127358119
10602,hydro_reservoir,2030,202,18,18,-0.8980237181870432
10603,hydro_reservoir,2030,202,19,19,-1.1990203203993932
10604,hydro_reservoir,2030,202,20,20,-1.1565159112283174
10605,hydro_reservoir,2030,202,21,21,-1.5492513622275796
10606,hydro_reservoir,2030,202,22,22,-1.5067469530565036
10607,hydro_reservoir,2030,202,23,23,-1.4642425438854278
10608,hydro_reservoir,2030,202,24,24,-1.421738134714352
10609,hydro_reservoir,2030,203,1,1,0.03527336860670194
10610,hydro_reservoir,2030,203,2,2,0.07054673721340388
10611,hydro_reservoir,2030,203,3,3,0.10582010582010581
10612,hydro_reservoir,2030,203,4,4,0.14109347442680775
10613,hydro_reservoir,2030,203,5,5,0.1763668430335097
10614,hydro_reservoir,2030,203,6,6,0.21164021164021163
10615,hydro_reservoir,2030,203,7,7,0.24691358024691357
10616,hydro_reservoir,2030,203,8,8,0.2821869488536155
10617,hydro_reservoir,2030,203,9,9,0.30816854276176664
10618,hydro_reservoir,2030,203,10,10,0.309023325463152
10619,hydro_reservoir,2030,203,11,11,0.3442966940698539
10620,hydro_reservoir,2030,203,12,12,0.37957006267655585
10621,hydro_reservoir,2030,203,13,13,0.4148434312832578
10622,hydro_reservoir,2030,203,14,14,0.45011679988995973
10623,hydro_reservoir,2030,203,15,15,0.48539016849666167
10624,hydro_reservoir,2030,203,16,16,0.5206635371033637
10625,hydro_reservoir,2030,203,17,17,0.5559369057100656
10626,hydro_reservoir,2030,203,18,18,0.5912102743167675
10627,hydro_reservoir,2030,203,19,19,0.6264836429234695
10628,hydro_reservoir,2030,203,20,20,0.6617570115301714
10629,hydro_reservoir,2030,203,21,21,0.6970303801368734
10630,hydro_reservoir,2030,203,22,22,0.7165217625088783
10631,hydro_reservoir,2030,203,23,23,0.6001968166647523
10632,hydro_reservoir,2030,203,24,24,0.6354701852714543
10633,hydro_reservoir,2030,204,1,1,0.021268419445543276
10634,hydro_reservoir,2030,204,2,2,0.052308983819440984
10635,hydro_reservoir,2030,204,3,3,0.08334954819333869
10636,hydro_reservoir,2030,204,4,4,0.0887754686545271
10637,hydro_reservoir,2030,204,5,5,0.06654529226971453
10638,hydro_reservoir,2030,204,6,6,0.09758585664361225
10639,hydro_reservoir,2030,204,7,7,-0.02707143849377725
10640,hydro_reservoir,2030,204,8,8,0.003969125880120456
10641,hydro_reservoir,2030,204,9,9,0.035009690254018164
10642,hydro_reservoir,2030,204,10,10,-0.48892719845084404
10643,hydro_reservoir,2030,204,11,11,-0.45788663407694635
10644,hydro_reservoir,2030,204,12,12,-0.42684606970304867
10645,hydro_reservoir,2030,204,13,13,-0.395805505329151
10646,hydro_reservoir,2030,204,14,14,-0.3647649409552533
10647,hydro_reservoir,2030,204,15,15,-0.3337243765813556
10648,hydro_reservoir,2030,204,16,16,-0.3026838122074579
10649,hydro_reservoir,2030,204,17,17,-0.2716432478335602
10650,hydro_reservoir,2030,204,18,18,-0.24060268345966246
10651,hydro_reservoir,2030,204,19,19,-0.20956211908576475
10652,hydro_reservoir,2030,204,20,20,-0.17852155471186706
10653,hydro_reservoir,2030,204,21,21,-0.14748099033796935
10654,hydro_reservoir,2030,204,22,22,-0.11644042596407164
10655,hydro_reservoir,2030,204,23,23,-0.08539986159017393
10656,hydro_reservoir,2030,204,24,24,-0.05435929721627623
10657,hydro_reservoir,2030,205,1,1,0.031040564373897708
10658,hydro_reservoir,2030,205,2,2,-0.9371246868634179
10659,hydro_reservoir,2030,205,3,3,-1.6620984813056103
10660,hydro_reservoir,2030,205,4,4,-1.6310579169317125
10661,hydro_reservoir,2030,205,5,5,-2.3288227219282
10662,hydro_reservoir,2030,205,6,6,-2.2977821575543023
10663,hydro_reservoir,2030,205,7,7,-2.2667415931804045
10664,hydro_reservoir,2030,205,8,8,-2.2357010288065067
10665,hydro_reservoir,2030,205,9,9,-2.204660464432609
10666,hydro_reservoir,2030,205,10,10,-2.173619900058711
10667,hydro_reservoir,2030,205,11,11,-2.921987896248522
10668,hydro_reservoir,2030,205,12,12,-3.6529755544965115
10669,hydro_reservoir,2030,205,13,13,-3.6219349901226137
10670,hydro_reservoir,2030,205,14,14,-3.590894425748716
10671,hydro_reservoir,2030,205,15,15,-3.559853861374818
10672,hydro_reservoir,2030,205,16,16,-4.3232187828563635
10673,hydro_reservoir,2030,205,17,17,-4.292178218482466
10674,hydro_reservoir,2030,205,18,18,-4.261137654108568
10675,hydro_reservoir,2030,205,19,19,-4.23009708973467
10676,hydro_reservoir,2030,205,20,20,-5.039420444515803
10677,hydro_reservoir,2030,205,21,21,-5.008379880141905
10678,hydro_reservoir,2030,205,22,22,-4.977339315768007
10679,hydro_reservoir,2030,205,23,23,-4.946298751394109
10680,hydro_reservoir,2030,205,24,24,-4.9152581870202114
10681,hydro_reservoir,2030,206,1,1,0.08800705467372134
10682,hydro_reservoir,2030,206,2,2,0.1760141093474427
10683,hydro_reservoir,2030,206,3,3,-0.5744459173731001
10684,hydro_reservoir,2030,206,4,4,-0.4864388626993788
10685,hydro_reservoir,2030,206,5,5,-0.3984318080256575
10686,hydro_reservoir,2030,206,6,6,-0.31042475335193614
10687,hydro_reservoir,2030,206,7,7,-0.22241769867821481
10688,hydro_reservoir,2030,206,8,8,-0.13441064400449348
10689,hydro_reservoir,2030,206,9,9,-0.04640358933077214
10690,hydro_reservoir,2030,206,10,10,0.0416034653429492
10691,hydro_reservoir,2030,206,11,11,0.12961052001667056
10692,hydro_reservoir,2030,206,12,12,0.2176175746903919
10693,hydro_reservoir,2030,206,13,13,-0.2090653673329399
10694,hydro_reservoir,2030,206,14,14,-0.12105831265921856
10695,hydro_reservoir,2030,206,15,15,-0.03305125798549721
10696,hydro_reservoir,2030,206,16,16,0.05495579668822413
10697,hydro_reservoir,2030,206,17,17,0.14296285136194548
10698,hydro_reservoir,2030,206,18,18,0.2309699060356668
10699,hydro_reservoir,2030,206,19,19,0.31897696070938814
10700,hydro_reservoir,2030,206,20,20,0.40698401538310947
10701,hydro_reservoir,2030,206,21,21,0.4949910700568308
10702,hydro_reservoir,2030,206,22,22,0.5829981247305521
10703,hydro_reservoir,2030,206,23,23,0.6710051794042735
10704,hydro_reservoir,2030,206,24,24,0.2642890729829975
10705,hydro_reservoir,2030,207,1,1,0.09664902998236331
10706,hydro_reservoir,2030,207,2,2,0.19329805996472663
10707,hydro_reservoir,2030,207,3,3,0.28994708994708995
10708,hydro_reservoir,2030,207,4,4,0.38659611992945325
10709,hydro_reservoir,2030,207,5,5,0.48324514991181655
10710,hydro_reservoir,2030,207,6,6,0.5798941798941799
10711,hydro_reservoir,2030,207,7,7,0.6765432098765433
10712,hydro_reservoir,2030,207,8,8,0.7731922398589066
10713,hydro_reservoir,2030,207,9,9,0.86984126984127
10714,hydro_reservoir,2030,207,10,10,0.9664902998236333
10715,hydro_reservoir,2030,207,11,11,1.0631393298059966
10716,hydro_reservoir,2030,207,12,12,1.1597883597883598
10717,hydro_reservoir,2030,207,13,13,1.256437389770723
10718,hydro_reservoir,2030,207,14,14,0.5236699917413674
10719,hydro_reservoir,2030,207,15,15,0.6203190217237308
10720,hydro_reservoir,2030,207,16,16,0.7169680517060941
10721,hydro_reservoir,2030,207,17,17,0.8136170816884575
10722,hydro_reservoir,2030,207,18,18,-0.00447115850463653
10723,hydro_reservoir,2030,207,19,19,0.09217787147772678
10724,hydro_reservoir,2030,207,20,20,0.1888269014600901
10725,hydro_reservoir,2030,207,21,21,0.2854759314424534
10726,hydro_reservoir,2030,207,22,22,0.3821249614248167
10727,hydro_reservoir,2030,207,23,23,0.47877399140718
10728,hydro_reservoir,2030,207,24,24,-0.10148419936992223
10729,hydro_reservoir,2030,208,1,1,0.060493827160493834
10730,hydro_reservoir,2030,208,2,2,0.07531521115575955
10731,hydro_reservoir,2030,208,3,3,0.13580903831625338
10732,hydro_reservoir,2030,208,4,4,0.19630286547674722
10733,hydro_reservoir,2030,208,5,5,0.25679669263724103
10734,hydro_reservoir,2030,208,6,6,-0.152446212937135
10735,hydro_reservoir,2030,208,7,7,-0.09195238577664117
10736,hydro_reservoir,2030,208,8,8,-0.34570881679979326
10737,hydro_reservoir,2030,208,9,9,-0.4394419705491693
10738,hydro_reservoir,2030,208,10,10,-0.37894814338867544
10739,hydro_reservoir,2030,208,11,11,-0.3184543162281816
10740,hydro_reservoir,2030,208,12,12,-0.25796048906768776
10741,hydro_reservoir,2030,208,13,13,-0.19746666190719392
10742,hydro_reservoir,2030,208,14,14,-0.2634885165548618
10743,hydro_reservoir,2030,208,15,15,-0.26240464005736447
10744,hydro_reservoir,2030,208,16,16,-0.20191081289687063
10745,hydro_reservoir,2030,208,17,17,-0.1414169857363768
10746,hydro_reservoir,2030,208,18,18,-0.1710181801898747
10747,hydro_reservoir,2030,208,19,19,-0.11052435302938085
10748,hydro_reservoir,2030,208,20,20,-0.05003052586888702
10749,hydro_reservoir,2030,208,21,21,0.010463301291606816
10750,hydro_reservoir,2030,208,22,22,-0.6000563816242511
10751,hydro_reservoir,2030,208,23,23,-1.2873216780610546
10752,hydro_reservoir,2030,208,24,24,-1.2268278509005608
10753,hydro_reservoir,2030,209,1,1,-0.4840023448846471
10754,hydro_reservoir,2030,209,2,2,-0.4416743025566048
10755,hydro_reservoir,2030,209,3,3,-0.39934626022856246
10756,hydro_reservoir,2030,209,4,4,-0.35701821790052013
10757,hydro_reservoir,2030,209,5,5,-0.3146901755724778
10758,hydro_reservoir,2030,209,6,6,-0.2723621332444355
10759,hydro_reservoir,2030,209,7,7,-0.23003409091639315
10760,hydro_reservoir,2030,209,8,8,-0.18770604858835083
10761,hydro_reservoir,2030,209,9,9,-0.1453780062603085
10762,hydro_reservoir,2030,209,10,10,-0.10304996393226618
10763,hydro_reservoir,2030,209,11,11,-0.06072192160422385
10764,hydro_reservoir,2030,209,12,12,-0.018393879276181524
10765,hydro_reservoir,2030,209,13,13,0.0239341630518608
10766,hydro_reservoir,2030,209,14,14,0.06626220537990313
10767,hydro_reservoir,2030,209,15,15,0.10859024770794545
10768,hydro_reservoir,2030,209,16,16,-0.436675434950543
10769,hydro_reservoir,2030,209,17,17,-0.3943473926225007
10770,hydro_reservoir,2030,209,18,18,-0.35201935029445836
10771,hydro_reservoir,2030,209,19,19,-0.30969130796641603
10772,hydro_reservoir,2030,209,20,20,-0.2673632656383737
10773,hydro_reservoir,2030,209,21,21,-0.22503522331033138
10774,hydro_reservoir,2030,209,22,22,-0.18270718098228905
10775,hydro_reservoir,2030,209,23,23,-0.14037913865424673
10776,hydro_reservoir,2030,209,24,24,-0.0980510963262044
10777,hydro_reservoir,2030,210,1,1,-0.22093955129052148
10778,hydro_reservoir,2030,210,2,2,-0.18143337845101531
10779,hydro_reservoir,2030,210,3,3,-0.14192720561150915
10780,hydro_reservoir,2030,210,4,4,-0.10242103277200298
10781,hydro_reservoir,2030,210,5,5,-0.06291485993249682
10782,hydro_reservoir,2030,210,6,6,-0.023408687092990647
10783,hydro_reservoir,2030,210,7,7,0.016097485746515525
10784,hydro_reservoir,2030,210,8,8,0.0556036585860217
10785,hydro_reservoir,2030,210,9,9,0.09510983142552787
10786,hydro_reservoir,2030,210,10,10,0.13461600426503403
10787,hydro_reservoir,2030,210,11,11,0.1741221771045402
10788,hydro_reservoir,2030,210,12,12,0.21362834994404636
10789,hydro_reservoir,2030,210,13,13,0.25313452278355253
10790,hydro_reservoir,2030,210,14,14,-0.07151740501808679
10791,hydro_reservoir,2030,210,15,15,-0.032011232178580595
10792,hydro_reservoir,2030,210,16,16,0.0074949406609255975
10793,hydro_reservoir,2030,210,17,17,0.04700111350043179
10794,hydro_reservoir,2030,210,18,18,0.08650728633993796
10795,hydro_reservoir,2030,210,19,19,0.12601345917944412
10796,hydro_reservoir,2030,210,20,20,0.16551963201895029
10797,hydro_reservoir,2030,210,21,21,0.20502580485845645
10798,hydro_reservoir,2030,210,22,22,0.24453197769796264
10799,hydro_reservoir,2030,210,23,23,0.2840381505374688
10800,hydro_reservoir,2030,210,24,24,0.323544323376975
10801,hydro_reservoir,2030,211,1,1,-0.205377856736987
10802,hydro_reservoir,2030,211,2,2,-0.168693553386017
10803,hydro_reservoir,2030,211,3,3,-0.132009250035047
10804,hydro_reservoir,2030,211,4,4,-0.09532494668407697
10805,hydro_reservoir,2030,211,5,5,-0.05864064333310695
10806,hydro_reservoir,2030,211,6,6,-0.021956339982136933
10807,hydro_reservoir,2030,211,7,7,0.014727963368833086
10808,hydro_reservoir,2030,211,8,8,0.051412266719803104
10809,hydro_reservoir,2030,211,9,9,0.08809657007077312
10810,hydro_reservoir,2030,211,10,10,0.028256656415253656
10811,hydro_reservoir,2030,211,11,11,0.06494095976622372
10812,hydro_reservoir,2030,211,12,12,0.10162526311719372
10813,hydro_reservoir,2030,211,13,13,0.13830956646816372
10814,hydro_reservoir,2030,211,14,14,0.17499386981913373
10815,hydro_reservoir,2030,211,15,15,0.21167817317010373
10816,hydro_reservoir,2030,211,16,16,0.24836247652107374
10817,hydro_reservoir,2030,211,17,17,0.28504677987204374
10818,hydro_reservoir,2030,211,18,18,0.32173108322301375
10819,hydro_reservoir,2030,211,19,19,0.35841538657398375
10820,hydro_reservoir,2030,211,20,20,0.39509968992495376
10821,hydro_reservoir,2030,211,21,21,0.43178399327592376
10822,hydro_reservoir,2030,211,22,22,0.4684682966268938
10823,hydro_reservoir,2030,211,23,23,0.5051525999778638
10824,hydro_reservoir,2030,211,24,24,0.5418369033288338
10825,hydro_reservoir,2030,212,1,1,-0.7221614159593093
10826,hydro_reservoir,2030,212,2,2,-0.6710150314795915
10827,hydro_reservoir,2030,212,3,3,-0.6198686469998738
10828,hydro_reservoir,2030,212,4,4,-0.568722262520156
10829,hydro_reservoir,2030,212,5,5,-0.5175758780404383
10830,hydro_reservoir,2030,212,6,6,-0.46642949356072044
10831,hydro_reservoir,2030,212,7,7,-0.41528310908100263
10832,hydro_reservoir,2030,212,8,8,-0.36869046766484226
10833,hydro_reservoir,2030,212,9,9,-0.5808636674589819
10834,hydro_reservoir,2030,212,10,10,-0.5562283601018707
10835,hydro_reservoir,2030,212,11,11,-0.5050819756221528
10836,hydro_reservoir,2030,212,12,12,-0.45393559114243504
10837,hydro_reservoir,2030,212,13,13,-0.4027892066627172
10838,hydro_reservoir,2030,212,14,14,-0.3516428221829994
10839,hydro_reservoir,2030,212,15,15,-0.3004964377032816
10840,hydro_reservoir,2030,212,16,16,-0.2493500532235638
10841,hydro_reservoir,2030,212,17,17,-0.19820366874384598
10842,hydro_reservoir,2030,212,18,18,-0.14705728426412817
10843,hydro_reservoir,2030,212,19,19,-0.09591089978441036
10844,hydro_reservoir,2030,212,20,20,-0.044764515304692554
10845,hydro_reservoir,2030,212,21,21,0.0063818691750252565
10846,hydro_reservoir,2030,212,22,22,0.05752825365474307
10847,hydro_reservoir,2030,212,23,23,0.10867463813446088
10848,hydro_reservoir,2030,212,24,24,0.1598210226141787
10849,hydro_reservoir,2030,213,1,1,-0.30461029165119113
10850,hydro_reservoir,2030,213,2,2,-0.2603422140497802
10851,hydro_reservoir,2030,213,3,3,-0.21607413644836926
10852,hydro_reservoir,2030,213,4,4,-0.17180605884695832
10853,hydro_reservoir,2030,213,5,5,-0.12753798124554738
10854,hydro_reservoir,2030,213,6,6,-0.08326990364413644
10855,hydro_reservoir,2030,213,7,7,-0.3549126725475663
10856,hydro_reservoir,2030,213,8,8,-0.3106445949461554
10857,hydro_reservoir,2030,213,9,9,-0.26637651734474443
10858,hydro_reservoir,2030,213,10,10,-0.2221084397433335
10859,hydro_reservoir,2030,213,11,11,-0.7416080711372008
10860,hydro_reservoir,2030,213,12,12,-0.6973399935357899
10861,hydro_reservoir,2030,213,13,13,-0.653071915934379
10862,hydro_reservoir,2030,213,14,14,-0.608803838332968
10863,hydro_reservoir,2030,213,15,15,-0.5645357607315571
10864,hydro_reservoir,2030,213,16,16,-0.5202676831301462
10865,hydro_reservoir,2030,213,17,17,-1.3438992190324535
10866,hydro_reservoir,2030,213,18,18,-1.2996311414310424
10867,hydro_reservoir,2030,213,19,19,-1.2553630638296314
10868,hydro_reservoir,2030,213,20,20,-1.2110949862282205
10869,hydro_reservoir,2030,213,21,21,-1.1668269086268097
10870,hydro_reservoir,2030,213,22,22,-1.1225588310253987
10871,hydro_reservoir,2030,213,23,23,-1.0782907534239876
10872,hydro_reservoir,2030,213,24,24,-1.0340226758225768
10873,hydro_reservoir,2030,214,1,1,-0.659927852882392
10874,hydro_reservoir,2030,214,2,2,-0.6149543079088471
10875,hydro_reservoir,2030,214,3,3,-0.5699807629353022
10876,hydro_reservoir,2030,214,4,4,-0.5250072179617571
10877,hydro_reservoir,2030,214,5,5,-0.48003367298821215
10878,hydro_reservoir,2030,214,6,6,-0.43506012801466715
10879,hydro_reservoir,2030,214,7,7,-0.39008658304112215
10880,hydro_reservoir,2030,214,8,8,-0.34511303806757715
10881,hydro_reservoir,2030,214,9,9,-0.30013949309403215
10882,hydro_reservoir,2030,214,10,10,-0.25516594812048715
10883,hydro_reservoir,2030,214,11,11,-0.21019240314694215
10884,hydro_reservoir,2030,214,12,12,-0.16521885817339715
10885,hydro_reservoir,2030,214,13,13,-0.12024531319985216
10886,hydro_reservoir,2030,214,14,14,-0.07527176822630716
10887,hydro_reservoir,2030,214,15,15,-0.030298223252762158
10888,hydro_reservoir,2030,214,16,16,0.014675321720782841
10889,hydro_reservoir,2030,214,17,17,0.05964886669432784
10890,hydro_reservoir,2030,214,18,18,0.10462241166787278
10891,hydro_reservoir,2030,214,19,19,0.14959595664141775
10892,hydro_reservoir,2030,214,20,20,0.19456950161496273
10893,hydro_reservoir,2030,214,21,21,0.2395430465885077
10894,hydro_reservoir,2030,214,22,22,0.28451659156205267
10895,hydro_reservoir,2030,214,23,23,0.32949013653559767
10896,hydro_reservoir,2030,214,24,24,0.3744636815091426
10897,hydro_reservoir,2030,215,1,1,-0.16522817244054838
10898,hydro_reservoir,2030,215,2,2,-0.0999724405181498
10899,hydro_reservoir,2030,215,3,3,-0.03471670859575121
10900,hydro_reservoir,2030,215,4,4,0.030539023326647374
10901,hydro_reservoir,2030,215,5,5,0.09579475524904596
10902,hydro_reservoir,2030,215,6,6,0.16105048717144455
10903,hydro_reservoir,2030,215,7,7,0.22630621909384313
10904,hydro_reservoir,2030,215,8,8,0.2915619510162417
10905,hydro_reservoir,2030,215,9,9,0.3568176829386403
10906,hydro_reservoir,2030,215,10,10,0.02319013390095409
10907,hydro_reservoir,2030,215,11,11,0.08844586582335268
10908,hydro_reservoir,2030,215,12,12,0.15370159774575126
10909,hydro_reservoir,2030,215,13,13,0.21895732966814985
10910,hydro_reservoir,2030,215,14,14,0.28421306159054843
10911,hydro_reservoir,2030,215,15,15,-0.4788608302153451
10912,hydro_reservoir,2030,215,16,16,-0.4136050982929465
10913,hydro_reservoir,2030,215,17,17,-1.1448861994750954
10914,hydro_reservoir,2030,215,18,18,-1.0796304675526969
10915,hydro_reservoir,2030,215,19,19,-1.0143747356302983
10916,hydro_reservoir,2030,215,20,20,-0.9491190037078998
10917,hydro_reservoir,2030,215,21,21,-0.8838632717855013
10918,hydro_reservoir,2030,215,22,22,-0.8186075398631028
10919,hydro_reservoir,2030,215,23,23,-1.2546503999978131
10920,hydro_reservoir,2030,215,24,24,-1.1893946680754146
10921,hydro_reservoir,2030,216,1,1,-0.47447105434371994
10922,hydro_reservoir,2030,216,2,2,-0.4167990966717623
10923,hydro_reservoir,2030,216,3,3,-0.8893769272828197
10924,hydro_reservoir,2030,216,4,4,-0.831704969610862
10925,hydro_reservoir,2030,216,5,5,-0.7740330119389044
10926,hydro_reservoir,2030,216,6,6,-0.7163610542669467
10927,hydro_reservoir,2030,216,7,7,-0.6586890965949891
10928,hydro_reservoir,2030,216,8,8,-0.6010171389230314
10929,hydro_reservoir,2030,216,9,9,-0.5433451812510738
10930,hydro_reservoir,2030,216,10,10,-0.48567322357911613
10931,hydro_reservoir,2030,216,11,11,-0.4280012659071585
10932,hydro_reservoir,2030,216,12,12,-0.3703293082352008
10933,hydro_reservoir,2030,216,13,13,-0.3126573505632432
10934,hydro_reservoir,2030,216,14,14,-0.7046776938357514
10935,hydro_reservoir,2030,216,15,15,-0.6470057361637938
10936,hydro_reservoir,2030,216,16,16,-0.5893337784918361
10937,hydro_reservoir,2030,216,17,17,-0.5316618208198785
10938,hydro_reservoir,2030,216,18,18,-0.4739898631479208
10939,hydro_reservoir,2030,216,19,19,-0.41631790547596315
10940,hydro_reservoir,2030,216,20,20,-0.3586459478040055
10941,hydro_reservoir,2030,216,21,21,-0.30097399013204784
10942,hydro_reservoir,2030,216,22,22,-0.24330203246009013
10943,hydro_reservoir,2030,216,23,23,-0.18563007478813245
10944,hydro_reservoir,2030,216,24,24,-0.12795811711617477
10945,hydro_reservoir,2030,217,1,1,-0.05017912453074477
10946,hydro_reservoir,2030,217,2,2,0.04082616647454623
10947,hydro_reservoir,2030,217,3,3,0.13183145747983724
10948,hydro_reservoir,2030,217,4,4,0.22283674848512824
10949,hydro_reservoir,2030,217,5,5,0.3138420394904192
10950,hydro_reservoir,2030,217,6,6,0.4048473304957102
10951,hydro_reservoir,2030,217,7,7,0.38309219297882136
10952,hydro_reservoir,2030,217,8,8,0.47409748398411233
10953,hydro_reservoir,2030,217,9,9,0.5651027749894033
10954,hydro_reservoir,2030,217,10,10,0.6561080659946943
10955,hydro_reservoir,2030,217,11,11,0.7471133569999853
10956,hydro_reservoir,2030,217,12,12,0.8381186480052762
10957,hydro_reservoir,2030,217,13,13,0.9291239390105672
10958,hydro_reservoir,2030,217,14,14,1.0201292300158582
10959,hydro_reservoir,2030,217,15,15,1.1111345210211492
10960,hydro_reservoir,2030,217,16,16,1.2021398120264402
10961,hydro_reservoir,2030,217,17,17,1.2931451030317311
10962,hydro_reservoir,2030,217,18,18,1.3841503940370221
10963,hydro_reservoir,2030,217,19,19,1.475155685042313
10964,hydro_reservoir,2030,217,20,20,1.566160976047604
10965,hydro_reservoir,2030,217,21,21,1.657166267052895
10966,hydro_reservoir,2030,217,22,22,1.7481715580581862
10967,hydro_reservoir,2030,217,23,23,1.8391768490634772
10968,hydro_reservoir,2030,217,24,24,1.9301821400687682
10969,hydro_reservoir,2030,218,1,1,0.09188712522045855
10970,hydro_reservoir,2030,218,2,2,0.1837742504409171
10971,hydro_reservoir,2030,218,3,3,0.27566137566137566
10972,hydro_reservoir,2030,218,4,4,0.3675485008818342
10973,hydro_reservoir,2030,218,5,5,0.45943562610229277
10974,hydro_reservoir,2030,218,6,6,0.5513227513227513
10975,hydro_reservoir,2030,218,7,7,0.6133697877895128
10976,hydro_reservoir,2030,218,8,8,0.6611076325169142
10977,hydro_reservoir,2030,218,9,9,0.5948547980233132
10978,hydro_reservoir,2030,218,10,10,0.5423918295681254
10979,hydro_reservoir,2030,218,11,11,0.5178937162952103
10980,hydro_reservoir,2030,218,12,12,0.4912236864720899
10981,hydro_reservoir,2030,218,13,13,0.5200311500336989
10982,hydro_reservoir,2030,218,14,14,0.5583956196037919
10983,hydro_reservoir,2030,218,15,15,0.5938539989535241
10984,hydro_reservoir,2030,218,16,16,0.6392796768405079
10985,hydro_reservoir,2030,218,17,17,0.6506742547178086
10986,hydro_reservoir,2030,218,18,18,0.5651855122294032
10987,hydro_reservoir,2030,218,19,19,0.4197787873406217
10988,hydro_reservoir,2030,218,20,20,-0.4883340874389198
10989,hydro_reservoir,2030,218,21,21,-0.6070182511061117
10990,hydro_reservoir,2030,218,22,22,-0.6734280118593912
10991,hydro_reservoir,2030,218,23,23,-0.6609718484605626
10992,hydro_reservoir,2030,218,24,24,-0.7105564503784757
10993,hydro_reservoir,2030,219,1,1,-0.01843332989499781
10994,hydro_reservoir,2030,219,2,2,-0.024924971664937744
10995,hydro_reservoir,2030,219,3,3,-0.02121241291992791
10996,hydro_reservoir,2030,219,4,4,-0.021316719336557433
10997,hydro_reservoir,2030,219,5,5,0.0598593015960783
10998,hydro_reservoir,2030,219,6,6,0.15174642681653686
10999,hydro_reservoir,2030,219,7,7,0.2150434894017651
11000,hydro_reservoir,2030,219,8,8,-0.6801298340630164
11001,hydro_reservoir,2030,219,9,9,-1.588242708842558
11002,hydro_reservoir,2030,219,10,10,-1.4963555836220994
11003,hydro_reservoir,2030,219,11,11,-1.404468458401641
11004,hydro_reservoir,2030,219,12,12,-1.3125813331811824
11005,hydro_reservoir,2030,219,13,13,-1.220694207960724
11006,hydro_reservoir,2030,219,14,14,-1.900171671348029
11007,hydro_reservoir,2030,219,15,15,-1.8082845461275707
11008,hydro_reservoir,2030,219,16,16,-1.716397420907112
11009,hydro_reservoir,2030,219,17,17,-1.6245102956866537
11010,hydro_reservoir,2030,219,18,18,-1.532623170466195
11011,hydro_reservoir,2030,219,19,19,-1.4407360452457365
11012,hydro_reservoir,2030,219,20,20,-1.348848920025278
11013,hydro_reservoir,2030,219,21,21,-1.2569617948048193
11014,hydro_reservoir,2030,219,22,22,-1.1650746695843608
11015,hydro_reservoir,2030,219,23,23,-1.0731875443639023
11016,hydro_reservoir,2030,219,24,24,-0.9813004191434437
11017,hydro_reservoir,2030,220,1,1,-0.8416269590734274
11018,hydro_reservoir,2030,220,2,2,-0.798593449373251
11019,hydro_reservoir,2030,220,3,3,-0.7555599396730747
11020,hydro_reservoir,2030,220,4,4,-0.7125264299728983
11021,hydro_reservoir,2030,220,5,5,-0.6694929202727219
11022,hydro_reservoir,2030,220,6,6,-0.6264594105725455
11023,hydro_reservoir,2030,220,7,7,-0.5834259008723691
11024,hydro_reservoir,2030,220,8,8,-0.5403923911721927
11025,hydro_reservoir,2030,220,9,9,-0.49735888147201635
11026,hydro_reservoir,2030,220,10,10,-0.45432537177183996
11027,hydro_reservoir,2030,220,11,11,-0.41129186207166357
11028,hydro_reservoir,2030,220,12,12,-0.3682583523714872
11029,hydro_reservoir,2030,220,13,13,-0.3252248426713108
11030,hydro_reservoir,2030,220,14,14,-0.2821913329711344
11031,hydro_reservoir,2030,220,15,15,-0.23915782327095805
11032,hydro_reservoir,2030,220,16,16,-0.19612431357078167
11033,hydro_reservoir,2030,220,17,17,-0.15309080387060528
11034,hydro_reservoir,2030,220,18,18,-0.1100572941704289
11035,hydro_reservoir,2030,220,19,19,-0.0670237844702525
11036,hydro_reservoir,2030,220,20,20,-0.023990274770076148
11037,hydro_reservoir,2030,220,21,21,0.01904323493010021
11038,hydro_reservoir,2030,220,22,22,0.062076744630276584
11039,hydro_reservoir,2030,220,23,23,0.10511025433045296
11040,hydro_reservoir,2030,220,24,24,0.14814376403062932
11041,hydro_reservoir,2030,221,1,1,-0.7429084045414784
11042,hydro_reservoir,2030,221,2,2,-0.6656597272928012
11043,hydro_reservoir,2030,221,3,3,-0.588411050044124
11044,hydro_reservoir,2030,221,4,4,-0.5111623727954467
11045,hydro_reservoir,2030,221,5,5,-0.4339136955467695
11046,hydro_reservoir,2030,221,6,6,-0.3566650182980923
11047,hydro_reservoir,2030,221,7,7,-0.27941634104941504
11048,hydro_reservoir,2030,221,8,8,-0.2021676638007378
11049,hydro_reservoir,2030,221,9,9,-0.12491898655206056
11050,hydro_reservoir,2030,221,10,10,-0.04767030930338331
11051,hydro_reservoir,2030,221,11,11,0.029578367945293935
11052,hydro_reservoir,2030,221,12,12,0.10682704519397118
11053,hydro_reservoir,2030,221,13,13,0.18407572244264842
11054,hydro_reservoir,2030,221,14,14,0.26132439969132565
11055,hydro_reservoir,2030,221,15,15,0.3385730769400029
11056,hydro_reservoir,2030,221,16,16,0.4158217541886801
11057,hydro_reservoir,2030,221,17,17,0.49307043143735735
11058,hydro_reservoir,2030,221,18,18,0.5703191086860346
11059,hydro_reservoir,2030,221,19,19,0.6475677859347119
11060,hydro_reservoir,2030,221,20,20,-0.2751835368166109
11061,hydro_reservoir,2030,221,21,21,-0.20736568047682075
11062,hydro_reservoir,2030,221,22,22,-0.13011700322814349
11063,hydro_reservoir,2030,221,23,23,-0.05286832597946624
11064,hydro_reservoir,2030,221,24,24,0.024380351269211006
11065,hydro_reservoir,2030,222,1,1,-0.8341089236773568
11066,hydro_reservoir,2030,222,2,2,-0.8043029272046937
11067,hydro_reservoir,2030,222,3,3,-0.7744969307320305
11068,hydro_reservoir,2030,222,4,4,-0.7446909342593674
11069,hydro_reservoir,2030,222,5,5,-0.7148849377867043
11070,hydro_reservoir,2030,222,6,6,-0.6850789413140411
11071,hydro_reservoir,2030,222,7,7,-0.655272944841378
11072,hydro_reservoir,2030,222,8,8,-0.6254669483687149
11073,hydro_reservoir,2030,222,9,9,-0.5956609518960517
11074,hydro_reservoir,2030,222,10,10,-0.5658549554233886
11075,hydro_reservoir,2030,222,11,11,-0.5360489589507255
11076,hydro_reservoir,2030,222,12,12,-0.5062429624780623
11077,hydro_reservoir,2030,222,13,13,-0.4764369660053992
11078,hydro_reservoir,2030,222,14,14,-0.44663096953273607
11079,hydro_reservoir,2030,222,15,15,-0.41682497306007293
11080,hydro_reservoir,2030,222,16,16,-0.38701897658740975
11081,hydro_reservoir,2030,222,17,17,-0.3572129801147466
11082,hydro_reservoir,2030,222,18,18,-0.3274069836420835
11083,hydro_reservoir,2030,222,19,19,-0.29760098716942035
11084,hydro_reservoir,2030,222,20,20,-0.2677949906967572
11085,hydro_reservoir,2030,222,21,21,-0.23798899422409409
11086,hydro_reservoir,2030,222,22,22,-0.20818299775143095
11087,hydro_reservoir,2030,222,23,23,-0.1783770012787678
11088,hydro_reservoir,2030,222,24,24,-0.14857100480610466
11089,hydro_reservoir,2030,223,1,1,0.06437389770723105
11090,hydro_reservoir,2030,223,2,2,0.1287477954144621
11091,hydro_reservoir,2030,223,3,3,-0.6232350417363303
11092,hydro_reservoir,2030,223,4,4,-1.374613938390523
11093,hydro_reservoir,2030,223,5,5,-1.310240040683292
11094,hydro_reservoir,2030,223,6,6,-1.245866142976061
11095,hydro_reservoir,2030,223,7,7,-1.18149224526883
11096,hydro_reservoir,2030,223,8,8,-1.117118347561599
11097,hydro_reservoir,2030,223,9,9,-1.0527444498543679
11098,hydro_reservoir,2030,223,10,10,-1.6235046410608178
11099,hydro_reservoir,2030,223,11,11,-1.5591307433535868
11100,hydro_reservoir,2030,223,12,12,-1.4947568456463558
11101,hydro_reservoir,2030,223,13,13,-1.4303829479391248
11102,hydro_reservoir,2030,223,14,14,-1.3660090502318938
11103,hydro_reservoir,2030,223,15,15,-1.8386583440199582
11104,hydro_reservoir,2030,223,16,16,-1.7742844463127272
11105,hydro_reservoir,2030,223,17,17,-1.7099105486054962
11106,hydro_reservoir,2030,223,18,18,-1.6455366508982652
11107,hydro_reservoir,2030,223,19,19,-2.0344163491919103
11108,hydro_reservoir,2030,223,20,20,-1.9700424514846795
11109,hydro_reservoir,2030,223,21,21,-1.9056685537774483
11110,hydro_reservoir,2030,223,22,22,-1.8412946560702173
11111,hydro_reservoir,2030,223,23,23,-1.7769207583629862
11112,hydro_reservoir,2030,223,24,24,-1.7125468606557552
11113,hydro_reservoir,2030,224,1,1,-0.20823469939545203
11114,hydro_reservoir,2030,224,2,2,-0.1749013660621187
11115,hydro_reservoir,2030,224,3,3,-0.14156803272878538
11116,hydro_reservoir,2030,224,4,4,-0.10823469939545205
11117,hydro_reservoir,2030,224,5,5,-0.07490136606211872
11118,hydro_reservoir,2030,224,6,6,-0.04156803272878539
11119,hydro_reservoir,2030,224,7,7,-0.008234699395452058
11120,hydro_reservoir,2030,224,8,8,0.025098633937881275
11121,hydro_reservoir,2030,224,9,9,0.05843196727121461
11122,hydro_reservoir,2030,224,10,10,-0.15922265773722505
11123,hydro_reservoir,2030,224,11,11,-0.12588932440389172
11124,hydro_reservoir,2030,224,12,12,-0.0925559910705584
11125,hydro_reservoir,2030,224,13,13,-0.059222657737225064
11126,hydro_reservoir,2030,224,14,14,-0.02588932440389173
11127,hydro_reservoir,2030,224,15,15,-0.4446668011520456
11128,hydro_reservoir,2030,224,16,16,-0.4113334678187123
11129,hydro_reservoir,2030,224,17,17,-0.37800013448537895
11130,hydro_reservoir,2030,224,18,18,-0.3446668011520456
11131,hydro_reservoir,2030,224,19,19,-0.3113334678187123
11132,hydro_reservoir,2030,224,20,20,-0.27800013448537897
11133,hydro_reservoir,2030,224,21,21,-0.9915748280732068
11134,hydro_reservoir,2030,224,22,22,-0.9582414947398735
11135,hydro_reservoir,2030,224,23,23,-0.9249081614065402
11136,hydro_reservoir,2030,224,24,24,-0.8915748280732069
11137,hydro_reservoir,2030,225,1,1,-0.7713196383390748
11138,hydro_reservoir,2030,225,2,2,-0.6803143473337838
11139,hydro_reservoir,2030,225,3,3,-0.5893090563284928
11140,hydro_reservoir,2030,225,4,4,-0.49830376532320186
11141,hydro_reservoir,2030,225,5,5,-0.4072984743179109
11142,hydro_reservoir,2030,225,6,6,-0.3162931833126199
11143,hydro_reservoir,2030,225,7,7,-0.2252878923073289
11144,hydro_reservoir,2030,225,8,8,-0.1342826013020379
11145,hydro_reservoir,2030,225,9,9,-0.07756683694343883
11146,hydro_reservoir,2030,225,10,10,-0.07036829353350404
11147,hydro_reservoir,2030,225,11,11,-0.07704707396047228
11148,hydro_reservoir,2030,225,12,12,-0.3691024514479623
11149,hydro_reservoir,2030,225,13,13,-0.31915897296388124
11150,hydro_reservoir,2030,225,14,14,-0.24100449094345527
11151,hydro_reservoir,2030,225,15,15,-0.14999919993816427
11152,hydro_reservoir,2030,225,16,16,-0.05899390893287326
11153,hydro_reservoir,2030,225,17,17,0.03201138207241774
11154,hydro_reservoir,2030,225,18,18,0.12301667307770875
11155,hydro_reservoir,2030,225,19,19,0.21402196408299975
11156,hydro_reservoir,2030,225,20,20,0.30502725508829076
11157,hydro_reservoir,2030,225,21,21,0.39603254609358174
11158,hydro_reservoir,2030,225,22,22,0.4870378370988727
11159,hydro_reservoir,2030,225,23,23,0.5780431281041637
11160,hydro_reservoir,2030,225,24,24,0.6690484191094547
11161,hydro_reservoir,2030,226,1,1,0.05379188712522046
11162,hydro_reservoir,2030,226,2,2,0.10758377425044093
11163,hydro_reservoir,2030,226,3,3,0.1613756613756614
11164,hydro_reservoir,2030,226,4,4,0.21516754850088185
11165,hydro_reservoir,2030,226,5,5,0.2654575104334919
11166,hydro_reservoir,2030,226,6,6,0.2841866095568293
11167,hydro_reservoir,2030,226,7,7,0.2668033912471467
11168,hydro_reservoir,2030,226,8,8,0.3205952783723672
11169,hydro_reservoir,2030,226,9,9,0.19179590775319494
11170,hydro_reservoir,2030,226,10,10,0.2455877948784154
11171,hydro_reservoir,2030,226,11,11,0.29937968200363585
11172,hydro_reservoir,2030,226,12,12,0.35317156912885633
11173,hydro_reservoir,2030,226,13,13,0.4069634562540768
11174,hydro_reservoir,2030,226,14,14,0.4607553433792973
11175,hydro_reservoir,2030,226,15,15,0.5145472305045178
11176,hydro_reservoir,2030,226,16,16,0.5683391176297382
11177,hydro_reservoir,2030,226,17,17,0.6221310047549586
11178,hydro_reservoir,2030,226,18,18,0.6759228918801791
11179,hydro_reservoir,2030,226,19,19,0.7297147790053995
11180,hydro_reservoir,2030,226,20,20,0.7835066661306199
11181,hydro_reservoir,2030,226,21,21,0.8372985532558403
11182,hydro_reservoir,2030,226,22,22,-0.07726500620640749
11183,hydro_reservoir,2030,226,23,23,-0.023473119081187026
11184,hydro_reservoir,2030,226,24,24,0.030318768044033436
11185,hydro_reservoir,2030,227,1,1,0.04479717813051146
11186,hydro_reservoir,2030,227,2,2,0.08959435626102293
11187,hydro_reservoir,2030,227,3,3,0.1343915343915344
11188,hydro_reservoir,2030,227,4,4,0.17918871252204585
11189,hydro_reservoir,2030,227,5,5,0.2239858906525573
11190,hydro_reservoir,2030,227,6,6,0.25618943966390795
11191,hydro_reservoir,2030,227,7,7,0.30098661779441943
11192,hydro_reservoir,2030,227,8,8,0.2131878466547844
11193,hydro_reservoir,2030,227,9,9,-0.7420149752147042
11194,hydro_reservoir,2030,227,10,10,-0.8558336803719272
11195,hydro_reservoir,2030,227,11,11,-0.8974995357573388
11196,hydro_reservoir,2030,227,12,12,-0.8988093823716194
11197,hydro_reservoir,2030,227,13,13,-1.854012204241108
11198,hydro_reservoir,2030,227,14,14,-1.8092150261105966
11199,hydro_reservoir,2030,227,15,15,-2.6309194607626476
11200,hydro_reservoir,2030,227,16,16,-2.5861222826321364
11201,hydro_reservoir,2030,227,17,17,-2.5413251045016247
11202,hydro_reservoir,2030,227,18,18,-2.4965279263711135
11203,hydro_reservoir,2030,227,19,19,-2.451730748240602
11204,hydro_reservoir,2030,227,20,20,-2.4069335701100902
11205,hydro_reservoir,2030,227,21,21,-2.362136391979579
11206,hydro_reservoir,2030,227,22,22,-2.3173392138490674
11207,hydro_reservoir,2030,227,23,23,-2.272542035718556
11208,hydro_reservoir,2030,227,24,24,-2.2277448575880445
11209,hydro_reservoir,2030,228,1,1,-0.46945816683505565
11210,hydro_reservoir,2030,228,2,2,-0.3775710416145971
11211,hydro_reservoir,2030,228,3,3,-0.28568391639413854
11212,hydro_reservoir,2030,228,4,4,-0.19379679117367998
11213,hydro_reservoir,2030,228,5,5,-0.10190966595322143
11214,hydro_reservoir,2030,228,6,6,-0.010022540732762875
11215,hydro_reservoir,2030,228,7,7,0.08186458448769568
11216,hydro_reservoir,2030,228,8,8,0.17375170970815423
11217,hydro_reservoir,2030,228,9,9,-0.3069742577065404
11218,hydro_reservoir,2030,228,10,10,-0.2150871324860819
11219,hydro_reservoir,2030,228,11,11,-0.12320000726562341
11220,hydro_reservoir,2030,228,12,12,-0.031312882045164914
11221,hydro_reservoir,2030,228,13,13,0.060574243175293585
11222,hydro_reservoir,2030,228,14,14,0.15246136839575208
11223,hydro_reservoir,2030,228,15,15,0.24434849361621058
11224,hydro_reservoir,2030,228,16,16,0.3362356188366691
11225,hydro_reservoir,2030,228,17,17,0.4281227440571276
11226,hydro_reservoir,2030,228,18,18,0.5200098692775862
11227,hydro_reservoir,2030,228,19,19,0.6118969944980448
11228,hydro_reservoir,2030,228,20,20,0.7037841197185033
11229,hydro_reservoir,2030,228,21,21,0.7956712449389618
11230,hydro_reservoir,2030,228,22,22,0.8875583701594204
11231,hydro_reservoir,2030,228,23,23,0.979445495379879
11232,hydro_reservoir,2030,228,24,24,1.0713326206003375
11233,hydro_reservoir,2030,229,1,1,0.056084656084656084
11234,hydro_reservoir,2030,229,2,2,-0.6394231010832363
11235,hydro_reservoir,2030,229,3,3,-0.5833384449985802
11236,hydro_reservoir,2030,229,4,4,-0.5272537889139242
11237,hydro_reservoir,2030,229,5,5,-0.4711691328292681
11238,hydro_reservoir,2030,229,6,6,-0.415084476744612
11239,hydro_reservoir,2030,229,7,7,-0.35899982065995595
11240,hydro_reservoir,2030,229,8,8,-0.9421424813854629
11241,hydro_reservoir,2030,229,9,9,-0.8860578253008068
11242,hydro_reservoir,2030,229,10,10,-0.8299731692161507
11243,hydro_reservoir,2030,229,11,11,-0.7738885131314946
11244,hydro_reservoir,2030,229,12,12,-0.7178038570468386
11245,hydro_reservoir,2030,229,13,13,-0.6617192009621825
11246,hydro_reservoir,2030,229,14,14,-0.6056345448775264
11247,hydro_reservoir,2030,229,15,15,-1.225235340111325
11248,hydro_reservoir,2030,229,16,16,-1.1691506840266688
11249,hydro_reservoir,2030,229,17,17,-1.1130660279420126
11250,hydro_reservoir,2030,229,18,18,-1.0569813718573564
11251,hydro_reservoir,2030,229,19,19,-1.0008967157727002
11252,hydro_reservoir,2030,229,20,20,-1.5244885467970803
11253,hydro_reservoir,2030,229,21,21,-1.4684038907124244
11254,hydro_reservoir,2030,229,22,22,-1.4123192346277682
11255,hydro_reservoir,2030,229,23,23,-1.3562345785431122
11256,hydro_reservoir,2030,229,24,24,-1.300149922458456
11257,hydro_reservoir,2030,230,1,1,0.03721340388007054
11258,hydro_reservoir,2030,230,2,2,0.07442680776014109
11259,hydro_reservoir,2030,230,3,3,0.11164021164021162
11260,hydro_reservoir,2030,230,4,4,0.14885361552028217
11261,hydro_reservoir,2030,230,5,5,0.18606701940035272
11262,hydro_reservoir,2030,230,6,6,-0.6578813254492568
11263,hydro_reservoir,2030,230,7,7,-0.6206679215691863
11264,hydro_reservoir,2030,230,8,8,-1.5487473876009483
11265,hydro_reservoir,2030,230,9,9,-1.5228163782539799
11266,hydro_reservoir,2030,230,10,10,-1.4868589478441212
11267,hydro_reservoir,2030,230,11,11,-1.4496455439640508
11268,hydro_reservoir,2030,230,12,12,-1.4124321400839803
11269,hydro_reservoir,2030,230,13,13,-1.3752187362039099
11270,hydro_reservoir,2030,230,14,14,-1.3380053323238394
11271,hydro_reservoir,2030,230,15,15,-1.300791928443769
11272,hydro_reservoir,2030,230,16,16,-1.2635785245636986
11273,hydro_reservoir,2030,230,17,17,-1.2263651206836281
11274,hydro_reservoir,2030,230,18,18,-1.1891517168035577
11275,hydro_reservoir,2030,230,19,19,-1.7877871618184404
11276,hydro_reservoir,2030,230,20,20,-1.75057375793837
11277,hydro_reservoir,2030,230,21,21,-1.7133603540582993
11278,hydro_reservoir,2030,230,22,22,-1.676146950178229
11279,hydro_reservoir,2030,230,23,23,-1.6389335462981582
11280,hydro_reservoir,2030,230,24,24,-1.6017201424180878
11281,hydro_reservoir,2030,231,1,1,-0.054495065006808174
11282,hydro_reservoir,2030,231,2,2,-0.010403354248430752
11283,hydro_reservoir,2030,231,3,3,-0.051068112282196924
11284,hydro_reservoir,2030,231,4,4,-0.006976401523819502
11285,hydro_reservoir,2030,231,5,5,0.03711530923455792
11286,hydro_reservoir,2030,231,6,6,0.08120701999293534
11287,hydro_reservoir,2030,231,7,7,0.0202578570427631
11288,hydro_reservoir,2030,231,8,8,0.06434956780114053
11289,hydro_reservoir,2030,231,9,9,0.10844127855951795
11290,hydro_reservoir,2030,231,10,10,0.15253298931789538
11291,hydro_reservoir,2030,231,11,11,0.1966247000762728
11292,hydro_reservoir,2030,231,12,12,-0.0726201116402871
11293,hydro_reservoir,2030,231,13,13,-0.02852840088190968
11294,hydro_reservoir,2030,231,14,14,0.015563309876467743
11295,hydro_reservoir,2030,231,15,15,0.059655020634845166
11296,hydro_reservoir,2030,231,16,16,0.10374673139322259
11297,hydro_reservoir,2030,231,17,17,-0.03606162027184695
11298,hydro_reservoir,2030,231,18,18,0.008030090486530472
11299,hydro_reservoir,2030,231,19,19,0.052121801244907895
11300,hydro_reservoir,2030,231,20,20,0.09621351200328532
11301,hydro_reservoir,2030,231,21,21,-0.09948162268867178
11302,hydro_reservoir,2030,231,22,22,-0.055389911930294355
11303,hydro_reservoir,2030,231,23,23,-0.16572750241715797
11304,hydro_reservoir,2030,231,24,24,-0.12163579165878055
11305,hydro_reservoir,2030,232,1,1,-0.25542165602431005
11306,hydro_reservoir,2030,232,2,2,-0.2141518147544688
11307,hydro_reservoir,2030,232,3,3,-0.17288197348462753
11308,hydro_reservoir,2030,232,4,4,-0.13161213221478626
11309,hydro_reservoir,2030,232,5,5,-0.090342290944945
11310,hydro_reservoir,2030,232,6,6,-0.049072449675103734
11311,hydro_reservoir,2030,232,7,7,-0.007802608405262465
11312,hydro_reservoir,2030,232,8,8,0.033467232864578804
11313,hydro_reservoir,2030,232,9,9,-0.2658326604134281
11314,hydro_reservoir,2030,232,10,10,-0.22456281914358686
11315,hydro_reservoir,2030,232,11,11,-0.1832929778737456
11316,hydro_reservoir,2030,232,12,12,-0.14202313660390434
11317,hydro_reservoir,2030,232,13,13,-0.10075329533406308
11318,hydro_reservoir,2030,232,14,14,-0.05948345406422181
11319,hydro_reservoir,2030,232,15,15,-0.018213612794380538
11320,hydro_reservoir,2030,232,16,16,0.013747191721799945
11321,hydro_reservoir,2030,232,17,17,-0.014016699207396996
11322,hydro_reservoir,2030,232,18,18,-0.9727468579375558
11323,hydro_reservoir,2030,232,19,19,-0.9916466936141304
11324,hydro_reservoir,2030,232,20,20,-1.0000938938424897
11325,hydro_reservoir,2030,232,21,21,-1.0025291639141383
11326,hydro_reservoir,2030,232,22,22,-0.9886843996463742
11327,hydro_reservoir,2030,232,23,23,-0.9573617480126881
11328,hydro_reservoir,2030,232,24,24,-0.9160919067428469
11329,hydro_reservoir,2030,233,1,1,0.04409171075837742
11330,hydro_reservoir,2030,233,2,2,0.08818342151675485
11331,hydro_reservoir,2030,233,3,3,0.13227513227513227
11332,hydro_reservoir,2030,233,4,4,0.1763668430335097
11333,hydro_reservoir,2030,233,5,5,0.2204585537918871
11334,hydro_reservoir,2030,233,6,6,0.26455026455026454
11335,hydro_reservoir,2030,233,7,7,0.30864197530864196
11336,hydro_reservoir,2030,233,8,8,0.3527336860670194
11337,hydro_reservoir,2030,233,9,9,0.3968253968253968
11338,hydro_reservoir,2030,233,10,10,-0.01488518420134921
11339,hydro_reservoir,2030,233,11,11,0.029206526557028212
11340,hydro_reservoir,2030,233,12,12,0.07329823731540563
11341,hydro_reservoir,2030,233,13,13,0.11738994807378306
11342,hydro_reservoir,2030,233,14,14,0.16148165883216048
11343,hydro_reservoir,2030,233,15,15,-0.3309308159185359
11344,hydro_reservoir,2030,233,16,16,-0.2868391051601585
11345,hydro_reservoir,2030,233,17,17,-0.24274739440178106
11346,hydro_reservoir,2030,233,18,18,-0.7831135966812026
11347,hydro_reservoir,2030,233,19,19,-1.4070527205146703
11348,hydro_reservoir,2030,233,20,20,-2.059740865023846
11349,hydro_reservoir,2030,233,21,21,-2.0156491542654686
11350,hydro_reservoir,2030,233,22,22,-1.9715574435070913
11351,hydro_reservoir,2030,233,23,23,-1.927465732748714
11352,hydro_reservoir,2030,233,24,24,-1.8833740219903365
11353,hydro_reservoir,2030,234,1,1,-0.5584321756448218
11354,hydro_reservoir,2030,234,2,2,-0.5235115407241869
11355,hydro_reservoir,2030,234,3,3,-0.488590905803552
11356,hydro_reservoir,2030,234,4,4,-0.4536702708829171
11357,hydro_reservoir,2030,234,5,5,-0.4187496359622822
11358,hydro_reservoir,2030,234,6,6,-0.8179929663443738
11359,hydro_reservoir,2030,234,7,7,-0.7830723314237389
11360,hydro_reservoir,2030,234,8,8,-0.748151696503104
11361,hydro_reservoir,2030,234,9,9,-0.7132310615824691
11362,hydro_reservoir,2030,234,10,10,-0.678310426661834
11363,hydro_reservoir,2030,234,11,11,-0.6433897917411991
11364,hydro_reservoir,2030,234,12,12,-0.6084691568205642
11365,hydro_reservoir,2030,234,13,13,-0.5735485218999293
11366,hydro_reservoir,2030,234,14,14,-0.5386278869792944
11367,hydro_reservoir,2030,234,15,15,-0.5037072520586595
11368,hydro_reservoir,2030,234,16,16,-0.4687866171380246
11369,hydro_reservoir,2030,234,17,17,-0.4338659822173897
11370,hydro_reservoir,2030,234,18,18,-0.3989453472967548
11371,hydro_reservoir,2030,234,19,19,-0.3640247123761199
11372,hydro_reservoir,2030,234,20,20,-0.329104077455485
11373,hydro_reservoir,2030,234,21,21,-0.29418344253485007
11374,hydro_reservoir,2030,234,22,22,-0.25926280761421516
11375,hydro_reservoir,2030,234,23,23,-0.22434217269358026
11376,hydro_reservoir,2030,234,24,24,-0.18942153777294532
11377,hydro_reservoir,2030,235,1,1,-0.16300041489231282
11378,hydro_reservoir,2030,235,2,2,-0.1227887746806726
11379,hydro_reservoir,2030,235,3,3,-0.08257713446903239
11380,hydro_reservoir,2030,235,4,4,-0.04236549425739218
11381,hydro_reservoir,2030,235,5,5,-0.18832866860795824
11382,hydro_reservoir,2030,235,6,6,-0.14811702839631802
11383,hydro_reservoir,2030,235,7,7,-0.1079053881846778
11384,hydro_reservoir,2030,235,8,8,-0.5926177200578322
11385,hydro_reservoir,2030,235,9,9,-0.5524060798461919
11386,hydro_reservoir,2030,235,10,10,-0.5121944396345517
11387,hydro_reservoir,2030,235,11,11,-0.4719827994229115
11388,hydro_reservoir,2030,235,12,12,-0.4317711592112713
11389,hydro_reservoir,2030,235,13,13,-0.3915595189996311
11390,hydro_reservoir,2030,235,14,14,-0.3513478787879909
11391,hydro_reservoir,2030,235,15,15,-0.3111362385763507
11392,hydro_reservoir,2030,235,16,16,-0.2709245983647105
11393,hydro_reservoir,2030,235,17,17,-0.2307129581530703
11394,hydro_reservoir,2030,235,18,18,-0.1905013179414301
11395,hydro_reservoir,2030,235,19,19,-0.1502896777297899
11396,hydro_reservoir,2030,235,20,20,-1.1100780375181496
11397,hydro_reservoir,2030,235,21,21,-1.08573697545723
11398,hydro_reservoir,2030,235,22,22,-1.0455253352455898
11399,hydro_reservoir,2030,235,23,23,-1.0055349894496843
11400,hydro_reservoir,2030,235,24,24,-0.9653233492380441
11401,hydro_reservoir,2030,236,1,1,-0.8502758960944234
11402,hydro_reservoir,2030,236,2,2,-0.8109460900979508
11403,hydro_reservoir,2030,236,3,3,-0.7716162841014782
11404,hydro_reservoir,2030,236,4,4,-0.7322864781050056
11405,hydro_reservoir,2030,236,5,5,-0.692956672108533
11406,hydro_reservoir,2030,236,6,6,-0.6536268661120603
11407,hydro_reservoir,2030,236,7,7,-0.6142970601155877
11408,hydro_reservoir,2030,236,8,8,-0.5749672541191151
11409,hydro_reservoir,2030,236,9,9,-0.5356374481226425
11410,hydro_reservoir,2030,236,10,10,-0.4963076421261698
11411,hydro_reservoir,2030,236,11,11,-0.4569778361296971
11412,hydro_reservoir,2030,236,12,12,-0.41764803013322443
11413,hydro_reservoir,2030,236,13,13,-0.37831822413675176
11414,hydro_reservoir,2030,236,14,14,-0.3389884181402791
11415,hydro_reservoir,2030,236,15,15,-0.2996586121438064
11416,hydro_reservoir,2030,236,16,16,-0.2603288061473337
11417,hydro_reservoir,2030,236,17,17,-0.22099900015086105
11418,hydro_reservoir,2030,236,18,18,-1.0255257201644883
11419,hydro_reservoir,2030,236,19,19,-0.9861959141680157
11420,hydro_reservoir,2030,236,20,20,-0.946866108171543
11421,hydro_reservoir,2030,236,21,21,-0.9075363021750703
11422,hydro_reservoir,2030,236,22,22,-0.8682064961785977
11423,hydro_reservoir,2030,236,23,23,-0.828876690182125
11424,hydro_reservoir,2030,236,24,24,-0.7895468841856523
11425,hydro_reservoir,2030,237,1,1,-0.5125830346528435
11426,hydro_reservoir,2030,237,2,2,-0.47272412812727027
11427,hydro_reservoir,2030,237,3,3,-0.43286522160169705
11428,hydro_reservoir,2030,237,4,4,-0.3930063150761238
11429,hydro_reservoir,2030,237,5,5,-0.3531474085505506
11430,hydro_reservoir,2030,237,6,6,-0.3132885020249774
11431,hydro_reservoir,2030,237,7,7,-0.27342959549940415
11432,hydro_reservoir,2030,237,8,8,-0.23357068897383096
11433,hydro_reservoir,2030,237,9,9,-0.19371178244825776
11434,hydro_reservoir,2030,237,10,10,-0.15385287592268457
11435,hydro_reservoir,2030,237,11,11,-0.11399396939711137
11436,hydro_reservoir,2030,237,12,12,-0.5645103585234682
11437,hydro_reservoir,2030,237,13,13,-0.524651451997895
11438,hydro_reservoir,2030,237,14,14,-0.48479254547232176
11439,hydro_reservoir,2030,237,15,15,-0.44493363894674853
11440,hydro_reservoir,2030,237,16,16,-0.4050747324211753
11441,hydro_reservoir,2030,237,17,17,-0.3652158258956021
11442,hydro_reservoir,2030,237,18,18,-0.325356919370029
11443,hydro_reservoir,2030,237,19,19,-0.28549801284445575
11444,hydro_reservoir,2030,237,20,20,-0.24563910631888256
11445,hydro_reservoir,2030,237,21,21,-0.20578019979330936
11446,hydro_reservoir,2030,237,22,22,-0.16592129326773616
11447,hydro_reservoir,2030,237,23,23,-0.12606238674216297
11448,hydro_reservoir,2030,237,24,24,-0.08620348021658977
11449,hydro_reservoir,2030,238,1,1,-0.05756876872483391
11450,hydro_reservoir,2030,238,2,2,0.03431835649562465
11451,hydro_reservoir,2030,238,3,3,0.1262054817160832
11452,hydro_reservoir,2030,238,4,4,0.21809260693654176
11453,hydro_reservoir,2030,238,5,5,-0.015936265744543897
11454,hydro_reservoir,2030,238,6,6,0.07595085947591465
11455,hydro_reservoir,2030,238,7,7,0.1678379846963732
11456,hydro_reservoir,2030,238,8,8,0.25972510991683173
11457,hydro_reservoir,2030,238,9,9,0.3516122351372903
11458,hydro_reservoir,2030,238,10,10,0.44349936035774884
11459,hydro_reservoir,2030,238,11,11,0.5353864855782073
11460,hydro_reservoir,2030,238,12,12,0.2370416556532599
11461,hydro_reservoir,2030,238,13,13,0.32892878087371846
11462,hydro_reservoir,2030,238,14,14,0.420815906094177
11463,hydro_reservoir,2030,238,15,15,0.5127030313146356
11464,hydro_reservoir,2030,238,16,16,0.6045901565350942
11465,hydro_reservoir,2030,238,17,17,0.6964772817555527
11466,hydro_reservoir,2030,238,18,18,0.7627118633475247
11467,hydro_reservoir,2030,238,19,19,0.7807336554255604
11468,hydro_reservoir,2030,238,20,20,0.8726207806460189
11469,hydro_reservoir,2030,238,21,21,0.9645079058664774
11470,hydro_reservoir,2030,238,22,22,1.0563950310869359
11471,hydro_reservoir,2030,238,23,23,1.1482821563073944
11472,hydro_reservoir,2030,238,24,24,1.0859344601514205
11473,hydro_reservoir,2030,239,1,1,-0.6872814779056479
11474,hydro_reservoir,2030,239,2,2,-0.6470698376940076
11475,hydro_reservoir,2030,239,3,3,-0.6068581974823674
11476,hydro_reservoir,2030,239,4,4,-0.5666465572707271
11477,hydro_reservoir,2030,239,5,5,-0.5264349170590868
11478,hydro_reservoir,2030,239,6,6,-0.48622327684744665
11479,hydro_reservoir,2030,239,7,7,-0.44601163663580645
11480,hydro_reservoir,2030,239,8,8,-0.40579999642416625
11481,hydro_reservoir,2030,239,9,9,-0.36558835621252606
11482,hydro_reservoir,2030,239,10,10,-0.9746629991337652
11483,hydro_reservoir,2030,239,11,11,-0.9344513589221248
11484,hydro_reservoir,2030,239,12,12,-0.8942397187104847
11485,hydro_reservoir,2030,239,13,13,-0.8540280784988445
11486,hydro_reservoir,2030,239,14,14,-0.8138164382872043
11487,hydro_reservoir,2030,239,15,15,-0.773604798075564
11488,hydro_reservoir,2030,239,16,16,-0.7333931578639239
11489,hydro_reservoir,2030,239,17,17,-0.6931815176522838
11490,hydro_reservoir,2030,239,18,18,-0.6529698774406435
11491,hydro_reservoir,2030,239,19,19,-0.6127582372290032
11492,hydro_reservoir,2030,239,20,20,-0.5725465970173631
11493,hydro_reservoir,2030,239,21,21,-0.5323349568057228
11494,hydro_reservoir,2030,239,22,22,-0.4921233165940827
11495,hydro_reservoir,2030,239,23,23,-0.45191167638244245
11496,hydro_reservoir,2030,239,24,24,-0.41170003617080225
11497,hydro_reservoir,2030,240,1,1,0.0472663139329806
11498,hydro_reservoir,2030,240,2,2,0.0945326278659612
11499,hydro_reservoir,2030,240,3,3,0.1417989417989418
11500,hydro_reservoir,2030,240,4,4,0.1890652557319224
11501,hydro_reservoir,2030,240,5,5,0.23633156966490299
11502,hydro_reservoir,2030,240,6,6,0.28359788359788357
11503,hydro_reservoir,2030,240,7,7,0.33086419753086416
11504,hydro_reservoir,2030,240,8,8,0.37813051146384474
11505,hydro_reservoir,2030,240,9,9,0.42539682539682533
11506,hydro_reservoir,2030,240,10,10,0.4726631393298059
11507,hydro_reservoir,2030,240,11,11,0.5199294532627865
11508,hydro_reservoir,2030,240,12,12,0.5671957671957671
11509,hydro_reservoir,2030,240,13,13,0.6144620811287478
11510,hydro_reservoir,2030,240,14,14,0.6617283950617284
11511,hydro_reservoir,2030,240,15,15,0.7089947089947091
11512,hydro_reservoir,2030,240,16,16,0.7562610229276897
11513,hydro_reservoir,2030,240,17,17,0.8035273368606703
11514,hydro_reservoir,2030,240,18,18,0.850793650793651
11515,hydro_reservoir,2030,240,19,19,0.8980599647266316
11516,hydro_reservoir,2030,240,20,20,0.9453262786596123
11517,hydro_reservoir,2030,240,21,21,0.9925925925925929
11518,hydro_reservoir,2030,240,22,22,1.0398589065255734
11519,hydro_reservoir,2030,240,23,23,1.087125220458554
11520,hydro_reservoir,2030,240,24,24,1.1343915343915345
