id,asset,milestone_year,rep_period,time_block_start,time_block_end,solution
1,h2_storage,2030,1,1,1,0.0
2,h2_storage,2030,1,2,2,0.0
3,h2_storage,2030,1,3,3,0.01059362580271081
4,h2_storage,2030,1,4,4,0.02118725160542162
5,h2_storage,2030,1,5,5,0.03178087740813243
6,h2_storage,2030,1,6,6,0.04237450321084324
7,h2_storage,2030,1,7,7,0.05296812901355405
8,h2_storage,2030,1,8,8,0.06356175481626486
9,h2_storage,2030,1,9,9,0.06356175481626486
10,h2_storage,2030,1,10,10,0.06356175481626486
11,h2_storage,2030,1,11,11,0.06356175481626486
12,h2_storage,2030,1,12,12,0.06356175481626486
13,h2_storage,2030,1,13,13,0.06356175481626486
14,h2_storage,2030,1,14,14,0.06356175481626486
15,h2_storage,2030,1,15,15,0.06356175481626486
16,h2_storage,2030,1,16,16,0.06356175481626486
17,h2_storage,2030,1,17,17,0.06356175481626486
18,h2_storage,2030,1,18,18,0.06356175481626486
19,h2_storage,2030,1,19,19,0.06356175481626486
20,h2_storage,2030,1,20,20,0.06356175481626486
21,h2_storage,2030,1,21,21,0.06356175481626486
22,h2_storage,2030,1,22,22,0.06356175481626486
23,h2_storage,2030,1,23,23,0.06356175481626486
24,h2_storage,2030,1,24,24,0.06356175481626486
25,h2_storage,2030,2,1,1,0.0
26,h2_storage,2030,2,2,2,0.0
27,h2_storage,2030,2,3,3,0.0
28,h2_storage,2030,2,4,4,0.0
29,h2_storage,2030,2,5,5,0.0
30,h2_storage,2030,2,6,6,0.0
31,h2_storage,2030,2,7,7,0.0
32,h2_storage,2030,2,8,8,0.0
33,h2_storage,2030,2,9,9,0.0
34,h2_storage,2030,2,10,10,0.0
35,h2_storage,2030,2,11,11,0.0
36,h2_storage,2030,2,12,12,0.0
37,h2_storage,2030,2,13,13,0.0
38,h2_storage,2030,2,14,14,0.0
39,h2_storage,2030,2,15,15,0.0
40,h2_storage,2030,2,16,16,0.0
41,h2_storage,2030,2,17,17,0.0
42,h2_storage,2030,2,18,18,0.0
43,h2_storage,2030,2,19,19,0.0
44,h2_storage,2030,2,20,20,0.0
45,h2_storage,2030,2,21,21,0.0
46,h2_storage,2030,2,22,22,0.0
47,h2_storage,2030,2,23,23,0.0
48,h2_storage,2030,2,24,24,0.0
49,h2_storage,2030,3,1,1,0.0
50,h2_storage,2030,3,2,2,0.0
51,h2_storage,2030,3,3,3,0.0
52,h2_storage,2030,3,4,4,0.0
53,h2_storage,2030,3,5,5,0.0
54,h2_storage,2030,3,6,6,0.0
55,h2_storage,2030,3,7,7,0.0
56,h2_storage,2030,3,8,8,0.0
57,h2_storage,2030,3,9,9,0.0
58,h2_storage,2030,3,10,10,0.0
59,h2_storage,2030,3,11,11,0.0
60,h2_storage,2030,3,12,12,0.0
61,h2_storage,2030,3,13,13,0.0
62,h2_storage,2030,3,14,14,0.0
63,h2_storage,2030,3,15,15,0.0
64,h2_storage,2030,3,16,16,0.0
65,h2_storage,2030,3,17,17,0.0
66,h2_storage,2030,3,18,18,0.0
67,h2_storage,2030,3,19,19,0.0
68,h2_storage,2030,3,20,20,0.0
69,h2_storage,2030,3,21,21,0.0
70,h2_storage,2030,3,22,22,0.0
71,h2_storage,2030,3,23,23,0.0
72,h2_storage,2030,3,24,24,0.008434534712995254
73,h2_storage,2030,4,1,1,0.0
74,h2_storage,2030,4,2,2,0.0
75,h2_storage,2030,4,3,3,0.0
76,h2_storage,2030,4,4,4,0.0
77,h2_storage,2030,4,5,5,0.0
78,h2_storage,2030,4,6,6,0.0
79,h2_storage,2030,4,7,7,0.0
80,h2_storage,2030,4,8,8,0.0
81,h2_storage,2030,4,9,9,0.0
82,h2_storage,2030,4,10,10,0.0
83,h2_storage,2030,4,11,11,0.0
84,h2_storage,2030,4,12,12,0.0
85,h2_storage,2030,4,13,13,0.0
86,h2_storage,2030,4,14,14,0.0
87,h2_storage,2030,4,15,15,0.0
88,h2_storage,2030,4,16,16,0.0
89,h2_storage,2030,4,17,17,0.0
90,h2_storage,2030,4,18,18,0.0
91,h2_storage,2030,4,19,19,0.0
92,h2_storage,2030,4,20,20,0.0
93,h2_storage,2030,4,21,21,0.0
94,h2_storage,2030,4,22,22,0.0
95,h2_storage,2030,4,23,23,0.0
96,h2_storage,2030,4,24,24,0.0
97,h2_storage,2030,5,1,1,0.0
98,h2_storage,2030,5,2,2,0.0
99,h2_storage,2030,5,3,3,0.0
100,h2_storage,2030,5,4,4,0.0
101,h2_storage,2030,5,5,5,0.0
102,h2_storage,2030,5,6,6,0.0
103,h2_storage,2030,5,7,7,0.0
104,h2_storage,2030,5,8,8,0.0
105,h2_storage,2030,5,9,9,0.0
106,h2_storage,2030,5,10,10,-0.04739951027337014
107,h2_storage,2030,5,11,11,-0.04739951027337014
108,h2_storage,2030,5,12,12,-0.04739951027337014
109,h2_storage,2030,5,13,13,-0.04739951027337014
110,h2_storage,2030,5,14,14,-0.04739951027337014
111,h2_storage,2030,5,15,15,-0.04739951027337014
112,h2_storage,2030,5,16,16,-0.04739951027337014
113,h2_storage,2030,5,17,17,-0.04739951027337014
114,h2_storage,2030,5,18,18,-0.04739951027337014
115,h2_storage,2030,5,19,19,-0.04739951027337014
116,h2_storage,2030,5,20,20,-0.04739951027337014
117,h2_storage,2030,5,21,21,-0.04739951027337014
118,h2_storage,2030,5,22,22,-0.04739951027337014
119,h2_storage,2030,5,23,23,-0.04739951027337014
120,h2_storage,2030,5,24,24,-0.04739951027337014
121,h2_storage,2030,6,1,1,0.0
122,h2_storage,2030,6,2,2,0.0
123,h2_storage,2030,6,3,3,0.0
124,h2_storage,2030,6,4,4,0.0
125,h2_storage,2030,6,5,5,0.0
126,h2_storage,2030,6,6,6,0.0
127,h2_storage,2030,6,7,7,0.0
128,h2_storage,2030,6,8,8,0.0
129,h2_storage,2030,6,9,9,0.0
130,h2_storage,2030,6,10,10,0.0
131,h2_storage,2030,6,11,11,0.0
132,h2_storage,2030,6,12,12,0.0
133,h2_storage,2030,6,13,13,0.0
134,h2_storage,2030,6,14,14,0.0
135,h2_storage,2030,6,15,15,0.0
136,h2_storage,2030,6,16,16,0.0
137,h2_storage,2030,6,17,17,0.0
138,h2_storage,2030,6,18,18,0.0
139,h2_storage,2030,6,19,19,0.0
140,h2_storage,2030,6,20,20,0.0
141,h2_storage,2030,6,21,21,0.0
142,h2_storage,2030,6,22,22,-0.07488678826336
143,h2_storage,2030,6,23,23,-0.07488678826336001
144,h2_storage,2030,6,24,24,-0.07488678826336001
145,h2_storage,2030,7,1,1,0.0
146,h2_storage,2030,7,2,2,-0.04658496545119181
147,h2_storage,2030,7,3,3,-0.04658496545119181
148,h2_storage,2030,7,4,4,-0.04658496545119181
149,h2_storage,2030,7,5,5,-0.10346901779418521
150,h2_storage,2030,7,6,6,-0.10346901779418521
151,h2_storage,2030,7,7,7,-0.10346901779418521
152,h2_storage,2030,7,8,8,-0.10346901779418521
153,h2_storage,2030,7,9,9,-0.10346901779418521
154,h2_storage,2030,7,10,10,-0.10346901779418521
155,h2_storage,2030,7,11,11,-0.25731517164033907
156,h2_storage,2030,7,12,12,-0.25731517164033907
157,h2_storage,2030,7,13,13,-0.25731517164033907
158,h2_storage,2030,7,14,14,-0.25731517164033907
159,h2_storage,2030,7,15,15,-0.25731517164033907
160,h2_storage,2030,7,16,16,-0.25731517164033907
161,h2_storage,2030,7,17,17,-0.25731517164033907
162,h2_storage,2030,7,18,18,-0.25731517164033907
163,h2_storage,2030,7,19,19,-0.25731517164033907
164,h2_storage,2030,7,20,20,-0.25731517164033907
165,h2_storage,2030,7,21,21,-0.25731517164033907
166,h2_storage,2030,7,22,22,-0.25731517164033907
167,h2_storage,2030,7,23,23,-0.25731517164033907
168,h2_storage,2030,7,24,24,-0.24911959656791038
169,h2_storage,2030,8,1,1,0.0
170,h2_storage,2030,8,2,2,0.0
171,h2_storage,2030,8,3,3,0.0
172,h2_storage,2030,8,4,4,0.0
173,h2_storage,2030,8,5,5,0.0
174,h2_storage,2030,8,6,6,0.0
175,h2_storage,2030,8,7,7,0.0
176,h2_storage,2030,8,8,8,0.0
177,h2_storage,2030,8,9,9,-0.0239686310910697
178,h2_storage,2030,8,10,10,-0.0239686310910697
179,h2_storage,2030,8,11,11,-0.0239686310910697
180,h2_storage,2030,8,12,12,-0.0239686310910697
181,h2_storage,2030,8,13,13,-0.0239686310910697
182,h2_storage,2030,8,14,14,-0.0239686310910697
183,h2_storage,2030,8,15,15,-0.0239686310910697
184,h2_storage,2030,8,16,16,-0.0239686310910697
185,h2_storage,2030,8,17,17,-0.0239686310910697
186,h2_storage,2030,8,18,18,-0.0239686310910697
187,h2_storage,2030,8,19,19,-0.0239686310910697
188,h2_storage,2030,8,20,20,-0.0239686310910697
189,h2_storage,2030,8,21,21,-0.0239686310910697
190,h2_storage,2030,8,22,22,-0.02396863109106971
191,h2_storage,2030,8,23,23,-0.02396863109106971
192,h2_storage,2030,8,24,24,-0.02396863109106971
193,h2_storage,2030,9,1,1,0.01059362580271081
194,h2_storage,2030,9,2,2,0.02118725160542162
195,h2_storage,2030,9,3,3,0.03178087740813243
196,h2_storage,2030,9,4,4,0.04237450321084324
197,h2_storage,2030,9,5,5,0.052968129013554036
198,h2_storage,2030,9,6,6,0.06356175481626485
199,h2_storage,2030,9,7,7,0.071509341999973
200,h2_storage,2030,9,8,8,0.071509341999973
201,h2_storage,2030,9,9,9,0.071509341999973
202,h2_storage,2030,9,10,10,0.071509341999973
203,h2_storage,2030,9,11,11,0.071509341999973
204,h2_storage,2030,9,12,12,0.071509341999973
205,h2_storage,2030,9,13,13,0.071509341999973
206,h2_storage,2030,9,14,14,0.071509341999973
207,h2_storage,2030,9,15,15,0.071509341999973
208,h2_storage,2030,9,16,16,0.071509341999973
209,h2_storage,2030,9,17,17,0.071509341999973
210,h2_storage,2030,9,18,18,0.071509341999973
211,h2_storage,2030,9,19,19,0.071509341999973
212,h2_storage,2030,9,20,20,0.071509341999973
213,h2_storage,2030,9,21,21,0.071509341999973
214,h2_storage,2030,9,22,22,0.071509341999973
215,h2_storage,2030,9,23,23,0.071509341999973
216,h2_storage,2030,9,24,24,0.071509341999973
217,h2_storage,2030,10,1,1,0.01059362580271081
218,h2_storage,2030,10,2,2,0.02118725160542162
219,h2_storage,2030,10,3,3,0.03178087740813243
220,h2_storage,2030,10,4,4,0.04237450321084324
221,h2_storage,2030,10,5,5,0.05296812901355405
222,h2_storage,2030,10,6,6,0.06356175481626486
223,h2_storage,2030,10,7,7,0.07415538061897567
224,h2_storage,2030,10,8,8,0.08474900642168648
225,h2_storage,2030,10,9,9,0.0848891447503106
226,h2_storage,2030,10,10,10,0.08996411691180699
227,h2_storage,2030,10,11,11,0.08996411691180699
228,h2_storage,2030,10,12,12,0.1005577427145178
229,h2_storage,2030,10,13,13,0.11115136851722861
230,h2_storage,2030,10,14,14,0.12174499431993942
231,h2_storage,2030,10,15,15,0.13233862012265024
232,h2_storage,2030,10,16,16,0.14293224592536105
233,h2_storage,2030,10,17,17,0.15352587172807186
234,h2_storage,2030,10,18,18,0.1634610268198303
235,h2_storage,2030,10,19,19,0.1634610268198303
236,h2_storage,2030,10,20,20,0.1634610268198303
237,h2_storage,2030,10,21,21,0.1634610268198303
238,h2_storage,2030,10,22,22,0.1740546526225411
239,h2_storage,2030,10,23,23,0.18337984774779378
240,h2_storage,2030,10,24,24,0.1939734735505046
241,h2_storage,2030,11,1,1,0.0
242,h2_storage,2030,11,2,2,0.0
243,h2_storage,2030,11,3,3,0.0
244,h2_storage,2030,11,4,4,0.0
245,h2_storage,2030,11,5,5,0.0
246,h2_storage,2030,11,6,6,0.0
247,h2_storage,2030,11,7,7,0.0
248,h2_storage,2030,11,8,8,0.0
249,h2_storage,2030,11,9,9,0.0
250,h2_storage,2030,11,10,10,0.0
251,h2_storage,2030,11,11,11,0.0
252,h2_storage,2030,11,12,12,0.0
253,h2_storage,2030,11,13,13,0.0
254,h2_storage,2030,11,14,14,0.0
255,h2_storage,2030,11,15,15,0.0
256,h2_storage,2030,11,16,16,0.0
257,h2_storage,2030,11,17,17,0.0
258,h2_storage,2030,11,18,18,0.0
259,h2_storage,2030,11,19,19,0.0
260,h2_storage,2030,11,20,20,0.0
261,h2_storage,2030,11,21,21,0.0
262,h2_storage,2030,11,22,22,0.0
263,h2_storage,2030,11,23,23,0.0
264,h2_storage,2030,11,24,24,0.0
265,h2_storage,2030,12,1,1,0.0
266,h2_storage,2030,12,2,2,0.0
267,h2_storage,2030,12,3,3,0.0
268,h2_storage,2030,12,4,4,0.0
269,h2_storage,2030,12,5,5,0.0
270,h2_storage,2030,12,6,6,0.0
271,h2_storage,2030,12,7,7,0.0
272,h2_storage,2030,12,8,8,0.0
273,h2_storage,2030,12,9,9,0.0
274,h2_storage,2030,12,10,10,0.0
275,h2_storage,2030,12,11,11,0.0
276,h2_storage,2030,12,12,12,0.0
277,h2_storage,2030,12,13,13,0.0
278,h2_storage,2030,12,14,14,0.0
279,h2_storage,2030,12,15,15,0.0
280,h2_storage,2030,12,16,16,0.0
281,h2_storage,2030,12,17,17,0.0
282,h2_storage,2030,12,18,18,0.0
283,h2_storage,2030,12,19,19,0.0
284,h2_storage,2030,12,20,20,0.0
285,h2_storage,2030,12,21,21,0.0
286,h2_storage,2030,12,22,22,0.0
287,h2_storage,2030,12,23,23,0.0
288,h2_storage,2030,12,24,24,0.0
289,h2_storage,2030,13,1,1,0.0
290,h2_storage,2030,13,2,2,0.0
291,h2_storage,2030,13,3,3,0.0
292,h2_storage,2030,13,4,4,0.0
293,h2_storage,2030,13,5,5,0.0
294,h2_storage,2030,13,6,6,0.0
295,h2_storage,2030,13,7,7,0.0
296,h2_storage,2030,13,8,8,0.0
297,h2_storage,2030,13,9,9,-0.08535507364677312
298,h2_storage,2030,13,10,10,-0.08535507364677312
299,h2_storage,2030,13,11,11,-0.08535507364677312
300,h2_storage,2030,13,12,12,-0.08535507364677312
301,h2_storage,2030,13,13,13,-0.08535507364677312
302,h2_storage,2030,13,14,14,-0.08535507364677312
303,h2_storage,2030,13,15,15,-0.08535507364677312
304,h2_storage,2030,13,16,16,-0.08535507364677312
305,h2_storage,2030,13,17,17,-0.08535507364677312
306,h2_storage,2030,13,18,18,-0.08535507364677312
307,h2_storage,2030,13,19,19,-0.08535507364677312
308,h2_storage,2030,13,20,20,-0.08535507364677312
309,h2_storage,2030,13,21,21,-0.08535507364677312
310,h2_storage,2030,13,22,22,-0.08535507364677312
311,h2_storage,2030,13,23,23,-0.08535507364677314
312,h2_storage,2030,13,24,24,-0.08535507364677314
313,h2_storage,2030,14,1,1,0.0
314,h2_storage,2030,14,2,2,0.0
315,h2_storage,2030,14,3,3,0.0
316,h2_storage,2030,14,4,4,0.0
317,h2_storage,2030,14,5,5,0.0
318,h2_storage,2030,14,6,6,0.0
319,h2_storage,2030,14,7,7,0.0
320,h2_storage,2030,14,8,8,0.0
321,h2_storage,2030,14,9,9,0.0
322,h2_storage,2030,14,10,10,0.0
323,h2_storage,2030,14,11,11,0.0
324,h2_storage,2030,14,12,12,0.0
325,h2_storage,2030,14,13,13,0.0
326,h2_storage,2030,14,14,14,0.0
327,h2_storage,2030,14,15,15,0.0
328,h2_storage,2030,14,16,16,0.0
329,h2_storage,2030,14,17,17,0.0
330,h2_storage,2030,14,18,18,0.0
331,h2_storage,2030,14,19,19,0.0
332,h2_storage,2030,14,20,20,0.0
333,h2_storage,2030,14,21,21,0.0
334,h2_storage,2030,14,22,22,0.0
335,h2_storage,2030,14,23,23,0.0
336,h2_storage,2030,14,24,24,0.0
337,h2_storage,2030,15,1,1,0.0
338,h2_storage,2030,15,2,2,0.0
339,h2_storage,2030,15,3,3,0.0
340,h2_storage,2030,15,4,4,0.0
341,h2_storage,2030,15,5,5,0.0
342,h2_storage,2030,15,6,6,0.0
343,h2_storage,2030,15,7,7,0.0
344,h2_storage,2030,15,8,8,0.0
345,h2_storage,2030,15,9,9,0.0
346,h2_storage,2030,15,10,10,0.0
347,h2_storage,2030,15,11,11,0.0
348,h2_storage,2030,15,12,12,0.0
349,h2_storage,2030,15,13,13,0.0
350,h2_storage,2030,15,14,14,0.0
351,h2_storage,2030,15,15,15,0.0
352,h2_storage,2030,15,16,16,0.0
353,h2_storage,2030,15,17,17,0.0
354,h2_storage,2030,15,18,18,0.0
355,h2_storage,2030,15,19,19,0.0
356,h2_storage,2030,15,20,20,0.0
357,h2_storage,2030,15,21,21,0.0
358,h2_storage,2030,15,22,22,0.0
359,h2_storage,2030,15,23,23,0.0
360,h2_storage,2030,15,24,24,0.0
361,h2_storage,2030,16,1,1,0.0
362,h2_storage,2030,16,2,2,0.0
363,h2_storage,2030,16,3,3,0.0
364,h2_storage,2030,16,4,4,0.0
365,h2_storage,2030,16,5,5,0.0
366,h2_storage,2030,16,6,6,0.0
367,h2_storage,2030,16,7,7,0.0
368,h2_storage,2030,16,8,8,0.0
369,h2_storage,2030,16,9,9,0.0
370,h2_storage,2030,16,10,10,0.0
371,h2_storage,2030,16,11,11,0.0
372,h2_storage,2030,16,12,12,0.0
373,h2_storage,2030,16,13,13,0.0
374,h2_storage,2030,16,14,14,0.0
375,h2_storage,2030,16,15,15,0.0
376,h2_storage,2030,16,16,16,0.0
377,h2_storage,2030,16,17,17,0.0
378,h2_storage,2030,16,18,18,0.0
379,h2_storage,2030,16,19,19,0.0
380,h2_storage,2030,16,20,20,0.0
381,h2_storage,2030,16,21,21,0.0
382,h2_storage,2030,16,22,22,0.0
383,h2_storage,2030,16,23,23,0.0
384,h2_storage,2030,16,24,24,0.0
385,h2_storage,2030,17,1,1,0.0
386,h2_storage,2030,17,2,2,0.0
387,h2_storage,2030,17,3,3,0.0
388,h2_storage,2030,17,4,4,0.0
389,h2_storage,2030,17,5,5,0.0
390,h2_storage,2030,17,6,6,0.0
391,h2_storage,2030,17,7,7,0.0
392,h2_storage,2030,17,8,8,0.0
393,h2_storage,2030,17,9,9,0.0
394,h2_storage,2030,17,10,10,0.0
395,h2_storage,2030,17,11,11,0.0
396,h2_storage,2030,17,12,12,0.0
397,h2_storage,2030,17,13,13,0.0
398,h2_storage,2030,17,14,14,0.0
399,h2_storage,2030,17,15,15,0.0
400,h2_storage,2030,17,16,16,0.0
401,h2_storage,2030,17,17,17,0.0
402,h2_storage,2030,17,18,18,0.0
403,h2_storage,2030,17,19,19,0.0
404,h2_storage,2030,17,20,20,0.0
405,h2_storage,2030,17,21,21,0.0
406,h2_storage,2030,17,22,22,0.0
407,h2_storage,2030,17,23,23,0.0
408,h2_storage,2030,17,24,24,0.01059362580271081
409,h2_storage,2030,18,1,1,0.01059362580271081
410,h2_storage,2030,18,2,2,0.02118725160542162
411,h2_storage,2030,18,3,3,0.03178087740813243
412,h2_storage,2030,18,4,4,0.04237450321084324
413,h2_storage,2030,18,5,5,0.05296812901355405
414,h2_storage,2030,18,6,6,0.06356175481626486
415,h2_storage,2030,18,7,7,0.07415538061897567
416,h2_storage,2030,18,8,8,0.08474900642168647
417,h2_storage,2030,18,9,9,0.09365403225112919
418,h2_storage,2030,18,10,10,0.10424765805384
419,h2_storage,2030,18,11,11,0.1100280754120502
420,h2_storage,2030,18,12,12,0.12062170121476101
421,h2_storage,2030,18,13,13,0.13121532701747182
422,h2_storage,2030,18,14,14,0.14180895282018263
423,h2_storage,2030,18,15,15,0.15240257862289344
424,h2_storage,2030,18,16,16,0.16299620442560425
425,h2_storage,2030,18,17,17,0.17358983022831506
426,h2_storage,2030,18,18,18,0.18364955175534234
427,h2_storage,2030,18,19,19,0.19424317755805315
428,h2_storage,2030,18,20,20,0.20483680336076396
429,h2_storage,2030,18,21,21,0.21543042916347477
430,h2_storage,2030,18,22,22,0.22602405496618558
431,h2_storage,2030,18,23,23,0.2366176807688964
432,h2_storage,2030,18,24,24,0.2472113065716072
433,h2_storage,2030,19,1,1,0.0
434,h2_storage,2030,19,2,2,0.0
435,h2_storage,2030,19,3,3,0.0
436,h2_storage,2030,19,4,4,0.0
437,h2_storage,2030,19,5,5,0.0
438,h2_storage,2030,19,6,6,0.0
439,h2_storage,2030,19,7,7,-0.01076800101143247
440,h2_storage,2030,19,8,8,-0.01076800101143247
441,h2_storage,2030,19,9,9,-0.01076800101143247
442,h2_storage,2030,19,10,10,-0.01076800101143247
443,h2_storage,2030,19,11,11,-0.01076800101143247
444,h2_storage,2030,19,12,12,-0.01076800101143247
445,h2_storage,2030,19,13,13,-0.09937247674285143
446,h2_storage,2030,19,14,14,-0.09937247674285143
447,h2_storage,2030,19,15,15,-0.09937247674285143
448,h2_storage,2030,19,16,16,-0.09937247674285143
449,h2_storage,2030,19,17,17,-0.09937247674285143
450,h2_storage,2030,19,18,18,-0.09937247674285143
451,h2_storage,2030,19,19,19,-0.2532186305890053
452,h2_storage,2030,19,20,20,-0.2532186305890053
453,h2_storage,2030,19,21,21,-0.2532186305890053
454,h2_storage,2030,19,22,22,-0.2532186305890053
455,h2_storage,2030,19,23,23,-0.2532186305890053
456,h2_storage,2030,19,24,24,-0.2532186305890053
457,h2_storage,2030,20,1,1,0.0
458,h2_storage,2030,20,2,2,0.0
459,h2_storage,2030,20,3,3,0.0
460,h2_storage,2030,20,4,4,0.0
461,h2_storage,2030,20,5,5,0.0
462,h2_storage,2030,20,6,6,0.0
463,h2_storage,2030,20,7,7,0.0
464,h2_storage,2030,20,8,8,0.0
465,h2_storage,2030,20,9,9,-0.0026105796504381023
466,h2_storage,2030,20,10,10,-0.0026105796504381023
467,h2_storage,2030,20,11,11,-0.0026105796504381023
468,h2_storage,2030,20,12,12,-0.0026105796504381023
469,h2_storage,2030,20,13,13,-0.0026105796504381023
470,h2_storage,2030,20,14,14,-0.0026105796504381023
471,h2_storage,2030,20,15,15,-0.0026105796504381023
472,h2_storage,2030,20,16,16,-0.0026105796504381023
473,h2_storage,2030,20,17,17,-0.0026105796504381023
474,h2_storage,2030,20,18,18,-0.0026105796504381023
475,h2_storage,2030,20,19,19,-0.0026105796504381023
476,h2_storage,2030,20,20,20,-0.0026105796504381023
477,h2_storage,2030,20,21,21,-0.0026105796504381023
478,h2_storage,2030,20,22,22,-0.0026105796504381023
479,h2_storage,2030,20,23,23,-0.0026105796504381023
480,h2_storage,2030,20,24,24,-0.0026105796504381287
481,h2_storage,2030,21,1,1,0.0
482,h2_storage,2030,21,2,2,0.0
483,h2_storage,2030,21,3,3,0.0
484,h2_storage,2030,21,4,4,0.0
485,h2_storage,2030,21,5,5,0.0
486,h2_storage,2030,21,6,6,0.0
487,h2_storage,2030,21,7,7,0.0
488,h2_storage,2030,21,8,8,0.0
489,h2_storage,2030,21,9,9,0.0
490,h2_storage,2030,21,10,10,0.0
491,h2_storage,2030,21,11,11,0.0
492,h2_storage,2030,21,12,12,0.0
493,h2_storage,2030,21,13,13,0.0
494,h2_storage,2030,21,14,14,0.0
495,h2_storage,2030,21,15,15,0.0
496,h2_storage,2030,21,16,16,0.0
497,h2_storage,2030,21,17,17,0.0
498,h2_storage,2030,21,18,18,0.0
499,h2_storage,2030,21,19,19,0.0
500,h2_storage,2030,21,20,20,0.0
501,h2_storage,2030,21,21,21,0.0
502,h2_storage,2030,21,22,22,0.0
503,h2_storage,2030,21,23,23,0.01059362580271082
504,h2_storage,2030,21,24,24,0.01059362580271082
505,h2_storage,2030,22,1,1,0.0
506,h2_storage,2030,22,2,2,0.0
507,h2_storage,2030,22,3,3,0.0
508,h2_storage,2030,22,4,4,0.0
509,h2_storage,2030,22,5,5,0.0
510,h2_storage,2030,22,6,6,0.0
511,h2_storage,2030,22,7,7,0.0
512,h2_storage,2030,22,8,8,0.0
513,h2_storage,2030,22,9,9,0.0
514,h2_storage,2030,22,10,10,0.0
515,h2_storage,2030,22,11,11,0.0
516,h2_storage,2030,22,12,12,0.0
517,h2_storage,2030,22,13,13,0.0
518,h2_storage,2030,22,14,14,0.0
519,h2_storage,2030,22,15,15,0.0
520,h2_storage,2030,22,16,16,0.0
521,h2_storage,2030,22,17,17,0.0
522,h2_storage,2030,22,18,18,0.0
523,h2_storage,2030,22,19,19,0.0
524,h2_storage,2030,22,20,20,0.0
525,h2_storage,2030,22,21,21,-0.02198691356511001
526,h2_storage,2030,22,22,22,-0.02198691356511001
527,h2_storage,2030,22,23,23,-0.02198691356511001
528,h2_storage,2030,22,24,24,-0.02198691356511001
529,h2_storage,2030,23,1,1,0.0
530,h2_storage,2030,23,2,2,0.0
531,h2_storage,2030,23,3,3,0.0
532,h2_storage,2030,23,4,4,0.0
533,h2_storage,2030,23,5,5,0.0
534,h2_storage,2030,23,6,6,0.0
535,h2_storage,2030,23,7,7,0.0
536,h2_storage,2030,23,8,8,0.0
537,h2_storage,2030,23,9,9,0.0
538,h2_storage,2030,23,10,10,-0.059544270322453074
539,h2_storage,2030,23,11,11,-0.059544270322453074
540,h2_storage,2030,23,12,12,-0.059544270322453074
541,h2_storage,2030,23,13,13,-0.059544270322453074
542,h2_storage,2030,23,14,14,-0.059544270322453074
543,h2_storage,2030,23,15,15,-0.059544270322453074
544,h2_storage,2030,23,16,16,-0.059544270322453074
545,h2_storage,2030,23,17,17,-0.059544270322453074
546,h2_storage,2030,23,18,18,-0.059544270322453074
547,h2_storage,2030,23,19,19,-0.059544270322453074
548,h2_storage,2030,23,20,20,-0.059544270322453074
549,h2_storage,2030,23,21,21,-0.059544270322453074
550,h2_storage,2030,23,22,22,-0.059544270322453074
551,h2_storage,2030,23,23,23,-0.059544270322453074
552,h2_storage,2030,23,24,24,-0.059544270322453074
553,h2_storage,2030,24,1,1,0.0
554,h2_storage,2030,24,2,2,0.0
555,h2_storage,2030,24,3,3,0.0
556,h2_storage,2030,24,4,4,0.0
557,h2_storage,2030,24,5,5,0.0
558,h2_storage,2030,24,6,6,0.0
559,h2_storage,2030,24,7,7,0.0
560,h2_storage,2030,24,8,8,0.0
561,h2_storage,2030,24,9,9,0.0
562,h2_storage,2030,24,10,10,0.0
563,h2_storage,2030,24,11,11,0.0
564,h2_storage,2030,24,12,12,0.0
565,h2_storage,2030,24,13,13,0.0
566,h2_storage,2030,24,14,14,0.0
567,h2_storage,2030,24,15,15,0.0
568,h2_storage,2030,24,16,16,0.0
569,h2_storage,2030,24,17,17,0.0
570,h2_storage,2030,24,18,18,0.0
571,h2_storage,2030,24,19,19,0.0
572,h2_storage,2030,24,20,20,0.0
573,h2_storage,2030,24,21,21,0.0
574,h2_storage,2030,24,22,22,0.0
575,h2_storage,2030,24,23,23,0.0
576,h2_storage,2030,24,24,24,0.0
577,h2_storage,2030,25,1,1,0.01059362580271081
578,h2_storage,2030,25,2,2,0.02118725160542162
579,h2_storage,2030,25,3,3,0.03178087740813243
580,h2_storage,2030,25,4,4,0.04237450321084324
581,h2_storage,2030,25,5,5,0.05296812901355405
582,h2_storage,2030,25,6,6,0.06356175481626486
583,h2_storage,2030,25,7,7,0.07415538061897567
584,h2_storage,2030,25,8,8,0.08474900642168648
585,h2_storage,2030,25,9,9,0.09534263222439729
586,h2_storage,2030,25,10,10,0.1059362580271081
587,h2_storage,2030,25,11,11,0.11652988382981891
588,h2_storage,2030,25,12,12,0.12712350963252972
589,h2_storage,2030,25,13,13,0.13771713543524053
590,h2_storage,2030,25,14,14,0.14831076123795134
591,h2_storage,2030,25,15,15,0.15890438704066215
592,h2_storage,2030,25,16,16,0.16949801284337296
593,h2_storage,2030,25,17,17,0.18009163864608377
594,h2_storage,2030,25,18,18,0.19068526444879458
595,h2_storage,2030,25,19,19,0.2012788902515054
596,h2_storage,2030,25,20,20,0.2118725160542162
597,h2_storage,2030,25,21,21,0.222466141856927
598,h2_storage,2030,25,22,22,0.23305976765963782
599,h2_storage,2030,25,23,23,0.24365339346234863
600,h2_storage,2030,25,24,24,0.2542470192650595
601,h2_storage,2030,26,1,1,0.0
602,h2_storage,2030,26,2,2,0.0
603,h2_storage,2030,26,3,3,0.0
604,h2_storage,2030,26,4,4,0.0
605,h2_storage,2030,26,5,5,0.0
606,h2_storage,2030,26,6,6,0.0
607,h2_storage,2030,26,7,7,0.0
608,h2_storage,2030,26,8,8,0.0
609,h2_storage,2030,26,9,9,0.0
610,h2_storage,2030,26,10,10,-0.03983376119826055
611,h2_storage,2030,26,11,11,-0.03983376119826055
612,h2_storage,2030,26,12,12,-0.03983376119826055
613,h2_storage,2030,26,13,13,-0.03983376119826055
614,h2_storage,2030,26,14,14,-0.03983376119826055
615,h2_storage,2030,26,15,15,-0.03983376119826055
616,h2_storage,2030,26,16,16,-0.03983376119826055
617,h2_storage,2030,26,17,17,-0.03983376119826055
618,h2_storage,2030,26,18,18,-0.03983376119826055
619,h2_storage,2030,26,19,19,-0.03983376119826055
620,h2_storage,2030,26,20,20,-0.03983376119826055
621,h2_storage,2030,26,21,21,-0.03983376119826055
622,h2_storage,2030,26,22,22,-0.03983376119826055
623,h2_storage,2030,26,23,23,-0.03983376119826055
624,h2_storage,2030,26,24,24,-0.03983376119826056
625,h2_storage,2030,27,1,1,0.01059362580271081
626,h2_storage,2030,27,2,2,0.02118725160542162
627,h2_storage,2030,27,3,3,0.03178087740813243
628,h2_storage,2030,27,4,4,0.04237450321084324
629,h2_storage,2030,27,5,5,0.05296812901355405
630,h2_storage,2030,27,6,6,0.06356175481626486
631,h2_storage,2030,27,7,7,0.07415538061897567
632,h2_storage,2030,27,8,8,0.08474900642168648
633,h2_storage,2030,27,9,9,0.09534263222439729
634,h2_storage,2030,27,10,10,0.1059362580271081
635,h2_storage,2030,27,11,11,0.11652988382981891
636,h2_storage,2030,27,12,12,0.12712350963252972
637,h2_storage,2030,27,13,13,0.13771713543524053
638,h2_storage,2030,27,14,14,0.14831076123795134
639,h2_storage,2030,27,15,15,0.15890438704066215
640,h2_storage,2030,27,16,16,0.16949801284337296
641,h2_storage,2030,27,17,17,0.18009163864608377
642,h2_storage,2030,27,18,18,0.19068526444879458
643,h2_storage,2030,27,19,19,0.2012788902515054
644,h2_storage,2030,27,20,20,0.2118725160542162
645,h2_storage,2030,27,21,21,0.222466141856927
646,h2_storage,2030,27,22,22,0.23305976765963782
647,h2_storage,2030,27,23,23,0.24365339346234868
648,h2_storage,2030,27,24,24,0.2542470192650595
649,h2_storage,2030,28,1,1,0.0
650,h2_storage,2030,28,2,2,0.0
651,h2_storage,2030,28,3,3,0.0
652,h2_storage,2030,28,4,4,-0.024836388790770967
653,h2_storage,2030,28,5,5,-0.024836388790770967
654,h2_storage,2030,28,6,6,-0.024836388790770967
655,h2_storage,2030,28,7,7,-0.024836388790770967
656,h2_storage,2030,28,8,8,-0.024836388790770967
657,h2_storage,2030,28,9,9,-0.17868254263692482
658,h2_storage,2030,28,10,10,-0.17868254263692482
659,h2_storage,2030,28,11,11,-0.17868254263692482
660,h2_storage,2030,28,12,12,-0.3325286964830787
661,h2_storage,2030,28,13,13,-0.3325286964830787
662,h2_storage,2030,28,14,14,-0.3325286964830787
663,h2_storage,2030,28,15,15,-0.3325286964830787
664,h2_storage,2030,28,16,16,-0.48637485032923256
665,h2_storage,2030,28,17,17,-0.48637485032923256
666,h2_storage,2030,28,18,18,-0.48637485032923256
667,h2_storage,2030,28,19,19,-0.48637485032923256
668,h2_storage,2030,28,20,20,-0.48637485032923256
669,h2_storage,2030,28,21,21,-0.48637485032923256
670,h2_storage,2030,28,22,22,-0.48637485032923256
671,h2_storage,2030,28,23,23,-0.48637485032923256
672,h2_storage,2030,28,24,24,-0.48637485032923256
673,h2_storage,2030,29,1,1,0.01059362580271081
674,h2_storage,2030,29,2,2,0.02118725160542162
675,h2_storage,2030,29,3,3,0.03178087740813243
676,h2_storage,2030,29,4,4,0.0345410573823787
677,h2_storage,2030,29,5,5,0.0345410573823787
678,h2_storage,2030,29,6,6,0.0345410573823787
679,h2_storage,2030,29,7,7,0.0345410573823787
680,h2_storage,2030,29,8,8,0.0345410573823787
681,h2_storage,2030,29,9,9,0.0345410573823787
682,h2_storage,2030,29,10,10,0.0345410573823787
683,h2_storage,2030,29,11,11,0.0345410573823787
684,h2_storage,2030,29,12,12,0.0345410573823787
685,h2_storage,2030,29,13,13,0.0345410573823787
686,h2_storage,2030,29,14,14,0.0345410573823787
687,h2_storage,2030,29,15,15,0.020691065108758934
688,h2_storage,2030,29,16,16,0.020691065108758934
689,h2_storage,2030,29,17,17,-0.009688969506121164
690,h2_storage,2030,29,18,18,0.0009046562965896454
691,h2_storage,2030,29,19,19,0.011498282099300455
692,h2_storage,2030,29,20,20,0.022091907902011265
693,h2_storage,2030,29,21,21,0.032685533704722075
694,h2_storage,2030,29,22,22,0.043279159507432885
695,h2_storage,2030,29,23,23,0.05387278531014368
696,h2_storage,2030,29,24,24,0.06446641111285449
697,h2_storage,2030,30,1,1,0.01059362580271081
698,h2_storage,2030,30,2,2,0.021187251605421623
699,h2_storage,2030,30,3,3,0.03178087740813243
700,h2_storage,2030,30,4,4,0.04237450321084324
701,h2_storage,2030,30,5,5,0.05296812901355405
702,h2_storage,2030,30,6,6,0.06356175481626486
703,h2_storage,2030,30,7,7,0.07415538061897567
704,h2_storage,2030,30,8,8,0.08474900642168648
705,h2_storage,2030,30,9,9,0.09534263222439729
706,h2_storage,2030,30,10,10,0.1059362580271081
707,h2_storage,2030,30,11,11,0.11652988382981891
708,h2_storage,2030,30,12,12,0.12712350963252972
709,h2_storage,2030,30,13,13,0.13044046739525528
710,h2_storage,2030,30,14,14,0.13044046739525528
711,h2_storage,2030,30,15,15,0.10841174965849772
712,h2_storage,2030,30,16,16,0.08524626970145226
713,h2_storage,2030,30,17,17,0.08524626970145226
714,h2_storage,2030,30,18,18,0.08524626970145226
715,h2_storage,2030,30,19,19,0.06928185125154407
716,h2_storage,2030,30,20,20,-0.006996790865908705
717,h2_storage,2030,30,21,21,-0.07179814364800695
718,h2_storage,2030,30,22,22,-0.0664947376404291
719,h2_storage,2030,30,23,23,-0.055901111837718294
720,h2_storage,2030,30,24,24,-0.045307486035007484
721,h2_storage,2030,31,1,1,0.01059362580271081
722,h2_storage,2030,31,2,2,0.02118725160542162
723,h2_storage,2030,31,3,3,0.03178087740813243
724,h2_storage,2030,31,4,4,0.04237450321084324
725,h2_storage,2030,31,5,5,0.05296812901355405
726,h2_storage,2030,31,6,6,0.06356175481626486
727,h2_storage,2030,31,7,7,0.07415538061897567
728,h2_storage,2030,31,8,8,0.08474900642168645
729,h2_storage,2030,31,9,9,0.08474900642168645
730,h2_storage,2030,31,10,10,0.05430996712038229
731,h2_storage,2030,31,11,11,0.008076951515230107
732,h2_storage,2030,31,12,12,0.008076951515230107
733,h2_storage,2030,31,13,13,-0.038546927548932075
734,h2_storage,2030,31,14,14,-0.038546927548932075
735,h2_storage,2030,31,15,15,-0.02795330174622127
736,h2_storage,2030,31,16,16,-0.01735967594351046
737,h2_storage,2030,31,17,17,-0.006766050140799648
738,h2_storage,2030,31,18,18,0.003827575661911162
739,h2_storage,2030,31,19,19,0.014421201464621971
740,h2_storage,2030,31,20,20,0.02501482726733278
741,h2_storage,2030,31,21,21,0.035608453070043594
742,h2_storage,2030,31,22,22,0.046202078872754404
743,h2_storage,2030,31,23,23,0.05679570467546517
744,h2_storage,2030,31,24,24,0.06738933047817598
745,h2_storage,2030,32,1,1,0.01059362580271081
746,h2_storage,2030,32,2,2,0.02118725160542162
747,h2_storage,2030,32,3,3,0.03178087740813243
748,h2_storage,2030,32,4,4,0.04237450321084324
749,h2_storage,2030,32,5,5,0.05296812901355405
750,h2_storage,2030,32,6,6,0.06356175481626486
751,h2_storage,2030,32,7,7,0.07415538061897567
752,h2_storage,2030,32,8,8,0.08474900642168648
753,h2_storage,2030,32,9,9,0.09534263222439729
754,h2_storage,2030,32,10,10,0.1059362580271081
755,h2_storage,2030,32,11,11,0.11652988382981891
756,h2_storage,2030,32,12,12,0.12712350963252972
757,h2_storage,2030,32,13,13,0.13771713543524053
758,h2_storage,2030,32,14,14,0.14831076123795134
759,h2_storage,2030,32,15,15,0.15890438704066215
760,h2_storage,2030,32,16,16,0.16949801284337296
761,h2_storage,2030,32,17,17,0.18009163864608377
762,h2_storage,2030,32,18,18,0.19068526444879458
763,h2_storage,2030,32,19,19,0.2012788902515054
764,h2_storage,2030,32,20,20,0.2118725160542162
765,h2_storage,2030,32,21,21,0.222466141856927
766,h2_storage,2030,32,22,22,0.23305976765963782
767,h2_storage,2030,32,23,23,0.24365339346234863
768,h2_storage,2030,32,24,24,0.25424701926506
769,h2_storage,2030,33,1,1,0.01059362580271081
770,h2_storage,2030,33,2,2,0.02118725160542162
771,h2_storage,2030,33,3,3,0.03178087740813243
772,h2_storage,2030,33,4,4,0.04237450321084324
773,h2_storage,2030,33,5,5,0.05296812901355405
774,h2_storage,2030,33,6,6,0.06356175481626486
775,h2_storage,2030,33,7,7,0.07415538061897567
776,h2_storage,2030,33,8,8,0.08474900642168648
777,h2_storage,2030,33,9,9,0.08671294126867093
778,h2_storage,2030,33,10,10,0.08671294126867093
779,h2_storage,2030,33,11,11,0.08671294126867093
780,h2_storage,2030,33,12,12,0.08671294126867093
781,h2_storage,2030,33,13,13,0.08671294126867093
782,h2_storage,2030,33,14,14,0.08671294126867093
783,h2_storage,2030,33,15,15,0.08671294126867093
784,h2_storage,2030,33,16,16,0.08671294126867093
785,h2_storage,2030,33,17,17,0.08671294126867093
786,h2_storage,2030,33,18,18,0.08671294126867093
787,h2_storage,2030,33,19,19,0.08671294126867093
788,h2_storage,2030,33,20,20,0.08671294126867093
789,h2_storage,2030,33,21,21,0.08671294126867093
790,h2_storage,2030,33,22,22,0.08671294126867093
791,h2_storage,2030,33,23,23,0.08671294126867093
792,h2_storage,2030,33,24,24,-0.041042443474374975
793,h2_storage,2030,34,1,1,0.01059362580271081
794,h2_storage,2030,34,2,2,0.02118725160542162
795,h2_storage,2030,34,3,3,0.03178087740813243
796,h2_storage,2030,34,4,4,0.04237450321084324
797,h2_storage,2030,34,5,5,0.05296812901355405
798,h2_storage,2030,34,6,6,0.06356175481626486
799,h2_storage,2030,34,7,7,0.07415538061897567
800,h2_storage,2030,34,8,8,0.08474900642168648
801,h2_storage,2030,34,9,9,0.09534263222439729
802,h2_storage,2030,34,10,10,0.1059362580271081
803,h2_storage,2030,34,11,11,0.11652988382981891
804,h2_storage,2030,34,12,12,0.12712350963252972
805,h2_storage,2030,34,13,13,0.13771713543524053
806,h2_storage,2030,34,14,14,0.14831076123795134
807,h2_storage,2030,34,15,15,0.15890438704066215
808,h2_storage,2030,34,16,16,0.16949801284337296
809,h2_storage,2030,34,17,17,0.18009163864608377
810,h2_storage,2030,34,18,18,0.19068526444879458
811,h2_storage,2030,34,19,19,0.19454648178744222
812,h2_storage,2030,34,20,20,0.18974542130175498
813,h2_storage,2030,34,21,21,0.2003390471044658
814,h2_storage,2030,34,22,22,0.2109326729071766
815,h2_storage,2030,34,23,23,0.22152629870988738
816,h2_storage,2030,34,24,24,0.2321199245125982
817,h2_storage,2030,35,1,1,0.01059362580271081
818,h2_storage,2030,35,2,2,0.02118725160542162
819,h2_storage,2030,35,3,3,0.03178087740813243
820,h2_storage,2030,35,4,4,0.04237450321084324
821,h2_storage,2030,35,5,5,0.05296812901355405
822,h2_storage,2030,35,6,6,0.06356175481626486
823,h2_storage,2030,35,7,7,0.06356175481626486
824,h2_storage,2030,35,8,8,0.06356175481626486
825,h2_storage,2030,35,9,9,0.06356175481626486
826,h2_storage,2030,35,10,10,0.06356175481626486
827,h2_storage,2030,35,11,11,0.06356175481626486
828,h2_storage,2030,35,12,12,0.06356175481626486
829,h2_storage,2030,35,13,13,0.06356175481626486
830,h2_storage,2030,35,14,14,0.07415538061897567
831,h2_storage,2030,35,15,15,0.08474900642168648
832,h2_storage,2030,35,16,16,0.09534263222439729
833,h2_storage,2030,35,17,17,0.1059362580271081
834,h2_storage,2030,35,18,18,0.11652988382981892
835,h2_storage,2030,35,19,19,0.12712350963252972
836,h2_storage,2030,35,20,20,0.13771713543524053
837,h2_storage,2030,35,21,21,0.14831076123795134
838,h2_storage,2030,35,22,22,0.15890438704066215
839,h2_storage,2030,35,23,23,0.16949801284337296
840,h2_storage,2030,35,24,24,0.18009163864608377
841,h2_storage,2030,36,1,1,0.01059362580271081
842,h2_storage,2030,36,2,2,0.02118725160542162
843,h2_storage,2030,36,3,3,0.03178087740813243
844,h2_storage,2030,36,4,4,0.04237450321084324
845,h2_storage,2030,36,5,5,0.05296812901355405
846,h2_storage,2030,36,6,6,0.06356175481626486
847,h2_storage,2030,36,7,7,0.07415538061897567
848,h2_storage,2030,36,8,8,0.08474900642168648
849,h2_storage,2030,36,9,9,0.09534263222439729
850,h2_storage,2030,36,10,10,0.1059362580271081
851,h2_storage,2030,36,11,11,0.11652988382981891
852,h2_storage,2030,36,12,12,0.12712350963252972
853,h2_storage,2030,36,13,13,0.13771713543524053
854,h2_storage,2030,36,14,14,0.14831076123795134
855,h2_storage,2030,36,15,15,0.15890438704066215
856,h2_storage,2030,36,16,16,0.16949801284337296
857,h2_storage,2030,36,17,17,0.18009163864608377
858,h2_storage,2030,36,18,18,0.19068526444879458
859,h2_storage,2030,36,19,19,0.2012788902515054
860,h2_storage,2030,36,20,20,0.2118725160542162
861,h2_storage,2030,36,21,21,0.222466141856927
862,h2_storage,2030,36,22,22,0.23305976765963782
863,h2_storage,2030,36,23,23,0.24365339346234868
864,h2_storage,2030,36,24,24,0.2542470192650595
865,h2_storage,2030,37,1,1,0.01059362580271081
866,h2_storage,2030,37,2,2,0.02118725160542162
867,h2_storage,2030,37,3,3,0.03178087740813243
868,h2_storage,2030,37,4,4,0.04237450321084324
869,h2_storage,2030,37,5,5,0.05296812901355405
870,h2_storage,2030,37,6,6,0.06356175481626486
871,h2_storage,2030,37,7,7,0.07415538061897564
872,h2_storage,2030,37,8,8,0.07415538061897564
873,h2_storage,2030,37,9,9,0.07415538061897564
874,h2_storage,2030,37,10,10,0.07415538061897564
875,h2_storage,2030,37,11,11,0.017998843684425187
876,h2_storage,2030,37,12,12,0.017998843684425187
877,h2_storage,2030,37,13,13,-0.028139713070168083
878,h2_storage,2030,37,14,14,-0.028139713070168083
879,h2_storage,2030,37,15,15,-0.028139713070168083
880,h2_storage,2030,37,16,16,-0.025112448539869738
881,h2_storage,2030,37,17,17,-0.014518822737158928
882,h2_storage,2030,37,18,18,-0.009526764652259602
883,h2_storage,2030,37,19,19,-0.009526764652259602
884,h2_storage,2030,37,20,20,-0.043927018282909444
885,h2_storage,2030,37,21,21,-0.033333392480198634
886,h2_storage,2030,37,22,22,-0.022739766677487824
887,h2_storage,2030,37,23,23,-0.012146140874777014
888,h2_storage,2030,37,24,24,-0.00155251507206621
889,h2_storage,2030,38,1,1,0.0
890,h2_storage,2030,38,2,2,0.0
891,h2_storage,2030,38,3,3,0.0
892,h2_storage,2030,38,4,4,-0.01251751771759218
893,h2_storage,2030,38,5,5,-0.039451810761898944
894,h2_storage,2030,38,6,6,-0.04775629812955668
895,h2_storage,2030,38,7,7,-0.04616124990232348
896,h2_storage,2030,38,8,8,-0.17514099031933833
897,h2_storage,2030,38,9,9,-0.17514099031933833
898,h2_storage,2030,38,10,10,-0.17514099031933833
899,h2_storage,2030,38,11,11,-0.17514099031933833
900,h2_storage,2030,38,12,12,-0.2486011694777582
901,h2_storage,2030,38,13,13,-0.2486011694777582
902,h2_storage,2030,38,14,14,-0.24516743067287425
903,h2_storage,2030,38,15,15,-0.23462062837356337
904,h2_storage,2030,38,16,16,-0.22402700257085256
905,h2_storage,2030,38,17,17,-0.21343337676814175
906,h2_storage,2030,38,18,18,-0.20283975096543094
907,h2_storage,2030,38,19,19,-0.19224612516272013
908,h2_storage,2030,38,20,20,-0.18165249936000932
909,h2_storage,2030,38,21,21,-0.1710588735572985
910,h2_storage,2030,38,22,22,-0.1604652477545877
911,h2_storage,2030,38,23,23,-0.1498716219518769
912,h2_storage,2030,38,24,24,-0.13927799614916608
913,h2_storage,2030,39,1,1,0.01059362580271081
914,h2_storage,2030,39,2,2,0.02118725160542162
915,h2_storage,2030,39,3,3,0.03178087740813243
916,h2_storage,2030,39,4,4,0.04237450321084324
917,h2_storage,2030,39,5,5,0.05296812901355405
918,h2_storage,2030,39,6,6,0.06356175481626486
919,h2_storage,2030,39,7,7,0.07415538061897567
920,h2_storage,2030,39,8,8,0.08474900642168648
921,h2_storage,2030,39,9,9,0.09534263222439729
922,h2_storage,2030,39,10,10,0.10593625802710809
923,h2_storage,2030,39,11,11,0.11652988382981888
924,h2_storage,2030,39,12,12,0.1271235096325297
925,h2_storage,2030,39,13,13,0.1377171354352405
926,h2_storage,2030,39,14,14,0.1483107612379513
927,h2_storage,2030,39,15,15,0.15890438704066212
928,h2_storage,2030,39,16,16,0.16949801284337293
929,h2_storage,2030,39,17,17,0.18009163864608374
930,h2_storage,2030,39,18,18,0.19068526444879455
931,h2_storage,2030,39,19,19,0.20127889025150536
932,h2_storage,2030,39,20,20,0.21187251605421617
933,h2_storage,2030,39,21,21,0.22246614185692698
934,h2_storage,2030,39,22,22,0.2330597676596378
935,h2_storage,2030,39,23,23,0.24365339346234852
936,h2_storage,2030,39,24,24,0.2542470192650593
937,h2_storage,2030,40,1,1,0.0
938,h2_storage,2030,40,2,2,0.0
939,h2_storage,2030,40,3,3,0.0
940,h2_storage,2030,40,4,4,-0.032574907082888134
941,h2_storage,2030,40,5,5,-0.06411401267833906
942,h2_storage,2030,40,6,6,-0.08216444509000848
943,h2_storage,2030,40,7,7,-0.08216444509000848
944,h2_storage,2030,40,8,8,-0.08216444509000848
945,h2_storage,2030,40,9,9,-0.08216444509000848
946,h2_storage,2030,40,10,10,-0.08216444509000848
947,h2_storage,2030,40,11,11,-0.08216444509000848
948,h2_storage,2030,40,12,12,-0.23601059893616233
949,h2_storage,2030,40,13,13,-0.23601059893616233
950,h2_storage,2030,40,14,14,-0.3595982616392759
951,h2_storage,2030,40,15,15,-0.4288546773277062
952,h2_storage,2030,40,16,16,-0.424125951071323
953,h2_storage,2030,40,17,17,-0.41353232526861217
954,h2_storage,2030,40,18,18,-0.4029386994659014
955,h2_storage,2030,40,19,19,-0.3923450736631906
956,h2_storage,2030,40,20,20,-0.38175144786047976
957,h2_storage,2030,40,21,21,-0.371157822057769
958,h2_storage,2030,40,22,22,-0.36056419625505814
959,h2_storage,2030,40,23,23,-0.34997057045234736
960,h2_storage,2030,40,24,24,-0.3393769446496365
961,h2_storage,2030,41,1,1,0.01059362580271081
962,h2_storage,2030,41,2,2,0.02118725160542162
963,h2_storage,2030,41,3,3,0.03178087740813243
964,h2_storage,2030,41,4,4,0.04237450321084324
965,h2_storage,2030,41,5,5,0.05296812901355405
966,h2_storage,2030,41,6,6,0.06356175481626486
967,h2_storage,2030,41,7,7,0.07415538061897567
968,h2_storage,2030,41,8,8,0.08474900642168648
969,h2_storage,2030,41,9,9,0.0953426322243973
970,h2_storage,2030,41,10,10,0.10593625802710811
971,h2_storage,2030,41,11,11,0.11652988382981892
972,h2_storage,2030,41,12,12,0.12712350963252975
973,h2_storage,2030,41,13,13,0.13771713543524056
974,h2_storage,2030,41,14,14,0.14831076123795137
975,h2_storage,2030,41,15,15,0.15890438704066218
976,h2_storage,2030,41,16,16,0.16949801284337296
977,h2_storage,2030,41,17,17,0.18009163864608382
978,h2_storage,2030,41,18,18,0.19068526444879463
979,h2_storage,2030,41,19,19,0.20127889025150544
980,h2_storage,2030,41,20,20,0.21187251605421625
981,h2_storage,2030,41,21,21,0.22246614185692706
982,h2_storage,2030,41,22,22,0.23305976765963787
983,h2_storage,2030,41,23,23,0.24365339346234868
984,h2_storage,2030,41,24,24,0.2542470192650595
985,h2_storage,2030,42,1,1,0.01059362580271081
986,h2_storage,2030,42,2,2,0.02118725160542162
987,h2_storage,2030,42,3,3,0.03178087740813243
988,h2_storage,2030,42,4,4,0.04237450321084324
989,h2_storage,2030,42,5,5,0.05296812901355405
990,h2_storage,2030,42,6,6,0.06356175481626486
991,h2_storage,2030,42,7,7,0.07415538061897567
992,h2_storage,2030,42,8,8,0.08474900642168648
993,h2_storage,2030,42,9,9,0.0953426322243973
994,h2_storage,2030,42,10,10,0.10593625802710811
995,h2_storage,2030,42,11,11,0.11652988382981892
996,h2_storage,2030,42,12,12,0.12712350963252972
997,h2_storage,2030,42,13,13,0.13771713543524053
998,h2_storage,2030,42,14,14,0.14831076123795134
999,h2_storage,2030,42,15,15,0.15890438704066215
1000,h2_storage,2030,42,16,16,0.16949801284337296
1001,h2_storage,2030,42,17,17,0.18009163864608377
1002,h2_storage,2030,42,18,18,0.19068526444879458
1003,h2_storage,2030,42,19,19,0.2012788902515054
1004,h2_storage,2030,42,20,20,0.2118725160542162
1005,h2_storage,2030,42,21,21,0.222466141856927
1006,h2_storage,2030,42,22,22,0.23305976765963782
1007,h2_storage,2030,42,23,23,0.24365339346234868
1008,h2_storage,2030,42,24,24,0.2542470192650595
1009,h2_storage,2030,43,1,1,0.01059362580271081
1010,h2_storage,2030,43,2,2,0.02118725160542162
1011,h2_storage,2030,43,3,3,0.03178087740813243
1012,h2_storage,2030,43,4,4,0.04237450321084324
1013,h2_storage,2030,43,5,5,0.05296812901355405
1014,h2_storage,2030,43,6,6,0.06356175481626486
1015,h2_storage,2030,43,7,7,0.07415538061897567
1016,h2_storage,2030,43,8,8,0.08474900642168648
1017,h2_storage,2030,43,9,9,0.09534263222439729
1018,h2_storage,2030,43,10,10,0.1059362580271081
1019,h2_storage,2030,43,11,11,0.11652988382981891
1020,h2_storage,2030,43,12,12,0.12712350963252972
1021,h2_storage,2030,43,13,13,0.13771713543524053
1022,h2_storage,2030,43,14,14,0.14831076123795134
1023,h2_storage,2030,43,15,15,0.15565942838867086
1024,h2_storage,2030,43,16,16,0.16116773109770388
1025,h2_storage,2030,43,17,17,0.16143624658909597
1026,h2_storage,2030,43,18,18,0.16143624658909597
1027,h2_storage,2030,43,19,19,0.08041251108330434
1028,h2_storage,2030,43,20,20,0.0005368288027500051
1029,h2_storage,2030,43,21,21,-0.07354238377170352
1030,h2_storage,2030,43,22,22,-0.09056474308800304
1031,h2_storage,2030,43,23,23,-0.07997111728529223
1032,h2_storage,2030,43,24,24,-0.06937749148258142
1033,h2_storage,2030,44,1,1,0.01059362580271081
1034,h2_storage,2030,44,2,2,0.02118725160542162
1035,h2_storage,2030,44,3,3,0.03178087740813243
1036,h2_storage,2030,44,4,4,0.04237450321084324
1037,h2_storage,2030,44,5,5,0.05296812901355405
1038,h2_storage,2030,44,6,6,0.06356175481626486
1039,h2_storage,2030,44,7,7,0.07415538061897567
1040,h2_storage,2030,44,8,8,0.07733471741532276
1041,h2_storage,2030,44,9,9,0.07733471741532276
1042,h2_storage,2030,44,10,10,-0.011218736770221453
1043,h2_storage,2030,44,11,11,-0.05850889080842098
1044,h2_storage,2030,44,12,12,-0.05636632252478788
1045,h2_storage,2030,44,13,13,-0.04969627238024523
1046,h2_storage,2030,44,14,14,-0.03910264657753442
1047,h2_storage,2030,44,15,15,-0.02850902077482361
1048,h2_storage,2030,44,16,16,-0.0179153949721128
1049,h2_storage,2030,44,17,17,-0.007321769169401991
1050,h2_storage,2030,44,18,18,0.0032718566333088187
1051,h2_storage,2030,44,19,19,0.013865482436019629
1052,h2_storage,2030,44,20,20,0.02445910823873044
1053,h2_storage,2030,44,21,21,0.03505273404144125
1054,h2_storage,2030,44,22,22,0.04564635984415206
1055,h2_storage,2030,44,23,23,0.05623998564686287
1056,h2_storage,2030,44,24,24,0.06683361144957371
1057,h2_storage,2030,45,1,1,0.01059362580271081
1058,h2_storage,2030,45,2,2,0.02118725160542162
1059,h2_storage,2030,45,3,3,0.03178087740813243
1060,h2_storage,2030,45,4,4,0.04237450321084324
1061,h2_storage,2030,45,5,5,0.05296812901355405
1062,h2_storage,2030,45,6,6,0.06356175481626486
1063,h2_storage,2030,45,7,7,0.07415538061897567
1064,h2_storage,2030,45,8,8,0.08474900642168648
1065,h2_storage,2030,45,9,9,0.09534263222439729
1066,h2_storage,2030,45,10,10,0.1059362580271081
1067,h2_storage,2030,45,11,11,0.11652988382981891
1068,h2_storage,2030,45,12,12,0.12712350963252972
1069,h2_storage,2030,45,13,13,0.13771713543524053
1070,h2_storage,2030,45,14,14,0.14831076123795134
1071,h2_storage,2030,45,15,15,0.15890438704066215
1072,h2_storage,2030,45,16,16,0.16949801284337296
1073,h2_storage,2030,45,17,17,0.18009163864608377
1074,h2_storage,2030,45,18,18,0.19068526444879458
1075,h2_storage,2030,45,19,19,0.2012788902515054
1076,h2_storage,2030,45,20,20,0.2118725160542162
1077,h2_storage,2030,45,21,21,0.222466141856927
1078,h2_storage,2030,45,22,22,0.23305976765963782
1079,h2_storage,2030,45,23,23,0.24365339346234868
1080,h2_storage,2030,45,24,24,0.2542470192650595
1081,h2_storage,2030,46,1,1,0.01059362580271081
1082,h2_storage,2030,46,2,2,0.02118725160542162
1083,h2_storage,2030,46,3,3,0.03178087740813243
1084,h2_storage,2030,46,4,4,0.04237450321084324
1085,h2_storage,2030,46,5,5,0.05296812901355405
1086,h2_storage,2030,46,6,6,0.06356175481626486
1087,h2_storage,2030,46,7,7,0.07415538061897567
1088,h2_storage,2030,46,8,8,0.08474900642168648
1089,h2_storage,2030,46,9,9,0.09403766836294114
1090,h2_storage,2030,46,10,10,0.09403766836294114
1091,h2_storage,2030,46,11,11,0.08899882972938261
1092,h2_storage,2030,46,12,12,0.09374541182727492
1093,h2_storage,2030,46,13,13,0.09632942207723692
1094,h2_storage,2030,46,14,14,0.10692304787994773
1095,h2_storage,2030,46,15,15,0.11751667368265854
1096,h2_storage,2030,46,16,16,0.12811029948536934
1097,h2_storage,2030,46,17,17,0.13870392528808015
1098,h2_storage,2030,46,18,18,0.14929755109079096
1099,h2_storage,2030,46,19,19,0.1598911768935018
1100,h2_storage,2030,46,20,20,0.17002202370274477
1101,h2_storage,2030,46,21,21,0.18061564950545558
1102,h2_storage,2030,46,22,22,0.1912092753081664
1103,h2_storage,2030,46,23,23,0.20180290111087723
1104,h2_storage,2030,46,24,24,0.21239652691358804
1105,h2_storage,2030,47,1,1,0.01059362580271081
1106,h2_storage,2030,47,2,2,0.02118725160542162
1107,h2_storage,2030,47,3,3,0.03178087740813243
1108,h2_storage,2030,47,4,4,0.04237450321084324
1109,h2_storage,2030,47,5,5,0.05296812901355405
1110,h2_storage,2030,47,6,6,0.06356175481626486
1111,h2_storage,2030,47,7,7,0.07415538061897567
1112,h2_storage,2030,47,8,8,0.002868065260768317
1113,h2_storage,2030,47,9,9,0.002868065260768317
1114,h2_storage,2030,47,10,10,-0.15097808858538553
1115,h2_storage,2030,47,11,11,-0.15097808858538553
1116,h2_storage,2030,47,12,12,-0.15097808858538553
1117,h2_storage,2030,47,13,13,-0.2327962813234951
1118,h2_storage,2030,47,14,14,-0.2679679536665083
1119,h2_storage,2030,47,15,15,-0.27074477286347787
1120,h2_storage,2030,47,16,16,-0.3637636504864872
1121,h2_storage,2030,47,17,17,-0.5103086411272432
1122,h2_storage,2030,47,18,18,-0.5103086411272432
1123,h2_storage,2030,47,19,19,-0.664154794973397
1124,h2_storage,2030,47,20,20,-0.7906557727372446
1125,h2_storage,2030,47,21,21,-0.7906557727372446
1126,h2_storage,2030,47,22,22,-0.7800621469345338
1127,h2_storage,2030,47,23,23,-0.8234072137754795
1128,h2_storage,2030,47,24,24,-0.8311813074562295
1129,h2_storage,2030,48,1,1,0.01059362580271081
1130,h2_storage,2030,48,2,2,0.02118725160542162
1131,h2_storage,2030,48,3,3,0.03178087740813243
1132,h2_storage,2030,48,4,4,0.04237450321084324
1133,h2_storage,2030,48,5,5,0.05296812901355405
1134,h2_storage,2030,48,6,6,0.06356175481626486
1135,h2_storage,2030,48,7,7,0.07415538061897567
1136,h2_storage,2030,48,8,8,0.08474900642168649
1137,h2_storage,2030,48,9,9,0.0953426322243973
1138,h2_storage,2030,48,10,10,0.10593625802710811
1139,h2_storage,2030,48,11,11,0.11652988382981892
1140,h2_storage,2030,48,12,12,0.12712350963252975
1141,h2_storage,2030,48,13,13,0.13771713543524056
1142,h2_storage,2030,48,14,14,0.14831076123795137
1143,h2_storage,2030,48,15,15,0.15890438704066218
1144,h2_storage,2030,48,16,16,0.16949801284337299
1145,h2_storage,2030,48,17,17,0.1800916386460838
1146,h2_storage,2030,48,18,18,0.1906852644487946
1147,h2_storage,2030,48,19,19,0.20127889025150542
1148,h2_storage,2030,48,20,20,0.21187251605421623
1149,h2_storage,2030,48,21,21,0.22246614185692704
1150,h2_storage,2030,48,22,22,0.23305976765963785
1151,h2_storage,2030,48,23,23,0.24365339346234868
1152,h2_storage,2030,48,24,24,0.2542470192650595
1153,h2_storage,2030,49,1,1,0.007671438092989737
1154,h2_storage,2030,49,2,2,0.018265063895700547
1155,h2_storage,2030,49,3,3,0.02885868969841135
1156,h2_storage,2030,49,4,4,0.03945231550112216
1157,h2_storage,2030,49,5,5,0.050045941303833
1158,h2_storage,2030,49,6,6,0.06063956710654381
1159,h2_storage,2030,49,7,7,0.07123319290925462
1160,h2_storage,2030,49,8,8,0.07881064991466163
1161,h2_storage,2030,49,9,9,0.07881064991466163
1162,h2_storage,2030,49,10,10,0.07881064991466163
1163,h2_storage,2030,49,11,11,0.07881064991466163
1164,h2_storage,2030,49,12,12,0.07881064991466163
1165,h2_storage,2030,49,13,13,0.07881064991466163
1166,h2_storage,2030,49,14,14,0.07881064991466163
1167,h2_storage,2030,49,15,15,0.07881064991466163
1168,h2_storage,2030,49,16,16,0.07881064991466163
1169,h2_storage,2030,49,17,17,0.07881064991466163
1170,h2_storage,2030,49,18,18,0.07881064991466163
1171,h2_storage,2030,49,19,19,0.07881064991466163
1172,h2_storage,2030,49,20,20,0.07881064991466163
1173,h2_storage,2030,49,21,21,0.07881064991466163
1174,h2_storage,2030,49,22,22,0.07881064991466163
1175,h2_storage,2030,49,23,23,0.07881064991466163
1176,h2_storage,2030,49,24,24,0.07881064991466163
1177,h2_storage,2030,50,1,1,0.0
1178,h2_storage,2030,50,2,2,0.0
1179,h2_storage,2030,50,3,3,0.0
1180,h2_storage,2030,50,4,4,0.0
1181,h2_storage,2030,50,5,5,0.0
1182,h2_storage,2030,50,6,6,0.0
1183,h2_storage,2030,50,7,7,0.0
1184,h2_storage,2030,50,8,8,0.0
1185,h2_storage,2030,50,9,9,0.0
1186,h2_storage,2030,50,10,10,0.0
1187,h2_storage,2030,50,11,11,0.0
1188,h2_storage,2030,50,12,12,0.0
1189,h2_storage,2030,50,13,13,0.0
1190,h2_storage,2030,50,14,14,0.0
1191,h2_storage,2030,50,15,15,0.0
1192,h2_storage,2030,50,16,16,0.0
1193,h2_storage,2030,50,17,17,0.0
1194,h2_storage,2030,50,18,18,0.0
1195,h2_storage,2030,50,19,19,0.0
1196,h2_storage,2030,50,20,20,0.0
1197,h2_storage,2030,50,21,21,0.0
1198,h2_storage,2030,50,22,22,0.0
1199,h2_storage,2030,50,23,23,0.0
1200,h2_storage,2030,50,24,24,0.0
1201,h2_storage,2030,51,1,1,0.0
1202,h2_storage,2030,51,2,2,0.0
1203,h2_storage,2030,51,3,3,0.0
1204,h2_storage,2030,51,4,4,0.0
1205,h2_storage,2030,51,5,5,0.0
1206,h2_storage,2030,51,6,6,0.0
1207,h2_storage,2030,51,7,7,0.0
1208,h2_storage,2030,51,8,8,0.0
1209,h2_storage,2030,51,9,9,0.0
1210,h2_storage,2030,51,10,10,0.0
1211,h2_storage,2030,51,11,11,0.0
1212,h2_storage,2030,51,12,12,0.0
1213,h2_storage,2030,51,13,13,0.0
1214,h2_storage,2030,51,14,14,0.0
1215,h2_storage,2030,51,15,15,0.0
1216,h2_storage,2030,51,16,16,0.0
1217,h2_storage,2030,51,17,17,0.0
1218,h2_storage,2030,51,18,18,0.0
1219,h2_storage,2030,51,19,19,0.0
1220,h2_storage,2030,51,20,20,0.0
1221,h2_storage,2030,51,21,21,0.0
1222,h2_storage,2030,51,22,22,0.0
1223,h2_storage,2030,51,23,23,0.0
1224,h2_storage,2030,51,24,24,0.0
1225,h2_storage,2030,52,1,1,-0.009850670789592491
1226,h2_storage,2030,52,2,2,-0.009850670789592491
1227,h2_storage,2030,52,3,3,-0.009850670789592491
1228,h2_storage,2030,52,4,4,-0.009850670789592491
1229,h2_storage,2030,52,5,5,-0.009850670789592491
1230,h2_storage,2030,52,6,6,-0.009850670789592491
1231,h2_storage,2030,52,7,7,-0.009850670789592491
1232,h2_storage,2030,52,8,8,-0.009850670789592491
1233,h2_storage,2030,52,9,9,-0.009850670789592491
1234,h2_storage,2030,52,10,10,-0.009850670789592491
1235,h2_storage,2030,52,11,11,-0.009850670789592491
1236,h2_storage,2030,52,12,12,-0.009850670789592491
1237,h2_storage,2030,52,13,13,-0.009850670789592491
1238,h2_storage,2030,52,14,14,-0.009850670789592491
1239,h2_storage,2030,52,15,15,-0.009850670789592491
1240,h2_storage,2030,52,16,16,-0.009850670789592491
1241,h2_storage,2030,52,17,17,-0.009850670789592491
1242,h2_storage,2030,52,18,18,-0.009850670789592491
1243,h2_storage,2030,52,19,19,-0.009850670789592491
1244,h2_storage,2030,52,20,20,-0.009850670789592491
1245,h2_storage,2030,52,21,21,-0.009850670789592491
1246,h2_storage,2030,52,22,22,-0.009850670789592491
1247,h2_storage,2030,52,23,23,-0.009850670789592522
1248,h2_storage,2030,52,24,24,-0.009850670789592522
1249,h2_storage,2030,53,1,1,-0.0005999835398500455
1250,h2_storage,2030,53,2,2,-0.0005999835398500455
1251,h2_storage,2030,53,3,3,-0.0005999835398500455
1252,h2_storage,2030,53,4,4,-0.0005999835398500455
1253,h2_storage,2030,53,5,5,-0.0005999835398500455
1254,h2_storage,2030,53,6,6,-0.0005999835398500455
1255,h2_storage,2030,53,7,7,-0.0005999835398500455
1256,h2_storage,2030,53,8,8,-0.0005999835398500455
1257,h2_storage,2030,53,9,9,-0.0005999835398500455
1258,h2_storage,2030,53,10,10,-0.0005999835398500455
1259,h2_storage,2030,53,11,11,-0.0005999835398500455
1260,h2_storage,2030,53,12,12,-0.0005999835398500455
1261,h2_storage,2030,53,13,13,-0.0005999835398500455
1262,h2_storage,2030,53,14,14,-0.0005999835398500455
1263,h2_storage,2030,53,15,15,-0.0005999835398500455
1264,h2_storage,2030,53,16,16,-0.0005999835398500455
1265,h2_storage,2030,53,17,17,-0.0005999835398500455
1266,h2_storage,2030,53,18,18,-0.0005999835398500455
1267,h2_storage,2030,53,19,19,-0.0005999835398500455
1268,h2_storage,2030,53,20,20,-0.0005999835398500455
1269,h2_storage,2030,53,21,21,-0.0005999835398500455
1270,h2_storage,2030,53,22,22,-0.0005999835398500455
1271,h2_storage,2030,53,23,23,-0.0005999835398500455
1272,h2_storage,2030,53,24,24,-0.0005999835398500455
1273,h2_storage,2030,54,1,1,0.0
1274,h2_storage,2030,54,2,2,0.0
1275,h2_storage,2030,54,3,3,0.0
1276,h2_storage,2030,54,4,4,0.0
1277,h2_storage,2030,54,5,5,0.0
1278,h2_storage,2030,54,6,6,0.0
1279,h2_storage,2030,54,7,7,0.0
1280,h2_storage,2030,54,8,8,0.0
1281,h2_storage,2030,54,9,9,0.0
1282,h2_storage,2030,54,10,10,0.0
1283,h2_storage,2030,54,11,11,0.0
1284,h2_storage,2030,54,12,12,0.0
1285,h2_storage,2030,54,13,13,-0.15384615384615385
1286,h2_storage,2030,54,14,14,-0.15384615384615385
1287,h2_storage,2030,54,15,15,-0.3076923076923077
1288,h2_storage,2030,54,16,16,-0.3076923076923077
1289,h2_storage,2030,54,17,17,-0.46153846153846156
1290,h2_storage,2030,54,18,18,-0.46153846153846156
1291,h2_storage,2030,54,19,19,-0.46153846153846156
1292,h2_storage,2030,54,20,20,-0.46153846153846156
1293,h2_storage,2030,54,21,21,-0.46153846153846156
1294,h2_storage,2030,54,22,22,-0.46153846153846156
1295,h2_storage,2030,54,23,23,-0.46153846153846156
1296,h2_storage,2030,54,24,24,-0.46153846153846156
1297,h2_storage,2030,55,1,1,0.0
1298,h2_storage,2030,55,2,2,0.0
1299,h2_storage,2030,55,3,3,0.0
1300,h2_storage,2030,55,4,4,0.0
1301,h2_storage,2030,55,5,5,0.0
1302,h2_storage,2030,55,6,6,0.0
1303,h2_storage,2030,55,7,7,0.0
1304,h2_storage,2030,55,8,8,0.0
1305,h2_storage,2030,55,9,9,0.0
1306,h2_storage,2030,55,10,10,0.0
1307,h2_storage,2030,55,11,11,0.0
1308,h2_storage,2030,55,12,12,0.0
1309,h2_storage,2030,55,13,13,0.0
1310,h2_storage,2030,55,14,14,0.0
1311,h2_storage,2030,55,15,15,0.0
1312,h2_storage,2030,55,16,16,0.0
1313,h2_storage,2030,55,17,17,0.0
1314,h2_storage,2030,55,18,18,0.0
1315,h2_storage,2030,55,19,19,0.0
1316,h2_storage,2030,55,20,20,0.0
1317,h2_storage,2030,55,21,21,0.0
1318,h2_storage,2030,55,22,22,0.0
1319,h2_storage,2030,55,23,23,0.0
1320,h2_storage,2030,55,24,24,0.0
1321,h2_storage,2030,56,1,1,0.0
1322,h2_storage,2030,56,2,2,0.0
1323,h2_storage,2030,56,3,3,0.0
1324,h2_storage,2030,56,4,4,0.0
1325,h2_storage,2030,56,5,5,0.0
1326,h2_storage,2030,56,6,6,0.0
1327,h2_storage,2030,56,7,7,0.0
1328,h2_storage,2030,56,8,8,0.0
1329,h2_storage,2030,56,9,9,0.0
1330,h2_storage,2030,56,10,10,0.0
1331,h2_storage,2030,56,11,11,0.0
1332,h2_storage,2030,56,12,12,0.0
1333,h2_storage,2030,56,13,13,0.0
1334,h2_storage,2030,56,14,14,0.0
1335,h2_storage,2030,56,15,15,0.0
1336,h2_storage,2030,56,16,16,0.0
1337,h2_storage,2030,56,17,17,0.0
1338,h2_storage,2030,56,18,18,0.0
1339,h2_storage,2030,56,19,19,0.0
1340,h2_storage,2030,56,20,20,0.0
1341,h2_storage,2030,56,21,21,0.0
1342,h2_storage,2030,56,22,22,0.0
1343,h2_storage,2030,56,23,23,0.0
1344,h2_storage,2030,56,24,24,0.0
1345,h2_storage,2030,57,1,1,-0.0552949017490512
1346,h2_storage,2030,57,2,2,-0.0552949017490512
1347,h2_storage,2030,57,3,3,-0.0552949017490512
1348,h2_storage,2030,57,4,4,-0.0552949017490512
1349,h2_storage,2030,57,5,5,-0.0552949017490512
1350,h2_storage,2030,57,6,6,-0.0552949017490512
1351,h2_storage,2030,57,7,7,-0.0552949017490512
1352,h2_storage,2030,57,8,8,-0.0552949017490512
1353,h2_storage,2030,57,9,9,-0.0552949017490512
1354,h2_storage,2030,57,10,10,-0.0552949017490512
1355,h2_storage,2030,57,11,11,-0.0552949017490512
1356,h2_storage,2030,57,12,12,-0.0552949017490512
1357,h2_storage,2030,57,13,13,-0.0552949017490512
1358,h2_storage,2030,57,14,14,-0.0552949017490512
1359,h2_storage,2030,57,15,15,-0.0552949017490512
1360,h2_storage,2030,57,16,16,-0.0552949017490512
1361,h2_storage,2030,57,17,17,-0.0552949017490512
1362,h2_storage,2030,57,18,18,-0.0552949017490512
1363,h2_storage,2030,57,19,19,-0.0552949017490512
1364,h2_storage,2030,57,20,20,-0.0552949017490512
1365,h2_storage,2030,57,21,21,-0.0552949017490512
1366,h2_storage,2030,57,22,22,-0.0552949017490512
1367,h2_storage,2030,57,23,23,-0.0552949017490512
1368,h2_storage,2030,57,24,24,-0.05529490174905122
1369,h2_storage,2030,58,1,1,0.0
1370,h2_storage,2030,58,2,2,0.0
1371,h2_storage,2030,58,3,3,0.0
1372,h2_storage,2030,58,4,4,0.0
1373,h2_storage,2030,58,5,5,0.0
1374,h2_storage,2030,58,6,6,0.0
1375,h2_storage,2030,58,7,7,0.0
1376,h2_storage,2030,58,8,8,0.0
1377,h2_storage,2030,58,9,9,0.0
1378,h2_storage,2030,58,10,10,0.0
1379,h2_storage,2030,58,11,11,0.0
1380,h2_storage,2030,58,12,12,0.0
1381,h2_storage,2030,58,13,13,0.0
1382,h2_storage,2030,58,14,14,0.0
1383,h2_storage,2030,58,15,15,0.0
1384,h2_storage,2030,58,16,16,0.0
1385,h2_storage,2030,58,17,17,0.0
1386,h2_storage,2030,58,18,18,0.0
1387,h2_storage,2030,58,19,19,0.0
1388,h2_storage,2030,58,20,20,0.0
1389,h2_storage,2030,58,21,21,0.0
1390,h2_storage,2030,58,22,22,0.0
1391,h2_storage,2030,58,23,23,0.0
1392,h2_storage,2030,58,24,24,0.0
1393,h2_storage,2030,59,1,1,-0.010389122057034243
1394,h2_storage,2030,59,2,2,-0.010389122057034243
1395,h2_storage,2030,59,3,3,-0.010389122057034243
1396,h2_storage,2030,59,4,4,-0.010389122057034243
1397,h2_storage,2030,59,5,5,-0.010389122057034243
1398,h2_storage,2030,59,6,6,-0.010389122057034243
1399,h2_storage,2030,59,7,7,-0.010389122057034243
1400,h2_storage,2030,59,8,8,-0.010389122057034243
1401,h2_storage,2030,59,9,9,-0.010389122057034243
1402,h2_storage,2030,59,10,10,-0.010389122057034243
1403,h2_storage,2030,59,11,11,-0.010389122057034243
1404,h2_storage,2030,59,12,12,-0.010389122057034243
1405,h2_storage,2030,59,13,13,-0.010389122057034243
1406,h2_storage,2030,59,14,14,-0.010389122057034243
1407,h2_storage,2030,59,15,15,-0.010389122057034243
1408,h2_storage,2030,59,16,16,-0.010389122057034243
1409,h2_storage,2030,59,17,17,-0.010389122057034243
1410,h2_storage,2030,59,18,18,-0.010389122057034243
1411,h2_storage,2030,59,19,19,-0.010389122057034243
1412,h2_storage,2030,59,20,20,-0.010389122057034243
1413,h2_storage,2030,59,21,21,-0.010389122057034243
1414,h2_storage,2030,59,22,22,-0.010389122057034243
1415,h2_storage,2030,59,23,23,-0.010389122057034243
1416,h2_storage,2030,59,24,24,-0.010389122057034243
1417,h2_storage,2030,60,1,1,0.0
1418,h2_storage,2030,60,2,2,0.0
1419,h2_storage,2030,60,3,3,0.0
1420,h2_storage,2030,60,4,4,0.0
1421,h2_storage,2030,60,5,5,0.0
1422,h2_storage,2030,60,6,6,0.0
1423,h2_storage,2030,60,7,7,0.0
1424,h2_storage,2030,60,8,8,0.0
1425,h2_storage,2030,60,9,9,0.0
1426,h2_storage,2030,60,10,10,0.0
1427,h2_storage,2030,60,11,11,0.0
1428,h2_storage,2030,60,12,12,0.0
1429,h2_storage,2030,60,13,13,0.0
1430,h2_storage,2030,60,14,14,0.0
1431,h2_storage,2030,60,15,15,0.0
1432,h2_storage,2030,60,16,16,0.0
1433,h2_storage,2030,60,17,17,0.0
1434,h2_storage,2030,60,18,18,0.0
1435,h2_storage,2030,60,19,19,0.0
1436,h2_storage,2030,60,20,20,0.0
1437,h2_storage,2030,60,21,21,0.0
1438,h2_storage,2030,60,22,22,0.0
1439,h2_storage,2030,60,23,23,0.0
1440,h2_storage,2030,60,24,24,0.0
1441,h2_storage,2030,61,1,1,0.0
1442,h2_storage,2030,61,2,2,0.0
1443,h2_storage,2030,61,3,3,0.0
1444,h2_storage,2030,61,4,4,0.0
1445,h2_storage,2030,61,5,5,0.0
1446,h2_storage,2030,61,6,6,0.0
1447,h2_storage,2030,61,7,7,0.0
1448,h2_storage,2030,61,8,8,0.0
1449,h2_storage,2030,61,9,9,0.0
1450,h2_storage,2030,61,10,10,0.0
1451,h2_storage,2030,61,11,11,0.0
1452,h2_storage,2030,61,12,12,0.0
1453,h2_storage,2030,61,13,13,0.0
1454,h2_storage,2030,61,14,14,0.0
1455,h2_storage,2030,61,15,15,0.0
1456,h2_storage,2030,61,16,16,0.0
1457,h2_storage,2030,61,17,17,0.0
1458,h2_storage,2030,61,18,18,0.0
1459,h2_storage,2030,61,19,19,0.0
1460,h2_storage,2030,61,20,20,0.0
1461,h2_storage,2030,61,21,21,0.0
1462,h2_storage,2030,61,22,22,0.0
1463,h2_storage,2030,61,23,23,0.0
1464,h2_storage,2030,61,24,24,0.0
1465,h2_storage,2030,62,1,1,0.0
1466,h2_storage,2030,62,2,2,0.0
1467,h2_storage,2030,62,3,3,0.0
1468,h2_storage,2030,62,4,4,0.0
1469,h2_storage,2030,62,5,5,0.0
1470,h2_storage,2030,62,6,6,0.0
1471,h2_storage,2030,62,7,7,0.0
1472,h2_storage,2030,62,8,8,0.0
1473,h2_storage,2030,62,9,9,0.0
1474,h2_storage,2030,62,10,10,0.0
1475,h2_storage,2030,62,11,11,0.0
1476,h2_storage,2030,62,12,12,0.0
1477,h2_storage,2030,62,13,13,0.0
1478,h2_storage,2030,62,14,14,0.0
1479,h2_storage,2030,62,15,15,0.0
1480,h2_storage,2030,62,16,16,0.0
1481,h2_storage,2030,62,17,17,0.0
1482,h2_storage,2030,62,18,18,0.0
1483,h2_storage,2030,62,19,19,0.0
1484,h2_storage,2030,62,20,20,0.0
1485,h2_storage,2030,62,21,21,0.0
1486,h2_storage,2030,62,22,22,0.0
1487,h2_storage,2030,62,23,23,0.0
1488,h2_storage,2030,62,24,24,0.0
1489,h2_storage,2030,63,1,1,-0.03953950073964921
1490,h2_storage,2030,63,2,2,-0.03953950073964921
1491,h2_storage,2030,63,3,3,-0.03953950073964921
1492,h2_storage,2030,63,4,4,-0.03953950073964921
1493,h2_storage,2030,63,5,5,-0.03953950073964921
1494,h2_storage,2030,63,6,6,-0.03953950073964921
1495,h2_storage,2030,63,7,7,-0.03953950073964921
1496,h2_storage,2030,63,8,8,-0.03953950073964921
1497,h2_storage,2030,63,9,9,-0.03953950073964921
1498,h2_storage,2030,63,10,10,-0.03953950073964921
1499,h2_storage,2030,63,11,11,-0.03953950073964921
1500,h2_storage,2030,63,12,12,-0.03953950073964921
1501,h2_storage,2030,63,13,13,-0.03953950073964921
1502,h2_storage,2030,63,14,14,-0.03953950073964921
1503,h2_storage,2030,63,15,15,-0.03953950073964921
1504,h2_storage,2030,63,16,16,-0.03953950073964921
1505,h2_storage,2030,63,17,17,-0.03953950073964921
1506,h2_storage,2030,63,18,18,-0.03953950073964921
1507,h2_storage,2030,63,19,19,-0.03953950073964921
1508,h2_storage,2030,63,20,20,-0.03953950073964921
1509,h2_storage,2030,63,21,21,-0.03953950073964921
1510,h2_storage,2030,63,22,22,-0.03953950073964921
1511,h2_storage,2030,63,23,23,-0.03953950073964921
1512,h2_storage,2030,63,24,24,-0.03953950073964921
1513,h2_storage,2030,64,1,1,-0.02102880239553723
1514,h2_storage,2030,64,2,2,-0.02102880239553723
1515,h2_storage,2030,64,3,3,-0.02102880239553723
1516,h2_storage,2030,64,4,4,-0.02102880239553723
1517,h2_storage,2030,64,5,5,-0.02102880239553723
1518,h2_storage,2030,64,6,6,-0.02102880239553723
1519,h2_storage,2030,64,7,7,-0.02102880239553723
1520,h2_storage,2030,64,8,8,-0.02102880239553723
1521,h2_storage,2030,64,9,9,-0.02102880239553723
1522,h2_storage,2030,64,10,10,-0.02102880239553723
1523,h2_storage,2030,64,11,11,-0.02102880239553723
1524,h2_storage,2030,64,12,12,-0.02102880239553723
1525,h2_storage,2030,64,13,13,-0.02102880239553723
1526,h2_storage,2030,64,14,14,-0.02102880239553723
1527,h2_storage,2030,64,15,15,-0.02102880239553723
1528,h2_storage,2030,64,16,16,-0.02102880239553723
1529,h2_storage,2030,64,17,17,-0.02102880239553723
1530,h2_storage,2030,64,18,18,-0.02102880239553723
1531,h2_storage,2030,64,19,19,-0.02102880239553723
1532,h2_storage,2030,64,20,20,-0.02102880239553723
1533,h2_storage,2030,64,21,21,-0.02102880239553723
1534,h2_storage,2030,64,22,22,-0.02102880239553723
1535,h2_storage,2030,64,23,23,-0.02102880239553723
1536,h2_storage,2030,64,24,24,-0.02102880239553723
1537,h2_storage,2030,65,1,1,0.0
1538,h2_storage,2030,65,2,2,0.0
1539,h2_storage,2030,65,3,3,0.0
1540,h2_storage,2030,65,4,4,0.0
1541,h2_storage,2030,65,5,5,0.0
1542,h2_storage,2030,65,6,6,0.0
1543,h2_storage,2030,65,7,7,0.0
1544,h2_storage,2030,65,8,8,0.0
1545,h2_storage,2030,65,9,9,0.0
1546,h2_storage,2030,65,10,10,0.0
1547,h2_storage,2030,65,11,11,0.0
1548,h2_storage,2030,65,12,12,0.0
1549,h2_storage,2030,65,13,13,0.0
1550,h2_storage,2030,65,14,14,0.0
1551,h2_storage,2030,65,15,15,0.0
1552,h2_storage,2030,65,16,16,0.0
1553,h2_storage,2030,65,17,17,0.0
1554,h2_storage,2030,65,18,18,0.0
1555,h2_storage,2030,65,19,19,0.0
1556,h2_storage,2030,65,20,20,0.0
1557,h2_storage,2030,65,21,21,0.0
1558,h2_storage,2030,65,22,22,0.0
1559,h2_storage,2030,65,23,23,0.0
1560,h2_storage,2030,65,24,24,0.0
1561,h2_storage,2030,66,1,1,-0.0996442305091701
1562,h2_storage,2030,66,2,2,-0.0996442305091701
1563,h2_storage,2030,66,3,3,-0.0996442305091701
1564,h2_storage,2030,66,4,4,-0.0996442305091701
1565,h2_storage,2030,66,5,5,-0.0996442305091701
1566,h2_storage,2030,66,6,6,-0.0996442305091701
1567,h2_storage,2030,66,7,7,-0.0996442305091701
1568,h2_storage,2030,66,8,8,-0.0996442305091701
1569,h2_storage,2030,66,9,9,-0.0996442305091701
1570,h2_storage,2030,66,10,10,-0.0996442305091701
1571,h2_storage,2030,66,11,11,-0.0996442305091701
1572,h2_storage,2030,66,12,12,-0.0996442305091701
1573,h2_storage,2030,66,13,13,-0.0996442305091701
1574,h2_storage,2030,66,14,14,-0.0996442305091701
1575,h2_storage,2030,66,15,15,-0.0996442305091701
1576,h2_storage,2030,66,16,16,-0.0996442305091701
1577,h2_storage,2030,66,17,17,-0.0996442305091701
1578,h2_storage,2030,66,18,18,-0.0996442305091701
1579,h2_storage,2030,66,19,19,-0.0996442305091701
1580,h2_storage,2030,66,20,20,-0.0996442305091701
1581,h2_storage,2030,66,21,21,-0.0996442305091701
1582,h2_storage,2030,66,22,22,-0.0996442305091701
1583,h2_storage,2030,66,23,23,-0.0996442305091701
1584,h2_storage,2030,66,24,24,-0.0996442305091701
1585,h2_storage,2030,67,1,1,0.0
1586,h2_storage,2030,67,2,2,0.0
1587,h2_storage,2030,67,3,3,0.0
1588,h2_storage,2030,67,4,4,0.0
1589,h2_storage,2030,67,5,5,0.0
1590,h2_storage,2030,67,6,6,0.0
1591,h2_storage,2030,67,7,7,0.0
1592,h2_storage,2030,67,8,8,0.0
1593,h2_storage,2030,67,9,9,0.0
1594,h2_storage,2030,67,10,10,0.0
1595,h2_storage,2030,67,11,11,0.0
1596,h2_storage,2030,67,12,12,0.0
1597,h2_storage,2030,67,13,13,0.0
1598,h2_storage,2030,67,14,14,0.0
1599,h2_storage,2030,67,15,15,0.0
1600,h2_storage,2030,67,16,16,0.0
1601,h2_storage,2030,67,17,17,0.0
1602,h2_storage,2030,67,18,18,0.0
1603,h2_storage,2030,67,19,19,0.0
1604,h2_storage,2030,67,20,20,0.0
1605,h2_storage,2030,67,21,21,0.0
1606,h2_storage,2030,67,22,22,0.0
1607,h2_storage,2030,67,23,23,0.0
1608,h2_storage,2030,67,24,24,0.0
1609,h2_storage,2030,68,1,1,0.01059362580271081
1610,h2_storage,2030,68,2,2,0.02118725160542162
1611,h2_storage,2030,68,3,3,0.03178087740813243
1612,h2_storage,2030,68,4,4,0.04237450321084324
1613,h2_storage,2030,68,5,5,0.05296812901355405
1614,h2_storage,2030,68,6,6,0.06356175481626486
1615,h2_storage,2030,68,7,7,0.07415538061897567
1616,h2_storage,2030,68,8,8,0.07905718727276739
1617,h2_storage,2030,68,9,9,0.07905718727276739
1618,h2_storage,2030,68,10,10,0.07905718727276739
1619,h2_storage,2030,68,11,11,0.07905718727276739
1620,h2_storage,2030,68,12,12,0.07905718727276739
1621,h2_storage,2030,68,13,13,0.07905718727276739
1622,h2_storage,2030,68,14,14,0.07905718727276739
1623,h2_storage,2030,68,15,15,0.07905718727276739
1624,h2_storage,2030,68,16,16,0.0896508130754782
1625,h2_storage,2030,68,17,17,0.10024443887818901
1626,h2_storage,2030,68,18,18,0.11083806468089982
1627,h2_storage,2030,68,19,19,0.12143169048361063
1628,h2_storage,2030,68,20,20,0.12520944747088902
1629,h2_storage,2030,68,21,21,0.13580307327359983
1630,h2_storage,2030,68,22,22,0.14639669907631064
1631,h2_storage,2030,68,23,23,0.15699032487902145
1632,h2_storage,2030,68,24,24,0.16758395068173226
1633,h2_storage,2030,69,1,1,0.0
1634,h2_storage,2030,69,2,2,0.0
1635,h2_storage,2030,69,3,3,0.0
1636,h2_storage,2030,69,4,4,0.0
1637,h2_storage,2030,69,5,5,0.0
1638,h2_storage,2030,69,6,6,0.0
1639,h2_storage,2030,69,7,7,0.0
1640,h2_storage,2030,69,8,8,0.0
1641,h2_storage,2030,69,9,9,0.0
1642,h2_storage,2030,69,10,10,0.0
1643,h2_storage,2030,69,11,11,0.0
1644,h2_storage,2030,69,12,12,0.0
1645,h2_storage,2030,69,13,13,0.0
1646,h2_storage,2030,69,14,14,0.0
1647,h2_storage,2030,69,15,15,0.0
1648,h2_storage,2030,69,16,16,0.0
1649,h2_storage,2030,69,17,17,0.0
1650,h2_storage,2030,69,18,18,0.0
1651,h2_storage,2030,69,19,19,0.0
1652,h2_storage,2030,69,20,20,0.0
1653,h2_storage,2030,69,21,21,0.0
1654,h2_storage,2030,69,22,22,0.0
1655,h2_storage,2030,69,23,23,0.0
1656,h2_storage,2030,69,24,24,0.0
1657,h2_storage,2030,70,1,1,0.0
1658,h2_storage,2030,70,2,2,0.0
1659,h2_storage,2030,70,3,3,0.0
1660,h2_storage,2030,70,4,4,0.0
1661,h2_storage,2030,70,5,5,0.0
1662,h2_storage,2030,70,6,6,0.0
1663,h2_storage,2030,70,7,7,0.0
1664,h2_storage,2030,70,8,8,0.0
1665,h2_storage,2030,70,9,9,0.0
1666,h2_storage,2030,70,10,10,0.0
1667,h2_storage,2030,70,11,11,0.0
1668,h2_storage,2030,70,12,12,0.0
1669,h2_storage,2030,70,13,13,0.0
1670,h2_storage,2030,70,14,14,0.0
1671,h2_storage,2030,70,15,15,0.0
1672,h2_storage,2030,70,16,16,0.0
1673,h2_storage,2030,70,17,17,0.0
1674,h2_storage,2030,70,18,18,0.0
1675,h2_storage,2030,70,19,19,0.0
1676,h2_storage,2030,70,20,20,0.0
1677,h2_storage,2030,70,21,21,0.0
1678,h2_storage,2030,70,22,22,0.0
1679,h2_storage,2030,70,23,23,0.0
1680,h2_storage,2030,70,24,24,0.0
1681,h2_storage,2030,71,1,1,0.0
1682,h2_storage,2030,71,2,2,0.0
1683,h2_storage,2030,71,3,3,0.001467455707213665
1684,h2_storage,2030,71,4,4,0.012061081509924475
1685,h2_storage,2030,71,5,5,0.022654707312635275
1686,h2_storage,2030,71,6,6,0.033248333115346085
1687,h2_storage,2030,71,7,7,0.04384195891805686
1688,h2_storage,2030,71,8,8,0.04384195891805686
1689,h2_storage,2030,71,9,9,0.04384195891805686
1690,h2_storage,2030,71,10,10,0.04384195891805686
1691,h2_storage,2030,71,11,11,0.04384195891805686
1692,h2_storage,2030,71,12,12,0.04384195891805686
1693,h2_storage,2030,71,13,13,0.04384195891805686
1694,h2_storage,2030,71,14,14,0.04384195891805686
1695,h2_storage,2030,71,15,15,0.04384195891805686
1696,h2_storage,2030,71,16,16,0.04384195891805686
1697,h2_storage,2030,71,17,17,0.04384195891805686
1698,h2_storage,2030,71,18,18,0.04384195891805686
1699,h2_storage,2030,71,19,19,0.04384195891805686
1700,h2_storage,2030,71,20,20,0.04384195891805686
1701,h2_storage,2030,71,21,21,0.04384195891805686
1702,h2_storage,2030,71,22,22,0.04384195891805686
1703,h2_storage,2030,71,23,23,0.04384195891805686
1704,h2_storage,2030,71,24,24,0.04384195891805686
1705,h2_storage,2030,72,1,1,0.0
1706,h2_storage,2030,72,2,2,0.0
1707,h2_storage,2030,72,3,3,0.0
1708,h2_storage,2030,72,4,4,0.0
1709,h2_storage,2030,72,5,5,0.0
1710,h2_storage,2030,72,6,6,0.0
1711,h2_storage,2030,72,7,7,0.0
1712,h2_storage,2030,72,8,8,0.0
1713,h2_storage,2030,72,9,9,0.0
1714,h2_storage,2030,72,10,10,0.0
1715,h2_storage,2030,72,11,11,0.0
1716,h2_storage,2030,72,12,12,0.0
1717,h2_storage,2030,72,13,13,0.0
1718,h2_storage,2030,72,14,14,0.0
1719,h2_storage,2030,72,15,15,0.0
1720,h2_storage,2030,72,16,16,0.0
1721,h2_storage,2030,72,17,17,0.0
1722,h2_storage,2030,72,18,18,0.0
1723,h2_storage,2030,72,19,19,0.0
1724,h2_storage,2030,72,20,20,0.0
1725,h2_storage,2030,72,21,21,0.0
1726,h2_storage,2030,72,22,22,0.0
1727,h2_storage,2030,72,23,23,0.0
1728,h2_storage,2030,72,24,24,0.0
1729,h2_storage,2030,73,1,1,-0.02380121069103052
1730,h2_storage,2030,73,2,2,-0.02380121069103052
1731,h2_storage,2030,73,3,3,-0.02380121069103052
1732,h2_storage,2030,73,4,4,-0.02380121069103052
1733,h2_storage,2030,73,5,5,-0.02380121069103052
1734,h2_storage,2030,73,6,6,-0.013207584888319718
1735,h2_storage,2030,73,7,7,-0.0026139590856089135
1736,h2_storage,2030,73,8,8,-0.0026139590856089135
1737,h2_storage,2030,73,9,9,-0.0026139590856089135
1738,h2_storage,2030,73,10,10,-0.0026139590856089135
1739,h2_storage,2030,73,11,11,-0.0026139590856089135
1740,h2_storage,2030,73,12,12,-0.0026139590856089135
1741,h2_storage,2030,73,13,13,-0.0026139590856089135
1742,h2_storage,2030,73,14,14,-0.0026139590856089135
1743,h2_storage,2030,73,15,15,-0.0026139590856089135
1744,h2_storage,2030,73,16,16,-0.0026139590856089135
1745,h2_storage,2030,73,17,17,-0.0026139590856089135
1746,h2_storage,2030,73,18,18,-0.0026139590856089135
1747,h2_storage,2030,73,19,19,-0.0026139590856089135
1748,h2_storage,2030,73,20,20,-0.0026139590856089135
1749,h2_storage,2030,73,21,21,-0.0026139590856089135
1750,h2_storage,2030,73,22,22,0.0015472050291784685
1751,h2_storage,2030,73,23,23,0.0015472050291784685
1752,h2_storage,2030,73,24,24,0.0015472050291784685
1753,h2_storage,2030,74,1,1,-0.007446970669595269
1754,h2_storage,2030,74,2,2,-0.007446970669595269
1755,h2_storage,2030,74,3,3,-0.007446970669595269
1756,h2_storage,2030,74,4,4,-0.007446970669595269
1757,h2_storage,2030,74,5,5,-0.007446970669595269
1758,h2_storage,2030,74,6,6,-0.007446970669595269
1759,h2_storage,2030,74,7,7,-0.007446970669595269
1760,h2_storage,2030,74,8,8,-0.007446970669595269
1761,h2_storage,2030,74,9,9,-0.007446970669595269
1762,h2_storage,2030,74,10,10,-0.007446970669595269
1763,h2_storage,2030,74,11,11,-0.007446970669595269
1764,h2_storage,2030,74,12,12,-0.007446970669595269
1765,h2_storage,2030,74,13,13,-0.007446970669595269
1766,h2_storage,2030,74,14,14,-0.007446970669595269
1767,h2_storage,2030,74,15,15,-0.007446970669595269
1768,h2_storage,2030,74,16,16,-0.007446970669595269
1769,h2_storage,2030,74,17,17,-0.007446970669595269
1770,h2_storage,2030,74,18,18,-0.007446970669595269
1771,h2_storage,2030,74,19,19,-0.007446970669595269
1772,h2_storage,2030,74,20,20,-0.007446970669595269
1773,h2_storage,2030,74,21,21,-0.007446970669595269
1774,h2_storage,2030,74,22,22,-0.007446970669595269
1775,h2_storage,2030,74,23,23,-0.007446970669595294
1776,h2_storage,2030,74,24,24,-0.007446970669595294
1777,h2_storage,2030,75,1,1,0.0
1778,h2_storage,2030,75,2,2,0.0
1779,h2_storage,2030,75,3,3,0.0
1780,h2_storage,2030,75,4,4,0.0
1781,h2_storage,2030,75,5,5,0.0
1782,h2_storage,2030,75,6,6,0.0
1783,h2_storage,2030,75,7,7,0.0
1784,h2_storage,2030,75,8,8,0.0
1785,h2_storage,2030,75,9,9,0.0
1786,h2_storage,2030,75,10,10,0.0
1787,h2_storage,2030,75,11,11,0.0
1788,h2_storage,2030,75,12,12,0.0
1789,h2_storage,2030,75,13,13,0.0
1790,h2_storage,2030,75,14,14,0.0
1791,h2_storage,2030,75,15,15,0.0
1792,h2_storage,2030,75,16,16,0.0
1793,h2_storage,2030,75,17,17,0.0
1794,h2_storage,2030,75,18,18,0.0
1795,h2_storage,2030,75,19,19,0.0
1796,h2_storage,2030,75,20,20,0.0
1797,h2_storage,2030,75,21,21,0.0
1798,h2_storage,2030,75,22,22,0.0
1799,h2_storage,2030,75,23,23,0.0
1800,h2_storage,2030,75,24,24,0.0
1801,h2_storage,2030,76,1,1,0.0
1802,h2_storage,2030,76,2,2,0.0
1803,h2_storage,2030,76,3,3,0.0
1804,h2_storage,2030,76,4,4,0.0
1805,h2_storage,2030,76,5,5,0.0
1806,h2_storage,2030,76,6,6,0.0
1807,h2_storage,2030,76,7,7,0.0
1808,h2_storage,2030,76,8,8,0.0
1809,h2_storage,2030,76,9,9,0.0
1810,h2_storage,2030,76,10,10,0.0
1811,h2_storage,2030,76,11,11,0.0
1812,h2_storage,2030,76,12,12,0.0
1813,h2_storage,2030,76,13,13,0.0
1814,h2_storage,2030,76,14,14,0.0
1815,h2_storage,2030,76,15,15,0.0
1816,h2_storage,2030,76,16,16,0.0
1817,h2_storage,2030,76,17,17,0.0
1818,h2_storage,2030,76,18,18,0.0
1819,h2_storage,2030,76,19,19,0.0
1820,h2_storage,2030,76,20,20,0.0
1821,h2_storage,2030,76,21,21,0.0
1822,h2_storage,2030,76,22,22,0.0
1823,h2_storage,2030,76,23,23,0.0
1824,h2_storage,2030,76,24,24,0.0
1825,h2_storage,2030,77,1,1,0.0
1826,h2_storage,2030,77,2,2,0.0
1827,h2_storage,2030,77,3,3,0.0
1828,h2_storage,2030,77,4,4,0.0
1829,h2_storage,2030,77,5,5,0.0
1830,h2_storage,2030,77,6,6,0.0
1831,h2_storage,2030,77,7,7,0.0
1832,h2_storage,2030,77,8,8,0.0
1833,h2_storage,2030,77,9,9,0.0
1834,h2_storage,2030,77,10,10,0.0
1835,h2_storage,2030,77,11,11,0.0
1836,h2_storage,2030,77,12,12,0.0
1837,h2_storage,2030,77,13,13,0.0
1838,h2_storage,2030,77,14,14,0.0
1839,h2_storage,2030,77,15,15,0.0
1840,h2_storage,2030,77,16,16,0.0
1841,h2_storage,2030,77,17,17,0.0
1842,h2_storage,2030,77,18,18,0.0
1843,h2_storage,2030,77,19,19,0.0
1844,h2_storage,2030,77,20,20,0.0
1845,h2_storage,2030,77,21,21,0.0
1846,h2_storage,2030,77,22,22,0.0
1847,h2_storage,2030,77,23,23,0.0
1848,h2_storage,2030,77,24,24,0.0
1849,h2_storage,2030,78,1,1,-0.00716165463465668
1850,h2_storage,2030,78,2,2,-0.00716165463465668
1851,h2_storage,2030,78,3,3,-0.00716165463465668
1852,h2_storage,2030,78,4,4,-0.00716165463465668
1853,h2_storage,2030,78,5,5,-0.00716165463465668
1854,h2_storage,2030,78,6,6,-0.00716165463465668
1855,h2_storage,2030,78,7,7,-0.00716165463465668
1856,h2_storage,2030,78,8,8,-0.00716165463465668
1857,h2_storage,2030,78,9,9,-0.00716165463465668
1858,h2_storage,2030,78,10,10,-0.00716165463465668
1859,h2_storage,2030,78,11,11,-0.00716165463465668
1860,h2_storage,2030,78,12,12,-0.00716165463465668
1861,h2_storage,2030,78,13,13,-0.00716165463465668
1862,h2_storage,2030,78,14,14,-0.00716165463465668
1863,h2_storage,2030,78,15,15,-0.00716165463465668
1864,h2_storage,2030,78,16,16,-0.00716165463465668
1865,h2_storage,2030,78,17,17,-0.00716165463465668
1866,h2_storage,2030,78,18,18,-0.00716165463465668
1867,h2_storage,2030,78,19,19,-0.00716165463465668
1868,h2_storage,2030,78,20,20,-0.00716165463465668
1869,h2_storage,2030,78,21,21,-0.00716165463465668
1870,h2_storage,2030,78,22,22,-0.00716165463465668
1871,h2_storage,2030,78,23,23,-0.00716165463465668
1872,h2_storage,2030,78,24,24,-0.00716165463465668
1873,h2_storage,2030,79,1,1,0.0
1874,h2_storage,2030,79,2,2,0.0
1875,h2_storage,2030,79,3,3,0.0
1876,h2_storage,2030,79,4,4,0.0
1877,h2_storage,2030,79,5,5,0.0
1878,h2_storage,2030,79,6,6,0.0
1879,h2_storage,2030,79,7,7,0.0
1880,h2_storage,2030,79,8,8,0.0
1881,h2_storage,2030,79,9,9,0.0
1882,h2_storage,2030,79,10,10,0.0
1883,h2_storage,2030,79,11,11,0.0
1884,h2_storage,2030,79,12,12,0.0
1885,h2_storage,2030,79,13,13,0.0
1886,h2_storage,2030,79,14,14,0.0
1887,h2_storage,2030,79,15,15,0.0
1888,h2_storage,2030,79,16,16,0.0
1889,h2_storage,2030,79,17,17,0.0
1890,h2_storage,2030,79,18,18,0.0
1891,h2_storage,2030,79,19,19,0.0
1892,h2_storage,2030,79,20,20,0.0
1893,h2_storage,2030,79,21,21,0.0
1894,h2_storage,2030,79,22,22,0.0
1895,h2_storage,2030,79,23,23,0.0
1896,h2_storage,2030,79,24,24,0.0
1897,h2_storage,2030,80,1,1,-0.0011990892030403402
1898,h2_storage,2030,80,2,2,-0.0011990892030403402
1899,h2_storage,2030,80,3,3,-0.0011990892030403402
1900,h2_storage,2030,80,4,4,-0.0011990892030403402
1901,h2_storage,2030,80,5,5,-0.0011990892030403402
1902,h2_storage,2030,80,6,6,-0.0011990892030403402
1903,h2_storage,2030,80,7,7,-0.0011990892030403402
1904,h2_storage,2030,80,8,8,-0.0011990892030403402
1905,h2_storage,2030,80,9,9,-0.0011990892030403402
1906,h2_storage,2030,80,10,10,-0.0011990892030403402
1907,h2_storage,2030,80,11,11,-0.0011990892030403402
1908,h2_storage,2030,80,12,12,-0.0011990892030403402
1909,h2_storage,2030,80,13,13,-0.0011990892030403402
1910,h2_storage,2030,80,14,14,-0.0011990892030403402
1911,h2_storage,2030,80,15,15,-0.0011990892030403402
1912,h2_storage,2030,80,16,16,-0.0011990892030403402
1913,h2_storage,2030,80,17,17,-0.0011990892030403402
1914,h2_storage,2030,80,18,18,-0.0011990892030403402
1915,h2_storage,2030,80,19,19,-0.0011990892030403402
1916,h2_storage,2030,80,20,20,-0.0011990892030403402
1917,h2_storage,2030,80,21,21,-0.0011990892030403402
1918,h2_storage,2030,80,22,22,-0.0011990892030403402
1919,h2_storage,2030,80,23,23,-0.0011990892030403402
1920,h2_storage,2030,80,24,24,-0.0011990892030403402
1921,h2_storage,2030,81,1,1,0.0
1922,h2_storage,2030,81,2,2,0.0
1923,h2_storage,2030,81,3,3,0.0
1924,h2_storage,2030,81,4,4,0.0
1925,h2_storage,2030,81,5,5,0.0
1926,h2_storage,2030,81,6,6,0.0
1927,h2_storage,2030,81,7,7,0.0
1928,h2_storage,2030,81,8,8,0.0
1929,h2_storage,2030,81,9,9,0.0
1930,h2_storage,2030,81,10,10,0.0
1931,h2_storage,2030,81,11,11,0.0
1932,h2_storage,2030,81,12,12,0.0
1933,h2_storage,2030,81,13,13,0.0
1934,h2_storage,2030,81,14,14,0.0
1935,h2_storage,2030,81,15,15,0.0
1936,h2_storage,2030,81,16,16,0.0
1937,h2_storage,2030,81,17,17,0.0
1938,h2_storage,2030,81,18,18,0.0
1939,h2_storage,2030,81,19,19,0.0
1940,h2_storage,2030,81,20,20,0.0
1941,h2_storage,2030,81,21,21,0.0
1942,h2_storage,2030,81,22,22,0.0
1943,h2_storage,2030,81,23,23,0.0
1944,h2_storage,2030,81,24,24,0.0
1945,h2_storage,2030,82,1,1,0.0
1946,h2_storage,2030,82,2,2,0.0
1947,h2_storage,2030,82,3,3,0.0
1948,h2_storage,2030,82,4,4,0.0
1949,h2_storage,2030,82,5,5,0.0
1950,h2_storage,2030,82,6,6,0.0
1951,h2_storage,2030,82,7,7,0.0
1952,h2_storage,2030,82,8,8,0.0
1953,h2_storage,2030,82,9,9,0.0
1954,h2_storage,2030,82,10,10,0.0
1955,h2_storage,2030,82,11,11,0.0
1956,h2_storage,2030,82,12,12,0.0
1957,h2_storage,2030,82,13,13,0.0
1958,h2_storage,2030,82,14,14,0.0
1959,h2_storage,2030,82,15,15,0.0
1960,h2_storage,2030,82,16,16,0.0
1961,h2_storage,2030,82,17,17,0.0
1962,h2_storage,2030,82,18,18,0.0
1963,h2_storage,2030,82,19,19,0.0
1964,h2_storage,2030,82,20,20,0.0
1965,h2_storage,2030,82,21,21,0.0
1966,h2_storage,2030,82,22,22,0.0
1967,h2_storage,2030,82,23,23,0.0
1968,h2_storage,2030,82,24,24,0.0
1969,h2_storage,2030,83,1,1,0.0
1970,h2_storage,2030,83,2,2,0.0
1971,h2_storage,2030,83,3,3,0.0
1972,h2_storage,2030,83,4,4,0.0
1973,h2_storage,2030,83,5,5,0.0
1974,h2_storage,2030,83,6,6,0.0
1975,h2_storage,2030,83,7,7,0.0
1976,h2_storage,2030,83,8,8,0.0
1977,h2_storage,2030,83,9,9,0.0
1978,h2_storage,2030,83,10,10,0.0
1979,h2_storage,2030,83,11,11,0.0
1980,h2_storage,2030,83,12,12,0.0
1981,h2_storage,2030,83,13,13,0.0
1982,h2_storage,2030,83,14,14,0.0
1983,h2_storage,2030,83,15,15,0.0
1984,h2_storage,2030,83,16,16,0.0
1985,h2_storage,2030,83,17,17,0.0
1986,h2_storage,2030,83,18,18,0.0
1987,h2_storage,2030,83,19,19,0.0
1988,h2_storage,2030,83,20,20,0.0
1989,h2_storage,2030,83,21,21,0.0
1990,h2_storage,2030,83,22,22,0.0
1991,h2_storage,2030,83,23,23,0.0
1992,h2_storage,2030,83,24,24,0.0
1993,h2_storage,2030,84,1,1,0.0
1994,h2_storage,2030,84,2,2,0.0
1995,h2_storage,2030,84,3,3,0.0
1996,h2_storage,2030,84,4,4,0.0
1997,h2_storage,2030,84,5,5,0.0
1998,h2_storage,2030,84,6,6,0.0
1999,h2_storage,2030,84,7,7,0.0
2000,h2_storage,2030,84,8,8,0.0
2001,h2_storage,2030,84,9,9,0.0
2002,h2_storage,2030,84,10,10,0.0
2003,h2_storage,2030,84,11,11,0.0
2004,h2_storage,2030,84,12,12,0.0
2005,h2_storage,2030,84,13,13,0.0
2006,h2_storage,2030,84,14,14,0.0
2007,h2_storage,2030,84,15,15,0.0
2008,h2_storage,2030,84,16,16,0.0
2009,h2_storage,2030,84,17,17,0.0
2010,h2_storage,2030,84,18,18,0.0
2011,h2_storage,2030,84,19,19,0.0
2012,h2_storage,2030,84,20,20,0.0
2013,h2_storage,2030,84,21,21,0.0
2014,h2_storage,2030,84,22,22,0.0
2015,h2_storage,2030,84,23,23,0.0
2016,h2_storage,2030,84,24,24,0.0
2017,h2_storage,2030,85,1,1,-0.04395309453467664
2018,h2_storage,2030,85,2,2,-0.04395309453467664
2019,h2_storage,2030,85,3,3,-0.04395309453467664
2020,h2_storage,2030,85,4,4,-0.04395309453467664
2021,h2_storage,2030,85,5,5,-0.04395309453467664
2022,h2_storage,2030,85,6,6,-0.04395309453467664
2023,h2_storage,2030,85,7,7,-0.04395309453467664
2024,h2_storage,2030,85,8,8,-0.04395309453467664
2025,h2_storage,2030,85,9,9,-0.04395309453467664
2026,h2_storage,2030,85,10,10,-0.04395309453467664
2027,h2_storage,2030,85,11,11,-0.04395309453467664
2028,h2_storage,2030,85,12,12,-0.04395309453467664
2029,h2_storage,2030,85,13,13,-0.04395309453467664
2030,h2_storage,2030,85,14,14,-0.04395309453467664
2031,h2_storage,2030,85,15,15,-0.04395309453467664
2032,h2_storage,2030,85,16,16,-0.04395309453467664
2033,h2_storage,2030,85,17,17,-0.04395309453467664
2034,h2_storage,2030,85,18,18,-0.04395309453467664
2035,h2_storage,2030,85,19,19,-0.04395309453467664
2036,h2_storage,2030,85,20,20,-0.04395309453467664
2037,h2_storage,2030,85,21,21,-0.04395309453467664
2038,h2_storage,2030,85,22,22,-0.04395309453467664
2039,h2_storage,2030,85,23,23,-0.04395309453467664
2040,h2_storage,2030,85,24,24,-0.04395309453467664
2041,h2_storage,2030,86,1,1,0.008617256475646104
2042,h2_storage,2030,86,2,2,0.019210882278356916
2043,h2_storage,2030,86,3,3,0.029804508081067715
2044,h2_storage,2030,86,4,4,0.040398133883778525
2045,h2_storage,2030,86,5,5,0.050991759686489335
2046,h2_storage,2030,86,6,6,0.061585385489200145
2047,h2_storage,2030,86,7,7,0.07217901129191091
2048,h2_storage,2030,86,8,8,0.07295475291313232
2049,h2_storage,2030,86,9,9,0.07295475291313232
2050,h2_storage,2030,86,10,10,0.07295475291313232
2051,h2_storage,2030,86,11,11,0.07295475291313232
2052,h2_storage,2030,86,12,12,0.07295475291313232
2053,h2_storage,2030,86,13,13,0.07295475291313232
2054,h2_storage,2030,86,14,14,0.07295475291313232
2055,h2_storage,2030,86,15,15,0.07295475291313232
2056,h2_storage,2030,86,16,16,0.07295475291313232
2057,h2_storage,2030,86,17,17,0.07295475291313232
2058,h2_storage,2030,86,18,18,0.07295475291313232
2059,h2_storage,2030,86,19,19,0.07295475291313232
2060,h2_storage,2030,86,20,20,0.07295475291313232
2061,h2_storage,2030,86,21,21,0.07295475291313232
2062,h2_storage,2030,86,22,22,0.07295475291313232
2063,h2_storage,2030,86,23,23,0.07295475291313232
2064,h2_storage,2030,86,24,24,0.07295475291313232
2065,h2_storage,2030,87,1,1,0.0
2066,h2_storage,2030,87,2,2,0.0
2067,h2_storage,2030,87,3,3,0.0
2068,h2_storage,2030,87,4,4,0.0
2069,h2_storage,2030,87,5,5,0.0
2070,h2_storage,2030,87,6,6,0.0
2071,h2_storage,2030,87,7,7,0.0
2072,h2_storage,2030,87,8,8,0.0
2073,h2_storage,2030,87,9,9,0.0
2074,h2_storage,2030,87,10,10,0.0
2075,h2_storage,2030,87,11,11,0.0
2076,h2_storage,2030,87,12,12,0.0
2077,h2_storage,2030,87,13,13,0.0
2078,h2_storage,2030,87,14,14,0.0
2079,h2_storage,2030,87,15,15,0.0
2080,h2_storage,2030,87,16,16,0.0
2081,h2_storage,2030,87,17,17,0.0
2082,h2_storage,2030,87,18,18,0.0
2083,h2_storage,2030,87,19,19,0.0
2084,h2_storage,2030,87,20,20,0.0
2085,h2_storage,2030,87,21,21,0.0
2086,h2_storage,2030,87,22,22,0.0
2087,h2_storage,2030,87,23,23,0.0
2088,h2_storage,2030,87,24,24,0.0
2089,h2_storage,2030,88,1,1,0.01059362580271081
2090,h2_storage,2030,88,2,2,0.02118725160542162
2091,h2_storage,2030,88,3,3,0.03178087740813243
2092,h2_storage,2030,88,4,4,0.04237450321084328
2093,h2_storage,2030,88,5,5,0.04818793365010474
2094,h2_storage,2030,88,6,6,0.058781559452815546
2095,h2_storage,2030,88,7,7,0.058781559452815546
2096,h2_storage,2030,88,8,8,0.058781559452815546
2097,h2_storage,2030,88,9,9,0.058781559452815546
2098,h2_storage,2030,88,10,10,0.058781559452815546
2099,h2_storage,2030,88,11,11,0.058781559452815546
2100,h2_storage,2030,88,12,12,0.058781559452815546
2101,h2_storage,2030,88,13,13,0.058781559452815546
2102,h2_storage,2030,88,14,14,0.058781559452815546
2103,h2_storage,2030,88,15,15,0.058781559452815546
2104,h2_storage,2030,88,16,16,0.058781559452815546
2105,h2_storage,2030,88,17,17,0.058781559452815546
2106,h2_storage,2030,88,18,18,0.058781559452815546
2107,h2_storage,2030,88,19,19,0.058781559452815546
2108,h2_storage,2030,88,20,20,0.058781559452815546
2109,h2_storage,2030,88,21,21,0.058781559452815546
2110,h2_storage,2030,88,22,22,0.058781559452815546
2111,h2_storage,2030,88,23,23,0.058781559452815546
2112,h2_storage,2030,88,24,24,0.058781559452815546
2113,h2_storage,2030,89,1,1,-0.004051982030151387
2114,h2_storage,2030,89,2,2,-0.004051982030151387
2115,h2_storage,2030,89,3,3,-0.004051982030151387
2116,h2_storage,2030,89,4,4,-0.004051982030151387
2117,h2_storage,2030,89,5,5,-0.004051982030151387
2118,h2_storage,2030,89,6,6,-0.004051982030151387
2119,h2_storage,2030,89,7,7,-0.004051982030151387
2120,h2_storage,2030,89,8,8,-0.004051982030151387
2121,h2_storage,2030,89,9,9,-0.004051982030151387
2122,h2_storage,2030,89,10,10,-0.004051982030151387
2123,h2_storage,2030,89,11,11,-0.004051982030151387
2124,h2_storage,2030,89,12,12,-0.004051982030151387
2125,h2_storage,2030,89,13,13,-0.004051982030151387
2126,h2_storage,2030,89,14,14,-0.004051982030151387
2127,h2_storage,2030,89,15,15,-0.004051982030151387
2128,h2_storage,2030,89,16,16,-0.004051982030151387
2129,h2_storage,2030,89,17,17,-0.004051982030151387
2130,h2_storage,2030,89,18,18,-0.004051982030151387
2131,h2_storage,2030,89,19,19,-0.004051982030151387
2132,h2_storage,2030,89,20,20,-0.004051982030151387
2133,h2_storage,2030,89,21,21,-0.004051982030151387
2134,h2_storage,2030,89,22,22,-0.004051982030151387
2135,h2_storage,2030,89,23,23,-0.004051982030151395
2136,h2_storage,2030,89,24,24,-0.004051982030151395
2137,h2_storage,2030,90,1,1,0.0
2138,h2_storage,2030,90,2,2,0.0
2139,h2_storage,2030,90,3,3,0.0
2140,h2_storage,2030,90,4,4,0.0
2141,h2_storage,2030,90,5,5,0.0
2142,h2_storage,2030,90,6,6,0.0
2143,h2_storage,2030,90,7,7,0.0
2144,h2_storage,2030,90,8,8,0.0
2145,h2_storage,2030,90,9,9,0.0
2146,h2_storage,2030,90,10,10,0.0
2147,h2_storage,2030,90,11,11,0.0
2148,h2_storage,2030,90,12,12,0.0
2149,h2_storage,2030,90,13,13,0.0
2150,h2_storage,2030,90,14,14,0.0
2151,h2_storage,2030,90,15,15,0.0
2152,h2_storage,2030,90,16,16,0.0
2153,h2_storage,2030,90,17,17,0.0
2154,h2_storage,2030,90,18,18,0.0
2155,h2_storage,2030,90,19,19,0.0
2156,h2_storage,2030,90,20,20,0.0
2157,h2_storage,2030,90,21,21,0.0
2158,h2_storage,2030,90,22,22,0.0
2159,h2_storage,2030,90,23,23,0.0
2160,h2_storage,2030,90,24,24,0.0
2161,h2_storage,2030,91,1,1,0.0
2162,h2_storage,2030,91,2,2,0.0
2163,h2_storage,2030,91,3,3,0.0
2164,h2_storage,2030,91,4,4,0.0
2165,h2_storage,2030,91,5,5,0.0
2166,h2_storage,2030,91,6,6,0.0
2167,h2_storage,2030,91,7,7,0.0
2168,h2_storage,2030,91,8,8,0.0
2169,h2_storage,2030,91,9,9,0.0
2170,h2_storage,2030,91,10,10,0.0
2171,h2_storage,2030,91,11,11,0.0
2172,h2_storage,2030,91,12,12,0.0
2173,h2_storage,2030,91,13,13,0.0
2174,h2_storage,2030,91,14,14,0.0
2175,h2_storage,2030,91,15,15,0.0
2176,h2_storage,2030,91,16,16,0.0
2177,h2_storage,2030,91,17,17,0.0
2178,h2_storage,2030,91,18,18,0.0
2179,h2_storage,2030,91,19,19,0.0
2180,h2_storage,2030,91,20,20,0.0
2181,h2_storage,2030,91,21,21,0.0
2182,h2_storage,2030,91,22,22,0.0
2183,h2_storage,2030,91,23,23,0.0
2184,h2_storage,2030,91,24,24,0.0
2185,h2_storage,2030,92,1,1,0.0
2186,h2_storage,2030,92,2,2,0.0
2187,h2_storage,2030,92,3,3,0.0
2188,h2_storage,2030,92,4,4,0.0
2189,h2_storage,2030,92,5,5,0.0
2190,h2_storage,2030,92,6,6,0.0
2191,h2_storage,2030,92,7,7,0.0
2192,h2_storage,2030,92,8,8,0.0
2193,h2_storage,2030,92,9,9,0.0
2194,h2_storage,2030,92,10,10,0.0
2195,h2_storage,2030,92,11,11,0.0
2196,h2_storage,2030,92,12,12,0.0
2197,h2_storage,2030,92,13,13,0.0
2198,h2_storage,2030,92,14,14,0.0
2199,h2_storage,2030,92,15,15,0.0
2200,h2_storage,2030,92,16,16,0.0
2201,h2_storage,2030,92,17,17,0.0
2202,h2_storage,2030,92,18,18,0.0
2203,h2_storage,2030,92,19,19,0.0
2204,h2_storage,2030,92,20,20,0.0
2205,h2_storage,2030,92,21,21,0.0
2206,h2_storage,2030,92,22,22,0.0
2207,h2_storage,2030,92,23,23,0.0
2208,h2_storage,2030,92,24,24,0.0
2209,h2_storage,2030,93,1,1,0.0
2210,h2_storage,2030,93,2,2,0.0
2211,h2_storage,2030,93,3,3,0.0
2212,h2_storage,2030,93,4,4,0.0
2213,h2_storage,2030,93,5,5,0.0
2214,h2_storage,2030,93,6,6,0.0
2215,h2_storage,2030,93,7,7,0.0
2216,h2_storage,2030,93,8,8,0.0
2217,h2_storage,2030,93,9,9,0.0
2218,h2_storage,2030,93,10,10,0.0
2219,h2_storage,2030,93,11,11,0.0
2220,h2_storage,2030,93,12,12,0.0
2221,h2_storage,2030,93,13,13,0.0
2222,h2_storage,2030,93,14,14,0.0
2223,h2_storage,2030,93,15,15,0.0
2224,h2_storage,2030,93,16,16,0.0
2225,h2_storage,2030,93,17,17,0.0
2226,h2_storage,2030,93,18,18,0.0
2227,h2_storage,2030,93,19,19,0.0
2228,h2_storage,2030,93,20,20,0.0
2229,h2_storage,2030,93,21,21,0.0
2230,h2_storage,2030,93,22,22,0.0
2231,h2_storage,2030,93,23,23,0.0
2232,h2_storage,2030,93,24,24,0.0
2233,h2_storage,2030,94,1,1,0.0
2234,h2_storage,2030,94,2,2,0.0
2235,h2_storage,2030,94,3,3,0.0
2236,h2_storage,2030,94,4,4,0.0
2237,h2_storage,2030,94,5,5,0.0
2238,h2_storage,2030,94,6,6,0.0
2239,h2_storage,2030,94,7,7,0.0
2240,h2_storage,2030,94,8,8,0.0
2241,h2_storage,2030,94,9,9,0.0
2242,h2_storage,2030,94,10,10,0.0
2243,h2_storage,2030,94,11,11,0.0
2244,h2_storage,2030,94,12,12,0.0
2245,h2_storage,2030,94,13,13,0.0
2246,h2_storage,2030,94,14,14,0.0
2247,h2_storage,2030,94,15,15,0.0
2248,h2_storage,2030,94,16,16,0.0
2249,h2_storage,2030,94,17,17,0.0
2250,h2_storage,2030,94,18,18,0.0
2251,h2_storage,2030,94,19,19,0.0
2252,h2_storage,2030,94,20,20,0.0
2253,h2_storage,2030,94,21,21,0.0
2254,h2_storage,2030,94,22,22,0.0
2255,h2_storage,2030,94,23,23,0.0
2256,h2_storage,2030,94,24,24,0.0
2257,h2_storage,2030,95,1,1,0.0
2258,h2_storage,2030,95,2,2,0.0
2259,h2_storage,2030,95,3,3,0.0
2260,h2_storage,2030,95,4,4,0.0
2261,h2_storage,2030,95,5,5,0.0
2262,h2_storage,2030,95,6,6,0.0
2263,h2_storage,2030,95,7,7,0.0
2264,h2_storage,2030,95,8,8,0.0
2265,h2_storage,2030,95,9,9,0.0
2266,h2_storage,2030,95,10,10,0.0
2267,h2_storage,2030,95,11,11,0.0
2268,h2_storage,2030,95,12,12,0.0
2269,h2_storage,2030,95,13,13,0.0
2270,h2_storage,2030,95,14,14,0.0
2271,h2_storage,2030,95,15,15,0.0
2272,h2_storage,2030,95,16,16,0.0
2273,h2_storage,2030,95,17,17,0.0
2274,h2_storage,2030,95,18,18,0.0
2275,h2_storage,2030,95,19,19,0.0
2276,h2_storage,2030,95,20,20,0.0
2277,h2_storage,2030,95,21,21,0.0
2278,h2_storage,2030,95,22,22,0.0
2279,h2_storage,2030,95,23,23,0.0
2280,h2_storage,2030,95,24,24,0.0
2281,h2_storage,2030,96,1,1,-0.021422436528390546
2282,h2_storage,2030,96,2,2,-0.021422436528390546
2283,h2_storage,2030,96,3,3,-0.021422436528390546
2284,h2_storage,2030,96,4,4,-0.021422436528390546
2285,h2_storage,2030,96,5,5,-0.021422436528390546
2286,h2_storage,2030,96,6,6,-0.021422436528390546
2287,h2_storage,2030,96,7,7,-0.021422436528390546
2288,h2_storage,2030,96,8,8,-0.021422436528390546
2289,h2_storage,2030,96,9,9,-0.021422436528390546
2290,h2_storage,2030,96,10,10,-0.021422436528390546
2291,h2_storage,2030,96,11,11,-0.021422436528390546
2292,h2_storage,2030,96,12,12,-0.021422436528390546
2293,h2_storage,2030,96,13,13,-0.021422436528390546
2294,h2_storage,2030,96,14,14,-0.021422436528390546
2295,h2_storage,2030,96,15,15,-0.021422436528390546
2296,h2_storage,2030,96,16,16,-0.021422436528390546
2297,h2_storage,2030,96,17,17,-0.021422436528390546
2298,h2_storage,2030,96,18,18,-0.021422436528390546
2299,h2_storage,2030,96,19,19,-0.021422436528390546
2300,h2_storage,2030,96,20,20,-0.021422436528390546
2301,h2_storage,2030,96,21,21,-0.021422436528390546
2302,h2_storage,2030,96,22,22,-0.021422436528390546
2303,h2_storage,2030,96,23,23,-0.021422436528390546
2304,h2_storage,2030,96,24,24,-0.021422436528390546
2305,h2_storage,2030,97,1,1,0.0
2306,h2_storage,2030,97,2,2,0.0
2307,h2_storage,2030,97,3,3,0.0
2308,h2_storage,2030,97,4,4,0.005414988684118664
2309,h2_storage,2030,97,5,5,0.013571511476633689
2310,h2_storage,2030,97,6,6,0.0241651372793445
2311,h2_storage,2030,97,7,7,0.034758763082055305
2312,h2_storage,2030,97,8,8,0.034758763082055305
2313,h2_storage,2030,97,9,9,0.034758763082055305
2314,h2_storage,2030,97,10,10,0.034758763082055305
2315,h2_storage,2030,97,11,11,0.034758763082055305
2316,h2_storage,2030,97,12,12,0.034758763082055305
2317,h2_storage,2030,97,13,13,0.034758763082055305
2318,h2_storage,2030,97,14,14,0.034758763082055305
2319,h2_storage,2030,97,15,15,0.034758763082055305
2320,h2_storage,2030,97,16,16,0.034758763082055305
2321,h2_storage,2030,97,17,17,0.034758763082055305
2322,h2_storage,2030,97,18,18,0.034758763082055305
2323,h2_storage,2030,97,19,19,0.034758763082055305
2324,h2_storage,2030,97,20,20,0.034758763082055305
2325,h2_storage,2030,97,21,21,0.034758763082055305
2326,h2_storage,2030,97,22,22,0.034758763082055305
2327,h2_storage,2030,97,23,23,0.034758763082055305
2328,h2_storage,2030,97,24,24,0.034758763082055305
2329,h2_storage,2030,98,1,1,0.0
2330,h2_storage,2030,98,2,2,0.0
2331,h2_storage,2030,98,3,3,0.0
2332,h2_storage,2030,98,4,4,0.0
2333,h2_storage,2030,98,5,5,0.0
2334,h2_storage,2030,98,6,6,0.0
2335,h2_storage,2030,98,7,7,0.0
2336,h2_storage,2030,98,8,8,0.0
2337,h2_storage,2030,98,9,9,0.0
2338,h2_storage,2030,98,10,10,0.0
2339,h2_storage,2030,98,11,11,0.0
2340,h2_storage,2030,98,12,12,0.0
2341,h2_storage,2030,98,13,13,0.0
2342,h2_storage,2030,98,14,14,0.0
2343,h2_storage,2030,98,15,15,0.0
2344,h2_storage,2030,98,16,16,0.0
2345,h2_storage,2030,98,17,17,0.0
2346,h2_storage,2030,98,18,18,0.0
2347,h2_storage,2030,98,19,19,0.0
2348,h2_storage,2030,98,20,20,0.0
2349,h2_storage,2030,98,21,21,0.0
2350,h2_storage,2030,98,22,22,0.0
2351,h2_storage,2030,98,23,23,0.0
2352,h2_storage,2030,98,24,24,0.0
2353,h2_storage,2030,99,1,1,0.0
2354,h2_storage,2030,99,2,2,0.0
2355,h2_storage,2030,99,3,3,0.0
2356,h2_storage,2030,99,4,4,0.0
2357,h2_storage,2030,99,5,5,0.0
2358,h2_storage,2030,99,6,6,0.0
2359,h2_storage,2030,99,7,7,0.0
2360,h2_storage,2030,99,8,8,0.0
2361,h2_storage,2030,99,9,9,0.0
2362,h2_storage,2030,99,10,10,0.0
2363,h2_storage,2030,99,11,11,0.0
2364,h2_storage,2030,99,12,12,0.0
2365,h2_storage,2030,99,13,13,0.0
2366,h2_storage,2030,99,14,14,0.0
2367,h2_storage,2030,99,15,15,0.0
2368,h2_storage,2030,99,16,16,0.0
2369,h2_storage,2030,99,17,17,0.0
2370,h2_storage,2030,99,18,18,0.0
2371,h2_storage,2030,99,19,19,0.0
2372,h2_storage,2030,99,20,20,0.0
2373,h2_storage,2030,99,21,21,0.0
2374,h2_storage,2030,99,22,22,0.0
2375,h2_storage,2030,99,23,23,0.0
2376,h2_storage,2030,99,24,24,0.0
2377,h2_storage,2030,100,1,1,0.0
2378,h2_storage,2030,100,2,2,0.0
2379,h2_storage,2030,100,3,3,0.0
2380,h2_storage,2030,100,4,4,0.0
2381,h2_storage,2030,100,5,5,0.0
2382,h2_storage,2030,100,6,6,0.0
2383,h2_storage,2030,100,7,7,0.0
2384,h2_storage,2030,100,8,8,0.0
2385,h2_storage,2030,100,9,9,0.0
2386,h2_storage,2030,100,10,10,0.0
2387,h2_storage,2030,100,11,11,0.0
2388,h2_storage,2030,100,12,12,0.0
2389,h2_storage,2030,100,13,13,0.0
2390,h2_storage,2030,100,14,14,0.0
2391,h2_storage,2030,100,15,15,0.0
2392,h2_storage,2030,100,16,16,0.0
2393,h2_storage,2030,100,17,17,0.0
2394,h2_storage,2030,100,18,18,0.0
2395,h2_storage,2030,100,19,19,0.0
2396,h2_storage,2030,100,20,20,0.0
2397,h2_storage,2030,100,21,21,0.0
2398,h2_storage,2030,100,22,22,0.0
2399,h2_storage,2030,100,23,23,0.0
2400,h2_storage,2030,100,24,24,0.0
2401,h2_storage,2030,101,1,1,0.0
2402,h2_storage,2030,101,2,2,0.0
2403,h2_storage,2030,101,3,3,0.0
2404,h2_storage,2030,101,4,4,0.0
2405,h2_storage,2030,101,5,5,0.0
2406,h2_storage,2030,101,6,6,0.0
2407,h2_storage,2030,101,7,7,0.0
2408,h2_storage,2030,101,8,8,0.0
2409,h2_storage,2030,101,9,9,-0.09276588698751452
2410,h2_storage,2030,101,10,10,-0.09276588698751452
2411,h2_storage,2030,101,11,11,-0.1853602783282577
2412,h2_storage,2030,101,12,12,-0.1853602783282577
2413,h2_storage,2030,101,13,13,-0.2235473797614409
2414,h2_storage,2030,101,14,14,-0.2235473797614409
2415,h2_storage,2030,101,15,15,-0.2235473797614409
2416,h2_storage,2030,101,16,16,-0.2235473797614409
2417,h2_storage,2030,101,17,17,-0.2235473797614409
2418,h2_storage,2030,101,18,18,-0.2235473797614409
2419,h2_storage,2030,101,19,19,-0.2235473797614409
2420,h2_storage,2030,101,20,20,-0.2235473797614409
2421,h2_storage,2030,101,21,21,-0.2235473797614409
2422,h2_storage,2030,101,22,22,-0.2235473797614409
2423,h2_storage,2030,101,23,23,-0.2235473797614409
2424,h2_storage,2030,101,24,24,-0.2129537539587301
2425,h2_storage,2030,102,1,1,0.0
2426,h2_storage,2030,102,2,2,0.0
2427,h2_storage,2030,102,3,3,0.0
2428,h2_storage,2030,102,4,4,0.0
2429,h2_storage,2030,102,5,5,0.0
2430,h2_storage,2030,102,6,6,0.0
2431,h2_storage,2030,102,7,7,0.0
2432,h2_storage,2030,102,8,8,0.0
2433,h2_storage,2030,102,9,9,0.0
2434,h2_storage,2030,102,10,10,0.0
2435,h2_storage,2030,102,11,11,0.0
2436,h2_storage,2030,102,12,12,0.0
2437,h2_storage,2030,102,13,13,0.0
2438,h2_storage,2030,102,14,14,0.0
2439,h2_storage,2030,102,15,15,0.0
2440,h2_storage,2030,102,16,16,0.0
2441,h2_storage,2030,102,17,17,0.0
2442,h2_storage,2030,102,18,18,0.0
2443,h2_storage,2030,102,19,19,0.0
2444,h2_storage,2030,102,20,20,0.0
2445,h2_storage,2030,102,21,21,0.0
2446,h2_storage,2030,102,22,22,0.0
2447,h2_storage,2030,102,23,23,0.0
2448,h2_storage,2030,102,24,24,0.0
2449,h2_storage,2030,103,1,1,0.0
2450,h2_storage,2030,103,2,2,0.0
2451,h2_storage,2030,103,3,3,0.0
2452,h2_storage,2030,103,4,4,0.0
2453,h2_storage,2030,103,5,5,0.0
2454,h2_storage,2030,103,6,6,0.0
2455,h2_storage,2030,103,7,7,0.0
2456,h2_storage,2030,103,8,8,-0.013724214860028252
2457,h2_storage,2030,103,9,9,-0.017187453862419638
2458,h2_storage,2030,103,10,10,-0.017187453862419638
2459,h2_storage,2030,103,11,11,-0.017187453862419638
2460,h2_storage,2030,103,12,12,-0.017187453862419638
2461,h2_storage,2030,103,13,13,-0.017187453862419638
2462,h2_storage,2030,103,14,14,-0.017187453862419638
2463,h2_storage,2030,103,15,15,-0.017187453862419638
2464,h2_storage,2030,103,16,16,-0.017187453862419638
2465,h2_storage,2030,103,17,17,-0.017187453862419638
2466,h2_storage,2030,103,18,18,-0.017187453862419638
2467,h2_storage,2030,103,19,19,-0.017187453862419638
2468,h2_storage,2030,103,20,20,-0.017187453862419638
2469,h2_storage,2030,103,21,21,-0.017187453862419638
2470,h2_storage,2030,103,22,22,-0.017187453862419638
2471,h2_storage,2030,103,23,23,-0.017187453862419638
2472,h2_storage,2030,103,24,24,-0.006593828059708678
2473,h2_storage,2030,104,1,1,0.01059362580271081
2474,h2_storage,2030,104,2,2,0.02118725160542162
2475,h2_storage,2030,104,3,3,0.03178087740813243
2476,h2_storage,2030,104,4,4,0.04237450321084324
2477,h2_storage,2030,104,5,5,0.05296812901355405
2478,h2_storage,2030,104,6,6,0.06356175481626485
2479,h2_storage,2030,104,7,7,0.06356175481626485
2480,h2_storage,2030,104,8,8,0.06356175481626485
2481,h2_storage,2030,104,9,9,0.06356175481626485
2482,h2_storage,2030,104,10,10,0.06356175481626485
2483,h2_storage,2030,104,11,11,0.06356175481626485
2484,h2_storage,2030,104,12,12,0.06356175481626485
2485,h2_storage,2030,104,13,13,0.06356175481626485
2486,h2_storage,2030,104,14,14,0.06356175481626485
2487,h2_storage,2030,104,15,15,0.06356175481626485
2488,h2_storage,2030,104,16,16,0.06356175481626485
2489,h2_storage,2030,104,17,17,0.06356175481626485
2490,h2_storage,2030,104,18,18,0.06356175481626485
2491,h2_storage,2030,104,19,19,0.06356175481626485
2492,h2_storage,2030,104,20,20,0.06157589383331635
2493,h2_storage,2030,104,21,21,0.06157589383331635
2494,h2_storage,2030,104,22,22,0.06157589383331635
2495,h2_storage,2030,104,23,23,0.06157589383331635
2496,h2_storage,2030,104,24,24,-0.028268188582003483
2497,h2_storage,2030,105,1,1,0.0
2498,h2_storage,2030,105,2,2,0.0
2499,h2_storage,2030,105,3,3,0.0
2500,h2_storage,2030,105,4,4,0.0
2501,h2_storage,2030,105,5,5,0.0
2502,h2_storage,2030,105,6,6,0.0
2503,h2_storage,2030,105,7,7,0.0
2504,h2_storage,2030,105,8,8,0.0
2505,h2_storage,2030,105,9,9,0.0
2506,h2_storage,2030,105,10,10,0.0
2507,h2_storage,2030,105,11,11,0.0
2508,h2_storage,2030,105,12,12,0.0
2509,h2_storage,2030,105,13,13,0.0
2510,h2_storage,2030,105,14,14,0.0
2511,h2_storage,2030,105,15,15,0.0
2512,h2_storage,2030,105,16,16,0.0
2513,h2_storage,2030,105,17,17,0.0
2514,h2_storage,2030,105,18,18,0.0
2515,h2_storage,2030,105,19,19,0.0
2516,h2_storage,2030,105,20,20,0.0
2517,h2_storage,2030,105,21,21,0.0
2518,h2_storage,2030,105,22,22,0.01059362580271081
2519,h2_storage,2030,105,23,23,0.02118725160542162
2520,h2_storage,2030,105,24,24,0.03178087740813244
2521,h2_storage,2030,106,1,1,0.0
2522,h2_storage,2030,106,2,2,0.0
2523,h2_storage,2030,106,3,3,0.0
2524,h2_storage,2030,106,4,4,0.0
2525,h2_storage,2030,106,5,5,0.0
2526,h2_storage,2030,106,6,6,0.0
2527,h2_storage,2030,106,7,7,0.0
2528,h2_storage,2030,106,8,8,0.0
2529,h2_storage,2030,106,9,9,0.0
2530,h2_storage,2030,106,10,10,0.0
2531,h2_storage,2030,106,11,11,0.0
2532,h2_storage,2030,106,12,12,0.0
2533,h2_storage,2030,106,13,13,0.0
2534,h2_storage,2030,106,14,14,0.0
2535,h2_storage,2030,106,15,15,0.0
2536,h2_storage,2030,106,16,16,0.0
2537,h2_storage,2030,106,17,17,0.0
2538,h2_storage,2030,106,18,18,0.0
2539,h2_storage,2030,106,19,19,0.0
2540,h2_storage,2030,106,20,20,0.0
2541,h2_storage,2030,106,21,21,0.0
2542,h2_storage,2030,106,22,22,0.0
2543,h2_storage,2030,106,23,23,0.0
2544,h2_storage,2030,106,24,24,0.0
2545,h2_storage,2030,107,1,1,0.0
2546,h2_storage,2030,107,2,2,0.0
2547,h2_storage,2030,107,3,3,0.0
2548,h2_storage,2030,107,4,4,0.0
2549,h2_storage,2030,107,5,5,0.0
2550,h2_storage,2030,107,6,6,0.0
2551,h2_storage,2030,107,7,7,0.0
2552,h2_storage,2030,107,8,8,0.0
2553,h2_storage,2030,107,9,9,0.0
2554,h2_storage,2030,107,10,10,0.0
2555,h2_storage,2030,107,11,11,0.0
2556,h2_storage,2030,107,12,12,0.0
2557,h2_storage,2030,107,13,13,0.0
2558,h2_storage,2030,107,14,14,0.0
2559,h2_storage,2030,107,15,15,0.0
2560,h2_storage,2030,107,16,16,0.0
2561,h2_storage,2030,107,17,17,0.0
2562,h2_storage,2030,107,18,18,0.0
2563,h2_storage,2030,107,19,19,0.0
2564,h2_storage,2030,107,20,20,0.0
2565,h2_storage,2030,107,21,21,0.0
2566,h2_storage,2030,107,22,22,0.0
2567,h2_storage,2030,107,23,23,0.0
2568,h2_storage,2030,107,24,24,0.0
2569,h2_storage,2030,108,1,1,0.0
2570,h2_storage,2030,108,2,2,0.0
2571,h2_storage,2030,108,3,3,0.0
2572,h2_storage,2030,108,4,4,0.0
2573,h2_storage,2030,108,5,5,0.0
2574,h2_storage,2030,108,6,6,0.0
2575,h2_storage,2030,108,7,7,0.0
2576,h2_storage,2030,108,8,8,0.0
2577,h2_storage,2030,108,9,9,0.0
2578,h2_storage,2030,108,10,10,0.0
2579,h2_storage,2030,108,11,11,0.0
2580,h2_storage,2030,108,12,12,0.0
2581,h2_storage,2030,108,13,13,0.0
2582,h2_storage,2030,108,14,14,0.0
2583,h2_storage,2030,108,15,15,0.0
2584,h2_storage,2030,108,16,16,0.0
2585,h2_storage,2030,108,17,17,0.0
2586,h2_storage,2030,108,18,18,0.0
2587,h2_storage,2030,108,19,19,0.0
2588,h2_storage,2030,108,20,20,0.0
2589,h2_storage,2030,108,21,21,0.0
2590,h2_storage,2030,108,22,22,0.0
2591,h2_storage,2030,108,23,23,0.0
2592,h2_storage,2030,108,24,24,0.0
2593,h2_storage,2030,109,1,1,0.0
2594,h2_storage,2030,109,2,2,0.0
2595,h2_storage,2030,109,3,3,0.0
2596,h2_storage,2030,109,4,4,0.0
2597,h2_storage,2030,109,5,5,0.0
2598,h2_storage,2030,109,6,6,0.0
2599,h2_storage,2030,109,7,7,0.0
2600,h2_storage,2030,109,8,8,0.0
2601,h2_storage,2030,109,9,9,0.0
2602,h2_storage,2030,109,10,10,0.0
2603,h2_storage,2030,109,11,11,0.0
2604,h2_storage,2030,109,12,12,0.0
2605,h2_storage,2030,109,13,13,0.0
2606,h2_storage,2030,109,14,14,0.0
2607,h2_storage,2030,109,15,15,0.0
2608,h2_storage,2030,109,16,16,0.0
2609,h2_storage,2030,109,17,17,0.0
2610,h2_storage,2030,109,18,18,0.0
2611,h2_storage,2030,109,19,19,0.0
2612,h2_storage,2030,109,20,20,0.0
2613,h2_storage,2030,109,21,21,0.0
2614,h2_storage,2030,109,22,22,0.0
2615,h2_storage,2030,109,23,23,0.0
2616,h2_storage,2030,109,24,24,0.0
2617,h2_storage,2030,110,1,1,0.01059362580271081
2618,h2_storage,2030,110,2,2,0.02118725160542162
2619,h2_storage,2030,110,3,3,0.03178087740813243
2620,h2_storage,2030,110,4,4,0.04237450321084324
2621,h2_storage,2030,110,5,5,0.05296812901355405
2622,h2_storage,2030,110,6,6,0.06356175481626486
2623,h2_storage,2030,110,7,7,0.07415538061897572
2624,h2_storage,2030,110,8,8,0.08474900642168653
2625,h2_storage,2030,110,9,9,0.08737385174460952
2626,h2_storage,2030,110,10,10,0.09582818658186817
2627,h2_storage,2030,110,11,11,0.10277413294470587
2628,h2_storage,2030,110,12,12,0.1030164542138826
2629,h2_storage,2030,110,13,13,0.1030164542138826
2630,h2_storage,2030,110,14,14,0.1030164542138826
2631,h2_storage,2030,110,15,15,0.1030164542138826
2632,h2_storage,2030,110,16,16,0.1030164542138826
2633,h2_storage,2030,110,17,17,0.1030164542138826
2634,h2_storage,2030,110,18,18,0.1030164542138826
2635,h2_storage,2030,110,19,19,0.1030164542138826
2636,h2_storage,2030,110,20,20,0.1030164542138826
2637,h2_storage,2030,110,21,21,0.1030164542138826
2638,h2_storage,2030,110,22,22,0.1030164542138826
2639,h2_storage,2030,110,23,23,0.1030164542138826
2640,h2_storage,2030,110,24,24,0.1030164542138826
2641,h2_storage,2030,111,1,1,0.0
2642,h2_storage,2030,111,2,2,0.0
2643,h2_storage,2030,111,3,3,0.0
2644,h2_storage,2030,111,4,4,0.0
2645,h2_storage,2030,111,5,5,0.0
2646,h2_storage,2030,111,6,6,0.0
2647,h2_storage,2030,111,7,7,0.0
2648,h2_storage,2030,111,8,8,0.0
2649,h2_storage,2030,111,9,9,0.0
2650,h2_storage,2030,111,10,10,-0.000292250896650043
2651,h2_storage,2030,111,11,11,-0.000292250896650043
2652,h2_storage,2030,111,12,12,-0.01728907042455927
2653,h2_storage,2030,111,13,13,-0.01728907042455927
2654,h2_storage,2030,111,14,14,-0.01728907042455927
2655,h2_storage,2030,111,15,15,-0.01728907042455927
2656,h2_storage,2030,111,16,16,-0.01728907042455927
2657,h2_storage,2030,111,17,17,-0.01728907042455927
2658,h2_storage,2030,111,18,18,-0.06038744687167669
2659,h2_storage,2030,111,19,19,-0.06038744687167669
2660,h2_storage,2030,111,20,20,-0.06038744687167669
2661,h2_storage,2030,111,21,21,-0.06038744687167669
2662,h2_storage,2030,111,22,22,-0.06038744687167669
2663,h2_storage,2030,111,23,23,-0.06038744687167669
2664,h2_storage,2030,111,24,24,-0.06038744687167669
2665,h2_storage,2030,112,1,1,0.0
2666,h2_storage,2030,112,2,2,0.0
2667,h2_storage,2030,112,3,3,0.0
2668,h2_storage,2030,112,4,4,0.0
2669,h2_storage,2030,112,5,5,0.0
2670,h2_storage,2030,112,6,6,0.0
2671,h2_storage,2030,112,7,7,0.0
2672,h2_storage,2030,112,8,8,0.0
2673,h2_storage,2030,112,9,9,0.0
2674,h2_storage,2030,112,10,10,0.0
2675,h2_storage,2030,112,11,11,0.0
2676,h2_storage,2030,112,12,12,0.0
2677,h2_storage,2030,112,13,13,0.0
2678,h2_storage,2030,112,14,14,0.0
2679,h2_storage,2030,112,15,15,0.0
2680,h2_storage,2030,112,16,16,0.0
2681,h2_storage,2030,112,17,17,0.0
2682,h2_storage,2030,112,18,18,0.0
2683,h2_storage,2030,112,19,19,0.0
2684,h2_storage,2030,112,20,20,0.0
2685,h2_storage,2030,112,21,21,0.0
2686,h2_storage,2030,112,22,22,0.0
2687,h2_storage,2030,112,23,23,0.0
2688,h2_storage,2030,112,24,24,0.0
2689,h2_storage,2030,113,1,1,0.0
2690,h2_storage,2030,113,2,2,0.0
2691,h2_storage,2030,113,3,3,0.0
2692,h2_storage,2030,113,4,4,0.01059362580271081
2693,h2_storage,2030,113,5,5,0.02118725160542162
2694,h2_storage,2030,113,6,6,0.03178087740813243
2695,h2_storage,2030,113,7,7,0.04237450321084324
2696,h2_storage,2030,113,8,8,0.04237450321084324
2697,h2_storage,2030,113,9,9,0.04237450321084324
2698,h2_storage,2030,113,10,10,0.04237450321084324
2699,h2_storage,2030,113,11,11,0.04237450321084324
2700,h2_storage,2030,113,12,12,0.04237450321084324
2701,h2_storage,2030,113,13,13,0.04237450321084324
2702,h2_storage,2030,113,14,14,0.04237450321084324
2703,h2_storage,2030,113,15,15,0.04237450321084324
2704,h2_storage,2030,113,16,16,0.04237450321084324
2705,h2_storage,2030,113,17,17,0.04237450321084324
2706,h2_storage,2030,113,18,18,0.04237450321084324
2707,h2_storage,2030,113,19,19,0.04237450321084324
2708,h2_storage,2030,113,20,20,0.04237450321084324
2709,h2_storage,2030,113,21,21,0.04237450321084324
2710,h2_storage,2030,113,22,22,0.04237450321084324
2711,h2_storage,2030,113,23,23,0.04237450321084324
2712,h2_storage,2030,113,24,24,0.04237450321084324
2713,h2_storage,2030,114,1,1,0.0
2714,h2_storage,2030,114,2,2,0.0
2715,h2_storage,2030,114,3,3,0.0
2716,h2_storage,2030,114,4,4,0.0
2717,h2_storage,2030,114,5,5,0.0
2718,h2_storage,2030,114,6,6,0.0
2719,h2_storage,2030,114,7,7,0.0
2720,h2_storage,2030,114,8,8,0.0
2721,h2_storage,2030,114,9,9,-0.05269724281653003
2722,h2_storage,2030,114,10,10,-0.10986995560946289
2723,h2_storage,2030,114,11,11,-0.1176302141706284
2724,h2_storage,2030,114,12,12,-0.1176302141706284
2725,h2_storage,2030,114,13,13,-0.1176302141706284
2726,h2_storage,2030,114,14,14,-0.1176302141706284
2727,h2_storage,2030,114,15,15,-0.1176302141706284
2728,h2_storage,2030,114,16,16,-0.1176302141706284
2729,h2_storage,2030,114,17,17,-0.1176302141706284
2730,h2_storage,2030,114,18,18,-0.1176302141706284
2731,h2_storage,2030,114,19,19,-0.1176302141706284
2732,h2_storage,2030,114,20,20,-0.1176302141706284
2733,h2_storage,2030,114,21,21,-0.1176302141706284
2734,h2_storage,2030,114,22,22,-0.1176302141706284
2735,h2_storage,2030,114,23,23,-0.1176302141706284
2736,h2_storage,2030,114,24,24,-0.1176302141706284
2737,h2_storage,2030,115,1,1,0.01059362580271081
2738,h2_storage,2030,115,2,2,0.02118725160542162
2739,h2_storage,2030,115,3,3,0.02118725160542162
2740,h2_storage,2030,115,4,4,0.02118725160542162
2741,h2_storage,2030,115,5,5,0.02118725160542162
2742,h2_storage,2030,115,6,6,0.02118725160542162
2743,h2_storage,2030,115,7,7,0.02118725160542162
2744,h2_storage,2030,115,8,8,0.02118725160542162
2745,h2_storage,2030,115,9,9,0.02118725160542162
2746,h2_storage,2030,115,10,10,0.02118725160542162
2747,h2_storage,2030,115,11,11,0.02118725160542162
2748,h2_storage,2030,115,12,12,0.02118725160542162
2749,h2_storage,2030,115,13,13,0.02118725160542162
2750,h2_storage,2030,115,14,14,0.02118725160542162
2751,h2_storage,2030,115,15,15,0.02118725160542162
2752,h2_storage,2030,115,16,16,0.02118725160542162
2753,h2_storage,2030,115,17,17,0.02118725160542162
2754,h2_storage,2030,115,18,18,0.02118725160542162
2755,h2_storage,2030,115,19,19,0.02118725160542162
2756,h2_storage,2030,115,20,20,0.02118725160542162
2757,h2_storage,2030,115,21,21,0.02118725160542162
2758,h2_storage,2030,115,22,22,0.02118725160542162
2759,h2_storage,2030,115,23,23,0.02118725160542162
2760,h2_storage,2030,115,24,24,0.02118725160542162
2761,h2_storage,2030,116,1,1,0.0
2762,h2_storage,2030,116,2,2,0.0
2763,h2_storage,2030,116,3,3,0.0008564347767836031
2764,h2_storage,2030,116,4,4,0.00844260378210048
2765,h2_storage,2030,116,5,5,0.01903622958481129
2766,h2_storage,2030,116,6,6,0.029629855387522094
2767,h2_storage,2030,116,7,7,0.04022348119023292
2768,h2_storage,2030,116,8,8,0.04022348119023292
2769,h2_storage,2030,116,9,9,0.04022348119023292
2770,h2_storage,2030,116,10,10,0.04022348119023292
2771,h2_storage,2030,116,11,11,0.04022348119023292
2772,h2_storage,2030,116,12,12,0.04022348119023292
2773,h2_storage,2030,116,13,13,0.04022348119023292
2774,h2_storage,2030,116,14,14,0.04022348119023292
2775,h2_storage,2030,116,15,15,0.04022348119023292
2776,h2_storage,2030,116,16,16,0.04022348119023292
2777,h2_storage,2030,116,17,17,0.04022348119023292
2778,h2_storage,2030,116,18,18,0.04022348119023292
2779,h2_storage,2030,116,19,19,0.04022348119023292
2780,h2_storage,2030,116,20,20,0.04022348119023292
2781,h2_storage,2030,116,21,21,0.04022348119023292
2782,h2_storage,2030,116,22,22,0.04022348119023292
2783,h2_storage,2030,116,23,23,0.04022348119023292
2784,h2_storage,2030,116,24,24,0.04022348119023292
2785,h2_storage,2030,117,1,1,0.0
2786,h2_storage,2030,117,2,2,0.0
2787,h2_storage,2030,117,3,3,0.0
2788,h2_storage,2030,117,4,4,0.0
2789,h2_storage,2030,117,5,5,0.0
2790,h2_storage,2030,117,6,6,0.0
2791,h2_storage,2030,117,7,7,0.0
2792,h2_storage,2030,117,8,8,0.0
2793,h2_storage,2030,117,9,9,0.0
2794,h2_storage,2030,117,10,10,0.0
2795,h2_storage,2030,117,11,11,0.0
2796,h2_storage,2030,117,12,12,0.0
2797,h2_storage,2030,117,13,13,0.0
2798,h2_storage,2030,117,14,14,0.0
2799,h2_storage,2030,117,15,15,0.0
2800,h2_storage,2030,117,16,16,0.0
2801,h2_storage,2030,117,17,17,0.0
2802,h2_storage,2030,117,18,18,0.0
2803,h2_storage,2030,117,19,19,0.0
2804,h2_storage,2030,117,20,20,0.0
2805,h2_storage,2030,117,21,21,0.0
2806,h2_storage,2030,117,22,22,0.0
2807,h2_storage,2030,117,23,23,0.0
2808,h2_storage,2030,117,24,24,0.0
2809,h2_storage,2030,118,1,1,0.01059362580271081
2810,h2_storage,2030,118,2,2,0.02118725160542162
2811,h2_storage,2030,118,3,3,0.03178087740813243
2812,h2_storage,2030,118,4,4,0.04237450321084324
2813,h2_storage,2030,118,5,5,0.05296812901355405
2814,h2_storage,2030,118,6,6,0.06356175481626486
2815,h2_storage,2030,118,7,7,0.07415538061897567
2816,h2_storage,2030,118,8,8,0.07415538061897567
2817,h2_storage,2030,118,9,9,0.07415538061897567
2818,h2_storage,2030,118,10,10,0.07415538061897567
2819,h2_storage,2030,118,11,11,0.07415538061897567
2820,h2_storage,2030,118,12,12,0.07415538061897567
2821,h2_storage,2030,118,13,13,0.07415538061897567
2822,h2_storage,2030,118,14,14,0.07415538061897567
2823,h2_storage,2030,118,15,15,0.07415538061897567
2824,h2_storage,2030,118,16,16,0.07415538061897567
2825,h2_storage,2030,118,17,17,0.07415538061897567
2826,h2_storage,2030,118,18,18,0.07415538061897567
2827,h2_storage,2030,118,19,19,0.07415538061897567
2828,h2_storage,2030,118,20,20,0.07415538061897567
2829,h2_storage,2030,118,21,21,0.07415538061897567
2830,h2_storage,2030,118,22,22,0.07415538061897567
2831,h2_storage,2030,118,23,23,0.07415538061897567
2832,h2_storage,2030,118,24,24,0.07415538061897567
2833,h2_storage,2030,119,1,1,0.0
2834,h2_storage,2030,119,2,2,0.0
2835,h2_storage,2030,119,3,3,0.0
2836,h2_storage,2030,119,4,4,0.0
2837,h2_storage,2030,119,5,5,0.0
2838,h2_storage,2030,119,6,6,0.0
2839,h2_storage,2030,119,7,7,0.0
2840,h2_storage,2030,119,8,8,0.0
2841,h2_storage,2030,119,9,9,0.0
2842,h2_storage,2030,119,10,10,0.0
2843,h2_storage,2030,119,11,11,0.0
2844,h2_storage,2030,119,12,12,0.0
2845,h2_storage,2030,119,13,13,0.0
2846,h2_storage,2030,119,14,14,0.0
2847,h2_storage,2030,119,15,15,0.0
2848,h2_storage,2030,119,16,16,0.0
2849,h2_storage,2030,119,17,17,0.0
2850,h2_storage,2030,119,18,18,0.0
2851,h2_storage,2030,119,19,19,0.0
2852,h2_storage,2030,119,20,20,0.0
2853,h2_storage,2030,119,21,21,0.0
2854,h2_storage,2030,119,22,22,0.0
2855,h2_storage,2030,119,23,23,0.0
2856,h2_storage,2030,119,24,24,0.0
2857,h2_storage,2030,120,1,1,0.0
2858,h2_storage,2030,120,2,2,0.0
2859,h2_storage,2030,120,3,3,0.0
2860,h2_storage,2030,120,4,4,0.0
2861,h2_storage,2030,120,5,5,0.0
2862,h2_storage,2030,120,6,6,0.0
2863,h2_storage,2030,120,7,7,0.0
2864,h2_storage,2030,120,8,8,0.0
2865,h2_storage,2030,120,9,9,0.0
2866,h2_storage,2030,120,10,10,0.0
2867,h2_storage,2030,120,11,11,0.0
2868,h2_storage,2030,120,12,12,0.0
2869,h2_storage,2030,120,13,13,0.0
2870,h2_storage,2030,120,14,14,0.0
2871,h2_storage,2030,120,15,15,0.0
2872,h2_storage,2030,120,16,16,0.0
2873,h2_storage,2030,120,17,17,0.0
2874,h2_storage,2030,120,18,18,0.0
2875,h2_storage,2030,120,19,19,0.0
2876,h2_storage,2030,120,20,20,0.0
2877,h2_storage,2030,120,21,21,0.0
2878,h2_storage,2030,120,22,22,0.0
2879,h2_storage,2030,120,23,23,0.0
2880,h2_storage,2030,120,24,24,0.0
2881,h2_storage,2030,121,1,1,0.0
2882,h2_storage,2030,121,2,2,0.0
2883,h2_storage,2030,121,3,3,0.009238023015631059
2884,h2_storage,2030,121,4,4,0.019606301842699042
2885,h2_storage,2030,121,5,5,0.029660805543794026
2886,h2_storage,2030,121,6,6,0.04025443134650484
2887,h2_storage,2030,121,7,7,0.05084805714921563
2888,h2_storage,2030,121,8,8,0.060871287433210235
2889,h2_storage,2030,121,9,9,0.060871287433210235
2890,h2_storage,2030,121,10,10,0.060871287433210235
2891,h2_storage,2030,121,11,11,0.060871287433210235
2892,h2_storage,2030,121,12,12,0.060871287433210235
2893,h2_storage,2030,121,13,13,0.060871287433210235
2894,h2_storage,2030,121,14,14,0.060871287433210235
2895,h2_storage,2030,121,15,15,0.060871287433210235
2896,h2_storage,2030,121,16,16,0.060871287433210235
2897,h2_storage,2030,121,17,17,0.060871287433210235
2898,h2_storage,2030,121,18,18,0.060871287433210235
2899,h2_storage,2030,121,19,19,0.060871287433210235
2900,h2_storage,2030,121,20,20,0.060871287433210235
2901,h2_storage,2030,121,21,21,0.060871287433210235
2902,h2_storage,2030,121,22,22,0.060871287433210235
2903,h2_storage,2030,121,23,23,0.06892817771635464
2904,h2_storage,2030,121,24,24,0.06892817771635464
2905,h2_storage,2030,122,1,1,-0.017656797033018
2906,h2_storage,2030,122,2,2,-0.017656797033018
2907,h2_storage,2030,122,3,3,-0.017656797033018
2908,h2_storage,2030,122,4,4,-0.017656797033018
2909,h2_storage,2030,122,5,5,-0.017656797033018
2910,h2_storage,2030,122,6,6,-0.017656797033018
2911,h2_storage,2030,122,7,7,-0.017656797033018
2912,h2_storage,2030,122,8,8,-0.017656797033018
2913,h2_storage,2030,122,9,9,-0.017656797033018
2914,h2_storage,2030,122,10,10,-0.017656797033018
2915,h2_storage,2030,122,11,11,-0.017656797033018
2916,h2_storage,2030,122,12,12,-0.017656797033018
2917,h2_storage,2030,122,13,13,-0.017656797033018
2918,h2_storage,2030,122,14,14,-0.017656797033018
2919,h2_storage,2030,122,15,15,-0.017656797033018
2920,h2_storage,2030,122,16,16,-0.017656797033018
2921,h2_storage,2030,122,17,17,-0.017656797033018
2922,h2_storage,2030,122,18,18,-0.017656797033018
2923,h2_storage,2030,122,19,19,-0.017656797033018
2924,h2_storage,2030,122,20,20,-0.017656797033018
2925,h2_storage,2030,122,21,21,-0.017656797033018
2926,h2_storage,2030,122,22,22,-0.017656797033018
2927,h2_storage,2030,122,23,23,-0.017656797033017996
2928,h2_storage,2030,122,24,24,-0.017656797033017996
2929,h2_storage,2030,123,1,1,0.0
2930,h2_storage,2030,123,2,2,0.0
2931,h2_storage,2030,123,3,3,0.0
2932,h2_storage,2030,123,4,4,0.0
2933,h2_storage,2030,123,5,5,0.0
2934,h2_storage,2030,123,6,6,0.0
2935,h2_storage,2030,123,7,7,0.0
2936,h2_storage,2030,123,8,8,0.0
2937,h2_storage,2030,123,9,9,0.0
2938,h2_storage,2030,123,10,10,0.0
2939,h2_storage,2030,123,11,11,0.0
2940,h2_storage,2030,123,12,12,0.0
2941,h2_storage,2030,123,13,13,0.0
2942,h2_storage,2030,123,14,14,0.0
2943,h2_storage,2030,123,15,15,0.0
2944,h2_storage,2030,123,16,16,0.0
2945,h2_storage,2030,123,17,17,0.0
2946,h2_storage,2030,123,18,18,0.0
2947,h2_storage,2030,123,19,19,0.0
2948,h2_storage,2030,123,20,20,0.0
2949,h2_storage,2030,123,21,21,0.0
2950,h2_storage,2030,123,22,22,0.0
2951,h2_storage,2030,123,23,23,0.0
2952,h2_storage,2030,123,24,24,0.0
2953,h2_storage,2030,124,1,1,0.0
2954,h2_storage,2030,124,2,2,0.0
2955,h2_storage,2030,124,3,3,0.0
2956,h2_storage,2030,124,4,4,0.0
2957,h2_storage,2030,124,5,5,0.0
2958,h2_storage,2030,124,6,6,0.0
2959,h2_storage,2030,124,7,7,0.0
2960,h2_storage,2030,124,8,8,0.0
2961,h2_storage,2030,124,9,9,0.0
2962,h2_storage,2030,124,10,10,0.0
2963,h2_storage,2030,124,11,11,0.0
2964,h2_storage,2030,124,12,12,0.0
2965,h2_storage,2030,124,13,13,0.0
2966,h2_storage,2030,124,14,14,0.0
2967,h2_storage,2030,124,15,15,0.0
2968,h2_storage,2030,124,16,16,0.0
2969,h2_storage,2030,124,17,17,0.0
2970,h2_storage,2030,124,18,18,0.0
2971,h2_storage,2030,124,19,19,0.0
2972,h2_storage,2030,124,20,20,0.0
2973,h2_storage,2030,124,21,21,0.0
2974,h2_storage,2030,124,22,22,0.0
2975,h2_storage,2030,124,23,23,0.0
2976,h2_storage,2030,124,24,24,0.0
2977,h2_storage,2030,125,1,1,0.0
2978,h2_storage,2030,125,2,2,0.0
2979,h2_storage,2030,125,3,3,0.0
2980,h2_storage,2030,125,4,4,0.0
2981,h2_storage,2030,125,5,5,0.0
2982,h2_storage,2030,125,6,6,0.0
2983,h2_storage,2030,125,7,7,0.0
2984,h2_storage,2030,125,8,8,0.0
2985,h2_storage,2030,125,9,9,0.0
2986,h2_storage,2030,125,10,10,0.0
2987,h2_storage,2030,125,11,11,0.0
2988,h2_storage,2030,125,12,12,0.0
2989,h2_storage,2030,125,13,13,0.0
2990,h2_storage,2030,125,14,14,0.0
2991,h2_storage,2030,125,15,15,0.0
2992,h2_storage,2030,125,16,16,0.0
2993,h2_storage,2030,125,17,17,0.0
2994,h2_storage,2030,125,18,18,0.0
2995,h2_storage,2030,125,19,19,0.0
2996,h2_storage,2030,125,20,20,0.0
2997,h2_storage,2030,125,21,21,0.0
2998,h2_storage,2030,125,22,22,0.0
2999,h2_storage,2030,125,23,23,0.0
3000,h2_storage,2030,125,24,24,0.0
3001,h2_storage,2030,126,1,1,0.0
3002,h2_storage,2030,126,2,2,0.0
3003,h2_storage,2030,126,3,3,0.0
3004,h2_storage,2030,126,4,4,0.0
3005,h2_storage,2030,126,5,5,0.0
3006,h2_storage,2030,126,6,6,0.0
3007,h2_storage,2030,126,7,7,0.0
3008,h2_storage,2030,126,8,8,0.0
3009,h2_storage,2030,126,9,9,0.0
3010,h2_storage,2030,126,10,10,0.0
3011,h2_storage,2030,126,11,11,0.0
3012,h2_storage,2030,126,12,12,0.0
3013,h2_storage,2030,126,13,13,0.0
3014,h2_storage,2030,126,14,14,0.0
3015,h2_storage,2030,126,15,15,0.0
3016,h2_storage,2030,126,16,16,0.0
3017,h2_storage,2030,126,17,17,0.0
3018,h2_storage,2030,126,18,18,0.0
3019,h2_storage,2030,126,19,19,0.0
3020,h2_storage,2030,126,20,20,0.0
3021,h2_storage,2030,126,21,21,0.0
3022,h2_storage,2030,126,22,22,0.0
3023,h2_storage,2030,126,23,23,0.0
3024,h2_storage,2030,126,24,24,0.0
3025,h2_storage,2030,127,1,1,0.0
3026,h2_storage,2030,127,2,2,0.0
3027,h2_storage,2030,127,3,3,0.0
3028,h2_storage,2030,127,4,4,0.0
3029,h2_storage,2030,127,5,5,-0.03332922740664652
3030,h2_storage,2030,127,6,6,-0.03332922740664652
3031,h2_storage,2030,127,7,7,-0.03332922740664652
3032,h2_storage,2030,127,8,8,-0.03332922740664652
3033,h2_storage,2030,127,9,9,-0.03332922740664652
3034,h2_storage,2030,127,10,10,-0.03332922740664652
3035,h2_storage,2030,127,11,11,-0.03332922740664652
3036,h2_storage,2030,127,12,12,-0.03332922740664652
3037,h2_storage,2030,127,13,13,-0.03332922740664652
3038,h2_storage,2030,127,14,14,-0.03332922740664652
3039,h2_storage,2030,127,15,15,-0.03332922740664652
3040,h2_storage,2030,127,16,16,-0.03332922740664652
3041,h2_storage,2030,127,17,17,-0.03332922740664652
3042,h2_storage,2030,127,18,18,-0.03332922740664652
3043,h2_storage,2030,127,19,19,-0.03332922740664652
3044,h2_storage,2030,127,20,20,-0.03332922740664652
3045,h2_storage,2030,127,21,21,-0.03332922740664652
3046,h2_storage,2030,127,22,22,-0.03332922740664652
3047,h2_storage,2030,127,23,23,-0.03332922740664653
3048,h2_storage,2030,127,24,24,-0.03332922740664653
3049,h2_storage,2030,128,1,1,0.0
3050,h2_storage,2030,128,2,2,0.0
3051,h2_storage,2030,128,3,3,0.0
3052,h2_storage,2030,128,4,4,0.0
3053,h2_storage,2030,128,5,5,0.0
3054,h2_storage,2030,128,6,6,0.01059362580271081
3055,h2_storage,2030,128,7,7,0.01059362580271081
3056,h2_storage,2030,128,8,8,0.01059362580271081
3057,h2_storage,2030,128,9,9,0.01059362580271081
3058,h2_storage,2030,128,10,10,0.01059362580271081
3059,h2_storage,2030,128,11,11,0.01059362580271081
3060,h2_storage,2030,128,12,12,0.01059362580271081
3061,h2_storage,2030,128,13,13,0.01059362580271081
3062,h2_storage,2030,128,14,14,0.01059362580271081
3063,h2_storage,2030,128,15,15,0.01059362580271081
3064,h2_storage,2030,128,16,16,0.01059362580271081
3065,h2_storage,2030,128,17,17,0.01059362580271081
3066,h2_storage,2030,128,18,18,0.01059362580271081
3067,h2_storage,2030,128,19,19,0.01059362580271081
3068,h2_storage,2030,128,20,20,0.01059362580271081
3069,h2_storage,2030,128,21,21,0.01059362580271081
3070,h2_storage,2030,128,22,22,0.01059362580271081
3071,h2_storage,2030,128,23,23,0.01059362580271081
3072,h2_storage,2030,128,24,24,0.01059362580271081
3073,h2_storage,2030,129,1,1,0.0
3074,h2_storage,2030,129,2,2,0.0
3075,h2_storage,2030,129,3,3,0.0
3076,h2_storage,2030,129,4,4,0.0
3077,h2_storage,2030,129,5,5,0.0
3078,h2_storage,2030,129,6,6,0.0
3079,h2_storage,2030,129,7,7,0.0
3080,h2_storage,2030,129,8,8,0.0
3081,h2_storage,2030,129,9,9,0.0
3082,h2_storage,2030,129,10,10,0.0
3083,h2_storage,2030,129,11,11,0.0
3084,h2_storage,2030,129,12,12,0.0
3085,h2_storage,2030,129,13,13,0.0
3086,h2_storage,2030,129,14,14,0.0
3087,h2_storage,2030,129,15,15,0.0
3088,h2_storage,2030,129,16,16,0.0
3089,h2_storage,2030,129,17,17,0.0
3090,h2_storage,2030,129,18,18,0.0
3091,h2_storage,2030,129,19,19,0.0
3092,h2_storage,2030,129,20,20,0.0
3093,h2_storage,2030,129,21,21,0.0
3094,h2_storage,2030,129,22,22,0.0
3095,h2_storage,2030,129,23,23,0.0
3096,h2_storage,2030,129,24,24,0.0
3097,h2_storage,2030,130,1,1,0.01059362580271081
3098,h2_storage,2030,130,2,2,0.02118725160542162
3099,h2_storage,2030,130,3,3,0.03178087740813243
3100,h2_storage,2030,130,4,4,0.04237450321084324
3101,h2_storage,2030,130,5,5,0.05296812901355405
3102,h2_storage,2030,130,6,6,0.06356175481626486
3103,h2_storage,2030,130,7,7,0.07415538061897564
3104,h2_storage,2030,130,8,8,0.08445005599733776
3105,h2_storage,2030,130,9,9,0.08445005599733776
3106,h2_storage,2030,130,10,10,0.08445005599733776
3107,h2_storage,2030,130,11,11,0.08445005599733776
3108,h2_storage,2030,130,12,12,0.08445005599733776
3109,h2_storage,2030,130,13,13,0.08445005599733776
3110,h2_storage,2030,130,14,14,0.08445005599733776
3111,h2_storage,2030,130,15,15,0.08445005599733776
3112,h2_storage,2030,130,16,16,0.08445005599733776
3113,h2_storage,2030,130,17,17,0.08445005599733776
3114,h2_storage,2030,130,18,18,0.08445005599733776
3115,h2_storage,2030,130,19,19,0.08445005599733776
3116,h2_storage,2030,130,20,20,0.05378499721301289
3117,h2_storage,2030,130,21,21,0.006498587206283354
3118,h2_storage,2030,130,22,22,0.006498587206283354
3119,h2_storage,2030,130,23,23,0.006498587206283354
3120,h2_storage,2030,130,24,24,0.006498587206283354
3121,h2_storage,2030,131,1,1,-0.009543241613671696
3122,h2_storage,2030,131,2,2,-0.009543241613671696
3123,h2_storage,2030,131,3,3,-0.009543241613671696
3124,h2_storage,2030,131,4,4,-0.009543241613671696
3125,h2_storage,2030,131,5,5,-0.009543241613671696
3126,h2_storage,2030,131,6,6,-0.009543241613671696
3127,h2_storage,2030,131,7,7,-0.009543241613671696
3128,h2_storage,2030,131,8,8,-0.009543241613671696
3129,h2_storage,2030,131,9,9,-0.03084023313227231
3130,h2_storage,2030,131,10,10,-0.03084023313227231
3131,h2_storage,2030,131,11,11,-0.03084023313227231
3132,h2_storage,2030,131,12,12,-0.03084023313227231
3133,h2_storage,2030,131,13,13,-0.03084023313227231
3134,h2_storage,2030,131,14,14,-0.03084023313227231
3135,h2_storage,2030,131,15,15,-0.03084023313227231
3136,h2_storage,2030,131,16,16,-0.03084023313227231
3137,h2_storage,2030,131,17,17,-0.055992445378021186
3138,h2_storage,2030,131,18,18,-0.05746211466232605
3139,h2_storage,2030,131,19,19,-0.05746211466232605
3140,h2_storage,2030,131,20,20,-0.05746211466232605
3141,h2_storage,2030,131,21,21,-0.05746211466232605
3142,h2_storage,2030,131,22,22,-0.05746211466232605
3143,h2_storage,2030,131,23,23,-0.05746211466232605
3144,h2_storage,2030,131,24,24,-0.05746211466232605
3145,h2_storage,2030,132,1,1,0.0
3146,h2_storage,2030,132,2,2,0.0
3147,h2_storage,2030,132,3,3,0.0
3148,h2_storage,2030,132,4,4,0.0
3149,h2_storage,2030,132,5,5,0.0
3150,h2_storage,2030,132,6,6,0.0
3151,h2_storage,2030,132,7,7,0.0
3152,h2_storage,2030,132,8,8,0.0
3153,h2_storage,2030,132,9,9,0.0
3154,h2_storage,2030,132,10,10,0.0
3155,h2_storage,2030,132,11,11,0.0
3156,h2_storage,2030,132,12,12,0.0
3157,h2_storage,2030,132,13,13,0.0
3158,h2_storage,2030,132,14,14,0.0
3159,h2_storage,2030,132,15,15,0.0
3160,h2_storage,2030,132,16,16,0.0
3161,h2_storage,2030,132,17,17,0.0
3162,h2_storage,2030,132,18,18,0.0
3163,h2_storage,2030,132,19,19,0.0
3164,h2_storage,2030,132,20,20,0.0
3165,h2_storage,2030,132,21,21,0.0
3166,h2_storage,2030,132,22,22,0.0
3167,h2_storage,2030,132,23,23,0.0
3168,h2_storage,2030,132,24,24,0.0
3169,h2_storage,2030,133,1,1,0.0
3170,h2_storage,2030,133,2,2,0.0
3171,h2_storage,2030,133,3,3,0.0
3172,h2_storage,2030,133,4,4,0.0
3173,h2_storage,2030,133,5,5,0.0
3174,h2_storage,2030,133,6,6,0.0
3175,h2_storage,2030,133,7,7,0.0
3176,h2_storage,2030,133,8,8,0.0
3177,h2_storage,2030,133,9,9,0.0
3178,h2_storage,2030,133,10,10,0.0
3179,h2_storage,2030,133,11,11,0.0
3180,h2_storage,2030,133,12,12,0.0
3181,h2_storage,2030,133,13,13,0.0
3182,h2_storage,2030,133,14,14,0.0
3183,h2_storage,2030,133,15,15,0.0
3184,h2_storage,2030,133,16,16,-0.020841129196722923
3185,h2_storage,2030,133,17,17,-0.020841129196722923
3186,h2_storage,2030,133,18,18,-0.020841129196722923
3187,h2_storage,2030,133,19,19,-0.020841129196722923
3188,h2_storage,2030,133,20,20,-0.020841129196722923
3189,h2_storage,2030,133,21,21,-0.020841129196722923
3190,h2_storage,2030,133,22,22,-0.020841129196722923
3191,h2_storage,2030,133,23,23,-0.02084112919672293
3192,h2_storage,2030,133,24,24,-0.02084112919672293
3193,h2_storage,2030,134,1,1,0.0
3194,h2_storage,2030,134,2,2,0.0
3195,h2_storage,2030,134,3,3,0.0
3196,h2_storage,2030,134,4,4,0.0
3197,h2_storage,2030,134,5,5,0.0
3198,h2_storage,2030,134,6,6,0.0
3199,h2_storage,2030,134,7,7,0.0
3200,h2_storage,2030,134,8,8,0.0
3201,h2_storage,2030,134,9,9,0.0
3202,h2_storage,2030,134,10,10,0.0
3203,h2_storage,2030,134,11,11,0.0
3204,h2_storage,2030,134,12,12,0.0
3205,h2_storage,2030,134,13,13,0.0
3206,h2_storage,2030,134,14,14,-0.08504339532275622
3207,h2_storage,2030,134,15,15,-0.08504339532275622
3208,h2_storage,2030,134,16,16,-0.08504339532275622
3209,h2_storage,2030,134,17,17,-0.08504339532275622
3210,h2_storage,2030,134,18,18,-0.08504339532275622
3211,h2_storage,2030,134,19,19,-0.08504339532275622
3212,h2_storage,2030,134,20,20,-0.08504339532275622
3213,h2_storage,2030,134,21,21,-0.08504339532275622
3214,h2_storage,2030,134,22,22,-0.08504339532275622
3215,h2_storage,2030,134,23,23,-0.08504339532275622
3216,h2_storage,2030,134,24,24,-0.08504339532275623
3217,h2_storage,2030,135,1,1,0.0
3218,h2_storage,2030,135,2,2,0.0
3219,h2_storage,2030,135,3,3,0.0
3220,h2_storage,2030,135,4,4,0.0
3221,h2_storage,2030,135,5,5,0.0
3222,h2_storage,2030,135,6,6,0.0
3223,h2_storage,2030,135,7,7,0.0
3224,h2_storage,2030,135,8,8,0.0
3225,h2_storage,2030,135,9,9,0.0
3226,h2_storage,2030,135,10,10,0.0
3227,h2_storage,2030,135,11,11,0.0
3228,h2_storage,2030,135,12,12,0.0
3229,h2_storage,2030,135,13,13,0.0
3230,h2_storage,2030,135,14,14,0.0
3231,h2_storage,2030,135,15,15,0.0
3232,h2_storage,2030,135,16,16,0.0
3233,h2_storage,2030,135,17,17,0.0
3234,h2_storage,2030,135,18,18,0.0
3235,h2_storage,2030,135,19,19,0.0
3236,h2_storage,2030,135,20,20,0.0
3237,h2_storage,2030,135,21,21,0.0
3238,h2_storage,2030,135,22,22,0.0
3239,h2_storage,2030,135,23,23,0.0
3240,h2_storage,2030,135,24,24,0.0
3241,h2_storage,2030,136,1,1,0.0
3242,h2_storage,2030,136,2,2,0.0
3243,h2_storage,2030,136,3,3,0.0
3244,h2_storage,2030,136,4,4,0.0
3245,h2_storage,2030,136,5,5,0.0
3246,h2_storage,2030,136,6,6,0.0
3247,h2_storage,2030,136,7,7,0.0
3248,h2_storage,2030,136,8,8,0.0
3249,h2_storage,2030,136,9,9,0.0
3250,h2_storage,2030,136,10,10,0.0
3251,h2_storage,2030,136,11,11,0.0
3252,h2_storage,2030,136,12,12,0.0
3253,h2_storage,2030,136,13,13,0.0
3254,h2_storage,2030,136,14,14,0.0
3255,h2_storage,2030,136,15,15,0.0
3256,h2_storage,2030,136,16,16,0.0
3257,h2_storage,2030,136,17,17,0.0
3258,h2_storage,2030,136,18,18,0.0
3259,h2_storage,2030,136,19,19,0.0
3260,h2_storage,2030,136,20,20,0.0
3261,h2_storage,2030,136,21,21,0.0
3262,h2_storage,2030,136,22,22,0.0
3263,h2_storage,2030,136,23,23,0.0
3264,h2_storage,2030,136,24,24,0.0
3265,h2_storage,2030,137,1,1,0.0
3266,h2_storage,2030,137,2,2,0.0
3267,h2_storage,2030,137,3,3,0.0
3268,h2_storage,2030,137,4,4,0.0
3269,h2_storage,2030,137,5,5,0.0
3270,h2_storage,2030,137,6,6,0.0
3271,h2_storage,2030,137,7,7,0.0
3272,h2_storage,2030,137,8,8,0.0
3273,h2_storage,2030,137,9,9,0.0
3274,h2_storage,2030,137,10,10,0.0
3275,h2_storage,2030,137,11,11,0.0
3276,h2_storage,2030,137,12,12,0.0
3277,h2_storage,2030,137,13,13,0.0
3278,h2_storage,2030,137,14,14,0.0
3279,h2_storage,2030,137,15,15,0.0
3280,h2_storage,2030,137,16,16,0.0
3281,h2_storage,2030,137,17,17,0.0
3282,h2_storage,2030,137,18,18,0.0
3283,h2_storage,2030,137,19,19,0.0
3284,h2_storage,2030,137,20,20,0.0
3285,h2_storage,2030,137,21,21,0.0
3286,h2_storage,2030,137,22,22,0.0
3287,h2_storage,2030,137,23,23,0.0
3288,h2_storage,2030,137,24,24,0.0
3289,h2_storage,2030,138,1,1,0.0
3290,h2_storage,2030,138,2,2,0.0
3291,h2_storage,2030,138,3,3,0.0
3292,h2_storage,2030,138,4,4,0.0
3293,h2_storage,2030,138,5,5,0.0
3294,h2_storage,2030,138,6,6,0.0
3295,h2_storage,2030,138,7,7,0.0
3296,h2_storage,2030,138,8,8,0.0
3297,h2_storage,2030,138,9,9,0.0
3298,h2_storage,2030,138,10,10,0.0
3299,h2_storage,2030,138,11,11,0.0
3300,h2_storage,2030,138,12,12,0.0
3301,h2_storage,2030,138,13,13,0.0
3302,h2_storage,2030,138,14,14,0.0
3303,h2_storage,2030,138,15,15,0.0
3304,h2_storage,2030,138,16,16,0.0
3305,h2_storage,2030,138,17,17,0.0
3306,h2_storage,2030,138,18,18,0.0
3307,h2_storage,2030,138,19,19,0.0
3308,h2_storage,2030,138,20,20,0.0
3309,h2_storage,2030,138,21,21,0.0
3310,h2_storage,2030,138,22,22,0.0
3311,h2_storage,2030,138,23,23,0.0
3312,h2_storage,2030,138,24,24,0.0
3313,h2_storage,2030,139,1,1,0.0
3314,h2_storage,2030,139,2,2,0.0
3315,h2_storage,2030,139,3,3,0.0
3316,h2_storage,2030,139,4,4,0.0
3317,h2_storage,2030,139,5,5,0.0
3318,h2_storage,2030,139,6,6,0.0
3319,h2_storage,2030,139,7,7,0.0
3320,h2_storage,2030,139,8,8,0.0
3321,h2_storage,2030,139,9,9,0.0
3322,h2_storage,2030,139,10,10,0.0
3323,h2_storage,2030,139,11,11,0.0
3324,h2_storage,2030,139,12,12,0.0
3325,h2_storage,2030,139,13,13,0.0
3326,h2_storage,2030,139,14,14,0.0
3327,h2_storage,2030,139,15,15,0.0
3328,h2_storage,2030,139,16,16,0.0
3329,h2_storage,2030,139,17,17,0.0
3330,h2_storage,2030,139,18,18,0.0
3331,h2_storage,2030,139,19,19,0.0
3332,h2_storage,2030,139,20,20,0.0
3333,h2_storage,2030,139,21,21,0.0
3334,h2_storage,2030,139,22,22,0.0
3335,h2_storage,2030,139,23,23,0.0
3336,h2_storage,2030,139,24,24,0.0
3337,h2_storage,2030,140,1,1,0.0
3338,h2_storage,2030,140,2,2,0.0
3339,h2_storage,2030,140,3,3,0.0
3340,h2_storage,2030,140,4,4,0.0
3341,h2_storage,2030,140,5,5,0.0
3342,h2_storage,2030,140,6,6,0.0
3343,h2_storage,2030,140,7,7,0.0
3344,h2_storage,2030,140,8,8,0.0
3345,h2_storage,2030,140,9,9,0.0
3346,h2_storage,2030,140,10,10,0.0
3347,h2_storage,2030,140,11,11,0.0
3348,h2_storage,2030,140,12,12,0.0
3349,h2_storage,2030,140,13,13,0.0
3350,h2_storage,2030,140,14,14,0.0
3351,h2_storage,2030,140,15,15,0.0
3352,h2_storage,2030,140,16,16,0.0
3353,h2_storage,2030,140,17,17,0.0
3354,h2_storage,2030,140,18,18,0.0
3355,h2_storage,2030,140,19,19,0.007463196441424665
3356,h2_storage,2030,140,20,20,0.018056822244135476
3357,h2_storage,2030,140,21,21,0.028650448046846272
3358,h2_storage,2030,140,22,22,0.03924407384955708
3359,h2_storage,2030,140,23,23,0.04983769965226792
3360,h2_storage,2030,140,24,24,0.06043132545497873
3361,h2_storage,2030,141,1,1,0.0
3362,h2_storage,2030,141,2,2,0.0
3363,h2_storage,2030,141,3,3,0.0
3364,h2_storage,2030,141,4,4,0.0
3365,h2_storage,2030,141,5,5,0.0
3366,h2_storage,2030,141,6,6,0.0
3367,h2_storage,2030,141,7,7,0.0
3368,h2_storage,2030,141,8,8,0.0
3369,h2_storage,2030,141,9,9,0.0
3370,h2_storage,2030,141,10,10,0.0
3371,h2_storage,2030,141,11,11,0.0
3372,h2_storage,2030,141,12,12,0.0
3373,h2_storage,2030,141,13,13,0.0
3374,h2_storage,2030,141,14,14,0.0
3375,h2_storage,2030,141,15,15,0.0
3376,h2_storage,2030,141,16,16,0.0
3377,h2_storage,2030,141,17,17,0.0
3378,h2_storage,2030,141,18,18,0.0
3379,h2_storage,2030,141,19,19,0.0
3380,h2_storage,2030,141,20,20,0.0
3381,h2_storage,2030,141,21,21,0.0
3382,h2_storage,2030,141,22,22,0.0
3383,h2_storage,2030,141,23,23,0.0
3384,h2_storage,2030,141,24,24,0.0
3385,h2_storage,2030,142,1,1,0.0
3386,h2_storage,2030,142,2,2,0.0
3387,h2_storage,2030,142,3,3,0.0
3388,h2_storage,2030,142,4,4,0.0
3389,h2_storage,2030,142,5,5,0.0
3390,h2_storage,2030,142,6,6,0.0
3391,h2_storage,2030,142,7,7,0.0
3392,h2_storage,2030,142,8,8,0.0
3393,h2_storage,2030,142,9,9,0.0
3394,h2_storage,2030,142,10,10,0.0
3395,h2_storage,2030,142,11,11,0.0
3396,h2_storage,2030,142,12,12,0.0
3397,h2_storage,2030,142,13,13,0.0
3398,h2_storage,2030,142,14,14,0.0
3399,h2_storage,2030,142,15,15,0.0
3400,h2_storage,2030,142,16,16,0.0
3401,h2_storage,2030,142,17,17,0.0
3402,h2_storage,2030,142,18,18,0.0
3403,h2_storage,2030,142,19,19,0.0
3404,h2_storage,2030,142,20,20,0.0
3405,h2_storage,2030,142,21,21,0.0
3406,h2_storage,2030,142,22,22,0.0
3407,h2_storage,2030,142,23,23,0.0
3408,h2_storage,2030,142,24,24,0.0
3409,h2_storage,2030,143,1,1,0.0
3410,h2_storage,2030,143,2,2,0.0
3411,h2_storage,2030,143,3,3,0.0
3412,h2_storage,2030,143,4,4,0.0
3413,h2_storage,2030,143,5,5,0.0
3414,h2_storage,2030,143,6,6,0.0
3415,h2_storage,2030,143,7,7,0.0
3416,h2_storage,2030,143,8,8,0.0
3417,h2_storage,2030,143,9,9,0.0
3418,h2_storage,2030,143,10,10,0.0
3419,h2_storage,2030,143,11,11,0.0
3420,h2_storage,2030,143,12,12,0.0
3421,h2_storage,2030,143,13,13,0.0
3422,h2_storage,2030,143,14,14,0.0
3423,h2_storage,2030,143,15,15,0.0
3424,h2_storage,2030,143,16,16,0.0
3425,h2_storage,2030,143,17,17,0.0
3426,h2_storage,2030,143,18,18,0.0
3427,h2_storage,2030,143,19,19,0.0
3428,h2_storage,2030,143,20,20,0.0
3429,h2_storage,2030,143,21,21,0.0
3430,h2_storage,2030,143,22,22,0.0
3431,h2_storage,2030,143,23,23,0.0
3432,h2_storage,2030,143,24,24,0.0
3433,h2_storage,2030,144,1,1,0.0
3434,h2_storage,2030,144,2,2,0.0
3435,h2_storage,2030,144,3,3,0.0
3436,h2_storage,2030,144,4,4,0.0
3437,h2_storage,2030,144,5,5,0.0
3438,h2_storage,2030,144,6,6,0.0
3439,h2_storage,2030,144,7,7,0.0
3440,h2_storage,2030,144,8,8,0.0
3441,h2_storage,2030,144,9,9,0.0
3442,h2_storage,2030,144,10,10,0.0
3443,h2_storage,2030,144,11,11,0.0
3444,h2_storage,2030,144,12,12,0.0
3445,h2_storage,2030,144,13,13,0.0
3446,h2_storage,2030,144,14,14,0.0
3447,h2_storage,2030,144,15,15,0.0
3448,h2_storage,2030,144,16,16,0.0
3449,h2_storage,2030,144,17,17,0.0
3450,h2_storage,2030,144,18,18,0.0
3451,h2_storage,2030,144,19,19,0.0
3452,h2_storage,2030,144,20,20,0.0
3453,h2_storage,2030,144,21,21,0.0
3454,h2_storage,2030,144,22,22,0.0
3455,h2_storage,2030,144,23,23,0.0
3456,h2_storage,2030,144,24,24,0.0
3457,h2_storage,2030,145,1,1,0.01059362580271081
3458,h2_storage,2030,145,2,2,0.02118725160542162
3459,h2_storage,2030,145,3,3,0.03178087740813243
3460,h2_storage,2030,145,4,4,0.04237450321084324
3461,h2_storage,2030,145,5,5,0.05296812901355405
3462,h2_storage,2030,145,6,6,0.06356175481626486
3463,h2_storage,2030,145,7,7,0.07415538061897567
3464,h2_storage,2030,145,8,8,0.08474900642168648
3465,h2_storage,2030,145,9,9,0.09534263222439729
3466,h2_storage,2030,145,10,10,0.09946353639146482
3467,h2_storage,2030,145,11,11,0.09946353639146482
3468,h2_storage,2030,145,12,12,0.09946353639146482
3469,h2_storage,2030,145,13,13,0.09946353639146482
3470,h2_storage,2030,145,14,14,0.08548090480992965
3471,h2_storage,2030,145,15,15,0.04440290701792031
3472,h2_storage,2030,145,16,16,0.04440290701792031
3473,h2_storage,2030,145,17,17,-0.019622865270828974
3474,h2_storage,2030,145,18,18,-0.019622865270828974
3475,h2_storage,2030,145,19,19,-0.019622865270828974
3476,h2_storage,2030,145,20,20,-0.019622865270828974
3477,h2_storage,2030,145,21,21,-0.019622865270828974
3478,h2_storage,2030,145,22,22,-0.019622865270828974
3479,h2_storage,2030,145,23,23,-0.011333200274050315
3480,h2_storage,2030,145,24,24,-0.0007395744713395049
3481,h2_storage,2030,146,1,1,-0.004536356252217025
3482,h2_storage,2030,146,2,2,-0.004536356252217025
3483,h2_storage,2030,146,3,3,-0.004536356252217025
3484,h2_storage,2030,146,4,4,-0.004536356252217025
3485,h2_storage,2030,146,5,5,-0.004536356252217025
3486,h2_storage,2030,146,6,6,-0.004536356252217025
3487,h2_storage,2030,146,7,7,-0.004536356252217025
3488,h2_storage,2030,146,8,8,-0.004536356252217025
3489,h2_storage,2030,146,9,9,-0.004536356252217025
3490,h2_storage,2030,146,10,10,-0.004536356252217025
3491,h2_storage,2030,146,11,11,-0.004536356252217025
3492,h2_storage,2030,146,12,12,-0.004536356252217025
3493,h2_storage,2030,146,13,13,-0.004536356252217025
3494,h2_storage,2030,146,14,14,-0.004536356252217025
3495,h2_storage,2030,146,15,15,-0.004536356252217025
3496,h2_storage,2030,146,16,16,-0.004536356252217025
3497,h2_storage,2030,146,17,17,-0.004536356252217025
3498,h2_storage,2030,146,18,18,-0.004536356252217025
3499,h2_storage,2030,146,19,19,-0.004536356252217025
3500,h2_storage,2030,146,20,20,-0.004536356252217025
3501,h2_storage,2030,146,21,21,-0.004536356252217025
3502,h2_storage,2030,146,22,22,-0.004536356252217025
3503,h2_storage,2030,146,23,23,-0.004536356252217025
3504,h2_storage,2030,146,24,24,-0.004536356252217025
3505,h2_storage,2030,147,1,1,0.0
3506,h2_storage,2030,147,2,2,0.0
3507,h2_storage,2030,147,3,3,0.0
3508,h2_storage,2030,147,4,4,0.0
3509,h2_storage,2030,147,5,5,0.0
3510,h2_storage,2030,147,6,6,0.0
3511,h2_storage,2030,147,7,7,0.0
3512,h2_storage,2030,147,8,8,0.0
3513,h2_storage,2030,147,9,9,0.0
3514,h2_storage,2030,147,10,10,0.0
3515,h2_storage,2030,147,11,11,0.0
3516,h2_storage,2030,147,12,12,0.0
3517,h2_storage,2030,147,13,13,0.0
3518,h2_storage,2030,147,14,14,0.0
3519,h2_storage,2030,147,15,15,0.0
3520,h2_storage,2030,147,16,16,0.0
3521,h2_storage,2030,147,17,17,0.0
3522,h2_storage,2030,147,18,18,0.0
3523,h2_storage,2030,147,19,19,0.0
3524,h2_storage,2030,147,20,20,0.0
3525,h2_storage,2030,147,21,21,0.0
3526,h2_storage,2030,147,22,22,0.0
3527,h2_storage,2030,147,23,23,0.0
3528,h2_storage,2030,147,24,24,0.0
3529,h2_storage,2030,148,1,1,-0.0045794235532831415
3530,h2_storage,2030,148,2,2,-0.0045794235532831415
3531,h2_storage,2030,148,3,3,-0.0045794235532831415
3532,h2_storage,2030,148,4,4,-0.0045794235532831415
3533,h2_storage,2030,148,5,5,-0.0045794235532831415
3534,h2_storage,2030,148,6,6,0.006014202249427668
3535,h2_storage,2030,148,7,7,0.006014202249427668
3536,h2_storage,2030,148,8,8,0.006014202249427668
3537,h2_storage,2030,148,9,9,0.006014202249427668
3538,h2_storage,2030,148,10,10,0.006014202249427668
3539,h2_storage,2030,148,11,11,0.006014202249427668
3540,h2_storage,2030,148,12,12,0.006014202249427668
3541,h2_storage,2030,148,13,13,0.006014202249427668
3542,h2_storage,2030,148,14,14,0.006014202249427668
3543,h2_storage,2030,148,15,15,0.006014202249427668
3544,h2_storage,2030,148,16,16,0.006014202249427668
3545,h2_storage,2030,148,17,17,0.006014202249427668
3546,h2_storage,2030,148,18,18,0.006014202249427668
3547,h2_storage,2030,148,19,19,0.006014202249427668
3548,h2_storage,2030,148,20,20,0.006014202249427668
3549,h2_storage,2030,148,21,21,0.006014202249427668
3550,h2_storage,2030,148,22,22,0.006014202249427668
3551,h2_storage,2030,148,23,23,0.006014202249427668
3552,h2_storage,2030,148,24,24,0.006014202249427668
3553,h2_storage,2030,149,1,1,0.0
3554,h2_storage,2030,149,2,2,0.0
3555,h2_storage,2030,149,3,3,0.0
3556,h2_storage,2030,149,4,4,0.0
3557,h2_storage,2030,149,5,5,0.0
3558,h2_storage,2030,149,6,6,0.0
3559,h2_storage,2030,149,7,7,0.0
3560,h2_storage,2030,149,8,8,0.0
3561,h2_storage,2030,149,9,9,0.0
3562,h2_storage,2030,149,10,10,0.0
3563,h2_storage,2030,149,11,11,0.0
3564,h2_storage,2030,149,12,12,0.0
3565,h2_storage,2030,149,13,13,0.0
3566,h2_storage,2030,149,14,14,0.0
3567,h2_storage,2030,149,15,15,0.0
3568,h2_storage,2030,149,16,16,0.0
3569,h2_storage,2030,149,17,17,0.0
3570,h2_storage,2030,149,18,18,0.0
3571,h2_storage,2030,149,19,19,0.0
3572,h2_storage,2030,149,20,20,0.0
3573,h2_storage,2030,149,21,21,0.0
3574,h2_storage,2030,149,22,22,0.0
3575,h2_storage,2030,149,23,23,0.008482351381709358
3576,h2_storage,2030,149,24,24,0.019075977184420157
3577,h2_storage,2030,150,1,1,0.0
3578,h2_storage,2030,150,2,2,0.0
3579,h2_storage,2030,150,3,3,0.0
3580,h2_storage,2030,150,4,4,0.0
3581,h2_storage,2030,150,5,5,0.0
3582,h2_storage,2030,150,6,6,0.0
3583,h2_storage,2030,150,7,7,0.0
3584,h2_storage,2030,150,8,8,0.0
3585,h2_storage,2030,150,9,9,0.0
3586,h2_storage,2030,150,10,10,0.0
3587,h2_storage,2030,150,11,11,0.0
3588,h2_storage,2030,150,12,12,0.0
3589,h2_storage,2030,150,13,13,0.0
3590,h2_storage,2030,150,14,14,0.0
3591,h2_storage,2030,150,15,15,0.0
3592,h2_storage,2030,150,16,16,0.0
3593,h2_storage,2030,150,17,17,0.0
3594,h2_storage,2030,150,18,18,0.0
3595,h2_storage,2030,150,19,19,0.0
3596,h2_storage,2030,150,20,20,0.0
3597,h2_storage,2030,150,21,21,0.0
3598,h2_storage,2030,150,22,22,0.0
3599,h2_storage,2030,150,23,23,0.0
3600,h2_storage,2030,150,24,24,0.0
3601,h2_storage,2030,151,1,1,0.0
3602,h2_storage,2030,151,2,2,0.0
3603,h2_storage,2030,151,3,3,0.0
3604,h2_storage,2030,151,4,4,0.0
3605,h2_storage,2030,151,5,5,0.0
3606,h2_storage,2030,151,6,6,0.0
3607,h2_storage,2030,151,7,7,0.0
3608,h2_storage,2030,151,8,8,0.0
3609,h2_storage,2030,151,9,9,0.0
3610,h2_storage,2030,151,10,10,0.0
3611,h2_storage,2030,151,11,11,0.0
3612,h2_storage,2030,151,12,12,0.0
3613,h2_storage,2030,151,13,13,0.0
3614,h2_storage,2030,151,14,14,0.0
3615,h2_storage,2030,151,15,15,0.0
3616,h2_storage,2030,151,16,16,0.0
3617,h2_storage,2030,151,17,17,0.0
3618,h2_storage,2030,151,18,18,0.0
3619,h2_storage,2030,151,19,19,0.0
3620,h2_storage,2030,151,20,20,0.0
3621,h2_storage,2030,151,21,21,0.0
3622,h2_storage,2030,151,22,22,0.0
3623,h2_storage,2030,151,23,23,0.0
3624,h2_storage,2030,151,24,24,0.0
3625,h2_storage,2030,152,1,1,0.0
3626,h2_storage,2030,152,2,2,0.0
3627,h2_storage,2030,152,3,3,0.0
3628,h2_storage,2030,152,4,4,0.0
3629,h2_storage,2030,152,5,5,0.0
3630,h2_storage,2030,152,6,6,0.0
3631,h2_storage,2030,152,7,7,0.0
3632,h2_storage,2030,152,8,8,0.0
3633,h2_storage,2030,152,9,9,0.0
3634,h2_storage,2030,152,10,10,0.0
3635,h2_storage,2030,152,11,11,0.0
3636,h2_storage,2030,152,12,12,0.0
3637,h2_storage,2030,152,13,13,0.0
3638,h2_storage,2030,152,14,14,0.0
3639,h2_storage,2030,152,15,15,0.0
3640,h2_storage,2030,152,16,16,0.0
3641,h2_storage,2030,152,17,17,0.0
3642,h2_storage,2030,152,18,18,0.0
3643,h2_storage,2030,152,19,19,0.0
3644,h2_storage,2030,152,20,20,0.0
3645,h2_storage,2030,152,21,21,0.0
3646,h2_storage,2030,152,22,22,0.0
3647,h2_storage,2030,152,23,23,0.0
3648,h2_storage,2030,152,24,24,0.0
3649,h2_storage,2030,153,1,1,0.0
3650,h2_storage,2030,153,2,2,0.0
3651,h2_storage,2030,153,3,3,0.0
3652,h2_storage,2030,153,4,4,0.0
3653,h2_storage,2030,153,5,5,0.0
3654,h2_storage,2030,153,6,6,0.0
3655,h2_storage,2030,153,7,7,0.0
3656,h2_storage,2030,153,8,8,0.0
3657,h2_storage,2030,153,9,9,0.0
3658,h2_storage,2030,153,10,10,0.0
3659,h2_storage,2030,153,11,11,0.0
3660,h2_storage,2030,153,12,12,0.0
3661,h2_storage,2030,153,13,13,0.0
3662,h2_storage,2030,153,14,14,0.0
3663,h2_storage,2030,153,15,15,0.0
3664,h2_storage,2030,153,16,16,0.0
3665,h2_storage,2030,153,17,17,0.0
3666,h2_storage,2030,153,18,18,0.0
3667,h2_storage,2030,153,19,19,0.0
3668,h2_storage,2030,153,20,20,0.0
3669,h2_storage,2030,153,21,21,0.0
3670,h2_storage,2030,153,22,22,0.0
3671,h2_storage,2030,153,23,23,0.0
3672,h2_storage,2030,153,24,24,0.0
3673,h2_storage,2030,154,1,1,0.0
3674,h2_storage,2030,154,2,2,0.0
3675,h2_storage,2030,154,3,3,0.0
3676,h2_storage,2030,154,4,4,0.0
3677,h2_storage,2030,154,5,5,0.0
3678,h2_storage,2030,154,6,6,0.0
3679,h2_storage,2030,154,7,7,0.0
3680,h2_storage,2030,154,8,8,0.0
3681,h2_storage,2030,154,9,9,0.0
3682,h2_storage,2030,154,10,10,0.0
3683,h2_storage,2030,154,11,11,0.0
3684,h2_storage,2030,154,12,12,0.0
3685,h2_storage,2030,154,13,13,0.0
3686,h2_storage,2030,154,14,14,0.0
3687,h2_storage,2030,154,15,15,0.0
3688,h2_storage,2030,154,16,16,0.0
3689,h2_storage,2030,154,17,17,0.0
3690,h2_storage,2030,154,18,18,0.0
3691,h2_storage,2030,154,19,19,0.0
3692,h2_storage,2030,154,20,20,0.0
3693,h2_storage,2030,154,21,21,0.0
3694,h2_storage,2030,154,22,22,0.0
3695,h2_storage,2030,154,23,23,0.0
3696,h2_storage,2030,154,24,24,0.0
3697,h2_storage,2030,155,1,1,0.0
3698,h2_storage,2030,155,2,2,0.0
3699,h2_storage,2030,155,3,3,0.0
3700,h2_storage,2030,155,4,4,0.0
3701,h2_storage,2030,155,5,5,0.0
3702,h2_storage,2030,155,6,6,0.0
3703,h2_storage,2030,155,7,7,0.0
3704,h2_storage,2030,155,8,8,0.0
3705,h2_storage,2030,155,9,9,0.0
3706,h2_storage,2030,155,10,10,0.0
3707,h2_storage,2030,155,11,11,0.0
3708,h2_storage,2030,155,12,12,0.0
3709,h2_storage,2030,155,13,13,0.0
3710,h2_storage,2030,155,14,14,0.0
3711,h2_storage,2030,155,15,15,0.0
3712,h2_storage,2030,155,16,16,0.0
3713,h2_storage,2030,155,17,17,0.0
3714,h2_storage,2030,155,18,18,0.0
3715,h2_storage,2030,155,19,19,0.0
3716,h2_storage,2030,155,20,20,0.0
3717,h2_storage,2030,155,21,21,0.0
3718,h2_storage,2030,155,22,22,0.0
3719,h2_storage,2030,155,23,23,0.0
3720,h2_storage,2030,155,24,24,0.0
3721,h2_storage,2030,156,1,1,0.0
3722,h2_storage,2030,156,2,2,0.0
3723,h2_storage,2030,156,3,3,0.0
3724,h2_storage,2030,156,4,4,0.0
3725,h2_storage,2030,156,5,5,0.0
3726,h2_storage,2030,156,6,6,0.0
3727,h2_storage,2030,156,7,7,0.0
3728,h2_storage,2030,156,8,8,0.0
3729,h2_storage,2030,156,9,9,0.0
3730,h2_storage,2030,156,10,10,0.0
3731,h2_storage,2030,156,11,11,0.0
3732,h2_storage,2030,156,12,12,0.0
3733,h2_storage,2030,156,13,13,0.0
3734,h2_storage,2030,156,14,14,0.0
3735,h2_storage,2030,156,15,15,0.0
3736,h2_storage,2030,156,16,16,0.0
3737,h2_storage,2030,156,17,17,0.0
3738,h2_storage,2030,156,18,18,0.0
3739,h2_storage,2030,156,19,19,0.0
3740,h2_storage,2030,156,20,20,0.0
3741,h2_storage,2030,156,21,21,0.0
3742,h2_storage,2030,156,22,22,0.0
3743,h2_storage,2030,156,23,23,0.0
3744,h2_storage,2030,156,24,24,0.0
3745,h2_storage,2030,157,1,1,-0.006073255893921459
3746,h2_storage,2030,157,2,2,-0.006073255893921459
3747,h2_storage,2030,157,3,3,-0.006073255893921459
3748,h2_storage,2030,157,4,4,-0.006073255893921459
3749,h2_storage,2030,157,5,5,-0.006073255893921459
3750,h2_storage,2030,157,6,6,-0.006073255893921459
3751,h2_storage,2030,157,7,7,-0.006073255893921459
3752,h2_storage,2030,157,8,8,-0.006073255893921459
3753,h2_storage,2030,157,9,9,-0.006073255893921459
3754,h2_storage,2030,157,10,10,-0.006073255893921459
3755,h2_storage,2030,157,11,11,-0.006073255893921459
3756,h2_storage,2030,157,12,12,-0.006073255893921459
3757,h2_storage,2030,157,13,13,-0.006073255893921459
3758,h2_storage,2030,157,14,14,-0.006073255893921459
3759,h2_storage,2030,157,15,15,-0.006073255893921459
3760,h2_storage,2030,157,16,16,-0.006073255893921459
3761,h2_storage,2030,157,17,17,-0.006073255893921459
3762,h2_storage,2030,157,18,18,-0.006073255893921459
3763,h2_storage,2030,157,19,19,-0.006073255893921459
3764,h2_storage,2030,157,20,20,-0.006073255893921459
3765,h2_storage,2030,157,21,21,-0.006073255893921459
3766,h2_storage,2030,157,22,22,-0.006073255893921459
3767,h2_storage,2030,157,23,23,-0.006073255893921459
3768,h2_storage,2030,157,24,24,-0.006073255893921459
3769,h2_storage,2030,158,1,1,0.0
3770,h2_storage,2030,158,2,2,0.0
3771,h2_storage,2030,158,3,3,0.0
3772,h2_storage,2030,158,4,4,0.0
3773,h2_storage,2030,158,5,5,0.0
3774,h2_storage,2030,158,6,6,0.0
3775,h2_storage,2030,158,7,7,0.0
3776,h2_storage,2030,158,8,8,0.0
3777,h2_storage,2030,158,9,9,0.0
3778,h2_storage,2030,158,10,10,0.0
3779,h2_storage,2030,158,11,11,0.0
3780,h2_storage,2030,158,12,12,0.0
3781,h2_storage,2030,158,13,13,0.0
3782,h2_storage,2030,158,14,14,0.0
3783,h2_storage,2030,158,15,15,0.0
3784,h2_storage,2030,158,16,16,0.0
3785,h2_storage,2030,158,17,17,0.0
3786,h2_storage,2030,158,18,18,0.0
3787,h2_storage,2030,158,19,19,0.0
3788,h2_storage,2030,158,20,20,0.0
3789,h2_storage,2030,158,21,21,-0.012479543737653389
3790,h2_storage,2030,158,22,22,-0.012479543737653389
3791,h2_storage,2030,158,23,23,-0.012479543737653389
3792,h2_storage,2030,158,24,24,-0.0018859179349425853
3793,h2_storage,2030,159,1,1,0.0
3794,h2_storage,2030,159,2,2,0.0
3795,h2_storage,2030,159,3,3,0.0
3796,h2_storage,2030,159,4,4,0.0
3797,h2_storage,2030,159,5,5,0.0
3798,h2_storage,2030,159,6,6,0.0
3799,h2_storage,2030,159,7,7,0.0
3800,h2_storage,2030,159,8,8,0.0
3801,h2_storage,2030,159,9,9,0.0
3802,h2_storage,2030,159,10,10,0.0
3803,h2_storage,2030,159,11,11,0.0
3804,h2_storage,2030,159,12,12,0.0
3805,h2_storage,2030,159,13,13,0.0
3806,h2_storage,2030,159,14,14,0.0
3807,h2_storage,2030,159,15,15,0.0
3808,h2_storage,2030,159,16,16,0.0
3809,h2_storage,2030,159,17,17,0.0
3810,h2_storage,2030,159,18,18,0.0
3811,h2_storage,2030,159,19,19,0.0
3812,h2_storage,2030,159,20,20,0.0
3813,h2_storage,2030,159,21,21,0.0
3814,h2_storage,2030,159,22,22,0.0
3815,h2_storage,2030,159,23,23,0.01059362580271081
3816,h2_storage,2030,159,24,24,0.021187251605421616
3817,h2_storage,2030,160,1,1,0.01059362580271081
3818,h2_storage,2030,160,2,2,0.02118725160542162
3819,h2_storage,2030,160,3,3,0.03178087740813243
3820,h2_storage,2030,160,4,4,0.04237450321084324
3821,h2_storage,2030,160,5,5,0.04237450321084324
3822,h2_storage,2030,160,6,6,0.04237450321084324
3823,h2_storage,2030,160,7,7,0.04237450321084324
3824,h2_storage,2030,160,8,8,0.04237450321084324
3825,h2_storage,2030,160,9,9,0.04237450321084324
3826,h2_storage,2030,160,10,10,0.04237450321084324
3827,h2_storage,2030,160,11,11,0.04237450321084324
3828,h2_storage,2030,160,12,12,0.04237450321084324
3829,h2_storage,2030,160,13,13,0.04237450321084324
3830,h2_storage,2030,160,14,14,0.04237450321084324
3831,h2_storage,2030,160,15,15,0.023773806667258254
3832,h2_storage,2030,160,16,16,0.023773806667258254
3833,h2_storage,2030,160,17,17,0.023773806667258254
3834,h2_storage,2030,160,18,18,0.023773806667258254
3835,h2_storage,2030,160,19,19,0.023773806667258254
3836,h2_storage,2030,160,20,20,0.023773806667258254
3837,h2_storage,2030,160,21,21,0.023773806667258254
3838,h2_storage,2030,160,22,22,0.023773806667258254
3839,h2_storage,2030,160,23,23,0.023773806667258254
3840,h2_storage,2030,160,24,24,0.023773806667258254
3841,h2_storage,2030,161,1,1,0.0
3842,h2_storage,2030,161,2,2,0.0
3843,h2_storage,2030,161,3,3,0.0
3844,h2_storage,2030,161,4,4,0.0
3845,h2_storage,2030,161,5,5,0.0
3846,h2_storage,2030,161,6,6,0.0
3847,h2_storage,2030,161,7,7,0.0
3848,h2_storage,2030,161,8,8,0.0
3849,h2_storage,2030,161,9,9,0.0
3850,h2_storage,2030,161,10,10,0.0
3851,h2_storage,2030,161,11,11,-0.046557352531043684
3852,h2_storage,2030,161,12,12,-0.046557352531043684
3853,h2_storage,2030,161,13,13,-0.046557352531043684
3854,h2_storage,2030,161,14,14,-0.046557352531043684
3855,h2_storage,2030,161,15,15,-0.046557352531043684
3856,h2_storage,2030,161,16,16,-0.046557352531043684
3857,h2_storage,2030,161,17,17,-0.046557352531043684
3858,h2_storage,2030,161,18,18,-0.046557352531043684
3859,h2_storage,2030,161,19,19,-0.046557352531043684
3860,h2_storage,2030,161,20,20,-0.046557352531043684
3861,h2_storage,2030,161,21,21,-0.04586498148020868
3862,h2_storage,2030,161,22,22,-0.03527135567749787
3863,h2_storage,2030,161,23,23,-0.03527135567749787
3864,h2_storage,2030,161,24,24,-0.03278713197527065
3865,h2_storage,2030,162,1,1,0.0
3866,h2_storage,2030,162,2,2,0.0
3867,h2_storage,2030,162,3,3,0.0
3868,h2_storage,2030,162,4,4,0.0
3869,h2_storage,2030,162,5,5,0.0
3870,h2_storage,2030,162,6,6,0.0
3871,h2_storage,2030,162,7,7,0.0
3872,h2_storage,2030,162,8,8,0.0
3873,h2_storage,2030,162,9,9,0.0
3874,h2_storage,2030,162,10,10,0.0
3875,h2_storage,2030,162,11,11,0.0
3876,h2_storage,2030,162,12,12,0.0
3877,h2_storage,2030,162,13,13,0.0
3878,h2_storage,2030,162,14,14,0.0
3879,h2_storage,2030,162,15,15,0.0
3880,h2_storage,2030,162,16,16,0.0
3881,h2_storage,2030,162,17,17,0.0
3882,h2_storage,2030,162,18,18,0.0
3883,h2_storage,2030,162,19,19,0.0
3884,h2_storage,2030,162,20,20,0.0
3885,h2_storage,2030,162,21,21,0.0
3886,h2_storage,2030,162,22,22,0.0
3887,h2_storage,2030,162,23,23,0.0
3888,h2_storage,2030,162,24,24,0.0
3889,h2_storage,2030,163,1,1,0.0
3890,h2_storage,2030,163,2,2,0.0
3891,h2_storage,2030,163,3,3,0.0
3892,h2_storage,2030,163,4,4,0.0
3893,h2_storage,2030,163,5,5,0.0
3894,h2_storage,2030,163,6,6,0.0
3895,h2_storage,2030,163,7,7,0.0
3896,h2_storage,2030,163,8,8,0.0
3897,h2_storage,2030,163,9,9,0.0
3898,h2_storage,2030,163,10,10,0.0
3899,h2_storage,2030,163,11,11,0.0
3900,h2_storage,2030,163,12,12,0.0
3901,h2_storage,2030,163,13,13,0.0
3902,h2_storage,2030,163,14,14,0.0
3903,h2_storage,2030,163,15,15,0.0
3904,h2_storage,2030,163,16,16,0.0
3905,h2_storage,2030,163,17,17,0.0
3906,h2_storage,2030,163,18,18,0.0
3907,h2_storage,2030,163,19,19,0.0
3908,h2_storage,2030,163,20,20,0.0
3909,h2_storage,2030,163,21,21,0.0
3910,h2_storage,2030,163,22,22,0.0
3911,h2_storage,2030,163,23,23,0.0
3912,h2_storage,2030,163,24,24,0.0
3913,h2_storage,2030,164,1,1,0.0
3914,h2_storage,2030,164,2,2,0.0
3915,h2_storage,2030,164,3,3,0.0
3916,h2_storage,2030,164,4,4,0.0
3917,h2_storage,2030,164,5,5,0.0
3918,h2_storage,2030,164,6,6,0.0
3919,h2_storage,2030,164,7,7,0.0
3920,h2_storage,2030,164,8,8,0.0
3921,h2_storage,2030,164,9,9,0.0
3922,h2_storage,2030,164,10,10,0.0
3923,h2_storage,2030,164,11,11,0.0
3924,h2_storage,2030,164,12,12,0.0
3925,h2_storage,2030,164,13,13,0.0
3926,h2_storage,2030,164,14,14,0.0
3927,h2_storage,2030,164,15,15,0.0
3928,h2_storage,2030,164,16,16,0.0
3929,h2_storage,2030,164,17,17,0.0
3930,h2_storage,2030,164,18,18,0.0
3931,h2_storage,2030,164,19,19,0.0
3932,h2_storage,2030,164,20,20,0.0
3933,h2_storage,2030,164,21,21,0.0
3934,h2_storage,2030,164,22,22,0.0
3935,h2_storage,2030,164,23,23,0.0
3936,h2_storage,2030,164,24,24,0.0
3937,h2_storage,2030,165,1,1,0.0
3938,h2_storage,2030,165,2,2,0.0
3939,h2_storage,2030,165,3,3,0.0
3940,h2_storage,2030,165,4,4,0.0
3941,h2_storage,2030,165,5,5,0.0
3942,h2_storage,2030,165,6,6,0.0
3943,h2_storage,2030,165,7,7,0.0
3944,h2_storage,2030,165,8,8,0.0
3945,h2_storage,2030,165,9,9,0.0
3946,h2_storage,2030,165,10,10,0.0
3947,h2_storage,2030,165,11,11,0.0
3948,h2_storage,2030,165,12,12,0.0
3949,h2_storage,2030,165,13,13,0.0
3950,h2_storage,2030,165,14,14,0.0
3951,h2_storage,2030,165,15,15,0.0
3952,h2_storage,2030,165,16,16,0.0
3953,h2_storage,2030,165,17,17,0.0
3954,h2_storage,2030,165,18,18,0.0
3955,h2_storage,2030,165,19,19,0.0
3956,h2_storage,2030,165,20,20,0.0
3957,h2_storage,2030,165,21,21,0.0
3958,h2_storage,2030,165,22,22,0.0
3959,h2_storage,2030,165,23,23,0.0
3960,h2_storage,2030,165,24,24,0.0
3961,h2_storage,2030,166,1,1,0.01059362580271081
3962,h2_storage,2030,166,2,2,0.02118725160542162
3963,h2_storage,2030,166,3,3,0.03178087740813243
3964,h2_storage,2030,166,4,4,0.04237450321084324
3965,h2_storage,2030,166,5,5,0.05296812901355405
3966,h2_storage,2030,166,6,6,0.06356175481626487
3967,h2_storage,2030,166,7,7,0.017341490065507916
3968,h2_storage,2030,166,8,8,0.017341490065507916
3969,h2_storage,2030,166,9,9,0.017341490065507916
3970,h2_storage,2030,166,10,10,0.017341490065507916
3971,h2_storage,2030,166,11,11,0.017341490065507916
3972,h2_storage,2030,166,12,12,0.017341490065507916
3973,h2_storage,2030,166,13,13,0.017341490065507916
3974,h2_storage,2030,166,14,14,0.017341490065507916
3975,h2_storage,2030,166,15,15,0.017341490065507916
3976,h2_storage,2030,166,16,16,0.017341490065507916
3977,h2_storage,2030,166,17,17,0.017341490065507916
3978,h2_storage,2030,166,18,18,0.017341490065507916
3979,h2_storage,2030,166,19,19,0.017341490065507916
3980,h2_storage,2030,166,20,20,0.017341490065507916
3981,h2_storage,2030,166,21,21,0.017341490065507916
3982,h2_storage,2030,166,22,22,0.017341490065507916
3983,h2_storage,2030,166,23,23,0.017341490065507916
3984,h2_storage,2030,166,24,24,0.017341490065507916
3985,h2_storage,2030,167,1,1,0.0
3986,h2_storage,2030,167,2,2,0.0
3987,h2_storage,2030,167,3,3,0.0
3988,h2_storage,2030,167,4,4,0.0
3989,h2_storage,2030,167,5,5,0.0
3990,h2_storage,2030,167,6,6,0.0
3991,h2_storage,2030,167,7,7,0.0
3992,h2_storage,2030,167,8,8,0.0
3993,h2_storage,2030,167,9,9,0.0
3994,h2_storage,2030,167,10,10,0.0
3995,h2_storage,2030,167,11,11,0.0
3996,h2_storage,2030,167,12,12,0.0
3997,h2_storage,2030,167,13,13,0.0
3998,h2_storage,2030,167,14,14,0.0
3999,h2_storage,2030,167,15,15,0.0
4000,h2_storage,2030,167,16,16,0.0
4001,h2_storage,2030,167,17,17,0.0
4002,h2_storage,2030,167,18,18,0.0
4003,h2_storage,2030,167,19,19,0.0
4004,h2_storage,2030,167,20,20,0.0
4005,h2_storage,2030,167,21,21,0.0
4006,h2_storage,2030,167,22,22,-0.014989325694726434
4007,h2_storage,2030,167,23,23,-0.014989325694726434
4008,h2_storage,2030,167,24,24,-0.014989325694726434
4009,h2_storage,2030,168,1,1,0.0
4010,h2_storage,2030,168,2,2,0.0
4011,h2_storage,2030,168,3,3,0.0
4012,h2_storage,2030,168,4,4,0.0
4013,h2_storage,2030,168,5,5,0.0
4014,h2_storage,2030,168,6,6,0.0
4015,h2_storage,2030,168,7,7,0.0
4016,h2_storage,2030,168,8,8,0.0
4017,h2_storage,2030,168,9,9,0.0
4018,h2_storage,2030,168,10,10,0.0
4019,h2_storage,2030,168,11,11,0.0
4020,h2_storage,2030,168,12,12,0.0
4021,h2_storage,2030,168,13,13,0.0
4022,h2_storage,2030,168,14,14,0.0
4023,h2_storage,2030,168,15,15,0.0
4024,h2_storage,2030,168,16,16,0.0
4025,h2_storage,2030,168,17,17,0.0
4026,h2_storage,2030,168,18,18,0.0
4027,h2_storage,2030,168,19,19,0.0
4028,h2_storage,2030,168,20,20,0.0
4029,h2_storage,2030,168,21,21,0.0
4030,h2_storage,2030,168,22,22,0.0
4031,h2_storage,2030,168,23,23,0.0
4032,h2_storage,2030,168,24,24,0.0
4033,h2_storage,2030,169,1,1,-0.019770906352295607
4034,h2_storage,2030,169,2,2,-0.019770906352295607
4035,h2_storage,2030,169,3,3,-0.019770906352295607
4036,h2_storage,2030,169,4,4,-0.019770906352295607
4037,h2_storage,2030,169,5,5,-0.019770906352295607
4038,h2_storage,2030,169,6,6,-0.009177280549584804
4039,h2_storage,2030,169,7,7,0.0014163452531260109
4040,h2_storage,2030,169,8,8,0.0014163452531260109
4041,h2_storage,2030,169,9,9,0.0014163452531260109
4042,h2_storage,2030,169,10,10,0.0014163452531260109
4043,h2_storage,2030,169,11,11,0.0014163452531260109
4044,h2_storage,2030,169,12,12,0.0014163452531260109
4045,h2_storage,2030,169,13,13,0.0014163452531260109
4046,h2_storage,2030,169,14,14,0.0014163452531260109
4047,h2_storage,2030,169,15,15,0.0014163452531260109
4048,h2_storage,2030,169,16,16,0.0014163452531260109
4049,h2_storage,2030,169,17,17,0.0014163452531260109
4050,h2_storage,2030,169,18,18,0.0014163452531260109
4051,h2_storage,2030,169,19,19,0.0014163452531260109
4052,h2_storage,2030,169,20,20,0.0014163452531260109
4053,h2_storage,2030,169,21,21,0.0014163452531260109
4054,h2_storage,2030,169,22,22,0.0014163452531260109
4055,h2_storage,2030,169,23,23,0.0014163452531260109
4056,h2_storage,2030,169,24,24,0.0014163452531260109
4057,h2_storage,2030,170,1,1,-0.014292955445476752
4058,h2_storage,2030,170,2,2,-0.014292955445476752
4059,h2_storage,2030,170,3,3,-0.014292955445476752
4060,h2_storage,2030,170,4,4,-0.014292955445476752
4061,h2_storage,2030,170,5,5,-0.014292955445476752
4062,h2_storage,2030,170,6,6,-0.014292955445476752
4063,h2_storage,2030,170,7,7,-0.014292955445476752
4064,h2_storage,2030,170,8,8,-0.014292955445476752
4065,h2_storage,2030,170,9,9,-0.014292955445476752
4066,h2_storage,2030,170,10,10,-0.014292955445476752
4067,h2_storage,2030,170,11,11,-0.014292955445476752
4068,h2_storage,2030,170,12,12,-0.014292955445476752
4069,h2_storage,2030,170,13,13,-0.014292955445476752
4070,h2_storage,2030,170,14,14,-0.014292955445476752
4071,h2_storage,2030,170,15,15,-0.014292955445476752
4072,h2_storage,2030,170,16,16,-0.014292955445476752
4073,h2_storage,2030,170,17,17,-0.014292955445476752
4074,h2_storage,2030,170,18,18,-0.014292955445476752
4075,h2_storage,2030,170,19,19,-0.014292955445476752
4076,h2_storage,2030,170,20,20,-0.014292955445476752
4077,h2_storage,2030,170,21,21,-0.014292955445476752
4078,h2_storage,2030,170,22,22,-0.014292955445476752
4079,h2_storage,2030,170,23,23,-0.014292955445476771
4080,h2_storage,2030,170,24,24,-0.014292955445476771
4081,h2_storage,2030,171,1,1,0.01059362580271081
4082,h2_storage,2030,171,2,2,0.02118725160542162
4083,h2_storage,2030,171,3,3,0.031780877408132416
4084,h2_storage,2030,171,4,4,0.03617029340105518
4085,h2_storage,2030,171,5,5,0.03617029340105518
4086,h2_storage,2030,171,6,6,0.03617029340105518
4087,h2_storage,2030,171,7,7,0.03617029340105518
4088,h2_storage,2030,171,8,8,0.03617029340105518
4089,h2_storage,2030,171,9,9,0.03617029340105518
4090,h2_storage,2030,171,10,10,0.03617029340105518
4091,h2_storage,2030,171,11,11,0.03617029340105518
4092,h2_storage,2030,171,12,12,0.03617029340105518
4093,h2_storage,2030,171,13,13,0.03617029340105518
4094,h2_storage,2030,171,14,14,0.03617029340105518
4095,h2_storage,2030,171,15,15,0.03617029340105518
4096,h2_storage,2030,171,16,16,0.03617029340105518
4097,h2_storage,2030,171,17,17,0.03617029340105518
4098,h2_storage,2030,171,18,18,0.03617029340105518
4099,h2_storage,2030,171,19,19,0.03617029340105518
4100,h2_storage,2030,171,20,20,0.03617029340105518
4101,h2_storage,2030,171,21,21,0.03617029340105518
4102,h2_storage,2030,171,22,22,0.03617029340105518
4103,h2_storage,2030,171,23,23,0.03617029340105518
4104,h2_storage,2030,171,24,24,0.03617029340105518
4105,h2_storage,2030,172,1,1,0.0
4106,h2_storage,2030,172,2,2,0.0
4107,h2_storage,2030,172,3,3,0.0
4108,h2_storage,2030,172,4,4,0.0
4109,h2_storage,2030,172,5,5,0.0
4110,h2_storage,2030,172,6,6,0.0
4111,h2_storage,2030,172,7,7,0.0
4112,h2_storage,2030,172,8,8,0.0
4113,h2_storage,2030,172,9,9,0.0
4114,h2_storage,2030,172,10,10,0.0
4115,h2_storage,2030,172,11,11,0.0
4116,h2_storage,2030,172,12,12,0.0
4117,h2_storage,2030,172,13,13,0.0
4118,h2_storage,2030,172,14,14,0.0
4119,h2_storage,2030,172,15,15,0.0
4120,h2_storage,2030,172,16,16,0.0
4121,h2_storage,2030,172,17,17,0.0
4122,h2_storage,2030,172,18,18,0.0
4123,h2_storage,2030,172,19,19,0.0
4124,h2_storage,2030,172,20,20,0.0
4125,h2_storage,2030,172,21,21,0.0
4126,h2_storage,2030,172,22,22,0.0
4127,h2_storage,2030,172,23,23,0.0
4128,h2_storage,2030,172,24,24,0.0
4129,h2_storage,2030,173,1,1,0.0
4130,h2_storage,2030,173,2,2,0.0
4131,h2_storage,2030,173,3,3,0.0
4132,h2_storage,2030,173,4,4,0.0
4133,h2_storage,2030,173,5,5,0.0
4134,h2_storage,2030,173,6,6,0.0
4135,h2_storage,2030,173,7,7,0.0
4136,h2_storage,2030,173,8,8,0.0
4137,h2_storage,2030,173,9,9,0.0
4138,h2_storage,2030,173,10,10,0.0
4139,h2_storage,2030,173,11,11,0.0
4140,h2_storage,2030,173,12,12,0.0
4141,h2_storage,2030,173,13,13,0.0
4142,h2_storage,2030,173,14,14,0.0
4143,h2_storage,2030,173,15,15,0.0
4144,h2_storage,2030,173,16,16,0.0
4145,h2_storage,2030,173,17,17,0.0
4146,h2_storage,2030,173,18,18,0.0
4147,h2_storage,2030,173,19,19,0.0
4148,h2_storage,2030,173,20,20,0.0
4149,h2_storage,2030,173,21,21,0.0
4150,h2_storage,2030,173,22,22,0.0
4151,h2_storage,2030,173,23,23,0.0
4152,h2_storage,2030,173,24,24,0.0
4153,h2_storage,2030,174,1,1,0.0
4154,h2_storage,2030,174,2,2,0.0
4155,h2_storage,2030,174,3,3,0.0
4156,h2_storage,2030,174,4,4,0.0
4157,h2_storage,2030,174,5,5,0.0
4158,h2_storage,2030,174,6,6,0.0
4159,h2_storage,2030,174,7,7,0.0
4160,h2_storage,2030,174,8,8,0.0
4161,h2_storage,2030,174,9,9,0.0
4162,h2_storage,2030,174,10,10,0.0
4163,h2_storage,2030,174,11,11,0.0
4164,h2_storage,2030,174,12,12,0.0
4165,h2_storage,2030,174,13,13,0.0
4166,h2_storage,2030,174,14,14,0.0
4167,h2_storage,2030,174,15,15,0.0
4168,h2_storage,2030,174,16,16,0.0
4169,h2_storage,2030,174,17,17,0.0
4170,h2_storage,2030,174,18,18,0.0
4171,h2_storage,2030,174,19,19,0.0
4172,h2_storage,2030,174,20,20,0.0
4173,h2_storage,2030,174,21,21,0.0
4174,h2_storage,2030,174,22,22,0.0
4175,h2_storage,2030,174,23,23,0.0
4176,h2_storage,2030,174,24,24,0.0
4177,h2_storage,2030,175,1,1,0.0
4178,h2_storage,2030,175,2,2,0.0
4179,h2_storage,2030,175,3,3,0.0
4180,h2_storage,2030,175,4,4,0.0
4181,h2_storage,2030,175,5,5,0.0
4182,h2_storage,2030,175,6,6,0.0
4183,h2_storage,2030,175,7,7,0.0
4184,h2_storage,2030,175,8,8,0.0
4185,h2_storage,2030,175,9,9,0.0
4186,h2_storage,2030,175,10,10,0.0
4187,h2_storage,2030,175,11,11,0.0
4188,h2_storage,2030,175,12,12,0.0
4189,h2_storage,2030,175,13,13,0.0
4190,h2_storage,2030,175,14,14,0.0
4191,h2_storage,2030,175,15,15,0.0
4192,h2_storage,2030,175,16,16,0.0
4193,h2_storage,2030,175,17,17,0.0
4194,h2_storage,2030,175,18,18,0.0
4195,h2_storage,2030,175,19,19,0.0
4196,h2_storage,2030,175,20,20,0.0
4197,h2_storage,2030,175,21,21,0.0
4198,h2_storage,2030,175,22,22,0.0
4199,h2_storage,2030,175,23,23,0.0
4200,h2_storage,2030,175,24,24,0.0
4201,h2_storage,2030,176,1,1,-0.006304610314109004
4202,h2_storage,2030,176,2,2,-0.006304610314109004
4203,h2_storage,2030,176,3,3,-0.006304610314109004
4204,h2_storage,2030,176,4,4,-0.006304610314109004
4205,h2_storage,2030,176,5,5,-0.006304610314109004
4206,h2_storage,2030,176,6,6,-0.006304610314109004
4207,h2_storage,2030,176,7,7,-0.006304610314109004
4208,h2_storage,2030,176,8,8,-0.006304610314109004
4209,h2_storage,2030,176,9,9,-0.006304610314109004
4210,h2_storage,2030,176,10,10,-0.006304610314109004
4211,h2_storage,2030,176,11,11,-0.006304610314109004
4212,h2_storage,2030,176,12,12,-0.006304610314109004
4213,h2_storage,2030,176,13,13,-0.006304610314109004
4214,h2_storage,2030,176,14,14,-0.006304610314109004
4215,h2_storage,2030,176,15,15,-0.006304610314109004
4216,h2_storage,2030,176,16,16,-0.006304610314109004
4217,h2_storage,2030,176,17,17,-0.006304610314109004
4218,h2_storage,2030,176,18,18,-0.006304610314109004
4219,h2_storage,2030,176,19,19,-0.006304610314109004
4220,h2_storage,2030,176,20,20,-0.006304610314109004
4221,h2_storage,2030,176,21,21,-0.006304610314109004
4222,h2_storage,2030,176,22,22,-0.006304610314109004
4223,h2_storage,2030,176,23,23,-0.006304610314109004
4224,h2_storage,2030,176,24,24,-0.006304610314109004
4225,h2_storage,2030,177,1,1,0.0
4226,h2_storage,2030,177,2,2,0.0
4227,h2_storage,2030,177,3,3,0.0
4228,h2_storage,2030,177,4,4,0.0
4229,h2_storage,2030,177,5,5,0.0
4230,h2_storage,2030,177,6,6,0.0
4231,h2_storage,2030,177,7,7,0.0
4232,h2_storage,2030,177,8,8,0.0
4233,h2_storage,2030,177,9,9,0.0
4234,h2_storage,2030,177,10,10,0.0
4235,h2_storage,2030,177,11,11,0.0
4236,h2_storage,2030,177,12,12,0.0
4237,h2_storage,2030,177,13,13,0.0
4238,h2_storage,2030,177,14,14,0.0
4239,h2_storage,2030,177,15,15,0.0
4240,h2_storage,2030,177,16,16,0.0
4241,h2_storage,2030,177,17,17,0.0
4242,h2_storage,2030,177,18,18,0.0
4243,h2_storage,2030,177,19,19,0.0
4244,h2_storage,2030,177,20,20,0.0
4245,h2_storage,2030,177,21,21,0.0
4246,h2_storage,2030,177,22,22,0.0
4247,h2_storage,2030,177,23,23,0.0
4248,h2_storage,2030,177,24,24,0.0
4249,h2_storage,2030,178,1,1,0.0
4250,h2_storage,2030,178,2,2,0.0
4251,h2_storage,2030,178,3,3,0.0
4252,h2_storage,2030,178,4,4,0.0
4253,h2_storage,2030,178,5,5,0.0
4254,h2_storage,2030,178,6,6,0.0
4255,h2_storage,2030,178,7,7,0.0
4256,h2_storage,2030,178,8,8,0.0
4257,h2_storage,2030,178,9,9,0.0
4258,h2_storage,2030,178,10,10,0.0
4259,h2_storage,2030,178,11,11,0.0
4260,h2_storage,2030,178,12,12,0.0
4261,h2_storage,2030,178,13,13,0.0
4262,h2_storage,2030,178,14,14,0.0
4263,h2_storage,2030,178,15,15,0.0
4264,h2_storage,2030,178,16,16,0.0
4265,h2_storage,2030,178,17,17,0.0
4266,h2_storage,2030,178,18,18,0.0
4267,h2_storage,2030,178,19,19,0.0
4268,h2_storage,2030,178,20,20,0.0
4269,h2_storage,2030,178,21,21,0.0
4270,h2_storage,2030,178,22,22,0.0
4271,h2_storage,2030,178,23,23,0.01059362580271081
4272,h2_storage,2030,178,24,24,0.02118725160542162
4273,h2_storage,2030,179,1,1,0.01059362580271081
4274,h2_storage,2030,179,2,2,0.02118725160542162
4275,h2_storage,2030,179,3,3,0.03178087740813243
4276,h2_storage,2030,179,4,4,0.04237450321084324
4277,h2_storage,2030,179,5,5,0.05296812901355405
4278,h2_storage,2030,179,6,6,0.06356175481626486
4279,h2_storage,2030,179,7,7,0.07415538061897567
4280,h2_storage,2030,179,8,8,0.0792580840496512
4281,h2_storage,2030,179,9,9,0.0792580840496512
4282,h2_storage,2030,179,10,10,0.0792580840496512
4283,h2_storage,2030,179,11,11,0.0792580840496512
4284,h2_storage,2030,179,12,12,0.0792580840496512
4285,h2_storage,2030,179,13,13,0.0792580840496512
4286,h2_storage,2030,179,14,14,0.0792580840496512
4287,h2_storage,2030,179,15,15,0.0792580840496512
4288,h2_storage,2030,179,16,16,0.0792580840496512
4289,h2_storage,2030,179,17,17,0.0792580840496512
4290,h2_storage,2030,179,18,18,0.0792580840496512
4291,h2_storage,2030,179,19,19,0.0792580840496512
4292,h2_storage,2030,179,20,20,0.0792580840496512
4293,h2_storage,2030,179,21,21,0.0792580840496512
4294,h2_storage,2030,179,22,22,0.0792580840496512
4295,h2_storage,2030,179,23,23,-0.037208408468194176
4296,h2_storage,2030,179,24,24,-0.19105456231434803
4297,h2_storage,2030,180,1,1,0.0
4298,h2_storage,2030,180,2,2,0.0
4299,h2_storage,2030,180,3,3,0.0
4300,h2_storage,2030,180,4,4,0.0
4301,h2_storage,2030,180,5,5,0.0
4302,h2_storage,2030,180,6,6,0.0
4303,h2_storage,2030,180,7,7,0.0
4304,h2_storage,2030,180,8,8,0.0
4305,h2_storage,2030,180,9,9,0.0
4306,h2_storage,2030,180,10,10,0.0
4307,h2_storage,2030,180,11,11,0.0
4308,h2_storage,2030,180,12,12,0.0
4309,h2_storage,2030,180,13,13,0.0
4310,h2_storage,2030,180,14,14,0.0
4311,h2_storage,2030,180,15,15,0.0
4312,h2_storage,2030,180,16,16,0.0
4313,h2_storage,2030,180,17,17,0.0
4314,h2_storage,2030,180,18,18,0.0
4315,h2_storage,2030,180,19,19,0.0
4316,h2_storage,2030,180,20,20,0.0
4317,h2_storage,2030,180,21,21,0.0
4318,h2_storage,2030,180,22,22,0.0
4319,h2_storage,2030,180,23,23,0.0
4320,h2_storage,2030,180,24,24,0.0
4321,h2_storage,2030,181,1,1,0.0
4322,h2_storage,2030,181,2,2,0.0
4323,h2_storage,2030,181,3,3,0.0
4324,h2_storage,2030,181,4,4,0.0
4325,h2_storage,2030,181,5,5,0.0
4326,h2_storage,2030,181,6,6,0.0
4327,h2_storage,2030,181,7,7,0.0
4328,h2_storage,2030,181,8,8,0.0
4329,h2_storage,2030,181,9,9,0.0
4330,h2_storage,2030,181,10,10,0.0
4331,h2_storage,2030,181,11,11,0.0
4332,h2_storage,2030,181,12,12,0.0
4333,h2_storage,2030,181,13,13,0.0
4334,h2_storage,2030,181,14,14,0.0
4335,h2_storage,2030,181,15,15,0.0
4336,h2_storage,2030,181,16,16,0.0
4337,h2_storage,2030,181,17,17,0.0
4338,h2_storage,2030,181,18,18,0.0
4339,h2_storage,2030,181,19,19,0.0
4340,h2_storage,2030,181,20,20,0.0
4341,h2_storage,2030,181,21,21,0.0
4342,h2_storage,2030,181,22,22,0.0
4343,h2_storage,2030,181,23,23,0.0
4344,h2_storage,2030,181,24,24,0.0
4345,h2_storage,2030,182,1,1,-0.15384615384615385
4346,h2_storage,2030,182,2,2,-0.15384615384615385
4347,h2_storage,2030,182,3,3,-0.15384615384615385
4348,h2_storage,2030,182,4,4,-0.15384615384615385
4349,h2_storage,2030,182,5,5,-0.15384615384615385
4350,h2_storage,2030,182,6,6,-0.15384615384615385
4351,h2_storage,2030,182,7,7,-0.15384615384615385
4352,h2_storage,2030,182,8,8,-0.15384615384615385
4353,h2_storage,2030,182,9,9,-0.15384615384615385
4354,h2_storage,2030,182,10,10,-0.15384615384615385
4355,h2_storage,2030,182,11,11,-0.15384615384615385
4356,h2_storage,2030,182,12,12,-0.15384615384615385
4357,h2_storage,2030,182,13,13,-0.15384615384615385
4358,h2_storage,2030,182,14,14,-0.15384615384615385
4359,h2_storage,2030,182,15,15,-0.15384615384615385
4360,h2_storage,2030,182,16,16,-0.15384615384615385
4361,h2_storage,2030,182,17,17,-0.15384615384615385
4362,h2_storage,2030,182,18,18,-0.15384615384615385
4363,h2_storage,2030,182,19,19,-0.15384615384615385
4364,h2_storage,2030,182,20,20,-0.14325252804344304
4365,h2_storage,2030,182,21,21,-0.13265890224073223
4366,h2_storage,2030,182,22,22,-0.12206527643802143
4367,h2_storage,2030,182,23,23,-0.11147165063531062
4368,h2_storage,2030,182,24,24,-0.10087802483259976
4369,h2_storage,2030,183,1,1,-0.08960367841192564
4370,h2_storage,2030,183,2,2,-0.08960367841192564
4371,h2_storage,2030,183,3,3,-0.08960367841192564
4372,h2_storage,2030,183,4,4,-0.08960367841192564
4373,h2_storage,2030,183,5,5,-0.08960367841192564
4374,h2_storage,2030,183,6,6,-0.08960367841192564
4375,h2_storage,2030,183,7,7,-0.08960367841192564
4376,h2_storage,2030,183,8,8,-0.08960367841192564
4377,h2_storage,2030,183,9,9,-0.08960367841192564
4378,h2_storage,2030,183,10,10,-0.08960367841192564
4379,h2_storage,2030,183,11,11,-0.08960367841192564
4380,h2_storage,2030,183,12,12,-0.08960367841192564
4381,h2_storage,2030,183,13,13,-0.08960367841192564
4382,h2_storage,2030,183,14,14,-0.08960367841192564
4383,h2_storage,2030,183,15,15,-0.08960367841192564
4384,h2_storage,2030,183,16,16,-0.08960367841192564
4385,h2_storage,2030,183,17,17,-0.08960367841192564
4386,h2_storage,2030,183,18,18,-0.08960367841192564
4387,h2_storage,2030,183,19,19,-0.08960367841192564
4388,h2_storage,2030,183,20,20,-0.08960367841192564
4389,h2_storage,2030,183,21,21,-0.08960367841192564
4390,h2_storage,2030,183,22,22,-0.08960367841192564
4391,h2_storage,2030,183,23,23,-0.08960367841192564
4392,h2_storage,2030,183,24,24,-0.08960367841192564
4393,h2_storage,2030,184,1,1,0.0
4394,h2_storage,2030,184,2,2,0.0
4395,h2_storage,2030,184,3,3,0.0
4396,h2_storage,2030,184,4,4,0.0
4397,h2_storage,2030,184,5,5,0.0
4398,h2_storage,2030,184,6,6,0.0
4399,h2_storage,2030,184,7,7,0.0
4400,h2_storage,2030,184,8,8,0.0
4401,h2_storage,2030,184,9,9,0.0
4402,h2_storage,2030,184,10,10,0.0
4403,h2_storage,2030,184,11,11,0.0
4404,h2_storage,2030,184,12,12,0.0
4405,h2_storage,2030,184,13,13,0.0
4406,h2_storage,2030,184,14,14,0.0
4407,h2_storage,2030,184,15,15,0.0
4408,h2_storage,2030,184,16,16,0.0
4409,h2_storage,2030,184,17,17,0.0
4410,h2_storage,2030,184,18,18,0.0
4411,h2_storage,2030,184,19,19,0.0
4412,h2_storage,2030,184,20,20,0.0
4413,h2_storage,2030,184,21,21,0.0
4414,h2_storage,2030,184,22,22,0.0
4415,h2_storage,2030,184,23,23,0.0
4416,h2_storage,2030,184,24,24,0.0
4417,h2_storage,2030,185,1,1,0.0
4418,h2_storage,2030,185,2,2,0.0
4419,h2_storage,2030,185,3,3,0.0
4420,h2_storage,2030,185,4,4,0.0
4421,h2_storage,2030,185,5,5,0.0
4422,h2_storage,2030,185,6,6,0.0
4423,h2_storage,2030,185,7,7,0.0
4424,h2_storage,2030,185,8,8,0.0
4425,h2_storage,2030,185,9,9,0.0
4426,h2_storage,2030,185,10,10,0.0
4427,h2_storage,2030,185,11,11,0.0
4428,h2_storage,2030,185,12,12,0.0
4429,h2_storage,2030,185,13,13,0.0
4430,h2_storage,2030,185,14,14,0.0
4431,h2_storage,2030,185,15,15,0.0
4432,h2_storage,2030,185,16,16,0.0
4433,h2_storage,2030,185,17,17,0.0
4434,h2_storage,2030,185,18,18,0.0
4435,h2_storage,2030,185,19,19,0.0
4436,h2_storage,2030,185,20,20,0.0
4437,h2_storage,2030,185,21,21,0.0
4438,h2_storage,2030,185,22,22,0.0
4439,h2_storage,2030,185,23,23,0.01059362580271081
4440,h2_storage,2030,185,24,24,0.010593625802710808
4441,h2_storage,2030,186,1,1,0.0
4442,h2_storage,2030,186,2,2,0.0
4443,h2_storage,2030,186,3,3,0.0
4444,h2_storage,2030,186,4,4,0.0
4445,h2_storage,2030,186,5,5,0.0
4446,h2_storage,2030,186,6,6,0.0
4447,h2_storage,2030,186,7,7,0.0
4448,h2_storage,2030,186,8,8,0.0
4449,h2_storage,2030,186,9,9,0.0
4450,h2_storage,2030,186,10,10,0.0
4451,h2_storage,2030,186,11,11,0.0
4452,h2_storage,2030,186,12,12,0.0
4453,h2_storage,2030,186,13,13,0.0
4454,h2_storage,2030,186,14,14,0.0
4455,h2_storage,2030,186,15,15,0.0
4456,h2_storage,2030,186,16,16,0.0
4457,h2_storage,2030,186,17,17,0.0
4458,h2_storage,2030,186,18,18,0.0
4459,h2_storage,2030,186,19,19,0.0
4460,h2_storage,2030,186,20,20,0.0
4461,h2_storage,2030,186,21,21,0.0
4462,h2_storage,2030,186,22,22,0.0
4463,h2_storage,2030,186,23,23,0.0
4464,h2_storage,2030,186,24,24,0.0
4465,h2_storage,2030,187,1,1,0.0
4466,h2_storage,2030,187,2,2,0.0
4467,h2_storage,2030,187,3,3,0.0
4468,h2_storage,2030,187,4,4,0.0
4469,h2_storage,2030,187,5,5,0.0
4470,h2_storage,2030,187,6,6,0.0
4471,h2_storage,2030,187,7,7,0.0
4472,h2_storage,2030,187,8,8,0.0
4473,h2_storage,2030,187,9,9,0.0
4474,h2_storage,2030,187,10,10,0.0
4475,h2_storage,2030,187,11,11,0.0
4476,h2_storage,2030,187,12,12,0.0
4477,h2_storage,2030,187,13,13,0.0
4478,h2_storage,2030,187,14,14,0.0
4479,h2_storage,2030,187,15,15,0.0
4480,h2_storage,2030,187,16,16,0.0
4481,h2_storage,2030,187,17,17,0.0
4482,h2_storage,2030,187,18,18,0.0
4483,h2_storage,2030,187,19,19,0.0
4484,h2_storage,2030,187,20,20,0.0
4485,h2_storage,2030,187,21,21,0.0
4486,h2_storage,2030,187,22,22,0.0
4487,h2_storage,2030,187,23,23,0.0
4488,h2_storage,2030,187,24,24,0.0
4489,h2_storage,2030,188,1,1,0.0
4490,h2_storage,2030,188,2,2,0.0
4491,h2_storage,2030,188,3,3,0.0
4492,h2_storage,2030,188,4,4,0.0
4493,h2_storage,2030,188,5,5,0.0
4494,h2_storage,2030,188,6,6,0.0
4495,h2_storage,2030,188,7,7,0.0
4496,h2_storage,2030,188,8,8,0.0
4497,h2_storage,2030,188,9,9,0.0
4498,h2_storage,2030,188,10,10,0.0
4499,h2_storage,2030,188,11,11,0.0
4500,h2_storage,2030,188,12,12,0.0
4501,h2_storage,2030,188,13,13,0.0
4502,h2_storage,2030,188,14,14,0.0
4503,h2_storage,2030,188,15,15,0.0
4504,h2_storage,2030,188,16,16,0.0
4505,h2_storage,2030,188,17,17,0.0
4506,h2_storage,2030,188,18,18,0.0
4507,h2_storage,2030,188,19,19,0.0
4508,h2_storage,2030,188,20,20,0.0
4509,h2_storage,2030,188,21,21,0.0
4510,h2_storage,2030,188,22,22,0.0
4511,h2_storage,2030,188,23,23,0.0
4512,h2_storage,2030,188,24,24,0.0
4513,h2_storage,2030,189,1,1,0.0
4514,h2_storage,2030,189,2,2,0.0
4515,h2_storage,2030,189,3,3,0.0
4516,h2_storage,2030,189,4,4,0.0
4517,h2_storage,2030,189,5,5,0.0
4518,h2_storage,2030,189,6,6,0.0
4519,h2_storage,2030,189,7,7,0.0
4520,h2_storage,2030,189,8,8,0.0
4521,h2_storage,2030,189,9,9,0.0
4522,h2_storage,2030,189,10,10,0.0
4523,h2_storage,2030,189,11,11,0.0
4524,h2_storage,2030,189,12,12,0.0
4525,h2_storage,2030,189,13,13,0.0
4526,h2_storage,2030,189,14,14,0.0
4527,h2_storage,2030,189,15,15,0.0
4528,h2_storage,2030,189,16,16,0.0
4529,h2_storage,2030,189,17,17,0.0
4530,h2_storage,2030,189,18,18,0.0
4531,h2_storage,2030,189,19,19,0.0
4532,h2_storage,2030,189,20,20,0.0
4533,h2_storage,2030,189,21,21,0.0
4534,h2_storage,2030,189,22,22,0.0
4535,h2_storage,2030,189,23,23,0.0
4536,h2_storage,2030,189,24,24,0.0
4537,h2_storage,2030,190,1,1,0.01059362580271081
4538,h2_storage,2030,190,2,2,0.02118725160542162
4539,h2_storage,2030,190,3,3,0.03178087740813243
4540,h2_storage,2030,190,4,4,0.04237450321084324
4541,h2_storage,2030,190,5,5,0.05296812901355405
4542,h2_storage,2030,190,6,6,0.06356175481626487
4543,h2_storage,2030,190,7,7,0.0729708665398426
4544,h2_storage,2030,190,8,8,0.0729708665398426
4545,h2_storage,2030,190,9,9,0.0729708665398426
4546,h2_storage,2030,190,10,10,0.0729708665398426
4547,h2_storage,2030,190,11,11,0.0729708665398426
4548,h2_storage,2030,190,12,12,0.0729708665398426
4549,h2_storage,2030,190,13,13,0.0729708665398426
4550,h2_storage,2030,190,14,14,0.0729708665398426
4551,h2_storage,2030,190,15,15,0.0729708665398426
4552,h2_storage,2030,190,16,16,0.0729708665398426
4553,h2_storage,2030,190,17,17,0.0729708665398426
4554,h2_storage,2030,190,18,18,0.0729708665398426
4555,h2_storage,2030,190,19,19,0.0729708665398426
4556,h2_storage,2030,190,20,20,0.0729708665398426
4557,h2_storage,2030,190,21,21,0.0729708665398426
4558,h2_storage,2030,190,22,22,0.0729708665398426
4559,h2_storage,2030,190,23,23,0.0729708665398426
4560,h2_storage,2030,190,24,24,0.0729708665398426
4561,h2_storage,2030,191,1,1,-0.004146937941756228
4562,h2_storage,2030,191,2,2,-0.004146937941756228
4563,h2_storage,2030,191,3,3,-0.004146937941756228
4564,h2_storage,2030,191,4,4,-0.004146937941756228
4565,h2_storage,2030,191,5,5,-0.004146937941756228
4566,h2_storage,2030,191,6,6,-0.004146937941756228
4567,h2_storage,2030,191,7,7,-0.004146937941756228
4568,h2_storage,2030,191,8,8,-0.004146937941756228
4569,h2_storage,2030,191,9,9,-0.004146937941756228
4570,h2_storage,2030,191,10,10,-0.004146937941756228
4571,h2_storage,2030,191,11,11,-0.004146937941756228
4572,h2_storage,2030,191,12,12,-0.004146937941756228
4573,h2_storage,2030,191,13,13,-0.004146937941756228
4574,h2_storage,2030,191,14,14,-0.004146937941756228
4575,h2_storage,2030,191,15,15,-0.004146937941756228
4576,h2_storage,2030,191,16,16,-0.004146937941756228
4577,h2_storage,2030,191,17,17,-0.004146937941756228
4578,h2_storage,2030,191,18,18,-0.004146937941756228
4579,h2_storage,2030,191,19,19,-0.004146937941756228
4580,h2_storage,2030,191,20,20,-0.004146937941756228
4581,h2_storage,2030,191,21,21,-0.004146937941756228
4582,h2_storage,2030,191,22,22,-0.004146937941756228
4583,h2_storage,2030,191,23,23,-0.004146937941756243
4584,h2_storage,2030,191,24,24,-0.004146937941756243
4585,h2_storage,2030,192,1,1,0.01059362580271081
4586,h2_storage,2030,192,2,2,0.02118725160542162
4587,h2_storage,2030,192,3,3,0.03178087740813243
4588,h2_storage,2030,192,4,4,0.04237450321084324
4589,h2_storage,2030,192,5,5,0.05296812901355405
4590,h2_storage,2030,192,6,6,0.06356175481626486
4591,h2_storage,2030,192,7,7,0.07415538061897567
4592,h2_storage,2030,192,8,8,0.08474900642168653
4593,h2_storage,2030,192,9,9,0.08474900642168653
4594,h2_storage,2030,192,10,10,0.08474900642168653
4595,h2_storage,2030,192,11,11,0.08474900642168653
4596,h2_storage,2030,192,12,12,0.09252986498724719
4597,h2_storage,2030,192,13,13,0.09356057707451607
4598,h2_storage,2030,192,14,14,0.09356057707451607
4599,h2_storage,2030,192,15,15,0.09356057707451607
4600,h2_storage,2030,192,16,16,0.09356057707451607
4601,h2_storage,2030,192,17,17,0.09356057707451607
4602,h2_storage,2030,192,18,18,0.09356057707451607
4603,h2_storage,2030,192,19,19,0.09356057707451607
4604,h2_storage,2030,192,20,20,0.09356057707451607
4605,h2_storage,2030,192,21,21,0.09965499210623138
4606,h2_storage,2030,192,22,22,0.11024861790894219
4607,h2_storage,2030,192,23,23,0.120842243711653
4608,h2_storage,2030,192,24,24,0.1314358695143638
4609,h2_storage,2030,193,1,1,0.0
4610,h2_storage,2030,193,2,2,0.0
4611,h2_storage,2030,193,3,3,0.0
4612,h2_storage,2030,193,4,4,0.004597819806648019
4613,h2_storage,2030,193,5,5,0.009368396865937116
4614,h2_storage,2030,193,6,6,0.019962022668647952
4615,h2_storage,2030,193,7,7,0.019962022668647952
4616,h2_storage,2030,193,8,8,0.019962022668647952
4617,h2_storage,2030,193,9,9,0.019962022668647952
4618,h2_storage,2030,193,10,10,0.019962022668647952
4619,h2_storage,2030,193,11,11,0.019962022668647952
4620,h2_storage,2030,193,12,12,0.019962022668647952
4621,h2_storage,2030,193,13,13,0.019962022668647952
4622,h2_storage,2030,193,14,14,0.019962022668647952
4623,h2_storage,2030,193,15,15,0.019962022668647952
4624,h2_storage,2030,193,16,16,0.019962022668647952
4625,h2_storage,2030,193,17,17,0.019962022668647952
4626,h2_storage,2030,193,18,18,0.019962022668647952
4627,h2_storage,2030,193,19,19,0.019962022668647952
4628,h2_storage,2030,193,20,20,0.019962022668647952
4629,h2_storage,2030,193,21,21,0.019962022668647952
4630,h2_storage,2030,193,22,22,0.019962022668647952
4631,h2_storage,2030,193,23,23,0.019962022668647952
4632,h2_storage,2030,193,24,24,0.01996202266864795
4633,h2_storage,2030,194,1,1,0.0
4634,h2_storage,2030,194,2,2,0.0
4635,h2_storage,2030,194,3,3,0.0
4636,h2_storage,2030,194,4,4,0.0
4637,h2_storage,2030,194,5,5,0.0
4638,h2_storage,2030,194,6,6,0.0
4639,h2_storage,2030,194,7,7,0.0
4640,h2_storage,2030,194,8,8,0.0
4641,h2_storage,2030,194,9,9,0.0
4642,h2_storage,2030,194,10,10,0.0
4643,h2_storage,2030,194,11,11,0.0
4644,h2_storage,2030,194,12,12,0.0
4645,h2_storage,2030,194,13,13,0.0
4646,h2_storage,2030,194,14,14,0.0
4647,h2_storage,2030,194,15,15,0.0
4648,h2_storage,2030,194,16,16,0.0
4649,h2_storage,2030,194,17,17,0.0
4650,h2_storage,2030,194,18,18,0.0
4651,h2_storage,2030,194,19,19,0.0
4652,h2_storage,2030,194,20,20,0.0
4653,h2_storage,2030,194,21,21,0.0
4654,h2_storage,2030,194,22,22,0.0
4655,h2_storage,2030,194,23,23,0.0
4656,h2_storage,2030,194,24,24,0.0
4657,h2_storage,2030,195,1,1,0.0
4658,h2_storage,2030,195,2,2,0.0
4659,h2_storage,2030,195,3,3,0.0
4660,h2_storage,2030,195,4,4,0.0
4661,h2_storage,2030,195,5,5,0.0
4662,h2_storage,2030,195,6,6,0.0
4663,h2_storage,2030,195,7,7,0.0
4664,h2_storage,2030,195,8,8,0.0
4665,h2_storage,2030,195,9,9,0.0
4666,h2_storage,2030,195,10,10,0.0
4667,h2_storage,2030,195,11,11,0.0
4668,h2_storage,2030,195,12,12,0.0
4669,h2_storage,2030,195,13,13,0.0
4670,h2_storage,2030,195,14,14,0.0
4671,h2_storage,2030,195,15,15,0.0
4672,h2_storage,2030,195,16,16,0.0
4673,h2_storage,2030,195,17,17,0.0
4674,h2_storage,2030,195,18,18,0.0
4675,h2_storage,2030,195,19,19,0.0
4676,h2_storage,2030,195,20,20,0.0
4677,h2_storage,2030,195,21,21,0.0
4678,h2_storage,2030,195,22,22,0.0
4679,h2_storage,2030,195,23,23,0.0
4680,h2_storage,2030,195,24,24,0.0
4681,h2_storage,2030,196,1,1,0.0
4682,h2_storage,2030,196,2,2,0.0
4683,h2_storage,2030,196,3,3,0.0
4684,h2_storage,2030,196,4,4,0.0
4685,h2_storage,2030,196,5,5,0.0
4686,h2_storage,2030,196,6,6,0.0
4687,h2_storage,2030,196,7,7,0.0
4688,h2_storage,2030,196,8,8,0.0
4689,h2_storage,2030,196,9,9,0.0
4690,h2_storage,2030,196,10,10,0.0
4691,h2_storage,2030,196,11,11,0.0
4692,h2_storage,2030,196,12,12,0.0
4693,h2_storage,2030,196,13,13,0.0
4694,h2_storage,2030,196,14,14,0.0
4695,h2_storage,2030,196,15,15,0.0
4696,h2_storage,2030,196,16,16,0.0
4697,h2_storage,2030,196,17,17,0.0
4698,h2_storage,2030,196,18,18,0.0
4699,h2_storage,2030,196,19,19,0.0
4700,h2_storage,2030,196,20,20,0.0
4701,h2_storage,2030,196,21,21,0.0
4702,h2_storage,2030,196,22,22,0.0
4703,h2_storage,2030,196,23,23,0.0025425896006792017
4704,h2_storage,2030,196,24,24,0.0025425896006792017
4705,h2_storage,2030,197,1,1,0.0
4706,h2_storage,2030,197,2,2,0.0
4707,h2_storage,2030,197,3,3,0.0
4708,h2_storage,2030,197,4,4,0.0
4709,h2_storage,2030,197,5,5,0.0
4710,h2_storage,2030,197,6,6,0.0
4711,h2_storage,2030,197,7,7,0.0
4712,h2_storage,2030,197,8,8,0.0
4713,h2_storage,2030,197,9,9,0.0
4714,h2_storage,2030,197,10,10,0.0
4715,h2_storage,2030,197,11,11,0.0
4716,h2_storage,2030,197,12,12,0.0
4717,h2_storage,2030,197,13,13,0.0
4718,h2_storage,2030,197,14,14,0.0
4719,h2_storage,2030,197,15,15,0.0
4720,h2_storage,2030,197,16,16,0.0
4721,h2_storage,2030,197,17,17,0.0
4722,h2_storage,2030,197,18,18,0.0
4723,h2_storage,2030,197,19,19,0.0
4724,h2_storage,2030,197,20,20,0.0
4725,h2_storage,2030,197,21,21,0.0
4726,h2_storage,2030,197,22,22,0.0
4727,h2_storage,2030,197,23,23,0.0
4728,h2_storage,2030,197,24,24,0.0
4729,h2_storage,2030,198,1,1,0.0
4730,h2_storage,2030,198,2,2,0.0
4731,h2_storage,2030,198,3,3,0.0
4732,h2_storage,2030,198,4,4,0.0
4733,h2_storage,2030,198,5,5,0.0
4734,h2_storage,2030,198,6,6,0.0
4735,h2_storage,2030,198,7,7,0.0
4736,h2_storage,2030,198,8,8,0.0
4737,h2_storage,2030,198,9,9,0.0
4738,h2_storage,2030,198,10,10,0.0
4739,h2_storage,2030,198,11,11,0.0
4740,h2_storage,2030,198,12,12,0.0
4741,h2_storage,2030,198,13,13,0.0
4742,h2_storage,2030,198,14,14,0.0
4743,h2_storage,2030,198,15,15,0.0
4744,h2_storage,2030,198,16,16,0.0
4745,h2_storage,2030,198,17,17,0.0
4746,h2_storage,2030,198,18,18,0.0
4747,h2_storage,2030,198,19,19,0.0
4748,h2_storage,2030,198,20,20,0.0
4749,h2_storage,2030,198,21,21,0.0
4750,h2_storage,2030,198,22,22,0.0
4751,h2_storage,2030,198,23,23,0.0
4752,h2_storage,2030,198,24,24,0.0
4753,h2_storage,2030,199,1,1,0.0
4754,h2_storage,2030,199,2,2,0.0
4755,h2_storage,2030,199,3,3,0.0
4756,h2_storage,2030,199,4,4,-0.022302876997366314
4757,h2_storage,2030,199,5,5,-0.022302876997366314
4758,h2_storage,2030,199,6,6,-0.022302876997366314
4759,h2_storage,2030,199,7,7,-0.022302876997366314
4760,h2_storage,2030,199,8,8,-0.022302876997366314
4761,h2_storage,2030,199,9,9,-0.022302876997366314
4762,h2_storage,2030,199,10,10,-0.022302876997366314
4763,h2_storage,2030,199,11,11,-0.04875175743769823
4764,h2_storage,2030,199,12,12,-0.04875175743769823
4765,h2_storage,2030,199,13,13,-0.04875175743769823
4766,h2_storage,2030,199,14,14,-0.04875175743769823
4767,h2_storage,2030,199,15,15,-0.04875175743769823
4768,h2_storage,2030,199,16,16,-0.04875175743769823
4769,h2_storage,2030,199,17,17,-0.04875175743769823
4770,h2_storage,2030,199,18,18,-0.04875175743769823
4771,h2_storage,2030,199,19,19,-0.04875175743769823
4772,h2_storage,2030,199,20,20,-0.04875175743769823
4773,h2_storage,2030,199,21,21,-0.04875175743769823
4774,h2_storage,2030,199,22,22,-0.03815813163498742
4775,h2_storage,2030,199,23,23,-0.027564505832276612
4776,h2_storage,2030,199,24,24,-0.016970880029565805
4777,h2_storage,2030,200,1,1,0.0
4778,h2_storage,2030,200,2,2,0.0
4779,h2_storage,2030,200,3,3,0.0
4780,h2_storage,2030,200,4,4,0.0
4781,h2_storage,2030,200,5,5,0.0
4782,h2_storage,2030,200,6,6,0.0
4783,h2_storage,2030,200,7,7,0.0
4784,h2_storage,2030,200,8,8,0.0
4785,h2_storage,2030,200,9,9,0.0
4786,h2_storage,2030,200,10,10,0.0
4787,h2_storage,2030,200,11,11,0.0
4788,h2_storage,2030,200,12,12,0.0
4789,h2_storage,2030,200,13,13,0.0
4790,h2_storage,2030,200,14,14,0.0
4791,h2_storage,2030,200,15,15,0.0
4792,h2_storage,2030,200,16,16,0.0
4793,h2_storage,2030,200,17,17,0.0
4794,h2_storage,2030,200,18,18,0.0
4795,h2_storage,2030,200,19,19,0.0
4796,h2_storage,2030,200,20,20,0.0
4797,h2_storage,2030,200,21,21,-0.014530731985630832
4798,h2_storage,2030,200,22,22,-0.014530731985630832
4799,h2_storage,2030,200,23,23,-0.014530731985630832
4800,h2_storage,2030,200,24,24,-0.014530731985630832
4801,h2_storage,2030,201,1,1,0.0
4802,h2_storage,2030,201,2,2,0.0
4803,h2_storage,2030,201,3,3,0.0
4804,h2_storage,2030,201,4,4,0.0
4805,h2_storage,2030,201,5,5,0.0
4806,h2_storage,2030,201,6,6,0.0
4807,h2_storage,2030,201,7,7,0.0
4808,h2_storage,2030,201,8,8,0.0
4809,h2_storage,2030,201,9,9,0.0
4810,h2_storage,2030,201,10,10,0.0
4811,h2_storage,2030,201,11,11,0.0
4812,h2_storage,2030,201,12,12,0.0
4813,h2_storage,2030,201,13,13,0.0
4814,h2_storage,2030,201,14,14,0.0
4815,h2_storage,2030,201,15,15,0.0
4816,h2_storage,2030,201,16,16,0.0
4817,h2_storage,2030,201,17,17,0.0
4818,h2_storage,2030,201,18,18,0.0
4819,h2_storage,2030,201,19,19,0.0
4820,h2_storage,2030,201,20,20,0.0
4821,h2_storage,2030,201,21,21,0.0
4822,h2_storage,2030,201,22,22,0.0
4823,h2_storage,2030,201,23,23,0.0
4824,h2_storage,2030,201,24,24,0.0
4825,h2_storage,2030,202,1,1,0.0
4826,h2_storage,2030,202,2,2,0.0
4827,h2_storage,2030,202,3,3,0.0
4828,h2_storage,2030,202,4,4,0.0
4829,h2_storage,2030,202,5,5,0.0
4830,h2_storage,2030,202,6,6,0.0
4831,h2_storage,2030,202,7,7,0.0
4832,h2_storage,2030,202,8,8,0.0
4833,h2_storage,2030,202,9,9,0.0
4834,h2_storage,2030,202,10,10,0.0
4835,h2_storage,2030,202,11,11,0.0
4836,h2_storage,2030,202,12,12,0.0
4837,h2_storage,2030,202,13,13,0.0
4838,h2_storage,2030,202,14,14,0.0
4839,h2_storage,2030,202,15,15,0.0
4840,h2_storage,2030,202,16,16,0.0
4841,h2_storage,2030,202,17,17,0.0
4842,h2_storage,2030,202,18,18,0.0
4843,h2_storage,2030,202,19,19,0.0
4844,h2_storage,2030,202,20,20,0.0
4845,h2_storage,2030,202,21,21,0.0
4846,h2_storage,2030,202,22,22,0.0
4847,h2_storage,2030,202,23,23,0.0
4848,h2_storage,2030,202,24,24,0.0
4849,h2_storage,2030,203,1,1,0.0
4850,h2_storage,2030,203,2,2,0.0
4851,h2_storage,2030,203,3,3,0.0
4852,h2_storage,2030,203,4,4,0.0
4853,h2_storage,2030,203,5,5,0.0
4854,h2_storage,2030,203,6,6,0.0
4855,h2_storage,2030,203,7,7,0.0
4856,h2_storage,2030,203,8,8,0.0
4857,h2_storage,2030,203,9,9,0.0
4858,h2_storage,2030,203,10,10,0.0
4859,h2_storage,2030,203,11,11,0.0
4860,h2_storage,2030,203,12,12,0.0
4861,h2_storage,2030,203,13,13,0.0
4862,h2_storage,2030,203,14,14,0.0
4863,h2_storage,2030,203,15,15,0.0
4864,h2_storage,2030,203,16,16,0.0
4865,h2_storage,2030,203,17,17,0.0
4866,h2_storage,2030,203,18,18,0.0
4867,h2_storage,2030,203,19,19,0.0
4868,h2_storage,2030,203,20,20,0.0
4869,h2_storage,2030,203,21,21,0.0
4870,h2_storage,2030,203,22,22,0.0
4871,h2_storage,2030,203,23,23,0.0
4872,h2_storage,2030,203,24,24,0.0
4873,h2_storage,2030,204,1,1,0.0
4874,h2_storage,2030,204,2,2,0.0
4875,h2_storage,2030,204,3,3,0.0
4876,h2_storage,2030,204,4,4,0.0
4877,h2_storage,2030,204,5,5,0.0
4878,h2_storage,2030,204,6,6,0.0
4879,h2_storage,2030,204,7,7,0.0
4880,h2_storage,2030,204,8,8,0.0
4881,h2_storage,2030,204,9,9,0.0
4882,h2_storage,2030,204,10,10,0.0
4883,h2_storage,2030,204,11,11,0.0
4884,h2_storage,2030,204,12,12,0.0
4885,h2_storage,2030,204,13,13,0.0
4886,h2_storage,2030,204,14,14,0.0
4887,h2_storage,2030,204,15,15,0.0
4888,h2_storage,2030,204,16,16,0.0
4889,h2_storage,2030,204,17,17,0.0
4890,h2_storage,2030,204,18,18,0.0
4891,h2_storage,2030,204,19,19,0.0
4892,h2_storage,2030,204,20,20,0.0
4893,h2_storage,2030,204,21,21,0.0
4894,h2_storage,2030,204,22,22,0.0
4895,h2_storage,2030,204,23,23,0.0
4896,h2_storage,2030,204,24,24,0.0
4897,h2_storage,2030,205,1,1,0.01059362580271081
4898,h2_storage,2030,205,2,2,0.02118725160542162
4899,h2_storage,2030,205,3,3,0.03178087740813243
4900,h2_storage,2030,205,4,4,0.04237450321084324
4901,h2_storage,2030,205,5,5,0.05296812901355405
4902,h2_storage,2030,205,6,6,0.05296812901355405
4903,h2_storage,2030,205,7,7,0.05296812901355405
4904,h2_storage,2030,205,8,8,0.05296812901355405
4905,h2_storage,2030,205,9,9,0.05296812901355405
4906,h2_storage,2030,205,10,10,0.05296812901355405
4907,h2_storage,2030,205,11,11,0.05296812901355405
4908,h2_storage,2030,205,12,12,0.05296812901355405
4909,h2_storage,2030,205,13,13,0.05296812901355405
4910,h2_storage,2030,205,14,14,0.05296812901355405
4911,h2_storage,2030,205,15,15,0.05296812901355405
4912,h2_storage,2030,205,16,16,0.05296812901355405
4913,h2_storage,2030,205,17,17,0.06356175481626486
4914,h2_storage,2030,205,18,18,0.07415538061897567
4915,h2_storage,2030,205,19,19,0.08474900642168645
4916,h2_storage,2030,205,20,20,0.09534263222439726
4917,h2_storage,2030,205,21,21,0.09534263222439726
4918,h2_storage,2030,205,22,22,0.09534263222439726
4919,h2_storage,2030,205,23,23,0.09534263222439726
4920,h2_storage,2030,205,24,24,0.09534263222439726
4921,h2_storage,2030,206,1,1,0.0
4922,h2_storage,2030,206,2,2,0.0
4923,h2_storage,2030,206,3,3,0.0
4924,h2_storage,2030,206,4,4,0.0
4925,h2_storage,2030,206,5,5,0.0
4926,h2_storage,2030,206,6,6,0.0
4927,h2_storage,2030,206,7,7,0.0
4928,h2_storage,2030,206,8,8,0.0
4929,h2_storage,2030,206,9,9,0.0
4930,h2_storage,2030,206,10,10,0.0
4931,h2_storage,2030,206,11,11,0.0
4932,h2_storage,2030,206,12,12,0.0
4933,h2_storage,2030,206,13,13,0.0
4934,h2_storage,2030,206,14,14,0.0
4935,h2_storage,2030,206,15,15,0.0
4936,h2_storage,2030,206,16,16,0.0
4937,h2_storage,2030,206,17,17,0.0
4938,h2_storage,2030,206,18,18,0.0
4939,h2_storage,2030,206,19,19,0.0
4940,h2_storage,2030,206,20,20,0.0
4941,h2_storage,2030,206,21,21,0.0
4942,h2_storage,2030,206,22,22,0.0
4943,h2_storage,2030,206,23,23,0.0
4944,h2_storage,2030,206,24,24,0.0
4945,h2_storage,2030,207,1,1,0.0
4946,h2_storage,2030,207,2,2,0.0
4947,h2_storage,2030,207,3,3,0.0
4948,h2_storage,2030,207,4,4,0.0
4949,h2_storage,2030,207,5,5,0.0
4950,h2_storage,2030,207,6,6,0.0
4951,h2_storage,2030,207,7,7,0.0
4952,h2_storage,2030,207,8,8,0.0
4953,h2_storage,2030,207,9,9,0.0
4954,h2_storage,2030,207,10,10,0.0
4955,h2_storage,2030,207,11,11,0.0
4956,h2_storage,2030,207,12,12,0.0
4957,h2_storage,2030,207,13,13,0.0
4958,h2_storage,2030,207,14,14,0.0
4959,h2_storage,2030,207,15,15,0.0
4960,h2_storage,2030,207,16,16,0.0
4961,h2_storage,2030,207,17,17,0.0
4962,h2_storage,2030,207,18,18,0.0
4963,h2_storage,2030,207,19,19,0.0
4964,h2_storage,2030,207,20,20,0.0
4965,h2_storage,2030,207,21,21,0.0
4966,h2_storage,2030,207,22,22,0.0
4967,h2_storage,2030,207,23,23,0.0
4968,h2_storage,2030,207,24,24,-0.005193115800034773
4969,h2_storage,2030,208,1,1,0.0
4970,h2_storage,2030,208,2,2,0.0
4971,h2_storage,2030,208,3,3,0.0
4972,h2_storage,2030,208,4,4,0.0
4973,h2_storage,2030,208,5,5,0.0
4974,h2_storage,2030,208,6,6,0.0
4975,h2_storage,2030,208,7,7,0.0
4976,h2_storage,2030,208,8,8,0.0
4977,h2_storage,2030,208,9,9,0.0
4978,h2_storage,2030,208,10,10,0.0
4979,h2_storage,2030,208,11,11,0.0
4980,h2_storage,2030,208,12,12,0.0
4981,h2_storage,2030,208,13,13,0.0
4982,h2_storage,2030,208,14,14,0.0
4983,h2_storage,2030,208,15,15,0.0
4984,h2_storage,2030,208,16,16,0.0
4985,h2_storage,2030,208,17,17,0.0
4986,h2_storage,2030,208,18,18,0.0
4987,h2_storage,2030,208,19,19,0.0
4988,h2_storage,2030,208,20,20,0.0
4989,h2_storage,2030,208,21,21,0.0
4990,h2_storage,2030,208,22,22,0.0
4991,h2_storage,2030,208,23,23,0.0
4992,h2_storage,2030,208,24,24,0.0
4993,h2_storage,2030,209,1,1,0.0
4994,h2_storage,2030,209,2,2,-0.06110138924666679
4995,h2_storage,2030,209,3,3,-0.06110138924666679
4996,h2_storage,2030,209,4,4,-0.07588143615989759
4997,h2_storage,2030,209,5,5,-0.07588143615989759
4998,h2_storage,2030,209,6,6,-0.07588143615989759
4999,h2_storage,2030,209,7,7,-0.07588143615989759
5000,h2_storage,2030,209,8,8,-0.07588143615989759
5001,h2_storage,2030,209,9,9,-0.07588143615989759
5002,h2_storage,2030,209,10,10,-0.07588143615989759
5003,h2_storage,2030,209,11,11,-0.07588143615989759
5004,h2_storage,2030,209,12,12,-0.07588143615989759
5005,h2_storage,2030,209,13,13,-0.07588143615989759
5006,h2_storage,2030,209,14,14,-0.07588143615989759
5007,h2_storage,2030,209,15,15,-0.07588143615989759
5008,h2_storage,2030,209,16,16,-0.07588143615989759
5009,h2_storage,2030,209,17,17,-0.07588143615989759
5010,h2_storage,2030,209,18,18,-0.07588143615989759
5011,h2_storage,2030,209,19,19,-0.07588143615989759
5012,h2_storage,2030,209,20,20,-0.07588143615989759
5013,h2_storage,2030,209,21,21,-0.07588143615989759
5014,h2_storage,2030,209,22,22,-0.07588143615989759
5015,h2_storage,2030,209,23,23,-0.07588143615989759
5016,h2_storage,2030,209,24,24,-0.07588143615989759
5017,h2_storage,2030,210,1,1,-0.020420128414494986
5018,h2_storage,2030,210,2,2,-0.020420128414494986
5019,h2_storage,2030,210,3,3,-0.020420128414494986
5020,h2_storage,2030,210,4,4,-0.020420128414494986
5021,h2_storage,2030,210,5,5,-0.020420128414494986
5022,h2_storage,2030,210,6,6,-0.020420128414494986
5023,h2_storage,2030,210,7,7,-0.020420128414494986
5024,h2_storage,2030,210,8,8,-0.020420128414494986
5025,h2_storage,2030,210,9,9,-0.020420128414494986
5026,h2_storage,2030,210,10,10,-0.020420128414494986
5027,h2_storage,2030,210,11,11,-0.020420128414494986
5028,h2_storage,2030,210,12,12,-0.020420128414494986
5029,h2_storage,2030,210,13,13,-0.020420128414494986
5030,h2_storage,2030,210,14,14,-0.020420128414494986
5031,h2_storage,2030,210,15,15,-0.020420128414494986
5032,h2_storage,2030,210,16,16,-0.020420128414494986
5033,h2_storage,2030,210,17,17,-0.020420128414494986
5034,h2_storage,2030,210,18,18,-0.020420128414494986
5035,h2_storage,2030,210,19,19,-0.020420128414494986
5036,h2_storage,2030,210,20,20,-0.020420128414494986
5037,h2_storage,2030,210,21,21,-0.020420128414494986
5038,h2_storage,2030,210,22,22,-0.020420128414494986
5039,h2_storage,2030,210,23,23,-0.020420128414495003
5040,h2_storage,2030,210,24,24,-0.020420128414495003
5041,h2_storage,2030,211,1,1,0.0
5042,h2_storage,2030,211,2,2,0.0
5043,h2_storage,2030,211,3,3,0.0
5044,h2_storage,2030,211,4,4,0.0
5045,h2_storage,2030,211,5,5,0.0
5046,h2_storage,2030,211,6,6,0.0
5047,h2_storage,2030,211,7,7,0.0
5048,h2_storage,2030,211,8,8,0.0
5049,h2_storage,2030,211,9,9,0.0
5050,h2_storage,2030,211,10,10,0.0
5051,h2_storage,2030,211,11,11,0.0
5052,h2_storage,2030,211,12,12,0.0
5053,h2_storage,2030,211,13,13,0.0
5054,h2_storage,2030,211,14,14,0.0
5055,h2_storage,2030,211,15,15,0.0
5056,h2_storage,2030,211,16,16,0.0
5057,h2_storage,2030,211,17,17,0.0
5058,h2_storage,2030,211,18,18,0.0
5059,h2_storage,2030,211,19,19,0.0
5060,h2_storage,2030,211,20,20,0.0
5061,h2_storage,2030,211,21,21,0.0
5062,h2_storage,2030,211,22,22,0.0
5063,h2_storage,2030,211,23,23,0.0
5064,h2_storage,2030,211,24,24,0.0
5065,h2_storage,2030,212,1,1,0.0
5066,h2_storage,2030,212,2,2,0.0
5067,h2_storage,2030,212,3,3,0.0
5068,h2_storage,2030,212,4,4,0.0
5069,h2_storage,2030,212,5,5,0.0
5070,h2_storage,2030,212,6,6,0.0
5071,h2_storage,2030,212,7,7,0.0
5072,h2_storage,2030,212,8,8,-0.008107340422921707
5073,h2_storage,2030,212,9,9,-0.008107340422921707
5074,h2_storage,2030,212,10,10,-0.008107340422921707
5075,h2_storage,2030,212,11,11,-0.043741654749698315
5076,h2_storage,2030,212,12,12,-0.043741654749698315
5077,h2_storage,2030,212,13,13,-0.043741654749698315
5078,h2_storage,2030,212,14,14,-0.043741654749698315
5079,h2_storage,2030,212,15,15,-0.043741654749698315
5080,h2_storage,2030,212,16,16,-0.043741654749698315
5081,h2_storage,2030,212,17,17,-0.043741654749698315
5082,h2_storage,2030,212,18,18,-0.043741654749698315
5083,h2_storage,2030,212,19,19,-0.043741654749698315
5084,h2_storage,2030,212,20,20,-0.043741654749698315
5085,h2_storage,2030,212,21,21,-0.043741654749698315
5086,h2_storage,2030,212,22,22,-0.043741654749698315
5087,h2_storage,2030,212,23,23,-0.043741654749698315
5088,h2_storage,2030,212,24,24,-0.043741654749698315
5089,h2_storage,2030,213,1,1,0.0
5090,h2_storage,2030,213,2,2,0.0
5091,h2_storage,2030,213,3,3,0.0
5092,h2_storage,2030,213,4,4,0.0
5093,h2_storage,2030,213,5,5,0.0
5094,h2_storage,2030,213,6,6,0.0
5095,h2_storage,2030,213,7,7,0.0
5096,h2_storage,2030,213,8,8,0.0
5097,h2_storage,2030,213,9,9,0.0
5098,h2_storage,2030,213,10,10,0.0
5099,h2_storage,2030,213,11,11,0.0
5100,h2_storage,2030,213,12,12,0.0
5101,h2_storage,2030,213,13,13,0.0
5102,h2_storage,2030,213,14,14,0.0
5103,h2_storage,2030,213,15,15,0.0
5104,h2_storage,2030,213,16,16,0.0
5105,h2_storage,2030,213,17,17,0.0
5106,h2_storage,2030,213,18,18,0.0
5107,h2_storage,2030,213,19,19,0.0
5108,h2_storage,2030,213,20,20,0.0
5109,h2_storage,2030,213,21,21,0.0
5110,h2_storage,2030,213,22,22,0.0
5111,h2_storage,2030,213,23,23,0.0
5112,h2_storage,2030,213,24,24,0.0
5113,h2_storage,2030,214,1,1,0.0
5114,h2_storage,2030,214,2,2,0.0
5115,h2_storage,2030,214,3,3,0.0
5116,h2_storage,2030,214,4,4,0.0
5117,h2_storage,2030,214,5,5,0.0
5118,h2_storage,2030,214,6,6,0.0
5119,h2_storage,2030,214,7,7,0.0
5120,h2_storage,2030,214,8,8,0.0
5121,h2_storage,2030,214,9,9,0.0
5122,h2_storage,2030,214,10,10,0.0
5123,h2_storage,2030,214,11,11,0.0
5124,h2_storage,2030,214,12,12,0.0
5125,h2_storage,2030,214,13,13,0.0
5126,h2_storage,2030,214,14,14,0.0
5127,h2_storage,2030,214,15,15,0.0
5128,h2_storage,2030,214,16,16,0.0
5129,h2_storage,2030,214,17,17,0.0
5130,h2_storage,2030,214,18,18,0.0
5131,h2_storage,2030,214,19,19,0.0
5132,h2_storage,2030,214,20,20,0.0
5133,h2_storage,2030,214,21,21,0.0
5134,h2_storage,2030,214,22,22,0.0
5135,h2_storage,2030,214,23,23,0.0
5136,h2_storage,2030,214,24,24,0.0
5137,h2_storage,2030,215,1,1,0.0
5138,h2_storage,2030,215,2,2,0.0
5139,h2_storage,2030,215,3,3,0.0
5140,h2_storage,2030,215,4,4,0.0
5141,h2_storage,2030,215,5,5,0.0
5142,h2_storage,2030,215,6,6,0.0
5143,h2_storage,2030,215,7,7,0.0
5144,h2_storage,2030,215,8,8,0.0
5145,h2_storage,2030,215,9,9,0.0
5146,h2_storage,2030,215,10,10,0.0
5147,h2_storage,2030,215,11,11,0.0
5148,h2_storage,2030,215,12,12,0.0
5149,h2_storage,2030,215,13,13,0.0
5150,h2_storage,2030,215,14,14,0.0
5151,h2_storage,2030,215,15,15,0.0
5152,h2_storage,2030,215,16,16,0.0
5153,h2_storage,2030,215,17,17,0.0
5154,h2_storage,2030,215,18,18,0.0
5155,h2_storage,2030,215,19,19,0.0
5156,h2_storage,2030,215,20,20,0.0
5157,h2_storage,2030,215,21,21,0.0
5158,h2_storage,2030,215,22,22,0.0
5159,h2_storage,2030,215,23,23,0.0
5160,h2_storage,2030,215,24,24,0.0
5161,h2_storage,2030,216,1,1,0.0
5162,h2_storage,2030,216,2,2,0.0
5163,h2_storage,2030,216,3,3,0.0
5164,h2_storage,2030,216,4,4,0.0
5165,h2_storage,2030,216,5,5,0.0
5166,h2_storage,2030,216,6,6,0.0
5167,h2_storage,2030,216,7,7,0.0
5168,h2_storage,2030,216,8,8,0.0
5169,h2_storage,2030,216,9,9,0.0
5170,h2_storage,2030,216,10,10,0.0
5171,h2_storage,2030,216,11,11,0.0
5172,h2_storage,2030,216,12,12,0.0
5173,h2_storage,2030,216,13,13,0.0
5174,h2_storage,2030,216,14,14,0.0
5175,h2_storage,2030,216,15,15,0.0
5176,h2_storage,2030,216,16,16,0.0
5177,h2_storage,2030,216,17,17,0.0
5178,h2_storage,2030,216,18,18,-0.0031401573466503475
5179,h2_storage,2030,216,19,19,-0.039694137088339666
5180,h2_storage,2030,216,20,20,-0.05265197017901261
5181,h2_storage,2030,216,21,21,-0.05265197017901261
5182,h2_storage,2030,216,22,22,-0.05265197017901261
5183,h2_storage,2030,216,23,23,-0.05265197017901261
5184,h2_storage,2030,216,24,24,-0.05265197017901261
5185,hydro_reservoir,2030,1,1,1,0.09400352733686068
5186,hydro_reservoir,2030,1,2,2,0.18800705467372136
5187,hydro_reservoir,2030,1,3,3,0.28201058201058204
5188,hydro_reservoir,2030,1,4,4,0.3760141093474427
5189,hydro_reservoir,2030,1,5,5,0.4700176366843034
5190,hydro_reservoir,2030,1,6,6,0.5640211640211641
5191,hydro_reservoir,2030,1,7,7,0.6580246913580248
5192,hydro_reservoir,2030,1,8,8,0.7520282186948855
5193,hydro_reservoir,2030,1,9,9,0.8460317460317461
5194,hydro_reservoir,2030,1,10,10,0.9400352733686068
5195,hydro_reservoir,2030,1,11,11,1.0340388007054675
5196,hydro_reservoir,2030,1,12,12,1.1280423280423282
5197,hydro_reservoir,2030,1,13,13,1.2220458553791889
5198,hydro_reservoir,2030,1,14,14,1.3160493827160495
5199,hydro_reservoir,2030,1,15,15,1.4100529100529102
5200,hydro_reservoir,2030,1,16,16,1.504056437389771
5201,hydro_reservoir,2030,1,17,17,1.5980599647266316
5202,hydro_reservoir,2030,1,18,18,1.6920634920634923
5203,hydro_reservoir,2030,1,19,19,1.786067019400353
5204,hydro_reservoir,2030,1,20,20,1.8800705467372136
5205,hydro_reservoir,2030,1,21,21,1.9740740740740743
5206,hydro_reservoir,2030,1,22,22,2.068077601410935
5207,hydro_reservoir,2030,1,23,23,2.1620811287477957
5208,hydro_reservoir,2030,1,24,24,2.2560846560846564
5209,hydro_reservoir,2030,2,1,1,0.04839860604841473
5210,hydro_reservoir,2030,2,2,2,0.11196143657813384
5211,hydro_reservoir,2030,2,3,3,0.18222388820056956
5212,hydro_reservoir,2030,2,4,4,0.22940494387447719
5213,hydro_reservoir,2030,2,5,5,0.2927999657435443
5214,hydro_reservoir,2030,2,6,6,0.3183436399355897
5215,hydro_reservoir,2030,2,7,7,0.259175216256992
5216,hydro_reservoir,2030,2,8,8,0.19610638644735734
5217,hydro_reservoir,2030,2,9,9,-0.05779203158473667
5218,hydro_reservoir,2030,2,10,10,-0.32675223576052626
5219,hydro_reservoir,2030,2,11,11,-0.6022724418459358
5220,hydro_reservoir,2030,2,12,12,-0.8896909444390043
5221,hydro_reservoir,2030,2,13,13,-1.1225706016862271
5222,hydro_reservoir,2030,2,14,14,-1.3581004999828916
5223,hydro_reservoir,2030,2,15,15,-1.6150367919241604
5224,hydro_reservoir,2030,2,16,16,-1.8610518671496694
5225,hydro_reservoir,2030,2,17,17,-2.1129457329343735
5226,hydro_reservoir,2030,2,18,18,-2.402012112584364
5227,hydro_reservoir,2030,2,19,19,-2.6569677150410818
5228,hydro_reservoir,2030,2,20,20,-2.8979858649762873
5229,hydro_reservoir,2030,2,21,21,-3.094200474856856
5230,hydro_reservoir,2030,2,22,22,-3.230556749502025
5231,hydro_reservoir,2030,2,23,23,-3.2884236939981193
5232,hydro_reservoir,2030,2,24,24,-3.4230897440407237
5233,hydro_reservoir,2030,3,1,1,0.06525573192239859
5234,hydro_reservoir,2030,3,2,2,0.13051146384479717
5235,hydro_reservoir,2030,3,3,3,0.19576719576719576
5236,hydro_reservoir,2030,3,4,4,0.26102292768959434
5237,hydro_reservoir,2030,3,5,5,0.3262786596119929
5238,hydro_reservoir,2030,3,6,6,0.3915343915343915
5239,hydro_reservoir,2030,3,7,7,0.4567901234567901
5240,hydro_reservoir,2030,3,8,8,0.5220458553791887
5241,hydro_reservoir,2030,3,9,9,0.5873015873015872
5242,hydro_reservoir,2030,3,10,10,0.6525573192239857
5243,hydro_reservoir,2030,3,11,11,0.7178130511463843
5244,hydro_reservoir,2030,3,12,12,0.7830687830687828
5245,hydro_reservoir,2030,3,13,13,0.8483245149911813
5246,hydro_reservoir,2030,3,14,14,0.9135802469135799
5247,hydro_reservoir,2030,3,15,15,0.9788359788359784
5248,hydro_reservoir,2030,3,16,16,1.044091710758377
5249,hydro_reservoir,2030,3,17,17,1.1093474426807755
5250,hydro_reservoir,2030,3,18,18,1.174603174603174
5251,hydro_reservoir,2030,3,19,19,1.2398589065255725
5252,hydro_reservoir,2030,3,20,20,1.305114638447971
5253,hydro_reservoir,2030,3,21,21,1.3703703703703696
5254,hydro_reservoir,2030,3,22,22,1.435626102292768
5255,hydro_reservoir,2030,3,23,23,1.5008818342151666
5256,hydro_reservoir,2030,3,24,24,1.5661375661375652
5257,hydro_reservoir,2030,4,1,1,0.004491354340786027
5258,hydro_reservoir,2030,4,2,2,0.029025463610360066
5259,hydro_reservoir,2030,4,3,3,0.06294332572250559
5260,hydro_reservoir,2030,4,4,4,0.09659737055798101
5261,hydro_reservoir,2030,4,5,5,0.1151232052144045
5262,hydro_reservoir,2030,4,6,6,0.19960292302745564
5263,hydro_reservoir,2030,4,7,7,0.2155160962396754
5264,hydro_reservoir,2030,4,8,8,0.22958488719137968
5265,hydro_reservoir,2030,4,9,9,0.14734462358459854
5266,hydro_reservoir,2030,4,10,10,0.09122097668425024
5267,hydro_reservoir,2030,4,11,11,0.05813356450138052
5268,hydro_reservoir,2030,4,12,12,0.08406575586177284
5269,hydro_reservoir,2030,4,13,13,0.15728709729731816
5270,hydro_reservoir,2030,4,14,14,0.24176681511036935
5271,hydro_reservoir,2030,4,15,15,0.32624653292342054
5272,hydro_reservoir,2030,4,16,16,0.41072625073647173
5273,hydro_reservoir,2030,4,17,17,0.4952059685495229
5274,hydro_reservoir,2030,4,18,18,0.5796856863625741
5275,hydro_reservoir,2030,4,19,19,0.6641654041756253
5276,hydro_reservoir,2030,4,20,20,0.7486451219886765
5277,hydro_reservoir,2030,4,21,21,0.8331248398017276
5278,hydro_reservoir,2030,4,22,22,0.9176045576147788
5279,hydro_reservoir,2030,4,23,23,1.0020842754278299
5280,hydro_reservoir,2030,4,24,24,1.086563993240881
5281,hydro_reservoir,2030,5,1,1,0.045326278659611995
5282,hydro_reservoir,2030,5,2,2,0.09065255731922399
5283,hydro_reservoir,2030,5,3,3,0.13597883597883598
5284,hydro_reservoir,2030,5,4,4,0.18130511463844798
5285,hydro_reservoir,2030,5,5,5,0.22663139329805998
5286,hydro_reservoir,2030,5,6,6,0.27195767195767195
5287,hydro_reservoir,2030,5,7,7,0.3172839506172839
5288,hydro_reservoir,2030,5,8,8,0.3626102292768959
5289,hydro_reservoir,2030,5,9,9,0.4079365079365079
5290,hydro_reservoir,2030,5,10,10,0.45326278659611985
5291,hydro_reservoir,2030,5,11,11,0.4103591867865035
5292,hydro_reservoir,2030,5,12,12,0.35336305288827075
5293,hydro_reservoir,2030,5,13,13,0.2645342368817025
5294,hydro_reservoir,2030,5,14,14,0.16977670665064148
5295,hydro_reservoir,2030,5,15,15,0.09258953932633907
5296,hydro_reservoir,2030,5,16,16,0.06326333945118312
5297,hydro_reservoir,2030,5,17,17,0.1085896181107951
5298,hydro_reservoir,2030,5,18,18,0.15391589677040707
5299,hydro_reservoir,2030,5,19,19,0.19924217543001904
5300,hydro_reservoir,2030,5,20,20,0.24456845408963104
5301,hydro_reservoir,2030,5,21,21,0.28989473274924304
5302,hydro_reservoir,2030,5,22,22,0.335221011408855
5303,hydro_reservoir,2030,5,23,23,0.38054729006846705
5304,hydro_reservoir,2030,5,24,24,0.425873568728079
5305,hydro_reservoir,2030,6,1,1,0.052028218694885366
5306,hydro_reservoir,2030,6,2,2,0.10405643738977073
5307,hydro_reservoir,2030,6,3,3,0.1560846560846561
5308,hydro_reservoir,2030,6,4,4,0.20811287477954146
5309,hydro_reservoir,2030,6,5,5,0.2601410934744268
5310,hydro_reservoir,2030,6,6,6,0.3121693121693122
5311,hydro_reservoir,2030,6,7,7,0.3641975308641976
5312,hydro_reservoir,2030,6,8,8,0.416225749559083
5313,hydro_reservoir,2030,6,9,9,0.46825396825396837
5314,hydro_reservoir,2030,6,10,10,0.5202821869488538
5315,hydro_reservoir,2030,6,11,11,0.5723104056437391
5316,hydro_reservoir,2030,6,12,12,0.6243386243386245
5317,hydro_reservoir,2030,6,13,13,0.6763668430335099
5318,hydro_reservoir,2030,6,14,14,0.7283950617283953
5319,hydro_reservoir,2030,6,15,15,0.7378388889120178
5320,hydro_reservoir,2030,6,16,16,0.7434807140047197
5321,hydro_reservoir,2030,6,17,17,0.7578552635791698
5322,hydro_reservoir,2030,6,18,18,0.6848613174044742
5323,hydro_reservoir,2030,6,19,19,0.586538941417647
5324,hydro_reservoir,2030,6,20,20,0.5094705064129266
5325,hydro_reservoir,2030,6,21,21,0.46502473094751007
5326,hydro_reservoir,2030,6,22,22,0.5170529496423955
5327,hydro_reservoir,2030,6,23,23,0.458833161898528
5328,hydro_reservoir,2030,6,24,24,0.4741934103555334
5329,hydro_reservoir,2030,7,1,1,-0.03315250723518832
5330,hydro_reservoir,2030,7,2,2,0.0007099266272455468
5331,hydro_reservoir,2030,7,3,3,-0.027843144915726706
5332,hydro_reservoir,2030,7,4,4,-0.0363633495271814
5333,hydro_reservoir,2030,7,5,5,-0.002500915664747534
5334,hydro_reservoir,2030,7,6,6,-0.011174113443036099
5335,hydro_reservoir,2030,7,7,7,-0.006949342088288582
5336,hydro_reservoir,2030,7,8,8,-0.14958689460788935
5337,hydro_reservoir,2030,7,9,9,-0.32890880137015455
5338,hydro_reservoir,2030,7,10,10,-0.4941359433543311
5339,hydro_reservoir,2030,7,11,11,-0.4616413550040071
5340,hydro_reservoir,2030,7,12,12,-0.4950745478330753
5341,hydro_reservoir,2030,7,13,13,-0.46121211397064144
5342,hydro_reservoir,2030,7,14,14,-0.42734968010820756
5343,hydro_reservoir,2030,7,15,15,-0.3934872462457737
5344,hydro_reservoir,2030,7,16,16,-0.3596248123833398
5345,hydro_reservoir,2030,7,17,17,-0.32576237852090595
5346,hydro_reservoir,2030,7,18,18,-0.29189994465847213
5347,hydro_reservoir,2030,7,19,19,-0.2580375107960382
5348,hydro_reservoir,2030,7,20,20,-0.22417507693360436
5349,hydro_reservoir,2030,7,21,21,-0.1903126430711705
5350,hydro_reservoir,2030,7,22,22,-0.15645020920873665
5351,hydro_reservoir,2030,7,23,23,-0.12258777534630277
5352,hydro_reservoir,2030,7,24,24,-0.0887253414838689
5353,hydro_reservoir,2030,8,1,1,-0.016659328978224447
5354,hydro_reservoir,2030,8,2,2,0.005572820535521994
5355,hydro_reservoir,2030,8,3,3,0.01745355246993724
5356,hydro_reservoir,2030,8,4,4,0.037796049642622176
5357,hydro_reservoir,2030,8,5,5,0.08495313821931785
5358,hydro_reservoir,2030,8,6,6,0.1459760659089122
5359,hydro_reservoir,2030,8,7,7,0.20699899359850657
5360,hydro_reservoir,2030,8,8,8,0.2465047506924518
5361,hydro_reservoir,2030,8,9,9,0.23456694276205983
5362,hydro_reservoir,2030,8,10,10,0.18053717242258888
5363,hydro_reservoir,2030,8,11,11,0.16911785112219657
5364,hydro_reservoir,2030,8,12,12,0.1895737106289227
5365,hydro_reservoir,2030,8,13,13,0.2290620621826948
5366,hydro_reservoir,2030,8,14,14,0.2884246042245331
5367,hydro_reservoir,2030,8,15,15,0.3361045952960205
5368,hydro_reservoir,2030,8,16,16,0.3093024084680026
5369,hydro_reservoir,2030,8,17,17,0.24668380236982823
5370,hydro_reservoir,2030,8,18,18,0.18566205101417566
5371,hydro_reservoir,2030,8,19,19,0.15427452216147353
5372,hydro_reservoir,2030,8,20,20,0.1470308707367554
5373,hydro_reservoir,2030,8,21,21,0.184901007689299
5374,hydro_reservoir,2030,8,22,22,0.21995704368281188
5375,hydro_reservoir,2030,8,23,23,0.23337524508418345
5376,hydro_reservoir,2030,8,24,24,0.2783491010195659
5377,hydro_reservoir,2030,9,1,1,0.04797178130511464
5378,hydro_reservoir,2030,9,2,2,0.09594356261022928
5379,hydro_reservoir,2030,9,3,3,0.1439153439153439
5380,hydro_reservoir,2030,9,4,4,0.19188712522045856
5381,hydro_reservoir,2030,9,5,5,0.2398589065255732
5382,hydro_reservoir,2030,9,6,6,0.2878306878306878
5383,hydro_reservoir,2030,9,7,7,0.3358024691358025
5384,hydro_reservoir,2030,9,8,8,0.3837742504409171
5385,hydro_reservoir,2030,9,9,9,0.43174603174603177
5386,hydro_reservoir,2030,9,10,10,0.4797178130511464
5387,hydro_reservoir,2030,9,11,11,0.5276895943562611
5388,hydro_reservoir,2030,9,12,12,0.5756613756613757
5389,hydro_reservoir,2030,9,13,13,0.6236331569664902
5390,hydro_reservoir,2030,9,14,14,0.6716049382716048
5391,hydro_reservoir,2030,9,15,15,0.7195767195767194
5392,hydro_reservoir,2030,9,16,16,0.767548500881834
5393,hydro_reservoir,2030,9,17,17,0.7850703034765862
5394,hydro_reservoir,2030,9,18,18,0.7565689348459446
5395,hydro_reservoir,2030,9,19,19,0.6926736687077759
5396,hydro_reservoir,2030,9,20,20,0.6608606558183205
5397,hydro_reservoir,2030,9,21,21,0.6512416290515692
5398,hydro_reservoir,2030,9,22,22,0.6992134103566838
5399,hydro_reservoir,2030,9,23,23,0.7156291830383219
5400,hydro_reservoir,2030,9,24,24,0.7636009643434365
5401,hydro_reservoir,2030,10,1,1,0.057495590828924165
5402,hydro_reservoir,2030,10,2,2,0.11499118165784833
5403,hydro_reservoir,2030,10,3,3,0.1724867724867725
5404,hydro_reservoir,2030,10,4,4,0.22998236331569666
5405,hydro_reservoir,2030,10,5,5,0.28747795414462085
5406,hydro_reservoir,2030,10,6,6,0.34497354497354504
5407,hydro_reservoir,2030,10,7,7,0.40246913580246924
5408,hydro_reservoir,2030,10,8,8,0.45996472663139343
5409,hydro_reservoir,2030,10,9,9,0.5174603174603176
5410,hydro_reservoir,2030,10,10,10,0.5749559082892418
5411,hydro_reservoir,2030,10,11,11,0.632451499118166
5412,hydro_reservoir,2030,10,12,12,0.6899470899470902
5413,hydro_reservoir,2030,10,13,13,0.7474426807760144
5414,hydro_reservoir,2030,10,14,14,0.8049382716049386
5415,hydro_reservoir,2030,10,15,15,0.8624338624338628
5416,hydro_reservoir,2030,10,16,16,0.919929453262787
5417,hydro_reservoir,2030,10,17,17,0.9774250440917112
5418,hydro_reservoir,2030,10,18,18,1.0349206349206352
5419,hydro_reservoir,2030,10,19,19,1.0924162257495593
5420,hydro_reservoir,2030,10,20,20,1.1499118165784834
5421,hydro_reservoir,2030,10,21,21,1.2074074074074075
5422,hydro_reservoir,2030,10,22,22,1.2649029982363316
5423,hydro_reservoir,2030,10,23,23,1.3223985890652556
5424,hydro_reservoir,2030,10,24,24,1.3798941798941797
5425,hydro_reservoir,2030,11,1,1,0.05026455026455027
5426,hydro_reservoir,2030,11,2,2,0.10052910052910054
5427,hydro_reservoir,2030,11,3,3,0.1507936507936508
5428,hydro_reservoir,2030,11,4,4,0.20105820105820107
5429,hydro_reservoir,2030,11,5,5,0.25132275132275134
5430,hydro_reservoir,2030,11,6,6,0.3015873015873016
5431,hydro_reservoir,2030,11,7,7,0.3518518518518519
5432,hydro_reservoir,2030,11,8,8,0.4021164021164022
5433,hydro_reservoir,2030,11,9,9,0.4523809523809525
5434,hydro_reservoir,2030,11,10,10,0.5026455026455028
5435,hydro_reservoir,2030,11,11,11,0.552910052910053
5436,hydro_reservoir,2030,11,12,12,0.6031746031746033
5437,hydro_reservoir,2030,11,13,13,0.6534391534391535
5438,hydro_reservoir,2030,11,14,14,0.7037037037037037
5439,hydro_reservoir,2030,11,15,15,0.753968253968254
5440,hydro_reservoir,2030,11,16,16,0.8042328042328042
5441,hydro_reservoir,2030,11,17,17,0.8544973544973544
5442,hydro_reservoir,2030,11,18,18,0.9047619047619047
5443,hydro_reservoir,2030,11,19,19,0.9550264550264549
5444,hydro_reservoir,2030,11,20,20,1.0052910052910051
5445,hydro_reservoir,2030,11,21,21,1.0555555555555554
5446,hydro_reservoir,2030,11,22,22,1.1058201058201056
5447,hydro_reservoir,2030,11,23,23,1.1560846560846558
5448,hydro_reservoir,2030,11,24,24,1.206349206349206
5449,hydro_reservoir,2030,12,1,1,0.052028218694885366
5450,hydro_reservoir,2030,12,2,2,0.10405643738977073
5451,hydro_reservoir,2030,12,3,3,0.1560846560846561
5452,hydro_reservoir,2030,12,4,4,0.20811287477954146
5453,hydro_reservoir,2030,12,5,5,0.2601410934744268
5454,hydro_reservoir,2030,12,6,6,0.3121693121693122
5455,hydro_reservoir,2030,12,7,7,0.3641975308641976
5456,hydro_reservoir,2030,12,8,8,0.416225749559083
5457,hydro_reservoir,2030,12,9,9,0.46825396825396837
5458,hydro_reservoir,2030,12,10,10,0.5202821869488538
5459,hydro_reservoir,2030,12,11,11,0.5723104056437391
5460,hydro_reservoir,2030,12,12,12,0.6243386243386245
5461,hydro_reservoir,2030,12,13,13,0.6763668430335099
5462,hydro_reservoir,2030,12,14,14,0.7283950617283953
5463,hydro_reservoir,2030,12,15,15,0.7804232804232807
5464,hydro_reservoir,2030,12,16,16,0.8324514991181661
5465,hydro_reservoir,2030,12,17,17,0.8669694277993976
5466,hydro_reservoir,2030,12,18,18,0.918997646494283
5467,hydro_reservoir,2030,12,19,19,0.9574652034205062
5468,hydro_reservoir,2030,12,20,20,0.9853946377548715
5469,hydro_reservoir,2030,12,21,21,1.0354534589440743
5470,hydro_reservoir,2030,12,22,22,1.0874816776389595
5471,hydro_reservoir,2030,12,23,23,1.139509896333845
5472,hydro_reservoir,2030,12,24,24,1.1915381150287303
5473,hydro_reservoir,2030,13,1,1,0.04338624338624339
5474,hydro_reservoir,2030,13,2,2,0.08677248677248678
5475,hydro_reservoir,2030,13,3,3,0.13015873015873017
5476,hydro_reservoir,2030,13,4,4,0.17354497354497356
5477,hydro_reservoir,2030,13,5,5,0.21693121693121695
5478,hydro_reservoir,2030,13,6,6,0.26031746031746034
5479,hydro_reservoir,2030,13,7,7,0.3037037037037037
5480,hydro_reservoir,2030,13,8,8,0.3421570305008049
5481,hydro_reservoir,2030,13,9,9,0.38554327388704834
5482,hydro_reservoir,2030,13,10,10,0.2738890832723141
5483,hydro_reservoir,2030,13,11,11,0.12197865401987742
5484,hydro_reservoir,2030,13,12,12,-0.06990612787411687
5485,hydro_reservoir,2030,13,13,13,-0.2760474367658965
5486,hydro_reservoir,2030,13,14,14,-0.5017310084210322
5487,hydro_reservoir,2030,13,15,15,-0.7805809593003912
5488,hydro_reservoir,2030,13,16,16,-1.0165989152577484
5489,hydro_reservoir,2030,13,17,17,-1.1341079788651824
5490,hydro_reservoir,2030,13,18,18,-1.2418591833284447
5491,hydro_reservoir,2030,13,19,19,-1.355477831672534
5492,hydro_reservoir,2030,13,20,20,-1.4546836078544674
5493,hydro_reservoir,2030,13,21,21,-1.516447689146113
5494,hydro_reservoir,2030,13,22,22,-1.4730614457598696
5495,hydro_reservoir,2030,13,23,23,-1.429675202373626
5496,hydro_reservoir,2030,13,24,24,-1.3862889589873828
5497,hydro_reservoir,2030,14,1,1,0.03492063492063492
5498,hydro_reservoir,2030,14,2,2,0.06984126984126984
5499,hydro_reservoir,2030,14,3,3,0.10476190476190476
5500,hydro_reservoir,2030,14,4,4,0.13968253968253969
5501,hydro_reservoir,2030,14,5,5,0.1746031746031746
5502,hydro_reservoir,2030,14,6,6,0.2095238095238095
5503,hydro_reservoir,2030,14,7,7,0.2444444444444444
5504,hydro_reservoir,2030,14,8,8,0.2793650793650793
5505,hydro_reservoir,2030,14,9,9,0.3142857142857142
5506,hydro_reservoir,2030,14,10,10,0.34920634920634913
5507,hydro_reservoir,2030,14,11,11,0.38412698412698404
5508,hydro_reservoir,2030,14,12,12,0.41904761904761895
5509,hydro_reservoir,2030,14,13,13,0.45396825396825385
5510,hydro_reservoir,2030,14,14,14,0.48888888888888876
5511,hydro_reservoir,2030,14,15,15,0.5238095238095237
5512,hydro_reservoir,2030,14,16,16,0.5587301587301586
5513,hydro_reservoir,2030,14,17,17,0.5936507936507935
5514,hydro_reservoir,2030,14,18,18,0.6285714285714284
5515,hydro_reservoir,2030,14,19,19,0.6634920634920634
5516,hydro_reservoir,2030,14,20,20,0.6984126984126983
5517,hydro_reservoir,2030,14,21,21,0.7333333333333332
5518,hydro_reservoir,2030,14,22,22,0.7682539682539681
5519,hydro_reservoir,2030,14,23,23,0.803174603174603
5520,hydro_reservoir,2030,14,24,24,0.8380952380952379
5521,hydro_reservoir,2030,15,1,1,0.06402116402116402
5522,hydro_reservoir,2030,15,2,2,0.12804232804232804
5523,hydro_reservoir,2030,15,3,3,0.19206349206349205
5524,hydro_reservoir,2030,15,4,4,0.2560846560846561
5525,hydro_reservoir,2030,15,5,5,0.3201058201058201
5526,hydro_reservoir,2030,15,6,6,0.38412698412698415
5527,hydro_reservoir,2030,15,7,7,0.4481481481481482
5528,hydro_reservoir,2030,15,8,8,0.5121693121693122
5529,hydro_reservoir,2030,15,9,9,0.5655658809777415
5530,hydro_reservoir,2030,15,10,10,0.5843753770267628
5531,hydro_reservoir,2030,15,11,11,0.6233404851309687
5532,hydro_reservoir,2030,15,12,12,0.6492909652598022
5533,hydro_reservoir,2030,15,13,13,0.6074860281005092
5534,hydro_reservoir,2030,15,14,14,0.5276369783282315
5535,hydro_reservoir,2030,15,15,15,0.445447786672061
5536,hydro_reservoir,2030,15,16,16,0.3069532187519217
5537,hydro_reservoir,2030,15,17,17,0.15725457988516367
5538,hydro_reservoir,2030,15,18,18,-0.0015684966051965343
5539,hydro_reservoir,2030,15,19,19,-0.17711657861535096
5540,hydro_reservoir,2030,15,20,20,-0.3036393123132044
5541,hydro_reservoir,2030,15,21,21,-0.4182959060896118
5542,hydro_reservoir,2030,15,22,22,-0.48891208599923675
5543,hydro_reservoir,2030,15,23,23,-0.6438341785431383
5544,hydro_reservoir,2030,15,24,24,-0.7320302140941441
5545,hydro_reservoir,2030,16,1,1,0.07654320987654321
5546,hydro_reservoir,2030,16,2,2,0.15308641975308643
5547,hydro_reservoir,2030,16,3,3,0.22962962962962963
5548,hydro_reservoir,2030,16,4,4,0.30617283950617286
5549,hydro_reservoir,2030,16,5,5,0.3827160493827161
5550,hydro_reservoir,2030,16,6,6,0.4592592592592593
5551,hydro_reservoir,2030,16,7,7,0.5358024691358025
5552,hydro_reservoir,2030,16,8,8,0.6123456790123457
5553,hydro_reservoir,2030,16,9,9,0.6888888888888889
5554,hydro_reservoir,2030,16,10,10,0.7654320987654321
5555,hydro_reservoir,2030,16,11,11,0.8419753086419752
5556,hydro_reservoir,2030,16,12,12,0.9185185185185184
5557,hydro_reservoir,2030,16,13,13,0.9950617283950616
5558,hydro_reservoir,2030,16,14,14,1.0716049382716049
5559,hydro_reservoir,2030,16,15,15,1.1481481481481481
5560,hydro_reservoir,2030,16,16,16,1.2246913580246914
5561,hydro_reservoir,2030,16,17,17,1.3012345679012347
5562,hydro_reservoir,2030,16,18,18,1.377777777777778
5563,hydro_reservoir,2030,16,19,19,1.4543209876543213
5564,hydro_reservoir,2030,16,20,20,1.5308641975308646
5565,hydro_reservoir,2030,16,21,21,1.6074074074074078
5566,hydro_reservoir,2030,16,22,22,1.6839506172839511
5567,hydro_reservoir,2030,16,23,23,1.7604938271604944
5568,hydro_reservoir,2030,16,24,24,1.8370370370370377
5569,hydro_reservoir,2030,17,1,1,0.04955908289241623
5570,hydro_reservoir,2030,17,2,2,0.09911816578483246
5571,hydro_reservoir,2030,17,3,3,0.14867724867724869
5572,hydro_reservoir,2030,17,4,4,0.19823633156966491
5573,hydro_reservoir,2030,17,5,5,0.24779541446208114
5574,hydro_reservoir,2030,17,6,6,0.29735449735449737
5575,hydro_reservoir,2030,17,7,7,0.3469135802469136
5576,hydro_reservoir,2030,17,8,8,0.39647266313932983
5577,hydro_reservoir,2030,17,9,9,0.44603174603174606
5578,hydro_reservoir,2030,17,10,10,0.4955908289241623
5579,hydro_reservoir,2030,17,11,11,0.5451499118165786
5580,hydro_reservoir,2030,17,12,12,0.5947089947089947
5581,hydro_reservoir,2030,17,13,13,0.6442680776014109
5582,hydro_reservoir,2030,17,14,14,0.6938271604938271
5583,hydro_reservoir,2030,17,15,15,0.7433862433862433
5584,hydro_reservoir,2030,17,16,16,0.7929453262786594
5585,hydro_reservoir,2030,17,17,17,0.8425044091710756
5586,hydro_reservoir,2030,17,18,18,0.8920634920634918
5587,hydro_reservoir,2030,17,19,19,0.941622574955908
5588,hydro_reservoir,2030,17,20,20,0.9911816578483241
5589,hydro_reservoir,2030,17,21,21,1.0407407407407403
5590,hydro_reservoir,2030,17,22,22,1.0902998236331565
5591,hydro_reservoir,2030,17,23,23,1.1398589065255726
5592,hydro_reservoir,2030,17,24,24,1.1894179894179888
5593,hydro_reservoir,2030,18,1,1,0.040740740740740744
5594,hydro_reservoir,2030,18,2,2,0.08148148148148149
5595,hydro_reservoir,2030,18,3,3,0.12222222222222223
5596,hydro_reservoir,2030,18,4,4,0.16296296296296298
5597,hydro_reservoir,2030,18,5,5,0.20370370370370372
5598,hydro_reservoir,2030,18,6,6,0.24444444444444446
5599,hydro_reservoir,2030,18,7,7,0.2851851851851852
5600,hydro_reservoir,2030,18,8,8,0.32592592592592595
5601,hydro_reservoir,2030,18,9,9,0.3666666666666667
5602,hydro_reservoir,2030,18,10,10,0.40740740740740744
5603,hydro_reservoir,2030,18,11,11,0.4481481481481482
5604,hydro_reservoir,2030,18,12,12,0.48888888888888893
5605,hydro_reservoir,2030,18,13,13,0.5296296296296297
5606,hydro_reservoir,2030,18,14,14,0.5703703703703704
5607,hydro_reservoir,2030,18,15,15,0.6111111111111112
5608,hydro_reservoir,2030,18,16,16,0.6518518518518519
5609,hydro_reservoir,2030,18,17,17,0.6925925925925926
5610,hydro_reservoir,2030,18,18,18,0.7333333333333334
5611,hydro_reservoir,2030,18,19,19,0.7740740740740741
5612,hydro_reservoir,2030,18,20,20,0.8148148148148149
5613,hydro_reservoir,2030,18,21,21,0.8555555555555556
5614,hydro_reservoir,2030,18,22,22,0.8962962962962964
5615,hydro_reservoir,2030,18,23,23,0.9370370370370371
5616,hydro_reservoir,2030,18,24,24,0.9777777777777779
5617,hydro_reservoir,2030,19,1,1,0.04250440917107584
5618,hydro_reservoir,2030,19,2,2,0.08500881834215168
5619,hydro_reservoir,2030,19,3,3,0.12751322751322752
5620,hydro_reservoir,2030,19,4,4,0.17001763668430336
5621,hydro_reservoir,2030,19,5,5,0.2125220458553792
5622,hydro_reservoir,2030,19,6,6,0.25502645502645505
5623,hydro_reservoir,2030,19,7,7,0.2975308641975309
5624,hydro_reservoir,2030,19,8,8,0.18177030662332677
5625,hydro_reservoir,2030,19,9,9,0.007747197878649137
5626,hydro_reservoir,2030,19,10,10,-0.19120695742627847
5627,hydro_reservoir,2030,19,11,11,-0.3679963918250173
5628,hydro_reservoir,2030,19,12,12,-0.5368585363319328
5629,hydro_reservoir,2030,19,13,13,-0.6337349333009789
5630,hydro_reservoir,2030,19,14,14,-0.7896328316334683
5631,hydro_reservoir,2030,19,15,15,-0.9239228431303821
5632,hydro_reservoir,2030,19,16,16,-1.1051421896959654
5633,hydro_reservoir,2030,19,17,17,-1.3093140731168833
5634,hydro_reservoir,2030,19,18,18,-1.4843568536164582
5635,hydro_reservoir,2030,19,19,19,-1.4433401593706863
5636,hydro_reservoir,2030,19,20,20,-1.4008357501996105
5637,hydro_reservoir,2030,19,21,21,-1.3583313410285347
5638,hydro_reservoir,2030,19,22,22,-1.3158269318574587
5639,hydro_reservoir,2030,19,23,23,-1.273322522686383
5640,hydro_reservoir,2030,19,24,24,-1.2308181135153071
5641,hydro_reservoir,2030,20,1,1,0.04338624338624339
5642,hydro_reservoir,2030,20,2,2,0.08677248677248678
5643,hydro_reservoir,2030,20,3,3,0.13015873015873017
5644,hydro_reservoir,2030,20,4,4,0.17354497354497356
5645,hydro_reservoir,2030,20,5,5,0.21693121693121695
5646,hydro_reservoir,2030,20,6,6,0.26031746031746034
5647,hydro_reservoir,2030,20,7,7,0.3037037037037037
5648,hydro_reservoir,2030,20,8,8,0.3470899470899471
5649,hydro_reservoir,2030,20,9,9,0.3493002054221145
5650,hydro_reservoir,2030,20,10,10,0.3014934277382148
5651,hydro_reservoir,2030,20,11,11,0.21151511512651097
5652,hydro_reservoir,2030,20,12,12,0.0825930738803824
5653,hydro_reservoir,2030,20,13,13,-0.0829991387886021
5654,hydro_reservoir,2030,20,14,14,-0.2693501011386958
5655,hydro_reservoir,2030,20,15,15,-0.5029553629199123
5656,hydro_reservoir,2030,20,16,16,-0.6767251700394559
5657,hydro_reservoir,2030,20,17,17,-0.7648228098278872
5658,hydro_reservoir,2030,20,18,18,-0.8265628859055847
5659,hydro_reservoir,2030,20,19,19,-0.8640417677219477
5660,hydro_reservoir,2030,20,20,20,-0.8880412053902849
5661,hydro_reservoir,2030,20,21,21,-0.8979737673138297
5662,hydro_reservoir,2030,20,22,22,-0.8545875239275863
5663,hydro_reservoir,2030,20,23,23,-0.8319062503335019
5664,hydro_reservoir,2030,20,24,24,-0.7885200069472584
5665,hydro_reservoir,2030,21,1,1,0.07707231040564375
5666,hydro_reservoir,2030,21,2,2,0.1541446208112875
5667,hydro_reservoir,2030,21,3,3,0.23121693121693124
5668,hydro_reservoir,2030,21,4,4,0.308289241622575
5669,hydro_reservoir,2030,21,5,5,0.38536155202821876
5670,hydro_reservoir,2030,21,6,6,0.46243386243386253
5671,hydro_reservoir,2030,21,7,7,0.5395061728395063
5672,hydro_reservoir,2030,21,8,8,0.6165784832451501
5673,hydro_reservoir,2030,21,9,9,0.6936507936507939
5674,hydro_reservoir,2030,21,10,10,0.7707231040564376
5675,hydro_reservoir,2030,21,11,11,0.8477954144620814
5676,hydro_reservoir,2030,21,12,12,0.9248677248677252
5677,hydro_reservoir,2030,21,13,13,1.001940035273369
5678,hydro_reservoir,2030,21,14,14,1.0790123456790126
5679,hydro_reservoir,2030,21,15,15,1.1560846560846563
5680,hydro_reservoir,2030,21,16,16,1.2331569664903
5681,hydro_reservoir,2030,21,17,17,1.3102292768959436
5682,hydro_reservoir,2030,21,18,18,1.3873015873015873
5683,hydro_reservoir,2030,21,19,19,1.464373897707231
5684,hydro_reservoir,2030,21,20,20,1.5414462081128746
5685,hydro_reservoir,2030,21,21,21,1.6185185185185182
5686,hydro_reservoir,2030,21,22,22,1.695590828924162
5687,hydro_reservoir,2030,21,23,23,1.7726631393298056
5688,hydro_reservoir,2030,21,24,24,1.8497354497354492
5689,hydro_reservoir,2030,22,1,1,0.045326278659611995
5690,hydro_reservoir,2030,22,2,2,0.09065255731922399
5691,hydro_reservoir,2030,22,3,3,0.13597883597883598
5692,hydro_reservoir,2030,22,4,4,0.18130511463844798
5693,hydro_reservoir,2030,22,5,5,0.22663139329805998
5694,hydro_reservoir,2030,22,6,6,0.27195767195767195
5695,hydro_reservoir,2030,22,7,7,0.3172839506172839
5696,hydro_reservoir,2030,22,8,8,0.3349477436326819
5697,hydro_reservoir,2030,22,9,9,0.3416535181751245
5698,hydro_reservoir,2030,22,10,10,0.3497435872211323
5699,hydro_reservoir,2030,22,11,11,0.3677705633976757
5700,hydro_reservoir,2030,22,12,12,0.4130968420572877
5701,hydro_reservoir,2030,22,13,13,0.45842312071689967
5702,hydro_reservoir,2030,22,14,14,0.49359745053758075
5703,hydro_reservoir,2030,22,15,15,0.5389237291971928
5704,hydro_reservoir,2030,22,16,16,0.5842500078568048
5705,hydro_reservoir,2030,22,17,17,0.6295762865164168
5706,hydro_reservoir,2030,22,18,18,0.6749025651760289
5707,hydro_reservoir,2030,22,19,19,0.7202288438356409
5708,hydro_reservoir,2030,22,20,20,0.735547189532473
5709,hydro_reservoir,2030,22,21,21,0.780873468192085
5710,hydro_reservoir,2030,22,22,22,0.8261997468516971
5711,hydro_reservoir,2030,22,23,23,0.8197045107192868
5712,hydro_reservoir,2030,22,24,24,0.8650307893788989
5713,hydro_reservoir,2030,23,1,1,0.0798941798941799
5714,hydro_reservoir,2030,23,2,2,0.1597883597883598
5715,hydro_reservoir,2030,23,3,3,0.23968253968253972
5716,hydro_reservoir,2030,23,4,4,0.3195767195767196
5717,hydro_reservoir,2030,23,5,5,0.39947089947089953
5718,hydro_reservoir,2030,23,6,6,0.47936507936507944
5719,hydro_reservoir,2030,23,7,7,0.5592592592592593
5720,hydro_reservoir,2030,23,8,8,0.6391534391534393
5721,hydro_reservoir,2030,23,9,9,0.7190476190476192
5722,hydro_reservoir,2030,23,10,10,0.7989417989417991
5723,hydro_reservoir,2030,23,11,11,0.7841827994834407
5724,hydro_reservoir,2030,23,12,12,0.7374874897424112
5725,hydro_reservoir,2030,23,13,13,0.6992743793628018
5726,hydro_reservoir,2030,23,14,14,0.6525089484647737
5727,hydro_reservoir,2030,23,15,15,0.6285375318220128
5728,hydro_reservoir,2030,23,16,16,0.5440831300347704
5729,hydro_reservoir,2030,23,17,17,0.4366987847450541
5730,hydro_reservoir,2030,23,18,18,0.2807484948581645
5731,hydro_reservoir,2030,23,19,19,0.12946435004355694
5732,hydro_reservoir,2030,23,20,20,-0.01176367646780957
5733,hydro_reservoir,2030,23,21,21,-0.0855611761368007
5734,hydro_reservoir,2030,23,22,22,-0.06329954248217227
5735,hydro_reservoir,2030,23,23,23,0.016594637412007632
5736,hydro_reservoir,2030,23,24,24,0.09648881730618754
5737,hydro_reservoir,2030,24,1,1,0.03492063492063492
5738,hydro_reservoir,2030,24,2,2,0.06984126984126984
5739,hydro_reservoir,2030,24,3,3,0.10476190476190476
5740,hydro_reservoir,2030,24,4,4,0.13968253968253969
5741,hydro_reservoir,2030,24,5,5,0.1746031746031746
5742,hydro_reservoir,2030,24,6,6,0.2095238095238095
5743,hydro_reservoir,2030,24,7,7,0.2444444444444444
5744,hydro_reservoir,2030,24,8,8,0.2793650793650793
5745,hydro_reservoir,2030,24,9,9,0.3142857142857142
5746,hydro_reservoir,2030,24,10,10,0.34920634920634913
5747,hydro_reservoir,2030,24,11,11,0.38412698412698404
5748,hydro_reservoir,2030,24,12,12,0.41904761904761895
5749,hydro_reservoir,2030,24,13,13,0.45396825396825385
5750,hydro_reservoir,2030,24,14,14,0.48888888888888876
5751,hydro_reservoir,2030,24,15,15,0.5238095238095237
5752,hydro_reservoir,2030,24,16,16,0.5587301587301586
5753,hydro_reservoir,2030,24,17,17,0.5253585787255861
5754,hydro_reservoir,2030,24,18,18,0.4659089348910485
5755,hydro_reservoir,2030,24,19,19,0.3695149732413838
5756,hydro_reservoir,2030,24,20,20,0.32271606755655563
5757,hydro_reservoir,2030,24,21,21,0.35038262649282675
5758,hydro_reservoir,2030,24,22,22,0.3853032614134617
5759,hydro_reservoir,2030,24,23,23,0.4202238963340966
5760,hydro_reservoir,2030,24,24,24,0.45514453125473153
5761,hydro_reservoir,2030,25,1,1,0.07477954144620812
5762,hydro_reservoir,2030,25,2,2,0.14955908289241623
5763,hydro_reservoir,2030,25,3,3,0.22433862433862434
5764,hydro_reservoir,2030,25,4,4,0.29911816578483247
5765,hydro_reservoir,2030,25,5,5,0.3738977072310406
5766,hydro_reservoir,2030,25,6,6,0.44867724867724873
5767,hydro_reservoir,2030,25,7,7,0.5234567901234568
5768,hydro_reservoir,2030,25,8,8,0.5982363315696649
5769,hydro_reservoir,2030,25,9,9,0.6730158730158731
5770,hydro_reservoir,2030,25,10,10,0.7477954144620812
5771,hydro_reservoir,2030,25,11,11,0.8225749559082893
5772,hydro_reservoir,2030,25,12,12,0.8973544973544975
5773,hydro_reservoir,2030,25,13,13,0.9721340388007056
5774,hydro_reservoir,2030,25,14,14,1.0469135802469136
5775,hydro_reservoir,2030,25,15,15,1.1216931216931216
5776,hydro_reservoir,2030,25,16,16,1.1964726631393297
5777,hydro_reservoir,2030,25,17,17,1.2712522045855377
5778,hydro_reservoir,2030,25,18,18,1.3460317460317457
5779,hydro_reservoir,2030,25,19,19,1.4208112874779537
5780,hydro_reservoir,2030,25,20,20,1.4955908289241617
5781,hydro_reservoir,2030,25,21,21,1.5703703703703698
5782,hydro_reservoir,2030,25,22,22,1.6451499118165778
5783,hydro_reservoir,2030,25,23,23,1.7199294532627858
5784,hydro_reservoir,2030,25,24,24,1.7947089947089938
5785,hydro_reservoir,2030,26,1,1,-0.11546521363179427
5786,hydro_reservoir,2030,26,2,2,-0.21080640166887438
5787,hydro_reservoir,2030,26,3,3,-0.2920668042330898
5788,hydro_reservoir,2030,26,4,4,-0.37549441851439336
5789,hydro_reservoir,2030,26,5,5,-0.4616171897549087
5790,hydro_reservoir,2030,26,6,6,-0.48342037277565714
5791,hydro_reservoir,2030,26,7,7,-0.5908162070782224
5792,hydro_reservoir,2030,26,8,8,-0.7037396521159018
5793,hydro_reservoir,2030,26,9,9,-0.9855334885432053
5794,hydro_reservoir,2030,26,10,10,-1.2650251540711526
5795,hydro_reservoir,2030,26,11,11,-1.549059416363642
5796,hydro_reservoir,2030,26,12,12,-1.8629372616256514
5797,hydro_reservoir,2030,26,13,13,-2.13642713776688
5798,hydro_reservoir,2030,26,14,14,-2.4139421822887472
5799,hydro_reservoir,2030,26,15,15,-2.704128905638168
5800,hydro_reservoir,2030,26,16,16,-3.0043522376051244
5801,hydro_reservoir,2030,26,17,17,-3.303489244851952
5802,hydro_reservoir,2030,26,18,18,-3.6234805174034914
5803,hydro_reservoir,2030,26,19,19,-3.9229533940007713
5804,hydro_reservoir,2030,26,20,20,-4.2024909611272525
5805,hydro_reservoir,2030,26,21,21,-4.429215053778775
5806,hydro_reservoir,2030,26,22,22,-4.59273149805156
5807,hydro_reservoir,2030,26,23,23,-4.698270894469602
5808,hydro_reservoir,2030,26,24,24,-4.899236952717722
5809,hydro_reservoir,2030,27,1,1,0.02345679012345679
5810,hydro_reservoir,2030,27,2,2,0.04691358024691358
5811,hydro_reservoir,2030,27,3,3,0.07037037037037037
5812,hydro_reservoir,2030,27,4,4,0.09382716049382717
5813,hydro_reservoir,2030,27,5,5,0.11728395061728396
5814,hydro_reservoir,2030,27,6,6,0.14074074074074075
5815,hydro_reservoir,2030,27,7,7,0.16419753086419753
5816,hydro_reservoir,2030,27,8,8,0.18765432098765433
5817,hydro_reservoir,2030,27,9,9,0.21111111111111114
5818,hydro_reservoir,2030,27,10,10,0.23456790123456794
5819,hydro_reservoir,2030,27,11,11,0.25802469135802475
5820,hydro_reservoir,2030,27,12,12,0.28148148148148155
5821,hydro_reservoir,2030,27,13,13,0.30493827160493836
5822,hydro_reservoir,2030,27,14,14,0.32839506172839517
5823,hydro_reservoir,2030,27,15,15,0.35185185185185197
5824,hydro_reservoir,2030,27,16,16,0.3753086419753088
5825,hydro_reservoir,2030,27,17,17,0.3987654320987656
5826,hydro_reservoir,2030,27,18,18,0.4222222222222224
5827,hydro_reservoir,2030,27,19,19,0.4456790123456792
5828,hydro_reservoir,2030,27,20,20,0.469135802469136
5829,hydro_reservoir,2030,27,21,21,0.4925925925925928
5830,hydro_reservoir,2030,27,22,22,0.5160493827160496
5831,hydro_reservoir,2030,27,23,23,0.5395061728395064
5832,hydro_reservoir,2030,27,24,24,0.5629629629629632
5833,hydro_reservoir,2030,28,1,1,-0.025656713932827105
5834,hydro_reservoir,2030,28,2,2,-0.024715508855490124
5835,hydro_reservoir,2030,28,3,3,-0.00455001847943632
5836,hydro_reservoir,2030,28,4,4,0.04483269756994639
5837,hydro_reservoir,2030,28,5,5,0.06013373857880099
5838,hydro_reservoir,2030,28,6,6,0.09466853849167706
5839,hydro_reservoir,2030,28,7,7,0.12746562000683997
5840,hydro_reservoir,2030,28,8,8,-0.014882011929942669
5841,hydro_reservoir,2030,28,9,9,-0.074911213726861
5842,hydro_reservoir,2030,28,10,10,-0.28707220214402224
5843,hydro_reservoir,2030,28,11,11,-0.4650516497535262
5844,hydro_reservoir,2030,28,12,12,-0.46568545413476786
5845,hydro_reservoir,2030,28,13,13,-0.6279085994346058
5846,hydro_reservoir,2030,28,14,14,-0.7895968778467459
5847,hydro_reservoir,2030,28,15,15,-0.9511175532264793
5848,hydro_reservoir,2030,28,16,16,-0.9795841827867411
5849,hydro_reservoir,2030,28,17,17,-1.2110369222209396
5850,hydro_reservoir,2030,28,18,18,-1.4514680874408297
5851,hydro_reservoir,2030,28,19,19,-1.6878132579660505
5852,hydro_reservoir,2030,28,20,20,-1.881767904407684
5853,hydro_reservoir,2030,28,21,21,-2.009900672580603
5854,hydro_reservoir,2030,28,22,22,-2.0493349313665976
5855,hydro_reservoir,2030,28,23,23,-2.1247138679259585
5856,hydro_reservoir,2030,28,24,24,-2.1038173978545265
5857,hydro_reservoir,2030,29,1,1,0.08236331569664904
5858,hydro_reservoir,2030,29,2,2,0.16472663139329807
5859,hydro_reservoir,2030,29,3,3,0.2470899470899471
5860,hydro_reservoir,2030,29,4,4,0.32945326278659615
5861,hydro_reservoir,2030,29,5,5,0.3788366820658723
5862,hydro_reservoir,2030,29,6,6,0.4572598187334088
5863,hydro_reservoir,2030,29,7,7,0.42755467532525143
5864,hydro_reservoir,2030,29,8,8,0.3822992529040097
5865,hydro_reservoir,2030,29,9,9,0.1779315967088245
5866,hydro_reservoir,2030,29,10,10,-0.052393936510165384
5867,hydro_reservoir,2030,29,11,11,-0.2391987282710605
5868,hydro_reservoir,2030,29,12,12,-0.41737753195919863
5869,hydro_reservoir,2030,29,13,13,-0.5439261949859151
5870,hydro_reservoir,2030,29,14,14,-0.6464013307507281
5871,hydro_reservoir,2030,29,15,15,-0.7177748417299843
5872,hydro_reservoir,2030,29,16,16,-0.7730184838715133
5873,hydro_reservoir,2030,29,17,17,-0.6906551681748643
5874,hydro_reservoir,2030,29,18,18,-0.6082918524782153
5875,hydro_reservoir,2030,29,19,19,-0.5259285367815663
5876,hydro_reservoir,2030,29,20,20,-0.44356522108491725
5877,hydro_reservoir,2030,29,21,21,-0.36120190538826824
5878,hydro_reservoir,2030,29,22,22,-0.2788385896916192
5879,hydro_reservoir,2030,29,23,23,-0.19647527399497014
5880,hydro_reservoir,2030,29,24,24,-0.1141119582983211
5881,hydro_reservoir,2030,30,1,1,0.0236331569664903
5882,hydro_reservoir,2030,30,2,2,0.0472663139329806
5883,hydro_reservoir,2030,30,3,3,0.0708994708994709
5884,hydro_reservoir,2030,30,4,4,0.0945326278659612
5885,hydro_reservoir,2030,30,5,5,0.11816578483245149
5886,hydro_reservoir,2030,30,6,6,0.14179894179894179
5887,hydro_reservoir,2030,30,7,7,0.16543209876543208
5888,hydro_reservoir,2030,30,8,8,0.18906525573192237
5889,hydro_reservoir,2030,30,9,9,0.21269841269841266
5890,hydro_reservoir,2030,30,10,10,0.23633156966490296
5891,hydro_reservoir,2030,30,11,11,0.25996472663139325
5892,hydro_reservoir,2030,30,12,12,0.28359788359788357
5893,hydro_reservoir,2030,30,13,13,0.3072310405643739
5894,hydro_reservoir,2030,30,14,14,0.3299930033746763
5895,hydro_reservoir,2030,30,15,15,0.3536261603411666
5896,hydro_reservoir,2030,30,16,16,0.37725931730765694
5897,hydro_reservoir,2030,30,17,17,0.39910421359281856
5898,hydro_reservoir,2030,30,18,18,0.41049867809354157
5899,hydro_reservoir,2030,30,19,19,0.4341318350600319
5900,hydro_reservoir,2030,30,20,20,0.4577649920265222
5901,hydro_reservoir,2030,30,21,21,0.4813981489930125
5902,hydro_reservoir,2030,30,22,22,0.5050313059595027
5903,hydro_reservoir,2030,30,23,23,0.5286644629259931
5904,hydro_reservoir,2030,30,24,24,0.5522976198924834
5905,hydro_reservoir,2030,31,1,1,0.026278659611992945
5906,hydro_reservoir,2030,31,2,2,0.05255731922398589
5907,hydro_reservoir,2030,31,3,3,0.07883597883597884
5908,hydro_reservoir,2030,31,4,4,0.10511463844797178
5909,hydro_reservoir,2030,31,5,5,0.13139329805996472
5910,hydro_reservoir,2030,31,6,6,0.15767195767195766
5911,hydro_reservoir,2030,31,7,7,0.1839506172839506
5912,hydro_reservoir,2030,31,8,8,0.21022927689594353
5913,hydro_reservoir,2030,31,9,9,0.23127823555071456
5914,hydro_reservoir,2030,31,10,10,0.2575568951627075
5915,hydro_reservoir,2030,31,11,11,0.28383555477470046
5916,hydro_reservoir,2030,31,12,12,0.2598298273488503
5917,hydro_reservoir,2030,31,13,13,0.28610848696084323
5918,hydro_reservoir,2030,31,14,14,0.2658884101869818
5919,hydro_reservoir,2030,31,15,15,0.2921670697989748
5920,hydro_reservoir,2030,31,16,16,0.3184457294109677
5921,hydro_reservoir,2030,31,17,17,0.34472438902296065
5922,hydro_reservoir,2030,31,18,18,0.3710030486349536
5923,hydro_reservoir,2030,31,19,19,0.39728170824694653
5924,hydro_reservoir,2030,31,20,20,0.42356036785893947
5925,hydro_reservoir,2030,31,21,21,0.4498390274709324
5926,hydro_reservoir,2030,31,22,22,0.47611768708292534
5927,hydro_reservoir,2030,31,23,23,0.5023963466949183
5928,hydro_reservoir,2030,31,24,24,0.5286750063069112
5929,hydro_reservoir,2030,32,1,1,0.0236331569664903
5930,hydro_reservoir,2030,32,2,2,0.0472663139329806
5931,hydro_reservoir,2030,32,3,3,0.0708994708994709
5932,hydro_reservoir,2030,32,4,4,0.0945326278659612
5933,hydro_reservoir,2030,32,5,5,0.11816578483245149
5934,hydro_reservoir,2030,32,6,6,0.14179894179894179
5935,hydro_reservoir,2030,32,7,7,0.16543209876543208
5936,hydro_reservoir,2030,32,8,8,0.18906525573192237
5937,hydro_reservoir,2030,32,9,9,0.21269841269841266
5938,hydro_reservoir,2030,32,10,10,0.23633156966490296
5939,hydro_reservoir,2030,32,11,11,0.25996472663139325
5940,hydro_reservoir,2030,32,12,12,0.28359788359788357
5941,hydro_reservoir,2030,32,13,13,0.3072310405643739
5942,hydro_reservoir,2030,32,14,14,0.3308641975308642
5943,hydro_reservoir,2030,32,15,15,0.35449735449735453
5944,hydro_reservoir,2030,32,16,16,0.37813051146384485
5945,hydro_reservoir,2030,32,17,17,0.4017636684303352
5946,hydro_reservoir,2030,32,18,18,0.4253968253968255
5947,hydro_reservoir,2030,32,19,19,0.4490299823633158
5948,hydro_reservoir,2030,32,20,20,0.47266313932980614
5949,hydro_reservoir,2030,32,21,21,0.49629629629629646
5950,hydro_reservoir,2030,32,22,22,0.5199294532627867
5951,hydro_reservoir,2030,32,23,23,0.543562610229277
5952,hydro_reservoir,2030,32,24,24,0.5671957671957673
5953,hydro_reservoir,2030,33,1,1,0.0927689594356261
5954,hydro_reservoir,2030,33,2,2,0.1855379188712522
5955,hydro_reservoir,2030,33,3,3,0.2783068783068783
5956,hydro_reservoir,2030,33,4,4,0.3710758377425044
5957,hydro_reservoir,2030,33,5,5,0.46384479717813054
5958,hydro_reservoir,2030,33,6,6,0.5566137566137567
5959,hydro_reservoir,2030,33,7,7,0.6493827160493828
5960,hydro_reservoir,2030,33,8,8,0.7421516754850089
5961,hydro_reservoir,2030,33,9,9,0.8349206349206351
5962,hydro_reservoir,2030,33,10,10,0.8456343889755478
5963,hydro_reservoir,2030,33,11,11,0.7737843417379806
5964,hydro_reservoir,2030,33,12,12,0.6019854099312675
5965,hydro_reservoir,2030,33,13,13,0.43408546548931276
5966,hydro_reservoir,2030,33,14,14,0.23529022511417
5967,hydro_reservoir,2030,33,15,15,0.020907038387455834
5968,hydro_reservoir,2030,33,16,16,-0.1865392547238584
5969,hydro_reservoir,2030,33,17,17,-0.42733472713608334
5970,hydro_reservoir,2030,33,18,18,-0.6528665409068273
5971,hydro_reservoir,2030,33,19,19,-0.8632747072739526
5972,hydro_reservoir,2030,33,20,20,-1.0731542293262262
5973,hydro_reservoir,2030,33,21,21,-1.2470028632558385
5974,hydro_reservoir,2030,33,22,22,-1.373592895158805
5975,hydro_reservoir,2030,33,23,23,-1.443863056914445
5976,hydro_reservoir,2030,33,24,24,-1.4718361336069663
5977,hydro_reservoir,2030,34,1,1,0.031746031746031744
5978,hydro_reservoir,2030,34,2,2,0.06349206349206349
5979,hydro_reservoir,2030,34,3,3,0.09523809523809523
5980,hydro_reservoir,2030,34,4,4,0.12698412698412698
5981,hydro_reservoir,2030,34,5,5,0.15873015873015872
5982,hydro_reservoir,2030,34,6,6,0.19047619047619047
5983,hydro_reservoir,2030,34,7,7,0.2222222222222222
5984,hydro_reservoir,2030,34,8,8,0.25396825396825395
5985,hydro_reservoir,2030,34,9,9,0.2857142857142857
5986,hydro_reservoir,2030,34,10,10,0.31746031746031744
5987,hydro_reservoir,2030,34,11,11,0.3492063492063492
5988,hydro_reservoir,2030,34,12,12,0.38095238095238093
5989,hydro_reservoir,2030,34,13,13,0.4126984126984127
5990,hydro_reservoir,2030,34,14,14,0.4444444444444444
5991,hydro_reservoir,2030,34,15,15,0.47619047619047616
5992,hydro_reservoir,2030,34,16,16,0.5079365079365079
5993,hydro_reservoir,2030,34,17,17,0.5396825396825397
5994,hydro_reservoir,2030,34,18,18,0.5714285714285714
5995,hydro_reservoir,2030,34,19,19,0.6031746031746031
5996,hydro_reservoir,2030,34,20,20,0.6349206349206349
5997,hydro_reservoir,2030,34,21,21,0.6666666666666666
5998,hydro_reservoir,2030,34,22,22,0.6984126984126984
5999,hydro_reservoir,2030,34,23,23,0.7301587301587301
6000,hydro_reservoir,2030,34,24,24,0.7619047619047619
6001,hydro_reservoir,2030,35,1,1,0.06472663139329807
6002,hydro_reservoir,2030,35,2,2,0.12945326278659613
6003,hydro_reservoir,2030,35,3,3,0.1941798941798942
6004,hydro_reservoir,2030,35,4,4,0.25890652557319227
6005,hydro_reservoir,2030,35,5,5,0.3236331569664903
6006,hydro_reservoir,2030,35,6,6,0.38835978835978835
6007,hydro_reservoir,2030,35,7,7,0.4519624226497713
6008,hydro_reservoir,2030,35,8,8,0.4195533767193985
6009,hydro_reservoir,2030,35,9,9,0.2619910260809169
6010,hydro_reservoir,2030,35,10,10,0.09569122994075177
6011,hydro_reservoir,2030,35,11,11,-0.015918430587348986
6012,hydro_reservoir,2030,35,12,12,-0.09224462087095137
6013,hydro_reservoir,2030,35,13,13,-0.07283676764425984
6014,hydro_reservoir,2030,35,14,14,-0.008110136250961797
6015,hydro_reservoir,2030,35,15,15,0.05661649514233624
6016,hydro_reservoir,2030,35,16,16,0.12134312653563428
6017,hydro_reservoir,2030,35,17,17,0.18606975792893232
6018,hydro_reservoir,2030,35,18,18,0.25079638932223036
6019,hydro_reservoir,2030,35,19,19,0.3155230207155284
6020,hydro_reservoir,2030,35,20,20,0.38024965210882644
6021,hydro_reservoir,2030,35,21,21,0.4449762835021245
6022,hydro_reservoir,2030,35,22,22,0.5097029148954226
6023,hydro_reservoir,2030,35,23,23,0.5744295462887207
6024,hydro_reservoir,2030,35,24,24,0.6391561776820187
6025,hydro_reservoir,2030,36,1,1,0.025044091710758377
6026,hydro_reservoir,2030,36,2,2,0.05008818342151675
6027,hydro_reservoir,2030,36,3,3,0.07513227513227513
6028,hydro_reservoir,2030,36,4,4,0.1001763668430335
6029,hydro_reservoir,2030,36,5,5,0.12522045855379188
6030,hydro_reservoir,2030,36,6,6,0.15026455026455027
6031,hydro_reservoir,2030,36,7,7,0.17530864197530865
6032,hydro_reservoir,2030,36,8,8,0.20035273368606704
6033,hydro_reservoir,2030,36,9,9,0.22539682539682543
6034,hydro_reservoir,2030,36,10,10,0.2504409171075838
6035,hydro_reservoir,2030,36,11,11,0.2754850088183422
6036,hydro_reservoir,2030,36,12,12,0.3005291005291006
6037,hydro_reservoir,2030,36,13,13,0.325573192239859
6038,hydro_reservoir,2030,36,14,14,0.35061728395061736
6039,hydro_reservoir,2030,36,15,15,0.37566137566137575
6040,hydro_reservoir,2030,36,16,16,0.40070546737213414
6041,hydro_reservoir,2030,36,17,17,0.4257495590828925
6042,hydro_reservoir,2030,36,18,18,0.4507936507936509
6043,hydro_reservoir,2030,36,19,19,0.4758377425044093
6044,hydro_reservoir,2030,36,20,20,0.5008818342151676
6045,hydro_reservoir,2030,36,21,21,0.525925925925926
6046,hydro_reservoir,2030,36,22,22,0.5509700176366844
6047,hydro_reservoir,2030,36,23,23,0.5760141093474428
6048,hydro_reservoir,2030,36,24,24,0.6010582010582012
6049,hydro_reservoir,2030,37,1,1,0.0291005291005291
6050,hydro_reservoir,2030,37,2,2,0.0582010582010582
6051,hydro_reservoir,2030,37,3,3,0.0873015873015873
6052,hydro_reservoir,2030,37,4,4,0.1164021164021164
6053,hydro_reservoir,2030,37,5,5,0.1455026455026455
6054,hydro_reservoir,2030,37,6,6,0.1746031746031746
6055,hydro_reservoir,2030,37,7,7,0.2037037037037037
6056,hydro_reservoir,2030,37,8,8,0.2228770327114663
6057,hydro_reservoir,2030,37,9,9,0.17639158947500444
6058,hydro_reservoir,2030,37,10,10,0.15201689721394215
6059,hydro_reservoir,2030,37,11,11,0.18111742631447125
6060,hydro_reservoir,2030,37,12,12,0.1755627414638404
6061,hydro_reservoir,2030,37,13,13,0.2046632705643695
6062,hydro_reservoir,2030,37,14,14,0.18569783001370183
6063,hydro_reservoir,2030,37,15,15,0.18083068371798752
6064,hydro_reservoir,2030,37,16,16,0.20993121281851662
6065,hydro_reservoir,2030,37,17,17,0.23903174191904572
6066,hydro_reservoir,2030,37,18,18,0.2681322710195748
6067,hydro_reservoir,2030,37,19,19,0.25882390431731184
6068,hydro_reservoir,2030,37,20,20,0.2879244334178409
6069,hydro_reservoir,2030,37,21,21,0.31702496251837
6070,hydro_reservoir,2030,37,22,22,0.3461254916188991
6071,hydro_reservoir,2030,37,23,23,0.37522602071942823
6072,hydro_reservoir,2030,37,24,24,0.4043265498199573
6073,hydro_reservoir,2030,38,1,1,-0.009983941677246408
6074,hydro_reservoir,2030,38,2,2,-0.0055678869119354405
6075,hydro_reservoir,2030,38,3,3,0.009980725116463196
6076,hydro_reservoir,2030,38,4,4,0.041374023176427924
6077,hydro_reservoir,2030,38,5,5,0.07276732123639265
6078,hydro_reservoir,2030,38,6,6,0.10416061929635738
6079,hydro_reservoir,2030,38,7,7,0.1355539173563221
6080,hydro_reservoir,2030,38,8,8,0.16694721541628682
6081,hydro_reservoir,2030,38,9,9,0.015160976689598038
6082,hydro_reservoir,2030,38,10,10,-0.14258854427990003
6083,hydro_reservoir,2030,38,11,11,-0.24935839839655416
6084,hydro_reservoir,2030,38,12,12,-0.21796510033658945
6085,hydro_reservoir,2030,38,13,13,-0.2175964466310077
6086,hydro_reservoir,2030,38,14,14,-0.18620314857104298
6087,hydro_reservoir,2030,38,15,15,-0.15480985051107826
6088,hydro_reservoir,2030,38,16,16,-0.12341655245111355
6089,hydro_reservoir,2030,38,17,17,-0.09202325439114883
6090,hydro_reservoir,2030,38,18,18,-0.06062995633118412
6091,hydro_reservoir,2030,38,19,19,-0.029236658271219407
6092,hydro_reservoir,2030,38,20,20,0.002156639788745307
6093,hydro_reservoir,2030,38,21,21,0.033549937848710035
6094,hydro_reservoir,2030,38,22,22,0.06494323590867476
6095,hydro_reservoir,2030,38,23,23,0.09633653396863949
6096,hydro_reservoir,2030,38,24,24,0.12772983202860422
6097,hydro_reservoir,2030,39,1,1,0.026278659611992945
6098,hydro_reservoir,2030,39,2,2,0.05255731922398589
6099,hydro_reservoir,2030,39,3,3,0.07883597883597884
6100,hydro_reservoir,2030,39,4,4,0.10511463844797178
6101,hydro_reservoir,2030,39,5,5,0.13139329805996472
6102,hydro_reservoir,2030,39,6,6,0.15767195767195766
6103,hydro_reservoir,2030,39,7,7,0.1839506172839506
6104,hydro_reservoir,2030,39,8,8,0.21022927689594353
6105,hydro_reservoir,2030,39,9,9,0.23650793650793647
6106,hydro_reservoir,2030,39,10,10,0.26278659611992944
6107,hydro_reservoir,2030,39,11,11,0.2890652557319224
6108,hydro_reservoir,2030,39,12,12,0.3153439153439153
6109,hydro_reservoir,2030,39,13,13,0.34162257495590825
6110,hydro_reservoir,2030,39,14,14,0.3679012345679012
6111,hydro_reservoir,2030,39,15,15,0.39417989417989413
6112,hydro_reservoir,2030,39,16,16,0.42045855379188707
6113,hydro_reservoir,2030,39,17,17,0.44673721340388
6114,hydro_reservoir,2030,39,18,18,0.47301587301587295
6115,hydro_reservoir,2030,39,19,19,0.4992945326278659
6116,hydro_reservoir,2030,39,20,20,0.5255731922398589
6117,hydro_reservoir,2030,39,21,21,0.5518518518518518
6118,hydro_reservoir,2030,39,22,22,0.5781305114638448
6119,hydro_reservoir,2030,39,23,23,0.6044091710758377
6120,hydro_reservoir,2030,39,24,24,0.6306878306878306
6121,hydro_reservoir,2030,40,1,1,-0.08095679251004495
6122,hydro_reservoir,2030,40,2,2,-0.1349891080074997
6123,hydro_reservoir,2030,40,3,3,-0.1683987931439404
6124,hydro_reservoir,2030,40,4,4,-0.13647639455487515
6125,hydro_reservoir,2030,40,5,5,-0.10455399596580989
6126,hydro_reservoir,2030,40,6,6,-0.07263159737674463
6127,hydro_reservoir,2030,40,7,7,-0.07326826992939245
6128,hydro_reservoir,2030,40,8,8,-0.23916964067902374
6129,hydro_reservoir,2030,40,9,9,-0.47521463463908925
6130,hydro_reservoir,2030,40,10,10,-0.7109709520337231
6131,hydro_reservoir,2030,40,11,11,-0.9209488756013957
6132,hydro_reservoir,2030,40,12,12,-0.9186306734500256
6133,hydro_reservoir,2030,40,13,13,-1.0470185803888001
6134,hydro_reservoir,2030,40,14,14,-1.0150961817997348
6135,hydro_reservoir,2030,40,15,15,-0.9831737832106696
6136,hydro_reservoir,2030,40,16,16,-0.9512513846216044
6137,hydro_reservoir,2030,40,17,17,-0.9193289860325391
6138,hydro_reservoir,2030,40,18,18,-0.8874065874434739
6139,hydro_reservoir,2030,40,19,19,-0.8554841888544086
6140,hydro_reservoir,2030,40,20,20,-0.8235617902653434
6141,hydro_reservoir,2030,40,21,21,-0.7916393916762781
6142,hydro_reservoir,2030,40,22,22,-0.7597169930872129
6143,hydro_reservoir,2030,40,23,23,-0.7277945944981475
6144,hydro_reservoir,2030,40,24,24,-0.6958721959090823
6145,hydro_reservoir,2030,41,1,1,0.026278659611992945
6146,hydro_reservoir,2030,41,2,2,0.05255731922398589
6147,hydro_reservoir,2030,41,3,3,0.07883597883597884
6148,hydro_reservoir,2030,41,4,4,0.10511463844797178
6149,hydro_reservoir,2030,41,5,5,0.13139329805996472
6150,hydro_reservoir,2030,41,6,6,0.15767195767195766
6151,hydro_reservoir,2030,41,7,7,0.1839506172839506
6152,hydro_reservoir,2030,41,8,8,0.21022927689594353
6153,hydro_reservoir,2030,41,9,9,0.23650793650793647
6154,hydro_reservoir,2030,41,10,10,0.26278659611992944
6155,hydro_reservoir,2030,41,11,11,0.2890652557319224
6156,hydro_reservoir,2030,41,12,12,0.3153439153439153
6157,hydro_reservoir,2030,41,13,13,0.34162257495590825
6158,hydro_reservoir,2030,41,14,14,0.3679012345679012
6159,hydro_reservoir,2030,41,15,15,0.39417989417989413
6160,hydro_reservoir,2030,41,16,16,0.42045855379188707
6161,hydro_reservoir,2030,41,17,17,0.44673721340388
6162,hydro_reservoir,2030,41,18,18,0.47301587301587295
6163,hydro_reservoir,2030,41,19,19,0.4992945326278659
6164,hydro_reservoir,2030,41,20,20,0.5255731922398589
6165,hydro_reservoir,2030,41,21,21,0.5518518518518518
6166,hydro_reservoir,2030,41,22,22,0.5781305114638448
6167,hydro_reservoir,2030,41,23,23,0.6044091710758377
6168,hydro_reservoir,2030,41,24,24,0.6306878306878306
6169,hydro_reservoir,2030,42,1,1,0.02522045855379189
6170,hydro_reservoir,2030,42,2,2,0.05044091710758378
6171,hydro_reservoir,2030,42,3,3,0.07566137566137567
6172,hydro_reservoir,2030,42,4,4,0.10088183421516755
6173,hydro_reservoir,2030,42,5,5,0.12610229276895946
6174,hydro_reservoir,2030,42,6,6,0.15132275132275136
6175,hydro_reservoir,2030,42,7,7,0.17654320987654326
6176,hydro_reservoir,2030,42,8,8,0.20176366843033516
6177,hydro_reservoir,2030,42,9,9,0.22698412698412707
6178,hydro_reservoir,2030,42,10,10,0.25220458553791897
6179,hydro_reservoir,2030,42,11,11,0.27742504409171087
6180,hydro_reservoir,2030,42,12,12,0.3026455026455028
6181,hydro_reservoir,2030,42,13,13,0.3278659611992947
6182,hydro_reservoir,2030,42,14,14,0.3530864197530866
6183,hydro_reservoir,2030,42,15,15,0.3783068783068785
6184,hydro_reservoir,2030,42,16,16,0.4035273368606704
6185,hydro_reservoir,2030,42,17,17,0.4287477954144623
6186,hydro_reservoir,2030,42,18,18,0.4539682539682542
6187,hydro_reservoir,2030,42,19,19,0.4791887125220461
6188,hydro_reservoir,2030,42,20,20,0.5044091710758379
6189,hydro_reservoir,2030,42,21,21,0.5296296296296298
6190,hydro_reservoir,2030,42,22,22,0.5548500881834216
6191,hydro_reservoir,2030,42,23,23,0.5800705467372135
6192,hydro_reservoir,2030,42,24,24,0.6052910052910053
6193,hydro_reservoir,2030,43,1,1,0.026278659611992945
6194,hydro_reservoir,2030,43,2,2,0.05255731922398589
6195,hydro_reservoir,2030,43,3,3,0.07883597883597884
6196,hydro_reservoir,2030,43,4,4,0.10511463844797178
6197,hydro_reservoir,2030,43,5,5,0.13139329805996472
6198,hydro_reservoir,2030,43,6,6,0.15767195767195766
6199,hydro_reservoir,2030,43,7,7,0.1839506172839506
6200,hydro_reservoir,2030,43,8,8,0.21022927689594353
6201,hydro_reservoir,2030,43,9,9,0.23650793650793647
6202,hydro_reservoir,2030,43,10,10,0.26278659611992944
6203,hydro_reservoir,2030,43,11,11,0.2890652557319224
6204,hydro_reservoir,2030,43,12,12,0.3153439153439153
6205,hydro_reservoir,2030,43,13,13,0.34162257495590825
6206,hydro_reservoir,2030,43,14,14,0.3679012345679012
6207,hydro_reservoir,2030,43,15,15,0.39417989417989413
6208,hydro_reservoir,2030,43,16,16,0.42045855379188707
6209,hydro_reservoir,2030,43,17,17,0.44673721340388
6210,hydro_reservoir,2030,43,18,18,0.4334923044416491
6211,hydro_reservoir,2030,43,19,19,0.45977096405364204
6212,hydro_reservoir,2030,43,20,20,0.486049623665635
6213,hydro_reservoir,2030,43,21,21,0.5123282832776279
6214,hydro_reservoir,2030,43,22,22,0.5386069428896209
6215,hydro_reservoir,2030,43,23,23,0.5648856025016138
6216,hydro_reservoir,2030,43,24,24,0.5911642621136067
6217,hydro_reservoir,2030,44,1,1,0.04144620811287478
6218,hydro_reservoir,2030,44,2,2,0.08289241622574955
6219,hydro_reservoir,2030,44,3,3,0.12433862433862433
6220,hydro_reservoir,2030,44,4,4,0.1657848324514991
6221,hydro_reservoir,2030,44,5,5,0.2072310405643739
6222,hydro_reservoir,2030,44,6,6,0.24867724867724866
6223,hydro_reservoir,2030,44,7,7,0.2901234567901234
6224,hydro_reservoir,2030,44,8,8,0.3315696649029982
6225,hydro_reservoir,2030,44,9,9,0.2957927893481055
6226,hydro_reservoir,2030,44,10,10,0.3372389974609803
6227,hydro_reservoir,2030,44,11,11,0.3786852055738551
6228,hydro_reservoir,2030,44,12,12,0.4201314136867299
6229,hydro_reservoir,2030,44,13,13,0.4615776217996047
6230,hydro_reservoir,2030,44,14,14,0.5030238299124795
6231,hydro_reservoir,2030,44,15,15,0.5444700380253543
6232,hydro_reservoir,2030,44,16,16,0.5859162461382291
6233,hydro_reservoir,2030,44,17,17,0.6273624542511039
6234,hydro_reservoir,2030,44,18,18,0.6688086623639786
6235,hydro_reservoir,2030,44,19,19,0.7102548704768534
6236,hydro_reservoir,2030,44,20,20,0.7517010785897282
6237,hydro_reservoir,2030,44,21,21,0.793147286702603
6238,hydro_reservoir,2030,44,22,22,0.8345934948154778
6239,hydro_reservoir,2030,44,23,23,0.8760397029283525
6240,hydro_reservoir,2030,44,24,24,0.9174859110412273
6241,hydro_reservoir,2030,45,1,1,0.02328042328042328
6242,hydro_reservoir,2030,45,2,2,0.04656084656084656
6243,hydro_reservoir,2030,45,3,3,0.06984126984126984
6244,hydro_reservoir,2030,45,4,4,0.09312169312169312
6245,hydro_reservoir,2030,45,5,5,0.1164021164021164
6246,hydro_reservoir,2030,45,6,6,0.13968253968253969
6247,hydro_reservoir,2030,45,7,7,0.16296296296296298
6248,hydro_reservoir,2030,45,8,8,0.18624338624338627
6249,hydro_reservoir,2030,45,9,9,0.20952380952380956
6250,hydro_reservoir,2030,45,10,10,0.23280423280423285
6251,hydro_reservoir,2030,45,11,11,0.25608465608465614
6252,hydro_reservoir,2030,45,12,12,0.2793650793650794
6253,hydro_reservoir,2030,45,13,13,0.3026455026455027
6254,hydro_reservoir,2030,45,14,14,0.325925925925926
6255,hydro_reservoir,2030,45,15,15,0.3492063492063493
6256,hydro_reservoir,2030,45,16,16,0.3724867724867726
6257,hydro_reservoir,2030,45,17,17,0.3957671957671959
6258,hydro_reservoir,2030,45,18,18,0.41904761904761917
6259,hydro_reservoir,2030,45,19,19,0.44232804232804246
6260,hydro_reservoir,2030,45,20,20,0.46560846560846575
6261,hydro_reservoir,2030,45,21,21,0.48888888888888904
6262,hydro_reservoir,2030,45,22,22,0.5121693121693123
6263,hydro_reservoir,2030,45,23,23,0.5354497354497355
6264,hydro_reservoir,2030,45,24,24,0.5587301587301587
6265,hydro_reservoir,2030,46,1,1,0.02433862433862434
6266,hydro_reservoir,2030,46,2,2,0.04867724867724868
6267,hydro_reservoir,2030,46,3,3,0.07301587301587302
6268,hydro_reservoir,2030,46,4,4,0.09735449735449736
6269,hydro_reservoir,2030,46,5,5,0.1216931216931217
6270,hydro_reservoir,2030,46,6,6,0.14603174603174604
6271,hydro_reservoir,2030,46,7,7,0.1703703703703704
6272,hydro_reservoir,2030,46,8,8,0.19470899470899472
6273,hydro_reservoir,2030,46,9,9,0.21904761904761905
6274,hydro_reservoir,2030,46,10,10,0.21691377570127102
6275,hydro_reservoir,2030,46,11,11,0.24125240003989534
6276,hydro_reservoir,2030,46,12,12,0.26559102437851967
6277,hydro_reservoir,2030,46,13,13,0.289929648717144
6278,hydro_reservoir,2030,46,14,14,0.3142682730557683
6279,hydro_reservoir,2030,46,15,15,0.33860689739439265
6280,hydro_reservoir,2030,46,16,16,0.362945521733017
6281,hydro_reservoir,2030,46,17,17,0.3872841460716413
6282,hydro_reservoir,2030,46,18,18,0.4116227704102656
6283,hydro_reservoir,2030,46,19,19,0.43596139474889
6284,hydro_reservoir,2030,46,20,20,0.46030001908751433
6285,hydro_reservoir,2030,46,21,21,0.48463864342613866
6286,hydro_reservoir,2030,46,22,22,0.508977267764763
6287,hydro_reservoir,2030,46,23,23,0.5333158921033874
6288,hydro_reservoir,2030,46,24,24,0.5576545164420117
6289,hydro_reservoir,2030,47,1,1,0.03527336860670194
6290,hydro_reservoir,2030,47,2,2,0.07054673721340388
6291,hydro_reservoir,2030,47,3,3,0.10582010582010581
6292,hydro_reservoir,2030,47,4,4,0.14109347442680775
6293,hydro_reservoir,2030,47,5,5,0.1763668430335097
6294,hydro_reservoir,2030,47,6,6,0.21164021164021163
6295,hydro_reservoir,2030,47,7,7,0.24691358024691357
6296,hydro_reservoir,2030,47,8,8,0.2821869488536155
6297,hydro_reservoir,2030,47,9,9,0.15076511987131674
6298,hydro_reservoir,2030,47,10,10,0.16015936942614217
6299,hydro_reservoir,2030,47,11,11,0.05107605193406043
6300,hydro_reservoir,2030,47,12,12,-0.00473507280996268
6301,hydro_reservoir,2030,47,13,13,0.030538295796739258
6302,hydro_reservoir,2030,47,14,14,0.06581166440344119
6303,hydro_reservoir,2030,47,15,15,0.07870616139613218
6304,hydro_reservoir,2030,47,16,16,0.11397953000283412
6305,hydro_reservoir,2030,47,17,17,0.14925289860953606
6306,hydro_reservoir,2030,47,18,18,0.016162078371237343
6307,hydro_reservoir,2030,47,19,19,0.027328334888634953
6308,hydro_reservoir,2030,47,20,20,0.06260170349533689
6309,hydro_reservoir,2030,47,21,21,0.039112349376924926
6310,hydro_reservoir,2030,47,22,22,0.07438571798362686
6311,hydro_reservoir,2030,47,23,23,0.1096590865903288
6312,hydro_reservoir,2030,47,24,24,0.14493245519703074
6313,hydro_reservoir,2030,48,1,1,0.031216931216931216
6314,hydro_reservoir,2030,48,2,2,0.06243386243386243
6315,hydro_reservoir,2030,48,3,3,0.09365079365079365
6316,hydro_reservoir,2030,48,4,4,0.12486772486772486
6317,hydro_reservoir,2030,48,5,5,0.15608465608465608
6318,hydro_reservoir,2030,48,6,6,0.1873015873015873
6319,hydro_reservoir,2030,48,7,7,0.21851851851851853
6320,hydro_reservoir,2030,48,8,8,0.24973544973544975
6321,hydro_reservoir,2030,48,9,9,0.28095238095238095
6322,hydro_reservoir,2030,48,10,10,0.31216931216931215
6323,hydro_reservoir,2030,48,11,11,0.34338624338624335
6324,hydro_reservoir,2030,48,12,12,0.37460317460317455
6325,hydro_reservoir,2030,48,13,13,0.40582010582010575
6326,hydro_reservoir,2030,48,14,14,0.43703703703703695
6327,hydro_reservoir,2030,48,15,15,0.46825396825396814
6328,hydro_reservoir,2030,48,16,16,0.49947089947089934
6329,hydro_reservoir,2030,48,17,17,0.5306878306878305
6330,hydro_reservoir,2030,48,18,18,0.5619047619047618
6331,hydro_reservoir,2030,48,19,19,0.593121693121693
6332,hydro_reservoir,2030,48,20,20,0.6243386243386243
6333,hydro_reservoir,2030,48,21,21,0.6555555555555556
6334,hydro_reservoir,2030,48,22,22,0.6867724867724868
6335,hydro_reservoir,2030,48,23,23,0.7179894179894181
6336,hydro_reservoir,2030,48,24,24,0.7492063492063493
6337,hydro_reservoir,2030,49,1,1,0.06243386243386243
6338,hydro_reservoir,2030,49,2,2,0.12486772486772486
6339,hydro_reservoir,2030,49,3,3,0.1873015873015873
6340,hydro_reservoir,2030,49,4,4,0.24973544973544973
6341,hydro_reservoir,2030,49,5,5,0.31216931216931215
6342,hydro_reservoir,2030,49,6,6,0.3746031746031746
6343,hydro_reservoir,2030,49,7,7,0.43703703703703706
6344,hydro_reservoir,2030,49,8,8,0.4994708994708995
6345,hydro_reservoir,2030,49,9,9,0.41751306603854066
6346,hydro_reservoir,2030,49,10,10,0.47994692847240306
6347,hydro_reservoir,2030,49,11,11,0.5423807909062655
6348,hydro_reservoir,2030,49,12,12,0.6048146533401279
6349,hydro_reservoir,2030,49,13,13,0.6672485157739902
6350,hydro_reservoir,2030,49,14,14,0.7296823782078526
6351,hydro_reservoir,2030,49,15,15,0.792116240641715
6352,hydro_reservoir,2030,49,16,16,0.8545501030755774
6353,hydro_reservoir,2030,49,17,17,0.9169839655094398
6354,hydro_reservoir,2030,49,18,18,0.9794178279433023
6355,hydro_reservoir,2030,49,19,19,1.0418516903771649
6356,hydro_reservoir,2030,49,20,20,1.1042855528110271
6357,hydro_reservoir,2030,49,21,21,1.1667194152448896
6358,hydro_reservoir,2030,49,22,22,1.2291532776787522
6359,hydro_reservoir,2030,49,23,23,1.2915871401126144
6360,hydro_reservoir,2030,49,24,24,1.354021002546477
6361,hydro_reservoir,2030,50,1,1,-0.06304083971696178
6362,hydro_reservoir,2030,50,2,2,-0.11075159440989546
6363,hydro_reservoir,2030,50,3,3,-0.15129890852964278
6364,hydro_reservoir,2030,50,4,4,-0.18404817033710485
6365,hydro_reservoir,2030,50,5,5,-0.2157988482632387
6366,hydro_reservoir,2030,50,6,6,-0.17810734000262252
6367,hydro_reservoir,2030,50,7,7,-0.17427797649103338
6368,hydro_reservoir,2030,50,8,8,-0.22293835914763235
6369,hydro_reservoir,2030,50,9,9,-0.31740059766784245
6370,hydro_reservoir,2030,50,10,10,-0.46701632680031424
6371,hydro_reservoir,2030,50,11,11,-0.6008207116668822
6372,hydro_reservoir,2030,50,12,12,-0.7462335644962277
6373,hydro_reservoir,2030,50,13,13,-0.8843344288669168
6374,hydro_reservoir,2030,50,14,14,-1.0082244566968468
6375,hydro_reservoir,2030,50,15,15,-1.1200757565746833
6376,hydro_reservoir,2030,50,16,16,-1.3125675123931035
6377,hydro_reservoir,2030,50,17,17,-1.5695410095487143
6378,hydro_reservoir,2030,50,18,18,-1.8293095513613913
6379,hydro_reservoir,2030,50,19,19,-2.079793610106006
6380,hydro_reservoir,2030,50,20,20,-2.302570382268934
6381,hydro_reservoir,2030,50,21,21,-2.496090177976203
6382,hydro_reservoir,2030,50,22,22,-2.6489230070106626
6383,hydro_reservoir,2030,50,23,23,-2.7766205650578057
6384,hydro_reservoir,2030,50,24,24,-2.8690484614490055
6385,hydro_reservoir,2030,51,1,1,-0.8128942774166592
6386,hydro_reservoir,2030,51,2,2,-0.7739172051062535
6387,hydro_reservoir,2030,51,3,3,-0.7349401327958478
6388,hydro_reservoir,2030,51,4,4,-0.6959630604854421
6389,hydro_reservoir,2030,51,5,5,-0.6569859881750364
6390,hydro_reservoir,2030,51,6,6,-0.6180089158646307
6391,hydro_reservoir,2030,51,7,7,-0.579031843554225
6392,hydro_reservoir,2030,51,8,8,-0.5400547712438193
6393,hydro_reservoir,2030,51,9,9,-0.5010776989334136
6394,hydro_reservoir,2030,51,10,10,-0.46210062662300794
6395,hydro_reservoir,2030,51,11,11,-0.4231235543126023
6396,hydro_reservoir,2030,51,12,12,-0.38414648200219664
6397,hydro_reservoir,2030,51,13,13,-0.345169409691791
6398,hydro_reservoir,2030,51,14,14,-0.30619233738138535
6399,hydro_reservoir,2030,51,15,15,-0.2672152650709797
6400,hydro_reservoir,2030,51,16,16,-0.22823819276057405
6401,hydro_reservoir,2030,51,17,17,-0.1892611204501684
6402,hydro_reservoir,2030,51,18,18,-0.15028404813976276
6403,hydro_reservoir,2030,51,19,19,-0.11130697582935711
6404,hydro_reservoir,2030,51,20,20,-0.07232990351895147
6405,hydro_reservoir,2030,51,21,21,-0.03335283120854582
6406,hydro_reservoir,2030,51,22,22,0.005624241101859828
6407,hydro_reservoir,2030,51,23,23,0.044601313412265475
6408,hydro_reservoir,2030,51,24,24,0.08357838572267112
6409,hydro_reservoir,2030,52,1,1,0.08059964726631394
6410,hydro_reservoir,2030,52,2,2,0.16119929453262788
6411,hydro_reservoir,2030,52,3,3,0.24179894179894182
6412,hydro_reservoir,2030,52,4,4,0.32239858906525576
6413,hydro_reservoir,2030,52,5,5,0.4029982363315697
6414,hydro_reservoir,2030,52,6,6,0.4835978835978837
6415,hydro_reservoir,2030,52,7,7,0.5641975308641977
6416,hydro_reservoir,2030,52,8,8,0.6016242076256778
6417,hydro_reservoir,2030,52,9,9,0.6155474682682366
6418,hydro_reservoir,2030,52,10,10,0.6430861933054841
6419,hydro_reservoir,2030,52,11,11,0.6864294131313713
6420,hydro_reservoir,2030,52,12,12,0.7425995808768785
6421,hydro_reservoir,2030,52,13,13,0.8231992281431925
6422,hydro_reservoir,2030,52,14,14,0.9037988754095064
6423,hydro_reservoir,2030,52,15,15,0.9843985226758204
6424,hydro_reservoir,2030,52,16,16,1.0649981699421343
6425,hydro_reservoir,2030,52,17,17,1.1455978172084484
6426,hydro_reservoir,2030,52,18,18,1.2261974644747622
6427,hydro_reservoir,2030,52,19,19,1.3067971117410764
6428,hydro_reservoir,2030,52,20,20,1.3873967590073901
6429,hydro_reservoir,2030,52,21,21,1.467996406273704
6430,hydro_reservoir,2030,52,22,22,1.548596053540018
6431,hydro_reservoir,2030,52,23,23,1.629195700806332
6432,hydro_reservoir,2030,52,24,24,1.709795348072646
6433,hydro_reservoir,2030,53,1,1,0.052204585537918874
6434,hydro_reservoir,2030,53,2,2,0.10440917107583775
6435,hydro_reservoir,2030,53,3,3,0.14246173427021566
6436,hydro_reservoir,2030,53,4,4,0.16335299951698412
6437,hydro_reservoir,2030,53,5,5,0.18448961384360096
6438,hydro_reservoir,2030,53,6,6,0.23669419938151984
6439,hydro_reservoir,2030,53,7,7,0.258720543428111
6440,hydro_reservoir,2030,53,8,8,0.2801870690218653
6441,hydro_reservoir,2030,53,9,9,0.13341344146908313
6442,hydro_reservoir,2030,53,10,10,-0.09337317867316262
6443,hydro_reservoir,2030,53,11,11,-0.3547588625157334
6444,hydro_reservoir,2030,53,12,12,-0.6743880863437361
6445,hydro_reservoir,2030,53,13,13,-0.9532004729756234
6446,hydro_reservoir,2030,53,14,14,-1.2385611814803064
6447,hydro_reservoir,2030,53,15,15,-1.5316192058594411
6448,hydro_reservoir,2030,53,16,16,-1.804957757740082
6449,hydro_reservoir,2030,53,17,17,-2.065584127808252
6450,hydro_reservoir,2030,53,18,18,-2.3173504912983294
6451,hydro_reservoir,2030,53,19,19,-2.527094006631483
6452,hydro_reservoir,2030,53,20,20,-2.7010691419834005
6453,hydro_reservoir,2030,53,21,21,-2.8304356757686295
6454,hydro_reservoir,2030,53,22,22,-2.9093061866981658
6455,hydro_reservoir,2030,53,23,23,-2.9386791566087958
6456,hydro_reservoir,2030,53,24,24,-3.0690841128764594
6457,hydro_reservoir,2030,54,1,1,0.07813051146384481
6458,hydro_reservoir,2030,54,2,2,0.15626102292768962
6459,hydro_reservoir,2030,54,3,3,0.23439153439153443
6460,hydro_reservoir,2030,54,4,4,0.31252204585537924
6461,hydro_reservoir,2030,54,5,5,0.39065255731922405
6462,hydro_reservoir,2030,54,6,6,0.46878306878306886
6463,hydro_reservoir,2030,54,7,7,0.5469135802469136
6464,hydro_reservoir,2030,54,8,8,0.5684096511961054
6465,hydro_reservoir,2030,54,9,9,0.5643538564033322
6466,hydro_reservoir,2030,54,10,10,0.5405288334724143
6467,hydro_reservoir,2030,54,11,11,0.5015103962573508
6468,hydro_reservoir,2030,54,12,12,0.5444436984462548
6469,hydro_reservoir,2030,54,13,13,0.6225742099100997
6470,hydro_reservoir,2030,54,14,14,0.7007047213739446
6471,hydro_reservoir,2030,54,15,15,0.7788352328377894
6472,hydro_reservoir,2030,54,16,16,0.8569657443016343
6473,hydro_reservoir,2030,54,17,17,0.9350962557654792
6474,hydro_reservoir,2030,54,18,18,1.013226767229324
6475,hydro_reservoir,2030,54,19,19,1.0913572786931687
6476,hydro_reservoir,2030,54,20,20,1.1694877901570135
6477,hydro_reservoir,2030,54,21,21,1.2476183016208584
6478,hydro_reservoir,2030,54,22,22,1.325748813084703
6479,hydro_reservoir,2030,54,23,23,1.403879324548548
6480,hydro_reservoir,2030,54,24,24,1.4820098360123928
6481,hydro_reservoir,2030,55,1,1,0.043738977072310406
6482,hydro_reservoir,2030,55,2,2,0.08747795414462081
6483,hydro_reservoir,2030,55,3,3,0.13121693121693123
6484,hydro_reservoir,2030,55,4,4,0.17495590828924162
6485,hydro_reservoir,2030,55,5,5,0.21869488536155202
6486,hydro_reservoir,2030,55,6,6,0.2624338624338624
6487,hydro_reservoir,2030,55,7,7,0.3061728395061728
6488,hydro_reservoir,2030,55,8,8,0.3499118165784832
6489,hydro_reservoir,2030,55,9,9,0.3936507936507936
6490,hydro_reservoir,2030,55,10,10,0.437389770723104
6491,hydro_reservoir,2030,55,11,11,0.48112874779541437
6492,hydro_reservoir,2030,55,12,12,0.5248677248677248
6493,hydro_reservoir,2030,55,13,13,0.5686067019400353
6494,hydro_reservoir,2030,55,14,14,0.6123456790123457
6495,hydro_reservoir,2030,55,15,15,0.6560846560846562
6496,hydro_reservoir,2030,55,16,16,0.6998236331569666
6497,hydro_reservoir,2030,55,17,17,0.743562610229277
6498,hydro_reservoir,2030,55,18,18,0.7873015873015875
6499,hydro_reservoir,2030,55,19,19,0.831040564373898
6500,hydro_reservoir,2030,55,20,20,0.8747795414462084
6501,hydro_reservoir,2030,55,21,21,0.9185185185185188
6502,hydro_reservoir,2030,55,22,22,0.9622574955908293
6503,hydro_reservoir,2030,55,23,23,1.0059964726631396
6504,hydro_reservoir,2030,55,24,24,1.04973544973545
6505,hydro_reservoir,2030,56,1,1,0.08130511463844797
6506,hydro_reservoir,2030,56,2,2,0.16261022927689595
6507,hydro_reservoir,2030,56,3,3,0.24391534391534392
6508,hydro_reservoir,2030,56,4,4,0.3252204585537919
6509,hydro_reservoir,2030,56,5,5,0.40652557319223986
6510,hydro_reservoir,2030,56,6,6,0.48783068783068784
6511,hydro_reservoir,2030,56,7,7,0.5691358024691358
6512,hydro_reservoir,2030,56,8,8,0.6504409171075838
6513,hydro_reservoir,2030,56,9,9,0.7317460317460318
6514,hydro_reservoir,2030,56,10,10,0.8130511463844798
6515,hydro_reservoir,2030,56,11,11,0.8943562610229279
6516,hydro_reservoir,2030,56,12,12,0.9756613756613759
6517,hydro_reservoir,2030,56,13,13,1.056966490299824
6518,hydro_reservoir,2030,56,14,14,1.138271604938272
6519,hydro_reservoir,2030,56,15,15,1.21957671957672
6520,hydro_reservoir,2030,56,16,16,1.2439890640578215
6521,hydro_reservoir,2030,56,17,17,1.1941940464510994
6522,hydro_reservoir,2030,56,18,18,1.1355329710658744
6523,hydro_reservoir,2030,56,19,19,0.2168380857043224
6524,hydro_reservoir,2030,56,20,20,0.1800434238778408
6525,hydro_reservoir,2030,56,21,21,0.17519508766014943
6526,hydro_reservoir,2030,56,22,22,0.22992531119929396
6527,hydro_reservoir,2030,56,23,23,0.1849202186955818
6528,hydro_reservoir,2030,56,24,24,0.169292350906493
6529,hydro_reservoir,2030,57,1,1,0.04110926825196576
6530,hydro_reservoir,2030,57,2,2,0.07127767418431785
6531,hydro_reservoir,2030,57,3,3,0.1349747300969153
6532,hydro_reservoir,2030,57,4,4,0.21627984473536332
6533,hydro_reservoir,2030,57,5,5,0.29758495937381135
6534,hydro_reservoir,2030,57,6,6,0.3788900740122594
6535,hydro_reservoir,2030,57,7,7,0.4601951886507074
6536,hydro_reservoir,2030,57,8,8,0.5415003032891554
6537,hydro_reservoir,2030,57,9,9,0.6228054179276035
6538,hydro_reservoir,2030,57,10,10,0.7041105325660515
6539,hydro_reservoir,2030,57,11,11,0.7854156472044995
6540,hydro_reservoir,2030,57,12,12,0.8667207618429476
6541,hydro_reservoir,2030,57,13,13,0.9480258764813956
6542,hydro_reservoir,2030,57,14,14,1.0293309911198436
6543,hydro_reservoir,2030,57,15,15,1.1106361057582916
6544,hydro_reservoir,2030,57,16,16,1.1919412203967397
6545,hydro_reservoir,2030,57,17,17,1.2732463350351877
6546,hydro_reservoir,2030,57,18,18,1.3545514496736355
6547,hydro_reservoir,2030,57,19,19,1.4358565643120835
6548,hydro_reservoir,2030,57,20,20,1.5171616789505316
6549,hydro_reservoir,2030,57,21,21,1.5984667935889796
6550,hydro_reservoir,2030,57,22,22,1.6797719082274276
6551,hydro_reservoir,2030,57,23,23,1.7610770228658754
6552,hydro_reservoir,2030,57,24,24,1.8423821375043234
6553,hydro_reservoir,2030,58,1,1,0.043738977072310406
6554,hydro_reservoir,2030,58,2,2,0.08747795414462081
6555,hydro_reservoir,2030,58,3,3,0.13121693121693123
6556,hydro_reservoir,2030,58,4,4,0.17495590828924162
6557,hydro_reservoir,2030,58,5,5,0.21869488536155202
6558,hydro_reservoir,2030,58,6,6,0.2624338624338624
6559,hydro_reservoir,2030,58,7,7,0.3061728395061728
6560,hydro_reservoir,2030,58,8,8,0.3499118165784832
6561,hydro_reservoir,2030,58,9,9,0.3936507936507936
6562,hydro_reservoir,2030,58,10,10,0.437389770723104
6563,hydro_reservoir,2030,58,11,11,0.48112874779541437
6564,hydro_reservoir,2030,58,12,12,0.5248677248677248
6565,hydro_reservoir,2030,58,13,13,0.5686067019400353
6566,hydro_reservoir,2030,58,14,14,0.6123456790123457
6567,hydro_reservoir,2030,58,15,15,0.6560846560846562
6568,hydro_reservoir,2030,58,16,16,0.6998236331569666
6569,hydro_reservoir,2030,58,17,17,0.743562610229277
6570,hydro_reservoir,2030,58,18,18,0.7873015873015875
6571,hydro_reservoir,2030,58,19,19,0.831040564373898
6572,hydro_reservoir,2030,58,20,20,0.8747795414462084
6573,hydro_reservoir,2030,58,21,21,0.9185185185185188
6574,hydro_reservoir,2030,58,22,22,0.9622574955908293
6575,hydro_reservoir,2030,58,23,23,1.0059964726631396
6576,hydro_reservoir,2030,58,24,24,1.04973544973545
6577,hydro_reservoir,2030,59,1,1,0.04585537918871252
6578,hydro_reservoir,2030,59,2,2,0.09171075837742504
6579,hydro_reservoir,2030,59,3,3,0.13756613756613756
6580,hydro_reservoir,2030,59,4,4,0.18342151675485008
6581,hydro_reservoir,2030,59,5,5,0.2292768959435626
6582,hydro_reservoir,2030,59,6,6,0.2751322751322751
6583,hydro_reservoir,2030,59,7,7,0.32098765432098764
6584,hydro_reservoir,2030,59,8,8,0.36684303350970016
6585,hydro_reservoir,2030,59,9,9,0.4126984126984127
6586,hydro_reservoir,2030,59,10,10,0.4585537918871252
6587,hydro_reservoir,2030,59,11,11,0.5044091710758377
6588,hydro_reservoir,2030,59,12,12,0.5502645502645502
6589,hydro_reservoir,2030,59,13,13,0.5961199294532628
6590,hydro_reservoir,2030,59,14,14,0.6419753086419753
6591,hydro_reservoir,2030,59,15,15,0.6878306878306878
6592,hydro_reservoir,2030,59,16,16,0.7336860670194003
6593,hydro_reservoir,2030,59,17,17,0.7795414462081128
6594,hydro_reservoir,2030,59,18,18,0.8253968253968254
6595,hydro_reservoir,2030,59,19,19,0.8712522045855379
6596,hydro_reservoir,2030,59,20,20,0.9171075837742504
6597,hydro_reservoir,2030,59,21,21,0.9629629629629629
6598,hydro_reservoir,2030,59,22,22,1.0088183421516754
6599,hydro_reservoir,2030,59,23,23,1.054673721340388
6600,hydro_reservoir,2030,59,24,24,1.1005291005291005
6601,hydro_reservoir,2030,60,1,1,0.03897707231040565
6602,hydro_reservoir,2030,60,2,2,0.0779541446208113
6603,hydro_reservoir,2030,60,3,3,0.11693121693121694
6604,hydro_reservoir,2030,60,4,4,0.1559082892416226
6605,hydro_reservoir,2030,60,5,5,0.19488536155202824
6606,hydro_reservoir,2030,60,6,6,0.23386243386243388
6607,hydro_reservoir,2030,60,7,7,0.27283950617283953
6608,hydro_reservoir,2030,60,8,8,0.3118165784832452
6609,hydro_reservoir,2030,60,9,9,0.3507936507936508
6610,hydro_reservoir,2030,60,10,10,0.38977072310405647
6611,hydro_reservoir,2030,60,11,11,0.4287477954144621
6612,hydro_reservoir,2030,60,12,12,0.46772486772486777
6613,hydro_reservoir,2030,60,13,13,0.5067019400352735
6614,hydro_reservoir,2030,60,14,14,0.5456790123456792
6615,hydro_reservoir,2030,60,15,15,0.5846560846560849
6616,hydro_reservoir,2030,60,16,16,0.6236331569664906
6617,hydro_reservoir,2030,60,17,17,0.6626102292768963
6618,hydro_reservoir,2030,60,18,18,0.701587301587302
6619,hydro_reservoir,2030,60,19,19,0.7405643738977077
6620,hydro_reservoir,2030,60,20,20,0.7795414462081134
6621,hydro_reservoir,2030,60,21,21,0.8185185185185191
6622,hydro_reservoir,2030,60,22,22,0.8574955908289248
6623,hydro_reservoir,2030,60,23,23,0.8964726631393305
6624,hydro_reservoir,2030,60,24,24,0.9354497354497362
6625,hydro_reservoir,2030,61,1,1,0.033156966490299825
6626,hydro_reservoir,2030,61,2,2,0.06631393298059965
6627,hydro_reservoir,2030,61,3,3,0.09947089947089947
6628,hydro_reservoir,2030,61,4,4,0.1326278659611993
6629,hydro_reservoir,2030,61,5,5,0.1657848324514991
6630,hydro_reservoir,2030,61,6,6,0.19894179894179892
6631,hydro_reservoir,2030,61,7,7,0.23209876543209873
6632,hydro_reservoir,2030,61,8,8,0.26525573192239854
6633,hydro_reservoir,2030,61,9,9,0.29841269841269835
6634,hydro_reservoir,2030,61,10,10,0.30605865886923256
6635,hydro_reservoir,2030,61,11,11,0.2761338536846857
6636,hydro_reservoir,2030,61,12,12,-0.6907091798250145
6637,hydro_reservoir,2030,61,13,13,-0.7652941544304999
6638,hydro_reservoir,2030,61,14,14,-0.7952421406310778
6639,hydro_reservoir,2030,61,15,15,-0.7882983469942692
6640,hydro_reservoir,2030,61,16,16,-0.7551413805039693
6641,hydro_reservoir,2030,61,17,17,-0.7219844140136695
6642,hydro_reservoir,2030,61,18,18,-0.6888274475233698
6643,hydro_reservoir,2030,61,19,19,-0.6556704810330699
6644,hydro_reservoir,2030,61,20,20,-0.62251351454277
6645,hydro_reservoir,2030,61,21,21,-0.5893565480524703
6646,hydro_reservoir,2030,61,22,22,-0.5561995815621704
6647,hydro_reservoir,2030,61,23,23,-0.5230426150718707
6648,hydro_reservoir,2030,61,24,24,-0.4898856485815708
6649,hydro_reservoir,2030,62,1,1,0.05114638447971781
6650,hydro_reservoir,2030,62,2,2,0.10229276895943562
6651,hydro_reservoir,2030,62,3,3,0.15343915343915343
6652,hydro_reservoir,2030,62,4,4,0.20458553791887124
6653,hydro_reservoir,2030,62,5,5,0.25573192239858905
6654,hydro_reservoir,2030,62,6,6,0.30687830687830686
6655,hydro_reservoir,2030,62,7,7,0.35802469135802467
6656,hydro_reservoir,2030,62,8,8,0.4091710758377425
6657,hydro_reservoir,2030,62,9,9,0.4573731511670036
6658,hydro_reservoir,2030,62,10,10,0.44773238170187557
6659,hydro_reservoir,2030,62,11,11,0.41342379367078363
6660,hydro_reservoir,2030,62,12,12,0.38325472795818816
6661,hydro_reservoir,2030,62,13,13,0.3775768236860163
6662,hydro_reservoir,2030,62,14,14,0.3793503942559573
6663,hydro_reservoir,2030,62,15,15,0.407673839864064
6664,hydro_reservoir,2030,62,16,16,0.43965225827679344
6665,hydro_reservoir,2030,62,17,17,0.49079864275651125
6666,hydro_reservoir,2030,62,18,18,0.5419450272362291
6667,hydro_reservoir,2030,62,19,19,0.5930914117159469
6668,hydro_reservoir,2030,62,20,20,0.6442377961956647
6669,hydro_reservoir,2030,62,21,21,0.6953841806753824
6670,hydro_reservoir,2030,62,22,22,0.7465305651551003
6671,hydro_reservoir,2030,62,23,23,0.7976769496348182
6672,hydro_reservoir,2030,62,24,24,0.8488233341145359
6673,hydro_reservoir,2030,63,1,1,-0.45075388930642185
6674,hydro_reservoir,2030,63,2,2,-0.416185988071854
6675,hydro_reservoir,2030,63,3,3,-0.3816180868372861
6676,hydro_reservoir,2030,63,4,4,-0.3470501856027182
6677,hydro_reservoir,2030,63,5,5,-0.31248228436815034
6678,hydro_reservoir,2030,63,6,6,-0.27791438313358247
6679,hydro_reservoir,2030,63,7,7,-0.2433464818990146
6680,hydro_reservoir,2030,63,8,8,-0.20877858066444668
6681,hydro_reservoir,2030,63,9,9,-0.17421067942987878
6682,hydro_reservoir,2030,63,10,10,-0.13964277819531087
6683,hydro_reservoir,2030,63,11,11,-0.10507487696074297
6684,hydro_reservoir,2030,63,12,12,-0.07050697572617506
6685,hydro_reservoir,2030,63,13,13,-0.035939074491607166
6686,hydro_reservoir,2030,63,14,14,-0.0013711732570392682
6687,hydro_reservoir,2030,63,15,15,0.03319672797752863
6688,hydro_reservoir,2030,63,16,16,0.06776462921209653
6689,hydro_reservoir,2030,63,17,17,0.10233253044666443
6690,hydro_reservoir,2030,63,18,18,0.13690043168123234
6691,hydro_reservoir,2030,63,19,19,0.17146833291580024
6692,hydro_reservoir,2030,63,20,20,0.20603623415036815
6693,hydro_reservoir,2030,63,21,21,0.24060413538493605
6694,hydro_reservoir,2030,63,22,22,0.27517203661950396
6695,hydro_reservoir,2030,63,23,23,0.30973993785407183
6696,hydro_reservoir,2030,63,24,24,0.3443078390886397
6697,hydro_reservoir,2030,64,1,1,0.043738977072310406
6698,hydro_reservoir,2030,64,2,2,0.08747795414462081
6699,hydro_reservoir,2030,64,3,3,0.13121693121693123
6700,hydro_reservoir,2030,64,4,4,0.17495590828924162
6701,hydro_reservoir,2030,64,5,5,0.21869488536155202
6702,hydro_reservoir,2030,64,6,6,0.2624338624338624
6703,hydro_reservoir,2030,64,7,7,0.3061728395061728
6704,hydro_reservoir,2030,64,8,8,0.3499118165784832
6705,hydro_reservoir,2030,64,9,9,0.3936507936507936
6706,hydro_reservoir,2030,64,10,10,0.437389770723104
6707,hydro_reservoir,2030,64,11,11,0.48112874779541437
6708,hydro_reservoir,2030,64,12,12,0.5248677248677248
6709,hydro_reservoir,2030,64,13,13,0.5686067019400353
6710,hydro_reservoir,2030,64,14,14,0.6123456790123457
6711,hydro_reservoir,2030,64,15,15,0.6560846560846562
6712,hydro_reservoir,2030,64,16,16,0.6998236331569666
6713,hydro_reservoir,2030,64,17,17,0.743562610229277
6714,hydro_reservoir,2030,64,18,18,0.719280034042941
6715,hydro_reservoir,2030,64,19,19,0.6543902787477451
6716,hydro_reservoir,2030,64,20,20,0.6294534213047711
6717,hydro_reservoir,2030,64,21,21,0.6731923983770814
6718,hydro_reservoir,2030,64,22,22,0.7169313754493919
6719,hydro_reservoir,2030,64,23,23,0.7606703525217022
6720,hydro_reservoir,2030,64,24,24,0.8044093295940127
6721,hydro_reservoir,2030,65,1,1,0.06243386243386243
6722,hydro_reservoir,2030,65,2,2,0.12486772486772486
6723,hydro_reservoir,2030,65,3,3,0.1873015873015873
6724,hydro_reservoir,2030,65,4,4,0.24973544973544973
6725,hydro_reservoir,2030,65,5,5,0.31216931216931215
6726,hydro_reservoir,2030,65,6,6,0.3746031746031746
6727,hydro_reservoir,2030,65,7,7,0.43703703703703706
6728,hydro_reservoir,2030,65,8,8,0.4994708994708995
6729,hydro_reservoir,2030,65,9,9,0.5619047619047619
6730,hydro_reservoir,2030,65,10,10,0.6243386243386243
6731,hydro_reservoir,2030,65,11,11,0.6867724867724867
6732,hydro_reservoir,2030,65,12,12,0.7492063492063491
6733,hydro_reservoir,2030,65,13,13,0.8116402116402115
6734,hydro_reservoir,2030,65,14,14,0.8740740740740739
6735,hydro_reservoir,2030,65,15,15,0.9365079365079363
6736,hydro_reservoir,2030,65,16,16,0.9989417989417987
6737,hydro_reservoir,2030,65,17,17,1.061375661375661
6738,hydro_reservoir,2030,65,18,18,1.1238095238095236
6739,hydro_reservoir,2030,65,19,19,1.186243386243386
6740,hydro_reservoir,2030,65,20,20,1.2486772486772486
6741,hydro_reservoir,2030,65,21,21,1.3111111111111111
6742,hydro_reservoir,2030,65,22,22,1.3303236992302239
6743,hydro_reservoir,2030,65,23,23,1.3354225351098086
6744,hydro_reservoir,2030,65,24,24,0.39785639754367097
6745,hydro_reservoir,2030,66,1,1,0.03897707231040565
6746,hydro_reservoir,2030,66,2,2,0.0779541446208113
6747,hydro_reservoir,2030,66,3,3,0.11693121693121694
6748,hydro_reservoir,2030,66,4,4,0.1559082892416226
6749,hydro_reservoir,2030,66,5,5,0.19488536155202824
6750,hydro_reservoir,2030,66,6,6,0.23386243386243388
6751,hydro_reservoir,2030,66,7,7,0.27283950617283953
6752,hydro_reservoir,2030,66,8,8,0.3118165784832452
6753,hydro_reservoir,2030,66,9,9,0.3507936507936508
6754,hydro_reservoir,2030,66,10,10,0.38977072310405647
6755,hydro_reservoir,2030,66,11,11,0.4287477954144621
6756,hydro_reservoir,2030,66,12,12,0.46772486772486777
6757,hydro_reservoir,2030,66,13,13,0.5067019400352735
6758,hydro_reservoir,2030,66,14,14,0.5456790123456792
6759,hydro_reservoir,2030,66,15,15,0.5846560846560849
6760,hydro_reservoir,2030,66,16,16,0.6236331569664906
6761,hydro_reservoir,2030,66,17,17,0.6626102292768963
6762,hydro_reservoir,2030,66,18,18,0.701587301587302
6763,hydro_reservoir,2030,66,19,19,0.7405643738977077
6764,hydro_reservoir,2030,66,20,20,0.7795414462081134
6765,hydro_reservoir,2030,66,21,21,0.8185185185185191
6766,hydro_reservoir,2030,66,22,22,0.8574955908289248
6767,hydro_reservoir,2030,66,23,23,0.8964726631393305
6768,hydro_reservoir,2030,66,24,24,0.9354497354497362
6769,hydro_reservoir,2030,67,1,1,0.043738977072310406
6770,hydro_reservoir,2030,67,2,2,0.08747795414462081
6771,hydro_reservoir,2030,67,3,3,0.13121693121693123
6772,hydro_reservoir,2030,67,4,4,0.17495590828924162
6773,hydro_reservoir,2030,67,5,5,0.21869488536155202
6774,hydro_reservoir,2030,67,6,6,0.2624338624338624
6775,hydro_reservoir,2030,67,7,7,0.3061728395061728
6776,hydro_reservoir,2030,67,8,8,0.2890574204381343
6777,hydro_reservoir,2030,67,9,9,0.18516626107474676
6778,hydro_reservoir,2030,67,10,10,0.0406589726716433
6779,hydro_reservoir,2030,67,11,11,-0.10563039468575974
6780,hydro_reservoir,2030,67,12,12,-0.2291541648279638
6781,hydro_reservoir,2030,67,13,13,-0.2900768102514814
6782,hydro_reservoir,2030,67,14,14,-0.2574273730049981
6783,hydro_reservoir,2030,67,15,15,-0.21368839593268765
6784,hydro_reservoir,2030,67,16,16,-0.16994941886037726
6785,hydro_reservoir,2030,67,17,17,-0.12621044178806687
6786,hydro_reservoir,2030,67,18,18,-0.08247146471575648
6787,hydro_reservoir,2030,67,19,19,-0.038732487643446084
6788,hydro_reservoir,2030,67,20,20,0.005006489428864308
6789,hydro_reservoir,2030,67,21,21,0.0487454665011747
6790,hydro_reservoir,2030,67,22,22,0.09248444357348512
6791,hydro_reservoir,2030,67,23,23,0.1362234206457955
6792,hydro_reservoir,2030,67,24,24,0.17996239771810593
6793,hydro_reservoir,2030,68,1,1,0.03897707231040565
6794,hydro_reservoir,2030,68,2,2,0.0779541446208113
6795,hydro_reservoir,2030,68,3,3,0.11693121693121694
6796,hydro_reservoir,2030,68,4,4,0.1559082892416226
6797,hydro_reservoir,2030,68,5,5,0.19488536155202824
6798,hydro_reservoir,2030,68,6,6,0.23386243386243388
6799,hydro_reservoir,2030,68,7,7,0.27283950617283953
6800,hydro_reservoir,2030,68,8,8,0.3118165784832452
6801,hydro_reservoir,2030,68,9,9,0.30054938347384674
6802,hydro_reservoir,2030,68,10,10,0.33952645578425245
6803,hydro_reservoir,2030,68,11,11,0.37850352809465815
6804,hydro_reservoir,2030,68,12,12,0.41748060040506385
6805,hydro_reservoir,2030,68,13,13,0.4564576727154695
6806,hydro_reservoir,2030,68,14,14,0.49543474502587515
6807,hydro_reservoir,2030,68,15,15,0.5344118173362808
6808,hydro_reservoir,2030,68,16,16,0.5733888896466864
6809,hydro_reservoir,2030,68,17,17,0.612365961957092
6810,hydro_reservoir,2030,68,18,18,0.6513430342674977
6811,hydro_reservoir,2030,68,19,19,0.6903201065779034
6812,hydro_reservoir,2030,68,20,20,0.729297178888309
6813,hydro_reservoir,2030,68,21,21,0.7682742511987146
6814,hydro_reservoir,2030,68,22,22,0.8072513235091203
6815,hydro_reservoir,2030,68,23,23,0.846228395819526
6816,hydro_reservoir,2030,68,24,24,0.8852054681299316
6817,hydro_reservoir,2030,69,1,1,0.03139329805996473
6818,hydro_reservoir,2030,69,2,2,0.06278659611992946
6819,hydro_reservoir,2030,69,3,3,0.09417989417989418
6820,hydro_reservoir,2030,69,4,4,0.1255731922398589
6821,hydro_reservoir,2030,69,5,5,0.15696649029982362
6822,hydro_reservoir,2030,69,6,6,0.18835978835978834
6823,hydro_reservoir,2030,69,7,7,0.21975308641975305
6824,hydro_reservoir,2030,69,8,8,0.25114638447971777
6825,hydro_reservoir,2030,69,9,9,0.2825396825396825
6826,hydro_reservoir,2030,69,10,10,0.3139329805996472
6827,hydro_reservoir,2030,69,11,11,0.30817555636511623
6828,hydro_reservoir,2030,69,12,12,0.28917787606885825
6829,hydro_reservoir,2030,69,13,13,0.2485388200808341
6830,hydro_reservoir,2030,69,14,14,0.2004335374879399
6831,hydro_reservoir,2030,69,15,15,0.16690026481255804
6832,hydro_reservoir,2030,69,16,16,0.12154142141770696
6833,hydro_reservoir,2030,69,17,17,0.08477834006982966
6834,hydro_reservoir,2030,69,18,18,0.009600491838751155
6835,hydro_reservoir,2030,69,19,19,-0.07931893338947632
6836,hydro_reservoir,2030,69,20,20,-0.17006577902819647
6837,hydro_reservoir,2030,69,21,21,-0.21691699877733678
6838,hydro_reservoir,2030,69,22,22,-0.19101126212404193
6839,hydro_reservoir,2030,69,23,23,-0.18487580877972215
6840,hydro_reservoir,2030,69,24,24,-0.15348251071975744
6841,hydro_reservoir,2030,70,1,1,0.01624416967334337
6842,hydro_reservoir,2030,70,2,2,0.10142935485852857
6843,hydro_reservoir,2030,70,3,3,0.18661454004371375
6844,hydro_reservoir,2030,70,4,4,0.054306143589114675
6845,hydro_reservoir,2030,70,5,5,0.13949132877429987
6846,hydro_reservoir,2030,70,6,6,0.22467651395948507
6847,hydro_reservoir,2030,70,7,7,0.30986169914467027
6848,hydro_reservoir,2030,70,8,8,0.39504688432985546
6849,hydro_reservoir,2030,70,9,9,0.48023206951504066
6850,hydro_reservoir,2030,70,10,10,0.5654172547002259
6851,hydro_reservoir,2030,70,11,11,0.6506024398854111
6852,hydro_reservoir,2030,70,12,12,0.7357876250705964
6853,hydro_reservoir,2030,70,13,13,0.8209728102557816
6854,hydro_reservoir,2030,70,14,14,0.9061579954409669
6855,hydro_reservoir,2030,70,15,15,0.9913431806261521
6856,hydro_reservoir,2030,70,16,16,1.0765283658113374
6857,hydro_reservoir,2030,70,17,17,1.1617135509965226
6858,hydro_reservoir,2030,70,18,18,1.2468987361817079
6859,hydro_reservoir,2030,70,19,19,1.3320839213668931
6860,hydro_reservoir,2030,70,20,20,0.7804930018461156
6861,hydro_reservoir,2030,70,21,21,0.8656781870313008
6862,hydro_reservoir,2030,70,22,22,0.9508633722164861
6863,hydro_reservoir,2030,70,23,23,1.0360485574016713
6864,hydro_reservoir,2030,70,24,24,1.1212337425868566
6865,hydro_reservoir,2030,71,1,1,-0.10553444473101517
6866,hydro_reservoir,2030,71,2,2,-0.06408823661814039
6867,hydro_reservoir,2030,71,3,3,-0.022642028505265616
6868,hydro_reservoir,2030,71,4,4,0.01880417960760916
6869,hydro_reservoir,2030,71,5,5,0.06025038772048394
6870,hydro_reservoir,2030,71,6,6,0.10169659583335872
6871,hydro_reservoir,2030,71,7,7,0.1431428039462335
6872,hydro_reservoir,2030,71,8,8,0.18458901205910827
6873,hydro_reservoir,2030,71,9,9,0.22603522017198305
6874,hydro_reservoir,2030,71,10,10,0.2674814282848578
6875,hydro_reservoir,2030,71,11,11,0.3089276363977326
6876,hydro_reservoir,2030,71,12,12,0.3503738445106074
6877,hydro_reservoir,2030,71,13,13,0.3918200526234822
6878,hydro_reservoir,2030,71,14,14,0.433266260736357
6879,hydro_reservoir,2030,71,15,15,0.4747124688492318
6880,hydro_reservoir,2030,71,16,16,0.5161586769621066
6881,hydro_reservoir,2030,71,17,17,0.5576048850749814
6882,hydro_reservoir,2030,71,18,18,0.5990510931878562
6883,hydro_reservoir,2030,71,19,19,0.640497301300731
6884,hydro_reservoir,2030,71,20,20,0.6819435094136058
6885,hydro_reservoir,2030,71,21,21,0.7233897175264806
6886,hydro_reservoir,2030,71,22,22,0.7648359256393554
6887,hydro_reservoir,2030,71,23,23,0.8062821337522302
6888,hydro_reservoir,2030,71,24,24,0.847728341865105
6889,hydro_reservoir,2030,72,1,1,0.05784832451499118
6890,hydro_reservoir,2030,72,2,2,0.11569664902998236
6891,hydro_reservoir,2030,72,3,3,0.17354497354497356
6892,hydro_reservoir,2030,72,4,4,0.23139329805996472
6893,hydro_reservoir,2030,72,5,5,0.2892416225749559
6894,hydro_reservoir,2030,72,6,6,0.34708994708994706
6895,hydro_reservoir,2030,72,7,7,0.4049382716049382
6896,hydro_reservoir,2030,72,8,8,0.4627865961199294
6897,hydro_reservoir,2030,72,9,9,0.4686022639038732
6898,hydro_reservoir,2030,72,10,10,0.43563136422035165
6899,hydro_reservoir,2030,72,11,11,0.4215146544776176
6900,hydro_reservoir,2030,72,12,12,0.4110673947497985
6901,hydro_reservoir,2030,72,13,13,0.3994682837400054
6902,hydro_reservoir,2030,72,14,14,0.38526728769892293
6903,hydro_reservoir,2030,72,15,15,0.375096591253947
6904,hydro_reservoir,2030,72,16,16,0.3787116981677196
6905,hydro_reservoir,2030,72,17,17,0.4155824363176822
6906,hydro_reservoir,2030,72,18,18,0.4734307608326734
6907,hydro_reservoir,2030,72,19,19,0.5312790853476645
6908,hydro_reservoir,2030,72,20,20,0.5891274098626558
6909,hydro_reservoir,2030,72,21,21,0.6469757343776469
6910,hydro_reservoir,2030,72,22,22,0.7048240588926381
6911,hydro_reservoir,2030,72,23,23,0.7626723834076292
6912,hydro_reservoir,2030,72,24,24,0.8205207079226204
6913,hydro_reservoir,2030,73,1,1,0.07599071369688544
6914,hydro_reservoir,2030,73,2,2,0.14665343175374557
6915,hydro_reservoir,2030,73,3,3,0.23448411958443338
6916,hydro_reservoir,2030,73,4,4,0.3223148074151212
6917,hydro_reservoir,2030,73,5,5,0.410145495245809
6918,hydro_reservoir,2030,73,6,6,0.4979761830764968
6919,hydro_reservoir,2030,73,7,7,0.5858068709071846
6920,hydro_reservoir,2030,73,8,8,0.6736375587378725
6921,hydro_reservoir,2030,73,9,9,0.7614682465685603
6922,hydro_reservoir,2030,73,10,10,0.8492989343992481
6923,hydro_reservoir,2030,73,11,11,0.9371296222299359
6924,hydro_reservoir,2030,73,12,12,1.0249603100606237
6925,hydro_reservoir,2030,73,13,13,1.1127909978913115
6926,hydro_reservoir,2030,73,14,14,1.2006216857219993
6927,hydro_reservoir,2030,73,15,15,1.2884523735526872
6928,hydro_reservoir,2030,73,16,16,1.376283061383375
6929,hydro_reservoir,2030,73,17,17,1.3426260904302576
6930,hydro_reservoir,2030,73,18,18,1.4304567782609454
6931,hydro_reservoir,2030,73,19,19,1.5182874660916335
6932,hydro_reservoir,2030,73,20,20,1.6061181539223213
6933,hydro_reservoir,2030,73,21,21,1.693948841753009
6934,hydro_reservoir,2030,73,22,22,1.781779529583697
6935,hydro_reservoir,2030,73,23,23,1.8696102174143847
6936,hydro_reservoir,2030,73,24,24,1.9574409052450725
6937,hydro_reservoir,2030,74,1,1,0.031574081338913526
6938,hydro_reservoir,2030,74,2,2,0.049085520330023086
6939,hydro_reservoir,2030,74,3,3,0.06264915983006161
6940,hydro_reservoir,2030,74,4,4,0.06822121166296466
6941,hydro_reservoir,2030,74,5,5,0.05536317685455919
6942,hydro_reservoir,2030,74,6,6,-0.03489043751282675
6943,hydro_reservoir,2030,74,7,7,-0.10736556258967075
6944,hydro_reservoir,2030,74,8,8,-0.34634387250974485
6945,hydro_reservoir,2030,74,9,9,-0.6465549278619493
6946,hydro_reservoir,2030,74,10,10,-1.5587242400312615
6947,hydro_reservoir,2030,74,11,11,-1.8141238972173925
6948,hydro_reservoir,2030,74,12,12,-2.052444454556267
6949,hydro_reservoir,2030,74,13,13,-2.3071406467749513
6950,hydro_reservoir,2030,74,14,14,-2.526068782770321
6951,hydro_reservoir,2030,74,15,15,-2.739898340421898
6952,hydro_reservoir,2030,74,16,16,-2.9703449691158053
6953,hydro_reservoir,2030,74,17,17,-3.209419227160501
6954,hydro_reservoir,2030,74,18,18,-3.3882395694132494
6955,hydro_reservoir,2030,74,19,19,-3.54458600128401
6956,hydro_reservoir,2030,74,20,20,-3.6725539087563996
6957,hydro_reservoir,2030,74,21,21,-3.7421705505692153
6958,hydro_reservoir,2030,74,22,22,-3.747941220664525
6959,hydro_reservoir,2030,74,23,23,-3.829874723382106
6960,hydro_reservoir,2030,74,24,24,-3.8644472294818915
6961,hydro_reservoir,2030,75,1,1,0.02451499118165785
6962,hydro_reservoir,2030,75,2,2,0.0490299823633157
6963,hydro_reservoir,2030,75,3,3,0.07354497354497355
6964,hydro_reservoir,2030,75,4,4,0.0980599647266314
6965,hydro_reservoir,2030,75,5,5,0.12257495590828923
6966,hydro_reservoir,2030,75,6,6,0.14708994708994708
6967,hydro_reservoir,2030,75,7,7,0.17160493827160492
6968,hydro_reservoir,2030,75,8,8,0.19611992945326276
6969,hydro_reservoir,2030,75,9,9,0.2206349206349206
6970,hydro_reservoir,2030,75,10,10,0.24514991181657844
6971,hydro_reservoir,2030,75,11,11,0.2696649029982363
6972,hydro_reservoir,2030,75,12,12,0.29417989417989415
6973,hydro_reservoir,2030,75,13,13,0.318694885361552
6974,hydro_reservoir,2030,75,14,14,0.34320987654320984
6975,hydro_reservoir,2030,75,15,15,0.3677248677248677
6976,hydro_reservoir,2030,75,16,16,0.3922398589065255
6977,hydro_reservoir,2030,75,17,17,0.41675485008818336
6978,hydro_reservoir,2030,75,18,18,0.4412698412698412
6979,hydro_reservoir,2030,75,19,19,0.46578483245149904
6980,hydro_reservoir,2030,75,20,20,0.4902998236331569
6981,hydro_reservoir,2030,75,21,21,0.5148148148148147
6982,hydro_reservoir,2030,75,22,22,0.5393298059964726
6983,hydro_reservoir,2030,75,23,23,0.5638447971781305
6984,hydro_reservoir,2030,75,24,24,0.5883597883597884
6985,hydro_reservoir,2030,76,1,1,-0.017145861091579048
6986,hydro_reservoir,2030,76,2,2,0.06257195195956734
6987,hydro_reservoir,2030,76,3,3,0.14228976501071372
6988,hydro_reservoir,2030,76,4,4,0.2220075780618601
6989,hydro_reservoir,2030,76,5,5,0.3017253911130065
6990,hydro_reservoir,2030,76,6,6,0.3814432041641529
6991,hydro_reservoir,2030,76,7,7,0.4611610172152993
6992,hydro_reservoir,2030,76,8,8,0.5408788302664457
6993,hydro_reservoir,2030,76,9,9,0.620596643317592
6994,hydro_reservoir,2030,76,10,10,0.68479681005284
6995,hydro_reservoir,2030,76,11,11,0.7138649099128883
6996,hydro_reservoir,2030,76,12,12,0.6519224315414061
6997,hydro_reservoir,2030,76,13,13,0.5666768051952806
6998,hydro_reservoir,2030,76,14,14,0.44405046364281464
6999,hydro_reservoir,2030,76,15,15,0.25959539129714604
7000,hydro_reservoir,2030,76,16,16,0.04940475562127801
7001,hydro_reservoir,2030,76,17,17,-0.18845877488031682
7002,hydro_reservoir,2030,76,18,18,-1.1087409618291704
7003,hydro_reservoir,2030,76,19,19,-1.3541745646222525
7004,hydro_reservoir,2030,76,20,20,-1.586780149605466
7005,hydro_reservoir,2030,76,21,21,-1.77024076278463
7006,hydro_reservoir,2030,76,22,22,-1.8956133786701725
7007,hydro_reservoir,2030,76,23,23,-1.978509152625034
7008,hydro_reservoir,2030,76,24,24,-2.1389782959751047
7009,hydro_reservoir,2030,77,1,1,0.0291005291005291
7010,hydro_reservoir,2030,77,2,2,0.0582010582010582
7011,hydro_reservoir,2030,77,3,3,0.0873015873015873
7012,hydro_reservoir,2030,77,4,4,0.1164021164021164
7013,hydro_reservoir,2030,77,5,5,0.1455026455026455
7014,hydro_reservoir,2030,77,6,6,0.1746031746031746
7015,hydro_reservoir,2030,77,7,7,0.2037037037037037
7016,hydro_reservoir,2030,77,8,8,0.1523376916445296
7017,hydro_reservoir,2030,77,9,9,0.053184658247633965
7018,hydro_reservoir,2030,77,10,10,-0.07519109582346142
7019,hydro_reservoir,2030,77,11,11,-0.17135513385743972
7020,hydro_reservoir,2030,77,12,12,-0.22056120380750613
7021,hydro_reservoir,2030,77,13,13,-0.26581337105203773
7022,hydro_reservoir,2030,77,14,14,-0.2944569821556662
7023,hydro_reservoir,2030,77,15,15,-0.30496900136775673
7024,hydro_reservoir,2030,77,16,16,-0.2854896334215854
7025,hydro_reservoir,2030,77,17,17,-0.2563891043210563
7026,hydro_reservoir,2030,77,18,18,-0.22728857522052723
7027,hydro_reservoir,2030,77,19,19,-0.19818804611999813
7028,hydro_reservoir,2030,77,20,20,-0.19383402812420147
7029,hydro_reservoir,2030,77,21,21,-0.18467012762720397
7030,hydro_reservoir,2030,77,22,22,-0.15556959852667487
7031,hydro_reservoir,2030,77,23,23,-0.13137517988456016
7032,hydro_reservoir,2030,77,24,24,-0.10227465078403107
7033,hydro_reservoir,2030,78,1,1,0.025044091710758377
7034,hydro_reservoir,2030,78,2,2,0.05008818342151675
7035,hydro_reservoir,2030,78,3,3,0.07513227513227513
7036,hydro_reservoir,2030,78,4,4,0.1001763668430335
7037,hydro_reservoir,2030,78,5,5,0.12522045855379188
7038,hydro_reservoir,2030,78,6,6,0.15026455026455027
7039,hydro_reservoir,2030,78,7,7,0.17530864197530865
7040,hydro_reservoir,2030,78,8,8,0.20035273368606704
7041,hydro_reservoir,2030,78,9,9,0.22539682539682543
7042,hydro_reservoir,2030,78,10,10,0.2504409171075838
7043,hydro_reservoir,2030,78,11,11,0.2754850088183422
7044,hydro_reservoir,2030,78,12,12,0.3005291005291006
7045,hydro_reservoir,2030,78,13,13,0.325573192239859
7046,hydro_reservoir,2030,78,14,14,0.35061728395061736
7047,hydro_reservoir,2030,78,15,15,0.37566137566137575
7048,hydro_reservoir,2030,78,16,16,0.40070546737213414
7049,hydro_reservoir,2030,78,17,17,0.4257495590828925
7050,hydro_reservoir,2030,78,18,18,0.4507936507936509
7051,hydro_reservoir,2030,78,19,19,0.4758377425044093
7052,hydro_reservoir,2030,78,20,20,0.5008818342151676
7053,hydro_reservoir,2030,78,21,21,0.525925925925926
7054,hydro_reservoir,2030,78,22,22,0.5509700176366844
7055,hydro_reservoir,2030,78,23,23,0.5760141093474428
7056,hydro_reservoir,2030,78,24,24,0.6010582010582012
7057,hydro_reservoir,2030,79,1,1,0.025044091710758377
7058,hydro_reservoir,2030,79,2,2,0.05008818342151675
7059,hydro_reservoir,2030,79,3,3,0.07513227513227513
7060,hydro_reservoir,2030,79,4,4,0.1001763668430335
7061,hydro_reservoir,2030,79,5,5,0.12522045855379188
7062,hydro_reservoir,2030,79,6,6,0.15026455026455027
7063,hydro_reservoir,2030,79,7,7,0.17530864197530865
7064,hydro_reservoir,2030,79,8,8,0.20035273368606704
7065,hydro_reservoir,2030,79,9,9,0.22539682539682543
7066,hydro_reservoir,2030,79,10,10,0.2504409171075838
7067,hydro_reservoir,2030,79,11,11,0.2754850088183422
7068,hydro_reservoir,2030,79,12,12,0.3005291005291006
7069,hydro_reservoir,2030,79,13,13,0.325573192239859
7070,hydro_reservoir,2030,79,14,14,0.35061728395061736
7071,hydro_reservoir,2030,79,15,15,0.3513823116673731
7072,hydro_reservoir,2030,79,16,16,0.3535633169264817
7073,hydro_reservoir,2030,79,17,17,0.3460002559651338
7074,hydro_reservoir,2030,79,18,18,0.31226555458257366
7075,hydro_reservoir,2030,79,19,19,0.25391860963850726
7076,hydro_reservoir,2030,79,20,20,0.18334261689216635
7077,hydro_reservoir,2030,79,21,21,0.09079757697677199
7078,hydro_reservoir,2030,79,22,22,0.016204803661674982
7079,hydro_reservoir,2030,79,23,23,-0.029551344510084218
7080,hydro_reservoir,2030,79,24,24,-0.025602971134809138
7081,hydro_reservoir,2030,80,1,1,0.08818342151675485
7082,hydro_reservoir,2030,80,2,2,0.1763668430335097
7083,hydro_reservoir,2030,80,3,3,0.26455026455026454
7084,hydro_reservoir,2030,80,4,4,0.3527336860670194
7085,hydro_reservoir,2030,80,5,5,0.4409171075837742
7086,hydro_reservoir,2030,80,6,6,0.5291005291005291
7087,hydro_reservoir,2030,80,7,7,0.6172839506172839
7088,hydro_reservoir,2030,80,8,8,0.6911161643079504
7089,hydro_reservoir,2030,80,9,9,0.700136471808966
7090,hydro_reservoir,2030,80,10,10,0.6848136081547136
7091,hydro_reservoir,2030,80,11,11,0.6914933658041333
7092,hydro_reservoir,2030,80,12,12,0.7257115822302991
7093,hydro_reservoir,2030,80,13,13,0.7437321705650921
7094,hydro_reservoir,2030,80,14,14,0.7459929517969255
7095,hydro_reservoir,2030,80,15,15,0.7010031314721084
7096,hydro_reservoir,2030,80,16,16,0.6259975207208617
7097,hydro_reservoir,2030,80,17,17,0.506792788228154
7098,hydro_reservoir,2030,80,18,18,0.3388672460844502
7099,hydro_reservoir,2030,80,19,19,0.16270850469323006
7100,hydro_reservoir,2030,80,20,20,-0.016465016887150963
7101,hydro_reservoir,2030,80,21,21,-0.16419393885553768
7102,hydro_reservoir,2030,80,22,22,-0.24590367627603693
7103,hydro_reservoir,2030,80,23,23,-0.4117828762222199
7104,hydro_reservoir,2030,80,24,24,-0.5192150610007618
7105,hydro_reservoir,2030,81,1,1,-0.17045010878946665
7106,hydro_reservoir,2030,81,2,2,-0.14381871549140668
7107,hydro_reservoir,2030,81,3,3,-0.11718732219334671
7108,hydro_reservoir,2030,81,4,4,-0.09055592889528674
7109,hydro_reservoir,2030,81,5,5,-0.06392453559722677
7110,hydro_reservoir,2030,81,6,6,-0.037293142299166804
7111,hydro_reservoir,2030,81,7,7,-0.010661749001106838
7112,hydro_reservoir,2030,81,8,8,0.015969644296953127
7113,hydro_reservoir,2030,81,9,9,-0.6549084485254438
7114,hydro_reservoir,2030,81,10,10,-0.6282770552273839
7115,hydro_reservoir,2030,81,11,11,-0.6016456619293239
7116,hydro_reservoir,2030,81,12,12,-0.5750142686312639
7117,hydro_reservoir,2030,81,13,13,-0.548382875333204
7118,hydro_reservoir,2030,81,14,14,-0.521751482035144
7119,hydro_reservoir,2030,81,15,15,-0.495120088737084
7120,hydro_reservoir,2030,81,16,16,-0.46848869543902405
7121,hydro_reservoir,2030,81,17,17,-0.4418573021409641
7122,hydro_reservoir,2030,81,18,18,-0.4152259088429041
7123,hydro_reservoir,2030,81,19,19,-0.38859451554484414
7124,hydro_reservoir,2030,81,20,20,-0.36196312224678423
7125,hydro_reservoir,2030,81,21,21,-0.33533172894872426
7126,hydro_reservoir,2030,81,22,22,-0.3087003356506643
7127,hydro_reservoir,2030,81,23,23,-0.2820689423526043
7128,hydro_reservoir,2030,81,24,24,-0.25543754905454435
7129,hydro_reservoir,2030,82,1,1,0.023809523809523808
7130,hydro_reservoir,2030,82,2,2,0.047619047619047616
7131,hydro_reservoir,2030,82,3,3,0.07142857142857142
7132,hydro_reservoir,2030,82,4,4,0.09523809523809523
7133,hydro_reservoir,2030,82,5,5,0.11904761904761904
7134,hydro_reservoir,2030,82,6,6,0.14285714285714285
7135,hydro_reservoir,2030,82,7,7,0.16666666666666666
7136,hydro_reservoir,2030,82,8,8,0.19047619047619047
7137,hydro_reservoir,2030,82,9,9,0.21428571428571427
7138,hydro_reservoir,2030,82,10,10,0.23809523809523808
7139,hydro_reservoir,2030,82,11,11,0.26190476190476186
7140,hydro_reservoir,2030,82,12,12,0.2857142857142857
7141,hydro_reservoir,2030,82,13,13,0.30952380952380953
7142,hydro_reservoir,2030,82,14,14,0.33333333333333337
7143,hydro_reservoir,2030,82,15,15,0.3571428571428572
7144,hydro_reservoir,2030,82,16,16,0.38095238095238104
7145,hydro_reservoir,2030,82,17,17,0.4047619047619049
7146,hydro_reservoir,2030,82,18,18,0.4285714285714287
7147,hydro_reservoir,2030,82,19,19,0.45238095238095255
7148,hydro_reservoir,2030,82,20,20,0.4761904761904764
7149,hydro_reservoir,2030,82,21,21,0.5000000000000002
7150,hydro_reservoir,2030,82,22,22,0.5238095238095241
7151,hydro_reservoir,2030,82,23,23,0.5476190476190479
7152,hydro_reservoir,2030,82,24,24,0.5714285714285717
7153,hydro_reservoir,2030,83,1,1,0.07382904416172449
7154,hydro_reservoir,2030,83,2,2,0.1414881796039743
7155,hydro_reservoir,2030,83,3,3,0.2051466620389113
7156,hydro_reservoir,2030,83,4,4,0.27501770787575713
7157,hydro_reservoir,2030,83,5,5,0.3491315089687329
7158,hydro_reservoir,2030,83,6,6,0.4351985283690856
7159,hydro_reservoir,2030,83,7,7,0.5212655477694383
7160,hydro_reservoir,2030,83,8,8,0.5664795967402423
7161,hydro_reservoir,2030,83,9,9,0.5811156302548515
7162,hydro_reservoir,2030,83,10,10,0.5793473246741336
7163,hydro_reservoir,2030,83,11,11,0.5436335035588435
7164,hydro_reservoir,2030,83,12,12,0.46004334622977083
7165,hydro_reservoir,2030,83,13,13,0.34488962163745107
7166,hydro_reservoir,2030,83,14,14,0.2249669109957515
7167,hydro_reservoir,2030,83,15,15,0.08785565794525607
7168,hydro_reservoir,2030,83,16,16,-0.051286171918412095
7169,hydro_reservoir,2030,83,17,17,-0.22420985474543143
7170,hydro_reservoir,2030,83,18,18,-1.1381428353450787
7171,hydro_reservoir,2030,83,19,19,-1.2925051724389947
7172,hydro_reservoir,2030,83,20,20,-1.4119208747059868
7173,hydro_reservoir,2030,83,21,21,-1.4886296775048855
7174,hydro_reservoir,2030,83,22,22,-1.5265118650300427
7175,hydro_reservoir,2030,83,23,23,-2.44044484562969
7176,hydro_reservoir,2030,83,24,24,-2.4828096455890893
7177,hydro_reservoir,2030,84,1,1,0.02433862433862434
7178,hydro_reservoir,2030,84,2,2,0.04867724867724868
7179,hydro_reservoir,2030,84,3,3,0.07301587301587302
7180,hydro_reservoir,2030,84,4,4,0.09735449735449736
7181,hydro_reservoir,2030,84,5,5,0.1216931216931217
7182,hydro_reservoir,2030,84,6,6,0.14603174603174604
7183,hydro_reservoir,2030,84,7,7,0.1703703703703704
7184,hydro_reservoir,2030,84,8,8,0.19470899470899472
7185,hydro_reservoir,2030,84,9,9,0.21904761904761905
7186,hydro_reservoir,2030,84,10,10,0.21927403464748935
7187,hydro_reservoir,2030,84,11,11,0.16845654680527739
7188,hydro_reservoir,2030,84,12,12,0.10743674626693585
7189,hydro_reservoir,2030,84,13,13,0.024441858767362906
7190,hydro_reservoir,2030,84,14,14,-0.9512195168940127
7191,hydro_reservoir,2030,84,15,15,-1.0491288500332627
7192,hydro_reservoir,2030,84,16,16,-1.1265316185134848
7193,hydro_reservoir,2030,84,17,17,-1.1609733864102871
7194,hydro_reservoir,2030,84,18,18,-1.2228146822597816
7195,hydro_reservoir,2030,84,19,19,-1.2800698945036901
7196,hydro_reservoir,2030,84,20,20,-1.3463633933942944
7197,hydro_reservoir,2030,84,21,21,-1.3969847141868565
7198,hydro_reservoir,2030,84,22,22,-1.4069276958103951
7199,hydro_reservoir,2030,84,23,23,-1.4494359696391788
7200,hydro_reservoir,2030,84,24,24,-1.4250973453005544
7201,hydro_reservoir,2030,85,1,1,0.04372367583288459
7202,hydro_reservoir,2030,85,2,2,0.1253815241573996
7203,hydro_reservoir,2030,85,3,3,0.2070393724819146
7204,hydro_reservoir,2030,85,4,4,0.28869722080642957
7205,hydro_reservoir,2030,85,5,5,0.37035506913094457
7206,hydro_reservoir,2030,85,6,6,0.4520129174554596
7207,hydro_reservoir,2030,85,7,7,0.5336707657799746
7208,hydro_reservoir,2030,85,8,8,0.6153286141044896
7209,hydro_reservoir,2030,85,9,9,0.6969864624290045
7210,hydro_reservoir,2030,85,10,10,0.7786443107535195
7211,hydro_reservoir,2030,85,11,11,0.8603021590780344
7212,hydro_reservoir,2030,85,12,12,0.9419600074025494
7213,hydro_reservoir,2030,85,13,13,1.0236178557270643
7214,hydro_reservoir,2030,85,14,14,1.1052757040515793
7215,hydro_reservoir,2030,85,15,15,1.1869335523760942
7216,hydro_reservoir,2030,85,16,16,1.2685914007006092
7217,hydro_reservoir,2030,85,17,17,1.321036845705862
7218,hydro_reservoir,2030,85,18,18,1.3256799591407555
7219,hydro_reservoir,2030,85,19,19,1.2833049292902703
7220,hydro_reservoir,2030,85,20,20,1.2080654289380233
7221,hydro_reservoir,2030,85,21,21,1.1326022752575862
7222,hydro_reservoir,2030,85,22,22,0.21426012358210111
7223,hydro_reservoir,2030,85,23,23,-0.7040820280933839
7224,hydro_reservoir,2030,85,24,24,-0.7697832569422056
7225,hydro_reservoir,2030,86,1,1,0.04814814814814815
7226,hydro_reservoir,2030,86,2,2,0.0962962962962963
7227,hydro_reservoir,2030,86,3,3,0.14444444444444443
7228,hydro_reservoir,2030,86,4,4,0.1925925925925926
7229,hydro_reservoir,2030,86,5,5,0.24074074074074076
7230,hydro_reservoir,2030,86,6,6,0.2888888888888889
7231,hydro_reservoir,2030,86,7,7,0.3370370370370371
7232,hydro_reservoir,2030,86,8,8,0.38518518518518524
7233,hydro_reservoir,2030,86,9,9,0.351149630184461
7234,hydro_reservoir,2030,86,10,10,0.39929777833260915
7235,hydro_reservoir,2030,86,11,11,0.4474459264807573
7236,hydro_reservoir,2030,86,12,12,0.4955940746289055
7237,hydro_reservoir,2030,86,13,13,0.5437422227770536
7238,hydro_reservoir,2030,86,14,14,0.5918903709252018
7239,hydro_reservoir,2030,86,15,15,0.64003851907335
7240,hydro_reservoir,2030,86,16,16,0.6881866672214981
7241,hydro_reservoir,2030,86,17,17,0.7363348153696463
7242,hydro_reservoir,2030,86,18,18,0.7844829635177945
7243,hydro_reservoir,2030,86,19,19,0.7462061995251015
7244,hydro_reservoir,2030,86,20,20,0.650340782987149
7245,hydro_reservoir,2030,86,21,21,0.5757403327856916
7246,hydro_reservoir,2030,86,22,22,0.5389071418867476
7247,hydro_reservoir,2030,86,23,23,0.5594669266477265
7248,hydro_reservoir,2030,86,24,24,0.4988665224701012
7249,hydro_reservoir,2030,87,1,1,-0.07024088543702466
7250,hydro_reservoir,2030,87,2,2,-0.12597558869569692
7251,hydro_reservoir,2030,87,3,3,-0.1769342696088989
7252,hydro_reservoir,2030,87,4,4,-0.23246917307479864
7253,hydro_reservoir,2030,87,5,5,-0.2988672548845489
7254,hydro_reservoir,2030,87,6,6,-0.34507549147681976
7255,hydro_reservoir,2030,87,7,7,-0.3690368064267102
7256,hydro_reservoir,2030,87,8,8,-0.43440463143036195
7257,hydro_reservoir,2030,87,9,9,-0.4815753777451963
7258,hydro_reservoir,2030,87,10,10,-0.5557572440396576
7259,hydro_reservoir,2030,87,11,11,-1.524363945979693
7260,hydro_reservoir,2030,87,12,12,-1.5904769589802605
7261,hydro_reservoir,2030,87,13,13,-1.6718326383444881
7262,hydro_reservoir,2030,87,14,14,-1.736941687465131
7263,hydro_reservoir,2030,87,15,15,-1.7301706759265918
7264,hydro_reservoir,2030,87,16,16,-1.698777377866627
7265,hydro_reservoir,2030,87,17,17,-1.6673840798066624
7266,hydro_reservoir,2030,87,18,18,-1.6359907817466977
7267,hydro_reservoir,2030,87,19,19,-1.604597483686733
7268,hydro_reservoir,2030,87,20,20,-1.5732041856267682
7269,hydro_reservoir,2030,87,21,21,-1.5418108875668035
7270,hydro_reservoir,2030,87,22,22,-1.5104175895068388
7271,hydro_reservoir,2030,87,23,23,-1.479024291446874
7272,hydro_reservoir,2030,87,24,24,-1.4476309933869094
7273,hydro_reservoir,2030,88,1,1,0.031040564373897708
7274,hydro_reservoir,2030,88,2,2,0.062081128747795415
7275,hydro_reservoir,2030,88,3,3,0.09312169312169312
7276,hydro_reservoir,2030,88,4,4,0.12416225749559083
7277,hydro_reservoir,2030,88,5,5,0.15520282186948853
7278,hydro_reservoir,2030,88,6,6,0.18624338624338624
7279,hydro_reservoir,2030,88,7,7,0.1646731145398082
7280,hydro_reservoir,2030,88,8,8,0.19571367891370592
7281,hydro_reservoir,2030,88,9,9,0.22675424328760363
7282,hydro_reservoir,2030,88,10,10,0.2577948076615013
7283,hydro_reservoir,2030,88,11,11,0.288835372035399
7284,hydro_reservoir,2030,88,12,12,0.3198759364092967
7285,hydro_reservoir,2030,88,13,13,0.35091650078319436
7286,hydro_reservoir,2030,88,14,14,0.38195706515709205
7287,hydro_reservoir,2030,88,15,15,0.41299762953098973
7288,hydro_reservoir,2030,88,16,16,0.4440381939048874
7289,hydro_reservoir,2030,88,17,17,0.47221441199215347
7290,hydro_reservoir,2030,88,18,18,0.371836361449724
7291,hydro_reservoir,2030,88,19,19,-0.5971230741763783
7292,hydro_reservoir,2030,88,20,20,-0.7381788010707664
7293,hydro_reservoir,2030,88,21,21,-0.8350650194686413
7294,hydro_reservoir,2030,88,22,22,-0.8705422995586184
7295,hydro_reservoir,2030,88,23,23,-0.847840813722999
7296,hydro_reservoir,2030,88,24,24,-0.8168002493491013
7297,hydro_reservoir,2030,89,1,1,0.03274337491840633
7298,hydro_reservoir,2030,89,2,2,0.07912785463621938
7299,hydro_reservoir,2030,89,3,3,0.12551233435403242
7300,hydro_reservoir,2030,89,4,4,0.17189681407184548
7301,hydro_reservoir,2030,89,5,5,0.21828129378965855
7302,hydro_reservoir,2030,89,6,6,0.2646657735074716
7303,hydro_reservoir,2030,89,7,7,0.3110502532252847
7304,hydro_reservoir,2030,89,8,8,0.35743473294309774
7305,hydro_reservoir,2030,89,9,9,0.3566972445738646
7306,hydro_reservoir,2030,89,10,10,0.33553383170531825
7307,hydro_reservoir,2030,89,11,11,0.3435935038230855
7308,hydro_reservoir,2030,89,12,12,0.3469456698031953
7309,hydro_reservoir,2030,89,13,13,0.3933301495210083
7310,hydro_reservoir,2030,89,14,14,0.4397146292388214
7311,hydro_reservoir,2030,89,15,15,0.48609910895663444
7312,hydro_reservoir,2030,89,16,16,0.5324835886744475
7313,hydro_reservoir,2030,89,17,17,0.5788680683922606
7314,hydro_reservoir,2030,89,18,18,0.6252525481100737
7315,hydro_reservoir,2030,89,19,19,0.6716370278278867
7316,hydro_reservoir,2030,89,20,20,0.7180215075456997
7317,hydro_reservoir,2030,89,21,21,0.7644059872635128
7318,hydro_reservoir,2030,89,22,22,0.8107904669813258
7319,hydro_reservoir,2030,89,23,23,0.857174946699139
7320,hydro_reservoir,2030,89,24,24,0.903559426416952
7321,hydro_reservoir,2030,90,1,1,0.02416225749559083
7322,hydro_reservoir,2030,90,2,2,0.04832451499118166
7323,hydro_reservoir,2030,90,3,3,0.07248677248677249
7324,hydro_reservoir,2030,90,4,4,0.09664902998236331
7325,hydro_reservoir,2030,90,5,5,0.12081128747795414
7326,hydro_reservoir,2030,90,6,6,0.14497354497354498
7327,hydro_reservoir,2030,90,7,7,0.16913580246913582
7328,hydro_reservoir,2030,90,8,8,0.19329805996472665
7329,hydro_reservoir,2030,90,9,9,0.2174603174603175
7330,hydro_reservoir,2030,90,10,10,0.22761399515472533
7331,hydro_reservoir,2030,90,11,11,0.22748320240894537
7332,hydro_reservoir,2030,90,12,12,0.21297382526772626
7333,hydro_reservoir,2030,90,13,13,0.17609058900430133
7334,hydro_reservoir,2030,90,14,14,0.15052391686558675
7335,hydro_reservoir,2030,90,15,15,0.11999230205381747
7336,hydro_reservoir,2030,90,16,16,0.11665822965671857
7337,hydro_reservoir,2030,90,17,17,0.1408204871523094
7338,hydro_reservoir,2030,90,18,18,0.13360249716269326
7339,hydro_reservoir,2030,90,19,19,0.09448408719537965
7340,hydro_reservoir,2030,90,20,20,-0.003550614768262003
7341,hydro_reservoir,2030,90,21,21,-0.10226329886944888
7342,hydro_reservoir,2030,90,22,22,-0.14694292883914714
7343,hydro_reservoir,2030,90,23,23,-0.22731477663294467
7344,hydro_reservoir,2030,90,24,24,-0.23990927990070518
7345,hydro_reservoir,2030,91,1,1,-0.012407845214703415
7346,hydro_reservoir,2030,91,2,2,0.022336422862897998
7347,hydro_reservoir,2030,91,3,3,0.05708069094049941
7348,hydro_reservoir,2030,91,4,4,0.09182495901810082
7349,hydro_reservoir,2030,91,5,5,0.12656922709570223
7350,hydro_reservoir,2030,91,6,6,0.16131349517330365
7351,hydro_reservoir,2030,91,7,7,0.19605776325090507
7352,hydro_reservoir,2030,91,8,8,0.2308020313285065
7353,hydro_reservoir,2030,91,9,9,0.2655462994061079
7354,hydro_reservoir,2030,91,10,10,0.3002905674837093
7355,hydro_reservoir,2030,91,11,11,0.3350348355613107
7356,hydro_reservoir,2030,91,12,12,0.3697791036389121
7357,hydro_reservoir,2030,91,13,13,0.4045233717165135
7358,hydro_reservoir,2030,91,14,14,0.4392676397941149
7359,hydro_reservoir,2030,91,15,15,0.47401190787171626
7360,hydro_reservoir,2030,91,16,16,0.5087561759493177
7361,hydro_reservoir,2030,91,17,17,0.5435004440269191
7362,hydro_reservoir,2030,91,18,18,0.5782447121045206
7363,hydro_reservoir,2030,91,19,19,0.612988980182122
7364,hydro_reservoir,2030,91,20,20,0.6477332482597234
7365,hydro_reservoir,2030,91,21,21,0.6824775163373249
7366,hydro_reservoir,2030,91,22,22,0.7172217844149263
7367,hydro_reservoir,2030,91,23,23,0.7519660524925278
7368,hydro_reservoir,2030,91,24,24,0.7867103205701292
7369,hydro_reservoir,2030,92,1,1,-0.648287865281815
7370,hydro_reservoir,2030,92,2,2,-0.5622208458814623
7371,hydro_reservoir,2030,92,3,3,-0.47615382648110954
7372,hydro_reservoir,2030,92,4,4,-0.3900868070807568
7373,hydro_reservoir,2030,92,5,5,-0.3040197876804041
7374,hydro_reservoir,2030,92,6,6,-0.2179527682800514
7375,hydro_reservoir,2030,92,7,7,-0.13188574887969867
7376,hydro_reservoir,2030,92,8,8,-0.04581872947934594
7377,hydro_reservoir,2030,92,9,9,0.04024828992100679
7378,hydro_reservoir,2030,92,10,10,0.12631530932135954
7379,hydro_reservoir,2030,92,11,11,0.21238232872171225
7380,hydro_reservoir,2030,92,12,12,0.298449348122065
7381,hydro_reservoir,2030,92,13,13,0.3845163675224177
7382,hydro_reservoir,2030,92,14,14,0.4705833869227704
7383,hydro_reservoir,2030,92,15,15,0.5566504063231231
7384,hydro_reservoir,2030,92,16,16,0.6427174257234759
7385,hydro_reservoir,2030,92,17,17,0.6955291084531116
7386,hydro_reservoir,2030,92,18,18,0.7701907471388048
7387,hydro_reservoir,2030,92,19,19,0.8166243174528378
7388,hydro_reservoir,2030,92,20,20,0.8685015910453758
7389,hydro_reservoir,2030,92,21,21,0.9261196170132348
7390,hydro_reservoir,2030,92,22,22,1.0121866364135874
7391,hydro_reservoir,2030,92,23,23,1.075243646903393
7392,hydro_reservoir,2030,92,24,24,1.1613106663037458
7393,hydro_reservoir,2030,93,1,1,-0.6696183056974996
7394,hydro_reservoir,2030,93,2,2,-0.6458087818879757
7395,hydro_reservoir,2030,93,3,3,-0.6219992580784519
7396,hydro_reservoir,2030,93,4,4,-0.5981897342689281
7397,hydro_reservoir,2030,93,5,5,-0.5743802104594042
7398,hydro_reservoir,2030,93,6,6,-0.5505706866498804
7399,hydro_reservoir,2030,93,7,7,-0.5267611628403566
7400,hydro_reservoir,2030,93,8,8,-0.5029516390308327
7401,hydro_reservoir,2030,93,9,9,-0.4791421152213089
7402,hydro_reservoir,2030,93,10,10,-0.45533259141178506
7403,hydro_reservoir,2030,93,11,11,-0.4315230676022612
7404,hydro_reservoir,2030,93,12,12,-0.4077135437927374
7405,hydro_reservoir,2030,93,13,13,-0.38390401998321355
7406,hydro_reservoir,2030,93,14,14,-0.3600944961736897
7407,hydro_reservoir,2030,93,15,15,-0.3362849723641659
7408,hydro_reservoir,2030,93,16,16,-0.31247544855464204
7409,hydro_reservoir,2030,93,17,17,-0.2886659247451182
7410,hydro_reservoir,2030,93,18,18,-0.26485640093559437
7411,hydro_reservoir,2030,93,19,19,-0.24104687712607056
7412,hydro_reservoir,2030,93,20,20,-0.21723735331654676
7413,hydro_reservoir,2030,93,21,21,-0.19342782950702295
7414,hydro_reservoir,2030,93,22,22,-0.16961830569749914
7415,hydro_reservoir,2030,93,23,23,-0.14580878188797533
7416,hydro_reservoir,2030,93,24,24,-0.12199925807845152
7417,hydro_reservoir,2030,94,1,1,0.08606701940035273
7418,hydro_reservoir,2030,94,2,2,0.17213403880070546
7419,hydro_reservoir,2030,94,3,3,0.2582010582010582
7420,hydro_reservoir,2030,94,4,4,0.3442680776014109
7421,hydro_reservoir,2030,94,5,5,0.43033509700176364
7422,hydro_reservoir,2030,94,6,6,0.5164021164021164
7423,hydro_reservoir,2030,94,7,7,0.6024691358024692
7424,hydro_reservoir,2030,94,8,8,0.688536155202822
7425,hydro_reservoir,2030,94,9,9,0.7746031746031747
7426,hydro_reservoir,2030,94,10,10,0.8606701940035275
7427,hydro_reservoir,2030,94,11,11,0.9467372134038803
7428,hydro_reservoir,2030,94,12,12,1.032804232804233
7429,hydro_reservoir,2030,94,13,13,1.1188712522045858
7430,hydro_reservoir,2030,94,14,14,1.2049382716049386
7431,hydro_reservoir,2030,94,15,15,1.2653616379119952
7432,hydro_reservoir,2030,94,16,16,1.2978669104213207
7433,hydro_reservoir,2030,94,17,17,1.2916953281997796
7434,hydro_reservoir,2030,94,18,18,1.2618948133967527
7435,hydro_reservoir,2030,94,19,19,1.2523934528041296
7436,hydro_reservoir,2030,94,20,20,1.2797729043070472
7437,hydro_reservoir,2030,94,21,21,1.3464356888867495
7438,hydro_reservoir,2030,94,22,22,1.4325027082871022
7439,hydro_reservoir,2030,94,23,23,1.4967150351941907
7440,hydro_reservoir,2030,94,24,24,1.5827820545945435
7441,hydro_reservoir,2030,95,1,1,0.03139329805996473
7442,hydro_reservoir,2030,95,2,2,0.06278659611992946
7443,hydro_reservoir,2030,95,3,3,0.09417989417989418
7444,hydro_reservoir,2030,95,4,4,0.1255731922398589
7445,hydro_reservoir,2030,95,5,5,0.15696649029982362
7446,hydro_reservoir,2030,95,6,6,0.18835978835978834
7447,hydro_reservoir,2030,95,7,7,0.21975308641975305
7448,hydro_reservoir,2030,95,8,8,0.16061804616929384
7449,hydro_reservoir,2030,95,9,9,-0.014291389145691807
7450,hydro_reservoir,2030,95,10,10,-0.6161152842125522
7451,hydro_reservoir,2030,95,11,11,-0.778733808674937
7452,hydro_reservoir,2030,95,12,12,-0.8781822331447189
7453,hydro_reservoir,2030,95,13,13,-0.9211054799110847
7454,hydro_reservoir,2030,95,14,14,-0.9260304847382934
7455,hydro_reservoir,2030,95,15,15,-0.8946371866783287
7456,hydro_reservoir,2030,95,16,16,-0.863243888618364
7457,hydro_reservoir,2030,95,17,17,-0.8318505905583993
7458,hydro_reservoir,2030,95,18,18,-0.8004572924984346
7459,hydro_reservoir,2030,95,19,19,-0.7690639944384698
7460,hydro_reservoir,2030,95,20,20,-0.7376706963785051
7461,hydro_reservoir,2030,95,21,21,-0.7062773983185404
7462,hydro_reservoir,2030,95,22,22,-0.6748841002585757
7463,hydro_reservoir,2030,95,23,23,-0.643490802198611
7464,hydro_reservoir,2030,95,24,24,-0.6120975041386463
7465,hydro_reservoir,2030,96,1,1,0.02398589065255732
7466,hydro_reservoir,2030,96,2,2,0.04797178130511464
7467,hydro_reservoir,2030,96,3,3,0.07195767195767196
7468,hydro_reservoir,2030,96,4,4,0.09594356261022928
7469,hydro_reservoir,2030,96,5,5,0.1199294532627866
7470,hydro_reservoir,2030,96,6,6,0.1439153439153439
7471,hydro_reservoir,2030,96,7,7,0.16790123456790124
7472,hydro_reservoir,2030,96,8,8,0.19188712522045856
7473,hydro_reservoir,2030,96,9,9,0.21587301587301588
7474,hydro_reservoir,2030,96,10,10,0.2398589065255732
7475,hydro_reservoir,2030,96,11,11,0.259773124385539
7476,hydro_reservoir,2030,96,12,12,0.26352323320239474
7477,hydro_reservoir,2030,96,13,13,0.2457340152769653
7478,hydro_reservoir,2030,96,14,14,0.21142965117187915
7479,hydro_reservoir,2030,96,15,15,0.17253194494593416
7480,hydro_reservoir,2030,96,16,16,0.17662376014474762
7481,hydro_reservoir,2030,96,17,17,0.20060965079730494
7482,hydro_reservoir,2030,96,18,18,0.2207648039810638
7483,hydro_reservoir,2030,96,19,19,0.2162882680129457
7484,hydro_reservoir,2030,96,20,20,0.19914788609192188
7485,hydro_reservoir,2030,96,21,21,0.16885455835509783
7486,hydro_reservoir,2030,96,22,22,0.15641240104925952
7487,hydro_reservoir,2030,96,23,23,0.08530000570512884
7488,hydro_reservoir,2030,96,24,24,0.0691887746603959
7489,hydro_reservoir,2030,97,1,1,0.08641975308641975
7490,hydro_reservoir,2030,97,2,2,0.1728395061728395
7491,hydro_reservoir,2030,97,3,3,0.25925925925925924
7492,hydro_reservoir,2030,97,4,4,0.345679012345679
7493,hydro_reservoir,2030,97,5,5,0.43209876543209874
7494,hydro_reservoir,2030,97,6,6,0.5185185185185185
7495,hydro_reservoir,2030,97,7,7,0.6049382716049383
7496,hydro_reservoir,2030,97,8,8,0.691358024691358
7497,hydro_reservoir,2030,97,9,9,0.7777777777777777
7498,hydro_reservoir,2030,97,10,10,0.8641975308641974
7499,hydro_reservoir,2030,97,11,11,0.9506172839506171
7500,hydro_reservoir,2030,97,12,12,1.0370370370370368
7501,hydro_reservoir,2030,97,13,13,1.1234567901234565
7502,hydro_reservoir,2030,97,14,14,1.2098765432098761
7503,hydro_reservoir,2030,97,15,15,1.2962962962962958
7504,hydro_reservoir,2030,97,16,16,1.3827160493827155
7505,hydro_reservoir,2030,97,17,17,1.4691358024691352
7506,hydro_reservoir,2030,97,18,18,1.555555555555555
7507,hydro_reservoir,2030,97,19,19,1.6419753086419746
7508,hydro_reservoir,2030,97,20,20,1.7283950617283943
7509,hydro_reservoir,2030,97,21,21,1.814814814814814
7510,hydro_reservoir,2030,97,22,22,1.9012345679012337
7511,hydro_reservoir,2030,97,23,23,1.9876543209876534
7512,hydro_reservoir,2030,97,24,24,2.074074074074073
7513,hydro_reservoir,2030,98,1,1,-0.1164361163110213
7514,hydro_reservoir,2030,98,2,2,-0.2184568279800988
7515,hydro_reservoir,2030,98,3,3,-0.33490603708809125
7516,hydro_reservoir,2030,98,4,4,-0.43014992012954667
7517,hydro_reservoir,2030,98,5,5,-0.5347978530886774
7518,hydro_reservoir,2030,98,6,6,-0.6072289873005758
7519,hydro_reservoir,2030,98,7,7,-0.6978244178167214
7520,hydro_reservoir,2030,98,8,8,-0.9381885152692457
7521,hydro_reservoir,2030,98,9,9,-1.247226874953468
7522,hydro_reservoir,2030,98,10,10,-1.5825588916578075
7523,hydro_reservoir,2030,98,11,11,-1.8460375761847985
7524,hydro_reservoir,2030,98,12,12,-2.1001310377575337
7525,hydro_reservoir,2030,98,13,13,-2.3871591226726756
7526,hydro_reservoir,2030,98,14,14,-2.648982656423836
7527,hydro_reservoir,2030,98,15,15,-2.867711193665696
7528,hydro_reservoir,2030,98,16,16,-3.1284769628246565
7529,hydro_reservoir,2030,98,17,17,-3.4024707683186772
7530,hydro_reservoir,2030,98,18,18,-3.7083024108856195
7531,hydro_reservoir,2030,98,19,19,-3.983172099023164
7532,hydro_reservoir,2030,98,20,20,-4.202334165533444
7533,hydro_reservoir,2030,98,21,21,-4.357373810924145
7534,hydro_reservoir,2030,98,22,22,-4.40764244413341
7535,hydro_reservoir,2030,98,23,23,-4.457495222911505
7536,hydro_reservoir,2030,98,24,24,-4.382999617995609
7537,hydro_reservoir,2030,99,1,1,0.0417989417989418
7538,hydro_reservoir,2030,99,2,2,0.0835978835978836
7539,hydro_reservoir,2030,99,3,3,0.1253968253968254
7540,hydro_reservoir,2030,99,4,4,0.1671957671957672
7541,hydro_reservoir,2030,99,5,5,0.208994708994709
7542,hydro_reservoir,2030,99,6,6,0.2507936507936508
7543,hydro_reservoir,2030,99,7,7,0.29259259259259257
7544,hydro_reservoir,2030,99,8,8,0.33439153439153435
7545,hydro_reservoir,2030,99,9,9,0.37619047619047613
7546,hydro_reservoir,2030,99,10,10,0.4179894179894179
7547,hydro_reservoir,2030,99,11,11,0.4597883597883597
7548,hydro_reservoir,2030,99,12,12,0.5015873015873015
7549,hydro_reservoir,2030,99,13,13,0.5433862433862433
7550,hydro_reservoir,2030,99,14,14,0.5851851851851851
7551,hydro_reservoir,2030,99,15,15,0.626984126984127
7552,hydro_reservoir,2030,99,16,16,0.6687830687830688
7553,hydro_reservoir,2030,99,17,17,0.7105820105820106
7554,hydro_reservoir,2030,99,18,18,0.7523809523809525
7555,hydro_reservoir,2030,99,19,19,0.7941798941798943
7556,hydro_reservoir,2030,99,20,20,0.7932824015917701
7557,hydro_reservoir,2030,99,21,21,0.7676055025186456
7558,hydro_reservoir,2030,99,22,22,0.7726124877542613
7559,hydro_reservoir,2030,99,23,23,0.7603966450090328
7560,hydro_reservoir,2030,99,24,24,0.8021955868079746
7561,hydro_reservoir,2030,100,1,1,0.0757333050098154
7562,hydro_reservoir,2030,100,2,2,0.16409309336960376
7563,hydro_reservoir,2030,100,3,3,0.2524528817293921
7564,hydro_reservoir,2030,100,4,4,0.3408126700891805
7565,hydro_reservoir,2030,100,5,5,0.42917245844896884
7566,hydro_reservoir,2030,100,6,6,0.49091075686397784
7567,hydro_reservoir,2030,100,7,7,0.5562839777152697
7568,hydro_reservoir,2030,100,8,8,0.5074337358588095
7569,hydro_reservoir,2030,100,9,9,0.4546127207477942
7570,hydro_reservoir,2030,100,10,10,0.43755739045120445
7571,hydro_reservoir,2030,100,11,11,0.44117163298326206
7572,hydro_reservoir,2030,100,12,12,0.4620709118959024
7573,hydro_reservoir,2030,100,13,13,0.5056945989791448
7574,hydro_reservoir,2030,100,14,14,0.5290696245882538
7575,hydro_reservoir,2030,100,15,15,0.5971841134325335
7576,hydro_reservoir,2030,100,16,16,0.6210482083948607
7577,hydro_reservoir,2030,100,17,17,0.6358460480984154
7578,hydro_reservoir,2030,100,18,18,0.6808830551383188
7579,hydro_reservoir,2030,100,19,19,0.7132871901407243
7580,hydro_reservoir,2030,100,20,20,0.7698066252290909
7581,hydro_reservoir,2030,100,21,21,0.8581664135888794
7582,hydro_reservoir,2030,100,22,22,0.9465262019486677
7583,hydro_reservoir,2030,100,23,23,1.034885990308456
7584,hydro_reservoir,2030,100,24,24,1.1232457786682444
7585,hydro_reservoir,2030,101,1,1,0.02345679012345679
7586,hydro_reservoir,2030,101,2,2,0.04691358024691358
7587,hydro_reservoir,2030,101,3,3,0.07037037037037037
7588,hydro_reservoir,2030,101,4,4,0.09382716049382717
7589,hydro_reservoir,2030,101,5,5,0.10278533743036915
7590,hydro_reservoir,2030,101,6,6,0.12624212755382594
7591,hydro_reservoir,2030,101,7,7,0.10268759196703325
7592,hydro_reservoir,2030,101,8,8,0.006639102661146523
7593,hydro_reservoir,2030,101,9,9,0.0015504904362844412
7594,hydro_reservoir,2030,101,10,10,-0.07585119221306338
7595,hydro_reservoir,2030,101,11,11,-0.05239440208960659
7596,hydro_reservoir,2030,101,12,12,-0.11563356724557103
7597,hydro_reservoir,2030,101,13,13,-0.09217677712211422
7598,hydro_reservoir,2030,101,14,14,-0.06871998699865742
7599,hydro_reservoir,2030,101,15,15,-0.04526319687520061
7600,hydro_reservoir,2030,101,16,16,-0.021806406751743806
7601,hydro_reservoir,2030,101,17,17,0.001650383371712999
7602,hydro_reservoir,2030,101,18,18,0.025107173495169777
7603,hydro_reservoir,2030,101,19,19,0.04856396361862657
7604,hydro_reservoir,2030,101,20,20,0.07202075374208336
7605,hydro_reservoir,2030,101,21,21,0.09547754386554015
7606,hydro_reservoir,2030,101,22,22,0.11893433398899694
7607,hydro_reservoir,2030,101,23,23,0.14239112411245375
7608,hydro_reservoir,2030,101,24,24,0.16584791423591053
7609,hydro_reservoir,2030,102,1,1,0.026278659611992945
7610,hydro_reservoir,2030,102,2,2,0.05255731922398589
7611,hydro_reservoir,2030,102,3,3,0.07883597883597884
7612,hydro_reservoir,2030,102,4,4,0.10511463844797178
7613,hydro_reservoir,2030,102,5,5,0.13139329805996472
7614,hydro_reservoir,2030,102,6,6,0.15767195767195766
7615,hydro_reservoir,2030,102,7,7,0.1839506172839506
7616,hydro_reservoir,2030,102,8,8,0.21022927689594353
7617,hydro_reservoir,2030,102,9,9,0.23650793650793647
7618,hydro_reservoir,2030,102,10,10,0.26278659611992944
7619,hydro_reservoir,2030,102,11,11,0.2890652557319224
7620,hydro_reservoir,2030,102,12,12,0.3153439153439153
7621,hydro_reservoir,2030,102,13,13,0.34162257495590825
7622,hydro_reservoir,2030,102,14,14,0.3679012345679012
7623,hydro_reservoir,2030,102,15,15,0.39417989417989413
7624,hydro_reservoir,2030,102,16,16,0.42045855379188707
7625,hydro_reservoir,2030,102,17,17,0.44673721340388
7626,hydro_reservoir,2030,102,18,18,0.3845643011916068
7627,hydro_reservoir,2030,102,19,19,0.27225180328218795
7628,hydro_reservoir,2030,102,20,20,0.12791560587526563
7629,hydro_reservoir,2030,102,21,21,0.025670356680323976
7630,hydro_reservoir,2030,102,22,22,0.014547534154871658
7631,hydro_reservoir,2030,102,23,23,-0.037273287511067454
7632,hydro_reservoir,2030,102,24,24,-0.04893707142346447
7633,hydro_reservoir,2030,103,1,1,0.025396825396825397
7634,hydro_reservoir,2030,103,2,2,0.050793650793650794
7635,hydro_reservoir,2030,103,3,3,0.0761904761904762
7636,hydro_reservoir,2030,103,4,4,0.10158730158730159
7637,hydro_reservoir,2030,103,5,5,0.12698412698412698
7638,hydro_reservoir,2030,103,6,6,0.15238095238095237
7639,hydro_reservoir,2030,103,7,7,0.17777777777777776
7640,hydro_reservoir,2030,103,8,8,0.20317460317460315
7641,hydro_reservoir,2030,103,9,9,0.22857142857142854
7642,hydro_reservoir,2030,103,10,10,0.25396825396825395
7643,hydro_reservoir,2030,103,11,11,0.27936507936507937
7644,hydro_reservoir,2030,103,12,12,0.3047619047619048
7645,hydro_reservoir,2030,103,13,13,0.3301587301587302
7646,hydro_reservoir,2030,103,14,14,0.3555555555555556
7647,hydro_reservoir,2030,103,15,15,0.38095238095238104
7648,hydro_reservoir,2030,103,16,16,0.40634920634920646
7649,hydro_reservoir,2030,103,17,17,0.4317460317460319
7650,hydro_reservoir,2030,103,18,18,0.4571428571428573
7651,hydro_reservoir,2030,103,19,19,0.4825396825396827
7652,hydro_reservoir,2030,103,20,20,0.5079365079365081
7653,hydro_reservoir,2030,103,21,21,0.5333333333333335
7654,hydro_reservoir,2030,103,22,22,0.558730158730159
7655,hydro_reservoir,2030,103,23,23,0.5841269841269844
7656,hydro_reservoir,2030,103,24,24,0.6095238095238098
7657,hydro_reservoir,2030,104,1,1,0.07742504409171076
7658,hydro_reservoir,2030,104,2,2,0.15485008818342152
7659,hydro_reservoir,2030,104,3,3,0.2322751322751323
7660,hydro_reservoir,2030,104,4,4,0.30970017636684305
7661,hydro_reservoir,2030,104,5,5,0.3871252204585538
7662,hydro_reservoir,2030,104,6,6,0.46455026455026455
7663,hydro_reservoir,2030,104,7,7,0.5419753086419753
7664,hydro_reservoir,2030,104,8,8,0.6194003527336861
7665,hydro_reservoir,2030,104,9,9,0.6968253968253969
7666,hydro_reservoir,2030,104,10,10,0.7742504409171077
7667,hydro_reservoir,2030,104,11,11,0.8516754850088185
7668,hydro_reservoir,2030,104,12,12,0.9291005291005293
7669,hydro_reservoir,2030,104,13,13,1.00652557319224
7670,hydro_reservoir,2030,104,14,14,1.0839506172839508
7671,hydro_reservoir,2030,104,15,15,1.1613756613756616
7672,hydro_reservoir,2030,104,16,16,1.2047871368022482
7673,hydro_reservoir,2030,104,17,17,1.1959231948508047
7674,hydro_reservoir,2030,104,18,18,1.1646918281639107
7675,hydro_reservoir,2030,104,19,19,1.110575429788802
7676,hydro_reservoir,2030,104,20,20,1.0556790872627833
7677,hydro_reservoir,2030,104,21,21,1.0142283894930872
7678,hydro_reservoir,2030,104,22,22,1.0375363995674425
7679,hydro_reservoir,2030,104,23,23,1.0897420407642249
7680,hydro_reservoir,2030,104,24,24,1.1671670848559357
7681,hydro_reservoir,2030,105,1,1,0.024480133531105612
7682,hydro_reservoir,2030,105,2,2,0.06892457797555006
7683,hydro_reservoir,2030,105,3,3,0.1133690224199945
7684,hydro_reservoir,2030,105,4,4,0.15781346686443895
7685,hydro_reservoir,2030,105,5,5,0.2022579113088834
7686,hydro_reservoir,2030,105,6,6,0.24670235575332786
7687,hydro_reservoir,2030,105,7,7,0.2911468001977723
7688,hydro_reservoir,2030,105,8,8,0.33559124464221674
7689,hydro_reservoir,2030,105,9,9,0.3800356890866612
7690,hydro_reservoir,2030,105,10,10,0.4114648775726516
7691,hydro_reservoir,2030,105,11,11,0.455909322017096
7692,hydro_reservoir,2030,105,12,12,0.5003537664615404
7693,hydro_reservoir,2030,105,13,13,0.5447982109059848
7694,hydro_reservoir,2030,105,14,14,0.5892426553504293
7695,hydro_reservoir,2030,105,15,15,0.6336870997948737
7696,hydro_reservoir,2030,105,16,16,0.6781315442393181
7697,hydro_reservoir,2030,105,17,17,0.7225759886837626
7698,hydro_reservoir,2030,105,18,18,0.7670204331282071
7699,hydro_reservoir,2030,105,19,19,0.8114648775726515
7700,hydro_reservoir,2030,105,20,20,0.8559093220170959
7701,hydro_reservoir,2030,105,21,21,0.9003537664615404
7702,hydro_reservoir,2030,105,22,22,0.9447982109059848
7703,hydro_reservoir,2030,105,23,23,0.9892426553504293
7704,hydro_reservoir,2030,105,24,24,1.0336870997948737
7705,hydro_reservoir,2030,106,1,1,0.03139329805996473
7706,hydro_reservoir,2030,106,2,2,0.06278659611992946
7707,hydro_reservoir,2030,106,3,3,0.09417989417989418
7708,hydro_reservoir,2030,106,4,4,0.1255731922398589
7709,hydro_reservoir,2030,106,5,5,0.15696649029982362
7710,hydro_reservoir,2030,106,6,6,0.18835978835978834
7711,hydro_reservoir,2030,106,7,7,0.21975308641975305
7712,hydro_reservoir,2030,106,8,8,0.25114638447971777
7713,hydro_reservoir,2030,106,9,9,0.2825396825396825
7714,hydro_reservoir,2030,106,10,10,0.3139329805996472
7715,hydro_reservoir,2030,106,11,11,0.3453262786596119
7716,hydro_reservoir,2030,106,12,12,0.3767195767195766
7717,hydro_reservoir,2030,106,13,13,0.40811287477954133
7718,hydro_reservoir,2030,106,14,14,0.43950617283950605
7719,hydro_reservoir,2030,106,15,15,0.47089947089947076
7720,hydro_reservoir,2030,106,16,16,0.5022927689594355
7721,hydro_reservoir,2030,106,17,17,0.5336860670194002
7722,hydro_reservoir,2030,106,18,18,0.565079365079365
7723,hydro_reservoir,2030,106,19,19,0.5964726631393297
7724,hydro_reservoir,2030,106,20,20,0.6278659611992944
7725,hydro_reservoir,2030,106,21,21,0.6583067129440615
7726,hydro_reservoir,2030,106,22,22,0.6897000110040262
7727,hydro_reservoir,2030,106,23,23,0.7156363948703878
7728,hydro_reservoir,2030,106,24,24,0.7470296929303525
7729,hydro_reservoir,2030,107,1,1,0.08589065255731923
7730,hydro_reservoir,2030,107,2,2,0.17178130511463846
7731,hydro_reservoir,2030,107,3,3,0.2576719576719577
7732,hydro_reservoir,2030,107,4,4,0.3435626102292769
7733,hydro_reservoir,2030,107,5,5,0.4294532627865961
7734,hydro_reservoir,2030,107,6,6,0.5153439153439153
7735,hydro_reservoir,2030,107,7,7,0.6012345679012345
7736,hydro_reservoir,2030,107,8,8,0.6871252204585537
7737,hydro_reservoir,2030,107,9,9,0.7730158730158729
7738,hydro_reservoir,2030,107,10,10,0.8589065255731921
7739,hydro_reservoir,2030,107,11,11,0.9001067563776937
7740,hydro_reservoir,2030,107,12,12,0.8831056892793933
7741,hydro_reservoir,2030,107,13,13,0.8407784684059405
7742,hydro_reservoir,2030,107,14,14,0.7697706168545377
7743,hydro_reservoir,2030,107,15,15,0.6990249054778783
7744,hydro_reservoir,2030,107,16,16,0.5858220222460155
7745,hydro_reservoir,2030,107,17,17,0.4440735867006
7746,hydro_reservoir,2030,107,18,18,0.291972918667327
7747,hydro_reservoir,2030,107,19,19,0.1763324083491376
7748,hydro_reservoir,2030,107,20,20,0.10073703369389986
7749,hydro_reservoir,2030,107,21,21,0.05743939252898683
7750,hydro_reservoir,2030,107,22,22,0.08550558291462539
7751,hydro_reservoir,2030,107,23,23,0.15725718004841052
7752,hydro_reservoir,2030,107,24,24,0.24314783260572975
7753,hydro_reservoir,2030,108,1,1,0.0236331569664903
7754,hydro_reservoir,2030,108,2,2,0.0472663139329806
7755,hydro_reservoir,2030,108,3,3,0.0708994708994709
7756,hydro_reservoir,2030,108,4,4,0.0945326278659612
7757,hydro_reservoir,2030,108,5,5,0.11816578483245149
7758,hydro_reservoir,2030,108,6,6,0.14179894179894179
7759,hydro_reservoir,2030,108,7,7,0.16543209876543208
7760,hydro_reservoir,2030,108,8,8,0.18906525573192237
7761,hydro_reservoir,2030,108,9,9,0.21269841269841266
7762,hydro_reservoir,2030,108,10,10,0.23633156966490296
7763,hydro_reservoir,2030,108,11,11,0.25996472663139325
7764,hydro_reservoir,2030,108,12,12,0.28359788359788357
7765,hydro_reservoir,2030,108,13,13,0.3072310405643739
7766,hydro_reservoir,2030,108,14,14,0.3308641975308642
7767,hydro_reservoir,2030,108,15,15,0.35449735449735453
7768,hydro_reservoir,2030,108,16,16,0.37813051146384485
7769,hydro_reservoir,2030,108,17,17,0.4017636684303352
7770,hydro_reservoir,2030,108,18,18,0.4253968253968255
7771,hydro_reservoir,2030,108,19,19,0.4490299823633158
7772,hydro_reservoir,2030,108,20,20,0.47266313932980614
7773,hydro_reservoir,2030,108,21,21,0.49629629629629646
7774,hydro_reservoir,2030,108,22,22,0.5199294532627867
7775,hydro_reservoir,2030,108,23,23,0.543562610229277
7776,hydro_reservoir,2030,108,24,24,0.5671957671957673
7777,hydro_reservoir,2030,109,1,1,0.08589065255731923
7778,hydro_reservoir,2030,109,2,2,0.17178130511463846
7779,hydro_reservoir,2030,109,3,3,0.2576719576719577
7780,hydro_reservoir,2030,109,4,4,0.3435626102292769
7781,hydro_reservoir,2030,109,5,5,0.4294532627865961
7782,hydro_reservoir,2030,109,6,6,0.5153439153439153
7783,hydro_reservoir,2030,109,7,7,0.6012345679012345
7784,hydro_reservoir,2030,109,8,8,0.6871252204585537
7785,hydro_reservoir,2030,109,9,9,0.7730158730158729
7786,hydro_reservoir,2030,109,10,10,0.8589065255731921
7787,hydro_reservoir,2030,109,11,11,0.9447971781305113
7788,hydro_reservoir,2030,109,12,12,1.0306878306878307
7789,hydro_reservoir,2030,109,13,13,1.11657848324515
7790,hydro_reservoir,2030,109,14,14,1.2024691358024693
7791,hydro_reservoir,2030,109,15,15,1.2883597883597886
7792,hydro_reservoir,2030,109,16,16,1.374250440917108
7793,hydro_reservoir,2030,109,17,17,1.4601410934744272
7794,hydro_reservoir,2030,109,18,18,1.5460317460317465
7795,hydro_reservoir,2030,109,19,19,1.6319223985890658
7796,hydro_reservoir,2030,109,20,20,1.7178130511463852
7797,hydro_reservoir,2030,109,21,21,1.8037037037037045
7798,hydro_reservoir,2030,109,22,22,1.8895943562610238
7799,hydro_reservoir,2030,109,23,23,1.975485008818343
7800,hydro_reservoir,2030,109,24,24,2.061375661375662
7801,hydro_reservoir,2030,110,1,1,0.026455026455026454
7802,hydro_reservoir,2030,110,2,2,0.05291005291005291
7803,hydro_reservoir,2030,110,3,3,0.07936507936507936
7804,hydro_reservoir,2030,110,4,4,0.10582010582010581
7805,hydro_reservoir,2030,110,5,5,0.13227513227513227
7806,hydro_reservoir,2030,110,6,6,0.15873015873015872
7807,hydro_reservoir,2030,110,7,7,0.18518518518518517
7808,hydro_reservoir,2030,110,8,8,0.21164021164021163
7809,hydro_reservoir,2030,110,9,9,0.23809523809523808
7810,hydro_reservoir,2030,110,10,10,0.26455026455026454
7811,hydro_reservoir,2030,110,11,11,0.291005291005291
7812,hydro_reservoir,2030,110,12,12,0.31746031746031744
7813,hydro_reservoir,2030,110,13,13,0.3439153439153439
7814,hydro_reservoir,2030,110,14,14,0.37037037037037035
7815,hydro_reservoir,2030,110,15,15,0.3968253968253968
7816,hydro_reservoir,2030,110,16,16,0.42328042328042326
7817,hydro_reservoir,2030,110,17,17,0.4497354497354497
7818,hydro_reservoir,2030,110,18,18,0.47619047619047616
7819,hydro_reservoir,2030,110,19,19,0.5026455026455026
7820,hydro_reservoir,2030,110,20,20,0.5291005291005291
7821,hydro_reservoir,2030,110,21,21,0.5555555555555556
7822,hydro_reservoir,2030,110,22,22,0.5820105820105821
7823,hydro_reservoir,2030,110,23,23,0.6084656084656086
7824,hydro_reservoir,2030,110,24,24,0.6349206349206351
7825,hydro_reservoir,2030,111,1,1,-0.014409073498361027
7826,hydro_reservoir,2030,111,2,2,-0.017662584262310935
7827,hydro_reservoir,2030,111,3,3,-0.0016602686517178155
7828,hydro_reservoir,2030,111,4,4,0.00425184838957881
7829,hydro_reservoir,2030,111,5,5,0.013658508632116206
7830,hydro_reservoir,2030,111,6,6,0.038878967185908095
7831,hydro_reservoir,2030,111,7,7,0.06409942573969998
7832,hydro_reservoir,2030,111,8,8,0.08931988429349187
7833,hydro_reservoir,2030,111,9,9,0.09294434001775459
7834,hydro_reservoir,2030,111,10,10,0.11816479857154648
7835,hydro_reservoir,2030,111,11,11,0.12711427595193414
7836,hydro_reservoir,2030,111,12,12,0.15233473450572604
7837,hydro_reservoir,2030,111,13,13,0.17755519305951795
7838,hydro_reservoir,2030,111,14,14,0.20277565161330985
7839,hydro_reservoir,2030,111,15,15,0.22799611016710175
7840,hydro_reservoir,2030,111,16,16,0.25321656872089365
7841,hydro_reservoir,2030,111,17,17,0.27843702727468556
7842,hydro_reservoir,2030,111,18,18,0.30365748582847746
7843,hydro_reservoir,2030,111,19,19,0.32887794438226936
7844,hydro_reservoir,2030,111,20,20,0.35409840293606126
7845,hydro_reservoir,2030,111,21,21,0.37931886148985317
7846,hydro_reservoir,2030,111,22,22,0.404539320043645
7847,hydro_reservoir,2030,111,23,23,0.4297597785974369
7848,hydro_reservoir,2030,111,24,24,0.4549802371512288
7849,hydro_reservoir,2030,112,1,1,0.02345679012345679
7850,hydro_reservoir,2030,112,2,2,0.04691358024691358
7851,hydro_reservoir,2030,112,3,3,0.07037037037037037
7852,hydro_reservoir,2030,112,4,4,0.09382716049382717
7853,hydro_reservoir,2030,112,5,5,0.11728395061728396
7854,hydro_reservoir,2030,112,6,6,0.14074074074074075
7855,hydro_reservoir,2030,112,7,7,0.16419753086419753
7856,hydro_reservoir,2030,112,8,8,0.18765432098765433
7857,hydro_reservoir,2030,112,9,9,0.21111111111111114
7858,hydro_reservoir,2030,112,10,10,0.23456790123456794
7859,hydro_reservoir,2030,112,11,11,0.25802469135802475
7860,hydro_reservoir,2030,112,12,12,0.28148148148148155
7861,hydro_reservoir,2030,112,13,13,0.30493827160493836
7862,hydro_reservoir,2030,112,14,14,0.32839506172839517
7863,hydro_reservoir,2030,112,15,15,0.35185185185185197
7864,hydro_reservoir,2030,112,16,16,0.3753086419753088
7865,hydro_reservoir,2030,112,17,17,0.3987654320987656
7866,hydro_reservoir,2030,112,18,18,0.4222222222222224
7867,hydro_reservoir,2030,112,19,19,0.4456790123456792
7868,hydro_reservoir,2030,112,20,20,0.469135802469136
7869,hydro_reservoir,2030,112,21,21,0.4925925925925928
7870,hydro_reservoir,2030,112,22,22,0.5160493827160496
7871,hydro_reservoir,2030,112,23,23,0.5395061728395064
7872,hydro_reservoir,2030,112,24,24,0.5629629629629632
7873,hydro_reservoir,2030,113,1,1,0.025396825396825397
7874,hydro_reservoir,2030,113,2,2,0.050793650793650794
7875,hydro_reservoir,2030,113,3,3,0.0761904761904762
7876,hydro_reservoir,2030,113,4,4,0.10158730158730159
7877,hydro_reservoir,2030,113,5,5,0.12698412698412698
7878,hydro_reservoir,2030,113,6,6,0.15238095238095237
7879,hydro_reservoir,2030,113,7,7,0.17777777777777776
7880,hydro_reservoir,2030,113,8,8,0.20317460317460315
7881,hydro_reservoir,2030,113,9,9,0.22857142857142854
7882,hydro_reservoir,2030,113,10,10,0.25396825396825395
7883,hydro_reservoir,2030,113,11,11,0.27936507936507937
7884,hydro_reservoir,2030,113,12,12,0.3047619047619048
7885,hydro_reservoir,2030,113,13,13,0.3301587301587302
7886,hydro_reservoir,2030,113,14,14,0.3555555555555556
7887,hydro_reservoir,2030,113,15,15,0.38095238095238104
7888,hydro_reservoir,2030,113,16,16,0.40634920634920646
7889,hydro_reservoir,2030,113,17,17,0.4317460317460319
7890,hydro_reservoir,2030,113,18,18,0.4571428571428573
7891,hydro_reservoir,2030,113,19,19,0.4825396825396827
7892,hydro_reservoir,2030,113,20,20,0.5079365079365081
7893,hydro_reservoir,2030,113,21,21,0.5333333333333335
7894,hydro_reservoir,2030,113,22,22,0.558730158730159
7895,hydro_reservoir,2030,113,23,23,0.5841269841269844
7896,hydro_reservoir,2030,113,24,24,0.6095238095238098
7897,hydro_reservoir,2030,114,1,1,0.03192239858906525
7898,hydro_reservoir,2030,114,2,2,0.0638447971781305
7899,hydro_reservoir,2030,114,3,3,0.09576719576719575
7900,hydro_reservoir,2030,114,4,4,0.127689594356261
7901,hydro_reservoir,2030,114,5,5,0.15961199294532627
7902,hydro_reservoir,2030,114,6,6,0.19153439153439153
7903,hydro_reservoir,2030,114,7,7,0.2234567901234568
7904,hydro_reservoir,2030,114,8,8,0.23212696602538957
7905,hydro_reservoir,2030,114,9,9,0.26404936461445483
7906,hydro_reservoir,2030,114,10,10,0.2959717632035201
7907,hydro_reservoir,2030,114,11,11,0.29261466377719525
7908,hydro_reservoir,2030,114,12,12,0.3245370623662605
7909,hydro_reservoir,2030,114,13,13,0.35645946095532577
7910,hydro_reservoir,2030,114,14,14,0.38838185954439103
7911,hydro_reservoir,2030,114,15,15,0.4203042581334563
7912,hydro_reservoir,2030,114,16,16,0.45222665672252155
7913,hydro_reservoir,2030,114,17,17,0.4841490553115868
7914,hydro_reservoir,2030,114,18,18,0.516071453900652
7915,hydro_reservoir,2030,114,19,19,0.5479938524897173
7916,hydro_reservoir,2030,114,20,20,0.5799162510787825
7917,hydro_reservoir,2030,114,21,21,0.6118386496678478
7918,hydro_reservoir,2030,114,22,22,0.643761048256913
7919,hydro_reservoir,2030,114,23,23,0.6756834468459784
7920,hydro_reservoir,2030,114,24,24,0.7076058454350436
7921,hydro_reservoir,2030,115,1,1,0.031569664902998236
7922,hydro_reservoir,2030,115,2,2,0.06313932980599647
7923,hydro_reservoir,2030,115,3,3,0.09470899470899471
7924,hydro_reservoir,2030,115,4,4,0.12627865961199294
7925,hydro_reservoir,2030,115,5,5,0.15784832451499117
7926,hydro_reservoir,2030,115,6,6,0.1894179894179894
7927,hydro_reservoir,2030,115,7,7,0.22098765432098763
7928,hydro_reservoir,2030,115,8,8,0.2525573192239859
7929,hydro_reservoir,2030,115,9,9,0.2841269841269841
7930,hydro_reservoir,2030,115,10,10,0.31569664902998235
7931,hydro_reservoir,2030,115,11,11,0.3472663139329806
7932,hydro_reservoir,2030,115,12,12,0.3788359788359788
7933,hydro_reservoir,2030,115,13,13,0.41040564373897703
7934,hydro_reservoir,2030,115,14,14,0.44197530864197526
7935,hydro_reservoir,2030,115,15,15,0.4735449735449735
7936,hydro_reservoir,2030,115,16,16,0.5051146384479718
7937,hydro_reservoir,2030,115,17,17,0.5366843033509701
7938,hydro_reservoir,2030,115,18,18,0.5682539682539683
7939,hydro_reservoir,2030,115,19,19,0.5998236331569666
7940,hydro_reservoir,2030,115,20,20,0.6009252909477163
7941,hydro_reservoir,2030,115,21,21,0.6277976802010498
7942,hydro_reservoir,2030,115,22,22,0.659367345104048
7943,hydro_reservoir,2030,115,23,23,0.6909370100070462
7944,hydro_reservoir,2030,115,24,24,0.7225066749100445
7945,hydro_reservoir,2030,116,1,1,0.0236331569664903
7946,hydro_reservoir,2030,116,2,2,0.0472663139329806
7947,hydro_reservoir,2030,116,3,3,0.0708994708994709
7948,hydro_reservoir,2030,116,4,4,0.0945326278659612
7949,hydro_reservoir,2030,116,5,5,0.11816578483245149
7950,hydro_reservoir,2030,116,6,6,0.14179894179894179
7951,hydro_reservoir,2030,116,7,7,0.16543209876543208
7952,hydro_reservoir,2030,116,8,8,0.18906525573192237
7953,hydro_reservoir,2030,116,9,9,0.21269841269841266
7954,hydro_reservoir,2030,116,10,10,0.23633156966490296
7955,hydro_reservoir,2030,116,11,11,0.25996472663139325
7956,hydro_reservoir,2030,116,12,12,0.28359788359788357
7957,hydro_reservoir,2030,116,13,13,0.3072310405643739
7958,hydro_reservoir,2030,116,14,14,0.3308641975308642
7959,hydro_reservoir,2030,116,15,15,0.35449735449735453
7960,hydro_reservoir,2030,116,16,16,0.37813051146384485
7961,hydro_reservoir,2030,116,17,17,0.4017636684303352
7962,hydro_reservoir,2030,116,18,18,0.4253968253968255
7963,hydro_reservoir,2030,116,19,19,0.4490299823633158
7964,hydro_reservoir,2030,116,20,20,0.47266313932980614
7965,hydro_reservoir,2030,116,21,21,0.49629629629629646
7966,hydro_reservoir,2030,116,22,22,0.5199294532627867
7967,hydro_reservoir,2030,116,23,23,0.543562610229277
7968,hydro_reservoir,2030,116,24,24,0.5671957671957673
7969,hydro_reservoir,2030,117,1,1,0.02451499118165785
7970,hydro_reservoir,2030,117,2,2,0.0490299823633157
7971,hydro_reservoir,2030,117,3,3,0.07354497354497355
7972,hydro_reservoir,2030,117,4,4,0.0980599647266314
7973,hydro_reservoir,2030,117,5,5,0.12257495590828923
7974,hydro_reservoir,2030,117,6,6,0.14708994708994708
7975,hydro_reservoir,2030,117,7,7,0.17160493827160492
7976,hydro_reservoir,2030,117,8,8,0.19611992945326276
7977,hydro_reservoir,2030,117,9,9,0.2206349206349206
7978,hydro_reservoir,2030,117,10,10,0.24514991181657844
7979,hydro_reservoir,2030,117,11,11,0.2696649029982363
7980,hydro_reservoir,2030,117,12,12,0.2806865873466463
7981,hydro_reservoir,2030,117,13,13,0.29580168667842976
7982,hydro_reservoir,2030,117,14,14,0.3203166778600876
7983,hydro_reservoir,2030,117,15,15,0.32682508493922474
7984,hydro_reservoir,2030,117,16,16,0.302021557225947
7985,hydro_reservoir,2030,117,17,17,0.23479572633719298
7986,hydro_reservoir,2030,117,18,18,0.11263824777424392
7987,hydro_reservoir,2030,117,19,19,0.028957173405030318
7988,hydro_reservoir,2030,117,20,20,0.038440074333479596
7989,hydro_reservoir,2030,117,21,21,0.06295506551513744
7990,hydro_reservoir,2030,117,22,22,0.08747005669679529
7991,hydro_reservoir,2030,117,23,23,0.11198504787845315
7992,hydro_reservoir,2030,117,24,24,0.136500039060111
7993,hydro_reservoir,2030,118,1,1,0.0236331569664903
7994,hydro_reservoir,2030,118,2,2,0.0472663139329806
7995,hydro_reservoir,2030,118,3,3,0.0708994708994709
7996,hydro_reservoir,2030,118,4,4,0.0945326278659612
7997,hydro_reservoir,2030,118,5,5,0.11816578483245149
7998,hydro_reservoir,2030,118,6,6,0.14179894179894179
7999,hydro_reservoir,2030,118,7,7,0.16543209876543208
8000,hydro_reservoir,2030,118,8,8,0.18906525573192237
8001,hydro_reservoir,2030,118,9,9,0.21269841269841266
8002,hydro_reservoir,2030,118,10,10,0.23633156966490296
8003,hydro_reservoir,2030,118,11,11,0.25996472663139325
8004,hydro_reservoir,2030,118,12,12,0.28359788359788357
8005,hydro_reservoir,2030,118,13,13,0.3072310405643739
8006,hydro_reservoir,2030,118,14,14,0.3308641975308642
8007,hydro_reservoir,2030,118,15,15,0.35449735449735453
8008,hydro_reservoir,2030,118,16,16,0.37813051146384485
8009,hydro_reservoir,2030,118,17,17,0.4017636684303352
8010,hydro_reservoir,2030,118,18,18,0.4253968253968255
8011,hydro_reservoir,2030,118,19,19,0.4490299823633158
8012,hydro_reservoir,2030,118,20,20,0.47266313932980614
8013,hydro_reservoir,2030,118,21,21,0.49629629629629646
8014,hydro_reservoir,2030,118,22,22,0.5199294532627867
8015,hydro_reservoir,2030,118,23,23,0.543562610229277
8016,hydro_reservoir,2030,118,24,24,0.5671957671957673
8017,hydro_reservoir,2030,119,1,1,0.03563066421019077
8018,hydro_reservoir,2030,119,2,2,0.08571884763170752
8019,hydro_reservoir,2030,119,3,3,0.13580703105322428
8020,hydro_reservoir,2030,119,4,4,0.18589521447474103
8021,hydro_reservoir,2030,119,5,5,0.23598339789625777
8022,hydro_reservoir,2030,119,6,6,0.28607158131777455
8023,hydro_reservoir,2030,119,7,7,0.3361597647392913
8024,hydro_reservoir,2030,119,8,8,0.35966741424205495
8025,hydro_reservoir,2030,119,9,9,0.298334324813525
8026,hydro_reservoir,2030,119,10,10,0.2633247297998029
8027,hydro_reservoir,2030,119,11,11,0.26229482084644395
8028,hydro_reservoir,2030,119,12,12,0.27150546806591086
8029,hydro_reservoir,2030,119,13,13,0.30453087034284054
8030,hydro_reservoir,2030,119,14,14,0.3269033698945156
8031,hydro_reservoir,2030,119,15,15,0.3769915533160324
8032,hydro_reservoir,2030,119,16,16,0.4175956210550901
8033,hydro_reservoir,2030,119,17,17,0.4183798808877398
8034,hydro_reservoir,2030,119,18,18,0.4390952815007604
8035,hydro_reservoir,2030,119,19,19,0.47609240285925314
8036,hydro_reservoir,2030,119,20,20,0.5261805862807699
8037,hydro_reservoir,2030,119,21,21,0.5762687697022866
8038,hydro_reservoir,2030,119,22,22,0.6263569531238034
8039,hydro_reservoir,2030,119,23,23,0.6764451365453201
8040,hydro_reservoir,2030,119,24,24,0.7265333199668369
8041,hydro_reservoir,2030,120,1,1,0.030335097001763667
8042,hydro_reservoir,2030,120,2,2,0.060670194003527335
8043,hydro_reservoir,2030,120,3,3,0.091005291005291
8044,hydro_reservoir,2030,120,4,4,0.12134038800705467
8045,hydro_reservoir,2030,120,5,5,0.15167548500881833
8046,hydro_reservoir,2030,120,6,6,0.182010582010582
8047,hydro_reservoir,2030,120,7,7,0.2123456790123457
8048,hydro_reservoir,2030,120,8,8,0.24268077601410937
8049,hydro_reservoir,2030,120,9,9,0.27301587301587305
8050,hydro_reservoir,2030,120,10,10,0.3033509700176367
8051,hydro_reservoir,2030,120,11,11,0.3336860670194004
8052,hydro_reservoir,2030,120,12,12,0.3640211640211641
8053,hydro_reservoir,2030,120,13,13,0.39435626102292776
8054,hydro_reservoir,2030,120,14,14,0.42469135802469143
8055,hydro_reservoir,2030,120,15,15,0.4550264550264551
8056,hydro_reservoir,2030,120,16,16,0.4853615520282188
8057,hydro_reservoir,2030,120,17,17,0.5156966490299825
8058,hydro_reservoir,2030,120,18,18,0.5460317460317461
8059,hydro_reservoir,2030,120,19,19,0.5763668430335097
8060,hydro_reservoir,2030,120,20,20,0.6067019400352733
8061,hydro_reservoir,2030,120,21,21,0.637037037037037
8062,hydro_reservoir,2030,120,22,22,0.6673721340388006
8063,hydro_reservoir,2030,120,23,23,0.6977072310405642
8064,hydro_reservoir,2030,120,24,24,0.7280423280423278
8065,hydro_reservoir,2030,121,1,1,0.08730158730158731
8066,hydro_reservoir,2030,121,2,2,0.17460317460317462
8067,hydro_reservoir,2030,121,3,3,0.2619047619047619
8068,hydro_reservoir,2030,121,4,4,0.34920634920634924
8069,hydro_reservoir,2030,121,5,5,0.43650793650793657
8070,hydro_reservoir,2030,121,6,6,0.5238095238095238
8071,hydro_reservoir,2030,121,7,7,0.6111111111111112
8072,hydro_reservoir,2030,121,8,8,0.6984126984126985
8073,hydro_reservoir,2030,121,9,9,0.7857142857142858
8074,hydro_reservoir,2030,121,10,10,0.8730158730158731
8075,hydro_reservoir,2030,121,11,11,0.9603174603174605
8076,hydro_reservoir,2030,121,12,12,1.0476190476190477
8077,hydro_reservoir,2030,121,13,13,1.1349206349206349
8078,hydro_reservoir,2030,121,14,14,1.222222222222222
8079,hydro_reservoir,2030,121,15,15,1.3095238095238093
8080,hydro_reservoir,2030,121,16,16,1.3968253968253965
8081,hydro_reservoir,2030,121,17,17,1.4841269841269837
8082,hydro_reservoir,2030,121,18,18,1.571428571428571
8083,hydro_reservoir,2030,121,19,19,1.6587301587301582
8084,hydro_reservoir,2030,121,20,20,1.7460317460317454
8085,hydro_reservoir,2030,121,21,21,1.8333333333333326
8086,hydro_reservoir,2030,121,22,22,1.9206349206349198
8087,hydro_reservoir,2030,121,23,23,2.007936507936507
8088,hydro_reservoir,2030,121,24,24,2.0952380952380945
8089,hydro_reservoir,2030,122,1,1,-0.07116702241218258
8090,hydro_reservoir,2030,122,2,2,-0.14275583204731856
8091,hydro_reservoir,2030,122,3,3,-0.19041574543784093
8092,hydro_reservoir,2030,122,4,4,-0.23535668254505093
8093,hydro_reservoir,2030,122,5,5,-0.2811807683112897
8094,hydro_reservoir,2030,122,6,6,-0.26812033089608084
8095,hydro_reservoir,2030,122,7,7,-0.33589439146891265
8096,hydro_reservoir,2030,122,8,8,-0.42051965830876326
8097,hydro_reservoir,2030,122,9,9,-0.6587330072912992
8098,hydro_reservoir,2030,122,10,10,-0.909691871956738
8099,hydro_reservoir,2030,122,11,11,-1.0737557772772988
8100,hydro_reservoir,2030,122,12,12,-1.2757278067337074
8101,hydro_reservoir,2030,122,13,13,-1.428046993919939
8102,hydro_reservoir,2030,122,14,14,-1.5703657077362063
8103,hydro_reservoir,2030,122,15,15,-1.7153270846941198
8104,hydro_reservoir,2030,122,16,16,-1.8825750637594618
8105,hydro_reservoir,2030,122,17,17,-2.101184794049807
8106,hydro_reservoir,2030,122,18,18,-2.376646290587029
8107,hydro_reservoir,2030,122,19,19,-2.6165656736574943
8108,hydro_reservoir,2030,122,20,20,-2.8446937544127726
8109,hydro_reservoir,2030,122,21,21,-3.022081268846126
8110,hydro_reservoir,2030,122,22,22,-3.1388280563566147
8111,hydro_reservoir,2030,122,23,23,-3.182680713235685
8112,hydro_reservoir,2030,122,24,24,-3.2858350041990367
8113,hydro_reservoir,2030,123,1,1,0.0291005291005291
8114,hydro_reservoir,2030,123,2,2,0.0582010582010582
8115,hydro_reservoir,2030,123,3,3,0.0873015873015873
8116,hydro_reservoir,2030,123,4,4,0.1164021164021164
8117,hydro_reservoir,2030,123,5,5,0.1455026455026455
8118,hydro_reservoir,2030,123,6,6,0.1746031746031746
8119,hydro_reservoir,2030,123,7,7,0.2037037037037037
8120,hydro_reservoir,2030,123,8,8,0.2328042328042328
8121,hydro_reservoir,2030,123,9,9,0.26190476190476186
8122,hydro_reservoir,2030,123,10,10,0.29100529100529093
8123,hydro_reservoir,2030,123,11,11,0.32010582010582
8124,hydro_reservoir,2030,123,12,12,0.3492063492063491
8125,hydro_reservoir,2030,123,13,13,0.37830687830687815
8126,hydro_reservoir,2030,123,14,14,0.4074074074074072
8127,hydro_reservoir,2030,123,15,15,0.4365079365079363
8128,hydro_reservoir,2030,123,16,16,0.46560846560846536
8129,hydro_reservoir,2030,123,17,17,0.49470899470899443
8130,hydro_reservoir,2030,123,18,18,0.5238095238095235
8131,hydro_reservoir,2030,123,19,19,0.5529100529100526
8132,hydro_reservoir,2030,123,20,20,0.5820105820105816
8133,hydro_reservoir,2030,123,21,21,0.6111111111111107
8134,hydro_reservoir,2030,123,22,22,0.6402116402116398
8135,hydro_reservoir,2030,123,23,23,0.6693121693121689
8136,hydro_reservoir,2030,123,24,24,0.6984126984126979
8137,hydro_reservoir,2030,124,1,1,0.03051146384479718
8138,hydro_reservoir,2030,124,2,2,0.06102292768959436
8139,hydro_reservoir,2030,124,3,3,0.09153439153439154
8140,hydro_reservoir,2030,124,4,4,0.12204585537918872
8141,hydro_reservoir,2030,124,5,5,0.1525573192239859
8142,hydro_reservoir,2030,124,6,6,0.1830687830687831
8143,hydro_reservoir,2030,124,7,7,0.2135802469135803
8144,hydro_reservoir,2030,124,8,8,0.2440917107583775
8145,hydro_reservoir,2030,124,9,9,0.2746031746031747
8146,hydro_reservoir,2030,124,10,10,0.3051146384479719
8147,hydro_reservoir,2030,124,11,11,0.33562610229276907
8148,hydro_reservoir,2030,124,12,12,0.36613756613756626
8149,hydro_reservoir,2030,124,13,13,0.39664902998236345
8150,hydro_reservoir,2030,124,14,14,0.42716049382716065
8151,hydro_reservoir,2030,124,15,15,0.45767195767195784
8152,hydro_reservoir,2030,124,16,16,0.48818342151675503
8153,hydro_reservoir,2030,124,17,17,0.5186948853615522
8154,hydro_reservoir,2030,124,18,18,0.5492063492063494
8155,hydro_reservoir,2030,124,19,19,0.5797178130511466
8156,hydro_reservoir,2030,124,20,20,0.6102292768959438
8157,hydro_reservoir,2030,124,21,21,0.6407407407407409
8158,hydro_reservoir,2030,124,22,22,0.6712522045855381
8159,hydro_reservoir,2030,124,23,23,0.7017636684303353
8160,hydro_reservoir,2030,124,24,24,0.7322751322751325
8161,hydro_reservoir,2030,125,1,1,0.0851851851851852
8162,hydro_reservoir,2030,125,2,2,0.1703703703703704
8163,hydro_reservoir,2030,125,3,3,0.2555555555555556
8164,hydro_reservoir,2030,125,4,4,0.3407407407407408
8165,hydro_reservoir,2030,125,5,5,0.425925925925926
8166,hydro_reservoir,2030,125,6,6,0.5111111111111112
8167,hydro_reservoir,2030,125,7,7,0.5770608957819799
8168,hydro_reservoir,2030,125,8,8,0.5866047149266761
8169,hydro_reservoir,2030,125,9,9,0.4121235635606875
8170,hydro_reservoir,2030,125,10,10,0.2004071813488782
8171,hydro_reservoir,2030,125,11,11,0.020023459339920502
8172,hydro_reservoir,2030,125,12,12,-0.14669343910284904
8173,hydro_reservoir,2030,125,13,13,-0.20812771166610872
8174,hydro_reservoir,2030,125,14,14,-0.20502899305434896
8175,hydro_reservoir,2030,125,15,15,-0.11984380786916371
8176,hydro_reservoir,2030,125,16,16,-0.03465862268397846
8177,hydro_reservoir,2030,125,17,17,0.050526562501206795
8178,hydro_reservoir,2030,125,18,18,0.13571174768639194
8179,hydro_reservoir,2030,125,19,19,0.22089693287157713
8180,hydro_reservoir,2030,125,20,20,0.30608211805676233
8181,hydro_reservoir,2030,125,21,21,0.39126730324194753
8182,hydro_reservoir,2030,125,22,22,0.4764524884271327
8183,hydro_reservoir,2030,125,23,23,0.5616376736123179
8184,hydro_reservoir,2030,125,24,24,0.6468228587975031
8185,hydro_reservoir,2030,126,1,1,-0.012105128561202494
8186,hydro_reservoir,2030,126,2,2,0.012409862620455403
8187,hydro_reservoir,2030,126,3,3,0.0369248538021133
8188,hydro_reservoir,2030,126,4,4,0.06143984498377114
8189,hydro_reservoir,2030,126,5,5,0.08595483616542898
8190,hydro_reservoir,2030,126,6,6,0.11046982734708682
8191,hydro_reservoir,2030,126,7,7,0.13498481852874467
8192,hydro_reservoir,2030,126,8,8,0.1594998097104025
8193,hydro_reservoir,2030,126,9,9,0.18401480089206035
8194,hydro_reservoir,2030,126,10,10,0.2085297920737182
8195,hydro_reservoir,2030,126,11,11,0.23304478325537603
8196,hydro_reservoir,2030,126,12,12,0.2575597744370339
8197,hydro_reservoir,2030,126,13,13,0.2820747656186917
8198,hydro_reservoir,2030,126,14,14,0.3065897568003496
8199,hydro_reservoir,2030,126,15,15,0.3311047479820074
8200,hydro_reservoir,2030,126,16,16,0.3556197391636653
8201,hydro_reservoir,2030,126,17,17,0.3801347303453231
8202,hydro_reservoir,2030,126,18,18,0.404649721526981
8203,hydro_reservoir,2030,126,19,19,0.42916471270863876
8204,hydro_reservoir,2030,126,20,20,0.45367970389029666
8205,hydro_reservoir,2030,126,21,21,0.47819469507195445
8206,hydro_reservoir,2030,126,22,22,0.5027096862536123
8207,hydro_reservoir,2030,126,23,23,0.5272246774352701
8208,hydro_reservoir,2030,126,24,24,0.551739668616928
8209,hydro_reservoir,2030,127,1,1,0.043738977072310406
8210,hydro_reservoir,2030,127,2,2,0.08747795414462081
8211,hydro_reservoir,2030,127,3,3,0.13121693121693123
8212,hydro_reservoir,2030,127,4,4,0.17495590828924162
8213,hydro_reservoir,2030,127,5,5,0.21869488536155202
8214,hydro_reservoir,2030,127,6,6,0.23327030967352996
8215,hydro_reservoir,2030,127,7,7,0.24195892558090465
8216,hydro_reservoir,2030,127,8,8,0.18501804247126638
8217,hydro_reservoir,2030,127,9,9,0.08713918512741817
8218,hydro_reservoir,2030,127,10,10,0.013831901387118692
8219,hydro_reservoir,2030,127,11,11,-0.029626564500304986
8220,hydro_reservoir,2030,127,12,12,-0.04077880197255866
8221,hydro_reservoir,2030,127,13,13,-0.06655546418860578
8222,hydro_reservoir,2030,127,14,14,-0.09694536518944721
8223,hydro_reservoir,2030,127,15,15,-0.13816188184296976
8224,hydro_reservoir,2030,127,16,16,-0.14204886474922204
8225,hydro_reservoir,2030,127,17,17,-0.09830988767691165
8226,hydro_reservoir,2030,127,18,18,-0.05457091060460126
8227,hydro_reservoir,2030,127,19,19,-0.010831933532290866
8228,hydro_reservoir,2030,127,20,20,0.032907043540019526
8229,hydro_reservoir,2030,127,21,21,0.07664602061232992
8230,hydro_reservoir,2030,127,22,22,0.12038499768464034
8231,hydro_reservoir,2030,127,23,23,0.16412397475695073
8232,hydro_reservoir,2030,127,24,24,0.20786295182926115
8233,hydro_reservoir,2030,128,1,1,0.03192239858906525
8234,hydro_reservoir,2030,128,2,2,0.0638447971781305
8235,hydro_reservoir,2030,128,3,3,0.09576719576719575
8236,hydro_reservoir,2030,128,4,4,0.127689594356261
8237,hydro_reservoir,2030,128,5,5,0.15961199294532627
8238,hydro_reservoir,2030,128,6,6,0.19153439153439153
8239,hydro_reservoir,2030,128,7,7,0.2234567901234568
8240,hydro_reservoir,2030,128,8,8,0.255379188712522
8241,hydro_reservoir,2030,128,9,9,0.2873015873015873
8242,hydro_reservoir,2030,128,10,10,0.31922398589065254
8243,hydro_reservoir,2030,128,11,11,0.3511463844797178
8244,hydro_reservoir,2030,128,12,12,0.38306878306878306
8245,hydro_reservoir,2030,128,13,13,0.4149911816578483
8246,hydro_reservoir,2030,128,14,14,0.4469135802469136
8247,hydro_reservoir,2030,128,15,15,0.47883597883597884
8248,hydro_reservoir,2030,128,16,16,0.510758377425044
8249,hydro_reservoir,2030,128,17,17,0.5426807760141092
8250,hydro_reservoir,2030,128,18,18,0.5746031746031744
8251,hydro_reservoir,2030,128,19,19,0.5406641209826352
8252,hydro_reservoir,2030,128,20,20,0.41229170280448524
8253,hydro_reservoir,2030,128,21,21,0.33005321371856944
8254,hydro_reservoir,2030,128,22,22,0.277363840861091
8255,hydro_reservoir,2030,128,23,23,0.25202166237196155
8256,hydro_reservoir,2030,128,24,24,0.25371104806894973
8257,hydro_reservoir,2030,129,1,1,0.0291005291005291
8258,hydro_reservoir,2030,129,2,2,0.0582010582010582
8259,hydro_reservoir,2030,129,3,3,0.0873015873015873
8260,hydro_reservoir,2030,129,4,4,0.1164021164021164
8261,hydro_reservoir,2030,129,5,5,0.1455026455026455
8262,hydro_reservoir,2030,129,6,6,0.1746031746031746
8263,hydro_reservoir,2030,129,7,7,0.2037037037037037
8264,hydro_reservoir,2030,129,8,8,0.2328042328042328
8265,hydro_reservoir,2030,129,9,9,0.26190476190476186
8266,hydro_reservoir,2030,129,10,10,0.29100529100529093
8267,hydro_reservoir,2030,129,11,11,0.32010582010582
8268,hydro_reservoir,2030,129,12,12,0.3492063492063491
8269,hydro_reservoir,2030,129,13,13,0.37830687830687815
8270,hydro_reservoir,2030,129,14,14,0.4074074074074072
8271,hydro_reservoir,2030,129,15,15,0.4365079365079363
8272,hydro_reservoir,2030,129,16,16,0.46560846560846536
8273,hydro_reservoir,2030,129,17,17,0.49470899470899443
8274,hydro_reservoir,2030,129,18,18,0.5238095238095235
8275,hydro_reservoir,2030,129,19,19,0.5529100529100526
8276,hydro_reservoir,2030,129,20,20,0.5820105820105816
8277,hydro_reservoir,2030,129,21,21,0.6111111111111107
8278,hydro_reservoir,2030,129,22,22,0.6402116402116398
8279,hydro_reservoir,2030,129,23,23,0.6693121693121689
8280,hydro_reservoir,2030,129,24,24,0.6984126984126979
8281,hydro_reservoir,2030,130,1,1,0.030335097001763667
8282,hydro_reservoir,2030,130,2,2,0.060670194003527335
8283,hydro_reservoir,2030,130,3,3,0.091005291005291
8284,hydro_reservoir,2030,130,4,4,0.12134038800705467
8285,hydro_reservoir,2030,130,5,5,0.15167548500881833
8286,hydro_reservoir,2030,130,6,6,0.182010582010582
8287,hydro_reservoir,2030,130,7,7,0.2123456790123457
8288,hydro_reservoir,2030,130,8,8,0.24268077601410937
8289,hydro_reservoir,2030,130,9,9,0.27301587301587305
8290,hydro_reservoir,2030,130,10,10,0.3033509700176367
8291,hydro_reservoir,2030,130,11,11,0.3336860670194004
8292,hydro_reservoir,2030,130,12,12,0.3640211640211641
8293,hydro_reservoir,2030,130,13,13,0.39435626102292776
8294,hydro_reservoir,2030,130,14,14,0.42469135802469143
8295,hydro_reservoir,2030,130,15,15,0.4550264550264551
8296,hydro_reservoir,2030,130,16,16,0.4853615520282188
8297,hydro_reservoir,2030,130,17,17,0.5156966490299825
8298,hydro_reservoir,2030,130,18,18,0.5460317460317461
8299,hydro_reservoir,2030,130,19,19,0.5397847461769291
8300,hydro_reservoir,2030,130,20,20,0.5701198431786927
8301,hydro_reservoir,2030,130,21,21,0.6004549401804563
8302,hydro_reservoir,2030,130,22,22,0.6160306949215748
8303,hydro_reservoir,2030,130,23,23,0.6463657919233385
8304,hydro_reservoir,2030,130,24,24,0.6767008889251022
8305,hydro_reservoir,2030,131,1,1,-0.0025161862591024167
8306,hydro_reservoir,2030,131,2,2,0.032228081818498996
8307,hydro_reservoir,2030,131,3,3,0.0669723498961004
8308,hydro_reservoir,2030,131,4,4,0.10171661797370182
8309,hydro_reservoir,2030,131,5,5,0.13646088605130324
8310,hydro_reservoir,2030,131,6,6,0.17120515412890466
8311,hydro_reservoir,2030,131,7,7,0.20594942220650608
8312,hydro_reservoir,2030,131,8,8,0.22804597165438867
8313,hydro_reservoir,2030,131,9,9,0.2627902397319901
8314,hydro_reservoir,2030,131,10,10,0.2975345078095915
8315,hydro_reservoir,2030,131,11,11,0.3322787758871929
8316,hydro_reservoir,2030,131,12,12,0.3670230439647943
8317,hydro_reservoir,2030,131,13,13,0.4017673120423957
8318,hydro_reservoir,2030,131,14,14,0.4365115801199971
8319,hydro_reservoir,2030,131,15,15,0.47125584819759847
8320,hydro_reservoir,2030,131,16,16,0.5060001162751999
8321,hydro_reservoir,2030,131,17,17,0.5407443843528013
8322,hydro_reservoir,2030,131,18,18,0.5754886524304027
8323,hydro_reservoir,2030,131,19,19,0.6102329205080042
8324,hydro_reservoir,2030,131,20,20,0.6449771885856055
8325,hydro_reservoir,2030,131,21,21,0.6797214566632069
8326,hydro_reservoir,2030,131,22,22,0.7144657247408084
8327,hydro_reservoir,2030,131,23,23,0.7492099928184097
8328,hydro_reservoir,2030,131,24,24,0.7839542608960112
8329,hydro_reservoir,2030,132,1,1,0.03192239858906525
8330,hydro_reservoir,2030,132,2,2,0.0638447971781305
8331,hydro_reservoir,2030,132,3,3,0.09576719576719575
8332,hydro_reservoir,2030,132,4,4,0.127689594356261
8333,hydro_reservoir,2030,132,5,5,0.15961199294532627
8334,hydro_reservoir,2030,132,6,6,0.19153439153439153
8335,hydro_reservoir,2030,132,7,7,0.2234567901234568
8336,hydro_reservoir,2030,132,8,8,0.255379188712522
8337,hydro_reservoir,2030,132,9,9,0.2873015873015873
8338,hydro_reservoir,2030,132,10,10,0.31922398589065254
8339,hydro_reservoir,2030,132,11,11,0.3511463844797178
8340,hydro_reservoir,2030,132,12,12,0.38306878306878306
8341,hydro_reservoir,2030,132,13,13,0.4149911816578483
8342,hydro_reservoir,2030,132,14,14,0.4469135802469136
8343,hydro_reservoir,2030,132,15,15,0.47883597883597884
8344,hydro_reservoir,2030,132,16,16,0.510758377425044
8345,hydro_reservoir,2030,132,17,17,0.5426807760141092
8346,hydro_reservoir,2030,132,18,18,0.5746031746031744
8347,hydro_reservoir,2030,132,19,19,0.6065255731922397
8348,hydro_reservoir,2030,132,20,20,0.6384479717813049
8349,hydro_reservoir,2030,132,21,21,0.6703703703703701
8350,hydro_reservoir,2030,132,22,22,0.7022927689594353
8351,hydro_reservoir,2030,132,23,23,0.7342151675485005
8352,hydro_reservoir,2030,132,24,24,0.7661375661375657
8353,hydro_reservoir,2030,133,1,1,0.08818342151675485
8354,hydro_reservoir,2030,133,2,2,0.1763668430335097
8355,hydro_reservoir,2030,133,3,3,0.26455026455026454
8356,hydro_reservoir,2030,133,4,4,0.3527336860670194
8357,hydro_reservoir,2030,133,5,5,0.4409171075837742
8358,hydro_reservoir,2030,133,6,6,0.5291005291005291
8359,hydro_reservoir,2030,133,7,7,0.6172839506172839
8360,hydro_reservoir,2030,133,8,8,0.7054673721340388
8361,hydro_reservoir,2030,133,9,9,0.7936507936507936
8362,hydro_reservoir,2030,133,10,10,0.8818342151675485
8363,hydro_reservoir,2030,133,11,11,0.9700176366843033
8364,hydro_reservoir,2030,133,12,12,1.0582010582010581
8365,hydro_reservoir,2030,133,13,13,1.1463844797178129
8366,hydro_reservoir,2030,133,14,14,1.2345679012345676
8367,hydro_reservoir,2030,133,15,15,1.3227513227513223
8368,hydro_reservoir,2030,133,16,16,1.410934744268077
8369,hydro_reservoir,2030,133,17,17,1.4156882741370207
8370,hydro_reservoir,2030,133,18,18,1.3564018836322116
8371,hydro_reservoir,2030,133,19,19,1.2750969100262182
8372,hydro_reservoir,2030,133,20,20,1.2454454851630874
8373,hydro_reservoir,2030,133,21,21,1.266265316442301
8374,hydro_reservoir,2030,133,22,22,1.354448737959056
8375,hydro_reservoir,2030,133,23,23,1.442632159475811
8376,hydro_reservoir,2030,133,24,24,1.5308155809925656
8377,hydro_reservoir,2030,134,1,1,0.0043263373248064695
8378,hydro_reservoir,2030,134,2,2,0.03448506748353663
8379,hydro_reservoir,2030,134,3,3,0.06464379764226678
8380,hydro_reservoir,2030,134,4,4,0.09480252780099695
8381,hydro_reservoir,2030,134,5,5,0.12496125795972711
8382,hydro_reservoir,2030,134,6,6,0.15511998811845726
8383,hydro_reservoir,2030,134,7,7,0.18527871827718742
8384,hydro_reservoir,2030,134,8,8,0.21543744843591758
8385,hydro_reservoir,2030,134,9,9,0.18715038481715374
8386,hydro_reservoir,2030,134,10,10,0.1486316992120365
8387,hydro_reservoir,2030,134,11,11,0.1016621441934824
8388,hydro_reservoir,2030,134,12,12,0.03069282259939908
8389,hydro_reservoir,2030,134,13,13,-0.03389875859945152
8390,hydro_reservoir,2030,134,14,14,-0.003740028440721358
8391,hydro_reservoir,2030,134,15,15,-0.003936212762301286
8392,hydro_reservoir,2030,134,16,16,-0.09091046877398218
8393,hydro_reservoir,2030,134,17,17,-0.26736063378562236
8394,hydro_reservoir,2030,134,18,18,-0.4073040750710955
8395,hydro_reservoir,2030,134,19,19,-0.4709462073620868
8396,hydro_reservoir,2030,134,20,20,-0.44078747720335665
8397,hydro_reservoir,2030,134,21,21,-0.4106287470446265
8398,hydro_reservoir,2030,134,22,22,-0.3804700168858963
8399,hydro_reservoir,2030,134,23,23,-0.35031128672716616
8400,hydro_reservoir,2030,134,24,24,-0.320152556568436
8401,hydro_reservoir,2030,135,1,1,0.032980599647266316
8402,hydro_reservoir,2030,135,2,2,0.06596119929453263
8403,hydro_reservoir,2030,135,3,3,0.09894179894179894
8404,hydro_reservoir,2030,135,4,4,0.13192239858906527
8405,hydro_reservoir,2030,135,5,5,0.1649029982363316
8406,hydro_reservoir,2030,135,6,6,0.1978835978835979
8407,hydro_reservoir,2030,135,7,7,0.23086419753086423
8408,hydro_reservoir,2030,135,8,8,0.26384479717813053
8409,hydro_reservoir,2030,135,9,9,0.2968253968253968
8410,hydro_reservoir,2030,135,10,10,0.3298059964726631
8411,hydro_reservoir,2030,135,11,11,0.3627865961199294
8412,hydro_reservoir,2030,135,12,12,0.3957671957671957
8413,hydro_reservoir,2030,135,13,13,0.428747795414462
8414,hydro_reservoir,2030,135,14,14,0.4617283950617283
8415,hydro_reservoir,2030,135,15,15,0.4947089947089946
8416,hydro_reservoir,2030,135,16,16,0.527689594356261
8417,hydro_reservoir,2030,135,17,17,0.5606701940035272
8418,hydro_reservoir,2030,135,18,18,0.5936507936507935
8419,hydro_reservoir,2030,135,19,19,0.6266313932980598
8420,hydro_reservoir,2030,135,20,20,0.6596119929453261
8421,hydro_reservoir,2030,135,21,21,0.6925925925925924
8422,hydro_reservoir,2030,135,22,22,0.7255731922398587
8423,hydro_reservoir,2030,135,23,23,0.758553791887125
8424,hydro_reservoir,2030,135,24,24,0.7915343915343913
8425,hydro_reservoir,2030,136,1,1,0.026455026455026454
8426,hydro_reservoir,2030,136,2,2,0.05291005291005291
8427,hydro_reservoir,2030,136,3,3,0.07936507936507936
8428,hydro_reservoir,2030,136,4,4,0.10582010582010581
8429,hydro_reservoir,2030,136,5,5,0.13227513227513227
8430,hydro_reservoir,2030,136,6,6,0.15873015873015872
8431,hydro_reservoir,2030,136,7,7,0.18518518518518517
8432,hydro_reservoir,2030,136,8,8,0.21164021164021163
8433,hydro_reservoir,2030,136,9,9,0.23809523809523808
8434,hydro_reservoir,2030,136,10,10,0.26455026455026454
8435,hydro_reservoir,2030,136,11,11,0.291005291005291
8436,hydro_reservoir,2030,136,12,12,0.31746031746031744
8437,hydro_reservoir,2030,136,13,13,0.3439153439153439
8438,hydro_reservoir,2030,136,14,14,0.37037037037037035
8439,hydro_reservoir,2030,136,15,15,0.3968253968253968
8440,hydro_reservoir,2030,136,16,16,0.42328042328042326
8441,hydro_reservoir,2030,136,17,17,0.4497354497354497
8442,hydro_reservoir,2030,136,18,18,0.47619047619047616
8443,hydro_reservoir,2030,136,19,19,0.5026455026455026
8444,hydro_reservoir,2030,136,20,20,0.5291005291005291
8445,hydro_reservoir,2030,136,21,21,0.5555555555555556
8446,hydro_reservoir,2030,136,22,22,0.5820105820105821
8447,hydro_reservoir,2030,136,23,23,0.6084656084656086
8448,hydro_reservoir,2030,136,24,24,0.6349206349206351
8449,hydro_reservoir,2030,137,1,1,0.03262786596119929
8450,hydro_reservoir,2030,137,2,2,0.06525573192239859
8451,hydro_reservoir,2030,137,3,3,0.09788359788359788
8452,hydro_reservoir,2030,137,4,4,0.13051146384479717
8453,hydro_reservoir,2030,137,5,5,0.16313932980599646
8454,hydro_reservoir,2030,137,6,6,0.19576719576719576
8455,hydro_reservoir,2030,137,7,7,0.22839506172839505
8456,hydro_reservoir,2030,137,8,8,0.26102292768959434
8457,hydro_reservoir,2030,137,9,9,0.2936507936507936
8458,hydro_reservoir,2030,137,10,10,0.32627865961199287
8459,hydro_reservoir,2030,137,11,11,0.35890652557319214
8460,hydro_reservoir,2030,137,12,12,0.3915343915343914
8461,hydro_reservoir,2030,137,13,13,0.42416225749559067
8462,hydro_reservoir,2030,137,14,14,0.45679012345678993
8463,hydro_reservoir,2030,137,15,15,0.4894179894179892
8464,hydro_reservoir,2030,137,16,16,0.5220458553791885
8465,hydro_reservoir,2030,137,17,17,0.5546737213403877
8466,hydro_reservoir,2030,137,18,18,0.531085727370359
8467,hydro_reservoir,2030,137,19,19,0.46205763084759405
8468,hydro_reservoir,2030,137,20,20,0.44785080773682606
8469,hydro_reservoir,2030,137,21,21,0.4804786736980253
8470,hydro_reservoir,2030,137,22,22,0.5131065396592247
8471,hydro_reservoir,2030,137,23,23,0.545734405620424
8472,hydro_reservoir,2030,137,24,24,0.5783622715816232
8473,hydro_reservoir,2030,138,1,1,0.026455026455026454
8474,hydro_reservoir,2030,138,2,2,0.05291005291005291
8475,hydro_reservoir,2030,138,3,3,0.07936507936507936
8476,hydro_reservoir,2030,138,4,4,0.10582010582010581
8477,hydro_reservoir,2030,138,5,5,0.13227513227513227
8478,hydro_reservoir,2030,138,6,6,0.15873015873015872
8479,hydro_reservoir,2030,138,7,7,0.18518518518518517
8480,hydro_reservoir,2030,138,8,8,0.21164021164021163
8481,hydro_reservoir,2030,138,9,9,0.23809523809523808
8482,hydro_reservoir,2030,138,10,10,0.26455026455026454
8483,hydro_reservoir,2030,138,11,11,0.291005291005291
8484,hydro_reservoir,2030,138,12,12,0.31746031746031744
8485,hydro_reservoir,2030,138,13,13,0.3439153439153439
8486,hydro_reservoir,2030,138,14,14,0.37037037037037035
8487,hydro_reservoir,2030,138,15,15,0.3968253968253968
8488,hydro_reservoir,2030,138,16,16,0.42328042328042326
8489,hydro_reservoir,2030,138,17,17,0.4497354497354497
8490,hydro_reservoir,2030,138,18,18,0.47619047619047616
8491,hydro_reservoir,2030,138,19,19,0.5026455026455026
8492,hydro_reservoir,2030,138,20,20,0.5291005291005291
8493,hydro_reservoir,2030,138,21,21,0.5555555555555556
8494,hydro_reservoir,2030,138,22,22,0.5820105820105821
8495,hydro_reservoir,2030,138,23,23,0.6084656084656086
8496,hydro_reservoir,2030,138,24,24,0.6349206349206351
8497,hydro_reservoir,2030,139,1,1,0.018695383646122894
8498,hydro_reservoir,2030,139,2,2,0.04497404325811584
8499,hydro_reservoir,2030,139,3,3,0.07125270287010879
8500,hydro_reservoir,2030,139,4,4,0.09753136248210173
8501,hydro_reservoir,2030,139,5,5,0.12381002209409467
8502,hydro_reservoir,2030,139,6,6,0.1500886817060876
8503,hydro_reservoir,2030,139,7,7,0.17636734131808054
8504,hydro_reservoir,2030,139,8,8,0.03379540750686971
8505,hydro_reservoir,2030,139,9,9,-0.18107228217506754
8506,hydro_reservoir,2030,139,10,10,-0.3886125162678566
8507,hydro_reservoir,2030,139,11,11,-0.5769640618541878
8508,hydro_reservoir,2030,139,12,12,-0.7460221690634954
8509,hydro_reservoir,2030,139,13,13,-0.9193298672349284
8510,hydro_reservoir,2030,139,14,14,-1.0627130166539787
8511,hydro_reservoir,2030,139,15,15,-1.1770527793556698
8512,hydro_reservoir,2030,139,16,16,-1.3233961644082965
8513,hydro_reservoir,2030,139,17,17,-1.5111054619302235
8514,hydro_reservoir,2030,139,18,18,-1.6764248228788894
8515,hydro_reservoir,2030,139,19,19,-1.7959219902846821
8516,hydro_reservoir,2030,139,20,20,-1.8569389544642214
8517,hydro_reservoir,2030,139,21,21,-1.8306602948522286
8518,hydro_reservoir,2030,139,22,22,-1.8043816352402355
8519,hydro_reservoir,2030,139,23,23,-1.7781029756282427
8520,hydro_reservoir,2030,139,24,24,-1.7518243160162497
8521,hydro_reservoir,2030,140,1,1,0.03015873015873016
8522,hydro_reservoir,2030,140,2,2,0.06031746031746032
8523,hydro_reservoir,2030,140,3,3,0.09047619047619047
8524,hydro_reservoir,2030,140,4,4,0.12063492063492064
8525,hydro_reservoir,2030,140,5,5,0.15079365079365079
8526,hydro_reservoir,2030,140,6,6,0.18095238095238095
8527,hydro_reservoir,2030,140,7,7,0.2111111111111111
8528,hydro_reservoir,2030,140,8,8,0.24126984126984127
8529,hydro_reservoir,2030,140,9,9,0.2714285714285714
8530,hydro_reservoir,2030,140,10,10,0.30158730158730157
8531,hydro_reservoir,2030,140,11,11,0.33174603174603173
8532,hydro_reservoir,2030,140,12,12,0.3619047619047619
8533,hydro_reservoir,2030,140,13,13,0.39206349206349206
8534,hydro_reservoir,2030,140,14,14,0.4222222222222222
8535,hydro_reservoir,2030,140,15,15,0.4523809523809524
8536,hydro_reservoir,2030,140,16,16,0.48253968253968255
8537,hydro_reservoir,2030,140,17,17,0.5126984126984127
8538,hydro_reservoir,2030,140,18,18,0.5428571428571428
8539,hydro_reservoir,2030,140,19,19,0.573015873015873
8540,hydro_reservoir,2030,140,20,20,0.6031746031746031
8541,hydro_reservoir,2030,140,21,21,0.6333333333333333
8542,hydro_reservoir,2030,140,22,22,0.6634920634920635
8543,hydro_reservoir,2030,140,23,23,0.6936507936507936
8544,hydro_reservoir,2030,140,24,24,0.7238095238095238
8545,hydro_reservoir,2030,141,1,1,-0.04039061508188475
8546,hydro_reservoir,2030,141,2,2,-0.03606554550482621
8547,hydro_reservoir,2030,141,3,3,-0.02329517459520015
8548,hydro_reservoir,2030,141,4,4,0.008627223993865101
8549,hydro_reservoir,2030,141,5,5,0.04054962258293035
8550,hydro_reservoir,2030,141,6,6,0.07247202117199561
8551,hydro_reservoir,2030,141,7,7,0.10439441976106087
8552,hydro_reservoir,2030,141,8,8,0.13631681835012613
8553,hydro_reservoir,2030,141,9,9,0.1682392169391914
8554,hydro_reservoir,2030,141,10,10,0.20016161552825665
8555,hydro_reservoir,2030,141,11,11,0.2320840141173219
8556,hydro_reservoir,2030,141,12,12,0.26400641270638714
8557,hydro_reservoir,2030,141,13,13,0.2959288112954524
8558,hydro_reservoir,2030,141,14,14,0.32785120988451766
8559,hydro_reservoir,2030,141,15,15,0.3597736084735829
8560,hydro_reservoir,2030,141,16,16,0.3799926438112254
8561,hydro_reservoir,2030,141,17,17,0.3461494880401715
8562,hydro_reservoir,2030,141,18,18,0.2898140325266814
8563,hydro_reservoir,2030,141,19,19,0.2997207227690125
8564,hydro_reservoir,2030,141,20,20,0.3316431213580777
8565,hydro_reservoir,2030,141,21,21,0.36356551994714303
8566,hydro_reservoir,2030,141,22,22,0.39548791853620824
8567,hydro_reservoir,2030,141,23,23,0.4274103171252735
8568,hydro_reservoir,2030,141,24,24,0.45933271571433876
8569,hydro_reservoir,2030,142,1,1,0.0291005291005291
8570,hydro_reservoir,2030,142,2,2,0.0582010582010582
8571,hydro_reservoir,2030,142,3,3,0.0873015873015873
8572,hydro_reservoir,2030,142,4,4,0.1164021164021164
8573,hydro_reservoir,2030,142,5,5,0.1455026455026455
8574,hydro_reservoir,2030,142,6,6,0.1746031746031746
8575,hydro_reservoir,2030,142,7,7,0.2037037037037037
8576,hydro_reservoir,2030,142,8,8,0.2328042328042328
8577,hydro_reservoir,2030,142,9,9,0.26190476190476186
8578,hydro_reservoir,2030,142,10,10,0.29100529100529093
8579,hydro_reservoir,2030,142,11,11,0.32010582010582
8580,hydro_reservoir,2030,142,12,12,0.3492063492063491
8581,hydro_reservoir,2030,142,13,13,0.37830687830687815
8582,hydro_reservoir,2030,142,14,14,0.4074074074074072
8583,hydro_reservoir,2030,142,15,15,0.4365079365079363
8584,hydro_reservoir,2030,142,16,16,0.46560846560846536
8585,hydro_reservoir,2030,142,17,17,0.49470899470899443
8586,hydro_reservoir,2030,142,18,18,0.5238095238095235
8587,hydro_reservoir,2030,142,19,19,0.5529100529100526
8588,hydro_reservoir,2030,142,20,20,0.5820105820105816
8589,hydro_reservoir,2030,142,21,21,0.6111111111111107
8590,hydro_reservoir,2030,142,22,22,0.6402116402116398
8591,hydro_reservoir,2030,142,23,23,0.6693121693121689
8592,hydro_reservoir,2030,142,24,24,0.6984126984126979
8593,hydro_reservoir,2030,143,1,1,0.03051146384479718
8594,hydro_reservoir,2030,143,2,2,0.06102292768959436
8595,hydro_reservoir,2030,143,3,3,0.09153439153439154
8596,hydro_reservoir,2030,143,4,4,0.12204585537918872
8597,hydro_reservoir,2030,143,5,5,0.1525573192239859
8598,hydro_reservoir,2030,143,6,6,0.1830687830687831
8599,hydro_reservoir,2030,143,7,7,0.2135802469135803
8600,hydro_reservoir,2030,143,8,8,0.2440917107583775
8601,hydro_reservoir,2030,143,9,9,0.2746031746031747
8602,hydro_reservoir,2030,143,10,10,0.3051146384479719
8603,hydro_reservoir,2030,143,11,11,0.3152103678156763
8604,hydro_reservoir,2030,143,12,12,0.26057289370124254
8605,hydro_reservoir,2030,143,13,13,0.16250926612902172
8606,hydro_reservoir,2030,143,14,14,0.0151910006759719
8607,hydro_reservoir,2030,143,15,15,-0.17327435148101994
8608,hydro_reservoir,2030,143,16,16,-0.35370658332587346
8609,hydro_reservoir,2030,143,17,17,-0.5318495410041385
8610,hydro_reservoir,2030,143,18,18,-0.7287140852646136
8611,hydro_reservoir,2030,143,19,19,-0.9608267752656162
8612,hydro_reservoir,2030,143,20,20,-1.2041523450659122
8613,hydro_reservoir,2030,143,21,21,-1.4222279104335618
8614,hydro_reservoir,2030,143,22,22,-1.5666147123287941
8615,hydro_reservoir,2030,143,23,23,-1.6136473946641716
8616,hydro_reservoir,2030,143,24,24,-1.5831359308193744
8617,hydro_reservoir,2030,144,1,1,0.0291005291005291
8618,hydro_reservoir,2030,144,2,2,0.0582010582010582
8619,hydro_reservoir,2030,144,3,3,0.0873015873015873
8620,hydro_reservoir,2030,144,4,4,0.1164021164021164
8621,hydro_reservoir,2030,144,5,5,0.1455026455026455
8622,hydro_reservoir,2030,144,6,6,0.1746031746031746
8623,hydro_reservoir,2030,144,7,7,0.2037037037037037
8624,hydro_reservoir,2030,144,8,8,0.2328042328042328
8625,hydro_reservoir,2030,144,9,9,0.26190476190476186
8626,hydro_reservoir,2030,144,10,10,0.29100529100529093
8627,hydro_reservoir,2030,144,11,11,0.32010582010582
8628,hydro_reservoir,2030,144,12,12,0.3492063492063491
8629,hydro_reservoir,2030,144,13,13,0.37830687830687815
8630,hydro_reservoir,2030,144,14,14,0.4074074074074072
8631,hydro_reservoir,2030,144,15,15,0.4365079365079363
8632,hydro_reservoir,2030,144,16,16,0.46560846560846536
8633,hydro_reservoir,2030,144,17,17,0.49470899470899443
8634,hydro_reservoir,2030,144,18,18,0.5238095238095235
8635,hydro_reservoir,2030,144,19,19,0.5529100529100526
8636,hydro_reservoir,2030,144,20,20,0.5820105820105816
8637,hydro_reservoir,2030,144,21,21,0.6111111111111107
8638,hydro_reservoir,2030,144,22,22,0.6402116402116398
8639,hydro_reservoir,2030,144,23,23,0.6693121693121689
8640,hydro_reservoir,2030,144,24,24,0.6984126984126979
8641,hydro_reservoir,2030,145,1,1,0.08271604938271605
8642,hydro_reservoir,2030,145,2,2,0.1654320987654321
8643,hydro_reservoir,2030,145,3,3,0.24814814814814817
8644,hydro_reservoir,2030,145,4,4,0.3308641975308642
8645,hydro_reservoir,2030,145,5,5,0.41358024691358025
8646,hydro_reservoir,2030,145,6,6,0.4962962962962963
8647,hydro_reservoir,2030,145,7,7,0.5790123456790124
8648,hydro_reservoir,2030,145,8,8,0.6617283950617284
8649,hydro_reservoir,2030,145,9,9,0.7444444444444445
8650,hydro_reservoir,2030,145,10,10,0.8271604938271605
8651,hydro_reservoir,2030,145,11,11,0.9074359439623306
8652,hydro_reservoir,2030,145,12,12,0.9901519933450467
8653,hydro_reservoir,2030,145,13,13,1.0728680427277628
8654,hydro_reservoir,2030,145,14,14,1.155584092110479
8655,hydro_reservoir,2030,145,15,15,1.2383001414931951
8656,hydro_reservoir,2030,145,16,16,1.264363489345092
8657,hydro_reservoir,2030,145,17,17,1.347079538727808
8658,hydro_reservoir,2030,145,18,18,1.4297955881105242
8659,hydro_reservoir,2030,145,19,19,1.5125116374932401
8660,hydro_reservoir,2030,145,20,20,1.5952276868759563
8661,hydro_reservoir,2030,145,21,21,1.6779437362586722
8662,hydro_reservoir,2030,145,22,22,1.7606597856413884
8663,hydro_reservoir,2030,145,23,23,1.8433758350241043
8664,hydro_reservoir,2030,145,24,24,1.9260918844068204
8665,hydro_reservoir,2030,146,1,1,0.08271604938271605
8666,hydro_reservoir,2030,146,2,2,0.1654320987654321
8667,hydro_reservoir,2030,146,3,3,0.24814814814814817
8668,hydro_reservoir,2030,146,4,4,0.3308641975308642
8669,hydro_reservoir,2030,146,5,5,0.41358024691358025
8670,hydro_reservoir,2030,146,6,6,0.4962962962962963
8671,hydro_reservoir,2030,146,7,7,0.5790123456790124
8672,hydro_reservoir,2030,146,8,8,0.6617283950617284
8673,hydro_reservoir,2030,146,9,9,0.6751801056976692
8674,hydro_reservoir,2030,146,10,10,0.7013079894420549
8675,hydro_reservoir,2030,146,11,11,0.7618990448513192
8676,hydro_reservoir,2030,146,12,12,0.7705181065988114
8677,hydro_reservoir,2030,146,13,13,0.8132780011677352
8678,hydro_reservoir,2030,146,14,14,0.8807611978773245
8679,hydro_reservoir,2030,146,15,15,0.9634772472600406
8680,hydro_reservoir,2030,146,16,16,1.0461932966427567
8681,hydro_reservoir,2030,146,17,17,1.1190704736685635
8682,hydro_reservoir,2030,146,18,18,1.1162448484493468
8683,hydro_reservoir,2030,146,19,19,0.19896089783206283
8684,hydro_reservoir,2030,146,20,20,0.19937560522414033
8685,hydro_reservoir,2030,146,21,21,0.24176934848761816
8686,hydro_reservoir,2030,146,22,22,0.3244853978703342
8687,hydro_reservoir,2030,146,23,23,0.40720144725305024
8688,hydro_reservoir,2030,146,24,24,0.4559248838840979
8689,hydro_reservoir,2030,147,1,1,0.04938271604938271
8690,hydro_reservoir,2030,147,2,2,-0.6237878355325676
8691,hydro_reservoir,2030,147,3,3,-0.5744051194831848
8692,hydro_reservoir,2030,147,4,4,-0.5250224034338021
8693,hydro_reservoir,2030,147,5,5,-0.4756396873844194
8694,hydro_reservoir,2030,147,6,6,-0.4262569713350367
8695,hydro_reservoir,2030,147,7,7,-0.376874255285654
8696,hydro_reservoir,2030,147,8,8,-0.3274915392362713
8697,hydro_reservoir,2030,147,9,9,-0.27810882318688857
8698,hydro_reservoir,2030,147,10,10,-0.22872610713750585
8699,hydro_reservoir,2030,147,11,11,-0.7530669550042376
8700,hydro_reservoir,2030,147,12,12,-0.7036842389548549
8701,hydro_reservoir,2030,147,13,13,-0.6543015229054722
8702,hydro_reservoir,2030,147,14,14,-0.6049188068560895
8703,hydro_reservoir,2030,147,15,15,-0.5555360908067067
8704,hydro_reservoir,2030,147,16,16,-0.506153374757324
8705,hydro_reservoir,2030,147,17,17,-0.4567706587079413
8706,hydro_reservoir,2030,147,18,18,-0.4073879426585586
8707,hydro_reservoir,2030,147,19,19,-1.2452008000880763
8708,hydro_reservoir,2030,147,20,20,-1.1958180840386936
8709,hydro_reservoir,2030,147,21,21,-1.146435367989311
8710,hydro_reservoir,2030,147,22,22,-1.0970526519399282
8711,hydro_reservoir,2030,147,23,23,-1.0476699358905455
8712,hydro_reservoir,2030,147,24,24,-1.608793762275622
8713,hydro_reservoir,2030,148,1,1,0.06362486078185985
8714,hydro_reservoir,2030,148,2,2,0.1463409101645759
8715,hydro_reservoir,2030,148,3,3,0.22905695954729194
8716,hydro_reservoir,2030,148,4,4,0.311773008930008
8717,hydro_reservoir,2030,148,5,5,0.394489058312724
8718,hydro_reservoir,2030,148,6,6,0.47720510769544006
8719,hydro_reservoir,2030,148,7,7,0.5272935586279406
8720,hydro_reservoir,2030,148,8,8,0.483438983160036
8721,hydro_reservoir,2030,148,9,9,0.566155032542752
8722,hydro_reservoir,2030,148,10,10,0.648871081925468
8723,hydro_reservoir,2030,148,11,11,0.7315871313081841
8724,hydro_reservoir,2030,148,12,12,0.8143031806909001
8725,hydro_reservoir,2030,148,13,13,0.8970192300736162
8726,hydro_reservoir,2030,148,14,14,0.9797352794563322
8727,hydro_reservoir,2030,148,15,15,1.0624513288390482
8728,hydro_reservoir,2030,148,16,16,1.1451673782217644
8729,hydro_reservoir,2030,148,17,17,1.2278834276044805
8730,hydro_reservoir,2030,148,18,18,1.2925776070687591
8731,hydro_reservoir,2030,148,19,19,0.37529365645147517
8732,hydro_reservoir,2030,148,20,20,0.1146994907936084
8733,hydro_reservoir,2030,148,21,21,0.14202375418339885
8734,hydro_reservoir,2030,148,22,22,0.17808971838723864
8735,hydro_reservoir,2030,148,23,23,0.22965055945185076
8736,hydro_reservoir,2030,148,24,24,0.30815191867899794
8737,hydro_reservoir,2030,149,1,1,0.042328042328042326
8738,hydro_reservoir,2030,149,2,2,-0.7378342146350331
8739,hydro_reservoir,2030,149,3,3,-1.5076647627585609
8740,hydro_reservoir,2030,149,4,4,-1.4653367204305185
8741,hydro_reservoir,2030,149,5,5,-1.4230086781024762
8742,hydro_reservoir,2030,149,6,6,-1.380680635774434
8743,hydro_reservoir,2030,149,7,7,-1.3383525934463916
8744,hydro_reservoir,2030,149,8,8,-1.9465696101042749
8745,hydro_reservoir,2030,149,9,9,-2.5842506177403464
8746,hydro_reservoir,2030,149,10,10,-2.541922575412304
8747,hydro_reservoir,2030,149,11,11,-2.4995945330842617
8748,hydro_reservoir,2030,149,12,12,-2.4572664907562194
8749,hydro_reservoir,2030,149,13,13,-2.414938448428177
8750,hydro_reservoir,2030,149,14,14,-2.3726104061001347
8751,hydro_reservoir,2030,149,15,15,-2.3302823637720924
8752,hydro_reservoir,2030,149,16,16,-2.28795432144405
8753,hydro_reservoir,2030,149,17,17,-2.5994242455648884
8754,hydro_reservoir,2030,149,18,18,-2.557096203236846
8755,hydro_reservoir,2030,149,19,19,-2.5147681609088037
8756,hydro_reservoir,2030,149,20,20,-2.4724401185807614
8757,hydro_reservoir,2030,149,21,21,-2.430112076252719
8758,hydro_reservoir,2030,149,22,22,-2.3877840339246768
8759,hydro_reservoir,2030,149,23,23,-2.3454559915966344
8760,hydro_reservoir,2030,149,24,24,-2.303127949268592
8761,hydro_reservoir,2030,150,1,1,0.08271604938271605
8762,hydro_reservoir,2030,150,2,2,0.1654320987654321
8763,hydro_reservoir,2030,150,3,3,-0.6678585603258784
8764,hydro_reservoir,2030,150,4,4,-0.5851425109431624
8765,hydro_reservoir,2030,150,5,5,-0.5024264615604463
8766,hydro_reservoir,2030,150,6,6,-0.4197104121777303
8767,hydro_reservoir,2030,150,7,7,-0.33699436279501427
8768,hydro_reservoir,2030,150,8,8,-0.25427831341229823
8769,hydro_reservoir,2030,150,9,9,-0.1715622640295822
8770,hydro_reservoir,2030,150,10,10,-0.08884621464686614
8771,hydro_reservoir,2030,150,11,11,-0.006130165264150084
8772,hydro_reservoir,2030,150,12,12,-0.6442617848322123
8773,hydro_reservoir,2030,150,13,13,-0.5615457354494963
8774,hydro_reservoir,2030,150,14,14,-0.4788296860667802
8775,hydro_reservoir,2030,150,15,15,-0.3961136366840642
8776,hydro_reservoir,2030,150,16,16,-0.31339758730134815
8777,hydro_reservoir,2030,150,17,17,-0.2306815379186321
8778,hydro_reservoir,2030,150,18,18,-0.147965488535916
8779,hydro_reservoir,2030,150,19,19,-0.06524943915319997
8780,hydro_reservoir,2030,150,20,20,0.017466610229516066
8781,hydro_reservoir,2030,150,21,21,0.1001826596122321
8782,hydro_reservoir,2030,150,22,22,0.18289870899494817
8783,hydro_reservoir,2030,150,23,23,0.26561475837766424
8784,hydro_reservoir,2030,150,24,24,0.3483308077603803
8785,hydro_reservoir,2030,151,1,1,-0.2689446107437695
8786,hydro_reservoir,2030,151,2,2,-0.18552309398891942
8787,hydro_reservoir,2030,151,3,3,-0.10210157723406932
8788,hydro_reservoir,2030,151,4,4,-0.018680060479219218
8789,hydro_reservoir,2030,151,5,5,0.06474145627563088
8790,hydro_reservoir,2030,151,6,6,0.14816297303048098
8791,hydro_reservoir,2030,151,7,7,0.23158448978533108
8792,hydro_reservoir,2030,151,8,8,0.13562308699313536
8793,hydro_reservoir,2030,151,9,9,0.21904460374798546
8794,hydro_reservoir,2030,151,10,10,0.30246612050283556
8795,hydro_reservoir,2030,151,11,11,0.38588763725768566
8796,hydro_reservoir,2030,151,12,12,0.46930915401253576
8797,hydro_reservoir,2030,151,13,13,0.5527306707673858
8798,hydro_reservoir,2030,151,14,14,0.05006900880460529
8799,hydro_reservoir,2030,151,15,15,0.1334905255594554
8800,hydro_reservoir,2030,151,16,16,0.2169120423143055
8801,hydro_reservoir,2030,151,17,17,0.3003335590691556
8802,hydro_reservoir,2030,151,18,18,0.37866697054255843
8803,hydro_reservoir,2030,151,19,19,0.34858314437320903
8804,hydro_reservoir,2030,151,20,20,-0.5679953388719409
8805,hydro_reservoir,2030,151,21,21,-1.4845738221170908
8806,hydro_reservoir,2030,151,22,22,-1.4140337091727448
8807,hydro_reservoir,2030,151,23,23,-2.2374349529161957
8808,hydro_reservoir,2030,151,24,24,-2.1540134361613457
8809,hydro_reservoir,2030,152,1,1,0.06984126984126984
8810,hydro_reservoir,2030,152,2,2,0.13968253968253969
8811,hydro_reservoir,2030,152,3,3,-0.5886686093528386
8812,hydro_reservoir,2030,152,4,4,-0.5188273395115688
8813,hydro_reservoir,2030,152,5,5,-0.44898606967029897
8814,hydro_reservoir,2030,152,6,6,-0.37914479982902916
8815,hydro_reservoir,2030,152,7,7,-0.30930352998775934
8816,hydro_reservoir,2030,152,8,8,-0.2394622601464895
8817,hydro_reservoir,2030,152,9,9,-0.16962099030521965
8818,hydro_reservoir,2030,152,10,10,-0.09977972046394981
8819,hydro_reservoir,2030,152,11,11,-0.02993845062267997
8820,hydro_reservoir,2030,152,12,12,0.025943032671030347
8821,hydro_reservoir,2030,152,13,13,-0.9042156974876998
8822,hydro_reservoir,2030,152,14,14,-0.8850247085871987
8823,hydro_reservoir,2030,152,15,15,-0.8963060223733912
8824,hydro_reservoir,2030,152,16,16,-0.9538534807537686
8825,hydro_reservoir,2030,152,17,17,-1.0523111039250332
8826,hydro_reservoir,2030,152,18,18,-1.9824698340837634
8827,hydro_reservoir,2030,152,19,19,-2.03281533021911
8828,hydro_reservoir,2030,152,20,20,-1.9654613183262284
8829,hydro_reservoir,2030,152,21,21,-1.8956200484849584
8830,hydro_reservoir,2030,152,22,22,-1.8257787786436885
8831,hydro_reservoir,2030,152,23,23,-1.7559375088024187
8832,hydro_reservoir,2030,152,24,24,-1.686096238961149
8833,hydro_reservoir,2030,153,1,1,0.040740740740740744
8834,hydro_reservoir,2030,153,2,2,0.08148148148148149
8835,hydro_reservoir,2030,153,3,3,0.12222222222222223
8836,hydro_reservoir,2030,153,4,4,0.16296296296296298
8837,hydro_reservoir,2030,153,5,5,0.20370370370370372
8838,hydro_reservoir,2030,153,6,6,-0.06596866059504047
8839,hydro_reservoir,2030,153,7,7,-0.02522791985429973
8840,hydro_reservoir,2030,153,8,8,0.015512820886441014
8841,hydro_reservoir,2030,153,9,9,0.05625356162718176
8842,hydro_reservoir,2030,153,10,10,-0.35396095938597816
8843,hydro_reservoir,2030,153,11,11,-0.8194939500276903
8844,hydro_reservoir,2030,153,12,12,-0.7787532092869496
8845,hydro_reservoir,2030,153,13,13,-1.2737743648939408
8846,hydro_reservoir,2030,153,14,14,-1.2330336241532
8847,hydro_reservoir,2030,153,15,15,-1.1922928834124593
8848,hydro_reservoir,2030,153,16,16,-1.1515521426717186
8849,hydro_reservoir,2030,153,17,17,-1.52329877760667
8850,hydro_reservoir,2030,153,18,18,-1.4825580368659292
8851,hydro_reservoir,2030,153,19,19,-1.4418172961251885
8852,hydro_reservoir,2030,153,20,20,-1.4010765553844478
8853,hydro_reservoir,2030,153,21,21,-2.0199879421602045
8854,hydro_reservoir,2030,153,22,22,-1.9792472014194635
8855,hydro_reservoir,2030,153,23,23,-2.6579479921503486
8856,hydro_reservoir,2030,153,24,24,-2.617207251409608
8857,hydro_reservoir,2030,154,1,1,0.06649029982363316
8858,hydro_reservoir,2030,154,2,2,0.13298059964726633
8859,hydro_reservoir,2030,154,3,3,-0.702898882676115
8860,hydro_reservoir,2030,154,4,4,-0.6364085828524818
8861,hydro_reservoir,2030,154,5,5,-0.5699182830288486
8862,hydro_reservoir,2030,154,6,6,-0.5034279832052154
8863,hydro_reservoir,2030,154,7,7,-0.43693768338158223
8864,hydro_reservoir,2030,154,8,8,-0.37044738355794904
8865,hydro_reservoir,2030,154,9,9,-1.1382636400976516
8866,hydro_reservoir,2030,154,10,10,-1.0717733402740184
8867,hydro_reservoir,2030,154,11,11,-1.8267968675391049
8868,hydro_reservoir,2030,154,12,12,-1.7603065677154717
8869,hydro_reservoir,2030,154,13,13,-1.6938162678918385
8870,hydro_reservoir,2030,154,14,14,-1.6273259680682053
8871,hydro_reservoir,2030,154,15,15,-1.560835668244572
8872,hydro_reservoir,2030,154,16,16,-2.0252689925697482
8873,hydro_reservoir,2030,154,17,17,-1.958778692746115
8874,hydro_reservoir,2030,154,18,18,-1.8922883929224819
8875,hydro_reservoir,2030,154,19,19,-1.8257980930988487
8876,hydro_reservoir,2030,154,20,20,-2.140168790519577
8877,hydro_reservoir,2030,154,21,21,-2.0736784906959436
8878,hydro_reservoir,2030,154,22,22,-2.0071881908723106
8879,hydro_reservoir,2030,154,23,23,-1.9406978910486772
8880,hydro_reservoir,2030,154,24,24,-2.3085403757430583
8881,hydro_reservoir,2030,155,1,1,-0.17308013861911178
8882,hydro_reservoir,2030,155,2,2,-0.12299195519759504
8883,hydro_reservoir,2030,155,3,3,-0.28639640002464506
8884,hydro_reservoir,2030,155,4,4,-0.2363082166031283
8885,hydro_reservoir,2030,155,5,5,-0.18622003318161157
8886,hydro_reservoir,2030,155,6,6,-0.13613184976009482
8887,hydro_reservoir,2030,155,7,7,-0.08604366633857807
8888,hydro_reservoir,2030,155,8,8,-0.03595548291706132
8889,hydro_reservoir,2030,155,9,9,0.014132700504455434
8890,hydro_reservoir,2030,155,10,10,0.0642208839259722
8891,hydro_reservoir,2030,155,11,11,0.11430906734748894
8892,hydro_reservoir,2030,155,12,12,-0.2572443853446031
8893,hydro_reservoir,2030,155,13,13,-0.20715620192308634
8894,hydro_reservoir,2030,155,14,14,-0.1570680185015696
8895,hydro_reservoir,2030,155,15,15,-0.10697983508005285
8896,hydro_reservoir,2030,155,16,16,-0.056891651658536095
8897,hydro_reservoir,2030,155,17,17,-0.006803468237019342
8898,hydro_reservoir,2030,155,18,18,0.04328471518449741
8899,hydro_reservoir,2030,155,19,19,-0.7557487045555499
8900,hydro_reservoir,2030,155,20,20,-0.7056605211340331
8901,hydro_reservoir,2030,155,21,21,-0.6555723377125163
8902,hydro_reservoir,2030,155,22,22,-0.6054841542909996
8903,hydro_reservoir,2030,155,23,23,-1.5036299569995308
8904,hydro_reservoir,2030,155,24,24,-1.453541773578014
8905,hydro_reservoir,2030,156,1,1,-0.883328407685886
8906,hydro_reservoir,2030,156,2,2,-0.8330638574213358
8907,hydro_reservoir,2030,156,3,3,-0.7827993071567856
8908,hydro_reservoir,2030,156,4,4,-0.7325347568922354
8909,hydro_reservoir,2030,156,5,5,-0.6822702066276851
8910,hydro_reservoir,2030,156,6,6,-0.6320056563631349
8911,hydro_reservoir,2030,156,7,7,-0.5817411060985846
8912,hydro_reservoir,2030,156,8,8,-0.5333311657749991
8913,hydro_reservoir,2030,156,9,9,-0.4830666155104489
8914,hydro_reservoir,2030,156,10,10,-0.43280206524589865
8915,hydro_reservoir,2030,156,11,11,-0.3825375149813484
8916,hydro_reservoir,2030,156,12,12,-0.3322729647167982
8917,hydro_reservoir,2030,156,13,13,-0.28200841445224795
8918,hydro_reservoir,2030,156,14,14,-0.2317438641876977
8919,hydro_reservoir,2030,156,15,15,-0.18147931392314742
8920,hydro_reservoir,2030,156,16,16,-0.13121476365859713
8921,hydro_reservoir,2030,156,17,17,-0.08095021339404684
8922,hydro_reservoir,2030,156,18,18,-0.030685663129496554
8923,hydro_reservoir,2030,156,19,19,0.019578887135053735
8924,hydro_reservoir,2030,156,20,20,0.069843437399604
8925,hydro_reservoir,2030,156,21,21,0.12010798766415426
8926,hydro_reservoir,2030,156,22,22,0.17037253792870455
8927,hydro_reservoir,2030,156,23,23,0.2206370881932548
8928,hydro_reservoir,2030,156,24,24,0.27090163845780507
8929,hydro_reservoir,2030,157,1,1,0.05896197476237497
8930,hydro_reservoir,2030,157,2,2,0.06111355150184675
8931,hydro_reservoir,2030,157,3,3,0.14506416878579736
8932,hydro_reservoir,2030,157,4,4,0.22901478606974798
8933,hydro_reservoir,2030,157,5,5,0.3129654033536986
8934,hydro_reservoir,2030,157,6,6,0.3969160206376492
8935,hydro_reservoir,2030,157,7,7,0.4808666379215998
8936,hydro_reservoir,2030,157,8,8,0.5648172552055504
8937,hydro_reservoir,2030,157,9,9,0.648767872489501
8938,hydro_reservoir,2030,157,10,10,0.7327184897734516
8939,hydro_reservoir,2030,157,11,11,0.7743322655376252
8940,hydro_reservoir,2030,157,12,12,-0.14171711717842417
8941,hydro_reservoir,2030,157,13,13,-1.0577664998944736
8942,hydro_reservoir,2030,157,14,14,-1.0985253189028201
8943,hydro_reservoir,2030,157,15,15,-1.0800367628279328
8944,hydro_reservoir,2030,157,16,16,-0.9960861455439822
8945,hydro_reservoir,2030,157,17,17,-0.9121355282600316
8946,hydro_reservoir,2030,157,18,18,-0.828184910976081
8947,hydro_reservoir,2030,157,19,19,-0.7442342936921303
8948,hydro_reservoir,2030,157,20,20,-0.9632806228851263
8949,hydro_reservoir,2030,157,21,21,-0.8793300056011757
8950,hydro_reservoir,2030,157,22,22,-1.0350304130957744
8951,hydro_reservoir,2030,157,23,23,-0.9510797958118238
8952,hydro_reservoir,2030,157,24,24,-0.8671291785278732
8953,hydro_reservoir,2030,158,1,1,0.042328042328042326
8954,hydro_reservoir,2030,158,2,2,-0.2462916970114689
8955,hydro_reservoir,2030,158,3,3,-0.2039636546834266
8956,hydro_reservoir,2030,158,4,4,-0.16163561235538426
8957,hydro_reservoir,2030,158,5,5,-0.6373055315019056
8958,hydro_reservoir,2030,158,6,6,-0.5949774891738633
8959,hydro_reservoir,2030,158,7,7,-0.552649446845821
8960,hydro_reservoir,2030,158,8,8,-0.5103214045177786
8961,hydro_reservoir,2030,158,9,9,-0.4679933621897363
8962,hydro_reservoir,2030,158,10,10,-0.425665319861694
8963,hydro_reservoir,2030,158,11,11,-1.1998525340721775
8964,hydro_reservoir,2030,158,12,12,-1.9791841714705114
8965,hydro_reservoir,2030,158,13,13,-1.936856129142469
8966,hydro_reservoir,2030,158,14,14,-1.8945280868144267
8967,hydro_reservoir,2030,158,15,15,-1.8522000444863844
8968,hydro_reservoir,2030,158,16,16,-2.4514858459077655
8969,hydro_reservoir,2030,158,17,17,-2.409157803579723
8970,hydro_reservoir,2030,158,18,18,-2.366829761251681
8971,hydro_reservoir,2030,158,19,19,-2.3245017189236385
8972,hydro_reservoir,2030,158,20,20,-2.2821736765955962
8973,hydro_reservoir,2030,158,21,21,-2.596692359171059
8974,hydro_reservoir,2030,158,22,22,-2.554364316843017
8975,hydro_reservoir,2030,158,23,23,-2.5120362745149745
8976,hydro_reservoir,2030,158,24,24,-2.469708232186932
8977,hydro_reservoir,2030,159,1,1,0.0834215167548501
8978,hydro_reservoir,2030,159,2,2,0.1668430335097002
8979,hydro_reservoir,2030,159,3,3,0.2502645502645503
8980,hydro_reservoir,2030,159,4,4,0.3336860670194004
8981,hydro_reservoir,2030,159,5,5,0.4171075837742505
8982,hydro_reservoir,2030,159,6,6,0.5005291005291006
8983,hydro_reservoir,2030,159,7,7,0.5839506172839507
8984,hydro_reservoir,2030,159,8,8,0.6673721340388008
8985,hydro_reservoir,2030,159,9,9,0.7507936507936509
8986,hydro_reservoir,2030,159,10,10,0.834215167548501
8987,hydro_reservoir,2030,159,11,11,0.9176366843033511
8988,hydro_reservoir,2030,159,12,12,1.0010582010582012
8989,hydro_reservoir,2030,159,13,13,0.454092357937268
8990,hydro_reservoir,2030,159,14,14,0.5375138746921181
8991,hydro_reservoir,2030,159,15,15,0.6209353914469682
8992,hydro_reservoir,2030,159,16,16,0.1660664740516076
8993,hydro_reservoir,2030,159,17,17,0.2494879908064577
8994,hydro_reservoir,2030,159,18,18,-0.10538712924393004
8995,hydro_reservoir,2030,159,19,19,-0.38092063320982
8996,hydro_reservoir,2030,159,20,20,-0.2974991164549699
8997,hydro_reservoir,2030,159,21,21,-0.2140775997001198
8998,hydro_reservoir,2030,159,22,22,-0.1306560829452697
8999,hydro_reservoir,2030,159,23,23,-0.04723456619041961
9000,hydro_reservoir,2030,159,24,24,0.03618695056443049
9001,hydro_reservoir,2030,160,1,1,0.06525573192239859
9002,hydro_reservoir,2030,160,2,2,0.13051146384479717
9003,hydro_reservoir,2030,160,3,3,0.19576719576719576
9004,hydro_reservoir,2030,160,4,4,0.26102292768959434
9005,hydro_reservoir,2030,160,5,5,0.29471501442387876
9006,hydro_reservoir,2030,160,6,6,0.2984703191419048
9007,hydro_reservoir,2030,160,7,7,0.3637260510643034
9008,hydro_reservoir,2030,160,8,8,0.027742447826414662
9009,hydro_reservoir,2030,160,9,9,0.09299817974881325
9010,hydro_reservoir,2030,160,10,10,0.15825391167121183
9011,hydro_reservoir,2030,160,11,11,0.22350964359361042
9012,hydro_reservoir,2030,160,12,12,0.288765375516009
9013,hydro_reservoir,2030,160,13,13,0.3540211074384076
9014,hydro_reservoir,2030,160,14,14,0.4192768393608062
9015,hydro_reservoir,2030,160,15,15,0.48453257128320476
9016,hydro_reservoir,2030,160,16,16,0.5092520746965612
9017,hydro_reservoir,2030,160,17,17,0.4664372871276851
9018,hydro_reservoir,2030,160,18,18,0.42165855752500536
9019,hydro_reservoir,2030,160,19,19,-0.5130857105525961
9020,hydro_reservoir,2030,160,20,20,-0.5070719280453797
9021,hydro_reservoir,2030,160,21,21,-0.4587483505061222
9022,hydro_reservoir,2030,160,22,22,-0.39349261858372364
9023,hydro_reservoir,2030,160,23,23,-0.32823688666132506
9024,hydro_reservoir,2030,160,24,24,-0.26298115473892647
9025,hydro_reservoir,2030,161,1,1,0.05026455026455027
9026,hydro_reservoir,2030,161,2,2,-0.7224026251869993
9027,hydro_reservoir,2030,161,3,3,-0.672138074922449
9028,hydro_reservoir,2030,161,4,4,-0.6218735246578988
9029,hydro_reservoir,2030,161,5,5,-0.5716089743933486
9030,hydro_reservoir,2030,161,6,6,-1.290235337607868
9031,hydro_reservoir,2030,161,7,7,-1.2399707873433177
9032,hydro_reservoir,2030,161,8,8,-1.1897062370787674
9033,hydro_reservoir,2030,161,9,9,-1.1394416868142172
9034,hydro_reservoir,2030,161,10,10,-1.089177136549667
9035,hydro_reservoir,2030,161,11,11,-1.0389125862851167
9036,hydro_reservoir,2030,161,12,12,-1.4904851298078896
9037,hydro_reservoir,2030,161,13,13,-1.4402205795433394
9038,hydro_reservoir,2030,161,14,14,-1.3899560292787891
9039,hydro_reservoir,2030,161,15,15,-1.339691479014239
9040,hydro_reservoir,2030,161,16,16,-1.4260104829420681
9041,hydro_reservoir,2030,161,17,17,-1.3757459326775179
9042,hydro_reservoir,2030,161,18,18,-1.3254813824129676
9043,hydro_reservoir,2030,161,19,19,-1.2752168321484174
9044,hydro_reservoir,2030,161,20,20,-1.2790111609384809
9045,hydro_reservoir,2030,161,21,21,-1.2287466106739307
9046,hydro_reservoir,2030,161,22,22,-1.1784820604093802
9047,hydro_reservoir,2030,161,23,23,-1.12821751014483
9048,hydro_reservoir,2030,161,24,24,-1.0779529598802797
9049,hydro_reservoir,2030,162,1,1,-0.8141367323455829
9050,hydro_reservoir,2030,162,2,2,-0.7748069263491103
9051,hydro_reservoir,2030,162,3,3,-0.7354771203526377
9052,hydro_reservoir,2030,162,4,4,-0.6961473143561651
9053,hydro_reservoir,2030,162,5,5,-0.6568175083596924
9054,hydro_reservoir,2030,162,6,6,-0.6174877023632198
9055,hydro_reservoir,2030,162,7,7,-0.5781578963667472
9056,hydro_reservoir,2030,162,8,8,-0.5388280903702746
9057,hydro_reservoir,2030,162,9,9,-0.4994982843738019
9058,hydro_reservoir,2030,162,10,10,-0.4601684783773292
9059,hydro_reservoir,2030,162,11,11,-0.42083867238085654
9060,hydro_reservoir,2030,162,12,12,-0.38150886638438386
9061,hydro_reservoir,2030,162,13,13,-0.3421790603879112
9062,hydro_reservoir,2030,162,14,14,-0.3028492543914385
9063,hydro_reservoir,2030,162,15,15,-0.2635194483949658
9064,hydro_reservoir,2030,162,16,16,-0.22418964239849315
9065,hydro_reservoir,2030,162,17,17,-0.18485983640202047
9066,hydro_reservoir,2030,162,18,18,-0.1455300304055478
9067,hydro_reservoir,2030,162,19,19,-0.10620022440907513
9068,hydro_reservoir,2030,162,20,20,-0.06687041841260247
9069,hydro_reservoir,2030,162,21,21,-0.027540612416129803
9070,hydro_reservoir,2030,162,22,22,0.01178919358034286
9071,hydro_reservoir,2030,162,23,23,0.051118999576815524
9072,hydro_reservoir,2030,162,24,24,0.09044880557328819
9073,hydro_reservoir,2030,163,1,1,0.08236331569664904
9074,hydro_reservoir,2030,163,2,2,0.16472663139329807
9075,hydro_reservoir,2030,163,3,3,-0.5836021008567346
9076,hydro_reservoir,2030,163,4,4,-0.5012387851600856
9077,hydro_reservoir,2030,163,5,5,-0.41887546946343657
9078,hydro_reservoir,2030,163,6,6,-0.33651215376678756
9079,hydro_reservoir,2030,163,7,7,-0.25414883807013855
9080,hydro_reservoir,2030,163,8,8,-0.1717855223734895
9081,hydro_reservoir,2030,163,9,9,-0.6736648174142303
9082,hydro_reservoir,2030,163,10,10,-0.5913015017175813
9083,hydro_reservoir,2030,163,11,11,-0.5089381860209323
9084,hydro_reservoir,2030,163,12,12,-0.4265748703242833
9085,hydro_reservoir,2030,163,13,13,-0.9777528565805735
9086,hydro_reservoir,2030,163,14,14,-0.8953895408839245
9087,hydro_reservoir,2030,163,15,15,-0.8130262251872755
9088,hydro_reservoir,2030,163,16,16,-0.7306629094906265
9089,hydro_reservoir,2030,163,17,17,-0.6482995937939775
9090,hydro_reservoir,2030,163,18,18,-0.5659362780973285
9091,hydro_reservoir,2030,163,19,19,-0.4835729624006795
9092,hydro_reservoir,2030,163,20,20,-0.4012096467040305
9093,hydro_reservoir,2030,163,21,21,-0.31884633100738147
9094,hydro_reservoir,2030,163,22,22,-0.6375892206349687
9095,hydro_reservoir,2030,163,23,23,-0.9333926286058206
9096,hydro_reservoir,2030,163,24,24,-1.2324477877753617
9097,hydro_reservoir,2030,164,1,1,-0.6172565745571323
9098,hydro_reservoir,2030,164,2,2,-0.5765158338163916
9099,hydro_reservoir,2030,164,3,3,-0.5357750930756509
9100,hydro_reservoir,2030,164,4,4,-1.0737051107975797
9101,hydro_reservoir,2030,164,5,5,-1.032964370056839
9102,hydro_reservoir,2030,164,6,6,-0.9922236293160982
9103,hydro_reservoir,2030,164,7,7,-0.9514828885753575
9104,hydro_reservoir,2030,164,8,8,-0.9107421478346167
9105,hydro_reservoir,2030,164,9,9,-0.870001407093876
9106,hydro_reservoir,2030,164,10,10,-1.2945773052109293
9107,hydro_reservoir,2030,164,11,11,-1.2538365644701885
9108,hydro_reservoir,2030,164,12,12,-1.2130958237294478
9109,hydro_reservoir,2030,164,13,13,-1.172355082988707
9110,hydro_reservoir,2030,164,14,14,-1.1316143422479663
9111,hydro_reservoir,2030,164,15,15,-1.0908736015072256
9112,hydro_reservoir,2030,164,16,16,-1.0501328607664848
9113,hydro_reservoir,2030,164,17,17,-1.009392120025744
9114,hydro_reservoir,2030,164,18,18,-0.9686513792850034
9115,hydro_reservoir,2030,164,19,19,-0.9279106385442627
9116,hydro_reservoir,2030,164,20,20,-0.887169897803522
9117,hydro_reservoir,2030,164,21,21,-0.8464291570627812
9118,hydro_reservoir,2030,164,22,22,-0.8056884163220405
9119,hydro_reservoir,2030,164,23,23,-0.7649476755812997
9120,hydro_reservoir,2030,164,24,24,-0.724206934840559
9121,hydro_reservoir,2030,165,1,1,-0.37566546372285897
9122,hydro_reservoir,2030,165,2,2,-0.32451907924314116
9123,hydro_reservoir,2030,165,3,3,-0.27337269476342335
9124,hydro_reservoir,2030,165,4,4,-0.22222631028370554
9125,hydro_reservoir,2030,165,5,5,-0.17107992580398773
9126,hydro_reservoir,2030,165,6,6,-0.11993354132426992
9127,hydro_reservoir,2030,165,7,7,-0.06878715684455211
9128,hydro_reservoir,2030,165,8,8,-0.0176407723648343
9129,hydro_reservoir,2030,165,9,9,0.03350561211488351
9130,hydro_reservoir,2030,165,10,10,-0.5584315720324304
9131,hydro_reservoir,2030,165,11,11,-0.5072851875527127
9132,hydro_reservoir,2030,165,12,12,-0.45613880307299487
9133,hydro_reservoir,2030,165,13,13,-0.40499241859327706
9134,hydro_reservoir,2030,165,14,14,-0.35384603411355925
9135,hydro_reservoir,2030,165,15,15,-0.30269964963384144
9136,hydro_reservoir,2030,165,16,16,-0.25155326515412363
9137,hydro_reservoir,2030,165,17,17,-0.20040688067440582
9138,hydro_reservoir,2030,165,18,18,-0.149260496194688
9139,hydro_reservoir,2030,165,19,19,-0.0981141117149702
9140,hydro_reservoir,2030,165,20,20,-0.08086010482120644
9141,hydro_reservoir,2030,165,21,21,-0.09090209474102535
9142,hydro_reservoir,2030,165,22,22,-0.05634203307837739
9143,hydro_reservoir,2030,165,23,23,-0.005195648598659577
9144,hydro_reservoir,2030,165,24,24,0.04595073588105823
9145,hydro_reservoir,2030,166,1,1,0.048500881834215165
9146,hydro_reservoir,2030,166,2,2,0.09700176366843033
9147,hydro_reservoir,2030,166,3,3,0.1455026455026455
9148,hydro_reservoir,2030,166,4,4,0.19400352733686066
9149,hydro_reservoir,2030,166,5,5,0.24250440917107582
9150,hydro_reservoir,2030,166,6,6,0.291005291005291
9151,hydro_reservoir,2030,166,7,7,0.31508765171332065
9152,hydro_reservoir,2030,166,8,8,0.36358853354753584
9153,hydro_reservoir,2030,166,9,9,0.41208941538175103
9154,hydro_reservoir,2030,166,10,10,0.46059029721596617
9155,hydro_reservoir,2030,166,11,11,0.5090911790501813
9156,hydro_reservoir,2030,166,12,12,0.5575920608843965
9157,hydro_reservoir,2030,166,13,13,0.6060929427186117
9158,hydro_reservoir,2030,166,14,14,0.6545938245528269
9159,hydro_reservoir,2030,166,15,15,0.703094706387042
9160,hydro_reservoir,2030,166,16,16,0.7515955882212572
9161,hydro_reservoir,2030,166,17,17,0.8000964700554724
9162,hydro_reservoir,2030,166,18,18,0.8485973518896875
9163,hydro_reservoir,2030,166,19,19,0.8970982337239027
9164,hydro_reservoir,2030,166,20,20,0.9455991155581179
9165,hydro_reservoir,2030,166,21,21,0.9940999973923331
9166,hydro_reservoir,2030,166,22,22,0.35724636714696495
9167,hydro_reservoir,2030,166,23,23,0.4057472489811801
9168,hydro_reservoir,2030,166,24,24,0.4542481308153953
9169,hydro_reservoir,2030,167,1,1,-0.7975422963090701
9170,hydro_reservoir,2030,167,2,2,-0.7504523492191231
9171,hydro_reservoir,2030,167,3,3,-0.703362402129176
9172,hydro_reservoir,2030,167,4,4,-0.6562724550392289
9173,hydro_reservoir,2030,167,5,5,-0.6091825079492819
9174,hydro_reservoir,2030,167,6,6,-0.5620925608593348
9175,hydro_reservoir,2030,167,7,7,-0.5150026137693877
9176,hydro_reservoir,2030,167,8,8,-0.46791266667944065
9177,hydro_reservoir,2030,167,9,9,-1.3226620784388767
9178,hydro_reservoir,2030,167,10,10,-1.2755721313489297
9179,hydro_reservoir,2030,167,11,11,-2.0289860116749905
9180,hydro_reservoir,2030,167,12,12,-1.9818960645850434
9181,hydro_reservoir,2030,167,13,13,-1.9348061174950963
9182,hydro_reservoir,2030,167,14,14,-1.8877161704051493
9183,hydro_reservoir,2030,167,15,15,-1.8406262233152022
9184,hydro_reservoir,2030,167,16,16,-1.7935362762252551
9185,hydro_reservoir,2030,167,17,17,-1.746446329135308
9186,hydro_reservoir,2030,167,18,18,-1.699356382045361
9187,hydro_reservoir,2030,167,19,19,-1.652266434955414
9188,hydro_reservoir,2030,167,20,20,-1.6051764878654666
9189,hydro_reservoir,2030,167,21,21,-1.5580865407755196
9190,hydro_reservoir,2030,167,22,22,-1.5109965936855725
9191,hydro_reservoir,2030,167,23,23,-1.4639066465956254
9192,hydro_reservoir,2030,167,24,24,-1.4168166995056783
9193,hydro_reservoir,2030,168,1,1,-0.7043356815306441
9194,hydro_reservoir,2030,168,2,2,-0.6542474981091273
9195,hydro_reservoir,2030,168,3,3,-0.6041593146876105
9196,hydro_reservoir,2030,168,4,4,-0.5540711312660938
9197,hydro_reservoir,2030,168,5,5,-0.503982947844577
9198,hydro_reservoir,2030,168,6,6,-0.4538947644230602
9199,hydro_reservoir,2030,168,7,7,-0.40380658100154343
9200,hydro_reservoir,2030,168,8,8,-0.35371839758002666
9201,hydro_reservoir,2030,168,9,9,-0.3036302141585099
9202,hydro_reservoir,2030,168,10,10,-0.2535420307369931
9203,hydro_reservoir,2030,168,11,11,-0.20345384731547636
9204,hydro_reservoir,2030,168,12,12,-0.15336566389395961
9205,hydro_reservoir,2030,168,13,13,-0.10327748047244287
9206,hydro_reservoir,2030,168,14,14,-0.053189297050926114
9207,hydro_reservoir,2030,168,15,15,-0.8167285985937718
9208,hydro_reservoir,2030,168,16,16,-0.766640415172255
9209,hydro_reservoir,2030,168,17,17,-0.7165522317507382
9210,hydro_reservoir,2030,168,18,18,-0.6664640483292215
9211,hydro_reservoir,2030,168,19,19,-0.6163758649077047
9212,hydro_reservoir,2030,168,20,20,-0.5662876814861879
9213,hydro_reservoir,2030,168,21,21,-0.5161994980646711
9214,hydro_reservoir,2030,168,22,22,-0.4661113146431544
9215,hydro_reservoir,2030,168,23,23,-0.4160231312216377
9216,hydro_reservoir,2030,168,24,24,-0.3659349478001209
9217,hydro_reservoir,2030,169,1,1,-0.3130918954042001
9218,hydro_reservoir,2030,169,2,2,-0.22226297124194283
9219,hydro_reservoir,2030,169,3,3,-0.1314340470796853
9220,hydro_reservoir,2030,169,4,4,-0.040605122917427794
9221,hydro_reservoir,2030,169,5,5,0.050223801244829724
9222,hydro_reservoir,2030,169,6,6,0.14105272540708724
9223,hydro_reservoir,2030,169,7,7,0.23188164956934476
9224,hydro_reservoir,2030,169,8,8,0.3227105737316023
9225,hydro_reservoir,2030,169,9,9,0.4135394978938598
9226,hydro_reservoir,2030,169,10,10,0.5043684220561173
9227,hydro_reservoir,2030,169,11,11,0.5951973462183748
9228,hydro_reservoir,2030,169,12,12,0.6860262703806324
9229,hydro_reservoir,2030,169,13,13,0.7768551945428898
9230,hydro_reservoir,2030,169,14,14,0.8676841187051473
9231,hydro_reservoir,2030,169,15,15,0.9585130428674048
9232,hydro_reservoir,2030,169,16,16,1.0493419670296622
9233,hydro_reservoir,2030,169,17,17,1.1401708911919197
9234,hydro_reservoir,2030,169,18,18,1.2309998153541772
9235,hydro_reservoir,2030,169,19,19,1.3218287395164348
9236,hydro_reservoir,2030,169,20,20,1.4126576636786923
9237,hydro_reservoir,2030,169,21,21,1.5034865878409498
9238,hydro_reservoir,2030,169,22,22,1.5943155120032073
9239,hydro_reservoir,2030,169,23,23,1.6851444361654648
9240,hydro_reservoir,2030,169,24,24,1.7759733603277224
9241,hydro_reservoir,2030,170,1,1,-0.026531772322633054
9242,hydro_reservoir,2030,170,2,2,-0.06137559432289424
9243,hydro_reservoir,2030,170,3,3,-0.08531644922048315
9244,hydro_reservoir,2030,170,4,4,-0.10863054406567474
9245,hydro_reservoir,2030,170,5,5,-0.13014426672232565
9246,hydro_reservoir,2030,170,6,6,-0.08223616649917026
9247,hydro_reservoir,2030,170,7,7,-0.12004675689825256
9248,hydro_reservoir,2030,170,8,8,-0.15753631830956705
9249,hydro_reservoir,2030,170,9,9,-0.32907559249287127
9250,hydro_reservoir,2030,170,10,10,-0.5212018380248151
9251,hydro_reservoir,2030,170,11,11,-0.7118251229277
9252,hydro_reservoir,2030,170,12,12,-0.9123499428371586
9253,hydro_reservoir,2030,170,13,13,-1.0783266030906369
9254,hydro_reservoir,2030,170,14,14,-1.2344599379897625
9255,hydro_reservoir,2030,170,15,15,-1.4067351442958846
9256,hydro_reservoir,2030,170,16,16,-1.5807512839523197
9257,hydro_reservoir,2030,170,17,17,-1.744443351686788
9258,hydro_reservoir,2030,170,18,18,-1.9146831544085918
9259,hydro_reservoir,2030,170,19,19,-2.1139442184883395
9260,hydro_reservoir,2030,170,20,20,-3.0250553295994504
9261,hydro_reservoir,2030,170,21,21,-3.1238474603351003
9262,hydro_reservoir,2030,170,22,22,-3.144487841185087
9263,hydro_reservoir,2030,170,23,23,-3.0948933766935314
9264,hydro_reservoir,2030,170,24,24,-3.1172004831201177
9265,hydro_reservoir,2030,171,1,1,0.031040564373897708
9266,hydro_reservoir,2030,171,2,2,0.062081128747795415
9267,hydro_reservoir,2030,171,3,3,0.09312169312169312
9268,hydro_reservoir,2030,171,4,4,0.12416225749559083
9269,hydro_reservoir,2030,171,5,5,0.05720413616214548
9270,hydro_reservoir,2030,171,6,6,0.08824470053604319
9271,hydro_reservoir,2030,171,7,7,0.1192852649099409
9272,hydro_reservoir,2030,171,8,8,0.1503258292838386
9273,hydro_reservoir,2030,171,9,9,0.18136639365773632
9274,hydro_reservoir,2030,171,10,10,0.21240695803163404
9275,hydro_reservoir,2030,171,11,11,0.24344752240553175
9276,hydro_reservoir,2030,171,12,12,0.27448808677942943
9277,hydro_reservoir,2030,171,13,13,-0.3850422793292021
9278,hydro_reservoir,2030,171,14,14,-0.3540017149553043
9279,hydro_reservoir,2030,171,15,15,-0.3229611505814065
9280,hydro_reservoir,2030,171,16,16,-0.2919205862075087
9281,hydro_reservoir,2030,171,17,17,-0.2608800218336109
9282,hydro_reservoir,2030,171,18,18,-0.22983945745971313
9283,hydro_reservoir,2030,171,19,19,-0.19879889308581533
9284,hydro_reservoir,2030,171,20,20,-0.16775832871191754
9285,hydro_reservoir,2030,171,21,21,-0.13671776433801974
9286,hydro_reservoir,2030,171,22,22,-0.10567719996412195
9287,hydro_reservoir,2030,171,23,23,-1.0067697051269535
9288,hydro_reservoir,2030,171,24,24,-1.8479400126522518
9289,hydro_reservoir,2030,172,1,1,-0.783597392336733
9290,hydro_reservoir,2030,172,2,2,-0.6952376039769446
9291,hydro_reservoir,2030,172,3,3,-0.6068778156171561
9292,hydro_reservoir,2030,172,4,4,-0.5185180272573677
9293,hydro_reservoir,2030,172,5,5,-0.43015823889757937
9294,hydro_reservoir,2030,172,6,6,-0.341798450537791
9295,hydro_reservoir,2030,172,7,7,-0.25343866217800265
9296,hydro_reservoir,2030,172,8,8,-0.1650788738182143
9297,hydro_reservoir,2030,172,9,9,-0.1364801377498699
9298,hydro_reservoir,2030,172,10,10,-0.10813372233385032
9299,hydro_reservoir,2030,172,11,11,-0.1020531208065456
9300,hydro_reservoir,2030,172,12,12,-0.11020694352635974
9301,hydro_reservoir,2030,172,13,13,-1.0218471551665713
9302,hydro_reservoir,2030,172,14,14,-1.0052253372570175
9303,hydro_reservoir,2030,172,15,15,-0.9506621440545688
9304,hydro_reservoir,2030,172,16,16,-0.8623023556947804
9305,hydro_reservoir,2030,172,17,17,-0.773942567334992
9306,hydro_reservoir,2030,172,18,18,-0.6855827789752036
9307,hydro_reservoir,2030,172,19,19,-0.6055350603501726
9308,hydro_reservoir,2030,172,20,20,-0.5171752719903842
9309,hydro_reservoir,2030,172,21,21,-0.4288154836305958
9310,hydro_reservoir,2030,172,22,22,-0.34045569527080743
9311,hydro_reservoir,2030,172,23,23,-0.2520959069110191
9312,hydro_reservoir,2030,172,24,24,-0.1637361185512307
9313,hydro_reservoir,2030,173,1,1,0.031040564373897708
9314,hydro_reservoir,2030,173,2,2,0.062081128747795415
9315,hydro_reservoir,2030,173,3,3,0.09312169312169312
9316,hydro_reservoir,2030,173,4,4,0.12416225749559083
9317,hydro_reservoir,2030,173,5,5,0.15520282186948853
9318,hydro_reservoir,2030,173,6,6,0.18624338624338624
9319,hydro_reservoir,2030,173,7,7,0.21728395061728395
9320,hydro_reservoir,2030,173,8,8,0.24149901438578014
9321,hydro_reservoir,2030,173,9,9,0.19847167127062043
9322,hydro_reservoir,2030,173,10,10,0.14082132300180064
9323,hydro_reservoir,2030,173,11,11,0.12102944216038239
9324,hydro_reservoir,2030,173,12,12,0.14324062511142915
9325,hydro_reservoir,2030,173,13,13,0.1703597677147205
9326,hydro_reservoir,2030,173,14,14,0.20140033208861818
9327,hydro_reservoir,2030,173,15,15,0.23244089646251587
9328,hydro_reservoir,2030,173,16,16,0.26348146083641355
9329,hydro_reservoir,2030,173,17,17,0.2945220252103113
9330,hydro_reservoir,2030,173,18,18,0.32556258958420903
9331,hydro_reservoir,2030,173,19,19,0.3566031539581067
9332,hydro_reservoir,2030,173,20,20,0.3876437183320044
9333,hydro_reservoir,2030,173,21,21,0.41868428270590213
9334,hydro_reservoir,2030,173,22,22,0.4497248470797998
9335,hydro_reservoir,2030,173,23,23,0.48076541145369756
9336,hydro_reservoir,2030,173,24,24,0.5118059758275952
9337,hydro_reservoir,2030,174,1,1,-0.6315290164896924
9338,hydro_reservoir,2030,174,2,2,-0.5407000923274349
9339,hydro_reservoir,2030,174,3,3,-0.44987116816517736
9340,hydro_reservoir,2030,174,4,4,-0.35904224400291984
9341,hydro_reservoir,2030,174,5,5,-0.2682133198406623
9342,hydro_reservoir,2030,174,6,6,-0.1773843956784048
9343,hydro_reservoir,2030,174,7,7,-0.0865554715161473
9344,hydro_reservoir,2030,174,8,8,0.004273452646110204
9345,hydro_reservoir,2030,174,9,9,0.0597281650981963
9346,hydro_reservoir,2030,174,10,10,0.10160672724897774
9347,hydro_reservoir,2030,174,11,11,0.10855400867939834
9348,hydro_reservoir,2030,174,12,12,0.08600602648314884
9349,hydro_reservoir,2030,174,13,13,0.04917606714522815
9350,hydro_reservoir,2030,174,14,14,-0.8599950086925143
9351,hydro_reservoir,2030,174,15,15,-0.8937982086309131
9352,hydro_reservoir,2030,174,16,16,-0.915221699385428
9353,hydro_reservoir,2030,174,17,17,-0.8933733185856293
9354,hydro_reservoir,2030,174,18,18,-0.8025443944233718
9355,hydro_reservoir,2030,174,19,19,-0.7117154702611144
9356,hydro_reservoir,2030,174,20,20,-0.6208865460988569
9357,hydro_reservoir,2030,174,21,21,-0.5300576219365993
9358,hydro_reservoir,2030,174,22,22,-0.4392286977743418
9359,hydro_reservoir,2030,174,23,23,-0.3483997736120843
9360,hydro_reservoir,2030,174,24,24,-0.2575708494498268
9361,hydro_reservoir,2030,175,1,1,-0.41041047743072634
9362,hydro_reservoir,2030,175,2,2,-0.37831171199862756
9363,hydro_reservoir,2030,175,3,3,-0.3462129465665288
9364,hydro_reservoir,2030,175,4,4,-0.31411418113443
9365,hydro_reservoir,2030,175,5,5,-0.28201541570233124
9366,hydro_reservoir,2030,175,6,6,-0.6768666053783967
9367,hydro_reservoir,2030,175,7,7,-0.6447678399462979
9368,hydro_reservoir,2030,175,8,8,-0.6126690745141992
9369,hydro_reservoir,2030,175,9,9,-0.5805703090821005
9370,hydro_reservoir,2030,175,10,10,-0.5484715436500017
9371,hydro_reservoir,2030,175,11,11,-0.516372778217903
9372,hydro_reservoir,2030,175,12,12,-0.4842740127858041
9373,hydro_reservoir,2030,175,13,13,-0.45217524735370535
9374,hydro_reservoir,2030,175,14,14,-0.42007648192160657
9375,hydro_reservoir,2030,175,15,15,-0.3879777164895078
9376,hydro_reservoir,2030,175,16,16,-0.355878951057409
9377,hydro_reservoir,2030,175,17,17,-0.3237801856253103
9378,hydro_reservoir,2030,175,18,18,-0.2916814201932115
9379,hydro_reservoir,2030,175,19,19,-0.25958265476111275
9380,hydro_reservoir,2030,175,20,20,-0.22748388932901398
9381,hydro_reservoir,2030,175,21,21,-0.1953851238969152
9382,hydro_reservoir,2030,175,22,22,-0.16328635846481643
9383,hydro_reservoir,2030,175,23,23,-0.13118759303271765
9384,hydro_reservoir,2030,175,24,24,-0.09908882760061889
9385,hydro_reservoir,2030,176,1,1,0.08253968253968254
9386,hydro_reservoir,2030,176,2,2,0.16507936507936508
9387,hydro_reservoir,2030,176,3,3,0.24761904761904763
9388,hydro_reservoir,2030,176,4,4,0.33015873015873015
9389,hydro_reservoir,2030,176,5,5,0.4126984126984127
9390,hydro_reservoir,2030,176,6,6,0.4952380952380952
9391,hydro_reservoir,2030,176,7,7,0.5777777777777777
9392,hydro_reservoir,2030,176,8,8,0.6603174603174603
9393,hydro_reservoir,2030,176,9,9,0.7428571428571429
9394,hydro_reservoir,2030,176,10,10,0.8253968253968255
9395,hydro_reservoir,2030,176,11,11,0.907936507936508
9396,hydro_reservoir,2030,176,12,12,0.9904761904761906
9397,hydro_reservoir,2030,176,13,13,1.0542171531591873
9398,hydro_reservoir,2030,176,14,14,1.1020319439056654
9399,hydro_reservoir,2030,176,15,15,1.112820508826408
9400,hydro_reservoir,2030,176,16,16,1.0609682399328293
9401,hydro_reservoir,2030,176,17,17,0.940166661810762
9402,hydro_reservoir,2030,176,18,18,0.022706344350444607
9403,hydro_reservoir,2030,176,19,19,-0.11741738665896301
9404,hydro_reservoir,2030,176,20,20,-0.2612974487865556
9405,hydro_reservoir,2030,176,21,21,-0.3632481710509574
9406,hydro_reservoir,2030,176,22,22,-0.43169405228086355
9407,hydro_reservoir,2030,176,23,23,-0.5918002663805314
9408,hydro_reservoir,2030,176,24,24,-0.7074075481785229
9409,hydro_reservoir,2030,177,1,1,-0.01825426746294971
9410,hydro_reservoir,2030,177,2,2,-0.9357145849232671
9411,hydro_reservoir,2030,177,3,3,-0.9294068866479658
9412,hydro_reservoir,2030,177,4,4,-0.9120135674071168
9413,hydro_reservoir,2030,177,5,5,-0.895675757066423
9414,hydro_reservoir,2030,177,6,6,-0.9094248569362335
9415,hydro_reservoir,2030,177,7,7,-0.9059185485742856
9416,hydro_reservoir,2030,177,8,8,-0.9526423243983346
9417,hydro_reservoir,2030,177,9,9,-0.9539824016541674
9418,hydro_reservoir,2030,177,10,10,-0.8714427191144849
9419,hydro_reservoir,2030,177,11,11,-0.7889030365748024
9420,hydro_reservoir,2030,177,12,12,-0.7063633540351199
9421,hydro_reservoir,2030,177,13,13,-0.6238236714954373
9422,hydro_reservoir,2030,177,14,14,-0.5412839889557547
9423,hydro_reservoir,2030,177,15,15,-0.4587443064160721
9424,hydro_reservoir,2030,177,16,16,-0.37620462387638953
9425,hydro_reservoir,2030,177,17,17,-0.29366494133670695
9426,hydro_reservoir,2030,177,18,18,-0.21112525879702443
9427,hydro_reservoir,2030,177,19,19,-0.1285855762573419
9428,hydro_reservoir,2030,177,20,20,-0.04604589371765938
9429,hydro_reservoir,2030,177,21,21,0.03649378882202314
9430,hydro_reservoir,2030,177,22,22,0.1190334713617057
9431,hydro_reservoir,2030,177,23,23,0.20157315390138825
9432,hydro_reservoir,2030,177,24,24,0.28411283644107077
9433,hydro_reservoir,2030,178,1,1,0.03597883597883598
9434,hydro_reservoir,2030,178,2,2,0.07195767195767196
9435,hydro_reservoir,2030,178,3,3,0.10793650793650794
9436,hydro_reservoir,2030,178,4,4,0.1439153439153439
9437,hydro_reservoir,2030,178,5,5,0.17989417989417988
9438,hydro_reservoir,2030,178,6,6,0.21587301587301586
9439,hydro_reservoir,2030,178,7,7,0.2518518518518518
9440,hydro_reservoir,2030,178,8,8,0.2878306878306878
9441,hydro_reservoir,2030,178,9,9,0.3238095238095238
9442,hydro_reservoir,2030,178,10,10,0.3597883597883598
9443,hydro_reservoir,2030,178,11,11,0.3817237235348398
9444,hydro_reservoir,2030,178,12,12,0.36911479007280257
9445,hydro_reservoir,2030,178,13,13,0.32499840649320677
9446,hydro_reservoir,2030,178,14,14,0.2655576722497195
9447,hydro_reservoir,2030,178,15,15,-0.6984634917714445
9448,hydro_reservoir,2030,178,16,16,-0.7762033713587841
9449,hydro_reservoir,2030,178,17,17,-0.8053805971099373
9450,hydro_reservoir,2030,178,18,18,-0.7732885544496667
9451,hydro_reservoir,2030,178,19,19,-0.7373097184708307
9452,hydro_reservoir,2030,178,20,20,-0.7013308824919947
9453,hydro_reservoir,2030,178,21,21,-0.6653520465131588
9454,hydro_reservoir,2030,178,22,22,-0.6293732105343228
9455,hydro_reservoir,2030,178,23,23,-0.5933943745554868
9456,hydro_reservoir,2030,178,24,24,-0.5574155385766508
9457,hydro_reservoir,2030,179,1,1,0.03474426807760141
9458,hydro_reservoir,2030,179,2,2,0.06948853615520283
9459,hydro_reservoir,2030,179,3,3,0.10423280423280423
9460,hydro_reservoir,2030,179,4,4,0.13897707231040565
9461,hydro_reservoir,2030,179,5,5,0.17372134038800707
9462,hydro_reservoir,2030,179,6,6,0.2084656084656085
9463,hydro_reservoir,2030,179,7,7,0.2432098765432099
9464,hydro_reservoir,2030,179,8,8,0.2779541446208113
9465,hydro_reservoir,2030,179,9,9,0.248735576092674
9466,hydro_reservoir,2030,179,10,10,0.2834798441702754
9467,hydro_reservoir,2030,179,11,11,0.1984593075946535
9468,hydro_reservoir,2030,179,12,12,0.23320357567225491
9469,hydro_reservoir,2030,179,13,13,0.2679478437498563
9470,hydro_reservoir,2030,179,14,14,0.3026921118274577
9471,hydro_reservoir,2030,179,15,15,0.3374363799050591
9472,hydro_reservoir,2030,179,16,16,0.3721806479826605
9473,hydro_reservoir,2030,179,17,17,0.4069249160602619
9474,hydro_reservoir,2030,179,18,18,0.44166918413786327
9475,hydro_reservoir,2030,179,19,19,0.41060911046753856
9476,hydro_reservoir,2030,179,20,20,-0.55464662145486
9477,hydro_reservoir,2030,179,21,21,-0.6485352700264195
9478,hydro_reservoir,2030,179,22,22,-0.6576852813378121
9479,hydro_reservoir,2030,179,23,23,-0.6229410132602108
9480,hydro_reservoir,2030,179,24,24,-0.5881967451826093
9481,hydro_reservoir,2030,180,1,1,-0.4273044923887578
9482,hydro_reservoir,2030,180,2,2,-0.3962639280148601
9483,hydro_reservoir,2030,180,3,3,-0.3652233636409624
9484,hydro_reservoir,2030,180,4,4,-0.33418279926706473
9485,hydro_reservoir,2030,180,5,5,-0.30314223489316705
9486,hydro_reservoir,2030,180,6,6,-0.27210167051926937
9487,hydro_reservoir,2030,180,7,7,-0.24106110614537166
9488,hydro_reservoir,2030,180,8,8,-0.21002054177147395
9489,hydro_reservoir,2030,180,9,9,-0.17897997739757623
9490,hydro_reservoir,2030,180,10,10,-0.14793941302367852
9491,hydro_reservoir,2030,180,11,11,-0.11689884864978081
9492,hydro_reservoir,2030,180,12,12,-0.0858582842758831
9493,hydro_reservoir,2030,180,13,13,-0.05481771990198539
9494,hydro_reservoir,2030,180,14,14,-0.023777155528087682
9495,hydro_reservoir,2030,180,15,15,0.007263408845810025
9496,hydro_reservoir,2030,180,16,16,0.03830397321970773
9497,hydro_reservoir,2030,180,17,17,0.06934453759360544
9498,hydro_reservoir,2030,180,18,18,0.10038510196750315
9499,hydro_reservoir,2030,180,19,19,0.13142566634140085
9500,hydro_reservoir,2030,180,20,20,0.16246623071529856
9501,hydro_reservoir,2030,180,21,21,0.19350679508919627
9502,hydro_reservoir,2030,180,22,22,0.22454735946309398
9503,hydro_reservoir,2030,180,23,23,0.2555879238369917
9504,hydro_reservoir,2030,180,24,24,0.2866284882108894
9505,hydro_reservoir,2030,181,1,1,-0.1635273771943971
9506,hydro_reservoir,2030,181,2,2,-0.1324868128204994
9507,hydro_reservoir,2030,181,3,3,-0.10144624844660169
9508,hydro_reservoir,2030,181,4,4,-0.07040568407270398
9509,hydro_reservoir,2030,181,5,5,-0.03936511969880627
9510,hydro_reservoir,2030,181,6,6,-0.00832455532490856
9511,hydro_reservoir,2030,181,7,7,0.02271600904898915
9512,hydro_reservoir,2030,181,8,8,0.05375657342288685
9513,hydro_reservoir,2030,181,9,9,0.08479713779678456
9514,hydro_reservoir,2030,181,10,10,0.11583770217068227
9515,hydro_reservoir,2030,181,11,11,0.14687826654457997
9516,hydro_reservoir,2030,181,12,12,0.15869345351336586
9517,hydro_reservoir,2030,181,13,13,0.13417925271220152
9518,hydro_reservoir,2030,181,14,14,0.09420972596961824
9519,hydro_reservoir,2030,181,15,15,0.022336235327378384
9520,hydro_reservoir,2030,181,16,16,-0.047170714359399096
9521,hydro_reservoir,2030,181,17,17,-0.09892104624415055
9522,hydro_reservoir,2030,181,18,18,-0.19592142818583191
9523,hydro_reservoir,2030,181,19,19,-1.1648808638119341
9524,hydro_reservoir,2030,181,20,20,-1.31110264179362
9525,hydro_reservoir,2030,181,21,21,-1.4112790738391028
9526,hydro_reservoir,2030,181,22,22,-1.4082597408091921
9527,hydro_reservoir,2030,181,23,23,-1.4340426964192723
9528,hydro_reservoir,2030,181,24,24,-1.4030021320453745
9529,hydro_reservoir,2030,182,1,1,-0.5072512640476419
9530,hydro_reservoir,2030,182,2,2,-0.4751524986155431
9531,hydro_reservoir,2030,182,3,3,-0.4430537331834443
9532,hydro_reservoir,2030,182,4,4,-1.0984464005917847
9533,hydro_reservoir,2030,182,5,5,-1.066347635159686
9534,hydro_reservoir,2030,182,6,6,-1.0342488697275871
9535,hydro_reservoir,2030,182,7,7,-1.0021501042954883
9536,hydro_reservoir,2030,182,8,8,-0.9700513388633896
9537,hydro_reservoir,2030,182,9,9,-0.9379525734312908
9538,hydro_reservoir,2030,182,10,10,-0.905853807999192
9539,hydro_reservoir,2030,182,11,11,-0.8737550425670932
9540,hydro_reservoir,2030,182,12,12,-0.8416562771349945
9541,hydro_reservoir,2030,182,13,13,-0.8095575117028957
9542,hydro_reservoir,2030,182,14,14,-0.7774587462707969
9543,hydro_reservoir,2030,182,15,15,-0.7453599808386981
9544,hydro_reservoir,2030,182,16,16,-0.7132612154065994
9545,hydro_reservoir,2030,182,17,17,-0.6811624499745006
9546,hydro_reservoir,2030,182,18,18,-0.6490636845424018
9547,hydro_reservoir,2030,182,19,19,-0.616964919110303
9548,hydro_reservoir,2030,182,20,20,-0.5848661536782043
9549,hydro_reservoir,2030,182,21,21,-0.5527673882461055
9550,hydro_reservoir,2030,182,22,22,-0.5206686228140067
9551,hydro_reservoir,2030,182,23,23,-0.48856985738190795
9552,hydro_reservoir,2030,182,24,24,-0.45647109194980917
9553,hydro_reservoir,2030,183,1,1,-0.5589230062345224
9554,hydro_reservoir,2030,183,2,2,-0.5270006076454572
9555,hydro_reservoir,2030,183,3,3,-0.49507820905639194
9556,hydro_reservoir,2030,183,4,4,-0.4631558104673267
9557,hydro_reservoir,2030,183,5,5,-0.4312334118782614
9558,hydro_reservoir,2030,183,6,6,-0.39931101328919616
9559,hydro_reservoir,2030,183,7,7,-0.3673886147001309
9560,hydro_reservoir,2030,183,8,8,-0.33546621611106564
9561,hydro_reservoir,2030,183,9,9,-0.3035438175220004
9562,hydro_reservoir,2030,183,10,10,-0.2716214189329351
9563,hydro_reservoir,2030,183,11,11,-0.23969902034386986
9564,hydro_reservoir,2030,183,12,12,-0.2077766217548046
9565,hydro_reservoir,2030,183,13,13,-0.17585422316573934
9566,hydro_reservoir,2030,183,14,14,-0.14393182457667408
9567,hydro_reservoir,2030,183,15,15,-0.11200942598760882
9568,hydro_reservoir,2030,183,16,16,-0.08008702739854356
9569,hydro_reservoir,2030,183,17,17,-0.04816462880947831
9570,hydro_reservoir,2030,183,18,18,-0.01624223022041306
9571,hydro_reservoir,2030,183,19,19,0.015680168368652193
9572,hydro_reservoir,2030,183,20,20,0.047602566957717446
9573,hydro_reservoir,2030,183,21,21,0.04230862638740995
9574,hydro_reservoir,2030,183,22,22,-0.9257689750235248
9575,hydro_reservoir,2030,183,23,23,-0.9422214695032687
9576,hydro_reservoir,2030,183,24,24,-0.91314627794881
9577,hydro_reservoir,2030,184,1,1,0.0345679012345679
9578,hydro_reservoir,2030,184,2,2,0.0691358024691358
9579,hydro_reservoir,2030,184,3,3,0.10370370370370369
9580,hydro_reservoir,2030,184,4,4,0.1382716049382716
9581,hydro_reservoir,2030,184,5,5,0.1728395061728395
9582,hydro_reservoir,2030,184,6,6,0.2074074074074074
9583,hydro_reservoir,2030,184,7,7,0.2419753086419753
9584,hydro_reservoir,2030,184,8,8,0.2765432098765432
9585,hydro_reservoir,2030,184,9,9,0.26477252595589085
9586,hydro_reservoir,2030,184,10,10,0.24175792588416992
9587,hydro_reservoir,2030,184,11,11,0.23204939901328214
9588,hydro_reservoir,2030,184,12,12,0.22928473414756545
9589,hydro_reservoir,2030,184,13,13,0.2212132097727112
9590,hydro_reservoir,2030,184,14,14,0.22677760571861774
9591,hydro_reservoir,2030,184,15,15,0.26134550695318565
9592,hydro_reservoir,2030,184,16,16,0.2888537496583452
9593,hydro_reservoir,2030,184,17,17,-0.6765783491070869
9594,hydro_reservoir,2030,184,18,18,-0.7002336516215859
9595,hydro_reservoir,2030,184,19,19,-0.7226722839988193
9596,hydro_reservoir,2030,184,20,20,-0.7175392941989608
9597,hydro_reservoir,2030,184,21,21,-0.6829713929643928
9598,hydro_reservoir,2030,184,22,22,-0.6484034917298249
9599,hydro_reservoir,2030,184,23,23,-0.613835590495257
9600,hydro_reservoir,2030,184,24,24,-0.5792676892606892
9601,hydro_reservoir,2030,185,1,1,-0.10338665336249343
9602,hydro_reservoir,2030,185,2,2,-0.01449776447360454
9603,hydro_reservoir,2030,185,3,3,0.07439112441528435
9604,hydro_reservoir,2030,185,4,4,0.16328001330417324
9605,hydro_reservoir,2030,185,5,5,0.25216890219306215
9606,hydro_reservoir,2030,185,6,6,0.34105779108195106
9607,hydro_reservoir,2030,185,7,7,0.42994667997083996
9608,hydro_reservoir,2030,185,8,8,0.5188355688597288
9609,hydro_reservoir,2030,185,9,9,0.6077244577486177
9610,hydro_reservoir,2030,185,10,10,0.6529527196539076
9611,hydro_reservoir,2030,185,11,11,0.6581700980868158
9612,hydro_reservoir,2030,185,12,12,0.6385416138589468
9613,hydro_reservoir,2030,185,13,13,0.6041230934715334
9614,hydro_reservoir,2030,185,14,14,0.5424377131777816
9615,hydro_reservoir,2030,185,15,15,-0.36867339793332954
9616,hydro_reservoir,2030,185,16,16,-0.4425503138309941
9617,hydro_reservoir,2030,185,17,17,-0.39249190895517816
9618,hydro_reservoir,2030,185,18,18,-0.30360302006628925
9619,hydro_reservoir,2030,185,19,19,-0.21471413117740043
9620,hydro_reservoir,2030,185,20,20,-0.12582524228851152
9621,hydro_reservoir,2030,185,21,21,-0.03693635339962262
9622,hydro_reservoir,2030,185,22,22,0.05195253548926626
9623,hydro_reservoir,2030,185,23,23,0.14084142437815517
9624,hydro_reservoir,2030,185,24,24,0.22973031326704405
9625,hydro_reservoir,2030,186,1,1,-0.9239446360280783
9626,hydro_reservoir,2030,186,2,2,-0.8750910205077961
9627,hydro_reservoir,2030,186,3,3,-0.8262374049875139
9628,hydro_reservoir,2030,186,4,4,-0.7789616987406915
9629,hydro_reservoir,2030,186,5,5,-0.74191518401256
9630,hydro_reservoir,2030,186,6,6,-0.6930615684922777
9631,hydro_reservoir,2030,186,7,7,-0.6442079529719955
9632,hydro_reservoir,2030,186,8,8,-0.5953543374517133
9633,hydro_reservoir,2030,186,9,9,-0.5619793921724306
9634,hydro_reservoir,2030,186,10,10,-0.5474333887798665
9635,hydro_reservoir,2030,186,11,11,-1.4985797732595842
9636,hydro_reservoir,2030,186,12,12,-1.4790851937881149
9637,hydro_reservoir,2030,186,13,13,-1.453802015704174
9638,hydro_reservoir,2030,186,14,14,-1.4294635553693622
9639,hydro_reservoir,2030,186,15,15,-1.38060993984908
9640,hydro_reservoir,2030,186,16,16,-1.331756324328798
9641,hydro_reservoir,2030,186,17,17,-1.2829027088085156
9642,hydro_reservoir,2030,186,18,18,-1.2340490932882335
9643,hydro_reservoir,2030,186,19,19,-1.1851954777679514
9644,hydro_reservoir,2030,186,20,20,-1.136341862247669
9645,hydro_reservoir,2030,186,21,21,-1.087488246727387
9646,hydro_reservoir,2030,186,22,22,-1.0386346312071049
9647,hydro_reservoir,2030,186,23,23,-0.9897810156868226
9648,hydro_reservoir,2030,186,24,24,-0.9409274001665404
9649,hydro_reservoir,2030,187,1,1,-0.1682976040149576
9650,hydro_reservoir,2030,187,2,2,-0.10709830948232973
9651,hydro_reservoir,2030,187,3,3,-0.04589901494970186
9652,hydro_reservoir,2030,187,4,4,0.015300279582926013
9653,hydro_reservoir,2030,187,5,5,0.07649957411555389
9654,hydro_reservoir,2030,187,6,6,0.13769886864818176
9655,hydro_reservoir,2030,187,7,7,0.19889816318080963
9656,hydro_reservoir,2030,187,8,8,0.03667994012453635
9657,hydro_reservoir,2030,187,9,9,0.09787923465716422
9658,hydro_reservoir,2030,187,10,10,0.1590785291897921
9659,hydro_reservoir,2030,187,11,11,0.22027782372241997
9660,hydro_reservoir,2030,187,12,12,0.28147711825504784
9661,hydro_reservoir,2030,187,13,13,0.3426764127876757
9662,hydro_reservoir,2030,187,14,14,-0.02568207622547891
9663,hydro_reservoir,2030,187,15,15,0.035517218307148934
9664,hydro_reservoir,2030,187,16,16,0.09671651283977678
9665,hydro_reservoir,2030,187,17,17,0.15791580737240463
9666,hydro_reservoir,2030,187,18,18,0.21911510190503247
9667,hydro_reservoir,2030,187,19,19,0.2803143964376603
9668,hydro_reservoir,2030,187,20,20,0.34151369097028816
9669,hydro_reservoir,2030,187,21,21,0.402712985502916
9670,hydro_reservoir,2030,187,22,22,0.4639122800355439
9671,hydro_reservoir,2030,187,23,23,0.5251115745681718
9672,hydro_reservoir,2030,187,24,24,0.5863108691007997
9673,hydro_reservoir,2030,188,1,1,-0.7582253972946709
9674,hydro_reservoir,2030,188,2,2,-0.669336508405782
9675,hydro_reservoir,2030,188,3,3,-0.580447619516893
9676,hydro_reservoir,2030,188,4,4,-0.49155873062800415
9677,hydro_reservoir,2030,188,5,5,-0.40266984173911524
9678,hydro_reservoir,2030,188,6,6,-0.31378095285022634
9679,hydro_reservoir,2030,188,7,7,-0.22489206396133743
9680,hydro_reservoir,2030,188,8,8,-0.13600317507244852
9681,hydro_reservoir,2030,188,9,9,-0.04711428618355963
9682,hydro_reservoir,2030,188,10,10,0.04177460270532926
9683,hydro_reservoir,2030,188,11,11,0.13066349159421814
9684,hydro_reservoir,2030,188,12,12,0.21955238048310705
9685,hydro_reservoir,2030,188,13,13,0.30844126937199595
9686,hydro_reservoir,2030,188,14,14,0.39733015826088486
9687,hydro_reservoir,2030,188,15,15,0.48621904714977376
9688,hydro_reservoir,2030,188,16,16,0.5751079360386626
9689,hydro_reservoir,2030,188,17,17,0.6639968249275515
9690,hydro_reservoir,2030,188,18,18,0.7528857138164404
9691,hydro_reservoir,2030,188,19,19,0.8417746027053293
9692,hydro_reservoir,2030,188,20,20,0.9306634915942182
9693,hydro_reservoir,2030,188,21,21,1.019552380483107
9694,hydro_reservoir,2030,188,22,22,1.1084412693719958
9695,hydro_reservoir,2030,188,23,23,1.1973301582608846
9696,hydro_reservoir,2030,188,24,24,1.2862190471497734
9697,hydro_reservoir,2030,189,1,1,-0.1952353106974453
9698,hydro_reservoir,2030,189,2,2,-0.15255453468333594
9699,hydro_reservoir,2030,189,3,3,-0.10987375866922658
9700,hydro_reservoir,2030,189,4,4,-0.06719298265511722
9701,hydro_reservoir,2030,189,5,5,-0.024512206641007873
9702,hydro_reservoir,2030,189,6,6,0.018168569373101476
9703,hydro_reservoir,2030,189,7,7,0.060849345387210825
9704,hydro_reservoir,2030,189,8,8,0.10353012140132017
9705,hydro_reservoir,2030,189,9,9,0.14621089741542953
9706,hydro_reservoir,2030,189,10,10,0.1888916734295389
9707,hydro_reservoir,2030,189,11,11,0.23157244944364824
9708,hydro_reservoir,2030,189,12,12,0.2742532254577576
9709,hydro_reservoir,2030,189,13,13,0.31693400147186696
9710,hydro_reservoir,2030,189,14,14,0.314789483058967
9711,hydro_reservoir,2030,189,15,15,0.3207768437835574
9712,hydro_reservoir,2030,189,16,16,0.3475551720336503
9713,hydro_reservoir,2030,189,17,17,0.39023594804775963
9714,hydro_reservoir,2030,189,18,18,0.432916724061869
9715,hydro_reservoir,2030,189,19,19,0.45633568454587253
9716,hydro_reservoir,2030,189,20,20,0.4627757905284384
9717,hydro_reservoir,2030,189,21,21,0.48613017087438637
9718,hydro_reservoir,2030,189,22,22,0.5288109468884957
9719,hydro_reservoir,2030,189,23,23,0.5714917229026051
9720,hydro_reservoir,2030,189,24,24,0.6141724989167144
9721,hydro_reservoir,2030,190,1,1,0.03597883597883598
9722,hydro_reservoir,2030,190,2,2,0.07195767195767196
9723,hydro_reservoir,2030,190,3,3,0.10793650793650794
9724,hydro_reservoir,2030,190,4,4,0.1439153439153439
9725,hydro_reservoir,2030,190,5,5,0.17989417989417988
9726,hydro_reservoir,2030,190,6,6,0.21587301587301586
9727,hydro_reservoir,2030,190,7,7,0.2518518518518518
9728,hydro_reservoir,2030,190,8,8,0.12285630342643267
9729,hydro_reservoir,2030,190,9,9,0.15883513940526864
9730,hydro_reservoir,2030,190,10,10,0.1948139753841046
9731,hydro_reservoir,2030,190,11,11,-0.166103905099641
9732,hydro_reservoir,2030,190,12,12,-0.13012506912080501
9733,hydro_reservoir,2030,190,13,13,-0.09414623314196902
9734,hydro_reservoir,2030,190,14,14,-0.05816739716313302
9735,hydro_reservoir,2030,190,15,15,-0.022188561184297018
9736,hydro_reservoir,2030,190,16,16,0.013790274794538981
9737,hydro_reservoir,2030,190,17,17,0.04976911077337498
9738,hydro_reservoir,2030,190,18,18,0.08574794675221095
9739,hydro_reservoir,2030,190,19,19,0.12172678273104692
9740,hydro_reservoir,2030,190,20,20,0.1577056187098829
9741,hydro_reservoir,2030,190,21,21,0.19368445468871887
9742,hydro_reservoir,2030,190,22,22,0.22966329066755486
9743,hydro_reservoir,2030,190,23,23,0.2656421266463908
9744,hydro_reservoir,2030,190,24,24,0.3016209626252268
9745,hydro_reservoir,2030,191,1,1,-0.0003810055649210789
9746,hydro_reservoir,2030,191,2,2,0.03418689566964682
9747,hydro_reservoir,2030,191,3,3,0.06875479690421471
9748,hydro_reservoir,2030,191,4,4,0.10332269813878261
9749,hydro_reservoir,2030,191,5,5,0.13789059937335052
9750,hydro_reservoir,2030,191,6,6,0.17245850060791842
9751,hydro_reservoir,2030,191,7,7,0.20702640184248633
9752,hydro_reservoir,2030,191,8,8,0.2177997227100224
9753,hydro_reservoir,2030,191,9,9,0.24062774949804955
9754,hydro_reservoir,2030,191,10,10,0.2751956507326175
9755,hydro_reservoir,2030,191,11,11,0.30976355196718536
9756,hydro_reservoir,2030,191,12,12,0.34433145320175323
9757,hydro_reservoir,2030,191,13,13,0.3788993544363211
9758,hydro_reservoir,2030,191,14,14,0.413467255670889
9759,hydro_reservoir,2030,191,15,15,0.44803515690545687
9760,hydro_reservoir,2030,191,16,16,0.48260305814002474
9761,hydro_reservoir,2030,191,17,17,0.5171709593745926
9762,hydro_reservoir,2030,191,18,18,0.5517388606091606
9763,hydro_reservoir,2030,191,19,19,0.5863067618437284
9764,hydro_reservoir,2030,191,20,20,0.6208746630782963
9765,hydro_reservoir,2030,191,21,21,0.6554425643128643
9766,hydro_reservoir,2030,191,22,22,0.6900104655474322
9767,hydro_reservoir,2030,191,23,23,0.724578366782
9768,hydro_reservoir,2030,191,24,24,0.7591462680165679
9769,hydro_reservoir,2030,192,1,1,0.03474426807760141
9770,hydro_reservoir,2030,192,2,2,0.06948853615520283
9771,hydro_reservoir,2030,192,3,3,0.10423280423280423
9772,hydro_reservoir,2030,192,4,4,0.13897707231040565
9773,hydro_reservoir,2030,192,5,5,0.17372134038800707
9774,hydro_reservoir,2030,192,6,6,0.2084656084656085
9775,hydro_reservoir,2030,192,7,7,0.2432098765432099
9776,hydro_reservoir,2030,192,8,8,0.2779541446208113
9777,hydro_reservoir,2030,192,9,9,0.30081336649191737
9778,hydro_reservoir,2030,192,10,10,0.3051662157603418
9779,hydro_reservoir,2030,192,11,11,0.3399104838379432
9780,hydro_reservoir,2030,192,12,12,0.3746547519155446
9781,hydro_reservoir,2030,192,13,13,0.409399019993146
9782,hydro_reservoir,2030,192,14,14,0.42792768141703835
9783,hydro_reservoir,2030,192,15,15,0.46267194949463974
9784,hydro_reservoir,2030,192,16,16,0.49741621757224114
9785,hydro_reservoir,2030,192,17,17,0.5321604856498425
9786,hydro_reservoir,2030,192,18,18,0.566904753727444
9787,hydro_reservoir,2030,192,19,19,0.6016490218050454
9788,hydro_reservoir,2030,192,20,20,0.6363932898826468
9789,hydro_reservoir,2030,192,21,21,0.6711375579602482
9790,hydro_reservoir,2030,192,22,22,0.7058818260378497
9791,hydro_reservoir,2030,192,23,23,0.740626094115451
9792,hydro_reservoir,2030,192,24,24,0.7753703621930524
9793,hydro_reservoir,2030,193,1,1,0.08236331569664904
9794,hydro_reservoir,2030,193,2,2,0.16472663139329807
9795,hydro_reservoir,2030,193,3,3,0.2470899470899471
9796,hydro_reservoir,2030,193,4,4,0.32945326278659615
9797,hydro_reservoir,2030,193,5,5,0.41181657848324515
9798,hydro_reservoir,2030,193,6,6,0.49417989417989416
9799,hydro_reservoir,2030,193,7,7,0.5765432098765432
9800,hydro_reservoir,2030,193,8,8,0.6589065255731922
9801,hydro_reservoir,2030,193,9,9,0.7412698412698412
9802,hydro_reservoir,2030,193,10,10,0.8236331569664902
9803,hydro_reservoir,2030,193,11,11,0.9059964726631392
9804,hydro_reservoir,2030,193,12,12,0.9883597883597882
9805,hydro_reservoir,2030,193,13,13,1.0707231040564373
9806,hydro_reservoir,2030,193,14,14,1.1530864197530863
9807,hydro_reservoir,2030,193,15,15,1.2354497354497354
9808,hydro_reservoir,2030,193,16,16,1.3178130511463844
9809,hydro_reservoir,2030,193,17,17,1.4001763668430334
9810,hydro_reservoir,2030,193,18,18,1.4825396825396824
9811,hydro_reservoir,2030,193,19,19,1.5649029982363314
9812,hydro_reservoir,2030,193,20,20,1.6472663139329804
9813,hydro_reservoir,2030,193,21,21,1.7296296296296294
9814,hydro_reservoir,2030,193,22,22,1.8119929453262784
9815,hydro_reservoir,2030,193,23,23,1.8943562610229274
9816,hydro_reservoir,2030,193,24,24,1.9767195767195764
9817,hydro_reservoir,2030,194,1,1,-0.09552621376905585
9818,hydro_reservoir,2030,194,2,2,-0.18455421999089772
9819,hydro_reservoir,2030,194,3,3,-0.2544404805409073
9820,hydro_reservoir,2030,194,4,4,-0.31547714215514744
9821,hydro_reservoir,2030,194,5,5,-0.36549488081667975
9822,hydro_reservoir,2030,194,6,6,-0.33914402306527036
9823,hydro_reservoir,2030,194,7,7,-0.343933373882007
9824,hydro_reservoir,2030,194,8,8,-0.39584004218421054
9825,hydro_reservoir,2030,194,9,9,-0.49908993872904217
9826,hydro_reservoir,2030,194,10,10,-0.6707384046641067
9827,hydro_reservoir,2030,194,11,11,-0.9011969371347313
9828,hydro_reservoir,2030,194,12,12,-1.1448400894284052
9829,hydro_reservoir,2030,194,13,13,-1.3935837705629592
9830,hydro_reservoir,2030,194,14,14,-1.6249750149930422
9831,hydro_reservoir,2030,194,15,15,-1.8712226767439253
9832,hydro_reservoir,2030,194,16,16,-2.133008637448296
9833,hydro_reservoir,2030,194,17,17,-2.3961663040348657
9834,hydro_reservoir,2030,194,18,18,-2.69465552532964
9835,hydro_reservoir,2030,194,19,19,-3.0176528596267387
9836,hydro_reservoir,2030,194,20,20,-3.289572047463647
9837,hydro_reservoir,2030,194,21,21,-3.521217721897924
9838,hydro_reservoir,2030,194,22,22,-3.6989767954827037
9839,hydro_reservoir,2030,194,23,23,-3.8567643789326755
9840,hydro_reservoir,2030,194,24,24,-3.9714435526630325
9841,hydro_reservoir,2030,195,1,1,0.03139329805996473
9842,hydro_reservoir,2030,195,2,2,0.06278659611992946
9843,hydro_reservoir,2030,195,3,3,0.09417989417989418
9844,hydro_reservoir,2030,195,4,4,0.1255731922398589
9845,hydro_reservoir,2030,195,5,5,0.15696649029982362
9846,hydro_reservoir,2030,195,6,6,0.18835978835978834
9847,hydro_reservoir,2030,195,7,7,0.21975308641975305
9848,hydro_reservoir,2030,195,8,8,0.25114638447971777
9849,hydro_reservoir,2030,195,9,9,0.20956680115675808
9850,hydro_reservoir,2030,195,10,10,0.1174790806603202
9851,hydro_reservoir,2030,195,11,11,-0.029447754895256195
9852,hydro_reservoir,2030,195,12,12,-0.18226747411841837
9853,hydro_reservoir,2030,195,13,13,-0.35660700826539127
9854,hydro_reservoir,2030,195,14,14,-0.5242840276827277
9855,hydro_reservoir,2030,195,15,15,-0.667115384924333
9856,hydro_reservoir,2030,195,16,16,-0.7007636721629296
9857,hydro_reservoir,2030,195,17,17,-0.6693703741029648
9858,hydro_reservoir,2030,195,18,18,-0.6379770760430001
9859,hydro_reservoir,2030,195,19,19,-0.6065837779830354
9860,hydro_reservoir,2030,195,20,20,-0.5751904799230707
9861,hydro_reservoir,2030,195,21,21,-0.543797181863106
9862,hydro_reservoir,2030,195,22,22,-0.5124038838031413
9863,hydro_reservoir,2030,195,23,23,-0.48101058574317657
9864,hydro_reservoir,2030,195,24,24,-0.44961728768321185
9865,hydro_reservoir,2030,196,1,1,0.08306878306878307
9866,hydro_reservoir,2030,196,2,2,0.16613756613756614
9867,hydro_reservoir,2030,196,3,3,0.2492063492063492
9868,hydro_reservoir,2030,196,4,4,0.3322751322751323
9869,hydro_reservoir,2030,196,5,5,0.41534391534391535
9870,hydro_reservoir,2030,196,6,6,0.4984126984126984
9871,hydro_reservoir,2030,196,7,7,0.458531424161144
9872,hydro_reservoir,2030,196,8,8,0.3662283859439649
9873,hydro_reservoir,2030,196,9,9,0.07880543548876257
9874,hydro_reservoir,2030,196,10,10,-0.2395827608875185
9875,hydro_reservoir,2030,196,11,11,-0.5283367798727254
9876,hydro_reservoir,2030,196,12,12,-0.7950589645554098
9877,hydro_reservoir,2030,196,13,13,-0.9761444628801195
9878,hydro_reservoir,2030,196,14,14,-1.0442996622166127
9879,hydro_reservoir,2030,196,15,15,-0.9643595802994676
9880,hydro_reservoir,2030,196,16,16,-0.8812907972306845
9881,hydro_reservoir,2030,196,17,17,-0.7982220141619014
9882,hydro_reservoir,2030,196,18,18,-0.7151532310931183
9883,hydro_reservoir,2030,196,19,19,-0.6320844480243353
9884,hydro_reservoir,2030,196,20,20,-0.5490156649555522
9885,hydro_reservoir,2030,196,21,21,-0.46594688188676914
9886,hydro_reservoir,2030,196,22,22,-0.38287809881798607
9887,hydro_reservoir,2030,196,23,23,-0.299809315749203
9888,hydro_reservoir,2030,196,24,24,-0.21674053268041996
9889,hydro_reservoir,2030,197,1,1,-0.007305267721049301
9890,hydro_reservoir,2030,197,2,2,0.024249140339136162
9891,hydro_reservoir,2030,197,3,3,0.07804102746435662
9892,hydro_reservoir,2030,197,4,4,0.13183291458957708
9893,hydro_reservoir,2030,197,5,5,0.18562480171479753
9894,hydro_reservoir,2030,197,6,6,0.239416688840018
9895,hydro_reservoir,2030,197,7,7,0.29320857596523847
9896,hydro_reservoir,2030,197,8,8,0.34700046309045895
9897,hydro_reservoir,2030,197,9,9,0.40079235021567944
9898,hydro_reservoir,2030,197,10,10,0.41992424062454403
9899,hydro_reservoir,2030,197,11,11,0.4243909823082179
9900,hydro_reservoir,2030,197,12,12,0.4574221026803821
9901,hydro_reservoir,2030,197,13,13,0.47295924348738616
9902,hydro_reservoir,2030,197,14,14,0.5238130032667838
9903,hydro_reservoir,2030,197,15,15,0.5776048903920042
9904,hydro_reservoir,2030,197,16,16,0.6313967775172247
9905,hydro_reservoir,2030,197,17,17,0.6851886646424451
9906,hydro_reservoir,2030,197,18,18,0.7389805517676655
9907,hydro_reservoir,2030,197,19,19,0.7153095732085938
9908,hydro_reservoir,2030,197,20,20,0.6713226391665261
9909,hydro_reservoir,2030,197,21,21,0.6783699525263334
9910,hydro_reservoir,2030,197,22,22,0.7321618396515538
9911,hydro_reservoir,2030,197,23,23,0.7859537267767743
9912,hydro_reservoir,2030,197,24,24,0.8397456139019948
9913,hydro_reservoir,2030,198,1,1,0.07442680776014109
9914,hydro_reservoir,2030,198,2,2,0.14885361552028217
9915,hydro_reservoir,2030,198,3,3,0.22328042328042325
9916,hydro_reservoir,2030,198,4,4,0.29770723104056435
9917,hydro_reservoir,2030,198,5,5,0.37213403880070545
9918,hydro_reservoir,2030,198,6,6,0.44656084656084655
9919,hydro_reservoir,2030,198,7,7,0.5209876543209876
9920,hydro_reservoir,2030,198,8,8,0.5954144620811287
9921,hydro_reservoir,2030,198,9,9,0.6229052714658249
9922,hydro_reservoir,2030,198,10,10,0.5609948674315505
9923,hydro_reservoir,2030,198,11,11,0.43663992058558376
9924,hydro_reservoir,2030,198,12,12,0.2992972946795071
9925,hydro_reservoir,2030,198,13,13,0.13486417598133205
9926,hydro_reservoir,2030,198,14,14,-0.026817227072082284
9927,hydro_reservoir,2030,198,15,15,-0.184100855607792
9928,hydro_reservoir,2030,198,16,16,-0.34551627979993704
9929,hydro_reservoir,2030,198,17,17,-0.5051758346614985
9930,hydro_reservoir,2030,198,18,18,-0.6720629846802109
9931,hydro_reservoir,2030,198,19,19,-0.8313032848187691
9932,hydro_reservoir,2030,198,20,20,-0.9611340135976
9933,hydro_reservoir,2030,198,21,21,-1.0320172404520107
9934,hydro_reservoir,2030,198,22,22,-1.0230864895426206
9935,hydro_reservoir,2030,198,23,23,-1.0776303815748545
9936,hydro_reservoir,2030,198,24,24,-1.0474316525972553
9937,hydro_reservoir,2030,199,1,1,0.04021164021164021
9938,hydro_reservoir,2030,199,2,2,0.08042328042328042
9939,hydro_reservoir,2030,199,3,3,0.12063492063492064
9940,hydro_reservoir,2030,199,4,4,0.14662235080321803
9941,hydro_reservoir,2030,199,5,5,0.1262732933113986
9942,hydro_reservoir,2030,199,6,6,0.16648493352303884
9943,hydro_reservoir,2030,199,7,7,0.176709183893148
9944,hydro_reservoir,2030,199,8,8,0.17447401733923695
9945,hydro_reservoir,2030,199,9,9,0.15337753402174398
9946,hydro_reservoir,2030,199,10,10,0.1337357912199052
9947,hydro_reservoir,2030,199,11,11,0.17394743143154545
9948,hydro_reservoir,2030,199,12,12,0.21415907164318565
9949,hydro_reservoir,2030,199,13,13,0.25437071185482585
9950,hydro_reservoir,2030,199,14,14,0.29458235206646605
9951,hydro_reservoir,2030,199,15,15,0.33479399227810624
9952,hydro_reservoir,2030,199,16,16,0.37500563248974644
9953,hydro_reservoir,2030,199,17,17,0.41521727270138664
9954,hydro_reservoir,2030,199,18,18,0.45542891291302684
9955,hydro_reservoir,2030,199,19,19,0.49564055312466704
9956,hydro_reservoir,2030,199,20,20,0.5358521933363072
9957,hydro_reservoir,2030,199,21,21,0.5760638335479474
9958,hydro_reservoir,2030,199,22,22,0.6162754737595877
9959,hydro_reservoir,2030,199,23,23,0.6564871139712278
9960,hydro_reservoir,2030,199,24,24,0.6966987541828681
9961,hydro_reservoir,2030,200,1,1,-0.061689751860605185
9962,hydro_reservoir,2030,200,2,2,-0.09949649655020287
9963,hydro_reservoir,2030,200,3,3,-0.13255851037574695
9964,hydro_reservoir,2030,200,4,4,-0.1596418766755805
9965,hydro_reservoir,2030,200,5,5,-0.1884211195100507
9966,hydro_reservoir,2030,200,6,6,-0.2094871154806714
9967,hydro_reservoir,2030,200,7,7,-0.25297535253296555
9968,hydro_reservoir,2030,200,8,8,-0.416861308374914
9969,hydro_reservoir,2030,200,9,9,-0.5808047657883838
9970,hydro_reservoir,2030,200,10,10,-0.7311519087863098
9971,hydro_reservoir,2030,200,11,11,-0.860779624337992
9972,hydro_reservoir,2030,200,12,12,-0.9796254417705541
9973,hydro_reservoir,2030,200,13,13,-1.1285434013834905
9974,hydro_reservoir,2030,200,14,14,-1.2588521371834547
9975,hydro_reservoir,2030,200,15,15,-1.3727735845386608
9976,hydro_reservoir,2030,200,16,16,-1.4412826273074228
9977,hydro_reservoir,2030,200,17,17,-1.5407892938135233
9978,hydro_reservoir,2030,200,18,18,-1.7125010167072272
9979,hydro_reservoir,2030,200,19,19,-1.9023291251077596
9980,hydro_reservoir,2030,200,20,20,-2.036923924658778
9981,hydro_reservoir,2030,200,21,21,-2.0318197069487014
9982,hydro_reservoir,2030,200,22,22,-2.0043064794354737
9983,hydro_reservoir,2030,200,23,23,-1.9767932519222462
9984,hydro_reservoir,2030,200,24,24,-1.9492800244090187
9985,hydro_reservoir,2030,201,1,1,0.02821869488536155
9986,hydro_reservoir,2030,201,2,2,0.0564373897707231
9987,hydro_reservoir,2030,201,3,3,0.08465608465608465
9988,hydro_reservoir,2030,201,4,4,0.1128747795414462
9989,hydro_reservoir,2030,201,5,5,0.14109347442680775
9990,hydro_reservoir,2030,201,6,6,0.1693121693121693
9991,hydro_reservoir,2030,201,7,7,0.19753086419753085
9992,hydro_reservoir,2030,201,8,8,0.2257495590828924
9993,hydro_reservoir,2030,201,9,9,0.25396825396825395
9994,hydro_reservoir,2030,201,10,10,0.2821869488536155
9995,hydro_reservoir,2030,201,11,11,0.31040564373897706
9996,hydro_reservoir,2030,201,12,12,0.3386243386243386
9997,hydro_reservoir,2030,201,13,13,0.36684303350970016
9998,hydro_reservoir,2030,201,14,14,0.3950617283950617
9999,hydro_reservoir,2030,201,15,15,0.42328042328042326
10000,hydro_reservoir,2030,201,16,16,0.4514991181657848
10001,hydro_reservoir,2030,201,17,17,0.47971781305114636
10002,hydro_reservoir,2030,201,18,18,0.5079365079365079
10003,hydro_reservoir,2030,201,19,19,0.5361552028218695
10004,hydro_reservoir,2030,201,20,20,0.564373897707231
10005,hydro_reservoir,2030,201,21,21,0.5925925925925926
10006,hydro_reservoir,2030,201,22,22,0.6208112874779541
10007,hydro_reservoir,2030,201,23,23,0.6490299823633157
10008,hydro_reservoir,2030,201,24,24,0.6772486772486772
10009,hydro_reservoir,2030,202,1,1,0.02962962962962963
10010,hydro_reservoir,2030,202,2,2,0.05925925925925926
10011,hydro_reservoir,2030,202,3,3,0.08888888888888889
10012,hydro_reservoir,2030,202,4,4,0.11851851851851852
10013,hydro_reservoir,2030,202,5,5,0.14814814814814814
10014,hydro_reservoir,2030,202,6,6,0.17777777777777776
10015,hydro_reservoir,2030,202,7,7,0.20740740740740737
10016,hydro_reservoir,2030,202,8,8,0.237037037037037
10017,hydro_reservoir,2030,202,9,9,0.2367905141652103
10018,hydro_reservoir,2030,202,10,10,0.1774124740323362
10019,hydro_reservoir,2030,202,11,11,0.08067643130993726
10020,hydro_reservoir,2030,202,12,12,-0.07133456202764177
10021,hydro_reservoir,2030,202,13,13,-0.2851602981952132
10022,hydro_reservoir,2030,202,14,14,-0.4763214289485532
10023,hydro_reservoir,2030,202,15,15,-0.6406099345020863
10024,hydro_reservoir,2030,202,16,16,-0.7316661004143477
10025,hydro_reservoir,2030,202,17,17,-0.7585375942620274
10026,hydro_reservoir,2030,202,18,18,-0.7289079646323977
10027,hydro_reservoir,2030,202,19,19,-0.6992783350027681
10028,hydro_reservoir,2030,202,20,20,-0.6696487053731386
10029,hydro_reservoir,2030,202,21,21,-0.6400190757435089
10030,hydro_reservoir,2030,202,22,22,-0.6103894461138792
10031,hydro_reservoir,2030,202,23,23,-0.5807598164842497
10032,hydro_reservoir,2030,202,24,24,-0.55113018685462
10033,hydro_reservoir,2030,203,1,1,0.02962962962962963
10034,hydro_reservoir,2030,203,2,2,0.05925925925925926
10035,hydro_reservoir,2030,203,3,3,0.08888888888888889
10036,hydro_reservoir,2030,203,4,4,0.11851851851851852
10037,hydro_reservoir,2030,203,5,5,0.14814814814814814
10038,hydro_reservoir,2030,203,6,6,0.17777777777777776
10039,hydro_reservoir,2030,203,7,7,0.20740740740740737
10040,hydro_reservoir,2030,203,8,8,0.237037037037037
10041,hydro_reservoir,2030,203,9,9,0.2666666666666666
10042,hydro_reservoir,2030,203,10,10,0.2962962962962962
10043,hydro_reservoir,2030,203,11,11,0.32592592592592584
10044,hydro_reservoir,2030,203,12,12,0.35555555555555546
10045,hydro_reservoir,2030,203,13,13,0.3851851851851851
10046,hydro_reservoir,2030,203,14,14,0.4148148148148147
10047,hydro_reservoir,2030,203,15,15,0.4444444444444443
10048,hydro_reservoir,2030,203,16,16,0.4740740740740739
10049,hydro_reservoir,2030,203,17,17,0.5037037037037035
10050,hydro_reservoir,2030,203,18,18,0.5333333333333332
10051,hydro_reservoir,2030,203,19,19,0.5629629629629629
10052,hydro_reservoir,2030,203,20,20,0.5925925925925926
10053,hydro_reservoir,2030,203,21,21,0.6222222222222222
10054,hydro_reservoir,2030,203,22,22,0.6518518518518519
10055,hydro_reservoir,2030,203,23,23,0.6814814814814816
10056,hydro_reservoir,2030,203,24,24,0.7111111111111112
10057,hydro_reservoir,2030,204,1,1,0.040035273368606704
10058,hydro_reservoir,2030,204,2,2,0.08007054673721341
10059,hydro_reservoir,2030,204,3,3,0.1201058201058201
10060,hydro_reservoir,2030,204,4,4,0.16014109347442682
10061,hydro_reservoir,2030,204,5,5,0.20017636684303353
10062,hydro_reservoir,2030,204,6,6,0.24021164021164024
10063,hydro_reservoir,2030,204,7,7,0.28024691358024695
10064,hydro_reservoir,2030,204,8,8,0.32028218694885363
10065,hydro_reservoir,2030,204,9,9,0.3603174603174603
10066,hydro_reservoir,2030,204,10,10,0.400352733686067
10067,hydro_reservoir,2030,204,11,11,0.4403880070546737
10068,hydro_reservoir,2030,204,12,12,0.48042328042328036
10069,hydro_reservoir,2030,204,13,13,0.5204585537918871
10070,hydro_reservoir,2030,204,14,14,0.5604938271604938
10071,hydro_reservoir,2030,204,15,15,0.6005291005291005
10072,hydro_reservoir,2030,204,16,16,0.6405643738977072
10073,hydro_reservoir,2030,204,17,17,0.6805996472663138
10074,hydro_reservoir,2030,204,18,18,0.7206349206349205
10075,hydro_reservoir,2030,204,19,19,0.7606701940035272
10076,hydro_reservoir,2030,204,20,20,0.7663768256953563
10077,hydro_reservoir,2030,204,21,21,0.7469541565398163
10078,hydro_reservoir,2030,204,22,22,0.7660654842540102
10079,hydro_reservoir,2030,204,23,23,0.7220091807754488
10080,hydro_reservoir,2030,204,24,24,0.7024992406515658
10081,hydro_reservoir,2030,205,1,1,0.02945326278659612
10082,hydro_reservoir,2030,205,2,2,0.05890652557319224
10083,hydro_reservoir,2030,205,3,3,0.08835978835978836
10084,hydro_reservoir,2030,205,4,4,0.11781305114638448
10085,hydro_reservoir,2030,205,5,5,0.1472663139329806
10086,hydro_reservoir,2030,205,6,6,0.17671957671957672
10087,hydro_reservoir,2030,205,7,7,0.20617283950617285
10088,hydro_reservoir,2030,205,8,8,0.23562610229276898
10089,hydro_reservoir,2030,205,9,9,0.2650793650793651
10090,hydro_reservoir,2030,205,10,10,0.2945326278659612
10091,hydro_reservoir,2030,205,11,11,0.3239858906525573
10092,hydro_reservoir,2030,205,12,12,0.3534391534391534
10093,hydro_reservoir,2030,205,13,13,0.3828924162257495
10094,hydro_reservoir,2030,205,14,14,0.4123456790123456
10095,hydro_reservoir,2030,205,15,15,0.4417989417989417
10096,hydro_reservoir,2030,205,16,16,0.4712522045855378
10097,hydro_reservoir,2030,205,17,17,0.500705467372134
10098,hydro_reservoir,2030,205,18,18,0.53015873015873
10099,hydro_reservoir,2030,205,19,19,0.5596119929453262
10100,hydro_reservoir,2030,205,20,20,0.5890652557319223
10101,hydro_reservoir,2030,205,21,21,0.6185185185185184
10102,hydro_reservoir,2030,205,22,22,0.6479717813051145
10103,hydro_reservoir,2030,205,23,23,0.6774250440917106
10104,hydro_reservoir,2030,205,24,24,0.7068783068783067
10105,hydro_reservoir,2030,206,1,1,0.025749559082892417
10106,hydro_reservoir,2030,206,2,2,0.051499118165784834
10107,hydro_reservoir,2030,206,3,3,0.07724867724867725
10108,hydro_reservoir,2030,206,4,4,0.10299823633156967
10109,hydro_reservoir,2030,206,5,5,0.12874779541446207
10110,hydro_reservoir,2030,206,6,6,0.1544973544973545
10111,hydro_reservoir,2030,206,7,7,0.18024691358024691
10112,hydro_reservoir,2030,206,8,8,0.20599647266313934
10113,hydro_reservoir,2030,206,9,9,0.23174603174603176
10114,hydro_reservoir,2030,206,10,10,0.21854524744668324
10115,hydro_reservoir,2030,206,11,11,0.16899913181619125
10116,hydro_reservoir,2030,206,12,12,0.11202808433099108
10117,hydro_reservoir,2030,206,13,13,0.003800975254194533
10118,hydro_reservoir,2030,206,14,14,-0.11565690202569365
10119,hydro_reservoir,2030,206,15,15,-0.23127529967753488
10120,hydro_reservoir,2030,206,16,16,-0.3034327155310488
10121,hydro_reservoir,2030,206,17,17,-0.32697634353335614
10122,hydro_reservoir,2030,206,18,18,-0.3121737011125558
10123,hydro_reservoir,2030,206,19,19,-0.29958294281644454
10124,hydro_reservoir,2030,206,20,20,-0.27383338373355215
10125,hydro_reservoir,2030,206,21,21,-0.2480838246506597
10126,hydro_reservoir,2030,206,22,22,-0.2223342655677673
10127,hydro_reservoir,2030,206,23,23,-0.1965847064848749
10128,hydro_reservoir,2030,206,24,24,-0.17083514740198247
10129,hydro_reservoir,2030,207,1,1,0.026807760141093474
10130,hydro_reservoir,2030,207,2,2,0.05361552028218695
10131,hydro_reservoir,2030,207,3,3,0.08042328042328042
10132,hydro_reservoir,2030,207,4,4,0.1072310405643739
10133,hydro_reservoir,2030,207,5,5,0.13403880070546736
10134,hydro_reservoir,2030,207,6,6,0.16084656084656085
10135,hydro_reservoir,2030,207,7,7,0.18765432098765433
10136,hydro_reservoir,2030,207,8,8,0.21446208112874782
10137,hydro_reservoir,2030,207,9,9,0.2412698412698413
10138,hydro_reservoir,2030,207,10,10,0.2680776014109348
10139,hydro_reservoir,2030,207,11,11,0.29488536155202827
10140,hydro_reservoir,2030,207,12,12,0.32169312169312175
10141,hydro_reservoir,2030,207,13,13,0.34850088183421524
10142,hydro_reservoir,2030,207,14,14,0.3753086419753087
10143,hydro_reservoir,2030,207,15,15,0.4021164021164022
10144,hydro_reservoir,2030,207,16,16,0.4289241622574957
10145,hydro_reservoir,2030,207,17,17,0.4557319223985892
10146,hydro_reservoir,2030,207,18,18,0.48253968253968266
10147,hydro_reservoir,2030,207,19,19,0.5093474426807761
10148,hydro_reservoir,2030,207,20,20,0.5166413983923857
10149,hydro_reservoir,2030,207,21,21,0.4612374421445084
10150,hydro_reservoir,2030,207,22,22,0.40142543920775653
10151,hydro_reservoir,2030,207,23,23,0.35894137135598714
10152,hydro_reservoir,2030,207,24,24,0.33989403006366814
10153,hydro_reservoir,2030,208,1,1,0.07442680776014109
10154,hydro_reservoir,2030,208,2,2,0.14885361552028217
10155,hydro_reservoir,2030,208,3,3,0.22328042328042325
10156,hydro_reservoir,2030,208,4,4,0.29770723104056435
10157,hydro_reservoir,2030,208,5,5,0.37213403880070545
10158,hydro_reservoir,2030,208,6,6,0.44656084656084655
10159,hydro_reservoir,2030,208,7,7,0.5209876543209876
10160,hydro_reservoir,2030,208,8,8,0.5839034642720702
10161,hydro_reservoir,2030,208,9,9,0.61863179265483
10162,hydro_reservoir,2030,208,10,10,0.6485742727314143
10163,hydro_reservoir,2030,208,11,11,0.6773664027279784
10164,hydro_reservoir,2030,208,12,12,0.7102314003108037
10165,hydro_reservoir,2030,208,13,13,0.7416912276967367
10166,hydro_reservoir,2030,208,14,14,0.7883820088900663
10167,hydro_reservoir,2030,208,15,15,0.8628088166502074
10168,hydro_reservoir,2030,208,16,16,0.9372356244103485
10169,hydro_reservoir,2030,208,17,17,1.0116624321704895
10170,hydro_reservoir,2030,208,18,18,1.0860892399306306
10171,hydro_reservoir,2030,208,19,19,1.1605160476907717
10172,hydro_reservoir,2030,208,20,20,1.2349428554509128
10173,hydro_reservoir,2030,208,21,21,1.3093696632110539
10174,hydro_reservoir,2030,208,22,22,1.383796470971195
10175,hydro_reservoir,2030,208,23,23,1.458223278731336
10176,hydro_reservoir,2030,208,24,24,1.5326500864914772
10177,hydro_reservoir,2030,209,1,1,0.013853165047780044
10178,hydro_reservoir,2030,209,2,2,0.07589575419522676
10179,hydro_reservoir,2030,209,3,3,0.09340405541036678
10180,hydro_reservoir,2030,209,4,4,0.16095255629220095
10181,hydro_reservoir,2030,209,5,5,0.22850105717403513
10182,hydro_reservoir,2030,209,6,6,0.2960495580558693
10183,hydro_reservoir,2030,209,7,7,0.36359805893770347
10184,hydro_reservoir,2030,209,8,8,0.43114655981953764
10185,hydro_reservoir,2030,209,9,9,0.4986950607013718
10186,hydro_reservoir,2030,209,10,10,0.5662435615832061
10187,hydro_reservoir,2030,209,11,11,0.6337920624650403
10188,hydro_reservoir,2030,209,12,12,0.7013405633468744
10189,hydro_reservoir,2030,209,13,13,0.7688890642287086
10190,hydro_reservoir,2030,209,14,14,0.8364375651105428
10191,hydro_reservoir,2030,209,15,15,0.903986065992377
10192,hydro_reservoir,2030,209,16,16,0.9715345668742111
10193,hydro_reservoir,2030,209,17,17,1.0390830677560454
10194,hydro_reservoir,2030,209,18,18,1.1066315686378796
10195,hydro_reservoir,2030,209,19,19,1.1741800695197138
10196,hydro_reservoir,2030,209,20,20,1.241728570401548
10197,hydro_reservoir,2030,209,21,21,1.309277071283382
10198,hydro_reservoir,2030,209,22,22,1.3768255721652165
10199,hydro_reservoir,2030,209,23,23,1.4443740730470507
10200,hydro_reservoir,2030,209,24,24,1.5119225739288848
10201,hydro_reservoir,2030,210,1,1,0.026455026455026454
10202,hydro_reservoir,2030,210,2,2,0.05291005291005291
10203,hydro_reservoir,2030,210,3,3,0.07936507936507936
10204,hydro_reservoir,2030,210,4,4,0.10582010582010581
10205,hydro_reservoir,2030,210,5,5,0.13227513227513227
10206,hydro_reservoir,2030,210,6,6,0.15873015873015872
10207,hydro_reservoir,2030,210,7,7,0.18518518518518517
10208,hydro_reservoir,2030,210,8,8,0.21164021164021163
10209,hydro_reservoir,2030,210,9,9,0.23809523809523808
10210,hydro_reservoir,2030,210,10,10,0.26455026455026454
10211,hydro_reservoir,2030,210,11,11,0.291005291005291
10212,hydro_reservoir,2030,210,12,12,0.31746031746031744
10213,hydro_reservoir,2030,210,13,13,0.3439153439153439
10214,hydro_reservoir,2030,210,14,14,0.37037037037037035
10215,hydro_reservoir,2030,210,15,15,0.3968253968253968
10216,hydro_reservoir,2030,210,16,16,0.42328042328042326
10217,hydro_reservoir,2030,210,17,17,0.4497354497354497
10218,hydro_reservoir,2030,210,18,18,0.47619047619047616
10219,hydro_reservoir,2030,210,19,19,0.5026455026455026
10220,hydro_reservoir,2030,210,20,20,0.5291005291005291
10221,hydro_reservoir,2030,210,21,21,0.5555555555555556
10222,hydro_reservoir,2030,210,22,22,0.5820105820105821
10223,hydro_reservoir,2030,210,23,23,0.6084656084656086
10224,hydro_reservoir,2030,210,24,24,0.6349206349206351
10225,hydro_reservoir,2030,211,1,1,0.05714285714285714
10226,hydro_reservoir,2030,211,2,2,0.11428571428571428
10227,hydro_reservoir,2030,211,3,3,0.17142857142857143
10228,hydro_reservoir,2030,211,4,4,0.22857142857142856
10229,hydro_reservoir,2030,211,5,5,0.2857142857142857
10230,hydro_reservoir,2030,211,6,6,0.34285714285714286
10231,hydro_reservoir,2030,211,7,7,0.4
10232,hydro_reservoir,2030,211,8,8,0.4571428571428572
10233,hydro_reservoir,2030,211,9,9,0.5142857142857143
10234,hydro_reservoir,2030,211,10,10,0.5714285714285715
10235,hydro_reservoir,2030,211,11,11,0.6285714285714287
10236,hydro_reservoir,2030,211,12,12,0.6857142857142858
10237,hydro_reservoir,2030,211,13,13,0.742857142857143
10238,hydro_reservoir,2030,211,14,14,0.8000000000000002
10239,hydro_reservoir,2030,211,15,15,0.8571428571428573
10240,hydro_reservoir,2030,211,16,16,0.9142857142857145
10241,hydro_reservoir,2030,211,17,17,0.9714285714285716
10242,hydro_reservoir,2030,211,18,18,1.0285714285714287
10243,hydro_reservoir,2030,211,19,19,1.0857142857142859
10244,hydro_reservoir,2030,211,20,20,1.142857142857143
10245,hydro_reservoir,2030,211,21,21,1.2000000000000002
10246,hydro_reservoir,2030,211,22,22,1.2571428571428573
10247,hydro_reservoir,2030,211,23,23,1.3142857142857145
10248,hydro_reservoir,2030,211,24,24,1.3714285714285717
10249,hydro_reservoir,2030,212,1,1,0.011332736969691778
10250,hydro_reservoir,2030,212,2,2,0.028482824134104075
10251,hydro_reservoir,2030,212,3,3,0.050401370527690656
10252,hydro_reservoir,2030,212,4,4,0.06635419975398442
10253,hydro_reservoir,2030,212,5,5,0.09122192462170929
10254,hydro_reservoir,2030,212,6,6,0.11608964948943416
10255,hydro_reservoir,2030,212,7,7,0.14095737435715902
10256,hydro_reservoir,2030,212,8,8,0.16397911551645342
10257,hydro_reservoir,2030,212,9,9,0.1481284458855204
10258,hydro_reservoir,2030,212,10,10,0.13009388472744948
10259,hydro_reservoir,2030,212,11,11,0.15496160959517435
10260,hydro_reservoir,2030,212,12,12,0.17982933446289923
10261,hydro_reservoir,2030,212,13,13,0.2046970593306241
10262,hydro_reservoir,2030,212,14,14,0.22956478419834894
10263,hydro_reservoir,2030,212,15,15,0.25443250906607384
10264,hydro_reservoir,2030,212,16,16,0.27930023393379866
10265,hydro_reservoir,2030,212,17,17,0.3041679588015236
10266,hydro_reservoir,2030,212,18,18,0.3290356836692484
10267,hydro_reservoir,2030,212,19,19,0.3539034085369733
10268,hydro_reservoir,2030,212,20,20,0.37877113340469815
10269,hydro_reservoir,2030,212,21,21,0.403638858272423
10270,hydro_reservoir,2030,212,22,22,0.4285065831401479
10271,hydro_reservoir,2030,212,23,23,0.45337430800787276
10272,hydro_reservoir,2030,212,24,24,0.47824203287559763
10273,hydro_reservoir,2030,213,1,1,0.02945326278659612
10274,hydro_reservoir,2030,213,2,2,0.05890652557319224
10275,hydro_reservoir,2030,213,3,3,0.08835978835978836
10276,hydro_reservoir,2030,213,4,4,0.11781305114638448
10277,hydro_reservoir,2030,213,5,5,0.1472663139329806
10278,hydro_reservoir,2030,213,6,6,0.17671957671957672
10279,hydro_reservoir,2030,213,7,7,0.20617283950617285
10280,hydro_reservoir,2030,213,8,8,0.23562610229276898
10281,hydro_reservoir,2030,213,9,9,0.2650793650793651
10282,hydro_reservoir,2030,213,10,10,0.2945326278659612
10283,hydro_reservoir,2030,213,11,11,0.3239858906525573
10284,hydro_reservoir,2030,213,12,12,0.3534391534391534
10285,hydro_reservoir,2030,213,13,13,0.3828924162257495
10286,hydro_reservoir,2030,213,14,14,0.4123456790123456
10287,hydro_reservoir,2030,213,15,15,0.4417989417989417
10288,hydro_reservoir,2030,213,16,16,0.4712522045855378
10289,hydro_reservoir,2030,213,17,17,0.500705467372134
10290,hydro_reservoir,2030,213,18,18,0.53015873015873
10291,hydro_reservoir,2030,213,19,19,0.5596119929453262
10292,hydro_reservoir,2030,213,20,20,0.5890652557319223
10293,hydro_reservoir,2030,213,21,21,0.6185185185185184
10294,hydro_reservoir,2030,213,22,22,0.6479717813051145
10295,hydro_reservoir,2030,213,23,23,0.6774250440917106
10296,hydro_reservoir,2030,213,24,24,0.7068783068783067
10297,hydro_reservoir,2030,214,1,1,0.08253968253968254
10298,hydro_reservoir,2030,214,2,2,0.16507936507936508
10299,hydro_reservoir,2030,214,3,3,0.24761904761904763
10300,hydro_reservoir,2030,214,4,4,0.33015873015873015
10301,hydro_reservoir,2030,214,5,5,0.4126984126984127
10302,hydro_reservoir,2030,214,6,6,0.4952380952380952
10303,hydro_reservoir,2030,214,7,7,0.5777777777777777
10304,hydro_reservoir,2030,214,8,8,0.6603174603174603
10305,hydro_reservoir,2030,214,9,9,0.7428571428571429
10306,hydro_reservoir,2030,214,10,10,0.8253968253968255
10307,hydro_reservoir,2030,214,11,11,0.907936507936508
10308,hydro_reservoir,2030,214,12,12,0.9904761904761906
10309,hydro_reservoir,2030,214,13,13,1.0730158730158732
10310,hydro_reservoir,2030,214,14,14,1.1555555555555557
10311,hydro_reservoir,2030,214,15,15,1.2380952380952381
10312,hydro_reservoir,2030,214,16,16,1.2476844974587775
10313,hydro_reservoir,2030,214,17,17,1.181656511990828
10314,hydro_reservoir,2030,214,18,18,1.1012183165602374
10315,hydro_reservoir,2030,214,19,19,1.0490479732054985
10316,hydro_reservoir,2030,214,20,20,1.0430824614003944
10317,hydro_reservoir,2030,214,21,21,1.1050938647688886
10318,hydro_reservoir,2030,214,22,22,1.187633547308571
10319,hydro_reservoir,2030,214,23,23,1.2701732298482538
10320,hydro_reservoir,2030,214,24,24,1.3527129123879362
10321,hydro_reservoir,2030,215,1,1,0.03192239858906525
10322,hydro_reservoir,2030,215,2,2,0.0638447971781305
10323,hydro_reservoir,2030,215,3,3,0.09576719576719575
10324,hydro_reservoir,2030,215,4,4,0.127689594356261
10325,hydro_reservoir,2030,215,5,5,0.15961199294532627
10326,hydro_reservoir,2030,215,6,6,0.19153439153439153
10327,hydro_reservoir,2030,215,7,7,0.2234567901234568
10328,hydro_reservoir,2030,215,8,8,0.255379188712522
10329,hydro_reservoir,2030,215,9,9,0.21419739660034115
10330,hydro_reservoir,2030,215,10,10,0.12801721296398894
10331,hydro_reservoir,2030,215,11,11,-0.037091526273818204
10332,hydro_reservoir,2030,215,12,12,-0.1892667087638944
10333,hydro_reservoir,2030,215,13,13,-0.3689409698780228
10334,hydro_reservoir,2030,215,14,14,-0.5812309080276835
10335,hydro_reservoir,2030,215,15,15,-0.8100491879014392
10336,hydro_reservoir,2030,215,16,16,-1.0039538428788188
10337,hydro_reservoir,2030,215,17,17,-1.1310086028869182
10338,hydro_reservoir,2030,215,18,18,-1.2793893364930509
10339,hydro_reservoir,2030,215,19,19,-1.4329402719593556
10340,hydro_reservoir,2030,215,20,20,-1.584844333710355
10341,hydro_reservoir,2030,215,21,21,-1.6995863877720216
10342,hydro_reservoir,2030,215,22,22,-1.7513769580881058
10343,hydro_reservoir,2030,215,23,23,-1.8354805166603148
10344,hydro_reservoir,2030,215,24,24,-1.8498943783230528
10345,hydro_reservoir,2030,216,1,1,0.028042328042328042
10346,hydro_reservoir,2030,216,2,2,0.056084656084656084
10347,hydro_reservoir,2030,216,3,3,0.08412698412698413
10348,hydro_reservoir,2030,216,4,4,0.11216931216931217
10349,hydro_reservoir,2030,216,5,5,0.1402116402116402
10350,hydro_reservoir,2030,216,6,6,0.16825396825396824
10351,hydro_reservoir,2030,216,7,7,0.19629629629629627
10352,hydro_reservoir,2030,216,8,8,0.2243386243386243
10353,hydro_reservoir,2030,216,9,9,0.2523809523809524
10354,hydro_reservoir,2030,216,10,10,0.2804232804232804
10355,hydro_reservoir,2030,216,11,11,0.30846560846560844
10356,hydro_reservoir,2030,216,12,12,0.3365079365079365
10357,hydro_reservoir,2030,216,13,13,0.3645502645502645
10358,hydro_reservoir,2030,216,14,14,0.39259259259259255
10359,hydro_reservoir,2030,216,15,15,0.4206349206349206
10360,hydro_reservoir,2030,216,16,16,0.4486772486772486
10361,hydro_reservoir,2030,216,17,17,0.47671957671957665
10362,hydro_reservoir,2030,216,18,18,0.5047619047619047
10363,hydro_reservoir,2030,216,19,19,0.5328042328042328
10364,hydro_reservoir,2030,216,20,20,0.5608465608465609
10365,hydro_reservoir,2030,216,21,21,0.588888888888889
10366,hydro_reservoir,2030,216,22,22,0.6169312169312171
10367,hydro_reservoir,2030,216,23,23,0.6449735449735452
10368,hydro_reservoir,2030,216,24,24,0.6730158730158733
