id,asset,milestone_year,scenario,period_block_start,period_block_end,solution,dual_balance_storage_inter_period,dual_max_storage_level_inter_period_limit,dual_min_storage_level_inter_period_limit
1,h2_storage,2030,30,1,1,,-0.0404999999999954,0.0,0.0
2,h2_storage,2030,30,2,2,,-0.040499999999999925,0.0,0.0
3,h2_storage,2030,30,3,3,,-0.040499999999999925,0.0,0.0
4,h2_storage,2030,30,4,4,,-0.040499999999999925,0.0,0.0
5,h2_storage,2030,30,5,5,,-0.040499999999999925,0.0,0.0
6,h2_storage,2030,30,6,6,,-0.040499999999999925,0.0,0.0
7,h2_storage,2030,30,7,7,,-0.040499999999999925,0.0,0.0
8,h2_storage,2030,30,8,8,,-0.040499999999999925,0.0,0.0
9,h2_storage,2030,30,9,9,,-0.040499999999999925,0.0,0.0
10,h2_storage,2030,30,10,10,,-0.040499999999999925,0.0,0.0
11,h2_storage,2030,30,11,11,,-0.040499999999999925,0.0,0.0
12,h2_storage,2030,30,12,12,,-0.040499999999999925,0.0,0.0
13,h2_storage,2030,30,13,13,,-0.040499999999999925,0.0,0.0
14,h2_storage,2030,30,14,14,,-0.040499999999999925,0.0,0.0
15,h2_storage,2030,30,15,15,,-0.040499999999999925,0.0,0.0
16,h2_storage,2030,30,16,16,,-0.040499999999999925,0.0,0.0
17,h2_storage,2030,30,17,17,,-0.040499999999999925,0.0,0.0
18,h2_storage,2030,30,18,18,,-0.040499999999999925,0.0,0.0
19,h2_storage,2030,30,19,19,,-0.040499999999999925,0.0,0.0
20,h2_storage,2030,30,20,20,,-0.040499999999999925,0.0,0.0
21,h2_storage,2030,30,21,21,,-0.040499999999999925,0.0,0.0
22,h2_storage,2030,30,22,22,,-0.040499999999999925,0.0,0.0
23,h2_storage,2030,30,23,23,,-0.040500000000000175,0.0,0.0
24,h2_storage,2030,30,24,24,,-0.040500000000000175,0.0,0.0
25,h2_storage,2030,30,25,25,,-0.04050000000000001,0.0,0.0
26,h2_storage,2030,30,26,26,,-0.04050000000000001,0.0,0.0
27,h2_storage,2030,30,27,27,,-0.04050000000000001,0.0,0.0
28,h2_storage,2030,30,28,28,,-0.04050000000000001,0.0,0.0
29,h2_storage,2030,30,29,29,,-0.04050000000000001,0.0,0.0
30,h2_storage,2030,30,30,30,,-0.04050000000000001,0.0,0.0
31,h2_storage,2030,30,31,31,,-0.04050000000000001,0.0,0.0
32,h2_storage,2030,30,32,32,,-0.04050000000000001,0.0,0.0
33,h2_storage,2030,30,33,33,,-0.04050000000000001,0.0,0.0
34,h2_storage,2030,30,34,34,,-0.04050000000000001,0.0,0.0
35,h2_storage,2030,30,35,35,,-0.04050000000000001,0.0,0.0
36,h2_storage,2030,30,36,36,,-0.04050000000000001,0.0,0.0
37,h2_storage,2030,30,37,37,,-0.04050000000000001,0.0,0.0
38,h2_storage,2030,30,38,38,,-0.04050000000000001,0.0,0.0
39,h2_storage,2030,30,39,39,,-0.04050000000000001,0.0,0.0
40,h2_storage,2030,30,40,40,,-0.04050000000000001,0.0,0.0
41,h2_storage,2030,30,41,41,,-0.04050000000000001,0.0,0.0
42,h2_storage,2030,30,42,42,,-0.04050000000000001,0.0,0.0
43,h2_storage,2030,30,43,43,,-0.04050000000000001,0.0,0.0
44,h2_storage,2030,30,44,44,,-0.04050000000000001,0.0,0.0
45,h2_storage,2030,30,45,45,,-0.04050000000000001,0.0,0.0
46,h2_storage,2030,30,46,46,,-0.04050000000000001,0.0,0.0
47,h2_storage,2030,30,47,47,,-0.04050000000000001,0.0,0.0
48,h2_storage,2030,30,48,48,,-0.04050000000000001,0.0,0.0
49,h2_storage,2030,30,49,49,,-0.04050000000000001,0.0,0.0
50,h2_storage,2030,30,50,50,,-0.04050000000000001,0.0,0.0
51,h2_storage,2030,30,51,51,,-0.04050000000000001,0.0,0.0
52,h2_storage,2030,30,52,52,,-0.04050000000000001,0.0,0.0
53,h2_storage,2030,30,53,53,,-0.04050000000000001,0.0,0.0
54,h2_storage,2030,30,54,54,,-0.04050000000000001,0.0,0.0
55,h2_storage,2030,30,55,55,,-0.04050000000000001,0.0,0.0
56,h2_storage,2030,30,56,56,,-0.04050000000000001,0.0,0.0
57,h2_storage,2030,30,57,57,,-0.04050000000000001,0.0,0.0
58,h2_storage,2030,30,58,58,,-0.04050000000000001,0.0,0.0
59,h2_storage,2030,30,59,59,,-0.04050000000000001,0.0,0.0
60,h2_storage,2030,30,60,60,,-0.04050000000000001,0.0,0.0
61,h2_storage,2030,30,61,61,,-0.04050000000000001,0.0,0.0
62,h2_storage,2030,30,62,62,,-0.04050000000000001,0.0,0.0
63,h2_storage,2030,30,63,63,,-0.04050000000000001,0.0,0.0
64,h2_storage,2030,30,64,64,,-0.04050000000000001,0.0,0.0
65,h2_storage,2030,30,65,65,,-0.04050000000000001,0.0,0.0
66,h2_storage,2030,30,66,66,,-0.04050000000000001,0.0,0.0
67,h2_storage,2030,30,67,67,,-0.04050000000000001,0.0,0.0
68,h2_storage,2030,30,68,68,,-0.04050000000000001,0.0,0.0
69,h2_storage,2030,30,69,69,,-0.04050000000000001,0.0,0.0
70,h2_storage,2030,30,70,70,,-0.04050000000000001,0.0,0.0
71,h2_storage,2030,30,71,71,,-0.04050000000000001,0.0,0.0
72,h2_storage,2030,30,72,72,,-0.04050000000000001,0.0,0.0
73,h2_storage,2030,30,73,73,,-0.04050000000000001,0.0,0.0
74,h2_storage,2030,30,74,74,,-0.04050000000000001,0.0,0.0
75,h2_storage,2030,30,75,75,,-0.04050000000000001,0.0,0.0
76,h2_storage,2030,30,76,76,,-0.04050000000000001,0.0,0.0
77,h2_storage,2030,30,77,77,,-0.04050000000000001,0.0,0.0
78,h2_storage,2030,30,78,78,,-0.04050000000000001,0.0,0.0
79,h2_storage,2030,30,79,79,,-0.04050000000000001,0.0,0.0
80,h2_storage,2030,30,80,80,,-0.04050000000000001,0.0,0.0
81,h2_storage,2030,30,81,81,,-0.04050000000000001,0.0,0.0
82,h2_storage,2030,30,82,82,,-0.04050000000000001,0.0,0.0
83,h2_storage,2030,30,83,83,,-0.04050000000000001,0.0,0.0
84,h2_storage,2030,30,84,84,,-0.04050000000000001,0.0,0.0
85,h2_storage,2030,30,85,85,,-0.04050000000000001,0.0,0.0
86,h2_storage,2030,30,86,86,,-0.04050000000000001,0.0,0.0
87,h2_storage,2030,30,87,87,,-0.04050000000000001,0.0,0.0
88,h2_storage,2030,30,88,88,,-0.04050000000000001,0.0,0.0
89,h2_storage,2030,30,89,89,,-0.04050000000000001,0.0,0.0
90,h2_storage,2030,30,90,90,,-0.04050000000000001,0.0,0.0
91,h2_storage,2030,30,91,91,,-0.04050000000000001,0.0,0.0
92,h2_storage,2030,30,92,92,,-0.04050000000000001,0.0,0.0
93,h2_storage,2030,30,93,93,,-0.04050000000000001,0.0,0.0
94,h2_storage,2030,30,94,94,,-0.04050000000000001,0.0,0.0
95,h2_storage,2030,30,95,95,,-0.04050000000000001,0.0,0.0
96,h2_storage,2030,30,96,96,,-0.04050000000000001,0.0,0.0
97,h2_storage,2030,30,97,97,,-0.04050000000000001,0.0,0.0
98,h2_storage,2030,30,98,98,,-0.04050000000000001,0.0,0.0
99,h2_storage,2030,30,99,99,,-0.04050000000000001,0.0,0.0
100,h2_storage,2030,30,100,100,,-0.04050000000000001,0.0,0.0
101,h2_storage,2030,30,101,101,,-0.04050000000000001,0.0,0.0
102,h2_storage,2030,30,102,102,,-0.04050000000000001,0.0,0.0
103,h2_storage,2030,30,103,103,,-0.04050000000000001,0.0,0.0
104,h2_storage,2030,30,104,104,,-0.04050000000000001,0.0,0.0
105,h2_storage,2030,30,105,105,,-0.04050000000000001,0.0,0.0
106,h2_storage,2030,30,106,106,,-0.04050000000000001,0.0,0.0
107,h2_storage,2030,30,107,107,,-0.04050000000000001,0.0,0.0
108,h2_storage,2030,30,108,108,,-0.04050000000000001,0.0,0.0
109,h2_storage,2030,30,109,109,,-0.04050000000000001,0.0,0.0
110,h2_storage,2030,30,110,110,,-0.04050000000000001,0.0,0.0
111,h2_storage,2030,30,111,111,,-0.04050000000000001,0.0,0.0
112,h2_storage,2030,30,112,112,,-0.04050000000000001,0.0,0.0
113,h2_storage,2030,30,113,113,,-0.04050000000000001,0.0,0.0
114,h2_storage,2030,30,114,114,,-0.04050000000000001,0.0,0.0
115,h2_storage,2030,30,115,115,,-0.04050000000000001,0.0,0.0
116,h2_storage,2030,30,116,116,,-0.04050000000000001,0.0,0.0
117,h2_storage,2030,30,117,117,,-0.04050000000000001,0.0,0.0
118,h2_storage,2030,30,118,118,,-0.04050000000000001,0.0,0.0
119,h2_storage,2030,30,119,119,,-0.04050000000000001,0.0,0.0
120,h2_storage,2030,30,120,120,,-0.04050000000000001,0.0,0.0
121,h2_storage,2030,30,121,121,,-0.04050000000000001,0.0,0.0
122,h2_storage,2030,30,122,122,,-0.04050000000000001,0.0,0.0
123,h2_storage,2030,30,123,123,,-0.04050000000000001,0.0,0.0
124,h2_storage,2030,30,124,124,,-0.04050000000000001,0.0,0.0
125,h2_storage,2030,30,125,125,,-0.04050000000000001,0.0,0.0
126,h2_storage,2030,30,126,126,,-0.04050000000000001,0.0,0.0
127,h2_storage,2030,30,127,127,,-0.04050000000000001,0.0,0.0
128,h2_storage,2030,30,128,128,,-0.04050000000000001,0.0,0.0
129,h2_storage,2030,30,129,129,,-0.04050000000000001,0.0,0.0
130,h2_storage,2030,30,130,130,,-0.04050000000000001,0.0,0.0
131,h2_storage,2030,30,131,131,,-0.04050000000000001,0.0,0.0
132,h2_storage,2030,30,132,132,,-0.04050000000000001,0.0,0.0
133,h2_storage,2030,30,133,133,,-0.04050000000000001,0.0,0.0
134,h2_storage,2030,30,134,134,,-0.04050000000000001,0.0,0.0
135,h2_storage,2030,30,135,135,,-0.04050000000000001,0.0,0.0
136,h2_storage,2030,30,136,136,,-0.04050000000000001,0.0,0.0
137,h2_storage,2030,30,137,137,,-0.04050000000000001,0.0,0.0
138,h2_storage,2030,30,138,138,,-0.04050000000000001,0.0,0.0
139,h2_storage,2030,30,139,139,,-0.04050000000000001,0.0,0.0
140,h2_storage,2030,30,140,140,,-0.04050000000000001,0.0,0.0
141,h2_storage,2030,30,141,141,,-0.04050000000000001,0.0,0.0
142,h2_storage,2030,30,142,142,,-0.04050000000000001,0.0,0.0
143,h2_storage,2030,30,143,143,,-0.04050000000000001,0.0,0.0
144,h2_storage,2030,30,144,144,,-0.04050000000000001,0.0,0.0
145,h2_storage,2030,30,145,145,,-0.04050000000000001,0.0,0.0
146,h2_storage,2030,30,146,146,,-0.04050000000000001,0.0,0.0
147,h2_storage,2030,30,147,147,,-0.04050000000000001,0.0,0.0
148,h2_storage,2030,30,148,148,,-0.04050000000000001,0.0,0.0
149,h2_storage,2030,30,149,149,,-0.04050000000000001,0.0,0.0
150,h2_storage,2030,30,150,150,,-0.04050000000000001,0.0,0.0
151,h2_storage,2030,30,151,151,,-0.04050000000000001,0.0,0.0
152,h2_storage,2030,30,152,152,,-0.04050000000000001,0.0,0.0
153,h2_storage,2030,30,153,153,,-0.04050000000000001,0.0,0.0
154,h2_storage,2030,30,154,154,,-0.04050000000000001,0.0,0.0
155,h2_storage,2030,30,155,155,,-0.04050000000000001,0.0,0.0
156,h2_storage,2030,30,156,156,,-0.04050000000000001,0.0,0.0
157,h2_storage,2030,30,157,157,,-0.04050000000000001,0.0,0.0
158,h2_storage,2030,30,158,158,,-0.04050000000000001,0.0,0.0
159,h2_storage,2030,30,159,159,,-0.04050000000000001,0.0,0.0
160,h2_storage,2030,30,160,160,,-0.04050000000000001,0.0,0.0
161,h2_storage,2030,30,161,161,,-0.04050000000000001,0.0,0.0
162,h2_storage,2030,30,162,162,,-0.04050000000000001,0.0,0.0
163,h2_storage,2030,30,163,163,,-0.04050000000000001,0.0,0.0
164,h2_storage,2030,30,164,164,,-0.04050000000000001,0.0,0.0
165,h2_storage,2030,30,165,165,,-0.04050000000000001,0.0,0.0
166,h2_storage,2030,30,166,166,,-0.04050000000000001,0.0,0.0
167,h2_storage,2030,30,167,167,,-0.04050000000000001,0.0,0.0
168,h2_storage,2030,30,168,168,,-0.04050000000000001,0.0,0.0
169,h2_storage,2030,30,169,169,,-0.04050000000000001,0.0,0.0
170,h2_storage,2030,30,170,170,,-0.04050000000000001,0.0,0.0
171,h2_storage,2030,30,171,171,,-0.04050000000000001,0.0,0.0
172,h2_storage,2030,30,172,172,,-0.04050000000000001,0.0,0.0
173,h2_storage,2030,30,173,173,,-0.04050000000000001,0.0,0.0
174,h2_storage,2030,30,174,174,,-0.04050000000000001,0.0,0.0
175,h2_storage,2030,30,175,175,,-0.04050000000000001,0.0,0.0
176,h2_storage,2030,30,176,176,,-0.04050000000000001,0.0,0.0
177,h2_storage,2030,30,177,177,,-0.04050000000000001,0.0,0.0
178,h2_storage,2030,30,178,178,,-0.04050000000000001,0.0,0.0
179,h2_storage,2030,30,179,179,,-0.04050000000000001,0.0,0.0
180,h2_storage,2030,30,180,180,,-0.04050000000000001,0.0,0.0
181,h2_storage,2030,30,181,181,,-0.04050000000000001,0.0,0.0
182,h2_storage,2030,30,182,182,,-0.04050000000000001,0.0,0.0
183,h2_storage,2030,30,183,183,,-0.04050000000000001,0.0,0.0
184,h2_storage,2030,30,184,184,,-0.04050000000000001,0.0,0.0
185,h2_storage,2030,30,185,185,,-0.04050000000000001,0.0,0.0
186,h2_storage,2030,30,186,186,,-0.04050000000000001,0.0,0.0
187,h2_storage,2030,30,187,187,,-0.04050000000000001,0.0,0.0
188,h2_storage,2030,30,188,188,,-0.04050000000000001,0.0,0.0
189,h2_storage,2030,30,189,189,,-0.04050000000000001,0.0,0.0
190,h2_storage,2030,30,190,190,,-0.04050000000000001,0.0,0.0
191,h2_storage,2030,30,191,191,,-0.04050000000000001,0.0,0.0
192,h2_storage,2030,30,192,192,,-0.04050000000000001,0.0,0.0
193,h2_storage,2030,30,193,193,,-0.04050000000000001,0.0,0.0
194,h2_storage,2030,30,194,194,,-0.04050000000000001,0.0,0.0
195,h2_storage,2030,30,195,195,,-0.04050000000000001,0.0,0.0
196,h2_storage,2030,30,196,196,,-0.04050000000000001,0.0,0.0
197,h2_storage,2030,30,197,197,,-0.04050000000000001,0.0,0.0
198,h2_storage,2030,30,198,198,,-0.04050000000000001,0.0,0.0
199,h2_storage,2030,30,199,199,,-0.04050000000000001,0.0,0.0
200,h2_storage,2030,30,200,200,,-0.04050000000000001,0.0,0.0
201,h2_storage,2030,30,201,201,,-0.04050000000000001,0.0,0.0
202,h2_storage,2030,30,202,202,,-0.04050000000000001,0.0,0.0
203,h2_storage,2030,30,203,203,,-0.04050000000000001,0.0,0.0
204,h2_storage,2030,30,204,204,,-0.04050000000000001,0.0,0.0
205,h2_storage,2030,30,205,205,,-0.04050000000000001,0.0,0.0
206,h2_storage,2030,30,206,206,,-0.04050000000000001,0.0,0.0
207,h2_storage,2030,30,207,207,,-0.04050000000000001,0.0,0.0
208,h2_storage,2030,30,208,208,,-0.04050000000000001,0.0,0.0
209,h2_storage,2030,30,209,209,,-0.04050000000000001,0.0,0.0
210,h2_storage,2030,30,210,210,,-0.04050000000000001,0.0,0.0
211,h2_storage,2030,30,211,211,,-0.04050000000000001,0.0,0.0
212,h2_storage,2030,30,212,212,,-0.04050000000000001,0.0,0.0
213,h2_storage,2030,30,213,213,,-0.04050000000000001,0.0,0.0
214,h2_storage,2030,30,214,214,,-0.04050000000000001,0.0,0.0
215,h2_storage,2030,30,215,215,,-0.04050000000000001,0.0,0.0
216,h2_storage,2030,30,216,216,,-0.04050000000000001,0.0,0.0
217,h2_storage,2030,30,217,217,,-0.04050000000000001,0.0,0.0
218,h2_storage,2030,30,218,218,,-0.04050000000000001,0.0,0.0
219,h2_storage,2030,30,219,219,,-0.04050000000000001,0.0,0.0
220,h2_storage,2030,30,220,220,,-0.04050000000000001,0.0,0.0
221,h2_storage,2030,30,221,221,,-0.04050000000000001,0.0,0.0
222,h2_storage,2030,30,222,222,,-0.04050000000000001,0.0,0.0
223,h2_storage,2030,30,223,223,,-0.04050000000000001,0.0,0.0
224,h2_storage,2030,30,224,224,,-0.04050000000000001,0.0,0.0
225,h2_storage,2030,30,225,225,,-0.04050000000000001,0.0,0.0
226,h2_storage,2030,30,226,226,,-0.04050000000000001,0.0,0.0
227,h2_storage,2030,30,227,227,,-0.04050000000000001,0.0,0.0
228,h2_storage,2030,30,228,228,,-0.04050000000000001,0.0,0.0
229,h2_storage,2030,30,229,229,,-0.04050000000000001,0.0,0.0
230,h2_storage,2030,30,230,230,,-0.04050000000000001,0.0,0.0
231,h2_storage,2030,30,231,231,,-0.04050000000000001,0.0,0.0
232,h2_storage,2030,30,232,232,,-0.04050000000000001,0.0,0.0
233,h2_storage,2030,30,233,233,,-0.04050000000000001,0.0,0.0
234,h2_storage,2030,30,234,234,,-0.04050000000000001,0.0,0.0
235,h2_storage,2030,30,235,235,,-0.04050000000000001,0.0,0.0
236,h2_storage,2030,30,236,236,,-0.04050000000000001,0.0,0.0
237,h2_storage,2030,30,237,237,,-0.04050000000000001,0.0,0.0
238,h2_storage,2030,30,238,238,,-0.04050000000000001,0.0,0.0
239,h2_storage,2030,30,239,239,,-0.04050000000000001,0.0,0.0
240,h2_storage,2030,30,240,240,,-0.04050000000000001,0.0,0.0
241,h2_storage,2030,30,241,241,,-0.04050000000000001,0.0,0.0
242,h2_storage,2030,30,242,242,,-0.04050000000000001,0.0,0.0
243,h2_storage,2030,30,243,243,,-0.04050000000000001,0.0,0.0
244,h2_storage,2030,30,244,244,,-0.04050000000000001,0.0,0.0
245,h2_storage,2030,30,245,245,,-0.04050000000000001,0.0,0.0
246,h2_storage,2030,30,246,246,,-0.04050000000000001,0.0,0.0
247,h2_storage,2030,30,247,247,,-0.04050000000000001,0.0,0.0
248,h2_storage,2030,30,248,248,,-0.04050000000000001,0.0,0.0
249,h2_storage,2030,30,249,249,,-0.04050000000000001,0.0,0.0
250,h2_storage,2030,30,250,250,,-0.04050000000000001,0.0,0.0
251,h2_storage,2030,30,251,251,,-0.04050000000000001,0.0,0.0
252,h2_storage,2030,30,252,252,,-0.04050000000000001,0.0,0.0
253,h2_storage,2030,30,253,253,,-0.04050000000000001,0.0,0.0
254,h2_storage,2030,30,254,254,,-0.04050000000000001,0.0,0.0
255,h2_storage,2030,30,255,255,,-0.04050000000000001,0.0,0.0
256,h2_storage,2030,30,256,256,,-0.04050000000000001,0.0,0.0
257,h2_storage,2030,30,257,257,,-0.04050000000000001,0.0,0.0
258,h2_storage,2030,30,258,258,,-0.04050000000000001,0.0,0.0
259,h2_storage,2030,30,259,259,,-0.04050000000000001,0.0,0.0
260,h2_storage,2030,30,260,260,,-0.04050000000000001,0.0,0.0
261,h2_storage,2030,30,261,261,,-0.04050000000000001,0.0,0.0
262,h2_storage,2030,30,262,262,,-0.04050000000000001,0.0,0.0
263,h2_storage,2030,30,263,263,,-0.04050000000000001,0.0,0.0
264,h2_storage,2030,30,264,264,,-0.04050000000000001,0.0,0.0
265,h2_storage,2030,30,265,265,,-0.04050000000000001,0.0,0.0
266,h2_storage,2030,30,266,266,,-0.04050000000000001,0.0,0.0
267,h2_storage,2030,30,267,267,,-0.04050000000000001,0.0,0.0
268,h2_storage,2030,30,268,268,,-0.04050000000000001,0.0,0.0
269,h2_storage,2030,30,269,269,,-0.04050000000000001,0.0,0.0
270,h2_storage,2030,30,270,270,,-0.04050000000000001,0.0,0.0
271,h2_storage,2030,30,271,271,,-0.04050000000000001,0.0,0.0
272,h2_storage,2030,30,272,272,,-0.04050000000000001,0.0,0.0
273,h2_storage,2030,30,273,273,,-0.04050000000000001,0.0,0.0
274,h2_storage,2030,30,274,274,,-0.04050000000000001,0.0,0.0
275,h2_storage,2030,30,275,275,,-0.04050000000000001,0.0,0.0
276,h2_storage,2030,30,276,276,,-0.04050000000000001,0.0,0.0
277,h2_storage,2030,30,277,277,,-0.04050000000000001,0.0,0.0
278,h2_storage,2030,30,278,278,,-0.04050000000000001,0.0,0.0
279,h2_storage,2030,30,279,279,,-0.04050000000000001,0.0,0.0
280,h2_storage,2030,30,280,280,,-0.04050000000000001,0.0,0.0
281,h2_storage,2030,30,281,281,,-0.04050000000000001,0.0,0.0
282,h2_storage,2030,30,282,282,,-0.04050000000000001,0.0,0.0
283,h2_storage,2030,30,283,283,,-0.04050000000000001,0.0,0.0
284,h2_storage,2030,30,284,284,,-0.04050000000000001,0.0,0.0
285,h2_storage,2030,30,285,285,,-0.04050000000000001,0.0,0.0
286,h2_storage,2030,30,286,286,,-0.04050000000000001,0.0,0.0
287,h2_storage,2030,30,287,287,,-0.04050000000000001,0.0,0.0
288,h2_storage,2030,30,288,288,,-0.04050000000000001,0.0,0.0
289,h2_storage,2030,30,289,289,,-0.04050000000000001,0.0,0.0
290,h2_storage,2030,30,290,290,,-0.04050000000000001,0.0,0.0
291,h2_storage,2030,30,291,291,,-0.04050000000000001,0.0,0.0
292,h2_storage,2030,30,292,292,,-0.04050000000000001,0.0,0.0
293,h2_storage,2030,30,293,293,,-0.04050000000000001,0.0,0.0
294,h2_storage,2030,30,294,294,,-0.04050000000000001,0.0,0.0
295,h2_storage,2030,30,295,295,,-0.04050000000000001,0.0,0.0
296,h2_storage,2030,30,296,296,,-0.04050000000000001,0.0,0.0
297,h2_storage,2030,30,297,297,,-0.04050000000000001,0.0,0.0
298,h2_storage,2030,30,298,298,,-0.04050000000000001,0.0,0.0
299,h2_storage,2030,30,299,299,,-0.04050000000000001,0.0,0.0
300,h2_storage,2030,30,300,300,,-0.04050000000000001,0.0,0.0
301,h2_storage,2030,30,301,301,,-0.04049999999999995,0.0,0.0
302,h2_storage,2030,30,302,302,,-0.04049999999999995,0.0,0.0
303,h2_storage,2030,30,303,303,,-0.04049999999999995,0.0,0.0
304,h2_storage,2030,30,304,304,,-0.04050000000000015,0.0,0.0
305,h2_storage,2030,30,305,305,,-0.040500000000000036,0.0,0.0
306,h2_storage,2030,30,306,306,,-0.040500000000000036,0.0,0.0
307,h2_storage,2030,30,307,307,,-0.040500000000000036,0.0,0.0
308,h2_storage,2030,30,308,308,,-0.040500000000000036,0.0,0.0
309,h2_storage,2030,30,309,309,,-0.040500000000000036,0.0,0.0
310,h2_storage,2030,30,310,310,,-0.040500000000000036,0.0,0.0
311,h2_storage,2030,30,311,311,,-0.040500000000000036,0.0,0.0
312,h2_storage,2030,30,312,312,,-0.040500000000000036,0.0,0.0
313,h2_storage,2030,30,313,313,,-0.040500000000000036,0.0,0.0
314,h2_storage,2030,30,314,314,,-0.040500000000000036,0.0,0.0
315,h2_storage,2030,30,315,315,,-0.040500000000000036,0.0,0.0
316,h2_storage,2030,30,316,316,,-0.040500000000000036,0.0,0.0
317,h2_storage,2030,30,317,317,,-0.040500000000000036,0.0,0.0
318,h2_storage,2030,30,318,318,,-0.040500000000000036,0.0,0.0
319,h2_storage,2030,30,319,319,,-0.040500000000000036,0.0,0.0
320,h2_storage,2030,30,320,320,,-0.040500000000000036,0.0,0.0
321,h2_storage,2030,30,321,321,,-0.040500000000000036,0.0,0.0
322,h2_storage,2030,30,322,322,,-0.040500000000000036,0.0,0.0
323,h2_storage,2030,30,323,323,,-0.040500000000000036,0.0,0.0
324,h2_storage,2030,30,324,324,,-0.040500000000000036,0.0,0.0
325,h2_storage,2030,30,325,325,,-0.040500000000000036,0.0,0.0
326,h2_storage,2030,30,326,326,,-0.040500000000000036,0.0,0.0
327,h2_storage,2030,30,327,327,,-0.040500000000000036,0.0,0.0
328,h2_storage,2030,30,328,328,,-0.040500000000000036,0.0,0.0
329,h2_storage,2030,30,329,329,,-0.040500000000000036,0.0,0.0
330,h2_storage,2030,30,330,330,,-0.040500000000000036,0.0,0.0
331,h2_storage,2030,30,331,331,,-0.040500000000000036,0.0,0.0
332,h2_storage,2030,30,332,332,,-0.040500000000000036,0.0,0.0
333,h2_storage,2030,30,333,333,,-0.040500000000000036,0.0,0.0
334,h2_storage,2030,30,334,334,,-0.040500000000000036,0.0,0.0
335,h2_storage,2030,30,335,335,,-0.040500000000000036,0.0,0.0
336,h2_storage,2030,30,336,336,,-0.040500000000000036,0.0,0.0
337,h2_storage,2030,30,337,337,,-0.040500000000000036,0.0,0.0
338,h2_storage,2030,30,338,338,,-0.040500000000000036,0.0,0.0
339,h2_storage,2030,30,339,339,,-0.040500000000000036,0.0,0.0
340,h2_storage,2030,30,340,340,,-0.040500000000000036,0.0,0.0
341,h2_storage,2030,30,341,341,,-0.040500000000000036,0.0,0.0
342,h2_storage,2030,30,342,342,,-0.040500000000000036,0.0,0.0
343,h2_storage,2030,30,343,343,,-0.040500000000000036,0.0,0.0
344,h2_storage,2030,30,344,344,,-0.040500000000000036,0.0,0.0
345,h2_storage,2030,30,345,345,,-0.040500000000000036,0.0,0.0
346,h2_storage,2030,30,346,346,,-0.040500000000000036,0.0,0.0
347,h2_storage,2030,30,347,347,,-0.040500000000000036,0.0,0.0
348,h2_storage,2030,30,348,348,,-0.040500000000000036,0.0,0.0
349,h2_storage,2030,30,349,349,,-0.040500000000000036,0.0,0.0
350,h2_storage,2030,30,350,350,,-0.040500000000000036,0.0,0.0
351,h2_storage,2030,30,351,351,,-0.040500000000000036,0.0,0.0
352,h2_storage,2030,30,352,352,,-0.040500000000000036,0.0,0.0
353,h2_storage,2030,30,353,353,,-0.040500000000000036,0.0,0.0
354,h2_storage,2030,30,354,354,,-0.040500000000000036,0.0,0.0
355,h2_storage,2030,30,355,355,,-0.040500000000000036,0.0,0.0
356,h2_storage,2030,30,356,356,,-0.040500000000000036,0.0,0.0
357,h2_storage,2030,30,357,357,,-0.040500000000000036,0.0,0.0
358,h2_storage,2030,30,358,358,,-0.040500000000000036,0.0,0.0
359,h2_storage,2030,30,359,359,,-0.040500000000000036,0.0,0.0
360,h2_storage,2030,30,360,360,,-0.040500000000000036,0.0,0.0
361,h2_storage,2030,30,361,361,,-0.040500000000000036,0.0,0.0
362,h2_storage,2030,30,362,362,,-0.040500000000000036,0.0,0.0
363,h2_storage,2030,30,363,363,,-0.040500000000000036,0.0,0.0
364,h2_storage,2030,30,364,364,,-0.040500000000000036,0.0,0.0
365,h2_storage,2030,30,365,365,,-0.040500000000000036,0.0,0.0
366,h2_storage,2030,31,1,1,,-0.03382072681162879,0.0,0.0
367,h2_storage,2030,31,2,2,,-0.0026599999999999983,0.0,0.0
368,h2_storage,2030,31,3,3,,-0.0026599999999999983,0.0,0.0
369,h2_storage,2030,31,4,4,,-0.0026599999999999983,0.0,0.0
370,h2_storage,2030,31,5,5,,-0.0026599999999999983,0.0,0.0
371,h2_storage,2030,31,6,6,,-0.0026599999999999983,0.0,0.0
372,h2_storage,2030,31,7,7,,-0.0026599999999999983,0.0,0.0
373,h2_storage,2030,31,8,8,,-0.0026599999999999983,0.0,0.0
374,h2_storage,2030,31,9,9,,-0.0026599999999999983,0.0,0.0
375,h2_storage,2030,31,10,10,,-0.0026599999999999983,0.0,0.0
376,h2_storage,2030,31,11,11,,-0.0026599999999999983,0.0,0.0
377,h2_storage,2030,31,12,12,,-0.0026599999999999983,0.0,0.0
378,h2_storage,2030,31,13,13,,-0.0026599999999999983,0.0,0.0
379,h2_storage,2030,31,14,14,,-0.0026599999999999983,0.0,0.0
380,h2_storage,2030,31,15,15,,-0.0026599999999999983,0.0,0.0
381,h2_storage,2030,31,16,16,,-0.0026599999999999983,0.0,0.0
382,h2_storage,2030,31,17,17,,-0.0026599999999999983,0.0,0.0
383,h2_storage,2030,31,18,18,,-0.0026599999999999983,0.0,0.0
384,h2_storage,2030,31,19,19,,-0.0026599999999999983,0.0,0.0
385,h2_storage,2030,31,20,20,,-0.0026599999999999983,0.0,0.0
386,h2_storage,2030,31,21,21,,-0.0026599999999999983,0.0,0.0
387,h2_storage,2030,31,22,22,,-0.0026599999999999983,0.0,0.0
388,h2_storage,2030,31,23,23,,-0.0026599999999999983,0.0,0.0
389,h2_storage,2030,31,24,24,,-0.0026599999999999983,0.0,0.0
390,h2_storage,2030,31,25,25,,-0.0026599999999999983,0.0,0.0
391,h2_storage,2030,31,26,26,,-0.0026599999999999983,0.0,0.0
392,h2_storage,2030,31,27,27,,-0.0026599999999999983,0.0,0.0
393,h2_storage,2030,31,28,28,,-0.0026599999999999983,0.0,0.0
394,h2_storage,2030,31,29,29,,-0.0026599999999999983,0.0,0.0
395,h2_storage,2030,31,30,30,,-0.0026599999999999983,0.0,0.0
396,h2_storage,2030,31,31,31,,-0.0026599999999999983,0.0,0.0
397,h2_storage,2030,31,32,32,,-0.0026599999999999983,0.0,0.0
398,h2_storage,2030,31,33,33,,-0.0026599999999999983,0.0,0.0
399,h2_storage,2030,31,34,34,,-0.0026599999999999983,0.0,0.0
400,h2_storage,2030,31,35,35,,-0.0026599999999999983,0.0,0.0
401,h2_storage,2030,31,36,36,,-0.0026599999999999983,0.0,0.0
402,h2_storage,2030,31,37,37,,-0.0026599999999999983,0.0,0.0
403,h2_storage,2030,31,38,38,,-0.0026599999999999983,0.0,0.0
404,h2_storage,2030,31,39,39,,-0.0026599999999999983,0.0,0.0
405,h2_storage,2030,31,40,40,,-0.0026599999999999983,0.0,0.0
406,h2_storage,2030,31,41,41,,-0.0026599999999999983,0.0,0.0
407,h2_storage,2030,31,42,42,,-0.0026599999999999983,0.0,0.0
408,h2_storage,2030,31,43,43,,-0.0026599999999999983,0.0,0.0
409,h2_storage,2030,31,44,44,,-0.0026599999999999983,0.0,0.0
410,h2_storage,2030,31,45,45,,-0.0026599999999999983,0.0,0.0
411,h2_storage,2030,31,46,46,,-0.0026599999999999983,0.0,0.0
412,h2_storage,2030,31,47,47,,-0.0026599999999999983,0.0,0.0
413,h2_storage,2030,31,48,48,,-0.0026599999999999983,0.0,0.0
414,h2_storage,2030,31,49,49,,-0.0026599999999999983,0.0,0.0
415,h2_storage,2030,31,50,50,,-0.0026599999999999983,0.0,0.0
416,h2_storage,2030,31,51,51,,-0.0026599999999999983,0.0,0.0
417,h2_storage,2030,31,52,52,,-0.0026599999999999983,0.0,0.0
418,h2_storage,2030,31,53,53,,-0.0026599999999999983,0.0,0.0
419,h2_storage,2030,31,54,54,,-0.0026599999999999983,0.0,0.0
420,h2_storage,2030,31,55,55,,-0.0026599999999999983,0.0,0.0
421,h2_storage,2030,31,56,56,,-0.0026599999999999983,0.0,0.0
422,h2_storage,2030,31,57,57,,-0.0026599999999999983,0.0,0.0
423,h2_storage,2030,31,58,58,,-0.0026599999999999983,0.0,0.0
424,h2_storage,2030,31,59,59,,-0.0026599999999999983,0.0,0.0
425,h2_storage,2030,31,60,60,,-0.0026599999999999983,0.0,0.0
426,h2_storage,2030,31,61,61,,-0.0026599999999999983,0.0,0.0
427,h2_storage,2030,31,62,62,,-0.0026599999999999983,0.0,0.0
428,h2_storage,2030,31,63,63,,-0.0026599999999999983,0.0,0.0
429,h2_storage,2030,31,64,64,,-0.0026599999999999983,0.0,0.0
430,h2_storage,2030,31,65,65,,-0.0026599999999999983,0.0,0.0
431,h2_storage,2030,31,66,66,,-0.0026599999999999983,0.0,0.0
432,h2_storage,2030,31,67,67,,-0.0026599999999999983,0.0,0.0
433,h2_storage,2030,31,68,68,,-0.0026599999999999983,0.0,0.0
434,h2_storage,2030,31,69,69,,-0.0026599999999999983,0.0,0.0
435,h2_storage,2030,31,70,70,,-0.0026599999999999983,0.0,0.0
436,h2_storage,2030,31,71,71,,-0.0026599999999999983,0.0,0.0
437,h2_storage,2030,31,72,72,,-0.0026599999999999983,0.0,0.0
438,h2_storage,2030,31,73,73,,-0.0026599999999999983,0.0,0.0
439,h2_storage,2030,31,74,74,,-0.0026599999999999983,0.0,0.0
440,h2_storage,2030,31,75,75,,-0.0026599999999999983,0.0,0.0
441,h2_storage,2030,31,76,76,,-0.0026599999999999983,0.0,0.0
442,h2_storage,2030,31,77,77,,-0.0026599999999999983,0.0,0.0
443,h2_storage,2030,31,78,78,,-0.0026599999999999983,0.0,0.0
444,h2_storage,2030,31,79,79,,-0.0026599999999999983,0.0,0.0
445,h2_storage,2030,31,80,80,,-0.0026599999999999983,0.0,0.0
446,h2_storage,2030,31,81,81,,-0.0026599999999999983,0.0,0.0
447,h2_storage,2030,31,82,82,,-0.0026599999999999983,0.0,0.0
448,h2_storage,2030,31,83,83,,-0.0026599999999999983,0.0,0.0
449,h2_storage,2030,31,84,84,,-0.0026599999999999983,0.0,0.0
450,h2_storage,2030,31,85,85,,-0.0026599999999999983,0.0,0.0
451,h2_storage,2030,31,86,86,,-0.0026599999999999983,0.0,0.0
452,h2_storage,2030,31,87,87,,-0.0026599999999999983,0.0,0.0
453,h2_storage,2030,31,88,88,,-0.0026599999999999983,0.0,0.0
454,h2_storage,2030,31,89,89,,-0.0026599999999999983,0.0,0.0
455,h2_storage,2030,31,90,90,,-0.0026599999999999983,0.0,0.0
456,h2_storage,2030,31,91,91,,-0.0026599999999999983,0.0,0.0
457,h2_storage,2030,31,92,92,,-0.0026599999999999983,0.0,0.0
458,h2_storage,2030,31,93,93,,-0.0026599999999999983,0.0,0.0
459,h2_storage,2030,31,94,94,,-0.0026599999999999983,0.0,0.0
460,h2_storage,2030,31,95,95,,-0.0026599999999999983,0.0,0.0
461,h2_storage,2030,31,96,96,,-0.0026599999999999983,0.0,0.0
462,h2_storage,2030,31,97,97,,-0.0026599999999999983,0.0,0.0
463,h2_storage,2030,31,98,98,,-0.0026599999999999983,0.0,0.0
464,h2_storage,2030,31,99,99,,-0.0026599999999999983,0.0,0.0
465,h2_storage,2030,31,100,100,,-0.0026599999999999983,0.0,0.0
466,h2_storage,2030,31,101,101,,-0.0026599999999999983,0.0,0.0
467,h2_storage,2030,31,102,102,,-0.0026599999999999983,0.0,0.0
468,h2_storage,2030,31,103,103,,-0.0026599999999999983,0.0,0.0
469,h2_storage,2030,31,104,104,,-0.0026599999999999983,0.0,0.0
470,h2_storage,2030,31,105,105,,-0.0026599999999999983,0.0,0.0
471,h2_storage,2030,31,106,106,,-0.0026599999999999983,0.0,0.0
472,h2_storage,2030,31,107,107,,-0.0026599999999999983,0.0,0.0
473,h2_storage,2030,31,108,108,,-0.0026599999999999983,0.0,0.0
474,h2_storage,2030,31,109,109,,-0.0026599999999999983,0.0,0.0
475,h2_storage,2030,31,110,110,,-0.0026599999999999983,0.0,0.0
476,h2_storage,2030,31,111,111,,-0.0026599999999999983,0.0,0.0
477,h2_storage,2030,31,112,112,,-0.0026599999999999983,0.0,0.0
478,h2_storage,2030,31,113,113,,-0.0026599999999999983,0.0,0.0
479,h2_storage,2030,31,114,114,,-0.0026599999999999983,0.0,0.0
480,h2_storage,2030,31,115,115,,-0.0026599999999999983,0.0,0.0
481,h2_storage,2030,31,116,116,,-0.0026599999999999983,0.0,0.0
482,h2_storage,2030,31,117,117,,-0.0026599999999999983,0.0,0.0
483,h2_storage,2030,31,118,118,,-0.0026599999999999983,0.0,0.0
484,h2_storage,2030,31,119,119,,-0.0026599999999999983,0.0,0.0
485,h2_storage,2030,31,120,120,,-0.0026599999999999983,0.0,0.0
486,h2_storage,2030,31,121,121,,-0.0026599999999999983,0.0,0.0
487,h2_storage,2030,31,122,122,,-0.0026599999999999983,0.0,0.0
488,h2_storage,2030,31,123,123,,-0.0026599999999999983,0.0,0.0
489,h2_storage,2030,31,124,124,,-0.0026599999999999983,0.0,0.0
490,h2_storage,2030,31,125,125,,-0.0026599999999999983,0.0,0.0
491,h2_storage,2030,31,126,126,,-0.0026599999999999983,0.0,0.0
492,h2_storage,2030,31,127,127,,-0.0026599999999999983,0.0,0.0
493,h2_storage,2030,31,128,128,,-0.0026599999999999983,0.0,0.0
494,h2_storage,2030,31,129,129,,-0.0026599999999999983,0.0,0.0
495,h2_storage,2030,31,130,130,,-0.0026599999999999983,0.0,0.0
496,h2_storage,2030,31,131,131,,-0.0026599999999999983,0.0,0.0
497,h2_storage,2030,31,132,132,,-0.0026599999999999983,0.0,0.0
498,h2_storage,2030,31,133,133,,-0.0026599999999999983,0.0,0.0
499,h2_storage,2030,31,134,134,,-0.0026599999999999983,0.0,0.0
500,h2_storage,2030,31,135,135,,-0.0026599999999999983,0.0,0.0
501,h2_storage,2030,31,136,136,,-0.0026599999999999983,0.0,0.0
502,h2_storage,2030,31,137,137,,-0.0026599999999999983,0.0,0.0
503,h2_storage,2030,31,138,138,,-0.0026599999999999983,0.0,0.0
504,h2_storage,2030,31,139,139,,-0.0026599999999999983,0.0,0.0
505,h2_storage,2030,31,140,140,,-0.0026599999999999983,0.0,0.0
506,h2_storage,2030,31,141,141,,-0.0026599999999999983,0.0,0.0
507,h2_storage,2030,31,142,142,,-0.0026599999999999983,0.0,0.0
508,h2_storage,2030,31,143,143,,-0.0026599999999999983,0.0,0.0
509,h2_storage,2030,31,144,144,,-0.0026599999999999983,0.0,0.0
510,h2_storage,2030,31,145,145,,-0.0026599999999999983,0.0,0.0
511,h2_storage,2030,31,146,146,,-0.0026599999999999983,0.0,0.0
512,h2_storage,2030,31,147,147,,-0.0026599999999999983,0.0,0.0
513,h2_storage,2030,31,148,148,,-0.0026599999999999983,0.0,0.0
514,h2_storage,2030,31,149,149,,-0.0026599999999999983,0.0,0.0
515,h2_storage,2030,31,150,150,,-0.0026599999999999983,0.0,0.0
516,h2_storage,2030,31,151,151,,-0.0026599999999999983,0.0,0.0
517,h2_storage,2030,31,152,152,,-0.0026599999999999983,0.0,0.0
518,h2_storage,2030,31,153,153,,-0.0026599999999999983,0.0,0.0
519,h2_storage,2030,31,154,154,,-0.0026599999999999983,0.0,0.0
520,h2_storage,2030,31,155,155,,-0.0026599999999999983,0.0,0.0
521,h2_storage,2030,31,156,156,,-0.0026599999999999983,0.0,0.0
522,h2_storage,2030,31,157,157,,-0.0026599999999999983,0.0,0.0
523,h2_storage,2030,31,158,158,,-0.0026599999999999983,0.0,0.0
524,h2_storage,2030,31,159,159,,-0.0026599999999999983,0.0,0.0
525,h2_storage,2030,31,160,160,,-0.0026599999999999983,0.0,0.0
526,h2_storage,2030,31,161,161,,-0.0026599999999999983,0.0,0.0
527,h2_storage,2030,31,162,162,,-0.0026599999999999983,0.0,0.0
528,h2_storage,2030,31,163,163,,-0.0026599999999999983,0.0,0.0
529,h2_storage,2030,31,164,164,,-0.0026599999999999983,0.0,0.0
530,h2_storage,2030,31,165,165,,-0.0026599999999999983,0.0,0.0
531,h2_storage,2030,31,166,166,,-0.0026599999999999983,0.0,0.0
532,h2_storage,2030,31,167,167,,-0.0026599999999999983,0.0,0.0
533,h2_storage,2030,31,168,168,,-0.0026599999999999983,0.0,0.0
534,h2_storage,2030,31,169,169,,-0.0026599999999999983,0.0,0.0
535,h2_storage,2030,31,170,170,,-0.0026599999999999983,0.0,0.0
536,h2_storage,2030,31,171,171,,-0.0026599999999999983,0.0,0.0
537,h2_storage,2030,31,172,172,,-0.0026599999999999983,0.0,0.0
538,h2_storage,2030,31,173,173,,-0.0026599999999999983,0.0,0.0
539,h2_storage,2030,31,174,174,,-0.0026599999999999983,0.0,0.0
540,h2_storage,2030,31,175,175,,-0.0026599999999999983,0.0,0.0
541,h2_storage,2030,31,176,176,,-0.0026599999999999983,0.0,0.0
542,h2_storage,2030,31,177,177,,-0.0026599999999999983,0.0,0.0
543,h2_storage,2030,31,178,178,,-0.0026599999999999983,0.0,0.0
544,h2_storage,2030,31,179,179,,-0.0026599999999999983,0.0,0.0
545,h2_storage,2030,31,180,180,,-0.0026599999999999983,0.0,0.0
546,h2_storage,2030,31,181,181,,-0.0026599999999999983,0.0,0.0
547,h2_storage,2030,31,182,182,,-0.0026599999999999983,0.0,0.0
548,h2_storage,2030,31,183,183,,-0.0026599999999999983,0.0,0.0
549,h2_storage,2030,31,184,184,,-0.0026599999999999983,0.0,0.0
550,h2_storage,2030,31,185,185,,-0.0026599999999999983,0.0,0.0
551,h2_storage,2030,31,186,186,,-0.0026599999999999983,0.0,0.0
552,h2_storage,2030,31,187,187,,-0.0026599999999999983,0.0,0.0
553,h2_storage,2030,31,188,188,,-0.0026599999999999983,0.0,0.0
554,h2_storage,2030,31,189,189,,-0.0026599999999999983,0.0,0.0
555,h2_storage,2030,31,190,190,,-0.0026599999999999983,0.0,0.0
556,h2_storage,2030,31,191,191,,-0.0026599999999999983,0.0,0.0
557,h2_storage,2030,31,192,192,,-0.0026599999999999983,0.0,0.0
558,h2_storage,2030,31,193,193,,-0.0026599999999999983,0.0,0.0
559,h2_storage,2030,31,194,194,,-0.0026599999999999983,0.0,0.0
560,h2_storage,2030,31,195,195,,-0.0026599999999999983,0.0,0.0
561,h2_storage,2030,31,196,196,,-0.0026599999999999983,0.0,0.0
562,h2_storage,2030,31,197,197,,-0.0026599999999999983,0.0,0.0
563,h2_storage,2030,31,198,198,,-0.0026599999999999983,0.0,0.0
564,h2_storage,2030,31,199,199,,-0.0026599999999999983,0.0,0.0
565,h2_storage,2030,31,200,200,,-0.0026599999999999983,0.0,0.0
566,h2_storage,2030,31,201,201,,-0.0026599999999999983,0.0,0.0
567,h2_storage,2030,31,202,202,,-0.0026599999999999983,0.0,0.0
568,h2_storage,2030,31,203,203,,-0.0026599999999999983,0.0,0.0
569,h2_storage,2030,31,204,204,,-0.0026599999999999983,0.0,0.0
570,h2_storage,2030,31,205,205,,-0.0026599999999999983,0.0,0.0
571,h2_storage,2030,31,206,206,,-0.0026599999999999983,0.0,0.0
572,h2_storage,2030,31,207,207,,-0.0026599999999999983,0.0,0.0
573,h2_storage,2030,31,208,208,,-0.0026599999999999983,0.0,0.0
574,h2_storage,2030,31,209,209,,-0.0026599999999999983,0.0,0.0
575,h2_storage,2030,31,210,210,,-0.0026599999999999983,0.0,0.0
576,h2_storage,2030,31,211,211,,-0.0026599999999999983,0.0,0.0
577,h2_storage,2030,31,212,212,,-0.0026599999999999983,0.0,0.0
578,h2_storage,2030,31,213,213,,-0.0026599999999999983,0.0,0.0
579,h2_storage,2030,31,214,214,,-0.0026599999999999983,0.0,0.0
580,h2_storage,2030,31,215,215,,-0.0026599999999999983,0.0,0.0
581,h2_storage,2030,31,216,216,,-0.0026599999999999983,0.0,0.0
582,h2_storage,2030,31,217,217,,-0.0026599999999999983,0.0,0.0
583,h2_storage,2030,31,218,218,,-0.0026599999999999983,0.0,0.0
584,h2_storage,2030,31,219,219,,-0.0026599999999999983,0.0,0.0
585,h2_storage,2030,31,220,220,,-0.0026599999999999983,0.0,0.0
586,h2_storage,2030,31,221,221,,-0.0026599999999999983,0.0,0.0
587,h2_storage,2030,31,222,222,,-0.0026599999999999983,0.0,0.0
588,h2_storage,2030,31,223,223,,-0.0026599999999999983,0.0,0.0
589,h2_storage,2030,31,224,224,,-0.0026599999999999983,0.0,0.0
590,h2_storage,2030,31,225,225,,-0.0026599999999999983,0.0,0.0
591,h2_storage,2030,31,226,226,,-0.0026599999999999983,0.0,0.0
592,h2_storage,2030,31,227,227,,-0.0026599999999999983,0.0,0.0
593,h2_storage,2030,31,228,228,,-0.0026599999999999983,0.0,0.0
594,h2_storage,2030,31,229,229,,-0.0026599999999999983,0.0,0.0
595,h2_storage,2030,31,230,230,,-0.0026599999999999983,0.0,0.0
596,h2_storage,2030,31,231,231,,-0.0026599999999999983,0.0,0.0
597,h2_storage,2030,31,232,232,,-0.0026599999999999983,0.0,0.0
598,h2_storage,2030,31,233,233,,-0.0026599999999999983,0.0,0.0
599,h2_storage,2030,31,234,234,,-0.0026599999999999983,0.0,0.0
600,h2_storage,2030,31,235,235,,-0.0026599999999999983,0.0,0.0
601,h2_storage,2030,31,236,236,,-0.0026599999999999983,0.0,0.0
602,h2_storage,2030,31,237,237,,-0.0026599999999999983,0.0,0.0
603,h2_storage,2030,31,238,238,,-0.0026599999999999983,0.0,0.0
604,h2_storage,2030,31,239,239,,-0.0026599999999999983,0.0,0.0
605,h2_storage,2030,31,240,240,,-0.0026599999999999983,0.0,0.0
606,h2_storage,2030,31,241,241,,-0.0026599999999999983,0.0,0.0
607,h2_storage,2030,31,242,242,,-0.0026599999999999983,0.0,0.0
608,h2_storage,2030,31,243,243,,-0.0026599999999999983,0.0,0.0
609,h2_storage,2030,31,244,244,,-0.0026599999999999983,0.0,0.0
610,h2_storage,2030,31,245,245,,-0.0026599999999999983,0.0,0.0
611,h2_storage,2030,31,246,246,,-0.0026599999999999983,0.0,0.0
612,h2_storage,2030,31,247,247,,-0.0026599999999999983,0.0,0.0
613,h2_storage,2030,31,248,248,,-0.0026599999999999983,0.0,0.0
614,h2_storage,2030,31,249,249,,-0.0026599999999999983,0.0,0.0
615,h2_storage,2030,31,250,250,,-0.0026599999999999983,0.0,0.0
616,h2_storage,2030,31,251,251,,-0.0026599999999999983,0.0,0.0
617,h2_storage,2030,31,252,252,,-0.0026599999999999983,0.0,0.0
618,h2_storage,2030,31,253,253,,-0.0026599999999999983,0.0,0.0
619,h2_storage,2030,31,254,254,,-0.0026599999999999983,0.0,0.0
620,h2_storage,2030,31,255,255,,-0.0026599999999999983,0.0,0.0
621,h2_storage,2030,31,256,256,,-0.0026599999999999983,0.0,0.0
622,h2_storage,2030,31,257,257,,-0.0026599999999999983,0.0,0.0
623,h2_storage,2030,31,258,258,,-0.0026599999999999983,0.0,0.0
624,h2_storage,2030,31,259,259,,-0.0026599999999999983,0.0,0.0
625,h2_storage,2030,31,260,260,,-0.0026599999999999983,0.0,0.0
626,h2_storage,2030,31,261,261,,-0.0026599999999999983,0.0,0.0
627,h2_storage,2030,31,262,262,,-0.0026599999999999983,0.0,0.0
628,h2_storage,2030,31,263,263,,-0.0026599999999999983,0.0,0.0
629,h2_storage,2030,31,264,264,,-0.0026599999999999983,0.0,0.0
630,h2_storage,2030,31,265,265,,-0.0026599999999999983,0.0,0.0
631,h2_storage,2030,31,266,266,,-0.0026599999999999983,0.0,0.0
632,h2_storage,2030,31,267,267,,-0.0026599999999999983,0.0,0.0
633,h2_storage,2030,31,268,268,,-0.0026599999999999983,0.0,0.0
634,h2_storage,2030,31,269,269,,-0.0026599999999999983,0.0,0.0
635,h2_storage,2030,31,270,270,,-0.0026599999999999983,0.0,0.0
636,h2_storage,2030,31,271,271,,-0.0026599999999999983,0.0,0.0
637,h2_storage,2030,31,272,272,,-0.0026599999999999983,0.0,0.0
638,h2_storage,2030,31,273,273,,-0.0026599999999999983,0.0,0.0
639,h2_storage,2030,31,274,274,,-0.0026599999999999983,0.0,0.0
640,h2_storage,2030,31,275,275,,-0.0026599999999999983,0.0,0.0
641,h2_storage,2030,31,276,276,,-0.0026599999999999983,0.0,0.0
642,h2_storage,2030,31,277,277,,-0.0026599999999999983,0.0,0.0
643,h2_storage,2030,31,278,278,,-0.0026599999999999983,0.0,0.0
644,h2_storage,2030,31,279,279,,-0.0026599999999999983,0.0,0.0
645,h2_storage,2030,31,280,280,,-0.0026599999999999983,0.0,0.0
646,h2_storage,2030,31,281,281,,-0.0026599999999999983,0.0,0.0
647,h2_storage,2030,31,282,282,,-0.0026599999999999983,0.0,0.0
648,h2_storage,2030,31,283,283,,-0.0026599999999999983,0.0,0.0
649,h2_storage,2030,31,284,284,,-0.0026599999999999983,0.0,0.0
650,h2_storage,2030,31,285,285,,-0.0026599999999999983,0.0,0.0
651,h2_storage,2030,31,286,286,,-0.0026599999999999983,0.0,0.0
652,h2_storage,2030,31,287,287,,-0.0026599999999999983,0.0,0.0
653,h2_storage,2030,31,288,288,,-0.0026599999999999983,0.0,0.0
654,h2_storage,2030,31,289,289,,-0.0026599999999999983,0.0,0.0
655,h2_storage,2030,31,290,290,,-0.0026599999999999983,0.0,0.0
656,h2_storage,2030,31,291,291,,-0.0026599999999999983,0.0,0.0
657,h2_storage,2030,31,292,292,,-0.0026599999999999983,0.0,0.0
658,h2_storage,2030,31,293,293,,-0.0026599999999999983,0.0,0.0
659,h2_storage,2030,31,294,294,,-0.0026599999999999983,0.0,0.0
660,h2_storage,2030,31,295,295,,-0.0026599999999999983,0.0,0.0
661,h2_storage,2030,31,296,296,,-0.0026599999999999983,0.0,0.0
662,h2_storage,2030,31,297,297,,-0.0026599999999999983,0.0,0.0
663,h2_storage,2030,31,298,298,,-0.0026599999999999983,0.0,0.0
664,h2_storage,2030,31,299,299,,-0.0026599999999999983,0.0,0.0
665,h2_storage,2030,31,300,300,,-0.0026599999999999983,0.0,0.0
666,h2_storage,2030,31,301,301,,-0.0026599999999999983,0.0,0.0
667,h2_storage,2030,31,302,302,,-0.0026599999999999983,0.0,0.0
668,h2_storage,2030,31,303,303,,-0.0026599999999999983,0.0,0.0
669,h2_storage,2030,31,304,304,,-0.0026599999999999983,0.0,0.0
670,h2_storage,2030,31,305,305,,-0.0026599999999999983,0.0,0.0
671,h2_storage,2030,31,306,306,,-0.0026599999999999983,0.0,0.0
672,h2_storage,2030,31,307,307,,-0.0026599999999999983,0.0,0.0
673,h2_storage,2030,31,308,308,,-0.0026599999999999983,0.0,0.0
674,h2_storage,2030,31,309,309,,-0.0026599999999999983,0.0,0.0
675,h2_storage,2030,31,310,310,,-0.0026599999999999983,0.0,0.0
676,h2_storage,2030,31,311,311,,-0.0026599999999999983,0.0,0.0
677,h2_storage,2030,31,312,312,,-0.0026599999999999983,0.0,0.0
678,h2_storage,2030,31,313,313,,-0.0026599999999999983,0.0,0.0
679,h2_storage,2030,31,314,314,,-0.0026599999999999983,0.0,0.0
680,h2_storage,2030,31,315,315,,-0.0026599999999999983,0.0,0.0
681,h2_storage,2030,31,316,316,,-0.0026599999999999983,0.0,0.0
682,h2_storage,2030,31,317,317,,-0.0026599999999999983,0.0,0.0
683,h2_storage,2030,31,318,318,,-0.0026599999999999983,0.0,0.0
684,h2_storage,2030,31,319,319,,-0.0026599999999999983,0.0,0.0
685,h2_storage,2030,31,320,320,,-0.0026599999999999983,0.0,0.0
686,h2_storage,2030,31,321,321,,-0.0026599999999999983,0.0,0.0
687,h2_storage,2030,31,322,322,,-0.0026599999999999983,0.0,0.0
688,h2_storage,2030,31,323,323,,-0.0026599999999999983,0.0,0.0
689,h2_storage,2030,31,324,324,,-0.0026599999999999983,0.0,0.0
690,h2_storage,2030,31,325,325,,-0.0026599999999999983,0.0,0.0
691,h2_storage,2030,31,326,326,,-0.0026599999999999983,0.0,0.0
692,h2_storage,2030,31,327,327,,-0.0026599999999999983,0.0,0.0
693,h2_storage,2030,31,328,328,,-0.0026599999999999983,0.0,0.0
694,h2_storage,2030,31,329,329,,-0.0026599999999999983,0.0,0.0
695,h2_storage,2030,31,330,330,,-0.0026599999999999983,0.0,0.0
696,h2_storage,2030,31,331,331,,-0.0026599999999999983,0.0,0.0
697,h2_storage,2030,31,332,332,,-0.0026599999999999996,0.0,0.0
698,h2_storage,2030,31,333,333,,-0.0026599999999999996,0.0,0.0
699,h2_storage,2030,31,334,334,,-0.0026599999999999996,0.0,0.0
700,h2_storage,2030,31,335,335,,-0.0026599999999999996,0.0,0.0
701,h2_storage,2030,31,336,336,,-0.0026599999999999996,0.0,0.0
702,h2_storage,2030,31,337,337,,-0.0026599999999999996,0.0,0.0
703,h2_storage,2030,31,338,338,,-0.0026599999999999996,0.0,0.0
704,h2_storage,2030,31,339,339,,-0.0026599999999999996,0.0,0.0
705,h2_storage,2030,31,340,340,,-0.0026599999999999996,0.0,0.0
706,h2_storage,2030,31,341,341,,-0.0026599999999999996,0.0,0.0
707,h2_storage,2030,31,342,342,,-0.0026599999999999996,0.0,0.0
708,h2_storage,2030,31,343,343,,-0.0026599999999999996,0.0,0.0
709,h2_storage,2030,31,344,344,,-0.0026599999999999996,0.0,0.0
710,h2_storage,2030,31,345,345,,-0.0026599999999999996,0.0,0.0
711,h2_storage,2030,31,346,346,,-0.0026599999999999996,0.0,0.0
712,h2_storage,2030,31,347,347,,-0.0026599999999999996,0.0,0.0
713,h2_storage,2030,31,348,348,,-0.0026599999999999996,0.0,0.0
714,h2_storage,2030,31,349,349,,-0.0026599999999999996,0.0,0.0
715,h2_storage,2030,31,350,350,,-0.0026599999999999996,0.0,0.0
716,h2_storage,2030,31,351,351,,-0.0026599999999999996,0.0,0.0
717,h2_storage,2030,31,352,352,,-0.0026599999999999996,0.0,0.0
718,h2_storage,2030,31,353,353,,-0.0026599999999999996,0.0,0.0
719,h2_storage,2030,31,354,354,,-0.0026599999999999996,0.0,0.0
720,h2_storage,2030,31,355,355,,-0.0026599999999999996,0.0,0.0
721,h2_storage,2030,31,356,356,,-0.0026599999999999996,0.0,0.0
722,h2_storage,2030,31,357,357,,-0.0026599999999999996,0.0,0.0
723,h2_storage,2030,31,358,358,,-0.0026599999999999996,0.0,0.0
724,h2_storage,2030,31,359,359,,-0.0026599999999999996,0.0,0.0
725,h2_storage,2030,31,360,360,,-0.0026599999999999996,0.0,0.0
726,h2_storage,2030,31,361,361,,-0.0026599999999999996,0.0,0.0
727,h2_storage,2030,31,362,362,,-0.0026599999999999996,0.0,0.0
728,h2_storage,2030,31,363,363,,-0.0026599999999999996,0.0,0.0
729,h2_storage,2030,31,364,364,,-0.0026599999999999996,0.0,0.0
730,h2_storage,2030,31,365,365,,-0.0026599999999999996,0.0,0.0
731,h2_storage,2030,32,1,1,,-0.0018999999999999315,0.0,0.0
732,h2_storage,2030,32,2,2,,-0.0018999999999999985,0.0,0.0
733,h2_storage,2030,32,3,3,,-0.0018999999999999985,0.0,0.0
734,h2_storage,2030,32,4,4,,-0.0018999999999999985,0.0,0.0
735,h2_storage,2030,32,5,5,,-0.0018999999999999985,0.0,0.0
736,h2_storage,2030,32,6,6,,-0.0018999999999999985,0.0,0.0
737,h2_storage,2030,32,7,7,,-0.0018999999999999985,0.0,0.0
738,h2_storage,2030,32,8,8,,-0.0018999999999999985,0.0,0.0
739,h2_storage,2030,32,9,9,,-0.0018999999999999985,0.0,0.0
740,h2_storage,2030,32,10,10,,-0.0018999999999999985,0.0,0.0
741,h2_storage,2030,32,11,11,,-0.0018999999999999985,0.0,0.0
742,h2_storage,2030,32,12,12,,-0.0018999999999999985,0.0,0.0
743,h2_storage,2030,32,13,13,,-0.0018999999999999985,0.0,0.0
744,h2_storage,2030,32,14,14,,-0.0018999999999999985,0.0,0.0
745,h2_storage,2030,32,15,15,,-0.0018999999999999985,0.0,0.0
746,h2_storage,2030,32,16,16,,-0.0018999999999999985,0.0,0.0
747,h2_storage,2030,32,17,17,,-0.0018999999999999985,0.0,0.0
748,h2_storage,2030,32,18,18,,-0.0018999999999999985,0.0,0.0
749,h2_storage,2030,32,19,19,,-0.0018999999999999985,0.0,0.0
750,h2_storage,2030,32,20,20,,-0.0018999999999999985,0.0,0.0
751,h2_storage,2030,32,21,21,,-0.0018999999999999985,0.0,0.0
752,h2_storage,2030,32,22,22,,-0.0018999999999999985,0.0,0.0
753,h2_storage,2030,32,23,23,,-0.0018999999999999985,0.0,0.0
754,h2_storage,2030,32,24,24,,-0.0018999999999999985,0.0,0.0
755,h2_storage,2030,32,25,25,,-0.0018999999999999985,0.0,0.0
756,h2_storage,2030,32,26,26,,-0.0018999999999999985,0.0,0.0
757,h2_storage,2030,32,27,27,,-0.0018999999999999985,0.0,0.0
758,h2_storage,2030,32,28,28,,-0.0018999999999999985,0.0,0.0
759,h2_storage,2030,32,29,29,,-0.0018999999999999985,0.0,0.0
760,h2_storage,2030,32,30,30,,-0.0018999999999999985,0.0,0.0
761,h2_storage,2030,32,31,31,,-0.0018999999999999985,0.0,0.0
762,h2_storage,2030,32,32,32,,-0.0018999999999999985,0.0,0.0
763,h2_storage,2030,32,33,33,,-0.0018999999999999985,0.0,0.0
764,h2_storage,2030,32,34,34,,-0.0018999999999999985,0.0,0.0
765,h2_storage,2030,32,35,35,,-0.0018999999999999985,0.0,0.0
766,h2_storage,2030,32,36,36,,-0.0018999999999999985,0.0,0.0
767,h2_storage,2030,32,37,37,,-0.0018999999999999985,0.0,0.0
768,h2_storage,2030,32,38,38,,-0.0018999999999999985,0.0,0.0
769,h2_storage,2030,32,39,39,,-0.0018999999999999985,0.0,0.0
770,h2_storage,2030,32,40,40,,-0.0018999999999999985,0.0,0.0
771,h2_storage,2030,32,41,41,,-0.0018999999999999985,0.0,0.0
772,h2_storage,2030,32,42,42,,-0.0018999999999999985,0.0,0.0
773,h2_storage,2030,32,43,43,,-0.0018999999999999985,0.0,0.0
774,h2_storage,2030,32,44,44,,-0.0018999999999999985,0.0,0.0
775,h2_storage,2030,32,45,45,,-0.0018999999999999985,0.0,0.0
776,h2_storage,2030,32,46,46,,-0.0018999999999999985,0.0,0.0
777,h2_storage,2030,32,47,47,,-0.0018999999999999985,0.0,0.0
778,h2_storage,2030,32,48,48,,-0.0018999999999999985,0.0,0.0
779,h2_storage,2030,32,49,49,,-0.0018999999999999985,0.0,0.0
780,h2_storage,2030,32,50,50,,-0.0018999999999999985,0.0,0.0
781,h2_storage,2030,32,51,51,,-0.0018999999999999985,0.0,0.0
782,h2_storage,2030,32,52,52,,-0.0018999999999999985,0.0,0.0
783,h2_storage,2030,32,53,53,,-0.0018999999999999985,0.0,0.0
784,h2_storage,2030,32,54,54,,-0.0018999999999999985,0.0,0.0
785,h2_storage,2030,32,55,55,,-0.0018999999999999985,0.0,0.0
786,h2_storage,2030,32,56,56,,-0.0018999999999999985,0.0,0.0
787,h2_storage,2030,32,57,57,,-0.0018999999999999985,0.0,0.0
788,h2_storage,2030,32,58,58,,-0.0018999999999999985,0.0,0.0
789,h2_storage,2030,32,59,59,,-0.0018999999999999985,0.0,0.0
790,h2_storage,2030,32,60,60,,-0.0018999999999999985,0.0,0.0
791,h2_storage,2030,32,61,61,,-0.0018999999999999985,0.0,0.0
792,h2_storage,2030,32,62,62,,-0.0018999999999999985,0.0,0.0
793,h2_storage,2030,32,63,63,,-0.0018999999999999985,0.0,0.0
794,h2_storage,2030,32,64,64,,-0.0018999999999999985,0.0,0.0
795,h2_storage,2030,32,65,65,,-0.0018999999999999985,0.0,0.0
796,h2_storage,2030,32,66,66,,-0.0018999999999999985,0.0,0.0
797,h2_storage,2030,32,67,67,,-0.0018999999999999985,0.0,0.0
798,h2_storage,2030,32,68,68,,-0.0018999999999999985,0.0,0.0
799,h2_storage,2030,32,69,69,,-0.0018999999999999985,0.0,0.0
800,h2_storage,2030,32,70,70,,-0.0018999999999999985,0.0,0.0
801,h2_storage,2030,32,71,71,,-0.0018999999999999985,0.0,0.0
802,h2_storage,2030,32,72,72,,-0.0018999999999999985,0.0,0.0
803,h2_storage,2030,32,73,73,,-0.0018999999999999985,0.0,0.0
804,h2_storage,2030,32,74,74,,-0.0018999999999999985,0.0,0.0
805,h2_storage,2030,32,75,75,,-0.0018999999999999985,0.0,0.0
806,h2_storage,2030,32,76,76,,-0.0018999999999999985,0.0,0.0
807,h2_storage,2030,32,77,77,,-0.0018999999999999985,0.0,0.0
808,h2_storage,2030,32,78,78,,-0.0018999999999999985,0.0,0.0
809,h2_storage,2030,32,79,79,,-0.0018999999999999985,0.0,0.0
810,h2_storage,2030,32,80,80,,-0.0018999999999999985,0.0,0.0
811,h2_storage,2030,32,81,81,,-0.0018999999999999985,0.0,0.0
812,h2_storage,2030,32,82,82,,-0.0018999999999999985,0.0,0.0
813,h2_storage,2030,32,83,83,,-0.0018999999999999985,0.0,0.0
814,h2_storage,2030,32,84,84,,-0.0018999999999999985,0.0,0.0
815,h2_storage,2030,32,85,85,,-0.0018999999999999985,0.0,0.0
816,h2_storage,2030,32,86,86,,-0.0018999999999999985,0.0,0.0
817,h2_storage,2030,32,87,87,,-0.0018999999999999985,0.0,0.0
818,h2_storage,2030,32,88,88,,-0.0018999999999999985,0.0,0.0
819,h2_storage,2030,32,89,89,,-0.0018999999999999985,0.0,0.0
820,h2_storage,2030,32,90,90,,-0.0018999999999999985,0.0,0.0
821,h2_storage,2030,32,91,91,,-0.0018999999999999985,0.0,0.0
822,h2_storage,2030,32,92,92,,-0.0018999999999999985,0.0,0.0
823,h2_storage,2030,32,93,93,,-0.0018999999999999985,0.0,0.0
824,h2_storage,2030,32,94,94,,-0.0018999999999999985,0.0,0.0
825,h2_storage,2030,32,95,95,,-0.0018999999999999985,0.0,0.0
826,h2_storage,2030,32,96,96,,-0.0018999999999999985,0.0,0.0
827,h2_storage,2030,32,97,97,,-0.0018999999999999985,0.0,0.0
828,h2_storage,2030,32,98,98,,-0.0018999999999999985,0.0,0.0
829,h2_storage,2030,32,99,99,,-0.0018999999999999985,0.0,0.0
830,h2_storage,2030,32,100,100,,-0.0018999999999999985,0.0,0.0
831,h2_storage,2030,32,101,101,,-0.0018999999999999985,0.0,0.0
832,h2_storage,2030,32,102,102,,-0.0018999999999999985,0.0,0.0
833,h2_storage,2030,32,103,103,,-0.0018999999999999985,0.0,0.0
834,h2_storage,2030,32,104,104,,-0.0018999999999999985,0.0,0.0
835,h2_storage,2030,32,105,105,,-0.0018999999999999985,0.0,0.0
836,h2_storage,2030,32,106,106,,-0.0018999999999999985,0.0,0.0
837,h2_storage,2030,32,107,107,,-0.0018999999999999985,0.0,0.0
838,h2_storage,2030,32,108,108,,-0.0018999999999999985,0.0,0.0
839,h2_storage,2030,32,109,109,,-0.0018999999999999985,0.0,0.0
840,h2_storage,2030,32,110,110,,-0.0018999999999999985,0.0,0.0
841,h2_storage,2030,32,111,111,,-0.0018999999999999985,0.0,0.0
842,h2_storage,2030,32,112,112,,-0.0018999999999999985,0.0,0.0
843,h2_storage,2030,32,113,113,,-0.0018999999999999985,0.0,0.0
844,h2_storage,2030,32,114,114,,-0.0018999999999999985,0.0,0.0
845,h2_storage,2030,32,115,115,,-0.0018999999999999985,0.0,0.0
846,h2_storage,2030,32,116,116,,-0.0018999999999999985,0.0,0.0
847,h2_storage,2030,32,117,117,,-0.0019000000000000492,0.0,0.0
848,h2_storage,2030,32,118,118,,-0.0019000000000000492,0.0,0.0
849,h2_storage,2030,32,119,119,,-0.0019000000000000022,0.0,0.0
850,h2_storage,2030,32,120,120,,-0.0019000000000000022,0.0,0.0
851,h2_storage,2030,32,121,121,,-0.0019000000000000022,0.0,0.0
852,h2_storage,2030,32,122,122,,-0.0019000000000000022,0.0,0.0
853,h2_storage,2030,32,123,123,,-0.0019000000000000022,0.0,0.0
854,h2_storage,2030,32,124,124,,-0.0019000000000000022,0.0,0.0
855,h2_storage,2030,32,125,125,,-0.0019000000000000022,0.0,0.0
856,h2_storage,2030,32,126,126,,-0.0019000000000000022,0.0,0.0
857,h2_storage,2030,32,127,127,,-0.0019000000000000022,0.0,0.0
858,h2_storage,2030,32,128,128,,-0.0019000000000000022,0.0,0.0
859,h2_storage,2030,32,129,129,,-0.0019000000000000022,0.0,0.0
860,h2_storage,2030,32,130,130,,-0.0019000000000000022,0.0,0.0
861,h2_storage,2030,32,131,131,,-0.0019000000000000022,0.0,0.0
862,h2_storage,2030,32,132,132,,-0.0019000000000000022,0.0,0.0
863,h2_storage,2030,32,133,133,,-0.0019000000000000022,0.0,0.0
864,h2_storage,2030,32,134,134,,-0.0019000000000000022,0.0,0.0
865,h2_storage,2030,32,135,135,,-0.0019000000000000022,0.0,0.0
866,h2_storage,2030,32,136,136,,-0.0019000000000000022,0.0,0.0
867,h2_storage,2030,32,137,137,,-0.0019000000000000022,0.0,0.0
868,h2_storage,2030,32,138,138,,-0.0019000000000000022,0.0,0.0
869,h2_storage,2030,32,139,139,,-0.0019000000000000022,0.0,0.0
870,h2_storage,2030,32,140,140,,-0.0019000000000000022,0.0,0.0
871,h2_storage,2030,32,141,141,,-0.0019000000000000022,0.0,0.0
872,h2_storage,2030,32,142,142,,-0.0019000000000000022,0.0,0.0
873,h2_storage,2030,32,143,143,,-0.0019000000000000022,0.0,0.0
874,h2_storage,2030,32,144,144,,-0.0019000000000000022,0.0,0.0
875,h2_storage,2030,32,145,145,,-0.0019000000000000022,0.0,0.0
876,h2_storage,2030,32,146,146,,-0.0019000000000000022,0.0,0.0
877,h2_storage,2030,32,147,147,,-0.0019000000000000022,0.0,0.0
878,h2_storage,2030,32,148,148,,-0.0019000000000000022,0.0,0.0
879,h2_storage,2030,32,149,149,,-0.0019000000000000022,0.0,0.0
880,h2_storage,2030,32,150,150,,-0.0019000000000000022,0.0,0.0
881,h2_storage,2030,32,151,151,,-0.0019000000000000022,0.0,0.0
882,h2_storage,2030,32,152,152,,-0.0019000000000000022,0.0,0.0
883,h2_storage,2030,32,153,153,,-0.0019000000000000022,0.0,0.0
884,h2_storage,2030,32,154,154,,-0.0019000000000000022,0.0,0.0
885,h2_storage,2030,32,155,155,,-0.0019000000000000022,0.0,0.0
886,h2_storage,2030,32,156,156,,-0.0019000000000000022,0.0,0.0
887,h2_storage,2030,32,157,157,,-0.0019000000000000022,0.0,0.0
888,h2_storage,2030,32,158,158,,-0.0019000000000000022,0.0,0.0
889,h2_storage,2030,32,159,159,,-0.0019000000000000022,0.0,0.0
890,h2_storage,2030,32,160,160,,-0.0019000000000000022,0.0,0.0
891,h2_storage,2030,32,161,161,,-0.0019000000000000022,0.0,0.0
892,h2_storage,2030,32,162,162,,-0.0019000000000000022,0.0,0.0
893,h2_storage,2030,32,163,163,,-0.0019000000000000022,0.0,0.0
894,h2_storage,2030,32,164,164,,-0.0019000000000000022,0.0,0.0
895,h2_storage,2030,32,165,165,,-0.0019000000000000022,0.0,0.0
896,h2_storage,2030,32,166,166,,-0.0019000000000000022,0.0,0.0
897,h2_storage,2030,32,167,167,,-0.0019000000000000022,0.0,0.0
898,h2_storage,2030,32,168,168,,-0.0019000000000000022,0.0,0.0
899,h2_storage,2030,32,169,169,,-0.0019000000000000022,0.0,0.0
900,h2_storage,2030,32,170,170,,-0.0019000000000000022,0.0,0.0
901,h2_storage,2030,32,171,171,,-0.0019000000000000022,0.0,0.0
902,h2_storage,2030,32,172,172,,-0.0019000000000000022,0.0,0.0
903,h2_storage,2030,32,173,173,,-0.0019000000000000022,0.0,0.0
904,h2_storage,2030,32,174,174,,-0.0019000000000000022,0.0,0.0
905,h2_storage,2030,32,175,175,,-0.0019000000000000022,0.0,0.0
906,h2_storage,2030,32,176,176,,-0.0019000000000000022,0.0,0.0
907,h2_storage,2030,32,177,177,,-0.0019000000000000022,0.0,0.0
908,h2_storage,2030,32,178,178,,-0.0019000000000000022,0.0,0.0
909,h2_storage,2030,32,179,179,,-0.0019000000000000022,0.0,0.0
910,h2_storage,2030,32,180,180,,-0.0019000000000000022,0.0,0.0
911,h2_storage,2030,32,181,181,,-0.0018999999999999996,0.0,0.0
912,h2_storage,2030,32,182,182,,-0.0018999999999999996,0.0,0.0
913,h2_storage,2030,32,183,183,,-0.0018999999999999996,0.0,0.0
914,h2_storage,2030,32,184,184,,-0.0018999999999999996,0.0,0.0
915,h2_storage,2030,32,185,185,,-0.0018999999999999996,0.0,0.0
916,h2_storage,2030,32,186,186,,-0.0018999999999999996,0.0,0.0
917,h2_storage,2030,32,187,187,,-0.0018999999999999996,0.0,0.0
918,h2_storage,2030,32,188,188,,-0.0018999999999999996,0.0,0.0
919,h2_storage,2030,32,189,189,,-0.0018999999999999996,0.0,0.0
920,h2_storage,2030,32,190,190,,-0.0018999999999999996,0.0,0.0
921,h2_storage,2030,32,191,191,,-0.0018999999999999996,0.0,0.0
922,h2_storage,2030,32,192,192,,-0.0018999999999999996,0.0,0.0
923,h2_storage,2030,32,193,193,,-0.0018999999999999996,0.0,0.0
924,h2_storage,2030,32,194,194,,-0.0018999999999999996,0.0,0.0
925,h2_storage,2030,32,195,195,,-0.0018999999999999996,0.0,0.0
926,h2_storage,2030,32,196,196,,-0.0018999999999999996,0.0,0.0
927,h2_storage,2030,32,197,197,,-0.0018999999999999996,0.0,0.0
928,h2_storage,2030,32,198,198,,-0.0018999999999999996,0.0,0.0
929,h2_storage,2030,32,199,199,,-0.0018999999999999996,0.0,0.0
930,h2_storage,2030,32,200,200,,-0.0018999999999999996,0.0,0.0
931,h2_storage,2030,32,201,201,,-0.0018999999999999996,0.0,0.0
932,h2_storage,2030,32,202,202,,-0.0018999999999999996,0.0,0.0
933,h2_storage,2030,32,203,203,,-0.0018999999999999996,0.0,0.0
934,h2_storage,2030,32,204,204,,-0.0018999999999999996,0.0,0.0
935,h2_storage,2030,32,205,205,,-0.0018999999999999996,0.0,0.0
936,h2_storage,2030,32,206,206,,-0.0018999999999999996,0.0,0.0
937,h2_storage,2030,32,207,207,,-0.0018999999999999996,0.0,0.0
938,h2_storage,2030,32,208,208,,-0.0018999999999999996,0.0,0.0
939,h2_storage,2030,32,209,209,,-0.0018999999999999996,0.0,0.0
940,h2_storage,2030,32,210,210,,-0.0018999999999999996,0.0,0.0
941,h2_storage,2030,32,211,211,,-0.0018999999999999996,0.0,0.0
942,h2_storage,2030,32,212,212,,-0.0018999999999999996,0.0,0.0
943,h2_storage,2030,32,213,213,,-0.0018999999999999996,0.0,0.0
944,h2_storage,2030,32,214,214,,-0.0018999999999999996,0.0,0.0
945,h2_storage,2030,32,215,215,,-0.0018999999999999996,0.0,0.0
946,h2_storage,2030,32,216,216,,-0.0018999999999999996,0.0,0.0
947,h2_storage,2030,32,217,217,,-0.0018999999999999996,0.0,0.0
948,h2_storage,2030,32,218,218,,-0.0018999999999999996,0.0,0.0
949,h2_storage,2030,32,219,219,,-0.0018999999999999996,0.0,0.0
950,h2_storage,2030,32,220,220,,-0.0018999999999999996,0.0,0.0
951,h2_storage,2030,32,221,221,,-0.0018999999999999996,0.0,0.0
952,h2_storage,2030,32,222,222,,-0.0018999999999999996,0.0,0.0
953,h2_storage,2030,32,223,223,,-0.0018999999999999996,0.0,0.0
954,h2_storage,2030,32,224,224,,-0.0018999999999999996,0.0,0.0
955,h2_storage,2030,32,225,225,,-0.0018999999999999996,0.0,0.0
956,h2_storage,2030,32,226,226,,-0.0018999999999999996,0.0,0.0
957,h2_storage,2030,32,227,227,,-0.0018999999999999996,0.0,0.0
958,h2_storage,2030,32,228,228,,-0.0018999999999999996,0.0,0.0
959,h2_storage,2030,32,229,229,,-0.0018999999999999996,0.0,0.0
960,h2_storage,2030,32,230,230,,-0.0018999999999999996,0.0,0.0
961,h2_storage,2030,32,231,231,,-0.0018999999999999996,0.0,0.0
962,h2_storage,2030,32,232,232,,-0.0018999999999999996,0.0,0.0
963,h2_storage,2030,32,233,233,,-0.0018999999999999996,0.0,0.0
964,h2_storage,2030,32,234,234,,-0.0018999999999999996,0.0,0.0
965,h2_storage,2030,32,235,235,,-0.0018999999999999996,0.0,0.0
966,h2_storage,2030,32,236,236,,-0.0018999999999999996,0.0,0.0
967,h2_storage,2030,32,237,237,,-0.0018999999999999996,0.0,0.0
968,h2_storage,2030,32,238,238,,-0.0018999999999999996,0.0,0.0
969,h2_storage,2030,32,239,239,,-0.0018999999999999996,0.0,0.0
970,h2_storage,2030,32,240,240,,-0.0018999999999999996,0.0,0.0
971,h2_storage,2030,32,241,241,,-0.0018999999999999996,0.0,0.0
972,h2_storage,2030,32,242,242,,-0.0018999999999999996,0.0,0.0
973,h2_storage,2030,32,243,243,,-0.0018999999999999996,0.0,0.0
974,h2_storage,2030,32,244,244,,-0.0018999999999999996,0.0,0.0
975,h2_storage,2030,32,245,245,,-0.0018999999999999996,0.0,0.0
976,h2_storage,2030,32,246,246,,-0.0018999999999999996,0.0,0.0
977,h2_storage,2030,32,247,247,,-0.0018999999999999996,0.0,0.0
978,h2_storage,2030,32,248,248,,-0.0018999999999999996,0.0,0.0
979,h2_storage,2030,32,249,249,,-0.0018999999999999996,0.0,0.0
980,h2_storage,2030,32,250,250,,-0.0018999999999999996,0.0,0.0
981,h2_storage,2030,32,251,251,,-0.0018999999999999996,0.0,0.0
982,h2_storage,2030,32,252,252,,-0.0018999999999999996,0.0,0.0
983,h2_storage,2030,32,253,253,,-0.0018999999999999996,0.0,0.0
984,h2_storage,2030,32,254,254,,-0.0018999999999999996,0.0,0.0
985,h2_storage,2030,32,255,255,,-0.0018999999999999996,0.0,0.0
986,h2_storage,2030,32,256,256,,-0.0018999999999999996,0.0,0.0
987,h2_storage,2030,32,257,257,,-0.0018999999999999996,0.0,0.0
988,h2_storage,2030,32,258,258,,-0.0018999999999999996,0.0,0.0
989,h2_storage,2030,32,259,259,,-0.0018999999999999996,0.0,0.0
990,h2_storage,2030,32,260,260,,-0.0018999999999999996,0.0,0.0
991,h2_storage,2030,32,261,261,,-0.0018999999999999996,0.0,0.0
992,h2_storage,2030,32,262,262,,-0.0018999999999999996,0.0,0.0
993,h2_storage,2030,32,263,263,,-0.0018999999999999996,0.0,0.0
994,h2_storage,2030,32,264,264,,-0.0018999999999999996,0.0,0.0
995,h2_storage,2030,32,265,265,,-0.0018999999999999996,0.0,0.0
996,h2_storage,2030,32,266,266,,-0.0018999999999999996,0.0,0.0
997,h2_storage,2030,32,267,267,,-0.0018999999999999996,0.0,0.0
998,h2_storage,2030,32,268,268,,-0.0018999999999999996,0.0,0.0
999,h2_storage,2030,32,269,269,,-0.0018999999999999996,0.0,0.0
1000,h2_storage,2030,32,270,270,,-0.0018999999999999996,0.0,0.0
1001,h2_storage,2030,32,271,271,,-0.0018999999999999996,0.0,0.0
1002,h2_storage,2030,32,272,272,,-0.0018999999999999996,0.0,0.0
1003,h2_storage,2030,32,273,273,,-0.0018999999999999996,0.0,0.0
1004,h2_storage,2030,32,274,274,,-0.0018999999999999996,0.0,0.0
1005,h2_storage,2030,32,275,275,,-0.0018999999999999996,0.0,0.0
1006,h2_storage,2030,32,276,276,,-0.0018999999999999996,0.0,0.0
1007,h2_storage,2030,32,277,277,,-0.0019000000000000032,0.0,0.0
1008,h2_storage,2030,32,278,278,,-0.0019000000000000032,0.0,0.0
1009,h2_storage,2030,32,279,279,,-0.0019000000000000032,0.0,0.0
1010,h2_storage,2030,32,280,280,,-0.0019000000000000032,0.0,0.0
1011,h2_storage,2030,32,281,281,,-0.0019000000000000032,0.0,0.0
1012,h2_storage,2030,32,282,282,,-0.0019000000000000032,0.0,0.0
1013,h2_storage,2030,32,283,283,,-0.0019000000000000032,0.0,0.0
1014,h2_storage,2030,32,284,284,,-0.0019000000000000032,0.0,0.0
1015,h2_storage,2030,32,285,285,,-0.0019000000000000032,0.0,0.0
1016,h2_storage,2030,32,286,286,,-0.0019000000000000032,0.0,0.0
1017,h2_storage,2030,32,287,287,,-0.0019000000000000032,0.0,0.0
1018,h2_storage,2030,32,288,288,,-0.0019000000000000032,0.0,0.0
1019,h2_storage,2030,32,289,289,,-0.0019000000000000032,0.0,0.0
1020,h2_storage,2030,32,290,290,,-0.0019000000000000032,0.0,0.0
1021,h2_storage,2030,32,291,291,,-0.0019000000000000032,0.0,0.0
1022,h2_storage,2030,32,292,292,,-0.0019000000000000032,0.0,0.0
1023,h2_storage,2030,32,293,293,,-0.0019000000000000032,0.0,0.0
1024,h2_storage,2030,32,294,294,,-0.0019000000000000032,0.0,0.0
1025,h2_storage,2030,32,295,295,,-0.0019000000000000032,0.0,0.0
1026,h2_storage,2030,32,296,296,,-0.0019000000000000032,0.0,0.0
1027,h2_storage,2030,32,297,297,,-0.0019000000000000032,0.0,0.0
1028,h2_storage,2030,32,298,298,,-0.0019000000000000032,0.0,0.0
1029,h2_storage,2030,32,299,299,,-0.0019000000000000032,0.0,0.0
1030,h2_storage,2030,32,300,300,,-0.0019000000000000032,0.0,0.0
1031,h2_storage,2030,32,301,301,,-0.0019000000000000032,0.0,0.0
1032,h2_storage,2030,32,302,302,,-0.0019000000000000032,0.0,0.0
1033,h2_storage,2030,32,303,303,,-0.0019000000000000032,0.0,0.0
1034,h2_storage,2030,32,304,304,,-0.0019000000000000032,0.0,0.0
1035,h2_storage,2030,32,305,305,,-0.0019000000000000032,0.0,0.0
1036,h2_storage,2030,32,306,306,,-0.0019000000000000032,0.0,0.0
1037,h2_storage,2030,32,307,307,,-0.0019000000000000032,0.0,0.0
1038,h2_storage,2030,32,308,308,,-0.0019000000000000032,0.0,0.0
1039,h2_storage,2030,32,309,309,,-0.0019000000000000032,0.0,0.0
1040,h2_storage,2030,32,310,310,,-0.0019000000000000032,0.0,0.0
1041,h2_storage,2030,32,311,311,,-0.0019000000000000032,0.0,0.0
1042,h2_storage,2030,32,312,312,,-0.0019000000000000032,0.0,0.0
1043,h2_storage,2030,32,313,313,,-0.0019000000000000032,0.0,0.0
1044,h2_storage,2030,32,314,314,,-0.0019000000000000032,0.0,0.0
1045,h2_storage,2030,32,315,315,,-0.0019000000000000032,0.0,0.0
1046,h2_storage,2030,32,316,316,,-0.0019000000000000032,0.0,0.0
1047,h2_storage,2030,32,317,317,,-0.0019000000000000032,0.0,0.0
1048,h2_storage,2030,32,318,318,,-0.0019000000000000032,0.0,0.0
1049,h2_storage,2030,32,319,319,,-0.0019000000000000032,0.0,0.0
1050,h2_storage,2030,32,320,320,,-0.0019000000000000032,0.0,0.0
1051,h2_storage,2030,32,321,321,,-0.0019000000000000032,0.0,0.0
1052,h2_storage,2030,32,322,322,,-0.0019000000000000032,0.0,0.0
1053,h2_storage,2030,32,323,323,,-0.0019000000000000032,0.0,0.0
1054,h2_storage,2030,32,324,324,,-0.0019000000000000032,0.0,0.0
1055,h2_storage,2030,32,325,325,,-0.0019000000000000032,0.0,0.0
1056,h2_storage,2030,32,326,326,,-0.0019000000000000032,0.0,0.0
1057,h2_storage,2030,32,327,327,,-0.0019000000000000032,0.0,0.0
1058,h2_storage,2030,32,328,328,,-0.0019000000000000032,0.0,0.0
1059,h2_storage,2030,32,329,329,,-0.0019000000000000032,0.0,0.0
1060,h2_storage,2030,32,330,330,,-0.0019000000000000032,0.0,0.0
1061,h2_storage,2030,32,331,331,,-0.0019000000000000032,0.0,0.0
1062,h2_storage,2030,32,332,332,,-0.0019000000000000032,0.0,0.0
1063,h2_storage,2030,32,333,333,,-0.0019000000000000032,0.0,0.0
1064,h2_storage,2030,32,334,334,,-0.0019000000000000032,0.0,0.0
1065,h2_storage,2030,32,335,335,,-0.0019000000000000032,0.0,0.0
1066,h2_storage,2030,32,336,336,,-0.0019000000000000032,0.0,0.0
1067,h2_storage,2030,32,337,337,,-0.0019000000000000032,0.0,0.0
1068,h2_storage,2030,32,338,338,,-0.0019000000000000032,0.0,0.0
1069,h2_storage,2030,32,339,339,,-0.0019000000000000032,0.0,0.0
1070,h2_storage,2030,32,340,340,,-0.0019000000000000032,0.0,0.0
1071,h2_storage,2030,32,341,341,,-0.0019000000000000032,0.0,0.0
1072,h2_storage,2030,32,342,342,,-0.0019000000000000032,0.0,0.0
1073,h2_storage,2030,32,343,343,,-0.0019000000000000032,0.0,0.0
1074,h2_storage,2030,32,344,344,,-0.0019000000000000032,0.0,0.0
1075,h2_storage,2030,32,345,345,,-0.0019000000000000032,0.0,0.0
1076,h2_storage,2030,32,346,346,,-0.0019000000000000032,0.0,0.0
1077,h2_storage,2030,32,347,347,,-0.0019000000000000032,0.0,0.0
1078,h2_storage,2030,32,348,348,,-0.0019000000000000032,0.0,0.0
1079,h2_storage,2030,32,349,349,,-0.0019000000000000032,0.0,0.0
1080,h2_storage,2030,32,350,350,,-0.0019000000000000032,0.0,0.0
1081,h2_storage,2030,32,351,351,,-0.0019000000000000032,0.0,0.0
1082,h2_storage,2030,32,352,352,,-0.0019000000000000032,0.0,0.0
1083,h2_storage,2030,32,353,353,,-0.0019000000000000032,0.0,0.0
1084,h2_storage,2030,32,354,354,,-0.0019000000000000032,0.0,0.0
1085,h2_storage,2030,32,355,355,,-0.0019000000000000032,0.0,0.0
1086,h2_storage,2030,32,356,356,,-0.0019000000000000032,0.0,0.0
1087,h2_storage,2030,32,357,357,,-0.0019000000000000032,0.0,0.0
1088,h2_storage,2030,32,358,358,,-0.0019000000000000032,0.0,0.0
1089,h2_storage,2030,32,359,359,,-0.0019000000000000032,0.0,0.0
1090,h2_storage,2030,32,360,360,,-0.001900000000000019,0.0,0.0
1091,h2_storage,2030,32,361,361,,-0.001900000000000019,0.0,0.0
1092,h2_storage,2030,32,362,362,,-0.0019000000000000006,0.0,0.0
1093,h2_storage,2030,32,363,363,,-0.0019000000000000006,0.0,0.0
1094,h2_storage,2030,32,364,364,,-0.0019000000000000006,0.0,0.0
1095,h2_storage,2030,32,365,365,,-0.0019000000000000006,0.0,0.0
1096,h2_storage,2030,35,1,1,,-1.7515149760471842,0.0,0.0
1097,h2_storage,2030,35,2,2,,-0.04578475422134123,0.0,0.0
1098,h2_storage,2030,35,3,3,,-0.04578475422134123,0.0,0.0
1099,h2_storage,2030,35,4,4,,-0.04578475422134123,0.0,0.0
1100,h2_storage,2030,35,5,5,,-0.04578475422134123,0.0,0.0
1101,h2_storage,2030,35,6,6,,-0.04578475422134123,0.0,0.0
1102,h2_storage,2030,35,7,7,,-0.04578475422134123,0.0,0.0
1103,h2_storage,2030,35,8,8,,-0.04578475422134123,0.0,0.0
1104,h2_storage,2030,35,9,9,,-0.04578475422134123,0.0,0.0
1105,h2_storage,2030,35,10,10,,-0.04578475422134123,0.0,0.0
1106,h2_storage,2030,35,11,11,,-0.04578475422134123,0.0,0.0
1107,h2_storage,2030,35,12,12,,-0.04578475422134123,0.0,0.0
1108,h2_storage,2030,35,13,13,,-0.04578475422134123,0.0,0.0
1109,h2_storage,2030,35,14,14,,-0.04578475422134123,0.0,0.0
1110,h2_storage,2030,35,15,15,,-0.04578475422134123,0.0,0.0
1111,h2_storage,2030,35,16,16,,-0.04578475422134123,0.0,0.0
1112,h2_storage,2030,35,17,17,,-0.04578475422134123,0.0,0.0
1113,h2_storage,2030,35,18,18,,-0.04578475422134123,0.0,0.0
1114,h2_storage,2030,35,19,19,,-0.04578475422134123,0.0,0.0
1115,h2_storage,2030,35,20,20,,-0.04578475422134123,0.0,0.0
1116,h2_storage,2030,35,21,21,,-0.04578475422134123,0.0,0.0
1117,h2_storage,2030,35,22,22,,-0.04578475422134123,0.0,0.0
1118,h2_storage,2030,35,23,23,,-0.04578475422134123,0.0,0.0
1119,h2_storage,2030,35,24,24,,-0.04578475422134123,0.0,0.0
1120,h2_storage,2030,35,25,25,,-0.04578475422134123,0.0,0.0
1121,h2_storage,2030,35,26,26,,-0.04578475422134123,0.0,0.0
1122,h2_storage,2030,35,27,27,,-0.04578475422134123,0.0,0.0
1123,h2_storage,2030,35,28,28,,-0.04578475422134123,0.0,0.0
1124,h2_storage,2030,35,29,29,,-0.04578475422134123,0.0,0.0
1125,h2_storage,2030,35,30,30,,-0.04578475422134123,0.0,0.0
1126,h2_storage,2030,35,31,31,,-0.04578475422134123,0.0,0.0
1127,h2_storage,2030,35,32,32,,-0.04578475422134123,0.0,0.0
1128,h2_storage,2030,35,33,33,,-0.04578475422134123,0.0,0.0
1129,h2_storage,2030,35,34,34,,-0.04578475422134123,0.0,0.0
1130,h2_storage,2030,35,35,35,,-0.04578475422134123,0.0,0.0
1131,h2_storage,2030,35,36,36,,-0.04578475422134123,0.0,0.0
1132,h2_storage,2030,35,37,37,,-0.04578475422134123,0.0,0.0
1133,h2_storage,2030,35,38,38,,-0.04578475422134123,0.0,0.0
1134,h2_storage,2030,35,39,39,,-0.04578475422134123,0.0,0.0
1135,h2_storage,2030,35,40,40,,-0.04578475422134123,0.0,0.0
1136,h2_storage,2030,35,41,41,,-0.04578475422134123,0.0,0.0
1137,h2_storage,2030,35,42,42,,-0.04578475422134123,0.0,0.0
1138,h2_storage,2030,35,43,43,,-0.04578475422134123,0.0,0.0
1139,h2_storage,2030,35,44,44,,-0.04578475422134123,0.0,0.0
1140,h2_storage,2030,35,45,45,,-0.04578475422134123,0.0,0.0
1141,h2_storage,2030,35,46,46,,-0.04578475422134123,0.0,0.0
1142,h2_storage,2030,35,47,47,,-0.04578475422134123,0.0,0.0
1143,h2_storage,2030,35,48,48,,-0.04578475422134123,0.0,0.0
1144,h2_storage,2030,35,49,49,,-0.04578475422134123,0.0,0.0
1145,h2_storage,2030,35,50,50,,-0.04578475422134123,0.0,0.0
1146,h2_storage,2030,35,51,51,,-0.04578475422134123,0.0,0.0
1147,h2_storage,2030,35,52,52,,-0.04578475422134123,0.0,0.0
1148,h2_storage,2030,35,53,53,,-0.04578475422134123,0.0,0.0
1149,h2_storage,2030,35,54,54,,-0.04578475422134123,0.0,0.0
1150,h2_storage,2030,35,55,55,,-0.04578475422134123,0.0,0.0
1151,h2_storage,2030,35,56,56,,-0.04578475422134123,0.0,0.0
1152,h2_storage,2030,35,57,57,,-0.04578475422134123,0.0,0.0
1153,h2_storage,2030,35,58,58,,-0.04578475422134123,0.0,0.0
1154,h2_storage,2030,35,59,59,,-0.04578475422134123,0.0,0.0
1155,h2_storage,2030,35,60,60,,-0.04578475422134123,0.0,0.0
1156,h2_storage,2030,35,61,61,,-0.04578475422134123,0.0,0.0
1157,h2_storage,2030,35,62,62,,-0.04578475422134123,0.0,0.0
1158,h2_storage,2030,35,63,63,,-0.04578475422134123,0.0,0.0
1159,h2_storage,2030,35,64,64,,-0.04578475422134123,0.0,0.0
1160,h2_storage,2030,35,65,65,,-0.04578475422134123,0.0,0.0
1161,h2_storage,2030,35,66,66,,-0.04578475422134123,0.0,0.0
1162,h2_storage,2030,35,67,67,,-0.04578475422134123,0.0,0.0
1163,h2_storage,2030,35,68,68,,-0.04578475422134123,0.0,0.0
1164,h2_storage,2030,35,69,69,,-0.04578475422134123,0.0,0.0
1165,h2_storage,2030,35,70,70,,-0.04578475422134123,0.0,0.0
1166,h2_storage,2030,35,71,71,,-0.04578475422134123,0.0,0.0
1167,h2_storage,2030,35,72,72,,-0.04578475422134123,0.0,0.0
1168,h2_storage,2030,35,73,73,,-0.04578475422134123,0.0,0.0
1169,h2_storage,2030,35,74,74,,-0.04578475422134123,0.0,0.0
1170,h2_storage,2030,35,75,75,,-0.04578475422134123,0.0,0.0
1171,h2_storage,2030,35,76,76,,-0.04578475422134123,0.0,0.0
1172,h2_storage,2030,35,77,77,,-0.04578475422134123,0.0,0.0
1173,h2_storage,2030,35,78,78,,-0.04578475422134123,0.0,0.0
1174,h2_storage,2030,35,79,79,,-0.04578475422134123,0.0,0.0
1175,h2_storage,2030,35,80,80,,-0.04578475422134123,0.0,0.0
1176,h2_storage,2030,35,81,81,,-0.04578475422134123,0.0,0.0
1177,h2_storage,2030,35,82,82,,-0.04578475422134123,0.0,0.0
1178,h2_storage,2030,35,83,83,,-0.04578475422134123,0.0,0.0
1179,h2_storage,2030,35,84,84,,-0.04578475422134123,0.0,0.0
1180,h2_storage,2030,35,85,85,,-0.04578475422134123,0.0,0.0
1181,h2_storage,2030,35,86,86,,-0.04578475422134123,0.0,0.0
1182,h2_storage,2030,35,87,87,,-0.04578475422134123,0.0,0.0
1183,h2_storage,2030,35,88,88,,-0.04578475422134123,0.0,0.0
1184,h2_storage,2030,35,89,89,,-0.04578475422134123,0.0,0.0
1185,h2_storage,2030,35,90,90,,-0.04578475422134123,0.0,0.0
1186,h2_storage,2030,35,91,91,,-0.04578475422134123,0.0,0.0
1187,h2_storage,2030,35,92,92,,-0.04578475422134123,0.0,0.0
1188,h2_storage,2030,35,93,93,,-0.04578475422134123,0.0,0.0
1189,h2_storage,2030,35,94,94,,-0.04578475422134123,0.0,0.0
1190,h2_storage,2030,35,95,95,,-0.04578475422134123,0.0,0.0
1191,h2_storage,2030,35,96,96,,-0.04578475422134123,0.0,0.0
1192,h2_storage,2030,35,97,97,,-0.04578475422134123,0.0,0.0
1193,h2_storage,2030,35,98,98,,-0.04578475422134123,0.0,0.0
1194,h2_storage,2030,35,99,99,,-0.04578475422134123,0.0,0.0
1195,h2_storage,2030,35,100,100,,-0.04578475422134123,0.0,0.0
1196,h2_storage,2030,35,101,101,,-0.04578475422134123,0.0,0.0
1197,h2_storage,2030,35,102,102,,-0.04578475422134123,0.0,0.0
1198,h2_storage,2030,35,103,103,,-0.04578475422134123,0.0,0.0
1199,h2_storage,2030,35,104,104,,-0.04578475422134123,0.0,0.0
1200,h2_storage,2030,35,105,105,,-0.04578475422134123,0.0,0.0
1201,h2_storage,2030,35,106,106,,-0.04578475422134123,0.0,0.0
1202,h2_storage,2030,35,107,107,,-0.04578475422134123,0.0,0.0
1203,h2_storage,2030,35,108,108,,-0.04578475422134123,0.0,0.0
1204,h2_storage,2030,35,109,109,,-0.04578475422134123,0.0,0.0
1205,h2_storage,2030,35,110,110,,-0.04578475422134123,0.0,0.0
1206,h2_storage,2030,35,111,111,,-0.04578475422134123,0.0,0.0
1207,h2_storage,2030,35,112,112,,-0.04578475422134123,0.0,0.0
1208,h2_storage,2030,35,113,113,,-0.04578475422134123,0.0,0.0
1209,h2_storage,2030,35,114,114,,-0.04578475422134123,0.0,0.0
1210,h2_storage,2030,35,115,115,,-0.04578475422134123,0.0,0.0
1211,h2_storage,2030,35,116,116,,-0.04578475422134123,0.0,0.0
1212,h2_storage,2030,35,117,117,,-0.04578475422134123,0.0,0.0
1213,h2_storage,2030,35,118,118,,-0.04578475422134123,0.0,0.0
1214,h2_storage,2030,35,119,119,,-0.04578475422134123,0.0,0.0
1215,h2_storage,2030,35,120,120,,-0.04578475422134123,0.0,0.0
1216,h2_storage,2030,35,121,121,,-0.04578475422134123,0.0,0.0
1217,h2_storage,2030,35,122,122,,-0.04578475422134123,0.0,0.0
1218,h2_storage,2030,35,123,123,,-0.04578475422134123,0.0,0.0
1219,h2_storage,2030,35,124,124,,-0.04578475422134123,0.0,0.0
1220,h2_storage,2030,35,125,125,,-0.04578475422134123,0.0,0.0
1221,h2_storage,2030,35,126,126,,-0.04578475422134123,0.0,0.0
1222,h2_storage,2030,35,127,127,,-0.04578475422134123,0.0,0.0
1223,h2_storage,2030,35,128,128,,-0.04578475422134123,0.0,0.0
1224,h2_storage,2030,35,129,129,,-0.04578475422134123,0.0,0.0
1225,h2_storage,2030,35,130,130,,-0.04578475422134123,0.0,0.0
1226,h2_storage,2030,35,131,131,,-0.04578475422134123,0.0,0.0
1227,h2_storage,2030,35,132,132,,-0.04578475422134123,0.0,0.0
1228,h2_storage,2030,35,133,133,,-0.04578475422134123,0.0,0.0
1229,h2_storage,2030,35,134,134,,-0.04578475422134123,0.0,0.0
1230,h2_storage,2030,35,135,135,,-0.04578475422134123,0.0,0.0
1231,h2_storage,2030,35,136,136,,-0.04578475422134123,0.0,0.0
1232,h2_storage,2030,35,137,137,,-0.04578475422134123,0.0,0.0
1233,h2_storage,2030,35,138,138,,-0.04578475422134123,0.0,0.0
1234,h2_storage,2030,35,139,139,,-0.04578475422134123,0.0,0.0
1235,h2_storage,2030,35,140,140,,-0.04578475422134123,0.0,0.0
1236,h2_storage,2030,35,141,141,,-0.04578475422134123,0.0,0.0
1237,h2_storage,2030,35,142,142,,-0.04578475422134123,0.0,0.0
1238,h2_storage,2030,35,143,143,,-0.04578475422134123,0.0,0.0
1239,h2_storage,2030,35,144,144,,-0.04578475422134123,0.0,0.0
1240,h2_storage,2030,35,145,145,,-0.04578475422134123,0.0,0.0
1241,h2_storage,2030,35,146,146,,-0.04578475422134123,0.0,0.0
1242,h2_storage,2030,35,147,147,,-0.04578475422134123,0.0,0.0
1243,h2_storage,2030,35,148,148,,-0.04578475422134123,0.0,0.0
1244,h2_storage,2030,35,149,149,,-0.04578475422134123,0.0,0.0
1245,h2_storage,2030,35,150,150,,-0.04578475422134123,0.0,0.0
1246,h2_storage,2030,35,151,151,,-0.04578475422134123,0.0,0.0
1247,h2_storage,2030,35,152,152,,-0.04578475422134123,0.0,0.0
1248,h2_storage,2030,35,153,153,,-0.04578475422134123,0.0,0.0
1249,h2_storage,2030,35,154,154,,-0.04578475422134123,0.0,0.0
1250,h2_storage,2030,35,155,155,,-0.04578475422134123,0.0,0.0
1251,h2_storage,2030,35,156,156,,-0.04578475422134123,0.0,0.0
1252,h2_storage,2030,35,157,157,,-0.04578475422134123,0.0,0.0
1253,h2_storage,2030,35,158,158,,-0.04578475422134123,0.0,0.0
1254,h2_storage,2030,35,159,159,,-0.04578475422134123,0.0,0.0
1255,h2_storage,2030,35,160,160,,-0.04578475422134123,0.0,0.0
1256,h2_storage,2030,35,161,161,,-0.04578475422134123,0.0,0.0
1257,h2_storage,2030,35,162,162,,-0.04578475422134123,0.0,0.0
1258,h2_storage,2030,35,163,163,,-0.04578475422134123,0.0,0.0
1259,h2_storage,2030,35,164,164,,-0.04578475422134123,0.0,0.0
1260,h2_storage,2030,35,165,165,,-0.04578475422134123,0.0,0.0
1261,h2_storage,2030,35,166,166,,-0.04578475422134123,0.0,0.0
1262,h2_storage,2030,35,167,167,,-0.04578475422134123,0.0,0.0
1263,h2_storage,2030,35,168,168,,-0.04578475422134123,0.0,0.0
1264,h2_storage,2030,35,169,169,,-0.04578475422134123,0.0,0.0
1265,h2_storage,2030,35,170,170,,-0.04578475422134123,0.0,0.0
1266,h2_storage,2030,35,171,171,,-0.04578475422134123,0.0,0.0
1267,h2_storage,2030,35,172,172,,-0.04578475422134123,0.0,0.0
1268,h2_storage,2030,35,173,173,,-0.04578475422134123,0.0,0.0
1269,h2_storage,2030,35,174,174,,-0.04578475422134123,0.0,0.0
1270,h2_storage,2030,35,175,175,,-0.04578475422134123,0.0,0.0
1271,h2_storage,2030,35,176,176,,-0.04578475422134123,0.0,0.0
1272,h2_storage,2030,35,177,177,,-0.04578475422134123,0.0,0.0
1273,h2_storage,2030,35,178,178,,-0.04578475422134123,0.0,0.0
1274,h2_storage,2030,35,179,179,,-0.04578475422134123,0.0,0.0
1275,h2_storage,2030,35,180,180,,-0.04578475422134123,0.0,0.0
1276,h2_storage,2030,35,181,181,,-0.04578475422134123,0.0,0.0
1277,h2_storage,2030,35,182,182,,-0.04578475422134123,0.0,0.0
1278,h2_storage,2030,35,183,183,,-0.04578475422134123,0.0,0.0
1279,h2_storage,2030,35,184,184,,-0.04578475422134123,0.0,0.0
1280,h2_storage,2030,35,185,185,,-0.04578475422134123,0.0,0.0
1281,h2_storage,2030,35,186,186,,-0.04578475422134123,0.0,0.0
1282,h2_storage,2030,35,187,187,,-0.04578475422134123,0.0,0.0
1283,h2_storage,2030,35,188,188,,-0.04578475422134123,0.0,0.0
1284,h2_storage,2030,35,189,189,,-0.04578475422134123,0.0,0.0
1285,h2_storage,2030,35,190,190,,-0.04578475422134123,0.0,0.0
1286,h2_storage,2030,35,191,191,,-0.04578475422134123,0.0,0.0
1287,h2_storage,2030,35,192,192,,-0.04578475422134123,0.0,0.0
1288,h2_storage,2030,35,193,193,,-0.04578475422134123,0.0,0.0
1289,h2_storage,2030,35,194,194,,-0.04578475422134123,0.0,0.0
1290,h2_storage,2030,35,195,195,,-0.04578475422134123,0.0,0.0
1291,h2_storage,2030,35,196,196,,-0.04578475422134123,0.0,0.0
1292,h2_storage,2030,35,197,197,,-0.04578475422134123,0.0,0.0
1293,h2_storage,2030,35,198,198,,-0.04578475422134123,0.0,0.0
1294,h2_storage,2030,35,199,199,,-0.04578475422134123,0.0,0.0
1295,h2_storage,2030,35,200,200,,-0.04578475422134123,0.0,0.0
1296,h2_storage,2030,35,201,201,,-0.04578475422134123,0.0,0.0
1297,h2_storage,2030,35,202,202,,-0.04578475422134123,0.0,0.0
1298,h2_storage,2030,35,203,203,,-0.04578475422134123,0.0,0.0
1299,h2_storage,2030,35,204,204,,-0.04578475422134123,0.0,0.0
1300,h2_storage,2030,35,205,205,,-0.04578475422134123,0.0,0.0
1301,h2_storage,2030,35,206,206,,-0.04578475422134123,0.0,0.0
1302,h2_storage,2030,35,207,207,,-0.04578475422134123,0.0,0.0
1303,h2_storage,2030,35,208,208,,-0.04578475422134123,0.0,0.0
1304,h2_storage,2030,35,209,209,,-0.04578475422134123,0.0,0.0
1305,h2_storage,2030,35,210,210,,-0.04578475422134123,0.0,0.0
1306,h2_storage,2030,35,211,211,,-0.04578475422134123,0.0,0.0
1307,h2_storage,2030,35,212,212,,-0.04578475422134123,0.0,0.0
1308,h2_storage,2030,35,213,213,,-0.04578475422134123,0.0,0.0
1309,h2_storage,2030,35,214,214,,-0.04578475422134123,0.0,0.0
1310,h2_storage,2030,35,215,215,,-0.04578475422134123,0.0,0.0
1311,h2_storage,2030,35,216,216,,-0.04578475422134123,0.0,0.0
1312,h2_storage,2030,35,217,217,,-0.04578475422134123,0.0,0.0
1313,h2_storage,2030,35,218,218,,-0.04578475422134123,0.0,0.0
1314,h2_storage,2030,35,219,219,,-0.04578475422134123,0.0,0.0
1315,h2_storage,2030,35,220,220,,-0.04578475422134123,0.0,0.0
1316,h2_storage,2030,35,221,221,,-0.04578475422134123,0.0,0.0
1317,h2_storage,2030,35,222,222,,-0.04578475422134123,0.0,0.0
1318,h2_storage,2030,35,223,223,,-0.04578475422134123,0.0,0.0
1319,h2_storage,2030,35,224,224,,-0.04578475422134123,0.0,0.0
1320,h2_storage,2030,35,225,225,,-0.04578475422134123,0.0,0.0
1321,h2_storage,2030,35,226,226,,-0.04578475422134123,0.0,0.0
1322,h2_storage,2030,35,227,227,,-0.04578475422134123,0.0,0.0
1323,h2_storage,2030,35,228,228,,-0.04578475422134123,0.0,0.0
1324,h2_storage,2030,35,229,229,,-0.04578475422134123,0.0,0.0
1325,h2_storage,2030,35,230,230,,-0.04578475422134123,0.0,0.0
1326,h2_storage,2030,35,231,231,,-0.04578475422134123,0.0,0.0
1327,h2_storage,2030,35,232,232,,-0.04578475422134123,0.0,0.0
1328,h2_storage,2030,35,233,233,,-0.04578475422134123,0.0,0.0
1329,h2_storage,2030,35,234,234,,-0.04578475422134123,0.0,0.0
1330,h2_storage,2030,35,235,235,,-0.04578475422134123,0.0,0.0
1331,h2_storage,2030,35,236,236,,-0.04578475422134123,0.0,0.0
1332,h2_storage,2030,35,237,237,,-0.04578475422134123,0.0,0.0
1333,h2_storage,2030,35,238,238,,-0.04578475422134123,0.0,0.0
1334,h2_storage,2030,35,239,239,,-0.04578475422134123,0.0,0.0
1335,h2_storage,2030,35,240,240,,-0.04578475422134123,0.0,0.0
1336,h2_storage,2030,35,241,241,,-0.04578475422134123,0.0,0.0
1337,h2_storage,2030,35,242,242,,-0.04578475422134123,0.0,0.0
1338,h2_storage,2030,35,243,243,,-0.04578475422134123,0.0,0.0
1339,h2_storage,2030,35,244,244,,-0.04578475422134123,0.0,0.0
1340,h2_storage,2030,35,245,245,,-0.04578475422134123,0.0,0.0
1341,h2_storage,2030,35,246,246,,-0.04578475422134123,0.0,0.0
1342,h2_storage,2030,35,247,247,,-0.04578475422134123,0.0,0.0
1343,h2_storage,2030,35,248,248,,-0.04578475422134123,0.0,0.0
1344,h2_storage,2030,35,249,249,,-0.04578475422134123,0.0,0.0
1345,h2_storage,2030,35,250,250,,-0.04578475422134123,0.0,0.0
1346,h2_storage,2030,35,251,251,,-0.04578475422134123,0.0,0.0
1347,h2_storage,2030,35,252,252,,-0.04578475422134123,0.0,0.0
1348,h2_storage,2030,35,253,253,,-0.04578475422134123,0.0,0.0
1349,h2_storage,2030,35,254,254,,-0.04578475422134123,0.0,0.0
1350,h2_storage,2030,35,255,255,,-0.04578475422134123,0.0,0.0
1351,h2_storage,2030,35,256,256,,-0.04578475422134123,0.0,0.0
1352,h2_storage,2030,35,257,257,,-0.04578475422134123,0.0,0.0
1353,h2_storage,2030,35,258,258,,-0.04578475422134123,0.0,0.0
1354,h2_storage,2030,35,259,259,,-0.04578475422134123,0.0,0.0
1355,h2_storage,2030,35,260,260,,-0.04578475422134123,0.0,0.0
1356,h2_storage,2030,35,261,261,,-0.04578475422134123,0.0,0.0
1357,h2_storage,2030,35,262,262,,-0.04578475422134123,0.0,0.0
1358,h2_storage,2030,35,263,263,,-0.04578475422134123,0.0,0.0
1359,h2_storage,2030,35,264,264,,-0.04578475422134123,0.0,0.0
1360,h2_storage,2030,35,265,265,,-0.04578475422134123,0.0,0.0
1361,h2_storage,2030,35,266,266,,-0.04578475422134123,0.0,0.0
1362,h2_storage,2030,35,267,267,,-0.04578475422134123,0.0,0.0
1363,h2_storage,2030,35,268,268,,-0.04578475422134123,0.0,0.0
1364,h2_storage,2030,35,269,269,,-0.04578475422134123,0.0,0.0
1365,h2_storage,2030,35,270,270,,-0.04578475422134123,0.0,0.0
1366,h2_storage,2030,35,271,271,,-0.04578475422134123,0.0,0.0
1367,h2_storage,2030,35,272,272,,-0.04578475422134123,0.0,0.0
1368,h2_storage,2030,35,273,273,,-0.04578475422134123,0.0,0.0
1369,h2_storage,2030,35,274,274,,-0.04578475422134123,0.0,0.0
1370,h2_storage,2030,35,275,275,,-0.04578475422134123,0.0,0.0
1371,h2_storage,2030,35,276,276,,-0.04578475422134123,0.0,0.0
1372,h2_storage,2030,35,277,277,,-0.04578475422134123,0.0,0.0
1373,h2_storage,2030,35,278,278,,-0.04578475422134123,0.0,0.0
1374,h2_storage,2030,35,279,279,,-0.04578475422134123,0.0,0.0
1375,h2_storage,2030,35,280,280,,-0.04578475422134123,0.0,0.0
1376,h2_storage,2030,35,281,281,,-0.04578475422134123,0.0,0.0
1377,h2_storage,2030,35,282,282,,-0.04578475422134123,0.0,0.0
1378,h2_storage,2030,35,283,283,,-0.04578475422134123,0.0,0.0
1379,h2_storage,2030,35,284,284,,-0.04578475422134123,0.0,0.0
1380,h2_storage,2030,35,285,285,,-0.04578475422134123,0.0,0.0
1381,h2_storage,2030,35,286,286,,-0.04578475422134123,0.0,0.0
1382,h2_storage,2030,35,287,287,,-0.04578475422134123,0.0,0.0
1383,h2_storage,2030,35,288,288,,-0.04578475422134123,0.0,0.0
1384,h2_storage,2030,35,289,289,,-0.04578475422134123,0.0,0.0
1385,h2_storage,2030,35,290,290,,-0.04578475422134123,0.0,0.0
1386,h2_storage,2030,35,291,291,,-0.04578475422134123,0.0,0.0
1387,h2_storage,2030,35,292,292,,-0.04578475422134123,0.0,0.0
1388,h2_storage,2030,35,293,293,,-0.04578475422134123,0.0,0.0
1389,h2_storage,2030,35,294,294,,-0.04578475422134123,0.0,0.0
1390,h2_storage,2030,35,295,295,,-0.04578475422134123,0.0,0.0
1391,h2_storage,2030,35,296,296,,-0.04578475422134123,0.0,0.0
1392,h2_storage,2030,35,297,297,,-0.04578475422134123,0.0,0.0
1393,h2_storage,2030,35,298,298,,-0.04578475422134123,0.0,0.0
1394,h2_storage,2030,35,299,299,,0.0,0.0,0.0
1395,h2_storage,2030,35,300,300,,0.0,0.0,0.0
1396,h2_storage,2030,35,301,301,,0.0,0.0,0.0
1397,h2_storage,2030,35,302,302,,0.0,0.0,0.0
1398,h2_storage,2030,35,303,303,,0.0,0.0,0.0
1399,h2_storage,2030,35,304,304,,0.0,0.0,0.0
1400,h2_storage,2030,35,305,305,,0.0,0.0,0.0
1401,h2_storage,2030,35,306,306,,0.0,0.0,0.0
1402,h2_storage,2030,35,307,307,,0.0,0.0,0.0
1403,h2_storage,2030,35,308,308,,0.0,0.0,0.0
1404,h2_storage,2030,35,309,309,,0.0,0.0,0.0
1405,h2_storage,2030,35,310,310,,0.0,0.0,0.0
1406,h2_storage,2030,35,311,311,,0.0,0.0,0.0
1407,h2_storage,2030,35,312,312,,0.0,0.0,0.0
1408,h2_storage,2030,35,313,313,,0.0,0.0,0.0
1409,h2_storage,2030,35,314,314,,0.0,0.0,0.0
1410,h2_storage,2030,35,315,315,,0.0,0.0,0.0
1411,h2_storage,2030,35,316,316,,0.0,0.0,0.0
1412,h2_storage,2030,35,317,317,,0.0,0.0,0.0
1413,h2_storage,2030,35,318,318,,0.0,0.0,0.0
1414,h2_storage,2030,35,319,319,,0.0,0.0,0.0
1415,h2_storage,2030,35,320,320,,0.0,0.0,0.0
1416,h2_storage,2030,35,321,321,,0.0,0.0,0.0
1417,h2_storage,2030,35,322,322,,0.0,0.0,0.0
1418,h2_storage,2030,35,323,323,,0.0,0.0,0.0
1419,h2_storage,2030,35,324,324,,0.0,0.0,0.0
1420,h2_storage,2030,35,325,325,,0.0,0.0,0.0
1421,h2_storage,2030,35,326,326,,0.0,0.0,0.0
1422,h2_storage,2030,35,327,327,,0.0,0.0,0.0
1423,h2_storage,2030,35,328,328,,0.0,0.0,0.0
1424,h2_storage,2030,35,329,329,,0.0,0.0,0.0
1425,h2_storage,2030,35,330,330,,0.0,0.0,0.0
1426,h2_storage,2030,35,331,331,,0.0,0.0,0.0
1427,h2_storage,2030,35,332,332,,0.0,0.0,0.0
1428,h2_storage,2030,35,333,333,,0.0,0.0,0.0
1429,h2_storage,2030,35,334,334,,0.0,0.0,0.0
1430,h2_storage,2030,35,335,335,,0.0,0.0,0.0
1431,h2_storage,2030,35,336,336,,0.0,0.0,0.0
1432,h2_storage,2030,35,337,337,,0.0,0.0,0.0
1433,h2_storage,2030,35,338,338,,0.0,0.0,0.0
1434,h2_storage,2030,35,339,339,,0.0,0.0,0.0
1435,h2_storage,2030,35,340,340,,0.0,0.0,0.0
1436,h2_storage,2030,35,341,341,,0.0,0.0,0.0
1437,h2_storage,2030,35,342,342,,0.0,0.0,0.0
1438,h2_storage,2030,35,343,343,,0.0,0.0,0.0
1439,h2_storage,2030,35,344,344,,0.0,0.0,0.0
1440,h2_storage,2030,35,345,345,,0.0,0.0,0.0
1441,h2_storage,2030,35,346,346,,0.0,0.0,0.0
1442,h2_storage,2030,35,347,347,,0.0,0.0,0.0
1443,h2_storage,2030,35,348,348,,0.0,0.0,0.0
1444,h2_storage,2030,35,349,349,,0.0,0.0,0.0
1445,h2_storage,2030,35,350,350,,0.0,0.0,0.0
1446,h2_storage,2030,35,351,351,,0.0,0.0,0.0
1447,h2_storage,2030,35,352,352,,0.0,0.0,0.0
1448,h2_storage,2030,35,353,353,,0.0,0.0,0.0
1449,h2_storage,2030,35,354,354,,0.0,0.0,0.0
1450,h2_storage,2030,35,355,355,,0.0,0.0,0.0
1451,h2_storage,2030,35,356,356,,0.0,0.0,0.0
1452,h2_storage,2030,35,357,357,,0.0,0.0,0.0
1453,h2_storage,2030,35,358,358,,0.0,0.0,0.0
1454,h2_storage,2030,35,359,359,,0.0,0.0,0.0
1455,h2_storage,2030,35,360,360,,0.0,0.0,0.0
1456,h2_storage,2030,35,361,361,,0.0,0.0,0.0
1457,h2_storage,2030,35,362,362,,0.0,0.0,0.0
1458,h2_storage,2030,35,363,363,,0.0,0.0,0.0
1459,h2_storage,2030,35,364,364,,0.0,0.0,0.0
1460,h2_storage,2030,35,365,365,,0.0,0.0,0.0
1461,h2_storage,2030,38,1,1,,-0.04491412596502146,0.0,0.0
1462,h2_storage,2030,38,2,2,,-0.03828368026856716,0.0,0.0
1463,h2_storage,2030,38,3,3,,-0.004445844174402776,0.0,0.0
1464,h2_storage,2030,38,4,4,,-0.004445844174402776,0.0,0.0
1465,h2_storage,2030,38,5,5,,-0.004445844174402776,0.0,0.0
1466,h2_storage,2030,38,6,6,,-0.0028301695337238815,0.0,0.0
1467,h2_storage,2030,38,7,7,,-0.0028301695337238815,0.0,0.0
1468,h2_storage,2030,38,8,8,,-0.0028301695337238815,0.0,0.0
1469,h2_storage,2030,38,9,9,,-0.0028301695337238815,0.0,0.0
1470,h2_storage,2030,38,10,10,,-0.0028301695337238815,0.0,0.0
1471,h2_storage,2030,38,11,11,,-0.0025048085122620634,0.0,0.0
1472,h2_storage,2030,38,12,12,,-0.0025048085122620634,0.0,0.0
1473,h2_storage,2030,38,13,13,,-0.0025048085122620634,0.0,0.0
1474,h2_storage,2030,38,14,14,,-0.0025048085122620634,0.0,0.0
1475,h2_storage,2030,38,15,15,,-0.0025048085122620634,0.0,0.0
1476,h2_storage,2030,38,16,16,,-0.0025048085122620634,0.0,0.0
1477,h2_storage,2030,38,17,17,,-0.0025048085122620634,0.0,0.0
1478,h2_storage,2030,38,18,18,,-0.0025048085122620634,0.0,0.0
1479,h2_storage,2030,38,19,19,,-0.0025048085122620634,0.0,0.0
1480,h2_storage,2030,38,20,20,,-0.0025048085122620634,0.0,0.0
1481,h2_storage,2030,38,21,21,,-0.0025048085122620634,0.0,0.0
1482,h2_storage,2030,38,22,22,,-0.0025048085122620634,0.0,0.0
1483,h2_storage,2030,38,23,23,,-0.0025048085122620634,0.0,0.0
1484,h2_storage,2030,38,24,24,,-0.0025048085122620634,0.0,0.0
1485,h2_storage,2030,38,25,25,,-0.0025048085122620634,0.0,0.0
1486,h2_storage,2030,38,26,26,,-0.0025048085122620634,0.0,0.0
1487,h2_storage,2030,38,27,27,,-0.0025048085122620634,0.0,0.0
1488,h2_storage,2030,38,28,28,,-0.0025048085122620634,0.0,0.0
1489,h2_storage,2030,38,29,29,,-0.0025048085122620634,0.0,0.0
1490,h2_storage,2030,38,30,30,,-0.0025048085122620634,0.0,0.0
1491,h2_storage,2030,38,31,31,,-0.0025048085122620634,0.0,0.0
1492,h2_storage,2030,38,32,32,,-0.0025048085122620634,0.0,0.0
1493,h2_storage,2030,38,33,33,,-0.0025048085122620634,0.0,0.0
1494,h2_storage,2030,38,34,34,,-0.0025048085122620634,0.0,0.0
1495,h2_storage,2030,38,35,35,,-0.0025048085122620634,0.0,0.0
1496,h2_storage,2030,38,36,36,,-0.0025048085122620634,0.0,0.0
1497,h2_storage,2030,38,37,37,,-0.0025048085122620634,0.0,0.0
1498,h2_storage,2030,38,38,38,,-0.0025048085122620634,0.0,0.0
1499,h2_storage,2030,38,39,39,,-0.0025048085122620634,0.0,0.0
1500,h2_storage,2030,38,40,40,,-0.0025048085122620634,0.0,0.0
1501,h2_storage,2030,38,41,41,,-0.0025048085122620634,0.0,0.0
1502,h2_storage,2030,38,42,42,,-0.0025048085122620634,0.0,0.0
1503,h2_storage,2030,38,43,43,,-0.0023437357888060188,0.0,0.0
1504,h2_storage,2030,38,44,44,,-0.0023437357888060188,0.0,0.0
1505,h2_storage,2030,38,45,45,,-0.0023437357888060188,0.0,0.0
1506,h2_storage,2030,38,46,46,,-0.0023437357888060188,0.0,0.0
1507,h2_storage,2030,38,47,47,,-0.0023437357888060188,0.0,0.0
1508,h2_storage,2030,38,48,48,,-0.0023437357888060188,0.0,0.0
1509,h2_storage,2030,38,49,49,,-0.0023437357888060188,0.0,0.0
1510,h2_storage,2030,38,50,50,,-0.0023437357888060188,0.0,0.0
1511,h2_storage,2030,38,51,51,,-0.0023437357888060188,0.0,0.0
1512,h2_storage,2030,38,52,52,,-0.0023437357888060188,0.0,0.0
1513,h2_storage,2030,38,53,53,,-0.0023437357888060188,0.0,0.0
1514,h2_storage,2030,38,54,54,,-0.0023437357888060188,0.0,0.0
1515,h2_storage,2030,38,55,55,,-0.0023437357888060188,0.0,0.0
1516,h2_storage,2030,38,56,56,,-0.0023437357888060188,0.0,0.0
1517,h2_storage,2030,38,57,57,,-0.0023437357888060188,0.0,0.0
1518,h2_storage,2030,38,58,58,,-0.0023437357888060188,0.0,0.0
1519,h2_storage,2030,38,59,59,,-0.0023437357888060188,0.0,0.0
1520,h2_storage,2030,38,60,60,,-0.0023437357888060188,0.0,0.0
1521,h2_storage,2030,38,61,61,,-0.0023437357888060188,0.0,0.0
1522,h2_storage,2030,38,62,62,,-0.0023437357888060188,0.0,0.0
1523,h2_storage,2030,38,63,63,,-0.0023437357888060188,0.0,0.0
1524,h2_storage,2030,38,64,64,,-0.0023437357888060188,0.0,0.0
1525,h2_storage,2030,38,65,65,,-0.0023437357888060188,0.0,0.0
1526,h2_storage,2030,38,66,66,,-0.0023437357888060188,0.0,0.0
1527,h2_storage,2030,38,67,67,,-0.0023437357888060188,0.0,0.0
1528,h2_storage,2030,38,68,68,,-0.0023437357888060188,0.0,0.0
1529,h2_storage,2030,38,69,69,,-0.0023437357888060188,0.0,0.0
1530,h2_storage,2030,38,70,70,,-0.0023437357888060188,0.0,0.0
1531,h2_storage,2030,38,71,71,,-0.0023437357888060188,0.0,0.0
1532,h2_storage,2030,38,72,72,,-0.0023437357888060188,0.0,0.0
1533,h2_storage,2030,38,73,73,,-0.0023437357888060188,0.0,0.0
1534,h2_storage,2030,38,74,74,,-0.0023437357888060188,0.0,0.0
1535,h2_storage,2030,38,75,75,,-0.0023437357888060188,0.0,0.0
1536,h2_storage,2030,38,76,76,,-0.0023437357888060188,0.0,0.0
1537,h2_storage,2030,38,77,77,,-0.0023437357888060188,0.0,0.0
1538,h2_storage,2030,38,78,78,,-0.0023437357888060188,0.0,0.0
1539,h2_storage,2030,38,79,79,,-0.0023437357888060188,0.0,0.0
1540,h2_storage,2030,38,80,80,,-0.0023437357888060188,0.0,0.0
1541,h2_storage,2030,38,81,81,,-0.0023437357888060188,0.0,0.0
1542,h2_storage,2030,38,82,82,,-0.0023437357888060188,0.0,0.0
1543,h2_storage,2030,38,83,83,,-0.0023437357888060188,0.0,0.0
1544,h2_storage,2030,38,84,84,,-0.0023437357888060188,0.0,0.0
1545,h2_storage,2030,38,85,85,,-0.0023437357888060188,0.0,0.0
1546,h2_storage,2030,38,86,86,,-0.0023437357888060188,0.0,0.0
1547,h2_storage,2030,38,87,87,,-0.0023437357888060188,0.0,0.0
1548,h2_storage,2030,38,88,88,,-0.0023437357888060188,0.0,0.0
1549,h2_storage,2030,38,89,89,,-0.0023437357888060188,0.0,0.0
1550,h2_storage,2030,38,90,90,,-0.0019017308881168796,0.0,0.0
1551,h2_storage,2030,38,91,91,,-0.0019017308881168796,0.0,0.0
1552,h2_storage,2030,38,92,92,,-0.0019017308881168796,0.0,0.0
1553,h2_storage,2030,38,93,93,,-0.0019017308881168796,0.0,0.0
1554,h2_storage,2030,38,94,94,,-0.0019017308881168796,0.0,0.0
1555,h2_storage,2030,38,95,95,,-0.0019017308881168796,0.0,0.0
1556,h2_storage,2030,38,96,96,,-0.0019017308881168796,0.0,0.0
1557,h2_storage,2030,38,97,97,,-0.0019017308881168796,0.0,0.0
1558,h2_storage,2030,38,98,98,,-0.0019017308881168796,0.0,0.0
1559,h2_storage,2030,38,99,99,,-0.0019017308881168796,0.0,0.0
1560,h2_storage,2030,38,100,100,,-0.0019017308881168796,0.0,0.0
1561,h2_storage,2030,38,101,101,,-0.0019017308881168796,0.0,0.0
1562,h2_storage,2030,38,102,102,,-0.0019017308881168796,0.0,0.0
1563,h2_storage,2030,38,103,103,,-0.0019017308881168796,0.0,0.0
1564,h2_storage,2030,38,104,104,,-0.0019017308881168796,0.0,0.0
1565,h2_storage,2030,38,105,105,,-0.0019017308881168796,0.0,0.0
1566,h2_storage,2030,38,106,106,,-0.0019017308881168796,0.0,0.0
1567,h2_storage,2030,38,107,107,,-0.0019017308881168796,0.0,0.0
1568,h2_storage,2030,38,108,108,,-0.0019017308881168796,0.0,0.0
1569,h2_storage,2030,38,109,109,,-0.0019017308881168796,0.0,0.0
1570,h2_storage,2030,38,110,110,,-0.0019017308881168796,0.0,0.0
1571,h2_storage,2030,38,111,111,,-0.0019017308881168796,0.0,0.0
1572,h2_storage,2030,38,112,112,,-0.0019017308881168796,0.0,0.0
1573,h2_storage,2030,38,113,113,,-0.0019017308881168796,0.0,0.0
1574,h2_storage,2030,38,114,114,,-0.0019017308881168796,0.0,0.0
1575,h2_storage,2030,38,115,115,,-0.0019017308881168796,0.0,0.0
1576,h2_storage,2030,38,116,116,,-0.0019017308881168796,0.0,0.0
1577,h2_storage,2030,38,117,117,,-0.0019017308881168796,0.0,0.0
1578,h2_storage,2030,38,118,118,,-0.0019017308881168796,0.0,0.0
1579,h2_storage,2030,38,119,119,,-0.0019017308881168796,0.0,0.0
1580,h2_storage,2030,38,120,120,,-0.0019017308881168796,0.0,0.0
1581,h2_storage,2030,38,121,121,,-0.0019017308881168796,0.0,0.0
1582,h2_storage,2030,38,122,122,,-0.0019017308881168796,0.0,0.0
1583,h2_storage,2030,38,123,123,,-0.0019017308881168796,0.0,0.0
1584,h2_storage,2030,38,124,124,,-0.0019017308881168796,0.0,0.0
1585,h2_storage,2030,38,125,125,,-0.0019017308881168796,0.0,0.0
1586,h2_storage,2030,38,126,126,,-0.0019017308881168796,0.0,0.0
1587,h2_storage,2030,38,127,127,,-0.0019017308881168796,0.0,0.0
1588,h2_storage,2030,38,128,128,,-0.0019017308881168796,0.0,0.0
1589,h2_storage,2030,38,129,129,,-0.0019017308881168796,0.0,0.0
1590,h2_storage,2030,38,130,130,,-0.0019017308881168796,0.0,0.0
1591,h2_storage,2030,38,131,131,,-0.0019017308881168796,0.0,0.0
1592,h2_storage,2030,38,132,132,,-0.0019017308881168796,0.0,0.0
1593,h2_storage,2030,38,133,133,,-0.0019017308881168796,0.0,0.0
1594,h2_storage,2030,38,134,134,,-0.0019017308881168796,0.0,0.0
1595,h2_storage,2030,38,135,135,,-0.0019017308881168796,0.0,0.0
1596,h2_storage,2030,38,136,136,,-0.0019017308881168796,0.0,0.0
1597,h2_storage,2030,38,137,137,,-0.0019017308881168796,0.0,0.0
1598,h2_storage,2030,38,138,138,,-0.0019017308881168796,0.0,0.0
1599,h2_storage,2030,38,139,139,,-0.0019017308881168796,0.0,0.0
1600,h2_storage,2030,38,140,140,,-0.0019017308881168796,0.0,0.0
1601,h2_storage,2030,38,141,141,,-0.0019017308881168796,0.0,0.0
1602,h2_storage,2030,38,142,142,,-0.0019017308881168796,0.0,0.0
1603,h2_storage,2030,38,143,143,,-0.0019017308881168796,0.0,0.0
1604,h2_storage,2030,38,144,144,,-0.0019017308881168796,0.0,0.0
1605,h2_storage,2030,38,145,145,,-0.0019017308881168796,0.0,0.0
1606,h2_storage,2030,38,146,146,,-0.0019017308881168796,0.0,0.0
1607,h2_storage,2030,38,147,147,,-0.0019017308881168796,0.0,0.0
1608,h2_storage,2030,38,148,148,,-0.0019017308881168796,0.0,0.0
1609,h2_storage,2030,38,149,149,,-0.0019017308881168796,0.0,0.0
1610,h2_storage,2030,38,150,150,,-0.0019017308881168796,0.0,0.0
1611,h2_storage,2030,38,151,151,,-0.0019017308881168796,0.0,0.0
1612,h2_storage,2030,38,152,152,,-0.0019017308881168796,0.0,0.0
1613,h2_storage,2030,38,153,153,,-0.0019017308881168796,0.0,0.0
1614,h2_storage,2030,38,154,154,,-0.0019017308881168796,0.0,0.0
1615,h2_storage,2030,38,155,155,,-0.0019017308881168796,0.0,0.0
1616,h2_storage,2030,38,156,156,,-0.0019017308881168796,0.0,0.0
1617,h2_storage,2030,38,157,157,,-0.0019017308881168796,0.0,0.0
1618,h2_storage,2030,38,158,158,,-0.0019017308881168796,0.0,0.0
1619,h2_storage,2030,38,159,159,,-0.0019017308881168796,0.0,0.0
1620,h2_storage,2030,38,160,160,,-0.0019017308881168796,0.0,0.0
1621,h2_storage,2030,38,161,161,,-0.0019017308881168796,0.0,0.0
1622,h2_storage,2030,38,162,162,,-0.0019017308881168796,0.0,0.0
1623,h2_storage,2030,38,163,163,,-0.0019017308881168796,0.0,0.0
1624,h2_storage,2030,38,164,164,,-0.0019017308881168796,0.0,0.0
1625,h2_storage,2030,38,165,165,,-0.0019017308881168796,0.0,0.0
1626,h2_storage,2030,38,166,166,,-0.0019017308881168796,0.0,0.0
1627,h2_storage,2030,38,167,167,,-0.0019017308881168796,0.0,0.0
1628,h2_storage,2030,38,168,168,,-0.0019017308881168796,0.0,0.0
1629,h2_storage,2030,38,169,169,,-0.0019017308881168796,0.0,0.0
1630,h2_storage,2030,38,170,170,,-0.0019017308881168796,0.0,0.0
1631,h2_storage,2030,38,171,171,,-0.0019017308881168796,0.0,0.0
1632,h2_storage,2030,38,172,172,,-0.0019017308881168796,0.0,0.0
1633,h2_storage,2030,38,173,173,,-0.0019017308881168796,0.0,0.0
1634,h2_storage,2030,38,174,174,,-0.0019017308881168796,0.0,0.0
1635,h2_storage,2030,38,175,175,,-0.0019017308881168796,0.0,0.0
1636,h2_storage,2030,38,176,176,,-0.0019017308881168796,0.0,0.0
1637,h2_storage,2030,38,177,177,,-0.0019017308881168796,0.0,0.0
1638,h2_storage,2030,38,178,178,,-0.0019017308881168796,0.0,0.0
1639,h2_storage,2030,38,179,179,,-0.0019017308881168796,0.0,0.0
1640,h2_storage,2030,38,180,180,,-0.0019017308881168796,0.0,0.0
1641,h2_storage,2030,38,181,181,,-0.0019017308881168796,0.0,0.0
1642,h2_storage,2030,38,182,182,,-0.0019017308881168796,0.0,0.0
1643,h2_storage,2030,38,183,183,,-0.0019017308881168796,0.0,0.0
1644,h2_storage,2030,38,184,184,,-0.0019017308881168796,0.0,0.0
1645,h2_storage,2030,38,185,185,,-0.0019017308881168796,0.0,0.0
1646,h2_storage,2030,38,186,186,,-0.0019017308881168796,0.0,0.0
1647,h2_storage,2030,38,187,187,,-0.0019017308881168796,0.0,0.0
1648,h2_storage,2030,38,188,188,,-0.0019017308881168796,0.0,0.0
1649,h2_storage,2030,38,189,189,,-0.0019017308881168796,0.0,0.0
1650,h2_storage,2030,38,190,190,,-0.0019017308881168796,0.0,0.0
1651,h2_storage,2030,38,191,191,,-0.0019017308881168796,0.0,0.0
1652,h2_storage,2030,38,192,192,,-0.0019017308881168796,0.0,0.0
1653,h2_storage,2030,38,193,193,,-0.0019017308881168796,0.0,0.0
1654,h2_storage,2030,38,194,194,,-0.0019017308881168796,0.0,0.0
1655,h2_storage,2030,38,195,195,,-0.0019017308881168796,0.0,0.0
1656,h2_storage,2030,38,196,196,,-0.0019017308881168796,0.0,0.0
1657,h2_storage,2030,38,197,197,,-0.0019017308881168796,0.0,0.0
1658,h2_storage,2030,38,198,198,,-0.0019017308881168796,0.0,0.0
1659,h2_storage,2030,38,199,199,,-0.0019017308881168796,0.0,0.0
1660,h2_storage,2030,38,200,200,,-0.0019017308881168796,0.0,0.0
1661,h2_storage,2030,38,201,201,,-0.0019017308881168796,0.0,0.0
1662,h2_storage,2030,38,202,202,,-0.0019017308881168796,0.0,0.0
1663,h2_storage,2030,38,203,203,,-0.0019017308881168796,0.0,0.0
1664,h2_storage,2030,38,204,204,,-0.0019017308881168796,0.0,0.0
1665,h2_storage,2030,38,205,205,,-0.0019017308881168796,0.0,0.0
1666,h2_storage,2030,38,206,206,,-0.0019017308881168796,0.0,0.0
1667,h2_storage,2030,38,207,207,,-0.0019017308881168796,0.0,0.0
1668,h2_storage,2030,38,208,208,,-0.0019017308881168796,0.0,0.0
1669,h2_storage,2030,38,209,209,,-0.0019017308881168796,0.0,0.0
1670,h2_storage,2030,38,210,210,,-0.0019017308881168796,0.0,0.0
1671,h2_storage,2030,38,211,211,,-0.0019017308881168796,0.0,0.0
1672,h2_storage,2030,38,212,212,,-0.0019017308881168796,0.0,0.0
1673,h2_storage,2030,38,213,213,,-0.0019017308881168796,0.0,0.0
1674,h2_storage,2030,38,214,214,,-0.0019017308881168796,0.0,0.0
1675,h2_storage,2030,38,215,215,,-0.0019017308881168796,0.0,0.0
1676,h2_storage,2030,38,216,216,,-0.0019017308881168796,0.0,0.0
1677,h2_storage,2030,38,217,217,,-0.0019017308881168796,0.0,0.0
1678,h2_storage,2030,38,218,218,,-0.0019017308881168796,0.0,0.0
1679,h2_storage,2030,38,219,219,,-0.0019017308881168796,0.0,0.0
1680,h2_storage,2030,38,220,220,,-0.0019017308881168796,0.0,0.0
1681,h2_storage,2030,38,221,221,,-0.0019017308881168796,0.0,0.0
1682,h2_storage,2030,38,222,222,,-0.0019017308881168796,0.0,0.0
1683,h2_storage,2030,38,223,223,,-0.0019017308881168796,0.0,0.0
1684,h2_storage,2030,38,224,224,,-0.0019017308881168796,0.0,0.0
1685,h2_storage,2030,38,225,225,,-0.0019017308881168796,0.0,0.0
1686,h2_storage,2030,38,226,226,,-0.0019017308881168796,0.0,0.0
1687,h2_storage,2030,38,227,227,,-0.0019017308881168796,0.0,0.0
1688,h2_storage,2030,38,228,228,,-0.0019017308881168796,0.0,0.0
1689,h2_storage,2030,38,229,229,,-0.0019017308881168796,0.0,0.0
1690,h2_storage,2030,38,230,230,,-0.0019017308881168796,0.0,0.0
1691,h2_storage,2030,38,231,231,,-0.0019017308881168796,0.0,0.0
1692,h2_storage,2030,38,232,232,,-0.0019017308881168796,0.0,0.0
1693,h2_storage,2030,38,233,233,,-0.0019017308881168796,0.0,0.0
1694,h2_storage,2030,38,234,234,,-0.0019017308881168796,0.0,0.0
1695,h2_storage,2030,38,235,235,,-0.0019017308881168796,0.0,0.0
1696,h2_storage,2030,38,236,236,,-0.0019017308881168796,0.0,0.0
1697,h2_storage,2030,38,237,237,,-0.0019017308881168796,0.0,0.0
1698,h2_storage,2030,38,238,238,,-0.0019017308881168796,0.0,0.0
1699,h2_storage,2030,38,239,239,,-0.0019017308881168796,0.0,0.0
1700,h2_storage,2030,38,240,240,,-0.0019017308881168796,0.0,0.0
1701,h2_storage,2030,38,241,241,,-0.0019017308881168796,0.0,0.0
1702,h2_storage,2030,38,242,242,,-0.0019017308881168796,0.0,0.0
1703,h2_storage,2030,38,243,243,,-0.0019017308881168796,0.0,0.0
1704,h2_storage,2030,38,244,244,,-0.0019017308881168796,0.0,0.0
1705,h2_storage,2030,38,245,245,,-0.0019017308881168796,0.0,0.0
1706,h2_storage,2030,38,246,246,,-0.0019017308881168796,0.0,0.0
1707,h2_storage,2030,38,247,247,,-0.0019017308881168796,0.0,0.0
1708,h2_storage,2030,38,248,248,,-0.0019017308881168796,0.0,0.0
1709,h2_storage,2030,38,249,249,,-0.0019017308881168796,0.0,0.0
1710,h2_storage,2030,38,250,250,,-0.0019017308881168796,0.0,0.0
1711,h2_storage,2030,38,251,251,,-0.0019017308881168796,0.0,0.0
1712,h2_storage,2030,38,252,252,,-0.0019017308881168796,0.0,0.0
1713,h2_storage,2030,38,253,253,,-0.0019017308881168796,0.0,0.0
1714,h2_storage,2030,38,254,254,,-0.0019017308881168796,0.0,0.0
1715,h2_storage,2030,38,255,255,,-0.0019017308881168796,0.0,0.0
1716,h2_storage,2030,38,256,256,,-0.0019017308881168796,0.0,0.0
1717,h2_storage,2030,38,257,257,,-0.0019017308881168796,0.0,0.0
1718,h2_storage,2030,38,258,258,,-0.0019017308881168796,0.0,0.0
1719,h2_storage,2030,38,259,259,,-0.0019017308881168796,0.0,0.0
1720,h2_storage,2030,38,260,260,,-0.0019017308881168796,0.0,0.0
1721,h2_storage,2030,38,261,261,,-0.0019017308881168796,0.0,0.0
1722,h2_storage,2030,38,262,262,,-0.0019017308881168796,0.0,0.0
1723,h2_storage,2030,38,263,263,,-0.0019017308881168796,0.0,0.0
1724,h2_storage,2030,38,264,264,,-0.0019017308881168796,0.0,0.0
1725,h2_storage,2030,38,265,265,,-0.0019017308881168796,0.0,0.0
1726,h2_storage,2030,38,266,266,,-0.0019017308881168796,0.0,0.0
1727,h2_storage,2030,38,267,267,,-0.0019017308881168796,0.0,0.0
1728,h2_storage,2030,38,268,268,,-0.0019017308881168796,0.0,0.0
1729,h2_storage,2030,38,269,269,,-0.0019017308881168796,0.0,0.0
1730,h2_storage,2030,38,270,270,,-0.0019017308881168796,0.0,0.0
1731,h2_storage,2030,38,271,271,,-0.0019017308881168796,0.0,0.0
1732,h2_storage,2030,38,272,272,,-0.0019017308881168796,0.0,0.0
1733,h2_storage,2030,38,273,273,,-0.0019017308881168796,0.0,0.0
1734,h2_storage,2030,38,274,274,,-0.0019017308881168796,0.0,0.0
1735,h2_storage,2030,38,275,275,,-0.0019017308881168796,0.0,0.0
1736,h2_storage,2030,38,276,276,,-0.0019017308881168796,0.0,0.0
1737,h2_storage,2030,38,277,277,,-0.0019017308881168796,0.0,0.0
1738,h2_storage,2030,38,278,278,,-0.0019017308881168796,0.0,0.0
1739,h2_storage,2030,38,279,279,,-0.0019017308881168796,0.0,0.0
1740,h2_storage,2030,38,280,280,,-0.0019017308881168796,0.0,0.0
1741,h2_storage,2030,38,281,281,,-0.0019017308881168796,0.0,0.0
1742,h2_storage,2030,38,282,282,,-0.0019017308881168796,0.0,0.0
1743,h2_storage,2030,38,283,283,,-0.0019017308881168796,0.0,0.0
1744,h2_storage,2030,38,284,284,,-0.0019017308881168796,0.0,0.0
1745,h2_storage,2030,38,285,285,,-0.0019017308881168796,0.0,0.0
1746,h2_storage,2030,38,286,286,,-0.0019017308881168796,0.0,0.0
1747,h2_storage,2030,38,287,287,,-0.0019017308881168796,0.0,0.0
1748,h2_storage,2030,38,288,288,,-0.0019017308881168796,0.0,0.0
1749,h2_storage,2030,38,289,289,,-0.0019017308881168796,0.0,0.0
1750,h2_storage,2030,38,290,290,,-0.0019017308881168796,0.0,0.0
1751,h2_storage,2030,38,291,291,,-0.0019017308881168796,0.0,0.0
1752,h2_storage,2030,38,292,292,,-0.0019017308881168796,0.0,0.0
1753,h2_storage,2030,38,293,293,,-0.0019017308881168796,0.0,0.0
1754,h2_storage,2030,38,294,294,,-0.0019017308881168796,0.0,0.0
1755,h2_storage,2030,38,295,295,,-0.0019017308881168796,0.0,0.0
1756,h2_storage,2030,38,296,296,,-0.0019017308881168796,0.0,0.0
1757,h2_storage,2030,38,297,297,,-0.0019017308881168796,0.0,0.0
1758,h2_storage,2030,38,298,298,,-0.0019017308881168796,0.0,0.0
1759,h2_storage,2030,38,299,299,,-0.0019017308881168796,0.0,0.0
1760,h2_storage,2030,38,300,300,,-0.0019017308881168796,0.0,0.0
1761,h2_storage,2030,38,301,301,,-0.0019017308881168796,0.0,0.0
1762,h2_storage,2030,38,302,302,,-0.0019017308881168796,0.0,0.0
1763,h2_storage,2030,38,303,303,,-0.0019017308881168796,0.0,0.0
1764,h2_storage,2030,38,304,304,,-0.0019017308881168796,0.0,0.0
1765,h2_storage,2030,38,305,305,,-0.0019017308881168796,0.0,0.0
1766,h2_storage,2030,38,306,306,,-0.0019017308881168796,0.0,0.0
1767,h2_storage,2030,38,307,307,,-0.0019017308881168796,0.0,0.0
1768,h2_storage,2030,38,308,308,,-0.0019017308881168796,0.0,0.0
1769,h2_storage,2030,38,309,309,,-0.0019017308881168796,0.0,0.0
1770,h2_storage,2030,38,310,310,,-0.0019017308881168796,0.0,0.0
1771,h2_storage,2030,38,311,311,,-0.0019017308881168796,0.0,0.0
1772,h2_storage,2030,38,312,312,,-0.0019017308881168796,0.0,0.0
1773,h2_storage,2030,38,313,313,,-0.0019017308881168796,0.0,0.0
1774,h2_storage,2030,38,314,314,,-0.0019017308881168796,0.0,0.0
1775,h2_storage,2030,38,315,315,,-0.0019017308881168796,0.0,0.0
1776,h2_storage,2030,38,316,316,,-0.0019017308881168796,0.0,0.0
1777,h2_storage,2030,38,317,317,,-0.0019017308881168796,0.0,0.0
1778,h2_storage,2030,38,318,318,,-0.0019017308881168796,0.0,0.0
1779,h2_storage,2030,38,319,319,,-0.0019017308881168796,0.0,0.0
1780,h2_storage,2030,38,320,320,,-0.0019017308881168796,0.0,0.0
1781,h2_storage,2030,38,321,321,,-0.0019017308881168796,0.0,0.0
1782,h2_storage,2030,38,322,322,,-0.0019017308881168796,0.0,0.0
1783,h2_storage,2030,38,323,323,,-0.0019017308881168796,0.0,0.0
1784,h2_storage,2030,38,324,324,,-0.0012518540264612613,0.0,0.0
1785,h2_storage,2030,38,325,325,,-0.0012518540264612613,0.0,0.0
1786,h2_storage,2030,38,326,326,,-0.0012518540264612613,0.0,0.0
1787,h2_storage,2030,38,327,327,,-0.0012518540264612613,0.0,0.0
1788,h2_storage,2030,38,328,328,,-0.0012518540264612613,0.0,0.0
1789,h2_storage,2030,38,329,329,,-0.0012518540264612613,0.0,0.0
1790,h2_storage,2030,38,330,330,,-0.0012518540264612613,0.0,0.0
1791,h2_storage,2030,38,331,331,,-0.0012518540264612613,0.0,0.0
1792,h2_storage,2030,38,332,332,,-0.0012518540264612613,0.0,0.0
1793,h2_storage,2030,38,333,333,,-0.0012518540264612613,0.0,0.0
1794,h2_storage,2030,38,334,334,,-0.0012518540264612613,0.0,0.0
1795,h2_storage,2030,38,335,335,,-0.0012518540264612613,0.0,0.0
1796,h2_storage,2030,38,336,336,,-0.0012518540264612613,0.0,0.0
1797,h2_storage,2030,38,337,337,,-0.0012518540264612613,0.0,0.0
1798,h2_storage,2030,38,338,338,,-0.0012518540264612613,0.0,0.0
1799,h2_storage,2030,38,339,339,,-0.0012518540264612613,0.0,0.0
1800,h2_storage,2030,38,340,340,,-0.0012518540264612613,0.0,0.0
1801,h2_storage,2030,38,341,341,,-0.0012518540264612613,0.0,0.0
1802,h2_storage,2030,38,342,342,,-0.0012518540264612613,0.0,0.0
1803,h2_storage,2030,38,343,343,,-0.0012518540264612613,0.0,0.0
1804,h2_storage,2030,38,344,344,,-0.0012518540264612613,0.0,0.0
1805,h2_storage,2030,38,345,345,,0.0,0.0,0.0
1806,h2_storage,2030,38,346,346,,0.0,0.0,0.0
1807,h2_storage,2030,38,347,347,,0.0,0.0,0.0
1808,h2_storage,2030,38,348,348,,0.0,0.0,0.0
1809,h2_storage,2030,38,349,349,,0.0,0.0,0.0
1810,h2_storage,2030,38,350,350,,0.0,0.0,0.0
1811,h2_storage,2030,38,351,351,,0.0,0.0,0.0
1812,h2_storage,2030,38,352,352,,0.0,0.0,0.0
1813,h2_storage,2030,38,353,353,,0.0,0.0,0.0
1814,h2_storage,2030,38,354,354,,0.0,0.0,0.0
1815,h2_storage,2030,38,355,355,,0.0,0.0,0.0
1816,h2_storage,2030,38,356,356,,0.0,0.0,0.0
1817,h2_storage,2030,38,357,357,,0.0,0.0,0.0
1818,h2_storage,2030,38,358,358,,0.0,0.0,0.0
1819,h2_storage,2030,38,359,359,,0.0,0.0,0.0
1820,h2_storage,2030,38,360,360,,0.0,0.0,0.0
1821,h2_storage,2030,38,361,361,,0.0,0.0,0.0
1822,h2_storage,2030,38,362,362,,0.0,0.0,0.0
1823,h2_storage,2030,38,363,363,,0.0,0.0,0.0
1824,h2_storage,2030,38,364,364,,0.0,0.0,0.0
1825,h2_storage,2030,38,365,365,,0.0,0.0,0.0
1826,h2_storage,2030,39,1,1,,-0.002509785113188076,0.0,0.0
1827,h2_storage,2030,39,2,2,,-0.002509785113188076,0.0,0.0
1828,h2_storage,2030,39,3,3,,-0.002509785113188076,0.0,0.0
1829,h2_storage,2030,39,4,4,,-0.002509785113188076,0.0,0.0
1830,h2_storage,2030,39,5,5,,-0.002509785113188076,0.0,0.0
1831,h2_storage,2030,39,6,6,,-0.002509785113188076,0.0,0.0
1832,h2_storage,2030,39,7,7,,-0.002509785113188076,0.0,0.0
1833,h2_storage,2030,39,8,8,,-0.002509785113188076,0.0,0.0
1834,h2_storage,2030,39,9,9,,-0.002509785113188076,0.0,0.0
1835,h2_storage,2030,39,10,10,,-0.002509785113188076,0.0,0.0
1836,h2_storage,2030,39,11,11,,-0.002509785113188076,0.0,0.0
1837,h2_storage,2030,39,12,12,,-0.002509785113188076,0.0,0.0
1838,h2_storage,2030,39,13,13,,-0.002305339437833187,0.0,0.0
1839,h2_storage,2030,39,14,14,,-0.002305339437833187,0.0,0.0
1840,h2_storage,2030,39,15,15,,-0.002305339437833187,0.0,0.0
1841,h2_storage,2030,39,16,16,,-0.002305339437833187,0.0,0.0
1842,h2_storage,2030,39,17,17,,-0.002305339437833187,0.0,0.0
1843,h2_storage,2030,39,18,18,,-0.002305339437833187,0.0,0.0
1844,h2_storage,2030,39,19,19,,-0.002305339437833187,0.0,0.0
1845,h2_storage,2030,39,20,20,,-0.002305339437833187,0.0,0.0
1846,h2_storage,2030,39,21,21,,-0.002305339437833187,0.0,0.0
1847,h2_storage,2030,39,22,22,,-0.002305339437833187,0.0,0.0
1848,h2_storage,2030,39,23,23,,-0.002305339437833187,0.0,0.0
1849,h2_storage,2030,39,24,24,,-0.002305339437833187,0.0,0.0
1850,h2_storage,2030,39,25,25,,-0.002305339437833187,0.0,0.0
1851,h2_storage,2030,39,26,26,,-0.002305339437833187,0.0,0.0
1852,h2_storage,2030,39,27,27,,-0.002305339437833187,0.0,0.0
1853,h2_storage,2030,39,28,28,,-0.002305339437833187,0.0,0.0
1854,h2_storage,2030,39,29,29,,-0.002305339437833187,0.0,0.0
1855,h2_storage,2030,39,30,30,,-0.002305339437833187,0.0,0.0
1856,h2_storage,2030,39,31,31,,-0.002305339437833187,0.0,0.0
1857,h2_storage,2030,39,32,32,,-0.002305339437833187,0.0,0.0
1858,h2_storage,2030,39,33,33,,-0.002305339437833187,0.0,0.0
1859,h2_storage,2030,39,34,34,,-0.002305339437833187,0.0,0.0
1860,h2_storage,2030,39,35,35,,-0.002305339437833187,0.0,0.0
1861,h2_storage,2030,39,36,36,,-0.002305339437833187,0.0,0.0
1862,h2_storage,2030,39,37,37,,-0.002305339437833187,0.0,0.0
1863,h2_storage,2030,39,38,38,,-0.002305339437833187,0.0,0.0
1864,h2_storage,2030,39,39,39,,-0.002305339437833187,0.0,0.0
1865,h2_storage,2030,39,40,40,,-0.002305339437833187,0.0,0.0
1866,h2_storage,2030,39,41,41,,-0.002305339437833187,0.0,0.0
1867,h2_storage,2030,39,42,42,,-0.002305339437833187,0.0,0.0
1868,h2_storage,2030,39,43,43,,-0.002305339437833187,0.0,0.0
1869,h2_storage,2030,39,44,44,,-0.002305339437833187,0.0,0.0
1870,h2_storage,2030,39,45,45,,-0.002305339437833187,0.0,0.0
1871,h2_storage,2030,39,46,46,,-0.002305339437833187,0.0,0.0
1872,h2_storage,2030,39,47,47,,-0.002305339437833187,0.0,0.0
1873,h2_storage,2030,39,48,48,,-0.002305339437833187,0.0,0.0
1874,h2_storage,2030,39,49,49,,-0.002305339437833187,0.0,0.0
1875,h2_storage,2030,39,50,50,,-0.002305339437833187,0.0,0.0
1876,h2_storage,2030,39,51,51,,-0.002305339437833187,0.0,0.0
1877,h2_storage,2030,39,52,52,,-0.002305339437833187,0.0,0.0
1878,h2_storage,2030,39,53,53,,-0.002305339437833187,0.0,0.0
1879,h2_storage,2030,39,54,54,,-0.002305339437833187,0.0,0.0
1880,h2_storage,2030,39,55,55,,-0.002305339437833187,0.0,0.0
1881,h2_storage,2030,39,56,56,,-0.002305339437833187,0.0,0.0
1882,h2_storage,2030,39,57,57,,-0.002305339437833187,0.0,0.0
1883,h2_storage,2030,39,58,58,,-0.002305339437833187,0.0,0.0
1884,h2_storage,2030,39,59,59,,-0.002305339437833187,0.0,0.0
1885,h2_storage,2030,39,60,60,,-0.002305339437833187,0.0,0.0
1886,h2_storage,2030,39,61,61,,-0.002305339437833187,0.0,0.0
1887,h2_storage,2030,39,62,62,,-0.002305339437833187,0.0,0.0
1888,h2_storage,2030,39,63,63,,-0.002305339437833187,0.0,0.0
1889,h2_storage,2030,39,64,64,,-0.002305339437833187,0.0,0.0
1890,h2_storage,2030,39,65,65,,-0.002305339437833187,0.0,0.0
1891,h2_storage,2030,39,66,66,,-0.002305339437833187,0.0,0.0
1892,h2_storage,2030,39,67,67,,-0.002305339437833187,0.0,0.0
1893,h2_storage,2030,39,68,68,,-0.002305339437833187,0.0,0.0
1894,h2_storage,2030,39,69,69,,-0.002305339437833187,0.0,0.0
1895,h2_storage,2030,39,70,70,,-0.002305339437833187,0.0,0.0
1896,h2_storage,2030,39,71,71,,-0.002305339437833187,0.0,0.0
1897,h2_storage,2030,39,72,72,,-0.002305339437833187,0.0,0.0
1898,h2_storage,2030,39,73,73,,-0.002305339437833187,0.0,0.0
1899,h2_storage,2030,39,74,74,,-0.002305339437833187,0.0,0.0
1900,h2_storage,2030,39,75,75,,-0.002305339437833187,0.0,0.0
1901,h2_storage,2030,39,76,76,,-0.002305339437833187,0.0,0.0
1902,h2_storage,2030,39,77,77,,-0.002305339437833187,0.0,0.0
1903,h2_storage,2030,39,78,78,,-0.002305339437833187,0.0,0.0
1904,h2_storage,2030,39,79,79,,-0.002305339437833187,0.0,0.0
1905,h2_storage,2030,39,80,80,,-0.002305339437833187,0.0,0.0
1906,h2_storage,2030,39,81,81,,-0.002305339437833187,0.0,0.0
1907,h2_storage,2030,39,82,82,,-0.002305339437833187,0.0,0.0
1908,h2_storage,2030,39,83,83,,-0.002305339437833187,0.0,0.0
1909,h2_storage,2030,39,84,84,,-0.002305339437833187,0.0,0.0
1910,h2_storage,2030,39,85,85,,-0.002305339437833187,0.0,0.0
1911,h2_storage,2030,39,86,86,,-0.002305339437833187,0.0,0.0
1912,h2_storage,2030,39,87,87,,-0.002305339437833187,0.0,0.0
1913,h2_storage,2030,39,88,88,,-0.002305339437833187,0.0,0.0
1914,h2_storage,2030,39,89,89,,-0.002305339437833187,0.0,0.0
1915,h2_storage,2030,39,90,90,,-0.002305339437833187,0.0,0.0
1916,h2_storage,2030,39,91,91,,-0.002305339437833187,0.0,0.0
1917,h2_storage,2030,39,92,92,,-0.002305339437833187,0.0,0.0
1918,h2_storage,2030,39,93,93,,-0.002305339437833187,0.0,0.0
1919,h2_storage,2030,39,94,94,,-0.002305339437833187,0.0,0.0
1920,h2_storage,2030,39,95,95,,-0.002305339437833187,0.0,0.0
1921,h2_storage,2030,39,96,96,,-0.002305339437833187,0.0,0.0
1922,h2_storage,2030,39,97,97,,-0.002305339437833187,0.0,0.0
1923,h2_storage,2030,39,98,98,,-0.002305339437833187,0.0,0.0
1924,h2_storage,2030,39,99,99,,-0.002305339437833187,0.0,0.0
1925,h2_storage,2030,39,100,100,,-0.002305339437833187,0.0,0.0
1926,h2_storage,2030,39,101,101,,-0.002305339437833187,0.0,0.0
1927,h2_storage,2030,39,102,102,,-0.002305339437833187,0.0,0.0
1928,h2_storage,2030,39,103,103,,-0.002305339437833187,0.0,0.0
1929,h2_storage,2030,39,104,104,,-0.002305339437833187,0.0,0.0
1930,h2_storage,2030,39,105,105,,-0.002305339437833187,0.0,0.0
1931,h2_storage,2030,39,106,106,,-0.002305339437833187,0.0,0.0
1932,h2_storage,2030,39,107,107,,-0.002305339437833187,0.0,0.0
1933,h2_storage,2030,39,108,108,,-0.002305339437833187,0.0,0.0
1934,h2_storage,2030,39,109,109,,-0.002305339437833187,0.0,0.0
1935,h2_storage,2030,39,110,110,,-0.002305339437833187,0.0,0.0
1936,h2_storage,2030,39,111,111,,-0.002305339437833187,0.0,0.0
1937,h2_storage,2030,39,112,112,,-0.002305339437833187,0.0,0.0
1938,h2_storage,2030,39,113,113,,-0.002305339437833187,0.0,0.0
1939,h2_storage,2030,39,114,114,,-0.002305339437833187,0.0,0.0
1940,h2_storage,2030,39,115,115,,-0.002305339437833187,0.0,0.0
1941,h2_storage,2030,39,116,116,,-0.002305339437833187,0.0,0.0
1942,h2_storage,2030,39,117,117,,-0.002305339437833187,0.0,0.0
1943,h2_storage,2030,39,118,118,,-0.002305339437833187,0.0,0.0
1944,h2_storage,2030,39,119,119,,-0.002305339437833187,0.0,0.0
1945,h2_storage,2030,39,120,120,,-0.002305339437833187,0.0,0.0
1946,h2_storage,2030,39,121,121,,-0.002305339437833187,0.0,0.0
1947,h2_storage,2030,39,122,122,,-0.002305339437833187,0.0,0.0
1948,h2_storage,2030,39,123,123,,-0.002305339437833187,0.0,0.0
1949,h2_storage,2030,39,124,124,,-0.002305339437833187,0.0,0.0
1950,h2_storage,2030,39,125,125,,-0.002305339437833187,0.0,0.0
1951,h2_storage,2030,39,126,126,,-0.002305339437833187,0.0,0.0
1952,h2_storage,2030,39,127,127,,-0.002305339437833187,0.0,0.0
1953,h2_storage,2030,39,128,128,,-0.002305339437833187,0.0,0.0
1954,h2_storage,2030,39,129,129,,-0.002305339437833187,0.0,0.0
1955,h2_storage,2030,39,130,130,,-0.002305339437833187,0.0,0.0
1956,h2_storage,2030,39,131,131,,-0.002305339437833187,0.0,0.0
1957,h2_storage,2030,39,132,132,,-0.002305339437833187,0.0,0.0
1958,h2_storage,2030,39,133,133,,-0.002305339437833187,0.0,0.0
1959,h2_storage,2030,39,134,134,,-0.002305339437833187,0.0,0.0
1960,h2_storage,2030,39,135,135,,-0.002305339437833187,0.0,0.0
1961,h2_storage,2030,39,136,136,,-0.002305339437833187,0.0,0.0
1962,h2_storage,2030,39,137,137,,-0.002305339437833187,0.0,0.0
1963,h2_storage,2030,39,138,138,,-0.002305339437833187,0.0,0.0
1964,h2_storage,2030,39,139,139,,-0.002305339437833187,0.0,0.0
1965,h2_storage,2030,39,140,140,,-0.002305339437833187,0.0,0.0
1966,h2_storage,2030,39,141,141,,-0.002305339437833187,0.0,0.0
1967,h2_storage,2030,39,142,142,,-0.002305339437833187,0.0,0.0
1968,h2_storage,2030,39,143,143,,-0.002305339437833187,0.0,0.0
1969,h2_storage,2030,39,144,144,,-0.002305339437833187,0.0,0.0
1970,h2_storage,2030,39,145,145,,-0.002305339437833187,0.0,0.0
1971,h2_storage,2030,39,146,146,,-0.002305339437833187,0.0,0.0
1972,h2_storage,2030,39,147,147,,-0.002305339437833187,0.0,0.0
1973,h2_storage,2030,39,148,148,,-0.002305339437833187,0.0,0.0
1974,h2_storage,2030,39,149,149,,-0.002305339437833187,0.0,0.0
1975,h2_storage,2030,39,150,150,,-0.002305339437833187,0.0,0.0
1976,h2_storage,2030,39,151,151,,-0.002305339437833187,0.0,0.0
1977,h2_storage,2030,39,152,152,,-0.002305339437833187,0.0,0.0
1978,h2_storage,2030,39,153,153,,-0.002305339437833187,0.0,0.0
1979,h2_storage,2030,39,154,154,,-0.002305339437833187,0.0,0.0
1980,h2_storage,2030,39,155,155,,-0.002305339437833187,0.0,0.0
1981,h2_storage,2030,39,156,156,,-0.002305339437833187,0.0,0.0
1982,h2_storage,2030,39,157,157,,-0.002305339437833187,0.0,0.0
1983,h2_storage,2030,39,158,158,,-0.002305339437833187,0.0,0.0
1984,h2_storage,2030,39,159,159,,-0.0023026869912293134,0.0,0.0
1985,h2_storage,2030,39,160,160,,-0.0023026869912293134,0.0,0.0
1986,h2_storage,2030,39,161,161,,-0.0023026869912293134,0.0,0.0
1987,h2_storage,2030,39,162,162,,-0.0023026869912293134,0.0,0.0
1988,h2_storage,2030,39,163,163,,-0.0023026869912293134,0.0,0.0
1989,h2_storage,2030,39,164,164,,-0.0023026869912293134,0.0,0.0
1990,h2_storage,2030,39,165,165,,-0.0023026869912293134,0.0,0.0
1991,h2_storage,2030,39,166,166,,-0.0023026869912293134,0.0,0.0
1992,h2_storage,2030,39,167,167,,-0.0023026869912293134,0.0,0.0
1993,h2_storage,2030,39,168,168,,-0.0023026869912293134,0.0,0.0
1994,h2_storage,2030,39,169,169,,-0.0023026869912293134,0.0,0.0
1995,h2_storage,2030,39,170,170,,-0.0023026869912293134,0.0,0.0
1996,h2_storage,2030,39,171,171,,-0.0023026869912293134,0.0,0.0
1997,h2_storage,2030,39,172,172,,-0.0023026869912293134,0.0,0.0
1998,h2_storage,2030,39,173,173,,-0.0023026869912293134,0.0,0.0
1999,h2_storage,2030,39,174,174,,-0.0023026869912293134,0.0,0.0
2000,h2_storage,2030,39,175,175,,-0.0023026869912293134,0.0,0.0
2001,h2_storage,2030,39,176,176,,-0.0023026869912293134,0.0,0.0
2002,h2_storage,2030,39,177,177,,-0.0023026869912293134,0.0,0.0
2003,h2_storage,2030,39,178,178,,-0.0023026869912293134,0.0,0.0
2004,h2_storage,2030,39,179,179,,-0.0023026869912293134,0.0,0.0
2005,h2_storage,2030,39,180,180,,-0.0023026869912293134,0.0,0.0
2006,h2_storage,2030,39,181,181,,-0.0023026869912293134,0.0,0.0
2007,h2_storage,2030,39,182,182,,-0.0023026869912293134,0.0,0.0
2008,h2_storage,2030,39,183,183,,-0.0023026869912293134,0.0,0.0
2009,h2_storage,2030,39,184,184,,-0.0023026869912293134,0.0,0.0
2010,h2_storage,2030,39,185,185,,-0.0023026869912293134,0.0,0.0
2011,h2_storage,2030,39,186,186,,-0.0023026869912293134,0.0,0.0
2012,h2_storage,2030,39,187,187,,-0.0023026869912293134,0.0,0.0
2013,h2_storage,2030,39,188,188,,-0.0023026869912293134,0.0,0.0
2014,h2_storage,2030,39,189,189,,-0.0023026869912293134,0.0,0.0
2015,h2_storage,2030,39,190,190,,-0.0023026869912293134,0.0,0.0
2016,h2_storage,2030,39,191,191,,-0.0023026869912293134,0.0,0.0
2017,h2_storage,2030,39,192,192,,-0.0023026869912293134,0.0,0.0
2018,h2_storage,2030,39,193,193,,-0.0023026869912293134,0.0,0.0
2019,h2_storage,2030,39,194,194,,-0.0023026869912293134,0.0,0.0
2020,h2_storage,2030,39,195,195,,-0.0023026869912293134,0.0,0.0
2021,h2_storage,2030,39,196,196,,-0.0023026869912293134,0.0,0.0
2022,h2_storage,2030,39,197,197,,-0.0023026869912293134,0.0,0.0
2023,h2_storage,2030,39,198,198,,-0.0023026869912293134,0.0,0.0
2024,h2_storage,2030,39,199,199,,-0.0023026869912293134,0.0,0.0
2025,h2_storage,2030,39,200,200,,-0.0023026869912293134,0.0,0.0
2026,h2_storage,2030,39,201,201,,-0.0023026869912293134,0.0,0.0
2027,h2_storage,2030,39,202,202,,-0.0023026869912293134,0.0,0.0
2028,h2_storage,2030,39,203,203,,-0.0023026869912293134,0.0,0.0
2029,h2_storage,2030,39,204,204,,-0.0023026869912293134,0.0,0.0
2030,h2_storage,2030,39,205,205,,-0.0023026869912293134,0.0,0.0
2031,h2_storage,2030,39,206,206,,-0.0023026869912293134,0.0,0.0
2032,h2_storage,2030,39,207,207,,-0.0023026869912293134,0.0,0.0
2033,h2_storage,2030,39,208,208,,-0.0023026869912293134,0.0,0.0
2034,h2_storage,2030,39,209,209,,-0.0023026869912293134,0.0,0.0
2035,h2_storage,2030,39,210,210,,-0.0023026869912293134,0.0,0.0
2036,h2_storage,2030,39,211,211,,-0.0023026869912293134,0.0,0.0
2037,h2_storage,2030,39,212,212,,-0.0023026869912293134,0.0,0.0
2038,h2_storage,2030,39,213,213,,-0.0023026869912293134,0.0,0.0
2039,h2_storage,2030,39,214,214,,-0.0023026869912293134,0.0,0.0
2040,h2_storage,2030,39,215,215,,-0.0023026869912293134,0.0,0.0
2041,h2_storage,2030,39,216,216,,-0.0023026869912293134,0.0,0.0
2042,h2_storage,2030,39,217,217,,-0.0023026869912293134,0.0,0.0
2043,h2_storage,2030,39,218,218,,-0.0023026869912293134,0.0,0.0
2044,h2_storage,2030,39,219,219,,-0.0023026869912293134,0.0,0.0
2045,h2_storage,2030,39,220,220,,-0.0023026869912293134,0.0,0.0
2046,h2_storage,2030,39,221,221,,-0.0023026869912293134,0.0,0.0
2047,h2_storage,2030,39,222,222,,-0.0023026869912293134,0.0,0.0
2048,h2_storage,2030,39,223,223,,-0.0023026869912293134,0.0,0.0
2049,h2_storage,2030,39,224,224,,-0.0023026869912293134,0.0,0.0
2050,h2_storage,2030,39,225,225,,-0.0023026869912293134,0.0,0.0
2051,h2_storage,2030,39,226,226,,-0.0023026869912293134,0.0,0.0
2052,h2_storage,2030,39,227,227,,-0.0023026869912293134,0.0,0.0
2053,h2_storage,2030,39,228,228,,-0.0023026869912293134,0.0,0.0
2054,h2_storage,2030,39,229,229,,-0.0023026869912293134,0.0,0.0
2055,h2_storage,2030,39,230,230,,-0.0023026869912293134,0.0,0.0
2056,h2_storage,2030,39,231,231,,-0.0023026869912293134,0.0,0.0
2057,h2_storage,2030,39,232,232,,-0.0023026869912293134,0.0,0.0
2058,h2_storage,2030,39,233,233,,-0.0023026869912293134,0.0,0.0
2059,h2_storage,2030,39,234,234,,-0.0023026869912293134,0.0,0.0
2060,h2_storage,2030,39,235,235,,-0.0023026869912293134,0.0,0.0
2061,h2_storage,2030,39,236,236,,-0.0023026869912293134,0.0,0.0
2062,h2_storage,2030,39,237,237,,-0.0023026869912293134,0.0,0.0
2063,h2_storage,2030,39,238,238,,-0.0023026869912293134,0.0,0.0
2064,h2_storage,2030,39,239,239,,-0.0023022821332038985,0.0,0.0
2065,h2_storage,2030,39,240,240,,-0.0023022821332038985,0.0,0.0
2066,h2_storage,2030,39,241,241,,-0.0023022821332038985,0.0,0.0
2067,h2_storage,2030,39,242,242,,-0.0023022821332038985,0.0,0.0
2068,h2_storage,2030,39,243,243,,-0.0023022821332038985,0.0,0.0
2069,h2_storage,2030,39,244,244,,-0.0023022821332038985,0.0,0.0
2070,h2_storage,2030,39,245,245,,-0.0023022821332038985,0.0,0.0
2071,h2_storage,2030,39,246,246,,-0.0023022821332038985,0.0,0.0
2072,h2_storage,2030,39,247,247,,-0.0023022821332038985,0.0,0.0
2073,h2_storage,2030,39,248,248,,-0.0023022821332038985,0.0,0.0
2074,h2_storage,2030,39,249,249,,-0.0023022821332038985,0.0,0.0
2075,h2_storage,2030,39,250,250,,-0.0023022821332038985,0.0,0.0
2076,h2_storage,2030,39,251,251,,-0.0023022821332038985,0.0,0.0
2077,h2_storage,2030,39,252,252,,-0.0023022821332038985,0.0,0.0
2078,h2_storage,2030,39,253,253,,-0.0023022821332038985,0.0,0.0
2079,h2_storage,2030,39,254,254,,-0.0023022821332038985,0.0,0.0
2080,h2_storage,2030,39,255,255,,-0.0023022821332038985,0.0,0.0
2081,h2_storage,2030,39,256,256,,-0.0023022821332038985,0.0,0.0
2082,h2_storage,2030,39,257,257,,-0.0023022821332038985,0.0,0.0
2083,h2_storage,2030,39,258,258,,-0.0023022821332038985,0.0,0.0
2084,h2_storage,2030,39,259,259,,-0.0023022821332038985,0.0,0.0
2085,h2_storage,2030,39,260,260,,-0.0023022821332038985,0.0,0.0
2086,h2_storage,2030,39,261,261,,-0.0023022821332038985,0.0,0.0
2087,h2_storage,2030,39,262,262,,-0.0023022821332038985,0.0,0.0
2088,h2_storage,2030,39,263,263,,-0.0023022821332038985,0.0,0.0
2089,h2_storage,2030,39,264,264,,-0.0023022821332038985,0.0,0.0
2090,h2_storage,2030,39,265,265,,-0.0023022821332038985,0.0,0.0
2091,h2_storage,2030,39,266,266,,-0.0023022821332038985,0.0,0.0
2092,h2_storage,2030,39,267,267,,-0.0023022821332038985,0.0,0.0
2093,h2_storage,2030,39,268,268,,-0.0023022821332038985,0.0,0.0
2094,h2_storage,2030,39,269,269,,-0.0023022821332038985,0.0,0.0
2095,h2_storage,2030,39,270,270,,-0.0023022821332038985,0.0,0.0
2096,h2_storage,2030,39,271,271,,-0.0023022821332038985,0.0,0.0
2097,h2_storage,2030,39,272,272,,-0.0023022821332038985,0.0,0.0
2098,h2_storage,2030,39,273,273,,-0.0023022821332038985,0.0,0.0
2099,h2_storage,2030,39,274,274,,-0.0023022821332038985,0.0,0.0
2100,h2_storage,2030,39,275,275,,-0.0023022821332038985,0.0,0.0
2101,h2_storage,2030,39,276,276,,-0.0023022821332038985,0.0,0.0
2102,h2_storage,2030,39,277,277,,-0.0023022821332038985,0.0,0.0
2103,h2_storage,2030,39,278,278,,-0.0023022821332038985,0.0,0.0
2104,h2_storage,2030,39,279,279,,-0.0023022821332038985,0.0,0.0
2105,h2_storage,2030,39,280,280,,-0.0023022821332038985,0.0,0.0
2106,h2_storage,2030,39,281,281,,-0.0023022821332038985,0.0,0.0
2107,h2_storage,2030,39,282,282,,-0.0023022821332038985,0.0,0.0
2108,h2_storage,2030,39,283,283,,-0.0023022821332038985,0.0,0.0
2109,h2_storage,2030,39,284,284,,-0.0023022821332038985,0.0,0.0
2110,h2_storage,2030,39,285,285,,-0.0023022821332038985,0.0,0.0
2111,h2_storage,2030,39,286,286,,-0.0023022821332038985,0.0,0.0
2112,h2_storage,2030,39,287,287,,-0.0023022821332038985,0.0,0.0
2113,h2_storage,2030,39,288,288,,-0.0023022821332038985,0.0,0.0
2114,h2_storage,2030,39,289,289,,-0.0023022821332038985,0.0,0.0
2115,h2_storage,2030,39,290,290,,-0.0023022821332038985,0.0,0.0
2116,h2_storage,2030,39,291,291,,-0.0023022821332038985,0.0,0.0
2117,h2_storage,2030,39,292,292,,-0.0023022821332038985,0.0,0.0
2118,h2_storage,2030,39,293,293,,-0.0023022821332038985,0.0,0.0
2119,h2_storage,2030,39,294,294,,-0.0023022821332038985,0.0,0.0
2120,h2_storage,2030,39,295,295,,-0.0023022821332038985,0.0,0.0
2121,h2_storage,2030,39,296,296,,-0.0023022821332038985,0.0,0.0
2122,h2_storage,2030,39,297,297,,-0.0023022821332038985,0.0,0.0
2123,h2_storage,2030,39,298,298,,-0.0023022821332038985,0.0,0.0
2124,h2_storage,2030,39,299,299,,-0.0023022821332038985,0.0,0.0
2125,h2_storage,2030,39,300,300,,-0.0023022821332038985,0.0,0.0
2126,h2_storage,2030,39,301,301,,-0.0023022821332038985,0.0,0.0
2127,h2_storage,2030,39,302,302,,-0.0023022821332038985,0.0,0.0
2128,h2_storage,2030,39,303,303,,-0.0023022821332038985,0.0,0.0
2129,h2_storage,2030,39,304,304,,-0.0023022821332038985,0.0,0.0
2130,h2_storage,2030,39,305,305,,-0.0023022821332038985,0.0,0.0
2131,h2_storage,2030,39,306,306,,-0.0023022821332038985,0.0,0.0
2132,h2_storage,2030,39,307,307,,-0.0023022821332038985,0.0,0.0
2133,h2_storage,2030,39,308,308,,-0.0023022821332038985,0.0,0.0
2134,h2_storage,2030,39,309,309,,-0.0023022821332038985,0.0,0.0
2135,h2_storage,2030,39,310,310,,-0.0023022821332038985,0.0,0.0
2136,h2_storage,2030,39,311,311,,-0.0023022821332038985,0.0,0.0
2137,h2_storage,2030,39,312,312,,-0.0023022821332038985,0.0,0.0
2138,h2_storage,2030,39,313,313,,-0.0023022821332038985,0.0,0.0
2139,h2_storage,2030,39,314,314,,-0.0023022821332038985,0.0,0.0
2140,h2_storage,2030,39,315,315,,-0.0023022821332038985,0.0,0.0
2141,h2_storage,2030,39,316,316,,-0.0023022821332038985,0.0,0.0
2142,h2_storage,2030,39,317,317,,-0.0023022821332038985,0.0,0.0
2143,h2_storage,2030,39,318,318,,-0.0023022821332038985,0.0,0.0
2144,h2_storage,2030,39,319,319,,-0.0023022821332038985,0.0,0.0
2145,h2_storage,2030,39,320,320,,-0.0023022821332038985,0.0,0.0
2146,h2_storage,2030,39,321,321,,-0.0023022821332038985,0.0,0.0
2147,h2_storage,2030,39,322,322,,-0.0023022821332038985,0.0,0.0
2148,h2_storage,2030,39,323,323,,-0.0023022821332038985,0.0,0.0
2149,h2_storage,2030,39,324,324,,-0.0023022821332038985,0.0,0.0
2150,h2_storage,2030,39,325,325,,-0.0023022821332038985,0.0,0.0
2151,h2_storage,2030,39,326,326,,-0.0023022821332038985,0.0,0.0
2152,h2_storage,2030,39,327,327,,-0.0023022821332038985,0.0,0.0
2153,h2_storage,2030,39,328,328,,-0.0023022821332038985,0.0,0.0
2154,h2_storage,2030,39,329,329,,-0.0023022821332038985,0.0,0.0
2155,h2_storage,2030,39,330,330,,-0.0023022821332038985,0.0,0.0
2156,h2_storage,2030,39,331,331,,-0.0023022821332038985,0.0,0.0
2157,h2_storage,2030,39,332,332,,-0.0023022821332038985,0.0,0.0
2158,h2_storage,2030,39,333,333,,-0.0023022821332038985,0.0,0.0
2159,h2_storage,2030,39,334,334,,-0.0023022821332038985,0.0,0.0
2160,h2_storage,2030,39,335,335,,-0.0023022821332038985,0.0,0.0
2161,h2_storage,2030,39,336,336,,-0.0023022821332038985,0.0,0.0
2162,h2_storage,2030,39,337,337,,-0.0023022821332038985,0.0,0.0
2163,h2_storage,2030,39,338,338,,-0.0023022821332038985,0.0,0.0
2164,h2_storage,2030,39,339,339,,-0.0023022821332038985,0.0,0.0
2165,h2_storage,2030,39,340,340,,-0.0023022821332038985,0.0,0.0
2166,h2_storage,2030,39,341,341,,-0.0023022821332038985,0.0,0.0
2167,h2_storage,2030,39,342,342,,-0.0023022821332038985,0.0,0.0
2168,h2_storage,2030,39,343,343,,-0.0023022821332038985,0.0,0.0
2169,h2_storage,2030,39,344,344,,-0.0023022821332038985,0.0,0.0
2170,h2_storage,2030,39,345,345,,-0.0023022821332038985,0.0,0.0
2171,h2_storage,2030,39,346,346,,-0.0023022821332038985,0.0,0.0
2172,h2_storage,2030,39,347,347,,-0.0023022821332038985,0.0,0.0
2173,h2_storage,2030,39,348,348,,-0.0023022821332038985,0.0,0.0
2174,h2_storage,2030,39,349,349,,-0.0023022821332038985,0.0,0.0
2175,h2_storage,2030,39,350,350,,-0.0023022821332038985,0.0,0.0
2176,h2_storage,2030,39,351,351,,-0.0023022821332038985,0.0,0.0
2177,h2_storage,2030,39,352,352,,-0.0023022821332038985,0.0,0.0
2178,h2_storage,2030,39,353,353,,-0.0023022821332038985,0.0,0.0
2179,h2_storage,2030,39,354,354,,-0.0023022821332038985,0.0,0.0
2180,h2_storage,2030,39,355,355,,-0.0023022821332038985,0.0,0.0
2181,h2_storage,2030,39,356,356,,-0.0023022821332038985,0.0,0.0
2182,h2_storage,2030,39,357,357,,-0.0023022821332038985,0.0,0.0
2183,h2_storage,2030,39,358,358,,-0.0023022821332038985,0.0,0.0
2184,h2_storage,2030,39,359,359,,-0.0023022821332038985,0.0,0.0
2185,h2_storage,2030,39,360,360,,-0.0019825836720308147,0.0,0.0
2186,h2_storage,2030,39,361,361,,-0.0019825836720308147,0.0,0.0
2187,h2_storage,2030,39,362,362,,-0.0019825836720308147,0.0,0.0
2188,h2_storage,2030,39,363,363,,-0.0019825836720308147,0.0,0.0
2189,h2_storage,2030,39,364,364,,0.0,0.0,0.0
2190,h2_storage,2030,39,365,365,,0.0,0.0,0.0
2191,hydro_reservoir,2030,30,1,1,,-0.04050000000000001,0.0,0.0
2192,hydro_reservoir,2030,30,2,2,,-0.04050000000000001,0.0,0.0
2193,hydro_reservoir,2030,30,3,3,,-0.04050000000000001,0.0,0.0
2194,hydro_reservoir,2030,30,4,4,,-0.04050000000000001,0.0,0.0
2195,hydro_reservoir,2030,30,5,5,,-0.04050000000000001,0.0,0.0
2196,hydro_reservoir,2030,30,6,6,,-0.04050000000000001,0.0,0.0
2197,hydro_reservoir,2030,30,7,7,,-0.04050000000000001,0.0,0.0
2198,hydro_reservoir,2030,30,8,8,,-0.04050000000000001,0.0,0.0
2199,hydro_reservoir,2030,30,9,9,,-0.04050000000000001,0.0,0.0
2200,hydro_reservoir,2030,30,10,10,,-0.04050000000000001,0.0,0.0
2201,hydro_reservoir,2030,30,11,11,,-0.04050000000000001,0.0,0.0
2202,hydro_reservoir,2030,30,12,12,,-0.04050000000000001,0.0,0.0
2203,hydro_reservoir,2030,30,13,13,,-0.04050000000000001,0.0,0.0
2204,hydro_reservoir,2030,30,14,14,,-0.04050000000000001,0.0,0.0
2205,hydro_reservoir,2030,30,15,15,,-0.04050000000000001,0.0,0.0
2206,hydro_reservoir,2030,30,16,16,,-0.04050000000000001,0.0,0.0
2207,hydro_reservoir,2030,30,17,17,,-0.04050000000000001,0.0,0.0
2208,hydro_reservoir,2030,30,18,18,,-0.04050000000000001,0.0,0.0
2209,hydro_reservoir,2030,30,19,19,,-0.04050000000000001,0.0,0.0
2210,hydro_reservoir,2030,30,20,20,,-0.04050000000000001,0.0,0.0
2211,hydro_reservoir,2030,30,21,21,,-0.04050000000000001,0.0,0.0
2212,hydro_reservoir,2030,30,22,22,,-0.04050000000000001,0.0,0.0
2213,hydro_reservoir,2030,30,23,23,,-0.04050000000000001,0.0,0.0
2214,hydro_reservoir,2030,30,24,24,,-0.04050000000000001,0.0,0.0
2215,hydro_reservoir,2030,30,25,25,,-0.04050000000000001,0.0,0.0
2216,hydro_reservoir,2030,30,26,26,,-0.04050000000000001,0.0,0.0
2217,hydro_reservoir,2030,30,27,27,,-0.04050000000000001,0.0,0.0
2218,hydro_reservoir,2030,30,28,28,,-0.04050000000000001,0.0,0.0
2219,hydro_reservoir,2030,30,29,29,,-0.04050000000000001,0.0,0.0
2220,hydro_reservoir,2030,30,30,30,,-0.04050000000000001,0.0,0.0
2221,hydro_reservoir,2030,30,31,31,,-0.04050000000000001,0.0,0.0
2222,hydro_reservoir,2030,30,32,32,,-0.04050000000000001,0.0,0.0
2223,hydro_reservoir,2030,30,33,33,,-0.04050000000000001,0.0,0.0
2224,hydro_reservoir,2030,30,34,34,,-0.04050000000000001,0.0,0.0
2225,hydro_reservoir,2030,30,35,35,,-0.04050000000000001,0.0,0.0
2226,hydro_reservoir,2030,30,36,36,,-0.04050000000000001,0.0,0.0
2227,hydro_reservoir,2030,30,37,37,,-0.04050000000000001,0.0,0.0
2228,hydro_reservoir,2030,30,38,38,,-0.04050000000000001,0.0,0.0
2229,hydro_reservoir,2030,30,39,39,,-0.04050000000000001,0.0,0.0
2230,hydro_reservoir,2030,30,40,40,,-0.04050000000000001,0.0,0.0
2231,hydro_reservoir,2030,30,41,41,,-0.04050000000000001,0.0,0.0
2232,hydro_reservoir,2030,30,42,42,,-0.04050000000000001,0.0,0.0
2233,hydro_reservoir,2030,30,43,43,,-0.04050000000000001,0.0,0.0
2234,hydro_reservoir,2030,30,44,44,,-0.04050000000000001,0.0,0.0
2235,hydro_reservoir,2030,30,45,45,,-0.04050000000000001,0.0,0.0
2236,hydro_reservoir,2030,30,46,46,,-0.04050000000000001,0.0,0.0
2237,hydro_reservoir,2030,30,47,47,,-0.04050000000000001,0.0,0.0
2238,hydro_reservoir,2030,30,48,48,,-0.04050000000000001,0.0,0.0
2239,hydro_reservoir,2030,30,49,49,,-0.04050000000000001,0.0,0.0
2240,hydro_reservoir,2030,30,50,50,,-0.04050000000000001,0.0,0.0
2241,hydro_reservoir,2030,30,51,51,,-0.04050000000000001,0.0,0.0
2242,hydro_reservoir,2030,30,52,52,,-0.04050000000000001,0.0,0.0
2243,hydro_reservoir,2030,30,53,53,,-0.04050000000000001,0.0,0.0
2244,hydro_reservoir,2030,30,54,54,,-0.04050000000000001,0.0,0.0
2245,hydro_reservoir,2030,30,55,55,,-0.04050000000000001,0.0,0.0
2246,hydro_reservoir,2030,30,56,56,,-0.04050000000000001,0.0,0.0
2247,hydro_reservoir,2030,30,57,57,,-0.04050000000000001,0.0,0.0
2248,hydro_reservoir,2030,30,58,58,,-0.04050000000000001,0.0,0.0
2249,hydro_reservoir,2030,30,59,59,,-0.04050000000000001,0.0,0.0
2250,hydro_reservoir,2030,30,60,60,,-0.04050000000000001,0.0,0.0
2251,hydro_reservoir,2030,30,61,61,,-0.04050000000000001,0.0,0.0
2252,hydro_reservoir,2030,30,62,62,,-0.04050000000000001,0.0,0.0
2253,hydro_reservoir,2030,30,63,63,,-0.04050000000000001,0.0,0.0
2254,hydro_reservoir,2030,30,64,64,,-0.04050000000000001,0.0,0.0
2255,hydro_reservoir,2030,30,65,65,,-0.04050000000000001,0.0,0.0
2256,hydro_reservoir,2030,30,66,66,,-0.04050000000000001,0.0,0.0
2257,hydro_reservoir,2030,30,67,67,,-0.04050000000000001,0.0,0.0
2258,hydro_reservoir,2030,30,68,68,,-0.04050000000000001,0.0,0.0
2259,hydro_reservoir,2030,30,69,69,,-0.04050000000000001,0.0,0.0
2260,hydro_reservoir,2030,30,70,70,,-0.04050000000000001,0.0,0.0
2261,hydro_reservoir,2030,30,71,71,,-0.04050000000000001,0.0,0.0
2262,hydro_reservoir,2030,30,72,72,,-0.04050000000000001,0.0,0.0
2263,hydro_reservoir,2030,30,73,73,,-0.04050000000000001,0.0,0.0
2264,hydro_reservoir,2030,30,74,74,,-0.04050000000000001,0.0,0.0
2265,hydro_reservoir,2030,30,75,75,,-0.04050000000000001,0.0,0.0
2266,hydro_reservoir,2030,30,76,76,,-0.04050000000000001,0.0,0.0
2267,hydro_reservoir,2030,30,77,77,,-0.04050000000000001,0.0,0.0
2268,hydro_reservoir,2030,30,78,78,,-0.04050000000000001,0.0,0.0
2269,hydro_reservoir,2030,30,79,79,,-0.04050000000000001,0.0,0.0
2270,hydro_reservoir,2030,30,80,80,,-0.04050000000000001,0.0,0.0
2271,hydro_reservoir,2030,30,81,81,,-0.04050000000000001,0.0,0.0
2272,hydro_reservoir,2030,30,82,82,,-0.04050000000000001,0.0,0.0
2273,hydro_reservoir,2030,30,83,83,,-0.04050000000000001,0.0,0.0
2274,hydro_reservoir,2030,30,84,84,,-0.04050000000000001,0.0,0.0
2275,hydro_reservoir,2030,30,85,85,,-0.04050000000000001,0.0,0.0
2276,hydro_reservoir,2030,30,86,86,,-0.04050000000000001,0.0,0.0
2277,hydro_reservoir,2030,30,87,87,,-0.04050000000000001,0.0,0.0
2278,hydro_reservoir,2030,30,88,88,,-0.04050000000000001,0.0,0.0
2279,hydro_reservoir,2030,30,89,89,,-0.04050000000000001,0.0,0.0
2280,hydro_reservoir,2030,30,90,90,,-0.04050000000000001,0.0,0.0
2281,hydro_reservoir,2030,30,91,91,,-0.04050000000000001,0.0,0.0
2282,hydro_reservoir,2030,30,92,92,,-0.04050000000000001,0.0,0.0
2283,hydro_reservoir,2030,30,93,93,,-0.04050000000000001,0.0,0.0
2284,hydro_reservoir,2030,30,94,94,,-0.04050000000000001,0.0,0.0
2285,hydro_reservoir,2030,30,95,95,,-0.04050000000000001,0.0,0.0
2286,hydro_reservoir,2030,30,96,96,,-0.04050000000000001,0.0,0.0
2287,hydro_reservoir,2030,30,97,97,,-0.04050000000000001,0.0,0.0
2288,hydro_reservoir,2030,30,98,98,,-0.04050000000000001,0.0,0.0
2289,hydro_reservoir,2030,30,99,99,,-0.04050000000000001,0.0,0.0
2290,hydro_reservoir,2030,30,100,100,,-0.04050000000000001,0.0,0.0
2291,hydro_reservoir,2030,30,101,101,,-0.04050000000000001,0.0,0.0
2292,hydro_reservoir,2030,30,102,102,,-0.04050000000000001,0.0,0.0
2293,hydro_reservoir,2030,30,103,103,,-0.04050000000000001,0.0,0.0
2294,hydro_reservoir,2030,30,104,104,,-0.04050000000000001,0.0,0.0
2295,hydro_reservoir,2030,30,105,105,,-0.04050000000000001,0.0,0.0
2296,hydro_reservoir,2030,30,106,106,,-0.04050000000000001,0.0,0.0
2297,hydro_reservoir,2030,30,107,107,,-0.04050000000000001,0.0,0.0
2298,hydro_reservoir,2030,30,108,108,,-0.04050000000000001,0.0,0.0
2299,hydro_reservoir,2030,30,109,109,,-0.04050000000000001,0.0,0.0
2300,hydro_reservoir,2030,30,110,110,,-0.04050000000000001,0.0,0.0
2301,hydro_reservoir,2030,30,111,111,,-0.04050000000000001,0.0,0.0
2302,hydro_reservoir,2030,30,112,112,,-0.04050000000000001,0.0,0.0
2303,hydro_reservoir,2030,30,113,113,,-0.04050000000000001,0.0,0.0
2304,hydro_reservoir,2030,30,114,114,,-0.04050000000000001,0.0,0.0
2305,hydro_reservoir,2030,30,115,115,,-0.04050000000000001,0.0,0.0
2306,hydro_reservoir,2030,30,116,116,,-0.04050000000000001,0.0,0.0
2307,hydro_reservoir,2030,30,117,117,,-0.04050000000000001,0.0,0.0
2308,hydro_reservoir,2030,30,118,118,,-0.04050000000000001,0.0,0.0
2309,hydro_reservoir,2030,30,119,119,,-0.04050000000000001,0.0,0.0
2310,hydro_reservoir,2030,30,120,120,,-0.04050000000000001,0.0,0.0
2311,hydro_reservoir,2030,30,121,121,,-0.04050000000000001,0.0,0.0
2312,hydro_reservoir,2030,30,122,122,,-0.04050000000000001,0.0,0.0
2313,hydro_reservoir,2030,30,123,123,,-0.04050000000000001,0.0,0.0
2314,hydro_reservoir,2030,30,124,124,,-0.04050000000000001,0.0,0.0
2315,hydro_reservoir,2030,30,125,125,,-0.04050000000000001,0.0,0.0
2316,hydro_reservoir,2030,30,126,126,,-0.04050000000000001,0.0,0.0
2317,hydro_reservoir,2030,30,127,127,,-0.04050000000000001,0.0,0.0
2318,hydro_reservoir,2030,30,128,128,,-0.04050000000000001,0.0,0.0
2319,hydro_reservoir,2030,30,129,129,,-0.04050000000000001,0.0,0.0
2320,hydro_reservoir,2030,30,130,130,,-0.04050000000000001,0.0,0.0
2321,hydro_reservoir,2030,30,131,131,,-0.04050000000000001,0.0,0.0
2322,hydro_reservoir,2030,30,132,132,,-0.04050000000000001,0.0,0.0
2323,hydro_reservoir,2030,30,133,133,,-0.04050000000000001,0.0,0.0
2324,hydro_reservoir,2030,30,134,134,,-0.04050000000000001,0.0,0.0
2325,hydro_reservoir,2030,30,135,135,,-0.04050000000000001,0.0,0.0
2326,hydro_reservoir,2030,30,136,136,,-0.04050000000000001,0.0,0.0
2327,hydro_reservoir,2030,30,137,137,,-0.04050000000000001,0.0,0.0
2328,hydro_reservoir,2030,30,138,138,,-0.04050000000000001,0.0,0.0
2329,hydro_reservoir,2030,30,139,139,,-0.04050000000000001,0.0,0.0
2330,hydro_reservoir,2030,30,140,140,,-0.04050000000000001,0.0,0.0
2331,hydro_reservoir,2030,30,141,141,,-0.04050000000000001,0.0,0.0
2332,hydro_reservoir,2030,30,142,142,,-0.04050000000000001,0.0,0.0
2333,hydro_reservoir,2030,30,143,143,,-0.04050000000000001,0.0,0.0
2334,hydro_reservoir,2030,30,144,144,,-0.04050000000000001,0.0,0.0
2335,hydro_reservoir,2030,30,145,145,,-0.04050000000000001,0.0,0.0
2336,hydro_reservoir,2030,30,146,146,,-0.04050000000000001,0.0,0.0
2337,hydro_reservoir,2030,30,147,147,,-0.04050000000000001,0.0,0.0
2338,hydro_reservoir,2030,30,148,148,,-0.04050000000000001,0.0,0.0
2339,hydro_reservoir,2030,30,149,149,,-0.04050000000000001,0.0,0.0
2340,hydro_reservoir,2030,30,150,150,,-0.04050000000000001,0.0,0.0
2341,hydro_reservoir,2030,30,151,151,,-0.04050000000000001,0.0,0.0
2342,hydro_reservoir,2030,30,152,152,,-0.04050000000000001,0.0,0.0
2343,hydro_reservoir,2030,30,153,153,,-0.04050000000000001,0.0,0.0
2344,hydro_reservoir,2030,30,154,154,,-0.04050000000000001,0.0,0.0
2345,hydro_reservoir,2030,30,155,155,,-0.04050000000000001,0.0,0.0
2346,hydro_reservoir,2030,30,156,156,,-0.04050000000000001,0.0,0.0
2347,hydro_reservoir,2030,30,157,157,,-0.04050000000000001,0.0,0.0
2348,hydro_reservoir,2030,30,158,158,,-0.04050000000000001,0.0,0.0
2349,hydro_reservoir,2030,30,159,159,,-0.04050000000000001,0.0,0.0
2350,hydro_reservoir,2030,30,160,160,,-0.04050000000000001,0.0,0.0
2351,hydro_reservoir,2030,30,161,161,,-0.04050000000000001,0.0,0.0
2352,hydro_reservoir,2030,30,162,162,,-0.04050000000000001,0.0,0.0
2353,hydro_reservoir,2030,30,163,163,,-0.04050000000000001,0.0,0.0
2354,hydro_reservoir,2030,30,164,164,,-0.04050000000000001,0.0,0.0
2355,hydro_reservoir,2030,30,165,165,,-0.04050000000000001,0.0,0.0
2356,hydro_reservoir,2030,30,166,166,,-0.04050000000000001,0.0,0.0
2357,hydro_reservoir,2030,30,167,167,,-0.04050000000000001,0.0,0.0
2358,hydro_reservoir,2030,30,168,168,,-0.04050000000000001,0.0,0.0
2359,hydro_reservoir,2030,30,169,169,,-0.04050000000000001,0.0,0.0
2360,hydro_reservoir,2030,30,170,170,,-0.04050000000000001,0.0,0.0
2361,hydro_reservoir,2030,30,171,171,,-0.04050000000000001,0.0,0.0
2362,hydro_reservoir,2030,30,172,172,,-0.04050000000000001,0.0,0.0
2363,hydro_reservoir,2030,30,173,173,,-0.04050000000000001,0.0,0.0
2364,hydro_reservoir,2030,30,174,174,,-0.04050000000000001,0.0,0.0
2365,hydro_reservoir,2030,30,175,175,,-0.04050000000000001,0.0,0.0
2366,hydro_reservoir,2030,30,176,176,,-0.04050000000000001,0.0,0.0
2367,hydro_reservoir,2030,30,177,177,,-0.040500000000000015,0.0,0.0
2368,hydro_reservoir,2030,30,178,178,,-0.040500000000000015,0.0,0.0
2369,hydro_reservoir,2030,30,179,179,,-0.040500000000000015,0.0,0.0
2370,hydro_reservoir,2030,30,180,180,,-0.040500000000000015,0.0,0.0
2371,hydro_reservoir,2030,30,181,181,,-0.040500000000000015,0.0,0.0
2372,hydro_reservoir,2030,30,182,182,,-0.040500000000000015,0.0,0.0
2373,hydro_reservoir,2030,30,183,183,,-0.040500000000000015,0.0,0.0
2374,hydro_reservoir,2030,30,184,184,,-0.040500000000000015,0.0,0.0
2375,hydro_reservoir,2030,30,185,185,,-0.040500000000000015,0.0,0.0
2376,hydro_reservoir,2030,30,186,186,,-0.040500000000000015,0.0,0.0
2377,hydro_reservoir,2030,30,187,187,,-0.040500000000000015,0.0,0.0
2378,hydro_reservoir,2030,30,188,188,,-0.040500000000000015,0.0,0.0
2379,hydro_reservoir,2030,30,189,189,,-0.040500000000000015,0.0,0.0
2380,hydro_reservoir,2030,30,190,190,,-0.040500000000000015,0.0,0.0
2381,hydro_reservoir,2030,30,191,191,,-0.040500000000000015,0.0,0.0
2382,hydro_reservoir,2030,30,192,192,,-0.040500000000000015,0.0,0.0
2383,hydro_reservoir,2030,30,193,193,,-0.040500000000000015,0.0,0.0
2384,hydro_reservoir,2030,30,194,194,,-0.040500000000000015,0.0,0.0
2385,hydro_reservoir,2030,30,195,195,,-0.040500000000000015,0.0,0.0
2386,hydro_reservoir,2030,30,196,196,,-0.040500000000000015,0.0,0.0
2387,hydro_reservoir,2030,30,197,197,,-0.040500000000000015,0.0,0.0
2388,hydro_reservoir,2030,30,198,198,,-0.040500000000000015,0.0,0.0
2389,hydro_reservoir,2030,30,199,199,,-0.040500000000000015,0.0,0.0
2390,hydro_reservoir,2030,30,200,200,,-0.040500000000000015,0.0,0.0
2391,hydro_reservoir,2030,30,201,201,,-0.040500000000000015,0.0,0.0
2392,hydro_reservoir,2030,30,202,202,,-0.040500000000000015,0.0,0.0
2393,hydro_reservoir,2030,30,203,203,,-0.040500000000000015,0.0,0.0
2394,hydro_reservoir,2030,30,204,204,,-0.040500000000000015,0.0,0.0
2395,hydro_reservoir,2030,30,205,205,,-0.040500000000000015,0.0,0.0
2396,hydro_reservoir,2030,30,206,206,,-0.040500000000000015,0.0,0.0
2397,hydro_reservoir,2030,30,207,207,,-0.040500000000000015,0.0,0.0
2398,hydro_reservoir,2030,30,208,208,,-0.040500000000000015,0.0,0.0
2399,hydro_reservoir,2030,30,209,209,,-0.040500000000000015,0.0,0.0
2400,hydro_reservoir,2030,30,210,210,,-0.040500000000000015,0.0,0.0
2401,hydro_reservoir,2030,30,211,211,,-0.040500000000000015,0.0,0.0
2402,hydro_reservoir,2030,30,212,212,,-0.040500000000000015,0.0,0.0
2403,hydro_reservoir,2030,30,213,213,,-0.040500000000000015,0.0,0.0
2404,hydro_reservoir,2030,30,214,214,,-0.040500000000000015,0.0,0.0
2405,hydro_reservoir,2030,30,215,215,,-0.040500000000000015,0.0,0.0
2406,hydro_reservoir,2030,30,216,216,,-0.040500000000000015,0.0,0.0
2407,hydro_reservoir,2030,30,217,217,,-0.040500000000000015,0.0,0.0
2408,hydro_reservoir,2030,30,218,218,,-0.040500000000000015,0.0,0.0
2409,hydro_reservoir,2030,30,219,219,,-0.040500000000000015,0.0,0.0
2410,hydro_reservoir,2030,30,220,220,,-0.040500000000000015,0.0,0.0
2411,hydro_reservoir,2030,30,221,221,,-0.040500000000000015,0.0,0.0
2412,hydro_reservoir,2030,30,222,222,,-0.040500000000000015,0.0,0.0
2413,hydro_reservoir,2030,30,223,223,,-0.040500000000000015,0.0,0.0
2414,hydro_reservoir,2030,30,224,224,,-0.040500000000000015,0.0,0.0
2415,hydro_reservoir,2030,30,225,225,,-0.040500000000000015,0.0,0.0
2416,hydro_reservoir,2030,30,226,226,,-0.040500000000000015,0.0,0.0
2417,hydro_reservoir,2030,30,227,227,,-0.040500000000000015,0.0,0.0
2418,hydro_reservoir,2030,30,228,228,,-0.040500000000000015,0.0,0.0
2419,hydro_reservoir,2030,30,229,229,,-0.040500000000000015,0.0,0.0
2420,hydro_reservoir,2030,30,230,230,,-0.040500000000000015,0.0,0.0
2421,hydro_reservoir,2030,30,231,231,,-0.040500000000000015,0.0,0.0
2422,hydro_reservoir,2030,30,232,232,,-0.040500000000000015,0.0,0.0
2423,hydro_reservoir,2030,30,233,233,,-0.040500000000000015,0.0,0.0
2424,hydro_reservoir,2030,30,234,234,,-0.040500000000000015,0.0,0.0
2425,hydro_reservoir,2030,30,235,235,,-0.040500000000000015,0.0,0.0
2426,hydro_reservoir,2030,30,236,236,,-0.040500000000000015,0.0,0.0
2427,hydro_reservoir,2030,30,237,237,,-0.040500000000000015,0.0,0.0
2428,hydro_reservoir,2030,30,238,238,,-0.040500000000000015,0.0,0.0
2429,hydro_reservoir,2030,30,239,239,,-0.040500000000000015,0.0,0.0
2430,hydro_reservoir,2030,30,240,240,,-0.040500000000000015,0.0,0.0
2431,hydro_reservoir,2030,30,241,241,,-0.040500000000000015,0.0,0.0
2432,hydro_reservoir,2030,30,242,242,,-0.040500000000000015,0.0,0.0
2433,hydro_reservoir,2030,30,243,243,,-0.040500000000000015,0.0,0.0
2434,hydro_reservoir,2030,30,244,244,,-0.040500000000000015,0.0,0.0
2435,hydro_reservoir,2030,30,245,245,,-0.040500000000000015,0.0,0.0
2436,hydro_reservoir,2030,30,246,246,,-0.040500000000000015,0.0,0.0
2437,hydro_reservoir,2030,30,247,247,,-0.040500000000000015,0.0,0.0
2438,hydro_reservoir,2030,30,248,248,,-0.040500000000000015,0.0,0.0
2439,hydro_reservoir,2030,30,249,249,,-0.040500000000000015,0.0,0.0
2440,hydro_reservoir,2030,30,250,250,,-0.040500000000000015,0.0,0.0
2441,hydro_reservoir,2030,30,251,251,,-0.040500000000000015,0.0,0.0
2442,hydro_reservoir,2030,30,252,252,,-0.040500000000000015,0.0,0.0
2443,hydro_reservoir,2030,30,253,253,,-0.040500000000000015,0.0,0.0
2444,hydro_reservoir,2030,30,254,254,,-0.040500000000000015,0.0,0.0
2445,hydro_reservoir,2030,30,255,255,,-0.040500000000000015,0.0,0.0
2446,hydro_reservoir,2030,30,256,256,,-0.040500000000000015,0.0,0.0
2447,hydro_reservoir,2030,30,257,257,,-0.040500000000000015,0.0,0.0
2448,hydro_reservoir,2030,30,258,258,,-0.040500000000000015,0.0,0.0
2449,hydro_reservoir,2030,30,259,259,,-0.040500000000000015,0.0,0.0
2450,hydro_reservoir,2030,30,260,260,,-0.040500000000000015,0.0,0.0
2451,hydro_reservoir,2030,30,261,261,,-0.040500000000000015,0.0,0.0
2452,hydro_reservoir,2030,30,262,262,,-0.040500000000000015,0.0,0.0
2453,hydro_reservoir,2030,30,263,263,,-0.040500000000000015,0.0,0.0
2454,hydro_reservoir,2030,30,264,264,,-0.040500000000000015,0.0,0.0
2455,hydro_reservoir,2030,30,265,265,,-0.040500000000000015,0.0,0.0
2456,hydro_reservoir,2030,30,266,266,,-0.040500000000000015,0.0,0.0
2457,hydro_reservoir,2030,30,267,267,,-0.040500000000000015,0.0,0.0
2458,hydro_reservoir,2030,30,268,268,,-0.040500000000000015,0.0,0.0
2459,hydro_reservoir,2030,30,269,269,,-0.040500000000000015,0.0,0.0
2460,hydro_reservoir,2030,30,270,270,,-0.040500000000000015,0.0,0.0
2461,hydro_reservoir,2030,30,271,271,,-0.040500000000000015,0.0,0.0
2462,hydro_reservoir,2030,30,272,272,,-0.040500000000000015,0.0,0.0
2463,hydro_reservoir,2030,30,273,273,,-0.040500000000000015,0.0,0.0
2464,hydro_reservoir,2030,30,274,274,,-0.040500000000000015,0.0,0.0
2465,hydro_reservoir,2030,30,275,275,,-0.040500000000000015,0.0,0.0
2466,hydro_reservoir,2030,30,276,276,,-0.040500000000000015,0.0,0.0
2467,hydro_reservoir,2030,30,277,277,,-0.040500000000000015,0.0,0.0
2468,hydro_reservoir,2030,30,278,278,,-0.040500000000000015,0.0,0.0
2469,hydro_reservoir,2030,30,279,279,,-0.040500000000000015,0.0,0.0
2470,hydro_reservoir,2030,30,280,280,,-0.040500000000000015,0.0,0.0
2471,hydro_reservoir,2030,30,281,281,,-0.040500000000000015,0.0,0.0
2472,hydro_reservoir,2030,30,282,282,,-0.040500000000000015,0.0,0.0
2473,hydro_reservoir,2030,30,283,283,,-0.040500000000000015,0.0,0.0
2474,hydro_reservoir,2030,30,284,284,,-0.040500000000000015,0.0,0.0
2475,hydro_reservoir,2030,30,285,285,,-0.040500000000000015,0.0,0.0
2476,hydro_reservoir,2030,30,286,286,,-0.040500000000000015,0.0,0.0
2477,hydro_reservoir,2030,30,287,287,,-0.040500000000000015,0.0,0.0
2478,hydro_reservoir,2030,30,288,288,,-0.040500000000000015,0.0,0.0
2479,hydro_reservoir,2030,30,289,289,,-0.040500000000000015,0.0,0.0
2480,hydro_reservoir,2030,30,290,290,,-0.040500000000000015,0.0,0.0
2481,hydro_reservoir,2030,30,291,291,,-0.040500000000000015,0.0,0.0
2482,hydro_reservoir,2030,30,292,292,,-0.040500000000000015,0.0,0.0
2483,hydro_reservoir,2030,30,293,293,,-0.040500000000000015,0.0,0.0
2484,hydro_reservoir,2030,30,294,294,,-0.040500000000000015,0.0,0.0
2485,hydro_reservoir,2030,30,295,295,,-0.040500000000000015,0.0,0.0
2486,hydro_reservoir,2030,30,296,296,,-0.040500000000000015,0.0,0.0
2487,hydro_reservoir,2030,30,297,297,,-0.040500000000000015,0.0,0.0
2488,hydro_reservoir,2030,30,298,298,,-0.040500000000000015,0.0,0.0
2489,hydro_reservoir,2030,30,299,299,,-0.040500000000000015,0.0,0.0
2490,hydro_reservoir,2030,30,300,300,,-0.040500000000000015,0.0,0.0
2491,hydro_reservoir,2030,30,301,301,,-0.040500000000000015,0.0,0.0
2492,hydro_reservoir,2030,30,302,302,,-0.040500000000000015,0.0,0.0
2493,hydro_reservoir,2030,30,303,303,,-0.040500000000000015,0.0,0.0
2494,hydro_reservoir,2030,30,304,304,,-0.040500000000000015,0.0,0.0
2495,hydro_reservoir,2030,30,305,305,,-0.040500000000000015,0.0,0.0
2496,hydro_reservoir,2030,30,306,306,,-0.040500000000000015,0.0,0.0
2497,hydro_reservoir,2030,30,307,307,,-0.040500000000000015,0.0,0.0
2498,hydro_reservoir,2030,30,308,308,,-0.040500000000000015,0.0,0.0
2499,hydro_reservoir,2030,30,309,309,,-0.040500000000000015,0.0,0.0
2500,hydro_reservoir,2030,30,310,310,,-0.040500000000000015,0.0,0.0
2501,hydro_reservoir,2030,30,311,311,,-0.040500000000000015,0.0,0.0
2502,hydro_reservoir,2030,30,312,312,,-0.040500000000000015,0.0,0.0
2503,hydro_reservoir,2030,30,313,313,,-0.040500000000000015,0.0,0.0
2504,hydro_reservoir,2030,30,314,314,,-0.040500000000000015,0.0,0.0
2505,hydro_reservoir,2030,30,315,315,,-0.040500000000000015,0.0,0.0
2506,hydro_reservoir,2030,30,316,316,,-0.040500000000000015,0.0,0.0
2507,hydro_reservoir,2030,30,317,317,,-0.040500000000000015,0.0,0.0
2508,hydro_reservoir,2030,30,318,318,,-0.040500000000000015,0.0,0.0
2509,hydro_reservoir,2030,30,319,319,,-0.040500000000000015,0.0,0.0
2510,hydro_reservoir,2030,30,320,320,,-0.040500000000000015,0.0,0.0
2511,hydro_reservoir,2030,30,321,321,,-0.040500000000000015,0.0,0.0
2512,hydro_reservoir,2030,30,322,322,,-0.040500000000000015,0.0,0.0
2513,hydro_reservoir,2030,30,323,323,,-0.040500000000000015,0.0,0.0
2514,hydro_reservoir,2030,30,324,324,,-0.040500000000000015,0.0,0.0
2515,hydro_reservoir,2030,30,325,325,,-0.040500000000000015,0.0,0.0
2516,hydro_reservoir,2030,30,326,326,,-0.040500000000000015,0.0,0.0
2517,hydro_reservoir,2030,30,327,327,,-0.040500000000000015,0.0,0.0
2518,hydro_reservoir,2030,30,328,328,,-0.040500000000000015,0.0,0.0
2519,hydro_reservoir,2030,30,329,329,,-0.040500000000000015,0.0,0.0
2520,hydro_reservoir,2030,30,330,330,,-0.040500000000000015,0.0,0.0
2521,hydro_reservoir,2030,30,331,331,,-0.040500000000000015,0.0,0.0
2522,hydro_reservoir,2030,30,332,332,,-0.040500000000000015,0.0,0.0
2523,hydro_reservoir,2030,30,333,333,,-0.040500000000000015,0.0,0.0
2524,hydro_reservoir,2030,30,334,334,,-0.040500000000000015,0.0,0.0
2525,hydro_reservoir,2030,30,335,335,,-0.040500000000000015,0.0,0.0
2526,hydro_reservoir,2030,30,336,336,,-0.040500000000000015,0.0,0.0
2527,hydro_reservoir,2030,30,337,337,,-0.040500000000000015,0.0,0.0
2528,hydro_reservoir,2030,30,338,338,,-0.040500000000000015,0.0,0.0
2529,hydro_reservoir,2030,30,339,339,,-0.040500000000000015,0.0,0.0
2530,hydro_reservoir,2030,30,340,340,,-0.040500000000000015,0.0,0.0
2531,hydro_reservoir,2030,30,341,341,,-0.040500000000000015,0.0,0.0
2532,hydro_reservoir,2030,30,342,342,,-0.040500000000000015,0.0,0.0
2533,hydro_reservoir,2030,30,343,343,,-0.040500000000000015,0.0,0.0
2534,hydro_reservoir,2030,30,344,344,,-0.040500000000000015,0.0,0.0
2535,hydro_reservoir,2030,30,345,345,,-0.040500000000000015,0.0,0.0
2536,hydro_reservoir,2030,30,346,346,,-0.040500000000000015,0.0,0.0
2537,hydro_reservoir,2030,30,347,347,,-0.040500000000000015,0.0,0.0
2538,hydro_reservoir,2030,30,348,348,,-0.040500000000000015,0.0,0.0
2539,hydro_reservoir,2030,30,349,349,,-0.040500000000000015,0.0,0.0
2540,hydro_reservoir,2030,30,350,350,,-0.040500000000000015,0.0,0.0
2541,hydro_reservoir,2030,30,351,351,,-0.040500000000000015,0.0,0.0
2542,hydro_reservoir,2030,30,352,352,,-0.040500000000000015,0.0,0.0
2543,hydro_reservoir,2030,30,353,353,,-0.040500000000000015,0.0,0.0
2544,hydro_reservoir,2030,30,354,354,,-0.040500000000000015,0.0,0.0
2545,hydro_reservoir,2030,30,355,355,,-0.040500000000000015,0.0,0.0
2546,hydro_reservoir,2030,30,356,356,,-0.040500000000000015,0.0,0.0
2547,hydro_reservoir,2030,30,357,357,,-0.040500000000000015,0.0,0.0
2548,hydro_reservoir,2030,30,358,358,,-0.040500000000000015,0.0,0.0
2549,hydro_reservoir,2030,30,359,359,,-0.040500000000000015,0.0,0.0
2550,hydro_reservoir,2030,30,360,360,,-0.040500000000000015,0.0,0.0
2551,hydro_reservoir,2030,30,361,361,,-0.040500000000000015,0.0,0.0
2552,hydro_reservoir,2030,30,362,362,,-0.040500000000000015,0.0,0.0
2553,hydro_reservoir,2030,30,363,363,,-0.040500000000000015,0.0,0.0
2554,hydro_reservoir,2030,30,364,364,,-0.040500000000000015,0.0,0.0
2555,hydro_reservoir,2030,30,365,365,,-0.040500000000000015,0.0,0.0
2556,hydro_reservoir,2030,31,1,1,,-0.002659999999999999,0.0,0.0
2557,hydro_reservoir,2030,31,2,2,,-0.002659999999999999,0.0,0.0
2558,hydro_reservoir,2030,31,3,3,,-0.002659999999999999,0.0,0.0
2559,hydro_reservoir,2030,31,4,4,,-0.002659999999999999,0.0,0.0
2560,hydro_reservoir,2030,31,5,5,,-0.002659999999999999,0.0,0.0
2561,hydro_reservoir,2030,31,6,6,,-0.002659999999999999,0.0,0.0
2562,hydro_reservoir,2030,31,7,7,,-0.002659999999999999,0.0,0.0
2563,hydro_reservoir,2030,31,8,8,,-0.002659999999999999,0.0,0.0
2564,hydro_reservoir,2030,31,9,9,,-0.002659999999999999,0.0,0.0
2565,hydro_reservoir,2030,31,10,10,,-0.002659999999999999,0.0,0.0
2566,hydro_reservoir,2030,31,11,11,,-0.002659999999999999,0.0,0.0
2567,hydro_reservoir,2030,31,12,12,,-0.002659999999999999,0.0,0.0
2568,hydro_reservoir,2030,31,13,13,,-0.002659999999999999,0.0,0.0
2569,hydro_reservoir,2030,31,14,14,,-0.002659999999999999,0.0,0.0
2570,hydro_reservoir,2030,31,15,15,,-0.002659999999999999,0.0,0.0
2571,hydro_reservoir,2030,31,16,16,,-0.002659999999999999,0.0,0.0
2572,hydro_reservoir,2030,31,17,17,,-0.002659999999999999,0.0,0.0
2573,hydro_reservoir,2030,31,18,18,,-0.002659999999999999,0.0,0.0
2574,hydro_reservoir,2030,31,19,19,,-0.002659999999999999,0.0,0.0
2575,hydro_reservoir,2030,31,20,20,,-0.002659999999999999,0.0,0.0
2576,hydro_reservoir,2030,31,21,21,,-0.002659999999999999,0.0,0.0
2577,hydro_reservoir,2030,31,22,22,,-0.002659999999999999,0.0,0.0
2578,hydro_reservoir,2030,31,23,23,,-0.002659999999999999,0.0,0.0
2579,hydro_reservoir,2030,31,24,24,,-0.002659999999999999,0.0,0.0
2580,hydro_reservoir,2030,31,25,25,,-0.002659999999999999,0.0,0.0
2581,hydro_reservoir,2030,31,26,26,,-0.002659999999999999,0.0,0.0
2582,hydro_reservoir,2030,31,27,27,,-0.002659999999999999,0.0,0.0
2583,hydro_reservoir,2030,31,28,28,,-0.002659999999999999,0.0,0.0
2584,hydro_reservoir,2030,31,29,29,,-0.002659999999999999,0.0,0.0
2585,hydro_reservoir,2030,31,30,30,,-0.002659999999999999,0.0,0.0
2586,hydro_reservoir,2030,31,31,31,,-0.002659999999999999,0.0,0.0
2587,hydro_reservoir,2030,31,32,32,,-0.002659999999999999,0.0,0.0
2588,hydro_reservoir,2030,31,33,33,,-0.002659999999999999,0.0,0.0
2589,hydro_reservoir,2030,31,34,34,,-0.002659999999999999,0.0,0.0
2590,hydro_reservoir,2030,31,35,35,,-0.002659999999999999,0.0,0.0
2591,hydro_reservoir,2030,31,36,36,,-0.002659999999999999,0.0,0.0
2592,hydro_reservoir,2030,31,37,37,,-0.002659999999999999,0.0,0.0
2593,hydro_reservoir,2030,31,38,38,,-0.002659999999999999,0.0,0.0
2594,hydro_reservoir,2030,31,39,39,,-0.002659999999999999,0.0,0.0
2595,hydro_reservoir,2030,31,40,40,,-0.002659999999999999,0.0,0.0
2596,hydro_reservoir,2030,31,41,41,,-0.002659999999999999,0.0,0.0
2597,hydro_reservoir,2030,31,42,42,,-0.002659999999999999,0.0,0.0
2598,hydro_reservoir,2030,31,43,43,,-0.002659999999999999,0.0,0.0
2599,hydro_reservoir,2030,31,44,44,,-0.002659999999999999,0.0,0.0
2600,hydro_reservoir,2030,31,45,45,,-0.002659999999999999,0.0,0.0
2601,hydro_reservoir,2030,31,46,46,,-0.002659999999999999,0.0,0.0
2602,hydro_reservoir,2030,31,47,47,,-0.002659999999999999,0.0,0.0
2603,hydro_reservoir,2030,31,48,48,,-0.002659999999999999,0.0,0.0
2604,hydro_reservoir,2030,31,49,49,,-0.002659999999999999,0.0,0.0
2605,hydro_reservoir,2030,31,50,50,,-0.002659999999999999,0.0,0.0
2606,hydro_reservoir,2030,31,51,51,,-0.002659999999999999,0.0,0.0
2607,hydro_reservoir,2030,31,52,52,,-0.002659999999999999,0.0,0.0
2608,hydro_reservoir,2030,31,53,53,,-0.002659999999999999,0.0,0.0
2609,hydro_reservoir,2030,31,54,54,,-0.002659999999999999,0.0,0.0
2610,hydro_reservoir,2030,31,55,55,,-0.002659999999999999,0.0,0.0
2611,hydro_reservoir,2030,31,56,56,,-0.002659999999999999,0.0,0.0
2612,hydro_reservoir,2030,31,57,57,,-0.002659999999999999,0.0,0.0
2613,hydro_reservoir,2030,31,58,58,,-0.002659999999999999,0.0,0.0
2614,hydro_reservoir,2030,31,59,59,,-0.002659999999999999,0.0,0.0
2615,hydro_reservoir,2030,31,60,60,,-0.002659999999999999,0.0,0.0
2616,hydro_reservoir,2030,31,61,61,,-0.002659999999999999,0.0,0.0
2617,hydro_reservoir,2030,31,62,62,,-0.002659999999999999,0.0,0.0
2618,hydro_reservoir,2030,31,63,63,,-0.002659999999999999,0.0,0.0
2619,hydro_reservoir,2030,31,64,64,,-0.002659999999999999,0.0,0.0
2620,hydro_reservoir,2030,31,65,65,,-0.002659999999999999,0.0,0.0
2621,hydro_reservoir,2030,31,66,66,,-0.002659999999999999,0.0,0.0
2622,hydro_reservoir,2030,31,67,67,,-0.002659999999999999,0.0,0.0
2623,hydro_reservoir,2030,31,68,68,,-0.002659999999999999,0.0,0.0
2624,hydro_reservoir,2030,31,69,69,,-0.002659999999999999,0.0,0.0
2625,hydro_reservoir,2030,31,70,70,,-0.002659999999999999,0.0,0.0
2626,hydro_reservoir,2030,31,71,71,,-0.002659999999999999,0.0,0.0
2627,hydro_reservoir,2030,31,72,72,,-0.002659999999999999,0.0,0.0
2628,hydro_reservoir,2030,31,73,73,,-0.002659999999999999,0.0,0.0
2629,hydro_reservoir,2030,31,74,74,,-0.002659999999999999,0.0,0.0
2630,hydro_reservoir,2030,31,75,75,,-0.002659999999999999,0.0,0.0
2631,hydro_reservoir,2030,31,76,76,,-0.002659999999999999,0.0,0.0
2632,hydro_reservoir,2030,31,77,77,,-0.002659999999999999,0.0,0.0
2633,hydro_reservoir,2030,31,78,78,,-0.002659999999999999,0.0,0.0
2634,hydro_reservoir,2030,31,79,79,,-0.002659999999999999,0.0,0.0
2635,hydro_reservoir,2030,31,80,80,,-0.002659999999999999,0.0,0.0
2636,hydro_reservoir,2030,31,81,81,,-0.002659999999999999,0.0,0.0
2637,hydro_reservoir,2030,31,82,82,,-0.002659999999999999,0.0,0.0
2638,hydro_reservoir,2030,31,83,83,,-0.002659999999999999,0.0,0.0
2639,hydro_reservoir,2030,31,84,84,,-0.002659999999999999,0.0,0.0
2640,hydro_reservoir,2030,31,85,85,,-0.002659999999999999,0.0,0.0
2641,hydro_reservoir,2030,31,86,86,,-0.002659999999999999,0.0,0.0
2642,hydro_reservoir,2030,31,87,87,,-0.002659999999999999,0.0,0.0
2643,hydro_reservoir,2030,31,88,88,,-0.002659999999999999,0.0,0.0
2644,hydro_reservoir,2030,31,89,89,,-0.002659999999999999,0.0,0.0
2645,hydro_reservoir,2030,31,90,90,,-0.002659999999999999,0.0,0.0
2646,hydro_reservoir,2030,31,91,91,,-0.002659999999999999,0.0,0.0
2647,hydro_reservoir,2030,31,92,92,,-0.002659999999999999,0.0,0.0
2648,hydro_reservoir,2030,31,93,93,,-0.002659999999999999,0.0,0.0
2649,hydro_reservoir,2030,31,94,94,,-0.002659999999999999,0.0,0.0
2650,hydro_reservoir,2030,31,95,95,,-0.002659999999999999,0.0,0.0
2651,hydro_reservoir,2030,31,96,96,,-0.002659999999999999,0.0,0.0
2652,hydro_reservoir,2030,31,97,97,,-0.002659999999999999,0.0,0.0
2653,hydro_reservoir,2030,31,98,98,,-0.002659999999999999,0.0,0.0
2654,hydro_reservoir,2030,31,99,99,,-0.002659999999999999,0.0,0.0
2655,hydro_reservoir,2030,31,100,100,,-0.002659999999999999,0.0,0.0
2656,hydro_reservoir,2030,31,101,101,,-0.002659999999999999,0.0,0.0
2657,hydro_reservoir,2030,31,102,102,,-0.002659999999999999,0.0,0.0
2658,hydro_reservoir,2030,31,103,103,,-0.002659999999999999,0.0,0.0
2659,hydro_reservoir,2030,31,104,104,,-0.002659999999999999,0.0,0.0
2660,hydro_reservoir,2030,31,105,105,,-0.002659999999999999,0.0,0.0
2661,hydro_reservoir,2030,31,106,106,,-0.002659999999999999,0.0,0.0
2662,hydro_reservoir,2030,31,107,107,,-0.002659999999999999,0.0,0.0
2663,hydro_reservoir,2030,31,108,108,,-0.002659999999999999,0.0,0.0
2664,hydro_reservoir,2030,31,109,109,,-0.002659999999999999,0.0,0.0
2665,hydro_reservoir,2030,31,110,110,,-0.002659999999999999,0.0,0.0
2666,hydro_reservoir,2030,31,111,111,,-0.002659999999999999,0.0,0.0
2667,hydro_reservoir,2030,31,112,112,,-0.0026599999999999987,0.0,0.0
2668,hydro_reservoir,2030,31,113,113,,-0.0026599999999999987,0.0,0.0
2669,hydro_reservoir,2030,31,114,114,,-0.0026599999999999987,0.0,0.0
2670,hydro_reservoir,2030,31,115,115,,-0.0026599999999999987,0.0,0.0
2671,hydro_reservoir,2030,31,116,116,,-0.0026599999999999987,0.0,0.0
2672,hydro_reservoir,2030,31,117,117,,-0.0026599999999999987,0.0,0.0
2673,hydro_reservoir,2030,31,118,118,,-0.0026599999999999987,0.0,0.0
2674,hydro_reservoir,2030,31,119,119,,-0.0026599999999999987,0.0,0.0
2675,hydro_reservoir,2030,31,120,120,,-0.0026599999999999987,0.0,0.0
2676,hydro_reservoir,2030,31,121,121,,-0.0026599999999999987,0.0,0.0
2677,hydro_reservoir,2030,31,122,122,,-0.0026599999999999987,0.0,0.0
2678,hydro_reservoir,2030,31,123,123,,-0.0026599999999999987,0.0,0.0
2679,hydro_reservoir,2030,31,124,124,,-0.0026599999999999987,0.0,0.0
2680,hydro_reservoir,2030,31,125,125,,-0.0026599999999999987,0.0,0.0
2681,hydro_reservoir,2030,31,126,126,,-0.0026599999999999987,0.0,0.0
2682,hydro_reservoir,2030,31,127,127,,-0.0026599999999999987,0.0,0.0
2683,hydro_reservoir,2030,31,128,128,,-0.0026599999999999987,0.0,0.0
2684,hydro_reservoir,2030,31,129,129,,-0.0026599999999999987,0.0,0.0
2685,hydro_reservoir,2030,31,130,130,,-0.0026599999999999987,0.0,0.0
2686,hydro_reservoir,2030,31,131,131,,-0.0026599999999999987,0.0,0.0
2687,hydro_reservoir,2030,31,132,132,,-0.0026599999999999987,0.0,0.0
2688,hydro_reservoir,2030,31,133,133,,-0.0026599999999999987,0.0,0.0
2689,hydro_reservoir,2030,31,134,134,,-0.0026599999999999987,0.0,0.0
2690,hydro_reservoir,2030,31,135,135,,-0.0026599999999999987,0.0,0.0
2691,hydro_reservoir,2030,31,136,136,,-0.0026599999999999987,0.0,0.0
2692,hydro_reservoir,2030,31,137,137,,-0.0026599999999999987,0.0,0.0
2693,hydro_reservoir,2030,31,138,138,,-0.0026599999999999987,0.0,0.0
2694,hydro_reservoir,2030,31,139,139,,-0.0026599999999999987,0.0,0.0
2695,hydro_reservoir,2030,31,140,140,,-0.0026599999999999987,0.0,0.0
2696,hydro_reservoir,2030,31,141,141,,-0.0026599999999999987,0.0,0.0
2697,hydro_reservoir,2030,31,142,142,,-0.0026599999999999987,0.0,0.0
2698,hydro_reservoir,2030,31,143,143,,-0.0026599999999999987,0.0,0.0
2699,hydro_reservoir,2030,31,144,144,,-0.0026599999999999987,0.0,0.0
2700,hydro_reservoir,2030,31,145,145,,-0.0026599999999999987,0.0,0.0
2701,hydro_reservoir,2030,31,146,146,,-0.0026599999999999987,0.0,0.0
2702,hydro_reservoir,2030,31,147,147,,-0.0026599999999999987,0.0,0.0
2703,hydro_reservoir,2030,31,148,148,,-0.0026599999999999987,0.0,0.0
2704,hydro_reservoir,2030,31,149,149,,-0.0026599999999999987,0.0,0.0
2705,hydro_reservoir,2030,31,150,150,,-0.0026599999999999987,0.0,0.0
2706,hydro_reservoir,2030,31,151,151,,-0.0026599999999999987,0.0,0.0
2707,hydro_reservoir,2030,31,152,152,,-0.0026599999999999987,0.0,0.0
2708,hydro_reservoir,2030,31,153,153,,-0.0026599999999999987,0.0,0.0
2709,hydro_reservoir,2030,31,154,154,,-0.0026599999999999987,0.0,0.0
2710,hydro_reservoir,2030,31,155,155,,-0.0026599999999999987,0.0,0.0
2711,hydro_reservoir,2030,31,156,156,,-0.0026599999999999987,0.0,0.0
2712,hydro_reservoir,2030,31,157,157,,-0.0026599999999999987,0.0,0.0
2713,hydro_reservoir,2030,31,158,158,,-0.0026599999999999987,0.0,0.0
2714,hydro_reservoir,2030,31,159,159,,-0.0026599999999999987,0.0,0.0
2715,hydro_reservoir,2030,31,160,160,,-0.0026599999999999987,0.0,0.0
2716,hydro_reservoir,2030,31,161,161,,-0.0026599999999999987,0.0,0.0
2717,hydro_reservoir,2030,31,162,162,,-0.0026599999999999987,0.0,0.0
2718,hydro_reservoir,2030,31,163,163,,-0.0026599999999999987,0.0,0.0
2719,hydro_reservoir,2030,31,164,164,,-0.0026599999999999987,0.0,0.0
2720,hydro_reservoir,2030,31,165,165,,-0.0026599999999999987,0.0,0.0
2721,hydro_reservoir,2030,31,166,166,,-0.0026599999999999987,0.0,0.0
2722,hydro_reservoir,2030,31,167,167,,-0.0026599999999999987,0.0,0.0
2723,hydro_reservoir,2030,31,168,168,,-0.0026599999999999987,0.0,0.0
2724,hydro_reservoir,2030,31,169,169,,-0.0026599999999999987,0.0,0.0
2725,hydro_reservoir,2030,31,170,170,,-0.0026599999999999987,0.0,0.0
2726,hydro_reservoir,2030,31,171,171,,-0.0026599999999999987,0.0,0.0
2727,hydro_reservoir,2030,31,172,172,,-0.0026599999999999987,0.0,0.0
2728,hydro_reservoir,2030,31,173,173,,-0.0026599999999999987,0.0,0.0
2729,hydro_reservoir,2030,31,174,174,,-0.0026599999999999987,0.0,0.0
2730,hydro_reservoir,2030,31,175,175,,-0.0026599999999999987,0.0,0.0
2731,hydro_reservoir,2030,31,176,176,,-0.0026599999999999987,0.0,0.0
2732,hydro_reservoir,2030,31,177,177,,-0.0026599999999999987,0.0,0.0
2733,hydro_reservoir,2030,31,178,178,,-0.0026599999999999987,0.0,0.0
2734,hydro_reservoir,2030,31,179,179,,-0.0026599999999999987,0.0,0.0
2735,hydro_reservoir,2030,31,180,180,,-0.0026599999999999987,0.0,0.0
2736,hydro_reservoir,2030,31,181,181,,-0.0026599999999999987,0.0,0.0
2737,hydro_reservoir,2030,31,182,182,,-0.0026599999999999987,0.0,0.0
2738,hydro_reservoir,2030,31,183,183,,-0.0026599999999999987,0.0,0.0
2739,hydro_reservoir,2030,31,184,184,,-0.0026599999999999987,0.0,0.0
2740,hydro_reservoir,2030,31,185,185,,-0.0026599999999999987,0.0,0.0
2741,hydro_reservoir,2030,31,186,186,,-0.0026599999999999987,0.0,0.0
2742,hydro_reservoir,2030,31,187,187,,-0.0026599999999999987,0.0,0.0
2743,hydro_reservoir,2030,31,188,188,,-0.0026599999999999987,0.0,0.0
2744,hydro_reservoir,2030,31,189,189,,-0.0026599999999999987,0.0,0.0
2745,hydro_reservoir,2030,31,190,190,,-0.0026599999999999987,0.0,0.0
2746,hydro_reservoir,2030,31,191,191,,-0.0026599999999999987,0.0,0.0
2747,hydro_reservoir,2030,31,192,192,,-0.0026599999999999987,0.0,0.0
2748,hydro_reservoir,2030,31,193,193,,-0.0026599999999999987,0.0,0.0
2749,hydro_reservoir,2030,31,194,194,,-0.0026599999999999987,0.0,0.0
2750,hydro_reservoir,2030,31,195,195,,-0.0026599999999999987,0.0,0.0
2751,hydro_reservoir,2030,31,196,196,,-0.0026599999999999987,0.0,0.0
2752,hydro_reservoir,2030,31,197,197,,-0.0026599999999999987,0.0,0.0
2753,hydro_reservoir,2030,31,198,198,,-0.0026599999999999987,0.0,0.0
2754,hydro_reservoir,2030,31,199,199,,-0.0026599999999999987,0.0,0.0
2755,hydro_reservoir,2030,31,200,200,,-0.0026599999999999987,0.0,0.0
2756,hydro_reservoir,2030,31,201,201,,-0.0026599999999999987,0.0,0.0
2757,hydro_reservoir,2030,31,202,202,,-0.0026599999999999987,0.0,0.0
2758,hydro_reservoir,2030,31,203,203,,-0.0026599999999999987,0.0,0.0
2759,hydro_reservoir,2030,31,204,204,,-0.0026599999999999987,0.0,0.0
2760,hydro_reservoir,2030,31,205,205,,-0.0026599999999999987,0.0,0.0
2761,hydro_reservoir,2030,31,206,206,,-0.0026599999999999987,0.0,0.0
2762,hydro_reservoir,2030,31,207,207,,-0.0026599999999999987,0.0,0.0
2763,hydro_reservoir,2030,31,208,208,,-0.0026599999999999987,0.0,0.0
2764,hydro_reservoir,2030,31,209,209,,-0.0026599999999999987,0.0,0.0
2765,hydro_reservoir,2030,31,210,210,,-0.0026599999999999987,0.0,0.0
2766,hydro_reservoir,2030,31,211,211,,-0.0026599999999999987,0.0,0.0
2767,hydro_reservoir,2030,31,212,212,,-0.0026599999999999987,0.0,0.0
2768,hydro_reservoir,2030,31,213,213,,-0.0026599999999999987,0.0,0.0
2769,hydro_reservoir,2030,31,214,214,,-0.0026599999999999987,0.0,0.0
2770,hydro_reservoir,2030,31,215,215,,-0.0026599999999999987,0.0,0.0
2771,hydro_reservoir,2030,31,216,216,,-0.0026599999999999987,0.0,0.0
2772,hydro_reservoir,2030,31,217,217,,-0.0026599999999999987,0.0,0.0
2773,hydro_reservoir,2030,31,218,218,,-0.0026599999999999987,0.0,0.0
2774,hydro_reservoir,2030,31,219,219,,-0.0026599999999999987,0.0,0.0
2775,hydro_reservoir,2030,31,220,220,,-0.0026599999999999987,0.0,0.0
2776,hydro_reservoir,2030,31,221,221,,-0.0026599999999999987,0.0,0.0
2777,hydro_reservoir,2030,31,222,222,,-0.0026599999999999987,0.0,0.0
2778,hydro_reservoir,2030,31,223,223,,-0.0026599999999999987,0.0,0.0
2779,hydro_reservoir,2030,31,224,224,,-0.0026599999999999987,0.0,0.0
2780,hydro_reservoir,2030,31,225,225,,-0.0026599999999999987,0.0,0.0
2781,hydro_reservoir,2030,31,226,226,,-0.0026599999999999987,0.0,0.0
2782,hydro_reservoir,2030,31,227,227,,-0.0026599999999999987,0.0,0.0
2783,hydro_reservoir,2030,31,228,228,,-0.0026599999999999987,0.0,0.0
2784,hydro_reservoir,2030,31,229,229,,-0.0026599999999999987,0.0,0.0
2785,hydro_reservoir,2030,31,230,230,,-0.0026599999999999987,0.0,0.0
2786,hydro_reservoir,2030,31,231,231,,-0.0026599999999999987,0.0,0.0
2787,hydro_reservoir,2030,31,232,232,,-0.0026599999999999987,0.0,0.0
2788,hydro_reservoir,2030,31,233,233,,-0.0026599999999999987,0.0,0.0
2789,hydro_reservoir,2030,31,234,234,,-0.0026599999999999987,0.0,0.0
2790,hydro_reservoir,2030,31,235,235,,-0.0026599999999999987,0.0,0.0
2791,hydro_reservoir,2030,31,236,236,,-0.0026599999999999987,0.0,0.0
2792,hydro_reservoir,2030,31,237,237,,-0.0026599999999999987,0.0,0.0
2793,hydro_reservoir,2030,31,238,238,,-0.0026599999999999987,0.0,0.0
2794,hydro_reservoir,2030,31,239,239,,-0.0026599999999999987,0.0,0.0
2795,hydro_reservoir,2030,31,240,240,,-0.0026599999999999987,0.0,0.0
2796,hydro_reservoir,2030,31,241,241,,-0.0026599999999999987,0.0,0.0
2797,hydro_reservoir,2030,31,242,242,,-0.0026599999999999987,0.0,0.0
2798,hydro_reservoir,2030,31,243,243,,-0.0026599999999999987,0.0,0.0
2799,hydro_reservoir,2030,31,244,244,,-0.0026599999999999987,0.0,0.0
2800,hydro_reservoir,2030,31,245,245,,-0.0026599999999999987,0.0,0.0
2801,hydro_reservoir,2030,31,246,246,,-0.0026599999999999987,0.0,0.0
2802,hydro_reservoir,2030,31,247,247,,-0.0026599999999999987,0.0,0.0
2803,hydro_reservoir,2030,31,248,248,,-0.0026599999999999987,0.0,0.0
2804,hydro_reservoir,2030,31,249,249,,-0.0026599999999999987,0.0,0.0
2805,hydro_reservoir,2030,31,250,250,,-0.0026599999999999987,0.0,0.0
2806,hydro_reservoir,2030,31,251,251,,-0.0026599999999999987,0.0,0.0
2807,hydro_reservoir,2030,31,252,252,,-0.0026599999999999987,0.0,0.0
2808,hydro_reservoir,2030,31,253,253,,-0.0026599999999999987,0.0,0.0
2809,hydro_reservoir,2030,31,254,254,,-0.0026599999999999987,0.0,0.0
2810,hydro_reservoir,2030,31,255,255,,-0.0026599999999999987,0.0,0.0
2811,hydro_reservoir,2030,31,256,256,,-0.0026599999999999987,0.0,0.0
2812,hydro_reservoir,2030,31,257,257,,-0.0026599999999999987,0.0,0.0
2813,hydro_reservoir,2030,31,258,258,,-0.0026599999999999987,0.0,0.0
2814,hydro_reservoir,2030,31,259,259,,-0.0026599999999999987,0.0,0.0
2815,hydro_reservoir,2030,31,260,260,,-0.0026599999999999987,0.0,0.0
2816,hydro_reservoir,2030,31,261,261,,-0.0026599999999999987,0.0,0.0
2817,hydro_reservoir,2030,31,262,262,,-0.0026599999999999987,0.0,0.0
2818,hydro_reservoir,2030,31,263,263,,-0.0026599999999999987,0.0,0.0
2819,hydro_reservoir,2030,31,264,264,,-0.0026599999999999987,0.0,0.0
2820,hydro_reservoir,2030,31,265,265,,-0.0026599999999999987,0.0,0.0
2821,hydro_reservoir,2030,31,266,266,,-0.0026599999999999987,0.0,0.0
2822,hydro_reservoir,2030,31,267,267,,-0.0026599999999999987,0.0,0.0
2823,hydro_reservoir,2030,31,268,268,,-0.0026599999999999987,0.0,0.0
2824,hydro_reservoir,2030,31,269,269,,-0.0026599999999999987,0.0,0.0
2825,hydro_reservoir,2030,31,270,270,,-0.0026599999999999987,0.0,0.0
2826,hydro_reservoir,2030,31,271,271,,-0.0026599999999999987,0.0,0.0
2827,hydro_reservoir,2030,31,272,272,,-0.0026599999999999987,0.0,0.0
2828,hydro_reservoir,2030,31,273,273,,-0.0026599999999999987,0.0,0.0
2829,hydro_reservoir,2030,31,274,274,,-0.0026599999999999987,0.0,0.0
2830,hydro_reservoir,2030,31,275,275,,-0.0026599999999999987,0.0,0.0
2831,hydro_reservoir,2030,31,276,276,,-0.0026599999999999987,0.0,0.0
2832,hydro_reservoir,2030,31,277,277,,-0.0026599999999999987,0.0,0.0
2833,hydro_reservoir,2030,31,278,278,,-0.0026599999999999987,0.0,0.0
2834,hydro_reservoir,2030,31,279,279,,-0.0026599999999999987,0.0,0.0
2835,hydro_reservoir,2030,31,280,280,,-0.0026599999999999987,0.0,0.0
2836,hydro_reservoir,2030,31,281,281,,-0.0026599999999999987,0.0,0.0
2837,hydro_reservoir,2030,31,282,282,,-0.0026599999999999987,0.0,0.0
2838,hydro_reservoir,2030,31,283,283,,-0.0026599999999999987,0.0,0.0
2839,hydro_reservoir,2030,31,284,284,,-0.0026599999999999987,0.0,0.0
2840,hydro_reservoir,2030,31,285,285,,-0.0026599999999999987,0.0,0.0
2841,hydro_reservoir,2030,31,286,286,,-0.0026599999999999987,0.0,0.0
2842,hydro_reservoir,2030,31,287,287,,-0.0026599999999999987,0.0,0.0
2843,hydro_reservoir,2030,31,288,288,,-0.0026599999999999987,0.0,0.0
2844,hydro_reservoir,2030,31,289,289,,-0.0026599999999999987,0.0,0.0
2845,hydro_reservoir,2030,31,290,290,,-0.0026599999999999987,0.0,0.0
2846,hydro_reservoir,2030,31,291,291,,-0.0026599999999999987,0.0,0.0
2847,hydro_reservoir,2030,31,292,292,,-0.0026599999999999987,0.0,0.0
2848,hydro_reservoir,2030,31,293,293,,-0.0026599999999999987,0.0,0.0
2849,hydro_reservoir,2030,31,294,294,,-0.0026599999999999987,0.0,0.0
2850,hydro_reservoir,2030,31,295,295,,-0.0026599999999999987,0.0,0.0
2851,hydro_reservoir,2030,31,296,296,,-0.0026599999999999987,0.0,0.0
2852,hydro_reservoir,2030,31,297,297,,-0.0026599999999999987,0.0,0.0
2853,hydro_reservoir,2030,31,298,298,,-0.0026599999999999987,0.0,0.0
2854,hydro_reservoir,2030,31,299,299,,-0.0026599999999999987,0.0,0.0
2855,hydro_reservoir,2030,31,300,300,,-0.0026599999999999987,0.0,0.0
2856,hydro_reservoir,2030,31,301,301,,-0.0026599999999999987,0.0,0.0
2857,hydro_reservoir,2030,31,302,302,,-0.0026599999999999987,0.0,0.0
2858,hydro_reservoir,2030,31,303,303,,-0.0026599999999999987,0.0,0.0
2859,hydro_reservoir,2030,31,304,304,,-0.0026599999999999987,0.0,0.0
2860,hydro_reservoir,2030,31,305,305,,-0.0026599999999999987,0.0,0.0
2861,hydro_reservoir,2030,31,306,306,,-0.0026599999999999987,0.0,0.0
2862,hydro_reservoir,2030,31,307,307,,-0.0026599999999999987,0.0,0.0
2863,hydro_reservoir,2030,31,308,308,,-0.0026599999999999987,0.0,0.0
2864,hydro_reservoir,2030,31,309,309,,-0.0026599999999999987,0.0,0.0
2865,hydro_reservoir,2030,31,310,310,,-0.0026599999999999987,0.0,0.0
2866,hydro_reservoir,2030,31,311,311,,-0.0026599999999999987,0.0,0.0
2867,hydro_reservoir,2030,31,312,312,,-0.0026599999999999987,0.0,0.0
2868,hydro_reservoir,2030,31,313,313,,-0.0026599999999999987,0.0,0.0
2869,hydro_reservoir,2030,31,314,314,,-0.0026599999999999987,0.0,0.0
2870,hydro_reservoir,2030,31,315,315,,-0.0026599999999999987,0.0,0.0
2871,hydro_reservoir,2030,31,316,316,,-0.0026599999999999987,0.0,0.0
2872,hydro_reservoir,2030,31,317,317,,-0.0026599999999999987,0.0,0.0
2873,hydro_reservoir,2030,31,318,318,,-0.0026599999999999987,0.0,0.0
2874,hydro_reservoir,2030,31,319,319,,-0.0026599999999999987,0.0,0.0
2875,hydro_reservoir,2030,31,320,320,,-0.0026599999999999987,0.0,0.0
2876,hydro_reservoir,2030,31,321,321,,-0.0026599999999999987,0.0,0.0
2877,hydro_reservoir,2030,31,322,322,,-0.0026599999999999987,0.0,0.0
2878,hydro_reservoir,2030,31,323,323,,-0.0026599999999999987,0.0,0.0
2879,hydro_reservoir,2030,31,324,324,,-0.0026599999999999987,0.0,0.0
2880,hydro_reservoir,2030,31,325,325,,-0.0026599999999999987,0.0,0.0
2881,hydro_reservoir,2030,31,326,326,,-0.0026599999999999987,0.0,0.0
2882,hydro_reservoir,2030,31,327,327,,-0.0026599999999999987,0.0,0.0
2883,hydro_reservoir,2030,31,328,328,,-0.0026599999999999987,0.0,0.0
2884,hydro_reservoir,2030,31,329,329,,-0.0026599999999999987,0.0,0.0
2885,hydro_reservoir,2030,31,330,330,,-0.0026599999999999987,0.0,0.0
2886,hydro_reservoir,2030,31,331,331,,-0.0026599999999999987,0.0,0.0
2887,hydro_reservoir,2030,31,332,332,,-0.0026599999999999987,0.0,0.0
2888,hydro_reservoir,2030,31,333,333,,-0.0026599999999999987,0.0,0.0
2889,hydro_reservoir,2030,31,334,334,,-0.0026599999999999987,0.0,0.0
2890,hydro_reservoir,2030,31,335,335,,-0.0026599999999999987,0.0,0.0
2891,hydro_reservoir,2030,31,336,336,,-0.0026599999999999987,0.0,0.0
2892,hydro_reservoir,2030,31,337,337,,-0.0026599999999999987,0.0,0.0
2893,hydro_reservoir,2030,31,338,338,,-0.0026599999999999987,0.0,0.0
2894,hydro_reservoir,2030,31,339,339,,-0.0026599999999999987,0.0,0.0
2895,hydro_reservoir,2030,31,340,340,,-0.0026599999999999987,0.0,0.0
2896,hydro_reservoir,2030,31,341,341,,-0.0026599999999999987,0.0,0.0
2897,hydro_reservoir,2030,31,342,342,,-0.0026599999999999987,0.0,0.0
2898,hydro_reservoir,2030,31,343,343,,-0.0026599999999999987,0.0,0.0
2899,hydro_reservoir,2030,31,344,344,,-0.0026599999999999987,0.0,0.0
2900,hydro_reservoir,2030,31,345,345,,-0.0026599999999999987,0.0,0.0
2901,hydro_reservoir,2030,31,346,346,,-0.0026599999999999987,0.0,0.0
2902,hydro_reservoir,2030,31,347,347,,-0.0026599999999999987,0.0,0.0
2903,hydro_reservoir,2030,31,348,348,,-0.0026599999999999987,0.0,0.0
2904,hydro_reservoir,2030,31,349,349,,-0.0026599999999999987,0.0,0.0
2905,hydro_reservoir,2030,31,350,350,,-0.0026599999999999987,0.0,0.0
2906,hydro_reservoir,2030,31,351,351,,-0.0026599999999999987,0.0,0.0
2907,hydro_reservoir,2030,31,352,352,,-0.0026599999999999987,0.0,0.0
2908,hydro_reservoir,2030,31,353,353,,-0.0026599999999999987,0.0,0.0
2909,hydro_reservoir,2030,31,354,354,,-0.0026599999999999987,0.0,0.0
2910,hydro_reservoir,2030,31,355,355,,-0.0026599999999999987,0.0,0.0
2911,hydro_reservoir,2030,31,356,356,,-0.0026599999999999987,0.0,0.0
2912,hydro_reservoir,2030,31,357,357,,-0.0026599999999999987,0.0,0.0
2913,hydro_reservoir,2030,31,358,358,,-0.0026599999999999987,0.0,0.0
2914,hydro_reservoir,2030,31,359,359,,-0.0026599999999999987,0.0,0.0
2915,hydro_reservoir,2030,31,360,360,,-0.0026599999999999987,0.0,0.0
2916,hydro_reservoir,2030,31,361,361,,-0.0026599999999999987,0.0,0.0
2917,hydro_reservoir,2030,31,362,362,,-0.0026599999999999987,0.0,0.0
2918,hydro_reservoir,2030,31,363,363,,-0.0026599999999999987,0.0,0.0
2919,hydro_reservoir,2030,31,364,364,,-0.0026599999999999987,0.0,0.0
2920,hydro_reservoir,2030,31,365,365,,-0.0026599999999999987,0.0,0.0
2921,hydro_reservoir,2030,32,1,1,,-0.0019000000000000004,0.0,0.0
2922,hydro_reservoir,2030,32,2,2,,-0.0019000000000000004,0.0,0.0
2923,hydro_reservoir,2030,32,3,3,,-0.0019000000000000004,0.0,0.0
2924,hydro_reservoir,2030,32,4,4,,-0.0019000000000000004,0.0,0.0
2925,hydro_reservoir,2030,32,5,5,,-0.0019000000000000004,0.0,0.0
2926,hydro_reservoir,2030,32,6,6,,-0.0019000000000000004,0.0,0.0
2927,hydro_reservoir,2030,32,7,7,,-0.0019000000000000004,0.0,0.0
2928,hydro_reservoir,2030,32,8,8,,-0.0019000000000000004,0.0,0.0
2929,hydro_reservoir,2030,32,9,9,,-0.0019000000000000004,0.0,0.0
2930,hydro_reservoir,2030,32,10,10,,-0.0019000000000000004,0.0,0.0
2931,hydro_reservoir,2030,32,11,11,,-0.0019000000000000004,0.0,0.0
2932,hydro_reservoir,2030,32,12,12,,-0.0019000000000000004,0.0,0.0
2933,hydro_reservoir,2030,32,13,13,,-0.0019000000000000004,0.0,0.0
2934,hydro_reservoir,2030,32,14,14,,-0.0019000000000000004,0.0,0.0
2935,hydro_reservoir,2030,32,15,15,,-0.0019000000000000004,0.0,0.0
2936,hydro_reservoir,2030,32,16,16,,-0.0019000000000000004,0.0,0.0
2937,hydro_reservoir,2030,32,17,17,,-0.0019000000000000004,0.0,0.0
2938,hydro_reservoir,2030,32,18,18,,-0.0019000000000000004,0.0,0.0
2939,hydro_reservoir,2030,32,19,19,,-0.0019000000000000004,0.0,0.0
2940,hydro_reservoir,2030,32,20,20,,-0.0019000000000000004,0.0,0.0
2941,hydro_reservoir,2030,32,21,21,,-0.0019000000000000004,0.0,0.0
2942,hydro_reservoir,2030,32,22,22,,-0.0019000000000000004,0.0,0.0
2943,hydro_reservoir,2030,32,23,23,,-0.0019000000000000004,0.0,0.0
2944,hydro_reservoir,2030,32,24,24,,-0.0019000000000000004,0.0,0.0
2945,hydro_reservoir,2030,32,25,25,,-0.0019000000000000004,0.0,0.0
2946,hydro_reservoir,2030,32,26,26,,-0.0019000000000000004,0.0,0.0
2947,hydro_reservoir,2030,32,27,27,,-0.0019000000000000004,0.0,0.0
2948,hydro_reservoir,2030,32,28,28,,-0.0019000000000000004,0.0,0.0
2949,hydro_reservoir,2030,32,29,29,,-0.0019000000000000004,0.0,0.0
2950,hydro_reservoir,2030,32,30,30,,-0.0019000000000000004,0.0,0.0
2951,hydro_reservoir,2030,32,31,31,,-0.0019000000000000004,0.0,0.0
2952,hydro_reservoir,2030,32,32,32,,-0.0019000000000000004,0.0,0.0
2953,hydro_reservoir,2030,32,33,33,,-0.0019000000000000004,0.0,0.0
2954,hydro_reservoir,2030,32,34,34,,-0.0019000000000000004,0.0,0.0
2955,hydro_reservoir,2030,32,35,35,,-0.0019000000000000004,0.0,0.0
2956,hydro_reservoir,2030,32,36,36,,-0.0019000000000000004,0.0,0.0
2957,hydro_reservoir,2030,32,37,37,,-0.0019000000000000004,0.0,0.0
2958,hydro_reservoir,2030,32,38,38,,-0.0019000000000000004,0.0,0.0
2959,hydro_reservoir,2030,32,39,39,,-0.0019000000000000004,0.0,0.0
2960,hydro_reservoir,2030,32,40,40,,-0.0019000000000000004,0.0,0.0
2961,hydro_reservoir,2030,32,41,41,,-0.0019000000000000004,0.0,0.0
2962,hydro_reservoir,2030,32,42,42,,-0.0019000000000000004,0.0,0.0
2963,hydro_reservoir,2030,32,43,43,,-0.0019000000000000004,0.0,0.0
2964,hydro_reservoir,2030,32,44,44,,-0.0019000000000000004,0.0,0.0
2965,hydro_reservoir,2030,32,45,45,,-0.0019000000000000004,0.0,0.0
2966,hydro_reservoir,2030,32,46,46,,-0.0019000000000000004,0.0,0.0
2967,hydro_reservoir,2030,32,47,47,,-0.0019000000000000004,0.0,0.0
2968,hydro_reservoir,2030,32,48,48,,-0.0019000000000000004,0.0,0.0
2969,hydro_reservoir,2030,32,49,49,,-0.0019000000000000004,0.0,0.0
2970,hydro_reservoir,2030,32,50,50,,-0.0019000000000000004,0.0,0.0
2971,hydro_reservoir,2030,32,51,51,,-0.0019000000000000004,0.0,0.0
2972,hydro_reservoir,2030,32,52,52,,-0.0019000000000000004,0.0,0.0
2973,hydro_reservoir,2030,32,53,53,,-0.0019000000000000004,0.0,0.0
2974,hydro_reservoir,2030,32,54,54,,-0.0019000000000000004,0.0,0.0
2975,hydro_reservoir,2030,32,55,55,,-0.0019000000000000004,0.0,0.0
2976,hydro_reservoir,2030,32,56,56,,-0.0019000000000000004,0.0,0.0
2977,hydro_reservoir,2030,32,57,57,,-0.0019000000000000004,0.0,0.0
2978,hydro_reservoir,2030,32,58,58,,-0.0019000000000000004,0.0,0.0
2979,hydro_reservoir,2030,32,59,59,,-0.0019000000000000004,0.0,0.0
2980,hydro_reservoir,2030,32,60,60,,-0.0019000000000000004,0.0,0.0
2981,hydro_reservoir,2030,32,61,61,,-0.0019000000000000004,0.0,0.0
2982,hydro_reservoir,2030,32,62,62,,-0.0019000000000000004,0.0,0.0
2983,hydro_reservoir,2030,32,63,63,,-0.0019000000000000004,0.0,0.0
2984,hydro_reservoir,2030,32,64,64,,-0.0019000000000000004,0.0,0.0
2985,hydro_reservoir,2030,32,65,65,,-0.0019000000000000004,0.0,0.0
2986,hydro_reservoir,2030,32,66,66,,-0.0019000000000000004,0.0,0.0
2987,hydro_reservoir,2030,32,67,67,,-0.0019000000000000004,0.0,0.0
2988,hydro_reservoir,2030,32,68,68,,-0.0019000000000000004,0.0,0.0
2989,hydro_reservoir,2030,32,69,69,,-0.0019000000000000004,0.0,0.0
2990,hydro_reservoir,2030,32,70,70,,-0.0019000000000000004,0.0,0.0
2991,hydro_reservoir,2030,32,71,71,,-0.0019000000000000004,0.0,0.0
2992,hydro_reservoir,2030,32,72,72,,-0.0019000000000000004,0.0,0.0
2993,hydro_reservoir,2030,32,73,73,,-0.0019000000000000004,0.0,0.0
2994,hydro_reservoir,2030,32,74,74,,-0.0019000000000000004,0.0,0.0
2995,hydro_reservoir,2030,32,75,75,,-0.0019000000000000004,0.0,0.0
2996,hydro_reservoir,2030,32,76,76,,-0.0019000000000000004,0.0,0.0
2997,hydro_reservoir,2030,32,77,77,,-0.0019000000000000004,0.0,0.0
2998,hydro_reservoir,2030,32,78,78,,-0.0019000000000000004,0.0,0.0
2999,hydro_reservoir,2030,32,79,79,,-0.0019000000000000004,0.0,0.0
3000,hydro_reservoir,2030,32,80,80,,-0.0019000000000000004,0.0,0.0
3001,hydro_reservoir,2030,32,81,81,,-0.0019000000000000004,0.0,0.0
3002,hydro_reservoir,2030,32,82,82,,-0.0019000000000000004,0.0,0.0
3003,hydro_reservoir,2030,32,83,83,,-0.0019000000000000004,0.0,0.0
3004,hydro_reservoir,2030,32,84,84,,-0.0019000000000000004,0.0,0.0
3005,hydro_reservoir,2030,32,85,85,,-0.0019000000000000004,0.0,0.0
3006,hydro_reservoir,2030,32,86,86,,-0.0019000000000000004,0.0,0.0
3007,hydro_reservoir,2030,32,87,87,,-0.0019000000000000004,0.0,0.0
3008,hydro_reservoir,2030,32,88,88,,-0.0019000000000000004,0.0,0.0
3009,hydro_reservoir,2030,32,89,89,,-0.0019000000000000004,0.0,0.0
3010,hydro_reservoir,2030,32,90,90,,-0.0019000000000000004,0.0,0.0
3011,hydro_reservoir,2030,32,91,91,,-0.0019000000000000004,0.0,0.0
3012,hydro_reservoir,2030,32,92,92,,-0.0019000000000000004,0.0,0.0
3013,hydro_reservoir,2030,32,93,93,,-0.0019000000000000004,0.0,0.0
3014,hydro_reservoir,2030,32,94,94,,-0.0019000000000000004,0.0,0.0
3015,hydro_reservoir,2030,32,95,95,,-0.0019000000000000004,0.0,0.0
3016,hydro_reservoir,2030,32,96,96,,-0.0019000000000000004,0.0,0.0
3017,hydro_reservoir,2030,32,97,97,,-0.0019000000000000004,0.0,0.0
3018,hydro_reservoir,2030,32,98,98,,-0.0019000000000000004,0.0,0.0
3019,hydro_reservoir,2030,32,99,99,,-0.0019000000000000004,0.0,0.0
3020,hydro_reservoir,2030,32,100,100,,-0.0019000000000000004,0.0,0.0
3021,hydro_reservoir,2030,32,101,101,,-0.0019000000000000004,0.0,0.0
3022,hydro_reservoir,2030,32,102,102,,-0.0019000000000000004,0.0,0.0
3023,hydro_reservoir,2030,32,103,103,,-0.0019000000000000004,0.0,0.0
3024,hydro_reservoir,2030,32,104,104,,-0.0019000000000000004,0.0,0.0
3025,hydro_reservoir,2030,32,105,105,,-0.0019000000000000004,0.0,0.0
3026,hydro_reservoir,2030,32,106,106,,-0.0019000000000000004,0.0,0.0
3027,hydro_reservoir,2030,32,107,107,,-0.0019000000000000004,0.0,0.0
3028,hydro_reservoir,2030,32,108,108,,-0.0019000000000000004,0.0,0.0
3029,hydro_reservoir,2030,32,109,109,,-0.0019000000000000004,0.0,0.0
3030,hydro_reservoir,2030,32,110,110,,-0.0019000000000000004,0.0,0.0
3031,hydro_reservoir,2030,32,111,111,,-0.0019000000000000004,0.0,0.0
3032,hydro_reservoir,2030,32,112,112,,-0.0019000000000000004,0.0,0.0
3033,hydro_reservoir,2030,32,113,113,,-0.0019000000000000004,0.0,0.0
3034,hydro_reservoir,2030,32,114,114,,-0.0019000000000000004,0.0,0.0
3035,hydro_reservoir,2030,32,115,115,,-0.0019000000000000004,0.0,0.0
3036,hydro_reservoir,2030,32,116,116,,-0.0019000000000000004,0.0,0.0
3037,hydro_reservoir,2030,32,117,117,,-0.0019000000000000004,0.0,0.0
3038,hydro_reservoir,2030,32,118,118,,-0.0019000000000000004,0.0,0.0
3039,hydro_reservoir,2030,32,119,119,,-0.0019000000000000004,0.0,0.0
3040,hydro_reservoir,2030,32,120,120,,-0.0019000000000000004,0.0,0.0
3041,hydro_reservoir,2030,32,121,121,,-0.0019000000000000004,0.0,0.0
3042,hydro_reservoir,2030,32,122,122,,-0.0019000000000000004,0.0,0.0
3043,hydro_reservoir,2030,32,123,123,,-0.0019000000000000004,0.0,0.0
3044,hydro_reservoir,2030,32,124,124,,-0.0019000000000000004,0.0,0.0
3045,hydro_reservoir,2030,32,125,125,,-0.0019000000000000004,0.0,0.0
3046,hydro_reservoir,2030,32,126,126,,-0.0019000000000000004,0.0,0.0
3047,hydro_reservoir,2030,32,127,127,,-0.0019000000000000004,0.0,0.0
3048,hydro_reservoir,2030,32,128,128,,-0.0019000000000000004,0.0,0.0
3049,hydro_reservoir,2030,32,129,129,,-0.0019000000000000004,0.0,0.0
3050,hydro_reservoir,2030,32,130,130,,-0.0019000000000000004,0.0,0.0
3051,hydro_reservoir,2030,32,131,131,,-0.0019000000000000004,0.0,0.0
3052,hydro_reservoir,2030,32,132,132,,-0.0019000000000000004,0.0,0.0
3053,hydro_reservoir,2030,32,133,133,,-0.0019000000000000004,0.0,0.0
3054,hydro_reservoir,2030,32,134,134,,-0.0019000000000000004,0.0,0.0
3055,hydro_reservoir,2030,32,135,135,,-0.0019000000000000004,0.0,0.0
3056,hydro_reservoir,2030,32,136,136,,-0.0019000000000000004,0.0,0.0
3057,hydro_reservoir,2030,32,137,137,,-0.0019000000000000004,0.0,0.0
3058,hydro_reservoir,2030,32,138,138,,-0.0019000000000000004,0.0,0.0
3059,hydro_reservoir,2030,32,139,139,,-0.0019000000000000004,0.0,0.0
3060,hydro_reservoir,2030,32,140,140,,-0.0019000000000000004,0.0,0.0
3061,hydro_reservoir,2030,32,141,141,,-0.0019000000000000004,0.0,0.0
3062,hydro_reservoir,2030,32,142,142,,-0.0019000000000000004,0.0,0.0
3063,hydro_reservoir,2030,32,143,143,,-0.0019000000000000004,0.0,0.0
3064,hydro_reservoir,2030,32,144,144,,-0.0019000000000000004,0.0,0.0
3065,hydro_reservoir,2030,32,145,145,,-0.0019000000000000004,0.0,0.0
3066,hydro_reservoir,2030,32,146,146,,-0.0019000000000000004,0.0,0.0
3067,hydro_reservoir,2030,32,147,147,,-0.0019000000000000004,0.0,0.0
3068,hydro_reservoir,2030,32,148,148,,-0.0019000000000000004,0.0,0.0
3069,hydro_reservoir,2030,32,149,149,,-0.0019000000000000004,0.0,0.0
3070,hydro_reservoir,2030,32,150,150,,-0.0019000000000000004,0.0,0.0
3071,hydro_reservoir,2030,32,151,151,,-0.0019000000000000004,0.0,0.0
3072,hydro_reservoir,2030,32,152,152,,-0.0019000000000000004,0.0,0.0
3073,hydro_reservoir,2030,32,153,153,,-0.0019000000000000004,0.0,0.0
3074,hydro_reservoir,2030,32,154,154,,-0.0019000000000000004,0.0,0.0
3075,hydro_reservoir,2030,32,155,155,,-0.0019000000000000004,0.0,0.0
3076,hydro_reservoir,2030,32,156,156,,-0.0019000000000000004,0.0,0.0
3077,hydro_reservoir,2030,32,157,157,,-0.0019000000000000004,0.0,0.0
3078,hydro_reservoir,2030,32,158,158,,-0.0019000000000000004,0.0,0.0
3079,hydro_reservoir,2030,32,159,159,,-0.0019000000000000004,0.0,0.0
3080,hydro_reservoir,2030,32,160,160,,-0.0019000000000000004,0.0,0.0
3081,hydro_reservoir,2030,32,161,161,,-0.0019000000000000004,0.0,0.0
3082,hydro_reservoir,2030,32,162,162,,-0.0019000000000000004,0.0,0.0
3083,hydro_reservoir,2030,32,163,163,,-0.0019000000000000004,0.0,0.0
3084,hydro_reservoir,2030,32,164,164,,-0.0019000000000000004,0.0,0.0
3085,hydro_reservoir,2030,32,165,165,,-0.0019000000000000004,0.0,0.0
3086,hydro_reservoir,2030,32,166,166,,-0.0019000000000000004,0.0,0.0
3087,hydro_reservoir,2030,32,167,167,,-0.0019000000000000004,0.0,0.0
3088,hydro_reservoir,2030,32,168,168,,-0.0019000000000000004,0.0,0.0
3089,hydro_reservoir,2030,32,169,169,,-0.0019000000000000004,0.0,0.0
3090,hydro_reservoir,2030,32,170,170,,-0.0019000000000000004,0.0,0.0
3091,hydro_reservoir,2030,32,171,171,,-0.0019000000000000004,0.0,0.0
3092,hydro_reservoir,2030,32,172,172,,-0.0019000000000000004,0.0,0.0
3093,hydro_reservoir,2030,32,173,173,,-0.0019000000000000004,0.0,0.0
3094,hydro_reservoir,2030,32,174,174,,-0.0019000000000000004,0.0,0.0
3095,hydro_reservoir,2030,32,175,175,,-0.0019000000000000004,0.0,0.0
3096,hydro_reservoir,2030,32,176,176,,-0.0019000000000000004,0.0,0.0
3097,hydro_reservoir,2030,32,177,177,,-0.0019000000000000004,0.0,0.0
3098,hydro_reservoir,2030,32,178,178,,-0.0019000000000000004,0.0,0.0
3099,hydro_reservoir,2030,32,179,179,,-0.0019000000000000004,0.0,0.0
3100,hydro_reservoir,2030,32,180,180,,-0.0019000000000000004,0.0,0.0
3101,hydro_reservoir,2030,32,181,181,,-0.0019000000000000004,0.0,0.0
3102,hydro_reservoir,2030,32,182,182,,-0.0019000000000000004,0.0,0.0
3103,hydro_reservoir,2030,32,183,183,,-0.0019000000000000004,0.0,0.0
3104,hydro_reservoir,2030,32,184,184,,-0.0019000000000000004,0.0,0.0
3105,hydro_reservoir,2030,32,185,185,,-0.0019000000000000004,0.0,0.0
3106,hydro_reservoir,2030,32,186,186,,-0.0019000000000000004,0.0,0.0
3107,hydro_reservoir,2030,32,187,187,,-0.0019000000000000004,0.0,0.0
3108,hydro_reservoir,2030,32,188,188,,-0.0019000000000000004,0.0,0.0
3109,hydro_reservoir,2030,32,189,189,,-0.0019000000000000004,0.0,0.0
3110,hydro_reservoir,2030,32,190,190,,-0.0019000000000000004,0.0,0.0
3111,hydro_reservoir,2030,32,191,191,,-0.0019000000000000004,0.0,0.0
3112,hydro_reservoir,2030,32,192,192,,-0.0019000000000000004,0.0,0.0
3113,hydro_reservoir,2030,32,193,193,,-0.0019000000000000004,0.0,0.0
3114,hydro_reservoir,2030,32,194,194,,-0.0019000000000000004,0.0,0.0
3115,hydro_reservoir,2030,32,195,195,,-0.0019000000000000004,0.0,0.0
3116,hydro_reservoir,2030,32,196,196,,-0.0019000000000000004,0.0,0.0
3117,hydro_reservoir,2030,32,197,197,,-0.0019000000000000004,0.0,0.0
3118,hydro_reservoir,2030,32,198,198,,-0.0019000000000000004,0.0,0.0
3119,hydro_reservoir,2030,32,199,199,,-0.0019000000000000004,0.0,0.0
3120,hydro_reservoir,2030,32,200,200,,-0.0019000000000000004,0.0,0.0
3121,hydro_reservoir,2030,32,201,201,,-0.0019000000000000004,0.0,0.0
3122,hydro_reservoir,2030,32,202,202,,-0.0019000000000000004,0.0,0.0
3123,hydro_reservoir,2030,32,203,203,,-0.0019000000000000004,0.0,0.0
3124,hydro_reservoir,2030,32,204,204,,-0.0019000000000000004,0.0,0.0
3125,hydro_reservoir,2030,32,205,205,,-0.0019000000000000004,0.0,0.0
3126,hydro_reservoir,2030,32,206,206,,-0.0019000000000000004,0.0,0.0
3127,hydro_reservoir,2030,32,207,207,,-0.0019000000000000004,0.0,0.0
3128,hydro_reservoir,2030,32,208,208,,-0.0019000000000000004,0.0,0.0
3129,hydro_reservoir,2030,32,209,209,,-0.0019000000000000004,0.0,0.0
3130,hydro_reservoir,2030,32,210,210,,-0.0019000000000000004,0.0,0.0
3131,hydro_reservoir,2030,32,211,211,,-0.0019000000000000004,0.0,0.0
3132,hydro_reservoir,2030,32,212,212,,-0.0019000000000000004,0.0,0.0
3133,hydro_reservoir,2030,32,213,213,,-0.0019000000000000004,0.0,0.0
3134,hydro_reservoir,2030,32,214,214,,-0.0019000000000000004,0.0,0.0
3135,hydro_reservoir,2030,32,215,215,,-0.0019000000000000004,0.0,0.0
3136,hydro_reservoir,2030,32,216,216,,-0.0019000000000000004,0.0,0.0
3137,hydro_reservoir,2030,32,217,217,,-0.0019000000000000004,0.0,0.0
3138,hydro_reservoir,2030,32,218,218,,-0.0019000000000000004,0.0,0.0
3139,hydro_reservoir,2030,32,219,219,,-0.0019000000000000004,0.0,0.0
3140,hydro_reservoir,2030,32,220,220,,-0.0019000000000000004,0.0,0.0
3141,hydro_reservoir,2030,32,221,221,,-0.0019000000000000004,0.0,0.0
3142,hydro_reservoir,2030,32,222,222,,-0.0019000000000000004,0.0,0.0
3143,hydro_reservoir,2030,32,223,223,,-0.0019000000000000004,0.0,0.0
3144,hydro_reservoir,2030,32,224,224,,-0.0019000000000000004,0.0,0.0
3145,hydro_reservoir,2030,32,225,225,,-0.0019000000000000004,0.0,0.0
3146,hydro_reservoir,2030,32,226,226,,-0.0019000000000000004,0.0,0.0
3147,hydro_reservoir,2030,32,227,227,,-0.0019000000000000004,0.0,0.0
3148,hydro_reservoir,2030,32,228,228,,-0.0019000000000000004,0.0,0.0
3149,hydro_reservoir,2030,32,229,229,,-0.0019000000000000004,0.0,0.0
3150,hydro_reservoir,2030,32,230,230,,-0.0019000000000000004,0.0,0.0
3151,hydro_reservoir,2030,32,231,231,,-0.0019000000000000004,0.0,0.0
3152,hydro_reservoir,2030,32,232,232,,-0.0019000000000000004,0.0,0.0
3153,hydro_reservoir,2030,32,233,233,,-0.0019000000000000004,0.0,0.0
3154,hydro_reservoir,2030,32,234,234,,-0.0019000000000000004,0.0,0.0
3155,hydro_reservoir,2030,32,235,235,,-0.0019000000000000004,0.0,0.0
3156,hydro_reservoir,2030,32,236,236,,-0.0019000000000000004,0.0,0.0
3157,hydro_reservoir,2030,32,237,237,,-0.0019000000000000004,0.0,0.0
3158,hydro_reservoir,2030,32,238,238,,-0.0019000000000000004,0.0,0.0
3159,hydro_reservoir,2030,32,239,239,,-0.0019000000000000004,0.0,0.0
3160,hydro_reservoir,2030,32,240,240,,-0.0019000000000000004,0.0,0.0
3161,hydro_reservoir,2030,32,241,241,,-0.0019000000000000004,0.0,0.0
3162,hydro_reservoir,2030,32,242,242,,-0.0019000000000000004,0.0,0.0
3163,hydro_reservoir,2030,32,243,243,,-0.0019000000000000004,0.0,0.0
3164,hydro_reservoir,2030,32,244,244,,-0.0019000000000000004,0.0,0.0
3165,hydro_reservoir,2030,32,245,245,,-0.0019000000000000004,0.0,0.0
3166,hydro_reservoir,2030,32,246,246,,-0.0019000000000000004,0.0,0.0
3167,hydro_reservoir,2030,32,247,247,,-0.0019000000000000004,0.0,0.0
3168,hydro_reservoir,2030,32,248,248,,-0.0019000000000000004,0.0,0.0
3169,hydro_reservoir,2030,32,249,249,,-0.0019000000000000004,0.0,0.0
3170,hydro_reservoir,2030,32,250,250,,-0.0019000000000000004,0.0,0.0
3171,hydro_reservoir,2030,32,251,251,,-0.0019000000000000004,0.0,0.0
3172,hydro_reservoir,2030,32,252,252,,-0.0019000000000000004,0.0,0.0
3173,hydro_reservoir,2030,32,253,253,,-0.0019000000000000004,0.0,0.0
3174,hydro_reservoir,2030,32,254,254,,-0.0019000000000000004,0.0,0.0
3175,hydro_reservoir,2030,32,255,255,,-0.0019000000000000004,0.0,0.0
3176,hydro_reservoir,2030,32,256,256,,-0.0019000000000000004,0.0,0.0
3177,hydro_reservoir,2030,32,257,257,,-0.0019000000000000004,0.0,0.0
3178,hydro_reservoir,2030,32,258,258,,-0.0019000000000000004,0.0,0.0
3179,hydro_reservoir,2030,32,259,259,,-0.0019000000000000004,0.0,0.0
3180,hydro_reservoir,2030,32,260,260,,-0.0019000000000000004,0.0,0.0
3181,hydro_reservoir,2030,32,261,261,,-0.0019000000000000004,0.0,0.0
3182,hydro_reservoir,2030,32,262,262,,-0.0019000000000000004,0.0,0.0
3183,hydro_reservoir,2030,32,263,263,,-0.0019000000000000004,0.0,0.0
3184,hydro_reservoir,2030,32,264,264,,-0.0019000000000000004,0.0,0.0
3185,hydro_reservoir,2030,32,265,265,,-0.0019000000000000004,0.0,0.0
3186,hydro_reservoir,2030,32,266,266,,-0.0019000000000000004,0.0,0.0
3187,hydro_reservoir,2030,32,267,267,,-0.0019000000000000004,0.0,0.0
3188,hydro_reservoir,2030,32,268,268,,-0.0019000000000000004,0.0,0.0
3189,hydro_reservoir,2030,32,269,269,,-0.0019000000000000004,0.0,0.0
3190,hydro_reservoir,2030,32,270,270,,-0.0019000000000000004,0.0,0.0
3191,hydro_reservoir,2030,32,271,271,,-0.0019000000000000004,0.0,0.0
3192,hydro_reservoir,2030,32,272,272,,-0.0019000000000000004,0.0,0.0
3193,hydro_reservoir,2030,32,273,273,,-0.0019000000000000004,0.0,0.0
3194,hydro_reservoir,2030,32,274,274,,-0.0019000000000000004,0.0,0.0
3195,hydro_reservoir,2030,32,275,275,,-0.0019000000000000004,0.0,0.0
3196,hydro_reservoir,2030,32,276,276,,-0.0019000000000000004,0.0,0.0
3197,hydro_reservoir,2030,32,277,277,,-0.0019000000000000004,0.0,0.0
3198,hydro_reservoir,2030,32,278,278,,-0.0019000000000000004,0.0,0.0
3199,hydro_reservoir,2030,32,279,279,,-0.0019000000000000004,0.0,0.0
3200,hydro_reservoir,2030,32,280,280,,-0.0019000000000000004,0.0,0.0
3201,hydro_reservoir,2030,32,281,281,,-0.0019000000000000004,0.0,0.0
3202,hydro_reservoir,2030,32,282,282,,-0.0019000000000000004,0.0,0.0
3203,hydro_reservoir,2030,32,283,283,,-0.0019000000000000004,0.0,0.0
3204,hydro_reservoir,2030,32,284,284,,-0.0019000000000000004,0.0,0.0
3205,hydro_reservoir,2030,32,285,285,,-0.0019000000000000004,0.0,0.0
3206,hydro_reservoir,2030,32,286,286,,-0.0019000000000000004,0.0,0.0
3207,hydro_reservoir,2030,32,287,287,,-0.0019000000000000004,0.0,0.0
3208,hydro_reservoir,2030,32,288,288,,-0.0019000000000000004,0.0,0.0
3209,hydro_reservoir,2030,32,289,289,,-0.0019000000000000004,0.0,0.0
3210,hydro_reservoir,2030,32,290,290,,-0.0019000000000000004,0.0,0.0
3211,hydro_reservoir,2030,32,291,291,,-0.0019000000000000004,0.0,0.0
3212,hydro_reservoir,2030,32,292,292,,-0.0019000000000000004,0.0,0.0
3213,hydro_reservoir,2030,32,293,293,,-0.0019000000000000004,0.0,0.0
3214,hydro_reservoir,2030,32,294,294,,-0.0019000000000000004,0.0,0.0
3215,hydro_reservoir,2030,32,295,295,,-0.0019000000000000004,0.0,0.0
3216,hydro_reservoir,2030,32,296,296,,-0.0019000000000000004,0.0,0.0
3217,hydro_reservoir,2030,32,297,297,,-0.0019000000000000004,0.0,0.0
3218,hydro_reservoir,2030,32,298,298,,-0.0019000000000000004,0.0,0.0
3219,hydro_reservoir,2030,32,299,299,,-0.0019000000000000004,0.0,0.0
3220,hydro_reservoir,2030,32,300,300,,-0.0019000000000000004,0.0,0.0
3221,hydro_reservoir,2030,32,301,301,,-0.0019000000000000004,0.0,0.0
3222,hydro_reservoir,2030,32,302,302,,-0.0019000000000000004,0.0,0.0
3223,hydro_reservoir,2030,32,303,303,,-0.0019000000000000004,0.0,0.0
3224,hydro_reservoir,2030,32,304,304,,-0.0019000000000000004,0.0,0.0
3225,hydro_reservoir,2030,32,305,305,,-0.0019000000000000004,0.0,0.0
3226,hydro_reservoir,2030,32,306,306,,-0.0019000000000000004,0.0,0.0
3227,hydro_reservoir,2030,32,307,307,,-0.0019000000000000004,0.0,0.0
3228,hydro_reservoir,2030,32,308,308,,-0.0019000000000000004,0.0,0.0
3229,hydro_reservoir,2030,32,309,309,,-0.0019000000000000004,0.0,0.0
3230,hydro_reservoir,2030,32,310,310,,-0.0019000000000000004,0.0,0.0
3231,hydro_reservoir,2030,32,311,311,,-0.0019000000000000004,0.0,0.0
3232,hydro_reservoir,2030,32,312,312,,-0.0019000000000000004,0.0,0.0
3233,hydro_reservoir,2030,32,313,313,,-0.0019000000000000004,0.0,0.0
3234,hydro_reservoir,2030,32,314,314,,-0.0019000000000000004,0.0,0.0
3235,hydro_reservoir,2030,32,315,315,,-0.0019000000000000004,0.0,0.0
3236,hydro_reservoir,2030,32,316,316,,-0.0019000000000000004,0.0,0.0
3237,hydro_reservoir,2030,32,317,317,,-0.0019000000000000004,0.0,0.0
3238,hydro_reservoir,2030,32,318,318,,-0.0019000000000000004,0.0,0.0
3239,hydro_reservoir,2030,32,319,319,,-0.0019000000000000004,0.0,0.0
3240,hydro_reservoir,2030,32,320,320,,-0.0019000000000000004,0.0,0.0
3241,hydro_reservoir,2030,32,321,321,,-0.0019000000000000004,0.0,0.0
3242,hydro_reservoir,2030,32,322,322,,-0.0019000000000000004,0.0,0.0
3243,hydro_reservoir,2030,32,323,323,,-0.0019000000000000004,0.0,0.0
3244,hydro_reservoir,2030,32,324,324,,-0.0019000000000000004,0.0,0.0
3245,hydro_reservoir,2030,32,325,325,,-0.0019000000000000004,0.0,0.0
3246,hydro_reservoir,2030,32,326,326,,-0.0019000000000000004,0.0,0.0
3247,hydro_reservoir,2030,32,327,327,,-0.0019000000000000004,0.0,0.0
3248,hydro_reservoir,2030,32,328,328,,-0.0019000000000000004,0.0,0.0
3249,hydro_reservoir,2030,32,329,329,,-0.0019000000000000004,0.0,0.0
3250,hydro_reservoir,2030,32,330,330,,-0.0019000000000000004,0.0,0.0
3251,hydro_reservoir,2030,32,331,331,,-0.0019000000000000004,0.0,0.0
3252,hydro_reservoir,2030,32,332,332,,-0.0019000000000000004,0.0,0.0
3253,hydro_reservoir,2030,32,333,333,,-0.0019000000000000004,0.0,0.0
3254,hydro_reservoir,2030,32,334,334,,-0.0019000000000000004,0.0,0.0
3255,hydro_reservoir,2030,32,335,335,,-0.0019000000000000004,0.0,0.0
3256,hydro_reservoir,2030,32,336,336,,-0.0019000000000000004,0.0,0.0
3257,hydro_reservoir,2030,32,337,337,,-0.0019000000000000004,0.0,0.0
3258,hydro_reservoir,2030,32,338,338,,-0.0019000000000000004,0.0,0.0
3259,hydro_reservoir,2030,32,339,339,,-0.0019000000000000004,0.0,0.0
3260,hydro_reservoir,2030,32,340,340,,-0.0019000000000000004,0.0,0.0
3261,hydro_reservoir,2030,32,341,341,,-0.0019000000000000004,0.0,0.0
3262,hydro_reservoir,2030,32,342,342,,-0.0019000000000000004,0.0,0.0
3263,hydro_reservoir,2030,32,343,343,,-0.0019000000000000004,0.0,0.0
3264,hydro_reservoir,2030,32,344,344,,-0.0019000000000000004,0.0,0.0
3265,hydro_reservoir,2030,32,345,345,,-0.0019000000000000004,0.0,0.0
3266,hydro_reservoir,2030,32,346,346,,-0.0019000000000000004,0.0,0.0
3267,hydro_reservoir,2030,32,347,347,,-0.0019000000000000004,0.0,0.0
3268,hydro_reservoir,2030,32,348,348,,-0.0019000000000000004,0.0,0.0
3269,hydro_reservoir,2030,32,349,349,,-0.0019000000000000004,0.0,0.0
3270,hydro_reservoir,2030,32,350,350,,-0.0019000000000000004,0.0,0.0
3271,hydro_reservoir,2030,32,351,351,,-0.0019000000000000004,0.0,0.0
3272,hydro_reservoir,2030,32,352,352,,-0.0019000000000000004,0.0,0.0
3273,hydro_reservoir,2030,32,353,353,,-0.0019000000000000004,0.0,0.0
3274,hydro_reservoir,2030,32,354,354,,-0.0019000000000000004,0.0,0.0
3275,hydro_reservoir,2030,32,355,355,,-0.0019000000000000004,0.0,0.0
3276,hydro_reservoir,2030,32,356,356,,-0.0019000000000000004,0.0,0.0
3277,hydro_reservoir,2030,32,357,357,,-0.0019000000000000004,0.0,0.0
3278,hydro_reservoir,2030,32,358,358,,-0.0019000000000000004,0.0,0.0
3279,hydro_reservoir,2030,32,359,359,,-0.0019000000000000004,0.0,0.0
3280,hydro_reservoir,2030,32,360,360,,-0.0019000000000000004,0.0,0.0
3281,hydro_reservoir,2030,32,361,361,,-0.0019000000000000004,0.0,0.0
3282,hydro_reservoir,2030,32,362,362,,-0.0019000000000000004,0.0,0.0
3283,hydro_reservoir,2030,32,363,363,,-0.0019000000000000004,0.0,0.0
3284,hydro_reservoir,2030,32,364,364,,-0.0019000000000000004,0.0,0.0
3285,hydro_reservoir,2030,32,365,365,,-0.0019000000000000004,0.0,0.0
3286,hydro_reservoir,2030,35,1,1,,-0.04541013152448397,0.0,0.0
3287,hydro_reservoir,2030,35,2,2,,-0.04541013152448397,0.0,0.0
3288,hydro_reservoir,2030,35,3,3,,-0.04541013152448397,0.0,0.0
3289,hydro_reservoir,2030,35,4,4,,-0.04541013152448397,0.0,0.0
3290,hydro_reservoir,2030,35,5,5,,-0.04541013152448397,0.0,0.0
3291,hydro_reservoir,2030,35,6,6,,-0.04541013152448397,0.0,0.0
3292,hydro_reservoir,2030,35,7,7,,-0.04541013152448397,0.0,0.0
3293,hydro_reservoir,2030,35,8,8,,-0.04541013152448397,0.0,0.0
3294,hydro_reservoir,2030,35,9,9,,-0.04541013152448397,0.0,0.0
3295,hydro_reservoir,2030,35,10,10,,-0.04541013152448397,0.0,0.0
3296,hydro_reservoir,2030,35,11,11,,-0.04541013152448397,0.0,0.0
3297,hydro_reservoir,2030,35,12,12,,-0.04541013152448397,0.0,0.0
3298,hydro_reservoir,2030,35,13,13,,-0.04541013152448397,0.0,0.0
3299,hydro_reservoir,2030,35,14,14,,-0.04541013152448397,0.0,0.0
3300,hydro_reservoir,2030,35,15,15,,-0.04541013152448397,0.0,0.0
3301,hydro_reservoir,2030,35,16,16,,-0.04541013152448397,0.0,0.0
3302,hydro_reservoir,2030,35,17,17,,-0.04541013152448397,0.0,0.0
3303,hydro_reservoir,2030,35,18,18,,-0.04541013152448397,0.0,0.0
3304,hydro_reservoir,2030,35,19,19,,-0.04541013152448397,0.0,0.0
3305,hydro_reservoir,2030,35,20,20,,-0.04541013152448397,0.0,0.0
3306,hydro_reservoir,2030,35,21,21,,-0.04541013152448397,0.0,0.0
3307,hydro_reservoir,2030,35,22,22,,-0.04541013152448397,0.0,0.0
3308,hydro_reservoir,2030,35,23,23,,-0.04541013152448397,0.0,0.0
3309,hydro_reservoir,2030,35,24,24,,-0.04541013152448397,0.0,0.0
3310,hydro_reservoir,2030,35,25,25,,-0.04541013152448397,0.0,0.0
3311,hydro_reservoir,2030,35,26,26,,-0.04541013152448397,0.0,0.0
3312,hydro_reservoir,2030,35,27,27,,-0.04541013152448397,0.0,0.0
3313,hydro_reservoir,2030,35,28,28,,-0.04541013152448397,0.0,0.0
3314,hydro_reservoir,2030,35,29,29,,-0.04541013152448397,0.0,0.0
3315,hydro_reservoir,2030,35,30,30,,-0.04541013152448397,0.0,0.0
3316,hydro_reservoir,2030,35,31,31,,-0.04541013152448397,0.0,0.0
3317,hydro_reservoir,2030,35,32,32,,-0.04541013152448397,0.0,0.0
3318,hydro_reservoir,2030,35,33,33,,-0.04541013152448397,0.0,0.0
3319,hydro_reservoir,2030,35,34,34,,-0.04541013152448397,0.0,0.0
3320,hydro_reservoir,2030,35,35,35,,-0.04541013152448397,0.0,0.0
3321,hydro_reservoir,2030,35,36,36,,-0.04541013152448397,0.0,0.0
3322,hydro_reservoir,2030,35,37,37,,-0.04541013152448397,0.0,0.0
3323,hydro_reservoir,2030,35,38,38,,-0.04541013152448397,0.0,0.0
3324,hydro_reservoir,2030,35,39,39,,-0.04541013152448397,0.0,0.0
3325,hydro_reservoir,2030,35,40,40,,-0.04541013152448397,0.0,0.0
3326,hydro_reservoir,2030,35,41,41,,-0.04541013152448397,0.0,0.0
3327,hydro_reservoir,2030,35,42,42,,-0.04541013152448397,0.0,0.0
3328,hydro_reservoir,2030,35,43,43,,-0.04541013152448397,0.0,0.0
3329,hydro_reservoir,2030,35,44,44,,-0.04541013152448397,0.0,0.0
3330,hydro_reservoir,2030,35,45,45,,-0.04541013152448397,0.0,0.0
3331,hydro_reservoir,2030,35,46,46,,-0.04541013152448397,0.0,0.0
3332,hydro_reservoir,2030,35,47,47,,-0.04541013152448397,0.0,0.0
3333,hydro_reservoir,2030,35,48,48,,-0.04541013152448397,0.0,0.0
3334,hydro_reservoir,2030,35,49,49,,-0.04541013152448397,0.0,0.0
3335,hydro_reservoir,2030,35,50,50,,-0.04541013152448397,0.0,0.0
3336,hydro_reservoir,2030,35,51,51,,-0.04541013152448397,0.0,0.0
3337,hydro_reservoir,2030,35,52,52,,-0.04541013152448397,0.0,0.0
3338,hydro_reservoir,2030,35,53,53,,-0.04541013152448397,0.0,0.0
3339,hydro_reservoir,2030,35,54,54,,-0.04541013152448397,0.0,0.0
3340,hydro_reservoir,2030,35,55,55,,-0.04541013152448397,0.0,0.0
3341,hydro_reservoir,2030,35,56,56,,-0.04541013152448397,0.0,0.0
3342,hydro_reservoir,2030,35,57,57,,-0.04541013152448397,0.0,0.0
3343,hydro_reservoir,2030,35,58,58,,-0.04541013152448397,0.0,0.0
3344,hydro_reservoir,2030,35,59,59,,-0.04541013152448397,0.0,0.0
3345,hydro_reservoir,2030,35,60,60,,-0.04541013152448397,0.0,0.0
3346,hydro_reservoir,2030,35,61,61,,-0.04541013152448397,0.0,0.0
3347,hydro_reservoir,2030,35,62,62,,-0.04541013152448397,0.0,0.0
3348,hydro_reservoir,2030,35,63,63,,-0.04541013152448397,0.0,0.0
3349,hydro_reservoir,2030,35,64,64,,-0.04541013152448397,0.0,0.0
3350,hydro_reservoir,2030,35,65,65,,-0.04541013152448397,0.0,0.0
3351,hydro_reservoir,2030,35,66,66,,-0.04541013152448397,0.0,0.0
3352,hydro_reservoir,2030,35,67,67,,-0.04541013152448397,0.0,0.0
3353,hydro_reservoir,2030,35,68,68,,-0.04541013152448397,0.0,0.0
3354,hydro_reservoir,2030,35,69,69,,-0.04541013152448397,0.0,0.0
3355,hydro_reservoir,2030,35,70,70,,-0.04541013152448397,0.0,0.0
3356,hydro_reservoir,2030,35,71,71,,-0.04541013152448397,0.0,0.0
3357,hydro_reservoir,2030,35,72,72,,-0.04541013152448397,0.0,0.0
3358,hydro_reservoir,2030,35,73,73,,-0.04541013152448397,0.0,0.0
3359,hydro_reservoir,2030,35,74,74,,-0.04541013152448397,0.0,0.0
3360,hydro_reservoir,2030,35,75,75,,-0.04541013152448397,0.0,0.0
3361,hydro_reservoir,2030,35,76,76,,-0.04541013152448397,0.0,0.0
3362,hydro_reservoir,2030,35,77,77,,-0.04541013152448397,0.0,0.0
3363,hydro_reservoir,2030,35,78,78,,-0.04541013152448397,0.0,0.0
3364,hydro_reservoir,2030,35,79,79,,-0.04541013152448397,0.0,0.0
3365,hydro_reservoir,2030,35,80,80,,-0.04541013152448397,0.0,0.0
3366,hydro_reservoir,2030,35,81,81,,-0.04541013152448397,0.0,0.0
3367,hydro_reservoir,2030,35,82,82,,-0.04541013152448397,0.0,0.0
3368,hydro_reservoir,2030,35,83,83,,-0.04541013152448397,0.0,0.0
3369,hydro_reservoir,2030,35,84,84,,-0.04541013152448397,0.0,0.0
3370,hydro_reservoir,2030,35,85,85,,-0.04541013152448397,0.0,0.0
3371,hydro_reservoir,2030,35,86,86,,-0.04541013152448397,0.0,0.0
3372,hydro_reservoir,2030,35,87,87,,-0.04541013152448397,0.0,0.0
3373,hydro_reservoir,2030,35,88,88,,-0.04541013152448397,0.0,0.0
3374,hydro_reservoir,2030,35,89,89,,-0.04541013152448397,0.0,0.0
3375,hydro_reservoir,2030,35,90,90,,-0.04541013152448397,0.0,0.0
3376,hydro_reservoir,2030,35,91,91,,-0.04541013152448397,0.0,0.0
3377,hydro_reservoir,2030,35,92,92,,-0.04541013152448397,0.0,0.0
3378,hydro_reservoir,2030,35,93,93,,-0.04541013152448397,0.0,0.0
3379,hydro_reservoir,2030,35,94,94,,-0.04541013152448397,0.0,0.0
3380,hydro_reservoir,2030,35,95,95,,-0.04541013152448397,0.0,0.0
3381,hydro_reservoir,2030,35,96,96,,-0.04541013152448397,0.0,0.0
3382,hydro_reservoir,2030,35,97,97,,-0.04541013152448397,0.0,0.0
3383,hydro_reservoir,2030,35,98,98,,-0.04541013152448397,0.0,0.0
3384,hydro_reservoir,2030,35,99,99,,-0.04541013152448397,0.0,0.0
3385,hydro_reservoir,2030,35,100,100,,-0.04541013152448397,0.0,0.0
3386,hydro_reservoir,2030,35,101,101,,-0.04541013152448397,0.0,0.0
3387,hydro_reservoir,2030,35,102,102,,-0.04541013152448397,0.0,0.0
3388,hydro_reservoir,2030,35,103,103,,-0.04541013152448397,0.0,0.0
3389,hydro_reservoir,2030,35,104,104,,-0.04541013152448397,0.0,0.0
3390,hydro_reservoir,2030,35,105,105,,-0.04541013152448397,0.0,0.0
3391,hydro_reservoir,2030,35,106,106,,-0.04541013152448397,0.0,0.0
3392,hydro_reservoir,2030,35,107,107,,-0.04541013152448397,0.0,0.0
3393,hydro_reservoir,2030,35,108,108,,-0.04541013152448397,0.0,0.0
3394,hydro_reservoir,2030,35,109,109,,-0.04541013152448397,0.0,0.0
3395,hydro_reservoir,2030,35,110,110,,-0.04541013152448397,0.0,0.0
3396,hydro_reservoir,2030,35,111,111,,-0.04541013152448397,0.0,0.0
3397,hydro_reservoir,2030,35,112,112,,-0.04541013152448397,0.0,0.0
3398,hydro_reservoir,2030,35,113,113,,-0.04541013152448397,0.0,0.0
3399,hydro_reservoir,2030,35,114,114,,-0.04541013152448397,0.0,0.0
3400,hydro_reservoir,2030,35,115,115,,-0.04541013152448397,0.0,0.0
3401,hydro_reservoir,2030,35,116,116,,-0.04541013152448397,0.0,0.0
3402,hydro_reservoir,2030,35,117,117,,-0.04541013152448397,0.0,0.0
3403,hydro_reservoir,2030,35,118,118,,-0.04541013152448397,0.0,0.0
3404,hydro_reservoir,2030,35,119,119,,-0.04541013152448397,0.0,0.0
3405,hydro_reservoir,2030,35,120,120,,-0.04541013152448397,0.0,0.0
3406,hydro_reservoir,2030,35,121,121,,-0.04541013152448397,0.0,0.0
3407,hydro_reservoir,2030,35,122,122,,-0.04541013152448397,0.0,0.0
3408,hydro_reservoir,2030,35,123,123,,-0.04541013152448397,0.0,0.0
3409,hydro_reservoir,2030,35,124,124,,-0.04541013152448397,0.0,0.0
3410,hydro_reservoir,2030,35,125,125,,-0.04541013152448397,0.0,0.0
3411,hydro_reservoir,2030,35,126,126,,-0.04541013152448397,0.0,0.0
3412,hydro_reservoir,2030,35,127,127,,-0.04541013152448397,0.0,0.0
3413,hydro_reservoir,2030,35,128,128,,-0.04541013152448397,0.0,0.0
3414,hydro_reservoir,2030,35,129,129,,-0.04541013152448397,0.0,0.0
3415,hydro_reservoir,2030,35,130,130,,-0.04541013152448397,0.0,0.0
3416,hydro_reservoir,2030,35,131,131,,-0.04541013152448397,0.0,0.0
3417,hydro_reservoir,2030,35,132,132,,-0.04541013152448397,0.0,0.0
3418,hydro_reservoir,2030,35,133,133,,-0.04541013152448397,0.0,0.0
3419,hydro_reservoir,2030,35,134,134,,-0.04541013152448397,0.0,0.0
3420,hydro_reservoir,2030,35,135,135,,-0.04541013152448397,0.0,0.0
3421,hydro_reservoir,2030,35,136,136,,-0.04541013152448397,0.0,0.0
3422,hydro_reservoir,2030,35,137,137,,-0.04541013152448397,0.0,0.0
3423,hydro_reservoir,2030,35,138,138,,-0.04541013152448397,0.0,0.0
3424,hydro_reservoir,2030,35,139,139,,-0.04541013152448397,0.0,0.0
3425,hydro_reservoir,2030,35,140,140,,-0.04541013152448397,0.0,0.0
3426,hydro_reservoir,2030,35,141,141,,-0.04541013152448397,0.0,0.0
3427,hydro_reservoir,2030,35,142,142,,-0.04541013152448397,0.0,0.0
3428,hydro_reservoir,2030,35,143,143,,-0.04541013152448397,0.0,0.0
3429,hydro_reservoir,2030,35,144,144,,-0.04541013152448397,0.0,0.0
3430,hydro_reservoir,2030,35,145,145,,-0.04541013152448397,0.0,0.0
3431,hydro_reservoir,2030,35,146,146,,-0.04541013152448397,0.0,0.0
3432,hydro_reservoir,2030,35,147,147,,-0.04541013152448397,0.0,0.0
3433,hydro_reservoir,2030,35,148,148,,-0.04541013152448397,0.0,0.0
3434,hydro_reservoir,2030,35,149,149,,-0.04541013152448397,0.0,0.0
3435,hydro_reservoir,2030,35,150,150,,-0.04541013152448397,0.0,0.0
3436,hydro_reservoir,2030,35,151,151,,-0.04541013152448397,0.0,0.0
3437,hydro_reservoir,2030,35,152,152,,-0.04541013152448397,0.0,0.0
3438,hydro_reservoir,2030,35,153,153,,-0.04541013152448397,0.0,0.0
3439,hydro_reservoir,2030,35,154,154,,-0.04541013152448397,0.0,0.0
3440,hydro_reservoir,2030,35,155,155,,-0.04541013152448397,0.0,0.0
3441,hydro_reservoir,2030,35,156,156,,-0.04541013152448397,0.0,0.0
3442,hydro_reservoir,2030,35,157,157,,-0.04541013152448397,0.0,0.0
3443,hydro_reservoir,2030,35,158,158,,-0.04541013152448397,0.0,0.0
3444,hydro_reservoir,2030,35,159,159,,-0.04541013152448397,0.0,0.0
3445,hydro_reservoir,2030,35,160,160,,-0.04541013152448397,0.0,0.0
3446,hydro_reservoir,2030,35,161,161,,-0.04541013152448397,0.0,0.0
3447,hydro_reservoir,2030,35,162,162,,-0.04541013152448397,0.0,0.0
3448,hydro_reservoir,2030,35,163,163,,-0.04541013152448397,0.0,0.0
3449,hydro_reservoir,2030,35,164,164,,-0.04541013152448397,0.0,0.0
3450,hydro_reservoir,2030,35,165,165,,-0.04541013152448397,0.0,0.0
3451,hydro_reservoir,2030,35,166,166,,-0.04541013152448397,0.0,0.0
3452,hydro_reservoir,2030,35,167,167,,-0.04541013152448397,0.0,0.0
3453,hydro_reservoir,2030,35,168,168,,-0.04541013152448397,0.0,0.0
3454,hydro_reservoir,2030,35,169,169,,-0.04541013152448397,0.0,0.0
3455,hydro_reservoir,2030,35,170,170,,-0.04541013152448397,0.0,0.0
3456,hydro_reservoir,2030,35,171,171,,-0.04541013152448397,0.0,0.0
3457,hydro_reservoir,2030,35,172,172,,-0.04541013152448397,0.0,0.0
3458,hydro_reservoir,2030,35,173,173,,-0.04541013152448397,0.0,0.0
3459,hydro_reservoir,2030,35,174,174,,-0.04541013152448397,0.0,0.0
3460,hydro_reservoir,2030,35,175,175,,-0.04541013152448397,0.0,0.0
3461,hydro_reservoir,2030,35,176,176,,-0.04541013152448397,0.0,0.0
3462,hydro_reservoir,2030,35,177,177,,-0.04541013152448397,0.0,0.0
3463,hydro_reservoir,2030,35,178,178,,-0.04541013152448397,0.0,0.0
3464,hydro_reservoir,2030,35,179,179,,-0.04541013152448397,0.0,0.0
3465,hydro_reservoir,2030,35,180,180,,-0.04541013152448397,0.0,0.0
3466,hydro_reservoir,2030,35,181,181,,-0.04541013152448397,0.0,0.0
3467,hydro_reservoir,2030,35,182,182,,-0.04541013152448397,0.0,0.0
3468,hydro_reservoir,2030,35,183,183,,-0.04541013152448397,0.0,0.0
3469,hydro_reservoir,2030,35,184,184,,-0.04541013152448397,0.0,0.0
3470,hydro_reservoir,2030,35,185,185,,-0.04541013152448397,0.0,0.0
3471,hydro_reservoir,2030,35,186,186,,-0.04541013152448397,0.0,0.0
3472,hydro_reservoir,2030,35,187,187,,-0.04541013152448397,0.0,0.0
3473,hydro_reservoir,2030,35,188,188,,-0.04541013152448397,0.0,0.0
3474,hydro_reservoir,2030,35,189,189,,-0.04541013152448397,0.0,0.0
3475,hydro_reservoir,2030,35,190,190,,-0.04541013152448397,0.0,0.0
3476,hydro_reservoir,2030,35,191,191,,-0.04541013152448397,0.0,0.0
3477,hydro_reservoir,2030,35,192,192,,-0.04541013152448397,0.0,0.0
3478,hydro_reservoir,2030,35,193,193,,-0.04541013152448397,0.0,0.0
3479,hydro_reservoir,2030,35,194,194,,-0.04541013152448397,0.0,0.0
3480,hydro_reservoir,2030,35,195,195,,-0.04541013152448397,0.0,0.0
3481,hydro_reservoir,2030,35,196,196,,-0.04541013152448397,0.0,0.0
3482,hydro_reservoir,2030,35,197,197,,-0.04541013152448397,0.0,0.0
3483,hydro_reservoir,2030,35,198,198,,-0.04541013152448397,0.0,0.0
3484,hydro_reservoir,2030,35,199,199,,-0.04541013152448397,0.0,0.0
3485,hydro_reservoir,2030,35,200,200,,-0.04541013152448397,0.0,0.0
3486,hydro_reservoir,2030,35,201,201,,-0.04541013152448397,0.0,0.0
3487,hydro_reservoir,2030,35,202,202,,-0.04541013152448397,0.0,0.0
3488,hydro_reservoir,2030,35,203,203,,-0.04541013152448397,0.0,0.0
3489,hydro_reservoir,2030,35,204,204,,-0.04541013152448397,0.0,0.0
3490,hydro_reservoir,2030,35,205,205,,-0.04541013152448397,0.0,0.0
3491,hydro_reservoir,2030,35,206,206,,-0.04541013152448397,0.0,0.0
3492,hydro_reservoir,2030,35,207,207,,-0.04541013152448397,0.0,0.0
3493,hydro_reservoir,2030,35,208,208,,-0.04541013152448397,0.0,0.0
3494,hydro_reservoir,2030,35,209,209,,-0.04541013152448397,0.0,0.0
3495,hydro_reservoir,2030,35,210,210,,-0.04541013152448397,0.0,0.0
3496,hydro_reservoir,2030,35,211,211,,-0.04541013152448397,0.0,0.0
3497,hydro_reservoir,2030,35,212,212,,-0.04541013152448397,0.0,0.0
3498,hydro_reservoir,2030,35,213,213,,-0.04541013152448397,0.0,0.0
3499,hydro_reservoir,2030,35,214,214,,-0.04541013152448397,0.0,0.0
3500,hydro_reservoir,2030,35,215,215,,-0.04541013152448397,0.0,0.0
3501,hydro_reservoir,2030,35,216,216,,-0.04541013152448397,0.0,0.0
3502,hydro_reservoir,2030,35,217,217,,-0.04541013152448397,0.0,0.0
3503,hydro_reservoir,2030,35,218,218,,-0.04541013152448397,0.0,0.0
3504,hydro_reservoir,2030,35,219,219,,-0.04541013152448397,0.0,0.0
3505,hydro_reservoir,2030,35,220,220,,-0.04541013152448397,0.0,0.0
3506,hydro_reservoir,2030,35,221,221,,-0.04541013152448397,0.0,0.0
3507,hydro_reservoir,2030,35,222,222,,-0.04541013152448397,0.0,0.0
3508,hydro_reservoir,2030,35,223,223,,-0.04541013152448397,0.0,0.0
3509,hydro_reservoir,2030,35,224,224,,-0.04541013152448397,0.0,0.0
3510,hydro_reservoir,2030,35,225,225,,-0.04541013152448397,0.0,0.0
3511,hydro_reservoir,2030,35,226,226,,-0.04541013152448397,0.0,0.0
3512,hydro_reservoir,2030,35,227,227,,-0.04541013152448397,0.0,0.0
3513,hydro_reservoir,2030,35,228,228,,-0.04541013152448397,0.0,0.0
3514,hydro_reservoir,2030,35,229,229,,-0.04541013152448397,0.0,0.0
3515,hydro_reservoir,2030,35,230,230,,-0.04541013152448397,0.0,0.0
3516,hydro_reservoir,2030,35,231,231,,-0.04541013152448397,0.0,0.0
3517,hydro_reservoir,2030,35,232,232,,-0.04541013152448397,0.0,0.0
3518,hydro_reservoir,2030,35,233,233,,-0.04541013152448397,0.0,0.0
3519,hydro_reservoir,2030,35,234,234,,-0.04541013152448397,0.0,0.0
3520,hydro_reservoir,2030,35,235,235,,-0.04541013152448397,0.0,0.0
3521,hydro_reservoir,2030,35,236,236,,-0.04541013152448397,0.0,0.0
3522,hydro_reservoir,2030,35,237,237,,-0.04541013152448397,0.0,0.0
3523,hydro_reservoir,2030,35,238,238,,-0.04541013152448397,0.0,0.0
3524,hydro_reservoir,2030,35,239,239,,-0.04541013152448397,0.0,0.0
3525,hydro_reservoir,2030,35,240,240,,-0.04541013152448397,0.0,0.0
3526,hydro_reservoir,2030,35,241,241,,-0.04541013152448397,0.0,0.0
3527,hydro_reservoir,2030,35,242,242,,-0.04541013152448397,0.0,0.0
3528,hydro_reservoir,2030,35,243,243,,-0.04541013152448397,0.0,0.0
3529,hydro_reservoir,2030,35,244,244,,-0.04541013152448397,0.0,0.0
3530,hydro_reservoir,2030,35,245,245,,-0.04541013152448397,0.0,0.0
3531,hydro_reservoir,2030,35,246,246,,-0.04541013152448397,0.0,0.0
3532,hydro_reservoir,2030,35,247,247,,-0.04541013152448397,0.0,0.0
3533,hydro_reservoir,2030,35,248,248,,-0.04541013152448397,0.0,0.0
3534,hydro_reservoir,2030,35,249,249,,-0.04541013152448397,0.0,0.0
3535,hydro_reservoir,2030,35,250,250,,-0.04541013152448397,0.0,0.0
3536,hydro_reservoir,2030,35,251,251,,-0.04541013152448397,0.0,0.0
3537,hydro_reservoir,2030,35,252,252,,-0.04541013152448397,0.0,0.0
3538,hydro_reservoir,2030,35,253,253,,-0.04541013152448397,0.0,0.0
3539,hydro_reservoir,2030,35,254,254,,-0.04541013152448397,0.0,0.0
3540,hydro_reservoir,2030,35,255,255,,-0.04541013152448397,0.0,0.0
3541,hydro_reservoir,2030,35,256,256,,-0.04541013152448397,0.0,0.0
3542,hydro_reservoir,2030,35,257,257,,-0.04541013152448397,0.0,0.0
3543,hydro_reservoir,2030,35,258,258,,-0.04541013152448397,0.0,0.0
3544,hydro_reservoir,2030,35,259,259,,-0.04541013152448397,0.0,0.0
3545,hydro_reservoir,2030,35,260,260,,-0.04541013152448397,0.0,0.0
3546,hydro_reservoir,2030,35,261,261,,-0.04541013152448397,0.0,0.0
3547,hydro_reservoir,2030,35,262,262,,-0.04541013152448397,0.0,0.0
3548,hydro_reservoir,2030,35,263,263,,-0.04541013152448397,0.0,0.0
3549,hydro_reservoir,2030,35,264,264,,-0.04541013152448397,0.0,0.0
3550,hydro_reservoir,2030,35,265,265,,-0.04541013152448397,0.0,0.0
3551,hydro_reservoir,2030,35,266,266,,-0.04541013152448397,0.0,0.0
3552,hydro_reservoir,2030,35,267,267,,-0.04541013152448397,0.0,0.0
3553,hydro_reservoir,2030,35,268,268,,-0.04541013152448397,0.0,0.0
3554,hydro_reservoir,2030,35,269,269,,-0.04541013152448397,0.0,0.0
3555,hydro_reservoir,2030,35,270,270,,-0.04541013152448397,0.0,0.0
3556,hydro_reservoir,2030,35,271,271,,-0.04541013152448397,0.0,0.0
3557,hydro_reservoir,2030,35,272,272,,-0.04541013152448397,0.0,0.0
3558,hydro_reservoir,2030,35,273,273,,-0.04541013152448397,0.0,0.0
3559,hydro_reservoir,2030,35,274,274,,-0.04541013152448397,0.0,0.0
3560,hydro_reservoir,2030,35,275,275,,-0.04541013152448397,0.0,0.0
3561,hydro_reservoir,2030,35,276,276,,-0.04541013152448397,0.0,0.0
3562,hydro_reservoir,2030,35,277,277,,-0.04541013152448397,0.0,0.0
3563,hydro_reservoir,2030,35,278,278,,-0.04541013152448397,0.0,0.0
3564,hydro_reservoir,2030,35,279,279,,-0.04541013152448397,0.0,0.0
3565,hydro_reservoir,2030,35,280,280,,-0.04541013152448397,0.0,0.0
3566,hydro_reservoir,2030,35,281,281,,-0.04541013152448397,0.0,0.0
3567,hydro_reservoir,2030,35,282,282,,-0.04541013152448397,0.0,0.0
3568,hydro_reservoir,2030,35,283,283,,-0.04541013152448397,0.0,0.0
3569,hydro_reservoir,2030,35,284,284,,-0.04541013152448397,0.0,0.0
3570,hydro_reservoir,2030,35,285,285,,-0.04541013152448397,0.0,0.0
3571,hydro_reservoir,2030,35,286,286,,-0.04541013152448397,0.0,0.0
3572,hydro_reservoir,2030,35,287,287,,-0.04541013152448397,0.0,0.0
3573,hydro_reservoir,2030,35,288,288,,-0.04541013152448397,0.0,0.0
3574,hydro_reservoir,2030,35,289,289,,-0.04541013152448397,0.0,0.0
3575,hydro_reservoir,2030,35,290,290,,-0.04541013152448397,0.0,0.0
3576,hydro_reservoir,2030,35,291,291,,-0.04541013152448397,0.0,0.0
3577,hydro_reservoir,2030,35,292,292,,-0.04541013152448397,0.0,0.0
3578,hydro_reservoir,2030,35,293,293,,-0.04541013152448397,0.0,0.0
3579,hydro_reservoir,2030,35,294,294,,-0.04541013152448397,0.0,0.0
3580,hydro_reservoir,2030,35,295,295,,-0.04541013152448397,0.0,0.0
3581,hydro_reservoir,2030,35,296,296,,-0.04541013152448397,0.0,0.0
3582,hydro_reservoir,2030,35,297,297,,-0.04541013152448397,0.0,0.0
3583,hydro_reservoir,2030,35,298,298,,-0.04541013152448397,0.0,0.0
3584,hydro_reservoir,2030,35,299,299,,-0.04541013152448397,0.0,0.0
3585,hydro_reservoir,2030,35,300,300,,-0.04541013152448397,0.0,0.0
3586,hydro_reservoir,2030,35,301,301,,-0.04541013152448397,0.0,0.0
3587,hydro_reservoir,2030,35,302,302,,-0.04541013152448397,0.0,0.0
3588,hydro_reservoir,2030,35,303,303,,-0.04541013152448397,0.0,0.0
3589,hydro_reservoir,2030,35,304,304,,-0.04541013152448397,0.0,0.0
3590,hydro_reservoir,2030,35,305,305,,-0.04541013152448397,0.0,0.0
3591,hydro_reservoir,2030,35,306,306,,-0.04541013152448397,0.0,0.0
3592,hydro_reservoir,2030,35,307,307,,-0.04541013152448397,0.0,0.0
3593,hydro_reservoir,2030,35,308,308,,-0.04541013152448397,0.0,0.0
3594,hydro_reservoir,2030,35,309,309,,-0.04541013152448397,0.0,0.0
3595,hydro_reservoir,2030,35,310,310,,-0.04541013152448397,0.0,0.0
3596,hydro_reservoir,2030,35,311,311,,-0.04541013152448397,0.0,0.0
3597,hydro_reservoir,2030,35,312,312,,-0.04541013152448397,0.0,0.0
3598,hydro_reservoir,2030,35,313,313,,-0.04541013152448397,0.0,0.0
3599,hydro_reservoir,2030,35,314,314,,-0.04541013152448397,0.0,0.0
3600,hydro_reservoir,2030,35,315,315,,-0.04541013152448397,0.0,0.0
3601,hydro_reservoir,2030,35,316,316,,-0.04541013152448397,0.0,0.0
3602,hydro_reservoir,2030,35,317,317,,-0.04541013152448397,0.0,0.0
3603,hydro_reservoir,2030,35,318,318,,-0.04541013152448397,0.0,0.0
3604,hydro_reservoir,2030,35,319,319,,-0.04541013152448397,0.0,0.0
3605,hydro_reservoir,2030,35,320,320,,-0.04541013152448397,0.0,0.0
3606,hydro_reservoir,2030,35,321,321,,-0.04541013152448397,0.0,0.0
3607,hydro_reservoir,2030,35,322,322,,-0.04541013152448397,0.0,0.0
3608,hydro_reservoir,2030,35,323,323,,-0.04541013152448397,0.0,0.0
3609,hydro_reservoir,2030,35,324,324,,-0.04541013152448397,0.0,0.0
3610,hydro_reservoir,2030,35,325,325,,-0.04541013152448397,0.0,0.0
3611,hydro_reservoir,2030,35,326,326,,-0.04541013152448397,0.0,0.0
3612,hydro_reservoir,2030,35,327,327,,-0.04541013152448397,0.0,0.0
3613,hydro_reservoir,2030,35,328,328,,-0.04541013152448397,0.0,0.0
3614,hydro_reservoir,2030,35,329,329,,-0.04541013152448397,0.0,0.0
3615,hydro_reservoir,2030,35,330,330,,-0.04541013152448397,0.0,0.0
3616,hydro_reservoir,2030,35,331,331,,-0.04541013152448397,0.0,0.0
3617,hydro_reservoir,2030,35,332,332,,-0.04541013152448397,0.0,0.0
3618,hydro_reservoir,2030,35,333,333,,-0.04541013152448397,0.0,0.0
3619,hydro_reservoir,2030,35,334,334,,-0.04541013152448397,0.0,0.0
3620,hydro_reservoir,2030,35,335,335,,-0.04541013152448397,0.0,0.0
3621,hydro_reservoir,2030,35,336,336,,-0.04541013152448397,0.0,0.0
3622,hydro_reservoir,2030,35,337,337,,-0.04541013152448397,0.0,0.0
3623,hydro_reservoir,2030,35,338,338,,-0.04541013152448397,0.0,0.0
3624,hydro_reservoir,2030,35,339,339,,-0.04541013152448397,0.0,0.0
3625,hydro_reservoir,2030,35,340,340,,-0.04541013152448397,0.0,0.0
3626,hydro_reservoir,2030,35,341,341,,-0.04541013152448397,0.0,0.0
3627,hydro_reservoir,2030,35,342,342,,-0.04541013152448397,0.0,0.0
3628,hydro_reservoir,2030,35,343,343,,-0.04541013152448397,0.0,0.0
3629,hydro_reservoir,2030,35,344,344,,-0.04541013152448397,0.0,0.0
3630,hydro_reservoir,2030,35,345,345,,-0.04541013152448397,0.0,0.0
3631,hydro_reservoir,2030,35,346,346,,-0.04541013152448397,0.0,0.0
3632,hydro_reservoir,2030,35,347,347,,-0.04541013152448397,0.0,0.0
3633,hydro_reservoir,2030,35,348,348,,-0.04541013152448397,0.0,0.0
3634,hydro_reservoir,2030,35,349,349,,-0.04541013152448397,0.0,0.0
3635,hydro_reservoir,2030,35,350,350,,-0.04541013152448397,0.0,0.0
3636,hydro_reservoir,2030,35,351,351,,-0.04541013152448397,0.0,0.0
3637,hydro_reservoir,2030,35,352,352,,-0.04541013152448397,0.0,0.0
3638,hydro_reservoir,2030,35,353,353,,-0.04541013152448397,0.0,0.0
3639,hydro_reservoir,2030,35,354,354,,-0.04541013152448397,0.0,0.0
3640,hydro_reservoir,2030,35,355,355,,-0.04541013152448397,0.0,0.0
3641,hydro_reservoir,2030,35,356,356,,-0.04541013152448397,0.0,0.0
3642,hydro_reservoir,2030,35,357,357,,-0.04541013152448397,0.0,0.0
3643,hydro_reservoir,2030,35,358,358,,-0.04541013152448397,0.0,0.0
3644,hydro_reservoir,2030,35,359,359,,-0.04541013152448397,0.0,0.0
3645,hydro_reservoir,2030,35,360,360,,-0.04541013152448397,0.0,0.0
3646,hydro_reservoir,2030,35,361,361,,-0.04541013152448397,0.0,0.0
3647,hydro_reservoir,2030,35,362,362,,-0.04541013152448397,0.0,0.0
3648,hydro_reservoir,2030,35,363,363,,-0.04541013152448397,0.0,0.0
3649,hydro_reservoir,2030,35,364,364,,-0.04541013152448397,0.0,0.0
3650,hydro_reservoir,2030,35,365,365,,-0.04541013152448397,0.0,0.0
3651,hydro_reservoir,2030,38,1,1,,-0.0019000000000000015,0.0,0.0
3652,hydro_reservoir,2030,38,2,2,,-0.0019000000000000015,0.0,0.0
3653,hydro_reservoir,2030,38,3,3,,-0.0019000000000000015,0.0,0.0
3654,hydro_reservoir,2030,38,4,4,,-0.0019000000000000015,0.0,0.0
3655,hydro_reservoir,2030,38,5,5,,-0.0019000000000000015,0.0,0.0
3656,hydro_reservoir,2030,38,6,6,,-0.0019000000000000015,0.0,0.0
3657,hydro_reservoir,2030,38,7,7,,-0.0019000000000000015,0.0,0.0
3658,hydro_reservoir,2030,38,8,8,,-0.0019000000000000015,0.0,0.0
3659,hydro_reservoir,2030,38,9,9,,-0.0019000000000000015,0.0,0.0
3660,hydro_reservoir,2030,38,10,10,,-0.0019000000000000015,0.0,0.0
3661,hydro_reservoir,2030,38,11,11,,-0.0019000000000000015,0.0,0.0
3662,hydro_reservoir,2030,38,12,12,,-0.0019000000000000015,0.0,0.0
3663,hydro_reservoir,2030,38,13,13,,-0.0019000000000000015,0.0,0.0
3664,hydro_reservoir,2030,38,14,14,,-0.0019000000000000015,0.0,0.0
3665,hydro_reservoir,2030,38,15,15,,-0.0019000000000000015,0.0,0.0
3666,hydro_reservoir,2030,38,16,16,,-0.0019000000000000015,0.0,0.0
3667,hydro_reservoir,2030,38,17,17,,-0.0019000000000000015,0.0,0.0
3668,hydro_reservoir,2030,38,18,18,,-0.0019000000000000015,0.0,0.0
3669,hydro_reservoir,2030,38,19,19,,-0.0019000000000000015,0.0,0.0
3670,hydro_reservoir,2030,38,20,20,,-0.0019000000000000015,0.0,0.0
3671,hydro_reservoir,2030,38,21,21,,-0.0019000000000000015,0.0,0.0
3672,hydro_reservoir,2030,38,22,22,,-0.0019000000000000015,0.0,0.0
3673,hydro_reservoir,2030,38,23,23,,-0.0019000000000000015,0.0,0.0
3674,hydro_reservoir,2030,38,24,24,,-0.0019000000000000015,0.0,0.0
3675,hydro_reservoir,2030,38,25,25,,-0.0019000000000000015,0.0,0.0
3676,hydro_reservoir,2030,38,26,26,,-0.0019000000000000015,0.0,0.0
3677,hydro_reservoir,2030,38,27,27,,-0.0019000000000000015,0.0,0.0
3678,hydro_reservoir,2030,38,28,28,,-0.0019000000000000015,0.0,0.0
3679,hydro_reservoir,2030,38,29,29,,-0.0019000000000000015,0.0,0.0
3680,hydro_reservoir,2030,38,30,30,,-0.0019000000000000015,0.0,0.0
3681,hydro_reservoir,2030,38,31,31,,-0.0019000000000000015,0.0,0.0
3682,hydro_reservoir,2030,38,32,32,,-0.0019000000000000015,0.0,0.0
3683,hydro_reservoir,2030,38,33,33,,-0.0019000000000000015,0.0,0.0
3684,hydro_reservoir,2030,38,34,34,,-0.0019000000000000015,0.0,0.0
3685,hydro_reservoir,2030,38,35,35,,-0.0019000000000000015,0.0,0.0
3686,hydro_reservoir,2030,38,36,36,,-0.0019000000000000015,0.0,0.0
3687,hydro_reservoir,2030,38,37,37,,-0.0019000000000000015,0.0,0.0
3688,hydro_reservoir,2030,38,38,38,,-0.0019000000000000015,0.0,0.0
3689,hydro_reservoir,2030,38,39,39,,-0.0019000000000000015,0.0,0.0
3690,hydro_reservoir,2030,38,40,40,,-0.0019000000000000015,0.0,0.0
3691,hydro_reservoir,2030,38,41,41,,-0.0019000000000000015,0.0,0.0
3692,hydro_reservoir,2030,38,42,42,,-0.0019000000000000015,0.0,0.0
3693,hydro_reservoir,2030,38,43,43,,-0.0019000000000000015,0.0,0.0
3694,hydro_reservoir,2030,38,44,44,,-0.0019000000000000015,0.0,0.0
3695,hydro_reservoir,2030,38,45,45,,-0.0019000000000000015,0.0,0.0
3696,hydro_reservoir,2030,38,46,46,,-0.0019000000000000015,0.0,0.0
3697,hydro_reservoir,2030,38,47,47,,-0.0019000000000000015,0.0,0.0
3698,hydro_reservoir,2030,38,48,48,,-0.0019000000000000015,0.0,0.0
3699,hydro_reservoir,2030,38,49,49,,-0.0019000000000000015,0.0,0.0
3700,hydro_reservoir,2030,38,50,50,,-0.0019000000000000015,0.0,0.0
3701,hydro_reservoir,2030,38,51,51,,-0.0019000000000000015,0.0,0.0
3702,hydro_reservoir,2030,38,52,52,,-0.0019000000000000015,0.0,0.0
3703,hydro_reservoir,2030,38,53,53,,-0.0019000000000000015,0.0,0.0
3704,hydro_reservoir,2030,38,54,54,,-0.0019000000000000015,0.0,0.0
3705,hydro_reservoir,2030,38,55,55,,-0.0019000000000000015,0.0,0.0
3706,hydro_reservoir,2030,38,56,56,,-0.0019000000000000015,0.0,0.0
3707,hydro_reservoir,2030,38,57,57,,-0.0019000000000000015,0.0,0.0
3708,hydro_reservoir,2030,38,58,58,,-0.0019000000000000015,0.0,0.0
3709,hydro_reservoir,2030,38,59,59,,-0.0019000000000000015,0.0,0.0
3710,hydro_reservoir,2030,38,60,60,,-0.0019000000000000015,0.0,0.0
3711,hydro_reservoir,2030,38,61,61,,-0.0019000000000000015,0.0,0.0
3712,hydro_reservoir,2030,38,62,62,,-0.0019000000000000015,0.0,0.0
3713,hydro_reservoir,2030,38,63,63,,-0.0019000000000000015,0.0,0.0
3714,hydro_reservoir,2030,38,64,64,,-0.0019000000000000015,0.0,0.0
3715,hydro_reservoir,2030,38,65,65,,-0.0019000000000000015,0.0,0.0
3716,hydro_reservoir,2030,38,66,66,,-0.0019000000000000015,0.0,0.0
3717,hydro_reservoir,2030,38,67,67,,-0.0019000000000000015,0.0,0.0
3718,hydro_reservoir,2030,38,68,68,,-0.0019000000000000015,0.0,0.0
3719,hydro_reservoir,2030,38,69,69,,-0.0019000000000000015,0.0,0.0
3720,hydro_reservoir,2030,38,70,70,,-0.0019000000000000015,0.0,0.0
3721,hydro_reservoir,2030,38,71,71,,-0.0019000000000000015,0.0,0.0
3722,hydro_reservoir,2030,38,72,72,,-0.0019000000000000015,0.0,0.0
3723,hydro_reservoir,2030,38,73,73,,-0.0019000000000000015,0.0,0.0
3724,hydro_reservoir,2030,38,74,74,,-0.0019000000000000015,0.0,0.0
3725,hydro_reservoir,2030,38,75,75,,-0.0019000000000000015,0.0,0.0
3726,hydro_reservoir,2030,38,76,76,,-0.0019000000000000015,0.0,0.0
3727,hydro_reservoir,2030,38,77,77,,-0.0019000000000000015,0.0,0.0
3728,hydro_reservoir,2030,38,78,78,,-0.0019000000000000015,0.0,0.0
3729,hydro_reservoir,2030,38,79,79,,-0.0019000000000000015,0.0,0.0
3730,hydro_reservoir,2030,38,80,80,,-0.0019000000000000015,0.0,0.0
3731,hydro_reservoir,2030,38,81,81,,-0.0019000000000000015,0.0,0.0
3732,hydro_reservoir,2030,38,82,82,,-0.0019000000000000015,0.0,0.0
3733,hydro_reservoir,2030,38,83,83,,-0.0019000000000000015,0.0,0.0
3734,hydro_reservoir,2030,38,84,84,,-0.0019000000000000015,0.0,0.0
3735,hydro_reservoir,2030,38,85,85,,-0.0019000000000000015,0.0,0.0
3736,hydro_reservoir,2030,38,86,86,,-0.0019000000000000015,0.0,0.0
3737,hydro_reservoir,2030,38,87,87,,-0.0019000000000000015,0.0,0.0
3738,hydro_reservoir,2030,38,88,88,,-0.0019000000000000015,0.0,0.0
3739,hydro_reservoir,2030,38,89,89,,-0.0019000000000000015,0.0,0.0
3740,hydro_reservoir,2030,38,90,90,,-0.0019000000000000015,0.0,0.0
3741,hydro_reservoir,2030,38,91,91,,-0.0019000000000000015,0.0,0.0
3742,hydro_reservoir,2030,38,92,92,,-0.0019000000000000015,0.0,0.0
3743,hydro_reservoir,2030,38,93,93,,-0.0019000000000000015,0.0,0.0
3744,hydro_reservoir,2030,38,94,94,,-0.0019000000000000015,0.0,0.0
3745,hydro_reservoir,2030,38,95,95,,-0.0019000000000000015,0.0,0.0
3746,hydro_reservoir,2030,38,96,96,,-0.0019000000000000015,0.0,0.0
3747,hydro_reservoir,2030,38,97,97,,-0.0019000000000000015,0.0,0.0
3748,hydro_reservoir,2030,38,98,98,,-0.0019000000000000015,0.0,0.0
3749,hydro_reservoir,2030,38,99,99,,-0.0019000000000000015,0.0,0.0
3750,hydro_reservoir,2030,38,100,100,,-0.0019000000000000015,0.0,0.0
3751,hydro_reservoir,2030,38,101,101,,-0.0019000000000000015,0.0,0.0
3752,hydro_reservoir,2030,38,102,102,,-0.0019000000000000015,0.0,0.0
3753,hydro_reservoir,2030,38,103,103,,-0.0019000000000000015,0.0,0.0
3754,hydro_reservoir,2030,38,104,104,,-0.0019000000000000015,0.0,0.0
3755,hydro_reservoir,2030,38,105,105,,-0.0019000000000000015,0.0,0.0
3756,hydro_reservoir,2030,38,106,106,,-0.0019000000000000015,0.0,0.0
3757,hydro_reservoir,2030,38,107,107,,-0.0019000000000000015,0.0,0.0
3758,hydro_reservoir,2030,38,108,108,,-0.0019000000000000015,0.0,0.0
3759,hydro_reservoir,2030,38,109,109,,-0.0019000000000000015,0.0,0.0
3760,hydro_reservoir,2030,38,110,110,,-0.0019000000000000015,0.0,0.0
3761,hydro_reservoir,2030,38,111,111,,-0.0019000000000000015,0.0,0.0
3762,hydro_reservoir,2030,38,112,112,,-0.0019000000000000015,0.0,0.0
3763,hydro_reservoir,2030,38,113,113,,-0.0019000000000000015,0.0,0.0
3764,hydro_reservoir,2030,38,114,114,,-0.0019000000000000015,0.0,0.0
3765,hydro_reservoir,2030,38,115,115,,-0.0019000000000000015,0.0,0.0
3766,hydro_reservoir,2030,38,116,116,,-0.0019000000000000015,0.0,0.0
3767,hydro_reservoir,2030,38,117,117,,-0.0019000000000000015,0.0,0.0
3768,hydro_reservoir,2030,38,118,118,,-0.0019000000000000015,0.0,0.0
3769,hydro_reservoir,2030,38,119,119,,-0.0019000000000000015,0.0,0.0
3770,hydro_reservoir,2030,38,120,120,,-0.0019000000000000015,0.0,0.0
3771,hydro_reservoir,2030,38,121,121,,-0.0019000000000000015,0.0,0.0
3772,hydro_reservoir,2030,38,122,122,,-0.0019000000000000015,0.0,0.0
3773,hydro_reservoir,2030,38,123,123,,-0.0019000000000000015,0.0,0.0
3774,hydro_reservoir,2030,38,124,124,,-0.0019000000000000015,0.0,0.0
3775,hydro_reservoir,2030,38,125,125,,-0.0019000000000000015,0.0,0.0
3776,hydro_reservoir,2030,38,126,126,,-0.0019000000000000015,0.0,0.0
3777,hydro_reservoir,2030,38,127,127,,-0.0019000000000000015,0.0,0.0
3778,hydro_reservoir,2030,38,128,128,,-0.0019000000000000015,0.0,0.0
3779,hydro_reservoir,2030,38,129,129,,-0.0019000000000000015,0.0,0.0
3780,hydro_reservoir,2030,38,130,130,,-0.0019000000000000015,0.0,0.0
3781,hydro_reservoir,2030,38,131,131,,-0.0019000000000000015,0.0,0.0
3782,hydro_reservoir,2030,38,132,132,,-0.0019000000000000015,0.0,0.0
3783,hydro_reservoir,2030,38,133,133,,-0.0019000000000000015,0.0,0.0
3784,hydro_reservoir,2030,38,134,134,,-0.0019000000000000015,0.0,0.0
3785,hydro_reservoir,2030,38,135,135,,-0.0019000000000000015,0.0,0.0
3786,hydro_reservoir,2030,38,136,136,,-0.0019000000000000015,0.0,0.0
3787,hydro_reservoir,2030,38,137,137,,-0.0019000000000000015,0.0,0.0
3788,hydro_reservoir,2030,38,138,138,,-0.0019000000000000015,0.0,0.0
3789,hydro_reservoir,2030,38,139,139,,-0.0019000000000000015,0.0,0.0
3790,hydro_reservoir,2030,38,140,140,,-0.0019000000000000015,0.0,0.0
3791,hydro_reservoir,2030,38,141,141,,-0.0019000000000000015,0.0,0.0
3792,hydro_reservoir,2030,38,142,142,,-0.0019000000000000015,0.0,0.0
3793,hydro_reservoir,2030,38,143,143,,-0.0019000000000000015,0.0,0.0
3794,hydro_reservoir,2030,38,144,144,,-0.0019000000000000015,0.0,0.0
3795,hydro_reservoir,2030,38,145,145,,-0.0019000000000000015,0.0,0.0
3796,hydro_reservoir,2030,38,146,146,,-0.0019000000000000015,0.0,0.0
3797,hydro_reservoir,2030,38,147,147,,-0.0019000000000000015,0.0,0.0
3798,hydro_reservoir,2030,38,148,148,,-0.0019000000000000015,0.0,0.0
3799,hydro_reservoir,2030,38,149,149,,-0.0019000000000000015,0.0,0.0
3800,hydro_reservoir,2030,38,150,150,,-0.0019000000000000015,0.0,0.0
3801,hydro_reservoir,2030,38,151,151,,-0.0019000000000000015,0.0,0.0
3802,hydro_reservoir,2030,38,152,152,,-0.0019000000000000015,0.0,0.0
3803,hydro_reservoir,2030,38,153,153,,-0.0019000000000000015,0.0,0.0
3804,hydro_reservoir,2030,38,154,154,,-0.0019000000000000015,0.0,0.0
3805,hydro_reservoir,2030,38,155,155,,-0.0019000000000000015,0.0,0.0
3806,hydro_reservoir,2030,38,156,156,,-0.0019000000000000015,0.0,0.0
3807,hydro_reservoir,2030,38,157,157,,-0.0019000000000000015,0.0,0.0
3808,hydro_reservoir,2030,38,158,158,,-0.0019000000000000015,0.0,0.0
3809,hydro_reservoir,2030,38,159,159,,-0.0019000000000000015,0.0,0.0
3810,hydro_reservoir,2030,38,160,160,,-0.0019000000000000015,0.0,0.0
3811,hydro_reservoir,2030,38,161,161,,-0.0019000000000000015,0.0,0.0
3812,hydro_reservoir,2030,38,162,162,,-0.0019000000000000015,0.0,0.0
3813,hydro_reservoir,2030,38,163,163,,-0.0019000000000000015,0.0,0.0
3814,hydro_reservoir,2030,38,164,164,,-0.0019000000000000015,0.0,0.0
3815,hydro_reservoir,2030,38,165,165,,-0.0019000000000000015,0.0,0.0
3816,hydro_reservoir,2030,38,166,166,,-0.0019000000000000015,0.0,0.0
3817,hydro_reservoir,2030,38,167,167,,-0.0019000000000000015,0.0,0.0
3818,hydro_reservoir,2030,38,168,168,,-0.0019000000000000015,0.0,0.0
3819,hydro_reservoir,2030,38,169,169,,-0.0019000000000000015,0.0,0.0
3820,hydro_reservoir,2030,38,170,170,,-0.0019000000000000015,0.0,0.0
3821,hydro_reservoir,2030,38,171,171,,-0.0019000000000000015,0.0,0.0
3822,hydro_reservoir,2030,38,172,172,,-0.0019000000000000015,0.0,0.0
3823,hydro_reservoir,2030,38,173,173,,-0.0019000000000000015,0.0,0.0
3824,hydro_reservoir,2030,38,174,174,,-0.0019000000000000015,0.0,0.0
3825,hydro_reservoir,2030,38,175,175,,-0.0019000000000000015,0.0,0.0
3826,hydro_reservoir,2030,38,176,176,,-0.0019000000000000017,0.0,0.0
3827,hydro_reservoir,2030,38,177,177,,-0.0019000000000000017,0.0,0.0
3828,hydro_reservoir,2030,38,178,178,,-0.0019000000000000017,0.0,0.0
3829,hydro_reservoir,2030,38,179,179,,-0.0019000000000000017,0.0,0.0
3830,hydro_reservoir,2030,38,180,180,,-0.0019000000000000017,0.0,0.0
3831,hydro_reservoir,2030,38,181,181,,-0.0019000000000000017,0.0,0.0
3832,hydro_reservoir,2030,38,182,182,,-0.0019000000000000017,0.0,0.0
3833,hydro_reservoir,2030,38,183,183,,-0.0019000000000000017,0.0,0.0
3834,hydro_reservoir,2030,38,184,184,,-0.0019000000000000017,0.0,0.0
3835,hydro_reservoir,2030,38,185,185,,-0.0019000000000000017,0.0,0.0
3836,hydro_reservoir,2030,38,186,186,,-0.0019000000000000017,0.0,0.0
3837,hydro_reservoir,2030,38,187,187,,-0.0019000000000000017,0.0,0.0
3838,hydro_reservoir,2030,38,188,188,,-0.0019000000000000017,0.0,0.0
3839,hydro_reservoir,2030,38,189,189,,-0.0019000000000000017,0.0,0.0
3840,hydro_reservoir,2030,38,190,190,,-0.0019000000000000017,0.0,0.0
3841,hydro_reservoir,2030,38,191,191,,-0.0019000000000000017,0.0,0.0
3842,hydro_reservoir,2030,38,192,192,,-0.0019000000000000017,0.0,0.0
3843,hydro_reservoir,2030,38,193,193,,-0.0019000000000000017,0.0,0.0
3844,hydro_reservoir,2030,38,194,194,,-0.0019000000000000017,0.0,0.0
3845,hydro_reservoir,2030,38,195,195,,-0.0019000000000000017,0.0,0.0
3846,hydro_reservoir,2030,38,196,196,,-0.0019000000000000017,0.0,0.0
3847,hydro_reservoir,2030,38,197,197,,-0.0019000000000000017,0.0,0.0
3848,hydro_reservoir,2030,38,198,198,,-0.0019000000000000017,0.0,0.0
3849,hydro_reservoir,2030,38,199,199,,-0.0019000000000000017,0.0,0.0
3850,hydro_reservoir,2030,38,200,200,,-0.0019000000000000017,0.0,0.0
3851,hydro_reservoir,2030,38,201,201,,-0.0019000000000000017,0.0,0.0
3852,hydro_reservoir,2030,38,202,202,,-0.0019000000000000017,0.0,0.0
3853,hydro_reservoir,2030,38,203,203,,-0.0019000000000000017,0.0,0.0
3854,hydro_reservoir,2030,38,204,204,,-0.0019000000000000017,0.0,0.0
3855,hydro_reservoir,2030,38,205,205,,-0.0019000000000000017,0.0,0.0
3856,hydro_reservoir,2030,38,206,206,,-0.0019000000000000017,0.0,0.0
3857,hydro_reservoir,2030,38,207,207,,-0.0019000000000000017,0.0,0.0
3858,hydro_reservoir,2030,38,208,208,,-0.0019000000000000017,0.0,0.0
3859,hydro_reservoir,2030,38,209,209,,-0.0019000000000000017,0.0,0.0
3860,hydro_reservoir,2030,38,210,210,,-0.0019000000000000017,0.0,0.0
3861,hydro_reservoir,2030,38,211,211,,-0.0019000000000000017,0.0,0.0
3862,hydro_reservoir,2030,38,212,212,,-0.0019000000000000017,0.0,0.0
3863,hydro_reservoir,2030,38,213,213,,-0.0019000000000000017,0.0,0.0
3864,hydro_reservoir,2030,38,214,214,,-0.0019000000000000017,0.0,0.0
3865,hydro_reservoir,2030,38,215,215,,-0.0019000000000000017,0.0,0.0
3866,hydro_reservoir,2030,38,216,216,,-0.0019000000000000017,0.0,0.0
3867,hydro_reservoir,2030,38,217,217,,-0.0019000000000000017,0.0,0.0
3868,hydro_reservoir,2030,38,218,218,,-0.0019000000000000017,0.0,0.0
3869,hydro_reservoir,2030,38,219,219,,-0.0019000000000000017,0.0,0.0
3870,hydro_reservoir,2030,38,220,220,,-0.0019000000000000017,0.0,0.0
3871,hydro_reservoir,2030,38,221,221,,-0.0019000000000000017,0.0,0.0
3872,hydro_reservoir,2030,38,222,222,,-0.0019000000000000017,0.0,0.0
3873,hydro_reservoir,2030,38,223,223,,-0.0019000000000000017,0.0,0.0
3874,hydro_reservoir,2030,38,224,224,,-0.0019000000000000017,0.0,0.0
3875,hydro_reservoir,2030,38,225,225,,-0.0019000000000000017,0.0,0.0
3876,hydro_reservoir,2030,38,226,226,,-0.0019000000000000017,0.0,0.0
3877,hydro_reservoir,2030,38,227,227,,-0.0019000000000000017,0.0,0.0
3878,hydro_reservoir,2030,38,228,228,,-0.0019000000000000017,0.0,0.0
3879,hydro_reservoir,2030,38,229,229,,-0.0019000000000000017,0.0,0.0
3880,hydro_reservoir,2030,38,230,230,,-0.0019000000000000017,0.0,0.0
3881,hydro_reservoir,2030,38,231,231,,-0.0019000000000000017,0.0,0.0
3882,hydro_reservoir,2030,38,232,232,,-0.0019000000000000017,0.0,0.0
3883,hydro_reservoir,2030,38,233,233,,-0.0019000000000000017,0.0,0.0
3884,hydro_reservoir,2030,38,234,234,,-0.0019000000000000017,0.0,0.0
3885,hydro_reservoir,2030,38,235,235,,-0.0019000000000000017,0.0,0.0
3886,hydro_reservoir,2030,38,236,236,,-0.0019000000000000017,0.0,0.0
3887,hydro_reservoir,2030,38,237,237,,-0.0019000000000000017,0.0,0.0
3888,hydro_reservoir,2030,38,238,238,,-0.0019000000000000017,0.0,0.0
3889,hydro_reservoir,2030,38,239,239,,-0.0019000000000000017,0.0,0.0
3890,hydro_reservoir,2030,38,240,240,,-0.0019000000000000017,0.0,0.0
3891,hydro_reservoir,2030,38,241,241,,-0.0019000000000000017,0.0,0.0
3892,hydro_reservoir,2030,38,242,242,,-0.0019000000000000017,0.0,0.0
3893,hydro_reservoir,2030,38,243,243,,-0.0019000000000000017,0.0,0.0
3894,hydro_reservoir,2030,38,244,244,,-0.0019000000000000017,0.0,0.0
3895,hydro_reservoir,2030,38,245,245,,-0.0019000000000000017,0.0,0.0
3896,hydro_reservoir,2030,38,246,246,,-0.0019000000000000017,0.0,0.0
3897,hydro_reservoir,2030,38,247,247,,-0.0019000000000000017,0.0,0.0
3898,hydro_reservoir,2030,38,248,248,,-0.0019000000000000017,0.0,0.0
3899,hydro_reservoir,2030,38,249,249,,-0.0019000000000000017,0.0,0.0
3900,hydro_reservoir,2030,38,250,250,,-0.0019000000000000017,0.0,0.0
3901,hydro_reservoir,2030,38,251,251,,-0.0019000000000000017,0.0,0.0
3902,hydro_reservoir,2030,38,252,252,,-0.0019000000000000017,0.0,0.0
3903,hydro_reservoir,2030,38,253,253,,-0.0019000000000000017,0.0,0.0
3904,hydro_reservoir,2030,38,254,254,,-0.0019000000000000017,0.0,0.0
3905,hydro_reservoir,2030,38,255,255,,-0.0019000000000000017,0.0,0.0
3906,hydro_reservoir,2030,38,256,256,,-0.0019000000000000017,0.0,0.0
3907,hydro_reservoir,2030,38,257,257,,-0.0019000000000000017,0.0,0.0
3908,hydro_reservoir,2030,38,258,258,,-0.0019000000000000017,0.0,0.0
3909,hydro_reservoir,2030,38,259,259,,-0.0019000000000000017,0.0,0.0
3910,hydro_reservoir,2030,38,260,260,,-0.0019000000000000017,0.0,0.0
3911,hydro_reservoir,2030,38,261,261,,-0.0019000000000000017,0.0,0.0
3912,hydro_reservoir,2030,38,262,262,,-0.0019000000000000017,0.0,0.0
3913,hydro_reservoir,2030,38,263,263,,-0.0019000000000000017,0.0,0.0
3914,hydro_reservoir,2030,38,264,264,,-0.0019000000000000017,0.0,0.0
3915,hydro_reservoir,2030,38,265,265,,-0.0019000000000000017,0.0,0.0
3916,hydro_reservoir,2030,38,266,266,,-0.0019000000000000017,0.0,0.0
3917,hydro_reservoir,2030,38,267,267,,-0.0019000000000000017,0.0,0.0
3918,hydro_reservoir,2030,38,268,268,,-0.0019000000000000017,0.0,0.0
3919,hydro_reservoir,2030,38,269,269,,-0.0019000000000000017,0.0,0.0
3920,hydro_reservoir,2030,38,270,270,,-0.0019000000000000017,0.0,0.0
3921,hydro_reservoir,2030,38,271,271,,-0.0019000000000000017,0.0,0.0
3922,hydro_reservoir,2030,38,272,272,,-0.0019000000000000017,0.0,0.0
3923,hydro_reservoir,2030,38,273,273,,-0.0019000000000000017,0.0,0.0
3924,hydro_reservoir,2030,38,274,274,,-0.0019000000000000017,0.0,0.0
3925,hydro_reservoir,2030,38,275,275,,-0.0019000000000000017,0.0,0.0
3926,hydro_reservoir,2030,38,276,276,,-0.0019000000000000017,0.0,0.0
3927,hydro_reservoir,2030,38,277,277,,-0.0019000000000000017,0.0,0.0
3928,hydro_reservoir,2030,38,278,278,,-0.0019000000000000017,0.0,0.0
3929,hydro_reservoir,2030,38,279,279,,-0.0019000000000000017,0.0,0.0
3930,hydro_reservoir,2030,38,280,280,,-0.0019000000000000017,0.0,0.0
3931,hydro_reservoir,2030,38,281,281,,-0.0019000000000000017,0.0,0.0
3932,hydro_reservoir,2030,38,282,282,,-0.0019000000000000017,0.0,0.0
3933,hydro_reservoir,2030,38,283,283,,-0.0019000000000000017,0.0,0.0
3934,hydro_reservoir,2030,38,284,284,,-0.0019000000000000017,0.0,0.0
3935,hydro_reservoir,2030,38,285,285,,-0.0019000000000000017,0.0,0.0
3936,hydro_reservoir,2030,38,286,286,,-0.0019000000000000017,0.0,0.0
3937,hydro_reservoir,2030,38,287,287,,-0.0019000000000000017,0.0,0.0
3938,hydro_reservoir,2030,38,288,288,,-0.0019000000000000017,0.0,0.0
3939,hydro_reservoir,2030,38,289,289,,-0.0019000000000000017,0.0,0.0
3940,hydro_reservoir,2030,38,290,290,,-0.0019000000000000017,0.0,0.0
3941,hydro_reservoir,2030,38,291,291,,-0.0019000000000000017,0.0,0.0
3942,hydro_reservoir,2030,38,292,292,,-0.0019000000000000017,0.0,0.0
3943,hydro_reservoir,2030,38,293,293,,-0.0019000000000000017,0.0,0.0
3944,hydro_reservoir,2030,38,294,294,,-0.0019000000000000017,0.0,0.0
3945,hydro_reservoir,2030,38,295,295,,-0.0019000000000000017,0.0,0.0
3946,hydro_reservoir,2030,38,296,296,,-0.0019000000000000017,0.0,0.0
3947,hydro_reservoir,2030,38,297,297,,-0.0019000000000000017,0.0,0.0
3948,hydro_reservoir,2030,38,298,298,,-0.0019000000000000017,0.0,0.0
3949,hydro_reservoir,2030,38,299,299,,-0.0019000000000000017,0.0,0.0
3950,hydro_reservoir,2030,38,300,300,,-0.0019000000000000017,0.0,0.0
3951,hydro_reservoir,2030,38,301,301,,-0.0019000000000000017,0.0,0.0
3952,hydro_reservoir,2030,38,302,302,,-0.0019000000000000017,0.0,0.0
3953,hydro_reservoir,2030,38,303,303,,-0.0019000000000000017,0.0,0.0
3954,hydro_reservoir,2030,38,304,304,,-0.0019000000000000017,0.0,0.0
3955,hydro_reservoir,2030,38,305,305,,-0.0019000000000000017,0.0,0.0
3956,hydro_reservoir,2030,38,306,306,,-0.0019000000000000017,0.0,0.0
3957,hydro_reservoir,2030,38,307,307,,-0.0019000000000000017,0.0,0.0
3958,hydro_reservoir,2030,38,308,308,,-0.0019000000000000017,0.0,0.0
3959,hydro_reservoir,2030,38,309,309,,-0.0019000000000000017,0.0,0.0
3960,hydro_reservoir,2030,38,310,310,,-0.0019000000000000017,0.0,0.0
3961,hydro_reservoir,2030,38,311,311,,-0.0019000000000000017,0.0,0.0
3962,hydro_reservoir,2030,38,312,312,,-0.0019000000000000017,0.0,0.0
3963,hydro_reservoir,2030,38,313,313,,-0.0019000000000000017,0.0,0.0
3964,hydro_reservoir,2030,38,314,314,,-0.0019000000000000017,0.0,0.0
3965,hydro_reservoir,2030,38,315,315,,-0.0019000000000000017,0.0,0.0
3966,hydro_reservoir,2030,38,316,316,,-0.0019000000000000017,0.0,0.0
3967,hydro_reservoir,2030,38,317,317,,-0.0019000000000000017,0.0,0.0
3968,hydro_reservoir,2030,38,318,318,,-0.0019000000000000017,0.0,0.0
3969,hydro_reservoir,2030,38,319,319,,-0.0019000000000000017,0.0,0.0
3970,hydro_reservoir,2030,38,320,320,,-0.0019000000000000017,0.0,0.0
3971,hydro_reservoir,2030,38,321,321,,-0.0019000000000000017,0.0,0.0
3972,hydro_reservoir,2030,38,322,322,,-0.0019000000000000017,0.0,0.0
3973,hydro_reservoir,2030,38,323,323,,-0.0019000000000000017,0.0,0.0
3974,hydro_reservoir,2030,38,324,324,,-0.0019000000000000017,0.0,0.0
3975,hydro_reservoir,2030,38,325,325,,-0.0019000000000000017,0.0,0.0
3976,hydro_reservoir,2030,38,326,326,,-0.0019000000000000017,0.0,0.0
3977,hydro_reservoir,2030,38,327,327,,-0.0019000000000000017,0.0,0.0
3978,hydro_reservoir,2030,38,328,328,,-0.0019000000000000017,0.0,0.0
3979,hydro_reservoir,2030,38,329,329,,-0.0019000000000000017,0.0,0.0
3980,hydro_reservoir,2030,38,330,330,,-0.0019000000000000017,0.0,0.0
3981,hydro_reservoir,2030,38,331,331,,-0.0019000000000000017,0.0,0.0
3982,hydro_reservoir,2030,38,332,332,,-0.0019000000000000017,0.0,0.0
3983,hydro_reservoir,2030,38,333,333,,-0.0019000000000000017,0.0,0.0
3984,hydro_reservoir,2030,38,334,334,,-0.0019000000000000017,0.0,0.0
3985,hydro_reservoir,2030,38,335,335,,-0.0019000000000000017,0.0,0.0
3986,hydro_reservoir,2030,38,336,336,,-0.0019000000000000017,0.0,0.0
3987,hydro_reservoir,2030,38,337,337,,-0.0019000000000000017,0.0,0.0
3988,hydro_reservoir,2030,38,338,338,,-0.0019000000000000017,0.0,0.0
3989,hydro_reservoir,2030,38,339,339,,-0.0019000000000000017,0.0,0.0
3990,hydro_reservoir,2030,38,340,340,,-0.0019000000000000017,0.0,0.0
3991,hydro_reservoir,2030,38,341,341,,-0.0019000000000000017,0.0,0.0
3992,hydro_reservoir,2030,38,342,342,,-0.0019000000000000017,0.0,0.0
3993,hydro_reservoir,2030,38,343,343,,-0.0019000000000000017,0.0,0.0
3994,hydro_reservoir,2030,38,344,344,,-0.0019000000000000017,0.0,0.0
3995,hydro_reservoir,2030,38,345,345,,-0.0019000000000000017,0.0,0.0
3996,hydro_reservoir,2030,38,346,346,,-0.0019000000000000017,0.0,0.0
3997,hydro_reservoir,2030,38,347,347,,-0.0019000000000000017,0.0,0.0
3998,hydro_reservoir,2030,38,348,348,,-0.0019000000000000017,0.0,0.0
3999,hydro_reservoir,2030,38,349,349,,-0.0019000000000000017,0.0,0.0
4000,hydro_reservoir,2030,38,350,350,,-0.0019000000000000017,0.0,0.0
4001,hydro_reservoir,2030,38,351,351,,-0.0019000000000000017,0.0,0.0
4002,hydro_reservoir,2030,38,352,352,,-0.0019000000000000017,0.0,0.0
4003,hydro_reservoir,2030,38,353,353,,-0.0019000000000000017,0.0,0.0
4004,hydro_reservoir,2030,38,354,354,,-0.0019000000000000017,0.0,0.0
4005,hydro_reservoir,2030,38,355,355,,-0.0019000000000000017,0.0,0.0
4006,hydro_reservoir,2030,38,356,356,,-0.0019000000000000017,0.0,0.0
4007,hydro_reservoir,2030,38,357,357,,-0.0019000000000000017,0.0,0.0
4008,hydro_reservoir,2030,38,358,358,,-0.0019000000000000017,0.0,0.0
4009,hydro_reservoir,2030,38,359,359,,-0.0019000000000000017,0.0,0.0
4010,hydro_reservoir,2030,38,360,360,,-0.0019000000000000017,0.0,0.0
4011,hydro_reservoir,2030,38,361,361,,-0.0019000000000000017,0.0,0.0
4012,hydro_reservoir,2030,38,362,362,,-0.0019000000000000017,0.0,0.0
4013,hydro_reservoir,2030,38,363,363,,-0.0019000000000000017,0.0,0.0
4014,hydro_reservoir,2030,38,364,364,,-0.0019000000000000017,0.0,0.0
4015,hydro_reservoir,2030,38,365,365,,-0.0019000000000000017,0.0,0.0
4016,hydro_reservoir,2030,39,1,1,,-0.0023042223935534393,0.0,0.0
4017,hydro_reservoir,2030,39,2,2,,-0.0023042223935534393,0.0,0.0
4018,hydro_reservoir,2030,39,3,3,,-0.0023042223935534393,0.0,0.0
4019,hydro_reservoir,2030,39,4,4,,-0.0023042223935534393,0.0,0.0
4020,hydro_reservoir,2030,39,5,5,,-0.0023042223935534393,0.0,0.0
4021,hydro_reservoir,2030,39,6,6,,-0.0023042223935534393,0.0,0.0
4022,hydro_reservoir,2030,39,7,7,,-0.0023042223935534393,0.0,0.0
4023,hydro_reservoir,2030,39,8,8,,-0.0023042223935534393,0.0,0.0
4024,hydro_reservoir,2030,39,9,9,,-0.0023042223935534393,0.0,0.0
4025,hydro_reservoir,2030,39,10,10,,-0.0023042223935534393,0.0,0.0
4026,hydro_reservoir,2030,39,11,11,,-0.0023042223935534393,0.0,0.0
4027,hydro_reservoir,2030,39,12,12,,-0.0023042223935534393,0.0,0.0
4028,hydro_reservoir,2030,39,13,13,,-0.0023042223935534393,0.0,0.0
4029,hydro_reservoir,2030,39,14,14,,-0.0023042223935534393,0.0,0.0
4030,hydro_reservoir,2030,39,15,15,,-0.0023042223935534393,0.0,0.0
4031,hydro_reservoir,2030,39,16,16,,-0.0023042223935534393,0.0,0.0
4032,hydro_reservoir,2030,39,17,17,,-0.0023042223935534393,0.0,0.0
4033,hydro_reservoir,2030,39,18,18,,-0.0023042223935534393,0.0,0.0
4034,hydro_reservoir,2030,39,19,19,,-0.0023042223935534393,0.0,0.0
4035,hydro_reservoir,2030,39,20,20,,-0.0023042223935534393,0.0,0.0
4036,hydro_reservoir,2030,39,21,21,,-0.0023042223935534393,0.0,0.0
4037,hydro_reservoir,2030,39,22,22,,-0.0023042223935534393,0.0,0.0
4038,hydro_reservoir,2030,39,23,23,,-0.0023042223935534393,0.0,0.0
4039,hydro_reservoir,2030,39,24,24,,-0.0023042223935534393,0.0,0.0
4040,hydro_reservoir,2030,39,25,25,,-0.0023042223935534393,0.0,0.0
4041,hydro_reservoir,2030,39,26,26,,-0.0023042223935534393,0.0,0.0
4042,hydro_reservoir,2030,39,27,27,,-0.0023042223935534393,0.0,0.0
4043,hydro_reservoir,2030,39,28,28,,-0.0023042223935534393,0.0,0.0
4044,hydro_reservoir,2030,39,29,29,,-0.0023042223935534393,0.0,0.0
4045,hydro_reservoir,2030,39,30,30,,-0.0023042223935534393,0.0,0.0
4046,hydro_reservoir,2030,39,31,31,,-0.0023042223935534393,0.0,0.0
4047,hydro_reservoir,2030,39,32,32,,-0.0023042223935534393,0.0,0.0
4048,hydro_reservoir,2030,39,33,33,,-0.0023042223935534393,0.0,0.0
4049,hydro_reservoir,2030,39,34,34,,-0.0023042223935534393,0.0,0.0
4050,hydro_reservoir,2030,39,35,35,,-0.0023042223935534393,0.0,0.0
4051,hydro_reservoir,2030,39,36,36,,-0.0023042223935534393,0.0,0.0
4052,hydro_reservoir,2030,39,37,37,,-0.0023042223935534393,0.0,0.0
4053,hydro_reservoir,2030,39,38,38,,-0.0023042223935534393,0.0,0.0
4054,hydro_reservoir,2030,39,39,39,,-0.0023042223935534393,0.0,0.0
4055,hydro_reservoir,2030,39,40,40,,-0.0023042223935534393,0.0,0.0
4056,hydro_reservoir,2030,39,41,41,,-0.0023042223935534393,0.0,0.0
4057,hydro_reservoir,2030,39,42,42,,-0.0023042223935534393,0.0,0.0
4058,hydro_reservoir,2030,39,43,43,,-0.0023042223935534393,0.0,0.0
4059,hydro_reservoir,2030,39,44,44,,-0.0023042223935534393,0.0,0.0
4060,hydro_reservoir,2030,39,45,45,,-0.0023042223935534393,0.0,0.0
4061,hydro_reservoir,2030,39,46,46,,-0.0023042223935534393,0.0,0.0
4062,hydro_reservoir,2030,39,47,47,,-0.0023042223935534393,0.0,0.0
4063,hydro_reservoir,2030,39,48,48,,-0.0023042223935534393,0.0,0.0
4064,hydro_reservoir,2030,39,49,49,,-0.0023042223935534393,0.0,0.0
4065,hydro_reservoir,2030,39,50,50,,-0.0023042223935534393,0.0,0.0
4066,hydro_reservoir,2030,39,51,51,,-0.0023042223935534393,0.0,0.0
4067,hydro_reservoir,2030,39,52,52,,-0.0023042223935534393,0.0,0.0
4068,hydro_reservoir,2030,39,53,53,,-0.0023042223935534393,0.0,0.0
4069,hydro_reservoir,2030,39,54,54,,-0.0023042223935534393,0.0,0.0
4070,hydro_reservoir,2030,39,55,55,,-0.0023042223935534393,0.0,0.0
4071,hydro_reservoir,2030,39,56,56,,-0.0023042223935534393,0.0,0.0
4072,hydro_reservoir,2030,39,57,57,,-0.0023042223935534393,0.0,0.0
4073,hydro_reservoir,2030,39,58,58,,-0.0023042223935534393,0.0,0.0
4074,hydro_reservoir,2030,39,59,59,,-0.0023042223935534393,0.0,0.0
4075,hydro_reservoir,2030,39,60,60,,-0.0023042223935534393,0.0,0.0
4076,hydro_reservoir,2030,39,61,61,,-0.0023042223935534393,0.0,0.0
4077,hydro_reservoir,2030,39,62,62,,-0.0023042223935534393,0.0,0.0
4078,hydro_reservoir,2030,39,63,63,,-0.0023042223935534393,0.0,0.0
4079,hydro_reservoir,2030,39,64,64,,-0.0023042223935534393,0.0,0.0
4080,hydro_reservoir,2030,39,65,65,,-0.0023042223935534393,0.0,0.0
4081,hydro_reservoir,2030,39,66,66,,-0.0023042223935534393,0.0,0.0
4082,hydro_reservoir,2030,39,67,67,,-0.0023042223935534393,0.0,0.0
4083,hydro_reservoir,2030,39,68,68,,-0.0023042223935534393,0.0,0.0
4084,hydro_reservoir,2030,39,69,69,,-0.0023042223935534393,0.0,0.0
4085,hydro_reservoir,2030,39,70,70,,-0.0023042223935534393,0.0,0.0
4086,hydro_reservoir,2030,39,71,71,,-0.0023042223935534393,0.0,0.0
4087,hydro_reservoir,2030,39,72,72,,-0.0023042223935534393,0.0,0.0
4088,hydro_reservoir,2030,39,73,73,,-0.0023042223935534393,0.0,0.0
4089,hydro_reservoir,2030,39,74,74,,-0.0023042223935534393,0.0,0.0
4090,hydro_reservoir,2030,39,75,75,,-0.0023042223935534393,0.0,0.0
4091,hydro_reservoir,2030,39,76,76,,-0.0023042223935534393,0.0,0.0
4092,hydro_reservoir,2030,39,77,77,,-0.0023042223935534393,0.0,0.0
4093,hydro_reservoir,2030,39,78,78,,-0.0023042223935534393,0.0,0.0
4094,hydro_reservoir,2030,39,79,79,,-0.0023042223935534393,0.0,0.0
4095,hydro_reservoir,2030,39,80,80,,-0.0023042223935534393,0.0,0.0
4096,hydro_reservoir,2030,39,81,81,,-0.0023042223935534393,0.0,0.0
4097,hydro_reservoir,2030,39,82,82,,-0.0023042223935534393,0.0,0.0
4098,hydro_reservoir,2030,39,83,83,,-0.0023042223935534393,0.0,0.0
4099,hydro_reservoir,2030,39,84,84,,-0.0023042223935534393,0.0,0.0
4100,hydro_reservoir,2030,39,85,85,,-0.0023042223935534393,0.0,0.0
4101,hydro_reservoir,2030,39,86,86,,-0.0023042223935534393,0.0,0.0
4102,hydro_reservoir,2030,39,87,87,,-0.0023042223935534393,0.0,0.0
4103,hydro_reservoir,2030,39,88,88,,-0.0023042223935534393,0.0,0.0
4104,hydro_reservoir,2030,39,89,89,,-0.0023042223935534393,0.0,0.0
4105,hydro_reservoir,2030,39,90,90,,-0.0023042223935534393,0.0,0.0
4106,hydro_reservoir,2030,39,91,91,,-0.0023042223935534393,0.0,0.0
4107,hydro_reservoir,2030,39,92,92,,-0.0023042223935534393,0.0,0.0
4108,hydro_reservoir,2030,39,93,93,,-0.0023042223935534393,0.0,0.0
4109,hydro_reservoir,2030,39,94,94,,-0.0023042223935534393,0.0,0.0
4110,hydro_reservoir,2030,39,95,95,,-0.0023042223935534393,0.0,0.0
4111,hydro_reservoir,2030,39,96,96,,-0.0023042223935534393,0.0,0.0
4112,hydro_reservoir,2030,39,97,97,,-0.0023042223935534393,0.0,0.0
4113,hydro_reservoir,2030,39,98,98,,-0.0023042223935534393,0.0,0.0
4114,hydro_reservoir,2030,39,99,99,,-0.0023042223935534393,0.0,0.0
4115,hydro_reservoir,2030,39,100,100,,-0.0023042223935534393,0.0,0.0
4116,hydro_reservoir,2030,39,101,101,,-0.0023042223935534393,0.0,0.0
4117,hydro_reservoir,2030,39,102,102,,-0.0023042223935534393,0.0,0.0
4118,hydro_reservoir,2030,39,103,103,,-0.0023042223935534393,0.0,0.0
4119,hydro_reservoir,2030,39,104,104,,-0.0023042223935534393,0.0,0.0
4120,hydro_reservoir,2030,39,105,105,,-0.0023042223935534393,0.0,0.0
4121,hydro_reservoir,2030,39,106,106,,-0.0023042223935534393,0.0,0.0
4122,hydro_reservoir,2030,39,107,107,,-0.0023042223935534393,0.0,0.0
4123,hydro_reservoir,2030,39,108,108,,-0.0023042223935534393,0.0,0.0
4124,hydro_reservoir,2030,39,109,109,,-0.0023042223935534393,0.0,0.0
4125,hydro_reservoir,2030,39,110,110,,-0.0023042223935534393,0.0,0.0
4126,hydro_reservoir,2030,39,111,111,,-0.0023042223935534393,0.0,0.0
4127,hydro_reservoir,2030,39,112,112,,-0.0023042223935534393,0.0,0.0
4128,hydro_reservoir,2030,39,113,113,,-0.0023042223935534393,0.0,0.0
4129,hydro_reservoir,2030,39,114,114,,-0.0023042223935534393,0.0,0.0
4130,hydro_reservoir,2030,39,115,115,,-0.0023042223935534393,0.0,0.0
4131,hydro_reservoir,2030,39,116,116,,-0.0023042223935534393,0.0,0.0
4132,hydro_reservoir,2030,39,117,117,,-0.0023042223935534393,0.0,0.0
4133,hydro_reservoir,2030,39,118,118,,-0.0023042223935534393,0.0,0.0
4134,hydro_reservoir,2030,39,119,119,,-0.0023042223935534393,0.0,0.0
4135,hydro_reservoir,2030,39,120,120,,-0.0023042223935534393,0.0,0.0
4136,hydro_reservoir,2030,39,121,121,,-0.0023042223935534393,0.0,0.0
4137,hydro_reservoir,2030,39,122,122,,-0.0023042223935534393,0.0,0.0
4138,hydro_reservoir,2030,39,123,123,,-0.0023042223935534393,0.0,0.0
4139,hydro_reservoir,2030,39,124,124,,-0.0023042223935534393,0.0,0.0
4140,hydro_reservoir,2030,39,125,125,,-0.0023042223935534393,0.0,0.0
4141,hydro_reservoir,2030,39,126,126,,-0.0023042223935534393,0.0,0.0
4142,hydro_reservoir,2030,39,127,127,,-0.0023042223935534393,0.0,0.0
4143,hydro_reservoir,2030,39,128,128,,-0.0023042223935534393,0.0,0.0
4144,hydro_reservoir,2030,39,129,129,,-0.0023042223935534393,0.0,0.0
4145,hydro_reservoir,2030,39,130,130,,-0.0023042223935534393,0.0,0.0
4146,hydro_reservoir,2030,39,131,131,,-0.0023042223935534393,0.0,0.0
4147,hydro_reservoir,2030,39,132,132,,-0.0023042223935534393,0.0,0.0
4148,hydro_reservoir,2030,39,133,133,,-0.0023042223935534393,0.0,0.0
4149,hydro_reservoir,2030,39,134,134,,-0.0023042223935534393,0.0,0.0
4150,hydro_reservoir,2030,39,135,135,,-0.0023042223935534393,0.0,0.0
4151,hydro_reservoir,2030,39,136,136,,-0.0023042223935534393,0.0,0.0
4152,hydro_reservoir,2030,39,137,137,,-0.0023042223935534393,0.0,0.0
4153,hydro_reservoir,2030,39,138,138,,-0.0023042223935534393,0.0,0.0
4154,hydro_reservoir,2030,39,139,139,,-0.0023042223935534393,0.0,0.0
4155,hydro_reservoir,2030,39,140,140,,-0.0023042223935534393,0.0,0.0
4156,hydro_reservoir,2030,39,141,141,,-0.0023042223935534393,0.0,0.0
4157,hydro_reservoir,2030,39,142,142,,-0.0023042223935534393,0.0,0.0
4158,hydro_reservoir,2030,39,143,143,,-0.0023042223935534393,0.0,0.0
4159,hydro_reservoir,2030,39,144,144,,-0.0023042223935534393,0.0,0.0
4160,hydro_reservoir,2030,39,145,145,,-0.0023042223935534393,0.0,0.0
4161,hydro_reservoir,2030,39,146,146,,-0.0023042223935534393,0.0,0.0
4162,hydro_reservoir,2030,39,147,147,,-0.0023042223935534393,0.0,0.0
4163,hydro_reservoir,2030,39,148,148,,-0.0023042223935534393,0.0,0.0
4164,hydro_reservoir,2030,39,149,149,,-0.0023042223935534393,0.0,0.0
4165,hydro_reservoir,2030,39,150,150,,-0.0023042223935534393,0.0,0.0
4166,hydro_reservoir,2030,39,151,151,,-0.0023042223935534393,0.0,0.0
4167,hydro_reservoir,2030,39,152,152,,-0.0023042223935534393,0.0,0.0
4168,hydro_reservoir,2030,39,153,153,,-0.0023042223935534393,0.0,0.0
4169,hydro_reservoir,2030,39,154,154,,-0.0023042223935534393,0.0,0.0
4170,hydro_reservoir,2030,39,155,155,,-0.0023042223935534393,0.0,0.0
4171,hydro_reservoir,2030,39,156,156,,-0.0023042223935534393,0.0,0.0
4172,hydro_reservoir,2030,39,157,157,,-0.0023042223935534393,0.0,0.0
4173,hydro_reservoir,2030,39,158,158,,-0.0023042223935534393,0.0,0.0
4174,hydro_reservoir,2030,39,159,159,,-0.0023042223935534393,0.0,0.0
4175,hydro_reservoir,2030,39,160,160,,-0.0023042223935534393,0.0,0.0
4176,hydro_reservoir,2030,39,161,161,,-0.0023042223935534393,0.0,0.0
4177,hydro_reservoir,2030,39,162,162,,-0.0023042223935534393,0.0,0.0
4178,hydro_reservoir,2030,39,163,163,,-0.0023042223935534393,0.0,0.0
4179,hydro_reservoir,2030,39,164,164,,-0.0023042223935534393,0.0,0.0
4180,hydro_reservoir,2030,39,165,165,,-0.0023042223935534393,0.0,0.0
4181,hydro_reservoir,2030,39,166,166,,-0.0023042223935534393,0.0,0.0
4182,hydro_reservoir,2030,39,167,167,,-0.0023042223935534393,0.0,0.0
4183,hydro_reservoir,2030,39,168,168,,-0.0023042223935534393,0.0,0.0
4184,hydro_reservoir,2030,39,169,169,,-0.0023042223935534393,0.0,0.0
4185,hydro_reservoir,2030,39,170,170,,-0.0023042223935534393,0.0,0.0
4186,hydro_reservoir,2030,39,171,171,,-0.0023042223935534393,0.0,0.0
4187,hydro_reservoir,2030,39,172,172,,-0.0023042223935534393,0.0,0.0
4188,hydro_reservoir,2030,39,173,173,,-0.0023042223935534393,0.0,0.0
4189,hydro_reservoir,2030,39,174,174,,-0.0023042223935534393,0.0,0.0
4190,hydro_reservoir,2030,39,175,175,,-0.0023042223935534393,0.0,0.0
4191,hydro_reservoir,2030,39,176,176,,-0.0023042223935534393,0.0,0.0
4192,hydro_reservoir,2030,39,177,177,,-0.0023042223935534393,0.0,0.0
4193,hydro_reservoir,2030,39,178,178,,-0.0023042223935534393,0.0,0.0
4194,hydro_reservoir,2030,39,179,179,,-0.0023042223935534393,0.0,0.0
4195,hydro_reservoir,2030,39,180,180,,-0.0023042223935534393,0.0,0.0
4196,hydro_reservoir,2030,39,181,181,,-0.0023042223935534393,0.0,0.0
4197,hydro_reservoir,2030,39,182,182,,-0.0023042223935534393,0.0,0.0
4198,hydro_reservoir,2030,39,183,183,,-0.0023042223935534393,0.0,0.0
4199,hydro_reservoir,2030,39,184,184,,-0.0023042223935534393,0.0,0.0
4200,hydro_reservoir,2030,39,185,185,,-0.0023042223935534393,0.0,0.0
4201,hydro_reservoir,2030,39,186,186,,-0.0023042223935534393,0.0,0.0
4202,hydro_reservoir,2030,39,187,187,,-0.0023042223935534393,0.0,0.0
4203,hydro_reservoir,2030,39,188,188,,-0.0023042223935534393,0.0,0.0
4204,hydro_reservoir,2030,39,189,189,,-0.0023042223935534393,0.0,0.0
4205,hydro_reservoir,2030,39,190,190,,-0.0023042223935534393,0.0,0.0
4206,hydro_reservoir,2030,39,191,191,,-0.0023042223935534393,0.0,0.0
4207,hydro_reservoir,2030,39,192,192,,-0.0023042223935534393,0.0,0.0
4208,hydro_reservoir,2030,39,193,193,,-0.0023042223935534393,0.0,0.0
4209,hydro_reservoir,2030,39,194,194,,-0.0023042223935534393,0.0,0.0
4210,hydro_reservoir,2030,39,195,195,,-0.0023042223935534393,0.0,0.0
4211,hydro_reservoir,2030,39,196,196,,-0.0023042223935534393,0.0,0.0
4212,hydro_reservoir,2030,39,197,197,,-0.0023042223935534393,0.0,0.0
4213,hydro_reservoir,2030,39,198,198,,-0.0023042223935534393,0.0,0.0
4214,hydro_reservoir,2030,39,199,199,,-0.0023042223935534393,0.0,0.0
4215,hydro_reservoir,2030,39,200,200,,-0.0023042223935534393,0.0,0.0
4216,hydro_reservoir,2030,39,201,201,,-0.0023042223935534393,0.0,0.0
4217,hydro_reservoir,2030,39,202,202,,-0.0023042223935534393,0.0,0.0
4218,hydro_reservoir,2030,39,203,203,,-0.0023042223935534393,0.0,0.0
4219,hydro_reservoir,2030,39,204,204,,-0.0023042223935534393,0.0,0.0
4220,hydro_reservoir,2030,39,205,205,,-0.0023042223935534393,0.0,0.0
4221,hydro_reservoir,2030,39,206,206,,-0.0023042223935534393,0.0,0.0
4222,hydro_reservoir,2030,39,207,207,,-0.0023042223935534393,0.0,0.0
4223,hydro_reservoir,2030,39,208,208,,-0.0023042223935534393,0.0,0.0
4224,hydro_reservoir,2030,39,209,209,,-0.0023042223935534393,0.0,0.0
4225,hydro_reservoir,2030,39,210,210,,-0.0023042223935534393,0.0,0.0
4226,hydro_reservoir,2030,39,211,211,,-0.0023042223935534393,0.0,0.0
4227,hydro_reservoir,2030,39,212,212,,-0.0023042223935534393,0.0,0.0
4228,hydro_reservoir,2030,39,213,213,,-0.0023042223935534393,0.0,0.0
4229,hydro_reservoir,2030,39,214,214,,-0.0023042223935534393,0.0,0.0
4230,hydro_reservoir,2030,39,215,215,,-0.0023042223935534393,0.0,0.0
4231,hydro_reservoir,2030,39,216,216,,-0.0023042223935534393,0.0,0.0
4232,hydro_reservoir,2030,39,217,217,,-0.0023042223935534393,0.0,0.0
4233,hydro_reservoir,2030,39,218,218,,-0.0023042223935534393,0.0,0.0
4234,hydro_reservoir,2030,39,219,219,,-0.0023042223935534393,0.0,0.0
4235,hydro_reservoir,2030,39,220,220,,-0.0023042223935534393,0.0,0.0
4236,hydro_reservoir,2030,39,221,221,,-0.0023042223935534393,0.0,0.0
4237,hydro_reservoir,2030,39,222,222,,-0.0023042223935534393,0.0,0.0
4238,hydro_reservoir,2030,39,223,223,,-0.0023042223935534393,0.0,0.0
4239,hydro_reservoir,2030,39,224,224,,-0.0023042223935534393,0.0,0.0
4240,hydro_reservoir,2030,39,225,225,,-0.0023042223935534393,0.0,0.0
4241,hydro_reservoir,2030,39,226,226,,-0.0023042223935534393,0.0,0.0
4242,hydro_reservoir,2030,39,227,227,,-0.0023042223935534393,0.0,0.0
4243,hydro_reservoir,2030,39,228,228,,-0.0023042223935534393,0.0,0.0
4244,hydro_reservoir,2030,39,229,229,,-0.0023042223935534393,0.0,0.0
4245,hydro_reservoir,2030,39,230,230,,-0.0023042223935534393,0.0,0.0
4246,hydro_reservoir,2030,39,231,231,,-0.0023042223935534393,0.0,0.0
4247,hydro_reservoir,2030,39,232,232,,-0.0023042223935534393,0.0,0.0
4248,hydro_reservoir,2030,39,233,233,,-0.0023042223935534393,0.0,0.0
4249,hydro_reservoir,2030,39,234,234,,-0.0023042223935534393,0.0,0.0
4250,hydro_reservoir,2030,39,235,235,,-0.0023042223935534393,0.0,0.0
4251,hydro_reservoir,2030,39,236,236,,-0.0023042223935534393,0.0,0.0
4252,hydro_reservoir,2030,39,237,237,,-0.0023042223935534393,0.0,0.0
4253,hydro_reservoir,2030,39,238,238,,-0.0023042223935534393,0.0,0.0
4254,hydro_reservoir,2030,39,239,239,,-0.0023042223935534393,0.0,0.0
4255,hydro_reservoir,2030,39,240,240,,-0.0023042223935534393,0.0,0.0
4256,hydro_reservoir,2030,39,241,241,,-0.0023042223935534393,0.0,0.0
4257,hydro_reservoir,2030,39,242,242,,-0.0023042223935534393,0.0,0.0
4258,hydro_reservoir,2030,39,243,243,,-0.0023042223935534393,0.0,0.0
4259,hydro_reservoir,2030,39,244,244,,-0.0023042223935534393,0.0,0.0
4260,hydro_reservoir,2030,39,245,245,,-0.0023042223935534393,0.0,0.0
4261,hydro_reservoir,2030,39,246,246,,-0.0023042223935534393,0.0,0.0
4262,hydro_reservoir,2030,39,247,247,,-0.0023042223935534393,0.0,0.0
4263,hydro_reservoir,2030,39,248,248,,-0.0023042223935534393,0.0,0.0
4264,hydro_reservoir,2030,39,249,249,,-0.0023042223935534393,0.0,0.0
4265,hydro_reservoir,2030,39,250,250,,-0.0023042223935534393,0.0,0.0
4266,hydro_reservoir,2030,39,251,251,,-0.0023042223935534393,0.0,0.0
4267,hydro_reservoir,2030,39,252,252,,-0.0023042223935534393,0.0,0.0
4268,hydro_reservoir,2030,39,253,253,,-0.0023042223935534393,0.0,0.0
4269,hydro_reservoir,2030,39,254,254,,-0.0023042223935534393,0.0,0.0
4270,hydro_reservoir,2030,39,255,255,,-0.0023042223935534393,0.0,0.0
4271,hydro_reservoir,2030,39,256,256,,-0.0023042223935534393,0.0,0.0
4272,hydro_reservoir,2030,39,257,257,,-0.0023042223935534393,0.0,0.0
4273,hydro_reservoir,2030,39,258,258,,-0.0023042223935534393,0.0,0.0
4274,hydro_reservoir,2030,39,259,259,,-0.0023042223935534393,0.0,0.0
4275,hydro_reservoir,2030,39,260,260,,-0.0023042223935534393,0.0,0.0
4276,hydro_reservoir,2030,39,261,261,,-0.0023042223935534393,0.0,0.0
4277,hydro_reservoir,2030,39,262,262,,-0.0023042223935534393,0.0,0.0
4278,hydro_reservoir,2030,39,263,263,,-0.0023042223935534393,0.0,0.0
4279,hydro_reservoir,2030,39,264,264,,-0.0023042223935534393,0.0,0.0
4280,hydro_reservoir,2030,39,265,265,,-0.0023042223935534393,0.0,0.0
4281,hydro_reservoir,2030,39,266,266,,-0.0023042223935534393,0.0,0.0
4282,hydro_reservoir,2030,39,267,267,,-0.0023042223935534393,0.0,0.0
4283,hydro_reservoir,2030,39,268,268,,-0.0023042223935534393,0.0,0.0
4284,hydro_reservoir,2030,39,269,269,,-0.0023042223935534393,0.0,0.0
4285,hydro_reservoir,2030,39,270,270,,-0.0023042223935534393,0.0,0.0
4286,hydro_reservoir,2030,39,271,271,,-0.0023042223935534393,0.0,0.0
4287,hydro_reservoir,2030,39,272,272,,-0.0023042223935534393,0.0,0.0
4288,hydro_reservoir,2030,39,273,273,,-0.0023042223935534393,0.0,0.0
4289,hydro_reservoir,2030,39,274,274,,-0.0023042223935534393,0.0,0.0
4290,hydro_reservoir,2030,39,275,275,,-0.0023042223935534393,0.0,0.0
4291,hydro_reservoir,2030,39,276,276,,-0.0023042223935534393,0.0,0.0
4292,hydro_reservoir,2030,39,277,277,,-0.0023042223935534393,0.0,0.0
4293,hydro_reservoir,2030,39,278,278,,-0.0023042223935534393,0.0,0.0
4294,hydro_reservoir,2030,39,279,279,,-0.0023042223935534393,0.0,0.0
4295,hydro_reservoir,2030,39,280,280,,-0.0023042223935534393,0.0,0.0
4296,hydro_reservoir,2030,39,281,281,,-0.0023042223935534393,0.0,0.0
4297,hydro_reservoir,2030,39,282,282,,-0.0023042223935534393,0.0,0.0
4298,hydro_reservoir,2030,39,283,283,,-0.0023042223935534393,0.0,0.0
4299,hydro_reservoir,2030,39,284,284,,-0.0023042223935534393,0.0,0.0
4300,hydro_reservoir,2030,39,285,285,,-0.0023042223935534393,0.0,0.0
4301,hydro_reservoir,2030,39,286,286,,-0.0023042223935534393,0.0,0.0
4302,hydro_reservoir,2030,39,287,287,,-0.0023042223935534393,0.0,0.0
4303,hydro_reservoir,2030,39,288,288,,-0.0023042223935534393,0.0,0.0
4304,hydro_reservoir,2030,39,289,289,,-0.0023042223935534393,0.0,0.0
4305,hydro_reservoir,2030,39,290,290,,-0.0023042223935534393,0.0,0.0
4306,hydro_reservoir,2030,39,291,291,,-0.0023042223935534393,0.0,0.0
4307,hydro_reservoir,2030,39,292,292,,-0.0023042223935534393,0.0,0.0
4308,hydro_reservoir,2030,39,293,293,,-0.0023042223935534393,0.0,0.0
4309,hydro_reservoir,2030,39,294,294,,-0.0023042223935534393,0.0,0.0
4310,hydro_reservoir,2030,39,295,295,,-0.0023042223935534393,0.0,0.0
4311,hydro_reservoir,2030,39,296,296,,-0.0023042223935534393,0.0,0.0
4312,hydro_reservoir,2030,39,297,297,,-0.0023042223935534393,0.0,0.0
4313,hydro_reservoir,2030,39,298,298,,-0.0023042223935534393,0.0,0.0
4314,hydro_reservoir,2030,39,299,299,,-0.0023042223935534393,0.0,0.0
4315,hydro_reservoir,2030,39,300,300,,-0.0023042223935534393,0.0,0.0
4316,hydro_reservoir,2030,39,301,301,,-0.0023042223935534393,0.0,0.0
4317,hydro_reservoir,2030,39,302,302,,-0.0023042223935534393,0.0,0.0
4318,hydro_reservoir,2030,39,303,303,,-0.0023042223935534393,0.0,0.0
4319,hydro_reservoir,2030,39,304,304,,-0.0023042223935534393,0.0,0.0
4320,hydro_reservoir,2030,39,305,305,,-0.0023042223935534393,0.0,0.0
4321,hydro_reservoir,2030,39,306,306,,-0.0023042223935534393,0.0,0.0
4322,hydro_reservoir,2030,39,307,307,,-0.0023042223935534393,0.0,0.0
4323,hydro_reservoir,2030,39,308,308,,-0.0023042223935534393,0.0,0.0
4324,hydro_reservoir,2030,39,309,309,,-0.0023042223935534393,0.0,0.0
4325,hydro_reservoir,2030,39,310,310,,-0.0023042223935534393,0.0,0.0
4326,hydro_reservoir,2030,39,311,311,,-0.0023042223935534393,0.0,0.0
4327,hydro_reservoir,2030,39,312,312,,-0.0023042223935534393,0.0,0.0
4328,hydro_reservoir,2030,39,313,313,,-0.0023042223935534393,0.0,0.0
4329,hydro_reservoir,2030,39,314,314,,-0.0023042223935534393,0.0,0.0
4330,hydro_reservoir,2030,39,315,315,,-0.0023042223935534393,0.0,0.0
4331,hydro_reservoir,2030,39,316,316,,-0.0023042223935534393,0.0,0.0
4332,hydro_reservoir,2030,39,317,317,,-0.0023042223935534393,0.0,0.0
4333,hydro_reservoir,2030,39,318,318,,-0.0023042223935534393,0.0,0.0
4334,hydro_reservoir,2030,39,319,319,,-0.0023042223935534393,0.0,0.0
4335,hydro_reservoir,2030,39,320,320,,-0.0023042223935534393,0.0,0.0
4336,hydro_reservoir,2030,39,321,321,,-0.0023042223935534393,0.0,0.0
4337,hydro_reservoir,2030,39,322,322,,-0.0023042223935534393,0.0,0.0
4338,hydro_reservoir,2030,39,323,323,,-0.0023042223935534393,0.0,0.0
4339,hydro_reservoir,2030,39,324,324,,-0.0023042223935534393,0.0,0.0
4340,hydro_reservoir,2030,39,325,325,,-0.0023042223935534393,0.0,0.0
4341,hydro_reservoir,2030,39,326,326,,-0.0023042223935534393,0.0,0.0
4342,hydro_reservoir,2030,39,327,327,,-0.0023042223935534393,0.0,0.0
4343,hydro_reservoir,2030,39,328,328,,-0.0023042223935534393,0.0,0.0
4344,hydro_reservoir,2030,39,329,329,,-0.0023042223935534393,0.0,0.0
4345,hydro_reservoir,2030,39,330,330,,-0.0023042223935534393,0.0,0.0
4346,hydro_reservoir,2030,39,331,331,,-0.0023042223935534393,0.0,0.0
4347,hydro_reservoir,2030,39,332,332,,-0.0023042223935534393,0.0,0.0
4348,hydro_reservoir,2030,39,333,333,,-0.0023042223935534393,0.0,0.0
4349,hydro_reservoir,2030,39,334,334,,-0.0023042223935534393,0.0,0.0
4350,hydro_reservoir,2030,39,335,335,,-0.0023042223935534393,0.0,0.0
4351,hydro_reservoir,2030,39,336,336,,-0.0023042223935534393,0.0,0.0
4352,hydro_reservoir,2030,39,337,337,,-0.0023042223935534393,0.0,0.0
4353,hydro_reservoir,2030,39,338,338,,-0.0023042223935534393,0.0,0.0
4354,hydro_reservoir,2030,39,339,339,,-0.0023042223935534393,0.0,0.0
4355,hydro_reservoir,2030,39,340,340,,-0.0023042223935534393,0.0,0.0
4356,hydro_reservoir,2030,39,341,341,,-0.0023042223935534393,0.0,0.0
4357,hydro_reservoir,2030,39,342,342,,-0.0023042223935534393,0.0,0.0
4358,hydro_reservoir,2030,39,343,343,,-0.0023042223935534393,0.0,0.0
4359,hydro_reservoir,2030,39,344,344,,-0.0023042223935534393,0.0,0.0
4360,hydro_reservoir,2030,39,345,345,,-0.0023042223935534393,0.0,0.0
4361,hydro_reservoir,2030,39,346,346,,-0.0023042223935534393,0.0,0.0
4362,hydro_reservoir,2030,39,347,347,,-0.0023042223935534393,0.0,0.0
4363,hydro_reservoir,2030,39,348,348,,-0.0023042223935534393,0.0,0.0
4364,hydro_reservoir,2030,39,349,349,,-0.0023042223935534393,0.0,0.0
4365,hydro_reservoir,2030,39,350,350,,-0.0023042223935534393,0.0,0.0
4366,hydro_reservoir,2030,39,351,351,,-0.0023042223935534393,0.0,0.0
4367,hydro_reservoir,2030,39,352,352,,-0.0023042223935534393,0.0,0.0
4368,hydro_reservoir,2030,39,353,353,,-0.0023042223935534393,0.0,0.0
4369,hydro_reservoir,2030,39,354,354,,-0.0023042223935534393,0.0,0.0
4370,hydro_reservoir,2030,39,355,355,,-0.0023042223935534393,0.0,0.0
4371,hydro_reservoir,2030,39,356,356,,-0.0023042223935534393,0.0,0.0
4372,hydro_reservoir,2030,39,357,357,,-0.0023042223935534393,0.0,0.0
4373,hydro_reservoir,2030,39,358,358,,-0.0023042223935534393,0.0,0.0
4374,hydro_reservoir,2030,39,359,359,,-0.0023042223935534393,0.0,0.0
4375,hydro_reservoir,2030,39,360,360,,-0.0023042223935534393,0.0,0.0
4376,hydro_reservoir,2030,39,361,361,,-0.0023042223935534393,0.0,0.0
4377,hydro_reservoir,2030,39,362,362,,-0.0023042223935534393,0.0,0.0
4378,hydro_reservoir,2030,39,363,363,,-0.0023042223935534393,0.0,0.0
4379,hydro_reservoir,2030,39,364,364,,-0.0023042223935534393,0.0,0.0
4380,hydro_reservoir,2030,39,365,365,,-0.0023042223935534393,0.0,0.0
