id,scenario,probability,solution
1,1,0.2,0.0
2,2,0.2,0.0
3,3,0.2,0.0
4,4,0.2,4520395.160890844
5,5,0.2,4469400.842186952
