id,asset,milestone_year,rep_period,time_block_start,time_block_end,solution,dual_balance_storage_rep_period,dual_max_storage_level_rep_period_limit,dual_min_storage_level_rep_period_limit
1,battery,2030,1,1,1,,-1.3206677211390774,0.0,0.0
2,battery,2030,1,2,2,,-1.1919026183280166,0.0,0.0
3,battery,2030,1,3,3,,-0.04767610473312066,0.0,0.0
4,battery,2030,1,4,4,,-0.04767610473312066,0.0,0.0
5,battery,2030,1,5,5,,-0.04767610473312066,0.0,0.0
6,battery,2030,1,6,6,,-0.04767610473312066,0.0,0.0
7,battery,2030,1,7,7,,-0.04767610473312066,0.0,0.0
8,battery,2030,1,8,8,,-0.04767610473312066,-1.144226513594896,0.0
9,battery,2030,1,9,9,,-1.1919026183280166,0.0,0.0
10,battery,2030,1,10,10,,-1.1919026183280166,0.0,0.0
11,battery,2030,1,11,11,,-1.1919026183280166,0.0,0.0
12,battery,2030,1,12,12,,-1.1919026183280166,0.0,0.0
13,battery,2030,1,13,13,,-1.1919026183280166,0.0,0.0
14,battery,2030,1,14,14,,-1.1919026183280166,0.0,0.0
15,battery,2030,1,15,15,,-1.1919026183280166,0.0,0.0
16,battery,2030,1,16,16,,-1.1919026183280166,0.0,0.0
17,battery,2030,1,17,17,,-1.1919026183280166,0.0,0.0
18,battery,2030,1,18,18,,-1.1919026183280175,0.0,0.0
19,battery,2030,1,19,19,,-1.1919026183280166,0.0,0.0
20,battery,2030,1,20,20,,-1.1919026183280166,0.0,0.0
21,battery,2030,1,21,21,,-0.13224151937017717,0.0,0.0
22,battery,2030,1,22,22,,-0.04767610473312066,0.0,0.0
23,battery,2030,1,23,23,,-0.04767610473312066,0.0,0.0
24,battery,2030,1,24,24,,-0.04767610473312066,0.0,0.0
25,battery,2030,2,1,1,,-2.2870846597133268,0.0,0.0
26,battery,2030,2,2,2,,-2.0640939053912777,0.0,0.0
27,battery,2030,2,3,3,,-2.0640939053912777,0.0,0.0
28,battery,2030,2,4,4,,-2.0640939053912777,0.0,0.0
29,battery,2030,2,5,5,,-2.0640939053912777,0.0,0.0
30,battery,2030,2,6,6,,-2.0640939053912777,0.0,0.0
31,battery,2030,2,7,7,,-2.0640939053912777,0.0,0.0
32,battery,2030,2,8,8,,-2.0640939053912777,0.0,0.0
33,battery,2030,2,9,9,,-2.0640939053912777,0.0,0.0
34,battery,2030,2,10,10,,-2.0640939053912777,0.0,0.0
35,battery,2030,2,11,11,,-2.0640939053912777,0.0,0.0
36,battery,2030,2,12,12,,-2.0640939053912777,0.0,0.0
37,battery,2030,2,13,13,,-2.0640939053912777,0.0,0.0
38,battery,2030,2,14,14,,-2.0640939053912777,0.0,0.0
39,battery,2030,2,15,15,,-2.0640939053912777,0.0,0.0
40,battery,2030,2,16,16,,-2.0640939053912777,0.0,0.0
41,battery,2030,2,17,17,,-2.0640939053912777,0.0,0.0
42,battery,2030,2,18,18,,-2.0640939053912777,0.0,0.0
43,battery,2030,2,19,19,,-2.0640939053912777,0.0,0.0
44,battery,2030,2,20,20,,-2.0640939053912777,0.0,0.0
45,battery,2030,2,21,21,,-2.0640939053912777,0.0,0.0
46,battery,2030,2,22,22,,-2.0640939053912777,0.0,0.0
47,battery,2030,2,23,23,,-2.0640939053912777,0.0,0.0
48,battery,2030,2,24,24,,-2.0640939053912777,0.0,0.0
49,battery,2030,3,1,1,,-0.00840008555025915,0.0,0.0
50,battery,2030,3,2,2,,-0.00840008555025915,0.0,0.0
51,battery,2030,3,3,3,,-0.00840008555025915,0.0,0.0
52,battery,2030,3,4,4,,-0.007581077209108884,0.0,0.0
53,battery,2030,3,5,5,,-0.007581077209108884,-0.18194585301861324,0.0
54,battery,2030,3,6,6,,-0.18952693022772213,0.0,0.0
55,battery,2030,3,7,7,,-0.18952693022772213,0.0,0.0
56,battery,2030,3,8,8,,-0.18952693022772213,0.0,0.0
57,battery,2030,3,9,9,,-0.18952693022772213,0.0,0.0
58,battery,2030,3,10,10,,-0.18952693022772213,0.0,0.0
59,battery,2030,3,11,11,,-0.18952693022772213,0.0,0.0
60,battery,2030,3,12,12,,-0.18952693022772213,0.0,0.0
61,battery,2030,3,13,13,,-0.18952693022772213,0.0,0.0
62,battery,2030,3,14,14,,-0.18952693022772213,0.0,0.0
63,battery,2030,3,15,15,,-0.18952693022772213,0.0,0.0
64,battery,2030,3,16,16,,-0.18952693022772213,0.0,0.0
65,battery,2030,3,17,17,,-0.18952693022772213,0.0,0.0
66,battery,2030,3,18,18,,-0.18952693022772213,0.0,0.0
67,battery,2030,3,19,19,,-0.18952693022772213,0.0,0.0
68,battery,2030,3,20,20,,-0.18952693022772213,0.0,0.0
69,battery,2030,3,21,21,,-0.18952693022772213,0.0,0.0
70,battery,2030,3,22,22,,-0.18952693022772218,0.0,0.0
71,battery,2030,3,23,23,,-0.18952693022772213,0.0,0.0
72,battery,2030,3,24,24,,-0.18952693022772218,0.0,0.0
73,battery,2030,4,1,1,,-0.27771183678191413,0.0,0.0
74,battery,2030,4,2,2,,-0.2506349326956775,0.0,0.0
75,battery,2030,4,3,3,,-0.2506349326956775,0.0,0.0
76,battery,2030,4,4,4,,-0.2506349326956775,0.0,0.0
77,battery,2030,4,5,5,,-0.2506349326956775,0.0,0.0
78,battery,2030,4,6,6,,-0.2506349326956775,0.0,0.0
79,battery,2030,4,7,7,,-0.2506349326956775,0.0,0.0
80,battery,2030,4,8,8,,-0.2506349326956775,0.0,0.0
81,battery,2030,4,9,9,,-0.2506349326956775,0.0,0.0
82,battery,2030,4,10,10,,-0.2506349326956775,0.0,0.0
83,battery,2030,4,11,11,,-0.2506349326956775,0.0,0.0
84,battery,2030,4,12,12,,-0.2506349326956775,0.0,0.0
85,battery,2030,4,13,13,,-0.2506349326956775,0.0,0.0
86,battery,2030,4,14,14,,-0.2506349326956775,0.0,0.0
87,battery,2030,4,15,15,,-0.2506349326956775,0.0,0.0
88,battery,2030,4,16,16,,-0.2506349326956775,0.0,0.0
89,battery,2030,4,17,17,,-0.2506349326956775,0.0,0.0
90,battery,2030,4,18,18,,-0.2506349326956775,0.0,0.0
91,battery,2030,4,19,19,,-0.2506349326956775,0.0,0.0
92,battery,2030,4,20,20,,-0.2506349326956775,0.0,0.0
93,battery,2030,4,21,21,,-0.2506349326956775,0.0,0.0
94,battery,2030,4,22,22,,-0.2506349326956775,0.0,0.0
95,battery,2030,4,23,23,,-0.2506349326956775,0.0,0.0
96,battery,2030,4,24,24,,-0.2506349326956775,0.0,0.0
97,battery,2030,5,1,1,,-0.33282191990634125,0.0,0.0
98,battery,2030,5,2,2,,-0.33282191990634125,0.0,0.0
99,battery,2030,5,3,3,,-0.33282191990634125,0.0,0.0
100,battery,2030,5,4,4,,-0.33282191990634125,0.0,0.0
101,battery,2030,5,5,5,,-0.33282191990634125,0.0,0.0
102,battery,2030,5,6,6,,-0.33282191990634125,0.0,0.0
103,battery,2030,5,7,7,,-0.33282191990634125,0.0,0.0
104,battery,2030,5,8,8,,-0.33282191990634125,0.0,0.0
105,battery,2030,5,9,9,,-0.33282191990634125,0.0,0.0
106,battery,2030,5,10,10,,-0.33282191990634125,0.0,0.0
107,battery,2030,5,11,11,,-0.33282191990634125,0.0,0.0
108,battery,2030,5,12,12,,-0.33282191990634125,0.0,0.0
109,battery,2030,5,13,13,,-0.33282191990634125,0.0,0.0
110,battery,2030,5,14,14,,-0.33282191990634125,0.0,0.0
111,battery,2030,5,15,15,,-0.33282191990634125,0.0,0.0
112,battery,2030,5,16,16,,-0.33282191990634125,0.0,0.0
113,battery,2030,5,17,17,,-0.33282191990634125,0.0,0.0
114,battery,2030,5,18,18,,-0.33282191990634097,0.0,0.0
115,battery,2030,5,19,19,,-0.33282191990634125,0.0,0.0
116,battery,2030,5,20,20,,-0.33282191990634125,0.0,0.0
117,battery,2030,5,21,21,,-0.33282191990634125,0.0,0.0
118,battery,2030,5,22,22,,-0.33282191990634097,0.0,0.0
119,battery,2030,5,23,23,,-0.33282191990634097,0.0,0.0
120,battery,2030,5,24,24,,-0.33282191990634097,0.0,0.0
121,battery,2030,6,1,1,,-0.2769087901994395,0.0,0.0
122,battery,2030,6,2,2,,-0.24991018315499416,0.0,0.0
123,battery,2030,6,3,3,,-0.24991018315499416,0.0,0.0
124,battery,2030,6,4,4,,-0.24991018315499416,0.0,0.0
125,battery,2030,6,5,5,,-0.24991018315499425,0.0,0.0
126,battery,2030,6,6,6,,-0.24991018315499416,0.0,0.0
127,battery,2030,6,7,7,,-0.24991018315499416,0.0,0.0
128,battery,2030,6,8,8,,-0.24991018315499425,0.0,0.0
129,battery,2030,6,9,9,,-0.24991018315499416,0.0,0.0
130,battery,2030,6,10,10,,-0.24991018315499416,0.0,0.0
131,battery,2030,6,11,11,,-0.24991018315499416,0.0,0.0
132,battery,2030,6,12,12,,-0.24991018315499425,0.0,0.0
133,battery,2030,6,13,13,,-0.24991018315499416,0.0,0.0
134,battery,2030,6,14,14,,-0.24991018315499416,0.0,0.0
135,battery,2030,6,15,15,,-0.24991018315499416,0.0,0.0
136,battery,2030,6,16,16,,-0.24991018315499416,0.0,0.0
137,battery,2030,6,17,17,,-0.24991018315499416,0.0,0.0
138,battery,2030,6,18,18,,-0.24991018315499416,0.0,0.0
139,battery,2030,6,19,19,,-0.24991018315499416,0.0,0.0
140,battery,2030,6,20,20,,-0.24991018315499416,0.0,0.0
141,battery,2030,6,21,21,,-0.24991018315499416,0.0,0.0
142,battery,2030,6,22,22,,-0.24991018315499416,0.0,0.0
143,battery,2030,6,23,23,,-0.24991018315499416,0.0,0.0
144,battery,2030,6,24,24,,-0.10558705238298503,0.0,0.0
145,battery,2030,7,1,1,,-0.7597078442996908,0.0,0.0
146,battery,2030,7,2,2,,-0.6856363294804709,0.0,0.0
147,battery,2030,7,3,3,,-0.6856363294804709,0.0,0.0
148,battery,2030,7,4,4,,-0.6856363294804709,0.0,0.0
149,battery,2030,7,5,5,,-0.6856363294804709,0.0,0.0
150,battery,2030,7,6,6,,-0.6856363294804709,0.0,0.0
151,battery,2030,7,7,7,,-0.6856363294804709,0.0,0.0
152,battery,2030,7,8,8,,-0.6856363294804709,0.0,0.0
153,battery,2030,7,9,9,,-0.6856363294804709,0.0,0.0
154,battery,2030,7,10,10,,-0.6856363294804709,0.0,0.0
155,battery,2030,7,11,11,,-0.685636329480471,0.0,0.0
156,battery,2030,7,12,12,,-0.685636329480471,0.0,0.0
157,battery,2030,7,13,13,,-0.685636329480471,0.0,0.0
158,battery,2030,7,14,14,,-0.6856363294804709,0.0,0.0
159,battery,2030,7,15,15,,-0.685636329480471,0.0,0.0
160,battery,2030,7,16,16,,-0.685636329480471,0.0,0.0
161,battery,2030,7,17,17,,-0.6856363294804709,0.0,0.0
162,battery,2030,7,18,18,,-0.6856363294804709,0.0,0.0
163,battery,2030,7,19,19,,-0.6856363294804709,0.0,0.0
164,battery,2030,7,20,20,,-0.6856363294804709,0.0,0.0
165,battery,2030,7,21,21,,-0.6856363294804709,0.0,0.0
166,battery,2030,7,22,22,,-0.6856363294804709,0.0,0.0
167,battery,2030,7,23,23,,-0.6856363294804709,0.0,0.0
168,battery,2030,7,24,24,,-0.6856363294804709,0.0,0.0
169,battery,2030,8,1,1,,-0.4384549485616385,0.0,0.0
170,battery,2030,8,2,2,,-0.39570559107687836,0.0,0.0
171,battery,2030,8,3,3,,-0.39570559107687836,0.0,0.0
172,battery,2030,8,4,4,,-0.39570559107687836,0.0,0.0
173,battery,2030,8,5,5,,-0.39570559107687836,0.0,0.0
174,battery,2030,8,6,6,,-0.39570559107687836,0.0,0.0
175,battery,2030,8,7,7,,-0.39570559107687836,0.0,0.0
176,battery,2030,8,8,8,,-0.3957055910768788,0.0,0.0
177,battery,2030,8,9,9,,-0.3957055910768788,0.0,0.0
178,battery,2030,8,10,10,,-0.3957055910768788,0.0,0.0
179,battery,2030,8,11,11,,-0.3957055910768788,0.0,0.0
180,battery,2030,8,12,12,,-0.3957055910768788,0.0,0.0
181,battery,2030,8,13,13,,-0.39570559107687836,0.0,0.0
182,battery,2030,8,14,14,,-0.39570559107687836,0.0,0.0
183,battery,2030,8,15,15,,-0.39570559107687836,0.0,0.0
184,battery,2030,8,16,16,,-0.39570559107687836,0.0,0.0
185,battery,2030,8,17,17,,-0.39570559107687836,0.0,0.0
186,battery,2030,8,18,18,,-0.39570559107687836,0.0,0.0
187,battery,2030,8,19,19,,-0.39570559107687836,0.0,0.0
188,battery,2030,8,20,20,,-0.39570559107687836,0.0,0.0
189,battery,2030,8,21,21,,-0.39570559107687836,0.0,0.0
190,battery,2030,8,22,22,,-0.39570559107687836,0.0,0.0
191,battery,2030,8,23,23,,-0.39570559107687836,0.0,0.0
192,battery,2030,8,24,24,,-0.39570559107687836,0.0,0.0
193,battery,2030,9,1,1,,-0.24041686108781066,0.0,0.0
194,battery,2030,9,2,2,,-0.21697621713174903,0.0,0.0
195,battery,2030,9,3,3,,-0.21697621713174914,0.0,0.0
196,battery,2030,9,4,4,,-0.21697621713174903,0.0,0.0
197,battery,2030,9,5,5,,-0.21697621713174903,0.0,0.0
198,battery,2030,9,6,6,,-0.21697621713174903,0.0,0.0
199,battery,2030,9,7,7,,-0.21697621713174903,0.0,0.0
200,battery,2030,9,8,8,,-0.21697621713174903,0.0,0.0
201,battery,2030,9,9,9,,-0.21697621713174903,0.0,0.0
202,battery,2030,9,10,10,,-0.21697621713174903,0.0,0.0
203,battery,2030,9,11,11,,-0.21697621713174903,0.0,0.0
204,battery,2030,9,12,12,,-0.21697621713174903,0.0,0.0
205,battery,2030,9,13,13,,-0.21697621713174914,0.0,0.0
206,battery,2030,9,14,14,,-0.21697621713174903,0.0,0.0
207,battery,2030,9,15,15,,-0.21697621713174903,0.0,0.0
208,battery,2030,9,16,16,,-0.21697621713174903,0.0,0.0
209,battery,2030,9,17,17,,-0.21697621713174903,0.0,0.0
210,battery,2030,9,18,18,,-0.21697621713174903,0.0,0.0
211,battery,2030,9,19,19,,-0.21697621713174903,0.0,0.0
212,battery,2030,9,20,20,,-0.21697621713174903,0.0,0.0
213,battery,2030,9,21,21,,-0.21697621713174903,0.0,0.0
214,battery,2030,9,22,22,,-0.21697621713174914,0.0,0.0
215,battery,2030,9,23,23,,-0.21697621713174903,0.0,0.0
216,battery,2030,9,24,24,,-0.21697621713174903,0.0,0.0
217,battery,2030,10,1,1,,-0.6999976507220493,0.0,0.0
218,battery,2030,10,2,2,,-0.6317478797766496,0.0,0.0
219,battery,2030,10,3,3,,-0.6317478797766496,0.0,0.0
220,battery,2030,10,4,4,,-0.6317478797766496,0.0,0.0
221,battery,2030,10,5,5,,-0.6317478797766496,0.0,0.0
222,battery,2030,10,6,6,,-0.6317478797766496,0.0,0.0
223,battery,2030,10,7,7,,-0.6317478797766496,0.0,0.0
224,battery,2030,10,8,8,,-0.6317478797766496,0.0,0.0
225,battery,2030,10,9,9,,-0.6317478797766498,0.0,0.0
226,battery,2030,10,10,10,,-0.6317478797766498,0.0,0.0
227,battery,2030,10,11,11,,-0.6317478797766498,0.0,0.0
228,battery,2030,10,12,12,,-0.6317478797766498,0.0,0.0
229,battery,2030,10,13,13,,-0.6317478797766498,0.0,0.0
230,battery,2030,10,14,14,,-0.6317478797766496,0.0,0.0
231,battery,2030,10,15,15,,-0.6317478797766498,0.0,0.0
232,battery,2030,10,16,16,,-0.6317478797766498,0.0,0.0
233,battery,2030,10,17,17,,-0.6317478797766496,0.0,0.0
234,battery,2030,10,18,18,,-0.6317478797766496,0.0,0.0
235,battery,2030,10,19,19,,-0.6317478797766496,0.0,0.0
236,battery,2030,10,20,20,,-0.6317478797766496,0.0,0.0
237,battery,2030,10,21,21,,-0.6317478797766496,0.0,0.0
238,battery,2030,10,22,22,,-0.6317478797766496,0.0,0.0
239,battery,2030,10,23,23,,-0.6317478797766496,0.0,0.0
240,battery,2030,10,24,24,,-0.025269915191065983,0.0,0.0
241,battery,2030,11,1,1,,-0.450279043370473,0.0,0.0
242,battery,2030,11,2,2,,-0.01801116173481892,0.0,0.0
243,battery,2030,11,3,3,,-0.01801116173481892,0.0,0.0
244,battery,2030,11,4,4,,-0.016255073465674078,-0.3901217631761779,0.0
245,battery,2030,11,5,5,,-0.406376836641852,0.0,0.0
246,battery,2030,11,6,6,,-0.406376836641852,0.0,0.0
247,battery,2030,11,7,7,,-0.406376836641852,0.0,0.0
248,battery,2030,11,8,8,,-0.406376836641852,0.0,0.0
249,battery,2030,11,9,9,,-0.406376836641852,0.0,0.0
250,battery,2030,11,10,10,,-0.406376836641852,0.0,0.0
251,battery,2030,11,11,11,,-0.406376836641852,0.0,0.0
252,battery,2030,11,12,12,,-0.406376836641852,0.0,0.0
253,battery,2030,11,13,13,,-0.406376836641852,0.0,0.0
254,battery,2030,11,14,14,,-0.406376836641852,0.0,0.0
255,battery,2030,11,15,15,,-0.406376836641852,0.0,0.0
256,battery,2030,11,16,16,,-0.406376836641852,0.0,0.0
257,battery,2030,11,17,17,,-0.406376836641852,0.0,0.0
258,battery,2030,11,18,18,,-0.40637683664185187,0.0,0.0
259,battery,2030,11,19,19,,-0.406376836641852,0.0,0.0
260,battery,2030,11,20,20,,-0.406376836641852,0.0,0.0
261,battery,2030,11,21,21,,-0.406376836641852,0.0,0.0
262,battery,2030,11,22,22,,-0.406376836641852,0.0,0.0
263,battery,2030,11,23,23,,-0.406376836641852,0.0,0.0
264,battery,2030,11,24,24,,-0.406376836641852,0.0,0.0
265,battery,2030,12,1,1,,-0.3745190414967087,0.0,0.0
266,battery,2030,12,2,2,,-0.3380034349507797,0.0,0.0
267,battery,2030,12,3,3,,-0.3380034349507797,0.0,0.0
268,battery,2030,12,4,4,,-0.3380034349507797,0.0,0.0
269,battery,2030,12,5,5,,-0.3380034349507797,0.0,0.0
270,battery,2030,12,6,6,,-0.3380034349507797,0.0,0.0
271,battery,2030,12,7,7,,-0.3380034349507797,0.0,0.0
272,battery,2030,12,8,8,,-0.33800343495077967,0.0,0.0
273,battery,2030,12,9,9,,-0.3380034349507797,0.0,0.0
274,battery,2030,12,10,10,,-0.33800343495077967,0.0,0.0
275,battery,2030,12,11,11,,-0.3380034349507797,0.0,0.0
276,battery,2030,12,12,12,,-0.33800343495077967,0.0,0.0
277,battery,2030,12,13,13,,-0.33800343495077967,0.0,0.0
278,battery,2030,12,14,14,,-0.33800343495077967,0.0,0.0
279,battery,2030,12,15,15,,-0.3380034349507797,0.0,0.0
280,battery,2030,12,16,16,,-0.3380034349507797,0.0,0.0
281,battery,2030,12,17,17,,-0.3380034349507797,0.0,0.0
282,battery,2030,12,18,18,,-0.3380034349507797,0.0,0.0
283,battery,2030,12,19,19,,-0.3380034349507797,0.0,0.0
284,battery,2030,12,20,20,,-0.3380034349507797,0.0,0.0
285,battery,2030,12,21,21,,-0.3380034349507797,0.0,0.0
286,battery,2030,12,22,22,,-0.3380034349507797,0.0,0.0
287,battery,2030,12,23,23,,-0.3380034349507797,0.0,0.0
288,battery,2030,12,24,24,,-0.3380034349507797,0.0,0.0
289,battery,2030,13,1,1,,-0.6442362317851271,0.0,0.0
290,battery,2030,13,2,2,,-0.5814231991860772,0.0,0.0
291,battery,2030,13,3,3,,-0.5814231991860772,0.0,0.0
292,battery,2030,13,4,4,,-0.5814231991860773,0.0,0.0
293,battery,2030,13,5,5,,-0.5814231991860772,0.0,0.0
294,battery,2030,13,6,6,,-0.5814231991860772,0.0,0.0
295,battery,2030,13,7,7,,-0.5814231991860772,0.0,0.0
296,battery,2030,13,8,8,,-0.5814231991860772,0.0,0.0
297,battery,2030,13,9,9,,-0.5814231991860772,0.0,0.0
298,battery,2030,13,10,10,,-0.5814231991860772,0.0,0.0
299,battery,2030,13,11,11,,-0.5814231991860773,0.0,0.0
300,battery,2030,13,12,12,,-0.5814231991860773,0.0,0.0
301,battery,2030,13,13,13,,-0.5814231991860773,0.0,0.0
302,battery,2030,13,14,14,,-0.5814231991860772,0.0,0.0
303,battery,2030,13,15,15,,-0.5814231991860773,0.0,0.0
304,battery,2030,13,16,16,,-0.5814231991860773,0.0,0.0
305,battery,2030,13,17,17,,-0.5814231991860773,0.0,0.0
306,battery,2030,13,18,18,,-0.5814231991860773,0.0,0.0
307,battery,2030,13,19,19,,-0.5814231991860772,0.0,0.0
308,battery,2030,13,20,20,,-0.5814231991860773,0.0,0.0
309,battery,2030,13,21,21,,-0.5814231991860773,0.0,0.0
310,battery,2030,13,22,22,,-0.5814231991860773,0.0,0.0
311,battery,2030,13,23,23,,-0.5814231991860773,0.0,0.0
312,battery,2030,13,24,24,,-0.5814231991860772,0.0,0.0
313,battery,2030,14,1,1,,-0.1652469936143104,0.0,0.0
314,battery,2030,14,2,2,,-0.14913541173691508,0.0,0.0
315,battery,2030,14,3,3,,-0.14913541173691508,0.0,0.0
316,battery,2030,14,4,4,,-0.14913541173691508,0.0,0.0
317,battery,2030,14,5,5,,-0.14913541173691508,0.0,0.0
318,battery,2030,14,6,6,,-0.14913541173691508,0.0,0.0
319,battery,2030,14,7,7,,-0.14913541173691508,0.0,0.0
320,battery,2030,14,8,8,,-0.14913541173691508,0.0,0.0
321,battery,2030,14,9,9,,-0.14913541173691508,0.0,0.0
322,battery,2030,14,10,10,,-0.14913541173691508,0.0,0.0
323,battery,2030,14,11,11,,-0.14913541173691508,0.0,0.0
324,battery,2030,14,12,12,,-0.14913541173691508,0.0,0.0
325,battery,2030,14,13,13,,-0.14913541173691508,0.0,0.0
326,battery,2030,14,14,14,,-0.14913541173691514,0.0,0.0
327,battery,2030,14,15,15,,-0.14913541173691508,0.0,0.0
328,battery,2030,14,16,16,,-0.14913541173691508,0.0,0.0
329,battery,2030,14,17,17,,-0.14913541173691514,0.0,0.0
330,battery,2030,14,18,18,,-0.14913541173691508,0.0,0.0
331,battery,2030,14,19,19,,-0.14913541173691508,0.0,0.0
332,battery,2030,14,20,20,,-0.14913541173691508,0.0,0.0
333,battery,2030,14,21,21,,-0.14913541173691508,0.0,0.0
334,battery,2030,14,22,22,,-0.14913541173691508,0.0,0.0
335,battery,2030,14,23,23,,-0.14913541173691508,0.0,0.0
336,battery,2030,14,24,24,,-0.14913541173691508,0.0,0.0
337,battery,2030,15,1,1,,-0.4342565464003844,0.0,0.0
338,battery,2030,15,2,2,,-0.3919165331263468,0.0,0.0
339,battery,2030,15,3,3,,-0.3919165331263468,0.0,0.0
340,battery,2030,15,4,4,,-0.3919165331263468,0.0,0.0
341,battery,2030,15,5,5,,-0.3919165331263468,0.0,0.0
342,battery,2030,15,6,6,,-0.3919165331263468,0.0,0.0
343,battery,2030,15,7,7,,-0.3919165331263468,0.0,0.0
344,battery,2030,15,8,8,,-0.3919165331263468,0.0,0.0
345,battery,2030,15,9,9,,-0.3919165331263468,0.0,0.0
346,battery,2030,15,10,10,,-0.3919165331263468,0.0,0.0
347,battery,2030,15,11,11,,-0.3919165331263468,0.0,0.0
348,battery,2030,15,12,12,,-0.39191653312634694,0.0,0.0
349,battery,2030,15,13,13,,-0.3919165331263468,0.0,0.0
350,battery,2030,15,14,14,,-0.39191653312634694,0.0,0.0
351,battery,2030,15,15,15,,-0.3919165331263468,0.0,0.0
352,battery,2030,15,16,16,,-0.3919165331263468,0.0,0.0
353,battery,2030,15,17,17,,-0.3919165331263468,0.0,0.0
354,battery,2030,15,18,18,,-0.3919165331263468,0.0,0.0
355,battery,2030,15,19,19,,-0.3919165331263468,0.0,0.0
356,battery,2030,15,20,20,,-0.39191653312634694,0.0,0.0
357,battery,2030,15,21,21,,-0.3919165331263468,0.0,0.0
358,battery,2030,15,22,22,,-0.3919165331263468,0.0,0.0
359,battery,2030,15,23,23,,-0.3919165331263468,0.0,0.0
360,battery,2030,15,24,24,,-0.3919165331263468,0.0,0.0
361,battery,2030,16,1,1,,-0.2820427560940839,0.0,0.0
362,battery,2030,16,2,2,,-0.2545435873749107,0.0,0.0
363,battery,2030,16,3,3,,-0.2545435873749107,0.0,0.0
364,battery,2030,16,4,4,,-0.2545435873749107,0.0,0.0
365,battery,2030,16,5,5,,-0.10754466566589976,0.0,0.0
366,battery,2030,16,6,6,,-0.10754466566589976,0.0,0.0
367,battery,2030,16,7,7,,-0.10754466566589976,-0.1469989217090109,0.0
368,battery,2030,16,8,8,,-0.2545435873749107,0.0,0.0
369,battery,2030,16,9,9,,-0.2545435873749107,0.0,0.0
370,battery,2030,16,10,10,,-0.2545435873749107,0.0,0.0
371,battery,2030,16,11,11,,-0.2545435873749107,0.0,0.0
372,battery,2030,16,12,12,,-0.2545435873749107,0.0,0.0
373,battery,2030,16,13,13,,-0.2545435873749107,0.0,0.0
374,battery,2030,16,14,14,,-0.2545435873749107,0.0,0.0
375,battery,2030,16,15,15,,-0.2545435873749107,0.0,0.0
376,battery,2030,16,16,16,,-0.2545435873749107,0.0,0.0
377,battery,2030,16,17,17,,-0.2545435873749107,0.0,0.0
378,battery,2030,16,18,18,,-0.2545435873749107,0.0,0.0
379,battery,2030,16,19,19,,-0.2545435873749107,0.0,0.0
380,battery,2030,16,20,20,,-0.25454358737491073,0.0,0.0
381,battery,2030,16,21,21,,-0.2545435873749107,0.0,0.0
382,battery,2030,16,22,22,,-0.2545435873749107,0.0,0.0
383,battery,2030,16,23,23,,-0.25454358737491073,0.0,0.0
384,battery,2030,16,24,24,,-0.2545435873749107,0.0,0.0
385,battery,2030,17,1,1,,-0.9178459355186157,0.0,0.0
386,battery,2030,17,2,2,,-0.8283559568055505,0.0,0.0
387,battery,2030,17,3,3,,-0.8283559568055505,0.0,0.0
388,battery,2030,17,4,4,,-0.8283559568055505,0.0,0.0
389,battery,2030,17,5,5,,-0.8283559568055505,0.0,0.0
390,battery,2030,17,6,6,,-0.8283559568055505,0.0,0.0
391,battery,2030,17,7,7,,-0.8283559568055505,0.0,0.0
392,battery,2030,17,8,8,,-0.8283559568055505,0.0,0.0
393,battery,2030,17,9,9,,-0.8283559568055505,0.0,0.0
394,battery,2030,17,10,10,,-0.8283559568055505,0.0,0.0
395,battery,2030,17,11,11,,-0.8283559568055505,0.0,0.0
396,battery,2030,17,12,12,,-0.8283559568055505,0.0,0.0
397,battery,2030,17,13,13,,-0.8283559568055505,0.0,0.0
398,battery,2030,17,14,14,,-0.8283559568055505,0.0,0.0
399,battery,2030,17,15,15,,-0.8283559568055505,0.0,0.0
400,battery,2030,17,16,16,,-0.8283559568055505,0.0,0.0
401,battery,2030,17,17,17,,-0.8283559568055505,0.0,0.0
402,battery,2030,17,18,18,,-0.8283559568055505,0.0,0.0
403,battery,2030,17,19,19,,-0.8283559568055505,0.0,0.0
404,battery,2030,17,20,20,,-0.8283559568055505,0.0,0.0
405,battery,2030,17,21,21,,-0.8283559568055505,0.0,0.0
406,battery,2030,17,22,22,,-0.8283559568055505,0.0,0.0
407,battery,2030,17,23,23,,-0.8283559568055507,0.0,0.0
408,battery,2030,17,24,24,,-0.8283559568055505,0.0,0.0
409,battery,2030,18,1,1,,-1.226465763013594,0.0,0.0
410,battery,2030,18,2,2,,-1.1068853511197685,0.0,0.0
411,battery,2030,18,3,3,,-1.1068853511197685,0.0,0.0
412,battery,2030,18,4,4,,-1.1068853511197685,0.0,0.0
413,battery,2030,18,5,5,,-1.1068853511197685,0.0,0.0
414,battery,2030,18,6,6,,-1.1068853511197685,0.0,0.0
415,battery,2030,18,7,7,,-1.1068853511197685,0.0,0.0
416,battery,2030,18,8,8,,-1.1068853511197685,0.0,0.0
417,battery,2030,18,9,9,,-1.1068853511197685,0.0,0.0
418,battery,2030,18,10,10,,-1.1068853511197685,0.0,0.0
419,battery,2030,18,11,11,,-1.1068853511197685,0.0,0.0
420,battery,2030,18,12,12,,-1.1068853511197685,0.0,0.0
421,battery,2030,18,13,13,,-1.1068853511197685,0.0,0.0
422,battery,2030,18,14,14,,-1.1068853511197685,0.0,0.0
423,battery,2030,18,15,15,,-1.1068853511197685,0.0,0.0
424,battery,2030,18,16,16,,-1.1068853511197685,0.0,0.0
425,battery,2030,18,17,17,,-1.1068853511197685,0.0,0.0
426,battery,2030,18,18,18,,-1.1068853511197685,0.0,0.0
427,battery,2030,18,19,19,,-1.1068853511197685,0.0,0.0
428,battery,2030,18,20,20,,-1.1068853511197685,0.0,0.0
429,battery,2030,18,21,21,,-1.1068853511197685,0.0,0.0
430,battery,2030,18,22,22,,-1.1068853511197685,0.0,0.0
431,battery,2030,18,23,23,,-1.1068853511197685,0.0,0.0
432,battery,2030,18,24,24,,-1.1068853511197685,0.0,0.0
433,battery,2030,19,1,1,,-0.3702533018464091,0.0,0.0
434,battery,2030,19,2,2,,-0.33415360491638424,0.0,0.0
435,battery,2030,19,3,3,,-0.33415360491638424,0.0,0.0
436,battery,2030,19,4,4,,-0.33415360491638424,0.0,0.0
437,battery,2030,19,5,5,,-0.33415360491638424,0.0,0.0
438,battery,2030,19,6,6,,-0.33415360491638424,0.0,0.0
439,battery,2030,19,7,7,,-0.33415360491638424,0.0,0.0
440,battery,2030,19,8,8,,-0.33415360491638424,0.0,0.0
441,battery,2030,19,9,9,,-0.33415360491638424,0.0,0.0
442,battery,2030,19,10,10,,-0.33415360491638424,0.0,0.0
443,battery,2030,19,11,11,,-0.33415360491638424,0.0,0.0
444,battery,2030,19,12,12,,-0.33415360491638424,0.0,0.0
445,battery,2030,19,13,13,,-0.33415360491638424,0.0,0.0
446,battery,2030,19,14,14,,-0.33415360491638424,0.0,0.0
447,battery,2030,19,15,15,,-0.33415360491638424,0.0,0.0
448,battery,2030,19,16,16,,-0.33415360491638424,0.0,0.0
449,battery,2030,19,17,17,,-0.33415360491638424,0.0,0.0
450,battery,2030,19,18,18,,-0.33415360491638424,0.0,0.0
451,battery,2030,19,19,19,,-0.33415360491638424,0.0,0.0
452,battery,2030,19,20,20,,-0.33415360491638424,0.0,0.0
453,battery,2030,19,21,21,,-0.33415360491638424,0.0,0.0
454,battery,2030,19,22,22,,-0.33415360491638424,0.0,0.0
455,battery,2030,19,23,23,,-0.33415360491638424,0.0,0.0
456,battery,2030,19,24,24,,-0.33415360491638424,0.0,0.0
457,battery,2030,20,1,1,,-0.660845857356899,0.0,0.0
458,battery,2030,20,2,2,,-0.5964133862646014,0.0,0.0
459,battery,2030,20,3,3,,-0.5964133862646014,0.0,0.0
460,battery,2030,20,4,4,,-0.5964133862646014,0.0,0.0
461,battery,2030,20,5,5,,-0.5964133862646014,0.0,0.0
462,battery,2030,20,6,6,,-0.5964133862646014,0.0,0.0
463,battery,2030,20,7,7,,-0.5964133862646014,0.0,0.0
464,battery,2030,20,8,8,,-0.5964133862646014,0.0,0.0
465,battery,2030,20,9,9,,-0.5964133862646014,0.0,0.0
466,battery,2030,20,10,10,,-0.5964133862646014,0.0,0.0
467,battery,2030,20,11,11,,-0.5964133862646014,0.0,0.0
468,battery,2030,20,12,12,,-0.5964133862646014,0.0,0.0
469,battery,2030,20,13,13,,-0.5964133862646014,0.0,0.0
470,battery,2030,20,14,14,,-0.5964133862646014,0.0,0.0
471,battery,2030,20,15,15,,-0.5964133862646014,0.0,0.0
472,battery,2030,20,16,16,,-0.5964133862646015,0.0,0.0
473,battery,2030,20,17,17,,-0.5964133862646014,0.0,0.0
474,battery,2030,20,18,18,,-0.5964133862646014,0.0,0.0
475,battery,2030,20,19,19,,-0.5964133862646014,0.0,0.0
476,battery,2030,20,20,20,,-0.5964133862646014,0.0,0.0
477,battery,2030,20,21,21,,-0.5964133862646014,0.0,0.0
478,battery,2030,20,22,22,,-0.5964133862646014,0.0,0.0
479,battery,2030,20,23,23,,-0.5964133862646014,0.0,0.0
480,battery,2030,20,24,24,,-0.5964133862646014,0.0,0.0
481,battery,2030,21,1,1,,-0.19103913370838205,0.0,0.0
482,battery,2030,21,2,2,,-0.17241281817181484,0.0,0.0
483,battery,2030,21,3,3,,-0.17241281817181478,0.0,0.0
484,battery,2030,21,4,4,,-0.17241281817181478,0.0,0.0
485,battery,2030,21,5,5,,-0.17241281817181478,0.0,0.0
486,battery,2030,21,6,6,,-0.17241281817181478,0.0,0.0
487,battery,2030,21,7,7,,-0.17241281817181478,0.0,0.0
488,battery,2030,21,8,8,,-0.17241281817181478,0.0,0.0
489,battery,2030,21,9,9,,-0.17241281817181478,0.0,0.0
490,battery,2030,21,10,10,,-0.17241281817181484,0.0,0.0
491,battery,2030,21,11,11,,-0.17241281817181478,0.0,0.0
492,battery,2030,21,12,12,,-0.17241281817181478,0.0,0.0
493,battery,2030,21,13,13,,-0.17241281817181478,0.0,0.0
494,battery,2030,21,14,14,,-0.17241281817181478,0.0,0.0
495,battery,2030,21,15,15,,-0.17241281817181478,0.0,0.0
496,battery,2030,21,16,16,,-0.17241281817181484,0.0,0.0
497,battery,2030,21,17,17,,-0.17241281817181478,0.0,0.0
498,battery,2030,21,18,18,,-0.17241281817181478,0.0,0.0
499,battery,2030,21,19,19,,-0.17241281817181478,0.0,0.0
500,battery,2030,21,20,20,,-0.17241281817181478,0.0,0.0
501,battery,2030,21,21,21,,-0.17241281817181478,0.0,0.0
502,battery,2030,21,22,22,,-0.17241281817181478,0.0,0.0
503,battery,2030,21,23,23,,-0.17241281817181478,0.0,0.0
504,battery,2030,21,24,24,,-0.17241281817181478,0.0,0.0
505,battery,2030,22,1,1,,-0.983047885549443,0.0,0.0
506,battery,2030,22,2,2,,-0.8872007167083724,0.0,0.0
507,battery,2030,22,3,3,,-0.8872007167083724,0.0,0.0
508,battery,2030,22,4,4,,-0.8872007167083724,0.0,0.0
509,battery,2030,22,5,5,,-0.8872007167083724,0.0,0.0
510,battery,2030,22,6,6,,-0.8872007167083724,0.0,0.0
511,battery,2030,22,7,7,,-0.8872007167083724,0.0,0.0
512,battery,2030,22,8,8,,-0.8872007167083731,0.0,0.0
513,battery,2030,22,9,9,,-0.8872007167083731,0.0,0.0
514,battery,2030,22,10,10,,-0.8872007167083731,0.0,0.0
515,battery,2030,22,11,11,,-0.8872007167083731,0.0,0.0
516,battery,2030,22,12,12,,-0.8872007167083731,0.0,0.0
517,battery,2030,22,13,13,,-0.8872007167083731,0.0,0.0
518,battery,2030,22,14,14,,-0.8872007167083731,0.0,0.0
519,battery,2030,22,15,15,,-0.8872007167083724,0.0,0.0
520,battery,2030,22,16,16,,-0.8872007167083724,0.0,0.0
521,battery,2030,22,17,17,,-0.8872007167083724,0.0,0.0
522,battery,2030,22,18,18,,-0.8872007167083724,0.0,0.0
523,battery,2030,22,19,19,,-0.8872007167083724,0.0,0.0
524,battery,2030,22,20,20,,-0.8872007167083724,0.0,0.0
525,battery,2030,22,21,21,,-0.8872007167083724,0.0,0.0
526,battery,2030,22,22,22,,-0.8872007167083724,0.0,0.0
527,battery,2030,22,23,23,,-0.8872007167083724,0.0,0.0
528,battery,2030,22,24,24,,-0.8872007167083724,0.0,0.0
529,battery,2030,23,1,1,,-0.5707357599291307,0.0,0.0
530,battery,2030,23,2,2,,-0.5150890233360403,0.0,0.0
531,battery,2030,23,3,3,,-0.5150890233360403,0.0,0.0
532,battery,2030,23,4,4,,-0.5150890233360403,0.0,0.0
533,battery,2030,23,5,5,,-0.5150890233360406,0.0,0.0
534,battery,2030,23,6,6,,-0.5150890233360403,0.0,0.0
535,battery,2030,23,7,7,,-0.5150890233360403,0.0,0.0
536,battery,2030,23,8,8,,-0.5150890233360403,0.0,0.0
537,battery,2030,23,9,9,,-0.5150890233360403,0.0,0.0
538,battery,2030,23,10,10,,-0.5150890233360406,0.0,0.0
539,battery,2030,23,11,11,,-0.5150890233360403,0.0,0.0
540,battery,2030,23,12,12,,-0.5150890233360403,0.0,0.0
541,battery,2030,23,13,13,,-0.5150890233360403,0.0,0.0
542,battery,2030,23,14,14,,-0.5150890233360403,0.0,0.0
543,battery,2030,23,15,15,,-0.5150890233360403,0.0,0.0
544,battery,2030,23,16,16,,-0.5150890233360403,0.0,0.0
545,battery,2030,23,17,17,,-0.5150890233360403,0.0,0.0
546,battery,2030,23,18,18,,-0.5150890233360403,0.0,0.0
547,battery,2030,23,19,19,,-0.5150890233360403,0.0,0.0
548,battery,2030,23,20,20,,-0.5150890233360403,0.0,0.0
549,battery,2030,23,21,21,,-0.5150890233360403,0.0,0.0
550,battery,2030,23,22,22,,-0.5150890233360403,0.0,0.0
551,battery,2030,23,23,23,,-0.5150890233360403,0.0,0.0
552,battery,2030,23,24,24,,-0.5150890233360403,0.0,0.0
553,battery,2030,24,1,1,,-0.01319950307941122,0.0,0.0
554,battery,2030,24,2,2,,-0.01319950307941122,0.0,0.0
555,battery,2030,24,3,3,,-0.011912551529168628,0.0,0.0
556,battery,2030,24,4,4,,-0.011912551529168628,0.0,0.0
557,battery,2030,24,5,5,,-0.011912551529168628,-0.28590123670004713,0.0
558,battery,2030,24,6,6,,-0.2978137882292158,0.0,0.0
559,battery,2030,24,7,7,,-0.2978137882292158,0.0,0.0
560,battery,2030,24,8,8,,-0.2978137882292158,0.0,0.0
561,battery,2030,24,9,9,,-0.2978137882292158,0.0,0.0
562,battery,2030,24,10,10,,-0.2978137882292158,0.0,0.0
563,battery,2030,24,11,11,,-0.2978137882292158,0.0,0.0
564,battery,2030,24,12,12,,-0.29781378822921567,0.0,0.0
565,battery,2030,24,13,13,,-0.29781378822921567,0.0,0.0
566,battery,2030,24,14,14,,-0.29781378822921584,0.0,0.0
567,battery,2030,24,15,15,,-0.29781378822921567,0.0,0.0
568,battery,2030,24,16,16,,-0.29781378822921567,0.0,0.0
569,battery,2030,24,17,17,,-0.29781378822921567,0.0,0.0
570,battery,2030,24,18,18,,-0.29781378822921567,0.0,0.0
571,battery,2030,24,19,19,,-0.29781378822921567,0.0,0.0
572,battery,2030,24,20,20,,-0.29781378822921567,0.0,0.0
573,battery,2030,24,21,21,,-0.29781378822921567,0.0,0.0
574,battery,2030,24,22,22,,-0.29781378822921567,0.0,0.0
575,battery,2030,24,23,23,,-0.29781378822921567,0.0,0.0
576,battery,2030,24,24,24,,-0.29781378822921567,0.0,0.0
577,battery,2030,25,1,1,,-0.02639942172065364,0.0,0.0
578,battery,2030,25,2,2,,-0.023825478102889912,0.0,0.0
579,battery,2030,25,3,3,,-0.023825478102889912,0.0,0.0
580,battery,2030,25,4,4,,-0.023825478102889912,0.0,0.0
581,battery,2030,25,5,5,,-0.023825478102889912,0.0,0.0
582,battery,2030,25,6,6,,-0.023825478102889912,0.0,0.0
583,battery,2030,25,7,7,,-0.023825478102889912,0.0,0.0
584,battery,2030,25,8,8,,-0.023825478102889912,0.0,0.0
585,battery,2030,25,9,9,,-0.023825478102889912,0.0,0.0
586,battery,2030,25,10,10,,-0.023825478102889912,0.0,0.0
587,battery,2030,25,11,11,,-0.023825478102889912,0.0,0.0
588,battery,2030,25,12,12,,-0.023825478102889912,0.0,0.0
589,battery,2030,25,13,13,,-0.023825478102889912,0.0,0.0
590,battery,2030,25,14,14,,-0.023825478102889912,0.0,0.0
591,battery,2030,25,15,15,,-0.023825478102889912,0.0,0.0
592,battery,2030,25,16,16,,-0.023825478102889912,0.0,0.0
593,battery,2030,25,17,17,,-0.023825478102889912,0.0,0.0
594,battery,2030,25,18,18,,-0.023825478102889912,0.0,0.0
595,battery,2030,25,19,19,,-0.023825478102889912,0.0,0.0
596,battery,2030,25,20,20,,-0.023825478102889912,0.0,0.0
597,battery,2030,25,21,21,,-0.023825478102889912,0.0,0.0
598,battery,2030,25,22,22,,-0.023825478102889912,0.0,0.0
599,battery,2030,25,23,23,,-0.023825478102889912,0.0,0.0
600,battery,2030,25,24,24,,-0.023825478102889912,0.0,0.0
601,battery,2030,26,1,1,,-0.05139824004931821,0.0,0.0
602,battery,2030,26,2,2,,-0.046386911644509685,0.0,0.0
603,battery,2030,26,3,3,,-0.046386911644509685,0.0,0.0
604,battery,2030,26,4,4,,-0.046386911644509685,0.0,0.0
605,battery,2030,26,5,5,,-0.046386911644509685,0.0,0.0
606,battery,2030,26,6,6,,-0.04638691164450969,0.0,0.0
607,battery,2030,26,7,7,,-0.04638691164450969,0.0,0.0
608,battery,2030,26,8,8,,-0.04638691164450969,0.0,0.0
609,battery,2030,26,9,9,,-0.04638691164450969,0.0,0.0
610,battery,2030,26,10,10,,-0.04638691164450969,0.0,0.0
611,battery,2030,26,11,11,,-0.04638691164450969,0.0,0.0
612,battery,2030,26,12,12,,-0.04638691164450969,0.0,0.0
613,battery,2030,26,13,13,,-0.04638691164450969,0.0,0.0
614,battery,2030,26,14,14,,-0.04638691164450969,0.0,0.0
615,battery,2030,26,15,15,,-0.04638691164450969,0.0,0.0
616,battery,2030,26,16,16,,-0.04638691164450969,0.0,0.0
617,battery,2030,26,17,17,,-0.04638691164450969,0.0,0.0
618,battery,2030,26,18,18,,-0.04638691164450969,0.0,0.0
619,battery,2030,26,19,19,,-0.04638691164450969,0.0,0.0
620,battery,2030,26,20,20,,-0.046386911644509685,0.0,0.0
621,battery,2030,26,21,21,,-0.033133508317506916,0.0,0.0
622,battery,2030,26,22,22,,-0.033133508317506916,0.0,0.0
623,battery,2030,26,23,23,,-0.033133508317506916,0.0,0.0
624,battery,2030,26,24,24,,-0.033133508317506916,0.0,0.0
625,battery,2030,27,1,1,,-0.03780675219120098,0.0,0.0
626,battery,2030,27,2,2,,-0.03412059385255889,0.0,0.0
627,battery,2030,27,3,3,,-0.03412059385255889,0.0,0.0
628,battery,2030,27,4,4,,-0.03412059385255889,0.0,0.0
629,battery,2030,27,5,5,,-0.03412059385255889,0.0,0.0
630,battery,2030,27,6,6,,-0.027004822993714976,0.0,0.0
631,battery,2030,27,7,7,,-0.027004822993714976,-0.007115770858843899,0.0
632,battery,2030,27,8,8,,-0.034120593852558875,0.0,0.0
633,battery,2030,27,9,9,,-0.034120593852558875,0.0,0.0
634,battery,2030,27,10,10,,-0.034120593852558875,0.0,0.0
635,battery,2030,27,11,11,,-0.034120593852558875,0.0,0.0
636,battery,2030,27,12,12,,-0.034120593852558875,0.0,0.0
637,battery,2030,27,13,13,,-0.034120593852558875,0.0,0.0
638,battery,2030,27,14,14,,-0.034120593852558875,0.0,0.0
639,battery,2030,27,15,15,,-0.034120593852558875,0.0,0.0
640,battery,2030,27,16,16,,-0.034120593852558875,0.0,0.0
641,battery,2030,27,17,17,,-0.034120593852558875,0.0,0.0
642,battery,2030,27,18,18,,-0.034120593852558875,0.0,0.0
643,battery,2030,27,19,19,,-0.034120593852558875,0.0,0.0
644,battery,2030,27,20,20,,-0.034120593852558875,0.0,0.0
645,battery,2030,27,21,21,,-0.034120593852558875,0.0,0.0
646,battery,2030,27,22,22,,-0.034120593852558875,0.0,0.0
647,battery,2030,27,23,23,,-0.034120593852558875,0.0,0.0
648,battery,2030,27,24,24,,-0.034120593852558875,0.0,0.0
649,battery,2030,28,1,1,,-0.007053432529611434,0.0,0.0
650,battery,2030,28,2,2,,-0.007053432529611434,0.0,0.0
651,battery,2030,28,3,3,,-0.00636572285797432,0.0,0.0
652,battery,2030,28,4,4,,-0.00636572285797432,0.0,0.0
653,battery,2030,28,5,5,,-0.00636572285797432,0.0,0.0
654,battery,2030,28,6,6,,-0.0002821373011844574,-0.006083585556789862,0.0
655,battery,2030,28,7,7,,-0.00636572285797432,0.0,0.0
656,battery,2030,28,8,8,,-0.00636572285797432,0.0,0.0
657,battery,2030,28,9,9,,-0.00636572285797432,0.0,0.0
658,battery,2030,28,10,10,,-0.00636572285797432,0.0,0.0
659,battery,2030,28,11,11,,-0.00636572285797432,0.0,0.0
660,battery,2030,28,12,12,,-0.00636572285797432,0.0,0.0
661,battery,2030,28,13,13,,-0.00636572285797432,0.0,0.0
662,battery,2030,28,14,14,,-0.00636572285797432,-0.0025462891431897302,0.0
663,battery,2030,28,15,15,,-0.00891201200116405,0.0,0.0
664,battery,2030,28,16,16,,-0.00891201200116405,0.0,0.0
665,battery,2030,28,17,17,,-0.00891201200116405,0.0,0.0
666,battery,2030,28,18,18,,-0.00891201200116405,0.0,0.0
667,battery,2030,28,19,19,,-0.00891201200116405,0.0,0.0
668,battery,2030,28,20,20,,-0.00891201200116405,0.0,0.0
669,battery,2030,28,21,21,,-0.00891201200116405,0.0,0.0
670,battery,2030,28,22,22,,-0.00891201200116405,0.0,0.0
671,battery,2030,28,23,23,,-0.00891201200116405,0.0,0.0
672,battery,2030,28,24,24,,0.0,0.0,0.0
673,battery,2030,29,1,1,,-0.012936848700241069,0.0,0.0
674,battery,2030,29,2,2,,-0.012936848700241069,0.0,0.0
675,battery,2030,29,3,3,,-0.011675505951967566,0.0,0.0
676,battery,2030,29,4,4,,-0.011675505951967566,0.0,0.0
677,battery,2030,29,5,5,,-0.011675505951967566,0.0,0.0
678,battery,2030,29,6,6,,-0.011675505951967566,0.0,0.0
679,battery,2030,29,7,7,,-0.011675505951967566,0.0,0.0
680,battery,2030,29,8,8,,-0.011675505951967566,0.0,0.0
681,battery,2030,29,9,9,,-0.011675505951967566,0.0,0.0
682,battery,2030,29,10,10,,-0.011675505951967566,0.0,0.0
683,battery,2030,29,11,11,,-0.011675505951967566,0.0,0.0
684,battery,2030,29,12,12,,-0.011675505951967566,0.0,0.0
685,battery,2030,29,13,13,,-0.011675505951967566,0.0,0.0
686,battery,2030,29,14,14,,-0.011675505951967566,0.0,0.0
687,battery,2030,29,15,15,,-0.011675505951967566,0.0,0.0
688,battery,2030,29,16,16,,-0.011675505951967566,0.0,0.0
689,battery,2030,29,17,17,,-0.011675505951967566,0.0,0.0
690,battery,2030,29,18,18,,-0.011675505951967566,0.0,0.0
691,battery,2030,29,19,19,,-0.011675505951967566,0.0,0.0
692,battery,2030,29,20,20,,-0.011675505951967566,0.0,0.0
693,battery,2030,29,21,21,,-0.011675505951967566,0.0,0.0
694,battery,2030,29,22,22,,-0.011675505951967566,0.0,0.0
695,battery,2030,29,23,23,,-0.011675505951967566,0.0,0.0
696,battery,2030,29,24,24,,-0.011675505951967566,0.0,0.0
697,battery,2030,30,1,1,,-0.008361010645942399,0.0,0.0
698,battery,2030,30,2,2,,-0.008361010645942399,0.0,0.0
699,battery,2030,30,3,3,,-0.008361010645942399,0.0,0.0
700,battery,2030,30,4,4,,-0.007545812107963016,0.0,0.0
701,battery,2030,30,5,5,,-0.007545812107963016,0.0,0.0
702,battery,2030,30,6,6,,-0.007545812107963016,0.0,0.0
703,battery,2030,30,7,7,,-0.007545812107963016,-0.0030183248431852067,0.0
704,battery,2030,30,8,8,,-0.010564136951148223,0.0,0.0
705,battery,2030,30,9,9,,-0.010564136951148223,0.0,0.0
706,battery,2030,30,10,10,,-0.010564136951148223,0.0,0.0
707,battery,2030,30,11,11,,-0.010564136951148223,0.0,0.0
708,battery,2030,30,12,12,,-0.010564136951148223,0.0,0.0
709,battery,2030,30,13,13,,-0.010564136951148223,0.0,0.0
710,battery,2030,30,14,14,,-0.010564136951148223,0.0,0.0
711,battery,2030,30,15,15,,-0.010564136951148223,0.0,0.0
712,battery,2030,30,16,16,,-0.010564136951148223,0.0,0.0
713,battery,2030,30,17,17,,-0.010564136951148223,0.0,0.0
714,battery,2030,30,18,18,,-0.010564136951148223,0.0,0.0
715,battery,2030,30,19,19,,-0.010564136951148223,0.0,0.0
716,battery,2030,30,20,20,,-0.010564136951148223,0.0,0.0
717,battery,2030,30,21,21,,-0.010564136951148223,0.0,0.0
718,battery,2030,30,22,22,,-0.010564136951148223,0.0,0.0
719,battery,2030,30,23,23,,-0.010564136951148223,0.0,0.0
720,battery,2030,30,24,24,,-0.007545812107963016,0.0,0.0
721,battery,2030,31,1,1,,-0.018206060367768243,0.0,0.0
722,battery,2030,31,2,2,,-0.018206060367768243,0.0,0.0
723,battery,2030,31,3,3,,-0.018206060367768243,0.0,0.0
724,battery,2030,31,4,4,,-0.018206060367768243,0.0,0.0
725,battery,2030,31,5,5,,-0.018206060367768243,0.0,0.0
726,battery,2030,31,6,6,,-0.018206060367768243,0.0,0.0
727,battery,2030,31,7,7,,-0.018206060367768243,0.0,0.0
728,battery,2030,31,8,8,,-0.018206060367768243,0.0,0.0
729,battery,2030,31,9,9,,-0.018206060367768243,0.0,0.0
730,battery,2030,31,10,10,,-0.018206060367768243,0.0,0.0
731,battery,2030,31,11,11,,-0.018206060367768243,0.0,0.0
732,battery,2030,31,12,12,,-0.018206060367768243,0.0,0.0
733,battery,2030,31,13,13,,-0.018206060367768246,0.0,0.0
734,battery,2030,31,14,14,,-0.018206060367768246,0.0,0.0
735,battery,2030,31,15,15,,-0.018206060367768246,0.0,0.0
736,battery,2030,31,16,16,,-0.018206060367768246,0.0,0.0
737,battery,2030,31,17,17,,-0.018206060367768246,0.0,0.0
738,battery,2030,31,18,18,,-0.018206060367768246,0.0,0.0
739,battery,2030,31,19,19,,-0.018206060367768243,0.0,0.0
740,battery,2030,31,20,20,,-0.014409228625063903,0.0,0.0
741,battery,2030,31,21,21,,-0.013004328834120173,0.0,0.0
742,battery,2030,31,22,22,,-0.013004328834120173,0.0,0.0
743,battery,2030,31,23,23,,-0.013004328834120173,0.0,0.0
744,battery,2030,31,24,24,,-0.013004328834120173,0.0,0.0
745,battery,2030,32,1,1,,-0.011762827755671786,0.0,0.0
746,battery,2030,32,2,2,,-0.011762827755671786,0.0,0.0
747,battery,2030,32,3,3,,-0.010615952049493787,0.0,0.0
748,battery,2030,32,4,4,,-0.010615952049493787,0.0,0.0
749,battery,2030,32,5,5,,-0.010615952049493787,0.0,0.0
750,battery,2030,32,6,6,,-0.010615952049493787,0.0,0.0
751,battery,2030,32,7,7,,-0.010615952049493787,0.0,0.0
752,battery,2030,32,8,8,,-0.010615952049493787,0.0,0.0
753,battery,2030,32,9,9,,-0.010615952049493787,0.0,0.0
754,battery,2030,32,10,10,,-0.010615952049493787,0.0,0.0
755,battery,2030,32,11,11,,-0.010615952049493787,0.0,0.0
756,battery,2030,32,12,12,,-0.010615952049493787,0.0,0.0
757,battery,2030,32,13,13,,-0.010615952049493787,0.0,0.0
758,battery,2030,32,14,14,,-0.010615952049493787,0.0,0.0
759,battery,2030,32,15,15,,-0.010615952049493787,0.0,0.0
760,battery,2030,32,16,16,,-0.010615952049493787,0.0,0.0
761,battery,2030,32,17,17,,-0.010615952049493787,0.0,0.0
762,battery,2030,32,18,18,,-0.010615952049493787,0.0,0.0
763,battery,2030,32,19,19,,-0.010615952049493787,0.0,0.0
764,battery,2030,32,20,20,,-0.010615952049493787,0.0,0.0
765,battery,2030,32,21,21,,-0.010615952049493787,0.0,0.0
766,battery,2030,32,22,22,,-0.010615952049493787,0.0,0.0
767,battery,2030,32,23,23,,-0.010615952049493787,0.0,0.0
768,battery,2030,32,24,24,,-0.010615952049493787,0.0,0.0
769,battery,2030,33,1,1,,-0.022694535377280035,0.0,0.0
770,battery,2030,33,2,2,,-0.022694535377280035,0.0,0.0
771,battery,2030,33,3,3,,-0.022694535377280035,0.0,0.0
772,battery,2030,33,4,4,,-0.022694535377280035,0.0,0.0
773,battery,2030,33,5,5,,-0.022694535377280035,0.0,0.0
774,battery,2030,33,6,6,,-0.022694535377280035,0.0,0.0
775,battery,2030,33,7,7,,-0.022694535377280035,0.0,0.0
776,battery,2030,33,8,8,,-0.022694535377280035,0.0,0.0
777,battery,2030,33,9,9,,-0.022694535377280035,0.0,0.0
778,battery,2030,33,10,10,,-0.022694535377280035,0.0,0.0
779,battery,2030,33,11,11,,-0.022694535377280035,0.0,0.0
780,battery,2030,33,12,12,,-0.022694535377280035,0.0,0.0
781,battery,2030,33,13,13,,-0.022694535377280035,0.0,0.0
782,battery,2030,33,14,14,,-0.022694535377280035,0.0,0.0
783,battery,2030,33,15,15,,-0.022694535377280035,0.0,0.0
784,battery,2030,33,16,16,,-0.022694535377280035,0.0,0.0
785,battery,2030,33,17,17,,-0.02269453537728003,0.0,0.0
786,battery,2030,33,18,18,,-0.01796164256215277,0.0,0.0
787,battery,2030,33,19,19,,-0.016210382412342877,0.0,0.0
788,battery,2030,33,20,20,,-0.016210382412342877,0.0,0.0
789,battery,2030,33,21,21,,-0.016210382412342877,0.0,0.0
790,battery,2030,33,22,22,,-0.016210382412342877,0.0,0.0
791,battery,2030,33,23,23,,-0.016210382412342877,0.0,0.0
792,battery,2030,33,24,24,,-0.016210382412342877,0.0,0.0
793,battery,2030,34,1,1,,-0.011404100775889221,0.0,0.0
794,battery,2030,34,2,2,,-0.010292200950240023,0.0,0.0
795,battery,2030,34,3,3,,-0.010292200950240023,0.0,0.0
796,battery,2030,34,4,4,,-0.0004561640310355689,0.0,0.0
797,battery,2030,34,5,5,,-0.0004561640310355689,0.0,0.0
798,battery,2030,34,6,6,,-0.0004561640310355689,-0.009836036919204455,0.0
799,battery,2030,34,7,7,,-0.010292200950240023,0.0,0.0
800,battery,2030,34,8,8,,-0.010292200950240023,0.0,0.0
801,battery,2030,34,9,9,,-0.010292200950240023,0.0,0.0
802,battery,2030,34,10,10,,-0.010292200950240023,0.0,0.0
803,battery,2030,34,11,11,,-0.010292200950240023,0.0,0.0
804,battery,2030,34,12,12,,-0.010292200950240023,0.0,0.0
805,battery,2030,34,13,13,,-0.010292200950240023,0.0,0.0
806,battery,2030,34,14,14,,-0.010292200950240023,-0.0041168803800960135,0.0
807,battery,2030,34,15,15,,-0.014409081330336037,0.0,0.0
808,battery,2030,34,16,16,,-0.014409081330336037,0.0,0.0
809,battery,2030,34,17,17,,-0.014409081330336037,0.0,0.0
810,battery,2030,34,18,18,,-0.014409081330336037,0.0,0.0
811,battery,2030,34,19,19,,-0.014409081330336037,0.0,0.0
812,battery,2030,34,20,20,,-0.014409081330336037,0.0,0.0
813,battery,2030,34,21,21,,-0.014409081330336037,0.0,0.0
814,battery,2030,34,22,22,,-0.014409081330336035,0.0,0.0
815,battery,2030,34,23,23,,-0.010292200950240023,0.0,0.0
816,battery,2030,34,24,24,,-0.010292200950240023,0.0,0.0
817,battery,2030,35,1,1,,-0.012038327563058058,0.0,0.0
818,battery,2030,35,2,2,,-0.012038327563058058,0.0,0.0
819,battery,2030,35,3,3,,-0.0108645906256599,0.0,0.0
820,battery,2030,35,4,4,,-0.0108645906256599,0.0,0.0
821,battery,2030,35,5,5,,-0.0108645906256599,0.0,0.0
822,battery,2030,35,6,6,,-0.0108645906256599,0.0,0.0
823,battery,2030,35,7,7,,-0.0108645906256599,0.0,0.0
824,battery,2030,35,8,8,,-0.0108645906256599,0.0,0.0
825,battery,2030,35,9,9,,-0.0108645906256599,0.0,0.0
826,battery,2030,35,10,10,,-0.0108645906256599,0.0,0.0
827,battery,2030,35,11,11,,-0.0108645906256599,0.0,0.0
828,battery,2030,35,12,12,,-0.0108645906256599,0.0,0.0
829,battery,2030,35,13,13,,-0.0108645906256599,0.0,0.0
830,battery,2030,35,14,14,,-0.0108645906256599,0.0,0.0
831,battery,2030,35,15,15,,-0.0108645906256599,0.0,0.0
832,battery,2030,35,16,16,,-0.0108645906256599,0.0,0.0
833,battery,2030,35,17,17,,-0.0108645906256599,0.0,0.0
834,battery,2030,35,18,18,,-0.0108645906256599,0.0,0.0
835,battery,2030,35,19,19,,-0.0108645906256599,0.0,0.0
836,battery,2030,35,20,20,,-0.0108645906256599,0.0,0.0
837,battery,2030,35,21,21,,-0.0108645906256599,0.0,0.0
838,battery,2030,35,22,22,,-0.0108645906256599,0.0,0.0
839,battery,2030,35,23,23,,-0.0108645906256599,0.0,0.0
840,battery,2030,35,24,24,,-0.0108645906256599,0.0,0.0
841,battery,2030,36,1,1,,-0.009967159656402097,0.0,0.0
842,battery,2030,36,2,2,,-0.009967159656402097,0.0,0.0
843,battery,2030,36,3,3,,-0.008995361589902894,0.0,0.0
844,battery,2030,36,4,4,,-0.008995361589902894,0.0,0.0
845,battery,2030,36,5,5,,-0.008995361589902894,0.0,0.0
846,battery,2030,36,6,6,,-0.008995361589902894,-0.0035981446359611598,0.0
847,battery,2030,36,7,7,,-0.012593506225864054,0.0,0.0
848,battery,2030,36,8,8,,-0.012593506225864054,0.0,0.0
849,battery,2030,36,9,9,,-0.012593506225864054,0.0,0.0
850,battery,2030,36,10,10,,-0.012593506225864054,0.0,0.0
851,battery,2030,36,11,11,,-0.012593506225864054,0.0,0.0
852,battery,2030,36,12,12,,-0.012593506225864054,0.0,0.0
853,battery,2030,36,13,13,,-0.012593506225864054,0.0,0.0
854,battery,2030,36,14,14,,-0.012593506225864054,0.0,0.0
855,battery,2030,36,15,15,,-0.012593506225864054,0.0,0.0
856,battery,2030,36,16,16,,-0.012593506225864054,0.0,0.0
857,battery,2030,36,17,17,,-0.012593506225864054,0.0,0.0
858,battery,2030,36,18,18,,-0.012593506225864054,0.0,0.0
859,battery,2030,36,19,19,,-0.012593506225864054,0.0,0.0
860,battery,2030,36,20,20,,-0.012593506225864054,0.0,0.0
861,battery,2030,36,21,21,,-0.012593506225864054,0.0,0.0
862,battery,2030,36,22,22,,-0.012593506225864054,0.0,0.0
863,battery,2030,36,23,23,,-0.012593506225864054,0.0,0.0
864,battery,2030,36,24,24,,-0.01259350622586405,0.0,0.0
865,battery,2030,37,1,1,,-0.011447587771538542,0.0,0.0
866,battery,2030,37,2,2,,-0.011447587771538542,0.0,0.0
867,battery,2030,37,3,3,,-0.010331447963813535,0.0,0.0
868,battery,2030,37,4,4,,-0.010331447963813535,0.0,0.0
869,battery,2030,37,5,5,,-0.010331447963813535,0.0,0.0
870,battery,2030,37,6,6,,-0.010331447963813535,0.0,0.0
871,battery,2030,37,7,7,,-0.010331447963813535,0.0,0.0
872,battery,2030,37,8,8,,-0.010331447963813535,0.0,0.0
873,battery,2030,37,9,9,,-0.010331447963813535,0.0,0.0
874,battery,2030,37,10,10,,-0.010331447963813535,0.0,0.0
875,battery,2030,37,11,11,,-0.010331447963813535,0.0,0.0
876,battery,2030,37,12,12,,-0.010331447963813535,0.0,0.0
877,battery,2030,37,13,13,,-0.010331447963813535,0.0,0.0
878,battery,2030,37,14,14,,-0.010331447963813535,0.0,0.0
879,battery,2030,37,15,15,,-0.010331447963813535,0.0,0.0
880,battery,2030,37,16,16,,-0.010331447963813535,0.0,0.0
881,battery,2030,37,17,17,,-0.010331447963813535,0.0,0.0
882,battery,2030,37,18,18,,-0.010331447963813535,0.0,0.0
883,battery,2030,37,19,19,,-0.010331447963813535,0.0,0.0
884,battery,2030,37,20,20,,-0.010331447963813535,0.0,0.0
885,battery,2030,37,21,21,,-0.010331447963813535,0.0,0.0
886,battery,2030,37,22,22,,-0.010331447963813535,0.0,0.0
887,battery,2030,37,23,23,,-0.010331447963813535,0.0,0.0
888,battery,2030,37,24,24,,-0.010331447963813535,0.0,0.0
889,battery,2030,38,1,1,,-0.02605609226403695,0.0,0.0
890,battery,2030,38,2,2,,-0.023515623268293352,0.0,0.0
891,battery,2030,38,3,3,,-0.023515623268293352,0.0,0.0
892,battery,2030,38,4,4,,-0.023515623268293352,0.0,0.0
893,battery,2030,38,5,5,,-0.023515623268293352,0.0,0.0
894,battery,2030,38,6,6,,-0.023515623268293352,-0.009406249307317337,0.0
895,battery,2030,38,7,7,,-0.03292187257561069,0.0,0.0
896,battery,2030,38,8,8,,-0.03292187257561069,0.0,0.0
897,battery,2030,38,9,9,,-0.03292187257561069,0.0,0.0
898,battery,2030,38,10,10,,-0.03292187257561069,0.0,0.0
899,battery,2030,38,11,11,,-0.03292187257561069,0.0,0.0
900,battery,2030,38,12,12,,-0.03292187257561069,0.0,0.0
901,battery,2030,38,13,13,,-0.03292187257561069,0.0,0.0
902,battery,2030,38,14,14,,-0.03292187257561069,0.0,0.0
903,battery,2030,38,15,15,,-0.03292187257561069,0.0,0.0
904,battery,2030,38,16,16,,-0.03292187257561069,0.0,0.0
905,battery,2030,38,17,17,,-0.03292187257561069,0.0,0.0
906,battery,2030,38,18,18,,-0.03292187257561069,0.0,0.0
907,battery,2030,38,19,19,,-0.03292187257561069,0.0,0.0
908,battery,2030,38,20,20,,-0.03292187257561069,0.0,0.0
909,battery,2030,38,21,21,,-0.032921872575610696,0.0,0.0
910,battery,2030,38,22,22,,-0.023515623268293352,0.0,0.0
911,battery,2030,38,23,23,,-0.023515623268293352,0.0,0.0
912,battery,2030,38,24,24,,-0.023515623268293352,0.0,0.0
913,battery,2030,39,1,1,,-0.005188833724680838,0.0,0.0
914,battery,2030,39,2,2,,-0.005188833724680838,0.0,0.0
915,battery,2030,39,3,3,,-0.005188833724680838,0.0,0.0
916,battery,2030,39,4,4,,-0.005188833724680838,0.0,0.0
917,battery,2030,39,5,5,,-0.005188833724680838,0.0,0.0
918,battery,2030,39,6,6,,-0.005188833724680838,0.0,0.0
919,battery,2030,39,7,7,,-0.005188833724680838,0.0,0.0
920,battery,2030,39,8,8,,-0.005188833724680838,0.0,0.0
921,battery,2030,39,9,9,,-0.005188833724680838,0.0,0.0
922,battery,2030,39,10,10,,-0.005188833724680838,0.0,0.0
923,battery,2030,39,11,11,,-0.005188833724680838,0.0,0.0
924,battery,2030,39,12,12,,-0.005188833724680838,0.0,0.0
925,battery,2030,39,13,13,,-0.005188833724680838,0.0,0.0
926,battery,2030,39,14,14,,-0.005188833724680838,0.0,0.0
927,battery,2030,39,15,15,,-0.005188833724680838,0.0,0.0
928,battery,2030,39,16,16,,-0.005188833724680838,0.0,0.0
929,battery,2030,39,17,17,,-0.005188833724680838,0.0,0.0
930,battery,2030,39,18,18,,-0.005188833724680838,0.0,0.0
931,battery,2030,39,19,19,,-0.005188833724680838,0.0,0.0
932,battery,2030,39,20,20,,-0.005188833724680838,0.0,0.0
933,battery,2030,39,21,21,,-0.005188833724680838,0.0,0.0
934,battery,2030,39,22,22,,-0.005188833724680838,0.0,0.0
935,battery,2030,39,23,23,,-0.005188833724680838,0.0,0.0
936,battery,2030,39,24,24,,0.0,0.0,0.0
937,battery,2030,40,1,1,,-0.02747091868216811,0.0,0.0
938,battery,2030,40,2,2,,-0.024792504110656723,0.0,0.0
939,battery,2030,40,3,3,,-0.024792504110656723,0.0,0.0
940,battery,2030,40,4,4,,-0.024792504110656723,0.0,0.0
941,battery,2030,40,5,5,,-0.024792504110656723,0.0,0.0
942,battery,2030,40,6,6,,-0.019622084772977225,0.0,0.0
943,battery,2030,40,7,7,,-0.019622084772977225,0.0,0.0
944,battery,2030,40,8,8,,-0.019622084772977225,-0.005170419337679498,0.0
945,battery,2030,40,9,9,,-0.024792504110656723,0.0,0.0
946,battery,2030,40,10,10,,-0.017708931507611946,0.0,0.0
947,battery,2030,40,11,11,,-0.017708931507611946,0.0,0.0
948,battery,2030,40,12,12,,-0.017708931507611946,0.0,0.0
949,battery,2030,40,13,13,,-0.017708931507611946,0.0,0.0
950,battery,2030,40,14,14,,-0.017708931507611946,0.0,0.0
951,battery,2030,40,15,15,,-0.017708931507611946,0.0,0.0
952,battery,2030,40,16,16,,-0.017708931507611946,0.0,0.0
953,battery,2030,40,17,17,,-0.017708931507611946,0.0,0.0
954,battery,2030,40,18,18,,-0.017708931507611946,0.0,0.0
955,battery,2030,40,19,19,,-0.017708931507611946,0.0,0.0
956,battery,2030,40,20,20,,-0.017708931507611946,0.0,0.0
957,battery,2030,40,21,21,,-0.017708931507611946,0.0,0.0
958,battery,2030,40,22,22,,-0.017708931507611946,0.0,0.0
959,battery,2030,40,23,23,,-0.017708931507611946,0.0,0.0
960,battery,2030,40,24,24,,-0.017708931507611946,0.0,0.0
961,battery,2030,41,1,1,,-0.0077310000487970185,0.0,0.0
962,battery,2030,41,2,2,,-0.0077310000487970185,0.0,0.0
963,battery,2030,41,3,3,,-0.0077310000487970185,0.0,0.0
964,battery,2030,41,4,4,,-0.00697722754403931,0.0,0.0
965,battery,2030,41,5,5,,-0.00697722754403931,0.0,0.0
966,battery,2030,41,6,6,,-0.00697722754403931,0.0,0.0
967,battery,2030,41,7,7,,-0.00697722754403931,0.0,0.0
968,battery,2030,41,8,8,,-0.00697722754403931,0.0,0.0
969,battery,2030,41,9,9,,-0.00697722754403931,0.0,0.0
970,battery,2030,41,10,10,,-0.00697722754403931,0.0,0.0
971,battery,2030,41,11,11,,-0.00697722754403931,0.0,0.0
972,battery,2030,41,12,12,,-0.00697722754403931,0.0,0.0
973,battery,2030,41,13,13,,-0.00697722754403931,0.0,0.0
974,battery,2030,41,14,14,,-0.00697722754403931,0.0,0.0
975,battery,2030,41,15,15,,-0.00697722754403931,-0.001984662868012357,0.0
976,battery,2030,41,16,16,,-0.008961890412051667,0.0,0.0
977,battery,2030,41,17,17,,-0.008961890412051667,0.0,0.0
978,battery,2030,41,18,18,,-0.00697722754403931,0.0,0.0
979,battery,2030,41,19,19,,-0.00697722754403931,0.0,0.0
980,battery,2030,41,20,20,,-0.00697722754403931,0.0,0.0
981,battery,2030,41,21,21,,-0.00697722754403931,0.0,0.0
982,battery,2030,41,22,22,,-0.00697722754403931,0.0,0.0
983,battery,2030,41,23,23,,-0.00697722754403931,0.0,0.0
984,battery,2030,41,24,24,,0.0,0.0,0.0
985,battery,2030,42,1,1,,-0.012476141384452775,0.0,0.0
986,battery,2030,42,2,2,,-0.012476141384452775,0.0,0.0
987,battery,2030,42,3,3,,-0.01125971759946863,0.0,0.0
988,battery,2030,42,4,4,,-0.01125971759946863,0.0,0.0
989,battery,2030,42,5,5,,-0.01125971759946863,-0.00450388703978746,0.0
990,battery,2030,42,6,6,,-0.01576360463925609,0.0,0.0
991,battery,2030,42,7,7,,-0.01576360463925609,0.0,0.0
992,battery,2030,42,8,8,,-0.01576360463925609,0.0,0.0
993,battery,2030,42,9,9,,-0.01576360463925609,0.0,0.0
994,battery,2030,42,10,10,,-0.01576360463925609,0.0,0.0
995,battery,2030,42,11,11,,-0.01576360463925609,0.0,0.0
996,battery,2030,42,12,12,,-0.01576360463925609,0.0,0.0
997,battery,2030,42,13,13,,-0.01576360463925609,0.0,0.0
998,battery,2030,42,14,14,,-0.01576360463925609,0.0,0.0
999,battery,2030,42,15,15,,-0.01576360463925609,0.0,0.0
1000,battery,2030,42,16,16,,-0.01576360463925609,0.0,0.0
1001,battery,2030,42,17,17,,-0.01576360463925609,0.0,0.0
1002,battery,2030,42,18,18,,-0.01576360463925609,0.0,0.0
1003,battery,2030,42,19,19,,-0.01576360463925609,0.0,0.0
1004,battery,2030,42,20,20,,-0.01576360463925609,0.0,0.0
1005,battery,2030,42,21,21,,-0.01576360463925609,0.0,0.0
1006,battery,2030,42,22,22,,-0.012476141384452775,0.0,0.0
1007,battery,2030,42,23,23,,-0.012476141384452775,0.0,0.0
1008,battery,2030,42,24,24,,-0.01125971759946863,0.0,0.0
1009,battery,2030,43,1,1,,-0.02070350692805161,0.0,0.0
1010,battery,2030,43,2,2,,-0.018684915002566582,0.0,0.0
1011,battery,2030,43,3,3,,-0.018684915002566582,0.0,0.0
1012,battery,2030,43,4,4,,-0.018684915002566582,0.0,0.0
1013,battery,2030,43,5,5,,-0.018684915002566582,0.0,0.0
1014,battery,2030,43,6,6,,-0.018684915002566582,0.0,0.0
1015,battery,2030,43,7,7,,-0.018684915002566582,0.0,0.0
1016,battery,2030,43,8,8,,-0.018684915002566582,0.0,0.0
1017,battery,2030,43,9,9,,-0.018684915002566582,0.0,0.0
1018,battery,2030,43,10,10,,-0.018684915002566582,0.0,0.0
1019,battery,2030,43,11,11,,-0.018684915002566582,0.0,0.0
1020,battery,2030,43,12,12,,-0.018684915002566582,0.0,0.0
1021,battery,2030,43,13,13,,-0.018684915002566582,0.0,0.0
1022,battery,2030,43,14,14,,-0.018684915002566582,0.0,0.0
1023,battery,2030,43,15,15,,-0.018684915002566582,0.0,0.0
1024,battery,2030,43,16,16,,-0.018684915002566582,0.0,0.0
1025,battery,2030,43,17,17,,-0.018684915002566582,0.0,0.0
1026,battery,2030,43,18,18,,-0.018684915002566582,0.0,0.0
1027,battery,2030,43,19,19,,-0.018684915002566582,0.0,0.0
1028,battery,2030,43,20,20,,-0.018684915002566582,0.0,0.0
1029,battery,2030,43,21,21,,-0.018684915002566582,0.0,0.0
1030,battery,2030,43,22,22,,-0.018684915002566582,0.0,0.0
1031,battery,2030,43,23,23,,-0.018684915002566582,0.0,0.0
1032,battery,2030,43,24,24,,-0.018684915002566582,0.0,0.0
1033,battery,2030,44,1,1,,-0.0074388864734054394,0.0,0.0
1034,battery,2030,44,2,2,,-0.0074388864734054394,0.0,0.0
1035,battery,2030,44,3,3,,-0.0074388864734054394,0.0,0.0
1036,battery,2030,44,4,4,,-0.00671359504224841,0.0,0.0
1037,battery,2030,44,5,5,,-0.00671359504224841,0.0,0.0
1038,battery,2030,44,6,6,,-0.00671359504224841,0.0,0.0
1039,battery,2030,44,7,7,,-0.00671359504224841,0.0,0.0
1040,battery,2030,44,8,8,,-0.00671359504224841,0.0,0.0
1041,battery,2030,44,9,9,,-0.00671359504224841,0.0,0.0
1042,battery,2030,44,10,10,,-0.00671359504224841,0.0,0.0
1043,battery,2030,44,11,11,,-0.00671359504224841,0.0,0.0
1044,battery,2030,44,12,12,,-0.00671359504224841,0.0,0.0
1045,battery,2030,44,13,13,,-0.00671359504224841,0.0,0.0
1046,battery,2030,44,14,14,,-0.00671359504224841,0.0,0.0
1047,battery,2030,44,15,15,,-0.00671359504224841,0.0,0.0
1048,battery,2030,44,16,16,,-0.00671359504224841,0.0,0.0
1049,battery,2030,44,17,17,,-0.00671359504224841,-0.002561641899696405,0.0
1050,battery,2030,44,18,18,,-0.009275236941944815,0.0,0.0
1051,battery,2030,44,19,19,,-0.009275236941944815,0.0,0.0
1052,battery,2030,44,20,20,,-0.0074388864734054394,0.0,0.0
1053,battery,2030,44,21,21,,-0.00671359504224841,0.0,0.0
1054,battery,2030,44,22,22,,-0.00671359504224841,0.0,0.0
1055,battery,2030,44,23,23,,-0.00671359504224841,0.0,0.0
1056,battery,2030,44,24,24,,0.0,0.0,0.0
1057,battery,2030,45,1,1,,-0.02508696040213319,0.0,0.0
1058,battery,2030,45,2,2,,-0.022640981762925207,0.0,0.0
1059,battery,2030,45,3,3,,-0.022640981762925207,0.0,0.0
1060,battery,2030,45,4,4,,-0.022640981762925207,0.0,0.0
1061,battery,2030,45,5,5,,-0.022640981762925207,0.0,0.0
1062,battery,2030,45,6,6,,-0.022640981762925207,-0.009056392705170085,0.0
1063,battery,2030,45,7,7,,-0.03169737446809529,0.0,0.0
1064,battery,2030,45,8,8,,-0.03169737446809529,0.0,0.0
1065,battery,2030,45,9,9,,-0.03169737446809529,0.0,0.0
1066,battery,2030,45,10,10,,-0.03169737446809529,0.0,0.0
1067,battery,2030,45,11,11,,-0.03169737446809529,0.0,0.0
1068,battery,2030,45,12,12,,-0.03169737446809529,0.0,0.0
1069,battery,2030,45,13,13,,-0.03169737446809529,0.0,0.0
1070,battery,2030,45,14,14,,-0.03169737446809529,0.0,0.0
1071,battery,2030,45,15,15,,-0.02508696040213319,0.0,0.0
1072,battery,2030,45,16,16,,-0.022640981762925207,0.0,0.0
1073,battery,2030,45,17,17,,-0.022640981762925207,0.0,0.0
1074,battery,2030,45,18,18,,-0.022640981762925207,0.0,0.0
1075,battery,2030,45,19,19,,-0.022640981762925207,0.0,0.0
1076,battery,2030,45,20,20,,-0.022640981762925207,0.0,0.0
1077,battery,2030,45,21,21,,-0.022640981762925207,0.0,0.0
1078,battery,2030,45,22,22,,-0.022640981762925207,0.0,0.0
1079,battery,2030,45,23,23,,-0.022640981762925207,0.0,0.0
1080,battery,2030,45,24,24,,-0.022640981762925207,0.0,0.0
1081,battery,2030,46,1,1,,-0.06290464409161642,0.0,0.0
1082,battery,2030,46,2,2,,-0.05677144129268382,0.0,0.0
1083,battery,2030,46,3,3,,-0.05677144129268382,0.0,0.0
1084,battery,2030,46,4,4,,-0.05677144129268382,0.0,0.0
1085,battery,2030,46,5,5,,-0.05677144129268382,0.0,0.0
1086,battery,2030,46,6,6,,-0.05677144129268382,-0.022708576517073524,0.0
1087,battery,2030,46,7,7,,-0.07948001780975734,0.0,0.0
1088,battery,2030,46,8,8,,-0.07948001780975734,0.0,0.0
1089,battery,2030,46,9,9,,-0.07948001780975734,0.0,0.0
1090,battery,2030,46,10,10,,-0.07948001780975734,0.0,0.0
1091,battery,2030,46,11,11,,-0.07948001780975734,0.0,0.0
1092,battery,2030,46,12,12,,-0.07948001780975734,0.0,0.0
1093,battery,2030,46,13,13,,-0.07948001780975734,0.0,0.0
1094,battery,2030,46,14,14,,-0.07948001780975734,0.0,0.0
1095,battery,2030,46,15,15,,-0.07948001780975734,0.0,0.0
1096,battery,2030,46,16,16,,-0.07948001780975734,0.0,0.0
1097,battery,2030,46,17,17,,-0.07948001780975734,0.0,0.0
1098,battery,2030,46,18,18,,-0.07948001780975734,0.0,0.0
1099,battery,2030,46,19,19,,-0.07948001780975734,0.0,0.0
1100,battery,2030,46,20,20,,-0.07948001780975734,0.0,0.0
1101,battery,2030,46,21,21,,-0.07948001780975734,0.0,0.0
1102,battery,2030,46,22,22,,-0.07948001780975734,0.0,0.0
1103,battery,2030,46,23,23,,-0.07948001780975734,0.0,0.0
1104,battery,2030,46,24,24,,-0.07948001780975734,0.0,0.0
1105,battery,2030,47,1,1,,-0.021196166568415484,0.0,0.0
1106,battery,2030,47,2,2,,-0.01912954032799498,0.0,0.0
1107,battery,2030,47,3,3,,-0.01912954032799498,0.0,0.0
1108,battery,2030,47,4,4,,-0.01912954032799498,0.0,0.0
1109,battery,2030,47,5,5,,-0.01912954032799498,0.0,0.0
1110,battery,2030,47,6,6,,-0.01912954032799498,0.0,0.0
1111,battery,2030,47,7,7,,-0.01912954032799498,0.0,0.0
1112,battery,2030,47,8,8,,-0.01912954032799498,0.0,0.0
1113,battery,2030,47,9,9,,-0.01912954032799498,0.0,0.0
1114,battery,2030,47,10,10,,-0.01912954032799498,0.0,0.0
1115,battery,2030,47,11,11,,-0.01912954032799498,0.0,0.0
1116,battery,2030,47,12,12,,-0.01912954032799498,0.0,0.0
1117,battery,2030,47,13,13,,-0.01912954032799498,0.0,0.0
1118,battery,2030,47,14,14,,-0.01912954032799498,0.0,0.0
1119,battery,2030,47,15,15,,-0.01912954032799498,0.0,0.0
1120,battery,2030,47,16,16,,-0.01912954032799498,0.0,0.0
1121,battery,2030,47,17,17,,-0.01912954032799498,0.0,0.0
1122,battery,2030,47,18,18,,-0.01912954032799498,0.0,0.0
1123,battery,2030,47,19,19,,-0.01912954032799498,0.0,0.0
1124,battery,2030,47,20,20,,-0.01912954032799498,0.0,0.0
1125,battery,2030,47,21,21,,-0.01912954032799498,0.0,0.0
1126,battery,2030,47,22,22,,-0.01912954032799498,0.0,0.0
1127,battery,2030,47,23,23,,-0.01912954032799498,0.0,0.0
1128,battery,2030,47,24,24,,-0.01912954032799498,0.0,0.0
1129,battery,2030,48,1,1,,-0.01813600551962412,0.0,0.0
1130,battery,2030,48,2,2,,-0.01636774498146077,0.0,0.0
1131,battery,2030,48,3,3,,-0.01636774498146077,0.0,0.0
1132,battery,2030,48,4,4,,-0.01636774498146077,0.0,0.0
1133,battery,2030,48,5,5,,-0.01636774498146077,0.0,0.0
1134,battery,2030,48,6,6,,-0.01636774498146077,0.0,0.0
1135,battery,2030,48,7,7,,-0.0007254402207849647,0.0,0.0
1136,battery,2030,48,8,8,,-0.0007254402207849647,0.0,0.0
1137,battery,2030,48,9,9,,-0.0007254402207849647,0.0,0.0
1138,battery,2030,48,10,10,,-0.0007254402207849647,0.0,0.0
1139,battery,2030,48,11,11,,-0.0007254402207849647,0.0,0.0
1140,battery,2030,48,12,12,,-0.0007254402207849647,0.0,0.0
1141,battery,2030,48,13,13,,-0.0007254402207849647,0.0,0.0
1142,battery,2030,48,14,14,,-0.0007254402207849647,0.0,0.0
1143,battery,2030,48,15,15,,-0.0007254402207849647,0.0,0.0
1144,battery,2030,48,16,16,,-0.0007254402207849647,0.0,0.0
1145,battery,2030,48,17,17,,-0.0007254402207849647,0.0,0.0
1146,battery,2030,48,18,18,,-0.0007254402207849647,-0.015642304760675806,0.0
1147,battery,2030,48,19,19,,-0.01636774498146077,0.0,0.0
1148,battery,2030,48,20,20,,-0.01636774498146077,0.0,0.0
1149,battery,2030,48,21,21,,-0.01636774498146077,0.0,0.0
1150,battery,2030,48,22,22,,-0.01636774498146077,0.0,0.0
1151,battery,2030,48,23,23,,-0.0007254402207849647,0.0,0.0
1152,battery,2030,48,24,24,,0.0,0.0,0.0
1153,battery,2030,49,1,1,,-0.0012102903319608316,0.0,0.0
1154,battery,2030,49,2,2,,-0.0012102903319608316,0.0,0.0
1155,battery,2030,49,3,3,,-0.0012102903319608316,0.0,0.0
1156,battery,2030,49,4,4,,-0.0012102903319608316,-0.026096885282905442,0.0
1157,battery,2030,49,5,5,,-0.027307175614866275,0.0,0.0
1158,battery,2030,49,6,6,,-0.027307175614866275,0.0,0.0
1159,battery,2030,49,7,7,,-0.027307175614866275,0.0,0.0
1160,battery,2030,49,8,8,,-0.027307175614866275,0.0,0.0
1161,battery,2030,49,9,9,,-0.027307175614866275,0.0,0.0
1162,battery,2030,49,10,10,,-0.027307175614866275,0.0,0.0
1163,battery,2030,49,11,11,,-0.027307175614866275,0.0,0.0
1164,battery,2030,49,12,12,,-0.027307175614866275,0.0,0.0
1165,battery,2030,49,13,13,,-0.027307175614866275,0.0,0.0
1166,battery,2030,49,14,14,,-0.02730717561486627,0.0,0.0
1167,battery,2030,49,15,15,,-0.02730717561486627,0.0,0.0
1168,battery,2030,49,16,16,,-0.02730717561486627,0.0,0.0
1169,battery,2030,49,17,17,,-0.02730717561486627,0.0,0.0
1170,battery,2030,49,18,18,,-0.02730717561486627,0.0,0.0
1171,battery,2030,49,19,19,,-0.02730717561486627,0.0,0.0
1172,battery,2030,49,20,20,,-0.011537281697281,0.0,0.0
1173,battery,2030,49,21,21,,-0.0012102903319608316,0.0,0.0
1174,battery,2030,49,22,22,,-0.0012102903319608316,0.0,0.0
1175,battery,2030,49,23,23,,-0.0012102903319608316,0.0,0.0
1176,battery,2030,49,24,24,,0.0,0.0,0.0
1177,battery,2030,50,1,1,,-0.04062523074168428,0.0,0.0
1178,battery,2030,50,2,2,,-0.03666427074437007,0.0,0.0
1179,battery,2030,50,3,3,,-0.03666427074437007,0.0,0.0
1180,battery,2030,50,4,4,,-0.03666427074437007,0.0,0.0
1181,battery,2030,50,5,5,,-0.03666427074437007,0.0,0.0
1182,battery,2030,50,6,6,,-0.03666427074437007,0.0,0.0
1183,battery,2030,50,7,7,,-0.03666427074437007,0.0,0.0
1184,battery,2030,50,8,8,,-0.03666427074437007,0.0,0.0
1185,battery,2030,50,9,9,,-0.03666427074437007,0.0,0.0
1186,battery,2030,50,10,10,,-0.03666427074437007,0.0,0.0
1187,battery,2030,50,11,11,,-0.03666427074437007,0.0,0.0
1188,battery,2030,50,12,12,,-0.03666427074437007,0.0,0.0
1189,battery,2030,50,13,13,,-0.03666427074437007,0.0,0.0
1190,battery,2030,50,14,14,,-0.03666427074437007,0.0,0.0
1191,battery,2030,50,15,15,,-0.03666427074437007,0.0,0.0
1192,battery,2030,50,16,16,,-0.03666427074437007,0.0,0.0
1193,battery,2030,50,17,17,,-0.03666427074437007,0.0,0.0
1194,battery,2030,50,18,18,,-0.03666427074437007,0.0,0.0
1195,battery,2030,50,19,19,,-0.03666427074437007,0.0,0.0
1196,battery,2030,50,20,20,,-0.03666427074437007,0.0,0.0
1197,battery,2030,50,21,21,,-0.03666427074437007,0.0,0.0
1198,battery,2030,50,22,22,,-0.03666427074437007,0.0,0.0
1199,battery,2030,50,23,23,,-0.03666427074437007,0.0,0.0
1200,battery,2030,50,24,24,,-0.03666427074437007,0.0,0.0
1201,battery,2030,51,1,1,,-0.015544330940845459,0.0,0.0
1202,battery,2030,51,2,2,,-0.015544330940845459,0.0,0.0
1203,battery,2030,51,3,3,,-0.014028758674113021,0.0,0.0
1204,battery,2030,51,4,4,,-0.014028758674113021,0.0,0.0
1205,battery,2030,51,5,5,,-0.014028758674113021,0.0,0.0
1206,battery,2030,51,6,6,,-0.014028758674113021,0.0,0.0
1207,battery,2030,51,7,7,,-0.014028758674113021,0.0,0.0
1208,battery,2030,51,8,8,,-0.014028758674113021,0.0,0.0
1209,battery,2030,51,9,9,,-0.014028758674113021,0.0,0.0
1210,battery,2030,51,10,10,,-0.014028758674113021,0.0,0.0
1211,battery,2030,51,11,11,,-0.014028758674113021,0.0,0.0
1212,battery,2030,51,12,12,,-0.014028758674113021,0.0,0.0
1213,battery,2030,51,13,13,,-0.014028758674113021,0.0,0.0
1214,battery,2030,51,14,14,,-0.014028758674113021,0.0,0.0
1215,battery,2030,51,15,15,,-0.014028758674113021,0.0,0.0
1216,battery,2030,51,16,16,,-0.014028758674113021,0.0,0.0
1217,battery,2030,51,17,17,,-0.014028758674113021,0.0,0.0
1218,battery,2030,51,18,18,,-0.014028758674113021,0.0,0.0
1219,battery,2030,51,19,19,,-0.01402875867411303,0.0,0.0
1220,battery,2030,51,20,20,,-0.01402875867411303,0.0,0.0
1221,battery,2030,51,21,21,,-0.01402875867411303,0.0,0.0
1222,battery,2030,51,22,22,,-0.01402875867411303,0.0,0.0
1223,battery,2030,51,23,23,,-0.01402875867411303,0.0,0.0
1224,battery,2030,51,24,24,,-0.01402875867411303,0.0,0.0
1225,battery,2030,52,1,1,,-0.1017086772071298,0.0,0.0
1226,battery,2030,52,2,2,,-0.09179208117943466,0.0,0.0
1227,battery,2030,52,3,3,,-0.09179208117943466,0.0,0.0
1228,battery,2030,52,4,4,,-0.09179208117943466,0.0,0.0
1229,battery,2030,52,5,5,,-0.09179208117943466,0.0,0.0
1230,battery,2030,52,6,6,,-0.09179208117943466,0.0,0.0
1231,battery,2030,52,7,7,,-0.09179208117943466,0.0,0.0
1232,battery,2030,52,8,8,,-0.09179208117943466,0.0,0.0
1233,battery,2030,52,9,9,,-0.09179208117943466,0.0,0.0
1234,battery,2030,52,10,10,,-0.09179208117943466,0.0,0.0
1235,battery,2030,52,11,11,,-0.09179208117943466,0.0,0.0
1236,battery,2030,52,12,12,,-0.09179208117943466,0.0,0.0
1237,battery,2030,52,13,13,,-0.09179208117943466,0.0,0.0
1238,battery,2030,52,14,14,,-0.09179208117943466,0.0,0.0
1239,battery,2030,52,15,15,,-0.09179208117943466,0.0,0.0
1240,battery,2030,52,16,16,,-0.09179208117943466,0.0,0.0
1241,battery,2030,52,17,17,,-0.09179208117943466,0.0,0.0
1242,battery,2030,52,18,18,,-0.09179208117943466,0.0,0.0
1243,battery,2030,52,19,19,,-0.09179208117943466,0.0,0.0
1244,battery,2030,52,20,20,,-0.09179208117943466,0.0,0.0
1245,battery,2030,52,21,21,,-0.09179208117943466,0.0,0.0
1246,battery,2030,52,22,22,,-0.09179208117943466,0.0,0.0
1247,battery,2030,52,23,23,,-0.09179208117943466,0.0,0.0
1248,battery,2030,52,24,24,,-0.09179208117943466,0.0,0.0
1249,battery,2030,53,1,1,,-0.006299982320605737,0.0,0.0
1250,battery,2030,53,2,2,,-0.006299982320605737,0.0,0.0
1251,battery,2030,53,3,3,,-0.006299982320605737,0.0,0.0
1252,battery,2030,53,4,4,,-0.005685734044346679,0.0,0.0
1253,battery,2030,53,5,5,,-0.005685734044346679,0.0,0.0
1254,battery,2030,53,6,6,,-0.005685734044346676,0.0,0.0
1255,battery,2030,53,7,7,,-0.005685734044346676,0.0,0.0
1256,battery,2030,53,8,8,,-0.005685734044346676,0.0,0.0
1257,battery,2030,53,9,9,,-0.005685734044346676,0.0,0.0
1258,battery,2030,53,10,10,,-0.005685734044346679,0.0,0.0
1259,battery,2030,53,11,11,,-0.005685734044346679,0.0,0.0
1260,battery,2030,53,12,12,,-0.005685734044346679,0.0,0.0
1261,battery,2030,53,13,13,,-0.005685734044346676,0.0,0.0
1262,battery,2030,53,14,14,,-0.005685734044346676,0.0,0.0
1263,battery,2030,53,15,15,,-0.005685734044346676,0.0,0.0
1264,battery,2030,53,16,16,,-0.005685734044346676,0.0,0.0
1265,battery,2030,53,17,17,,-0.005685734044346676,0.0,0.0
1266,battery,2030,53,18,18,,-0.005685734044346676,0.0,0.0
1267,battery,2030,53,19,19,,-0.005685734044346676,0.0,0.0
1268,battery,2030,53,20,20,,-0.005685734044346676,0.0,0.0
1269,battery,2030,53,21,21,,-0.005685734044346676,0.0,0.0
1270,battery,2030,53,22,22,,-0.005685734044346676,0.0,0.0
1271,battery,2030,53,23,23,,-0.005685734044346676,0.0,0.0
1272,battery,2030,53,24,24,,-0.000227429361773867,0.0,0.0
1273,battery,2030,54,1,1,,-0.006564348245261647,0.0,0.0
1274,battery,2030,54,2,2,,-0.006564348245261647,0.0,0.0
1275,battery,2030,54,3,3,,-0.006564348245261648,0.0,0.0
1276,battery,2030,54,4,4,,-0.005924324291348639,0.0,0.0
1277,battery,2030,54,5,5,,-0.005924324291348639,0.0,0.0
1278,battery,2030,54,6,6,,-0.005924324291348639,0.0,0.0
1279,battery,2030,54,7,7,,-0.005924324291348639,0.0,0.0
1280,battery,2030,54,8,8,,-0.005924324291348639,0.0,0.0
1281,battery,2030,54,9,9,,-0.005924324291348639,0.0,0.0
1282,battery,2030,54,10,10,,-0.005924324291348639,0.0,0.0
1283,battery,2030,54,11,11,,-0.005924324291348639,0.0,0.0
1284,battery,2030,54,12,12,,-0.005924324291348639,0.0,0.0
1285,battery,2030,54,13,13,,-0.005924324291348639,0.0,0.0
1286,battery,2030,54,14,14,,-0.005924324291348639,0.0,0.0
1287,battery,2030,54,15,15,,-0.005924324291348639,0.0,0.0
1288,battery,2030,54,16,16,,-0.005924324291348639,0.0,0.0
1289,battery,2030,54,17,17,,-0.005924324291348639,0.0,0.0
1290,battery,2030,54,18,18,,-0.005924324291348639,0.0,0.0
1291,battery,2030,54,19,19,,-0.005924324291348639,0.0,0.0
1292,battery,2030,54,20,20,,-0.005924324291348639,0.0,0.0
1293,battery,2030,54,21,21,,-0.005924324291348639,0.0,0.0
1294,battery,2030,54,22,22,,-0.005924324291348639,0.0,0.0
1295,battery,2030,54,23,23,,-0.005924324291348639,0.0,0.0
1296,battery,2030,54,24,24,,0.0,0.0,0.0
1297,battery,2030,55,1,1,,-0.016920995616412048,0.0,0.0
1298,battery,2030,55,2,2,,-0.016920995616412048,0.0,0.0
1299,battery,2030,55,3,3,,-0.015271198543811875,0.0,0.0
1300,battery,2030,55,4,4,,-0.015271198543811875,0.0,0.0
1301,battery,2030,55,5,5,,-0.015271198543811875,0.0,0.0
1302,battery,2030,55,6,6,,-0.015271198543811875,0.0,0.0
1303,battery,2030,55,7,7,,-0.015271198543811875,0.0,0.0
1304,battery,2030,55,8,8,,-0.015271198543811886,0.0,0.0
1305,battery,2030,55,9,9,,-0.015271198543811886,0.0,0.0
1306,battery,2030,55,10,10,,-0.015271198543811886,0.0,0.0
1307,battery,2030,55,11,11,,-0.015271198543811886,0.0,0.0
1308,battery,2030,55,12,12,,-0.015271198543811886,0.0,0.0
1309,battery,2030,55,13,13,,-0.015271198543811886,0.0,0.0
1310,battery,2030,55,14,14,,-0.015271198543811886,0.0,0.0
1311,battery,2030,55,15,15,,-0.015271198543811886,0.0,0.0
1312,battery,2030,55,16,16,,-0.015271198543811886,0.0,0.0
1313,battery,2030,55,17,17,,-0.015271198543811886,0.0,0.0
1314,battery,2030,55,18,18,,-0.015271198543811886,0.0,0.0
1315,battery,2030,55,19,19,,-0.015271198543811886,0.0,0.0
1316,battery,2030,55,20,20,,-0.015271198543811886,0.0,0.0
1317,battery,2030,55,21,21,,-0.015271198543811886,0.0,0.0
1318,battery,2030,55,22,22,,-0.015271198543811875,0.0,0.0
1319,battery,2030,55,23,23,,-0.015271198543811875,0.0,0.0
1320,battery,2030,55,24,24,,-0.015271198543811875,0.0,0.0
1321,battery,2030,56,1,1,,-0.008036007249468256,0.0,0.0
1322,battery,2030,56,2,2,,-0.008036007249468256,0.0,0.0
1323,battery,2030,56,3,3,,-0.008036007249468253,0.0,0.0
1324,battery,2030,56,4,4,,-0.0072524965426451,0.0,0.0
1325,battery,2030,56,5,5,,-0.0072524965426451,0.0,0.0
1326,battery,2030,56,6,6,,-0.0072524965426451,0.0,0.0
1327,battery,2030,56,7,7,,-0.0072524965426451,0.0,0.0
1328,battery,2030,56,8,8,,-0.0072524965426451,0.0,0.0
1329,battery,2030,56,9,9,,-0.0072524965426451,0.0,0.0
1330,battery,2030,56,10,10,,-0.0072524965426451,0.0,0.0
1331,battery,2030,56,11,11,,-0.0072524965426451,0.0,0.0
1332,battery,2030,56,12,12,,-0.0072524965426451,0.0,0.0
1333,battery,2030,56,13,13,,-0.007252496542645101,0.0,0.0
1334,battery,2030,56,14,14,,-0.007252496542645101,0.0,0.0
1335,battery,2030,56,15,15,,-0.007252496542645101,0.0,0.0
1336,battery,2030,56,16,16,,-0.007252496542645101,0.0,0.0
1337,battery,2030,56,17,17,,-0.0072524965426451,0.0,0.0
1338,battery,2030,56,18,18,,-0.007252496542645101,0.0,0.0
1339,battery,2030,56,19,19,,-0.007252496542645101,0.0,0.0
1340,battery,2030,56,20,20,,-0.007252496542645101,0.0,0.0
1341,battery,2030,56,21,21,,-0.007252496542645101,0.0,0.0
1342,battery,2030,56,22,22,,-0.007252496542645101,0.0,0.0
1343,battery,2030,56,23,23,,-0.007252496542645101,0.0,0.0
1344,battery,2030,56,24,24,,0.0,0.0,0.0
1345,battery,2030,57,1,1,,-0.008738491156544724,0.0,0.0
1346,battery,2030,57,2,2,,-0.008738491156544724,0.0,0.0
1347,battery,2030,57,3,3,,-0.00873849115654472,0.0,0.0
1348,battery,2030,57,4,4,,-0.00788648826878161,0.0,0.0
1349,battery,2030,57,5,5,,-0.00788648826878161,0.0,0.0
1350,battery,2030,57,6,6,,-0.00788648826878161,0.0,0.0
1351,battery,2030,57,7,7,,-0.00788648826878161,0.0,0.0
1352,battery,2030,57,8,8,,-0.00788648826878161,0.0,0.0
1353,battery,2030,57,9,9,,-0.00788648826878161,0.0,0.0
1354,battery,2030,57,10,10,,-0.00788648826878161,0.0,0.0
1355,battery,2030,57,11,11,,-0.00788648826878161,0.0,0.0
1356,battery,2030,57,12,12,,-0.00788648826878161,0.0,0.0
1357,battery,2030,57,13,13,,-0.00788648826878161,0.0,0.0
1358,battery,2030,57,14,14,,-0.00788648826878161,0.0,0.0
1359,battery,2030,57,15,15,,-0.00788648826878161,0.0,0.0
1360,battery,2030,57,16,16,,-0.00788648826878161,0.0,0.0
1361,battery,2030,57,17,17,,-0.00788648826878161,0.0,0.0
1362,battery,2030,57,18,18,,-0.00788648826878161,0.0,0.0
1363,battery,2030,57,19,19,,-0.00788648826878161,0.0,0.0
1364,battery,2030,57,20,20,,-0.00788648826878161,0.0,0.0
1365,battery,2030,57,21,21,,-0.00788648826878161,0.0,0.0
1366,battery,2030,57,22,22,,-0.00788648826878161,0.0,0.0
1367,battery,2030,57,23,23,,-0.00788648826878161,0.0,0.0
1368,battery,2030,57,24,24,,0.0,0.0,0.0
1369,battery,2030,58,1,1,,-0.005623054495122017,0.0,0.0
1370,battery,2030,58,2,2,,-0.005623054495122017,0.0,0.0
1371,battery,2030,58,3,3,,-0.005623054495122014,0.0,0.0
1372,battery,2030,58,4,4,,-0.005074806681847619,0.0,0.0
1373,battery,2030,58,5,5,,-0.005074806681847619,0.0,0.0
1374,battery,2030,58,6,6,,-0.005074806681847619,0.0,0.0
1375,battery,2030,58,7,7,,-0.005074806681847619,0.0,0.0
1376,battery,2030,58,8,8,,-0.005074806681847619,0.0,0.0
1377,battery,2030,58,9,9,,-0.005074806681847619,0.0,0.0
1378,battery,2030,58,10,10,,-0.005074806681847619,0.0,0.0
1379,battery,2030,58,11,11,,-0.005074806681847619,0.0,0.0
1380,battery,2030,58,12,12,,-0.005074806681847619,0.0,0.0
1381,battery,2030,58,13,13,,-0.005074806681847619,0.0,0.0
1382,battery,2030,58,14,14,,-0.005074806681847619,0.0,0.0
1383,battery,2030,58,15,15,,-0.005074806681847621,0.0,0.0
1384,battery,2030,58,16,16,,-0.005074806681847621,0.0,0.0
1385,battery,2030,58,17,17,,-0.005074806681847621,0.0,0.0
1386,battery,2030,58,18,18,,-0.005074806681847619,0.0,0.0
1387,battery,2030,58,19,19,,-0.005074806681847621,0.0,0.0
1388,battery,2030,58,20,20,,-0.005074806681847621,0.0,0.0
1389,battery,2030,58,21,21,,-0.005074806681847621,0.0,0.0
1390,battery,2030,58,22,22,,-0.005074806681847619,0.0,0.0
1391,battery,2030,58,23,23,,-0.005074806681847621,0.0,0.0
1392,battery,2030,58,24,24,,0.0,0.0,0.0
1393,battery,2030,59,1,1,,-0.02126796847991019,0.0,0.0
1394,battery,2030,59,2,2,,-0.01919434155311894,0.0,0.0
1395,battery,2030,59,3,3,,-0.01919434155311894,0.0,0.0
1396,battery,2030,59,4,4,,-0.01919434155311894,0.0,0.0
1397,battery,2030,59,5,5,,-0.01919434155311894,0.0,0.0
1398,battery,2030,59,6,6,,-0.0008507187391964071,0.0,0.0
1399,battery,2030,59,7,7,,-0.0008507187391964071,-0.018343622813922534,0.0
1400,battery,2030,59,8,8,,-0.01919434155311894,0.0,0.0
1401,battery,2030,59,9,9,,-0.01919434155311894,0.0,0.0
1402,battery,2030,59,10,10,,-0.01919434155311894,0.0,0.0
1403,battery,2030,59,11,11,,-0.01919434155311894,0.0,0.0
1404,battery,2030,59,12,12,,-0.01919434155311894,0.0,0.0
1405,battery,2030,59,13,13,,-0.01919434155311894,0.0,0.0
1406,battery,2030,59,14,14,,-0.01919434155311894,0.0,0.0
1407,battery,2030,59,15,15,,-0.01919434155311894,0.0,0.0
1408,battery,2030,59,16,16,,-0.01919434155311894,0.0,0.0
1409,battery,2030,59,17,17,,-0.01919434155311894,0.0,0.0
1410,battery,2030,59,18,18,,-0.01919434155311894,0.0,0.0
1411,battery,2030,59,19,19,,-0.01919434155311894,0.0,0.0
1412,battery,2030,59,20,20,,-0.01919434155311894,0.0,0.0
1413,battery,2030,59,21,21,,-0.01919434155311894,0.0,0.0
1414,battery,2030,59,22,22,,-0.01919434155311894,0.0,0.0
1415,battery,2030,59,23,23,,-0.019194341553118947,0.0,0.0
1416,battery,2030,59,24,24,,-0.019194341553118947,0.0,0.0
1417,battery,2030,60,1,1,,-0.01781047083080972,0.0,0.0
1418,battery,2030,60,2,2,,-0.01781047083080972,0.0,0.0
1419,battery,2030,60,3,3,,-0.016073949924805774,0.0,0.0
1420,battery,2030,60,4,4,,-0.016073949924805774,0.0,0.0
1421,battery,2030,60,5,5,,-0.016073949924805767,0.0,0.0
1422,battery,2030,60,6,6,,-0.016073949924805767,0.0,0.0
1423,battery,2030,60,7,7,,-0.016073949924805767,0.0,0.0
1424,battery,2030,60,8,8,,-0.016073949924805767,0.0,0.0
1425,battery,2030,60,9,9,,-0.016073949924805767,0.0,0.0
1426,battery,2030,60,10,10,,-0.016073949924805767,0.0,0.0
1427,battery,2030,60,11,11,,-0.016073949924805767,0.0,0.0
1428,battery,2030,60,12,12,,-0.016073949924805767,0.0,0.0
1429,battery,2030,60,13,13,,-0.016073949924805767,0.0,0.0
1430,battery,2030,60,14,14,,-0.016073949924805767,0.0,0.0
1431,battery,2030,60,15,15,,-0.016073949924805767,0.0,0.0
1432,battery,2030,60,16,16,,-0.016073949924805767,0.0,0.0
1433,battery,2030,60,17,17,,-0.016073949924805767,0.0,0.0
1434,battery,2030,60,18,18,,-0.016073949924805767,0.0,0.0
1435,battery,2030,60,19,19,,-0.016073949924805767,0.0,0.0
1436,battery,2030,60,20,20,,-0.016073949924805767,0.0,0.0
1437,battery,2030,60,21,21,,-0.016073949924805767,0.0,0.0
1438,battery,2030,60,22,22,,-0.016073949924805767,0.0,0.0
1439,battery,2030,60,23,23,,-0.016073949924805767,0.0,0.0
1440,battery,2030,60,24,24,,-0.016073949924805767,0.0,0.0
1441,battery,2030,61,1,1,,-0.014787463780529976,0.0,0.0
1442,battery,2030,61,2,2,,-0.014787463780529976,0.0,0.0
1443,battery,2030,61,3,3,,-0.0133456860619283,0.0,0.0
1444,battery,2030,61,4,4,,-0.0133456860619283,0.0,0.0
1445,battery,2030,61,5,5,,-0.0133456860619283,0.0,0.0
1446,battery,2030,61,6,6,,-0.0133456860619283,0.0,0.0
1447,battery,2030,61,7,7,,-0.0133456860619283,0.0,0.0
1448,battery,2030,61,8,8,,-0.0133456860619283,0.0,0.0
1449,battery,2030,61,9,9,,-0.0133456860619283,0.0,0.0
1450,battery,2030,61,10,10,,-0.0133456860619283,0.0,0.0
1451,battery,2030,61,11,11,,-0.0133456860619283,0.0,0.0
1452,battery,2030,61,12,12,,-0.0133456860619283,0.0,0.0
1453,battery,2030,61,13,13,,-0.0133456860619283,0.0,0.0
1454,battery,2030,61,14,14,,-0.0133456860619283,0.0,0.0
1455,battery,2030,61,15,15,,-0.0133456860619283,0.0,0.0
1456,battery,2030,61,16,16,,-0.0133456860619283,0.0,0.0
1457,battery,2030,61,17,17,,-0.0133456860619283,0.0,0.0
1458,battery,2030,61,18,18,,-0.0133456860619283,0.0,0.0
1459,battery,2030,61,19,19,,-0.0133456860619283,0.0,0.0
1460,battery,2030,61,20,20,,-0.0133456860619283,0.0,0.0
1461,battery,2030,61,21,21,,-0.0133456860619283,0.0,0.0
1462,battery,2030,61,22,22,,-0.0133456860619283,0.0,0.0
1463,battery,2030,61,23,23,,-0.0133456860619283,0.0,0.0
1464,battery,2030,61,24,24,,-0.0133456860619283,0.0,0.0
1465,battery,2030,62,1,1,,-0.01484391817048185,0.0,0.0
1466,battery,2030,62,2,2,,-0.01484391817048185,0.0,0.0
1467,battery,2030,62,3,3,,-0.013396636148859864,0.0,0.0
1468,battery,2030,62,4,4,,-0.013396636148859864,0.0,0.0
1469,battery,2030,62,5,5,,-0.013396636148859864,0.0,0.0
1470,battery,2030,62,6,6,,-0.013396636148859864,0.0,0.0
1471,battery,2030,62,7,7,,-0.013396636148859864,0.0,0.0
1472,battery,2030,62,8,8,,-0.013396636148859864,0.0,0.0
1473,battery,2030,62,9,9,,-0.013396636148859864,0.0,0.0
1474,battery,2030,62,10,10,,-0.013396636148859864,0.0,0.0
1475,battery,2030,62,11,11,,-0.013396636148859864,0.0,0.0
1476,battery,2030,62,12,12,,-0.013396636148859864,0.0,0.0
1477,battery,2030,62,13,13,,-0.01339663614885987,0.0,0.0
1478,battery,2030,62,14,14,,-0.01339663614885987,0.0,0.0
1479,battery,2030,62,15,15,,-0.01339663614885987,0.0,0.0
1480,battery,2030,62,16,16,,-0.01339663614885987,0.0,0.0
1481,battery,2030,62,17,17,,-0.01339663614885987,0.0,0.0
1482,battery,2030,62,18,18,,-0.01339663614885987,0.0,0.0
1483,battery,2030,62,19,19,,-0.01339663614885987,0.0,0.0
1484,battery,2030,62,20,20,,-0.01339663614885987,0.0,0.0
1485,battery,2030,62,21,21,,-0.013396636148859864,0.0,0.0
1486,battery,2030,62,22,22,,-0.013396636148859864,0.0,0.0
1487,battery,2030,62,23,23,,-0.013396636148859864,0.0,0.0
1488,battery,2030,62,24,24,,-0.013396636148859864,0.0,0.0
1489,battery,2030,63,1,1,,-0.011674557953865943,0.0,0.0
1490,battery,2030,63,2,2,,-0.011674557953865943,0.0,0.0
1491,battery,2030,63,3,3,,-0.010536288553364014,0.0,0.0
1492,battery,2030,63,4,4,,-0.010536288553364014,0.0,0.0
1493,battery,2030,63,5,5,,-0.010536288553364014,0.0,0.0
1494,battery,2030,63,6,6,,-0.010536288553364014,0.0,0.0
1495,battery,2030,63,7,7,,-0.010536288553364014,0.0,0.0
1496,battery,2030,63,8,8,,-0.010536288553364014,0.0,0.0
1497,battery,2030,63,9,9,,-0.010536288553364014,0.0,0.0
1498,battery,2030,63,10,10,,-0.010536288553364014,0.0,0.0
1499,battery,2030,63,11,11,,-0.010536288553364014,0.0,0.0
1500,battery,2030,63,12,12,,-0.010536288553364014,0.0,0.0
1501,battery,2030,63,13,13,,-0.010536288553364014,0.0,0.0
1502,battery,2030,63,14,14,,-0.010536288553364014,0.0,0.0
1503,battery,2030,63,15,15,,-0.010536288553364014,0.0,0.0
1504,battery,2030,63,16,16,,-0.010536288553364014,0.0,0.0
1505,battery,2030,63,17,17,,-0.010536288553364014,0.0,0.0
1506,battery,2030,63,18,18,,-0.010536288553364014,0.0,0.0
1507,battery,2030,63,19,19,,-0.010536288553364014,0.0,0.0
1508,battery,2030,63,20,20,,-0.010536288553364014,0.0,0.0
1509,battery,2030,63,21,21,,-0.010536288553364014,0.0,0.0
1510,battery,2030,63,22,22,,-0.010536288553364014,0.0,0.0
1511,battery,2030,63,23,23,,-0.010536288553364014,0.0,0.0
1512,battery,2030,63,24,24,,-0.010536288553364014,0.0,0.0
1513,battery,2030,64,1,1,,-0.022381056270553975,0.0,0.0
1514,battery,2030,64,2,2,,-0.020198903284174962,0.0,0.0
1515,battery,2030,64,3,3,,-0.020198903284174962,0.0,0.0
1516,battery,2030,64,4,4,,-0.020198903284174962,0.0,0.0
1517,battery,2030,64,5,5,,-0.020198903284174962,0.0,0.0
1518,battery,2030,64,6,6,,-0.020198903284174962,0.0,0.0
1519,battery,2030,64,7,7,,-0.020198903284174962,0.0,0.0
1520,battery,2030,64,8,8,,-0.020198903284174962,0.0,0.0
1521,battery,2030,64,9,9,,-0.020198903284174962,0.0,0.0
1522,battery,2030,64,10,10,,-0.020198903284174962,0.0,0.0
1523,battery,2030,64,11,11,,-0.020198903284174962,0.0,0.0
1524,battery,2030,64,12,12,,-0.020198903284174962,0.0,0.0
1525,battery,2030,64,13,13,,-0.020198903284174962,0.0,0.0
1526,battery,2030,64,14,14,,-0.020198903284174962,0.0,0.0
1527,battery,2030,64,15,15,,-0.020198903284174962,0.0,0.0
1528,battery,2030,64,16,16,,-0.020198903284174962,0.0,0.0
1529,battery,2030,64,17,17,,-0.020198903284174962,0.0,0.0
1530,battery,2030,64,18,18,,-0.020198903284174962,0.0,0.0
1531,battery,2030,64,19,19,,-0.020198903284174962,0.0,0.0
1532,battery,2030,64,20,20,,-0.020198903284174962,0.0,0.0
1533,battery,2030,64,21,21,,-0.020198903284174962,0.0,0.0
1534,battery,2030,64,22,22,,-0.020198903284174962,0.0,0.0
1535,battery,2030,64,23,23,,-0.020198903284174962,0.0,0.0
1536,battery,2030,64,24,24,,-0.020198903284174962,0.0,0.0
1537,battery,2030,65,1,1,,-0.004448605492003293,0.0,0.0
1538,battery,2030,65,2,2,,-0.004448605492003293,0.0,0.0
1539,battery,2030,65,3,3,,-0.004448605492003291,0.0,0.0
1540,battery,2030,65,4,4,,-0.004448605492003291,0.0,0.0
1541,battery,2030,65,5,5,,-0.00401486645653297,0.0,0.0
1542,battery,2030,65,6,6,,-0.00401486645653297,0.0,0.0
1543,battery,2030,65,7,7,,-0.00401486645653297,0.0,0.0
1544,battery,2030,65,8,8,,-0.00401486645653297,0.0,0.0
1545,battery,2030,65,9,9,,-0.00401486645653297,0.0,0.0
1546,battery,2030,65,10,10,,-0.004014866456532972,0.0,0.0
1547,battery,2030,65,11,11,,-0.00401486645653297,0.0,0.0
1548,battery,2030,65,12,12,,-0.00401486645653297,0.0,0.0
1549,battery,2030,65,13,13,,-0.00401486645653297,0.0,0.0
1550,battery,2030,65,14,14,,-0.00401486645653297,0.0,0.0
1551,battery,2030,65,15,15,,-0.00401486645653297,0.0,0.0
1552,battery,2030,65,16,16,,-0.00401486645653297,0.0,0.0
1553,battery,2030,65,17,17,,-0.00401486645653297,0.0,0.0
1554,battery,2030,65,18,18,,-0.00401486645653297,0.0,0.0
1555,battery,2030,65,19,19,,-0.00401486645653297,0.0,0.0
1556,battery,2030,65,20,20,,-0.00401486645653297,0.0,0.0
1557,battery,2030,65,21,21,,-0.00401486645653297,0.0,0.0
1558,battery,2030,65,22,22,,-0.00401486645653297,0.0,0.0
1559,battery,2030,65,23,23,,-0.00401486645653297,0.0,0.0
1560,battery,2030,65,24,24,,0.0,0.0,0.0
1561,battery,2030,66,1,1,,-0.010536551416103868,0.0,0.0
1562,battery,2030,66,2,2,,-0.010536551416103868,0.0,0.0
1563,battery,2030,66,3,3,,-0.009509237653033742,0.0,0.0
1564,battery,2030,66,4,4,,-0.009509237653033735,0.0,0.0
1565,battery,2030,66,5,5,,-0.009509237653033742,0.0,0.0
1566,battery,2030,66,6,6,,-0.009509237653033735,0.0,0.0
1567,battery,2030,66,7,7,,-0.009509237653033735,0.0,0.0
1568,battery,2030,66,8,8,,-0.009509237653033742,0.0,0.0
1569,battery,2030,66,9,9,,-0.009509237653033735,0.0,0.0
1570,battery,2030,66,10,10,,-0.009509237653033735,0.0,0.0
1571,battery,2030,66,11,11,,-0.009509237653033735,0.0,0.0
1572,battery,2030,66,12,12,,-0.009509237653033735,0.0,0.0
1573,battery,2030,66,13,13,,-0.009509237653033735,0.0,0.0
1574,battery,2030,66,14,14,,-0.009509237653033735,0.0,0.0
1575,battery,2030,66,15,15,,-0.009509237653033735,0.0,0.0
1576,battery,2030,66,16,16,,-0.009509237653033735,0.0,0.0
1577,battery,2030,66,17,17,,-0.009509237653033735,0.0,0.0
1578,battery,2030,66,18,18,,-0.009509237653033735,0.0,0.0
1579,battery,2030,66,19,19,,-0.009509237653033735,0.0,0.0
1580,battery,2030,66,20,20,,-0.009509237653033735,0.0,0.0
1581,battery,2030,66,21,21,,-0.009509237653033735,0.0,0.0
1582,battery,2030,66,22,22,,-0.009509237653033735,0.0,0.0
1583,battery,2030,66,23,23,,-0.009509237653033735,0.0,0.0
1584,battery,2030,66,24,24,,-0.009509237653033735,0.0,0.0
1585,battery,2030,67,1,1,,-0.02531721926049566,0.0,0.0
1586,battery,2030,67,2,2,,-0.02284879038259734,0.0,0.0
1587,battery,2030,67,3,3,,-0.02284879038259734,0.0,0.0
1588,battery,2030,67,4,4,,-0.02284879038259734,0.0,0.0
1589,battery,2030,67,5,5,,-0.02284879038259734,0.0,0.0
1590,battery,2030,67,6,6,,-0.02284879038259734,0.0,0.0
1591,battery,2030,67,7,7,,-0.02284879038259734,0.0,0.0
1592,battery,2030,67,8,8,,-0.02284879038259734,0.0,0.0
1593,battery,2030,67,9,9,,-0.02284879038259734,0.0,0.0
1594,battery,2030,67,10,10,,-0.02284879038259734,0.0,0.0
1595,battery,2030,67,11,11,,-0.02284879038259734,0.0,0.0
1596,battery,2030,67,12,12,,-0.02284879038259734,0.0,0.0
1597,battery,2030,67,13,13,,-0.02284879038259734,0.0,0.0
1598,battery,2030,67,14,14,,-0.02284879038259734,0.0,0.0
1599,battery,2030,67,15,15,,-0.02284879038259734,0.0,0.0
1600,battery,2030,67,16,16,,-0.02284879038259734,0.0,0.0
1601,battery,2030,67,17,17,,-0.02284879038259734,0.0,0.0
1602,battery,2030,67,18,18,,-0.02284879038259734,0.0,0.0
1603,battery,2030,67,19,19,,-0.02284879038259734,0.0,0.0
1604,battery,2030,67,20,20,,-0.02284879038259734,0.0,0.0
1605,battery,2030,67,21,21,,-0.02284879038259734,0.0,0.0
1606,battery,2030,67,22,22,,-0.02284879038259734,0.0,0.0
1607,battery,2030,67,23,23,,-0.02284879038259734,0.0,0.0
1608,battery,2030,67,24,24,,-0.02284879038259734,0.0,0.0
1609,battery,2030,68,1,1,,-0.022558631874504922,0.0,0.0
1610,battery,2030,68,2,2,,-0.020359165266740694,0.0,0.0
1611,battery,2030,68,3,3,,-0.020359165266740694,0.0,0.0
1612,battery,2030,68,4,4,,-0.020359165266740694,0.0,0.0
1613,battery,2030,68,5,5,,-0.020359165266740694,0.0,0.0
1614,battery,2030,68,6,6,,-0.020359165266740694,0.0,0.0
1615,battery,2030,68,7,7,,-0.020359165266740694,0.0,0.0
1616,battery,2030,68,8,8,,-0.020359165266740694,0.0,0.0
1617,battery,2030,68,9,9,,-0.020359165266740694,0.0,0.0
1618,battery,2030,68,10,10,,-0.020359165266740694,0.0,0.0
1619,battery,2030,68,11,11,,-0.020359165266740708,0.0,0.0
1620,battery,2030,68,12,12,,-0.020359165266740708,0.0,0.0
1621,battery,2030,68,13,13,,-0.020359165266740708,0.0,0.0
1622,battery,2030,68,14,14,,-0.020359165266740708,0.0,0.0
1623,battery,2030,68,15,15,,-0.020359165266740708,0.0,0.0
1624,battery,2030,68,16,16,,-0.020359165266740708,0.0,0.0
1625,battery,2030,68,17,17,,-0.020359165266740708,0.0,0.0
1626,battery,2030,68,18,18,,-0.020359165266740708,0.0,0.0
1627,battery,2030,68,19,19,,-0.020359165266740708,0.0,0.0
1628,battery,2030,68,20,20,,-0.020359165266740708,0.0,0.0
1629,battery,2030,68,21,21,,-0.020359165266740708,0.0,0.0
1630,battery,2030,68,22,22,,-0.020359165266740708,0.0,0.0
1631,battery,2030,68,23,23,,-0.020359165266740708,0.0,0.0
1632,battery,2030,68,24,24,,-0.020359165266740708,0.0,0.0
1633,battery,2030,69,1,1,,-0.009062304633892527,0.0,0.0
1634,battery,2030,69,2,2,,-0.009062304633892527,0.0,0.0
1635,battery,2030,69,3,3,,-0.008178729932088005,0.0,0.0
1636,battery,2030,69,4,4,,-0.008178729932088005,0.0,0.0
1637,battery,2030,69,5,5,,-0.008178729932088005,0.0,0.0
1638,battery,2030,69,6,6,,-0.008178729932088005,0.0,0.0
1639,battery,2030,69,7,7,,-0.008178729932088005,0.0,0.0
1640,battery,2030,69,8,8,,-0.008178729932088005,0.0,0.0
1641,battery,2030,69,9,9,,-0.008178729932088005,0.0,0.0
1642,battery,2030,69,10,10,,-0.008178729932088005,0.0,0.0
1643,battery,2030,69,11,11,,-0.008178729932088005,0.0,0.0
1644,battery,2030,69,12,12,,-0.008178729932088005,0.0,0.0
1645,battery,2030,69,13,13,,-0.008178729932088005,0.0,0.0
1646,battery,2030,69,14,14,,-0.008178729932088005,0.0,0.0
1647,battery,2030,69,15,15,,-0.008178729932088005,0.0,0.0
1648,battery,2030,69,16,16,,-0.008178729932088005,0.0,0.0
1649,battery,2030,69,17,17,,-0.008178729932088005,0.0,0.0
1650,battery,2030,69,18,18,,-0.008178729932088005,0.0,0.0
1651,battery,2030,69,19,19,,-0.008178729932088005,0.0,0.0
1652,battery,2030,69,20,20,,-0.008178729932088005,0.0,0.0
1653,battery,2030,69,21,21,,-0.008178729932088005,0.0,0.0
1654,battery,2030,69,22,22,,-0.008178729932088005,0.0,0.0
1655,battery,2030,69,23,23,,-0.008178729932088005,0.0,0.0
1656,battery,2030,69,24,24,,0.0,0.0,0.0
1657,battery,2030,70,1,1,,-0.004844930592698842,0.0,0.0
1658,battery,2030,70,2,2,,-0.004844930592698842,0.0,0.0
1659,battery,2030,70,3,3,,-0.0048449305926988396,0.0,0.0
1660,battery,2030,70,4,4,,-0.0048449305926988396,0.0,0.0
1661,battery,2030,70,5,5,,-0.004372549859910703,0.0,0.0
1662,battery,2030,70,6,6,,-0.004372549859910703,0.0,0.0
1663,battery,2030,70,7,7,,-0.004372549859910703,0.0,0.0
1664,battery,2030,70,8,8,,-0.004372549859910703,0.0,0.0
1665,battery,2030,70,9,9,,-0.004372549859910703,0.0,0.0
1666,battery,2030,70,10,10,,-0.004372549859910703,0.0,0.0
1667,battery,2030,70,11,11,,-0.004372549859910703,0.0,0.0
1668,battery,2030,70,12,12,,-0.004372549859910706,0.0,0.0
1669,battery,2030,70,13,13,,-0.004372549859910703,0.0,0.0
1670,battery,2030,70,14,14,,-0.004372549859910703,0.0,0.0
1671,battery,2030,70,15,15,,-0.004372549859910703,0.0,0.0
1672,battery,2030,70,16,16,,-0.004372549859910703,0.0,0.0
1673,battery,2030,70,17,17,,-0.004372549859910703,0.0,0.0
1674,battery,2030,70,18,18,,-0.004372549859910706,0.0,0.0
1675,battery,2030,70,19,19,,-0.004372549859910706,0.0,0.0
1676,battery,2030,70,20,20,,-0.004372549859910703,0.0,0.0
1677,battery,2030,70,21,21,,-0.004372549859910706,0.0,0.0
1678,battery,2030,70,22,22,,-0.004372549859910703,0.0,0.0
1679,battery,2030,70,23,23,,-0.004372549859910706,0.0,0.0
1680,battery,2030,70,24,24,,0.0,0.0,0.0
1681,battery,2030,71,1,1,,-0.019511588249896857,0.0,0.0
1682,battery,2030,71,2,2,,-0.01760920839553191,0.0,0.0
1683,battery,2030,71,3,3,,-0.01760920839553191,0.0,0.0
1684,battery,2030,71,4,4,,-0.01760920839553191,0.0,0.0
1685,battery,2030,71,5,5,,-0.01760920839553191,0.0,0.0
1686,battery,2030,71,6,6,,-0.01760920839553191,0.0,0.0
1687,battery,2030,71,7,7,,-0.01760920839553191,0.0,0.0
1688,battery,2030,71,8,8,,-0.01760920839553191,0.0,0.0
1689,battery,2030,71,9,9,,-0.01760920839553191,0.0,0.0
1690,battery,2030,71,10,10,,-0.01760920839553191,0.0,0.0
1691,battery,2030,71,11,11,,-0.01760920839553191,0.0,0.0
1692,battery,2030,71,12,12,,-0.01760920839553191,0.0,0.0
1693,battery,2030,71,13,13,,-0.01760920839553191,0.0,0.0
1694,battery,2030,71,14,14,,-0.01760920839553191,0.0,0.0
1695,battery,2030,71,15,15,,-0.01760920839553191,0.0,0.0
1696,battery,2030,71,16,16,,-0.01760920839553191,0.0,0.0
1697,battery,2030,71,17,17,,-0.01760920839553191,0.0,0.0
1698,battery,2030,71,18,18,,-0.01760920839553191,0.0,0.0
1699,battery,2030,71,19,19,,-0.01760920839553191,0.0,0.0
1700,battery,2030,71,20,20,,-0.01760920839553191,0.0,0.0
1701,battery,2030,71,21,21,,-0.01760920839553191,0.0,0.0
1702,battery,2030,71,22,22,,-0.01760920839553191,0.0,0.0
1703,battery,2030,71,23,23,,-0.01760920839553191,0.0,0.0
1704,battery,2030,71,24,24,,-0.01760920839553191,0.0,0.0
1705,battery,2030,72,1,1,,-0.007312983668067846,0.0,0.0
1706,battery,2030,72,2,2,,-0.007312983668067846,0.0,0.0
1707,battery,2030,72,3,3,,-0.0073129836680678436,0.0,0.0
1708,battery,2030,72,4,4,,-0.00659996776043123,0.0,0.0
1709,battery,2030,72,5,5,,-0.00659996776043123,0.0,0.0
1710,battery,2030,72,6,6,,-0.00659996776043123,0.0,0.0
1711,battery,2030,72,7,7,,-0.00659996776043123,0.0,0.0
1712,battery,2030,72,8,8,,-0.00659996776043123,0.0,0.0
1713,battery,2030,72,9,9,,-0.006599967760431232,0.0,0.0
1714,battery,2030,72,10,10,,-0.00659996776043123,0.0,0.0
1715,battery,2030,72,11,11,,-0.00659996776043123,0.0,0.0
1716,battery,2030,72,12,12,,-0.00659996776043123,0.0,0.0
1717,battery,2030,72,13,13,,-0.00659996776043123,0.0,0.0
1718,battery,2030,72,14,14,,-0.00659996776043123,0.0,0.0
1719,battery,2030,72,15,15,,-0.00659996776043123,0.0,0.0
1720,battery,2030,72,16,16,,-0.00659996776043123,0.0,0.0
1721,battery,2030,72,17,17,,-0.00659996776043123,0.0,0.0
1722,battery,2030,72,18,18,,-0.00659996776043123,0.0,0.0
1723,battery,2030,72,19,19,,-0.00659996776043123,0.0,0.0
1724,battery,2030,72,20,20,,-0.00659996776043123,0.0,0.0
1725,battery,2030,72,21,21,,-0.00659996776043123,0.0,0.0
1726,battery,2030,72,22,22,,-0.00659996776043123,0.0,0.0
1727,battery,2030,72,23,23,,-0.00659996776043123,0.0,0.0
1728,battery,2030,72,24,24,,0.0,0.0,0.0
1729,battery,2030,73,1,1,,-0.040272007888307516,0.0,0.0
1730,battery,2030,73,2,2,,-0.036345487119197536,0.0,0.0
1731,battery,2030,73,3,3,,-0.036345487119197536,0.0,0.0
1732,battery,2030,73,4,4,,-0.036345487119197536,0.0,0.0
1733,battery,2030,73,5,5,,-0.036345487119197536,0.0,0.0
1734,battery,2030,73,6,6,,-0.036345487119197536,0.0,0.0
1735,battery,2030,73,7,7,,-0.036345487119197536,0.0,0.0
1736,battery,2030,73,8,8,,-0.036345487119197536,0.0,0.0
1737,battery,2030,73,9,9,,-0.036345487119197536,0.0,0.0
1738,battery,2030,73,10,10,,-0.036345487119197536,0.0,0.0
1739,battery,2030,73,11,11,,-0.036345487119197536,0.0,0.0
1740,battery,2030,73,12,12,,-0.036345487119197536,0.0,0.0
1741,battery,2030,73,13,13,,-0.036345487119197536,0.0,0.0
1742,battery,2030,73,14,14,,-0.036345487119197536,0.0,0.0
1743,battery,2030,73,15,15,,-0.036345487119197536,0.0,0.0
1744,battery,2030,73,16,16,,-0.036345487119197536,0.0,0.0
1745,battery,2030,73,17,17,,-0.036345487119197536,0.0,0.0
1746,battery,2030,73,18,18,,-0.036345487119197536,0.0,0.0
1747,battery,2030,73,19,19,,-0.036345487119197536,0.0,0.0
1748,battery,2030,73,20,20,,-0.036345487119197536,0.0,0.0
1749,battery,2030,73,21,21,,-0.036345487119197536,0.0,0.0
1750,battery,2030,73,22,22,,-0.036345487119197536,0.0,0.0
1751,battery,2030,73,23,23,,-0.036345487119197536,0.0,0.0
1752,battery,2030,73,24,24,,-0.036345487119197536,0.0,0.0
1753,battery,2030,74,1,1,,-0.025400918278570155,0.0,0.0
1754,battery,2030,74,2,2,,-0.022924328746409567,0.0,0.0
1755,battery,2030,74,3,3,,-0.022924328746409567,0.0,0.0
1756,battery,2030,74,4,4,,-0.022924328746409577,0.0,0.0
1757,battery,2030,74,5,5,,-0.022924328746409577,0.0,0.0
1758,battery,2030,74,6,6,,-0.022924328746409567,0.0,0.0
1759,battery,2030,74,7,7,,-0.022924328746409567,0.0,0.0
1760,battery,2030,74,8,8,,-0.022924328746409567,0.0,0.0
1761,battery,2030,74,9,9,,-0.022924328746409567,0.0,0.0
1762,battery,2030,74,10,10,,-0.022924328746409567,0.0,0.0
1763,battery,2030,74,11,11,,-0.022924328746409567,0.0,0.0
1764,battery,2030,74,12,12,,-0.022924328746409567,0.0,0.0
1765,battery,2030,74,13,13,,-0.022924328746409567,0.0,0.0
1766,battery,2030,74,14,14,,-0.022924328746409567,0.0,0.0
1767,battery,2030,74,15,15,,-0.022924328746409567,0.0,0.0
1768,battery,2030,74,16,16,,-0.022924328746409567,0.0,0.0
1769,battery,2030,74,17,17,,-0.022924328746409567,0.0,0.0
1770,battery,2030,74,18,18,,-0.022924328746409577,0.0,0.0
1771,battery,2030,74,19,19,,-0.022924328746409567,0.0,0.0
1772,battery,2030,74,20,20,,-0.022924328746409567,0.0,0.0
1773,battery,2030,74,21,21,,-0.022924328746409567,0.0,0.0
1774,battery,2030,74,22,22,,-0.022924328746409567,0.0,0.0
1775,battery,2030,74,23,23,,-0.022924328746409567,0.0,0.0
1776,battery,2030,74,24,24,,-0.022924328746409567,0.0,0.0
1777,battery,2030,75,1,1,,-0.011601293168183726,0.0,0.0
1778,battery,2030,75,2,2,,-0.011601293168183726,0.0,0.0
1779,battery,2030,75,3,3,,-0.010470167084285813,0.0,0.0
1780,battery,2030,75,4,4,,-0.010470167084285813,0.0,0.0
1781,battery,2030,75,5,5,,-0.010470167084285813,0.0,0.0
1782,battery,2030,75,6,6,,-0.010470167084285813,0.0,0.0
1783,battery,2030,75,7,7,,-0.010470167084285813,0.0,0.0
1784,battery,2030,75,8,8,,-0.010470167084285813,0.0,0.0
1785,battery,2030,75,9,9,,-0.010470167084285813,0.0,0.0
1786,battery,2030,75,10,10,,-0.010470167084285813,0.0,0.0
1787,battery,2030,75,11,11,,-0.010470167084285813,0.0,0.0
1788,battery,2030,75,12,12,,-0.010470167084285813,0.0,0.0
1789,battery,2030,75,13,13,,-0.010470167084285813,0.0,0.0
1790,battery,2030,75,14,14,,-0.010470167084285813,0.0,0.0
1791,battery,2030,75,15,15,,-0.010470167084285813,0.0,0.0
1792,battery,2030,75,16,16,,-0.010470167084285813,0.0,0.0
1793,battery,2030,75,17,17,,-0.010470167084285813,0.0,0.0
1794,battery,2030,75,18,18,,-0.010470167084285813,0.0,0.0
1795,battery,2030,75,19,19,,-0.010470167084285813,0.0,0.0
1796,battery,2030,75,20,20,,-0.010470167084285813,0.0,0.0
1797,battery,2030,75,21,21,,-0.010470167084285813,0.0,0.0
1798,battery,2030,75,22,22,,-0.010470167084285813,0.0,0.0
1799,battery,2030,75,23,23,,-0.010470167084285813,0.0,0.0
1800,battery,2030,75,24,24,,-0.010470167084285813,0.0,0.0
1801,battery,2030,76,1,1,,-0.025948524645004654,0.0,0.0
1802,battery,2030,76,2,2,,-0.023418543492116705,0.0,0.0
1803,battery,2030,76,3,3,,-0.023418543492116705,0.0,0.0
1804,battery,2030,76,4,4,,-0.023418543492116705,0.0,0.0
1805,battery,2030,76,5,5,,-0.023418543492116705,0.0,0.0
1806,battery,2030,76,6,6,,-0.023418543492116705,0.0,0.0
1807,battery,2030,76,7,7,,-0.023418543492116705,0.0,0.0
1808,battery,2030,76,8,8,,-0.023418543492116705,0.0,0.0
1809,battery,2030,76,9,9,,-0.023418543492116705,0.0,0.0
1810,battery,2030,76,10,10,,-0.023418543492116705,0.0,0.0
1811,battery,2030,76,11,11,,-0.023418543492116705,0.0,0.0
1812,battery,2030,76,12,12,,-0.023418543492116705,0.0,0.0
1813,battery,2030,76,13,13,,-0.023418543492116705,0.0,0.0
1814,battery,2030,76,14,14,,-0.023418543492116705,0.0,0.0
1815,battery,2030,76,15,15,,-0.023418543492116705,0.0,0.0
1816,battery,2030,76,16,16,,-0.023418543492116705,0.0,0.0
1817,battery,2030,76,17,17,,-0.023418543492116705,0.0,0.0
1818,battery,2030,76,18,18,,-0.023418543492116705,0.0,0.0
1819,battery,2030,76,19,19,,-0.023418543492116705,0.0,0.0
1820,battery,2030,76,20,20,,-0.023418543492116705,0.0,0.0
1821,battery,2030,76,21,21,,-0.023418543492116705,0.0,0.0
1822,battery,2030,76,22,22,,-0.023418543492116705,0.0,0.0
1823,battery,2030,76,23,23,,-0.023418543492116705,0.0,0.0
1824,battery,2030,76,24,24,,-0.023418543492116705,0.0,0.0
1825,battery,2030,77,1,1,,-0.005698121999636491,0.0,0.0
1826,battery,2030,77,2,2,,-0.005698121999636491,0.0,0.0
1827,battery,2030,77,3,3,,-0.005698121999636492,0.0,0.0
1828,battery,2030,77,4,4,,-0.005142555104671934,0.0,0.0
1829,battery,2030,77,5,5,,-0.005142555104671934,0.0,0.0
1830,battery,2030,77,6,6,,-0.005142555104671934,0.0,0.0
1831,battery,2030,77,7,7,,-0.005142555104671934,0.0,0.0
1832,battery,2030,77,8,8,,-0.005142555104671934,0.0,0.0
1833,battery,2030,77,9,9,,-0.005142555104671934,0.0,0.0
1834,battery,2030,77,10,10,,-0.005142555104671934,0.0,0.0
1835,battery,2030,77,11,11,,-0.005142555104671934,0.0,0.0
1836,battery,2030,77,12,12,,-0.005142555104671934,0.0,0.0
1837,battery,2030,77,13,13,,-0.005142555104671934,0.0,0.0
1838,battery,2030,77,14,14,,-0.005142555104671934,0.0,0.0
1839,battery,2030,77,15,15,,-0.005142555104671934,0.0,0.0
1840,battery,2030,77,16,16,,-0.005142555104671934,0.0,0.0
1841,battery,2030,77,17,17,,-0.005142555104671934,0.0,0.0
1842,battery,2030,77,18,18,,-0.005142555104671934,0.0,0.0
1843,battery,2030,77,19,19,,-0.005142555104671934,0.0,0.0
1844,battery,2030,77,20,20,,-0.005142555104671934,0.0,0.0
1845,battery,2030,77,21,21,,-0.005142555104671934,0.0,0.0
1846,battery,2030,77,22,22,,-0.005142555104671934,0.0,0.0
1847,battery,2030,77,23,23,,-0.005142555104671934,0.0,0.0
1848,battery,2030,77,24,24,,0.0,0.0,0.0
1849,battery,2030,78,1,1,,-0.01628107848284916,0.0,0.0
1850,battery,2030,78,2,2,,-0.01628107848284916,0.0,0.0
1851,battery,2030,78,3,3,,-0.014693673330771371,0.0,0.0
1852,battery,2030,78,4,4,,-0.014693673330771371,0.0,0.0
1853,battery,2030,78,5,5,,-0.014693673330771371,0.0,0.0
1854,battery,2030,78,6,6,,-0.014693673330771375,0.0,0.0
1855,battery,2030,78,7,7,,-0.014693673330771375,0.0,0.0
1856,battery,2030,78,8,8,,-0.014693673330771371,0.0,0.0
1857,battery,2030,78,9,9,,-0.014693673330771371,0.0,0.0
1858,battery,2030,78,10,10,,-0.014693673330771371,0.0,0.0
1859,battery,2030,78,11,11,,-0.014693673330771371,0.0,0.0
1860,battery,2030,78,12,12,,-0.014693673330771371,0.0,0.0
1861,battery,2030,78,13,13,,-0.014693673330771371,0.0,0.0
1862,battery,2030,78,14,14,,-0.014693673330771371,0.0,0.0
1863,battery,2030,78,15,15,,-0.014693673330771371,0.0,0.0
1864,battery,2030,78,16,16,,-0.014693673330771371,0.0,0.0
1865,battery,2030,78,17,17,,-0.014693673330771371,0.0,0.0
1866,battery,2030,78,18,18,,-0.014693673330771371,0.0,0.0
1867,battery,2030,78,19,19,,-0.014693673330771375,0.0,0.0
1868,battery,2030,78,20,20,,-0.014693673330771375,0.0,0.0
1869,battery,2030,78,21,21,,-0.014693673330771375,0.0,0.0
1870,battery,2030,78,22,22,,-0.014693673330771375,0.0,0.0
1871,battery,2030,78,23,23,,-0.014693673330771375,0.0,0.0
1872,battery,2030,78,24,24,,-0.014693673330771375,0.0,0.0
1873,battery,2030,79,1,1,,-0.012661001838129763,0.0,0.0
1874,battery,2030,79,2,2,,-0.012661001838129763,0.0,0.0
1875,battery,2030,79,3,3,,-0.012661001838129763,0.0,0.0
1876,battery,2030,79,4,4,,-0.012661001838129763,0.0,0.0
1877,battery,2030,79,5,5,,-0.012661001838129763,0.0,0.0
1878,battery,2030,79,6,6,,-0.012661001838129763,0.0,0.0
1879,battery,2030,79,7,7,,-0.012661001838129763,0.0,0.0
1880,battery,2030,79,8,8,,-0.012661001838129763,0.0,0.0
1881,battery,2030,79,9,9,,-0.012661001838129763,0.0,0.0
1882,battery,2030,79,10,10,,-0.012661001838129763,0.0,0.0
1883,battery,2030,79,11,11,,-0.012661001838129763,0.0,0.0
1884,battery,2030,79,12,12,,-0.012661001838129763,0.0,0.0
1885,battery,2030,79,13,13,,-0.012661001838129763,0.0,0.0
1886,battery,2030,79,14,14,,-0.012661001838129763,0.0,0.0
1887,battery,2030,79,15,15,,-0.012661001838129763,0.0,0.0
1888,battery,2030,79,16,16,,-0.012661001838129763,0.0,0.0
1889,battery,2030,79,17,17,,-0.012661001838129772,0.0,0.0
1890,battery,2030,79,18,18,,-0.012661001838129772,0.0,0.0
1891,battery,2030,79,19,19,,-0.012661001838129772,0.0,0.0
1892,battery,2030,79,20,20,,-0.012661001838129772,0.0,0.0
1893,battery,2030,79,21,21,,-0.012661001838129772,0.0,0.0
1894,battery,2030,79,22,22,,-0.012661001838129763,0.0,0.0
1895,battery,2030,79,23,23,,-0.012661001838129772,0.0,0.0
1896,battery,2030,79,24,24,,-0.012661001838129772,0.0,0.0
1897,battery,2030,80,1,1,,-0.006185980628071419,0.0,0.0
1898,battery,2030,80,2,2,,-0.006185980628071419,0.0,0.0
1899,battery,2030,80,3,3,,-0.006185980628071425,0.0,0.0
1900,battery,2030,80,4,4,,-0.0055828475168344625,0.0,0.0
1901,battery,2030,80,5,5,,-0.0055828475168344625,0.0,0.0
1902,battery,2030,80,6,6,,-0.0055828475168344625,0.0,0.0
1903,battery,2030,80,7,7,,-0.0055828475168344625,0.0,0.0
1904,battery,2030,80,8,8,,-0.0055828475168344625,0.0,0.0
1905,battery,2030,80,9,9,,-0.0055828475168344625,0.0,0.0
1906,battery,2030,80,10,10,,-0.0055828475168344565,0.0,0.0
1907,battery,2030,80,11,11,,-0.0055828475168344625,0.0,0.0
1908,battery,2030,80,12,12,,-0.0055828475168344625,0.0,0.0
1909,battery,2030,80,13,13,,-0.0055828475168344625,0.0,0.0
1910,battery,2030,80,14,14,,-0.0055828475168344625,0.0,0.0
1911,battery,2030,80,15,15,,-0.0055828475168344625,0.0,0.0
1912,battery,2030,80,16,16,,-0.0055828475168344625,0.0,0.0
1913,battery,2030,80,17,17,,-0.0055828475168344625,0.0,0.0
1914,battery,2030,80,18,18,,-0.0055828475168344625,0.0,0.0
1915,battery,2030,80,19,19,,-0.0055828475168344625,0.0,0.0
1916,battery,2030,80,20,20,,-0.0055828475168344625,0.0,0.0
1917,battery,2030,80,21,21,,-0.0055828475168344625,0.0,0.0
1918,battery,2030,80,22,22,,-0.0055828475168344625,0.0,0.0
1919,battery,2030,80,23,23,,-0.0055828475168344625,0.0,0.0
1920,battery,2030,80,24,24,,0.0,0.0,0.0
1921,battery,2030,81,1,1,,-0.013041532300413158,0.0,0.0
1922,battery,2030,81,2,2,,-0.013041532300413158,0.0,0.0
1923,battery,2030,81,3,3,,-0.011769982901122881,0.0,0.0
1924,battery,2030,81,4,4,,-0.011769982901122881,0.0,0.0
1925,battery,2030,81,5,5,,-0.011769982901122881,0.0,0.0
1926,battery,2030,81,6,6,,-0.011769982901122881,0.0,0.0
1927,battery,2030,81,7,7,,-0.011769982901122881,0.0,0.0
1928,battery,2030,81,8,8,,-0.011769982901122881,0.0,0.0
1929,battery,2030,81,9,9,,-0.011769982901122881,0.0,0.0
1930,battery,2030,81,10,10,,-0.011769982901122881,0.0,0.0
1931,battery,2030,81,11,11,,-0.011769982901122881,0.0,0.0
1932,battery,2030,81,12,12,,-0.011769982901122881,0.0,0.0
1933,battery,2030,81,13,13,,-0.011769982901122881,0.0,0.0
1934,battery,2030,81,14,14,,-0.011769982901122881,0.0,0.0
1935,battery,2030,81,15,15,,-0.011769982901122881,0.0,0.0
1936,battery,2030,81,16,16,,-0.011769982901122881,0.0,0.0
1937,battery,2030,81,17,17,,-0.011769982901122881,0.0,0.0
1938,battery,2030,81,18,18,,-0.011769982901122881,0.0,0.0
1939,battery,2030,81,19,19,,-0.011769982901122881,0.0,0.0
1940,battery,2030,81,20,20,,-0.011769982901122881,0.0,0.0
1941,battery,2030,81,21,21,,-0.011769982901122881,0.0,0.0
1942,battery,2030,81,22,22,,-0.011769982901122881,0.0,0.0
1943,battery,2030,81,23,23,,-0.011769982901122881,0.0,0.0
1944,battery,2030,81,24,24,,-0.011769982901122881,0.0,0.0
1945,battery,2030,82,1,1,,-0.008641925112931012,0.0,0.0
1946,battery,2030,82,2,2,,-0.008641925112931012,0.0,0.0
1947,battery,2030,82,3,3,,-0.007799337414420242,0.0,0.0
1948,battery,2030,82,4,4,,-0.007799337414420242,0.0,0.0
1949,battery,2030,82,5,5,,-0.007799337414420242,0.0,0.0
1950,battery,2030,82,6,6,,-0.007799337414420242,0.0,0.0
1951,battery,2030,82,7,7,,-0.007799337414420242,0.0,0.0
1952,battery,2030,82,8,8,,-0.0077993374144202385,0.0,0.0
1953,battery,2030,82,9,9,,-0.0077993374144202385,0.0,0.0
1954,battery,2030,82,10,10,,-0.0077993374144202385,0.0,0.0
1955,battery,2030,82,11,11,,-0.007799337414420242,0.0,0.0
1956,battery,2030,82,12,12,,-0.007799337414420242,0.0,0.0
1957,battery,2030,82,13,13,,-0.007799337414420242,0.0,0.0
1958,battery,2030,82,14,14,,-0.007799337414420242,0.0,0.0
1959,battery,2030,82,15,15,,-0.007799337414420242,0.0,0.0
1960,battery,2030,82,16,16,,-0.007799337414420242,0.0,0.0
1961,battery,2030,82,17,17,,-0.007799337414420242,0.0,0.0
1962,battery,2030,82,18,18,,-0.007799337414420242,0.0,0.0
1963,battery,2030,82,19,19,,-0.007799337414420242,0.0,0.0
1964,battery,2030,82,20,20,,-0.007799337414420242,0.0,0.0
1965,battery,2030,82,21,21,,-0.007799337414420242,0.0,0.0
1966,battery,2030,82,22,22,,-0.007799337414420242,0.0,0.0
1967,battery,2030,82,23,23,,-0.007799337414420242,0.0,0.0
1968,battery,2030,82,24,24,,-0.0003119734965768096,0.0,0.0
1969,battery,2030,83,1,1,,-0.015599321943150782,0.0,0.0
1970,battery,2030,83,2,2,,-0.015599321943150782,0.0,0.0
1971,battery,2030,83,3,3,,-0.014078388053693582,0.0,0.0
1972,battery,2030,83,4,4,,-0.014078388053693582,0.0,0.0
1973,battery,2030,83,5,5,,-0.014078388053693582,0.0,0.0
1974,battery,2030,83,6,6,,-0.014078388053693582,0.0,0.0
1975,battery,2030,83,7,7,,-0.014078388053693582,0.0,0.0
1976,battery,2030,83,8,8,,-0.014078388053693585,0.0,0.0
1977,battery,2030,83,9,9,,-0.014078388053693585,0.0,0.0
1978,battery,2030,83,10,10,,-0.014078388053693585,0.0,0.0
1979,battery,2030,83,11,11,,-0.014078388053693585,0.0,0.0
1980,battery,2030,83,12,12,,-0.014078388053693585,0.0,0.0
1981,battery,2030,83,13,13,,-0.014078388053693585,0.0,0.0
1982,battery,2030,83,14,14,,-0.014078388053693585,0.0,0.0
1983,battery,2030,83,15,15,,-0.014078388053693585,0.0,0.0
1984,battery,2030,83,16,16,,-0.014078388053693585,0.0,0.0
1985,battery,2030,83,17,17,,-0.014078388053693582,0.0,0.0
1986,battery,2030,83,18,18,,-0.014078388053693582,0.0,0.0
1987,battery,2030,83,19,19,,-0.014078388053693582,0.0,0.0
1988,battery,2030,83,20,20,,-0.014078388053693582,0.0,0.0
1989,battery,2030,83,21,21,,-0.014078388053693582,0.0,0.0
1990,battery,2030,83,22,22,,-0.014078388053693582,0.0,0.0
1991,battery,2030,83,23,23,,-0.014078388053693582,0.0,0.0
1992,battery,2030,83,24,24,,-0.014078388053693582,0.0,0.0
1993,battery,2030,84,1,1,,-0.021778848205501376,0.0,0.0
1994,battery,2030,84,2,2,,-0.019655410505465,0.0,0.0
1995,battery,2030,84,3,3,,-0.019655410505465,0.0,0.0
1996,battery,2030,84,4,4,,-0.019655410505465,0.0,0.0
1997,battery,2030,84,5,5,,-0.019655410505465,0.0,0.0
1998,battery,2030,84,6,6,,-0.019655410505465,0.0,0.0
1999,battery,2030,84,7,7,,-0.019655410505465,0.0,0.0
2000,battery,2030,84,8,8,,-0.019655410505465,0.0,0.0
2001,battery,2030,84,9,9,,-0.019655410505465,0.0,0.0
2002,battery,2030,84,10,10,,-0.019655410505465,0.0,0.0
2003,battery,2030,84,11,11,,-0.019655410505465,0.0,0.0
2004,battery,2030,84,12,12,,-0.019655410505465,0.0,0.0
2005,battery,2030,84,13,13,,-0.019655410505465,0.0,0.0
2006,battery,2030,84,14,14,,-0.019655410505465,0.0,0.0
2007,battery,2030,84,15,15,,-0.019655410505465,0.0,0.0
2008,battery,2030,84,16,16,,-0.019655410505465,0.0,0.0
2009,battery,2030,84,17,17,,-0.019655410505465,0.0,0.0
2010,battery,2030,84,18,18,,-0.019655410505465,0.0,0.0
2011,battery,2030,84,19,19,,-0.019655410505465,0.0,0.0
2012,battery,2030,84,20,20,,-0.019655410505465,0.0,0.0
2013,battery,2030,84,21,21,,-0.019655410505465,0.0,0.0
2014,battery,2030,84,22,22,,-0.019655410505465,0.0,0.0
2015,battery,2030,84,23,23,,-0.019655410505465,0.0,0.0
2016,battery,2030,84,24,24,,-0.019655410505465,0.0,0.0
2017,battery,2030,85,1,1,,-0.01810776384325169,0.0,0.0
2018,battery,2030,85,2,2,,-0.01810776384325169,0.0,0.0
2019,battery,2030,85,3,3,,-0.01634225686853465,0.0,0.0
2020,battery,2030,85,4,4,,-0.01634225686853465,0.0,0.0
2021,battery,2030,85,5,5,,-0.01634225686853465,0.0,0.0
2022,battery,2030,85,6,6,,-0.01634225686853465,0.0,0.0
2023,battery,2030,85,7,7,,-0.01634225686853465,0.0,0.0
2024,battery,2030,85,8,8,,-0.01634225686853465,0.0,0.0
2025,battery,2030,85,9,9,,-0.01634225686853465,0.0,0.0
2026,battery,2030,85,10,10,,-0.01634225686853465,0.0,0.0
2027,battery,2030,85,11,11,,-0.01634225686853465,0.0,0.0
2028,battery,2030,85,12,12,,-0.01634225686853465,0.0,0.0
2029,battery,2030,85,13,13,,-0.01634225686853465,0.0,0.0
2030,battery,2030,85,14,14,,-0.01634225686853465,0.0,0.0
2031,battery,2030,85,15,15,,-0.01634225686853465,0.0,0.0
2032,battery,2030,85,16,16,,-0.01634225686853465,0.0,0.0
2033,battery,2030,85,17,17,,-0.01634225686853465,0.0,0.0
2034,battery,2030,85,18,18,,-0.01634225686853465,0.0,0.0
2035,battery,2030,85,19,19,,-0.01634225686853465,0.0,0.0
2036,battery,2030,85,20,20,,-0.01634225686853465,0.0,0.0
2037,battery,2030,85,21,21,,-0.01634225686853465,0.0,0.0
2038,battery,2030,85,22,22,,-0.01634225686853465,0.0,0.0
2039,battery,2030,85,23,23,,-0.01634225686853465,0.0,0.0
2040,battery,2030,85,24,24,,-0.01634225686853465,0.0,0.0
2041,battery,2030,86,1,1,,-0.01717945773818049,0.0,0.0
2042,battery,2030,86,2,2,,-0.01717945773818049,0.0,0.0
2043,battery,2030,86,3,3,,-0.015504460608707898,0.0,0.0
2044,battery,2030,86,4,4,,-0.015504460608707898,0.0,0.0
2045,battery,2030,86,5,5,,-0.015504460608707898,0.0,0.0
2046,battery,2030,86,6,6,,-0.015504460608707898,0.0,0.0
2047,battery,2030,86,7,7,,-0.015504460608707898,0.0,0.0
2048,battery,2030,86,8,8,,-0.015504460608707898,0.0,0.0
2049,battery,2030,86,9,9,,-0.015504460608707898,0.0,0.0
2050,battery,2030,86,10,10,,-0.015504460608707898,0.0,0.0
2051,battery,2030,86,11,11,,-0.015504460608707898,0.0,0.0
2052,battery,2030,86,12,12,,-0.015504460608707898,0.0,0.0
2053,battery,2030,86,13,13,,-0.015504460608707898,0.0,0.0
2054,battery,2030,86,14,14,,-0.015504460608707898,0.0,0.0
2055,battery,2030,86,15,15,,-0.015504460608707898,0.0,0.0
2056,battery,2030,86,16,16,,-0.015504460608707898,0.0,0.0
2057,battery,2030,86,17,17,,-0.015504460608707898,0.0,0.0
2058,battery,2030,86,18,18,,-0.015504460608707898,0.0,0.0
2059,battery,2030,86,19,19,,-0.015504460608707898,0.0,0.0
2060,battery,2030,86,20,20,,-0.015504460608707898,0.0,0.0
2061,battery,2030,86,21,21,,-0.015504460608707898,0.0,0.0
2062,battery,2030,86,22,22,,-0.015504460608707898,0.0,0.0
2063,battery,2030,86,23,23,,-0.015504460608707898,0.0,0.0
2064,battery,2030,86,24,24,,-0.015504460608707898,0.0,0.0
2065,battery,2030,87,1,1,,-0.00864359077564963,0.0,0.0
2066,battery,2030,87,2,2,,-0.00864359077564963,0.0,0.0
2067,battery,2030,87,3,3,,-0.007800840675023795,0.0,0.0
2068,battery,2030,87,4,4,,-0.007800840675023795,0.0,0.0
2069,battery,2030,87,5,5,,-0.007800840675023795,0.0,0.0
2070,battery,2030,87,6,6,,-0.007800840675023795,0.0,0.0
2071,battery,2030,87,7,7,,-0.007800840675023795,0.0,0.0
2072,battery,2030,87,8,8,,-0.007800840675023795,0.0,0.0
2073,battery,2030,87,9,9,,-0.007800840675023795,0.0,0.0
2074,battery,2030,87,10,10,,-0.007800840675023795,0.0,0.0
2075,battery,2030,87,11,11,,-0.007800840675023795,0.0,0.0
2076,battery,2030,87,12,12,,-0.007800840675023795,0.0,0.0
2077,battery,2030,87,13,13,,-0.007800840675023795,0.0,0.0
2078,battery,2030,87,14,14,,-0.007800840675023795,0.0,0.0
2079,battery,2030,87,15,15,,-0.007800840675023795,0.0,0.0
2080,battery,2030,87,16,16,,-0.007800840675023795,0.0,0.0
2081,battery,2030,87,17,17,,-0.007800840675023795,0.0,0.0
2082,battery,2030,87,18,18,,-0.007800840675023795,0.0,0.0
2083,battery,2030,87,19,19,,-0.007800840675023795,0.0,0.0
2084,battery,2030,87,20,20,,-0.007800840675023795,0.0,0.0
2085,battery,2030,87,21,21,,-0.007800840675023795,0.0,0.0
2086,battery,2030,87,22,22,,-0.007800840675023795,0.0,0.0
2087,battery,2030,87,23,23,,-0.007800840675023795,0.0,0.0
2088,battery,2030,87,24,24,,0.0,0.0,0.0
2089,battery,2030,88,1,1,,-0.005379364173496273,0.0,0.0
2090,battery,2030,88,2,2,,-0.005379364173496273,0.0,0.0
2091,battery,2030,88,3,3,,-0.005379364173496273,0.0,0.0
2092,battery,2030,88,4,4,,-0.005379364173496273,-0.007352858722352894,0.0
2093,battery,2030,88,5,5,,-0.012732222895849167,0.0,0.0
2094,battery,2030,88,6,6,,-0.012732222895849167,0.0,0.0
2095,battery,2030,88,7,7,,-0.012732222895849167,0.0,0.0
2096,battery,2030,88,8,8,,-0.012732222895849167,0.0,0.0
2097,battery,2030,88,9,9,,-0.012732222895849167,0.0,0.0
2098,battery,2030,88,10,10,,-0.012732222895849167,0.0,0.0
2099,battery,2030,88,11,11,,-0.012732222895849167,0.0,0.0
2100,battery,2030,88,12,12,,-0.012732222895849167,0.0,0.0
2101,battery,2030,88,13,13,,-0.012732222895849167,0.0,0.0
2102,battery,2030,88,14,14,,-0.012732222895849167,0.0,0.0
2103,battery,2030,88,15,15,,-0.01273222289584917,0.0,0.0
2104,battery,2030,88,16,16,,-0.01273222289584917,0.0,0.0
2105,battery,2030,88,17,17,,-0.01273222289584917,0.0,0.0
2106,battery,2030,88,18,18,,-0.01273222289584917,0.0,0.0
2107,battery,2030,88,19,19,,-0.012732222895849167,0.0,0.0
2108,battery,2030,88,20,20,,-0.012732222895849167,0.0,0.0
2109,battery,2030,88,21,21,,-0.012732222895849167,0.0,0.0
2110,battery,2030,88,22,22,,-0.01273222289584917,0.0,0.0
2111,battery,2030,88,23,23,,-0.01273222289584917,0.0,0.0
2112,battery,2030,88,24,24,,-0.01273222289584917,0.0,0.0
2113,battery,2030,89,1,1,,-0.02308317444863743,0.0,0.0
2114,battery,2030,89,2,2,,-0.020832564939895284,0.0,0.0
2115,battery,2030,89,3,3,,-0.020832564939895284,0.0,0.0
2116,battery,2030,89,4,4,,-0.020832564939895284,0.0,0.0
2117,battery,2030,89,5,5,,-0.020832564939895284,0.0,0.0
2118,battery,2030,89,6,6,,-0.020832564939895284,0.0,0.0
2119,battery,2030,89,7,7,,-0.020832564939895284,0.0,0.0
2120,battery,2030,89,8,8,,-0.02083256493989529,0.0,0.0
2121,battery,2030,89,9,9,,-0.02083256493989529,0.0,0.0
2122,battery,2030,89,10,10,,-0.02083256493989529,0.0,0.0
2123,battery,2030,89,11,11,,-0.02083256493989529,0.0,0.0
2124,battery,2030,89,12,12,,-0.02083256493989529,0.0,0.0
2125,battery,2030,89,13,13,,-0.02083256493989529,0.0,0.0
2126,battery,2030,89,14,14,,-0.02083256493989529,0.0,0.0
2127,battery,2030,89,15,15,,-0.02083256493989529,0.0,0.0
2128,battery,2030,89,16,16,,-0.02083256493989529,0.0,0.0
2129,battery,2030,89,17,17,,-0.02083256493989529,0.0,0.0
2130,battery,2030,89,18,18,,-0.02083256493989529,0.0,0.0
2131,battery,2030,89,19,19,,-0.02083256493989529,0.0,0.0
2132,battery,2030,89,20,20,,-0.020832564939895284,0.0,0.0
2133,battery,2030,89,21,21,,-0.020832564939895284,0.0,0.0
2134,battery,2030,89,22,22,,-0.020832564939895284,0.0,0.0
2135,battery,2030,89,23,23,,-0.020832564939895284,0.0,0.0
2136,battery,2030,89,24,24,,-0.020832564939895284,0.0,0.0
2137,battery,2030,90,1,1,,-0.017410134977440338,0.0,0.0
2138,battery,2030,90,2,2,,-0.017410134977440338,0.0,0.0
2139,battery,2030,90,3,3,,-0.015712646817139905,0.0,0.0
2140,battery,2030,90,4,4,,-0.015712646817139905,0.0,0.0
2141,battery,2030,90,5,5,,-0.015712646817139905,0.0,0.0
2142,battery,2030,90,6,6,,-0.015712646817139905,0.0,0.0
2143,battery,2030,90,7,7,,-0.015712646817139905,0.0,0.0
2144,battery,2030,90,8,8,,-0.015712646817139905,0.0,0.0
2145,battery,2030,90,9,9,,-0.015712646817139905,0.0,0.0
2146,battery,2030,90,10,10,,-0.015712646817139905,0.0,0.0
2147,battery,2030,90,11,11,,-0.015712646817139905,0.0,0.0
2148,battery,2030,90,12,12,,-0.015712646817139905,0.0,0.0
2149,battery,2030,90,13,13,,-0.015712646817139905,0.0,0.0
2150,battery,2030,90,14,14,,-0.015712646817139905,0.0,0.0
2151,battery,2030,90,15,15,,-0.015712646817139905,0.0,0.0
2152,battery,2030,90,16,16,,-0.015712646817139905,0.0,0.0
2153,battery,2030,90,17,17,,-0.015712646817139905,0.0,0.0
2154,battery,2030,90,18,18,,-0.015712646817139905,0.0,0.0
2155,battery,2030,90,19,19,,-0.015712646817139905,0.0,0.0
2156,battery,2030,90,20,20,,-0.015712646817139905,0.0,0.0
2157,battery,2030,90,21,21,,-0.015712646817139905,0.0,0.0
2158,battery,2030,90,22,22,,-0.015712646817139905,0.0,0.0
2159,battery,2030,90,23,23,,-0.015712646817139905,0.0,0.0
2160,battery,2030,90,24,24,,-0.015712646817139905,0.0,0.0
2161,battery,2030,91,1,1,,-0.017940123132707812,0.0,0.0
2162,battery,2030,91,2,2,,-0.017940123132707812,0.0,0.0
2163,battery,2030,91,3,3,,-0.0161909611272688,0.0,0.0
2164,battery,2030,91,4,4,,-0.0161909611272688,0.0,0.0
2165,battery,2030,91,5,5,,-0.0161909611272688,0.0,0.0
2166,battery,2030,91,6,6,,-0.0161909611272688,0.0,0.0
2167,battery,2030,91,7,7,,-0.0161909611272688,0.0,0.0
2168,battery,2030,91,8,8,,-0.0161909611272688,0.0,0.0
2169,battery,2030,91,9,9,,-0.0161909611272688,0.0,0.0
2170,battery,2030,91,10,10,,-0.016190961127268796,0.0,0.0
2171,battery,2030,91,11,11,,-0.016190961127268796,0.0,0.0
2172,battery,2030,91,12,12,,-0.016190961127268796,0.0,0.0
2173,battery,2030,91,13,13,,-0.016190961127268796,0.0,0.0
2174,battery,2030,91,14,14,,-0.016190961127268796,0.0,0.0
2175,battery,2030,91,15,15,,-0.016190961127268796,0.0,0.0
2176,battery,2030,91,16,16,,-0.016190961127268796,0.0,0.0
2177,battery,2030,91,17,17,,-0.016190961127268796,0.0,0.0
2178,battery,2030,91,18,18,,-0.016190961127268796,0.0,0.0
2179,battery,2030,91,19,19,,-0.016190961127268796,0.0,0.0
2180,battery,2030,91,20,20,,-0.016190961127268796,0.0,0.0
2181,battery,2030,91,21,21,,-0.016190961127268796,0.0,0.0
2182,battery,2030,91,22,22,,-0.016190961127268796,0.0,0.0
2183,battery,2030,91,23,23,,-0.016190961127268796,0.0,0.0
2184,battery,2030,91,24,24,,-0.016190961127268796,0.0,0.0
2185,battery,2030,92,1,1,,-0.052948321512706314,0.0,0.0
2186,battery,2030,92,2,2,,-0.04778586016521746,0.0,0.0
2187,battery,2030,92,3,3,,-0.04778586016521746,0.0,0.0
2188,battery,2030,92,4,4,,-0.04778586016521746,0.0,0.0
2189,battery,2030,92,5,5,,-0.04778586016521746,0.0,0.0
2190,battery,2030,92,6,6,,-0.04778586016521746,0.0,0.0
2191,battery,2030,92,7,7,,-0.04778586016521746,0.0,0.0
2192,battery,2030,92,8,8,,-0.04778586016521746,0.0,0.0
2193,battery,2030,92,9,9,,-0.04778586016521746,0.0,0.0
2194,battery,2030,92,10,10,,-0.04778586016521746,0.0,0.0
2195,battery,2030,92,11,11,,-0.04778586016521744,0.0,0.0
2196,battery,2030,92,12,12,,-0.04778586016521744,0.0,0.0
2197,battery,2030,92,13,13,,-0.04778586016521744,0.0,0.0
2198,battery,2030,92,14,14,,-0.04778586016521744,0.0,0.0
2199,battery,2030,92,15,15,,-0.04778586016521744,0.0,0.0
2200,battery,2030,92,16,16,,-0.04778586016521744,0.0,0.0
2201,battery,2030,92,17,17,,-0.04778586016521744,0.0,0.0
2202,battery,2030,92,18,18,,-0.04778586016521744,0.0,0.0
2203,battery,2030,92,19,19,,-0.04778586016521744,0.0,0.0
2204,battery,2030,92,20,20,,-0.04778586016521744,0.0,0.0
2205,battery,2030,92,21,21,,-0.04778586016521744,0.0,0.0
2206,battery,2030,92,22,22,,-0.04778586016521744,0.0,0.0
2207,battery,2030,92,23,23,,-0.04778586016521746,0.0,0.0
2208,battery,2030,92,24,24,,-0.04778586016521746,0.0,0.0
2209,battery,2030,93,1,1,,-0.009006580250413865,0.0,0.0
2210,battery,2030,93,2,2,,-0.009006580250413865,0.0,0.0
2211,battery,2030,93,3,3,,-0.008128438675998514,0.0,0.0
2212,battery,2030,93,4,4,,-0.008128438675998514,0.0,0.0
2213,battery,2030,93,5,5,,-0.008128438675998514,0.0,0.0
2214,battery,2030,93,6,6,,-0.008128438675998514,0.0,0.0
2215,battery,2030,93,7,7,,-0.008128438675998514,0.0,0.0
2216,battery,2030,93,8,8,,-0.008128438675998514,0.0,0.0
2217,battery,2030,93,9,9,,-0.008128438675998514,0.0,0.0
2218,battery,2030,93,10,10,,-0.008128438675998514,0.0,0.0
2219,battery,2030,93,11,11,,-0.008128438675998514,0.0,0.0
2220,battery,2030,93,12,12,,-0.008128438675998514,0.0,0.0
2221,battery,2030,93,13,13,,-0.008128438675998514,0.0,0.0
2222,battery,2030,93,14,14,,-0.008128438675998514,0.0,0.0
2223,battery,2030,93,15,15,,-0.008128438675998514,0.0,0.0
2224,battery,2030,93,16,16,,-0.008128438675998514,0.0,0.0
2225,battery,2030,93,17,17,,-0.008128438675998514,0.0,0.0
2226,battery,2030,93,18,18,,-0.008128438675998514,0.0,0.0
2227,battery,2030,93,19,19,,-0.008128438675998514,0.0,0.0
2228,battery,2030,93,20,20,,-0.008128438675998514,0.0,0.0
2229,battery,2030,93,21,21,,-0.008128438675998514,0.0,0.0
2230,battery,2030,93,22,22,,-0.008128438675998514,0.0,0.0
2231,battery,2030,93,23,23,,-0.008128438675998514,0.0,0.0
2232,battery,2030,93,24,24,,0.0,0.0,0.0
2233,battery,2030,94,1,1,,-0.008308045113063737,0.0,0.0
2234,battery,2030,94,2,2,,-0.0074980107145400255,0.0,0.0
2235,battery,2030,94,3,3,,-0.0074980107145400255,0.0,0.0
2236,battery,2030,94,4,4,,-0.0035101490602694294,0.0,0.0
2237,battery,2030,94,5,5,,-0.00033232180452254955,0.0,0.0
2238,battery,2030,94,6,6,,-0.00033232180452254955,0.0,0.0
2239,battery,2030,94,7,7,,-0.00033232180452254955,-0.0071656889100174745,0.0
2240,battery,2030,94,8,8,,-0.007498010714540024,0.0,0.0
2241,battery,2030,94,9,9,,-0.007498010714540024,-1.734723475976807e-18,0.0
2242,battery,2030,94,10,10,,-0.0074980107145400255,0.0,0.0
2243,battery,2030,94,11,11,,-0.0074980107145400255,0.0,0.0
2244,battery,2030,94,12,12,,-0.0074980107145400255,0.0,0.0
2245,battery,2030,94,13,13,,-0.0074980107145400255,0.0,0.0
2246,battery,2030,94,14,14,,-0.0074980107145400255,0.0,0.0
2247,battery,2030,94,15,15,,-0.0074980107145400255,0.0,0.0
2248,battery,2030,94,16,16,,-0.0074980107145400255,0.0,0.0
2249,battery,2030,94,17,17,,-0.007498010714540024,0.0,0.0
2250,battery,2030,94,18,18,,-0.007498010714540024,0.0,0.0
2251,battery,2030,94,19,19,,-0.007498010714540024,0.0,0.0
2252,battery,2030,94,20,20,,-0.0074980107145400255,0.0,0.0
2253,battery,2030,94,21,21,,-0.007498010714540024,0.0,0.0
2254,battery,2030,94,22,22,,-0.007498010714540024,0.0,0.0
2255,battery,2030,94,23,23,,-0.007498010714540024,0.0,0.0
2256,battery,2030,94,24,24,,0.0,0.0,0.0
2257,battery,2030,95,1,1,,-0.028382675012583465,0.0,0.0
2258,battery,2030,95,2,2,,-0.02561536419885658,0.0,0.0
2259,battery,2030,95,3,3,,-0.02561536419885658,0.0,0.0
2260,battery,2030,95,4,4,,-0.02561536419885658,0.0,0.0
2261,battery,2030,95,5,5,,-0.02561536419885658,0.0,0.0
2262,battery,2030,95,6,6,,-0.02561536419885658,0.0,0.0
2263,battery,2030,95,7,7,,-0.02561536419885658,0.0,0.0
2264,battery,2030,95,8,8,,-0.02561536419885658,0.0,0.0
2265,battery,2030,95,9,9,,-0.02561536419885658,0.0,0.0
2266,battery,2030,95,10,10,,-0.02561536419885658,0.0,0.0
2267,battery,2030,95,11,11,,-0.02561536419885658,0.0,0.0
2268,battery,2030,95,12,12,,-0.02561536419885658,0.0,0.0
2269,battery,2030,95,13,13,,-0.02561536419885659,0.0,0.0
2270,battery,2030,95,14,14,,-0.02561536419885659,0.0,0.0
2271,battery,2030,95,15,15,,-0.02561536419885659,0.0,0.0
2272,battery,2030,95,16,16,,-0.02561536419885659,0.0,0.0
2273,battery,2030,95,17,17,,-0.02561536419885659,0.0,0.0
2274,battery,2030,95,18,18,,-0.02561536419885659,0.0,0.0
2275,battery,2030,95,19,19,,-0.02561536419885659,0.0,0.0
2276,battery,2030,95,20,20,,-0.02561536419885659,0.0,0.0
2277,battery,2030,95,21,21,,-0.02561536419885659,0.0,0.0
2278,battery,2030,95,22,22,,-0.02561536419885659,0.0,0.0
2279,battery,2030,95,23,23,,-0.02561536419885659,0.0,0.0
2280,battery,2030,95,24,24,,-0.02561536419885659,0.0,0.0
2281,battery,2030,96,1,1,,-0.01977675206975154,0.0,0.0
2282,battery,2030,96,2,2,,-0.01784851874295077,0.0,0.0
2283,battery,2030,96,3,3,,-0.01784851874295077,0.0,0.0
2284,battery,2030,96,4,4,,-0.01784851874295077,0.0,0.0
2285,battery,2030,96,5,5,,-0.01784851874295077,0.0,0.0
2286,battery,2030,96,6,6,,-0.01784851874295077,0.0,0.0
2287,battery,2030,96,7,7,,-0.01784851874295077,0.0,0.0
2288,battery,2030,96,8,8,,-0.01784851874295077,0.0,0.0
2289,battery,2030,96,9,9,,-0.01784851874295077,0.0,0.0
2290,battery,2030,96,10,10,,-0.01784851874295077,0.0,0.0
2291,battery,2030,96,11,11,,-0.01784851874295077,0.0,0.0
2292,battery,2030,96,12,12,,-0.01784851874295077,0.0,0.0
2293,battery,2030,96,13,13,,-0.01784851874295077,0.0,0.0
2294,battery,2030,96,14,14,,-0.01784851874295077,0.0,0.0
2295,battery,2030,96,15,15,,-0.01784851874295077,0.0,0.0
2296,battery,2030,96,16,16,,-0.01784851874295077,0.0,0.0
2297,battery,2030,96,17,17,,-0.01784851874295077,0.0,0.0
2298,battery,2030,96,18,18,,-0.01784851874295077,0.0,0.0
2299,battery,2030,96,19,19,,-0.01784851874295077,0.0,0.0
2300,battery,2030,96,20,20,,-0.01784851874295077,0.0,0.0
2301,battery,2030,96,21,21,,-0.01784851874295077,0.0,0.0
2302,battery,2030,96,22,22,,-0.01784851874295077,0.0,0.0
2303,battery,2030,96,23,23,,-0.01784851874295077,0.0,0.0
2304,battery,2030,96,24,24,,-0.01784851874295077,0.0,0.0
2305,battery,2030,97,1,1,,-0.029527301182601537,0.0,0.0
2306,battery,2030,97,2,2,,-0.02664838931729789,0.0,0.0
2307,battery,2030,97,3,3,,-0.02664838931729789,0.0,0.0
2308,battery,2030,97,4,4,,-0.02664838931729789,0.0,0.0
2309,battery,2030,97,5,5,,-0.02664838931729789,0.0,0.0
2310,battery,2030,97,6,6,,-0.0011810920473040616,0.0,0.0
2311,battery,2030,97,7,7,,-0.0011810920473040616,-0.02546729726999383,0.0
2312,battery,2030,97,8,8,,-0.02664838931729789,0.0,0.0
2313,battery,2030,97,9,9,,-0.02664838931729789,0.0,0.0
2314,battery,2030,97,10,10,,-0.02664838931729789,0.0,0.0
2315,battery,2030,97,11,11,,-0.02664838931729789,0.0,0.0
2316,battery,2030,97,12,12,,-0.02664838931729789,0.0,0.0
2317,battery,2030,97,13,13,,-0.02664838931729789,0.0,0.0
2318,battery,2030,97,14,14,,-0.02664838931729789,0.0,0.0
2319,battery,2030,97,15,15,,-0.02664838931729789,0.0,0.0
2320,battery,2030,97,16,16,,-0.02664838931729789,0.0,0.0
2321,battery,2030,97,17,17,,-0.02664838931729789,0.0,0.0
2322,battery,2030,97,18,18,,-0.02664838931729789,0.0,0.0
2323,battery,2030,97,19,19,,-0.02664838931729789,0.0,0.0
2324,battery,2030,97,20,20,,-0.02664838931729789,0.0,0.0
2325,battery,2030,97,21,21,,-0.02664838931729789,0.0,0.0
2326,battery,2030,97,22,22,,-0.02664838931729789,0.0,0.0
2327,battery,2030,97,23,23,,-0.02664838931729789,0.0,0.0
2328,battery,2030,97,24,24,,-0.02664838931729789,0.0,0.0
2329,battery,2030,98,1,1,,-0.05265152520627213,0.0,0.0
2330,battery,2030,98,2,2,,-0.0475180014986606,0.0,0.0
2331,battery,2030,98,3,3,,-0.0475180014986606,0.0,0.0
2332,battery,2030,98,4,4,,-0.0475180014986606,0.0,0.0
2333,battery,2030,98,5,5,,-0.0475180014986606,0.0,0.0
2334,battery,2030,98,6,6,,-0.0475180014986606,0.0,0.0
2335,battery,2030,98,7,7,,-0.0475180014986606,0.0,0.0
2336,battery,2030,98,8,8,,-0.0475180014986606,0.0,0.0
2337,battery,2030,98,9,9,,-0.0475180014986606,0.0,0.0
2338,battery,2030,98,10,10,,-0.0475180014986606,0.0,0.0
2339,battery,2030,98,11,11,,-0.0475180014986606,0.0,0.0
2340,battery,2030,98,12,12,,-0.0475180014986606,0.0,0.0
2341,battery,2030,98,13,13,,-0.0475180014986606,0.0,0.0
2342,battery,2030,98,14,14,,-0.0475180014986606,0.0,0.0
2343,battery,2030,98,15,15,,-0.0475180014986606,0.0,0.0
2344,battery,2030,98,16,16,,-0.0475180014986606,0.0,0.0
2345,battery,2030,98,17,17,,-0.0475180014986606,0.0,0.0
2346,battery,2030,98,18,18,,-0.0475180014986606,0.0,0.0
2347,battery,2030,98,19,19,,-0.0475180014986606,0.0,0.0
2348,battery,2030,98,20,20,,-0.0475180014986606,0.0,0.0
2349,battery,2030,98,21,21,,-0.0475180014986606,0.0,0.0
2350,battery,2030,98,22,22,,-0.0475180014986606,0.0,0.0
2351,battery,2030,98,23,23,,-0.0475180014986606,0.0,0.0
2352,battery,2030,98,24,24,,-0.0475180014986606,0.0,0.0
2353,battery,2030,99,1,1,,-0.008238557152072229,0.0,0.0
2354,battery,2030,99,2,2,,-0.008238557152072229,0.0,0.0
2355,battery,2030,99,3,3,,-0.008238557152072229,0.0,0.0
2356,battery,2030,99,4,4,,-0.007435297829745187,0.0,0.0
2357,battery,2030,99,5,5,,-0.007435297829745187,0.0,0.0
2358,battery,2030,99,6,6,,-0.0074352978297451845,0.0,0.0
2359,battery,2030,99,7,7,,-0.007435297829745187,0.0,0.0
2360,battery,2030,99,8,8,,-0.007435297829745187,0.0,0.0
2361,battery,2030,99,9,9,,-0.007435297829745187,0.0,0.0
2362,battery,2030,99,10,10,,-0.007435297829745187,0.0,0.0
2363,battery,2030,99,11,11,,-0.0074352978297451845,0.0,0.0
2364,battery,2030,99,12,12,,-0.007435297829745187,0.0,0.0
2365,battery,2030,99,13,13,,-0.007435297829745187,0.0,0.0
2366,battery,2030,99,14,14,,-0.007435297829745187,0.0,0.0
2367,battery,2030,99,15,15,,-0.007435297829745187,0.0,0.0
2368,battery,2030,99,16,16,,-0.0074352978297451845,0.0,0.0
2369,battery,2030,99,17,17,,-0.0074352978297451845,0.0,0.0
2370,battery,2030,99,18,18,,-0.0074352978297451845,0.0,0.0
2371,battery,2030,99,19,19,,-0.0074352978297451845,0.0,0.0
2372,battery,2030,99,20,20,,-0.0074352978297451845,0.0,0.0
2373,battery,2030,99,21,21,,-0.0074352978297451845,0.0,0.0
2374,battery,2030,99,22,22,,-0.0074352978297451845,0.0,0.0
2375,battery,2030,99,23,23,,-0.0074352978297451845,0.0,0.0
2376,battery,2030,99,24,24,,0.0,0.0,0.0
2377,battery,2030,100,1,1,,-0.01820498199600378,0.0,0.0
2378,battery,2030,100,2,2,,-0.01820498199600378,0.0,0.0
2379,battery,2030,100,3,3,,-0.016429996251393422,0.0,0.0
2380,battery,2030,100,4,4,,-0.016429996251393422,0.0,0.0
2381,battery,2030,100,5,5,,-0.016429996251393422,0.0,0.0
2382,battery,2030,100,6,6,,-0.016429996251393422,0.0,0.0
2383,battery,2030,100,7,7,,-0.016429996251393422,0.0,0.0
2384,battery,2030,100,8,8,,-0.016429996251393422,0.0,0.0
2385,battery,2030,100,9,9,,-0.016429996251393422,0.0,0.0
2386,battery,2030,100,10,10,,-0.016429996251393422,0.0,0.0
2387,battery,2030,100,11,11,,-0.016429996251393422,0.0,0.0
2388,battery,2030,100,12,12,,-0.016429996251393422,0.0,0.0
2389,battery,2030,100,13,13,,-0.016429996251393422,0.0,0.0
2390,battery,2030,100,14,14,,-0.016429996251393422,0.0,0.0
2391,battery,2030,100,15,15,,-0.016429996251393422,0.0,0.0
2392,battery,2030,100,16,16,,-0.016429996251393415,0.0,0.0
2393,battery,2030,100,17,17,,-0.016429996251393415,0.0,0.0
2394,battery,2030,100,18,18,,-0.016429996251393415,0.0,0.0
2395,battery,2030,100,19,19,,-0.016429996251393415,0.0,0.0
2396,battery,2030,100,20,20,,-0.016429996251393422,0.0,0.0
2397,battery,2030,100,21,21,,-0.016429996251393422,0.0,0.0
2398,battery,2030,100,22,22,,-0.016429996251393422,0.0,0.0
2399,battery,2030,100,23,23,,-0.016429996251393422,0.0,0.0
2400,battery,2030,100,24,24,,-0.016429996251393422,0.0,0.0
2401,battery,2030,101,1,1,,-0.010122551790871891,0.0,0.0
2402,battery,2030,101,2,2,,-0.010122551790871891,0.0,0.0
2403,battery,2030,101,3,3,,-0.009135602991261881,0.0,0.0
2404,battery,2030,101,4,4,,-0.009135602991261881,0.0,0.0
2405,battery,2030,101,5,5,,-0.009135602991261881,0.0,0.0
2406,battery,2030,101,6,6,,-0.009135602991261881,0.0,0.0
2407,battery,2030,101,7,7,,-0.009135602991261881,0.0,0.0
2408,battery,2030,101,8,8,,-0.009135602991261885,0.0,0.0
2409,battery,2030,101,9,9,,-0.009135602991261885,0.0,0.0
2410,battery,2030,101,10,10,,-0.009135602991261885,0.0,0.0
2411,battery,2030,101,11,11,,-0.009135602991261885,0.0,0.0
2412,battery,2030,101,12,12,,-0.009135602991261881,0.0,0.0
2413,battery,2030,101,13,13,,-0.009135602991261881,0.0,0.0
2414,battery,2030,101,14,14,,-0.009135602991261881,0.0,0.0
2415,battery,2030,101,15,15,,-0.009135602991261881,0.0,0.0
2416,battery,2030,101,16,16,,-0.009135602991261881,0.0,0.0
2417,battery,2030,101,17,17,,-0.009135602991261881,0.0,0.0
2418,battery,2030,101,18,18,,-0.009135602991261881,0.0,0.0
2419,battery,2030,101,19,19,,-0.009135602991261881,0.0,0.0
2420,battery,2030,101,20,20,,-0.009135602991261881,0.0,0.0
2421,battery,2030,101,21,21,,-0.009135602991261881,0.0,0.0
2422,battery,2030,101,22,22,,-0.009135602991261881,0.0,0.0
2423,battery,2030,101,23,23,,-0.009135602991261881,0.0,0.0
2424,battery,2030,101,24,24,,-0.009135602991261881,0.0,0.0
2425,battery,2030,102,1,1,,-0.007464146235072489,0.0,0.0
2426,battery,2030,102,2,2,,-0.007464146235072489,0.0,0.0
2427,battery,2030,102,3,3,,-0.007464146235072489,0.0,0.0
2428,battery,2030,102,4,4,,-0.0067363919771529215,0.0,0.0
2429,battery,2030,102,5,5,,-0.0067363919771529215,0.0,0.0
2430,battery,2030,102,6,6,,-0.0067363919771529215,0.0,0.0
2431,battery,2030,102,7,7,,-0.0067363919771529215,0.0,0.0
2432,battery,2030,102,8,8,,-0.0067363919771529215,0.0,0.0
2433,battery,2030,102,9,9,,-0.0067363919771529215,0.0,0.0
2434,battery,2030,102,10,10,,-0.0067363919771529215,0.0,0.0
2435,battery,2030,102,11,11,,-0.0067363919771529215,0.0,0.0
2436,battery,2030,102,12,12,,-0.0067363919771529215,0.0,0.0
2437,battery,2030,102,13,13,,-0.0067363919771529215,0.0,0.0
2438,battery,2030,102,14,14,,-0.0067363919771529215,0.0,0.0
2439,battery,2030,102,15,15,,-0.0067363919771529215,0.0,0.0
2440,battery,2030,102,16,16,,-0.0067363919771529215,0.0,0.0
2441,battery,2030,102,17,17,,-0.0067363919771529215,0.0,0.0
2442,battery,2030,102,18,18,,-0.0067363919771529215,0.0,0.0
2443,battery,2030,102,19,19,,-0.0067363919771529215,0.0,0.0
2444,battery,2030,102,20,20,,-0.0067363919771529215,0.0,0.0
2445,battery,2030,102,21,21,,-0.0067363919771529215,0.0,0.0
2446,battery,2030,102,22,22,,-0.0067363919771529215,0.0,0.0
2447,battery,2030,102,23,23,,-0.0067363919771529215,0.0,0.0
2448,battery,2030,102,24,24,,0.0,0.0,0.0
2449,battery,2030,103,1,1,,-0.0064959822978933575,0.0,0.0
2450,battery,2030,103,2,2,,-0.0064959822978933575,0.0,0.0
2451,battery,2030,103,3,3,,-0.0064959822978933575,0.0,0.0
2452,battery,2030,103,4,4,,-0.005862624023848756,0.0,0.0
2453,battery,2030,103,5,5,,-0.005862624023848756,0.0,0.0
2454,battery,2030,103,6,6,,-0.005862624023848756,0.0,0.0
2455,battery,2030,103,7,7,,-0.005862624023848756,0.0,0.0
2456,battery,2030,103,8,8,,-0.005862624023848758,0.0,0.0
2457,battery,2030,103,9,9,,-0.005862624023848758,0.0,0.0
2458,battery,2030,103,10,10,,-0.005862624023848758,0.0,0.0
2459,battery,2030,103,11,11,,-0.005862624023848758,0.0,0.0
2460,battery,2030,103,12,12,,-0.005862624023848758,0.0,0.0
2461,battery,2030,103,13,13,,-0.005862624023848758,0.0,0.0
2462,battery,2030,103,14,14,,-0.005862624023848758,0.0,0.0
2463,battery,2030,103,15,15,,-0.005862624023848756,0.0,0.0
2464,battery,2030,103,16,16,,-0.005862624023848756,0.0,0.0
2465,battery,2030,103,17,17,,-0.005862624023848756,0.0,0.0
2466,battery,2030,103,18,18,,-0.005862624023848756,0.0,0.0
2467,battery,2030,103,19,19,,-0.005862624023848756,0.0,0.0
2468,battery,2030,103,20,20,,-0.005862624023848756,0.0,0.0
2469,battery,2030,103,21,21,,-0.005862624023848756,0.0,0.0
2470,battery,2030,103,22,22,,-0.005862624023848756,0.0,0.0
2471,battery,2030,103,23,23,,-0.005862624023848756,0.0,0.0
2472,battery,2030,103,24,24,,-0.00023450496095395027,0.0,0.0
2473,battery,2030,104,1,1,,-0.0179312663577352,0.0,0.0
2474,battery,2030,104,2,2,,-0.0179312663577352,0.0,0.0
2475,battery,2030,104,3,3,,-0.01618296788785602,0.0,0.0
2476,battery,2030,104,4,4,,-0.01618296788785602,0.0,0.0
2477,battery,2030,104,5,5,,-0.01618296788785602,0.0,0.0
2478,battery,2030,104,6,6,,-0.01618296788785602,0.0,0.0
2479,battery,2030,104,7,7,,-0.01618296788785602,0.0,0.0
2480,battery,2030,104,8,8,,-0.01618296788785602,0.0,0.0
2481,battery,2030,104,9,9,,-0.01618296788785602,0.0,0.0
2482,battery,2030,104,10,10,,-0.016182967887856024,0.0,0.0
2483,battery,2030,104,11,11,,-0.016182967887856024,0.0,0.0
2484,battery,2030,104,12,12,,-0.016182967887856024,0.0,0.0
2485,battery,2030,104,13,13,,-0.016182967887856024,0.0,0.0
2486,battery,2030,104,14,14,,-0.016182967887856024,0.0,0.0
2487,battery,2030,104,15,15,,-0.016182967887856024,0.0,0.0
2488,battery,2030,104,16,16,,-0.016182967887856024,0.0,0.0
2489,battery,2030,104,17,17,,-0.016182967887856024,0.0,0.0
2490,battery,2030,104,18,18,,-0.016182967887856024,0.0,0.0
2491,battery,2030,104,19,19,,-0.016182967887856024,0.0,0.0
2492,battery,2030,104,20,20,,-0.016182967887856024,0.0,0.0
2493,battery,2030,104,21,21,,-0.016182967887856024,0.0,0.0
2494,battery,2030,104,22,22,,-0.016182967887856024,0.0,0.0
2495,battery,2030,104,23,23,,-0.016182967887856024,0.0,0.0
2496,battery,2030,104,24,24,,-0.016182967887856024,0.0,0.0
2497,battery,2030,105,1,1,,-0.004461784429481198,0.0,0.0
2498,battery,2030,105,2,2,,-0.004461784429481198,0.0,0.0
2499,battery,2030,105,3,3,,-0.004461784429481197,0.0,0.0
2500,battery,2030,105,4,4,,-0.004461784429481197,0.0,0.0
2501,battery,2030,105,5,5,,-0.0040267604476067805,0.0,0.0
2502,battery,2030,105,6,6,,-0.0040267604476067805,0.0,0.0
2503,battery,2030,105,7,7,,-0.0040267604476067805,0.0,0.0
2504,battery,2030,105,8,8,,-0.0040267604476067805,0.0,0.0
2505,battery,2030,105,9,9,,-0.0040267604476067805,0.0,0.0
2506,battery,2030,105,10,10,,-0.0040267604476067805,0.0,0.0
2507,battery,2030,105,11,11,,-0.0040267604476067805,0.0,0.0
2508,battery,2030,105,12,12,,-0.0040267604476067805,0.0,0.0
2509,battery,2030,105,13,13,,-0.0040267604476067805,0.0,0.0
2510,battery,2030,105,14,14,,-0.0040267604476067805,0.0,0.0
2511,battery,2030,105,15,15,,-0.0040267604476067805,0.0,0.0
2512,battery,2030,105,16,16,,-0.0040267604476067805,0.0,0.0
2513,battery,2030,105,17,17,,-0.0040267604476067805,0.0,0.0
2514,battery,2030,105,18,18,,-0.0040267604476067805,0.0,0.0
2515,battery,2030,105,19,19,,-0.0040267604476067805,0.0,0.0
2516,battery,2030,105,20,20,,-0.0040267604476067805,0.0,0.0
2517,battery,2030,105,21,21,,-0.0040267604476067805,0.0,0.0
2518,battery,2030,105,22,22,,-0.00017847137717924788,0.0,0.0
2519,battery,2030,105,23,23,,-0.00017847137717924788,0.0,0.0
2520,battery,2030,105,24,24,,0.0,0.0,0.0
2521,battery,2030,106,1,1,,-0.03876524367058592,0.0,0.0
2522,battery,2030,106,2,2,,-0.0349856324127038,0.0,0.0
2523,battery,2030,106,3,3,,-0.0349856324127038,0.0,0.0
2524,battery,2030,106,4,4,,-0.0349856324127038,0.0,0.0
2525,battery,2030,106,5,5,,-0.0349856324127038,0.0,0.0
2526,battery,2030,106,6,6,,-0.0349856324127038,0.0,0.0
2527,battery,2030,106,7,7,,-0.0349856324127038,0.0,0.0
2528,battery,2030,106,8,8,,-0.03498563241270381,0.0,0.0
2529,battery,2030,106,9,9,,-0.03498563241270381,0.0,0.0
2530,battery,2030,106,10,10,,-0.03498563241270381,0.0,0.0
2531,battery,2030,106,11,11,,-0.03498563241270381,0.0,0.0
2532,battery,2030,106,12,12,,-0.03498563241270381,0.0,0.0
2533,battery,2030,106,13,13,,-0.03498563241270381,0.0,0.0
2534,battery,2030,106,14,14,,-0.03498563241270381,0.0,0.0
2535,battery,2030,106,15,15,,-0.03498563241270381,0.0,0.0
2536,battery,2030,106,16,16,,-0.0349856324127038,0.0,0.0
2537,battery,2030,106,17,17,,-0.0349856324127038,0.0,0.0
2538,battery,2030,106,18,18,,-0.0349856324127038,0.0,0.0
2539,battery,2030,106,19,19,,-0.0349856324127038,0.0,0.0
2540,battery,2030,106,20,20,,-0.0349856324127038,0.0,0.0
2541,battery,2030,106,21,21,,-0.0349856324127038,0.0,0.0
2542,battery,2030,106,22,22,,-0.0349856324127038,0.0,0.0
2543,battery,2030,106,23,23,,-0.0349856324127038,0.0,0.0
2544,battery,2030,106,24,24,,-0.0349856324127038,0.0,0.0
2545,battery,2030,107,1,1,,-0.01710810054853892,0.0,0.0
2546,battery,2030,107,2,2,,-0.01710810054853892,0.0,0.0
2547,battery,2030,107,3,3,,-0.01544006074505637,0.0,0.0
2548,battery,2030,107,4,4,,-0.01544006074505637,0.0,0.0
2549,battery,2030,107,5,5,,-0.01544006074505637,0.0,0.0
2550,battery,2030,107,6,6,,-0.01544006074505637,0.0,0.0
2551,battery,2030,107,7,7,,-0.01544006074505637,0.0,0.0
2552,battery,2030,107,8,8,,-0.01544006074505637,0.0,0.0
2553,battery,2030,107,9,9,,-0.015440060745056376,0.0,0.0
2554,battery,2030,107,10,10,,-0.015440060745056376,0.0,0.0
2555,battery,2030,107,11,11,,-0.015440060745056376,0.0,0.0
2556,battery,2030,107,12,12,,-0.015440060745056376,0.0,0.0
2557,battery,2030,107,13,13,,-0.015440060745056376,0.0,0.0
2558,battery,2030,107,14,14,,-0.015440060745056376,0.0,0.0
2559,battery,2030,107,15,15,,-0.015440060745056376,0.0,0.0
2560,battery,2030,107,16,16,,-0.01544006074505637,0.0,0.0
2561,battery,2030,107,17,17,,-0.01544006074505637,0.0,0.0
2562,battery,2030,107,18,18,,-0.01544006074505637,0.0,0.0
2563,battery,2030,107,19,19,,-0.01544006074505637,0.0,0.0
2564,battery,2030,107,20,20,,-0.01544006074505637,0.0,0.0
2565,battery,2030,107,21,21,,-0.015440060745056376,0.0,0.0
2566,battery,2030,107,22,22,,-0.015440060745056376,0.0,0.0
2567,battery,2030,107,23,23,,-0.015440060745056376,0.0,0.0
2568,battery,2030,107,24,24,,-0.015440060745056376,0.0,0.0
2569,battery,2030,108,1,1,,-0.013832631431932125,0.0,0.0
2570,battery,2030,108,2,2,,-0.013832631431932125,0.0,0.0
2571,battery,2030,108,3,3,,-0.012483949867318746,0.0,0.0
2572,battery,2030,108,4,4,,-0.012483949867318746,0.0,0.0
2573,battery,2030,108,5,5,,-0.012483949867318746,0.0,0.0
2574,battery,2030,108,6,6,,-0.012483949867318746,0.0,0.0
2575,battery,2030,108,7,7,,-0.012483949867318746,0.0,0.0
2576,battery,2030,108,8,8,,-0.012483949867318746,0.0,0.0
2577,battery,2030,108,9,9,,-0.012483949867318754,0.0,0.0
2578,battery,2030,108,10,10,,-0.012483949867318754,0.0,0.0
2579,battery,2030,108,11,11,,-0.012483949867318754,0.0,0.0
2580,battery,2030,108,12,12,,-0.012483949867318754,0.0,0.0
2581,battery,2030,108,13,13,,-0.012483949867318754,0.0,0.0
2582,battery,2030,108,14,14,,-0.012483949867318754,0.0,0.0
2583,battery,2030,108,15,15,,-0.012483949867318754,0.0,0.0
2584,battery,2030,108,16,16,,-0.012483949867318754,0.0,0.0
2585,battery,2030,108,17,17,,-0.012483949867318754,0.0,0.0
2586,battery,2030,108,18,18,,-0.012483949867318754,0.0,0.0
2587,battery,2030,108,19,19,,-0.012483949867318746,0.0,0.0
2588,battery,2030,108,20,20,,-0.012483949867318746,0.0,0.0
2589,battery,2030,108,21,21,,-0.012483949867318746,0.0,0.0
2590,battery,2030,108,22,22,,-0.012483949867318746,0.0,0.0
2591,battery,2030,108,23,23,,-0.012483949867318746,0.0,0.0
2592,battery,2030,108,24,24,,-0.012483949867318746,0.0,0.0
2593,battery,2030,109,1,1,,-0.009959819655902773,0.0,0.0
2594,battery,2030,109,2,2,,-0.009959819655902773,0.0,0.0
2595,battery,2030,109,3,3,,-0.008988737239452253,0.0,0.0
2596,battery,2030,109,4,4,,-0.008988737239452253,0.0,0.0
2597,battery,2030,109,5,5,,-0.008988737239452253,0.0,0.0
2598,battery,2030,109,6,6,,-0.008988737239452253,0.0,0.0
2599,battery,2030,109,7,7,,-0.008988737239452253,0.0,0.0
2600,battery,2030,109,8,8,,-0.008988737239452253,0.0,0.0
2601,battery,2030,109,9,9,,-0.008988737239452253,0.0,0.0
2602,battery,2030,109,10,10,,-0.008988737239452253,0.0,0.0
2603,battery,2030,109,11,11,,-0.008988737239452253,0.0,0.0
2604,battery,2030,109,12,12,,-0.008988737239452253,0.0,0.0
2605,battery,2030,109,13,13,,-0.008988737239452253,0.0,0.0
2606,battery,2030,109,14,14,,-0.008988737239452253,0.0,0.0
2607,battery,2030,109,15,15,,-0.008988737239452253,0.0,0.0
2608,battery,2030,109,16,16,,-0.008988737239452253,0.0,0.0
2609,battery,2030,109,17,17,,-0.008988737239452253,0.0,0.0
2610,battery,2030,109,18,18,,-0.008988737239452253,0.0,0.0
2611,battery,2030,109,19,19,,-0.008988737239452253,0.0,0.0
2612,battery,2030,109,20,20,,-0.008988737239452253,0.0,0.0
2613,battery,2030,109,21,21,,-0.008988737239452253,0.0,0.0
2614,battery,2030,109,22,22,,-0.008988737239452253,0.0,0.0
2615,battery,2030,109,23,23,,-0.008988737239452253,0.0,0.0
2616,battery,2030,109,24,24,,-0.008988737239452253,0.0,0.0
2617,battery,2030,110,1,1,,-0.01379640170682119,0.0,0.0
2618,battery,2030,110,2,2,,-0.01379640170682119,0.0,0.0
2619,battery,2030,110,3,3,,-0.012451252540406126,0.0,0.0
2620,battery,2030,110,4,4,,-0.012451252540406126,0.0,0.0
2621,battery,2030,110,5,5,,-0.012451252540406126,0.0,0.0
2622,battery,2030,110,6,6,,-0.012451252540406126,0.0,0.0
2623,battery,2030,110,7,7,,-0.012451252540406124,0.0,0.0
2624,battery,2030,110,8,8,,-0.012451252540406126,0.0,0.0
2625,battery,2030,110,9,9,,-0.012451252540406126,0.0,0.0
2626,battery,2030,110,10,10,,-0.012451252540406126,0.0,0.0
2627,battery,2030,110,11,11,,-0.012451252540406126,0.0,0.0
2628,battery,2030,110,12,12,,-0.012451252540406126,0.0,0.0
2629,battery,2030,110,13,13,,-0.012451252540406126,0.0,0.0
2630,battery,2030,110,14,14,,-0.012451252540406126,0.0,0.0
2631,battery,2030,110,15,15,,-0.012451252540406126,0.0,0.0
2632,battery,2030,110,16,16,,-0.012451252540406126,0.0,0.0
2633,battery,2030,110,17,17,,-0.012451252540406126,0.0,0.0
2634,battery,2030,110,18,18,,-0.012451252540406124,0.0,0.0
2635,battery,2030,110,19,19,,-0.012451252540406124,0.0,0.0
2636,battery,2030,110,20,20,,-0.012451252540406124,0.0,0.0
2637,battery,2030,110,21,21,,-0.012451252540406124,0.0,0.0
2638,battery,2030,110,22,22,,-0.012451252540406124,0.0,0.0
2639,battery,2030,110,23,23,,-0.012451252540406124,0.0,0.0
2640,battery,2030,110,24,24,,-0.012451252540406124,0.0,0.0
2641,battery,2030,111,1,1,,-0.0345806139090272,0.0,0.0
2642,battery,2030,111,2,2,,-0.03120900405289705,0.0,0.0
2643,battery,2030,111,3,3,,-0.03120900405289705,0.0,0.0
2644,battery,2030,111,4,4,,-0.03120900405289705,0.0,0.0
2645,battery,2030,111,5,5,,-0.03120900405289705,0.0,0.0
2646,battery,2030,111,6,6,,-0.03120900405289705,0.0,0.0
2647,battery,2030,111,7,7,,-0.03120900405289705,0.0,0.0
2648,battery,2030,111,8,8,,-0.03120900405289705,0.0,0.0
2649,battery,2030,111,9,9,,-0.03120900405289705,0.0,0.0
2650,battery,2030,111,10,10,,-0.03120900405289705,0.0,0.0
2651,battery,2030,111,11,11,,-0.031209004052897057,0.0,0.0
2652,battery,2030,111,12,12,,-0.031209004052897057,0.0,0.0
2653,battery,2030,111,13,13,,-0.031209004052897057,0.0,0.0
2654,battery,2030,111,14,14,,-0.031209004052897057,0.0,0.0
2655,battery,2030,111,15,15,,-0.031209004052897057,0.0,0.0
2656,battery,2030,111,16,16,,-0.031209004052897057,0.0,0.0
2657,battery,2030,111,17,17,,-0.03120900405289705,0.0,0.0
2658,battery,2030,111,18,18,,-0.031209004052897057,0.0,0.0
2659,battery,2030,111,19,19,,-0.031209004052897057,0.0,0.0
2660,battery,2030,111,20,20,,-0.031209004052897057,0.0,0.0
2661,battery,2030,111,21,21,,-0.031209004052897057,0.0,0.0
2662,battery,2030,111,22,22,,-0.03120900405289705,0.0,0.0
2663,battery,2030,111,23,23,,-0.031209004052897057,0.0,0.0
2664,battery,2030,111,24,24,,-0.031209004052897057,0.0,0.0
2665,battery,2030,112,1,1,,-0.007115186677460062,0.0,0.0
2666,battery,2030,112,2,2,,-0.007115186677460062,0.0,0.0
2667,battery,2030,112,3,3,,-0.007115186677460062,0.0,0.0
2668,battery,2030,112,4,4,,-0.006421455976407707,0.0,0.0
2669,battery,2030,112,5,5,,-0.006421455976407707,0.0,0.0
2670,battery,2030,112,6,6,,-0.006421455976407707,0.0,0.0
2671,battery,2030,112,7,7,,-0.006421455976407707,0.0,0.0
2672,battery,2030,112,8,8,,-0.006421455976407707,0.0,0.0
2673,battery,2030,112,9,9,,-0.006421455976407707,0.0,0.0
2674,battery,2030,112,10,10,,-0.006421455976407707,0.0,0.0
2675,battery,2030,112,11,11,,-0.006421455976407707,0.0,0.0
2676,battery,2030,112,12,12,,-0.006421455976407707,0.0,0.0
2677,battery,2030,112,13,13,,-0.006421455976407707,0.0,0.0
2678,battery,2030,112,14,14,,-0.006421455976407707,0.0,0.0
2679,battery,2030,112,15,15,,-0.006421455976407707,0.0,0.0
2680,battery,2030,112,16,16,,-0.006421455976407707,0.0,0.0
2681,battery,2030,112,17,17,,-0.006421455976407707,0.0,0.0
2682,battery,2030,112,18,18,,-0.006421455976407707,0.0,0.0
2683,battery,2030,112,19,19,,-0.006421455976407707,0.0,0.0
2684,battery,2030,112,20,20,,-0.006421455976407707,0.0,0.0
2685,battery,2030,112,21,21,,-0.006421455976407707,0.0,0.0
2686,battery,2030,112,22,22,,-0.006421455976407707,0.0,0.0
2687,battery,2030,112,23,23,,-0.006421455976407707,0.0,0.0
2688,battery,2030,112,24,24,,0.0,0.0,0.0
2689,battery,2030,113,1,1,,-0.00911651812081627,0.0,0.0
2690,battery,2030,113,2,2,,-0.00911651812081627,0.0,0.0
2691,battery,2030,113,3,3,,-0.008227657604036685,0.0,0.0
2692,battery,2030,113,4,4,,-0.008227657604036685,0.0,0.0
2693,battery,2030,113,5,5,,-0.008227657604036685,0.0,0.0
2694,battery,2030,113,6,6,,-0.008227657604036685,0.0,0.0
2695,battery,2030,113,7,7,,-0.008227657604036685,0.0,0.0
2696,battery,2030,113,8,8,,-0.008227657604036685,0.0,0.0
2697,battery,2030,113,9,9,,-0.008227657604036685,0.0,0.0
2698,battery,2030,113,10,10,,-0.008227657604036685,0.0,0.0
2699,battery,2030,113,11,11,,-0.008227657604036685,0.0,0.0
2700,battery,2030,113,12,12,,-0.008227657604036685,0.0,0.0
2701,battery,2030,113,13,13,,-0.008227657604036688,0.0,0.0
2702,battery,2030,113,14,14,,-0.008227657604036688,0.0,0.0
2703,battery,2030,113,15,15,,-0.008227657604036688,0.0,0.0
2704,battery,2030,113,16,16,,-0.008227657604036688,0.0,0.0
2705,battery,2030,113,17,17,,-0.008227657604036685,0.0,0.0
2706,battery,2030,113,18,18,,-0.008227657604036685,0.0,0.0
2707,battery,2030,113,19,19,,-0.008227657604036685,0.0,0.0
2708,battery,2030,113,20,20,,-0.008227657604036685,0.0,0.0
2709,battery,2030,113,21,21,,-0.008227657604036685,0.0,0.0
2710,battery,2030,113,22,22,,-0.008227657604036685,0.0,0.0
2711,battery,2030,113,23,23,,-0.008227657604036685,0.0,0.0
2712,battery,2030,113,24,24,,0.0,0.0,0.0
2713,battery,2030,114,1,1,,-0.011747866191737417,0.0,0.0
2714,battery,2030,114,2,2,,-0.011747866191737417,0.0,0.0
2715,battery,2030,114,3,3,,-0.011747866191737417,0.0,0.0
2716,battery,2030,114,4,4,,-0.011747866191737417,0.0,0.0
2717,battery,2030,114,5,5,,-0.011747866191737417,0.0,0.0
2718,battery,2030,114,6,6,,-0.011747866191737417,0.0,0.0
2719,battery,2030,114,7,7,,-0.011747866191737417,0.0,0.0
2720,battery,2030,114,8,8,,-0.011747866191737417,0.0,0.0
2721,battery,2030,114,9,9,,-0.011747866191737417,0.0,0.0
2722,battery,2030,114,10,10,,-0.011747866191737417,0.0,0.0
2723,battery,2030,114,11,11,,-0.011747866191737417,0.0,0.0
2724,battery,2030,114,12,12,,-0.011747866191737417,0.0,0.0
2725,battery,2030,114,13,13,,-0.011747866191737417,0.0,0.0
2726,battery,2030,114,14,14,,-0.011747866191737417,0.0,0.0
2727,battery,2030,114,15,15,,-0.011747866191737413,0.0,0.0
2728,battery,2030,114,16,16,,-0.011747866191737413,0.0,0.0
2729,battery,2030,114,17,17,,-0.011747866191737413,0.0,0.0
2730,battery,2030,114,18,18,,-0.011747866191737417,0.0,0.0
2731,battery,2030,114,19,19,,-0.011747866191737417,0.0,0.0
2732,battery,2030,114,20,20,,-0.011747866191737413,0.0,0.0
2733,battery,2030,114,21,21,,-0.011747866191737413,0.0,0.0
2734,battery,2030,114,22,22,,-0.011747866191737413,0.0,0.0
2735,battery,2030,114,23,23,,-0.011747866191737413,0.0,0.0
2736,battery,2030,114,24,24,,-0.011747866191737413,0.0,0.0
2737,battery,2030,115,1,1,,-0.0241013737670577,0.0,0.0
2738,battery,2030,115,2,2,,-0.021751489824769578,0.0,0.0
2739,battery,2030,115,3,3,,-0.021751489824769578,0.0,0.0
2740,battery,2030,115,4,4,,-0.021751489824769578,0.0,0.0
2741,battery,2030,115,5,5,,-0.021751489824769578,0.0,0.0
2742,battery,2030,115,6,6,,-0.021751489824769578,0.0,0.0
2743,battery,2030,115,7,7,,-0.021751489824769578,0.0,0.0
2744,battery,2030,115,8,8,,-0.021751489824769578,0.0,0.0
2745,battery,2030,115,9,9,,-0.021751489824769578,0.0,0.0
2746,battery,2030,115,10,10,,-0.021751489824769578,0.0,0.0
2747,battery,2030,115,11,11,,-0.021751489824769578,0.0,0.0
2748,battery,2030,115,12,12,,-0.021751489824769578,0.0,0.0
2749,battery,2030,115,13,13,,-0.021751489824769578,0.0,0.0
2750,battery,2030,115,14,14,,-0.021751489824769578,0.0,0.0
2751,battery,2030,115,15,15,,-0.021751489824769578,0.0,0.0
2752,battery,2030,115,16,16,,-0.021751489824769578,0.0,0.0
2753,battery,2030,115,17,17,,-0.021751489824769578,0.0,0.0
2754,battery,2030,115,18,18,,-0.021751489824769578,0.0,0.0
2755,battery,2030,115,19,19,,-0.021751489824769578,0.0,0.0
2756,battery,2030,115,20,20,,-0.021751489824769578,0.0,0.0
2757,battery,2030,115,21,21,,-0.021751489824769578,0.0,0.0
2758,battery,2030,115,22,22,,-0.021751489824769578,0.0,0.0
2759,battery,2030,115,23,23,,-0.021751489824769578,0.0,0.0
2760,battery,2030,115,24,24,,-0.021751489824769578,0.0,0.0
2761,battery,2030,116,1,1,,-0.010635353790385266,0.0,0.0
2762,battery,2030,116,2,2,,-0.010635353790385266,0.0,0.0
2763,battery,2030,116,3,3,,-0.009598406795822703,0.0,0.0
2764,battery,2030,116,4,4,,-0.009598406795822703,0.0,0.0
2765,battery,2030,116,5,5,,-0.009598406795822703,0.0,0.0
2766,battery,2030,116,6,6,,-0.009598406795822703,0.0,0.0
2767,battery,2030,116,7,7,,-0.009598406795822703,0.0,0.0
2768,battery,2030,116,8,8,,-0.00959840679582271,0.0,0.0
2769,battery,2030,116,9,9,,-0.00959840679582271,0.0,0.0
2770,battery,2030,116,10,10,,-0.00959840679582271,0.0,0.0
2771,battery,2030,116,11,11,,-0.00959840679582271,0.0,0.0
2772,battery,2030,116,12,12,,-0.00959840679582271,0.0,0.0
2773,battery,2030,116,13,13,,-0.00959840679582271,0.0,0.0
2774,battery,2030,116,14,14,,-0.00959840679582271,0.0,0.0
2775,battery,2030,116,15,15,,-0.00959840679582271,0.0,0.0
2776,battery,2030,116,16,16,,-0.00959840679582271,0.0,0.0
2777,battery,2030,116,17,17,,-0.00959840679582271,0.0,0.0
2778,battery,2030,116,18,18,,-0.009598406795822703,0.0,0.0
2779,battery,2030,116,19,19,,-0.009598406795822703,0.0,0.0
2780,battery,2030,116,20,20,,-0.009598406795822703,0.0,0.0
2781,battery,2030,116,21,21,,-0.009598406795822703,0.0,0.0
2782,battery,2030,116,22,22,,-0.009598406795822703,0.0,0.0
2783,battery,2030,116,23,23,,-0.009598406795822703,0.0,0.0
2784,battery,2030,116,24,24,,-0.009598406795822703,0.0,0.0
2785,battery,2030,117,1,1,,-0.0169651003703478,0.0,0.0
2786,battery,2030,117,2,2,,-0.0169651003703478,0.0,0.0
2787,battery,2030,117,3,3,,-0.015311003084238894,0.0,0.0
2788,battery,2030,117,4,4,,-0.015311003084238894,0.0,0.0
2789,battery,2030,117,5,5,,-0.015311003084238894,0.0,0.0
2790,battery,2030,117,6,6,,-0.015311003084238894,0.0,0.0
2791,battery,2030,117,7,7,,-0.015311003084238894,0.0,0.0
2792,battery,2030,117,8,8,,-0.015311003084238894,0.0,0.0
2793,battery,2030,117,9,9,,-0.015311003084238894,0.0,0.0
2794,battery,2030,117,10,10,,-0.015311003084238894,0.0,0.0
2795,battery,2030,117,11,11,,-0.015311003084238897,0.0,0.0
2796,battery,2030,117,12,12,,-0.015311003084238897,0.0,0.0
2797,battery,2030,117,13,13,,-0.015311003084238897,0.0,0.0
2798,battery,2030,117,14,14,,-0.015311003084238897,0.0,0.0
2799,battery,2030,117,15,15,,-0.015311003084238897,0.0,0.0
2800,battery,2030,117,16,16,,-0.015311003084238897,0.0,0.0
2801,battery,2030,117,17,17,,-0.015311003084238897,0.0,0.0
2802,battery,2030,117,18,18,,-0.015311003084238897,0.0,0.0
2803,battery,2030,117,19,19,,-0.015311003084238897,0.0,0.0
2804,battery,2030,117,20,20,,-0.015311003084238894,0.0,0.0
2805,battery,2030,117,21,21,,-0.015311003084238894,0.0,0.0
2806,battery,2030,117,22,22,,-0.015311003084238894,0.0,0.0
2807,battery,2030,117,23,23,,-0.015311003084238894,0.0,0.0
2808,battery,2030,117,24,24,,-0.015311003084238894,0.0,0.0
2809,battery,2030,118,1,1,,-0.018943520471340024,0.0,0.0
2810,battery,2030,118,2,2,,-0.018943520471340024,0.0,0.0
2811,battery,2030,118,3,3,,-0.017096527225384375,0.0,0.0
2812,battery,2030,118,4,4,,-0.017096527225384375,0.0,0.0
2813,battery,2030,118,5,5,,-0.017096527225384375,0.0,0.0
2814,battery,2030,118,6,6,,-0.017096527225384375,0.0,0.0
2815,battery,2030,118,7,7,,-0.017096527225384375,0.0,0.0
2816,battery,2030,118,8,8,,-0.017096527225384375,0.0,0.0
2817,battery,2030,118,9,9,,-0.017096527225384375,0.0,0.0
2818,battery,2030,118,10,10,,-0.017096527225384375,0.0,0.0
2819,battery,2030,118,11,11,,-0.017096527225384375,0.0,0.0
2820,battery,2030,118,12,12,,-0.017096527225384375,0.0,0.0
2821,battery,2030,118,13,13,,-0.017096527225384375,0.0,0.0
2822,battery,2030,118,14,14,,-0.017096527225384375,0.0,0.0
2823,battery,2030,118,15,15,,-0.017096527225384375,0.0,0.0
2824,battery,2030,118,16,16,,-0.017096527225384375,0.0,0.0
2825,battery,2030,118,17,17,,-0.017096527225384375,0.0,0.0
2826,battery,2030,118,18,18,,-0.017096527225384375,0.0,0.0
2827,battery,2030,118,19,19,,-0.017096527225384375,0.0,0.0
2828,battery,2030,118,20,20,,-0.017096527225384385,0.0,0.0
2829,battery,2030,118,21,21,,-0.017096527225384385,0.0,0.0
2830,battery,2030,118,22,22,,-0.017096527225384375,0.0,0.0
2831,battery,2030,118,23,23,,-0.017096527225384385,0.0,0.0
2832,battery,2030,118,24,24,,-0.017096527225384375,0.0,0.0
2833,battery,2030,119,1,1,,-0.001067017476760873,0.0,0.0
2834,battery,2030,119,2,2,,-0.001067017476760873,0.0,0.0
2835,battery,2030,119,3,3,,-0.001067017476760873,0.0,0.0
2836,battery,2030,119,4,4,,-0.001067017476760873,-0.02300756434265634,0.0
2837,battery,2030,119,5,5,,-0.024074581819417212,0.0,0.0
2838,battery,2030,119,6,6,,-0.024074581819417212,0.0,0.0
2839,battery,2030,119,7,7,,-0.024074581819417212,0.0,0.0
2840,battery,2030,119,8,8,,-0.024074581819417212,0.0,0.0
2841,battery,2030,119,9,9,,-0.024074581819417212,0.0,0.0
2842,battery,2030,119,10,10,,-0.024074581819417212,0.0,0.0
2843,battery,2030,119,11,11,,-0.024074581819417212,0.0,0.0
2844,battery,2030,119,12,12,,-0.024074581819417212,0.0,0.0
2845,battery,2030,119,13,13,,-0.024074581819417212,0.0,0.0
2846,battery,2030,119,14,14,,-0.024074581819417212,0.0,0.0
2847,battery,2030,119,15,15,,-0.024074581819417212,0.0,0.0
2848,battery,2030,119,16,16,,-0.0240745818194172,0.0,0.0
2849,battery,2030,119,17,17,,-0.0240745818194172,0.0,0.0
2850,battery,2030,119,18,18,,-0.0240745818194172,0.0,0.0
2851,battery,2030,119,19,19,,-0.0240745818194172,0.0,0.0
2852,battery,2030,119,20,20,,-0.0240745818194172,0.0,0.0
2853,battery,2030,119,21,21,,-0.0240745818194172,0.0,0.0
2854,battery,2030,119,22,22,,-0.0240745818194172,0.0,0.0
2855,battery,2030,119,23,23,,-0.0240745818194172,0.0,0.0
2856,battery,2030,119,24,24,,-0.0240745818194172,0.0,0.0
2857,battery,2030,120,1,1,,-0.02294027274721949,0.0,0.0
2858,battery,2030,120,2,2,,-0.02070359615436559,0.0,0.0
2859,battery,2030,120,3,3,,-0.02070359615436559,0.0,0.0
2860,battery,2030,120,4,4,,-0.02070359615436559,0.0,0.0
2861,battery,2030,120,5,5,,-0.02070359615436559,0.0,0.0
2862,battery,2030,120,6,6,,-0.02070359615436559,0.0,0.0
2863,battery,2030,120,7,7,,-0.02070359615436559,0.0,0.0
2864,battery,2030,120,8,8,,-0.02070359615436559,0.0,0.0
2865,battery,2030,120,9,9,,-0.02070359615436559,0.0,0.0
2866,battery,2030,120,10,10,,-0.02070359615436559,0.0,0.0
2867,battery,2030,120,11,11,,-0.02070359615436559,0.0,0.0
2868,battery,2030,120,12,12,,-0.02070359615436559,0.0,0.0
2869,battery,2030,120,13,13,,-0.02070359615436559,0.0,0.0
2870,battery,2030,120,14,14,,-0.02070359615436559,0.0,0.0
2871,battery,2030,120,15,15,,-0.02070359615436559,0.0,0.0
2872,battery,2030,120,16,16,,-0.02070359615436559,0.0,0.0
2873,battery,2030,120,17,17,,-0.02070359615436559,0.0,0.0
2874,battery,2030,120,18,18,,-0.0009176109098887795,0.0,0.0
2875,battery,2030,120,19,19,,-0.0009176109098887795,0.0,0.0
2876,battery,2030,120,20,20,,-0.0009176109098887795,0.0,0.0
2877,battery,2030,120,21,21,,-0.0009176109098887795,-0.019785985244476813,0.0
2878,battery,2030,120,22,22,,-0.02070359615436559,0.0,0.0
2879,battery,2030,120,23,23,,-0.02070359615436559,0.0,0.0
2880,battery,2030,120,24,24,,-0.0008281438461746236,0.0,0.0
2881,battery,2030,121,1,1,,-0.02878765427872609,0.0,0.0
2882,battery,2030,121,2,2,,-0.0259808579865503,0.0,0.0
2883,battery,2030,121,3,3,,-0.0259808579865503,0.0,0.0
2884,battery,2030,121,4,4,,-0.0259808579865503,0.0,0.0
2885,battery,2030,121,5,5,,-0.0259808579865503,0.0,0.0
2886,battery,2030,121,6,6,,-0.0259808579865503,0.0,0.0
2887,battery,2030,121,7,7,,-0.0259808579865503,0.0,0.0
2888,battery,2030,121,8,8,,-0.0259808579865503,0.0,0.0
2889,battery,2030,121,9,9,,-0.0259808579865503,0.0,0.0
2890,battery,2030,121,10,10,,-0.0259808579865503,0.0,0.0
2891,battery,2030,121,11,11,,-0.0259808579865503,0.0,0.0
2892,battery,2030,121,12,12,,-0.0259808579865503,0.0,0.0
2893,battery,2030,121,13,13,,-0.0259808579865503,0.0,0.0
2894,battery,2030,121,14,14,,-0.0259808579865503,0.0,0.0
2895,battery,2030,121,15,15,,-0.0259808579865503,0.0,0.0
2896,battery,2030,121,16,16,,-0.0259808579865503,0.0,0.0
2897,battery,2030,121,17,17,,-0.0259808579865503,0.0,0.0
2898,battery,2030,121,18,18,,-0.0259808579865503,0.0,0.0
2899,battery,2030,121,19,19,,-0.0259808579865503,0.0,0.0
2900,battery,2030,121,20,20,,-0.0259808579865503,0.0,0.0
2901,battery,2030,121,21,21,,-0.0259808579865503,0.0,0.0
2902,battery,2030,121,22,22,,-0.0259808579865503,0.0,0.0
2903,battery,2030,121,23,23,,-0.0259808579865503,0.0,0.0
2904,battery,2030,121,24,24,,-0.0259808579865503,0.0,0.0
2905,battery,2030,122,1,1,,-0.09748985557280213,0.0,0.0
2906,battery,2030,122,2,2,,-0.08798459465445392,0.0,0.0
2907,battery,2030,122,3,3,,-0.08798459465445392,0.0,0.0
2908,battery,2030,122,4,4,,-0.08798459465445392,0.0,0.0
2909,battery,2030,122,5,5,,-0.08798459465445392,0.0,0.0
2910,battery,2030,122,6,6,,-0.08798459465445392,0.0,0.0
2911,battery,2030,122,7,7,,-0.08798459465445392,0.0,0.0
2912,battery,2030,122,8,8,,-0.08798459465445392,0.0,0.0
2913,battery,2030,122,9,9,,-0.08798459465445392,0.0,0.0
2914,battery,2030,122,10,10,,-0.08798459465445392,0.0,0.0
2915,battery,2030,122,11,11,,-0.08798459465445392,0.0,0.0
2916,battery,2030,122,12,12,,-0.08798459465445392,0.0,0.0
2917,battery,2030,122,13,13,,-0.08798459465445392,0.0,0.0
2918,battery,2030,122,14,14,,-0.08798459465445392,0.0,0.0
2919,battery,2030,122,15,15,,-0.08798459465445392,0.0,0.0
2920,battery,2030,122,16,16,,-0.08798459465445392,0.0,0.0
2921,battery,2030,122,17,17,,-0.08798459465445392,0.0,0.0
2922,battery,2030,122,18,18,,-0.08798459465445392,0.0,0.0
2923,battery,2030,122,19,19,,-0.08798459465445392,0.0,0.0
2924,battery,2030,122,20,20,,-0.08798459465445392,0.0,0.0
2925,battery,2030,122,21,21,,-0.08798459465445392,0.0,0.0
2926,battery,2030,122,22,22,,-0.08798459465445392,0.0,0.0
2927,battery,2030,122,23,23,,-0.08798459465445392,0.0,0.0
2928,battery,2030,122,24,24,,-0.08798459465445392,0.0,0.0
2929,battery,2030,123,1,1,,-0.019951140173304415,0.0,0.0
2930,battery,2030,123,2,2,,-0.018005904006407236,0.0,0.0
2931,battery,2030,123,3,3,,-0.018005904006407236,0.0,0.0
2932,battery,2030,123,4,4,,-0.018005904006407236,0.0,0.0
2933,battery,2030,123,5,5,,-0.018005904006407236,0.0,0.0
2934,battery,2030,123,6,6,,-0.018005904006407236,0.0,0.0
2935,battery,2030,123,7,7,,-0.018005904006407236,0.0,0.0
2936,battery,2030,123,8,8,,-0.018005904006407236,0.0,0.0
2937,battery,2030,123,9,9,,-0.018005904006407236,0.0,0.0
2938,battery,2030,123,10,10,,-0.018005904006407236,0.0,0.0
2939,battery,2030,123,11,11,,-0.018005904006407236,0.0,0.0
2940,battery,2030,123,12,12,,-0.018005904006407236,0.0,0.0
2941,battery,2030,123,13,13,,-0.018005904006407236,0.0,0.0
2942,battery,2030,123,14,14,,-0.018005904006407236,0.0,0.0
2943,battery,2030,123,15,15,,-0.018005904006407236,0.0,0.0
2944,battery,2030,123,16,16,,-0.018005904006407236,0.0,0.0
2945,battery,2030,123,17,17,,-0.018005904006407236,0.0,0.0
2946,battery,2030,123,18,18,,-0.018005904006407236,0.0,0.0
2947,battery,2030,123,19,19,,-0.018005904006407236,0.0,0.0
2948,battery,2030,123,20,20,,-0.018005904006407236,0.0,0.0
2949,battery,2030,123,21,21,,-0.018005904006407236,0.0,0.0
2950,battery,2030,123,22,22,,-0.018005904006407236,0.0,0.0
2951,battery,2030,123,23,23,,-0.018005904006407236,0.0,0.0
2952,battery,2030,123,24,24,,-0.018005904006407236,0.0,0.0
2953,battery,2030,124,1,1,,-0.056989767483440715,0.0,0.0
2954,battery,2030,124,2,2,,-0.05143326515380525,0.0,0.0
2955,battery,2030,124,3,3,,-0.05143326515380525,0.0,0.0
2956,battery,2030,124,4,4,,-0.05143326515380525,0.0,0.0
2957,battery,2030,124,5,5,,-0.05143326515380525,0.0,0.0
2958,battery,2030,124,6,6,,-0.05143326515380525,0.0,0.0
2959,battery,2030,124,7,7,,-0.05143326515380525,-0.020573306061522106,0.0
2960,battery,2030,124,8,8,,-0.07200657121532736,0.0,0.0
2961,battery,2030,124,9,9,,-0.07200657121532736,-0.04972896761024724,0.0
2962,battery,2030,124,10,10,,-0.1217355388255746,0.0,0.0
2963,battery,2030,124,11,11,,-0.1217355388255746,0.0,0.0
2964,battery,2030,124,12,12,,-0.07200657121532736,0.0,0.0
2965,battery,2030,124,13,13,,-0.07200657121532736,0.0,0.0
2966,battery,2030,124,14,14,,-0.05143326515380525,0.0,0.0
2967,battery,2030,124,15,15,,-0.05143326515380525,0.0,0.0
2968,battery,2030,124,16,16,,-0.05143326515380525,0.0,0.0
2969,battery,2030,124,17,17,,-0.05143326515380525,0.0,0.0
2970,battery,2030,124,18,18,,-0.05143326515380525,0.0,0.0
2971,battery,2030,124,19,19,,-0.05143326515380525,0.0,0.0
2972,battery,2030,124,20,20,,-0.05143326515380525,0.0,0.0
2973,battery,2030,124,21,21,,-0.05143326515380525,0.0,0.0
2974,battery,2030,124,22,22,,-0.05143326515380525,0.0,0.0
2975,battery,2030,124,23,23,,-0.05143326515380525,0.0,0.0
2976,battery,2030,124,24,24,,-0.05143326515380525,0.0,0.0
2977,battery,2030,125,1,1,,-0.009445423950532257,0.0,0.0
2978,battery,2030,125,2,2,,-0.009445423950532257,0.0,0.0
2979,battery,2030,125,3,3,,-0.009445423950532257,0.0,0.0
2980,battery,2030,125,4,4,,-0.009445423950532257,-0.0024888692109652517,0.0
2981,battery,2030,125,5,5,,-0.011934293161497508,0.0,0.0
2982,battery,2030,125,6,6,,-0.011934293161497508,0.0,0.0
2983,battery,2030,125,7,7,,-0.011934293161497508,-0.00824202663816016,0.0
2984,battery,2030,125,8,8,,-0.020176319799657668,0.0,0.0
2985,battery,2030,125,9,9,,-0.020176319799657668,0.0,0.0
2986,battery,2030,125,10,10,,-0.020176319799657668,0.0,0.0
2987,battery,2030,125,11,11,,-0.020176319799657668,0.0,0.0
2988,battery,2030,125,12,12,,-0.020176319799657668,0.0,0.0
2989,battery,2030,125,13,13,,-0.020176319799657668,0.0,0.0
2990,battery,2030,125,14,14,,-0.020176319799657665,0.0,0.0
2991,battery,2030,125,15,15,,-0.011934293161497508,0.0,0.0
2992,battery,2030,125,16,16,,-0.009445423950532257,0.0,0.0
2993,battery,2030,125,17,17,,-0.009445423950532257,0.0,0.0
2994,battery,2030,125,18,18,,-0.008524495115355362,0.0,0.0
2995,battery,2030,125,19,19,,-0.008524495115355362,0.0,0.0
2996,battery,2030,125,20,20,,-0.008524495115355362,0.0,0.0
2997,battery,2030,125,21,21,,-0.008524495115355362,0.0,0.0
2998,battery,2030,125,22,22,,-0.008524495115355362,0.0,0.0
2999,battery,2030,125,23,23,,-0.008524495115355362,0.0,0.0
3000,battery,2030,125,24,24,,0.0,0.0,0.0
3001,battery,2030,126,1,1,,-0.009336010042091395,0.0,0.0
3002,battery,2030,126,2,2,,-0.009336010042091395,0.0,0.0
3003,battery,2030,126,3,3,,-0.008425749062987485,0.0,0.0
3004,battery,2030,126,4,4,,-0.008425749062987485,0.0,0.0
3005,battery,2030,126,5,5,,-0.008425749062987485,0.0,0.0
3006,battery,2030,126,6,6,,-0.008425749062987485,0.0,0.0
3007,battery,2030,126,7,7,,-0.008425749062987485,0.0,0.0
3008,battery,2030,126,8,8,,-0.008425749062987485,0.0,0.0
3009,battery,2030,126,9,9,,-0.008425749062987485,0.0,0.0
3010,battery,2030,126,10,10,,-0.008425749062987485,0.0,0.0
3011,battery,2030,126,11,11,,-0.008425749062987485,0.0,0.0
3012,battery,2030,126,12,12,,-0.008425749062987485,0.0,0.0
3013,battery,2030,126,13,13,,-0.008425749062987485,0.0,0.0
3014,battery,2030,126,14,14,,-0.008425749062987485,0.0,0.0
3015,battery,2030,126,15,15,,-0.008425749062987485,0.0,0.0
3016,battery,2030,126,16,16,,-0.008425749062987485,0.0,0.0
3017,battery,2030,126,17,17,,-0.008425749062987485,0.0,0.0
3018,battery,2030,126,18,18,,-0.008425749062987485,0.0,0.0
3019,battery,2030,126,19,19,,-0.008425749062987485,0.0,0.0
3020,battery,2030,126,20,20,,-0.008425749062987485,0.0,0.0
3021,battery,2030,126,21,21,,-0.008425749062987485,0.0,0.0
3022,battery,2030,126,22,22,,-0.008425749062987485,0.0,0.0
3023,battery,2030,126,23,23,,-0.008425749062987485,0.0,0.0
3024,battery,2030,126,24,24,,0.0,0.0,0.0
3025,battery,2030,127,1,1,,-0.005600039784179275,0.0,0.0
3026,battery,2030,127,2,2,,-0.005600039784179275,0.0,0.0
3027,battery,2030,127,3,3,,-0.005600039784179275,0.0,0.0
3028,battery,2030,127,4,4,,-0.005600039784179275,-0.006362175376109003,0.0
3029,battery,2030,127,5,5,,-0.011962215160288277,0.0,0.0
3030,battery,2030,127,6,6,,-0.011962215160288277,0.0,0.0
3031,battery,2030,127,7,7,,-0.011962215160288277,0.0,0.0
3032,battery,2030,127,8,8,,-0.011962215160288277,0.0,0.0
3033,battery,2030,127,9,9,,-0.011962215160288277,0.0,0.0
3034,battery,2030,127,10,10,,-0.011962215160288277,0.0,0.0
3035,battery,2030,127,11,11,,-0.011962215160288277,0.0,0.0
3036,battery,2030,127,12,12,,-0.011962215160288277,0.0,0.0
3037,battery,2030,127,13,13,,-0.011962215160288277,0.0,0.0
3038,battery,2030,127,14,14,,-0.011962215160288277,0.0,0.0
3039,battery,2030,127,15,15,,-0.011962215160288277,0.0,0.0
3040,battery,2030,127,16,16,,-0.011962215160288277,0.0,0.0
3041,battery,2030,127,17,17,,-0.007840055697850984,0.0,0.0
3042,battery,2030,127,18,18,,-0.005600039784179275,0.0,0.0
3043,battery,2030,127,19,19,,-0.005600039784179275,0.0,0.0
3044,battery,2030,127,20,20,,-0.005054035905221796,0.0,0.0
3045,battery,2030,127,21,21,,-0.005054035905221796,0.0,0.0
3046,battery,2030,127,22,22,,-0.005054035905221796,0.0,0.0
3047,battery,2030,127,23,23,,-0.005054035905221796,0.0,0.0
3048,battery,2030,127,24,24,,0.0,0.0,0.0
3049,battery,2030,128,1,1,,-0.010291288948741498,0.0,0.0
3050,battery,2030,128,2,2,,-0.010291288948741498,0.0,0.0
3051,battery,2030,128,3,3,,-0.009287888276239203,0.0,0.0
3052,battery,2030,128,4,4,,-0.009287888276239203,0.0,0.0
3053,battery,2030,128,5,5,,-0.009287888276239203,0.0,0.0
3054,battery,2030,128,6,6,,-0.009287888276239203,0.0,0.0
3055,battery,2030,128,7,7,,-0.009287888276239203,0.0,0.0
3056,battery,2030,128,8,8,,-0.009287888276239203,0.0,0.0
3057,battery,2030,128,9,9,,-0.009287888276239203,0.0,0.0
3058,battery,2030,128,10,10,,-0.009287888276239203,0.0,0.0
3059,battery,2030,128,11,11,,-0.009287888276239203,0.0,0.0
3060,battery,2030,128,12,12,,-0.009287888276239203,0.0,0.0
3061,battery,2030,128,13,13,,-0.009287888276239203,0.0,0.0
3062,battery,2030,128,14,14,,-0.009287888276239203,0.0,0.0
3063,battery,2030,128,15,15,,-0.009287888276239203,-0.0037151553104956825,0.0
3064,battery,2030,128,16,16,,-0.013003043586734885,0.0,0.0
3065,battery,2030,128,17,17,,-0.013003043586734885,0.0,0.0
3066,battery,2030,128,18,18,,-0.013003043586734885,-0.008980123930991037,0.0
3067,battery,2030,128,19,19,,-0.021983167517725923,0.0,0.0
3068,battery,2030,128,20,20,,-0.021983167517725923,0.0,0.0
3069,battery,2030,128,21,21,,-0.021983167517725923,0.0,0.0
3070,battery,2030,128,22,22,,-0.021983167517725923,0.0,0.0
3071,battery,2030,128,23,23,,-0.014407804528238099,0.0,0.0
3072,battery,2030,128,24,24,,-0.013003043586734885,0.0,0.0
3073,battery,2030,129,1,1,,-0.009292624972451827,0.0,0.0
3074,battery,2030,129,2,2,,-0.009292624972451827,0.0,0.0
3075,battery,2030,129,3,3,,-0.008386594037637774,0.0,0.0
3076,battery,2030,129,4,4,,-0.008386594037637774,0.0,0.0
3077,battery,2030,129,5,5,,-0.008386594037637774,0.0,0.0
3078,battery,2030,129,6,6,,-0.008386594037637774,0.0,0.0
3079,battery,2030,129,7,7,,-0.008386594037637774,0.0,0.0
3080,battery,2030,129,8,8,,-0.008386594037637774,0.0,0.0
3081,battery,2030,129,9,9,,-0.008386594037637774,0.0,0.0
3082,battery,2030,129,10,10,,-0.008386594037637774,0.0,0.0
3083,battery,2030,129,11,11,,-0.008386594037637774,0.0,0.0
3084,battery,2030,129,12,12,,-0.008386594037637774,0.0,0.0
3085,battery,2030,129,13,13,,-0.008386594037637774,0.0,0.0
3086,battery,2030,129,14,14,,-0.008386594037637774,0.0,0.0
3087,battery,2030,129,15,15,,-0.008386594037637774,0.0,0.0
3088,battery,2030,129,16,16,,-0.008386594037637774,0.0,0.0
3089,battery,2030,129,17,17,,-0.008386594037637774,0.0,0.0
3090,battery,2030,129,18,18,,-0.008386594037637774,0.0,0.0
3091,battery,2030,129,19,19,,-0.008386594037637774,0.0,0.0
3092,battery,2030,129,20,20,,-0.008386594037637774,0.0,0.0
3093,battery,2030,129,21,21,,-0.008386594037637774,0.0,0.0
3094,battery,2030,129,22,22,,-0.008386594037637774,0.0,0.0
3095,battery,2030,129,23,23,,-0.008386594037637774,0.0,0.0
3096,battery,2030,129,24,24,,0.0,0.0,0.0
3097,battery,2030,130,1,1,,-0.013197575475620432,0.0,0.0
3098,battery,2030,130,2,2,,-0.011910811866747441,0.0,0.0
3099,battery,2030,130,3,3,,-0.011910811866747441,0.0,0.0
3100,battery,2030,130,4,4,,-0.011910811866747441,0.0,0.0
3101,battery,2030,130,5,5,,-0.011910811866747441,0.0,0.0
3102,battery,2030,130,6,6,,-0.011910811866747441,0.0,0.0
3103,battery,2030,130,7,7,,-0.011910811866747441,0.0,0.0
3104,battery,2030,130,8,8,,-0.011910811866747441,0.0,0.0
3105,battery,2030,130,9,9,,-0.011910811866747441,0.0,0.0
3106,battery,2030,130,10,10,,-0.011910811866747441,0.0,0.0
3107,battery,2030,130,11,11,,-0.011910811866747441,0.0,0.0
3108,battery,2030,130,12,12,,-0.011910811866747441,0.0,0.0
3109,battery,2030,130,13,13,,-0.011910811866747441,0.0,0.0
3110,battery,2030,130,14,14,,-0.011910811866747441,0.0,0.0
3111,battery,2030,130,15,15,,-0.011910811866747441,0.0,0.0
3112,battery,2030,130,16,16,,-0.011910811866747441,0.0,0.0
3113,battery,2030,130,17,17,,-0.011910811866747441,-0.004764324746698977,0.0
3114,battery,2030,130,18,18,,-0.01667513661344642,0.0,0.0
3115,battery,2030,130,19,19,,-0.01667513661344642,0.0,0.0
3116,battery,2030,130,20,20,,-0.01667513661344642,0.0,0.0
3117,battery,2030,130,21,21,,-0.01667513661344642,0.0,0.0
3118,battery,2030,130,22,22,,-0.013197575475620432,0.0,0.0
3119,battery,2030,130,23,23,,-0.011910811866747441,0.0,0.0
3120,battery,2030,130,24,24,,-0.011910811866747441,0.0,0.0
3121,battery,2030,131,1,1,,-0.025081199525178042,0.0,0.0
3122,battery,2030,131,2,2,,-0.017915142517984317,0.0,0.0
3123,battery,2030,131,3,3,,-0.017915142517984317,0.0,0.0
3124,battery,2030,131,4,4,,-0.016168416122480846,0.0,0.0
3125,battery,2030,131,5,5,,-0.016168416122480846,-0.0064673664489923385,0.0
3126,battery,2030,131,6,6,,-0.022635782571473185,0.0,0.0
3127,battery,2030,131,7,7,,-0.022635782571473185,0.0,0.0
3128,battery,2030,131,8,8,,-0.022635782571473185,0.0,0.0
3129,battery,2030,131,9,9,,-0.022635782571473185,0.0,0.0
3130,battery,2030,131,10,10,,-0.022635782571473185,0.0,0.0
3131,battery,2030,131,11,11,,-0.022635782571473185,0.0,0.0
3132,battery,2030,131,12,12,,-0.022635782571473185,0.0,0.0
3133,battery,2030,131,13,13,,-0.022635782571473185,0.0,0.0
3134,battery,2030,131,14,14,,-0.022635782571473185,0.0,0.0
3135,battery,2030,131,15,15,,-0.022635782571473185,0.0,0.0
3136,battery,2030,131,16,16,,-0.022635782571473185,0.0,0.0
3137,battery,2030,131,17,17,,-0.022635782571473185,0.0,0.0
3138,battery,2030,131,18,18,,-0.017915142517984317,0.0,0.0
3139,battery,2030,131,19,19,,-0.016168416122480846,0.0,0.0
3140,battery,2030,131,20,20,,-0.016168416122480846,0.0,0.0
3141,battery,2030,131,21,21,,-0.016168416122480846,0.0,0.0
3142,battery,2030,131,22,22,,-0.016168416122480846,0.0,0.0
3143,battery,2030,131,23,23,,-0.016168416122480846,0.0,0.0
3144,battery,2030,131,24,24,,-0.016168416122480846,0.0,0.0
3145,battery,2030,132,1,1,,-0.010935088190177336,0.0,0.0
3146,battery,2030,132,2,2,,-0.010935088190177336,0.0,0.0
3147,battery,2030,132,3,3,,-0.009868917091635048,0.0,0.0
3148,battery,2030,132,4,4,,-0.009868917091635048,0.0,0.0
3149,battery,2030,132,5,5,,-0.009868917091635048,0.0,0.0
3150,battery,2030,132,6,6,,-0.009868917091635048,-0.013489466557205312,0.0
3151,battery,2030,132,7,7,,-0.02335838364884036,0.0,0.0
3152,battery,2030,132,8,8,,-0.02335838364884036,0.0,0.0
3153,battery,2030,132,9,9,,-0.02335838364884036,0.0,0.0
3154,battery,2030,132,10,10,,-0.02335838364884036,0.0,0.0
3155,battery,2030,132,11,11,,-0.02335838364884036,0.0,0.0
3156,battery,2030,132,12,12,,-0.02335838364884036,0.0,0.0
3157,battery,2030,132,13,13,,-0.02335838364884036,0.0,0.0
3158,battery,2030,132,14,14,,-0.02335838364884036,0.0,0.0
3159,battery,2030,132,15,15,,-0.02335838364884036,0.0,0.0
3160,battery,2030,132,16,16,,-0.02335838364884036,0.0,0.0
3161,battery,2030,132,17,17,,-0.02335838364884036,0.0,0.0
3162,battery,2030,132,18,18,,-0.01381648392828907,0.0,0.0
3163,battery,2030,132,19,19,,-0.010935088190177336,0.0,0.0
3164,battery,2030,132,20,20,,-0.010935088190177336,0.0,0.0
3165,battery,2030,132,21,21,,-0.009868917091635048,0.0,0.0
3166,battery,2030,132,22,22,,-0.009868917091635048,0.0,0.0
3167,battery,2030,132,23,23,,-0.009868917091635048,0.0,0.0
3168,battery,2030,132,24,24,,-0.009868917091635048,0.0,0.0
3169,battery,2030,133,1,1,,-0.011895190512304078,0.0,0.0
3170,battery,2030,133,2,2,,-0.011895190512304078,0.0,0.0
3171,battery,2030,133,3,3,,-0.010735409437354432,0.0,0.0
3172,battery,2030,133,4,4,,-0.010735409437354432,0.0,0.0
3173,battery,2030,133,5,5,,-0.010735409437354432,0.0,0.0
3174,battery,2030,133,6,6,,-0.010735409437354432,0.0,0.0
3175,battery,2030,133,7,7,,-0.010735409437354432,0.0,0.0
3176,battery,2030,133,8,8,,-0.010735409437354432,0.0,0.0
3177,battery,2030,133,9,9,,-0.010735409437354432,0.0,0.0
3178,battery,2030,133,10,10,,-0.010735409437354432,0.0,0.0
3179,battery,2030,133,11,11,,-0.010735409437354432,0.0,0.0
3180,battery,2030,133,12,12,,-0.010735409437354432,0.0,0.0
3181,battery,2030,133,13,13,,-0.010735409437354432,-0.004294163774941774,0.0
3182,battery,2030,133,14,14,,-0.015029573212296206,0.0,0.0
3183,battery,2030,133,15,15,,-0.015029573212296206,0.0,0.0
3184,battery,2030,133,16,16,,-0.015029573212296206,-0.010379679893868125,0.0
3185,battery,2030,133,17,17,,-0.02540925310616433,0.0,0.0
3186,battery,2030,133,18,18,,-0.02540925310616433,0.0,0.0
3187,battery,2030,133,19,19,,-0.02540925310616433,0.0,0.0
3188,battery,2030,133,20,20,,-0.02540925310616433,0.0,0.0
3189,battery,2030,133,21,21,,-0.02540925310616433,0.0,0.0
3190,battery,2030,133,22,22,,-0.011895190512304078,0.0,0.0
3191,battery,2030,133,23,23,,-0.010735409437354432,0.0,0.0
3192,battery,2030,133,24,24,,-0.010735409437354432,0.0,0.0
3193,battery,2030,134,1,1,,-0.0074325454751404405,0.0,0.0
3194,battery,2030,134,2,2,,-0.0074325454751404405,0.0,0.0
3195,battery,2030,134,3,3,,-0.007432545475140439,0.0,0.0
3196,battery,2030,134,4,4,,-0.006707872291314246,0.0,0.0
3197,battery,2030,134,5,5,,-0.006707872291314246,-0.009168748516530125,0.0
3198,battery,2030,134,6,6,,-0.015876620807844372,0.0,0.0
3199,battery,2030,134,7,7,,-0.015876620807844372,0.0,0.0
3200,battery,2030,134,8,8,,-0.015876620807844372,0.0,0.0
3201,battery,2030,134,9,9,,-0.015876620807844372,0.0,0.0
3202,battery,2030,134,10,10,,-0.015876620807844372,0.0,0.0
3203,battery,2030,134,11,11,,-0.015876620807844372,0.0,0.0
3204,battery,2030,134,12,12,,-0.015876620807844372,0.0,0.0
3205,battery,2030,134,13,13,,-0.015876620807844372,0.0,0.0
3206,battery,2030,134,14,14,,-0.015876620807844372,0.0,0.0
3207,battery,2030,134,15,15,,-0.015876620807844372,0.0,0.0
3208,battery,2030,134,16,16,,-0.015876620807844372,0.0,0.0
3209,battery,2030,134,17,17,,-0.015876620807844372,0.0,0.0
3210,battery,2030,134,18,18,,-0.015876620807844372,0.0,0.0
3211,battery,2030,134,19,19,,-0.015876620807844372,0.0,0.0
3212,battery,2030,134,20,20,,-0.007432545475140439,0.0,0.0
3213,battery,2030,134,21,21,,-0.007432545475140439,0.0,0.0
3214,battery,2030,134,22,22,,-0.006707872291314246,0.0,0.0
3215,battery,2030,134,23,23,,-0.006707872291314246,0.0,0.0
3216,battery,2030,134,24,24,,-0.006707872291314246,0.0,0.0
3217,battery,2030,135,1,1,,-0.011664059719931046,0.0,0.0
3218,battery,2030,135,2,2,,-0.011664059719931046,0.0,0.0
3219,battery,2030,135,3,3,,-0.010526813897237771,0.0,0.0
3220,battery,2030,135,4,4,,-0.010526813897237771,0.0,0.0
3221,battery,2030,135,5,5,,-0.010526813897237771,0.0,0.0
3222,battery,2030,135,6,6,,-0.010526813897237771,-0.014388721954212572,0.0
3223,battery,2030,135,7,7,,-0.024915535851450343,0.0,0.0
3224,battery,2030,135,8,8,,-0.024915535851450343,0.0,0.0
3225,battery,2030,135,9,9,,-0.024915535851450343,0.0,0.0
3226,battery,2030,135,10,10,,-0.024915535851450343,0.0,0.0
3227,battery,2030,135,11,11,,-0.024915535851450343,0.0,0.0
3228,battery,2030,135,12,12,,-0.024915535851450343,0.0,0.0
3229,battery,2030,135,13,13,,-0.024915535851450343,0.0,0.0
3230,battery,2030,135,14,14,,-0.024915535851450343,0.0,0.0
3231,battery,2030,135,15,15,,-0.024915535851450343,0.0,0.0
3232,battery,2030,135,16,16,,-0.024915535851450343,0.0,0.0
3233,battery,2030,135,17,17,,-0.016329683607903468,0.0,0.0
3234,battery,2030,135,18,18,,-0.01473753945613288,0.0,0.0
3235,battery,2030,135,19,19,,-0.011664059719931046,0.0,0.0
3236,battery,2030,135,20,20,,-0.010526813897237771,0.0,0.0
3237,battery,2030,135,21,21,,-0.010526813897237771,0.0,0.0
3238,battery,2030,135,22,22,,-0.010526813897237771,0.0,0.0
3239,battery,2030,135,23,23,,-0.010526813897237771,0.0,0.0
3240,battery,2030,135,24,24,,-0.010526813897237771,0.0,0.0
3241,battery,2030,136,1,1,,-0.0034468329511169243,0.0,0.0
3242,battery,2030,136,2,2,,-0.0034468329511169243,0.0,0.0
3243,battery,2030,136,3,3,,-0.0034468329511169243,0.0,0.0
3244,battery,2030,136,4,4,,-0.0034468329511169243,0.0,0.0
3245,battery,2030,136,5,5,,-0.0034468329511169243,0.0,0.0
3246,battery,2030,136,6,6,,-0.0031107667383830245,0.0,0.0
3247,battery,2030,136,7,7,,-0.0031107667383830245,-0.00124430669535321,0.0
3248,battery,2030,136,8,8,,-0.0043550734337362345,0.0,0.0
3249,battery,2030,136,9,9,,-0.0043550734337362345,0.0,0.0
3250,battery,2030,136,10,10,,-0.0043550734337362345,0.0,0.0
3251,battery,2030,136,11,11,,-0.0043550734337362345,0.0,0.0
3252,battery,2030,136,12,12,,-0.0043550734337362345,0.0,0.0
3253,battery,2030,136,13,13,,-0.0043550734337362345,0.0,0.0
3254,battery,2030,136,14,14,,-0.0034468329511169243,0.0,0.0
3255,battery,2030,136,15,15,,-0.0034468329511169243,0.0,0.0
3256,battery,2030,136,16,16,,-0.0034468329511169243,0.0,0.0
3257,battery,2030,136,17,17,,-0.0031107667383830245,0.0,0.0
3258,battery,2030,136,18,18,,-0.0031107667383830245,0.0,0.0
3259,battery,2030,136,19,19,,-0.0031107667383830245,0.0,0.0
3260,battery,2030,136,20,20,,-0.0031107667383830245,0.0,0.0
3261,battery,2030,136,21,21,,-0.0031107667383830245,0.0,0.0
3262,battery,2030,136,22,22,,-0.0031107667383830245,0.0,0.0
3263,battery,2030,136,23,23,,-0.0031107667383830245,0.0,0.0
3264,battery,2030,136,24,24,,0.0,0.0,0.0
3265,battery,2030,137,1,1,,-0.023223597483741427,0.0,0.0
3266,battery,2030,137,2,2,,-0.020959296729076638,0.0,0.0
3267,battery,2030,137,3,3,,-0.020959296729076638,0.0,0.0
3268,battery,2030,137,4,4,,-0.020959296729076638,0.0,0.0
3269,battery,2030,137,5,5,,-0.020959296729076638,0.0,0.0
3270,battery,2030,137,6,6,,-0.020959296729076638,0.0,0.0
3271,battery,2030,137,7,7,,-0.020959296729076638,0.0,0.0
3272,battery,2030,137,8,8,,-0.020959296729076638,0.0,0.0
3273,battery,2030,137,9,9,,-0.020959296729076638,0.0,0.0
3274,battery,2030,137,10,10,,-0.020959296729076638,0.0,0.0
3275,battery,2030,137,11,11,,-0.020959296729076638,0.0,0.0
3276,battery,2030,137,12,12,,-0.020959296729076638,0.0,0.0
3277,battery,2030,137,13,13,,-0.020959296729076638,-0.008383718691630657,0.0
3278,battery,2030,137,14,14,,-0.029343015420707295,0.0,0.0
3279,battery,2030,137,15,15,,-0.029343015420707295,-0.020264787488349846,0.0
3280,battery,2030,137,16,16,,-0.04960780290905714,0.0,0.0
3281,battery,2030,137,17,17,,-0.04960780290905714,0.0,0.0
3282,battery,2030,137,18,18,,-0.04960780290905714,0.0,0.0
3283,battery,2030,137,19,19,,-0.04960780290905714,0.0,0.0
3284,battery,2030,137,20,20,,-0.029343015420707295,0.0,0.0
3285,battery,2030,137,21,21,,-0.023223597483741427,0.0,0.0
3286,battery,2030,137,22,22,,-0.020959296729076638,0.0,0.0
3287,battery,2030,137,23,23,,-0.020959296729076638,0.0,0.0
3288,battery,2030,137,24,24,,-0.020959296729076638,0.0,0.0
3289,battery,2030,138,1,1,,-0.009118138542635233,0.0,0.0
3290,battery,2030,138,2,2,,-0.009118138542635233,0.0,0.0
3291,battery,2030,138,3,3,,-0.0082291200347283,0.0,0.0
3292,battery,2030,138,4,4,,-0.0082291200347283,0.0,0.0
3293,battery,2030,138,5,5,,-0.0082291200347283,0.0,0.0
3294,battery,2030,138,6,6,,-0.0082291200347283,0.0,0.0
3295,battery,2030,138,7,7,,-0.0082291200347283,0.0,0.0
3296,battery,2030,138,8,8,,-0.0082291200347283,0.0,0.0
3297,battery,2030,138,9,9,,-0.0082291200347283,0.0,0.0
3298,battery,2030,138,10,10,,-0.0082291200347283,0.0,0.0
3299,battery,2030,138,11,11,,-0.0082291200347283,0.0,0.0
3300,battery,2030,138,12,12,,-0.0082291200347283,0.0,0.0
3301,battery,2030,138,13,13,,-0.0082291200347283,0.0,0.0
3302,battery,2030,138,14,14,,-0.0082291200347283,0.0,0.0
3303,battery,2030,138,15,15,,-0.0082291200347283,0.0,0.0
3304,battery,2030,138,16,16,,-0.0082291200347283,0.0,0.0
3305,battery,2030,138,17,17,,-0.0082291200347283,0.0,0.0
3306,battery,2030,138,18,18,,-0.0082291200347283,0.0,0.0
3307,battery,2030,138,19,19,,-0.0082291200347283,0.0,0.0
3308,battery,2030,138,20,20,,-0.0082291200347283,0.0,0.0
3309,battery,2030,138,21,21,,-0.0082291200347283,0.0,0.0
3310,battery,2030,138,22,22,,-0.0082291200347283,0.0,0.0
3311,battery,2030,138,23,23,,-0.0082291200347283,0.0,0.0
3312,battery,2030,138,24,24,,0.0,0.0,0.0
3313,battery,2030,139,1,1,,-0.017744812677395912,0.0,0.0
3314,battery,2030,139,2,2,,-0.017744812677395912,0.0,0.0
3315,battery,2030,139,3,3,,-0.016014693441349814,0.0,0.0
3316,battery,2030,139,4,4,,-0.016014693441349814,0.0,0.0
3317,battery,2030,139,5,5,,-0.016014693441349814,-0.02188990641983317,0.0
3318,battery,2030,139,6,6,,-0.03790459986118298,0.0,0.0
3319,battery,2030,139,7,7,,-0.03790459986118298,0.0,0.0
3320,battery,2030,139,8,8,,-0.03790459986118298,0.0,0.0
3321,battery,2030,139,9,9,,-0.03790459986118298,0.0,0.0
3322,battery,2030,139,10,10,,-0.03790459986118298,0.0,0.0
3323,battery,2030,139,11,11,,-0.03790459986118298,0.0,0.0
3324,battery,2030,139,12,12,,-0.03790459986118298,0.0,0.0
3325,battery,2030,139,13,13,,-0.03790459986118298,0.0,0.0
3326,battery,2030,139,14,14,,-0.03790459986118298,0.0,0.0
3327,battery,2030,139,15,15,,-0.03790459986118298,0.0,0.0
3328,battery,2030,139,16,16,,-0.03790459986118298,0.0,0.0
3329,battery,2030,139,17,17,,-0.03790459986118298,0.0,0.0
3330,battery,2030,139,18,18,,-0.03790459986118298,0.0,0.0
3331,battery,2030,139,19,19,,-0.03790459986118298,0.0,0.0
3332,battery,2030,139,20,20,,-0.03790459986118298,0.0,0.0
3333,battery,2030,139,21,21,,-0.017744812677395912,0.0,0.0
3334,battery,2030,139,22,22,,-0.016014693441349814,0.0,0.0
3335,battery,2030,139,23,23,,-0.016014693441349814,0.0,0.0
3336,battery,2030,139,24,24,,-0.016014693441349814,0.0,0.0
3337,battery,2030,140,1,1,,-0.010661538026506033,0.0,0.0
3338,battery,2030,140,2,2,,-0.010661538026506033,0.0,0.0
3339,battery,2030,140,3,3,,-0.009622038068921696,0.0,0.0
3340,battery,2030,140,4,4,,-0.009622038068921696,0.0,0.0
3341,battery,2030,140,5,5,,-0.009622038068921696,0.0,0.0
3342,battery,2030,140,6,6,,-0.009622038068921696,0.0,0.0
3343,battery,2030,140,7,7,,-0.009622038068921696,0.0,0.0
3344,battery,2030,140,8,8,,-0.009622038068921696,0.0,0.0
3345,battery,2030,140,9,9,,-0.009622038068921696,0.0,0.0
3346,battery,2030,140,10,10,,-0.009622038068921696,0.0,0.0
3347,battery,2030,140,11,11,,-0.009622038068921696,0.0,0.0
3348,battery,2030,140,12,12,,-0.009622038068921696,0.0,0.0
3349,battery,2030,140,13,13,,-0.009622038068921696,0.0,0.0
3350,battery,2030,140,14,14,,-0.009622038068921696,0.0,0.0
3351,battery,2030,140,15,15,,-0.009622038068921696,0.0,0.0
3352,battery,2030,140,16,16,,-0.009622038068921696,0.0,0.0
3353,battery,2030,140,17,17,,-0.009622038068921696,0.0,0.0
3354,battery,2030,140,18,18,,-0.009622038068921696,0.0,0.0
3355,battery,2030,140,19,19,,-0.009622038068921696,0.0,0.0
3356,battery,2030,140,20,20,,-0.009622038068921696,0.0,0.0
3357,battery,2030,140,21,21,,-0.0004264615210602414,0.0,0.0
3358,battery,2030,140,22,22,,-0.0004264615210602414,0.0,0.0
3359,battery,2030,140,23,23,,-0.0004264615210602414,0.0,0.0
3360,battery,2030,140,24,24,,0.0,0.0,0.0
3361,battery,2030,141,1,1,,-0.028448346809961285,0.0,0.0
3362,battery,2030,141,2,2,,-0.025674632995990064,0.0,0.0
3363,battery,2030,141,3,3,,-0.020320247721400914,0.0,0.0
3364,battery,2030,141,4,4,,-0.020320247721400914,0.0,0.0
3365,battery,2030,141,5,5,,-0.018339023568564327,0.0,0.0
3366,battery,2030,141,6,6,,-0.018339023568564327,0.0,0.0
3367,battery,2030,141,7,7,,-0.018339023568564327,-0.007335609427425737,0.0
3368,battery,2030,141,8,8,,-0.025674632995990064,0.0,0.0
3369,battery,2030,141,9,9,,-0.025674632995990064,0.0,0.0
3370,battery,2030,141,10,10,,-0.025674632995990064,-0.01773133994735747,0.0
3371,battery,2030,141,11,11,,-0.04340597294334753,0.0,0.0
3372,battery,2030,141,12,12,,-0.04340597294334753,0.0,0.0
3373,battery,2030,141,13,13,,-0.04340597294334753,0.0,0.0
3374,battery,2030,141,14,14,,-0.04340597294334753,0.0,0.0
3375,battery,2030,141,15,15,,-0.04340597294334753,0.0,0.0
3376,battery,2030,141,16,16,,-0.04340597294334753,0.0,0.0
3377,battery,2030,141,17,17,,-0.04340597294334753,0.0,0.0
3378,battery,2030,141,18,18,,-0.04340597294334753,0.0,0.0
3379,battery,2030,141,19,19,,-0.025674632995990064,0.0,0.0
3380,battery,2030,141,20,20,,-0.020320247721400914,0.0,0.0
3381,battery,2030,141,21,21,,-0.018339023568564327,0.0,0.0
3382,battery,2030,141,22,22,,-0.018339023568564327,0.0,0.0
3383,battery,2030,141,23,23,,-0.018339023568564327,0.0,0.0
3384,battery,2030,141,24,24,,-0.018339023568564327,0.0,0.0
3385,battery,2030,142,1,1,,-0.02509799220335388,0.0,0.0
3386,battery,2030,142,2,2,,-0.02265093796352688,0.0,0.0
3387,battery,2030,142,3,3,,-0.02265093796352688,0.0,0.0
3388,battery,2030,142,4,4,,-0.02265093796352688,0.0,0.0
3389,battery,2030,142,5,5,,-0.02265093796352688,0.0,0.0
3390,battery,2030,142,6,6,,-0.02265093796352688,0.0,0.0
3391,battery,2030,142,7,7,,-0.02265093796352688,0.0,0.0
3392,battery,2030,142,8,8,,-0.02265093796352688,0.0,0.0
3393,battery,2030,142,9,9,,-0.02265093796352688,0.0,0.0
3394,battery,2030,142,10,10,,-0.02265093796352688,0.0,0.0
3395,battery,2030,142,11,11,,-0.02265093796352688,0.0,0.0
3396,battery,2030,142,12,12,,-0.02265093796352688,0.0,0.0
3397,battery,2030,142,13,13,,-0.02265093796352688,0.0,0.0
3398,battery,2030,142,14,14,,-0.02265093796352688,0.0,0.0
3399,battery,2030,142,15,15,,-0.02265093796352688,0.0,0.0
3400,battery,2030,142,16,16,,-0.02265093796352688,0.0,0.0
3401,battery,2030,142,17,17,,-0.02265093796352688,0.0,0.0
3402,battery,2030,142,18,18,,-0.02265093796352688,0.0,0.0
3403,battery,2030,142,19,19,,-0.02265093796352688,0.0,0.0
3404,battery,2030,142,20,20,,-0.02265093796352688,0.0,0.0
3405,battery,2030,142,21,21,,-0.02265093796352688,0.0,0.0
3406,battery,2030,142,22,22,,-0.02265093796352688,0.0,0.0
3407,battery,2030,142,23,23,,-0.02265093796352688,0.0,0.0
3408,battery,2030,142,24,24,,-0.02265093796352688,0.0,0.0
3409,battery,2030,143,1,1,,-0.057450312216956095,0.0,0.0
3410,battery,2030,143,2,2,,-0.05184890677580288,0.0,0.0
3411,battery,2030,143,3,3,,-0.05184890677580288,0.0,0.0
3412,battery,2030,143,4,4,,-0.05184890677580288,0.0,0.0
3413,battery,2030,143,5,5,,-0.05184890677580288,0.0,0.0
3414,battery,2030,143,6,6,,-0.05184890677580288,0.0,0.0
3415,battery,2030,143,7,7,,-0.05184890677580288,-0.020739562710321166,0.0
3416,battery,2030,143,8,8,,-0.07258846948612405,0.0,0.0
3417,battery,2030,143,9,9,,-0.07258846948612405,-0.0501308364921076,0.0
3418,battery,2030,143,10,10,,-0.12271930597823165,0.0,0.0
3419,battery,2030,143,11,11,,-0.12271930597823165,0.0,0.0
3420,battery,2030,143,12,12,,-0.12271930597823165,0.0,0.0
3421,battery,2030,143,13,13,,-0.12271930597823165,0.0,0.0
3422,battery,2030,143,14,14,,-0.12271930597823165,0.0,0.0
3423,battery,2030,143,15,15,,-0.12271930597823165,0.0,0.0
3424,battery,2030,143,16,16,,-0.12271930597823165,0.0,0.0
3425,battery,2030,143,17,17,,-0.12271930597823165,0.0,0.0
3426,battery,2030,143,18,18,,-0.12271930597823165,0.0,0.0
3427,battery,2030,143,19,19,,-0.12271930597823165,0.0,0.0
3428,battery,2030,143,20,20,,-0.12271930597823165,0.0,0.0
3429,battery,2030,143,21,21,,-0.12271930597823165,0.0,0.0
3430,battery,2030,143,22,22,,-0.12271930597823165,0.0,0.0
3431,battery,2030,143,23,23,,-0.12271930597823165,0.0,0.0
3432,battery,2030,143,24,24,,-0.05184890677580288,0.0,0.0
3433,battery,2030,144,1,1,,-0.010689705508353069,0.0,0.0
3434,battery,2030,144,2,2,,-0.010689705508353069,0.0,0.0
3435,battery,2030,144,3,3,,-0.009647459221288646,0.0,0.0
3436,battery,2030,144,4,4,,-0.009647459221288646,0.0,0.0
3437,battery,2030,144,5,5,,-0.009647459221288646,0.0,0.0
3438,battery,2030,144,6,6,,-0.009647459221288646,0.0,0.0
3439,battery,2030,144,7,7,,-0.009647459221288646,0.0,0.0
3440,battery,2030,144,8,8,,-0.009647459221288646,0.0,0.0
3441,battery,2030,144,9,9,,-0.009647459221288646,0.0,0.0
3442,battery,2030,144,10,10,,-0.009647459221288646,0.0,0.0
3443,battery,2030,144,11,11,,-0.009647459221288646,0.0,0.0
3444,battery,2030,144,12,12,,-0.009647459221288646,0.0,0.0
3445,battery,2030,144,13,13,,-0.009647459221288646,0.0,0.0
3446,battery,2030,144,14,14,,-0.009647459221288646,0.0,0.0
3447,battery,2030,144,15,15,,-0.009647459221288646,0.0,0.0
3448,battery,2030,144,16,16,,-0.009647459221288646,0.0,0.0
3449,battery,2030,144,17,17,,-0.009647459221288646,0.0,0.0
3450,battery,2030,144,18,18,,-0.009647459221288646,0.0,0.0
3451,battery,2030,144,19,19,,-0.009647459221288646,0.0,0.0
3452,battery,2030,144,20,20,,-0.009647459221288646,0.0,0.0
3453,battery,2030,144,21,21,,-0.009647459221288646,0.0,0.0
3454,battery,2030,144,22,22,,-0.009647459221288646,0.0,0.0
3455,battery,2030,144,23,23,,-0.009647459221288646,0.0,0.0
3456,battery,2030,144,24,24,,-0.009647459221288646,0.0,0.0
3457,battery,2030,145,1,1,,-0.019522549296094253,0.0,0.0
3458,battery,2030,145,2,2,,-0.017619100739725065,0.0,0.0
3459,battery,2030,145,3,3,,-0.017619100739725065,0.0,0.0
3460,battery,2030,145,4,4,,-0.0007809019718437701,0.0,0.0
3461,battery,2030,145,5,5,,-0.0007809019718437701,0.0,0.0
3462,battery,2030,145,6,6,,-0.0007809019718437701,-0.016838198767881295,0.0
3463,battery,2030,145,7,7,,-0.017619100739725065,0.0,0.0
3464,battery,2030,145,8,8,,-0.017619100739725065,0.0,0.0
3465,battery,2030,145,9,9,,-0.017619100739725065,0.0,0.0
3466,battery,2030,145,10,10,,-0.017619100739725065,0.0,0.0
3467,battery,2030,145,11,11,,-0.017619100739725065,0.0,0.0
3468,battery,2030,145,12,12,,-0.017619100739725065,0.0,0.0
3469,battery,2030,145,13,13,,-0.017619100739725065,0.0,0.0
3470,battery,2030,145,14,14,,-0.017619100739725065,0.0,0.0
3471,battery,2030,145,15,15,,-0.017619100739725065,0.0,0.0
3472,battery,2030,145,16,16,,-0.017619100739725065,0.0,0.0
3473,battery,2030,145,17,17,,-0.017619100739725065,0.0,0.0
3474,battery,2030,145,18,18,,-0.017619100739725065,0.0,0.0
3475,battery,2030,145,19,19,,-0.017619100739725065,0.0,0.0
3476,battery,2030,145,20,20,,-0.017619100739725065,0.0,0.0
3477,battery,2030,145,21,21,,-0.017619100739725065,0.0,0.0
3478,battery,2030,145,22,22,,-0.017619100739725065,0.0,0.0
3479,battery,2030,145,23,23,,-0.017619100739725065,0.0,0.0
3480,battery,2030,145,24,24,,-0.017619100739725065,0.0,0.0
3481,battery,2030,146,1,1,,-3.0405785023696015,0.0,0.0
3482,battery,2030,146,2,2,,-2.7441220983885657,0.0,0.0
3483,battery,2030,146,3,3,,-2.7441220983885657,0.0,0.0
3484,battery,2030,146,4,4,,-2.7441220983885657,0.0,0.0
3485,battery,2030,146,5,5,,-2.7441220983885657,0.0,0.0
3486,battery,2030,146,6,6,,-2.7441220983885657,0.0,0.0
3487,battery,2030,146,7,7,,-2.7441220983885657,0.0,0.0
3488,battery,2030,146,8,8,,-2.7441220983885657,0.0,0.0
3489,battery,2030,146,9,9,,-2.7441220983885657,0.0,0.0
3490,battery,2030,146,10,10,,-2.7441220983885657,0.0,0.0
3491,battery,2030,146,11,11,,-2.7441220983885657,0.0,0.0
3492,battery,2030,146,12,12,,-2.7441220983885657,0.0,0.0
3493,battery,2030,146,13,13,,-2.7441220983885657,0.0,0.0
3494,battery,2030,146,14,14,,-2.7441220983885657,0.0,0.0
3495,battery,2030,146,15,15,,-2.7441220983885657,0.0,0.0
3496,battery,2030,146,16,16,,-2.7441220983885657,0.0,0.0
3497,battery,2030,146,17,17,,-2.7441220983885657,0.0,0.0
3498,battery,2030,146,18,18,,-2.7441220983885657,0.0,0.0
3499,battery,2030,146,19,19,,-2.7441220983885657,0.0,0.0
3500,battery,2030,146,20,20,,-2.7441220983885657,0.0,0.0
3501,battery,2030,146,21,21,,-2.7441220983885657,0.0,0.0
3502,battery,2030,146,22,22,,-2.7441220983885657,0.0,0.0
3503,battery,2030,146,23,23,,-2.7441220983885657,0.0,0.0
3504,battery,2030,146,24,24,,-2.7441220983885657,0.0,0.0
3505,battery,2030,147,1,1,,-0.02023518293534313,0.0,0.0
3506,battery,2030,147,2,2,,-0.02023518293534313,0.0,0.0
3507,battery,2030,147,3,3,,-0.01826225259914718,0.0,0.0
3508,battery,2030,147,4,4,,-0.01826225259914718,0.0,0.0
3509,battery,2030,147,5,5,,-0.01826225259914718,0.0,0.0
3510,battery,2030,147,6,6,,-0.01826225259914718,0.0,0.0
3511,battery,2030,147,7,7,,-0.01826225259914718,-0.007304901039658869,0.0
3512,battery,2030,147,8,8,,-0.02556715363880605,0.0,0.0
3513,battery,2030,147,9,9,,-0.02556715363880605,-0.6190708888799479,0.0
3514,battery,2030,147,10,10,,-0.6446380425187539,0.0,0.0
3515,battery,2030,147,11,11,,-0.6446380425187539,0.0,0.0
3516,battery,2030,147,12,12,,-0.6446380425187539,0.0,0.0
3517,battery,2030,147,13,13,,-0.6446380425187539,0.0,0.0
3518,battery,2030,147,14,14,,-0.6446380425187539,0.0,0.0
3519,battery,2030,147,15,15,,-0.6446380425187539,0.0,0.0
3520,battery,2030,147,16,16,,-0.6446380425187539,0.0,0.0
3521,battery,2030,147,17,17,,-0.6446380425187539,0.0,0.0
3522,battery,2030,147,18,18,,-0.02023518293534313,0.0,0.0
3523,battery,2030,147,19,19,,-0.01826225259914718,0.0,0.0
3524,battery,2030,147,20,20,,-0.01826225259914718,0.0,0.0
3525,battery,2030,147,21,21,,-0.01826225259914718,0.0,0.0
3526,battery,2030,147,22,22,,-0.01826225259914718,0.0,0.0
3527,battery,2030,147,23,23,,-0.01826225259914718,0.0,0.0
3528,battery,2030,147,24,24,,-0.01826225259914718,0.0,0.0
3529,battery,2030,148,1,1,,-0.007722243333456257,0.0,0.0
3530,battery,2030,148,2,2,,-0.007722243333456257,0.0,0.0
3531,battery,2030,148,3,3,,-0.007722243333456257,0.0,0.0
3532,battery,2030,148,4,4,,-0.006969324608444272,0.0,0.0
3533,battery,2030,148,5,5,,-0.006969324608444272,0.0,0.0
3534,battery,2030,148,6,6,,-0.006969324608444272,0.0,0.0
3535,battery,2030,148,7,7,,-0.006969324608444272,-0.09782509271249167,0.0
3536,battery,2030,148,8,8,,-0.10479441732093593,0.0,0.0
3537,battery,2030,148,9,9,,-0.10479441732093593,0.0,0.0
3538,battery,2030,148,10,10,,-0.10479441732093593,0.0,0.0
3539,battery,2030,148,11,11,,-0.10479441732093593,0.0,0.0
3540,battery,2030,148,12,12,,-0.10479441732093593,0.0,0.0
3541,battery,2030,148,13,13,,-0.01081114066683876,0.0,0.0
3542,battery,2030,148,14,14,,-0.007722243333456257,0.0,0.0
3543,battery,2030,148,15,15,,-0.007722243333456257,0.0,0.0
3544,battery,2030,148,16,16,,-0.006969324608444272,0.0,0.0
3545,battery,2030,148,17,17,,-0.006969324608444272,0.0,0.0
3546,battery,2030,148,18,18,,-0.006969324608444272,0.0,0.0
3547,battery,2030,148,19,19,,-0.006969324608444272,0.0,0.0
3548,battery,2030,148,20,20,,-0.006969324608444272,0.0,0.0
3549,battery,2030,148,21,21,,-0.006969324608444272,0.0,0.0
3550,battery,2030,148,22,22,,-0.006969324608444272,0.0,0.0
3551,battery,2030,148,23,23,,-0.006969324608444272,0.0,0.0
3552,battery,2030,148,24,24,,0.0,0.0,0.0
3553,battery,2030,149,1,1,,-0.3886743382033698,0.0,0.0
3554,battery,2030,149,2,2,,-0.35077859022854124,0.0,0.0
3555,battery,2030,149,3,3,,-0.35077859022854124,0.0,0.0
3556,battery,2030,149,4,4,,-0.35077859022854124,0.0,0.0
3557,battery,2030,149,5,5,,-0.35077859022854124,0.0,0.0
3558,battery,2030,149,6,6,,-0.35077859022854124,0.0,0.0
3559,battery,2030,149,7,7,,-0.35077859022854124,0.0,0.0
3560,battery,2030,149,8,8,,-0.015415311950066488,0.0,0.0
3561,battery,2030,149,9,9,,-0.015415311950066488,0.0,0.0
3562,battery,2030,149,10,10,,-0.015415311950066488,0.0,0.0
3563,battery,2030,149,11,11,,-0.013912319034935007,0.0,0.0
3564,battery,2030,149,12,12,,-0.011010937107190347,0.0,0.0
3565,battery,2030,149,13,13,,-0.011010937107190347,0.0,0.0
3566,battery,2030,149,14,14,,-0.00993737073923929,0.0,0.0
3567,battery,2030,149,15,15,,-0.00993737073923929,0.0,0.0
3568,battery,2030,149,16,16,,-0.00993737073923929,0.0,0.0
3569,battery,2030,149,17,17,,-0.00993737073923929,0.0,0.0
3570,battery,2030,149,18,18,,-0.00993737073923929,0.0,0.0
3571,battery,2030,149,19,19,,-0.00993737073923929,0.0,0.0
3572,battery,2030,149,20,20,,-0.00993737073923929,0.0,0.0
3573,battery,2030,149,21,21,,-0.00993737073923929,0.0,0.0
3574,battery,2030,149,22,22,,-0.00993737073923929,0.0,0.0
3575,battery,2030,149,23,23,,-0.00993737073923929,0.0,0.0
3576,battery,2030,149,24,24,,-0.00993737073923929,0.0,0.0
3577,battery,2030,150,1,1,,-0.011490275298066073,0.0,0.0
3578,battery,2030,150,2,2,,-0.011490275298066073,0.0,0.0
3579,battery,2030,150,3,3,,-0.010369973456504632,0.0,0.0
3580,battery,2030,150,4,4,,-0.010369973456504632,0.0,0.0
3581,battery,2030,150,5,5,,-0.010369973456504632,0.0,0.0
3582,battery,2030,150,6,6,,-0.010369973456504632,0.0,0.0
3583,battery,2030,150,7,7,,-0.010369973456504632,0.0,0.0
3584,battery,2030,150,8,8,,-0.010369973456504632,0.0,0.0
3585,battery,2030,150,9,9,,-0.010369973456504632,-0.004147989382601856,0.0
3586,battery,2030,150,10,10,,-0.014517962839106488,0.0,0.0
3587,battery,2030,150,11,11,,-0.014517962839106488,0.0,0.0
3588,battery,2030,150,12,12,,-0.014517962839106488,-0.35153104199640656,0.0
3589,battery,2030,150,13,13,,-0.36604900483551306,0.0,0.0
3590,battery,2030,150,14,14,,-0.36604900483551306,0.0,0.0
3591,battery,2030,150,15,15,,-0.36604900483551306,0.0,0.0
3592,battery,2030,150,16,16,,-0.36604900483551306,0.0,0.0
3593,battery,2030,150,17,17,,-0.36604900483551306,0.0,0.0
3594,battery,2030,150,18,18,,-0.016086385417292504,0.0,0.0
3595,battery,2030,150,19,19,,-0.016086385417292504,0.0,0.0
3596,battery,2030,150,20,20,,-0.010369973456504632,0.0,0.0
3597,battery,2030,150,21,21,,-0.010369973456504632,0.0,0.0
3598,battery,2030,150,22,22,,-0.010369973456504632,0.0,0.0
3599,battery,2030,150,23,23,,-0.010369973456504632,0.0,0.0
3600,battery,2030,150,24,24,,-0.010369973456504632,0.0,0.0
3601,battery,2030,151,1,1,,-0.02013445573237371,0.0,0.0
3602,battery,2030,151,2,2,,-0.018171346298467273,0.0,0.0
3603,battery,2030,151,3,3,,-0.018171346298467273,0.0,0.0
3604,battery,2030,151,4,4,,-0.018171346298467273,0.0,0.0
3605,battery,2030,151,5,5,,-0.018171346298467273,0.0,0.0
3606,battery,2030,151,6,6,,-0.018171346298467273,0.0,0.0
3607,battery,2030,151,7,7,,-0.018171346298467273,0.0,0.0
3608,battery,2030,151,8,8,,-0.018171346298467273,0.0,0.0
3609,battery,2030,151,9,9,,-0.018171346298467273,0.0,0.0
3610,battery,2030,151,10,10,,-0.018171346298467273,0.0,0.0
3611,battery,2030,151,11,11,,-0.018171346298467273,0.0,0.0
3612,battery,2030,151,12,12,,-0.018171346298467273,0.0,0.0
3613,battery,2030,151,13,13,,-0.018171346298467273,0.0,0.0
3614,battery,2030,151,14,14,,-0.018171346298467273,0.0,0.0
3615,battery,2030,151,15,15,,-0.018171346298467273,0.0,0.0
3616,battery,2030,151,16,16,,-0.018171346298467273,0.0,0.0
3617,battery,2030,151,17,17,,-0.018171346298467273,0.0,0.0
3618,battery,2030,151,18,18,,-0.018171346298467273,0.0,0.0
3619,battery,2030,151,19,19,,-0.018171346298467273,0.0,0.0
3620,battery,2030,151,20,20,,-0.018171346298467273,0.0,0.0
3621,battery,2030,151,21,21,,-0.018171346298467273,0.0,0.0
3622,battery,2030,151,22,22,,-0.018171346298467273,0.0,0.0
3623,battery,2030,151,23,23,,-0.018171346298467273,0.0,0.0
3624,battery,2030,151,24,24,,-0.018171346298467273,0.0,0.0
3625,battery,2030,152,1,1,,-0.02658975612476924,0.0,0.0
3626,battery,2030,152,2,2,,-0.02399725490260424,0.0,0.0
3627,battery,2030,152,3,3,,-0.02399725490260424,0.0,0.0
3628,battery,2030,152,4,4,,-0.02399725490260424,0.0,0.0
3629,battery,2030,152,5,5,,-0.02399725490260424,0.0,0.0
3630,battery,2030,152,6,6,,-0.02399725490260424,0.0,0.0
3631,battery,2030,152,7,7,,-0.02399725490260424,0.0,0.0
3632,battery,2030,152,8,8,,-0.02399725490260424,0.0,0.0
3633,battery,2030,152,9,9,,-0.02399725490260424,0.0,0.0
3634,battery,2030,152,10,10,,-0.02399725490260424,0.0,0.0
3635,battery,2030,152,11,11,,-0.02399725490260424,0.0,0.0
3636,battery,2030,152,12,12,,-0.02399725490260424,0.0,0.0
3637,battery,2030,152,13,13,,-0.02399725490260424,0.0,0.0
3638,battery,2030,152,14,14,,-0.02399725490260424,0.0,0.0
3639,battery,2030,152,15,15,,-0.02399725490260424,0.0,0.0
3640,battery,2030,152,16,16,,-0.02399725490260424,0.0,0.0
3641,battery,2030,152,17,17,,-0.02399725490260424,0.0,0.0
3642,battery,2030,152,18,18,,-0.02399725490260424,0.0,0.0
3643,battery,2030,152,19,19,,-0.02399725490260424,0.0,0.0
3644,battery,2030,152,20,20,,-0.02399725490260424,0.0,0.0
3645,battery,2030,152,21,21,,-0.02399725490260424,0.0,0.0
3646,battery,2030,152,22,22,,-0.02399725490260424,0.0,0.0
3647,battery,2030,152,23,23,,-0.02399725490260424,0.0,0.0
3648,battery,2030,152,24,24,,-0.02399725490260424,0.0,0.0
3649,battery,2030,153,1,1,,-0.01341872966361781,0.0,0.0
3650,battery,2030,153,2,2,,-0.01341872966361781,0.0,0.0
3651,battery,2030,153,3,3,,-0.01341872966361781,0.0,0.0
3652,battery,2030,153,4,4,,-0.01341872966361781,0.0,0.0
3653,battery,2030,153,5,5,,-0.01341872966361781,0.0,0.0
3654,battery,2030,153,6,6,,-0.01341872966361781,0.0,0.0
3655,battery,2030,153,7,7,,-0.01341872966361781,0.0,0.0
3656,battery,2030,153,8,8,,-0.01341872966361781,0.0,0.0
3657,battery,2030,153,9,9,,-0.01341872966361781,0.0,0.0
3658,battery,2030,153,10,10,,-0.01341872966361781,0.0,0.0
3659,battery,2030,153,11,11,,-0.01341872966361781,0.0,0.0
3660,battery,2030,153,12,12,,-0.01341872966361781,0.0,0.0
3661,battery,2030,153,13,13,,-0.01341872966361781,0.0,0.0
3662,battery,2030,153,14,14,,-0.01341872966361781,0.0,0.0
3663,battery,2030,153,15,15,,-0.01341872966361781,0.0,0.0
3664,battery,2030,153,16,16,,-0.01341872966361781,0.0,0.0
3665,battery,2030,153,17,17,,-0.01341872966361781,0.0,0.0
3666,battery,2030,153,18,18,,-0.01341872966361781,0.0,0.0
3667,battery,2030,153,19,19,,-0.01341872966361781,0.0,0.0
3668,battery,2030,153,20,20,,-0.01341872966361781,0.0,0.0
3669,battery,2030,153,21,21,,-0.01341872966361781,0.0,0.0
3670,battery,2030,153,22,22,,-0.01341872966361781,0.0,0.0
3671,battery,2030,153,23,23,,-0.01341872966361781,0.0,0.0
3672,battery,2030,153,24,24,,-0.0005367491865447124,0.0,0.0
3673,battery,2030,154,1,1,,-0.0245515317392656,0.0,0.0
3674,battery,2030,154,2,2,,-0.02215775739468721,0.0,0.0
3675,battery,2030,154,3,3,,-0.02215775739468721,0.0,0.0
3676,battery,2030,154,4,4,,-0.02215775739468721,0.0,0.0
3677,battery,2030,154,5,5,,-0.02215775739468721,0.0,0.0
3678,battery,2030,154,6,6,,-0.02215775739468721,0.0,0.0
3679,battery,2030,154,7,7,,-0.02215775739468721,-0.008863102957874878,0.0
3680,battery,2030,154,8,8,,-0.031020860352562088,0.0,0.0
3681,battery,2030,154,9,9,,-0.031020860352562088,-0.7511243474178988,0.0
3682,battery,2030,154,10,10,,-0.7821452077704609,0.0,0.0
3683,battery,2030,154,11,11,,-0.7821452077704609,0.0,0.0
3684,battery,2030,154,12,12,,-0.7821452077704609,0.0,0.0
3685,battery,2030,154,13,13,,-0.7821452077704609,0.0,0.0
3686,battery,2030,154,14,14,,-0.7821452077704609,0.0,0.0
3687,battery,2030,154,15,15,,-0.031020860352562088,0.0,0.0
3688,battery,2030,154,16,16,,-0.0245515317392656,0.0,0.0
3689,battery,2030,154,17,17,,-0.02215775739468721,0.0,0.0
3690,battery,2030,154,18,18,,-0.02215775739468721,0.0,0.0
3691,battery,2030,154,19,19,,-0.02215775739468721,0.0,0.0
3692,battery,2030,154,20,20,,-0.02215775739468721,0.0,0.0
3693,battery,2030,154,21,21,,-0.02215775739468721,0.0,0.0
3694,battery,2030,154,22,22,,-0.02215775739468721,0.0,0.0
3695,battery,2030,154,23,23,,-0.02215775739468721,0.0,0.0
3696,battery,2030,154,24,24,,-0.02215775739468721,0.0,0.0
3697,battery,2030,155,1,1,,-0.0074453010892092195,0.0,0.0
3698,battery,2030,155,2,2,,-0.0074453010892092195,0.0,0.0
3699,battery,2030,155,3,3,,-0.0074453010892092195,0.0,0.0
3700,battery,2030,155,4,4,,-0.006719384233011321,0.0,0.0
3701,battery,2030,155,5,5,,-0.006719384233011321,0.0,0.0
3702,battery,2030,155,6,6,,-0.006719384233011321,0.0,0.0
3703,battery,2030,155,7,7,,-0.006719384233011321,0.0,0.0
3704,battery,2030,155,8,8,,-0.006719384233011321,0.0,0.0
3705,battery,2030,155,9,9,,-0.006719384233011321,0.0,0.0
3706,battery,2030,155,10,10,,-0.006719384233011321,0.0,0.0
3707,battery,2030,155,11,11,,-0.006719384233011321,0.0,0.0
3708,battery,2030,155,12,12,,-0.006719384233011321,-0.17634659529386076,0.0
3709,battery,2030,155,13,13,,-0.1830659795268721,0.0,0.0
3710,battery,2030,155,14,14,,-0.1830659795268721,0.0,0.0
3711,battery,2030,155,15,15,,-0.1830659795268721,0.0,0.0
3712,battery,2030,155,16,16,,-0.1830659795268721,0.0,0.0
3713,battery,2030,155,17,17,,-0.1830659795268721,0.0,0.0
3714,battery,2030,155,18,18,,-0.1830659795268721,0.0,0.0
3715,battery,2030,155,19,19,,-0.1830659795268721,0.0,0.0
3716,battery,2030,155,20,20,,-0.1830659795268721,0.0,0.0
3717,battery,2030,155,21,21,,-0.07734537635010347,0.0,0.0
3718,battery,2030,155,22,22,,-0.0074453010892092195,0.0,0.0
3719,battery,2030,155,23,23,,-0.006719384233011321,0.0,0.0
3720,battery,2030,155,24,24,,-0.006719384233011321,0.0,0.0
3721,battery,2030,156,1,1,,-0.00867747620387807,0.0,0.0
3722,battery,2030,156,2,2,,-0.00867747620387807,0.0,0.0
3723,battery,2030,156,3,3,,-0.00867747620387807,0.0,0.0
3724,battery,2030,156,4,4,,-0.00783142227399996,0.0,0.0
3725,battery,2030,156,5,5,,-0.00783142227399996,0.0,0.0
3726,battery,2030,156,6,6,,-0.00783142227399996,0.0,0.0
3727,battery,2030,156,7,7,,-0.00783142227399996,0.0,0.0
3728,battery,2030,156,8,8,,-0.00783142227399996,0.0,0.0
3729,battery,2030,156,9,9,,-0.00783142227399996,-0.003132568909599986,0.0
3730,battery,2030,156,10,10,,-0.010963991183599945,0.0,0.0
3731,battery,2030,156,11,11,,-0.010963991183599945,0.0,0.0
3732,battery,2030,156,12,12,,-0.010963991183599945,0.0,0.0
3733,battery,2030,156,13,13,,-0.010963991183599945,0.0,0.0
3734,battery,2030,156,14,14,,-0.010963991183599945,0.0,0.0
3735,battery,2030,156,15,15,,-0.010963991183599945,0.0,0.0
3736,battery,2030,156,16,16,,-0.00867747620387807,0.0,0.0
3737,battery,2030,156,17,17,,-0.00867747620387807,0.0,0.0
3738,battery,2030,156,18,18,,-0.00783142227399996,0.0,0.0
3739,battery,2030,156,19,19,,-0.00783142227399996,0.0,0.0
3740,battery,2030,156,20,20,,-0.00783142227399996,0.0,0.0
3741,battery,2030,156,21,21,,-0.00783142227399996,0.0,0.0
3742,battery,2030,156,22,22,,-0.00783142227399996,0.0,0.0
3743,battery,2030,156,23,23,,-0.00783142227399996,0.0,0.0
3744,battery,2030,156,24,24,,0.0,0.0,0.0
3745,battery,2030,157,1,1,,-0.007770584075937582,0.0,0.0
3746,battery,2030,157,2,2,,-0.007770584075937582,0.0,0.0
3747,battery,2030,157,3,3,,-0.007770584075937582,0.0,0.0
3748,battery,2030,157,4,4,,-0.007770584075937582,0.0,0.0
3749,battery,2030,157,5,5,,-0.007770584075937582,0.0,0.0
3750,battery,2030,157,6,6,,-0.007770584075937582,0.0,0.0
3751,battery,2030,157,7,7,,-0.007770584075937582,0.0,0.0
3752,battery,2030,157,8,8,,-0.007770584075937582,0.0,0.0
3753,battery,2030,157,9,9,,-0.007770584075937582,0.0,0.0
3754,battery,2030,157,10,10,,-0.007770584075937582,0.0,0.0
3755,battery,2030,157,11,11,,-0.007770584075937582,0.0,0.0
3756,battery,2030,157,12,12,,-0.007770584075937582,0.0,0.0
3757,battery,2030,157,13,13,,-0.007770584075937582,0.0,0.0
3758,battery,2030,157,14,14,,-0.007770584075937582,0.0,0.0
3759,battery,2030,157,15,15,,-0.007770584075937582,0.0,0.0
3760,battery,2030,157,16,16,,-0.007770584075937582,0.0,0.0
3761,battery,2030,157,17,17,,-0.007770584075937582,0.0,0.0
3762,battery,2030,157,18,18,,-0.007770584075937582,0.0,0.0
3763,battery,2030,157,19,19,,-0.007770584075937582,0.0,0.0
3764,battery,2030,157,20,20,,-0.007770584075937582,0.0,0.0
3765,battery,2030,157,21,21,,-0.007770584075937582,0.0,0.0
3766,battery,2030,157,22,22,,-0.007770584075937582,0.0,0.0
3767,battery,2030,157,23,23,,-0.007770584075937582,0.0,0.0
3768,battery,2030,157,24,24,,0.0,0.0,0.0
3769,battery,2030,158,1,1,,-0.007232574088211209,0.0,0.0
3770,battery,2030,158,2,2,,-0.007232574088211209,0.0,0.0
3771,battery,2030,158,3,3,,-0.007232574088211209,0.0,0.0
3772,battery,2030,158,4,4,,-0.006527398114610616,0.0,0.0
3773,battery,2030,158,5,5,,-0.006527398114610616,0.0,0.0
3774,battery,2030,158,6,6,,-0.006527398114610616,-0.0026109592458442455,0.0
3775,battery,2030,158,7,7,,-0.009138357360454862,0.0,0.0
3776,battery,2030,158,8,8,,-0.009138357360454862,0.0,0.0
3777,battery,2030,158,9,9,,-0.009138357360454862,-0.15187540874442934,0.0
3778,battery,2030,158,10,10,,-0.16101376610488422,0.0,0.0
3779,battery,2030,158,11,11,,-0.16101376610488422,0.0,0.0
3780,battery,2030,158,12,12,,-0.16101376610488422,0.0,0.0
3781,battery,2030,158,13,13,,-0.16101376610488422,0.0,0.0
3782,battery,2030,158,14,14,,-0.0680283161793136,0.0,0.0
3783,battery,2030,158,15,15,,-0.01012560372349569,0.0,0.0
3784,battery,2030,158,16,16,,-0.01012560372349569,0.0,0.0
3785,battery,2030,158,17,17,,-0.009138357360454862,0.0,0.0
3786,battery,2030,158,18,18,,-0.007232574088211209,0.0,0.0
3787,battery,2030,158,19,19,,-0.007232574088211209,0.0,0.0
3788,battery,2030,158,20,20,,-0.006527398114610616,0.0,0.0
3789,battery,2030,158,21,21,,-0.006527398114610616,0.0,0.0
3790,battery,2030,158,22,22,,-0.006527398114610616,0.0,0.0
3791,battery,2030,158,23,23,,-0.006527398114610616,0.0,0.0
3792,battery,2030,158,24,24,,0.0,0.0,0.0
3793,battery,2030,159,1,1,,-0.012086612363116554,0.0,0.0
3794,battery,2030,159,2,2,,-0.012086612363116554,0.0,0.0
3795,battery,2030,159,3,3,,-0.010908167657712691,0.0,0.0
3796,battery,2030,159,4,4,,-0.010908167657712691,0.0,0.0
3797,battery,2030,159,5,5,,-0.010908167657712691,0.0,0.0
3798,battery,2030,159,6,6,,-0.010908167657712691,0.0,0.0
3799,battery,2030,159,7,7,,-0.010908167657712691,0.0,0.0
3800,battery,2030,159,8,8,,-0.010908167657712691,0.0,0.0
3801,battery,2030,159,9,9,,-0.010908167657712691,0.0,0.0
3802,battery,2030,159,10,10,,-0.010908167657712691,0.0,0.0
3803,battery,2030,159,11,11,,-0.010908167657712691,0.0,0.0
3804,battery,2030,159,12,12,,-0.010908167657712691,0.0,0.0
3805,battery,2030,159,13,13,,-0.010908167657712691,0.0,0.0
3806,battery,2030,159,14,14,,-0.010908167657712691,0.0,0.0
3807,battery,2030,159,15,15,,-0.010908167657712691,0.0,0.0
3808,battery,2030,159,16,16,,-0.010908167657712691,0.0,0.0
3809,battery,2030,159,17,17,,-0.010908167657712691,0.0,0.0
3810,battery,2030,159,18,18,,-0.010908167657712691,0.0,0.0
3811,battery,2030,159,19,19,,-0.010908167657712691,0.0,0.0
3812,battery,2030,159,20,20,,-0.010908167657712691,0.0,0.0
3813,battery,2030,159,21,21,,-0.010908167657712691,0.0,0.0
3814,battery,2030,159,22,22,,-0.010908167657712691,0.0,0.0
3815,battery,2030,159,23,23,,-0.010908167657712691,0.0,0.0
3816,battery,2030,159,24,24,,-0.010908167657712691,0.0,0.0
3817,battery,2030,160,1,1,,-0.02960995586209255,0.0,0.0
3818,battery,2030,160,2,2,,-0.026722985165538532,0.0,0.0
3819,battery,2030,160,3,3,,-0.026722985165538532,0.0,0.0
3820,battery,2030,160,4,4,,-0.026722985165538532,0.0,0.0
3821,battery,2030,160,5,5,,-0.026722985165538532,0.0,0.0
3822,battery,2030,160,6,6,,-0.026722985165538532,0.0,0.0
3823,battery,2030,160,7,7,,-0.026722985165538532,0.0,0.0
3824,battery,2030,160,8,8,,-0.026722985165538532,0.0,0.0
3825,battery,2030,160,9,9,,-0.026722985165538532,0.0,0.0
3826,battery,2030,160,10,10,,-0.026722985165538532,0.0,0.0
3827,battery,2030,160,11,11,,-0.026722985165538532,0.0,0.0
3828,battery,2030,160,12,12,,-0.026722985165538532,-0.3529184225998063,0.0
3829,battery,2030,160,13,13,,-0.37964140776534483,0.0,0.0
3830,battery,2030,160,14,14,,-0.37964140776534483,-0.5189181372413885,0.0
3831,battery,2030,160,15,15,,-0.8985595450067333,0.0,0.0
3832,battery,2030,160,16,16,,-0.8985595450067333,0.0,0.0
3833,battery,2030,160,17,17,,-0.8985595450067333,0.0,0.0
3834,battery,2030,160,18,18,,-0.8985595450067333,0.0,0.0
3835,battery,2030,160,19,19,,-0.8985595450067333,0.0,0.0
3836,battery,2030,160,20,20,,-0.8985595450067333,0.0,0.0
3837,battery,2030,160,21,21,,-0.8985595450067333,0.0,0.0
3838,battery,2030,160,22,22,,-0.8985595450067333,0.0,0.0
3839,battery,2030,160,23,23,,-0.37964140776534483,0.0,0.0
3840,battery,2030,160,24,24,,-0.03741217923175395,0.0,0.0
3841,battery,2030,161,1,1,,-0.005138360160262601,0.0,0.0
3842,battery,2030,161,2,2,,-0.005138360160262601,0.0,0.0
3843,battery,2030,161,3,3,,-0.005138360160262601,0.0,0.0
3844,battery,2030,161,4,4,,-0.005138360160262601,0.0,0.0
3845,battery,2030,161,5,5,,-0.005138360160262601,0.0,0.0
3846,battery,2030,161,6,6,,-0.005138360160262601,0.0,0.0
3847,battery,2030,161,7,7,,-0.005138360160262601,0.0,0.0
3848,battery,2030,161,8,8,,-0.005138360160262601,0.0,0.0
3849,battery,2030,161,9,9,,-0.005138360160262601,0.0,0.0
3850,battery,2030,161,10,10,,-0.005138360160262601,0.0,0.0
3851,battery,2030,161,11,11,,-0.005138360160262601,0.0,0.0
3852,battery,2030,161,12,12,,-0.005138360160262601,0.0,0.0
3853,battery,2030,161,13,13,,-0.005138360160262601,0.0,0.0
3854,battery,2030,161,14,14,,-0.005138360160262601,0.0,0.0
3855,battery,2030,161,15,15,,-0.005138360160262601,0.0,0.0
3856,battery,2030,161,16,16,,-0.005138360160262601,0.0,0.0
3857,battery,2030,161,17,17,,-0.005138360160262601,0.0,0.0
3858,battery,2030,161,18,18,,-0.005138360160262601,0.0,0.0
3859,battery,2030,161,19,19,,-0.005138360160262601,0.0,0.0
3860,battery,2030,161,20,20,,-0.005138360160262601,0.0,0.0
3861,battery,2030,161,21,21,,-0.005138360160262601,0.0,0.0
3862,battery,2030,161,22,22,,-0.005138360160262601,0.0,0.0
3863,battery,2030,161,23,23,,-0.005138360160262601,0.0,0.0
3864,battery,2030,161,24,24,,0.0,0.0,0.0
3865,battery,2030,162,1,1,,-0.016992351374132436,0.0,0.0
3866,battery,2030,162,2,2,,-0.016992351374132436,0.0,0.0
3867,battery,2030,162,3,3,,-0.015335597115154526,0.0,0.0
3868,battery,2030,162,4,4,,-0.015335597115154526,0.0,0.0
3869,battery,2030,162,5,5,,-0.015335597115154526,0.0,0.0
3870,battery,2030,162,6,6,,-0.015335597115154526,0.0,0.0
3871,battery,2030,162,7,7,,-0.015335597115154526,0.0,0.0
3872,battery,2030,162,8,8,,-0.015335597115154526,0.0,0.0
3873,battery,2030,162,9,9,,-0.015335597115154526,0.0,0.0
3874,battery,2030,162,10,10,,-0.015335597115154526,0.0,0.0
3875,battery,2030,162,11,11,,-0.015335597115154526,0.0,0.0
3876,battery,2030,162,12,12,,-0.015335597115154526,0.0,0.0
3877,battery,2030,162,13,13,,-0.015335597115154526,0.0,0.0
3878,battery,2030,162,14,14,,-0.015335597115154526,0.0,0.0
3879,battery,2030,162,15,15,,-0.015335597115154526,0.0,0.0
3880,battery,2030,162,16,16,,-0.015335597115154526,0.0,0.0
3881,battery,2030,162,17,17,,-0.015335597115154526,0.0,0.0
3882,battery,2030,162,18,18,,-0.015335597115154526,0.0,0.0
3883,battery,2030,162,19,19,,-0.015335597115154526,0.0,0.0
3884,battery,2030,162,20,20,,-0.015335597115154526,0.0,0.0
3885,battery,2030,162,21,21,,-0.015335597115154526,0.0,0.0
3886,battery,2030,162,22,22,,-0.015335597115154526,0.0,0.0
3887,battery,2030,162,23,23,,-0.015335597115154526,0.0,0.0
3888,battery,2030,162,24,24,,-0.015335597115154526,0.0,0.0
3889,battery,2030,163,1,1,,-0.03879724023967376,0.0,0.0
3890,battery,2030,163,2,2,,-0.03501450931630557,0.0,0.0
3891,battery,2030,163,3,3,,-0.03501450931630557,0.0,0.0
3892,battery,2030,163,4,4,,-0.03501450931630557,0.0,0.0
3893,battery,2030,163,5,5,,-0.03501450931630557,0.0,0.0
3894,battery,2030,163,6,6,,-0.03501450931630557,-0.014005803726522235,0.0
3895,battery,2030,163,7,7,,-0.04902031304282781,0.0,0.0
3896,battery,2030,163,8,8,,-0.04902031304282781,-1.1869545275675772,0.0
3897,battery,2030,163,9,9,,-1.235974840610405,0.0,0.0
3898,battery,2030,163,10,10,,-1.235974840610405,0.0,0.0
3899,battery,2030,163,11,11,,-1.235974840610405,0.0,0.0
3900,battery,2030,163,12,12,,-1.235974840610405,0.0,0.0
3901,battery,2030,163,13,13,,-1.235974840610405,0.0,0.0
3902,battery,2030,163,14,14,,-1.235974840610405,0.0,0.0
3903,battery,2030,163,15,15,,-0.04902031304282781,0.0,0.0
3904,battery,2030,163,16,16,,-0.03879724023967376,0.0,0.0
3905,battery,2030,163,17,17,,-0.03501450931630557,0.0,0.0
3906,battery,2030,163,18,18,,-0.03501450931630557,0.0,0.0
3907,battery,2030,163,19,19,,-0.03501450931630557,0.0,0.0
3908,battery,2030,163,20,20,,-0.03501450931630557,0.0,0.0
3909,battery,2030,163,21,21,,-0.03501450931630557,0.0,0.0
3910,battery,2030,163,22,22,,-0.03501450931630557,0.0,0.0
3911,battery,2030,163,23,23,,-0.03501450931630557,0.0,0.0
3912,battery,2030,163,24,24,,-0.03501450931630557,0.0,0.0
3913,battery,2030,164,1,1,,-0.013147261882055816,0.0,0.0
3914,battery,2030,164,2,2,,-0.013147261882055816,0.0,0.0
3915,battery,2030,164,3,3,,-0.011865403848555375,0.0,0.0
3916,battery,2030,164,4,4,,-0.011865403848555375,0.0,0.0
3917,battery,2030,164,5,5,,-0.011865403848555375,0.0,0.0
3918,battery,2030,164,6,6,,-0.011865403848555375,0.0,0.0
3919,battery,2030,164,7,7,,-0.011865403848555375,0.0,0.0
3920,battery,2030,164,8,8,,-0.011865403848555375,0.0,0.0
3921,battery,2030,164,9,9,,-0.011865403848555375,0.0,0.0
3922,battery,2030,164,10,10,,-0.011865403848555375,0.0,0.0
3923,battery,2030,164,11,11,,-0.011865403848555375,0.0,0.0
3924,battery,2030,164,12,12,,-0.011865403848555375,0.0,0.0
3925,battery,2030,164,13,13,,-0.011865403848555375,0.0,0.0
3926,battery,2030,164,14,14,,-0.011865403848555375,0.0,0.0
3927,battery,2030,164,15,15,,-0.011865403848555375,0.0,0.0
3928,battery,2030,164,16,16,,-0.011865403848555375,0.0,0.0
3929,battery,2030,164,17,17,,-0.011865403848555375,0.0,0.0
3930,battery,2030,164,18,18,,-0.011865403848555375,0.0,0.0
3931,battery,2030,164,19,19,,-0.011865403848555375,0.0,0.0
3932,battery,2030,164,20,20,,-0.011865403848555375,0.0,0.0
3933,battery,2030,164,21,21,,-0.011865403848555375,0.0,0.0
3934,battery,2030,164,22,22,,-0.011865403848555375,0.0,0.0
3935,battery,2030,164,23,23,,-0.011865403848555375,0.0,0.0
3936,battery,2030,164,24,24,,-0.011865403848555375,0.0,0.0
3937,battery,2030,165,1,1,,-0.006941805606854264,0.0,0.0
3938,battery,2030,165,2,2,,-0.006941805606854264,0.0,0.0
3939,battery,2030,165,3,3,,-0.006941805606854264,0.0,0.0
3940,battery,2030,165,4,4,,-0.006264979560185974,0.0,0.0
3941,battery,2030,165,5,5,,-0.006264979560185974,0.0,0.0
3942,battery,2030,165,6,6,,-0.006264979560185974,0.0,0.0
3943,battery,2030,165,7,7,,-0.006264979560185974,0.0,0.0
3944,battery,2030,165,8,8,,-0.006264979560185974,0.0,0.0
3945,battery,2030,165,9,9,,-0.006264979560185974,0.0,0.0
3946,battery,2030,165,10,10,,-0.006264979560185974,0.0,0.0
3947,battery,2030,165,11,11,,-0.006264979560185974,0.0,0.0
3948,battery,2030,165,12,12,,-0.006264979560185974,0.0,0.0
3949,battery,2030,165,13,13,,-0.006264979560185974,0.0,0.0
3950,battery,2030,165,14,14,,-0.006264979560185974,0.0,0.0
3951,battery,2030,165,15,15,,-0.006264979560185974,0.0,0.0
3952,battery,2030,165,16,16,,-0.006264979560185974,0.0,0.0
3953,battery,2030,165,17,17,,-0.006264979560185974,0.0,0.0
3954,battery,2030,165,18,18,,-0.006264979560185974,0.0,0.0
3955,battery,2030,165,19,19,,-0.006264979560185974,0.0,0.0
3956,battery,2030,165,20,20,,-0.006264979560185974,0.0,0.0
3957,battery,2030,165,21,21,,-0.006264979560185974,0.0,0.0
3958,battery,2030,165,22,22,,-0.006264979560185974,0.0,0.0
3959,battery,2030,165,23,23,,-0.006264979560185974,0.0,0.0
3960,battery,2030,165,24,24,,0.0,0.0,0.0
3961,battery,2030,166,1,1,,-0.3190944426586549,0.0,0.0
3962,battery,2030,166,2,2,,-0.28798273449943607,0.0,0.0
3963,battery,2030,166,3,3,,-0.28798273449943607,0.0,0.0
3964,battery,2030,166,4,4,,-0.12167270532601175,0.0,0.0
3965,battery,2030,166,5,5,,-0.015128201535305735,0.0,0.0
3966,battery,2030,166,6,6,,-0.011973250126874344,0.0,0.0
3967,battery,2030,166,7,7,,-0.011973250126874344,0.0,0.0
3968,battery,2030,166,8,8,,-0.010805858239504097,0.0,0.0
3969,battery,2030,166,9,9,,-0.010805858239504097,0.0,0.0
3970,battery,2030,166,10,10,,-0.010805858239504097,0.0,0.0
3971,battery,2030,166,11,11,,-0.010805858239504097,0.0,0.0
3972,battery,2030,166,12,12,,-0.010805858239504097,0.0,0.0
3973,battery,2030,166,13,13,,-0.010805858239504097,0.0,0.0
3974,battery,2030,166,14,14,,-0.010805858239504097,0.0,0.0
3975,battery,2030,166,15,15,,-0.010805858239504097,0.0,0.0
3976,battery,2030,166,16,16,,-0.010805858239504097,0.0,0.0
3977,battery,2030,166,17,17,,-0.010805858239504097,0.0,0.0
3978,battery,2030,166,18,18,,-0.010805858239504097,0.0,0.0
3979,battery,2030,166,19,19,,-0.010805858239504097,0.0,0.0
3980,battery,2030,166,20,20,,-0.010805858239504097,0.0,0.0
3981,battery,2030,166,21,21,,-0.010805858239504097,0.0,0.0
3982,battery,2030,166,22,22,,-0.010805858239504097,0.0,0.0
3983,battery,2030,166,23,23,,-0.010805858239504097,0.0,0.0
3984,battery,2030,166,24,24,,-0.010805858239504097,0.0,0.0
3985,battery,2030,167,1,1,,-0.01304494416773862,0.0,0.0
3986,battery,2030,167,2,2,,-0.01304494416773862,0.0,0.0
3987,battery,2030,167,3,3,,-0.011773062111384104,0.0,0.0
3988,battery,2030,167,4,4,,-0.011773062111384104,0.0,0.0
3989,battery,2030,167,5,5,,-0.011773062111384104,0.0,0.0
3990,battery,2030,167,6,6,,-0.011773062111384104,0.0,0.0
3991,battery,2030,167,7,7,,-0.011773062111384104,0.0,0.0
3992,battery,2030,167,8,8,,-0.011773062111384104,0.0,0.0
3993,battery,2030,167,9,9,,-0.011773062111384104,0.0,0.0
3994,battery,2030,167,10,10,,-0.011773062111384104,0.0,0.0
3995,battery,2030,167,11,11,,-0.011773062111384104,0.0,0.0
3996,battery,2030,167,12,12,,-0.011773062111384104,0.0,0.0
3997,battery,2030,167,13,13,,-0.011773062111384104,0.0,0.0
3998,battery,2030,167,14,14,,-0.011773062111384104,0.0,0.0
3999,battery,2030,167,15,15,,-0.011773062111384104,0.0,0.0
4000,battery,2030,167,16,16,,-0.011773062111384104,-0.16033551472867913,0.0
4001,battery,2030,167,17,17,,-0.17210857684006323,0.0,0.0
4002,battery,2030,167,18,18,,-0.17210857684006323,0.0,0.0
4003,battery,2030,167,19,19,,-0.17210857684006323,-0.235249001479613,0.0
4004,battery,2030,167,20,20,,-0.40735757831967623,0.0,0.0
4005,battery,2030,167,21,21,,-0.40735757831967623,0.0,0.0
4006,battery,2030,167,22,22,,-0.40735757831967623,0.0,0.0
4007,battery,2030,167,23,23,,-0.018262921834834064,0.0,0.0
4008,battery,2030,167,24,24,,0.0,0.0,0.0
4009,battery,2030,168,1,1,,-0.007135123805358909,0.0,0.0
4010,battery,2030,168,2,2,,-0.007135123805358909,0.0,0.0
4011,battery,2030,168,3,3,,-0.007135123805358909,0.0,0.0
4012,battery,2030,168,4,4,,-0.007135123805358909,0.0,0.0
4013,battery,2030,168,5,5,,-0.007135123805358909,0.0,0.0
4014,battery,2030,168,6,6,,-0.007135123805358909,0.0,0.0
4015,battery,2030,168,7,7,,-0.007135123805358909,0.0,0.0
4016,battery,2030,168,8,8,,-0.007135123805358909,0.0,0.0
4017,battery,2030,168,9,9,,-0.007135123805358909,0.0,0.0
4018,battery,2030,168,10,10,,-0.007135123805358909,0.0,0.0
4019,battery,2030,168,11,11,,-0.007135123805358909,0.0,0.0
4020,battery,2030,168,12,12,,-0.007135123805358909,0.0,0.0
4021,battery,2030,168,13,13,,-0.007135123805358909,0.0,0.0
4022,battery,2030,168,14,14,,-0.007135123805358909,0.0,0.0
4023,battery,2030,168,15,15,,-0.007135123805358909,0.0,0.0
4024,battery,2030,168,16,16,,-0.007135123805358909,0.0,0.0
4025,battery,2030,168,17,17,,-0.007135123805358909,0.0,0.0
4026,battery,2030,168,18,18,,-0.007135123805358909,0.0,0.0
4027,battery,2030,168,19,19,,-0.007135123805358909,0.0,0.0
4028,battery,2030,168,20,20,,-0.007135123805358909,0.0,0.0
4029,battery,2030,168,21,21,,-0.007135123805358909,0.0,0.0
4030,battery,2030,168,22,22,,-0.007135123805358909,0.0,0.0
4031,battery,2030,168,23,23,,-0.007135123805358909,0.0,0.0
4032,battery,2030,168,24,24,,0.0,0.0,0.0
4033,battery,2030,169,1,1,,-0.045916823711709756,0.0,0.0
4034,battery,2030,169,2,2,,-0.04143993339981806,0.0,0.0
4035,battery,2030,169,3,3,,-0.04143993339981806,0.0,0.0
4036,battery,2030,169,4,4,,-0.04143993339981806,0.0,0.0
4037,battery,2030,169,5,5,,-0.04143993339981806,0.0,0.0
4038,battery,2030,169,6,6,,-0.04143993339981806,0.0,0.0
4039,battery,2030,169,7,7,,-0.04143993339981806,0.0,0.0
4040,battery,2030,169,8,8,,-0.04143993339981806,0.0,0.0
4041,battery,2030,169,9,9,,-0.04143993339981806,0.0,0.0
4042,battery,2030,169,10,10,,-0.04143993339981806,0.0,0.0
4043,battery,2030,169,11,11,,-0.04143993339981806,0.0,0.0
4044,battery,2030,169,12,12,,-0.04143993339981806,0.0,0.0
4045,battery,2030,169,13,13,,-0.04143993339981806,0.0,0.0
4046,battery,2030,169,14,14,,-0.04143993339981806,0.0,0.0
4047,battery,2030,169,15,15,,-0.04143993339981806,0.0,0.0
4048,battery,2030,169,16,16,,-0.04143993339981806,0.0,0.0
4049,battery,2030,169,17,17,,-0.04143993339981806,0.0,0.0
4050,battery,2030,169,18,18,,-0.04143993339981806,0.0,0.0
4051,battery,2030,169,19,19,,-0.04143993339981806,0.0,0.0
4052,battery,2030,169,20,20,,-0.04143993339981806,0.0,0.0
4053,battery,2030,169,21,21,,-0.04143993339981806,0.0,0.0
4054,battery,2030,169,22,22,,-0.04143993339981806,0.0,0.0
4055,battery,2030,169,23,23,,-0.04143993339981806,0.0,0.0
4056,battery,2030,169,24,24,,-0.04143993339981806,0.0,0.0
4057,battery,2030,170,1,1,,-0.023479933006914977,0.0,0.0
4058,battery,2030,170,2,2,,-0.02119063953874077,0.0,0.0
4059,battery,2030,170,3,3,,-0.02119063953874077,0.0,0.0
4060,battery,2030,170,4,4,,-0.02119063953874077,0.0,0.0
4061,battery,2030,170,5,5,,-0.02119063953874077,0.0,0.0
4062,battery,2030,170,6,6,,-0.02119063953874077,0.0,0.0
4063,battery,2030,170,7,7,,-0.02119063953874077,0.0,0.0
4064,battery,2030,170,8,8,,-0.02119063953874077,0.0,0.0
4065,battery,2030,170,9,9,,-0.02119063953874077,0.0,0.0
4066,battery,2030,170,10,10,,-0.02119063953874077,0.0,0.0
4067,battery,2030,170,11,11,,-0.02119063953874077,0.0,0.0
4068,battery,2030,170,12,12,,-0.02119063953874077,0.0,0.0
4069,battery,2030,170,13,13,,-0.02119063953874077,0.0,0.0
4070,battery,2030,170,14,14,,-0.02119063953874077,0.0,0.0
4071,battery,2030,170,15,15,,-0.02119063953874077,0.0,0.0
4072,battery,2030,170,16,16,,-0.02119063953874077,0.0,0.0
4073,battery,2030,170,17,17,,-0.02119063953874077,0.0,0.0
4074,battery,2030,170,18,18,,-0.02119063953874077,0.0,0.0
4075,battery,2030,170,19,19,,-0.02119063953874077,0.0,0.0
4076,battery,2030,170,20,20,,-0.02119063953874077,0.0,0.0
4077,battery,2030,170,21,21,,-0.02119063953874077,0.0,0.0
4078,battery,2030,170,22,22,,-0.02119063953874077,0.0,0.0
4079,battery,2030,170,23,23,,-0.02119063953874077,0.0,0.0
4080,battery,2030,170,24,24,,-0.02119063953874077,0.0,0.0
4081,battery,2030,171,1,1,,-0.025849166440135674,0.0,0.0
4082,battery,2030,171,2,2,,-0.023328872712222448,0.0,0.0
4083,battery,2030,171,3,3,,-0.023328872712222448,0.0,0.0
4084,battery,2030,171,4,4,,-0.023328872712222448,0.0,0.0
4085,battery,2030,171,5,5,,-0.023328872712222448,0.0,0.0
4086,battery,2030,171,6,6,,-0.023328872712222448,0.0,0.0
4087,battery,2030,171,7,7,,-0.023328872712222448,0.0,0.0
4088,battery,2030,171,8,8,,-0.023328872712222448,0.0,0.0
4089,battery,2030,171,9,9,,-0.023328872712222448,0.0,0.0
4090,battery,2030,171,10,10,,-0.023328872712222448,0.0,0.0
4091,battery,2030,171,11,11,,-0.023328872712222448,0.0,0.0
4092,battery,2030,171,12,12,,-0.023328872712222448,0.0,0.0
4093,battery,2030,171,13,13,,-0.023328872712222448,0.0,0.0
4094,battery,2030,171,14,14,,-0.023328872712222448,0.0,0.0
4095,battery,2030,171,15,15,,-0.023328872712222448,0.0,0.0
4096,battery,2030,171,16,16,,-0.023328872712222448,0.0,0.0
4097,battery,2030,171,17,17,,-0.023328872712222448,0.0,0.0
4098,battery,2030,171,18,18,,-0.023328872712222448,0.0,0.0
4099,battery,2030,171,19,19,,-0.023328872712222448,0.0,0.0
4100,battery,2030,171,20,20,,-0.023328872712222448,0.0,0.0
4101,battery,2030,171,21,21,,-0.023328872712222448,0.0,0.0
4102,battery,2030,171,22,22,,-0.023328872712222448,0.0,0.0
4103,battery,2030,171,23,23,,-0.023328872712222448,0.0,0.0
4104,battery,2030,171,24,24,,-0.023328872712222448,0.0,0.0
4105,battery,2030,172,1,1,,-0.009926934600744609,0.0,0.0
4106,battery,2030,172,2,2,,-0.009926934600744609,0.0,0.0
4107,battery,2030,172,3,3,,-0.008959058477172011,0.0,0.0
4108,battery,2030,172,4,4,,-0.008959058477172011,0.0,0.0
4109,battery,2030,172,5,5,,-0.008959058477172011,0.0,0.0
4110,battery,2030,172,6,6,,-0.008959058477172011,0.0,0.0
4111,battery,2030,172,7,7,,-0.008959058477172011,0.0,0.0
4112,battery,2030,172,8,8,,-0.008959058477172011,0.0,0.0
4113,battery,2030,172,9,9,,-0.008959058477172011,-0.0008304551963210661,0.0
4114,battery,2030,172,10,10,,-0.009789513673493077,0.0,0.0
4115,battery,2030,172,11,11,,-0.009789513673493077,0.0,0.0
4116,battery,2030,172,12,12,,-0.009789513673493077,0.0,0.0
4117,battery,2030,172,13,13,,-0.009789513673493077,0.0,0.0
4118,battery,2030,172,14,14,,-0.009789513673493077,0.0,0.0
4119,battery,2030,172,15,15,,-0.009789513673493077,0.0,0.0
4120,battery,2030,172,16,16,,-0.009789513673493077,0.0,0.0
4121,battery,2030,172,17,17,,-0.009789513673493077,0.0,0.0
4122,battery,2030,172,18,18,,-0.009789513673493077,0.0,0.0
4123,battery,2030,172,19,19,,-0.009789513673493077,0.0,0.0
4124,battery,2030,172,20,20,,-0.009789513673493077,0.0,0.0
4125,battery,2030,172,21,21,,-0.009789513673493077,0.0,0.0
4126,battery,2030,172,22,22,,-0.009789513673493077,0.0,0.0
4127,battery,2030,172,23,23,,-0.009789513673493077,0.0,0.0
4128,battery,2030,172,24,24,,-0.009789513673493077,0.0,0.0
4129,battery,2030,173,1,1,,-0.020483355897872237,0.0,0.0
4130,battery,2030,173,2,2,,-0.020483355897872237,0.0,0.0
4131,battery,2030,173,3,3,,-0.018486228697829694,0.0,0.0
4132,battery,2030,173,4,4,,-0.018486228697829694,0.0,0.0
4133,battery,2030,173,5,5,,-0.018486228697829694,0.0,0.0
4134,battery,2030,173,6,6,,-0.018486228697829694,0.0,0.0
4135,battery,2030,173,7,7,,-0.018486228697829694,-0.0017135712108152616,0.0
4136,battery,2030,173,8,8,,-0.020199799908644955,0.0,0.0
4137,battery,2030,173,9,9,,-0.020199799908644955,0.0,0.0
4138,battery,2030,173,10,10,,-0.020199799908644955,0.0,0.0
4139,battery,2030,173,11,11,,-0.020199799908644955,0.0,0.0
4140,battery,2030,173,12,12,,-0.020199799908644955,0.0,0.0
4141,battery,2030,173,13,13,,-0.020199799908644955,0.0,0.0
4142,battery,2030,173,14,14,,-0.020199799908644955,0.0,0.0
4143,battery,2030,173,15,15,,-0.020199799908644955,0.0,0.0
4144,battery,2030,173,16,16,,-0.020199799908644955,0.0,0.0
4145,battery,2030,173,17,17,,-0.020199799908644955,0.0,0.0
4146,battery,2030,173,18,18,,-0.018486228697829694,0.0,0.0
4147,battery,2030,173,19,19,,-0.018486228697829694,0.0,0.0
4148,battery,2030,173,20,20,,-0.018486228697829694,0.0,0.0
4149,battery,2030,173,21,21,,-0.018486228697829694,0.0,0.0
4150,battery,2030,173,22,22,,-0.018486228697829694,0.0,0.0
4151,battery,2030,173,23,23,,-0.018486228697829694,0.0,0.0
4152,battery,2030,173,24,24,,-0.018486228697829694,0.0,0.0
4153,battery,2030,174,1,1,,-0.023082546454316795,0.0,0.0
4154,battery,2030,174,2,2,,-0.020831998175020912,0.0,0.0
4155,battery,2030,174,3,3,,-0.020831998175020912,0.0,0.0
4156,battery,2030,174,4,4,,-0.020831998175020912,0.0,0.0
4157,battery,2030,174,5,5,,-0.020831998175020912,0.0,0.0
4158,battery,2030,174,6,6,,-0.020831998175020912,0.0,0.0
4159,battery,2030,174,7,7,,-0.020831998175020912,0.0,0.0
4160,battery,2030,174,8,8,,-0.020831998175020912,0.0,0.0
4161,battery,2030,174,9,9,,-0.020831998175020912,0.0,0.0
4162,battery,2030,174,10,10,,-0.020831998175020912,0.0,0.0
4163,battery,2030,174,11,11,,-0.020831998175020912,0.0,0.0
4164,battery,2030,174,12,12,,-0.020831998175020912,0.0,0.0
4165,battery,2030,174,13,13,,-0.020831998175020912,0.0,0.0
4166,battery,2030,174,14,14,,-0.020831998175020912,0.0,0.0
4167,battery,2030,174,15,15,,-0.020831998175020912,0.0,0.0
4168,battery,2030,174,16,16,,-0.020831998175020912,0.0,0.0
4169,battery,2030,174,17,17,,-0.020831998175020912,0.0,0.0
4170,battery,2030,174,18,18,,-0.020831998175020912,0.0,0.0
4171,battery,2030,174,19,19,,-0.020831998175020912,0.0,0.0
4172,battery,2030,174,20,20,,-0.020831998175020912,0.0,0.0
4173,battery,2030,174,21,21,,-0.020831998175020912,0.0,0.0
4174,battery,2030,174,22,22,,-0.020831998175020912,0.0,0.0
4175,battery,2030,174,23,23,,-0.020831998175020912,0.0,0.0
4176,battery,2030,174,24,24,,-0.020831998175020912,0.0,0.0
4177,battery,2030,175,1,1,,-0.031718321415605856,0.0,0.0
4178,battery,2030,175,2,2,,-0.028625785077584287,0.0,0.0
4179,battery,2030,175,3,3,,-0.028625785077584287,0.0,0.0
4180,battery,2030,175,4,4,,-0.028625785077584287,0.0,0.0
4181,battery,2030,175,5,5,,-0.028625785077584287,0.0,0.0
4182,battery,2030,175,6,6,,-0.028625785077584287,0.0,0.0
4183,battery,2030,175,7,7,,-0.028625785077584287,0.0,0.0
4184,battery,2030,175,8,8,,-0.028625785077584287,0.0,0.0
4185,battery,2030,175,9,9,,-0.028625785077584287,0.0,0.0
4186,battery,2030,175,10,10,,-0.028625785077584287,-0.0026534520370665032,0.0
4187,battery,2030,175,11,11,,-0.03127923711465079,0.0,0.0
4188,battery,2030,175,12,12,,-0.03127923711465079,0.0,0.0
4189,battery,2030,175,13,13,,-0.03127923711465079,0.0,0.0
4190,battery,2030,175,14,14,,-0.03127923711465079,0.0,0.0
4191,battery,2030,175,15,15,,-0.03127923711465079,0.0,0.0
4192,battery,2030,175,16,16,,-0.03127923711465079,0.0,0.0
4193,battery,2030,175,17,17,,-0.03127923711465079,0.0,0.0
4194,battery,2030,175,18,18,,-0.03127923711465079,0.0,0.0
4195,battery,2030,175,19,19,,-0.03127923711465079,0.0,0.0
4196,battery,2030,175,20,20,,-0.03127923711465079,0.0,0.0
4197,battery,2030,175,21,21,,-0.03127923711465079,0.0,0.0
4198,battery,2030,175,22,22,,-0.03127923711465079,0.0,0.0
4199,battery,2030,175,23,23,,-0.03127923711465079,0.0,0.0
4200,battery,2030,175,24,24,,-0.028625785077584287,0.0,0.0
4201,battery,2030,176,1,1,,-0.013619785580389373,0.0,0.0
4202,battery,2030,176,2,2,,-0.013619785580389373,0.0,0.0
4203,battery,2030,176,3,3,,-0.012291856486301411,0.0,0.0
4204,battery,2030,176,4,4,,-0.012291856486301411,0.0,0.0
4205,battery,2030,176,5,5,,-0.012291856486301411,0.0,0.0
4206,battery,2030,176,6,6,,-0.012291856486301411,0.0,0.0
4207,battery,2030,176,7,7,,-0.012291856486301411,0.0,0.0
4208,battery,2030,176,8,8,,-0.012291856486301411,-0.001139387148492415,0.0
4209,battery,2030,176,9,9,,-0.013431243634793826,0.0,0.0
4210,battery,2030,176,10,10,,-0.013431243634793826,0.0,0.0
4211,battery,2030,176,11,11,,-0.013431243634793826,0.0,0.0
4212,battery,2030,176,12,12,,-0.013431243634793826,0.0,0.0
4213,battery,2030,176,13,13,,-0.013431243634793826,0.0,0.0
4214,battery,2030,176,14,14,,-0.013431243634793826,0.0,0.0
4215,battery,2030,176,15,15,,-0.013431243634793826,0.0,0.0
4216,battery,2030,176,16,16,,-0.013431243634793826,0.0,0.0
4217,battery,2030,176,17,17,,-0.013431243634793826,0.0,0.0
4218,battery,2030,176,18,18,,-0.013431243634793826,0.0,0.0
4219,battery,2030,176,19,19,,-0.013431243634793826,0.0,0.0
4220,battery,2030,176,20,20,,-0.013431243634793826,0.0,0.0
4221,battery,2030,176,21,21,,-0.013431243634793826,0.0,0.0
4222,battery,2030,176,22,22,,-0.013431243634793826,0.0,0.0
4223,battery,2030,176,23,23,,-0.013431243634793826,0.0,0.0
4224,battery,2030,176,24,24,,-0.013431243634793826,0.0,0.0
4225,battery,2030,177,1,1,,-0.005629475239833351,0.0,0.0
4226,battery,2030,177,2,2,,-0.005629475239833351,0.0,0.0
4227,battery,2030,177,3,3,,-0.005629475239833351,0.0,0.0
4228,battery,2030,177,4,4,,-0.0050806014039496,0.0,0.0
4229,battery,2030,177,5,5,,-0.0050806014039496,0.0,0.0
4230,battery,2030,177,6,6,,-0.0050806014039496,0.0,0.0
4231,battery,2030,177,7,7,,-0.0050806014039496,0.0,0.0
4232,battery,2030,177,8,8,,-0.0050806014039496,0.0,0.0
4233,battery,2030,177,9,9,,-0.0050806014039496,0.0,0.0
4234,battery,2030,177,10,10,,-0.0050806014039496,0.0,0.0
4235,battery,2030,177,11,11,,-0.0050806014039496,-0.0004709436652407988,0.0
4236,battery,2030,177,12,12,,-0.005551545069190399,0.0,0.0
4237,battery,2030,177,13,13,,-0.005551545069190399,0.0,0.0
4238,battery,2030,177,14,14,,-0.005551545069190399,0.0,0.0
4239,battery,2030,177,15,15,,-0.005551545069190399,0.0,0.0
4240,battery,2030,177,16,16,,-0.0050806014039496,0.0,0.0
4241,battery,2030,177,17,17,,-0.0050806014039496,0.0,0.0
4242,battery,2030,177,18,18,,-0.0050806014039496,0.0,0.0
4243,battery,2030,177,19,19,,-0.0050806014039496,0.0,0.0
4244,battery,2030,177,20,20,,-0.0050806014039496,0.0,0.0
4245,battery,2030,177,21,21,,-0.0050806014039496,0.0,0.0
4246,battery,2030,177,22,22,,-0.0050806014039496,0.0,0.0
4247,battery,2030,177,23,23,,-0.0050806014039496,0.0,0.0
4248,battery,2030,177,24,24,,0.0,0.0,0.0
4249,battery,2030,178,1,1,,-0.018126095910951868,0.0,0.0
4250,battery,2030,178,2,2,,-0.018126095910951868,0.0,0.0
4251,battery,2030,178,3,3,,-0.01635880155963406,0.0,0.0
4252,battery,2030,178,4,4,,-0.01635880155963406,0.0,0.0
4253,battery,2030,178,5,5,,-0.01635880155963406,0.0,0.0
4254,battery,2030,178,6,6,,-0.01635880155963406,0.0,0.0
4255,battery,2030,178,7,7,,-0.01635880155963406,0.0,0.0
4256,battery,2030,178,8,8,,-0.01635880155963406,-0.001516370475245693,0.0
4257,battery,2030,178,9,9,,-0.017875172034879754,0.0,0.0
4258,battery,2030,178,10,10,,-0.017875172034879754,0.0,0.0
4259,battery,2030,178,11,11,,-0.017875172034879754,0.0,0.0
4260,battery,2030,178,12,12,,-0.017875172034879754,0.0,0.0
4261,battery,2030,178,13,13,,-0.017875172034879754,0.0,0.0
4262,battery,2030,178,14,14,,-0.017875172034879754,0.0,0.0
4263,battery,2030,178,15,15,,-0.017875172034879754,0.0,0.0
4264,battery,2030,178,16,16,,-0.017875172034879754,0.0,0.0
4265,battery,2030,178,17,17,,-0.01635880155963406,0.0,0.0
4266,battery,2030,178,18,18,,-0.01635880155963406,0.0,0.0
4267,battery,2030,178,19,19,,-0.01635880155963406,0.0,0.0
4268,battery,2030,178,20,20,,-0.01635880155963406,0.0,0.0
4269,battery,2030,178,21,21,,-0.01635880155963406,0.0,0.0
4270,battery,2030,178,22,22,,-0.01635880155963406,0.0,0.0
4271,battery,2030,178,23,23,,-0.01635880155963406,0.0,0.0
4272,battery,2030,178,24,24,,-0.01635880155963406,0.0,0.0
4273,battery,2030,179,1,1,,-0.0048737908045771074,0.0,0.0
4274,battery,2030,179,2,2,,-0.0048737908045771074,0.0,0.0
4275,battery,2030,179,3,3,,-0.0048737908045771074,0.0,0.0
4276,battery,2030,179,4,4,,-0.0048737908045771074,0.0,0.0
4277,battery,2030,179,5,5,,-0.0043985962011308406,0.0,0.0
4278,battery,2030,179,6,6,,-0.0043985962011308406,-0.0004077255529757696,0.0
4279,battery,2030,179,7,7,,-0.00480632175410661,0.0,0.0
4280,battery,2030,179,8,8,,-0.00480632175410661,0.0,0.0
4281,battery,2030,179,9,9,,-0.00480632175410661,0.0,0.0
4282,battery,2030,179,10,10,,-0.00480632175410661,0.0,0.0
4283,battery,2030,179,11,11,,-0.00480632175410661,0.0,0.0
4284,battery,2030,179,12,12,,-0.00480632175410661,0.0,0.0
4285,battery,2030,179,13,13,,-0.00480632175410661,0.0,0.0
4286,battery,2030,179,14,14,,-0.00480632175410661,0.0,0.0
4287,battery,2030,179,15,15,,-0.00480632175410661,0.0,0.0
4288,battery,2030,179,16,16,,-0.00480632175410661,0.0,0.0
4289,battery,2030,179,17,17,,-0.00480632175410661,0.0,0.0
4290,battery,2030,179,18,18,,-0.00480632175410661,0.0,0.0
4291,battery,2030,179,19,19,,-0.00480632175410661,0.0,0.0
4292,battery,2030,179,20,20,,-0.00480632175410661,0.0,0.0
4293,battery,2030,179,21,21,,-0.00480632175410661,0.0,0.0
4294,battery,2030,179,22,22,,-0.00480632175410661,0.0,0.0
4295,battery,2030,179,23,23,,-0.00480632175410661,0.0,0.0
4296,battery,2030,179,24,24,,0.0,0.0,0.0
4297,battery,2030,180,1,1,,-0.012760568977184401,0.0,0.0
4298,battery,2030,180,2,2,,-0.012760568977184401,0.0,0.0
4299,battery,2030,180,3,3,,-0.011516413501908924,0.0,0.0
4300,battery,2030,180,4,4,,-0.011516413501908924,0.0,0.0
4301,battery,2030,180,5,5,,-0.011516413501908924,0.0,0.0
4302,battery,2030,180,6,6,,-0.011516413501908924,0.0,0.0
4303,battery,2030,180,7,7,,-0.011516413501908924,0.0,0.0
4304,battery,2030,180,8,8,,-0.011516413501908924,-0.0010675078703874293,0.0
4305,battery,2030,180,9,9,,-0.012583921372296353,0.0,0.0
4306,battery,2030,180,10,10,,-0.012583921372296353,0.0,0.0
4307,battery,2030,180,11,11,,-0.012583921372296353,0.0,0.0
4308,battery,2030,180,12,12,,-0.012583921372296353,0.0,0.0
4309,battery,2030,180,13,13,,-0.012583921372296353,0.0,0.0
4310,battery,2030,180,14,14,,-0.012583921372296353,0.0,0.0
4311,battery,2030,180,15,15,,-0.012583921372296353,0.0,0.0
4312,battery,2030,180,16,16,,-0.012583921372296353,0.0,0.0
4313,battery,2030,180,17,17,,-0.012583921372296353,0.0,0.0
4314,battery,2030,180,18,18,,-0.012583921372296353,0.0,0.0
4315,battery,2030,180,19,19,,-0.012583921372296353,0.0,0.0
4316,battery,2030,180,20,20,,-0.012583921372296353,0.0,0.0
4317,battery,2030,180,21,21,,-0.012583921372296353,0.0,0.0
4318,battery,2030,180,22,22,,-0.012583921372296353,0.0,0.0
4319,battery,2030,180,23,23,,-0.012583921372296353,0.0,0.0
4320,battery,2030,180,24,24,,-0.011516413501908924,0.0,0.0
4321,battery,2030,181,1,1,,-0.006789611426241878,0.0,0.0
4322,battery,2030,181,2,2,,-0.006213641232217769,0.0,0.0
4323,battery,2030,181,3,3,,-0.006213641232217769,0.0,0.0
4324,battery,2030,181,4,4,,-0.005607811212076538,0.0,0.0
4325,battery,2030,181,5,5,,-0.005607811212076538,0.0,0.0
4326,battery,2030,181,6,6,,-0.005607811212076538,0.0,0.0
4327,battery,2030,181,7,7,,-0.005607811212076538,0.0,0.0
4328,battery,2030,181,8,8,,-0.005607811212076538,0.0,0.0
4329,battery,2030,181,9,9,,-0.005607811212076538,0.0,0.0
4330,battery,2030,181,10,10,,-0.005607811212076538,0.0,0.0
4331,battery,2030,181,11,11,,-0.005607811212076538,0.0,0.0
4332,battery,2030,181,12,12,,-0.005607811212076538,0.0,0.0
4333,battery,2030,181,13,13,,-0.005607811212076538,0.0,0.0
4334,battery,2030,181,14,14,,-0.005607811212076538,0.0,0.0
4335,battery,2030,181,15,15,,-0.005607811212076538,0.0,0.0
4336,battery,2030,181,16,16,,-0.005607811212076538,-0.000519813100106758,0.0
4337,battery,2030,181,17,17,,-0.006127624312183296,0.0,0.0
4338,battery,2030,181,18,18,,-0.006127624312183296,0.0,0.0
4339,battery,2030,181,19,19,,-0.006127624312183296,0.0,0.0
4340,battery,2030,181,20,20,,-0.006127624312183296,0.0,0.0
4341,battery,2030,181,21,21,,-0.006127624312183296,0.0,0.0
4342,battery,2030,181,22,22,,-0.006127624312183296,0.0,0.0
4343,battery,2030,181,23,23,,-0.006127624312183296,0.0,0.0
4344,battery,2030,181,24,24,,0.0,0.0,0.0
4345,battery,2030,182,1,1,,-0.006136730978962583,0.0,0.0
4346,battery,2030,182,2,2,,-0.006136730978962583,0.0,0.0
4347,battery,2030,182,3,3,,-0.0055383997085137315,0.0,0.0
4348,battery,2030,182,4,4,,-0.0055383997085137315,0.0,0.0
4349,battery,2030,182,5,5,,-0.0028400649879792563,0.0,0.0
4350,battery,2030,182,6,6,,-0.0028400649879792563,-0.002698334720534475,0.0
4351,battery,2030,182,7,7,,-0.0055383997085137315,0.0,0.0
4352,battery,2030,182,8,8,,-0.0055383997085137315,0.0,0.0
4353,battery,2030,182,9,9,,-0.0055383997085137315,0.0,0.0
4354,battery,2030,182,10,10,,-0.0055383997085137315,0.0,0.0
4355,battery,2030,182,11,11,,-0.0055383997085137315,0.0,0.0
4356,battery,2030,182,12,12,,-0.0055383997085137315,0.0,0.0
4357,battery,2030,182,13,13,,-0.0055383997085137315,0.0,0.0
4358,battery,2030,182,14,14,,-0.0055383997085137315,0.0,0.0
4359,battery,2030,182,15,15,,-0.0055383997085137315,0.0,0.0
4360,battery,2030,182,16,16,,-0.0055383997085137315,0.0,0.0
4361,battery,2030,182,17,17,,-0.0055383997085137315,0.0,0.0
4362,battery,2030,182,18,18,,-0.0055383997085137315,-0.0005133790374242699,0.0
4363,battery,2030,182,19,19,,-0.006051778745938001,0.0,0.0
4364,battery,2030,182,20,20,,-0.006051778745938001,0.0,0.0
4365,battery,2030,182,21,21,,-0.006051778745938001,0.0,0.0
4366,battery,2030,182,22,22,,-0.006051778745938001,0.0,0.0
4367,battery,2030,182,23,23,,-0.0055383997085137315,0.0,0.0
4368,battery,2030,182,24,24,,0.0,0.0,0.0
4369,battery,2030,183,1,1,,-0.01769775454657952,0.0,0.0
4370,battery,2030,183,2,2,,-0.01769775454657952,0.0,0.0
4371,battery,2030,183,3,3,,-0.015972223478288018,0.0,0.0
4372,battery,2030,183,4,4,,-0.015972223478288018,0.0,0.0
4373,battery,2030,183,5,5,,-0.015972223478288018,0.0,0.0
4374,battery,2030,183,6,6,,-0.015972223478288018,0.0,0.0
4375,battery,2030,183,7,7,,-0.015972223478288018,0.0,0.0
4376,battery,2030,183,8,8,,-0.015972223478288018,0.0,0.0
4377,battery,2030,183,9,9,,-0.015972223478288018,0.0,0.0
4378,battery,2030,183,10,10,,-0.015972223478288018,0.0,0.0
4379,battery,2030,183,11,11,,-0.015972223478288018,0.0,0.0
4380,battery,2030,183,12,12,,-0.015972223478288018,0.0,0.0
4381,battery,2030,183,13,13,,-0.015972223478288018,0.0,0.0
4382,battery,2030,183,14,14,,-0.015972223478288018,0.0,0.0
4383,battery,2030,183,15,15,,-0.015972223478288018,0.0,0.0
4384,battery,2030,183,16,16,,-0.015972223478288018,0.0,0.0
4385,battery,2030,183,17,17,,-0.015972223478288018,0.0,0.0
4386,battery,2030,183,18,18,,-0.015972223478288018,0.0,0.0
4387,battery,2030,183,19,19,,-0.014617282219023945,0.0,0.0
4388,battery,2030,183,20,20,,-0.014617282219023945,0.0,0.0
4389,battery,2030,183,21,21,,-0.014617282219023945,0.0,0.0
4390,battery,2030,183,22,22,,-0.014617282219023945,0.0,0.0
4391,battery,2030,183,23,23,,-0.014617282219023945,0.0,0.0
4392,battery,2030,183,24,24,,-0.014617282219023945,0.0,0.0
4393,battery,2030,184,1,1,,-0.012151765954585175,0.0,0.0
4394,battery,2030,184,2,2,,-0.012151765954585175,0.0,0.0
4395,battery,2030,184,3,3,,-0.012151765954585175,0.0,0.0
4396,battery,2030,184,4,4,,-0.012151765954585175,0.0,0.0
4397,battery,2030,184,5,5,,-0.012151765954585175,0.0,0.0
4398,battery,2030,184,6,6,,-0.012151765954585175,0.0,0.0
4399,battery,2030,184,7,7,,-0.012151765954585175,0.0,0.0
4400,battery,2030,184,8,8,,-0.012151765954585175,0.0,0.0
4401,battery,2030,184,9,9,,-0.012151765954585175,0.0,0.0
4402,battery,2030,184,10,10,,-0.012151765954585175,0.0,0.0
4403,battery,2030,184,11,11,,-0.012151765954585175,0.0,0.0
4404,battery,2030,184,12,12,,-0.012151765954585175,0.0,0.0
4405,battery,2030,184,13,13,,-0.012151765954585175,0.0,0.0
4406,battery,2030,184,14,14,,-0.012151765954585175,0.0,0.0
4407,battery,2030,184,15,15,,-0.012151765954585175,0.0,0.0
4408,battery,2030,184,16,16,,-0.012151765954585175,-0.001126401530604601,0.0
4409,battery,2030,184,17,17,,-0.013278167485189776,0.0,0.0
4410,battery,2030,184,18,18,,-0.013278167485189776,0.0,0.0
4411,battery,2030,184,19,19,,-0.013278167485189776,0.0,0.0
4412,battery,2030,184,20,20,,-0.013278167485189776,0.0,0.0
4413,battery,2030,184,21,21,,-0.013278167485189776,0.0,0.0
4414,battery,2030,184,22,22,,-0.013278167485189776,0.0,0.0
4415,battery,2030,184,23,23,,-0.012151765954585175,0.0,0.0
4416,battery,2030,184,24,24,,-0.012151765954585175,0.0,0.0
4417,battery,2030,185,1,1,,-0.02653741710767339,0.0,0.0
4418,battery,2030,185,2,2,,-0.02395001893967524,0.0,0.0
4419,battery,2030,185,3,3,,-0.02395001893967524,0.0,0.0
4420,battery,2030,185,4,4,,-0.02395001893967524,0.0,0.0
4421,battery,2030,185,5,5,,-0.02395001893967524,0.0,0.0
4422,battery,2030,185,6,6,,-0.02395001893967524,0.0,0.0
4423,battery,2030,185,7,7,,-0.02395001893967524,0.0,0.0
4424,battery,2030,185,8,8,,-0.02395001893967524,-0.002220034363110829,0.0
4425,battery,2030,185,9,9,,-0.02617005330278607,0.0,0.0
4426,battery,2030,185,10,10,,-0.02617005330278607,0.0,0.0
4427,battery,2030,185,11,11,,-0.02617005330278607,0.0,0.0
4428,battery,2030,185,12,12,,-0.02617005330278607,0.0,0.0
4429,battery,2030,185,13,13,,-0.02617005330278607,0.0,0.0
4430,battery,2030,185,14,14,,-0.02617005330278607,0.0,0.0
4431,battery,2030,185,15,15,,-0.02617005330278607,0.0,0.0
4432,battery,2030,185,16,16,,-0.02617005330278607,0.0,0.0
4433,battery,2030,185,17,17,,-0.02395001893967524,0.0,0.0
4434,battery,2030,185,18,18,,-0.02395001893967524,0.0,0.0
4435,battery,2030,185,19,19,,-0.02395001893967524,0.0,0.0
4436,battery,2030,185,20,20,,-0.02395001893967524,0.0,0.0
4437,battery,2030,185,21,21,,-0.02395001893967524,0.0,0.0
4438,battery,2030,185,22,22,,-0.02395001893967524,0.0,0.0
4439,battery,2030,185,23,23,,-0.02395001893967524,0.0,0.0
4440,battery,2030,185,24,24,,-0.02395001893967524,0.0,0.0
4441,battery,2030,186,1,1,,-0.01576197501439208,0.0,0.0
4442,battery,2030,186,2,2,,-0.01576197501439208,0.0,0.0
4443,battery,2030,186,3,3,,-0.014225182450488854,0.0,0.0
4444,battery,2030,186,4,4,,-0.014225182450488854,0.0,0.0
4445,battery,2030,186,5,5,,-0.014225182450488854,0.0,0.0
4446,battery,2030,186,6,6,,-0.014225182450488854,0.0,0.0
4447,battery,2030,186,7,7,,-0.014225182450488854,-0.0013185957781975243,0.0
4448,battery,2030,186,8,8,,-0.015543778228686378,0.0,0.0
4449,battery,2030,186,9,9,,-0.015543778228686378,0.0,0.0
4450,battery,2030,186,10,10,,-0.015543778228686378,0.0,0.0
4451,battery,2030,186,11,11,,-0.015543778228686378,0.0,0.0
4452,battery,2030,186,12,12,,-0.015543778228686378,0.0,0.0
4453,battery,2030,186,13,13,,-0.015543778228686378,0.0,0.0
4454,battery,2030,186,14,14,,-0.015543778228686378,0.0,0.0
4455,battery,2030,186,15,15,,-0.015543778228686378,0.0,0.0
4456,battery,2030,186,16,16,,-0.015543778228686378,0.0,0.0
4457,battery,2030,186,17,17,,-0.015543778228686378,0.0,0.0
4458,battery,2030,186,18,18,,-0.015543778228686378,0.0,0.0
4459,battery,2030,186,19,19,,-0.015543778228686378,0.0,0.0
4460,battery,2030,186,20,20,,-0.015543778228686378,0.0,0.0
4461,battery,2030,186,21,21,,-0.015543778228686378,0.0,0.0
4462,battery,2030,186,22,22,,-0.015543778228686378,0.0,0.0
4463,battery,2030,186,23,23,,-0.015543778228686378,0.0,0.0
4464,battery,2030,186,24,24,,-0.014225182450488854,0.0,0.0
4465,battery,2030,187,1,1,,-0.02324617699640704,0.0,0.0
4466,battery,2030,187,2,2,,-0.020979674739257357,0.0,0.0
4467,battery,2030,187,3,3,,-0.020979674739257357,0.0,0.0
4468,battery,2030,187,4,4,,-0.020979674739257357,0.0,0.0
4469,battery,2030,187,5,5,,-0.020979674739257357,0.0,0.0
4470,battery,2030,187,6,6,,-0.020979674739257357,0.0,0.0
4471,battery,2030,187,7,7,,-0.020979674739257357,0.0,0.0
4472,battery,2030,187,8,8,,-0.020979674739257357,0.0,0.0
4473,battery,2030,187,9,9,,-0.020979674739257357,0.0,0.0
4474,battery,2030,187,10,10,,-0.020979674739257357,0.0,0.0
4475,battery,2030,187,11,11,,-0.020979674739257357,0.0,0.0
4476,battery,2030,187,12,12,,-0.020979674739257357,0.0,0.0
4477,battery,2030,187,13,13,,-0.020979674739257357,0.0,0.0
4478,battery,2030,187,14,14,,-0.020979674739257357,0.0,0.0
4479,battery,2030,187,15,15,,-0.020979674739257357,0.0,0.0
4480,battery,2030,187,16,16,,-0.020979674739257357,0.0,0.0
4481,battery,2030,187,17,17,,-0.020979674739257357,0.0,0.0
4482,battery,2030,187,18,18,,-0.020979674739257357,0.0,0.0
4483,battery,2030,187,19,19,,-0.020979674739257357,0.0,0.0
4484,battery,2030,187,20,20,,-0.020979674739257357,0.0,0.0
4485,battery,2030,187,21,21,,-0.020979674739257357,0.0,0.0
4486,battery,2030,187,22,22,,-0.020979674739257357,0.0,0.0
4487,battery,2030,187,23,23,,-0.020979674739257357,0.0,0.0
4488,battery,2030,187,24,24,,-0.020979674739257357,0.0,0.0
4489,battery,2030,188,1,1,,-0.008620823880728146,0.0,0.0
4490,battery,2030,188,2,2,,-0.008620823880728146,0.0,0.0
4491,battery,2030,188,3,3,,-0.008620823880728146,0.0,0.0
4492,battery,2030,188,4,4,,-0.007780293552357153,0.0,0.0
4493,battery,2030,188,5,5,,-0.007780293552357153,0.0,0.0
4494,battery,2030,188,6,6,,-0.007780293552357153,0.0,0.0
4495,battery,2030,188,7,7,,-0.007780293552357153,0.0,0.0
4496,battery,2030,188,8,8,,-0.007780293552357153,0.0,0.0
4497,battery,2030,188,9,9,,-0.007780293552357153,0.0,0.0
4498,battery,2030,188,10,10,,-0.007780293552357153,0.0,0.0
4499,battery,2030,188,11,11,,-0.007780293552357153,0.0,0.0
4500,battery,2030,188,12,12,,-0.007780293552357153,0.0,0.0
4501,battery,2030,188,13,13,,-0.007780293552357153,-0.000721190203850283,0.0
4502,battery,2030,188,14,14,,-0.008501483756207436,0.0,0.0
4503,battery,2030,188,15,15,,-0.008501483756207436,0.0,0.0
4504,battery,2030,188,16,16,,-0.008501483756207436,0.0,0.0
4505,battery,2030,188,17,17,,-0.008501483756207436,0.0,0.0
4506,battery,2030,188,18,18,,-0.007780293552357153,0.0,0.0
4507,battery,2030,188,19,19,,-0.007780293552357153,0.0,0.0
4508,battery,2030,188,20,20,,-0.007780293552357153,0.0,0.0
4509,battery,2030,188,21,21,,-0.007780293552357153,0.0,0.0
4510,battery,2030,188,22,22,,-0.007780293552357153,0.0,0.0
4511,battery,2030,188,23,23,,-0.007780293552357153,0.0,0.0
4512,battery,2030,188,24,24,,0.0,0.0,0.0
4513,battery,2030,189,1,1,,-0.019032215853771593,0.0,0.0
4514,battery,2030,189,2,2,,-0.019032215853771593,0.0,0.0
4515,battery,2030,189,3,3,,-0.017176574808028863,0.0,0.0
4516,battery,2030,189,4,4,,-0.017176574808028863,0.0,0.0
4517,battery,2030,189,5,5,,-0.017176574808028863,0.0,0.0
4518,battery,2030,189,6,6,,-0.017176574808028863,0.0,0.0
4519,battery,2030,189,7,7,,-0.017176574808028863,-0.0015921735348274901,0.0
4520,battery,2030,189,8,8,,-0.018768748342856353,0.0,0.0
4521,battery,2030,189,9,9,,-0.018768748342856353,0.0,0.0
4522,battery,2030,189,10,10,,-0.018768748342856353,0.0,0.0
4523,battery,2030,189,11,11,,-0.018768748342856353,0.0,0.0
4524,battery,2030,189,12,12,,-0.018768748342856353,0.0,0.0
4525,battery,2030,189,13,13,,-0.018768748342856353,0.0,0.0
4526,battery,2030,189,14,14,,-0.018768748342856353,0.0,0.0
4527,battery,2030,189,15,15,,-0.018768748342856353,0.0,0.0
4528,battery,2030,189,16,16,,-0.018768748342856353,0.0,0.0
4529,battery,2030,189,17,17,,-0.018768748342856353,0.0,0.0
4530,battery,2030,189,18,18,,-0.018768748342856353,0.0,0.0
4531,battery,2030,189,19,19,,-0.017176574808028863,0.0,0.0
4532,battery,2030,189,20,20,,-0.017176574808028863,0.0,0.0
4533,battery,2030,189,21,21,,-0.017176574808028863,0.0,0.0
4534,battery,2030,189,22,22,,-0.017176574808028863,0.0,0.0
4535,battery,2030,189,23,23,,-0.017176574808028863,0.0,0.0
4536,battery,2030,189,24,24,,-0.017176574808028863,0.0,0.0
4537,battery,2030,190,1,1,,-0.015786576032343905,0.0,0.0
4538,battery,2030,190,2,2,,-0.015786576032343905,0.0,0.0
4539,battery,2030,190,3,3,,-0.014247384869190378,0.0,0.0
4540,battery,2030,190,4,4,,-0.014247384869190378,0.0,0.0
4541,battery,2030,190,5,5,,-0.014247384869190378,0.0,0.0
4542,battery,2030,190,6,6,,-0.014247384869190378,0.0,0.0
4543,battery,2030,190,7,7,,-0.014247384869190378,0.0,0.0
4544,battery,2030,190,8,8,,-0.014247384869190378,0.0,0.0
4545,battery,2030,190,9,9,,-0.014247384869190378,0.0,0.0
4546,battery,2030,190,10,10,,-0.014247384869190378,0.0,0.0
4547,battery,2030,190,11,11,,-0.014247384869190378,0.0,0.0
4548,battery,2030,190,12,12,,-0.014247384869190378,0.0,0.0
4549,battery,2030,190,13,13,,-0.014247384869190378,0.0,0.0
4550,battery,2030,190,14,14,,-0.014247384869190378,-0.0013206538196790657,0.0
4551,battery,2030,190,15,15,,-0.015568038688869443,0.0,0.0
4552,battery,2030,190,16,16,,-0.015568038688869443,0.0,0.0
4553,battery,2030,190,17,17,,-0.015568038688869443,0.0,0.0
4554,battery,2030,190,18,18,,-0.015568038688869443,0.0,0.0
4555,battery,2030,190,19,19,,-0.015568038688869443,0.0,0.0
4556,battery,2030,190,20,20,,-0.015568038688869443,0.0,0.0
4557,battery,2030,190,21,21,,-0.014247384869190378,0.0,0.0
4558,battery,2030,190,22,22,,-0.014247384869190378,0.0,0.0
4559,battery,2030,190,23,23,,-0.014247384869190378,0.0,0.0
4560,battery,2030,190,24,24,,-0.014247384869190378,0.0,0.0
4561,battery,2030,191,1,1,,-0.033063375757543235,0.0,0.0
4562,battery,2030,191,2,2,,-0.02983969662118277,0.0,0.0
4563,battery,2030,191,3,3,,-0.02983969662118277,0.0,0.0
4564,battery,2030,191,4,4,,-0.02983969662118277,0.0,0.0
4565,battery,2030,191,5,5,,-0.02983969662118277,0.0,0.0
4566,battery,2030,191,6,6,,-0.02983969662118277,0.0,0.0
4567,battery,2030,191,7,7,,-0.02983969662118277,-0.0027659749268125824,0.0
4568,battery,2030,191,8,8,,-0.03260567154799535,0.0,0.0
4569,battery,2030,191,9,9,,-0.03260567154799535,0.0,0.0
4570,battery,2030,191,10,10,,-0.03260567154799535,0.0,0.0
4571,battery,2030,191,11,11,,-0.03260567154799535,0.0,0.0
4572,battery,2030,191,12,12,,-0.03260567154799535,0.0,0.0
4573,battery,2030,191,13,13,,-0.03260567154799535,0.0,0.0
4574,battery,2030,191,14,14,,-0.03260567154799535,0.0,0.0
4575,battery,2030,191,15,15,,-0.03260567154799535,0.0,0.0
4576,battery,2030,191,16,16,,-0.02983969662118277,0.0,0.0
4577,battery,2030,191,17,17,,-0.02983969662118277,0.0,0.0
4578,battery,2030,191,18,18,,-0.02983969662118277,0.0,0.0
4579,battery,2030,191,19,19,,-0.02983969662118277,0.0,0.0
4580,battery,2030,191,20,20,,-0.02983969662118277,0.0,0.0
4581,battery,2030,191,21,21,,-0.02983969662118277,0.0,0.0
4582,battery,2030,191,22,22,,-0.02983969662118277,0.0,0.0
4583,battery,2030,191,23,23,,-0.02983969662118277,0.0,0.0
4584,battery,2030,191,24,24,,-0.02983969662118277,0.0,0.0
4585,battery,2030,192,1,1,,-0.027443869747593667,0.0,0.0
4586,battery,2030,192,2,2,,-0.024768092447203287,0.0,0.0
4587,battery,2030,192,3,3,,-0.024768092447203287,0.0,0.0
4588,battery,2030,192,4,4,,-0.024768092447203287,0.0,0.0
4589,battery,2030,192,5,5,,-0.024768092447203287,0.0,0.0
4590,battery,2030,192,6,6,,-0.024768092447203287,0.0,0.0
4591,battery,2030,192,7,7,,-0.024768092447203287,-0.002295865255054475,0.0
4592,battery,2030,192,8,8,,-0.027063957702257762,0.0,0.0
4593,battery,2030,192,9,9,,-0.027063957702257762,0.0,0.0
4594,battery,2030,192,10,10,,-0.027063957702257762,0.0,0.0
4595,battery,2030,192,11,11,,-0.027063957702257762,0.0,0.0
4596,battery,2030,192,12,12,,-0.027063957702257762,0.0,0.0
4597,battery,2030,192,13,13,,-0.027063957702257762,0.0,0.0
4598,battery,2030,192,14,14,,-0.027063957702257762,0.0,0.0
4599,battery,2030,192,15,15,,-0.027063957702257762,0.0,0.0
4600,battery,2030,192,16,16,,-0.027063957702257762,0.0,0.0
4601,battery,2030,192,17,17,,-0.027063957702257762,0.0,0.0
4602,battery,2030,192,18,18,,-0.027063957702257762,0.0,0.0
4603,battery,2030,192,19,19,,-0.027063957702257762,0.0,0.0
4604,battery,2030,192,20,20,,-0.027063957702257762,0.0,0.0
4605,battery,2030,192,21,21,,-0.027063957702257762,0.0,0.0
4606,battery,2030,192,22,22,,-0.027063957702257762,0.0,0.0
4607,battery,2030,192,23,23,,-0.027063957702257762,0.0,0.0
4608,battery,2030,192,24,24,,-0.024768092447203287,0.0,0.0
4609,battery,2030,193,1,1,,-0.03717917018546548,0.0,0.0
4610,battery,2030,193,2,2,,-0.0335542010923826,0.0,0.0
4611,battery,2030,193,3,3,,-0.0335542010923826,0.0,0.0
4612,battery,2030,193,4,4,,-0.0335542010923826,0.0,0.0
4613,battery,2030,193,5,5,,-0.0335542010923826,0.0,0.0
4614,battery,2030,193,6,6,,-0.019263253188235633,0.0,0.0
4615,battery,2030,193,7,7,,-0.019263253188235633,-0.014290947904146967,0.0
4616,battery,2030,193,8,8,,-0.0335542010923826,0.0,0.0
4617,battery,2030,193,9,9,,-0.0335542010923826,0.0,0.0
4618,battery,2030,193,10,10,,-0.0335542010923826,0.0,0.0
4619,battery,2030,193,11,11,,-0.0335542010923826,0.0,0.0
4620,battery,2030,193,12,12,,-0.0335542010923826,0.0,0.0
4621,battery,2030,193,13,13,,-0.0335542010923826,0.0,0.0
4622,battery,2030,193,14,14,,-0.0335542010923826,0.0,0.0
4623,battery,2030,193,15,15,,-0.0335542010923826,0.0,0.0
4624,battery,2030,193,16,16,,-0.0335542010923826,0.0,0.0
4625,battery,2030,193,17,17,,-0.0335542010923826,0.0,0.0
4626,battery,2030,193,18,18,,-0.0335542010923826,0.0,0.0
4627,battery,2030,193,19,19,,-0.0335542010923826,0.0,0.0
4628,battery,2030,193,20,20,,-0.0335542010923826,0.0,0.0
4629,battery,2030,193,21,21,,-0.0335542010923826,0.0,0.0
4630,battery,2030,193,22,22,,-0.0335542010923826,0.0,0.0
4631,battery,2030,193,23,23,,-0.0335542010923826,0.0,0.0
4632,battery,2030,193,24,24,,-0.0335542010923826,0.0,0.0
4633,battery,2030,194,1,1,,-0.0989137341581503,0.0,0.0
4634,battery,2030,194,2,2,,-0.08926964507773065,0.0,0.0
4635,battery,2030,194,3,3,,-0.08926964507773065,0.0,0.0
4636,battery,2030,194,4,4,,-0.08926964507773065,0.0,0.0
4637,battery,2030,194,5,5,,-0.08926964507773065,0.0,0.0
4638,battery,2030,194,6,6,,-0.08926964507773065,0.0,0.0
4639,battery,2030,194,7,7,,-0.08926964507773065,0.0,0.0
4640,battery,2030,194,8,8,,-0.08926964507773065,0.0,0.0
4641,battery,2030,194,9,9,,-0.08926964507773065,0.0,0.0
4642,battery,2030,194,10,10,,-0.08926964507773065,0.0,0.0
4643,battery,2030,194,11,11,,-0.08926964507773065,0.0,0.0
4644,battery,2030,194,12,12,,-0.08926964507773065,0.0,0.0
4645,battery,2030,194,13,13,,-0.08926964507773065,0.0,0.0
4646,battery,2030,194,14,14,,-0.08926964507773065,0.0,0.0
4647,battery,2030,194,15,15,,-0.08926964507773065,0.0,0.0
4648,battery,2030,194,16,16,,-0.08926964507773065,0.0,0.0
4649,battery,2030,194,17,17,,-0.08926964507773065,0.0,0.0
4650,battery,2030,194,18,18,,-0.08926964507773065,0.0,0.0
4651,battery,2030,194,19,19,,-0.08926964507773065,0.0,0.0
4652,battery,2030,194,20,20,,-0.08926964507773065,0.0,0.0
4653,battery,2030,194,21,21,,-0.08926964507773065,0.0,0.0
4654,battery,2030,194,22,22,,-0.08926964507773065,0.0,0.0
4655,battery,2030,194,23,23,,-0.08926964507773065,0.0,0.0
4656,battery,2030,194,24,24,,-0.06376403219837903,0.0,0.0
4657,battery,2030,195,1,1,,-0.020258858660664555,0.0,0.0
4658,battery,2030,195,2,2,,-0.018283619941249763,0.0,0.0
4659,battery,2030,195,3,3,,-0.018283619941249763,0.0,0.0
4660,battery,2030,195,4,4,,-0.018283619941249763,0.0,0.0
4661,battery,2030,195,5,5,,-0.018283619941249763,0.0,0.0
4662,battery,2030,195,6,6,,-0.018283619941249763,0.0,0.0
4663,battery,2030,195,7,7,,-0.018283619941249763,0.0,0.0
4664,battery,2030,195,8,8,,-0.018283619941249763,0.0,0.0
4665,battery,2030,195,9,9,,-0.018283619941249763,0.0,0.0
4666,battery,2030,195,10,10,,-0.018283619941249763,0.0,0.0
4667,battery,2030,195,11,11,,-0.018283619941249763,0.0,0.0
4668,battery,2030,195,12,12,,-0.018283619941249763,0.0,0.0
4669,battery,2030,195,13,13,,-0.018283619941249763,0.0,0.0
4670,battery,2030,195,14,14,,-0.018283619941249763,0.0,0.0
4671,battery,2030,195,15,15,,-0.018283619941249763,0.0,0.0
4672,battery,2030,195,16,16,,-0.018283619941249763,-0.007313447976499882,0.0
4673,battery,2030,195,17,17,,-0.025597067917749645,0.0,0.0
4674,battery,2030,195,18,18,,-0.025597067917749645,0.0,0.0
4675,battery,2030,195,19,19,,-0.025597067917749645,0.0,0.0
4676,battery,2030,195,20,20,,-0.025597067917749645,0.0,0.0
4677,battery,2030,195,21,21,,-0.025597067917749645,0.0,0.0
4678,battery,2030,195,22,22,,-0.025597067917749645,0.0,0.0
4679,battery,2030,195,23,23,,-0.025597067917749645,0.0,0.0
4680,battery,2030,195,24,24,,-0.018283619941249763,0.0,0.0
4681,battery,2030,196,1,1,,-0.017673544843749188,0.0,0.0
4682,battery,2030,196,2,2,,-0.017673544843749188,0.0,0.0
4683,battery,2030,196,3,3,,-0.017673544843749188,0.0,0.0
4684,battery,2030,196,4,4,,-0.017673544843749188,0.0,0.0
4685,battery,2030,196,5,5,,-0.017673544843749188,0.0,0.0
4686,battery,2030,196,6,6,,-0.017673544843749188,0.0,0.0
4687,battery,2030,196,7,7,,-0.017673544843749188,0.0,0.0
4688,battery,2030,196,8,8,,-0.017673544843749188,0.0,0.0
4689,battery,2030,196,9,9,,-0.017673544843749188,0.0,0.0
4690,battery,2030,196,10,10,,-0.017673544843749188,0.0,0.0
4691,battery,2030,196,11,11,,-0.017673544843749188,0.0,0.0
4692,battery,2030,196,12,12,,-0.017673544843749188,0.0,0.0
4693,battery,2030,196,13,13,,-0.017673544843749188,0.0,0.0
4694,battery,2030,196,14,14,,-0.017673544843749188,0.0,0.0
4695,battery,2030,196,15,15,,-0.017673544843749188,0.0,0.0
4696,battery,2030,196,16,16,,-0.017673544843749188,0.0,0.0
4697,battery,2030,196,17,17,,-0.017673544843749188,0.0,0.0
4698,battery,2030,196,18,18,,-0.017673544843749188,0.0,0.0
4699,battery,2030,196,19,19,,-0.017673544843749188,0.0,0.0
4700,battery,2030,196,20,20,,-0.01398776798080664,0.0,0.0
4701,battery,2030,196,21,21,,-0.012623960602677996,0.0,0.0
4702,battery,2030,196,22,22,,-0.012623960602677996,0.0,0.0
4703,battery,2030,196,23,23,,-0.012623960602677996,0.0,0.0
4704,battery,2030,196,24,24,,-0.012623960602677996,0.0,0.0
4705,battery,2030,197,1,1,,-0.01099750045555311,0.0,0.0
4706,battery,2030,197,2,2,,-0.01099750045555311,0.0,0.0
4707,battery,2030,197,3,3,,-0.01099750045555311,0.0,0.0
4708,battery,2030,197,4,4,,-0.01099750045555311,-0.0028978413700382413,0.0
4709,battery,2030,197,5,5,,-0.01389534182559135,0.0,0.0
4710,battery,2030,197,6,6,,-0.01389534182559135,0.0,0.0
4711,battery,2030,197,7,7,,-0.01389534182559135,0.0,0.0
4712,battery,2030,197,8,8,,-0.01389534182559135,0.0,0.0
4713,battery,2030,197,9,9,,-0.01389534182559135,0.0,0.0
4714,battery,2030,197,10,10,,-0.01389534182559135,0.0,0.0
4715,battery,2030,197,11,11,,-0.01389534182559135,0.0,0.0
4716,battery,2030,197,12,12,,-0.01389534182559135,0.0,0.0
4717,battery,2030,197,13,13,,-0.01389534182559135,0.0,0.0
4718,battery,2030,197,14,14,,-0.01389534182559135,0.0,0.0
4719,battery,2030,197,15,15,,-0.01099750045555311,0.0,0.0
4720,battery,2030,197,16,16,,-0.01099750045555311,0.0,0.0
4721,battery,2030,197,17,17,,-0.009925244161136682,0.0,0.0
4722,battery,2030,197,18,18,,-0.009925244161136682,0.0,0.0
4723,battery,2030,197,19,19,,-0.009925244161136682,0.0,0.0
4724,battery,2030,197,20,20,,-0.009925244161136682,0.0,0.0
4725,battery,2030,197,21,21,,-0.009925244161136682,0.0,0.0
4726,battery,2030,197,22,22,,-0.009925244161136682,0.0,0.0
4727,battery,2030,197,23,23,,-0.009925244161136682,0.0,0.0
4728,battery,2030,197,24,24,,-0.00039700976644546735,0.0,0.0
4729,battery,2030,198,1,1,,-0.01828096399109359,0.0,0.0
4730,battery,2030,198,2,2,,-0.01828096399109359,0.0,0.0
4731,battery,2030,198,3,3,,-0.016498570001961966,0.0,0.0
4732,battery,2030,198,4,4,,-0.016498570001961966,0.0,0.0
4733,battery,2030,198,5,5,,-0.016498570001961966,0.0,0.0
4734,battery,2030,198,6,6,,-0.016498570001961966,0.0,0.0
4735,battery,2030,198,7,7,,-0.016498570001961966,0.0,0.0
4736,battery,2030,198,8,8,,-0.016498570001961966,0.0,0.0
4737,battery,2030,198,9,9,,-0.016498570001961966,-0.0065994280007847725,0.0
4738,battery,2030,198,10,10,,-0.02309799800274674,0.0,0.0
4739,battery,2030,198,11,11,,-0.02309799800274674,0.0,0.0
4740,battery,2030,198,12,12,,-0.02309799800274674,0.0,0.0
4741,battery,2030,198,13,13,,-0.02309799800274674,0.0,0.0
4742,battery,2030,198,14,14,,-0.01828096399109359,0.0,0.0
4743,battery,2030,198,15,15,,-0.01828096399109359,0.0,0.0
4744,battery,2030,198,16,16,,-0.01828096399109359,0.0,0.0
4745,battery,2030,198,17,17,,-0.01828096399109359,-0.0048170340116531485,0.0
4746,battery,2030,198,18,18,,-0.02309799800274674,0.0,0.0
4747,battery,2030,198,19,19,,-0.02309799800274674,0.0,0.0
4748,battery,2030,198,20,20,,-0.02309799800274674,0.0,0.0
4749,battery,2030,198,21,21,,-0.02309799800274674,0.0,0.0
4750,battery,2030,198,22,22,,-0.02309799800274674,0.0,0.0
4751,battery,2030,198,23,23,,-0.02309799800274674,0.0,0.0
4752,battery,2030,198,24,24,,-0.02309799800274674,0.0,0.0
4753,battery,2030,199,1,1,,-0.009946941367968705,0.0,0.0
4754,battery,2030,199,2,2,,-0.009946941367968705,0.0,0.0
4755,battery,2030,199,3,3,,-0.008977114584591757,0.0,0.0
4756,battery,2030,199,4,4,,-0.008977114584591757,0.0,0.0
4757,battery,2030,199,5,5,,-0.008977114584591757,0.0,0.0
4758,battery,2030,199,6,6,,-0.008977114584591757,0.0,0.0
4759,battery,2030,199,7,7,,-0.008977114584591757,0.0,0.0
4760,battery,2030,199,8,8,,-0.008977114584591757,0.0,0.0
4761,battery,2030,199,9,9,,-0.008977114584591757,0.0,0.0
4762,battery,2030,199,10,10,,-0.008977114584591757,0.0,0.0
4763,battery,2030,199,11,11,,-0.008977114584591757,0.0,0.0
4764,battery,2030,199,12,12,,-0.008977114584591757,0.0,0.0
4765,battery,2030,199,13,13,,-0.008977114584591757,0.0,0.0
4766,battery,2030,199,14,14,,-0.008977114584591757,0.0,0.0
4767,battery,2030,199,15,15,,-0.008977114584591757,0.0,0.0
4768,battery,2030,199,16,16,,-0.008977114584591757,0.0,0.0
4769,battery,2030,199,17,17,,-0.008977114584591757,0.0,0.0
4770,battery,2030,199,18,18,,-0.008977114584591757,0.0,0.0
4771,battery,2030,199,19,19,,-0.008977114584591757,0.0,0.0
4772,battery,2030,199,20,20,,-0.008977114584591757,0.0,0.0
4773,battery,2030,199,21,21,,-0.008977114584591757,0.0,0.0
4774,battery,2030,199,22,22,,-0.008977114584591757,0.0,0.0
4775,battery,2030,199,23,23,,-0.008977114584591757,0.0,0.0
4776,battery,2030,199,24,24,,-0.005302961224899578,0.0,0.0
4777,battery,2030,200,1,1,,-0.011373510587305999,0.0,0.0
4778,battery,2030,200,2,2,,-0.011373510587305999,0.0,0.0
4779,battery,2030,200,3,3,,-0.011373510587305999,0.0,0.0
4780,battery,2030,200,4,4,,-0.011373510587305999,0.0,0.0
4781,battery,2030,200,5,5,,-0.011373510587305999,0.0,0.0
4782,battery,2030,200,6,6,,-0.011373510587305999,0.0,0.0
4783,battery,2030,200,7,7,,-0.011373510587305999,0.0,0.0
4784,battery,2030,200,8,8,,-0.011373510587305999,0.0,0.0
4785,battery,2030,200,9,9,,-0.011373510587305999,0.0,0.0
4786,battery,2030,200,10,10,,-0.011373510587305999,0.0,0.0
4787,battery,2030,200,11,11,,-0.011373510587305999,0.0,0.0
4788,battery,2030,200,12,12,,-0.011373510587305999,0.0,0.0
4789,battery,2030,200,13,13,,-0.011373510587305999,0.0,0.0
4790,battery,2030,200,14,14,,-0.011373510587305999,-0.004549404234922401,0.0
4791,battery,2030,200,15,15,,-0.0159229148222284,0.0,0.0
4792,battery,2030,200,16,16,,-0.0159229148222284,0.0,0.0
4793,battery,2030,200,17,17,,-0.0159229148222284,0.0,0.0
4794,battery,2030,200,18,18,,-0.0159229148222284,0.0,0.0
4795,battery,2030,200,19,19,,-0.0159229148222284,0.0,0.0
4796,battery,2030,200,20,20,,-0.0159229148222284,0.0,0.0
4797,battery,2030,200,21,21,,-0.0159229148222284,0.0,0.0
4798,battery,2030,200,22,22,,-0.0159229148222284,0.0,0.0
4799,battery,2030,200,23,23,,-0.012602227797568973,0.0,0.0
4800,battery,2030,200,24,24,,0.0,0.0,0.0
4801,battery,2030,201,1,1,,-0.012132848319075774,0.0,0.0
4802,battery,2030,201,2,2,,-0.012132848319075774,0.0,0.0
4803,battery,2030,201,3,3,,-0.010949895607965887,0.0,0.0
4804,battery,2030,201,4,4,,-0.010949895607965887,0.0,0.0
4805,battery,2030,201,5,5,,-0.010949895607965887,0.0,0.0
4806,battery,2030,201,6,6,,-0.010949895607965887,-0.0043799582431863476,0.0
4807,battery,2030,201,7,7,,-0.015329853851152235,0.0,0.0
4808,battery,2030,201,8,8,,-0.015329853851152235,0.0,0.0
4809,battery,2030,201,9,9,,-0.015329853851152235,0.0,0.0
4810,battery,2030,201,10,10,,-0.015329853851152235,0.0,0.0
4811,battery,2030,201,11,11,,-0.015329853851152235,0.0,0.0
4812,battery,2030,201,12,12,,-0.015329853851152235,0.0,0.0
4813,battery,2030,201,13,13,,-0.012132848319075774,0.0,0.0
4814,battery,2030,201,14,14,,-0.010949895607965887,0.0,0.0
4815,battery,2030,201,15,15,,-0.010949895607965887,0.0,0.0
4816,battery,2030,201,16,16,,-0.010949895607965887,0.0,0.0
4817,battery,2030,201,17,17,,-0.010949895607965887,0.0,0.0
4818,battery,2030,201,18,18,,-0.010949895607965887,0.0,0.0
4819,battery,2030,201,19,19,,-0.010949895607965887,0.0,0.0
4820,battery,2030,201,20,20,,-0.010949895607965887,0.0,0.0
4821,battery,2030,201,21,21,,-0.010949895607965887,0.0,0.0
4822,battery,2030,201,22,22,,-0.0074143473323650755,0.0,0.0
4823,battery,2030,201,23,23,,-0.006691448467459482,0.0,0.0
4824,battery,2030,201,24,24,,-0.0004379958243186355,0.0,0.0
4825,battery,2030,202,1,1,,-0.006194717895737322,0.0,0.0
4826,battery,2030,202,2,2,,-0.006194717895737322,0.0,0.0
4827,battery,2030,202,3,3,,-0.006194717895737322,0.0,0.0
4828,battery,2030,202,4,4,,-0.005590732900902934,0.0,0.0
4829,battery,2030,202,5,5,,-0.005590732900902934,0.0,0.0
4830,battery,2030,202,6,6,,-0.005590732900902934,0.0,0.0
4831,battery,2030,202,7,7,,-0.005590732900902934,0.0,0.0
4832,battery,2030,202,8,8,,-0.005590732900902934,0.0,0.0
4833,battery,2030,202,9,9,,-0.005590732900902934,0.0,0.0
4834,battery,2030,202,10,10,,-0.005590732900902934,0.0,0.0
4835,battery,2030,202,11,11,,-0.005590732900902934,0.0,0.0
4836,battery,2030,202,12,12,,-0.005590732900902934,0.0,0.0
4837,battery,2030,202,13,13,,-0.005590732900902934,0.0,0.0
4838,battery,2030,202,14,14,,-0.005590732900902934,0.0,0.0
4839,battery,2030,202,15,15,,-0.005590732900902934,0.0,0.0
4840,battery,2030,202,16,16,,-0.005590732900902934,0.0,0.0
4841,battery,2030,202,17,17,,-0.005590732900902934,0.0,0.0
4842,battery,2030,202,18,18,,-0.005590732900902934,0.0,0.0
4843,battery,2030,202,19,19,,-0.005590732900902934,0.0,0.0
4844,battery,2030,202,20,20,,-0.005590732900902934,0.0,0.0
4845,battery,2030,202,21,21,,-0.005590732900902934,0.0,0.0
4846,battery,2030,202,22,22,,-0.005590732900902934,0.0,0.0
4847,battery,2030,202,23,23,,-0.005590732900902934,0.0,0.0
4848,battery,2030,202,24,24,,0.0,0.0,0.0
4849,battery,2030,203,1,1,,-0.01206234130220503,0.0,0.0
4850,battery,2030,203,2,2,,-0.01206234130220503,0.0,0.0
4851,battery,2030,203,3,3,,-0.010886263025240041,0.0,0.0
4852,battery,2030,203,4,4,,-0.010886263025240041,0.0,0.0
4853,battery,2030,203,5,5,,-0.010886263025240041,0.0,0.0
4854,battery,2030,203,6,6,,-0.010886263025240041,0.0,0.0
4855,battery,2030,203,7,7,,-0.010886263025240041,0.0,0.0
4856,battery,2030,203,8,8,,-0.010886263025240041,-0.004354505210096012,0.0
4857,battery,2030,203,9,9,,-0.015240768235336053,0.0,0.0
4858,battery,2030,203,10,10,,-0.015240768235336053,0.0,0.0
4859,battery,2030,203,11,11,,-0.015240768235336053,0.0,0.0
4860,battery,2030,203,12,12,,-0.015240768235336053,0.0,0.0
4861,battery,2030,203,13,13,,-0.015240768235336053,0.0,0.0
4862,battery,2030,203,14,14,,-0.015240768235336053,0.0,0.0
4863,battery,2030,203,15,15,,-0.015240768235336053,0.0,0.0
4864,battery,2030,203,16,16,,-0.015240768235336053,0.0,0.0
4865,battery,2030,203,17,17,,-0.015240768235336053,0.0,0.0
4866,battery,2030,203,18,18,,-0.015240768235336053,0.0,0.0
4867,battery,2030,203,19,19,,-0.015240768235336053,0.0,0.0
4868,battery,2030,203,20,20,,-0.015240768235336053,0.0,0.0
4869,battery,2030,203,21,21,,-0.015240768235336053,0.0,0.0
4870,battery,2030,203,22,22,,-0.015240768235336053,0.0,0.0
4871,battery,2030,203,23,23,,-0.015240768235336063,0.0,0.0
4872,battery,2030,203,24,24,,-0.010886263025240041,0.0,0.0
4873,battery,2030,204,1,1,,-0.011317050629603148,0.0,0.0
4874,battery,2030,204,2,2,,-0.011317050629603148,0.0,0.0
4875,battery,2030,204,3,3,,-0.010213638193216842,0.0,0.0
4876,battery,2030,204,4,4,,-0.010213638193216842,0.0,0.0
4877,battery,2030,204,5,5,,-0.010213638193216842,0.0,0.0
4878,battery,2030,204,6,6,,-0.010213638193216842,0.0,0.0
4879,battery,2030,204,7,7,,-0.010213638193216842,0.0,0.0
4880,battery,2030,204,8,8,,-0.010213638193216842,0.0,0.0
4881,battery,2030,204,9,9,,-0.010213638193216842,-0.004085455277286737,0.0
4882,battery,2030,204,10,10,,-0.01429909347050358,0.0,0.0
4883,battery,2030,204,11,11,,-0.01429909347050358,0.0,0.0
4884,battery,2030,204,12,12,,-0.01429909347050358,0.0,0.0
4885,battery,2030,204,13,13,,-0.011317050629603148,0.0,0.0
4886,battery,2030,204,14,14,,-0.010213638193216842,0.0,0.0
4887,battery,2030,204,15,15,,-0.010213638193216842,0.0,0.0
4888,battery,2030,204,16,16,,-0.010213638193216842,0.0,0.0
4889,battery,2030,204,17,17,,-0.010213638193216842,0.0,0.0
4890,battery,2030,204,18,18,,-0.010213638193216842,0.0,0.0
4891,battery,2030,204,19,19,,-0.010213638193216842,0.0,0.0
4892,battery,2030,204,20,20,,-0.010213638193216842,0.0,0.0
4893,battery,2030,204,21,21,,-0.010213638193216842,0.0,0.0
4894,battery,2030,204,22,22,,-0.010213638193216842,0.0,0.0
4895,battery,2030,204,23,23,,-0.010213638193216842,0.0,0.0
4896,battery,2030,204,24,24,,-0.010213638193216842,0.0,0.0
4897,battery,2030,205,1,1,,-0.016953782310421914,0.0,0.0
4898,battery,2030,205,2,2,,-0.016953782310421914,0.0,0.0
4899,battery,2030,205,3,3,,-0.01530078853515578,0.0,0.0
4900,battery,2030,205,4,4,,-0.01530078853515578,0.0,0.0
4901,battery,2030,205,5,5,,-0.01530078853515578,0.0,0.0
4902,battery,2030,205,6,6,,-0.01530078853515578,0.0,0.0
4903,battery,2030,205,7,7,,-0.01530078853515578,0.0,0.0
4904,battery,2030,205,8,8,,-0.01530078853515578,0.0,0.0
4905,battery,2030,205,9,9,,-0.01530078853515578,0.0,0.0
4906,battery,2030,205,10,10,,-0.01530078853515578,0.0,0.0
4907,battery,2030,205,11,11,,-0.01530078853515578,0.0,0.0
4908,battery,2030,205,12,12,,-0.01530078853515578,0.0,0.0
4909,battery,2030,205,13,13,,-0.01530078853515578,0.0,0.0
4910,battery,2030,205,14,14,,-0.01530078853515578,0.0,0.0
4911,battery,2030,205,15,15,,-0.01530078853515578,0.0,0.0
4912,battery,2030,205,16,16,,-0.01530078853515578,0.0,0.0
4913,battery,2030,205,17,17,,-0.01530078853515578,0.0,0.0
4914,battery,2030,205,18,18,,-0.01530078853515578,0.0,0.0
4915,battery,2030,205,19,19,,-0.01530078853515578,0.0,0.0
4916,battery,2030,205,20,20,,-0.01530078853515578,0.0,0.0
4917,battery,2030,205,21,21,,-0.01530078853515578,0.0,0.0
4918,battery,2030,205,22,22,,-0.01530078853515578,0.0,0.0
4919,battery,2030,205,23,23,,-0.01530078853515578,0.0,0.0
4920,battery,2030,205,24,24,,-0.01530078853515578,0.0,0.0
4921,battery,2030,206,1,1,,-0.009949019789656842,0.0,0.0
4922,battery,2030,206,2,2,,-0.009949019789656842,0.0,0.0
4923,battery,2030,206,3,3,,-0.009949019789656842,0.0,0.0
4924,battery,2030,206,4,4,,-0.009949019789656842,0.0,0.0
4925,battery,2030,206,5,5,,-0.009949019789656842,0.0,0.0
4926,battery,2030,206,6,6,,-0.009949019789656842,0.0,0.0
4927,battery,2030,206,7,7,,-0.009949019789656842,0.0,0.0
4928,battery,2030,206,8,8,,-0.009949019789656842,0.0,0.0
4929,battery,2030,206,9,9,,-0.009949019789656842,0.0,0.0
4930,battery,2030,206,10,10,,-0.009949019789656842,0.0,0.0
4931,battery,2030,206,11,11,,-0.009949019789656842,0.0,0.0
4932,battery,2030,206,12,12,,-0.009949019789656842,0.0,0.0
4933,battery,2030,206,13,13,,-0.009949019789656842,0.0,0.0
4934,battery,2030,206,14,14,,-0.009949019789656842,0.0,0.0
4935,battery,2030,206,15,15,,-0.009949019789656842,0.0,0.0
4936,battery,2030,206,16,16,,-0.009949019789656842,0.0,0.0
4937,battery,2030,206,17,17,,-0.009949019789656842,0.0,0.0
4938,battery,2030,206,18,18,,-0.009949019789656842,0.0,0.0
4939,battery,2030,206,19,19,,-0.009949019789656842,0.0,0.0
4940,battery,2030,206,20,20,,-0.009949019789656842,0.0,0.0
4941,battery,2030,206,21,21,,-0.009949019789656842,0.0,0.0
4942,battery,2030,206,22,22,,-0.009949019789656842,0.0,0.0
4943,battery,2030,206,23,23,,-0.009949019789656842,0.0,0.0
4944,battery,2030,206,24,24,,-0.009949019789656842,0.0,0.0
4945,battery,2030,207,1,1,,-0.013359647758120362,0.0,0.0
4946,battery,2030,207,2,2,,-0.013359647758120362,0.0,0.0
4947,battery,2030,207,3,3,,-0.012057082101703628,0.0,0.0
4948,battery,2030,207,4,4,,-0.012057082101703628,0.0,0.0
4949,battery,2030,207,5,5,,-0.012057082101703628,0.0,0.0
4950,battery,2030,207,6,6,,-0.012057082101703628,-0.004822832840681454,0.0
4951,battery,2030,207,7,7,,-0.016879914942385082,0.0,0.0
4952,battery,2030,207,8,8,,-0.016879914942385082,0.0,0.0
4953,battery,2030,207,9,9,,-0.016879914942385082,0.0,0.0
4954,battery,2030,207,10,10,,-0.016879914942385082,0.0,0.0
4955,battery,2030,207,11,11,,-0.016879914942385082,0.0,0.0
4956,battery,2030,207,12,12,,-0.016879914942385082,0.0,0.0
4957,battery,2030,207,13,13,,-0.016879914942385082,0.0,0.0
4958,battery,2030,207,14,14,,-0.016879914942385082,0.0,0.0
4959,battery,2030,207,15,15,,-0.016879914942385082,0.0,0.0
4960,battery,2030,207,16,16,,-0.016879914942385082,0.0,0.0
4961,battery,2030,207,17,17,,-0.016879914942385082,0.0,0.0
4962,battery,2030,207,18,18,,-0.016879914942385082,0.0,0.0
4963,battery,2030,207,19,19,,-0.013359647758120362,0.0,0.0
4964,battery,2030,207,20,20,,-0.012057082101703628,0.0,0.0
4965,battery,2030,207,21,21,,-0.012057082101703628,0.0,0.0
4966,battery,2030,207,22,22,,-0.012057082101703628,0.0,0.0
4967,battery,2030,207,23,23,,-0.012057082101703628,0.0,0.0
4968,battery,2030,207,24,24,,-0.012057082101703628,0.0,0.0
4969,battery,2030,208,1,1,,-0.009736655031715493,0.0,0.0
4970,battery,2030,208,2,2,,-0.009736655031715493,0.0,0.0
4971,battery,2030,208,3,3,,-0.008787331166123234,0.0,0.0
4972,battery,2030,208,4,4,,-0.008787331166123234,0.0,0.0
4973,battery,2030,208,5,5,,-0.008787331166123234,0.0,0.0
4974,battery,2030,208,6,6,,-0.008787331166123234,0.0,0.0
4975,battery,2030,208,7,7,,-0.008787331166123234,0.0,0.0
4976,battery,2030,208,8,8,,-0.008787331166123234,0.0,0.0
4977,battery,2030,208,9,9,,-0.008787331166123234,0.0,0.0
4978,battery,2030,208,10,10,,-0.008787331166123234,0.0,0.0
4979,battery,2030,208,11,11,,-0.008787331166123234,0.0,0.0
4980,battery,2030,208,12,12,,-0.008787331166123234,0.0,0.0
4981,battery,2030,208,13,13,,-0.008787331166123234,0.0,0.0
4982,battery,2030,208,14,14,,-0.008787331166123234,0.0,0.0
4983,battery,2030,208,15,15,,-0.008787331166123234,0.0,0.0
4984,battery,2030,208,16,16,,-0.008787331166123234,0.0,0.0
4985,battery,2030,208,17,17,,-0.008787331166123234,0.0,0.0
4986,battery,2030,208,18,18,,-0.008787331166123234,0.0,0.0
4987,battery,2030,208,19,19,,-0.008787331166123234,0.0,0.0
4988,battery,2030,208,20,20,,-0.008787331166123234,0.0,0.0
4989,battery,2030,208,21,21,,-0.008787331166123234,0.0,0.0
4990,battery,2030,208,22,22,,-0.008787331166123234,0.0,0.0
4991,battery,2030,208,23,23,,-0.008787331166123234,0.0,0.0
4992,battery,2030,208,24,24,,0.0,0.0,0.0
4993,battery,2030,209,1,1,,-0.008209828777867651,0.0,0.0
4994,battery,2030,209,2,2,,-0.007409370472025557,0.0,0.0
4995,battery,2030,209,3,3,,-0.007409370472025557,0.0,0.0
4996,battery,2030,209,4,4,,-0.007409370472025557,0.0,0.0
4997,battery,2030,209,5,5,,-0.007409370472025557,0.0,0.0
4998,battery,2030,209,6,6,,-0.00032839315111470605,0.0,0.0
4999,battery,2030,209,7,7,,-0.00032839315111470605,-0.00708097732091085,0.0
5000,battery,2030,209,8,8,,-0.007409370472025557,0.0,0.0
5001,battery,2030,209,9,9,,-0.007409370472025557,0.0,0.0
5002,battery,2030,209,10,10,,-0.007409370472025557,0.0,0.0
5003,battery,2030,209,11,11,,-0.007409370472025557,0.0,0.0
5004,battery,2030,209,12,12,,-0.007409370472025557,0.0,0.0
5005,battery,2030,209,13,13,,-0.007409370472025557,0.0,0.0
5006,battery,2030,209,14,14,,-0.007409370472025557,0.0,0.0
5007,battery,2030,209,15,15,,-0.007409370472025557,0.0,0.0
5008,battery,2030,209,16,16,,-0.007409370472025557,0.0,0.0
5009,battery,2030,209,17,17,,-0.007409370472025557,0.0,0.0
5010,battery,2030,209,18,18,,-0.007409370472025557,0.0,0.0
5011,battery,2030,209,19,19,,-0.007409370472025557,0.0,0.0
5012,battery,2030,209,20,20,,-0.007409370472025557,0.0,0.0
5013,battery,2030,209,21,21,,-0.007409370472025557,0.0,0.0
5014,battery,2030,209,22,22,,-0.007409370472025557,0.0,0.0
5015,battery,2030,209,23,23,,-0.007409370472025557,0.0,0.0
5016,battery,2030,209,24,24,,0.0,0.0,0.0
5017,battery,2030,210,1,1,,-0.007774267403369244,0.0,0.0
5018,battery,2030,210,2,2,,-0.007774267403369244,0.0,0.0
5019,battery,2030,210,3,3,,-0.007774267403369244,0.0,0.0
5020,battery,2030,210,4,4,,-0.007016276331540744,0.0,0.0
5021,battery,2030,210,5,5,,-0.007016276331540744,0.0,0.0
5022,battery,2030,210,6,6,,-0.007016276331540744,-0.002806510532616292,0.0
5023,battery,2030,210,7,7,,-0.009822786864157036,0.0,0.0
5024,battery,2030,210,8,8,,-0.009822786864157036,0.0,0.0
5025,battery,2030,210,9,9,,-0.009822786864157036,0.0,0.0
5026,battery,2030,210,10,10,,-0.009822786864157036,0.0,0.0
5027,battery,2030,210,11,11,,-0.009822786864157036,0.0,0.0
5028,battery,2030,210,12,12,,-0.007774267403369244,0.0,0.0
5029,battery,2030,210,13,13,,-0.007774267403369244,0.0,0.0
5030,battery,2030,210,14,14,,-0.007016276331540744,0.0,0.0
5031,battery,2030,210,15,15,,-0.007016276331540744,0.0,0.0
5032,battery,2030,210,16,16,,-0.007016276331540744,0.0,0.0
5033,battery,2030,210,17,17,,-0.007016276331540744,0.0,0.0
5034,battery,2030,210,18,18,,-0.007016276331540744,0.0,0.0
5035,battery,2030,210,19,19,,-0.007016276331540744,0.0,0.0
5036,battery,2030,210,20,20,,-0.007016276331540744,0.0,0.0
5037,battery,2030,210,21,21,,-0.007016276331540744,0.0,0.0
5038,battery,2030,210,22,22,,-0.007016276331540744,0.0,0.0
5039,battery,2030,210,23,23,,-0.007016276331540744,0.0,0.0
5040,battery,2030,210,24,24,,0.0,0.0,0.0
5041,battery,2030,211,1,1,,-0.023438997968496404,0.0,0.0
5042,battery,2030,211,2,2,,-0.023438997968496404,0.0,0.0
5043,battery,2030,211,3,3,,-0.023438997968496404,0.0,0.0
5044,battery,2030,211,4,4,,-0.023438997968496404,0.0,0.0
5045,battery,2030,211,5,5,,-0.023438997968496404,0.0,0.0
5046,battery,2030,211,6,6,,-0.023438997968496404,0.0,0.0
5047,battery,2030,211,7,7,,-0.023438997968496404,0.0,0.0
5048,battery,2030,211,8,8,,-0.023438997968496404,0.0,0.0
5049,battery,2030,211,9,9,,-0.023438997968496404,0.0,0.0
5050,battery,2030,211,10,10,,-0.023438997968496404,0.0,0.0
5051,battery,2030,211,11,11,,-0.023438997968496404,0.0,0.0
5052,battery,2030,211,12,12,,-0.023438997968496404,0.0,0.0
5053,battery,2030,211,13,13,,-0.023438997968496404,0.0,0.0
5054,battery,2030,211,14,14,,-0.023438997968496404,0.0,0.0
5055,battery,2030,211,15,15,,-0.023438997968496404,0.0,0.0
5056,battery,2030,211,16,16,,-0.023438997968496404,0.0,0.0
5057,battery,2030,211,17,17,,-0.023438997968496404,0.0,0.0
5058,battery,2030,211,18,18,,-0.023438997968496404,0.0,0.0
5059,battery,2030,211,19,19,,-0.023438997968496404,0.0,0.0
5060,battery,2030,211,20,20,,-0.023438997968496404,0.0,0.0
5061,battery,2030,211,21,21,,-0.023438997968496404,0.0,0.0
5062,battery,2030,211,22,22,,-0.023438997968496404,0.0,0.0
5063,battery,2030,211,23,23,,-0.023438997968496404,0.0,0.0
5064,battery,2030,211,24,24,,-0.023438997968496404,0.0,0.0
5065,battery,2030,212,1,1,,-0.014663327148879296,0.0,0.0
5066,battery,2030,212,2,2,,-0.013233652751863566,0.0,0.0
5067,battery,2030,212,3,3,,-0.013233652751863566,0.0,0.0
5068,battery,2030,212,4,4,,-0.013233652751863566,0.0,0.0
5069,battery,2030,212,5,5,,-0.013233652751863566,0.0,0.0
5070,battery,2030,212,6,6,,-0.0005865330859551718,0.0,0.0
5071,battery,2030,212,7,7,,-0.0005865330859551718,-0.012647119665908394,0.0
5072,battery,2030,212,8,8,,-0.013233652751863566,0.0,0.0
5073,battery,2030,212,9,9,,-0.013233652751863566,0.0,0.0
5074,battery,2030,212,10,10,,-0.013233652751863566,0.0,0.0
5075,battery,2030,212,11,11,,-0.013233652751863566,0.0,0.0
5076,battery,2030,212,12,12,,-0.013233652751863566,0.0,0.0
5077,battery,2030,212,13,13,,-0.013233652751863566,0.0,0.0
5078,battery,2030,212,14,14,,-0.013233652751863566,0.0,0.0
5079,battery,2030,212,15,15,,-0.013233652751863566,0.0,0.0
5080,battery,2030,212,16,16,,-0.013233652751863566,0.0,0.0
5081,battery,2030,212,17,17,,-0.013233652751863566,0.0,0.0
5082,battery,2030,212,18,18,,-0.013233652751863566,0.0,0.0
5083,battery,2030,212,19,19,,-0.013233652751863566,0.0,0.0
5084,battery,2030,212,20,20,,-0.013233652751863566,0.0,0.0
5085,battery,2030,212,21,21,,-0.013233652751863566,0.0,0.0
5086,battery,2030,212,22,22,,-0.013233652751863566,0.0,0.0
5087,battery,2030,212,23,23,,-0.013233652751863566,0.0,0.0
5088,battery,2030,212,24,24,,-0.013233652751863566,0.0,0.0
5089,battery,2030,213,1,1,,-0.008680030313480653,0.0,0.0
5090,battery,2030,213,2,2,,-0.008680030313480653,0.0,0.0
5091,battery,2030,213,3,3,,-0.008680030313480653,0.0,0.0
5092,battery,2030,213,4,4,,-0.007833727357916289,0.0,0.0
5093,battery,2030,213,5,5,,-0.007833727357916289,0.0,0.0
5094,battery,2030,213,6,6,,-0.007833727357916289,0.0,0.0
5095,battery,2030,213,7,7,,-0.007833727357916289,0.0,0.0
5096,battery,2030,213,8,8,,-0.007833727357916289,0.0,0.0
5097,battery,2030,213,9,9,,-0.007833727357916289,-0.003133490943166511,0.0
5098,battery,2030,213,10,10,,-0.0109672183010828,0.0,0.0
5099,battery,2030,213,11,11,,-0.0109672183010828,0.0,0.0
5100,battery,2030,213,12,12,,-0.0109672183010828,0.0,0.0
5101,battery,2030,213,13,13,,-0.0109672183010828,0.0,0.0
5102,battery,2030,213,14,14,,-0.0109672183010828,0.0,0.0
5103,battery,2030,213,15,15,,-0.0109672183010828,0.0,0.0
5104,battery,2030,213,16,16,,-0.0109672183010828,0.0,0.0
5105,battery,2030,213,17,17,,-0.0109672183010828,0.0,0.0
5106,battery,2030,213,18,18,,-0.0109672183010828,0.0,0.0
5107,battery,2030,213,19,19,,-0.0109672183010828,0.0,0.0
5108,battery,2030,213,20,20,,-0.010967218301082805,0.0,0.0
5109,battery,2030,213,21,21,,-0.008680030313480653,0.0,0.0
5110,battery,2030,213,22,22,,-0.007833727357916289,0.0,0.0
5111,battery,2030,213,23,23,,-0.007833727357916289,0.0,0.0
5112,battery,2030,213,24,24,,-0.007833727357916289,0.0,0.0
5113,battery,2030,214,1,1,,-0.004991331633983803,0.0,0.0
5114,battery,2030,214,2,2,,-0.004991331633983803,0.0,0.0
5115,battery,2030,214,3,3,,-0.004991331633983803,0.0,0.0
5116,battery,2030,214,4,4,,-0.004991331633983803,0.0,0.0
5117,battery,2030,214,5,5,,-0.004991331633983803,0.0,0.0
5118,battery,2030,214,6,6,,-0.004991331633983803,0.0,0.0
5119,battery,2030,214,7,7,,-0.004991331633983803,0.0,0.0
5120,battery,2030,214,8,8,,-0.004991331633983803,0.0,0.0
5121,battery,2030,214,9,9,,-0.004991331633983803,0.0,0.0
5122,battery,2030,214,10,10,,-0.004991331633983803,0.0,0.0
5123,battery,2030,214,11,11,,-0.004991331633983803,0.0,0.0
5124,battery,2030,214,12,12,,-0.004991331633983803,0.0,0.0
5125,battery,2030,214,13,13,,-0.004991331633983803,0.0,0.0
5126,battery,2030,214,14,14,,-0.004991331633983803,0.0,0.0
5127,battery,2030,214,15,15,,-0.004991331633983803,0.0,0.0
5128,battery,2030,214,16,16,,-0.004991331633983803,0.0,0.0
5129,battery,2030,214,17,17,,-0.004991331633983803,0.0,0.0
5130,battery,2030,214,18,18,,-0.004991331633983803,0.0,0.0
5131,battery,2030,214,19,19,,-0.004991331633983803,0.0,0.0
5132,battery,2030,214,20,20,,-0.004991331633983803,0.0,0.0
5133,battery,2030,214,21,21,,-0.004991331633983803,0.0,0.0
5134,battery,2030,214,22,22,,-0.004991331633983803,0.0,0.0
5135,battery,2030,214,23,23,,-0.004991331633983803,0.0,0.0
5136,battery,2030,214,24,24,,0.0,0.0,0.0
5137,battery,2030,215,1,1,,-0.009124272232621437,0.0,0.0
5138,battery,2030,215,2,2,,-0.009124272232621437,0.0,0.0
5139,battery,2030,215,3,3,,-0.009124272232621437,0.0,0.0
5140,battery,2030,215,4,4,,-0.008234655689940848,0.0,0.0
5141,battery,2030,215,5,5,,-0.008234655689940848,-0.0032938622759763336,0.0
5142,battery,2030,215,6,6,,-0.011528517965917182,0.0,0.0
5143,battery,2030,215,7,7,,-0.011528517965917182,0.0,0.0
5144,battery,2030,215,8,8,,-0.011528517965917182,0.0,0.0
5145,battery,2030,215,9,9,,-0.011528517965917182,0.0,0.0
5146,battery,2030,215,10,10,,-0.011528517965917182,0.0,0.0
5147,battery,2030,215,11,11,,-0.011528517965917182,0.0,0.0
5148,battery,2030,215,12,12,,-0.011528517965917182,0.0,0.0
5149,battery,2030,215,13,13,,-0.011528517965917182,0.0,0.0
5150,battery,2030,215,14,14,,-0.011528517965917182,0.0,0.0
5151,battery,2030,215,15,15,,-0.011528517965917182,0.0,0.0
5152,battery,2030,215,16,16,,-0.011528517965917182,0.0,0.0
5153,battery,2030,215,17,17,,-0.011528517965917182,0.0,0.0
5154,battery,2030,215,18,18,,-0.011528517965917182,0.0,0.0
5155,battery,2030,215,19,19,,-0.011528517965917182,0.0,0.0
5156,battery,2030,215,20,20,,-0.009124272232621437,0.0,0.0
5157,battery,2030,215,21,21,,-0.008234655689940848,0.0,0.0
5158,battery,2030,215,22,22,,-0.008234655689940848,0.0,0.0
5159,battery,2030,215,23,23,,-0.008234655689940848,0.0,0.0
5160,battery,2030,215,24,24,,-0.008234655689940848,0.0,0.0
5161,battery,2030,216,1,1,,-0.06912823036466843,0.0,0.0
5162,battery,2030,216,2,2,,-0.06238822790411327,0.0,0.0
5163,battery,2030,216,3,3,,-0.06238822790411327,0.0,0.0
5164,battery,2030,216,4,4,,-0.06238822790411327,0.0,0.0
5165,battery,2030,216,5,5,,-0.06238822790411327,0.0,0.0
5166,battery,2030,216,6,6,,-0.06238822790411327,0.0,0.0
5167,battery,2030,216,7,7,,-0.06238822790411327,-0.024955291161645236,0.0
5168,battery,2030,216,8,8,,-0.0873435190657585,0.0,0.0
5169,battery,2030,216,9,9,,-0.0873435190657585,0.0,0.0
5170,battery,2030,216,10,10,,-0.0873435190657585,0.0,0.0
5171,battery,2030,216,11,11,,-0.0873435190657585,0.0,0.0
5172,battery,2030,216,12,12,,-0.0873435190657585,0.0,0.0
5173,battery,2030,216,13,13,,-0.0873435190657585,0.0,0.0
5174,battery,2030,216,14,14,,-0.0873435190657585,0.0,0.0
5175,battery,2030,216,15,15,,-0.0873435190657585,0.0,0.0
5176,battery,2030,216,16,16,,-0.06238822790411327,0.0,0.0
5177,battery,2030,216,17,17,,-0.06238822790411327,0.0,0.0
5178,battery,2030,216,18,18,,-0.06238822790411327,0.0,0.0
5179,battery,2030,216,19,19,,-0.06238822790411327,0.0,0.0
5180,battery,2030,216,20,20,,-0.06238822790411327,0.0,0.0
5181,battery,2030,216,21,21,,-0.06238822790411327,0.0,0.0
5182,battery,2030,216,22,22,,-0.06238822790411327,0.0,0.0
5183,battery,2030,216,23,23,,-0.06238822790411327,0.0,0.0
5184,battery,2030,216,24,24,,-0.06238822790411327,0.0,0.0
