id,asset,milestone_year,rep_period,time_block_start,time_block_end,solution
1,h2_storage,2030,1,1,1,-0.032253968750218354
2,h2_storage,2030,1,2,2,-0.032253968750218354
3,h2_storage,2030,1,3,3,-0.02826297529706409
4,h2_storage,2030,1,4,4,-0.02427198184390983
5,h2_storage,2030,1,5,5,-0.020280988390755567
6,h2_storage,2030,1,6,6,-0.016289994937601304
7,h2_storage,2030,1,7,7,-0.012299001484447042
8,h2_storage,2030,1,8,8,-0.00830800803129278
9,h2_storage,2030,1,9,9,-0.004317014578138517
10,h2_storage,2030,1,10,10,-0.004317014578138517
11,h2_storage,2030,1,11,11,-0.004317014578138517
12,h2_storage,2030,1,12,12,-0.004317014578138517
13,h2_storage,2030,1,13,13,-0.004317014578138517
14,h2_storage,2030,1,14,14,-0.004317014578138517
15,h2_storage,2030,1,15,15,-0.004317014578138517
16,h2_storage,2030,1,16,16,-0.004317014578138517
17,h2_storage,2030,1,17,17,-0.004317014578138517
18,h2_storage,2030,1,18,18,-0.004317014578138517
19,h2_storage,2030,1,19,19,-0.004317014578138517
20,h2_storage,2030,1,20,20,-0.004317014578138517
21,h2_storage,2030,1,21,21,-0.00032602112498393565
22,h2_storage,2030,1,22,22,0.0036649723281703267
23,h2_storage,2030,1,23,23,0.007655965781324589
24,h2_storage,2030,1,24,24,0.011646959234478851
25,h2_storage,2030,2,1,1,-5.775128153369131e-05
26,h2_storage,2030,2,2,2,-5.775128153369131e-05
27,h2_storage,2030,2,3,3,-5.775128153369131e-05
28,h2_storage,2030,2,4,4,-5.775128153369131e-05
29,h2_storage,2030,2,5,5,-5.775128153369131e-05
30,h2_storage,2030,2,6,6,-5.775128153369131e-05
31,h2_storage,2030,2,7,7,-5.775128153369131e-05
32,h2_storage,2030,2,8,8,-5.775128153369131e-05
33,h2_storage,2030,2,9,9,-5.775128153369131e-05
34,h2_storage,2030,2,10,10,-5.775128153369131e-05
35,h2_storage,2030,2,11,11,-5.775128153369131e-05
36,h2_storage,2030,2,12,12,-5.775128153369131e-05
37,h2_storage,2030,2,13,13,-5.775128153369131e-05
38,h2_storage,2030,2,14,14,-5.775128153369131e-05
39,h2_storage,2030,2,15,15,-5.775128153369131e-05
40,h2_storage,2030,2,16,16,-5.775128153369131e-05
41,h2_storage,2030,2,17,17,-5.775128153369131e-05
42,h2_storage,2030,2,18,18,-5.775128153369131e-05
43,h2_storage,2030,2,19,19,-5.775128153369131e-05
44,h2_storage,2030,2,20,20,-5.775128153369131e-05
45,h2_storage,2030,2,21,21,-5.775128153369131e-05
46,h2_storage,2030,2,22,22,-5.775128153369131e-05
47,h2_storage,2030,2,23,23,-5.775128153369131e-05
48,h2_storage,2030,2,24,24,-5.775128153369131e-05
49,h2_storage,2030,3,1,1,0.003990993453154262
50,h2_storage,2030,3,2,2,0.007981986906308525
51,h2_storage,2030,3,3,3,0.011972980359462787
52,h2_storage,2030,3,4,4,0.01596397381261705
53,h2_storage,2030,3,5,5,0.019954967265771312
54,h2_storage,2030,3,6,6,0.023945960718925574
55,h2_storage,2030,3,7,7,0.027936954172079836
56,h2_storage,2030,3,8,8,0.0319279476252341
57,h2_storage,2030,3,9,9,0.0319279476252341
58,h2_storage,2030,3,10,10,0.0319279476252341
59,h2_storage,2030,3,11,11,0.0319279476252341
60,h2_storage,2030,3,12,12,0.0319279476252341
61,h2_storage,2030,3,13,13,0.0319279476252341
62,h2_storage,2030,3,14,14,0.0319279476252341
63,h2_storage,2030,3,15,15,0.0319279476252341
64,h2_storage,2030,3,16,16,0.0319279476252341
65,h2_storage,2030,3,17,17,0.0319279476252341
66,h2_storage,2030,3,18,18,0.0319279476252341
67,h2_storage,2030,3,19,19,0.0319279476252341
68,h2_storage,2030,3,20,20,0.0319279476252341
69,h2_storage,2030,3,21,21,0.0319279476252341
70,h2_storage,2030,3,22,22,0.0319279476252341
71,h2_storage,2030,3,23,23,0.0319279476252341
72,h2_storage,2030,3,24,24,0.0319279476252341
73,h2_storage,2030,4,1,1,0.0
74,h2_storage,2030,4,2,2,0.0
75,h2_storage,2030,4,3,3,0.0
76,h2_storage,2030,4,4,4,0.0
77,h2_storage,2030,4,5,5,0.0
78,h2_storage,2030,4,6,6,0.0
79,h2_storage,2030,4,7,7,0.0
80,h2_storage,2030,4,8,8,0.0
81,h2_storage,2030,4,9,9,0.0
82,h2_storage,2030,4,10,10,0.0
83,h2_storage,2030,4,11,11,0.0
84,h2_storage,2030,4,12,12,0.0
85,h2_storage,2030,4,13,13,0.0
86,h2_storage,2030,4,14,14,0.0
87,h2_storage,2030,4,15,15,0.0
88,h2_storage,2030,4,16,16,0.0
89,h2_storage,2030,4,17,17,0.0
90,h2_storage,2030,4,18,18,0.0
91,h2_storage,2030,4,19,19,0.0
92,h2_storage,2030,4,20,20,0.0
93,h2_storage,2030,4,21,21,0.0
94,h2_storage,2030,4,22,22,0.0
95,h2_storage,2030,4,23,23,0.0
96,h2_storage,2030,4,24,24,0.0
97,h2_storage,2030,5,1,1,0.003990993453154262
98,h2_storage,2030,5,2,2,0.007981986906308525
99,h2_storage,2030,5,3,3,0.011972980359462787
100,h2_storage,2030,5,4,4,0.011972980359462787
101,h2_storage,2030,5,5,5,0.011972980359462787
102,h2_storage,2030,5,6,6,0.011972980359462787
103,h2_storage,2030,5,7,7,0.011972980359462787
104,h2_storage,2030,5,8,8,0.011972980359462787
105,h2_storage,2030,5,9,9,0.011972980359462787
106,h2_storage,2030,5,10,10,0.011972980359462787
107,h2_storage,2030,5,11,11,0.011972980359462787
108,h2_storage,2030,5,12,12,0.011972980359462787
109,h2_storage,2030,5,13,13,0.011972980359462787
110,h2_storage,2030,5,14,14,0.011972980359462787
111,h2_storage,2030,5,15,15,0.011972980359462787
112,h2_storage,2030,5,16,16,0.011972980359462787
113,h2_storage,2030,5,17,17,0.011972980359462787
114,h2_storage,2030,5,18,18,0.011972980359462787
115,h2_storage,2030,5,19,19,0.011972980359462787
116,h2_storage,2030,5,20,20,0.011972980359462787
117,h2_storage,2030,5,21,21,0.011972980359462787
118,h2_storage,2030,5,22,22,0.011972980359462787
119,h2_storage,2030,5,23,23,0.011972980359462787
120,h2_storage,2030,5,24,24,0.011972980359462787
121,h2_storage,2030,6,1,1,-0.0638167171262309
122,h2_storage,2030,6,2,2,-0.0638167171262309
123,h2_storage,2030,6,3,3,-0.0638167171262309
124,h2_storage,2030,6,4,4,-0.0638167171262309
125,h2_storage,2030,6,5,5,-0.0638167171262309
126,h2_storage,2030,6,6,6,-0.0638167171262309
127,h2_storage,2030,6,7,7,-0.0638167171262309
128,h2_storage,2030,6,8,8,-0.0638167171262309
129,h2_storage,2030,6,9,9,-0.0638167171262309
130,h2_storage,2030,6,10,10,-0.0638167171262309
131,h2_storage,2030,6,11,11,-0.0638167171262309
132,h2_storage,2030,6,12,12,-0.0638167171262309
133,h2_storage,2030,6,13,13,-0.0638167171262309
134,h2_storage,2030,6,14,14,-0.0638167171262309
135,h2_storage,2030,6,15,15,-0.0638167171262309
136,h2_storage,2030,6,16,16,-0.0638167171262309
137,h2_storage,2030,6,17,17,-0.0638167171262309
138,h2_storage,2030,6,18,18,-0.0638167171262309
139,h2_storage,2030,6,19,19,-0.0638167171262309
140,h2_storage,2030,6,20,20,-0.0638167171262309
141,h2_storage,2030,6,21,21,-0.0638167171262309
142,h2_storage,2030,6,22,22,-0.0638167171262309
143,h2_storage,2030,6,23,23,-0.0638167171262309
144,h2_storage,2030,6,24,24,-0.061728219328005866
145,h2_storage,2030,7,1,1,0.0
146,h2_storage,2030,7,2,2,0.0
147,h2_storage,2030,7,3,3,0.0
148,h2_storage,2030,7,4,4,0.0
149,h2_storage,2030,7,5,5,0.0
150,h2_storage,2030,7,6,6,0.0
151,h2_storage,2030,7,7,7,0.0
152,h2_storage,2030,7,8,8,0.0
153,h2_storage,2030,7,9,9,0.0
154,h2_storage,2030,7,10,10,0.0
155,h2_storage,2030,7,11,11,0.0
156,h2_storage,2030,7,12,12,0.0
157,h2_storage,2030,7,13,13,0.0
158,h2_storage,2030,7,14,14,0.0
159,h2_storage,2030,7,15,15,0.0
160,h2_storage,2030,7,16,16,0.0
161,h2_storage,2030,7,17,17,0.0
162,h2_storage,2030,7,18,18,0.0
163,h2_storage,2030,7,19,19,0.0
164,h2_storage,2030,7,20,20,0.0
165,h2_storage,2030,7,21,21,0.0
166,h2_storage,2030,7,22,22,0.0
167,h2_storage,2030,7,23,23,0.0
168,h2_storage,2030,7,24,24,0.0
169,h2_storage,2030,8,1,1,0.0
170,h2_storage,2030,8,2,2,0.0
171,h2_storage,2030,8,3,3,0.0
172,h2_storage,2030,8,4,4,0.0
173,h2_storage,2030,8,5,5,0.0
174,h2_storage,2030,8,6,6,0.0
175,h2_storage,2030,8,7,7,0.0
176,h2_storage,2030,8,8,8,0.0
177,h2_storage,2030,8,9,9,0.0
178,h2_storage,2030,8,10,10,0.0
179,h2_storage,2030,8,11,11,0.0
180,h2_storage,2030,8,12,12,0.0
181,h2_storage,2030,8,13,13,0.0
182,h2_storage,2030,8,14,14,0.0
183,h2_storage,2030,8,15,15,0.0
184,h2_storage,2030,8,16,16,0.0
185,h2_storage,2030,8,17,17,0.0
186,h2_storage,2030,8,18,18,0.0
187,h2_storage,2030,8,19,19,0.0
188,h2_storage,2030,8,20,20,0.0
189,h2_storage,2030,8,21,21,0.0
190,h2_storage,2030,8,22,22,0.0
191,h2_storage,2030,8,23,23,0.0
192,h2_storage,2030,8,24,24,0.0
193,h2_storage,2030,9,1,1,0.0
194,h2_storage,2030,9,2,2,0.0
195,h2_storage,2030,9,3,3,0.0
196,h2_storage,2030,9,4,4,0.0
197,h2_storage,2030,9,5,5,0.0
198,h2_storage,2030,9,6,6,0.0
199,h2_storage,2030,9,7,7,0.0
200,h2_storage,2030,9,8,8,0.0
201,h2_storage,2030,9,9,9,0.0
202,h2_storage,2030,9,10,10,0.0
203,h2_storage,2030,9,11,11,0.0
204,h2_storage,2030,9,12,12,0.0
205,h2_storage,2030,9,13,13,0.0
206,h2_storage,2030,9,14,14,0.0
207,h2_storage,2030,9,15,15,0.0
208,h2_storage,2030,9,16,16,0.0
209,h2_storage,2030,9,17,17,0.0
210,h2_storage,2030,9,18,18,0.0
211,h2_storage,2030,9,19,19,0.0
212,h2_storage,2030,9,20,20,0.0
213,h2_storage,2030,9,21,21,0.0
214,h2_storage,2030,9,22,22,0.0
215,h2_storage,2030,9,23,23,0.0
216,h2_storage,2030,9,24,24,0.0
217,h2_storage,2030,10,1,1,0.0
218,h2_storage,2030,10,2,2,0.0
219,h2_storage,2030,10,3,3,0.0
220,h2_storage,2030,10,4,4,0.0
221,h2_storage,2030,10,5,5,0.0
222,h2_storage,2030,10,6,6,0.0
223,h2_storage,2030,10,7,7,0.0
224,h2_storage,2030,10,8,8,0.0
225,h2_storage,2030,10,9,9,0.0
226,h2_storage,2030,10,10,10,0.0
227,h2_storage,2030,10,11,11,0.0
228,h2_storage,2030,10,12,12,0.0
229,h2_storage,2030,10,13,13,0.0
230,h2_storage,2030,10,14,14,0.0
231,h2_storage,2030,10,15,15,0.0
232,h2_storage,2030,10,16,16,0.0
233,h2_storage,2030,10,17,17,0.0
234,h2_storage,2030,10,18,18,0.0
235,h2_storage,2030,10,19,19,0.0
236,h2_storage,2030,10,20,20,0.0
237,h2_storage,2030,10,21,21,0.0
238,h2_storage,2030,10,22,22,0.0
239,h2_storage,2030,10,23,23,0.0
240,h2_storage,2030,10,24,24,0.003990993453154251
241,h2_storage,2030,11,1,1,0.0
242,h2_storage,2030,11,2,2,0.003990993453154262
243,h2_storage,2030,11,3,3,0.007981986906308525
244,h2_storage,2030,11,4,4,0.011972980359462787
245,h2_storage,2030,11,5,5,0.01596397381261705
246,h2_storage,2030,11,6,6,0.019954967265771312
247,h2_storage,2030,11,7,7,0.019954967265771312
248,h2_storage,2030,11,8,8,0.019954967265771312
249,h2_storage,2030,11,9,9,0.019954967265771312
250,h2_storage,2030,11,10,10,0.019954967265771312
251,h2_storage,2030,11,11,11,0.019954967265771312
252,h2_storage,2030,11,12,12,0.019954967265771312
253,h2_storage,2030,11,13,13,0.019954967265771312
254,h2_storage,2030,11,14,14,0.019954967265771312
255,h2_storage,2030,11,15,15,0.019954967265771312
256,h2_storage,2030,11,16,16,0.019954967265771312
257,h2_storage,2030,11,17,17,0.019954967265771312
258,h2_storage,2030,11,18,18,0.019954967265771312
259,h2_storage,2030,11,19,19,0.019954967265771312
260,h2_storage,2030,11,20,20,0.019954967265771312
261,h2_storage,2030,11,21,21,0.019954967265771312
262,h2_storage,2030,11,22,22,0.019954967265771312
263,h2_storage,2030,11,23,23,0.019954967265771312
264,h2_storage,2030,11,24,24,0.019954967265771312
265,h2_storage,2030,12,1,1,0.0
266,h2_storage,2030,12,2,2,0.0
267,h2_storage,2030,12,3,3,0.0
268,h2_storage,2030,12,4,4,0.0
269,h2_storage,2030,12,5,5,0.0
270,h2_storage,2030,12,6,6,0.0
271,h2_storage,2030,12,7,7,0.0
272,h2_storage,2030,12,8,8,0.0
273,h2_storage,2030,12,9,9,0.0
274,h2_storage,2030,12,10,10,0.0
275,h2_storage,2030,12,11,11,0.0
276,h2_storage,2030,12,12,12,0.0
277,h2_storage,2030,12,13,13,0.0
278,h2_storage,2030,12,14,14,0.0
279,h2_storage,2030,12,15,15,0.0
280,h2_storage,2030,12,16,16,0.0
281,h2_storage,2030,12,17,17,0.0
282,h2_storage,2030,12,18,18,0.0
283,h2_storage,2030,12,19,19,0.0
284,h2_storage,2030,12,20,20,0.0
285,h2_storage,2030,12,21,21,0.0
286,h2_storage,2030,12,22,22,0.0
287,h2_storage,2030,12,23,23,0.0
288,h2_storage,2030,12,24,24,0.0
289,h2_storage,2030,13,1,1,-0.0008574747350776979
290,h2_storage,2030,13,2,2,-0.0008574747350776979
291,h2_storage,2030,13,3,3,-0.0008574747350776979
292,h2_storage,2030,13,4,4,-0.0008574747350776979
293,h2_storage,2030,13,5,5,-0.0008574747350776979
294,h2_storage,2030,13,6,6,-0.0008574747350776979
295,h2_storage,2030,13,7,7,-0.0008574747350776979
296,h2_storage,2030,13,8,8,-0.0008574747350776979
297,h2_storage,2030,13,9,9,-0.0008574747350776979
298,h2_storage,2030,13,10,10,-0.0008574747350776979
299,h2_storage,2030,13,11,11,-0.0008574747350776979
300,h2_storage,2030,13,12,12,-0.0008574747350776979
301,h2_storage,2030,13,13,13,-0.0008574747350776979
302,h2_storage,2030,13,14,14,-0.0008574747350776979
303,h2_storage,2030,13,15,15,-0.0008574747350776979
304,h2_storage,2030,13,16,16,-0.0008574747350776979
305,h2_storage,2030,13,17,17,-0.0008574747350776979
306,h2_storage,2030,13,18,18,-0.0008574747350776979
307,h2_storage,2030,13,19,19,-0.0008574747350776979
308,h2_storage,2030,13,20,20,-0.0008574747350776979
309,h2_storage,2030,13,21,21,-0.0008574747350776979
310,h2_storage,2030,13,22,22,-0.0008574747350776979
311,h2_storage,2030,13,23,23,-0.0008574747350776979
312,h2_storage,2030,13,24,24,-0.0008574747350776979
313,h2_storage,2030,14,1,1,0.0
314,h2_storage,2030,14,2,2,0.0
315,h2_storage,2030,14,3,3,0.0
316,h2_storage,2030,14,4,4,0.0
317,h2_storage,2030,14,5,5,0.0
318,h2_storage,2030,14,6,6,0.0
319,h2_storage,2030,14,7,7,0.0
320,h2_storage,2030,14,8,8,0.0
321,h2_storage,2030,14,9,9,0.0
322,h2_storage,2030,14,10,10,0.0
323,h2_storage,2030,14,11,11,0.0
324,h2_storage,2030,14,12,12,0.0
325,h2_storage,2030,14,13,13,0.0
326,h2_storage,2030,14,14,14,0.0
327,h2_storage,2030,14,15,15,0.0
328,h2_storage,2030,14,16,16,0.0
329,h2_storage,2030,14,17,17,0.0
330,h2_storage,2030,14,18,18,0.0
331,h2_storage,2030,14,19,19,0.0
332,h2_storage,2030,14,20,20,0.0
333,h2_storage,2030,14,21,21,0.0
334,h2_storage,2030,14,22,22,0.0
335,h2_storage,2030,14,23,23,0.0
336,h2_storage,2030,14,24,24,0.0
337,h2_storage,2030,15,1,1,-0.031213228421422667
338,h2_storage,2030,15,2,2,-0.031213228421422667
339,h2_storage,2030,15,3,3,-0.031213228421422667
340,h2_storage,2030,15,4,4,-0.031213228421422667
341,h2_storage,2030,15,5,5,-0.031213228421422667
342,h2_storage,2030,15,6,6,-0.031213228421422667
343,h2_storage,2030,15,7,7,-0.031213228421422667
344,h2_storage,2030,15,8,8,-0.031213228421422667
345,h2_storage,2030,15,9,9,-0.031213228421422667
346,h2_storage,2030,15,10,10,-0.031213228421422667
347,h2_storage,2030,15,11,11,-0.031213228421422667
348,h2_storage,2030,15,12,12,-0.031213228421422667
349,h2_storage,2030,15,13,13,-0.031213228421422667
350,h2_storage,2030,15,14,14,-0.031213228421422667
351,h2_storage,2030,15,15,15,-0.031213228421422667
352,h2_storage,2030,15,16,16,-0.031213228421422667
353,h2_storage,2030,15,17,17,-0.031213228421422667
354,h2_storage,2030,15,18,18,-0.031213228421422667
355,h2_storage,2030,15,19,19,-0.031213228421422667
356,h2_storage,2030,15,20,20,-0.031213228421422667
357,h2_storage,2030,15,21,21,-0.031213228421422667
358,h2_storage,2030,15,22,22,-0.031213228421422667
359,h2_storage,2030,15,23,23,-0.031213228421422667
360,h2_storage,2030,15,24,24,-0.031213228421422667
361,h2_storage,2030,16,1,1,0.0
362,h2_storage,2030,16,2,2,0.0
363,h2_storage,2030,16,3,3,0.0
364,h2_storage,2030,16,4,4,0.0
365,h2_storage,2030,16,5,5,0.003990993453154262
366,h2_storage,2030,16,6,6,0.007981986906308525
367,h2_storage,2030,16,7,7,0.009592774643365035
368,h2_storage,2030,16,8,8,0.009592774643365035
369,h2_storage,2030,16,9,9,0.009592774643365035
370,h2_storage,2030,16,10,10,0.009592774643365035
371,h2_storage,2030,16,11,11,0.009592774643365035
372,h2_storage,2030,16,12,12,0.009592774643365035
373,h2_storage,2030,16,13,13,0.009592774643365035
374,h2_storage,2030,16,14,14,0.009592774643365035
375,h2_storage,2030,16,15,15,0.009592774643365035
376,h2_storage,2030,16,16,16,0.009592774643365035
377,h2_storage,2030,16,17,17,0.009592774643365035
378,h2_storage,2030,16,18,18,0.009592774643365035
379,h2_storage,2030,16,19,19,0.009592774643365035
380,h2_storage,2030,16,20,20,0.009592774643365035
381,h2_storage,2030,16,21,21,0.009592774643365035
382,h2_storage,2030,16,22,22,0.009592774643365035
383,h2_storage,2030,16,23,23,0.009592774643365035
384,h2_storage,2030,16,24,24,0.009592774643365035
385,h2_storage,2030,17,1,1,-0.021849341837097414
386,h2_storage,2030,17,2,2,-0.021849341837097414
387,h2_storage,2030,17,3,3,-0.021849341837097414
388,h2_storage,2030,17,4,4,-0.021849341837097414
389,h2_storage,2030,17,5,5,-0.01785834838394313
390,h2_storage,2030,17,6,6,-0.01785834838394313
391,h2_storage,2030,17,7,7,-0.01785834838394313
392,h2_storage,2030,17,8,8,-0.01785834838394313
393,h2_storage,2030,17,9,9,-0.01785834838394313
394,h2_storage,2030,17,10,10,-0.01785834838394313
395,h2_storage,2030,17,11,11,-0.01785834838394313
396,h2_storage,2030,17,12,12,-0.01785834838394313
397,h2_storage,2030,17,13,13,-0.01785834838394313
398,h2_storage,2030,17,14,14,-0.01785834838394313
399,h2_storage,2030,17,15,15,-0.01785834838394313
400,h2_storage,2030,17,16,16,-0.01785834838394313
401,h2_storage,2030,17,17,17,-0.01785834838394313
402,h2_storage,2030,17,18,18,-0.01785834838394313
403,h2_storage,2030,17,19,19,-0.01785834838394313
404,h2_storage,2030,17,20,20,-0.01785834838394313
405,h2_storage,2030,17,21,21,-0.01785834838394313
406,h2_storage,2030,17,22,22,-0.01785834838394313
407,h2_storage,2030,17,23,23,-0.01785834838394313
408,h2_storage,2030,17,24,24,-0.01785834838394313
409,h2_storage,2030,18,1,1,0.0
410,h2_storage,2030,18,2,2,0.0
411,h2_storage,2030,18,3,3,0.0
412,h2_storage,2030,18,4,4,0.0
413,h2_storage,2030,18,5,5,0.0
414,h2_storage,2030,18,6,6,0.0
415,h2_storage,2030,18,7,7,0.0
416,h2_storage,2030,18,8,8,0.0
417,h2_storage,2030,18,9,9,0.0
418,h2_storage,2030,18,10,10,0.0
419,h2_storage,2030,18,11,11,0.0
420,h2_storage,2030,18,12,12,0.0
421,h2_storage,2030,18,13,13,0.0
422,h2_storage,2030,18,14,14,0.0
423,h2_storage,2030,18,15,15,0.0
424,h2_storage,2030,18,16,16,0.0
425,h2_storage,2030,18,17,17,0.0
426,h2_storage,2030,18,18,18,0.0
427,h2_storage,2030,18,19,19,0.0
428,h2_storage,2030,18,20,20,0.0
429,h2_storage,2030,18,21,21,0.0
430,h2_storage,2030,18,22,22,0.0
431,h2_storage,2030,18,23,23,0.0
432,h2_storage,2030,18,24,24,0.0
433,h2_storage,2030,19,1,1,0.0
434,h2_storage,2030,19,2,2,0.0
435,h2_storage,2030,19,3,3,0.0
436,h2_storage,2030,19,4,4,0.0
437,h2_storage,2030,19,5,5,0.0
438,h2_storage,2030,19,6,6,0.0
439,h2_storage,2030,19,7,7,0.0
440,h2_storage,2030,19,8,8,0.0
441,h2_storage,2030,19,9,9,0.0
442,h2_storage,2030,19,10,10,0.0
443,h2_storage,2030,19,11,11,0.0
444,h2_storage,2030,19,12,12,0.0
445,h2_storage,2030,19,13,13,0.0
446,h2_storage,2030,19,14,14,0.0
447,h2_storage,2030,19,15,15,0.0
448,h2_storage,2030,19,16,16,0.0
449,h2_storage,2030,19,17,17,0.0
450,h2_storage,2030,19,18,18,0.0
451,h2_storage,2030,19,19,19,0.0
452,h2_storage,2030,19,20,20,0.0
453,h2_storage,2030,19,21,21,0.0
454,h2_storage,2030,19,22,22,0.0
455,h2_storage,2030,19,23,23,0.0
456,h2_storage,2030,19,24,24,0.0
457,h2_storage,2030,20,1,1,0.0
458,h2_storage,2030,20,2,2,0.0
459,h2_storage,2030,20,3,3,0.0
460,h2_storage,2030,20,4,4,0.0
461,h2_storage,2030,20,5,5,0.0
462,h2_storage,2030,20,6,6,0.0
463,h2_storage,2030,20,7,7,0.0
464,h2_storage,2030,20,8,8,0.0
465,h2_storage,2030,20,9,9,0.0
466,h2_storage,2030,20,10,10,0.0
467,h2_storage,2030,20,11,11,0.0
468,h2_storage,2030,20,12,12,0.0
469,h2_storage,2030,20,13,13,0.0
470,h2_storage,2030,20,14,14,0.0
471,h2_storage,2030,20,15,15,0.0
472,h2_storage,2030,20,16,16,0.0
473,h2_storage,2030,20,17,17,0.0
474,h2_storage,2030,20,18,18,0.0
475,h2_storage,2030,20,19,19,0.0
476,h2_storage,2030,20,20,20,0.0
477,h2_storage,2030,20,21,21,0.0
478,h2_storage,2030,20,22,22,0.0
479,h2_storage,2030,20,23,23,0.0
480,h2_storage,2030,20,24,24,0.0
481,h2_storage,2030,21,1,1,0.0
482,h2_storage,2030,21,2,2,0.0
483,h2_storage,2030,21,3,3,0.0
484,h2_storage,2030,21,4,4,0.0
485,h2_storage,2030,21,5,5,0.0
486,h2_storage,2030,21,6,6,0.0
487,h2_storage,2030,21,7,7,0.0
488,h2_storage,2030,21,8,8,0.0
489,h2_storage,2030,21,9,9,0.0
490,h2_storage,2030,21,10,10,0.0
491,h2_storage,2030,21,11,11,0.0
492,h2_storage,2030,21,12,12,0.0
493,h2_storage,2030,21,13,13,0.0
494,h2_storage,2030,21,14,14,0.0
495,h2_storage,2030,21,15,15,0.0
496,h2_storage,2030,21,16,16,0.0
497,h2_storage,2030,21,17,17,0.0
498,h2_storage,2030,21,18,18,0.0
499,h2_storage,2030,21,19,19,0.0
500,h2_storage,2030,21,20,20,0.0
501,h2_storage,2030,21,21,21,0.0
502,h2_storage,2030,21,22,22,0.0
503,h2_storage,2030,21,23,23,0.0
504,h2_storage,2030,21,24,24,0.0
505,h2_storage,2030,22,1,1,0.0
506,h2_storage,2030,22,2,2,0.0
507,h2_storage,2030,22,3,3,0.0
508,h2_storage,2030,22,4,4,0.0
509,h2_storage,2030,22,5,5,0.0
510,h2_storage,2030,22,6,6,0.0
511,h2_storage,2030,22,7,7,0.0
512,h2_storage,2030,22,8,8,0.0
513,h2_storage,2030,22,9,9,0.0
514,h2_storage,2030,22,10,10,0.0
515,h2_storage,2030,22,11,11,0.0
516,h2_storage,2030,22,12,12,0.0
517,h2_storage,2030,22,13,13,0.0
518,h2_storage,2030,22,14,14,0.0
519,h2_storage,2030,22,15,15,0.0
520,h2_storage,2030,22,16,16,0.0
521,h2_storage,2030,22,17,17,0.0
522,h2_storage,2030,22,18,18,0.0
523,h2_storage,2030,22,19,19,0.0
524,h2_storage,2030,22,20,20,0.0
525,h2_storage,2030,22,21,21,0.0
526,h2_storage,2030,22,22,22,0.0
527,h2_storage,2030,22,23,23,0.0
528,h2_storage,2030,22,24,24,0.0
529,h2_storage,2030,23,1,1,0.0
530,h2_storage,2030,23,2,2,0.0
531,h2_storage,2030,23,3,3,0.0
532,h2_storage,2030,23,4,4,0.0
533,h2_storage,2030,23,5,5,0.0
534,h2_storage,2030,23,6,6,0.0
535,h2_storage,2030,23,7,7,0.0
536,h2_storage,2030,23,8,8,0.0
537,h2_storage,2030,23,9,9,0.0
538,h2_storage,2030,23,10,10,0.0
539,h2_storage,2030,23,11,11,0.0
540,h2_storage,2030,23,12,12,0.0
541,h2_storage,2030,23,13,13,0.0
542,h2_storage,2030,23,14,14,0.0
543,h2_storage,2030,23,15,15,0.0
544,h2_storage,2030,23,16,16,0.0
545,h2_storage,2030,23,17,17,0.0
546,h2_storage,2030,23,18,18,0.0
547,h2_storage,2030,23,19,19,0.0
548,h2_storage,2030,23,20,20,0.0
549,h2_storage,2030,23,21,21,0.0
550,h2_storage,2030,23,22,22,0.0
551,h2_storage,2030,23,23,23,0.0
552,h2_storage,2030,23,24,24,0.0
553,h2_storage,2030,24,1,1,0.003990993453154262
554,h2_storage,2030,24,2,2,0.007981986906308525
555,h2_storage,2030,24,3,3,0.011972980359462787
556,h2_storage,2030,24,4,4,0.01596397381261705
557,h2_storage,2030,24,5,5,0.019954967265771312
558,h2_storage,2030,24,6,6,0.023945960718925574
559,h2_storage,2030,24,7,7,0.027936954172079836
560,h2_storage,2030,24,8,8,0.02041505574501835
561,h2_storage,2030,24,9,9,0.02041505574501835
562,h2_storage,2030,24,10,10,0.02041505574501835
563,h2_storage,2030,24,11,11,0.02041505574501835
564,h2_storage,2030,24,12,12,0.02041505574501835
565,h2_storage,2030,24,13,13,0.02041505574501835
566,h2_storage,2030,24,14,14,0.02041505574501835
567,h2_storage,2030,24,15,15,0.02041505574501835
568,h2_storage,2030,24,16,16,0.02041505574501835
569,h2_storage,2030,24,17,17,0.02041505574501835
570,h2_storage,2030,24,18,18,0.02041505574501835
571,h2_storage,2030,24,19,19,0.02041505574501835
572,h2_storage,2030,24,20,20,0.02041505574501835
573,h2_storage,2030,24,21,21,0.02041505574501835
574,h2_storage,2030,24,22,22,0.02041505574501835
575,h2_storage,2030,24,23,23,0.02041505574501835
576,h2_storage,2030,24,24,24,0.02041505574501835
577,h2_storage,2030,25,1,1,0.0
578,h2_storage,2030,25,2,2,0.0
579,h2_storage,2030,25,3,3,0.0
580,h2_storage,2030,25,4,4,0.0
581,h2_storage,2030,25,5,5,0.0
582,h2_storage,2030,25,6,6,0.003990993453154262
583,h2_storage,2030,25,7,7,0.007981986906308525
584,h2_storage,2030,25,8,8,0.007981986906308525
585,h2_storage,2030,25,9,9,0.007981986906308525
586,h2_storage,2030,25,10,10,0.007981986906308525
587,h2_storage,2030,25,11,11,0.007981986906308525
588,h2_storage,2030,25,12,12,0.007981986906308525
589,h2_storage,2030,25,13,13,0.007981986906308525
590,h2_storage,2030,25,14,14,0.007981986906308525
591,h2_storage,2030,25,15,15,0.007981986906308525
592,h2_storage,2030,25,16,16,0.007981986906308525
593,h2_storage,2030,25,17,17,0.007981986906308525
594,h2_storage,2030,25,18,18,0.007981986906308525
595,h2_storage,2030,25,19,19,0.007981986906308525
596,h2_storage,2030,25,20,20,0.007981986906308525
597,h2_storage,2030,25,21,21,0.007981986906308525
598,h2_storage,2030,25,22,22,0.007981986906308525
599,h2_storage,2030,25,23,23,0.007981986906308523
600,h2_storage,2030,25,24,24,0.007981986906308523
601,h2_storage,2030,26,1,1,0.0
602,h2_storage,2030,26,2,2,0.0
603,h2_storage,2030,26,3,3,0.0
604,h2_storage,2030,26,4,4,0.0
605,h2_storage,2030,26,5,5,0.0
606,h2_storage,2030,26,6,6,0.0
607,h2_storage,2030,26,7,7,0.0
608,h2_storage,2030,26,8,8,0.0
609,h2_storage,2030,26,9,9,0.0
610,h2_storage,2030,26,10,10,0.0
611,h2_storage,2030,26,11,11,0.0
612,h2_storage,2030,26,12,12,0.0
613,h2_storage,2030,26,13,13,0.0
614,h2_storage,2030,26,14,14,0.0
615,h2_storage,2030,26,15,15,0.0
616,h2_storage,2030,26,16,16,0.0
617,h2_storage,2030,26,17,17,0.0
618,h2_storage,2030,26,18,18,0.0
619,h2_storage,2030,26,19,19,0.0
620,h2_storage,2030,26,20,20,0.0
621,h2_storage,2030,26,21,21,0.0011312833378183276
622,h2_storage,2030,26,22,22,0.0011312833378183276
623,h2_storage,2030,26,23,23,0.0011312833378183276
624,h2_storage,2030,26,24,24,0.0011312833378183276
625,h2_storage,2030,27,1,1,0.0
626,h2_storage,2030,27,2,2,0.002227461836793394
627,h2_storage,2030,27,3,3,0.002227461836793394
628,h2_storage,2030,27,4,4,0.002227461836793394
629,h2_storage,2030,27,5,5,0.002227461836793394
630,h2_storage,2030,27,6,6,0.002227461836793394
631,h2_storage,2030,27,7,7,0.002227461836793394
632,h2_storage,2030,27,8,8,0.002227461836793394
633,h2_storage,2030,27,9,9,0.002227461836793394
634,h2_storage,2030,27,10,10,0.002227461836793394
635,h2_storage,2030,27,11,11,0.002227461836793394
636,h2_storage,2030,27,12,12,0.002227461836793394
637,h2_storage,2030,27,13,13,0.002227461836793394
638,h2_storage,2030,27,14,14,0.002227461836793394
639,h2_storage,2030,27,15,15,0.002227461836793394
640,h2_storage,2030,27,16,16,0.002227461836793394
641,h2_storage,2030,27,17,17,0.002227461836793394
642,h2_storage,2030,27,18,18,0.002227461836793394
643,h2_storage,2030,27,19,19,0.002227461836793394
644,h2_storage,2030,27,20,20,0.002227461836793394
645,h2_storage,2030,27,21,21,0.002227461836793394
646,h2_storage,2030,27,22,22,0.002227461836793394
647,h2_storage,2030,27,23,23,0.002227461836793394
648,h2_storage,2030,27,24,24,0.002227461836793394
649,h2_storage,2030,28,1,1,0.0
650,h2_storage,2030,28,2,2,0.0
651,h2_storage,2030,28,3,3,0.0
652,h2_storage,2030,28,4,4,0.0
653,h2_storage,2030,28,5,5,0.0
654,h2_storage,2030,28,6,6,0.003990993453154262
655,h2_storage,2030,28,7,7,0.003990993453154262
656,h2_storage,2030,28,8,8,0.003990993453154262
657,h2_storage,2030,28,9,9,0.003990993453154262
658,h2_storage,2030,28,10,10,0.003990993453154262
659,h2_storage,2030,28,11,11,0.003990993453154262
660,h2_storage,2030,28,12,12,0.003990993453154262
661,h2_storage,2030,28,13,13,0.003990993453154262
662,h2_storage,2030,28,14,14,0.003990993453154262
663,h2_storage,2030,28,15,15,0.003990993453154262
664,h2_storage,2030,28,16,16,0.003990993453154262
665,h2_storage,2030,28,17,17,0.003990993453154262
666,h2_storage,2030,28,18,18,0.003990993453154262
667,h2_storage,2030,28,19,19,0.003990993453154262
668,h2_storage,2030,28,20,20,0.003990993453154262
669,h2_storage,2030,28,21,21,0.003990993453154262
670,h2_storage,2030,28,22,22,0.003990993453154262
671,h2_storage,2030,28,23,23,0.003990993453154262
672,h2_storage,2030,28,24,24,0.003990993453154262
673,h2_storage,2030,29,1,1,0.0
674,h2_storage,2030,29,2,2,0.0
675,h2_storage,2030,29,3,3,0.0
676,h2_storage,2030,29,4,4,0.0
677,h2_storage,2030,29,5,5,0.0
678,h2_storage,2030,29,6,6,0.0
679,h2_storage,2030,29,7,7,0.0
680,h2_storage,2030,29,8,8,0.0
681,h2_storage,2030,29,9,9,0.0
682,h2_storage,2030,29,10,10,0.0
683,h2_storage,2030,29,11,11,0.0
684,h2_storage,2030,29,12,12,0.0
685,h2_storage,2030,29,13,13,0.0
686,h2_storage,2030,29,14,14,0.0
687,h2_storage,2030,29,15,15,0.0
688,h2_storage,2030,29,16,16,0.0
689,h2_storage,2030,29,17,17,0.0
690,h2_storage,2030,29,18,18,0.0
691,h2_storage,2030,29,19,19,0.0
692,h2_storage,2030,29,20,20,0.0
693,h2_storage,2030,29,21,21,0.0
694,h2_storage,2030,29,22,22,0.0
695,h2_storage,2030,29,23,23,0.0
696,h2_storage,2030,29,24,24,0.0
697,h2_storage,2030,30,1,1,0.0
698,h2_storage,2030,30,2,2,0.0
699,h2_storage,2030,30,3,3,0.0
700,h2_storage,2030,30,4,4,0.0
701,h2_storage,2030,30,5,5,0.0
702,h2_storage,2030,30,6,6,0.0
703,h2_storage,2030,30,7,7,0.0
704,h2_storage,2030,30,8,8,0.0
705,h2_storage,2030,30,9,9,0.0
706,h2_storage,2030,30,10,10,0.0
707,h2_storage,2030,30,11,11,0.0
708,h2_storage,2030,30,12,12,0.0
709,h2_storage,2030,30,13,13,0.0
710,h2_storage,2030,30,14,14,0.0
711,h2_storage,2030,30,15,15,0.0
712,h2_storage,2030,30,16,16,0.0
713,h2_storage,2030,30,17,17,0.0
714,h2_storage,2030,30,18,18,0.0
715,h2_storage,2030,30,19,19,0.0
716,h2_storage,2030,30,20,20,0.0
717,h2_storage,2030,30,21,21,0.0
718,h2_storage,2030,30,22,22,0.0
719,h2_storage,2030,30,23,23,0.0
720,h2_storage,2030,30,24,24,0.0
721,h2_storage,2030,31,1,1,0.0
722,h2_storage,2030,31,2,2,0.0
723,h2_storage,2030,31,3,3,0.0
724,h2_storage,2030,31,4,4,0.0
725,h2_storage,2030,31,5,5,0.0
726,h2_storage,2030,31,6,6,0.0
727,h2_storage,2030,31,7,7,0.0
728,h2_storage,2030,31,8,8,0.0
729,h2_storage,2030,31,9,9,0.0
730,h2_storage,2030,31,10,10,0.0
731,h2_storage,2030,31,11,11,0.0
732,h2_storage,2030,31,12,12,0.0
733,h2_storage,2030,31,13,13,0.0
734,h2_storage,2030,31,14,14,0.0
735,h2_storage,2030,31,15,15,0.0
736,h2_storage,2030,31,16,16,0.0
737,h2_storage,2030,31,17,17,0.0
738,h2_storage,2030,31,18,18,0.0
739,h2_storage,2030,31,19,19,0.0
740,h2_storage,2030,31,20,20,0.0
741,h2_storage,2030,31,21,21,0.0
742,h2_storage,2030,31,22,22,0.0
743,h2_storage,2030,31,23,23,0.0
744,h2_storage,2030,31,24,24,0.0
745,h2_storage,2030,32,1,1,0.0
746,h2_storage,2030,32,2,2,0.0
747,h2_storage,2030,32,3,3,0.0
748,h2_storage,2030,32,4,4,0.0
749,h2_storage,2030,32,5,5,0.0
750,h2_storage,2030,32,6,6,0.0
751,h2_storage,2030,32,7,7,0.0
752,h2_storage,2030,32,8,8,0.0
753,h2_storage,2030,32,9,9,0.0
754,h2_storage,2030,32,10,10,0.0
755,h2_storage,2030,32,11,11,0.0
756,h2_storage,2030,32,12,12,0.0
757,h2_storage,2030,32,13,13,0.0
758,h2_storage,2030,32,14,14,0.0
759,h2_storage,2030,32,15,15,0.0
760,h2_storage,2030,32,16,16,0.0
761,h2_storage,2030,32,17,17,0.0
762,h2_storage,2030,32,18,18,0.0
763,h2_storage,2030,32,19,19,0.0
764,h2_storage,2030,32,20,20,0.0
765,h2_storage,2030,32,21,21,0.0
766,h2_storage,2030,32,22,22,0.0
767,h2_storage,2030,32,23,23,0.0
768,h2_storage,2030,32,24,24,0.0
769,h2_storage,2030,33,1,1,0.0
770,h2_storage,2030,33,2,2,0.0
771,h2_storage,2030,33,3,3,0.0
772,h2_storage,2030,33,4,4,0.0
773,h2_storage,2030,33,5,5,0.0
774,h2_storage,2030,33,6,6,0.0
775,h2_storage,2030,33,7,7,0.0
776,h2_storage,2030,33,8,8,0.0
777,h2_storage,2030,33,9,9,0.0
778,h2_storage,2030,33,10,10,0.0
779,h2_storage,2030,33,11,11,0.0
780,h2_storage,2030,33,12,12,0.0
781,h2_storage,2030,33,13,13,0.0
782,h2_storage,2030,33,14,14,0.0
783,h2_storage,2030,33,15,15,0.0
784,h2_storage,2030,33,16,16,-0.011950328635517168
785,h2_storage,2030,33,17,17,-0.011950328635517168
786,h2_storage,2030,33,18,18,-0.011950328635517168
787,h2_storage,2030,33,19,19,-0.011950328635517168
788,h2_storage,2030,33,20,20,-0.011950328635517168
789,h2_storage,2030,33,21,21,-0.011950328635517168
790,h2_storage,2030,33,22,22,-0.011950328635517168
791,h2_storage,2030,33,23,23,-0.011950328635517168
792,h2_storage,2030,33,24,24,-0.011950328635517168
793,h2_storage,2030,34,1,1,0.0
794,h2_storage,2030,34,2,2,0.0
795,h2_storage,2030,34,3,3,0.0
796,h2_storage,2030,34,4,4,0.003990993453154262
797,h2_storage,2030,34,5,5,0.007981986906308525
798,h2_storage,2030,34,6,6,0.011972980359462787
799,h2_storage,2030,34,7,7,0.01596397381261705
800,h2_storage,2030,34,8,8,0.01596397381261705
801,h2_storage,2030,34,9,9,0.01596397381261705
802,h2_storage,2030,34,10,10,0.01596397381261705
803,h2_storage,2030,34,11,11,0.01596397381261705
804,h2_storage,2030,34,12,12,0.01596397381261705
805,h2_storage,2030,34,13,13,0.01596397381261705
806,h2_storage,2030,34,14,14,0.01596397381261705
807,h2_storage,2030,34,15,15,0.01596397381261705
808,h2_storage,2030,34,16,16,0.01596397381261705
809,h2_storage,2030,34,17,17,0.01596397381261705
810,h2_storage,2030,34,18,18,0.01596397381261705
811,h2_storage,2030,34,19,19,0.01596397381261705
812,h2_storage,2030,34,20,20,0.01596397381261705
813,h2_storage,2030,34,21,21,-0.00036221860317472076
814,h2_storage,2030,34,22,22,-0.00036221860317472076
815,h2_storage,2030,34,23,23,-0.00036221860317472076
816,h2_storage,2030,34,24,24,-0.00036221860317472076
817,h2_storage,2030,35,1,1,0.0
818,h2_storage,2030,35,2,2,0.0
819,h2_storage,2030,35,3,3,0.0
820,h2_storage,2030,35,4,4,0.0
821,h2_storage,2030,35,5,5,0.0
822,h2_storage,2030,35,6,6,0.0
823,h2_storage,2030,35,7,7,0.0
824,h2_storage,2030,35,8,8,0.0
825,h2_storage,2030,35,9,9,0.0
826,h2_storage,2030,35,10,10,0.0
827,h2_storage,2030,35,11,11,0.0
828,h2_storage,2030,35,12,12,0.0
829,h2_storage,2030,35,13,13,0.0
830,h2_storage,2030,35,14,14,0.0
831,h2_storage,2030,35,15,15,0.0
832,h2_storage,2030,35,16,16,0.0
833,h2_storage,2030,35,17,17,0.0
834,h2_storage,2030,35,18,18,0.0
835,h2_storage,2030,35,19,19,0.0
836,h2_storage,2030,35,20,20,0.0
837,h2_storage,2030,35,21,21,0.0
838,h2_storage,2030,35,22,22,0.0
839,h2_storage,2030,35,23,23,0.0
840,h2_storage,2030,35,24,24,0.0
841,h2_storage,2030,36,1,1,0.0
842,h2_storage,2030,36,2,2,0.0
843,h2_storage,2030,36,3,3,0.0
844,h2_storage,2030,36,4,4,0.0
845,h2_storage,2030,36,5,5,0.0
846,h2_storage,2030,36,6,6,0.0
847,h2_storage,2030,36,7,7,0.0
848,h2_storage,2030,36,8,8,0.0
849,h2_storage,2030,36,9,9,0.0
850,h2_storage,2030,36,10,10,0.0
851,h2_storage,2030,36,11,11,0.0
852,h2_storage,2030,36,12,12,-0.09057607435129812
853,h2_storage,2030,36,13,13,-0.09057607435129812
854,h2_storage,2030,36,14,14,-0.09057607435129812
855,h2_storage,2030,36,15,15,-0.09057607435129812
856,h2_storage,2030,36,16,16,-0.09057607435129812
857,h2_storage,2030,36,17,17,-0.09057607435129812
858,h2_storage,2030,36,18,18,-0.09057607435129812
859,h2_storage,2030,36,19,19,-0.09057607435129812
860,h2_storage,2030,36,20,20,-0.09057607435129812
861,h2_storage,2030,36,21,21,-0.09057607435129812
862,h2_storage,2030,36,22,22,-0.09057607435129812
863,h2_storage,2030,36,23,23,-0.09057607435129812
864,h2_storage,2030,36,24,24,-0.09057607435129812
865,h2_storage,2030,37,1,1,0.0
866,h2_storage,2030,37,2,2,0.0
867,h2_storage,2030,37,3,3,0.0
868,h2_storage,2030,37,4,4,0.0
869,h2_storage,2030,37,5,5,0.0
870,h2_storage,2030,37,6,6,0.0
871,h2_storage,2030,37,7,7,0.0
872,h2_storage,2030,37,8,8,0.0
873,h2_storage,2030,37,9,9,0.0
874,h2_storage,2030,37,10,10,0.0
875,h2_storage,2030,37,11,11,0.0
876,h2_storage,2030,37,12,12,0.0
877,h2_storage,2030,37,13,13,0.0
878,h2_storage,2030,37,14,14,0.0
879,h2_storage,2030,37,15,15,0.0
880,h2_storage,2030,37,16,16,0.0
881,h2_storage,2030,37,17,17,0.0
882,h2_storage,2030,37,18,18,0.0
883,h2_storage,2030,37,19,19,0.0
884,h2_storage,2030,37,20,20,0.0
885,h2_storage,2030,37,21,21,0.0
886,h2_storage,2030,37,22,22,0.0
887,h2_storage,2030,37,23,23,0.0
888,h2_storage,2030,37,24,24,0.0
889,h2_storage,2030,38,1,1,0.0
890,h2_storage,2030,38,2,2,0.0
891,h2_storage,2030,38,3,3,0.0
892,h2_storage,2030,38,4,4,0.0
893,h2_storage,2030,38,5,5,0.0
894,h2_storage,2030,38,6,6,0.0
895,h2_storage,2030,38,7,7,0.0
896,h2_storage,2030,38,8,8,-0.004908577774730195
897,h2_storage,2030,38,9,9,-0.004908577774730195
898,h2_storage,2030,38,10,10,-0.004908577774730195
899,h2_storage,2030,38,11,11,-0.004908577774730195
900,h2_storage,2030,38,12,12,-0.004908577774730195
901,h2_storage,2030,38,13,13,-0.004908577774730195
902,h2_storage,2030,38,14,14,-0.004908577774730195
903,h2_storage,2030,38,15,15,-0.004908577774730195
904,h2_storage,2030,38,16,16,-0.004908577774730195
905,h2_storage,2030,38,17,17,-0.004908577774730195
906,h2_storage,2030,38,18,18,-0.004908577774730195
907,h2_storage,2030,38,19,19,-0.004908577774730195
908,h2_storage,2030,38,20,20,-0.004908577774730195
909,h2_storage,2030,38,21,21,-0.004908577774730195
910,h2_storage,2030,38,22,22,-0.004908577774730195
911,h2_storage,2030,38,23,23,-0.004908577774730195
912,h2_storage,2030,38,24,24,-0.004908577774730195
913,h2_storage,2030,39,1,1,0.003990993453154262
914,h2_storage,2030,39,2,2,0.007981986906308525
915,h2_storage,2030,39,3,3,0.007981986906308525
916,h2_storage,2030,39,4,4,0.007981986906308525
917,h2_storage,2030,39,5,5,0.007981986906308525
918,h2_storage,2030,39,6,6,0.007981986906308525
919,h2_storage,2030,39,7,7,0.007981986906308525
920,h2_storage,2030,39,8,8,0.007981986906308525
921,h2_storage,2030,39,9,9,0.007981986906308525
922,h2_storage,2030,39,10,10,0.007981986906308525
923,h2_storage,2030,39,11,11,0.007981986906308525
924,h2_storage,2030,39,12,12,0.007981986906308525
925,h2_storage,2030,39,13,13,0.007981986906308525
926,h2_storage,2030,39,14,14,0.007981986906308525
927,h2_storage,2030,39,15,15,0.007981986906308525
928,h2_storage,2030,39,16,16,0.007981986906308525
929,h2_storage,2030,39,17,17,0.007981986906308525
930,h2_storage,2030,39,18,18,0.007981986906308525
931,h2_storage,2030,39,19,19,0.007981986906308525
932,h2_storage,2030,39,20,20,0.007981986906308525
933,h2_storage,2030,39,21,21,0.007981986906308525
934,h2_storage,2030,39,22,22,0.007981986906308525
935,h2_storage,2030,39,23,23,0.007981986906308525
936,h2_storage,2030,39,24,24,0.007981986906308525
937,h2_storage,2030,40,1,1,0.0
938,h2_storage,2030,40,2,2,0.0
939,h2_storage,2030,40,3,3,0.0
940,h2_storage,2030,40,4,4,0.0
941,h2_storage,2030,40,5,5,0.0
942,h2_storage,2030,40,6,6,0.0
943,h2_storage,2030,40,7,7,0.0
944,h2_storage,2030,40,8,8,0.0
945,h2_storage,2030,40,9,9,0.0
946,h2_storage,2030,40,10,10,0.0
947,h2_storage,2030,40,11,11,0.0
948,h2_storage,2030,40,12,12,0.0
949,h2_storage,2030,40,13,13,0.0
950,h2_storage,2030,40,14,14,0.0
951,h2_storage,2030,40,15,15,0.0
952,h2_storage,2030,40,16,16,0.0
953,h2_storage,2030,40,17,17,0.0
954,h2_storage,2030,40,18,18,0.0
955,h2_storage,2030,40,19,19,0.0
956,h2_storage,2030,40,20,20,0.0
957,h2_storage,2030,40,21,21,0.0
958,h2_storage,2030,40,22,22,0.0
959,h2_storage,2030,40,23,23,0.0
960,h2_storage,2030,40,24,24,0.0
961,h2_storage,2030,41,1,1,0.0
962,h2_storage,2030,41,2,2,0.0
963,h2_storage,2030,41,3,3,0.0
964,h2_storage,2030,41,4,4,0.0
965,h2_storage,2030,41,5,5,0.0
966,h2_storage,2030,41,6,6,0.0
967,h2_storage,2030,41,7,7,0.0
968,h2_storage,2030,41,8,8,0.0
969,h2_storage,2030,41,9,9,0.0
970,h2_storage,2030,41,10,10,0.0
971,h2_storage,2030,41,11,11,0.0
972,h2_storage,2030,41,12,12,0.0
973,h2_storage,2030,41,13,13,0.0
974,h2_storage,2030,41,14,14,0.0
975,h2_storage,2030,41,15,15,0.0
976,h2_storage,2030,41,16,16,0.0
977,h2_storage,2030,41,17,17,-0.002147495018666833
978,h2_storage,2030,41,18,18,-0.002147495018666833
979,h2_storage,2030,41,19,19,-0.002147495018666833
980,h2_storage,2030,41,20,20,-0.002147495018666833
981,h2_storage,2030,41,21,21,-0.002147495018666833
982,h2_storage,2030,41,22,22,-0.002147495018666833
983,h2_storage,2030,41,23,23,-0.002147495018666833
984,h2_storage,2030,41,24,24,-0.002147495018666833
985,h2_storage,2030,42,1,1,0.0
986,h2_storage,2030,42,2,2,0.0
987,h2_storage,2030,42,3,3,0.0
988,h2_storage,2030,42,4,4,0.0
989,h2_storage,2030,42,5,5,0.0
990,h2_storage,2030,42,6,6,0.0
991,h2_storage,2030,42,7,7,0.0
992,h2_storage,2030,42,8,8,0.0
993,h2_storage,2030,42,9,9,0.0
994,h2_storage,2030,42,10,10,0.0
995,h2_storage,2030,42,11,11,0.0
996,h2_storage,2030,42,12,12,0.0
997,h2_storage,2030,42,13,13,0.0
998,h2_storage,2030,42,14,14,0.0
999,h2_storage,2030,42,15,15,0.0
1000,h2_storage,2030,42,16,16,0.0
1001,h2_storage,2030,42,17,17,0.0
1002,h2_storage,2030,42,18,18,0.0
1003,h2_storage,2030,42,19,19,0.0
1004,h2_storage,2030,42,20,20,0.0
1005,h2_storage,2030,42,21,21,0.0
1006,h2_storage,2030,42,22,22,0.0
1007,h2_storage,2030,42,23,23,0.0
1008,h2_storage,2030,42,24,24,0.0
1009,h2_storage,2030,43,1,1,0.0
1010,h2_storage,2030,43,2,2,0.0
1011,h2_storage,2030,43,3,3,0.0
1012,h2_storage,2030,43,4,4,0.0
1013,h2_storage,2030,43,5,5,0.0
1014,h2_storage,2030,43,6,6,0.0
1015,h2_storage,2030,43,7,7,0.0
1016,h2_storage,2030,43,8,8,0.0
1017,h2_storage,2030,43,9,9,0.0
1018,h2_storage,2030,43,10,10,0.0
1019,h2_storage,2030,43,11,11,0.0
1020,h2_storage,2030,43,12,12,0.0
1021,h2_storage,2030,43,13,13,0.0
1022,h2_storage,2030,43,14,14,0.0
1023,h2_storage,2030,43,15,15,0.0
1024,h2_storage,2030,43,16,16,0.0
1025,h2_storage,2030,43,17,17,0.0
1026,h2_storage,2030,43,18,18,0.0
1027,h2_storage,2030,43,19,19,0.0
1028,h2_storage,2030,43,20,20,0.0
1029,h2_storage,2030,43,21,21,0.0
1030,h2_storage,2030,43,22,22,0.0
1031,h2_storage,2030,43,23,23,0.0
1032,h2_storage,2030,43,24,24,0.0
1033,h2_storage,2030,44,1,1,0.0
1034,h2_storage,2030,44,2,2,0.0
1035,h2_storage,2030,44,3,3,0.0
1036,h2_storage,2030,44,4,4,0.0
1037,h2_storage,2030,44,5,5,0.0
1038,h2_storage,2030,44,6,6,0.0
1039,h2_storage,2030,44,7,7,0.0
1040,h2_storage,2030,44,8,8,0.0
1041,h2_storage,2030,44,9,9,0.0
1042,h2_storage,2030,44,10,10,0.0
1043,h2_storage,2030,44,11,11,0.0
1044,h2_storage,2030,44,12,12,0.0
1045,h2_storage,2030,44,13,13,0.0
1046,h2_storage,2030,44,14,14,0.0
1047,h2_storage,2030,44,15,15,0.0
1048,h2_storage,2030,44,16,16,0.0
1049,h2_storage,2030,44,17,17,0.0
1050,h2_storage,2030,44,18,18,0.0
1051,h2_storage,2030,44,19,19,-0.02046243971464511
1052,h2_storage,2030,44,20,20,-0.02046243971464511
1053,h2_storage,2030,44,21,21,-0.02046243971464511
1054,h2_storage,2030,44,22,22,-0.02046243971464511
1055,h2_storage,2030,44,23,23,-0.02046243971464511
1056,h2_storage,2030,44,24,24,-0.02046243971464511
1057,h2_storage,2030,45,1,1,0.0
1058,h2_storage,2030,45,2,2,0.0
1059,h2_storage,2030,45,3,3,0.0
1060,h2_storage,2030,45,4,4,0.0
1061,h2_storage,2030,45,5,5,0.0
1062,h2_storage,2030,45,6,6,0.0
1063,h2_storage,2030,45,7,7,0.0
1064,h2_storage,2030,45,8,8,0.0
1065,h2_storage,2030,45,9,9,0.0
1066,h2_storage,2030,45,10,10,0.0
1067,h2_storage,2030,45,11,11,0.0
1068,h2_storage,2030,45,12,12,0.0
1069,h2_storage,2030,45,13,13,0.0
1070,h2_storage,2030,45,14,14,0.0
1071,h2_storage,2030,45,15,15,0.0
1072,h2_storage,2030,45,16,16,0.0
1073,h2_storage,2030,45,17,17,0.0
1074,h2_storage,2030,45,18,18,0.0
1075,h2_storage,2030,45,19,19,0.0
1076,h2_storage,2030,45,20,20,0.0
1077,h2_storage,2030,45,21,21,0.0
1078,h2_storage,2030,45,22,22,0.0
1079,h2_storage,2030,45,23,23,0.0
1080,h2_storage,2030,45,24,24,0.0
1081,h2_storage,2030,46,1,1,0.0
1082,h2_storage,2030,46,2,2,0.0
1083,h2_storage,2030,46,3,3,0.0
1084,h2_storage,2030,46,4,4,0.0
1085,h2_storage,2030,46,5,5,0.0
1086,h2_storage,2030,46,6,6,0.0
1087,h2_storage,2030,46,7,7,0.0
1088,h2_storage,2030,46,8,8,0.0
1089,h2_storage,2030,46,9,9,0.0
1090,h2_storage,2030,46,10,10,0.0
1091,h2_storage,2030,46,11,11,0.0
1092,h2_storage,2030,46,12,12,0.0
1093,h2_storage,2030,46,13,13,0.0
1094,h2_storage,2030,46,14,14,0.0
1095,h2_storage,2030,46,15,15,0.0
1096,h2_storage,2030,46,16,16,0.0
1097,h2_storage,2030,46,17,17,0.0
1098,h2_storage,2030,46,18,18,0.0
1099,h2_storage,2030,46,19,19,0.0
1100,h2_storage,2030,46,20,20,0.0
1101,h2_storage,2030,46,21,21,0.0
1102,h2_storage,2030,46,22,22,0.0
1103,h2_storage,2030,46,23,23,0.0
1104,h2_storage,2030,46,24,24,0.0
1105,h2_storage,2030,47,1,1,0.0
1106,h2_storage,2030,47,2,2,0.0
1107,h2_storage,2030,47,3,3,0.0
1108,h2_storage,2030,47,4,4,0.0
1109,h2_storage,2030,47,5,5,0.0
1110,h2_storage,2030,47,6,6,0.0
1111,h2_storage,2030,47,7,7,0.0
1112,h2_storage,2030,47,8,8,0.0
1113,h2_storage,2030,47,9,9,0.0
1114,h2_storage,2030,47,10,10,0.0
1115,h2_storage,2030,47,11,11,0.0
1116,h2_storage,2030,47,12,12,0.0
1117,h2_storage,2030,47,13,13,0.0
1118,h2_storage,2030,47,14,14,0.0
1119,h2_storage,2030,47,15,15,0.0
1120,h2_storage,2030,47,16,16,0.0
1121,h2_storage,2030,47,17,17,0.0
1122,h2_storage,2030,47,18,18,0.0
1123,h2_storage,2030,47,19,19,0.0
1124,h2_storage,2030,47,20,20,0.0
1125,h2_storage,2030,47,21,21,0.0
1126,h2_storage,2030,47,22,22,0.0
1127,h2_storage,2030,47,23,23,0.0
1128,h2_storage,2030,47,24,24,0.0
1129,h2_storage,2030,48,1,1,0.0
1130,h2_storage,2030,48,2,2,0.0
1131,h2_storage,2030,48,3,3,0.0
1132,h2_storage,2030,48,4,4,0.0
1133,h2_storage,2030,48,5,5,0.0
1134,h2_storage,2030,48,6,6,0.0
1135,h2_storage,2030,48,7,7,0.003990993453154262
1136,h2_storage,2030,48,8,8,0.007981986906308525
1137,h2_storage,2030,48,9,9,0.011972980359462787
1138,h2_storage,2030,48,10,10,0.01596397381261705
1139,h2_storage,2030,48,11,11,0.019954967265771312
1140,h2_storage,2030,48,12,12,0.021074959323849042
1141,h2_storage,2030,48,13,13,0.025065952777003304
1142,h2_storage,2030,48,14,14,0.029056946230157567
1143,h2_storage,2030,48,15,15,0.03304793968331183
1144,h2_storage,2030,48,16,16,0.03703893313646609
1145,h2_storage,2030,48,17,17,0.041029926589620354
1146,h2_storage,2030,48,18,18,0.045020920042774616
1147,h2_storage,2030,48,19,19,0.04901191349592888
1148,h2_storage,2030,48,20,20,0.04901191349592888
1149,h2_storage,2030,48,21,21,0.04901191349592888
1150,h2_storage,2030,48,22,22,0.04901191349592888
1151,h2_storage,2030,48,23,23,0.05300290694908314
1152,h2_storage,2030,48,24,24,0.0569939004022374
1153,h2_storage,2030,49,1,1,0.003990993453154262
1154,h2_storage,2030,49,2,2,0.007981986906308525
1155,h2_storage,2030,49,3,3,0.011972980359462787
1156,h2_storage,2030,49,4,4,0.01596397381261705
1157,h2_storage,2030,49,5,5,0.019954967265771312
1158,h2_storage,2030,49,6,6,0.023945960718925574
1159,h2_storage,2030,49,7,7,0.027936954172079836
1160,h2_storage,2030,49,8,8,-0.016302456236391816
1161,h2_storage,2030,49,9,9,-0.016302456236391816
1162,h2_storage,2030,49,10,10,-0.016302456236391816
1163,h2_storage,2030,49,11,11,-0.016302456236391816
1164,h2_storage,2030,49,12,12,-0.016302456236391816
1165,h2_storage,2030,49,13,13,-0.016302456236391816
1166,h2_storage,2030,49,14,14,-0.016302456236391816
1167,h2_storage,2030,49,15,15,-0.016302456236391816
1168,h2_storage,2030,49,16,16,-0.016302456236391816
1169,h2_storage,2030,49,17,17,-0.016302456236391816
1170,h2_storage,2030,49,18,18,-0.016302456236391816
1171,h2_storage,2030,49,19,19,-0.016302456236391816
1172,h2_storage,2030,49,20,20,-0.015473282137918404
1173,h2_storage,2030,49,21,21,-0.011482288684764141
1174,h2_storage,2030,49,22,22,-0.007491295231609879
1175,h2_storage,2030,49,23,23,-0.003500301778455617
1176,h2_storage,2030,49,24,24,0.0004906916746986453
1177,h2_storage,2030,50,1,1,0.0
1178,h2_storage,2030,50,2,2,0.0
1179,h2_storage,2030,50,3,3,0.0
1180,h2_storage,2030,50,4,4,0.0
1181,h2_storage,2030,50,5,5,0.0
1182,h2_storage,2030,50,6,6,0.0
1183,h2_storage,2030,50,7,7,0.0
1184,h2_storage,2030,50,8,8,0.0
1185,h2_storage,2030,50,9,9,0.0
1186,h2_storage,2030,50,10,10,0.0
1187,h2_storage,2030,50,11,11,0.0
1188,h2_storage,2030,50,12,12,0.0
1189,h2_storage,2030,50,13,13,0.0
1190,h2_storage,2030,50,14,14,0.0
1191,h2_storage,2030,50,15,15,0.0
1192,h2_storage,2030,50,16,16,0.0
1193,h2_storage,2030,50,17,17,0.0
1194,h2_storage,2030,50,18,18,0.0
1195,h2_storage,2030,50,19,19,0.0
1196,h2_storage,2030,50,20,20,0.0
1197,h2_storage,2030,50,21,21,0.0
1198,h2_storage,2030,50,22,22,0.0
1199,h2_storage,2030,50,23,23,0.0
1200,h2_storage,2030,50,24,24,0.0
1201,h2_storage,2030,51,1,1,0.0
1202,h2_storage,2030,51,2,2,0.0
1203,h2_storage,2030,51,3,3,0.0
1204,h2_storage,2030,51,4,4,0.0
1205,h2_storage,2030,51,5,5,0.0
1206,h2_storage,2030,51,6,6,0.0
1207,h2_storage,2030,51,7,7,0.0
1208,h2_storage,2030,51,8,8,0.0
1209,h2_storage,2030,51,9,9,0.0
1210,h2_storage,2030,51,10,10,0.0
1211,h2_storage,2030,51,11,11,0.0
1212,h2_storage,2030,51,12,12,0.0
1213,h2_storage,2030,51,13,13,0.0
1214,h2_storage,2030,51,14,14,0.0
1215,h2_storage,2030,51,15,15,0.0
1216,h2_storage,2030,51,16,16,0.0
1217,h2_storage,2030,51,17,17,0.0
1218,h2_storage,2030,51,18,18,0.0
1219,h2_storage,2030,51,19,19,0.0
1220,h2_storage,2030,51,20,20,0.0
1221,h2_storage,2030,51,21,21,0.0
1222,h2_storage,2030,51,22,22,0.0
1223,h2_storage,2030,51,23,23,0.0
1224,h2_storage,2030,51,24,24,0.0
1225,h2_storage,2030,52,1,1,0.0
1226,h2_storage,2030,52,2,2,0.0
1227,h2_storage,2030,52,3,3,0.0
1228,h2_storage,2030,52,4,4,0.0
1229,h2_storage,2030,52,5,5,0.0
1230,h2_storage,2030,52,6,6,0.0
1231,h2_storage,2030,52,7,7,0.0
1232,h2_storage,2030,52,8,8,0.0
1233,h2_storage,2030,52,9,9,0.0
1234,h2_storage,2030,52,10,10,0.0
1235,h2_storage,2030,52,11,11,0.0
1236,h2_storage,2030,52,12,12,0.0
1237,h2_storage,2030,52,13,13,0.0
1238,h2_storage,2030,52,14,14,0.0
1239,h2_storage,2030,52,15,15,0.0
1240,h2_storage,2030,52,16,16,0.0
1241,h2_storage,2030,52,17,17,0.0
1242,h2_storage,2030,52,18,18,0.0
1243,h2_storage,2030,52,19,19,0.0
1244,h2_storage,2030,52,20,20,0.0
1245,h2_storage,2030,52,21,21,0.0
1246,h2_storage,2030,52,22,22,0.0
1247,h2_storage,2030,52,23,23,0.0
1248,h2_storage,2030,52,24,24,0.0
1249,h2_storage,2030,53,1,1,-0.0017932122444652638
1250,h2_storage,2030,53,2,2,-0.0017932122444652638
1251,h2_storage,2030,53,3,3,-0.0017932122444652638
1252,h2_storage,2030,53,4,4,-0.0017932122444652638
1253,h2_storage,2030,53,5,5,-0.0017932122444652638
1254,h2_storage,2030,53,6,6,-0.0017932122444652638
1255,h2_storage,2030,53,7,7,-0.0017932122444652638
1256,h2_storage,2030,53,8,8,-0.0017932122444652638
1257,h2_storage,2030,53,9,9,-0.0017932122444652638
1258,h2_storage,2030,53,10,10,-0.0017932122444652638
1259,h2_storage,2030,53,11,11,-0.0017932122444652638
1260,h2_storage,2030,53,12,12,-0.0017932122444652638
1261,h2_storage,2030,53,13,13,-0.0017932122444652638
1262,h2_storage,2030,53,14,14,-0.0017932122444652638
1263,h2_storage,2030,53,15,15,-0.0017932122444652638
1264,h2_storage,2030,53,16,16,-0.0017932122444652638
1265,h2_storage,2030,53,17,17,-0.0017932122444652638
1266,h2_storage,2030,53,18,18,-0.0017932122444652638
1267,h2_storage,2030,53,19,19,-0.0017932122444652638
1268,h2_storage,2030,53,20,20,-0.0017932122444652638
1269,h2_storage,2030,53,21,21,-0.0017932122444652638
1270,h2_storage,2030,53,22,22,-0.0017932122444652638
1271,h2_storage,2030,53,23,23,-0.0017932122444652638
1272,h2_storage,2030,53,24,24,0.0021977812086889986
1273,h2_storage,2030,54,1,1,0.0
1274,h2_storage,2030,54,2,2,0.0
1275,h2_storage,2030,54,3,3,0.0
1276,h2_storage,2030,54,4,4,0.0
1277,h2_storage,2030,54,5,5,0.0
1278,h2_storage,2030,54,6,6,0.0
1279,h2_storage,2030,54,7,7,0.0
1280,h2_storage,2030,54,8,8,0.0
1281,h2_storage,2030,54,9,9,0.0
1282,h2_storage,2030,54,10,10,0.0
1283,h2_storage,2030,54,11,11,0.0
1284,h2_storage,2030,54,12,12,0.0
1285,h2_storage,2030,54,13,13,0.0
1286,h2_storage,2030,54,14,14,0.0
1287,h2_storage,2030,54,15,15,0.0
1288,h2_storage,2030,54,16,16,0.0
1289,h2_storage,2030,54,17,17,0.0
1290,h2_storage,2030,54,18,18,0.0
1291,h2_storage,2030,54,19,19,0.0
1292,h2_storage,2030,54,20,20,0.0
1293,h2_storage,2030,54,21,21,0.0
1294,h2_storage,2030,54,22,22,0.0
1295,h2_storage,2030,54,23,23,0.0
1296,h2_storage,2030,54,24,24,0.0
1297,h2_storage,2030,55,1,1,0.0
1298,h2_storage,2030,55,2,2,0.0
1299,h2_storage,2030,55,3,3,0.0
1300,h2_storage,2030,55,4,4,0.0
1301,h2_storage,2030,55,5,5,0.0
1302,h2_storage,2030,55,6,6,0.0
1303,h2_storage,2030,55,7,7,0.0
1304,h2_storage,2030,55,8,8,0.0
1305,h2_storage,2030,55,9,9,0.0
1306,h2_storage,2030,55,10,10,0.0
1307,h2_storage,2030,55,11,11,0.0
1308,h2_storage,2030,55,12,12,0.0
1309,h2_storage,2030,55,13,13,0.0
1310,h2_storage,2030,55,14,14,0.0
1311,h2_storage,2030,55,15,15,0.0
1312,h2_storage,2030,55,16,16,0.0
1313,h2_storage,2030,55,17,17,0.0
1314,h2_storage,2030,55,18,18,0.0
1315,h2_storage,2030,55,19,19,0.0
1316,h2_storage,2030,55,20,20,0.0
1317,h2_storage,2030,55,21,21,0.0
1318,h2_storage,2030,55,22,22,0.0
1319,h2_storage,2030,55,23,23,0.0
1320,h2_storage,2030,55,24,24,0.0
1321,h2_storage,2030,56,1,1,0.0
1322,h2_storage,2030,56,2,2,0.0
1323,h2_storage,2030,56,3,3,0.0
1324,h2_storage,2030,56,4,4,0.0
1325,h2_storage,2030,56,5,5,0.0
1326,h2_storage,2030,56,6,6,0.0
1327,h2_storage,2030,56,7,7,0.0
1328,h2_storage,2030,56,8,8,0.0
1329,h2_storage,2030,56,9,9,0.0
1330,h2_storage,2030,56,10,10,0.0
1331,h2_storage,2030,56,11,11,0.0
1332,h2_storage,2030,56,12,12,0.0
1333,h2_storage,2030,56,13,13,0.0
1334,h2_storage,2030,56,14,14,0.0
1335,h2_storage,2030,56,15,15,0.0
1336,h2_storage,2030,56,16,16,0.0
1337,h2_storage,2030,56,17,17,0.0
1338,h2_storage,2030,56,18,18,0.0
1339,h2_storage,2030,56,19,19,0.0
1340,h2_storage,2030,56,20,20,0.0
1341,h2_storage,2030,56,21,21,0.0
1342,h2_storage,2030,56,22,22,0.0
1343,h2_storage,2030,56,23,23,0.0
1344,h2_storage,2030,56,24,24,0.0
1345,h2_storage,2030,57,1,1,-0.006684664887132366
1346,h2_storage,2030,57,2,2,-0.006684664887132366
1347,h2_storage,2030,57,3,3,-0.006684664887132366
1348,h2_storage,2030,57,4,4,-0.006684664887132366
1349,h2_storage,2030,57,5,5,-0.006684664887132366
1350,h2_storage,2030,57,6,6,-0.006684664887132366
1351,h2_storage,2030,57,7,7,-0.006684664887132366
1352,h2_storage,2030,57,8,8,-0.006684664887132366
1353,h2_storage,2030,57,9,9,-0.006684664887132366
1354,h2_storage,2030,57,10,10,-0.006684664887132366
1355,h2_storage,2030,57,11,11,-0.006684664887132366
1356,h2_storage,2030,57,12,12,-0.006684664887132366
1357,h2_storage,2030,57,13,13,-0.006684664887132366
1358,h2_storage,2030,57,14,14,-0.006684664887132366
1359,h2_storage,2030,57,15,15,-0.006684664887132366
1360,h2_storage,2030,57,16,16,-0.006684664887132366
1361,h2_storage,2030,57,17,17,-0.006684664887132366
1362,h2_storage,2030,57,18,18,-0.006684664887132366
1363,h2_storage,2030,57,19,19,-0.006684664887132366
1364,h2_storage,2030,57,20,20,-0.006684664887132366
1365,h2_storage,2030,57,21,21,-0.006684664887132366
1366,h2_storage,2030,57,22,22,-0.006684664887132366
1367,h2_storage,2030,57,23,23,-0.006684664887132366
1368,h2_storage,2030,57,24,24,-0.006684664887132366
1369,h2_storage,2030,58,1,1,0.0
1370,h2_storage,2030,58,2,2,0.0
1371,h2_storage,2030,58,3,3,0.0
1372,h2_storage,2030,58,4,4,0.0
1373,h2_storage,2030,58,5,5,0.0
1374,h2_storage,2030,58,6,6,0.0
1375,h2_storage,2030,58,7,7,0.0
1376,h2_storage,2030,58,8,8,0.0
1377,h2_storage,2030,58,9,9,0.0
1378,h2_storage,2030,58,10,10,0.0
1379,h2_storage,2030,58,11,11,0.0
1380,h2_storage,2030,58,12,12,0.0
1381,h2_storage,2030,58,13,13,0.0
1382,h2_storage,2030,58,14,14,0.0
1383,h2_storage,2030,58,15,15,0.0
1384,h2_storage,2030,58,16,16,0.0
1385,h2_storage,2030,58,17,17,0.0
1386,h2_storage,2030,58,18,18,0.0
1387,h2_storage,2030,58,19,19,0.0
1388,h2_storage,2030,58,20,20,0.0
1389,h2_storage,2030,58,21,21,0.0
1390,h2_storage,2030,58,22,22,0.0
1391,h2_storage,2030,58,23,23,0.0
1392,h2_storage,2030,58,24,24,0.0
1393,h2_storage,2030,59,1,1,0.0
1394,h2_storage,2030,59,2,2,0.0
1395,h2_storage,2030,59,3,3,0.0
1396,h2_storage,2030,59,4,4,0.0
1397,h2_storage,2030,59,5,5,0.0
1398,h2_storage,2030,59,6,6,0.003990993453154262
1399,h2_storage,2030,59,7,7,0.007981986906308525
1400,h2_storage,2030,59,8,8,0.007981986906308525
1401,h2_storage,2030,59,9,9,0.007981986906308525
1402,h2_storage,2030,59,10,10,0.007981986906308525
1403,h2_storage,2030,59,11,11,0.007981986906308525
1404,h2_storage,2030,59,12,12,0.007981986906308525
1405,h2_storage,2030,59,13,13,0.007981986906308525
1406,h2_storage,2030,59,14,14,0.007981986906308525
1407,h2_storage,2030,59,15,15,0.007981986906308525
1408,h2_storage,2030,59,16,16,0.007981986906308525
1409,h2_storage,2030,59,17,17,0.007981986906308525
1410,h2_storage,2030,59,18,18,0.007981986906308525
1411,h2_storage,2030,59,19,19,0.007981986906308525
1412,h2_storage,2030,59,20,20,0.007981986906308525
1413,h2_storage,2030,59,21,21,0.007981986906308525
1414,h2_storage,2030,59,22,22,0.007981986906308525
1415,h2_storage,2030,59,23,23,0.007981986906308525
1416,h2_storage,2030,59,24,24,0.007981986906308525
1417,h2_storage,2030,60,1,1,0.0
1418,h2_storage,2030,60,2,2,0.0
1419,h2_storage,2030,60,3,3,0.0
1420,h2_storage,2030,60,4,4,0.0
1421,h2_storage,2030,60,5,5,0.0
1422,h2_storage,2030,60,6,6,0.0
1423,h2_storage,2030,60,7,7,0.0
1424,h2_storage,2030,60,8,8,0.0
1425,h2_storage,2030,60,9,9,0.0
1426,h2_storage,2030,60,10,10,0.0
1427,h2_storage,2030,60,11,11,0.0
1428,h2_storage,2030,60,12,12,0.0
1429,h2_storage,2030,60,13,13,0.0
1430,h2_storage,2030,60,14,14,0.0
1431,h2_storage,2030,60,15,15,0.0
1432,h2_storage,2030,60,16,16,0.0
1433,h2_storage,2030,60,17,17,0.0
1434,h2_storage,2030,60,18,18,0.0
1435,h2_storage,2030,60,19,19,0.0
1436,h2_storage,2030,60,20,20,0.0
1437,h2_storage,2030,60,21,21,0.0
1438,h2_storage,2030,60,22,22,0.0
1439,h2_storage,2030,60,23,23,0.0
1440,h2_storage,2030,60,24,24,0.0
1441,h2_storage,2030,61,1,1,0.0
1442,h2_storage,2030,61,2,2,0.0
1443,h2_storage,2030,61,3,3,0.0
1444,h2_storage,2030,61,4,4,0.0
1445,h2_storage,2030,61,5,5,0.0
1446,h2_storage,2030,61,6,6,0.0
1447,h2_storage,2030,61,7,7,0.0
1448,h2_storage,2030,61,8,8,0.0
1449,h2_storage,2030,61,9,9,0.0
1450,h2_storage,2030,61,10,10,0.0
1451,h2_storage,2030,61,11,11,0.0
1452,h2_storage,2030,61,12,12,0.0
1453,h2_storage,2030,61,13,13,0.0
1454,h2_storage,2030,61,14,14,0.0
1455,h2_storage,2030,61,15,15,0.0
1456,h2_storage,2030,61,16,16,0.0
1457,h2_storage,2030,61,17,17,0.0
1458,h2_storage,2030,61,18,18,0.0
1459,h2_storage,2030,61,19,19,0.0
1460,h2_storage,2030,61,20,20,0.0
1461,h2_storage,2030,61,21,21,0.0
1462,h2_storage,2030,61,22,22,0.0
1463,h2_storage,2030,61,23,23,0.0
1464,h2_storage,2030,61,24,24,0.0
1465,h2_storage,2030,62,1,1,0.0
1466,h2_storage,2030,62,2,2,0.0
1467,h2_storage,2030,62,3,3,0.0
1468,h2_storage,2030,62,4,4,0.0
1469,h2_storage,2030,62,5,5,0.0
1470,h2_storage,2030,62,6,6,0.0
1471,h2_storage,2030,62,7,7,0.0
1472,h2_storage,2030,62,8,8,0.0
1473,h2_storage,2030,62,9,9,0.0
1474,h2_storage,2030,62,10,10,0.0
1475,h2_storage,2030,62,11,11,0.0
1476,h2_storage,2030,62,12,12,0.0
1477,h2_storage,2030,62,13,13,0.0
1478,h2_storage,2030,62,14,14,0.0
1479,h2_storage,2030,62,15,15,0.0
1480,h2_storage,2030,62,16,16,0.0
1481,h2_storage,2030,62,17,17,0.0
1482,h2_storage,2030,62,18,18,0.0
1483,h2_storage,2030,62,19,19,0.0
1484,h2_storage,2030,62,20,20,0.0
1485,h2_storage,2030,62,21,21,0.0
1486,h2_storage,2030,62,22,22,0.0
1487,h2_storage,2030,62,23,23,0.0
1488,h2_storage,2030,62,24,24,0.0
1489,h2_storage,2030,63,1,1,0.0
1490,h2_storage,2030,63,2,2,0.0
1491,h2_storage,2030,63,3,3,0.0
1492,h2_storage,2030,63,4,4,0.0
1493,h2_storage,2030,63,5,5,0.0
1494,h2_storage,2030,63,6,6,0.0
1495,h2_storage,2030,63,7,7,0.0
1496,h2_storage,2030,63,8,8,0.0
1497,h2_storage,2030,63,9,9,0.0
1498,h2_storage,2030,63,10,10,0.0
1499,h2_storage,2030,63,11,11,0.0
1500,h2_storage,2030,63,12,12,0.0
1501,h2_storage,2030,63,13,13,0.0
1502,h2_storage,2030,63,14,14,0.0
1503,h2_storage,2030,63,15,15,0.0
1504,h2_storage,2030,63,16,16,0.0
1505,h2_storage,2030,63,17,17,0.0
1506,h2_storage,2030,63,18,18,0.0
1507,h2_storage,2030,63,19,19,0.0
1508,h2_storage,2030,63,20,20,0.0
1509,h2_storage,2030,63,21,21,0.0
1510,h2_storage,2030,63,22,22,0.0
1511,h2_storage,2030,63,23,23,0.0
1512,h2_storage,2030,63,24,24,0.0
1513,h2_storage,2030,64,1,1,0.0
1514,h2_storage,2030,64,2,2,0.0
1515,h2_storage,2030,64,3,3,0.0
1516,h2_storage,2030,64,4,4,0.0
1517,h2_storage,2030,64,5,5,0.0
1518,h2_storage,2030,64,6,6,0.0
1519,h2_storage,2030,64,7,7,0.0
1520,h2_storage,2030,64,8,8,0.0
1521,h2_storage,2030,64,9,9,0.0
1522,h2_storage,2030,64,10,10,0.0
1523,h2_storage,2030,64,11,11,0.0
1524,h2_storage,2030,64,12,12,0.0
1525,h2_storage,2030,64,13,13,0.0
1526,h2_storage,2030,64,14,14,0.0
1527,h2_storage,2030,64,15,15,0.0
1528,h2_storage,2030,64,16,16,0.0
1529,h2_storage,2030,64,17,17,0.0
1530,h2_storage,2030,64,18,18,0.0
1531,h2_storage,2030,64,19,19,0.0
1532,h2_storage,2030,64,20,20,0.0
1533,h2_storage,2030,64,21,21,0.0
1534,h2_storage,2030,64,22,22,0.0
1535,h2_storage,2030,64,23,23,0.0
1536,h2_storage,2030,64,24,24,0.0
1537,h2_storage,2030,65,1,1,0.0
1538,h2_storage,2030,65,2,2,0.0
1539,h2_storage,2030,65,3,3,0.0
1540,h2_storage,2030,65,4,4,0.0
1541,h2_storage,2030,65,5,5,0.0
1542,h2_storage,2030,65,6,6,0.0
1543,h2_storage,2030,65,7,7,0.0
1544,h2_storage,2030,65,8,8,0.0
1545,h2_storage,2030,65,9,9,0.0
1546,h2_storage,2030,65,10,10,0.0
1547,h2_storage,2030,65,11,11,0.0
1548,h2_storage,2030,65,12,12,0.0
1549,h2_storage,2030,65,13,13,0.0
1550,h2_storage,2030,65,14,14,0.0
1551,h2_storage,2030,65,15,15,0.0
1552,h2_storage,2030,65,16,16,0.0
1553,h2_storage,2030,65,17,17,0.0
1554,h2_storage,2030,65,18,18,0.0
1555,h2_storage,2030,65,19,19,0.0
1556,h2_storage,2030,65,20,20,0.0
1557,h2_storage,2030,65,21,21,0.0
1558,h2_storage,2030,65,22,22,0.0
1559,h2_storage,2030,65,23,23,0.0
1560,h2_storage,2030,65,24,24,0.0
1561,h2_storage,2030,66,1,1,0.0
1562,h2_storage,2030,66,2,2,0.0
1563,h2_storage,2030,66,3,3,0.0
1564,h2_storage,2030,66,4,4,0.0
1565,h2_storage,2030,66,5,5,0.0
1566,h2_storage,2030,66,6,6,0.0
1567,h2_storage,2030,66,7,7,0.0
1568,h2_storage,2030,66,8,8,0.0
1569,h2_storage,2030,66,9,9,0.0
1570,h2_storage,2030,66,10,10,0.0
1571,h2_storage,2030,66,11,11,0.0
1572,h2_storage,2030,66,12,12,0.0
1573,h2_storage,2030,66,13,13,0.0
1574,h2_storage,2030,66,14,14,0.0
1575,h2_storage,2030,66,15,15,0.0
1576,h2_storage,2030,66,16,16,0.0
1577,h2_storage,2030,66,17,17,0.0
1578,h2_storage,2030,66,18,18,0.0
1579,h2_storage,2030,66,19,19,0.0
1580,h2_storage,2030,66,20,20,0.0
1581,h2_storage,2030,66,21,21,0.0
1582,h2_storage,2030,66,22,22,0.0
1583,h2_storage,2030,66,23,23,0.0
1584,h2_storage,2030,66,24,24,0.0
1585,h2_storage,2030,67,1,1,-7.421479763995143e-05
1586,h2_storage,2030,67,2,2,-7.421479763995143e-05
1587,h2_storage,2030,67,3,3,-7.421479763995143e-05
1588,h2_storage,2030,67,4,4,-7.421479763995143e-05
1589,h2_storage,2030,67,5,5,-7.421479763995143e-05
1590,h2_storage,2030,67,6,6,-7.421479763995143e-05
1591,h2_storage,2030,67,7,7,-7.421479763995143e-05
1592,h2_storage,2030,67,8,8,-7.421479763995143e-05
1593,h2_storage,2030,67,9,9,-7.421479763995143e-05
1594,h2_storage,2030,67,10,10,-7.421479763995143e-05
1595,h2_storage,2030,67,11,11,-7.421479763995143e-05
1596,h2_storage,2030,67,12,12,-7.421479763995143e-05
1597,h2_storage,2030,67,13,13,-7.421479763995143e-05
1598,h2_storage,2030,67,14,14,-7.421479763995143e-05
1599,h2_storage,2030,67,15,15,-7.421479763995143e-05
1600,h2_storage,2030,67,16,16,-7.421479763995143e-05
1601,h2_storage,2030,67,17,17,-7.421479763995143e-05
1602,h2_storage,2030,67,18,18,-7.421479763995143e-05
1603,h2_storage,2030,67,19,19,-7.421479763995143e-05
1604,h2_storage,2030,67,20,20,-7.421479763995143e-05
1605,h2_storage,2030,67,21,21,-7.421479763995143e-05
1606,h2_storage,2030,67,22,22,-7.421479763995143e-05
1607,h2_storage,2030,67,23,23,-7.421479763995143e-05
1608,h2_storage,2030,67,24,24,-7.421479763995143e-05
1609,h2_storage,2030,68,1,1,0.0
1610,h2_storage,2030,68,2,2,0.0
1611,h2_storage,2030,68,3,3,0.0
1612,h2_storage,2030,68,4,4,0.0
1613,h2_storage,2030,68,5,5,0.0
1614,h2_storage,2030,68,6,6,0.0
1615,h2_storage,2030,68,7,7,0.0
1616,h2_storage,2030,68,8,8,0.0
1617,h2_storage,2030,68,9,9,0.0
1618,h2_storage,2030,68,10,10,0.0
1619,h2_storage,2030,68,11,11,0.0
1620,h2_storage,2030,68,12,12,0.0
1621,h2_storage,2030,68,13,13,0.0
1622,h2_storage,2030,68,14,14,0.0
1623,h2_storage,2030,68,15,15,0.0
1624,h2_storage,2030,68,16,16,0.0
1625,h2_storage,2030,68,17,17,0.0
1626,h2_storage,2030,68,18,18,0.0
1627,h2_storage,2030,68,19,19,0.0
1628,h2_storage,2030,68,20,20,0.0
1629,h2_storage,2030,68,21,21,0.0
1630,h2_storage,2030,68,22,22,0.0
1631,h2_storage,2030,68,23,23,0.0
1632,h2_storage,2030,68,24,24,0.0
1633,h2_storage,2030,69,1,1,-0.0042541134382738915
1634,h2_storage,2030,69,2,2,-0.0042541134382738915
1635,h2_storage,2030,69,3,3,-0.0042541134382738915
1636,h2_storage,2030,69,4,4,-0.0042541134382738915
1637,h2_storage,2030,69,5,5,-0.0042541134382738915
1638,h2_storage,2030,69,6,6,-0.0042541134382738915
1639,h2_storage,2030,69,7,7,-0.0042541134382738915
1640,h2_storage,2030,69,8,8,-0.0042541134382738915
1641,h2_storage,2030,69,9,9,-0.0042541134382738915
1642,h2_storage,2030,69,10,10,-0.0042541134382738915
1643,h2_storage,2030,69,11,11,-0.0042541134382738915
1644,h2_storage,2030,69,12,12,-0.0042541134382738915
1645,h2_storage,2030,69,13,13,-0.0042541134382738915
1646,h2_storage,2030,69,14,14,-0.0042541134382738915
1647,h2_storage,2030,69,15,15,-0.0042541134382738915
1648,h2_storage,2030,69,16,16,-0.0042541134382738915
1649,h2_storage,2030,69,17,17,-0.0042541134382738915
1650,h2_storage,2030,69,18,18,-0.0042541134382738915
1651,h2_storage,2030,69,19,19,-0.0042541134382738915
1652,h2_storage,2030,69,20,20,-0.0042541134382738915
1653,h2_storage,2030,69,21,21,-0.0042541134382738915
1654,h2_storage,2030,69,22,22,-0.0042541134382738915
1655,h2_storage,2030,69,23,23,-0.0042541134382738915
1656,h2_storage,2030,69,24,24,-0.0042541134382738915
1657,h2_storage,2030,70,1,1,-0.009676493879631688
1658,h2_storage,2030,70,2,2,-0.009676493879631688
1659,h2_storage,2030,70,3,3,-0.009676493879631688
1660,h2_storage,2030,70,4,4,-0.009676493879631688
1661,h2_storage,2030,70,5,5,-0.009676493879631688
1662,h2_storage,2030,70,6,6,-0.009676493879631688
1663,h2_storage,2030,70,7,7,-0.009676493879631688
1664,h2_storage,2030,70,8,8,-0.009676493879631688
1665,h2_storage,2030,70,9,9,-0.009676493879631688
1666,h2_storage,2030,70,10,10,-0.009676493879631688
1667,h2_storage,2030,70,11,11,-0.009676493879631688
1668,h2_storage,2030,70,12,12,-0.009676493879631688
1669,h2_storage,2030,70,13,13,-0.009676493879631688
1670,h2_storage,2030,70,14,14,-0.009676493879631688
1671,h2_storage,2030,70,15,15,-0.009676493879631688
1672,h2_storage,2030,70,16,16,-0.009676493879631688
1673,h2_storage,2030,70,17,17,-0.009676493879631688
1674,h2_storage,2030,70,18,18,-0.009676493879631688
1675,h2_storage,2030,70,19,19,-0.009676493879631688
1676,h2_storage,2030,70,20,20,-0.009676493879631688
1677,h2_storage,2030,70,21,21,-0.009676493879631688
1678,h2_storage,2030,70,22,22,-0.009676493879631688
1679,h2_storage,2030,70,23,23,-0.009676493879631688
1680,h2_storage,2030,70,24,24,-0.009676493879631688
1681,h2_storage,2030,71,1,1,0.0
1682,h2_storage,2030,71,2,2,0.0
1683,h2_storage,2030,71,3,3,0.0
1684,h2_storage,2030,71,4,4,0.0
1685,h2_storage,2030,71,5,5,0.0
1686,h2_storage,2030,71,6,6,0.0
1687,h2_storage,2030,71,7,7,0.0
1688,h2_storage,2030,71,8,8,0.0
1689,h2_storage,2030,71,9,9,0.0
1690,h2_storage,2030,71,10,10,0.0
1691,h2_storage,2030,71,11,11,0.0
1692,h2_storage,2030,71,12,12,0.0
1693,h2_storage,2030,71,13,13,0.0
1694,h2_storage,2030,71,14,14,0.0
1695,h2_storage,2030,71,15,15,0.0
1696,h2_storage,2030,71,16,16,0.0
1697,h2_storage,2030,71,17,17,0.0
1698,h2_storage,2030,71,18,18,0.0
1699,h2_storage,2030,71,19,19,0.0
1700,h2_storage,2030,71,20,20,0.0
1701,h2_storage,2030,71,21,21,0.0
1702,h2_storage,2030,71,22,22,0.0
1703,h2_storage,2030,71,23,23,0.0
1704,h2_storage,2030,71,24,24,0.0
1705,h2_storage,2030,72,1,1,-0.00721002608132896
1706,h2_storage,2030,72,2,2,-0.00721002608132896
1707,h2_storage,2030,72,3,3,-0.00721002608132896
1708,h2_storage,2030,72,4,4,-0.00721002608132896
1709,h2_storage,2030,72,5,5,-0.00721002608132896
1710,h2_storage,2030,72,6,6,-0.00721002608132896
1711,h2_storage,2030,72,7,7,-0.00721002608132896
1712,h2_storage,2030,72,8,8,-0.00721002608132896
1713,h2_storage,2030,72,9,9,-0.00721002608132896
1714,h2_storage,2030,72,10,10,-0.00721002608132896
1715,h2_storage,2030,72,11,11,-0.00721002608132896
1716,h2_storage,2030,72,12,12,-0.00721002608132896
1717,h2_storage,2030,72,13,13,-0.00721002608132896
1718,h2_storage,2030,72,14,14,-0.00721002608132896
1719,h2_storage,2030,72,15,15,-0.00721002608132896
1720,h2_storage,2030,72,16,16,-0.00721002608132896
1721,h2_storage,2030,72,17,17,-0.00721002608132896
1722,h2_storage,2030,72,18,18,-0.00721002608132896
1723,h2_storage,2030,72,19,19,-0.00721002608132896
1724,h2_storage,2030,72,20,20,-0.00721002608132896
1725,h2_storage,2030,72,21,21,-0.00721002608132896
1726,h2_storage,2030,72,22,22,-0.00721002608132896
1727,h2_storage,2030,72,23,23,-0.00721002608132896
1728,h2_storage,2030,72,24,24,-0.00721002608132896
1729,h2_storage,2030,73,1,1,0.0
1730,h2_storage,2030,73,2,2,0.0
1731,h2_storage,2030,73,3,3,0.0
1732,h2_storage,2030,73,4,4,0.0
1733,h2_storage,2030,73,5,5,0.0
1734,h2_storage,2030,73,6,6,0.0
1735,h2_storage,2030,73,7,7,0.0
1736,h2_storage,2030,73,8,8,0.0
1737,h2_storage,2030,73,9,9,0.0
1738,h2_storage,2030,73,10,10,0.0
1739,h2_storage,2030,73,11,11,0.0
1740,h2_storage,2030,73,12,12,0.0
1741,h2_storage,2030,73,13,13,0.0
1742,h2_storage,2030,73,14,14,0.0
1743,h2_storage,2030,73,15,15,0.0
1744,h2_storage,2030,73,16,16,0.0
1745,h2_storage,2030,73,17,17,0.0
1746,h2_storage,2030,73,18,18,0.0
1747,h2_storage,2030,73,19,19,0.0
1748,h2_storage,2030,73,20,20,0.0
1749,h2_storage,2030,73,21,21,0.0
1750,h2_storage,2030,73,22,22,0.0
1751,h2_storage,2030,73,23,23,0.0
1752,h2_storage,2030,73,24,24,0.0
1753,h2_storage,2030,74,1,1,0.0
1754,h2_storage,2030,74,2,2,0.0
1755,h2_storage,2030,74,3,3,0.0
1756,h2_storage,2030,74,4,4,0.0
1757,h2_storage,2030,74,5,5,0.0
1758,h2_storage,2030,74,6,6,0.0
1759,h2_storage,2030,74,7,7,0.0
1760,h2_storage,2030,74,8,8,0.0
1761,h2_storage,2030,74,9,9,0.0
1762,h2_storage,2030,74,10,10,0.0
1763,h2_storage,2030,74,11,11,0.0
1764,h2_storage,2030,74,12,12,0.0
1765,h2_storage,2030,74,13,13,0.0
1766,h2_storage,2030,74,14,14,0.0
1767,h2_storage,2030,74,15,15,0.0
1768,h2_storage,2030,74,16,16,0.0
1769,h2_storage,2030,74,17,17,0.0
1770,h2_storage,2030,74,18,18,0.0
1771,h2_storage,2030,74,19,19,0.0
1772,h2_storage,2030,74,20,20,0.0
1773,h2_storage,2030,74,21,21,0.0
1774,h2_storage,2030,74,22,22,0.0
1775,h2_storage,2030,74,23,23,0.0
1776,h2_storage,2030,74,24,24,0.0
1777,h2_storage,2030,75,1,1,0.0
1778,h2_storage,2030,75,2,2,0.0
1779,h2_storage,2030,75,3,3,0.0
1780,h2_storage,2030,75,4,4,0.0
1781,h2_storage,2030,75,5,5,0.0
1782,h2_storage,2030,75,6,6,0.0
1783,h2_storage,2030,75,7,7,0.0
1784,h2_storage,2030,75,8,8,0.0
1785,h2_storage,2030,75,9,9,0.0
1786,h2_storage,2030,75,10,10,0.0
1787,h2_storage,2030,75,11,11,0.0
1788,h2_storage,2030,75,12,12,0.0
1789,h2_storage,2030,75,13,13,0.0
1790,h2_storage,2030,75,14,14,0.0
1791,h2_storage,2030,75,15,15,0.0
1792,h2_storage,2030,75,16,16,0.0
1793,h2_storage,2030,75,17,17,0.0
1794,h2_storage,2030,75,18,18,0.0
1795,h2_storage,2030,75,19,19,0.0
1796,h2_storage,2030,75,20,20,0.0
1797,h2_storage,2030,75,21,21,0.0
1798,h2_storage,2030,75,22,22,0.0
1799,h2_storage,2030,75,23,23,0.0
1800,h2_storage,2030,75,24,24,0.0
1801,h2_storage,2030,76,1,1,0.0
1802,h2_storage,2030,76,2,2,0.0
1803,h2_storage,2030,76,3,3,0.0
1804,h2_storage,2030,76,4,4,0.0
1805,h2_storage,2030,76,5,5,0.0
1806,h2_storage,2030,76,6,6,0.0
1807,h2_storage,2030,76,7,7,0.0
1808,h2_storage,2030,76,8,8,0.0
1809,h2_storage,2030,76,9,9,0.0
1810,h2_storage,2030,76,10,10,0.0
1811,h2_storage,2030,76,11,11,0.0
1812,h2_storage,2030,76,12,12,0.0
1813,h2_storage,2030,76,13,13,0.0
1814,h2_storage,2030,76,14,14,0.0
1815,h2_storage,2030,76,15,15,0.0
1816,h2_storage,2030,76,16,16,0.0
1817,h2_storage,2030,76,17,17,0.0
1818,h2_storage,2030,76,18,18,0.0
1819,h2_storage,2030,76,19,19,0.0
1820,h2_storage,2030,76,20,20,0.0
1821,h2_storage,2030,76,21,21,0.0
1822,h2_storage,2030,76,22,22,0.0
1823,h2_storage,2030,76,23,23,0.0
1824,h2_storage,2030,76,24,24,0.0
1825,h2_storage,2030,77,1,1,0.0
1826,h2_storage,2030,77,2,2,0.0
1827,h2_storage,2030,77,3,3,0.0
1828,h2_storage,2030,77,4,4,0.0
1829,h2_storage,2030,77,5,5,0.0
1830,h2_storage,2030,77,6,6,0.0
1831,h2_storage,2030,77,7,7,0.0
1832,h2_storage,2030,77,8,8,0.0
1833,h2_storage,2030,77,9,9,0.0
1834,h2_storage,2030,77,10,10,0.0
1835,h2_storage,2030,77,11,11,0.0
1836,h2_storage,2030,77,12,12,0.0
1837,h2_storage,2030,77,13,13,0.0
1838,h2_storage,2030,77,14,14,0.0
1839,h2_storage,2030,77,15,15,0.0
1840,h2_storage,2030,77,16,16,0.0
1841,h2_storage,2030,77,17,17,0.0
1842,h2_storage,2030,77,18,18,0.0
1843,h2_storage,2030,77,19,19,0.0
1844,h2_storage,2030,77,20,20,0.0
1845,h2_storage,2030,77,21,21,0.0
1846,h2_storage,2030,77,22,22,0.0
1847,h2_storage,2030,77,23,23,0.0
1848,h2_storage,2030,77,24,24,0.0
1849,h2_storage,2030,78,1,1,0.0
1850,h2_storage,2030,78,2,2,0.0
1851,h2_storage,2030,78,3,3,0.0
1852,h2_storage,2030,78,4,4,0.0
1853,h2_storage,2030,78,5,5,0.0
1854,h2_storage,2030,78,6,6,0.0
1855,h2_storage,2030,78,7,7,0.0
1856,h2_storage,2030,78,8,8,0.0
1857,h2_storage,2030,78,9,9,0.0
1858,h2_storage,2030,78,10,10,0.0
1859,h2_storage,2030,78,11,11,0.0
1860,h2_storage,2030,78,12,12,0.0
1861,h2_storage,2030,78,13,13,0.0
1862,h2_storage,2030,78,14,14,0.0
1863,h2_storage,2030,78,15,15,0.0
1864,h2_storage,2030,78,16,16,0.0
1865,h2_storage,2030,78,17,17,0.0
1866,h2_storage,2030,78,18,18,0.0
1867,h2_storage,2030,78,19,19,0.0
1868,h2_storage,2030,78,20,20,0.0
1869,h2_storage,2030,78,21,21,0.0
1870,h2_storage,2030,78,22,22,0.0
1871,h2_storage,2030,78,23,23,0.0
1872,h2_storage,2030,78,24,24,0.0
1873,h2_storage,2030,79,1,1,0.003990993453154262
1874,h2_storage,2030,79,2,2,0.007981986906308525
1875,h2_storage,2030,79,3,3,0.011972980359462787
1876,h2_storage,2030,79,4,4,0.01596397381261705
1877,h2_storage,2030,79,5,5,0.019954967265771312
1878,h2_storage,2030,79,6,6,0.0
1879,h2_storage,2030,79,7,7,0.0
1880,h2_storage,2030,79,8,8,0.0
1881,h2_storage,2030,79,9,9,0.0
1882,h2_storage,2030,79,10,10,0.0
1883,h2_storage,2030,79,11,11,0.0
1884,h2_storage,2030,79,12,12,0.0
1885,h2_storage,2030,79,13,13,0.0
1886,h2_storage,2030,79,14,14,0.0
1887,h2_storage,2030,79,15,15,0.0
1888,h2_storage,2030,79,16,16,0.0
1889,h2_storage,2030,79,17,17,0.0
1890,h2_storage,2030,79,18,18,0.0
1891,h2_storage,2030,79,19,19,0.0
1892,h2_storage,2030,79,20,20,0.0
1893,h2_storage,2030,79,21,21,0.0
1894,h2_storage,2030,79,22,22,0.0
1895,h2_storage,2030,79,23,23,0.0
1896,h2_storage,2030,79,24,24,0.0
1897,h2_storage,2030,80,1,1,0.0
1898,h2_storage,2030,80,2,2,0.0
1899,h2_storage,2030,80,3,3,0.0
1900,h2_storage,2030,80,4,4,0.0
1901,h2_storage,2030,80,5,5,0.0
1902,h2_storage,2030,80,6,6,0.0
1903,h2_storage,2030,80,7,7,0.0
1904,h2_storage,2030,80,8,8,0.0
1905,h2_storage,2030,80,9,9,0.0
1906,h2_storage,2030,80,10,10,0.0
1907,h2_storage,2030,80,11,11,0.0
1908,h2_storage,2030,80,12,12,0.0
1909,h2_storage,2030,80,13,13,0.0
1910,h2_storage,2030,80,14,14,0.0
1911,h2_storage,2030,80,15,15,0.0
1912,h2_storage,2030,80,16,16,0.0
1913,h2_storage,2030,80,17,17,0.0
1914,h2_storage,2030,80,18,18,0.0
1915,h2_storage,2030,80,19,19,0.0
1916,h2_storage,2030,80,20,20,0.0
1917,h2_storage,2030,80,21,21,0.0
1918,h2_storage,2030,80,22,22,0.0
1919,h2_storage,2030,80,23,23,0.0
1920,h2_storage,2030,80,24,24,0.0
1921,h2_storage,2030,81,1,1,0.0
1922,h2_storage,2030,81,2,2,0.0
1923,h2_storage,2030,81,3,3,0.0
1924,h2_storage,2030,81,4,4,0.0
1925,h2_storage,2030,81,5,5,0.0
1926,h2_storage,2030,81,6,6,0.0
1927,h2_storage,2030,81,7,7,0.0
1928,h2_storage,2030,81,8,8,0.0
1929,h2_storage,2030,81,9,9,0.0
1930,h2_storage,2030,81,10,10,0.0
1931,h2_storage,2030,81,11,11,0.0
1932,h2_storage,2030,81,12,12,0.0
1933,h2_storage,2030,81,13,13,0.0
1934,h2_storage,2030,81,14,14,0.0
1935,h2_storage,2030,81,15,15,0.0
1936,h2_storage,2030,81,16,16,0.0
1937,h2_storage,2030,81,17,17,0.0
1938,h2_storage,2030,81,18,18,0.0
1939,h2_storage,2030,81,19,19,0.0
1940,h2_storage,2030,81,20,20,0.0
1941,h2_storage,2030,81,21,21,0.0
1942,h2_storage,2030,81,22,22,0.0
1943,h2_storage,2030,81,23,23,0.0
1944,h2_storage,2030,81,24,24,0.0
1945,h2_storage,2030,82,1,1,-0.003990993453154262
1946,h2_storage,2030,82,2,2,-0.003990993453154262
1947,h2_storage,2030,82,3,3,-0.003990993453154262
1948,h2_storage,2030,82,4,4,-0.003990993453154262
1949,h2_storage,2030,82,5,5,-0.003990993453154262
1950,h2_storage,2030,82,6,6,-0.003990993453154262
1951,h2_storage,2030,82,7,7,-0.003990993453154262
1952,h2_storage,2030,82,8,8,-0.003990993453154262
1953,h2_storage,2030,82,9,9,-0.003990993453154262
1954,h2_storage,2030,82,10,10,-0.003990993453154262
1955,h2_storage,2030,82,11,11,-0.003990993453154262
1956,h2_storage,2030,82,12,12,-0.003990993453154262
1957,h2_storage,2030,82,13,13,-0.003990993453154262
1958,h2_storage,2030,82,14,14,-0.003990993453154262
1959,h2_storage,2030,82,15,15,-0.003990993453154262
1960,h2_storage,2030,82,16,16,-0.003990993453154262
1961,h2_storage,2030,82,17,17,-0.003990993453154262
1962,h2_storage,2030,82,18,18,-0.003990993453154262
1963,h2_storage,2030,82,19,19,-0.003990993453154262
1964,h2_storage,2030,82,20,20,-0.003990993453154262
1965,h2_storage,2030,82,21,21,-0.003990993453154262
1966,h2_storage,2030,82,22,22,-0.003990993453154262
1967,h2_storage,2030,82,23,23,-0.003990993453154262
1968,h2_storage,2030,82,24,24,0.0
1969,h2_storage,2030,83,1,1,0.0
1970,h2_storage,2030,83,2,2,0.0
1971,h2_storage,2030,83,3,3,0.0
1972,h2_storage,2030,83,4,4,0.0
1973,h2_storage,2030,83,5,5,0.0
1974,h2_storage,2030,83,6,6,0.0
1975,h2_storage,2030,83,7,7,0.0
1976,h2_storage,2030,83,8,8,0.0
1977,h2_storage,2030,83,9,9,0.0
1978,h2_storage,2030,83,10,10,0.0
1979,h2_storage,2030,83,11,11,0.0
1980,h2_storage,2030,83,12,12,0.0
1981,h2_storage,2030,83,13,13,0.0
1982,h2_storage,2030,83,14,14,0.0
1983,h2_storage,2030,83,15,15,0.0
1984,h2_storage,2030,83,16,16,0.0
1985,h2_storage,2030,83,17,17,0.0
1986,h2_storage,2030,83,18,18,0.0
1987,h2_storage,2030,83,19,19,0.0
1988,h2_storage,2030,83,20,20,0.0
1989,h2_storage,2030,83,21,21,0.0
1990,h2_storage,2030,83,22,22,0.0
1991,h2_storage,2030,83,23,23,0.0
1992,h2_storage,2030,83,24,24,0.0
1993,h2_storage,2030,84,1,1,0.0
1994,h2_storage,2030,84,2,2,0.0
1995,h2_storage,2030,84,3,3,0.0
1996,h2_storage,2030,84,4,4,0.0
1997,h2_storage,2030,84,5,5,0.0
1998,h2_storage,2030,84,6,6,0.0
1999,h2_storage,2030,84,7,7,0.0
2000,h2_storage,2030,84,8,8,0.0
2001,h2_storage,2030,84,9,9,0.0
2002,h2_storage,2030,84,10,10,0.0
2003,h2_storage,2030,84,11,11,0.0
2004,h2_storage,2030,84,12,12,0.0
2005,h2_storage,2030,84,13,13,0.0
2006,h2_storage,2030,84,14,14,0.0
2007,h2_storage,2030,84,15,15,0.0
2008,h2_storage,2030,84,16,16,0.0
2009,h2_storage,2030,84,17,17,0.0
2010,h2_storage,2030,84,18,18,0.0
2011,h2_storage,2030,84,19,19,0.0
2012,h2_storage,2030,84,20,20,0.0
2013,h2_storage,2030,84,21,21,0.0
2014,h2_storage,2030,84,22,22,0.0
2015,h2_storage,2030,84,23,23,0.0
2016,h2_storage,2030,84,24,24,0.0
2017,h2_storage,2030,85,1,1,0.0
2018,h2_storage,2030,85,2,2,0.0
2019,h2_storage,2030,85,3,3,0.0
2020,h2_storage,2030,85,4,4,0.0
2021,h2_storage,2030,85,5,5,0.0
2022,h2_storage,2030,85,6,6,0.0
2023,h2_storage,2030,85,7,7,0.0
2024,h2_storage,2030,85,8,8,0.0
2025,h2_storage,2030,85,9,9,0.0
2026,h2_storage,2030,85,10,10,0.0
2027,h2_storage,2030,85,11,11,0.0
2028,h2_storage,2030,85,12,12,0.0
2029,h2_storage,2030,85,13,13,0.0
2030,h2_storage,2030,85,14,14,0.0
2031,h2_storage,2030,85,15,15,0.0
2032,h2_storage,2030,85,16,16,0.0
2033,h2_storage,2030,85,17,17,0.0
2034,h2_storage,2030,85,18,18,0.0
2035,h2_storage,2030,85,19,19,0.0
2036,h2_storage,2030,85,20,20,0.0
2037,h2_storage,2030,85,21,21,0.0
2038,h2_storage,2030,85,22,22,0.0
2039,h2_storage,2030,85,23,23,0.0
2040,h2_storage,2030,85,24,24,0.0
2041,h2_storage,2030,86,1,1,0.0
2042,h2_storage,2030,86,2,2,0.0
2043,h2_storage,2030,86,3,3,0.0
2044,h2_storage,2030,86,4,4,0.0
2045,h2_storage,2030,86,5,5,0.0
2046,h2_storage,2030,86,6,6,0.0
2047,h2_storage,2030,86,7,7,0.0
2048,h2_storage,2030,86,8,8,0.0
2049,h2_storage,2030,86,9,9,0.0
2050,h2_storage,2030,86,10,10,0.0
2051,h2_storage,2030,86,11,11,0.0
2052,h2_storage,2030,86,12,12,0.0
2053,h2_storage,2030,86,13,13,0.0
2054,h2_storage,2030,86,14,14,0.0
2055,h2_storage,2030,86,15,15,0.0
2056,h2_storage,2030,86,16,16,0.0
2057,h2_storage,2030,86,17,17,0.0
2058,h2_storage,2030,86,18,18,0.0
2059,h2_storage,2030,86,19,19,0.0
2060,h2_storage,2030,86,20,20,0.0
2061,h2_storage,2030,86,21,21,0.0
2062,h2_storage,2030,86,22,22,0.0
2063,h2_storage,2030,86,23,23,0.0
2064,h2_storage,2030,86,24,24,0.0
2065,h2_storage,2030,87,1,1,0.0
2066,h2_storage,2030,87,2,2,0.0
2067,h2_storage,2030,87,3,3,0.0
2068,h2_storage,2030,87,4,4,0.0
2069,h2_storage,2030,87,5,5,0.0
2070,h2_storage,2030,87,6,6,0.0
2071,h2_storage,2030,87,7,7,0.0
2072,h2_storage,2030,87,8,8,0.0
2073,h2_storage,2030,87,9,9,0.0
2074,h2_storage,2030,87,10,10,0.0
2075,h2_storage,2030,87,11,11,0.0
2076,h2_storage,2030,87,12,12,0.0
2077,h2_storage,2030,87,13,13,0.0
2078,h2_storage,2030,87,14,14,0.0
2079,h2_storage,2030,87,15,15,0.0
2080,h2_storage,2030,87,16,16,0.0
2081,h2_storage,2030,87,17,17,0.0
2082,h2_storage,2030,87,18,18,0.0
2083,h2_storage,2030,87,19,19,0.0
2084,h2_storage,2030,87,20,20,0.0
2085,h2_storage,2030,87,21,21,0.0
2086,h2_storage,2030,87,22,22,0.0
2087,h2_storage,2030,87,23,23,0.0
2088,h2_storage,2030,87,24,24,0.0
2089,h2_storage,2030,88,1,1,0.003990993453154262
2090,h2_storage,2030,88,2,2,0.007981986906308525
2091,h2_storage,2030,88,3,3,0.011972980359462815
2092,h2_storage,2030,88,4,4,0.013861854952853355
2093,h2_storage,2030,88,5,5,0.0
2094,h2_storage,2030,88,6,6,0.0
2095,h2_storage,2030,88,7,7,0.0
2096,h2_storage,2030,88,8,8,0.0
2097,h2_storage,2030,88,9,9,0.0
2098,h2_storage,2030,88,10,10,0.0
2099,h2_storage,2030,88,11,11,0.0
2100,h2_storage,2030,88,12,12,0.0
2101,h2_storage,2030,88,13,13,0.0
2102,h2_storage,2030,88,14,14,0.0
2103,h2_storage,2030,88,15,15,0.0
2104,h2_storage,2030,88,16,16,0.0
2105,h2_storage,2030,88,17,17,0.0
2106,h2_storage,2030,88,18,18,0.0
2107,h2_storage,2030,88,19,19,0.0
2108,h2_storage,2030,88,20,20,0.0
2109,h2_storage,2030,88,21,21,0.0
2110,h2_storage,2030,88,22,22,0.0
2111,h2_storage,2030,88,23,23,0.0
2112,h2_storage,2030,88,24,24,0.0
2113,h2_storage,2030,89,1,1,0.0
2114,h2_storage,2030,89,2,2,0.0
2115,h2_storage,2030,89,3,3,0.0
2116,h2_storage,2030,89,4,4,0.0
2117,h2_storage,2030,89,5,5,0.0
2118,h2_storage,2030,89,6,6,0.0
2119,h2_storage,2030,89,7,7,0.0
2120,h2_storage,2030,89,8,8,0.0
2121,h2_storage,2030,89,9,9,0.0
2122,h2_storage,2030,89,10,10,0.0
2123,h2_storage,2030,89,11,11,0.0
2124,h2_storage,2030,89,12,12,0.0
2125,h2_storage,2030,89,13,13,0.0
2126,h2_storage,2030,89,14,14,0.0
2127,h2_storage,2030,89,15,15,0.0
2128,h2_storage,2030,89,16,16,0.0
2129,h2_storage,2030,89,17,17,0.0
2130,h2_storage,2030,89,18,18,0.0
2131,h2_storage,2030,89,19,19,0.0
2132,h2_storage,2030,89,20,20,0.0
2133,h2_storage,2030,89,21,21,0.0
2134,h2_storage,2030,89,22,22,0.0
2135,h2_storage,2030,89,23,23,0.0
2136,h2_storage,2030,89,24,24,0.0
2137,h2_storage,2030,90,1,1,0.0
2138,h2_storage,2030,90,2,2,0.0
2139,h2_storage,2030,90,3,3,0.0
2140,h2_storage,2030,90,4,4,0.0
2141,h2_storage,2030,90,5,5,0.0
2142,h2_storage,2030,90,6,6,0.0
2143,h2_storage,2030,90,7,7,0.0
2144,h2_storage,2030,90,8,8,0.0
2145,h2_storage,2030,90,9,9,0.0
2146,h2_storage,2030,90,10,10,0.0
2147,h2_storage,2030,90,11,11,0.0
2148,h2_storage,2030,90,12,12,0.0
2149,h2_storage,2030,90,13,13,0.0
2150,h2_storage,2030,90,14,14,0.0
2151,h2_storage,2030,90,15,15,0.0
2152,h2_storage,2030,90,16,16,0.0
2153,h2_storage,2030,90,17,17,0.0
2154,h2_storage,2030,90,18,18,0.0
2155,h2_storage,2030,90,19,19,0.0
2156,h2_storage,2030,90,20,20,0.0
2157,h2_storage,2030,90,21,21,0.0
2158,h2_storage,2030,90,22,22,0.0
2159,h2_storage,2030,90,23,23,0.0
2160,h2_storage,2030,90,24,24,0.0
2161,h2_storage,2030,91,1,1,0.0
2162,h2_storage,2030,91,2,2,0.0
2163,h2_storage,2030,91,3,3,0.0
2164,h2_storage,2030,91,4,4,0.0
2165,h2_storage,2030,91,5,5,0.0
2166,h2_storage,2030,91,6,6,0.0
2167,h2_storage,2030,91,7,7,0.0
2168,h2_storage,2030,91,8,8,0.0
2169,h2_storage,2030,91,9,9,0.0
2170,h2_storage,2030,91,10,10,0.0
2171,h2_storage,2030,91,11,11,0.0
2172,h2_storage,2030,91,12,12,0.0
2173,h2_storage,2030,91,13,13,0.0
2174,h2_storage,2030,91,14,14,0.0
2175,h2_storage,2030,91,15,15,0.0
2176,h2_storage,2030,91,16,16,0.0
2177,h2_storage,2030,91,17,17,0.0
2178,h2_storage,2030,91,18,18,0.0
2179,h2_storage,2030,91,19,19,0.0
2180,h2_storage,2030,91,20,20,0.0
2181,h2_storage,2030,91,21,21,0.0
2182,h2_storage,2030,91,22,22,0.0
2183,h2_storage,2030,91,23,23,0.0
2184,h2_storage,2030,91,24,24,0.0
2185,h2_storage,2030,92,1,1,0.0
2186,h2_storage,2030,92,2,2,0.0
2187,h2_storage,2030,92,3,3,0.0
2188,h2_storage,2030,92,4,4,0.0
2189,h2_storage,2030,92,5,5,0.0
2190,h2_storage,2030,92,6,6,0.0
2191,h2_storage,2030,92,7,7,0.0
2192,h2_storage,2030,92,8,8,0.0
2193,h2_storage,2030,92,9,9,0.0
2194,h2_storage,2030,92,10,10,0.0
2195,h2_storage,2030,92,11,11,0.0
2196,h2_storage,2030,92,12,12,0.0
2197,h2_storage,2030,92,13,13,0.0
2198,h2_storage,2030,92,14,14,0.0
2199,h2_storage,2030,92,15,15,0.0
2200,h2_storage,2030,92,16,16,0.0
2201,h2_storage,2030,92,17,17,0.0
2202,h2_storage,2030,92,18,18,0.0
2203,h2_storage,2030,92,19,19,0.0
2204,h2_storage,2030,92,20,20,0.0
2205,h2_storage,2030,92,21,21,0.0
2206,h2_storage,2030,92,22,22,0.0
2207,h2_storage,2030,92,23,23,0.0
2208,h2_storage,2030,92,24,24,0.0
2209,h2_storage,2030,93,1,1,0.0
2210,h2_storage,2030,93,2,2,0.0
2211,h2_storage,2030,93,3,3,0.0
2212,h2_storage,2030,93,4,4,0.0
2213,h2_storage,2030,93,5,5,0.0
2214,h2_storage,2030,93,6,6,0.0
2215,h2_storage,2030,93,7,7,0.0
2216,h2_storage,2030,93,8,8,0.0
2217,h2_storage,2030,93,9,9,0.0
2218,h2_storage,2030,93,10,10,0.0
2219,h2_storage,2030,93,11,11,0.0
2220,h2_storage,2030,93,12,12,0.0
2221,h2_storage,2030,93,13,13,0.0
2222,h2_storage,2030,93,14,14,0.0
2223,h2_storage,2030,93,15,15,0.0
2224,h2_storage,2030,93,16,16,0.0
2225,h2_storage,2030,93,17,17,0.0
2226,h2_storage,2030,93,18,18,0.0
2227,h2_storage,2030,93,19,19,0.0
2228,h2_storage,2030,93,20,20,0.0
2229,h2_storage,2030,93,21,21,0.0
2230,h2_storage,2030,93,22,22,0.0
2231,h2_storage,2030,93,23,23,0.0
2232,h2_storage,2030,93,24,24,0.0
2233,h2_storage,2030,94,1,1,-0.015568172925923383
2234,h2_storage,2030,94,2,2,-0.015568172925923383
2235,h2_storage,2030,94,3,3,-0.015568172925923383
2236,h2_storage,2030,94,4,4,-0.012614476956770834
2237,h2_storage,2030,94,5,5,-0.008623483503616572
2238,h2_storage,2030,94,6,6,-0.004632490050462309
2239,h2_storage,2030,94,7,7,-0.0006414965973080465
2240,h2_storage,2030,94,8,8,0.0
2241,h2_storage,2030,94,9,9,0.0
2242,h2_storage,2030,94,10,10,0.0
2243,h2_storage,2030,94,11,11,0.0
2244,h2_storage,2030,94,12,12,0.0
2245,h2_storage,2030,94,13,13,0.0
2246,h2_storage,2030,94,14,14,0.0
2247,h2_storage,2030,94,15,15,0.0
2248,h2_storage,2030,94,16,16,0.0
2249,h2_storage,2030,94,17,17,0.0
2250,h2_storage,2030,94,18,18,0.0
2251,h2_storage,2030,94,19,19,0.0
2252,h2_storage,2030,94,20,20,0.0
2253,h2_storage,2030,94,21,21,0.0
2254,h2_storage,2030,94,22,22,0.0
2255,h2_storage,2030,94,23,23,0.0
2256,h2_storage,2030,94,24,24,0.0
2257,h2_storage,2030,95,1,1,0.0
2258,h2_storage,2030,95,2,2,0.0
2259,h2_storage,2030,95,3,3,0.0
2260,h2_storage,2030,95,4,4,0.0
2261,h2_storage,2030,95,5,5,0.0
2262,h2_storage,2030,95,6,6,0.0
2263,h2_storage,2030,95,7,7,0.0
2264,h2_storage,2030,95,8,8,0.0
2265,h2_storage,2030,95,9,9,0.0
2266,h2_storage,2030,95,10,10,0.0
2267,h2_storage,2030,95,11,11,0.0
2268,h2_storage,2030,95,12,12,0.0
2269,h2_storage,2030,95,13,13,0.0
2270,h2_storage,2030,95,14,14,0.0
2271,h2_storage,2030,95,15,15,0.0
2272,h2_storage,2030,95,16,16,0.0
2273,h2_storage,2030,95,17,17,0.0
2274,h2_storage,2030,95,18,18,0.0
2275,h2_storage,2030,95,19,19,0.0
2276,h2_storage,2030,95,20,20,0.0
2277,h2_storage,2030,95,21,21,0.0
2278,h2_storage,2030,95,22,22,0.0
2279,h2_storage,2030,95,23,23,0.0
2280,h2_storage,2030,95,24,24,0.0
2281,h2_storage,2030,96,1,1,0.0
2282,h2_storage,2030,96,2,2,0.0
2283,h2_storage,2030,96,3,3,0.0
2284,h2_storage,2030,96,4,4,0.0
2285,h2_storage,2030,96,5,5,0.0
2286,h2_storage,2030,96,6,6,0.0
2287,h2_storage,2030,96,7,7,0.0
2288,h2_storage,2030,96,8,8,0.0
2289,h2_storage,2030,96,9,9,0.0
2290,h2_storage,2030,96,10,10,0.0
2291,h2_storage,2030,96,11,11,0.0
2292,h2_storage,2030,96,12,12,0.0
2293,h2_storage,2030,96,13,13,0.0
2294,h2_storage,2030,96,14,14,0.0
2295,h2_storage,2030,96,15,15,0.0
2296,h2_storage,2030,96,16,16,0.0
2297,h2_storage,2030,96,17,17,0.0
2298,h2_storage,2030,96,18,18,0.0
2299,h2_storage,2030,96,19,19,0.0
2300,h2_storage,2030,96,20,20,0.0
2301,h2_storage,2030,96,21,21,0.0
2302,h2_storage,2030,96,22,22,0.0
2303,h2_storage,2030,96,23,23,0.0
2304,h2_storage,2030,96,24,24,0.0
2305,h2_storage,2030,97,1,1,-0.01061225312441247
2306,h2_storage,2030,97,2,2,-0.01061225312441247
2307,h2_storage,2030,97,3,3,-0.01061225312441247
2308,h2_storage,2030,97,4,4,-0.01061225312441247
2309,h2_storage,2030,97,5,5,-0.01061225312441247
2310,h2_storage,2030,97,6,6,-0.006621259671258207
2311,h2_storage,2030,97,7,7,-0.0026302662181039442
2312,h2_storage,2030,97,8,8,0.0013607272350503181
2313,h2_storage,2030,97,9,9,0.0013607272350503181
2314,h2_storage,2030,97,10,10,0.0013607272350503181
2315,h2_storage,2030,97,11,11,0.0013607272350503181
2316,h2_storage,2030,97,12,12,0.0013607272350503181
2317,h2_storage,2030,97,13,13,0.0013607272350503181
2318,h2_storage,2030,97,14,14,0.0013607272350503181
2319,h2_storage,2030,97,15,15,0.0013607272350503181
2320,h2_storage,2030,97,16,16,0.0013607272350503181
2321,h2_storage,2030,97,17,17,0.0013607272350503181
2322,h2_storage,2030,97,18,18,0.0013607272350503181
2323,h2_storage,2030,97,19,19,0.0013607272350503181
2324,h2_storage,2030,97,20,20,0.0013607272350503181
2325,h2_storage,2030,97,21,21,0.0013607272350503181
2326,h2_storage,2030,97,22,22,0.0013607272350503181
2327,h2_storage,2030,97,23,23,0.0013607272350503181
2328,h2_storage,2030,97,24,24,0.0013607272350503181
2329,h2_storage,2030,98,1,1,0.0
2330,h2_storage,2030,98,2,2,0.0
2331,h2_storage,2030,98,3,3,0.0
2332,h2_storage,2030,98,4,4,0.0
2333,h2_storage,2030,98,5,5,0.0
2334,h2_storage,2030,98,6,6,0.0
2335,h2_storage,2030,98,7,7,0.0
2336,h2_storage,2030,98,8,8,0.0
2337,h2_storage,2030,98,9,9,0.0
2338,h2_storage,2030,98,10,10,0.0
2339,h2_storage,2030,98,11,11,0.0
2340,h2_storage,2030,98,12,12,0.0
2341,h2_storage,2030,98,13,13,0.0
2342,h2_storage,2030,98,14,14,0.0
2343,h2_storage,2030,98,15,15,0.0
2344,h2_storage,2030,98,16,16,0.0
2345,h2_storage,2030,98,17,17,0.0
2346,h2_storage,2030,98,18,18,0.0
2347,h2_storage,2030,98,19,19,0.0
2348,h2_storage,2030,98,20,20,0.0
2349,h2_storage,2030,98,21,21,0.0
2350,h2_storage,2030,98,22,22,0.0
2351,h2_storage,2030,98,23,23,0.0
2352,h2_storage,2030,98,24,24,0.0
2353,h2_storage,2030,99,1,1,-0.0017430791259228215
2354,h2_storage,2030,99,2,2,-0.0017430791259228215
2355,h2_storage,2030,99,3,3,-0.0017430791259228215
2356,h2_storage,2030,99,4,4,-0.0017430791259228215
2357,h2_storage,2030,99,5,5,-0.0017430791259228215
2358,h2_storage,2030,99,6,6,-0.0017430791259228215
2359,h2_storage,2030,99,7,7,-0.0017430791259228215
2360,h2_storage,2030,99,8,8,-0.0017430791259228215
2361,h2_storage,2030,99,9,9,-0.0017430791259228215
2362,h2_storage,2030,99,10,10,-0.0017430791259228215
2363,h2_storage,2030,99,11,11,-0.0017430791259228215
2364,h2_storage,2030,99,12,12,-0.0017430791259228215
2365,h2_storage,2030,99,13,13,-0.0017430791259228215
2366,h2_storage,2030,99,14,14,-0.0017430791259228215
2367,h2_storage,2030,99,15,15,-0.0017430791259228215
2368,h2_storage,2030,99,16,16,-0.0017430791259228215
2369,h2_storage,2030,99,17,17,-0.0017430791259228215
2370,h2_storage,2030,99,18,18,-0.0017430791259228215
2371,h2_storage,2030,99,19,19,-0.0017430791259228215
2372,h2_storage,2030,99,20,20,-0.0017430791259228215
2373,h2_storage,2030,99,21,21,-0.0017430791259228215
2374,h2_storage,2030,99,22,22,-0.0017430791259228215
2375,h2_storage,2030,99,23,23,-0.0017430791259228215
2376,h2_storage,2030,99,24,24,-0.0017430791259228215
2377,h2_storage,2030,100,1,1,0.0
2378,h2_storage,2030,100,2,2,0.0
2379,h2_storage,2030,100,3,3,0.0
2380,h2_storage,2030,100,4,4,0.0
2381,h2_storage,2030,100,5,5,0.0
2382,h2_storage,2030,100,6,6,0.0
2383,h2_storage,2030,100,7,7,0.0
2384,h2_storage,2030,100,8,8,0.0
2385,h2_storage,2030,100,9,9,0.0
2386,h2_storage,2030,100,10,10,0.0
2387,h2_storage,2030,100,11,11,0.0
2388,h2_storage,2030,100,12,12,0.0
2389,h2_storage,2030,100,13,13,0.0
2390,h2_storage,2030,100,14,14,0.0
2391,h2_storage,2030,100,15,15,0.0
2392,h2_storage,2030,100,16,16,0.0
2393,h2_storage,2030,100,17,17,0.0
2394,h2_storage,2030,100,18,18,0.0
2395,h2_storage,2030,100,19,19,0.0
2396,h2_storage,2030,100,20,20,0.0
2397,h2_storage,2030,100,21,21,0.0
2398,h2_storage,2030,100,22,22,0.0
2399,h2_storage,2030,100,23,23,0.0
2400,h2_storage,2030,100,24,24,0.0
2401,h2_storage,2030,101,1,1,-0.001995548245780486
2402,h2_storage,2030,101,2,2,-0.001995548245780486
2403,h2_storage,2030,101,3,3,-0.001995548245780486
2404,h2_storage,2030,101,4,4,-0.001995548245780486
2405,h2_storage,2030,101,5,5,-0.001995548245780486
2406,h2_storage,2030,101,6,6,-0.001995548245780486
2407,h2_storage,2030,101,7,7,-0.001995548245780486
2408,h2_storage,2030,101,8,8,-0.001995548245780486
2409,h2_storage,2030,101,9,9,-0.001995548245780486
2410,h2_storage,2030,101,10,10,-0.001995548245780486
2411,h2_storage,2030,101,11,11,-0.001995548245780486
2412,h2_storage,2030,101,12,12,-0.001995548245780486
2413,h2_storage,2030,101,13,13,-0.001995548245780486
2414,h2_storage,2030,101,14,14,-0.001995548245780486
2415,h2_storage,2030,101,15,15,-0.001995548245780486
2416,h2_storage,2030,101,16,16,-0.001995548245780486
2417,h2_storage,2030,101,17,17,-0.001995548245780486
2418,h2_storage,2030,101,18,18,-0.001995548245780486
2419,h2_storage,2030,101,19,19,-0.001995548245780486
2420,h2_storage,2030,101,20,20,-0.001995548245780486
2421,h2_storage,2030,101,21,21,-0.001995548245780486
2422,h2_storage,2030,101,22,22,-0.001995548245780486
2423,h2_storage,2030,101,23,23,-0.001995548245780486
2424,h2_storage,2030,101,24,24,-0.001995548245780486
2425,h2_storage,2030,102,1,1,0.0
2426,h2_storage,2030,102,2,2,0.0
2427,h2_storage,2030,102,3,3,0.0
2428,h2_storage,2030,102,4,4,0.0
2429,h2_storage,2030,102,5,5,0.0
2430,h2_storage,2030,102,6,6,0.0
2431,h2_storage,2030,102,7,7,0.0
2432,h2_storage,2030,102,8,8,0.0
2433,h2_storage,2030,102,9,9,0.0
2434,h2_storage,2030,102,10,10,0.0
2435,h2_storage,2030,102,11,11,0.0
2436,h2_storage,2030,102,12,12,0.0
2437,h2_storage,2030,102,13,13,0.0
2438,h2_storage,2030,102,14,14,0.0
2439,h2_storage,2030,102,15,15,0.0
2440,h2_storage,2030,102,16,16,0.0
2441,h2_storage,2030,102,17,17,0.0
2442,h2_storage,2030,102,18,18,0.0
2443,h2_storage,2030,102,19,19,0.0
2444,h2_storage,2030,102,20,20,0.0
2445,h2_storage,2030,102,21,21,0.0
2446,h2_storage,2030,102,22,22,0.0
2447,h2_storage,2030,102,23,23,0.0
2448,h2_storage,2030,102,24,24,0.0
2449,h2_storage,2030,103,1,1,0.0
2450,h2_storage,2030,103,2,2,0.0
2451,h2_storage,2030,103,3,3,0.0
2452,h2_storage,2030,103,4,4,0.0
2453,h2_storage,2030,103,5,5,0.0
2454,h2_storage,2030,103,6,6,0.0
2455,h2_storage,2030,103,7,7,0.0
2456,h2_storage,2030,103,8,8,0.0
2457,h2_storage,2030,103,9,9,0.0
2458,h2_storage,2030,103,10,10,0.0
2459,h2_storage,2030,103,11,11,0.0
2460,h2_storage,2030,103,12,12,0.0
2461,h2_storage,2030,103,13,13,0.0
2462,h2_storage,2030,103,14,14,0.0
2463,h2_storage,2030,103,15,15,0.0
2464,h2_storage,2030,103,16,16,0.0
2465,h2_storage,2030,103,17,17,0.0
2466,h2_storage,2030,103,18,18,0.0
2467,h2_storage,2030,103,19,19,0.0
2468,h2_storage,2030,103,20,20,0.0
2469,h2_storage,2030,103,21,21,0.0
2470,h2_storage,2030,103,22,22,0.0
2471,h2_storage,2030,103,23,23,0.0
2472,h2_storage,2030,103,24,24,0.0039909934531542615
2473,h2_storage,2030,104,1,1,0.0
2474,h2_storage,2030,104,2,2,0.0
2475,h2_storage,2030,104,3,3,0.0
2476,h2_storage,2030,104,4,4,0.0
2477,h2_storage,2030,104,5,5,0.0
2478,h2_storage,2030,104,6,6,0.0
2479,h2_storage,2030,104,7,7,0.0
2480,h2_storage,2030,104,8,8,0.0
2481,h2_storage,2030,104,9,9,0.0
2482,h2_storage,2030,104,10,10,0.0
2483,h2_storage,2030,104,11,11,0.0
2484,h2_storage,2030,104,12,12,0.0
2485,h2_storage,2030,104,13,13,0.0
2486,h2_storage,2030,104,14,14,0.0
2487,h2_storage,2030,104,15,15,0.0
2488,h2_storage,2030,104,16,16,0.0
2489,h2_storage,2030,104,17,17,0.0
2490,h2_storage,2030,104,18,18,0.0
2491,h2_storage,2030,104,19,19,0.0
2492,h2_storage,2030,104,20,20,0.0
2493,h2_storage,2030,104,21,21,0.0
2494,h2_storage,2030,104,22,22,0.0
2495,h2_storage,2030,104,23,23,0.0
2496,h2_storage,2030,104,24,24,0.0
2497,h2_storage,2030,105,1,1,0.0
2498,h2_storage,2030,105,2,2,0.0
2499,h2_storage,2030,105,3,3,0.0
2500,h2_storage,2030,105,4,4,0.0
2501,h2_storage,2030,105,5,5,0.0
2502,h2_storage,2030,105,6,6,0.0
2503,h2_storage,2030,105,7,7,0.0
2504,h2_storage,2030,105,8,8,0.0
2505,h2_storage,2030,105,9,9,0.0
2506,h2_storage,2030,105,10,10,0.0
2507,h2_storage,2030,105,11,11,0.0
2508,h2_storage,2030,105,12,12,0.0
2509,h2_storage,2030,105,13,13,0.0
2510,h2_storage,2030,105,14,14,0.0
2511,h2_storage,2030,105,15,15,0.0
2512,h2_storage,2030,105,16,16,0.0
2513,h2_storage,2030,105,17,17,0.0
2514,h2_storage,2030,105,18,18,0.0
2515,h2_storage,2030,105,19,19,0.0
2516,h2_storage,2030,105,20,20,0.0
2517,h2_storage,2030,105,21,21,0.0
2518,h2_storage,2030,105,22,22,0.003990993453154262
2519,h2_storage,2030,105,23,23,0.007981986906308525
2520,h2_storage,2030,105,24,24,0.011972980359462806
2521,h2_storage,2030,106,1,1,-0.00025080944287669273
2522,h2_storage,2030,106,2,2,-0.00025080944287669273
2523,h2_storage,2030,106,3,3,-0.00025080944287669273
2524,h2_storage,2030,106,4,4,-0.00025080944287669273
2525,h2_storage,2030,106,5,5,-0.00025080944287669273
2526,h2_storage,2030,106,6,6,-0.00025080944287669273
2527,h2_storage,2030,106,7,7,-0.00025080944287669273
2528,h2_storage,2030,106,8,8,-0.00025080944287669273
2529,h2_storage,2030,106,9,9,-0.00025080944287669273
2530,h2_storage,2030,106,10,10,-0.00025080944287669273
2531,h2_storage,2030,106,11,11,-0.00025080944287669273
2532,h2_storage,2030,106,12,12,-0.00025080944287669273
2533,h2_storage,2030,106,13,13,-0.00025080944287669273
2534,h2_storage,2030,106,14,14,-0.00025080944287669273
2535,h2_storage,2030,106,15,15,-0.00025080944287669273
2536,h2_storage,2030,106,16,16,-0.00025080944287669273
2537,h2_storage,2030,106,17,17,-0.00025080944287669273
2538,h2_storage,2030,106,18,18,-0.00025080944287669273
2539,h2_storage,2030,106,19,19,-0.00025080944287669273
2540,h2_storage,2030,106,20,20,-0.00025080944287669273
2541,h2_storage,2030,106,21,21,-0.00025080944287669273
2542,h2_storage,2030,106,22,22,-0.00025080944287669273
2543,h2_storage,2030,106,23,23,-0.00025080944287669273
2544,h2_storage,2030,106,24,24,-0.00025080944287669273
2545,h2_storage,2030,107,1,1,-0.00014391806217777997
2546,h2_storage,2030,107,2,2,-0.00014391806217777997
2547,h2_storage,2030,107,3,3,-0.00014391806217777997
2548,h2_storage,2030,107,4,4,-0.00014391806217777997
2549,h2_storage,2030,107,5,5,-0.00014391806217777997
2550,h2_storage,2030,107,6,6,-0.00014391806217777997
2551,h2_storage,2030,107,7,7,-0.00014391806217777997
2552,h2_storage,2030,107,8,8,-0.00014391806217777997
2553,h2_storage,2030,107,9,9,-0.00014391806217777997
2554,h2_storage,2030,107,10,10,-0.00014391806217777997
2555,h2_storage,2030,107,11,11,-0.00014391806217777997
2556,h2_storage,2030,107,12,12,-0.00014391806217777997
2557,h2_storage,2030,107,13,13,-0.00014391806217777997
2558,h2_storage,2030,107,14,14,-0.00014391806217777997
2559,h2_storage,2030,107,15,15,-0.00014391806217777997
2560,h2_storage,2030,107,16,16,-0.00014391806217777997
2561,h2_storage,2030,107,17,17,-0.00014391806217777997
2562,h2_storage,2030,107,18,18,-0.00014391806217777997
2563,h2_storage,2030,107,19,19,-0.00014391806217777997
2564,h2_storage,2030,107,20,20,-0.00014391806217777997
2565,h2_storage,2030,107,21,21,-0.00014391806217777997
2566,h2_storage,2030,107,22,22,-0.00014391806217777997
2567,h2_storage,2030,107,23,23,-0.00014391806217777997
2568,h2_storage,2030,107,24,24,-0.00014391806217777997
2569,h2_storage,2030,108,1,1,0.0
2570,h2_storage,2030,108,2,2,0.0
2571,h2_storage,2030,108,3,3,0.0
2572,h2_storage,2030,108,4,4,0.0
2573,h2_storage,2030,108,5,5,0.0
2574,h2_storage,2030,108,6,6,0.0
2575,h2_storage,2030,108,7,7,0.0
2576,h2_storage,2030,108,8,8,0.0
2577,h2_storage,2030,108,9,9,0.0
2578,h2_storage,2030,108,10,10,0.0
2579,h2_storage,2030,108,11,11,0.0
2580,h2_storage,2030,108,12,12,0.0
2581,h2_storage,2030,108,13,13,0.0
2582,h2_storage,2030,108,14,14,0.0
2583,h2_storage,2030,108,15,15,0.0
2584,h2_storage,2030,108,16,16,0.0
2585,h2_storage,2030,108,17,17,0.0
2586,h2_storage,2030,108,18,18,0.0
2587,h2_storage,2030,108,19,19,0.0
2588,h2_storage,2030,108,20,20,0.0
2589,h2_storage,2030,108,21,21,0.0
2590,h2_storage,2030,108,22,22,0.0
2591,h2_storage,2030,108,23,23,0.0
2592,h2_storage,2030,108,24,24,0.0
2593,h2_storage,2030,109,1,1,0.0
2594,h2_storage,2030,109,2,2,0.0
2595,h2_storage,2030,109,3,3,0.0
2596,h2_storage,2030,109,4,4,0.0
2597,h2_storage,2030,109,5,5,0.0
2598,h2_storage,2030,109,6,6,0.0
2599,h2_storage,2030,109,7,7,0.0
2600,h2_storage,2030,109,8,8,0.0
2601,h2_storage,2030,109,9,9,0.0
2602,h2_storage,2030,109,10,10,0.0
2603,h2_storage,2030,109,11,11,0.0
2604,h2_storage,2030,109,12,12,0.0
2605,h2_storage,2030,109,13,13,0.0
2606,h2_storage,2030,109,14,14,0.0
2607,h2_storage,2030,109,15,15,0.0
2608,h2_storage,2030,109,16,16,0.0
2609,h2_storage,2030,109,17,17,0.0
2610,h2_storage,2030,109,18,18,0.0
2611,h2_storage,2030,109,19,19,0.0
2612,h2_storage,2030,109,20,20,0.0
2613,h2_storage,2030,109,21,21,0.0
2614,h2_storage,2030,109,22,22,0.0
2615,h2_storage,2030,109,23,23,0.0
2616,h2_storage,2030,109,24,24,0.0
2617,h2_storage,2030,110,1,1,0.0
2618,h2_storage,2030,110,2,2,0.0
2619,h2_storage,2030,110,3,3,0.0
2620,h2_storage,2030,110,4,4,0.0
2621,h2_storage,2030,110,5,5,0.0
2622,h2_storage,2030,110,6,6,0.0
2623,h2_storage,2030,110,7,7,0.0
2624,h2_storage,2030,110,8,8,0.0
2625,h2_storage,2030,110,9,9,0.0
2626,h2_storage,2030,110,10,10,0.0
2627,h2_storage,2030,110,11,11,0.0
2628,h2_storage,2030,110,12,12,0.0
2629,h2_storage,2030,110,13,13,0.0
2630,h2_storage,2030,110,14,14,0.0
2631,h2_storage,2030,110,15,15,0.0
2632,h2_storage,2030,110,16,16,0.0
2633,h2_storage,2030,110,17,17,0.0
2634,h2_storage,2030,110,18,18,0.0
2635,h2_storage,2030,110,19,19,0.0
2636,h2_storage,2030,110,20,20,0.0
2637,h2_storage,2030,110,21,21,0.0
2638,h2_storage,2030,110,22,22,0.0
2639,h2_storage,2030,110,23,23,0.0
2640,h2_storage,2030,110,24,24,0.0
2641,h2_storage,2030,111,1,1,0.0
2642,h2_storage,2030,111,2,2,0.0
2643,h2_storage,2030,111,3,3,0.0
2644,h2_storage,2030,111,4,4,0.0
2645,h2_storage,2030,111,5,5,0.0
2646,h2_storage,2030,111,6,6,0.0
2647,h2_storage,2030,111,7,7,0.0
2648,h2_storage,2030,111,8,8,0.0
2649,h2_storage,2030,111,9,9,0.0
2650,h2_storage,2030,111,10,10,0.0
2651,h2_storage,2030,111,11,11,0.0
2652,h2_storage,2030,111,12,12,0.0
2653,h2_storage,2030,111,13,13,0.0
2654,h2_storage,2030,111,14,14,0.0
2655,h2_storage,2030,111,15,15,0.0
2656,h2_storage,2030,111,16,16,0.0
2657,h2_storage,2030,111,17,17,0.0
2658,h2_storage,2030,111,18,18,0.0
2659,h2_storage,2030,111,19,19,0.0
2660,h2_storage,2030,111,20,20,0.0
2661,h2_storage,2030,111,21,21,0.0
2662,h2_storage,2030,111,22,22,0.0
2663,h2_storage,2030,111,23,23,0.0
2664,h2_storage,2030,111,24,24,0.0
2665,h2_storage,2030,112,1,1,0.0
2666,h2_storage,2030,112,2,2,0.0
2667,h2_storage,2030,112,3,3,0.0
2668,h2_storage,2030,112,4,4,0.0
2669,h2_storage,2030,112,5,5,0.0
2670,h2_storage,2030,112,6,6,0.0
2671,h2_storage,2030,112,7,7,0.0
2672,h2_storage,2030,112,8,8,0.0
2673,h2_storage,2030,112,9,9,0.0
2674,h2_storage,2030,112,10,10,0.0
2675,h2_storage,2030,112,11,11,0.0
2676,h2_storage,2030,112,12,12,0.0
2677,h2_storage,2030,112,13,13,0.0
2678,h2_storage,2030,112,14,14,0.0
2679,h2_storage,2030,112,15,15,0.0
2680,h2_storage,2030,112,16,16,0.0
2681,h2_storage,2030,112,17,17,0.0
2682,h2_storage,2030,112,18,18,0.0
2683,h2_storage,2030,112,19,19,0.0
2684,h2_storage,2030,112,20,20,0.0
2685,h2_storage,2030,112,21,21,0.0
2686,h2_storage,2030,112,22,22,0.0
2687,h2_storage,2030,112,23,23,0.0
2688,h2_storage,2030,112,24,24,0.0
2689,h2_storage,2030,113,1,1,0.0
2690,h2_storage,2030,113,2,2,0.0
2691,h2_storage,2030,113,3,3,0.0
2692,h2_storage,2030,113,4,4,0.0
2693,h2_storage,2030,113,5,5,0.0
2694,h2_storage,2030,113,6,6,0.0
2695,h2_storage,2030,113,7,7,0.0
2696,h2_storage,2030,113,8,8,0.0
2697,h2_storage,2030,113,9,9,0.0
2698,h2_storage,2030,113,10,10,0.0
2699,h2_storage,2030,113,11,11,0.0
2700,h2_storage,2030,113,12,12,0.0
2701,h2_storage,2030,113,13,13,0.0
2702,h2_storage,2030,113,14,14,0.0
2703,h2_storage,2030,113,15,15,0.0
2704,h2_storage,2030,113,16,16,0.0
2705,h2_storage,2030,113,17,17,0.0
2706,h2_storage,2030,113,18,18,0.0
2707,h2_storage,2030,113,19,19,0.0
2708,h2_storage,2030,113,20,20,0.0
2709,h2_storage,2030,113,21,21,0.0
2710,h2_storage,2030,113,22,22,0.0
2711,h2_storage,2030,113,23,23,0.0
2712,h2_storage,2030,113,24,24,0.0
2713,h2_storage,2030,114,1,1,0.003990993453154262
2714,h2_storage,2030,114,2,2,0.007981986906308525
2715,h2_storage,2030,114,3,3,0.011972980359462787
2716,h2_storage,2030,114,4,4,0.01461582183357318
2717,h2_storage,2030,114,5,5,0.0034217100966701967
2718,h2_storage,2030,114,6,6,0.0034217100966701967
2719,h2_storage,2030,114,7,7,0.0034217100966701967
2720,h2_storage,2030,114,8,8,0.0034217100966701967
2721,h2_storage,2030,114,9,9,0.0034217100966701967
2722,h2_storage,2030,114,10,10,0.0034217100966701967
2723,h2_storage,2030,114,11,11,0.0034217100966701967
2724,h2_storage,2030,114,12,12,0.0034217100966701967
2725,h2_storage,2030,114,13,13,0.0034217100966701967
2726,h2_storage,2030,114,14,14,0.0034217100966701967
2727,h2_storage,2030,114,15,15,0.0034217100966701967
2728,h2_storage,2030,114,16,16,0.0034217100966701967
2729,h2_storage,2030,114,17,17,0.0034217100966701967
2730,h2_storage,2030,114,18,18,0.0034217100966701967
2731,h2_storage,2030,114,19,19,0.0034217100966701967
2732,h2_storage,2030,114,20,20,0.0034217100966701967
2733,h2_storage,2030,114,21,21,0.0034217100966701967
2734,h2_storage,2030,114,22,22,0.0034217100966701967
2735,h2_storage,2030,114,23,23,0.0034217100966701967
2736,h2_storage,2030,114,24,24,0.0034217100966701967
2737,h2_storage,2030,115,1,1,-0.002648625194016885
2738,h2_storage,2030,115,2,2,-0.002648625194016885
2739,h2_storage,2030,115,3,3,-0.002648625194016885
2740,h2_storage,2030,115,4,4,-0.002648625194016885
2741,h2_storage,2030,115,5,5,-0.002648625194016885
2742,h2_storage,2030,115,6,6,-0.002648625194016885
2743,h2_storage,2030,115,7,7,-0.002648625194016885
2744,h2_storage,2030,115,8,8,-0.002648625194016885
2745,h2_storage,2030,115,9,9,-0.002648625194016885
2746,h2_storage,2030,115,10,10,-0.002648625194016885
2747,h2_storage,2030,115,11,11,-0.002648625194016885
2748,h2_storage,2030,115,12,12,-0.002648625194016885
2749,h2_storage,2030,115,13,13,-0.002648625194016885
2750,h2_storage,2030,115,14,14,-0.002648625194016885
2751,h2_storage,2030,115,15,15,-0.002648625194016885
2752,h2_storage,2030,115,16,16,-0.002648625194016885
2753,h2_storage,2030,115,17,17,-0.002648625194016885
2754,h2_storage,2030,115,18,18,-0.002648625194016885
2755,h2_storage,2030,115,19,19,-0.002648625194016885
2756,h2_storage,2030,115,20,20,-0.002648625194016885
2757,h2_storage,2030,115,21,21,-0.002648625194016885
2758,h2_storage,2030,115,22,22,-0.002648625194016885
2759,h2_storage,2030,115,23,23,-0.002648625194016885
2760,h2_storage,2030,115,24,24,-0.002648625194016885
2761,h2_storage,2030,116,1,1,0.0
2762,h2_storage,2030,116,2,2,0.0
2763,h2_storage,2030,116,3,3,0.0
2764,h2_storage,2030,116,4,4,0.0
2765,h2_storage,2030,116,5,5,0.0
2766,h2_storage,2030,116,6,6,0.0
2767,h2_storage,2030,116,7,7,0.0
2768,h2_storage,2030,116,8,8,0.0
2769,h2_storage,2030,116,9,9,0.0
2770,h2_storage,2030,116,10,10,0.0
2771,h2_storage,2030,116,11,11,0.0
2772,h2_storage,2030,116,12,12,0.0
2773,h2_storage,2030,116,13,13,0.0
2774,h2_storage,2030,116,14,14,0.0
2775,h2_storage,2030,116,15,15,0.0
2776,h2_storage,2030,116,16,16,0.0
2777,h2_storage,2030,116,17,17,0.0
2778,h2_storage,2030,116,18,18,0.0
2779,h2_storage,2030,116,19,19,0.0
2780,h2_storage,2030,116,20,20,0.0
2781,h2_storage,2030,116,21,21,0.0
2782,h2_storage,2030,116,22,22,0.0
2783,h2_storage,2030,116,23,23,0.0
2784,h2_storage,2030,116,24,24,0.0
2785,h2_storage,2030,117,1,1,0.0
2786,h2_storage,2030,117,2,2,0.0
2787,h2_storage,2030,117,3,3,0.0
2788,h2_storage,2030,117,4,4,0.0
2789,h2_storage,2030,117,5,5,0.0
2790,h2_storage,2030,117,6,6,0.0
2791,h2_storage,2030,117,7,7,0.0
2792,h2_storage,2030,117,8,8,0.0
2793,h2_storage,2030,117,9,9,0.0
2794,h2_storage,2030,117,10,10,0.0
2795,h2_storage,2030,117,11,11,0.0
2796,h2_storage,2030,117,12,12,0.0
2797,h2_storage,2030,117,13,13,0.0
2798,h2_storage,2030,117,14,14,0.0
2799,h2_storage,2030,117,15,15,0.0
2800,h2_storage,2030,117,16,16,0.0
2801,h2_storage,2030,117,17,17,0.0
2802,h2_storage,2030,117,18,18,0.0
2803,h2_storage,2030,117,19,19,0.0
2804,h2_storage,2030,117,20,20,0.0
2805,h2_storage,2030,117,21,21,0.0
2806,h2_storage,2030,117,22,22,0.0
2807,h2_storage,2030,117,23,23,0.0
2808,h2_storage,2030,117,24,24,0.0
2809,h2_storage,2030,118,1,1,-0.0006128683430747661
2810,h2_storage,2030,118,2,2,-0.0006128683430747661
2811,h2_storage,2030,118,3,3,-0.0006128683430747661
2812,h2_storage,2030,118,4,4,-0.0006128683430747661
2813,h2_storage,2030,118,5,5,-0.0006128683430747661
2814,h2_storage,2030,118,6,6,-0.0006128683430747661
2815,h2_storage,2030,118,7,7,-0.0006128683430747661
2816,h2_storage,2030,118,8,8,-0.0006128683430747661
2817,h2_storage,2030,118,9,9,-0.0006128683430747661
2818,h2_storage,2030,118,10,10,-0.0006128683430747661
2819,h2_storage,2030,118,11,11,-0.0006128683430747661
2820,h2_storage,2030,118,12,12,-0.0006128683430747661
2821,h2_storage,2030,118,13,13,-0.0006128683430747661
2822,h2_storage,2030,118,14,14,-0.0006128683430747661
2823,h2_storage,2030,118,15,15,-0.0006128683430747661
2824,h2_storage,2030,118,16,16,-0.0006128683430747661
2825,h2_storage,2030,118,17,17,-0.0006128683430747661
2826,h2_storage,2030,118,18,18,-0.0006128683430747661
2827,h2_storage,2030,118,19,19,-0.0006128683430747661
2828,h2_storage,2030,118,20,20,-0.0006128683430747661
2829,h2_storage,2030,118,21,21,-0.0006128683430747661
2830,h2_storage,2030,118,22,22,-0.0006128683430747661
2831,h2_storage,2030,118,23,23,-0.0006128683430747661
2832,h2_storage,2030,118,24,24,-0.0006128683430747661
2833,h2_storage,2030,119,1,1,0.003990993453154262
2834,h2_storage,2030,119,2,2,0.007981986906308525
2835,h2_storage,2030,119,3,3,0.011972980359462787
2836,h2_storage,2030,119,4,4,0.01596397381261705
2837,h2_storage,2030,119,5,5,0.019954967265771312
2838,h2_storage,2030,119,6,6,0.023945960718925574
2839,h2_storage,2030,119,7,7,0.0016182001410105665
2840,h2_storage,2030,119,8,8,0.0016182001410105665
2841,h2_storage,2030,119,9,9,0.0016182001410105665
2842,h2_storage,2030,119,10,10,0.0016182001410105665
2843,h2_storage,2030,119,11,11,0.0016182001410105665
2844,h2_storage,2030,119,12,12,0.0016182001410105665
2845,h2_storage,2030,119,13,13,0.0016182001410105665
2846,h2_storage,2030,119,14,14,0.0016182001410105665
2847,h2_storage,2030,119,15,15,0.0016182001410105665
2848,h2_storage,2030,119,16,16,0.0016182001410105665
2849,h2_storage,2030,119,17,17,0.0016182001410105665
2850,h2_storage,2030,119,18,18,0.0016182001410105665
2851,h2_storage,2030,119,19,19,0.0016182001410105665
2852,h2_storage,2030,119,20,20,0.0016182001410105665
2853,h2_storage,2030,119,21,21,0.0016182001410105665
2854,h2_storage,2030,119,22,22,0.0016182001410105665
2855,h2_storage,2030,119,23,23,0.0016182001410105665
2856,h2_storage,2030,119,24,24,0.0016182001410105665
2857,h2_storage,2030,120,1,1,-0.027653014634410555
2858,h2_storage,2030,120,2,2,-0.027653014634410555
2859,h2_storage,2030,120,3,3,-0.027653014634410555
2860,h2_storage,2030,120,4,4,-0.027653014634410555
2861,h2_storage,2030,120,5,5,-0.027653014634410555
2862,h2_storage,2030,120,6,6,-0.027653014634410555
2863,h2_storage,2030,120,7,7,-0.027653014634410555
2864,h2_storage,2030,120,8,8,-0.027653014634410555
2865,h2_storage,2030,120,9,9,-0.027653014634410555
2866,h2_storage,2030,120,10,10,-0.027653014634410555
2867,h2_storage,2030,120,11,11,-0.027653014634410555
2868,h2_storage,2030,120,12,12,-0.027653014634410555
2869,h2_storage,2030,120,13,13,-0.027653014634410555
2870,h2_storage,2030,120,14,14,-0.027653014634410555
2871,h2_storage,2030,120,15,15,-0.027653014634410555
2872,h2_storage,2030,120,16,16,-0.027653014634410555
2873,h2_storage,2030,120,17,17,-0.027653014634410555
2874,h2_storage,2030,120,18,18,-0.023662021181256293
2875,h2_storage,2030,120,19,19,-0.01967102772810203
2876,h2_storage,2030,120,20,20,-0.01568003427494777
2877,h2_storage,2030,120,21,21,-0.011689040821793506
2878,h2_storage,2030,120,22,22,-0.007698047368639243
2879,h2_storage,2030,120,23,23,-0.007698047368639243
2880,h2_storage,2030,120,24,24,-0.0037070539154849804
2881,h2_storage,2030,121,1,1,0.003990993453154262
2882,h2_storage,2030,121,2,2,0.003990993453154262
2883,h2_storage,2030,121,3,3,0.003990993453154262
2884,h2_storage,2030,121,4,4,0.003990993453154262
2885,h2_storage,2030,121,5,5,0.003990993453154262
2886,h2_storage,2030,121,6,6,0.007981986906308525
2887,h2_storage,2030,121,7,7,0.007981986906308525
2888,h2_storage,2030,121,8,8,0.011972980359462787
2889,h2_storage,2030,121,9,9,0.011972980359462787
2890,h2_storage,2030,121,10,10,0.011972980359462787
2891,h2_storage,2030,121,11,11,0.011972980359462787
2892,h2_storage,2030,121,12,12,0.01596397381261705
2893,h2_storage,2030,121,13,13,0.019954967265771312
2894,h2_storage,2030,121,14,14,0.019954967265771312
2895,h2_storage,2030,121,15,15,0.019954967265771312
2896,h2_storage,2030,121,16,16,0.019954967265771312
2897,h2_storage,2030,121,17,17,0.023945960718925574
2898,h2_storage,2030,121,18,18,0.023945960718925574
2899,h2_storage,2030,121,19,19,0.027936954172079836
2900,h2_storage,2030,121,20,20,0.027936954172079836
2901,h2_storage,2030,121,21,21,0.027936954172079836
2902,h2_storage,2030,121,22,22,0.0319279476252341
2903,h2_storage,2030,121,23,23,0.0319279476252341
2904,h2_storage,2030,121,24,24,0.0319279476252341
2905,h2_storage,2030,122,1,1,0.0
2906,h2_storage,2030,122,2,2,0.0
2907,h2_storage,2030,122,3,3,0.0
2908,h2_storage,2030,122,4,4,0.0
2909,h2_storage,2030,122,5,5,0.0
2910,h2_storage,2030,122,6,6,0.0
2911,h2_storage,2030,122,7,7,0.0
2912,h2_storage,2030,122,8,8,0.0
2913,h2_storage,2030,122,9,9,0.0
2914,h2_storage,2030,122,10,10,0.0
2915,h2_storage,2030,122,11,11,0.0
2916,h2_storage,2030,122,12,12,0.0
2917,h2_storage,2030,122,13,13,0.0
2918,h2_storage,2030,122,14,14,0.0
2919,h2_storage,2030,122,15,15,0.0
2920,h2_storage,2030,122,16,16,0.0
2921,h2_storage,2030,122,17,17,0.0
2922,h2_storage,2030,122,18,18,0.0
2923,h2_storage,2030,122,19,19,0.0
2924,h2_storage,2030,122,20,20,0.0
2925,h2_storage,2030,122,21,21,0.0
2926,h2_storage,2030,122,22,22,0.0
2927,h2_storage,2030,122,23,23,0.0
2928,h2_storage,2030,122,24,24,0.0
2929,h2_storage,2030,123,1,1,0.003990993453154262
2930,h2_storage,2030,123,2,2,0.007981986906308525
2931,h2_storage,2030,123,3,3,0.011972980359462787
2932,h2_storage,2030,123,4,4,0.01596397381261705
2933,h2_storage,2030,123,5,5,0.019954967265771312
2934,h2_storage,2030,123,6,6,0.023945960718925574
2935,h2_storage,2030,123,7,7,0.027936954172079836
2936,h2_storage,2030,123,8,8,0.0319279476252341
2937,h2_storage,2030,123,9,9,0.03591894107838836
2938,h2_storage,2030,123,10,10,0.03591894107838836
2939,h2_storage,2030,123,11,11,0.039909934531542623
2940,h2_storage,2030,123,12,12,0.04390092798469687
2941,h2_storage,2030,123,13,13,0.04390092798469687
2942,h2_storage,2030,123,14,14,0.047891921437851134
2943,h2_storage,2030,123,15,15,0.0518829148910054
2944,h2_storage,2030,123,16,16,0.0518829148910054
2945,h2_storage,2030,123,17,17,0.05587390834415966
2946,h2_storage,2030,123,18,18,0.05986490179731392
2947,h2_storage,2030,123,19,19,0.06385589525046818
2948,h2_storage,2030,123,20,20,0.06784688870362245
2949,h2_storage,2030,123,21,21,0.07183788215677671
2950,h2_storage,2030,123,22,22,0.07582887560993097
2951,h2_storage,2030,123,23,23,0.07981986906308523
2952,h2_storage,2030,123,24,24,0.07981986906308523
2953,h2_storage,2030,124,1,1,0.003990993453154262
2954,h2_storage,2030,124,2,2,0.003990993453154262
2955,h2_storage,2030,124,3,3,0.003990993453154262
2956,h2_storage,2030,124,4,4,0.003990993453154262
2957,h2_storage,2030,124,5,5,0.003990993453154262
2958,h2_storage,2030,124,6,6,0.003990993453154262
2959,h2_storage,2030,124,7,7,0.003990993453154262
2960,h2_storage,2030,124,8,8,0.003990993453154262
2961,h2_storage,2030,124,9,9,0.003990993453154262
2962,h2_storage,2030,124,10,10,0.003990993453154262
2963,h2_storage,2030,124,11,11,0.003990993453154262
2964,h2_storage,2030,124,12,12,0.003990993453154262
2965,h2_storage,2030,124,13,13,0.003990993453154262
2966,h2_storage,2030,124,14,14,0.003990993453154262
2967,h2_storage,2030,124,15,15,0.003990993453154262
2968,h2_storage,2030,124,16,16,0.007981986906308525
2969,h2_storage,2030,124,17,17,0.007981986906308525
2970,h2_storage,2030,124,18,18,0.007981986906308525
2971,h2_storage,2030,124,19,19,0.007981986906308525
2972,h2_storage,2030,124,20,20,0.007981986906308525
2973,h2_storage,2030,124,21,21,0.007981986906308525
2974,h2_storage,2030,124,22,22,0.007981986906308525
2975,h2_storage,2030,124,23,23,0.007981986906308525
2976,h2_storage,2030,124,24,24,0.00798198690631623
2977,h2_storage,2030,125,1,1,0.003990993453154262
2978,h2_storage,2030,125,2,2,0.003990993453154262
2979,h2_storage,2030,125,3,3,0.003990993453154262
2980,h2_storage,2030,125,4,4,0.003990993453154262
2981,h2_storage,2030,125,5,5,0.003990993453154262
2982,h2_storage,2030,125,6,6,0.003990993453154262
2983,h2_storage,2030,125,7,7,0.003990993453154262
2984,h2_storage,2030,125,8,8,0.003990993453154262
2985,h2_storage,2030,125,9,9,0.003990993453154262
2986,h2_storage,2030,125,10,10,0.003990993453154262
2987,h2_storage,2030,125,11,11,0.003990993453154262
2988,h2_storage,2030,125,12,12,0.003990993453154262
2989,h2_storage,2030,125,13,13,0.003990993453154262
2990,h2_storage,2030,125,14,14,-0.057970572078584415
2991,h2_storage,2030,125,15,15,-0.057970572078584415
2992,h2_storage,2030,125,16,16,-0.057970572078584415
2993,h2_storage,2030,125,17,17,-0.057970572078584415
2994,h2_storage,2030,125,18,18,-0.057970572078584415
2995,h2_storage,2030,125,19,19,-0.057970572078584415
2996,h2_storage,2030,125,20,20,-0.057970572078584415
2997,h2_storage,2030,125,21,21,-0.057970572078584415
2998,h2_storage,2030,125,22,22,-0.057970572078584415
2999,h2_storage,2030,125,23,23,-0.057970572078584415
3000,h2_storage,2030,125,24,24,-0.057970572078584415
3001,h2_storage,2030,126,1,1,0.0
3002,h2_storage,2030,126,2,2,0.0
3003,h2_storage,2030,126,3,3,0.0
3004,h2_storage,2030,126,4,4,0.0
3005,h2_storage,2030,126,5,5,0.0
3006,h2_storage,2030,126,6,6,0.0
3007,h2_storage,2030,126,7,7,0.0
3008,h2_storage,2030,126,8,8,0.0
3009,h2_storage,2030,126,9,9,0.0
3010,h2_storage,2030,126,10,10,0.0
3011,h2_storage,2030,126,11,11,0.0
3012,h2_storage,2030,126,12,12,0.0
3013,h2_storage,2030,126,13,13,0.0
3014,h2_storage,2030,126,14,14,0.0
3015,h2_storage,2030,126,15,15,0.0
3016,h2_storage,2030,126,16,16,0.0
3017,h2_storage,2030,126,17,17,0.0
3018,h2_storage,2030,126,18,18,0.0
3019,h2_storage,2030,126,19,19,0.0
3020,h2_storage,2030,126,20,20,0.0
3021,h2_storage,2030,126,21,21,0.0
3022,h2_storage,2030,126,22,22,0.0
3023,h2_storage,2030,126,23,23,0.0
3024,h2_storage,2030,126,24,24,0.0
3025,h2_storage,2030,127,1,1,0.003990993453154262
3026,h2_storage,2030,127,2,2,0.003990993453154262
3027,h2_storage,2030,127,3,3,0.007981986906308525
3028,h2_storage,2030,127,4,4,0.011972980359462787
3029,h2_storage,2030,127,5,5,0.011972980359462787
3030,h2_storage,2030,127,6,6,0.011972980359462787
3031,h2_storage,2030,127,7,7,0.011972980359462787
3032,h2_storage,2030,127,8,8,0.011972980359462787
3033,h2_storage,2030,127,9,9,0.011972980359462787
3034,h2_storage,2030,127,10,10,0.011972980359462787
3035,h2_storage,2030,127,11,11,0.011972980359462787
3036,h2_storage,2030,127,12,12,0.011972980359462787
3037,h2_storage,2030,127,13,13,0.011972980359462787
3038,h2_storage,2030,127,14,14,0.011972980359462787
3039,h2_storage,2030,127,15,15,0.011972980359462787
3040,h2_storage,2030,127,16,16,0.011972980359462787
3041,h2_storage,2030,127,17,17,0.011972980359462787
3042,h2_storage,2030,127,18,18,0.011972980359462787
3043,h2_storage,2030,127,19,19,0.011972980359462787
3044,h2_storage,2030,127,20,20,0.01596397381261705
3045,h2_storage,2030,127,21,21,0.01596397381261705
3046,h2_storage,2030,127,22,22,0.01596397381261705
3047,h2_storage,2030,127,23,23,0.019954967265771312
3048,h2_storage,2030,127,24,24,0.019954967265771312
3049,h2_storage,2030,128,1,1,0.003990993453154262
3050,h2_storage,2030,128,2,2,0.003990993453154262
3051,h2_storage,2030,128,3,3,0.003990993453154262
3052,h2_storage,2030,128,4,4,0.003990993453154262
3053,h2_storage,2030,128,5,5,0.003990993453154262
3054,h2_storage,2030,128,6,6,0.006131486453724911
3055,h2_storage,2030,128,7,7,0.006131486453724911
3056,h2_storage,2030,128,8,8,0.006131486453724911
3057,h2_storage,2030,128,9,9,0.006131486453724911
3058,h2_storage,2030,128,10,10,0.006131486453724911
3059,h2_storage,2030,128,11,11,0.006131486453724911
3060,h2_storage,2030,128,12,12,0.006131486453724911
3061,h2_storage,2030,128,13,13,0.006131486453724911
3062,h2_storage,2030,128,14,14,0.006131486453724911
3063,h2_storage,2030,128,15,15,0.006131486453724911
3064,h2_storage,2030,128,16,16,0.006131486453724911
3065,h2_storage,2030,128,17,17,0.006131486453724911
3066,h2_storage,2030,128,18,18,0.006131486453724911
3067,h2_storage,2030,128,19,19,0.006131486453724911
3068,h2_storage,2030,128,20,20,0.006131486453724911
3069,h2_storage,2030,128,21,21,0.006131486453724911
3070,h2_storage,2030,128,22,22,0.006131486453724911
3071,h2_storage,2030,128,23,23,0.006131486453724911
3072,h2_storage,2030,128,24,24,0.006131486453724911
3073,h2_storage,2030,129,1,1,0.003990993453154262
3074,h2_storage,2030,129,2,2,0.003990993453154262
3075,h2_storage,2030,129,3,3,0.007981986906308525
3076,h2_storage,2030,129,4,4,0.007981986906308525
3077,h2_storage,2030,129,5,5,0.007981986906308525
3078,h2_storage,2030,129,6,6,0.007981986906308525
3079,h2_storage,2030,129,7,7,0.007981986906308525
3080,h2_storage,2030,129,8,8,0.011972980359462787
3081,h2_storage,2030,129,9,9,0.011972980359462787
3082,h2_storage,2030,129,10,10,0.01596397381261705
3083,h2_storage,2030,129,11,11,0.01596397381261705
3084,h2_storage,2030,129,12,12,0.019954967265771312
3085,h2_storage,2030,129,13,13,0.019954967265771312
3086,h2_storage,2030,129,14,14,0.019954967265771312
3087,h2_storage,2030,129,15,15,0.023945960718925574
3088,h2_storage,2030,129,16,16,0.023945960718925574
3089,h2_storage,2030,129,17,17,0.023945960718925574
3090,h2_storage,2030,129,18,18,0.023945960718925574
3091,h2_storage,2030,129,19,19,0.027936954172079836
3092,h2_storage,2030,129,20,20,0.0319279476252341
3093,h2_storage,2030,129,21,21,0.0319279476252341
3094,h2_storage,2030,129,22,22,0.0319279476252341
3095,h2_storage,2030,129,23,23,0.0319279476252341
3096,h2_storage,2030,129,24,24,0.03591894107838836
3097,h2_storage,2030,130,1,1,0.003990993453154262
3098,h2_storage,2030,130,2,2,0.007981986906308525
3099,h2_storage,2030,130,3,3,0.011972980359462787
3100,h2_storage,2030,130,4,4,0.01596397381261705
3101,h2_storage,2030,130,5,5,0.019954967265771312
3102,h2_storage,2030,130,6,6,0.023945960718925574
3103,h2_storage,2030,130,7,7,0.027936954172079836
3104,h2_storage,2030,130,8,8,0.027936954172079836
3105,h2_storage,2030,130,9,9,0.027936954172079836
3106,h2_storage,2030,130,10,10,0.027936954172079836
3107,h2_storage,2030,130,11,11,0.027936954172079836
3108,h2_storage,2030,130,12,12,0.027936954172079836
3109,h2_storage,2030,130,13,13,0.027936954172079836
3110,h2_storage,2030,130,14,14,0.027936954172079836
3111,h2_storage,2030,130,15,15,0.027936954172079836
3112,h2_storage,2030,130,16,16,0.027936954172079836
3113,h2_storage,2030,130,17,17,0.027936954172079836
3114,h2_storage,2030,130,18,18,0.027936954172079836
3115,h2_storage,2030,130,19,19,0.027936954172079836
3116,h2_storage,2030,130,20,20,0.027936954172079836
3117,h2_storage,2030,130,21,21,0.027936954172079836
3118,h2_storage,2030,130,22,22,0.027936954172079836
3119,h2_storage,2030,130,23,23,0.027936954172079836
3120,h2_storage,2030,130,24,24,0.027936954172079836
3121,h2_storage,2030,131,1,1,0.0
3122,h2_storage,2030,131,2,2,0.0
3123,h2_storage,2030,131,3,3,0.0
3124,h2_storage,2030,131,4,4,0.0
3125,h2_storage,2030,131,5,5,0.0
3126,h2_storage,2030,131,6,6,0.0
3127,h2_storage,2030,131,7,7,0.0
3128,h2_storage,2030,131,8,8,0.0
3129,h2_storage,2030,131,9,9,0.0
3130,h2_storage,2030,131,10,10,0.0
3131,h2_storage,2030,131,11,11,0.0
3132,h2_storage,2030,131,12,12,0.0
3133,h2_storage,2030,131,13,13,0.0
3134,h2_storage,2030,131,14,14,0.0
3135,h2_storage,2030,131,15,15,0.0
3136,h2_storage,2030,131,16,16,0.0
3137,h2_storage,2030,131,17,17,0.0
3138,h2_storage,2030,131,18,18,0.0
3139,h2_storage,2030,131,19,19,0.0
3140,h2_storage,2030,131,20,20,0.0
3141,h2_storage,2030,131,21,21,0.0
3142,h2_storage,2030,131,22,22,0.0
3143,h2_storage,2030,131,23,23,0.0
3144,h2_storage,2030,131,24,24,0.0
3145,h2_storage,2030,132,1,1,0.003990993453154262
3146,h2_storage,2030,132,2,2,0.007981986906308525
3147,h2_storage,2030,132,3,3,0.007981986906308525
3148,h2_storage,2030,132,4,4,0.007981986906308525
3149,h2_storage,2030,132,5,5,0.011972980359462787
3150,h2_storage,2030,132,6,6,0.011972980359462787
3151,h2_storage,2030,132,7,7,0.011972980359462787
3152,h2_storage,2030,132,8,8,0.011972980359462787
3153,h2_storage,2030,132,9,9,0.011972980359462787
3154,h2_storage,2030,132,10,10,0.011972980359462787
3155,h2_storage,2030,132,11,11,0.011972980359462787
3156,h2_storage,2030,132,12,12,0.011972980359462787
3157,h2_storage,2030,132,13,13,0.011972980359462787
3158,h2_storage,2030,132,14,14,0.011972980359462787
3159,h2_storage,2030,132,15,15,0.011972980359462787
3160,h2_storage,2030,132,16,16,0.011972980359462787
3161,h2_storage,2030,132,17,17,0.011972980359462787
3162,h2_storage,2030,132,18,18,0.011972980359462787
3163,h2_storage,2030,132,19,19,0.011972980359462787
3164,h2_storage,2030,132,20,20,0.011972980359462787
3165,h2_storage,2030,132,21,21,0.011972980359462787
3166,h2_storage,2030,132,22,22,0.011972980359462787
3167,h2_storage,2030,132,23,23,0.011972980359462787
3168,h2_storage,2030,132,24,24,0.01596397381261705
3169,h2_storage,2030,133,1,1,0.003990993453154262
3170,h2_storage,2030,133,2,2,0.007981986906308525
3171,h2_storage,2030,133,3,3,0.011972980359462787
3172,h2_storage,2030,133,4,4,0.01596397381261705
3173,h2_storage,2030,133,5,5,0.01596397381261705
3174,h2_storage,2030,133,6,6,0.01596397381261705
3175,h2_storage,2030,133,7,7,0.019954967265771312
3176,h2_storage,2030,133,8,8,0.023945960718925574
3177,h2_storage,2030,133,9,9,0.023945960718925574
3178,h2_storage,2030,133,10,10,0.027936954172079836
3179,h2_storage,2030,133,11,11,0.0319279476252341
3180,h2_storage,2030,133,12,12,0.03591894107838836
3181,h2_storage,2030,133,13,13,0.03990993453154262
3182,h2_storage,2030,133,14,14,0.04390092798469688
3183,h2_storage,2030,133,15,15,0.04789192143785114
3184,h2_storage,2030,133,16,16,0.04789192143785114
3185,h2_storage,2030,133,17,17,0.04789192143785114
3186,h2_storage,2030,133,18,18,0.04789192143785114
3187,h2_storage,2030,133,19,19,0.043954715013485975
3188,h2_storage,2030,133,20,20,0.043954715013485975
3189,h2_storage,2030,133,21,21,0.043954715013485975
3190,h2_storage,2030,133,22,22,0.04794570846664024
3191,h2_storage,2030,133,23,23,0.0519367019197945
3192,h2_storage,2030,133,24,24,0.05592769537294876
3193,h2_storage,2030,134,1,1,0.0035449919756165463
3194,h2_storage,2030,134,2,2,0.0035449919756165463
3195,h2_storage,2030,134,3,3,0.0035449919756165463
3196,h2_storage,2030,134,4,4,0.0035449919756165463
3197,h2_storage,2030,134,5,5,0.0035449919756165463
3198,h2_storage,2030,134,6,6,0.0035449919756165463
3199,h2_storage,2030,134,7,7,0.0035449919756165463
3200,h2_storage,2030,134,8,8,0.0035449919756165463
3201,h2_storage,2030,134,9,9,0.0035449919756165463
3202,h2_storage,2030,134,10,10,0.0035449919756165463
3203,h2_storage,2030,134,11,11,0.0035449919756165463
3204,h2_storage,2030,134,12,12,0.0035449919756165463
3205,h2_storage,2030,134,13,13,0.0035449919756165463
3206,h2_storage,2030,134,14,14,0.0035449919756165463
3207,h2_storage,2030,134,15,15,-0.06196733713468944
3208,h2_storage,2030,134,16,16,-0.15903201493864036
3209,h2_storage,2030,134,17,17,-0.2504391848542566
3210,h2_storage,2030,134,18,18,-0.36362545879106584
3211,h2_storage,2030,134,19,19,-0.36362545879106584
3212,h2_storage,2030,134,20,20,-0.36362545879106584
3213,h2_storage,2030,134,21,21,-0.36362545879106584
3214,h2_storage,2030,134,22,22,-0.36362545879106584
3215,h2_storage,2030,134,23,23,-0.36362545879106584
3216,h2_storage,2030,134,24,24,-0.36362545879106584
3217,h2_storage,2030,135,1,1,0.003990993453154262
3218,h2_storage,2030,135,2,2,0.007981986906308525
3219,h2_storage,2030,135,3,3,0.007981986906308525
3220,h2_storage,2030,135,4,4,0.007981986906308525
3221,h2_storage,2030,135,5,5,0.011972980359462787
3222,h2_storage,2030,135,6,6,0.011972980359462787
3223,h2_storage,2030,135,7,7,0.011972980359462787
3224,h2_storage,2030,135,8,8,0.011972980359462787
3225,h2_storage,2030,135,9,9,0.011972980359462787
3226,h2_storage,2030,135,10,10,0.011972980359462787
3227,h2_storage,2030,135,11,11,0.011972980359462787
3228,h2_storage,2030,135,12,12,0.011972980359462787
3229,h2_storage,2030,135,13,13,0.011972980359462787
3230,h2_storage,2030,135,14,14,0.011972980359462787
3231,h2_storage,2030,135,15,15,0.011972980359462787
3232,h2_storage,2030,135,16,16,0.011972980359462787
3233,h2_storage,2030,135,17,17,0.011972980359462787
3234,h2_storage,2030,135,18,18,0.011972980359462787
3235,h2_storage,2030,135,19,19,0.011972980359462787
3236,h2_storage,2030,135,20,20,0.011972980359462787
3237,h2_storage,2030,135,21,21,0.01596397381261705
3238,h2_storage,2030,135,22,22,0.01596397381261705
3239,h2_storage,2030,135,23,23,0.019954967265771312
3240,h2_storage,2030,135,24,24,0.019954967265771312
3241,h2_storage,2030,136,1,1,0.003990993453154262
3242,h2_storage,2030,136,2,2,0.003990993453154262
3243,h2_storage,2030,136,3,3,0.003990993453154262
3244,h2_storage,2030,136,4,4,0.003990993453154262
3245,h2_storage,2030,136,5,5,0.003990993453154262
3246,h2_storage,2030,136,6,6,0.003990993453154262
3247,h2_storage,2030,136,7,7,0.003990993453154262
3248,h2_storage,2030,136,8,8,0.003990993453154262
3249,h2_storage,2030,136,9,9,0.003990993453154262
3250,h2_storage,2030,136,10,10,0.003990993453154262
3251,h2_storage,2030,136,11,11,0.003990993453154262
3252,h2_storage,2030,136,12,12,0.003990993453154262
3253,h2_storage,2030,136,13,13,0.003990993453154262
3254,h2_storage,2030,136,14,14,0.003990993453154262
3255,h2_storage,2030,136,15,15,0.003990993453154262
3256,h2_storage,2030,136,16,16,0.003990993453154262
3257,h2_storage,2030,136,17,17,0.003990993453154262
3258,h2_storage,2030,136,18,18,0.003990993453154262
3259,h2_storage,2030,136,19,19,0.003990993453154262
3260,h2_storage,2030,136,20,20,0.003990993453154262
3261,h2_storage,2030,136,21,21,0.003990993453154262
3262,h2_storage,2030,136,22,22,0.003990993453154262
3263,h2_storage,2030,136,23,23,0.003990993453154262
3264,h2_storage,2030,136,24,24,0.003990993453154262
3265,h2_storage,2030,137,1,1,0.0038082561900819605
3266,h2_storage,2030,137,2,2,0.0038082561900819605
3267,h2_storage,2030,137,3,3,0.0038082561900819605
3268,h2_storage,2030,137,4,4,0.0038082561900819605
3269,h2_storage,2030,137,5,5,0.0038082561900819605
3270,h2_storage,2030,137,6,6,0.0038082561900819605
3271,h2_storage,2030,137,7,7,0.0038082561900819605
3272,h2_storage,2030,137,8,8,0.0038082561900819605
3273,h2_storage,2030,137,9,9,0.0038082561900819605
3274,h2_storage,2030,137,10,10,0.0038082561900819605
3275,h2_storage,2030,137,11,11,0.0038082561900819605
3276,h2_storage,2030,137,12,12,0.0038082561900819605
3277,h2_storage,2030,137,13,13,0.0038082561900819605
3278,h2_storage,2030,137,14,14,0.0038082561900819605
3279,h2_storage,2030,137,15,15,0.0038082561900819605
3280,h2_storage,2030,137,16,16,0.0038082561900819605
3281,h2_storage,2030,137,17,17,0.0038082561900819605
3282,h2_storage,2030,137,18,18,0.0038082561900819605
3283,h2_storage,2030,137,19,19,0.0038082561900819605
3284,h2_storage,2030,137,20,20,0.0038082561900819605
3285,h2_storage,2030,137,21,21,0.0038082561900819605
3286,h2_storage,2030,137,22,22,0.0038082561900819605
3287,h2_storage,2030,137,23,23,0.0038082561900819605
3288,h2_storage,2030,137,24,24,0.0038082561900819605
3289,h2_storage,2030,138,1,1,0.0
3290,h2_storage,2030,138,2,2,0.0
3291,h2_storage,2030,138,3,3,0.0
3292,h2_storage,2030,138,4,4,0.0
3293,h2_storage,2030,138,5,5,0.0
3294,h2_storage,2030,138,6,6,0.0
3295,h2_storage,2030,138,7,7,0.0
3296,h2_storage,2030,138,8,8,0.0
3297,h2_storage,2030,138,9,9,0.0
3298,h2_storage,2030,138,10,10,0.0
3299,h2_storage,2030,138,11,11,0.0
3300,h2_storage,2030,138,12,12,0.0
3301,h2_storage,2030,138,13,13,0.0
3302,h2_storage,2030,138,14,14,0.0
3303,h2_storage,2030,138,15,15,0.0
3304,h2_storage,2030,138,16,16,0.0
3305,h2_storage,2030,138,17,17,0.0
3306,h2_storage,2030,138,18,18,0.0
3307,h2_storage,2030,138,19,19,0.0
3308,h2_storage,2030,138,20,20,0.0
3309,h2_storage,2030,138,21,21,0.0
3310,h2_storage,2030,138,22,22,0.0
3311,h2_storage,2030,138,23,23,0.0
3312,h2_storage,2030,138,24,24,0.0
3313,h2_storage,2030,139,1,1,0.0
3314,h2_storage,2030,139,2,2,0.0
3315,h2_storage,2030,139,3,3,0.0
3316,h2_storage,2030,139,4,4,0.0
3317,h2_storage,2030,139,5,5,0.0
3318,h2_storage,2030,139,6,6,0.0
3319,h2_storage,2030,139,7,7,0.0
3320,h2_storage,2030,139,8,8,0.0
3321,h2_storage,2030,139,9,9,0.0
3322,h2_storage,2030,139,10,10,0.0
3323,h2_storage,2030,139,11,11,0.0
3324,h2_storage,2030,139,12,12,0.0
3325,h2_storage,2030,139,13,13,-0.02215355681292879
3326,h2_storage,2030,139,14,14,-0.02215355681292879
3327,h2_storage,2030,139,15,15,-0.02215355681292879
3328,h2_storage,2030,139,16,16,-0.02215355681292879
3329,h2_storage,2030,139,17,17,-0.02215355681292879
3330,h2_storage,2030,139,18,18,-0.02215355681292879
3331,h2_storage,2030,139,19,19,-0.1078627615648438
3332,h2_storage,2030,139,20,20,-0.11789357225474029
3333,h2_storage,2030,139,21,21,-0.11789357225474029
3334,h2_storage,2030,139,22,22,-0.11789357225474029
3335,h2_storage,2030,139,23,23,-0.11789357225474029
3336,h2_storage,2030,139,24,24,-0.11789357225474029
3337,h2_storage,2030,140,1,1,0.00010247592335528216
3338,h2_storage,2030,140,2,2,0.00010247592335528216
3339,h2_storage,2030,140,3,3,0.00010247592335528216
3340,h2_storage,2030,140,4,4,0.00010247592335528216
3341,h2_storage,2030,140,5,5,0.00010247592335528216
3342,h2_storage,2030,140,6,6,0.00010247592335528216
3343,h2_storage,2030,140,7,7,0.00010247592335528216
3344,h2_storage,2030,140,8,8,0.00010247592335528216
3345,h2_storage,2030,140,9,9,0.00010247592335528216
3346,h2_storage,2030,140,10,10,0.00010247592335528216
3347,h2_storage,2030,140,11,11,0.00010247592335528216
3348,h2_storage,2030,140,12,12,0.00010247592335528216
3349,h2_storage,2030,140,13,13,0.00010247592335528216
3350,h2_storage,2030,140,14,14,0.00010247592335528216
3351,h2_storage,2030,140,15,15,0.00010247592335528216
3352,h2_storage,2030,140,16,16,0.00010247592335528216
3353,h2_storage,2030,140,17,17,0.00010247592335528216
3354,h2_storage,2030,140,18,18,0.00010247592335528216
3355,h2_storage,2030,140,19,19,0.00010247592335528216
3356,h2_storage,2030,140,20,20,0.00010247592335528216
3357,h2_storage,2030,140,21,21,0.004093469376509545
3358,h2_storage,2030,140,22,22,0.008084462829663807
3359,h2_storage,2030,140,23,23,0.01207545628281807
3360,h2_storage,2030,140,24,24,0.01606644973597233
3361,h2_storage,2030,141,1,1,0.0
3362,h2_storage,2030,141,2,2,0.0
3363,h2_storage,2030,141,3,3,0.0008050708547125416
3364,h2_storage,2030,141,4,4,0.004796064307866832
3365,h2_storage,2030,141,5,5,0.004796064307866832
3366,h2_storage,2030,141,6,6,0.004796064307866832
3367,h2_storage,2030,141,7,7,0.004796064307866832
3368,h2_storage,2030,141,8,8,0.004796064307866832
3369,h2_storage,2030,141,9,9,0.004796064307866832
3370,h2_storage,2030,141,10,10,0.004796064307866832
3371,h2_storage,2030,141,11,11,0.004796064307866832
3372,h2_storage,2030,141,12,12,0.004796064307866832
3373,h2_storage,2030,141,13,13,0.004796064307866832
3374,h2_storage,2030,141,14,14,0.004796064307866832
3375,h2_storage,2030,141,15,15,0.004796064307866832
3376,h2_storage,2030,141,16,16,0.004796064307866832
3377,h2_storage,2030,141,17,17,0.004796064307866832
3378,h2_storage,2030,141,18,18,0.004796064307866832
3379,h2_storage,2030,141,19,19,0.004796064307866832
3380,h2_storage,2030,141,20,20,0.004796064307866832
3381,h2_storage,2030,141,21,21,0.004796064307866832
3382,h2_storage,2030,141,22,22,0.004796064307866832
3383,h2_storage,2030,141,23,23,0.004796064307866832
3384,h2_storage,2030,141,24,24,0.004796064307866832
3385,h2_storage,2030,142,1,1,0.003990993453154262
3386,h2_storage,2030,142,2,2,0.003990993453154262
3387,h2_storage,2030,142,3,3,0.003990993453154262
3388,h2_storage,2030,142,4,4,0.003990993453154262
3389,h2_storage,2030,142,5,5,0.003990993453154262
3390,h2_storage,2030,142,6,6,0.003990993453154262
3391,h2_storage,2030,142,7,7,0.003990993453154262
3392,h2_storage,2030,142,8,8,0.003990993453154262
3393,h2_storage,2030,142,9,9,0.003990993453154262
3394,h2_storage,2030,142,10,10,0.003990993453154262
3395,h2_storage,2030,142,11,11,0.003990993453154262
3396,h2_storage,2030,142,12,12,0.003990993453154262
3397,h2_storage,2030,142,13,13,0.003990993453154262
3398,h2_storage,2030,142,14,14,0.003990993453154262
3399,h2_storage,2030,142,15,15,0.003990993453154262
3400,h2_storage,2030,142,16,16,0.003990993453154262
3401,h2_storage,2030,142,17,17,0.003990993453154262
3402,h2_storage,2030,142,18,18,0.003990993453154262
3403,h2_storage,2030,142,19,19,0.003990993453154262
3404,h2_storage,2030,142,20,20,0.003990993453154262
3405,h2_storage,2030,142,21,21,0.003990993453154262
3406,h2_storage,2030,142,22,22,0.003990993453154262
3407,h2_storage,2030,142,23,23,0.003990993453154262
3408,h2_storage,2030,142,24,24,0.003990993453154262
3409,h2_storage,2030,143,1,1,0.003990993453154262
3410,h2_storage,2030,143,2,2,0.003990993453154262
3411,h2_storage,2030,143,3,3,0.003990993453154262
3412,h2_storage,2030,143,4,4,0.003990993453154262
3413,h2_storage,2030,143,5,5,0.003990993453154262
3414,h2_storage,2030,143,6,6,0.003990993453154262
3415,h2_storage,2030,143,7,7,0.003990993453154262
3416,h2_storage,2030,143,8,8,0.003990993453154262
3417,h2_storage,2030,143,9,9,0.003990993453154262
3418,h2_storage,2030,143,10,10,0.003990993453154262
3419,h2_storage,2030,143,11,11,0.003990993453154262
3420,h2_storage,2030,143,12,12,0.003990993453154262
3421,h2_storage,2030,143,13,13,0.003990993453154262
3422,h2_storage,2030,143,14,14,0.003990993453154262
3423,h2_storage,2030,143,15,15,0.003990993453154262
3424,h2_storage,2030,143,16,16,0.003990993453154262
3425,h2_storage,2030,143,17,17,0.003990993453154262
3426,h2_storage,2030,143,18,18,0.003990993453154262
3427,h2_storage,2030,143,19,19,0.003990993453154262
3428,h2_storage,2030,143,20,20,0.003990993453154262
3429,h2_storage,2030,143,21,21,0.003990993453154262
3430,h2_storage,2030,143,22,22,0.003990993453154262
3431,h2_storage,2030,143,23,23,-0.0007891976154583702
3432,h2_storage,2030,143,24,24,-0.0007891976154583702
3433,h2_storage,2030,144,1,1,0.0
3434,h2_storage,2030,144,2,2,0.0
3435,h2_storage,2030,144,3,3,0.0
3436,h2_storage,2030,144,4,4,0.0
3437,h2_storage,2030,144,5,5,0.0
3438,h2_storage,2030,144,6,6,0.0
3439,h2_storage,2030,144,7,7,0.0
3440,h2_storage,2030,144,8,8,0.0
3441,h2_storage,2030,144,9,9,0.0
3442,h2_storage,2030,144,10,10,0.0
3443,h2_storage,2030,144,11,11,0.0
3444,h2_storage,2030,144,12,12,0.0
3445,h2_storage,2030,144,13,13,0.0
3446,h2_storage,2030,144,14,14,0.0
3447,h2_storage,2030,144,15,15,0.0
3448,h2_storage,2030,144,16,16,0.0
3449,h2_storage,2030,144,17,17,0.0
3450,h2_storage,2030,144,18,18,0.0
3451,h2_storage,2030,144,19,19,0.0
3452,h2_storage,2030,144,20,20,0.0
3453,h2_storage,2030,144,21,21,0.0
3454,h2_storage,2030,144,22,22,0.0
3455,h2_storage,2030,144,23,23,0.0
3456,h2_storage,2030,144,24,24,0.0
3457,h2_storage,2030,145,1,1,0.003990993453154262
3458,h2_storage,2030,145,2,2,0.007981986906308525
3459,h2_storage,2030,145,3,3,0.011972980359462787
3460,h2_storage,2030,145,4,4,0.01596397381261705
3461,h2_storage,2030,145,5,5,0.019954967265771312
3462,h2_storage,2030,145,6,6,0.023945960718925574
3463,h2_storage,2030,145,7,7,0.027936954172079836
3464,h2_storage,2030,145,8,8,0.0319279476252341
3465,h2_storage,2030,145,9,9,0.03591894107838836
3466,h2_storage,2030,145,10,10,0.039909934531542623
3467,h2_storage,2030,145,11,11,0.043900927984696886
3468,h2_storage,2030,145,12,12,0.04789192143785115
3469,h2_storage,2030,145,13,13,0.05188291489100541
3470,h2_storage,2030,145,14,14,0.05587390834415967
3471,h2_storage,2030,145,15,15,0.059864901797313935
3472,h2_storage,2030,145,16,16,0.0638558952504682
3473,h2_storage,2030,145,17,17,0.06784688870362246
3474,h2_storage,2030,145,18,18,0.07183788215677672
3475,h2_storage,2030,145,19,19,0.07582887560993098
3476,h2_storage,2030,145,20,20,0.07981986906308525
3477,h2_storage,2030,145,21,21,0.08381086251623951
3478,h2_storage,2030,145,22,22,0.08780185596939377
3479,h2_storage,2030,145,23,23,0.0917928494225482
3480,h2_storage,2030,145,24,24,0.09578384287570245
3481,h2_storage,2030,146,1,1,0.0
3482,h2_storage,2030,146,2,2,0.0
3483,h2_storage,2030,146,3,3,0.0
3484,h2_storage,2030,146,4,4,0.0
3485,h2_storage,2030,146,5,5,0.0
3486,h2_storage,2030,146,6,6,-0.007053762319201238
3487,h2_storage,2030,146,7,7,-0.007053762319201238
3488,h2_storage,2030,146,8,8,-0.007053762319201238
3489,h2_storage,2030,146,9,9,-0.007053762319201238
3490,h2_storage,2030,146,10,10,-0.007053762319201238
3491,h2_storage,2030,146,11,11,-0.007053762319201238
3492,h2_storage,2030,146,12,12,-0.007053762319201238
3493,h2_storage,2030,146,13,13,-0.007053762319201238
3494,h2_storage,2030,146,14,14,-0.007053762319201238
3495,h2_storage,2030,146,15,15,-0.007053762319201238
3496,h2_storage,2030,146,16,16,-0.007053762319201238
3497,h2_storage,2030,146,17,17,-0.007053762319201238
3498,h2_storage,2030,146,18,18,-0.007053762319201238
3499,h2_storage,2030,146,19,19,-0.007053762319201238
3500,h2_storage,2030,146,20,20,-0.007053762319201238
3501,h2_storage,2030,146,21,21,-0.007053762319201238
3502,h2_storage,2030,146,22,22,-0.007053762319201238
3503,h2_storage,2030,146,23,23,-0.007053762319201238
3504,h2_storage,2030,146,24,24,-0.007053762319201238
3505,h2_storage,2030,147,1,1,0.003990993453154262
3506,h2_storage,2030,147,2,2,0.007981986906308525
3507,h2_storage,2030,147,3,3,0.011972980359462787
3508,h2_storage,2030,147,4,4,0.01596397381261705
3509,h2_storage,2030,147,5,5,0.019954967265771312
3510,h2_storage,2030,147,6,6,0.023945960718925574
3511,h2_storage,2030,147,7,7,0.027936954172079836
3512,h2_storage,2030,147,8,8,0.0319279476252341
3513,h2_storage,2030,147,9,9,0.03591894107838836
3514,h2_storage,2030,147,10,10,0.03591894107838836
3515,h2_storage,2030,147,11,11,0.03591894107838836
3516,h2_storage,2030,147,12,12,0.03591894107838836
3517,h2_storage,2030,147,13,13,0.03591894107838836
3518,h2_storage,2030,147,14,14,0.03591894107838836
3519,h2_storage,2030,147,15,15,0.03591894107838836
3520,h2_storage,2030,147,16,16,0.03591894107838836
3521,h2_storage,2030,147,17,17,0.02127431430384924
3522,h2_storage,2030,147,18,18,0.025265307757003502
3523,h2_storage,2030,147,19,19,0.029256301210157765
3524,h2_storage,2030,147,20,20,0.03324729466331203
3525,h2_storage,2030,147,21,21,0.03723828811646629
3526,h2_storage,2030,147,22,22,0.04122928156962055
3527,h2_storage,2030,147,23,23,0.045220275022774814
3528,h2_storage,2030,147,24,24,0.04921126847592908
3529,h2_storage,2030,148,1,1,0.003990993453154262
3530,h2_storage,2030,148,2,2,0.007981986906308525
3531,h2_storage,2030,148,3,3,0.011972980359462787
3532,h2_storage,2030,148,4,4,0.01596397381261705
3533,h2_storage,2030,148,5,5,0.019954967265771312
3534,h2_storage,2030,148,6,6,0.023945960718925574
3535,h2_storage,2030,148,7,7,0.027936954172079836
3536,h2_storage,2030,148,8,8,0.0319279476252341
3537,h2_storage,2030,148,9,9,0.03591894107838836
3538,h2_storage,2030,148,10,10,0.039909934531542623
3539,h2_storage,2030,148,11,11,0.039909934531542623
3540,h2_storage,2030,148,12,12,0.043511826887000504
3541,h2_storage,2030,148,13,13,0.047502820340154774
3542,h2_storage,2030,148,14,14,0.05149381379330903
3543,h2_storage,2030,148,15,15,0.05548480724646329
3544,h2_storage,2030,148,16,16,0.059475800699617554
3545,h2_storage,2030,148,17,17,0.06346679415277182
3546,h2_storage,2030,148,18,18,0.06745778760592608
3547,h2_storage,2030,148,19,19,0.07144878105908034
3548,h2_storage,2030,148,20,20,0.0754397745122346
3549,h2_storage,2030,148,21,21,0.07943076796538887
3550,h2_storage,2030,148,22,22,0.08342176141854313
3551,h2_storage,2030,148,23,23,0.08741275487169739
3552,h2_storage,2030,148,24,24,0.09140374832485164
3553,h2_storage,2030,149,1,1,0.0
3554,h2_storage,2030,149,2,2,0.0
3555,h2_storage,2030,149,3,3,0.0
3556,h2_storage,2030,149,4,4,0.0
3557,h2_storage,2030,149,5,5,0.0
3558,h2_storage,2030,149,6,6,0.003990993453154262
3559,h2_storage,2030,149,7,7,0.003990993453154262
3560,h2_storage,2030,149,8,8,0.007981986906308525
3561,h2_storage,2030,149,9,9,0.007981986906308525
3562,h2_storage,2030,149,10,10,0.007981986906308525
3563,h2_storage,2030,149,11,11,0.011972980359462787
3564,h2_storage,2030,149,12,12,0.01596397381261705
3565,h2_storage,2030,149,13,13,0.019954967265771312
3566,h2_storage,2030,149,14,14,0.023945960718925574
3567,h2_storage,2030,149,15,15,0.027936954172079836
3568,h2_storage,2030,149,16,16,0.0319279476252341
3569,h2_storage,2030,149,17,17,0.03591894107838836
3570,h2_storage,2030,149,18,18,0.039909934531542623
3571,h2_storage,2030,149,19,19,0.04390092798469689
3572,h2_storage,2030,149,20,20,0.04789192143785115
3573,h2_storage,2030,149,21,21,0.05188291489100541
3574,h2_storage,2030,149,22,22,0.055873908344159666
3575,h2_storage,2030,149,23,23,0.05986490179731393
3576,h2_storage,2030,149,24,24,0.06385589525046818
3577,h2_storage,2030,150,1,1,0.003990993453154262
3578,h2_storage,2030,150,2,2,0.007981986906308525
3579,h2_storage,2030,150,3,3,0.011972980359462787
3580,h2_storage,2030,150,4,4,0.01596397381261705
3581,h2_storage,2030,150,5,5,0.019954967265771312
3582,h2_storage,2030,150,6,6,0.023945960718925567
3583,h2_storage,2030,150,7,7,0.02793695417207983
3584,h2_storage,2030,150,8,8,0.03192794762523409
3585,h2_storage,2030,150,9,9,0.035918941078388354
3586,h2_storage,2030,150,10,10,0.03990993453154262
3587,h2_storage,2030,150,11,11,0.04390092798469688
3588,h2_storage,2030,150,12,12,0.04789192143785114
3589,h2_storage,2030,150,13,13,0.04789192143785114
3590,h2_storage,2030,150,14,14,0.04789192143785114
3591,h2_storage,2030,150,15,15,0.04789192143785114
3592,h2_storage,2030,150,16,16,0.04789192143785114
3593,h2_storage,2030,150,17,17,0.04789192143785114
3594,h2_storage,2030,150,18,18,0.051882914891005404
3595,h2_storage,2030,150,19,19,0.05587390834415967
3596,h2_storage,2030,150,20,20,0.059864901797313935
3597,h2_storage,2030,150,21,21,0.0638558952504682
3598,h2_storage,2030,150,22,22,0.06784688870362246
3599,h2_storage,2030,150,23,23,0.07183788215677672
3600,h2_storage,2030,150,24,24,0.07582887560993097
3601,h2_storage,2030,151,1,1,0.003990993453154262
3602,h2_storage,2030,151,2,2,0.007981986906308525
3603,h2_storage,2030,151,3,3,0.011972980359462787
3604,h2_storage,2030,151,4,4,0.01596397381261705
3605,h2_storage,2030,151,5,5,0.019954967265771312
3606,h2_storage,2030,151,6,6,0.023945960718925574
3607,h2_storage,2030,151,7,7,0.027936954172079836
3608,h2_storage,2030,151,8,8,0.0319279476252341
3609,h2_storage,2030,151,9,9,0.03591894107838838
3610,h2_storage,2030,151,10,10,0.03990993453154264
3611,h2_storage,2030,151,11,11,0.04390092798469689
3612,h2_storage,2030,151,12,12,0.04789192143785115
3613,h2_storage,2030,151,13,13,0.05188291489100541
3614,h2_storage,2030,151,14,14,0.05587390834415967
3615,h2_storage,2030,151,15,15,0.059864901797313935
3616,h2_storage,2030,151,16,16,0.0638558952504682
3617,h2_storage,2030,151,17,17,0.06784688870362246
3618,h2_storage,2030,151,18,18,0.07183788215677672
3619,h2_storage,2030,151,19,19,0.07582887560993098
3620,h2_storage,2030,151,20,20,0.07981986906308525
3621,h2_storage,2030,151,21,21,0.08381086251623951
3622,h2_storage,2030,151,22,22,0.08780185596939377
3623,h2_storage,2030,151,23,23,0.09179284942254803
3624,h2_storage,2030,151,24,24,0.09578384287570235
3625,h2_storage,2030,152,1,1,0.003990993453154262
3626,h2_storage,2030,152,2,2,0.007981986906308525
3627,h2_storage,2030,152,3,3,0.011972980359462787
3628,h2_storage,2030,152,4,4,0.01596397381261705
3629,h2_storage,2030,152,5,5,0.019954967265771312
3630,h2_storage,2030,152,6,6,0.023945960718925574
3631,h2_storage,2030,152,7,7,0.027936954172079836
3632,h2_storage,2030,152,8,8,0.0319279476252341
3633,h2_storage,2030,152,9,9,0.03591894107838836
3634,h2_storage,2030,152,10,10,0.039909934531542644
3635,h2_storage,2030,152,11,11,0.0439009279846969
3636,h2_storage,2030,152,12,12,0.047891921437851155
3637,h2_storage,2030,152,13,13,0.05188291489100541
3638,h2_storage,2030,152,14,14,0.05587390834415967
3639,h2_storage,2030,152,15,15,0.059864901797313935
3640,h2_storage,2030,152,16,16,0.0638558952504682
3641,h2_storage,2030,152,17,17,0.06784688870362246
3642,h2_storage,2030,152,18,18,0.07183788215677672
3643,h2_storage,2030,152,19,19,0.07582887560993098
3644,h2_storage,2030,152,20,20,0.07981986906308525
3645,h2_storage,2030,152,21,21,0.08381086251623951
3646,h2_storage,2030,152,22,22,0.08780185596939377
3647,h2_storage,2030,152,23,23,0.09179284942254803
3648,h2_storage,2030,152,24,24,0.09578384287570235
3649,h2_storage,2030,153,1,1,0.003990993453154262
3650,h2_storage,2030,153,2,2,0.007981986906308525
3651,h2_storage,2030,153,3,3,0.011972980359462794
3652,h2_storage,2030,153,4,4,0.015963973812617056
3653,h2_storage,2030,153,5,5,0.01995496726577132
3654,h2_storage,2030,153,6,6,0.02394596071892558
3655,h2_storage,2030,153,7,7,0.027936954172079843
3656,h2_storage,2030,153,8,8,0.031927947625234106
3657,h2_storage,2030,153,9,9,0.03591894107838837
3658,h2_storage,2030,153,10,10,0.03990993453154263
3659,h2_storage,2030,153,11,11,0.04390092798469689
3660,h2_storage,2030,153,12,12,0.04789192143785115
3661,h2_storage,2030,153,13,13,0.05188291489100541
3662,h2_storage,2030,153,14,14,0.05587390834415967
3663,h2_storage,2030,153,15,15,0.05986490179731394
3664,h2_storage,2030,153,16,16,0.0638558952504682
3665,h2_storage,2030,153,17,17,0.06784688870362246
3666,h2_storage,2030,153,18,18,0.07183788215677674
3667,h2_storage,2030,153,19,19,0.075828875609931
3668,h2_storage,2030,153,20,20,0.07981986906308526
3669,h2_storage,2030,153,21,21,0.08381086251623952
3670,h2_storage,2030,153,22,22,0.08780185596939379
3671,h2_storage,2030,153,23,23,0.09179284942254803
3672,h2_storage,2030,153,24,24,0.09578384287570245
3673,h2_storage,2030,154,1,1,0.003990993453154262
3674,h2_storage,2030,154,2,2,0.007981986906308525
3675,h2_storage,2030,154,3,3,0.011972980359462787
3676,h2_storage,2030,154,4,4,0.01596397381261705
3677,h2_storage,2030,154,5,5,0.019954967265771312
3678,h2_storage,2030,154,6,6,0.023945960718925574
3679,h2_storage,2030,154,7,7,0.027936954172079836
3680,h2_storage,2030,154,8,8,0.0319279476252341
3681,h2_storage,2030,154,9,9,0.03591894107838836
3682,h2_storage,2030,154,10,10,0.03591894107838836
3683,h2_storage,2030,154,11,11,0.03591894107838836
3684,h2_storage,2030,154,12,12,0.03591894107838836
3685,h2_storage,2030,154,13,13,0.03591894107838836
3686,h2_storage,2030,154,14,14,0.03591894107838836
3687,h2_storage,2030,154,15,15,0.03990993453154262
3688,h2_storage,2030,154,16,16,0.04390092798469688
3689,h2_storage,2030,154,17,17,0.047891921437851134
3690,h2_storage,2030,154,18,18,0.0518829148910054
3691,h2_storage,2030,154,19,19,0.05587390834415965
3692,h2_storage,2030,154,20,20,0.059864901797313914
3693,h2_storage,2030,154,21,21,0.06385589525046817
3694,h2_storage,2030,154,22,22,0.06784688870362243
3695,h2_storage,2030,154,23,23,0.0718378821567767
3696,h2_storage,2030,154,24,24,0.07582887560993096
3697,h2_storage,2030,155,1,1,0.003990993453154262
3698,h2_storage,2030,155,2,2,0.007981986906308525
3699,h2_storage,2030,155,3,3,0.011972980359462787
3700,h2_storage,2030,155,4,4,0.01596397381261705
3701,h2_storage,2030,155,5,5,0.019954967265771312
3702,h2_storage,2030,155,6,6,0.023945960718925574
3703,h2_storage,2030,155,7,7,0.027936954172079836
3704,h2_storage,2030,155,8,8,0.0319279476252341
3705,h2_storage,2030,155,9,9,0.03591894107838836
3706,h2_storage,2030,155,10,10,0.039909934531542623
3707,h2_storage,2030,155,11,11,0.043900927984696886
3708,h2_storage,2030,155,12,12,0.04789192143785115
3709,h2_storage,2030,155,13,13,0.05188291489100541
3710,h2_storage,2030,155,14,14,0.05587390834415967
3711,h2_storage,2030,155,15,15,0.059864901797313935
3712,h2_storage,2030,155,16,16,0.05160914569374877
3713,h2_storage,2030,155,17,17,-0.011184025806454416
3714,h2_storage,2030,155,18,18,-0.10560120843092823
3715,h2_storage,2030,155,19,19,-0.20086670438163157
3716,h2_storage,2030,155,20,20,-0.2735135076480771
3717,h2_storage,2030,155,21,21,-0.27131897146977124
3718,h2_storage,2030,155,22,22,-0.26732797801661695
3719,h2_storage,2030,155,23,23,-0.26333698456346266
3720,h2_storage,2030,155,24,24,-0.25934599111030837
3721,h2_storage,2030,156,1,1,0.003990993453154262
3722,h2_storage,2030,156,2,2,0.007981986906308525
3723,h2_storage,2030,156,3,3,0.011972980359462787
3724,h2_storage,2030,156,4,4,0.01596397381261705
3725,h2_storage,2030,156,5,5,0.019954967265771312
3726,h2_storage,2030,156,6,6,0.023945960718925574
3727,h2_storage,2030,156,7,7,0.027936954172079836
3728,h2_storage,2030,156,8,8,0.031927947625234106
3729,h2_storage,2030,156,9,9,0.03591894107838837
3730,h2_storage,2030,156,10,10,0.03990993453154263
3731,h2_storage,2030,156,11,11,0.04390092798469689
3732,h2_storage,2030,156,12,12,0.04789192143785115
3733,h2_storage,2030,156,13,13,0.05188291489100541
3734,h2_storage,2030,156,14,14,0.05587390834415967
3735,h2_storage,2030,156,15,15,0.05986490179731394
3736,h2_storage,2030,156,16,16,0.06385589525046831
3737,h2_storage,2030,156,17,17,0.06784688870362257
3738,h2_storage,2030,156,18,18,0.07183788215677683
3739,h2_storage,2030,156,19,19,0.07582887560993115
3740,h2_storage,2030,156,20,20,0.07981986906308541
3741,h2_storage,2030,156,21,21,0.08381086251623968
3742,h2_storage,2030,156,22,22,0.08780185596939394
3743,h2_storage,2030,156,23,23,0.0917928494225482
3744,h2_storage,2030,156,24,24,0.09578384287570245
3745,h2_storage,2030,157,1,1,0.003990993453154262
3746,h2_storage,2030,157,2,2,0.007981986906308525
3747,h2_storage,2030,157,3,3,0.011972980359462787
3748,h2_storage,2030,157,4,4,0.01596397381261705
3749,h2_storage,2030,157,5,5,0.019954967265771312
3750,h2_storage,2030,157,6,6,0.023945960718925574
3751,h2_storage,2030,157,7,7,0.027936954172079836
3752,h2_storage,2030,157,8,8,0.0319279476252341
3753,h2_storage,2030,157,9,9,0.03591894107838836
3754,h2_storage,2030,157,10,10,0.03990993453154262
3755,h2_storage,2030,157,11,11,0.04390092798469688
3756,h2_storage,2030,157,12,12,0.047891921437851134
3757,h2_storage,2030,157,13,13,0.0518829148910054
3758,h2_storage,2030,157,14,14,0.05587390834415965
3759,h2_storage,2030,157,15,15,0.05986490179731391
3760,h2_storage,2030,157,16,16,0.06385589525046817
3761,h2_storage,2030,157,17,17,0.06784688870362243
3762,h2_storage,2030,157,18,18,0.0718378821567767
3763,h2_storage,2030,157,19,19,0.07582887560993096
3764,h2_storage,2030,157,20,20,0.07981986906308522
3765,h2_storage,2030,157,21,21,0.08381086251623948
3766,h2_storage,2030,157,22,22,0.08780185596939374
3767,h2_storage,2030,157,23,23,0.091792849422548
3768,h2_storage,2030,157,24,24,0.09578384287570235
3769,h2_storage,2030,158,1,1,0.003990993453154262
3770,h2_storage,2030,158,2,2,0.007981986906308525
3771,h2_storage,2030,158,3,3,0.011972980359462787
3772,h2_storage,2030,158,4,4,0.01596397381261705
3773,h2_storage,2030,158,5,5,0.019954967265771312
3774,h2_storage,2030,158,6,6,0.023945960718925574
3775,h2_storage,2030,158,7,7,0.027936954172079836
3776,h2_storage,2030,158,8,8,0.0319279476252341
3777,h2_storage,2030,158,9,9,0.03591894107838836
3778,h2_storage,2030,158,10,10,0.039909934531542623
3779,h2_storage,2030,158,11,11,0.01861648519115341
3780,h2_storage,2030,158,12,12,-0.006556669339543775
3781,h2_storage,2030,158,13,13,-0.014544951556620599
3782,h2_storage,2030,158,14,14,-0.01286653735711242
3783,h2_storage,2030,158,15,15,-0.008875543903958158
3784,h2_storage,2030,158,16,16,-0.004884550450803896
3785,h2_storage,2030,158,17,17,-0.0008935569976496333
3786,h2_storage,2030,158,18,18,0.003097436455504629
3787,h2_storage,2030,158,19,19,0.0070884299086588914
3788,h2_storage,2030,158,20,20,0.011079423361813154
3789,h2_storage,2030,158,21,21,0.015070416814967416
3790,h2_storage,2030,158,22,22,0.01906141026812168
3791,h2_storage,2030,158,23,23,0.02305240372127594
3792,h2_storage,2030,158,24,24,0.0270433971744302
3793,h2_storage,2030,159,1,1,0.003990993453154262
3794,h2_storage,2030,159,2,2,0.007981986906308525
3795,h2_storage,2030,159,3,3,0.011972980359462815
3796,h2_storage,2030,159,4,4,0.015963973812617077
3797,h2_storage,2030,159,5,5,0.01995496726577134
3798,h2_storage,2030,159,6,6,0.023945960718925595
3799,h2_storage,2030,159,7,7,0.02793695417207985
3800,h2_storage,2030,159,8,8,0.03192794762523411
3801,h2_storage,2030,159,9,9,0.035918941078388375
3802,h2_storage,2030,159,10,10,0.03990993453154264
3803,h2_storage,2030,159,11,11,0.0439009279846969
3804,h2_storage,2030,159,12,12,0.04789192143785116
3805,h2_storage,2030,159,13,13,0.051882914891005424
3806,h2_storage,2030,159,14,14,0.05587390834415969
3807,h2_storage,2030,159,15,15,0.05986490179731395
3808,h2_storage,2030,159,16,16,0.06385589525046821
3809,h2_storage,2030,159,17,17,0.06784688870362247
3810,h2_storage,2030,159,18,18,0.07183788215677674
3811,h2_storage,2030,159,19,19,0.075828875609931
3812,h2_storage,2030,159,20,20,0.07981986906308526
3813,h2_storage,2030,159,21,21,0.08381086251623952
3814,h2_storage,2030,159,22,22,0.08780185596939379
3815,h2_storage,2030,159,23,23,0.09179284942254803
3816,h2_storage,2030,159,24,24,0.09578384287570235
3817,h2_storage,2030,160,1,1,0.003990993453154262
3818,h2_storage,2030,160,2,2,0.007981986906308525
3819,h2_storage,2030,160,3,3,0.011972980359462787
3820,h2_storage,2030,160,4,4,0.01596397381261705
3821,h2_storage,2030,160,5,5,0.019954967265771312
3822,h2_storage,2030,160,6,6,0.023945960718925574
3823,h2_storage,2030,160,7,7,0.027936954172079836
3824,h2_storage,2030,160,8,8,0.0319279476252341
3825,h2_storage,2030,160,9,9,0.03591894107838836
3826,h2_storage,2030,160,10,10,0.039909934531542623
3827,h2_storage,2030,160,11,11,0.043900927984696886
3828,h2_storage,2030,160,12,12,0.04789192143785115
3829,h2_storage,2030,160,13,13,0.05188291489100541
3830,h2_storage,2030,160,14,14,0.05497529349811624
3831,h2_storage,2030,160,15,15,0.03861257883551131
3832,h2_storage,2030,160,16,16,-0.026638432074587923
3833,h2_storage,2030,160,17,17,-0.0871671516008437
3834,h2_storage,2030,160,18,18,-0.18262351754249298
3835,h2_storage,2030,160,19,19,-0.2703759212350218
3836,h2_storage,2030,160,20,20,-0.35159471244592155
3837,h2_storage,2030,160,21,21,-0.40732814783255533
3838,h2_storage,2030,160,22,22,-0.4318672215237522
3839,h2_storage,2030,160,23,23,-0.43033538001584365
3840,h2_storage,2030,160,24,24,-0.42634438656268936
3841,h2_storage,2030,161,1,1,0.003990993453154262
3842,h2_storage,2030,161,2,2,0.007981986906308525
3843,h2_storage,2030,161,3,3,0.011972980359462787
3844,h2_storage,2030,161,4,4,0.01596397381261705
3845,h2_storage,2030,161,5,5,0.019954967265771312
3846,h2_storage,2030,161,6,6,0.023945960718925574
3847,h2_storage,2030,161,7,7,0.027936954172079836
3848,h2_storage,2030,161,8,8,0.0319279476252341
3849,h2_storage,2030,161,9,9,0.03591894107838836
3850,h2_storage,2030,161,10,10,0.03990993453154262
3851,h2_storage,2030,161,11,11,0.04390092798469688
3852,h2_storage,2030,161,12,12,0.04789192143785114
3853,h2_storage,2030,161,13,13,0.051882914891005404
3854,h2_storage,2030,161,14,14,0.055873908344159666
3855,h2_storage,2030,161,15,15,0.05986490179731393
3856,h2_storage,2030,161,16,16,0.06385589525046818
3857,h2_storage,2030,161,17,17,0.06784688870362245
3858,h2_storage,2030,161,18,18,0.07183788215677671
3859,h2_storage,2030,161,19,19,0.07582887560993096
3860,h2_storage,2030,161,20,20,0.07981986906308522
3861,h2_storage,2030,161,21,21,0.08381086251623948
3862,h2_storage,2030,161,22,22,0.08780185596939376
3863,h2_storage,2030,161,23,23,0.09179284942254809
3864,h2_storage,2030,161,24,24,0.09578384287570235
3865,h2_storage,2030,162,1,1,0.003990993453154262
3866,h2_storage,2030,162,2,2,0.007981986906308525
3867,h2_storage,2030,162,3,3,0.011972980359462787
3868,h2_storage,2030,162,4,4,0.01596397381261705
3869,h2_storage,2030,162,5,5,0.019954967265771312
3870,h2_storage,2030,162,6,6,0.023945960718925574
3871,h2_storage,2030,162,7,7,0.027936954172079836
3872,h2_storage,2030,162,8,8,0.0319279476252341
3873,h2_storage,2030,162,9,9,0.03591894107838836
3874,h2_storage,2030,162,10,10,0.039909934531542623
3875,h2_storage,2030,162,11,11,0.043900927984696886
3876,h2_storage,2030,162,12,12,0.04789192143785115
3877,h2_storage,2030,162,13,13,0.05188291489100541
3878,h2_storage,2030,162,14,14,0.05587390834415967
3879,h2_storage,2030,162,15,15,0.059864901797313935
3880,h2_storage,2030,162,16,16,0.0638558952504682
3881,h2_storage,2030,162,17,17,0.06784688870362246
3882,h2_storage,2030,162,18,18,0.07183788215677672
3883,h2_storage,2030,162,19,19,0.07582887560993098
3884,h2_storage,2030,162,20,20,0.07981986906308525
3885,h2_storage,2030,162,21,21,0.08381086251623951
3886,h2_storage,2030,162,22,22,0.08780185596939377
3887,h2_storage,2030,162,23,23,0.09179284942254802
3888,h2_storage,2030,162,24,24,0.09578384287570231
3889,h2_storage,2030,163,1,1,0.003990993453154262
3890,h2_storage,2030,163,2,2,0.007981986906308525
3891,h2_storage,2030,163,3,3,0.011972980359462787
3892,h2_storage,2030,163,4,4,0.01596397381261705
3893,h2_storage,2030,163,5,5,0.019954967265771312
3894,h2_storage,2030,163,6,6,0.023945960718925574
3895,h2_storage,2030,163,7,7,0.027936954172079836
3896,h2_storage,2030,163,8,8,0.0319279476252341
3897,h2_storage,2030,163,9,9,0.0319279476252341
3898,h2_storage,2030,163,10,10,0.0319279476252341
3899,h2_storage,2030,163,11,11,-0.038552638569403386
3900,h2_storage,2030,163,12,12,-0.12732655586638236
3901,h2_storage,2030,163,13,13,-0.12732655586638236
3902,h2_storage,2030,163,14,14,-0.12732655586638236
3903,h2_storage,2030,163,15,15,-0.1233355624132281
3904,h2_storage,2030,163,16,16,-0.11934456896007384
3905,h2_storage,2030,163,17,17,-0.11535357550691958
3906,h2_storage,2030,163,18,18,-0.11136258205376531
3907,h2_storage,2030,163,19,19,-0.10737158860061105
3908,h2_storage,2030,163,20,20,-0.10338059514745679
3909,h2_storage,2030,163,21,21,-0.09938960169430253
3910,h2_storage,2030,163,22,22,-0.09539860824114826
3911,h2_storage,2030,163,23,23,-0.091407614787994
3912,h2_storage,2030,163,24,24,-0.08741662133483973
3913,h2_storage,2030,164,1,1,0.003990993453154262
3914,h2_storage,2030,164,2,2,0.007981986906308525
3915,h2_storage,2030,164,3,3,0.011972980359462787
3916,h2_storage,2030,164,4,4,0.01596397381261705
3917,h2_storage,2030,164,5,5,0.019954967265771312
3918,h2_storage,2030,164,6,6,0.023945960718925574
3919,h2_storage,2030,164,7,7,0.027936954172079836
3920,h2_storage,2030,164,8,8,0.0319279476252341
3921,h2_storage,2030,164,9,9,0.03591894107838836
3922,h2_storage,2030,164,10,10,0.039909934531542623
3923,h2_storage,2030,164,11,11,0.04390092798469689
3924,h2_storage,2030,164,12,12,0.047891921437851155
3925,h2_storage,2030,164,13,13,0.05188291489100542
3926,h2_storage,2030,164,14,14,0.05587390834415968
3927,h2_storage,2030,164,15,15,0.05986490179731394
3928,h2_storage,2030,164,16,16,0.06385589525046836
3929,h2_storage,2030,164,17,17,0.06784688870362263
3930,h2_storage,2030,164,18,18,0.07183788215677689
3931,h2_storage,2030,164,19,19,0.07582887560993115
3932,h2_storage,2030,164,20,20,0.07981986906308541
3933,h2_storage,2030,164,21,21,0.08381086251623968
3934,h2_storage,2030,164,22,22,0.08780185596939394
3935,h2_storage,2030,164,23,23,0.0917928494225482
3936,h2_storage,2030,164,24,24,0.09578384287570245
3937,h2_storage,2030,165,1,1,0.003990993453154262
3938,h2_storage,2030,165,2,2,0.007981986906308525
3939,h2_storage,2030,165,3,3,0.011972980359462773
3940,h2_storage,2030,165,4,4,0.01596397381261703
3941,h2_storage,2030,165,5,5,0.019954967265771284
3942,h2_storage,2030,165,6,6,0.023945960718925546
3943,h2_storage,2030,165,7,7,0.02793695417207981
3944,h2_storage,2030,165,8,8,0.03192794762523407
3945,h2_storage,2030,165,9,9,0.03591894107838833
3946,h2_storage,2030,165,10,10,0.039909934531542596
3947,h2_storage,2030,165,11,11,0.04390092798469686
3948,h2_storage,2030,165,12,12,0.04789192143785112
3949,h2_storage,2030,165,13,13,0.05188291489100538
3950,h2_storage,2030,165,14,14,0.055873908344159645
3951,h2_storage,2030,165,15,15,0.05986490179731391
3952,h2_storage,2030,165,16,16,0.06385589525046817
3953,h2_storage,2030,165,17,17,0.06784688870362243
3954,h2_storage,2030,165,18,18,0.0718378821567767
3955,h2_storage,2030,165,19,19,0.07582887560993096
3956,h2_storage,2030,165,20,20,0.07981986906308522
3957,h2_storage,2030,165,21,21,0.08381086251623948
3958,h2_storage,2030,165,22,22,0.08780185596939374
3959,h2_storage,2030,165,23,23,0.09179284942254809
3960,h2_storage,2030,165,24,24,0.09578384287570235
3961,h2_storage,2030,166,1,1,-0.04465417474318144
3962,h2_storage,2030,166,2,2,-0.06876490210907757
3963,h2_storage,2030,166,3,3,-0.07891064487378356
3964,h2_storage,2030,166,4,4,-0.07496506622319676
3965,h2_storage,2030,166,5,5,-0.0709740727700425
3966,h2_storage,2030,166,6,6,-0.06698307931688824
3967,h2_storage,2030,166,7,7,-0.06299208586373398
3968,h2_storage,2030,166,8,8,-0.059001092410579714
3969,h2_storage,2030,166,9,9,-0.05501009895742545
3970,h2_storage,2030,166,10,10,-0.05101910550427118
3971,h2_storage,2030,166,11,11,-0.04702811205111693
3972,h2_storage,2030,166,12,12,-0.043037118597962665
3973,h2_storage,2030,166,13,13,-0.0390461251448084
3974,h2_storage,2030,166,14,14,-0.03505513169165414
3975,h2_storage,2030,166,15,15,-0.031064138238499878
3976,h2_storage,2030,166,16,16,-0.027073144785345615
3977,h2_storage,2030,166,17,17,-0.023082151332191353
3978,h2_storage,2030,166,18,18,-0.01909115787903709
3979,h2_storage,2030,166,19,19,-0.015100164425882828
3980,h2_storage,2030,166,20,20,-0.011109170972728566
3981,h2_storage,2030,166,21,21,-0.0071181775195743036
3982,h2_storage,2030,166,22,22,-0.003127184066420041
3983,h2_storage,2030,166,23,23,0.0008638093867342211
3984,h2_storage,2030,166,24,24,0.004854802839888472
3985,h2_storage,2030,167,1,1,0.003990993453154262
3986,h2_storage,2030,167,2,2,0.007981986906308525
3987,h2_storage,2030,167,3,3,0.011972980359462787
3988,h2_storage,2030,167,4,4,0.01596397381261705
3989,h2_storage,2030,167,5,5,0.019954967265771312
3990,h2_storage,2030,167,6,6,0.023945960718925574
3991,h2_storage,2030,167,7,7,0.027936954172079836
3992,h2_storage,2030,167,8,8,0.0319279476252341
3993,h2_storage,2030,167,9,9,0.03591894107838836
3994,h2_storage,2030,167,10,10,0.039909934531542623
3995,h2_storage,2030,167,11,11,0.043900927984696886
3996,h2_storage,2030,167,12,12,0.04789192143785115
3997,h2_storage,2030,167,13,13,0.05188291489100541
3998,h2_storage,2030,167,14,14,0.05587390834415967
3999,h2_storage,2030,167,15,15,0.059864901797313935
4000,h2_storage,2030,167,16,16,0.0638558952504682
4001,h2_storage,2030,167,17,17,0.0678468887036225
4002,h2_storage,2030,167,18,18,0.07183788215677676
4003,h2_storage,2030,167,19,19,0.07490063195366611
4004,h2_storage,2030,167,20,20,0.011136541047129932
4005,h2_storage,2030,167,21,21,-0.05122240949816327
4006,h2_storage,2030,167,22,22,-0.07511403237424179
4007,h2_storage,2030,167,23,23,-0.07112303892108753
4008,h2_storage,2030,167,24,24,-0.07687223388638585
4009,h2_storage,2030,168,1,1,0.003990993453154262
4010,h2_storage,2030,168,2,2,0.007981986906308525
4011,h2_storage,2030,168,3,3,0.011972980359462787
4012,h2_storage,2030,168,4,4,0.015963973812617063
4013,h2_storage,2030,168,5,5,0.01995496726577132
4014,h2_storage,2030,168,6,6,0.023945960718925574
4015,h2_storage,2030,168,7,7,0.027936954172079836
4016,h2_storage,2030,168,8,8,0.0319279476252341
4017,h2_storage,2030,168,9,9,0.03591894107838836
4018,h2_storage,2030,168,10,10,0.039909934531542623
4019,h2_storage,2030,168,11,11,0.043900927984696886
4020,h2_storage,2030,168,12,12,0.04789192143785115
4021,h2_storage,2030,168,13,13,0.05188291489100541
4022,h2_storage,2030,168,14,14,0.05587390834415967
4023,h2_storage,2030,168,15,15,0.059864901797313935
4024,h2_storage,2030,168,16,16,0.0638558952504682
4025,h2_storage,2030,168,17,17,0.06784688870362246
4026,h2_storage,2030,168,18,18,0.07183788215677672
4027,h2_storage,2030,168,19,19,0.07582887560993097
4028,h2_storage,2030,168,20,20,0.07981986906308523
4029,h2_storage,2030,168,21,21,0.0838108625162395
4030,h2_storage,2030,168,22,22,0.08780185596939377
4031,h2_storage,2030,168,23,23,0.09179284942254803
4032,h2_storage,2030,168,24,24,0.09578384287570231
4033,h2_storage,2030,169,1,1,0.0
4034,h2_storage,2030,169,2,2,0.0
4035,h2_storage,2030,169,3,3,0.0
4036,h2_storage,2030,169,4,4,0.0
4037,h2_storage,2030,169,5,5,0.0
4038,h2_storage,2030,169,6,6,0.0
4039,h2_storage,2030,169,7,7,0.003460585250513399
4040,h2_storage,2030,169,8,8,0.003460585250513399
4041,h2_storage,2030,169,9,9,0.003460585250513399
4042,h2_storage,2030,169,10,10,0.003460585250513399
4043,h2_storage,2030,169,11,11,0.003460585250513399
4044,h2_storage,2030,169,12,12,0.003460585250513399
4045,h2_storage,2030,169,13,13,0.003460585250513399
4046,h2_storage,2030,169,14,14,0.003460585250513399
4047,h2_storage,2030,169,15,15,0.003460585250513399
4048,h2_storage,2030,169,16,16,0.003460585250513399
4049,h2_storage,2030,169,17,17,0.003460585250513399
4050,h2_storage,2030,169,18,18,0.003460585250513399
4051,h2_storage,2030,169,19,19,0.003460585250513399
4052,h2_storage,2030,169,20,20,0.003460585250513399
4053,h2_storage,2030,169,21,21,0.003460585250513399
4054,h2_storage,2030,169,22,22,0.003460585250513399
4055,h2_storage,2030,169,23,23,0.0034605852505134645
4056,h2_storage,2030,169,24,24,0.0034605852505134645
4057,h2_storage,2030,170,1,1,-0.001251110822915049
4058,h2_storage,2030,170,2,2,-0.001251110822915049
4059,h2_storage,2030,170,3,3,-0.001251110822915049
4060,h2_storage,2030,170,4,4,-0.001251110822915049
4061,h2_storage,2030,170,5,5,-0.001251110822915049
4062,h2_storage,2030,170,6,6,-0.001251110822915049
4063,h2_storage,2030,170,7,7,-0.001251110822915049
4064,h2_storage,2030,170,8,8,-0.001251110822915049
4065,h2_storage,2030,170,9,9,-0.001251110822915049
4066,h2_storage,2030,170,10,10,-0.001251110822915049
4067,h2_storage,2030,170,11,11,-0.001251110822915049
4068,h2_storage,2030,170,12,12,-0.001251110822915049
4069,h2_storage,2030,170,13,13,-0.001251110822915049
4070,h2_storage,2030,170,14,14,-0.001251110822915049
4071,h2_storage,2030,170,15,15,-0.001251110822915049
4072,h2_storage,2030,170,16,16,-0.001251110822915049
4073,h2_storage,2030,170,17,17,-0.001251110822915049
4074,h2_storage,2030,170,18,18,-0.001251110822915049
4075,h2_storage,2030,170,19,19,-0.001251110822915049
4076,h2_storage,2030,170,20,20,-0.001251110822915049
4077,h2_storage,2030,170,21,21,-0.001251110822915049
4078,h2_storage,2030,170,22,22,-0.001251110822915049
4079,h2_storage,2030,170,23,23,-0.001251110822915049
4080,h2_storage,2030,170,24,24,-0.001251110822915049
4081,h2_storage,2030,171,1,1,0.0
4082,h2_storage,2030,171,2,2,0.0
4083,h2_storage,2030,171,3,3,0.0
4084,h2_storage,2030,171,4,4,0.0
4085,h2_storage,2030,171,5,5,0.0
4086,h2_storage,2030,171,6,6,0.0
4087,h2_storage,2030,171,7,7,0.0
4088,h2_storage,2030,171,8,8,0.0
4089,h2_storage,2030,171,9,9,0.0
4090,h2_storage,2030,171,10,10,0.0
4091,h2_storage,2030,171,11,11,0.0
4092,h2_storage,2030,171,12,12,0.0
4093,h2_storage,2030,171,13,13,0.0
4094,h2_storage,2030,171,14,14,0.0
4095,h2_storage,2030,171,15,15,0.0
4096,h2_storage,2030,171,16,16,0.0
4097,h2_storage,2030,171,17,17,0.0
4098,h2_storage,2030,171,18,18,0.0
4099,h2_storage,2030,171,19,19,0.0
4100,h2_storage,2030,171,20,20,0.0
4101,h2_storage,2030,171,21,21,0.0
4102,h2_storage,2030,171,22,22,0.0
4103,h2_storage,2030,171,23,23,0.0
4104,h2_storage,2030,171,24,24,0.0
4105,h2_storage,2030,172,1,1,0.0
4106,h2_storage,2030,172,2,2,0.0
4107,h2_storage,2030,172,3,3,0.0
4108,h2_storage,2030,172,4,4,0.0
4109,h2_storage,2030,172,5,5,0.0
4110,h2_storage,2030,172,6,6,0.0
4111,h2_storage,2030,172,7,7,0.0
4112,h2_storage,2030,172,8,8,0.0
4113,h2_storage,2030,172,9,9,0.0
4114,h2_storage,2030,172,10,10,0.0
4115,h2_storage,2030,172,11,11,0.0
4116,h2_storage,2030,172,12,12,0.0
4117,h2_storage,2030,172,13,13,0.0
4118,h2_storage,2030,172,14,14,0.0
4119,h2_storage,2030,172,15,15,0.0
4120,h2_storage,2030,172,16,16,0.0
4121,h2_storage,2030,172,17,17,0.0
4122,h2_storage,2030,172,18,18,0.0
4123,h2_storage,2030,172,19,19,0.0
4124,h2_storage,2030,172,20,20,0.0
4125,h2_storage,2030,172,21,21,0.0
4126,h2_storage,2030,172,22,22,0.0
4127,h2_storage,2030,172,23,23,0.0
4128,h2_storage,2030,172,24,24,0.0
4129,h2_storage,2030,173,1,1,0.0
4130,h2_storage,2030,173,2,2,0.0
4131,h2_storage,2030,173,3,3,0.0
4132,h2_storage,2030,173,4,4,0.0
4133,h2_storage,2030,173,5,5,0.0
4134,h2_storage,2030,173,6,6,0.0
4135,h2_storage,2030,173,7,7,0.0
4136,h2_storage,2030,173,8,8,0.0
4137,h2_storage,2030,173,9,9,0.0
4138,h2_storage,2030,173,10,10,0.0
4139,h2_storage,2030,173,11,11,0.0
4140,h2_storage,2030,173,12,12,0.0
4141,h2_storage,2030,173,13,13,0.0
4142,h2_storage,2030,173,14,14,0.0
4143,h2_storage,2030,173,15,15,0.0
4144,h2_storage,2030,173,16,16,0.0
4145,h2_storage,2030,173,17,17,0.0
4146,h2_storage,2030,173,18,18,0.0
4147,h2_storage,2030,173,19,19,0.0
4148,h2_storage,2030,173,20,20,0.0
4149,h2_storage,2030,173,21,21,0.0
4150,h2_storage,2030,173,22,22,0.0
4151,h2_storage,2030,173,23,23,0.0
4152,h2_storage,2030,173,24,24,0.0
4153,h2_storage,2030,174,1,1,0.0
4154,h2_storage,2030,174,2,2,0.0
4155,h2_storage,2030,174,3,3,0.0
4156,h2_storage,2030,174,4,4,0.0
4157,h2_storage,2030,174,5,5,0.0
4158,h2_storage,2030,174,6,6,0.0
4159,h2_storage,2030,174,7,7,0.0
4160,h2_storage,2030,174,8,8,0.0
4161,h2_storage,2030,174,9,9,0.0
4162,h2_storage,2030,174,10,10,0.0
4163,h2_storage,2030,174,11,11,0.0
4164,h2_storage,2030,174,12,12,0.0
4165,h2_storage,2030,174,13,13,0.0
4166,h2_storage,2030,174,14,14,0.0
4167,h2_storage,2030,174,15,15,0.0
4168,h2_storage,2030,174,16,16,0.0
4169,h2_storage,2030,174,17,17,0.0
4170,h2_storage,2030,174,18,18,0.0
4171,h2_storage,2030,174,19,19,0.0
4172,h2_storage,2030,174,20,20,0.0
4173,h2_storage,2030,174,21,21,0.0
4174,h2_storage,2030,174,22,22,0.0
4175,h2_storage,2030,174,23,23,0.0
4176,h2_storage,2030,174,24,24,0.0
4177,h2_storage,2030,175,1,1,0.0
4178,h2_storage,2030,175,2,2,0.0
4179,h2_storage,2030,175,3,3,0.0
4180,h2_storage,2030,175,4,4,0.0
4181,h2_storage,2030,175,5,5,0.0
4182,h2_storage,2030,175,6,6,0.0
4183,h2_storage,2030,175,7,7,0.0
4184,h2_storage,2030,175,8,8,0.0
4185,h2_storage,2030,175,9,9,0.0
4186,h2_storage,2030,175,10,10,0.0
4187,h2_storage,2030,175,11,11,0.0
4188,h2_storage,2030,175,12,12,0.0
4189,h2_storage,2030,175,13,13,0.0
4190,h2_storage,2030,175,14,14,0.0
4191,h2_storage,2030,175,15,15,0.0
4192,h2_storage,2030,175,16,16,0.0
4193,h2_storage,2030,175,17,17,0.0
4194,h2_storage,2030,175,18,18,0.0
4195,h2_storage,2030,175,19,19,0.0
4196,h2_storage,2030,175,20,20,0.0
4197,h2_storage,2030,175,21,21,0.0
4198,h2_storage,2030,175,22,22,0.0
4199,h2_storage,2030,175,23,23,0.0
4200,h2_storage,2030,175,24,24,0.0
4201,h2_storage,2030,176,1,1,0.0
4202,h2_storage,2030,176,2,2,0.0
4203,h2_storage,2030,176,3,3,0.0
4204,h2_storage,2030,176,4,4,0.0
4205,h2_storage,2030,176,5,5,0.0
4206,h2_storage,2030,176,6,6,0.0
4207,h2_storage,2030,176,7,7,0.0
4208,h2_storage,2030,176,8,8,0.0
4209,h2_storage,2030,176,9,9,0.0
4210,h2_storage,2030,176,10,10,0.0
4211,h2_storage,2030,176,11,11,0.0
4212,h2_storage,2030,176,12,12,0.0
4213,h2_storage,2030,176,13,13,0.0
4214,h2_storage,2030,176,14,14,0.0
4215,h2_storage,2030,176,15,15,0.0
4216,h2_storage,2030,176,16,16,0.0
4217,h2_storage,2030,176,17,17,0.0
4218,h2_storage,2030,176,18,18,0.0
4219,h2_storage,2030,176,19,19,0.0
4220,h2_storage,2030,176,20,20,0.0
4221,h2_storage,2030,176,21,21,0.0
4222,h2_storage,2030,176,22,22,0.0
4223,h2_storage,2030,176,23,23,0.0
4224,h2_storage,2030,176,24,24,0.0
4225,h2_storage,2030,177,1,1,0.0
4226,h2_storage,2030,177,2,2,0.0
4227,h2_storage,2030,177,3,3,0.0
4228,h2_storage,2030,177,4,4,0.0
4229,h2_storage,2030,177,5,5,0.0
4230,h2_storage,2030,177,6,6,0.0
4231,h2_storage,2030,177,7,7,0.0
4232,h2_storage,2030,177,8,8,0.0
4233,h2_storage,2030,177,9,9,0.0
4234,h2_storage,2030,177,10,10,0.0
4235,h2_storage,2030,177,11,11,0.0
4236,h2_storage,2030,177,12,12,0.0
4237,h2_storage,2030,177,13,13,0.0
4238,h2_storage,2030,177,14,14,0.0
4239,h2_storage,2030,177,15,15,0.0
4240,h2_storage,2030,177,16,16,0.0
4241,h2_storage,2030,177,17,17,0.0
4242,h2_storage,2030,177,18,18,0.0
4243,h2_storage,2030,177,19,19,0.0
4244,h2_storage,2030,177,20,20,0.0
4245,h2_storage,2030,177,21,21,0.0
4246,h2_storage,2030,177,22,22,0.0
4247,h2_storage,2030,177,23,23,0.0
4248,h2_storage,2030,177,24,24,0.0
4249,h2_storage,2030,178,1,1,0.0
4250,h2_storage,2030,178,2,2,0.0
4251,h2_storage,2030,178,3,3,0.0
4252,h2_storage,2030,178,4,4,0.0
4253,h2_storage,2030,178,5,5,0.0
4254,h2_storage,2030,178,6,6,0.0
4255,h2_storage,2030,178,7,7,0.0
4256,h2_storage,2030,178,8,8,0.0
4257,h2_storage,2030,178,9,9,0.0
4258,h2_storage,2030,178,10,10,0.0
4259,h2_storage,2030,178,11,11,0.0
4260,h2_storage,2030,178,12,12,0.0
4261,h2_storage,2030,178,13,13,0.0
4262,h2_storage,2030,178,14,14,0.0
4263,h2_storage,2030,178,15,15,0.0
4264,h2_storage,2030,178,16,16,0.0
4265,h2_storage,2030,178,17,17,0.0
4266,h2_storage,2030,178,18,18,0.0
4267,h2_storage,2030,178,19,19,0.0
4268,h2_storage,2030,178,20,20,0.0
4269,h2_storage,2030,178,21,21,0.0
4270,h2_storage,2030,178,22,22,0.0
4271,h2_storage,2030,178,23,23,0.0
4272,h2_storage,2030,178,24,24,0.0
4273,h2_storage,2030,179,1,1,0.0
4274,h2_storage,2030,179,2,2,0.0
4275,h2_storage,2030,179,3,3,0.0
4276,h2_storage,2030,179,4,4,0.0
4277,h2_storage,2030,179,5,5,0.0
4278,h2_storage,2030,179,6,6,0.0
4279,h2_storage,2030,179,7,7,0.0
4280,h2_storage,2030,179,8,8,0.0
4281,h2_storage,2030,179,9,9,0.0
4282,h2_storage,2030,179,10,10,0.0
4283,h2_storage,2030,179,11,11,0.0
4284,h2_storage,2030,179,12,12,0.0
4285,h2_storage,2030,179,13,13,0.0
4286,h2_storage,2030,179,14,14,0.0
4287,h2_storage,2030,179,15,15,0.0
4288,h2_storage,2030,179,16,16,0.0
4289,h2_storage,2030,179,17,17,0.0
4290,h2_storage,2030,179,18,18,0.0
4291,h2_storage,2030,179,19,19,0.0
4292,h2_storage,2030,179,20,20,0.0
4293,h2_storage,2030,179,21,21,0.0
4294,h2_storage,2030,179,22,22,0.0
4295,h2_storage,2030,179,23,23,0.0
4296,h2_storage,2030,179,24,24,0.0
4297,h2_storage,2030,180,1,1,0.0
4298,h2_storage,2030,180,2,2,0.0
4299,h2_storage,2030,180,3,3,0.0
4300,h2_storage,2030,180,4,4,0.0
4301,h2_storage,2030,180,5,5,0.0
4302,h2_storage,2030,180,6,6,0.0
4303,h2_storage,2030,180,7,7,0.0
4304,h2_storage,2030,180,8,8,0.0
4305,h2_storage,2030,180,9,9,0.0
4306,h2_storage,2030,180,10,10,0.0
4307,h2_storage,2030,180,11,11,0.0
4308,h2_storage,2030,180,12,12,0.0
4309,h2_storage,2030,180,13,13,0.0
4310,h2_storage,2030,180,14,14,0.0
4311,h2_storage,2030,180,15,15,0.0
4312,h2_storage,2030,180,16,16,0.0
4313,h2_storage,2030,180,17,17,0.0
4314,h2_storage,2030,180,18,18,0.0
4315,h2_storage,2030,180,19,19,0.0
4316,h2_storage,2030,180,20,20,0.0
4317,h2_storage,2030,180,21,21,0.0
4318,h2_storage,2030,180,22,22,0.0
4319,h2_storage,2030,180,23,23,0.0
4320,h2_storage,2030,180,24,24,0.0
4321,h2_storage,2030,181,1,1,0.0
4322,h2_storage,2030,181,2,2,0.0
4323,h2_storage,2030,181,3,3,0.0
4324,h2_storage,2030,181,4,4,0.0
4325,h2_storage,2030,181,5,5,0.0
4326,h2_storage,2030,181,6,6,0.0
4327,h2_storage,2030,181,7,7,0.0
4328,h2_storage,2030,181,8,8,0.0
4329,h2_storage,2030,181,9,9,0.0
4330,h2_storage,2030,181,10,10,0.0
4331,h2_storage,2030,181,11,11,0.0
4332,h2_storage,2030,181,12,12,0.0
4333,h2_storage,2030,181,13,13,0.0
4334,h2_storage,2030,181,14,14,0.0
4335,h2_storage,2030,181,15,15,0.0
4336,h2_storage,2030,181,16,16,0.0
4337,h2_storage,2030,181,17,17,-4.741562022202695e-05
4338,h2_storage,2030,181,18,18,-4.741562022202695e-05
4339,h2_storage,2030,181,19,19,-0.029889395077608006
4340,h2_storage,2030,181,20,20,-0.029889395077608006
4341,h2_storage,2030,181,21,21,-0.029889395077608006
4342,h2_storage,2030,181,22,22,-0.029889395077608006
4343,h2_storage,2030,181,23,23,-0.029889395077608006
4344,h2_storage,2030,181,24,24,-0.029889395077608006
4345,h2_storage,2030,182,1,1,0.0
4346,h2_storage,2030,182,2,2,0.0
4347,h2_storage,2030,182,3,3,0.0
4348,h2_storage,2030,182,4,4,7.083946344237663e-05
4349,h2_storage,2030,182,5,5,0.0038738444435915346
4350,h2_storage,2030,182,6,6,0.007864837896745797
4351,h2_storage,2030,182,7,7,0.007864837896745797
4352,h2_storage,2030,182,8,8,0.007864837896745797
4353,h2_storage,2030,182,9,9,0.007864837896745797
4354,h2_storage,2030,182,10,10,0.007864837896745797
4355,h2_storage,2030,182,11,11,0.007864837896745797
4356,h2_storage,2030,182,12,12,0.007864837896745797
4357,h2_storage,2030,182,13,13,0.007864837896745797
4358,h2_storage,2030,182,14,14,0.007864837896745797
4359,h2_storage,2030,182,15,15,0.007864837896745797
4360,h2_storage,2030,182,16,16,0.007864837896745797
4361,h2_storage,2030,182,17,17,0.007864837896745797
4362,h2_storage,2030,182,18,18,0.007864837896745797
4363,h2_storage,2030,182,19,19,0.007864837896745797
4364,h2_storage,2030,182,20,20,0.007864837896745797
4365,h2_storage,2030,182,21,21,0.007864837896745797
4366,h2_storage,2030,182,22,22,0.007864837896745797
4367,h2_storage,2030,182,23,23,0.007864837896745797
4368,h2_storage,2030,182,24,24,0.007864837896745797
4369,h2_storage,2030,183,1,1,0.0
4370,h2_storage,2030,183,2,2,0.0
4371,h2_storage,2030,183,3,3,0.0
4372,h2_storage,2030,183,4,4,0.0
4373,h2_storage,2030,183,5,5,0.0
4374,h2_storage,2030,183,6,6,0.0
4375,h2_storage,2030,183,7,7,0.0
4376,h2_storage,2030,183,8,8,0.0
4377,h2_storage,2030,183,9,9,0.0
4378,h2_storage,2030,183,10,10,0.0
4379,h2_storage,2030,183,11,11,0.0
4380,h2_storage,2030,183,12,12,0.0
4381,h2_storage,2030,183,13,13,0.0
4382,h2_storage,2030,183,14,14,0.0
4383,h2_storage,2030,183,15,15,0.0
4384,h2_storage,2030,183,16,16,0.0
4385,h2_storage,2030,183,17,17,0.0
4386,h2_storage,2030,183,18,18,0.0
4387,h2_storage,2030,183,19,19,0.0
4388,h2_storage,2030,183,20,20,0.0
4389,h2_storage,2030,183,21,21,0.0
4390,h2_storage,2030,183,22,22,0.0
4391,h2_storage,2030,183,23,23,0.0
4392,h2_storage,2030,183,24,24,0.0
4393,h2_storage,2030,184,1,1,0.003990993453154262
4394,h2_storage,2030,184,2,2,0.007981986906308525
4395,h2_storage,2030,184,3,3,0.011972980359462787
4396,h2_storage,2030,184,4,4,0.011972980359462787
4397,h2_storage,2030,184,5,5,0.011972980359462787
4398,h2_storage,2030,184,6,6,0.011972980359462787
4399,h2_storage,2030,184,7,7,0.011972980359462787
4400,h2_storage,2030,184,8,8,0.011972980359462787
4401,h2_storage,2030,184,9,9,0.011972980359462787
4402,h2_storage,2030,184,10,10,0.011972980359462787
4403,h2_storage,2030,184,11,11,0.011972980359462787
4404,h2_storage,2030,184,12,12,0.011972980359462787
4405,h2_storage,2030,184,13,13,0.011972980359462787
4406,h2_storage,2030,184,14,14,0.011972980359462787
4407,h2_storage,2030,184,15,15,0.011972980359462787
4408,h2_storage,2030,184,16,16,0.011972980359462787
4409,h2_storage,2030,184,17,17,0.011972980359462787
4410,h2_storage,2030,184,18,18,0.011972980359462787
4411,h2_storage,2030,184,19,19,0.011972980359462787
4412,h2_storage,2030,184,20,20,0.011972980359462787
4413,h2_storage,2030,184,21,21,0.011972980359462787
4414,h2_storage,2030,184,22,22,0.011972980359462787
4415,h2_storage,2030,184,23,23,0.011972980359462787
4416,h2_storage,2030,184,24,24,0.011972980359462787
4417,h2_storage,2030,185,1,1,0.0
4418,h2_storage,2030,185,2,2,0.0
4419,h2_storage,2030,185,3,3,0.0
4420,h2_storage,2030,185,4,4,0.0
4421,h2_storage,2030,185,5,5,0.0
4422,h2_storage,2030,185,6,6,0.0
4423,h2_storage,2030,185,7,7,0.0
4424,h2_storage,2030,185,8,8,0.0
4425,h2_storage,2030,185,9,9,-0.00555737126974561
4426,h2_storage,2030,185,10,10,-0.00555737126974561
4427,h2_storage,2030,185,11,11,-0.00555737126974561
4428,h2_storage,2030,185,12,12,-0.00555737126974561
4429,h2_storage,2030,185,13,13,-0.00555737126974561
4430,h2_storage,2030,185,14,14,-0.00555737126974561
4431,h2_storage,2030,185,15,15,-0.00555737126974561
4432,h2_storage,2030,185,16,16,-0.00555737126974561
4433,h2_storage,2030,185,17,17,-0.00555737126974561
4434,h2_storage,2030,185,18,18,-0.00555737126974561
4435,h2_storage,2030,185,19,19,-0.00555737126974561
4436,h2_storage,2030,185,20,20,-0.00555737126974561
4437,h2_storage,2030,185,21,21,-0.00555737126974561
4438,h2_storage,2030,185,22,22,-0.00555737126974561
4439,h2_storage,2030,185,23,23,-0.00555737126974561
4440,h2_storage,2030,185,24,24,-0.00555737126974561
4441,h2_storage,2030,186,1,1,0.0
4442,h2_storage,2030,186,2,2,0.0
4443,h2_storage,2030,186,3,3,0.0
4444,h2_storage,2030,186,4,4,0.0
4445,h2_storage,2030,186,5,5,0.0
4446,h2_storage,2030,186,6,6,0.0
4447,h2_storage,2030,186,7,7,0.0
4448,h2_storage,2030,186,8,8,0.0
4449,h2_storage,2030,186,9,9,0.0
4450,h2_storage,2030,186,10,10,0.0
4451,h2_storage,2030,186,11,11,0.0
4452,h2_storage,2030,186,12,12,0.0
4453,h2_storage,2030,186,13,13,0.0
4454,h2_storage,2030,186,14,14,0.0
4455,h2_storage,2030,186,15,15,0.0
4456,h2_storage,2030,186,16,16,0.0
4457,h2_storage,2030,186,17,17,0.0
4458,h2_storage,2030,186,18,18,0.0
4459,h2_storage,2030,186,19,19,0.0
4460,h2_storage,2030,186,20,20,0.0
4461,h2_storage,2030,186,21,21,0.0
4462,h2_storage,2030,186,22,22,0.0
4463,h2_storage,2030,186,23,23,0.0
4464,h2_storage,2030,186,24,24,0.0
4465,h2_storage,2030,187,1,1,0.0
4466,h2_storage,2030,187,2,2,0.0
4467,h2_storage,2030,187,3,3,0.0
4468,h2_storage,2030,187,4,4,0.0
4469,h2_storage,2030,187,5,5,0.0
4470,h2_storage,2030,187,6,6,0.0
4471,h2_storage,2030,187,7,7,0.0
4472,h2_storage,2030,187,8,8,0.0
4473,h2_storage,2030,187,9,9,0.0
4474,h2_storage,2030,187,10,10,0.0
4475,h2_storage,2030,187,11,11,0.0
4476,h2_storage,2030,187,12,12,0.0
4477,h2_storage,2030,187,13,13,0.0
4478,h2_storage,2030,187,14,14,0.0
4479,h2_storage,2030,187,15,15,0.0
4480,h2_storage,2030,187,16,16,0.0
4481,h2_storage,2030,187,17,17,0.0
4482,h2_storage,2030,187,18,18,0.0
4483,h2_storage,2030,187,19,19,0.0
4484,h2_storage,2030,187,20,20,0.0
4485,h2_storage,2030,187,21,21,0.0
4486,h2_storage,2030,187,22,22,0.0
4487,h2_storage,2030,187,23,23,0.0
4488,h2_storage,2030,187,24,24,0.0
4489,h2_storage,2030,188,1,1,0.0
4490,h2_storage,2030,188,2,2,0.0
4491,h2_storage,2030,188,3,3,0.0
4492,h2_storage,2030,188,4,4,0.0
4493,h2_storage,2030,188,5,5,0.0
4494,h2_storage,2030,188,6,6,0.0
4495,h2_storage,2030,188,7,7,0.0
4496,h2_storage,2030,188,8,8,0.0
4497,h2_storage,2030,188,9,9,0.0
4498,h2_storage,2030,188,10,10,0.0
4499,h2_storage,2030,188,11,11,0.0
4500,h2_storage,2030,188,12,12,0.0
4501,h2_storage,2030,188,13,13,0.0
4502,h2_storage,2030,188,14,14,0.0
4503,h2_storage,2030,188,15,15,0.0
4504,h2_storage,2030,188,16,16,0.0
4505,h2_storage,2030,188,17,17,0.0
4506,h2_storage,2030,188,18,18,0.0
4507,h2_storage,2030,188,19,19,0.0
4508,h2_storage,2030,188,20,20,0.0
4509,h2_storage,2030,188,21,21,0.0
4510,h2_storage,2030,188,22,22,0.0
4511,h2_storage,2030,188,23,23,0.0
4512,h2_storage,2030,188,24,24,0.0
4513,h2_storage,2030,189,1,1,0.0
4514,h2_storage,2030,189,2,2,0.0
4515,h2_storage,2030,189,3,3,0.0
4516,h2_storage,2030,189,4,4,0.0
4517,h2_storage,2030,189,5,5,0.0
4518,h2_storage,2030,189,6,6,0.0
4519,h2_storage,2030,189,7,7,0.0
4520,h2_storage,2030,189,8,8,0.0
4521,h2_storage,2030,189,9,9,0.0
4522,h2_storage,2030,189,10,10,0.0
4523,h2_storage,2030,189,11,11,0.0
4524,h2_storage,2030,189,12,12,0.0
4525,h2_storage,2030,189,13,13,0.0
4526,h2_storage,2030,189,14,14,0.0
4527,h2_storage,2030,189,15,15,0.0
4528,h2_storage,2030,189,16,16,0.0
4529,h2_storage,2030,189,17,17,0.0
4530,h2_storage,2030,189,18,18,0.0
4531,h2_storage,2030,189,19,19,0.0
4532,h2_storage,2030,189,20,20,0.0
4533,h2_storage,2030,189,21,21,0.0
4534,h2_storage,2030,189,22,22,0.0
4535,h2_storage,2030,189,23,23,0.0
4536,h2_storage,2030,189,24,24,0.0
4537,h2_storage,2030,190,1,1,0.0
4538,h2_storage,2030,190,2,2,0.0
4539,h2_storage,2030,190,3,3,0.0
4540,h2_storage,2030,190,4,4,0.0
4541,h2_storage,2030,190,5,5,0.0
4542,h2_storage,2030,190,6,6,0.0
4543,h2_storage,2030,190,7,7,0.0
4544,h2_storage,2030,190,8,8,0.0
4545,h2_storage,2030,190,9,9,0.0
4546,h2_storage,2030,190,10,10,0.0
4547,h2_storage,2030,190,11,11,0.0
4548,h2_storage,2030,190,12,12,0.0
4549,h2_storage,2030,190,13,13,0.0
4550,h2_storage,2030,190,14,14,0.0
4551,h2_storage,2030,190,15,15,-0.00043262968897203965
4552,h2_storage,2030,190,16,16,-0.00043262968897203965
4553,h2_storage,2030,190,17,17,-0.00043262968897203965
4554,h2_storage,2030,190,18,18,-0.00043262968897203965
4555,h2_storage,2030,190,19,19,-0.00043262968897203965
4556,h2_storage,2030,190,20,20,-0.00043262968897203965
4557,h2_storage,2030,190,21,21,-0.00043262968897203965
4558,h2_storage,2030,190,22,22,-0.00043262968897203965
4559,h2_storage,2030,190,23,23,-0.00043262968897203965
4560,h2_storage,2030,190,24,24,-0.00043262968897203965
4561,h2_storage,2030,191,1,1,0.0
4562,h2_storage,2030,191,2,2,0.0
4563,h2_storage,2030,191,3,3,0.0
4564,h2_storage,2030,191,4,4,0.0
4565,h2_storage,2030,191,5,5,0.0
4566,h2_storage,2030,191,6,6,0.0
4567,h2_storage,2030,191,7,7,0.0
4568,h2_storage,2030,191,8,8,0.0
4569,h2_storage,2030,191,9,9,0.0
4570,h2_storage,2030,191,10,10,0.0
4571,h2_storage,2030,191,11,11,0.0
4572,h2_storage,2030,191,12,12,0.0
4573,h2_storage,2030,191,13,13,0.0
4574,h2_storage,2030,191,14,14,0.0
4575,h2_storage,2030,191,15,15,0.0
4576,h2_storage,2030,191,16,16,0.0
4577,h2_storage,2030,191,17,17,0.0
4578,h2_storage,2030,191,18,18,0.0
4579,h2_storage,2030,191,19,19,0.0
4580,h2_storage,2030,191,20,20,0.0
4581,h2_storage,2030,191,21,21,0.0
4582,h2_storage,2030,191,22,22,0.0
4583,h2_storage,2030,191,23,23,0.0
4584,h2_storage,2030,191,24,24,0.0
4585,h2_storage,2030,192,1,1,0.0
4586,h2_storage,2030,192,2,2,0.0
4587,h2_storage,2030,192,3,3,0.0
4588,h2_storage,2030,192,4,4,0.0
4589,h2_storage,2030,192,5,5,0.0
4590,h2_storage,2030,192,6,6,0.0
4591,h2_storage,2030,192,7,7,0.0
4592,h2_storage,2030,192,8,8,0.0
4593,h2_storage,2030,192,9,9,0.0
4594,h2_storage,2030,192,10,10,0.0
4595,h2_storage,2030,192,11,11,0.0
4596,h2_storage,2030,192,12,12,0.0
4597,h2_storage,2030,192,13,13,0.0
4598,h2_storage,2030,192,14,14,0.0
4599,h2_storage,2030,192,15,15,0.0
4600,h2_storage,2030,192,16,16,0.0
4601,h2_storage,2030,192,17,17,0.0
4602,h2_storage,2030,192,18,18,0.0
4603,h2_storage,2030,192,19,19,0.0
4604,h2_storage,2030,192,20,20,0.0
4605,h2_storage,2030,192,21,21,0.0
4606,h2_storage,2030,192,22,22,0.0
4607,h2_storage,2030,192,23,23,0.0
4608,h2_storage,2030,192,24,24,0.0
4609,h2_storage,2030,193,1,1,0.0
4610,h2_storage,2030,193,2,2,0.0
4611,h2_storage,2030,193,3,3,0.0
4612,h2_storage,2030,193,4,4,0.0
4613,h2_storage,2030,193,5,5,0.0
4614,h2_storage,2030,193,6,6,0.003990993453154262
4615,h2_storage,2030,193,7,7,0.006100180120005864
4616,h2_storage,2030,193,8,8,0.006100180120005864
4617,h2_storage,2030,193,9,9,0.006100180120005864
4618,h2_storage,2030,193,10,10,0.006100180120005864
4619,h2_storage,2030,193,11,11,0.006100180120005864
4620,h2_storage,2030,193,12,12,0.006100180120005864
4621,h2_storage,2030,193,13,13,0.006100180120005864
4622,h2_storage,2030,193,14,14,0.006100180120005864
4623,h2_storage,2030,193,15,15,0.006100180120005864
4624,h2_storage,2030,193,16,16,0.006100180120005864
4625,h2_storage,2030,193,17,17,0.006100180120005864
4626,h2_storage,2030,193,18,18,0.006100180120005864
4627,h2_storage,2030,193,19,19,0.006100180120005864
4628,h2_storage,2030,193,20,20,0.006100180120005864
4629,h2_storage,2030,193,21,21,0.006100180120005864
4630,h2_storage,2030,193,22,22,0.006100180120005864
4631,h2_storage,2030,193,23,23,0.006100180120005864
4632,h2_storage,2030,193,24,24,0.006100180120005864
4633,h2_storage,2030,194,1,1,-0.00010444813819322058
4634,h2_storage,2030,194,2,2,-0.00010444813819322058
4635,h2_storage,2030,194,3,3,-0.00010444813819322058
4636,h2_storage,2030,194,4,4,-0.00010444813819322058
4637,h2_storage,2030,194,5,5,-0.00010444813819322058
4638,h2_storage,2030,194,6,6,-0.00010444813819322058
4639,h2_storage,2030,194,7,7,-0.00010444813819322058
4640,h2_storage,2030,194,8,8,-0.00010444813819322058
4641,h2_storage,2030,194,9,9,-0.00010444813819322058
4642,h2_storage,2030,194,10,10,-0.00010444813819322058
4643,h2_storage,2030,194,11,11,-0.00010444813819322058
4644,h2_storage,2030,194,12,12,-0.00010444813819322058
4645,h2_storage,2030,194,13,13,-0.00010444813819322058
4646,h2_storage,2030,194,14,14,-0.00010444813819322058
4647,h2_storage,2030,194,15,15,-0.00010444813819322058
4648,h2_storage,2030,194,16,16,-0.00010444813819322058
4649,h2_storage,2030,194,17,17,-0.00010444813819322058
4650,h2_storage,2030,194,18,18,-0.00010444813819322058
4651,h2_storage,2030,194,19,19,-0.00010444813819322058
4652,h2_storage,2030,194,20,20,-0.00010444813819322058
4653,h2_storage,2030,194,21,21,-0.00010444813819322058
4654,h2_storage,2030,194,22,22,-0.00010444813819322058
4655,h2_storage,2030,194,23,23,-0.00010444813819322058
4656,h2_storage,2030,194,24,24,-0.00010444813819322058
4657,h2_storage,2030,195,1,1,0.0
4658,h2_storage,2030,195,2,2,0.0
4659,h2_storage,2030,195,3,3,0.0
4660,h2_storage,2030,195,4,4,0.0
4661,h2_storage,2030,195,5,5,0.0
4662,h2_storage,2030,195,6,6,0.0
4663,h2_storage,2030,195,7,7,0.0
4664,h2_storage,2030,195,8,8,0.0
4665,h2_storage,2030,195,9,9,0.0
4666,h2_storage,2030,195,10,10,0.0
4667,h2_storage,2030,195,11,11,0.0
4668,h2_storage,2030,195,12,12,0.0
4669,h2_storage,2030,195,13,13,0.0
4670,h2_storage,2030,195,14,14,0.0
4671,h2_storage,2030,195,15,15,0.0
4672,h2_storage,2030,195,16,16,0.0
4673,h2_storage,2030,195,17,17,0.0
4674,h2_storage,2030,195,18,18,0.0
4675,h2_storage,2030,195,19,19,0.0
4676,h2_storage,2030,195,20,20,0.0
4677,h2_storage,2030,195,21,21,0.0
4678,h2_storage,2030,195,22,22,0.0
4679,h2_storage,2030,195,23,23,0.0
4680,h2_storage,2030,195,24,24,0.0
4681,h2_storage,2030,196,1,1,0.0
4682,h2_storage,2030,196,2,2,0.0
4683,h2_storage,2030,196,3,3,0.0
4684,h2_storage,2030,196,4,4,0.0
4685,h2_storage,2030,196,5,5,0.0
4686,h2_storage,2030,196,6,6,0.0
4687,h2_storage,2030,196,7,7,0.0
4688,h2_storage,2030,196,8,8,0.0
4689,h2_storage,2030,196,9,9,0.0
4690,h2_storage,2030,196,10,10,0.0
4691,h2_storage,2030,196,11,11,0.0
4692,h2_storage,2030,196,12,12,0.0
4693,h2_storage,2030,196,13,13,0.0
4694,h2_storage,2030,196,14,14,0.0
4695,h2_storage,2030,196,15,15,0.0
4696,h2_storage,2030,196,16,16,0.0
4697,h2_storage,2030,196,17,17,0.0
4698,h2_storage,2030,196,18,18,0.0
4699,h2_storage,2030,196,19,19,0.0
4700,h2_storage,2030,196,20,20,0.0
4701,h2_storage,2030,196,21,21,0.0
4702,h2_storage,2030,196,22,22,0.0
4703,h2_storage,2030,196,23,23,0.0
4704,h2_storage,2030,196,24,24,0.0
4705,h2_storage,2030,197,1,1,0.0
4706,h2_storage,2030,197,2,2,0.0
4707,h2_storage,2030,197,3,3,0.0
4708,h2_storage,2030,197,4,4,0.0
4709,h2_storage,2030,197,5,5,0.0
4710,h2_storage,2030,197,6,6,0.0
4711,h2_storage,2030,197,7,7,0.0
4712,h2_storage,2030,197,8,8,-0.057250087946792996
4713,h2_storage,2030,197,9,9,-0.057250087946792996
4714,h2_storage,2030,197,10,10,-0.057250087946792996
4715,h2_storage,2030,197,11,11,-0.057250087946792996
4716,h2_storage,2030,197,12,12,-0.057250087946792996
4717,h2_storage,2030,197,13,13,-0.057250087946792996
4718,h2_storage,2030,197,14,14,-0.057250087946792996
4719,h2_storage,2030,197,15,15,-0.057250087946792996
4720,h2_storage,2030,197,16,16,-0.057250087946792996
4721,h2_storage,2030,197,17,17,-0.057250087946792996
4722,h2_storage,2030,197,18,18,-0.057250087946792996
4723,h2_storage,2030,197,19,19,-0.057250087946792996
4724,h2_storage,2030,197,20,20,-0.057250087946792996
4725,h2_storage,2030,197,21,21,-0.057250087946792996
4726,h2_storage,2030,197,22,22,-0.057250087946792996
4727,h2_storage,2030,197,23,23,-0.057250087946792996
4728,h2_storage,2030,197,24,24,-0.053259094493638734
4729,h2_storage,2030,198,1,1,0.0
4730,h2_storage,2030,198,2,2,0.0
4731,h2_storage,2030,198,3,3,0.0
4732,h2_storage,2030,198,4,4,0.0
4733,h2_storage,2030,198,5,5,0.0
4734,h2_storage,2030,198,6,6,0.0
4735,h2_storage,2030,198,7,7,0.0
4736,h2_storage,2030,198,8,8,0.0
4737,h2_storage,2030,198,9,9,0.0
4738,h2_storage,2030,198,10,10,0.0
4739,h2_storage,2030,198,11,11,0.0
4740,h2_storage,2030,198,12,12,0.0
4741,h2_storage,2030,198,13,13,0.0
4742,h2_storage,2030,198,14,14,0.0
4743,h2_storage,2030,198,15,15,0.0
4744,h2_storage,2030,198,16,16,0.0
4745,h2_storage,2030,198,17,17,0.0
4746,h2_storage,2030,198,18,18,0.0
4747,h2_storage,2030,198,19,19,0.0
4748,h2_storage,2030,198,20,20,0.0
4749,h2_storage,2030,198,21,21,0.0
4750,h2_storage,2030,198,22,22,0.0
4751,h2_storage,2030,198,23,23,0.0
4752,h2_storage,2030,198,24,24,0.0
4753,h2_storage,2030,199,1,1,0.0
4754,h2_storage,2030,199,2,2,0.0
4755,h2_storage,2030,199,3,3,0.0
4756,h2_storage,2030,199,4,4,0.0
4757,h2_storage,2030,199,5,5,0.0
4758,h2_storage,2030,199,6,6,0.0
4759,h2_storage,2030,199,7,7,0.0
4760,h2_storage,2030,199,8,8,0.0
4761,h2_storage,2030,199,9,9,0.0
4762,h2_storage,2030,199,10,10,0.0
4763,h2_storage,2030,199,11,11,0.0
4764,h2_storage,2030,199,12,12,0.0
4765,h2_storage,2030,199,13,13,0.0
4766,h2_storage,2030,199,14,14,0.0
4767,h2_storage,2030,199,15,15,0.0
4768,h2_storage,2030,199,16,16,0.0
4769,h2_storage,2030,199,17,17,0.0
4770,h2_storage,2030,199,18,18,0.0
4771,h2_storage,2030,199,19,19,0.0
4772,h2_storage,2030,199,20,20,0.0
4773,h2_storage,2030,199,21,21,0.0
4774,h2_storage,2030,199,22,22,0.0
4775,h2_storage,2030,199,23,23,0.0
4776,h2_storage,2030,199,24,24,0.00032850958162041757
4777,h2_storage,2030,200,1,1,0.003990993453154262
4778,h2_storage,2030,200,2,2,0.007981986906308525
4779,h2_storage,2030,200,3,3,0.011972980359462787
4780,h2_storage,2030,200,4,4,0.01596397381261705
4781,h2_storage,2030,200,5,5,0.019954967265771312
4782,h2_storage,2030,200,6,6,0.023945960718925574
4783,h2_storage,2030,200,7,7,0.023945960718925574
4784,h2_storage,2030,200,8,8,0.023945960718925574
4785,h2_storage,2030,200,9,9,0.023945960718925574
4786,h2_storage,2030,200,10,10,0.023945960718925574
4787,h2_storage,2030,200,11,11,0.023945960718925574
4788,h2_storage,2030,200,12,12,0.023945960718925574
4789,h2_storage,2030,200,13,13,0.023945960718925574
4790,h2_storage,2030,200,14,14,0.023945960718925574
4791,h2_storage,2030,200,15,15,0.023945960718925574
4792,h2_storage,2030,200,16,16,0.023945960718925574
4793,h2_storage,2030,200,17,17,0.023945960718925574
4794,h2_storage,2030,200,18,18,0.023945960718925574
4795,h2_storage,2030,200,19,19,0.023945960718925574
4796,h2_storage,2030,200,20,20,0.023945960718925574
4797,h2_storage,2030,200,21,21,0.002620563665499459
4798,h2_storage,2030,200,22,22,0.002620563665499459
4799,h2_storage,2030,200,23,23,0.002620563665499459
4800,h2_storage,2030,200,24,24,0.002620563665499459
4801,h2_storage,2030,201,1,1,0.0
4802,h2_storage,2030,201,2,2,0.0
4803,h2_storage,2030,201,3,3,0.0
4804,h2_storage,2030,201,4,4,0.0
4805,h2_storage,2030,201,5,5,0.0
4806,h2_storage,2030,201,6,6,0.0
4807,h2_storage,2030,201,7,7,0.0
4808,h2_storage,2030,201,8,8,0.0
4809,h2_storage,2030,201,9,9,0.0
4810,h2_storage,2030,201,10,10,0.0
4811,h2_storage,2030,201,11,11,0.0
4812,h2_storage,2030,201,12,12,0.0
4813,h2_storage,2030,201,13,13,0.0
4814,h2_storage,2030,201,14,14,0.0
4815,h2_storage,2030,201,15,15,0.0
4816,h2_storage,2030,201,16,16,0.0
4817,h2_storage,2030,201,17,17,0.0
4818,h2_storage,2030,201,18,18,0.0
4819,h2_storage,2030,201,19,19,0.0
4820,h2_storage,2030,201,20,20,0.0
4821,h2_storage,2030,201,21,21,0.0
4822,h2_storage,2030,201,22,22,0.0004910437732644437
4823,h2_storage,2030,201,23,23,0.003910635220417163
4824,h2_storage,2030,201,24,24,0.007901628673571451
4825,h2_storage,2030,202,1,1,0.0
4826,h2_storage,2030,202,2,2,0.0
4827,h2_storage,2030,202,3,3,0.0
4828,h2_storage,2030,202,4,4,0.0
4829,h2_storage,2030,202,5,5,0.0
4830,h2_storage,2030,202,6,6,0.0
4831,h2_storage,2030,202,7,7,0.0
4832,h2_storage,2030,202,8,8,0.0
4833,h2_storage,2030,202,9,9,0.0
4834,h2_storage,2030,202,10,10,0.0
4835,h2_storage,2030,202,11,11,0.0
4836,h2_storage,2030,202,12,12,0.0
4837,h2_storage,2030,202,13,13,0.0
4838,h2_storage,2030,202,14,14,0.0
4839,h2_storage,2030,202,15,15,0.0
4840,h2_storage,2030,202,16,16,0.0
4841,h2_storage,2030,202,17,17,0.0
4842,h2_storage,2030,202,18,18,0.0
4843,h2_storage,2030,202,19,19,0.0
4844,h2_storage,2030,202,20,20,0.0
4845,h2_storage,2030,202,21,21,0.0
4846,h2_storage,2030,202,22,22,0.0
4847,h2_storage,2030,202,23,23,0.0
4848,h2_storage,2030,202,24,24,0.0
4849,h2_storage,2030,203,1,1,0.0
4850,h2_storage,2030,203,2,2,0.0
4851,h2_storage,2030,203,3,3,0.0
4852,h2_storage,2030,203,4,4,0.0
4853,h2_storage,2030,203,5,5,0.0
4854,h2_storage,2030,203,6,6,0.0
4855,h2_storage,2030,203,7,7,0.0
4856,h2_storage,2030,203,8,8,0.0
4857,h2_storage,2030,203,9,9,0.0
4858,h2_storage,2030,203,10,10,0.0
4859,h2_storage,2030,203,11,11,0.0
4860,h2_storage,2030,203,12,12,0.0
4861,h2_storage,2030,203,13,13,0.0
4862,h2_storage,2030,203,14,14,0.0
4863,h2_storage,2030,203,15,15,0.0
4864,h2_storage,2030,203,16,16,0.0
4865,h2_storage,2030,203,17,17,0.0
4866,h2_storage,2030,203,18,18,0.0
4867,h2_storage,2030,203,19,19,0.0
4868,h2_storage,2030,203,20,20,0.0
4869,h2_storage,2030,203,21,21,0.0
4870,h2_storage,2030,203,22,22,0.0
4871,h2_storage,2030,203,23,23,0.0
4872,h2_storage,2030,203,24,24,0.0
4873,h2_storage,2030,204,1,1,0.0
4874,h2_storage,2030,204,2,2,0.0
4875,h2_storage,2030,204,3,3,0.0
4876,h2_storage,2030,204,4,4,0.0
4877,h2_storage,2030,204,5,5,0.0
4878,h2_storage,2030,204,6,6,0.0
4879,h2_storage,2030,204,7,7,0.0
4880,h2_storage,2030,204,8,8,0.0
4881,h2_storage,2030,204,9,9,0.0
4882,h2_storage,2030,204,10,10,0.0
4883,h2_storage,2030,204,11,11,0.0
4884,h2_storage,2030,204,12,12,0.0
4885,h2_storage,2030,204,13,13,0.0
4886,h2_storage,2030,204,14,14,0.0
4887,h2_storage,2030,204,15,15,0.0
4888,h2_storage,2030,204,16,16,0.0
4889,h2_storage,2030,204,17,17,0.0
4890,h2_storage,2030,204,18,18,0.0
4891,h2_storage,2030,204,19,19,0.0
4892,h2_storage,2030,204,20,20,0.0
4893,h2_storage,2030,204,21,21,0.0
4894,h2_storage,2030,204,22,22,0.0
4895,h2_storage,2030,204,23,23,0.0
4896,h2_storage,2030,204,24,24,0.0
4897,h2_storage,2030,205,1,1,0.0
4898,h2_storage,2030,205,2,2,0.0
4899,h2_storage,2030,205,3,3,0.0
4900,h2_storage,2030,205,4,4,0.0
4901,h2_storage,2030,205,5,5,0.0
4902,h2_storage,2030,205,6,6,0.0
4903,h2_storage,2030,205,7,7,0.0
4904,h2_storage,2030,205,8,8,0.0
4905,h2_storage,2030,205,9,9,0.0
4906,h2_storage,2030,205,10,10,0.0
4907,h2_storage,2030,205,11,11,0.0
4908,h2_storage,2030,205,12,12,0.0
4909,h2_storage,2030,205,13,13,0.0
4910,h2_storage,2030,205,14,14,0.0
4911,h2_storage,2030,205,15,15,0.0
4912,h2_storage,2030,205,16,16,0.0
4913,h2_storage,2030,205,17,17,0.0
4914,h2_storage,2030,205,18,18,0.0
4915,h2_storage,2030,205,19,19,0.0
4916,h2_storage,2030,205,20,20,0.0
4917,h2_storage,2030,205,21,21,0.0
4918,h2_storage,2030,205,22,22,0.0
4919,h2_storage,2030,205,23,23,0.0
4920,h2_storage,2030,205,24,24,0.0
4921,h2_storage,2030,206,1,1,0.003990993453154262
4922,h2_storage,2030,206,2,2,0.007981986906308525
4923,h2_storage,2030,206,3,3,0.011972980359462787
4924,h2_storage,2030,206,4,4,0.01596397381261705
4925,h2_storage,2030,206,5,5,0.019954967265771312
4926,h2_storage,2030,206,6,6,0.023945960718925574
4927,h2_storage,2030,206,7,7,0.027936954172079836
4928,h2_storage,2030,206,8,8,0.027936954172079836
4929,h2_storage,2030,206,9,9,0.027936954172079836
4930,h2_storage,2030,206,10,10,0.027936954172079836
4931,h2_storage,2030,206,11,11,0.027936954172079836
4932,h2_storage,2030,206,12,12,0.027936954172079836
4933,h2_storage,2030,206,13,13,0.027936954172079836
4934,h2_storage,2030,206,14,14,0.027936954172079836
4935,h2_storage,2030,206,15,15,0.027936954172079836
4936,h2_storage,2030,206,16,16,0.027936954172079836
4937,h2_storage,2030,206,17,17,0.027936954172079836
4938,h2_storage,2030,206,18,18,0.027936954172079836
4939,h2_storage,2030,206,19,19,0.027936954172079836
4940,h2_storage,2030,206,20,20,0.027936954172079836
4941,h2_storage,2030,206,21,21,0.027936954172079836
4942,h2_storage,2030,206,22,22,0.027936954172079836
4943,h2_storage,2030,206,23,23,0.027936954172079836
4944,h2_storage,2030,206,24,24,0.027936954172079836
4945,h2_storage,2030,207,1,1,0.0
4946,h2_storage,2030,207,2,2,0.0
4947,h2_storage,2030,207,3,3,0.0
4948,h2_storage,2030,207,4,4,0.0
4949,h2_storage,2030,207,5,5,0.0
4950,h2_storage,2030,207,6,6,0.0
4951,h2_storage,2030,207,7,7,0.0
4952,h2_storage,2030,207,8,8,0.0
4953,h2_storage,2030,207,9,9,0.0
4954,h2_storage,2030,207,10,10,0.0
4955,h2_storage,2030,207,11,11,-0.017319269758983413
4956,h2_storage,2030,207,12,12,-0.017319269758983413
4957,h2_storage,2030,207,13,13,-0.017319269758983413
4958,h2_storage,2030,207,14,14,-0.017319269758983413
4959,h2_storage,2030,207,15,15,-0.017319269758983413
4960,h2_storage,2030,207,16,16,-0.017319269758983413
4961,h2_storage,2030,207,17,17,-0.017319269758983413
4962,h2_storage,2030,207,18,18,-0.017319269758983413
4963,h2_storage,2030,207,19,19,-0.017319269758983413
4964,h2_storage,2030,207,20,20,-0.017319269758983413
4965,h2_storage,2030,207,21,21,-0.017319269758983413
4966,h2_storage,2030,207,22,22,-0.017319269758983413
4967,h2_storage,2030,207,23,23,-0.017319269758983413
4968,h2_storage,2030,207,24,24,-0.017319269758983413
4969,h2_storage,2030,208,1,1,0.0
4970,h2_storage,2030,208,2,2,0.0
4971,h2_storage,2030,208,3,3,0.0
4972,h2_storage,2030,208,4,4,0.0
4973,h2_storage,2030,208,5,5,0.0
4974,h2_storage,2030,208,6,6,0.0
4975,h2_storage,2030,208,7,7,0.0
4976,h2_storage,2030,208,8,8,0.0
4977,h2_storage,2030,208,9,9,0.0
4978,h2_storage,2030,208,10,10,0.0
4979,h2_storage,2030,208,11,11,0.0
4980,h2_storage,2030,208,12,12,0.0
4981,h2_storage,2030,208,13,13,0.0
4982,h2_storage,2030,208,14,14,0.0
4983,h2_storage,2030,208,15,15,0.0
4984,h2_storage,2030,208,16,16,0.0
4985,h2_storage,2030,208,17,17,0.0
4986,h2_storage,2030,208,18,18,0.0
4987,h2_storage,2030,208,19,19,0.0
4988,h2_storage,2030,208,20,20,0.0
4989,h2_storage,2030,208,21,21,0.0
4990,h2_storage,2030,208,22,22,0.0
4991,h2_storage,2030,208,23,23,0.0
4992,h2_storage,2030,208,24,24,0.0
4993,h2_storage,2030,209,1,1,0.0
4994,h2_storage,2030,209,2,2,0.0
4995,h2_storage,2030,209,3,3,0.0
4996,h2_storage,2030,209,4,4,0.003990993453154262
4997,h2_storage,2030,209,5,5,0.007981986906308525
4998,h2_storage,2030,209,6,6,0.011972980359462787
4999,h2_storage,2030,209,7,7,0.01596397381261705
5000,h2_storage,2030,209,8,8,0.01596397381261705
5001,h2_storage,2030,209,9,9,0.01596397381261705
5002,h2_storage,2030,209,10,10,0.01596397381261705
5003,h2_storage,2030,209,11,11,0.01596397381261705
5004,h2_storage,2030,209,12,12,0.01596397381261705
5005,h2_storage,2030,209,13,13,0.01596397381261705
5006,h2_storage,2030,209,14,14,0.01596397381261705
5007,h2_storage,2030,209,15,15,0.01596397381261705
5008,h2_storage,2030,209,16,16,0.01596397381261705
5009,h2_storage,2030,209,17,17,0.01596397381261705
5010,h2_storage,2030,209,18,18,0.01596397381261705
5011,h2_storage,2030,209,19,19,0.01596397381261705
5012,h2_storage,2030,209,20,20,0.01596397381261705
5013,h2_storage,2030,209,21,21,0.01596397381261705
5014,h2_storage,2030,209,22,22,0.01596397381261705
5015,h2_storage,2030,209,23,23,0.01596397381261705
5016,h2_storage,2030,209,24,24,0.01596397381261705
5017,h2_storage,2030,210,1,1,0.0
5018,h2_storage,2030,210,2,2,0.0
5019,h2_storage,2030,210,3,3,0.0
5020,h2_storage,2030,210,4,4,0.0
5021,h2_storage,2030,210,5,5,0.0
5022,h2_storage,2030,210,6,6,0.0
5023,h2_storage,2030,210,7,7,0.0
5024,h2_storage,2030,210,8,8,0.0
5025,h2_storage,2030,210,9,9,0.0
5026,h2_storage,2030,210,10,10,-0.03864601465992832
5027,h2_storage,2030,210,11,11,-0.03864601465992832
5028,h2_storage,2030,210,12,12,-0.03864601465992832
5029,h2_storage,2030,210,13,13,-0.03864601465992832
5030,h2_storage,2030,210,14,14,-0.03864601465992832
5031,h2_storage,2030,210,15,15,-0.03864601465992832
5032,h2_storage,2030,210,16,16,-0.03864601465992832
5033,h2_storage,2030,210,17,17,-0.03864601465992832
5034,h2_storage,2030,210,18,18,-0.03864601465992832
5035,h2_storage,2030,210,19,19,-0.03864601465992832
5036,h2_storage,2030,210,20,20,-0.03864601465992832
5037,h2_storage,2030,210,21,21,-0.03864601465992832
5038,h2_storage,2030,210,22,22,-0.03864601465992832
5039,h2_storage,2030,210,23,23,-0.03864601465992832
5040,h2_storage,2030,210,24,24,-0.03864601465992832
5041,h2_storage,2030,211,1,1,0.003990993453154262
5042,h2_storage,2030,211,2,2,0.003990993453154262
5043,h2_storage,2030,211,3,3,0.003990993453154262
5044,h2_storage,2030,211,4,4,0.003990993453154262
5045,h2_storage,2030,211,5,5,0.003990993453154262
5046,h2_storage,2030,211,6,6,0.003990993453154262
5047,h2_storage,2030,211,7,7,0.003990993453154262
5048,h2_storage,2030,211,8,8,0.003990993453154262
5049,h2_storage,2030,211,9,9,0.003990993453154262
5050,h2_storage,2030,211,10,10,0.003990993453154262
5051,h2_storage,2030,211,11,11,0.003990993453154262
5052,h2_storage,2030,211,12,12,0.003990993453154262
5053,h2_storage,2030,211,13,13,0.003990993453154262
5054,h2_storage,2030,211,14,14,0.003990993453154262
5055,h2_storage,2030,211,15,15,0.003990993453154262
5056,h2_storage,2030,211,16,16,0.003990993453154262
5057,h2_storage,2030,211,17,17,0.003990993453154262
5058,h2_storage,2030,211,18,18,0.003990993453154262
5059,h2_storage,2030,211,19,19,0.003990993453154262
5060,h2_storage,2030,211,20,20,0.003990993453154262
5061,h2_storage,2030,211,21,21,0.003990993453154262
5062,h2_storage,2030,211,22,22,0.003990993453154262
5063,h2_storage,2030,211,23,23,0.003990993453154262
5064,h2_storage,2030,211,24,24,0.003990993453154262
5065,h2_storage,2030,212,1,1,0.0
5066,h2_storage,2030,212,2,2,0.0
5067,h2_storage,2030,212,3,3,0.0
5068,h2_storage,2030,212,4,4,0.0
5069,h2_storage,2030,212,5,5,0.0
5070,h2_storage,2030,212,6,6,0.003990993453154262
5071,h2_storage,2030,212,7,7,0.007981986906308525
5072,h2_storage,2030,212,8,8,0.007981986906308525
5073,h2_storage,2030,212,9,9,0.007981986906308525
5074,h2_storage,2030,212,10,10,0.007981986906308525
5075,h2_storage,2030,212,11,11,0.007981986906308525
5076,h2_storage,2030,212,12,12,0.007981986906308525
5077,h2_storage,2030,212,13,13,0.007981986906308525
5078,h2_storage,2030,212,14,14,0.007981986906308525
5079,h2_storage,2030,212,15,15,0.007981986906308525
5080,h2_storage,2030,212,16,16,0.007981986906308525
5081,h2_storage,2030,212,17,17,0.007981986906308525
5082,h2_storage,2030,212,18,18,0.007981986906308525
5083,h2_storage,2030,212,19,19,0.007981986906308525
5084,h2_storage,2030,212,20,20,0.007981986906308525
5085,h2_storage,2030,212,21,21,0.007981986906308525
5086,h2_storage,2030,212,22,22,0.007981986906308525
5087,h2_storage,2030,212,23,23,0.007981986906308525
5088,h2_storage,2030,212,24,24,0.007981986906308525
5089,h2_storage,2030,213,1,1,0.0
5090,h2_storage,2030,213,2,2,0.0
5091,h2_storage,2030,213,3,3,0.0
5092,h2_storage,2030,213,4,4,0.0
5093,h2_storage,2030,213,5,5,0.0
5094,h2_storage,2030,213,6,6,0.0
5095,h2_storage,2030,213,7,7,0.0
5096,h2_storage,2030,213,8,8,0.0
5097,h2_storage,2030,213,9,9,0.0
5098,h2_storage,2030,213,10,10,0.0
5099,h2_storage,2030,213,11,11,0.0
5100,h2_storage,2030,213,12,12,0.0
5101,h2_storage,2030,213,13,13,0.0
5102,h2_storage,2030,213,14,14,0.0
5103,h2_storage,2030,213,15,15,0.0
5104,h2_storage,2030,213,16,16,0.0
5105,h2_storage,2030,213,17,17,0.0
5106,h2_storage,2030,213,18,18,0.0
5107,h2_storage,2030,213,19,19,0.0
5108,h2_storage,2030,213,20,20,0.0
5109,h2_storage,2030,213,21,21,0.0
5110,h2_storage,2030,213,22,22,0.0
5111,h2_storage,2030,213,23,23,0.0
5112,h2_storage,2030,213,24,24,0.0
5113,h2_storage,2030,214,1,1,0.003990993453154262
5114,h2_storage,2030,214,2,2,0.007981986906308525
5115,h2_storage,2030,214,3,3,0.011972980359462787
5116,h2_storage,2030,214,4,4,0.01596397381261705
5117,h2_storage,2030,214,5,5,0.019954967265771312
5118,h2_storage,2030,214,6,6,0.023945960718925574
5119,h2_storage,2030,214,7,7,0.027936954172079836
5120,h2_storage,2030,214,8,8,0.027936954172079836
5121,h2_storage,2030,214,9,9,0.027936954172079836
5122,h2_storage,2030,214,10,10,0.027936954172079836
5123,h2_storage,2030,214,11,11,0.027936954172079836
5124,h2_storage,2030,214,12,12,0.027936954172079836
5125,h2_storage,2030,214,13,13,0.027936954172079836
5126,h2_storage,2030,214,14,14,0.027936954172079836
5127,h2_storage,2030,214,15,15,0.027936954172079836
5128,h2_storage,2030,214,16,16,0.027936954172079836
5129,h2_storage,2030,214,17,17,0.027936954172079836
5130,h2_storage,2030,214,18,18,0.027936954172079836
5131,h2_storage,2030,214,19,19,0.027936954172079836
5132,h2_storage,2030,214,20,20,0.027936954172079836
5133,h2_storage,2030,214,21,21,0.027936954172079836
5134,h2_storage,2030,214,22,22,0.027936954172079836
5135,h2_storage,2030,214,23,23,0.027936954172079836
5136,h2_storage,2030,214,24,24,0.027936954172079836
5137,h2_storage,2030,215,1,1,0.0
5138,h2_storage,2030,215,2,2,0.0
5139,h2_storage,2030,215,3,3,0.0
5140,h2_storage,2030,215,4,4,0.0
5141,h2_storage,2030,215,5,5,0.0
5142,h2_storage,2030,215,6,6,0.0
5143,h2_storage,2030,215,7,7,0.0
5144,h2_storage,2030,215,8,8,0.0
5145,h2_storage,2030,215,9,9,0.0
5146,h2_storage,2030,215,10,10,0.0
5147,h2_storage,2030,215,11,11,0.0
5148,h2_storage,2030,215,12,12,0.0
5149,h2_storage,2030,215,13,13,0.0
5150,h2_storage,2030,215,14,14,0.0
5151,h2_storage,2030,215,15,15,0.0
5152,h2_storage,2030,215,16,16,0.0
5153,h2_storage,2030,215,17,17,0.0
5154,h2_storage,2030,215,18,18,0.0
5155,h2_storage,2030,215,19,19,0.0
5156,h2_storage,2030,215,20,20,0.0
5157,h2_storage,2030,215,21,21,0.0
5158,h2_storage,2030,215,22,22,0.0
5159,h2_storage,2030,215,23,23,0.0
5160,h2_storage,2030,215,24,24,0.0
5161,h2_storage,2030,216,1,1,0.0
5162,h2_storage,2030,216,2,2,0.0
5163,h2_storage,2030,216,3,3,0.0
5164,h2_storage,2030,216,4,4,0.0
5165,h2_storage,2030,216,5,5,0.0
5166,h2_storage,2030,216,6,6,0.0
5167,h2_storage,2030,216,7,7,0.0
5168,h2_storage,2030,216,8,8,0.0
5169,h2_storage,2030,216,9,9,0.0
5170,h2_storage,2030,216,10,10,0.0
5171,h2_storage,2030,216,11,11,0.0
5172,h2_storage,2030,216,12,12,0.0
5173,h2_storage,2030,216,13,13,0.0
5174,h2_storage,2030,216,14,14,0.0
5175,h2_storage,2030,216,15,15,0.0
5176,h2_storage,2030,216,16,16,0.0
5177,h2_storage,2030,216,17,17,0.0
5178,h2_storage,2030,216,18,18,0.0
5179,h2_storage,2030,216,19,19,0.0
5180,h2_storage,2030,216,20,20,0.0
5181,h2_storage,2030,216,21,21,0.0
5182,h2_storage,2030,216,22,22,0.0
5183,h2_storage,2030,216,23,23,0.0
5184,h2_storage,2030,216,24,24,0.0
5185,hydro_reservoir,2030,1,1,1,0.07846120569011789
5186,hydro_reservoir,2030,1,2,2,0.17193563249787802
5187,hydro_reservoir,2030,1,3,3,0.26541005930563816
5188,hydro_reservoir,2030,1,4,4,0.3588844861133983
5189,hydro_reservoir,2030,1,5,5,0.45235891292115843
5190,hydro_reservoir,2030,1,6,6,0.5458333397289186
5191,hydro_reservoir,2030,1,7,7,0.6393077665366786
5192,hydro_reservoir,2030,1,8,8,0.7327821933444387
5193,hydro_reservoir,2030,1,9,9,0.8262566201521988
5194,hydro_reservoir,2030,1,10,10,0.9197310469599589
5195,hydro_reservoir,2030,1,11,11,1.013205473767719
5196,hydro_reservoir,2030,1,12,12,1.106679900575479
5197,hydro_reservoir,2030,1,13,13,1.2001543273832391
5198,hydro_reservoir,2030,1,14,14,1.2936287541909992
5199,hydro_reservoir,2030,1,15,15,1.3871031809987593
5200,hydro_reservoir,2030,1,16,16,1.4805776078065194
5201,hydro_reservoir,2030,1,17,17,1.5740520346142794
5202,hydro_reservoir,2030,1,18,18,1.611837437871167
5203,hydro_reservoir,2030,1,19,19,1.7053118646789271
5204,hydro_reservoir,2030,1,20,20,1.7987862914866872
5205,hydro_reservoir,2030,1,21,21,1.8922607182944473
5206,hydro_reservoir,2030,1,22,22,1.9857351451022074
5207,hydro_reservoir,2030,1,23,23,2.0792095719099675
5208,hydro_reservoir,2030,1,24,24,2.1726839987177278
5209,hydro_reservoir,2030,2,1,1,0.09329805996472663
5210,hydro_reservoir,2030,2,2,2,0.18659611992945327
5211,hydro_reservoir,2030,2,3,3,0.2798941798941799
5212,hydro_reservoir,2030,2,4,4,0.37319223985890654
5213,hydro_reservoir,2030,2,5,5,0.46649029982363316
5214,hydro_reservoir,2030,2,6,6,0.5597883597883598
5215,hydro_reservoir,2030,2,7,7,0.6176660907021253
5216,hydro_reservoir,2030,2,8,8,0.6578780250506552
5217,hydro_reservoir,2030,2,9,9,0.5708503073131731
5218,hydro_reservoir,2030,2,10,10,0.4335957564008496
5219,hydro_reservoir,2030,2,11,11,0.30227766995450145
5220,hydro_reservoir,2030,2,12,12,-0.3901693474457375
5221,hydro_reservoir,2030,2,13,13,-0.5155683450390838
5222,hydro_reservoir,2030,2,14,14,-0.6219033487786327
5223,hydro_reservoir,2030,2,15,15,-0.7284831233533111
5224,hydro_reservoir,2030,2,16,16,-0.8354880976888592
5225,hydro_reservoir,2030,2,17,17,-0.9073942467517853
5226,hydro_reservoir,2030,2,18,18,-0.9835334332509498
5227,hydro_reservoir,2030,2,19,19,-1.0850976806683996
5228,hydro_reservoir,2030,2,20,20,-1.17425749233721
5229,hydro_reservoir,2030,2,21,21,-1.2225446642928084
5230,hydro_reservoir,2030,2,22,22,-1.210956444762531
5231,hydro_reservoir,2030,2,23,23,-1.1238386372141493
5232,hydro_reservoir,2030,2,24,24,-1.1039881546802746
5233,hydro_reservoir,2030,3,1,1,0.09365079365079365
5234,hydro_reservoir,2030,3,2,2,0.1873015873015873
5235,hydro_reservoir,2030,3,3,3,0.28095238095238095
5236,hydro_reservoir,2030,3,4,4,0.3746031746031746
5237,hydro_reservoir,2030,3,5,5,0.46825396825396826
5238,hydro_reservoir,2030,3,6,6,0.5619047619047619
5239,hydro_reservoir,2030,3,7,7,0.6555555555555556
5240,hydro_reservoir,2030,3,8,8,0.7492063492063492
5241,hydro_reservoir,2030,3,9,9,0.8428571428571429
5242,hydro_reservoir,2030,3,10,10,0.9365079365079365
5243,hydro_reservoir,2030,3,11,11,1.03015873015873
5244,hydro_reservoir,2030,3,12,12,1.1238095238095238
5245,hydro_reservoir,2030,3,13,13,1.2174603174603176
5246,hydro_reservoir,2030,3,14,14,1.3111111111111113
5247,hydro_reservoir,2030,3,15,15,1.404761904761905
5248,hydro_reservoir,2030,3,16,16,0.5014416895387307
5249,hydro_reservoir,2030,3,17,17,0.5950924831895243
5250,hydro_reservoir,2030,3,18,18,0.688743276840318
5251,hydro_reservoir,2030,3,19,19,0.7823940704911116
5252,hydro_reservoir,2030,3,20,20,0.8760448641419053
5253,hydro_reservoir,2030,3,21,21,0.969695657792699
5254,hydro_reservoir,2030,3,22,22,0.15632361011602516
5255,hydro_reservoir,2030,3,23,23,0.24997440376681881
5256,hydro_reservoir,2030,3,24,24,-0.6341476498223054
5257,hydro_reservoir,2030,4,1,1,0.09365079365079365
5258,hydro_reservoir,2030,4,2,2,-0.7568183953318861
5259,hydro_reservoir,2030,4,3,3,-0.6631676016810925
5260,hydro_reservoir,2030,4,4,4,-0.5695168080302988
5261,hydro_reservoir,2030,4,5,5,-0.4758660143795052
5262,hydro_reservoir,2030,4,6,6,-0.38221522072871156
5263,hydro_reservoir,2030,4,7,7,-0.28856442707791785
5264,hydro_reservoir,2030,4,8,8,-0.19491363342712423
5265,hydro_reservoir,2030,4,9,9,-0.10126283977633058
5266,hydro_reservoir,2030,4,10,10,-0.007612046125536926
5267,hydro_reservoir,2030,4,11,11,-0.8336548612882183
5268,hydro_reservoir,2030,4,12,12,-0.7400040676374247
5269,hydro_reservoir,2030,4,13,13,-0.646353273986631
5270,hydro_reservoir,2030,4,14,14,-0.5527024803358374
5271,hydro_reservoir,2030,4,15,15,-0.45905168668504376
5272,hydro_reservoir,2030,4,16,16,-0.8348577593169396
5273,hydro_reservoir,2030,4,17,17,-0.741206965666146
5274,hydro_reservoir,2030,4,18,18,-0.6475561720153523
5275,hydro_reservoir,2030,4,19,19,-0.5539053783645587
5276,hydro_reservoir,2030,4,20,20,-0.46025458471376507
5277,hydro_reservoir,2030,4,21,21,-0.3666037910629714
5278,hydro_reservoir,2030,4,22,22,-0.27295299741217777
5279,hydro_reservoir,2030,4,23,23,-0.17930220376138412
5280,hydro_reservoir,2030,4,24,24,-0.08565141011059045
5281,hydro_reservoir,2030,5,1,1,0.06243386243386243
5282,hydro_reservoir,2030,5,2,2,0.12486772486772486
5283,hydro_reservoir,2030,5,3,3,0.1873015873015873
5284,hydro_reservoir,2030,5,4,4,0.23744501219489164
5285,hydro_reservoir,2030,5,5,5,0.14334735768001444
5286,hydro_reservoir,2030,5,6,6,0.20578122011387687
5287,hydro_reservoir,2030,5,7,7,0.2682150825477393
5288,hydro_reservoir,2030,5,8,8,0.33064894498160174
5289,hydro_reservoir,2030,5,9,9,0.3930828074154642
5290,hydro_reservoir,2030,5,10,10,0.45551666984932665
5291,hydro_reservoir,2030,5,11,11,0.5179505322831891
5292,hydro_reservoir,2030,5,12,12,0.5803843947170515
5293,hydro_reservoir,2030,5,13,13,0.6355455464313278
5294,hydro_reservoir,2030,5,14,14,0.6445879657153917
5295,hydro_reservoir,2030,5,15,15,0.6133420471923504
5296,hydro_reservoir,2030,5,16,16,0.562208055841247
5297,hydro_reservoir,2030,5,17,17,0.531811736005357
5298,hydro_reservoir,2030,5,18,18,-0.4057544015607806
5299,hydro_reservoir,2030,5,19,19,-0.3965701055287744
5300,hydro_reservoir,2030,5,20,20,-0.34862102558186725
5301,hydro_reservoir,2030,5,21,21,-1.2804450167005068
5302,hydro_reservoir,2030,5,22,22,-1.2180111542666443
5303,hydro_reservoir,2030,5,23,23,-1.1555772918327818
5304,hydro_reservoir,2030,5,24,24,-1.0931434293989193
5305,hydro_reservoir,2030,6,1,1,0.06684303350970018
5306,hydro_reservoir,2030,6,2,2,0.13368606701940036
5307,hydro_reservoir,2030,6,3,3,0.20052910052910056
5308,hydro_reservoir,2030,6,4,4,0.2673721340388007
5309,hydro_reservoir,2030,6,5,5,-0.5937985176449353
5310,hydro_reservoir,2030,6,6,6,-0.526955484135235
5311,hydro_reservoir,2030,6,7,7,-0.4601124506255348
5312,hydro_reservoir,2030,6,8,8,-1.3878460162716633
5313,hydro_reservoir,2030,6,9,9,-1.3210029827619632
5314,hydro_reservoir,2030,6,10,10,-1.254159949252263
5315,hydro_reservoir,2030,6,11,11,-1.187316915742563
5316,hydro_reservoir,2030,6,12,12,-1.7272517308621484
5317,hydro_reservoir,2030,6,13,13,-1.6604086973524483
5318,hydro_reservoir,2030,6,14,14,-1.5935656638427482
5319,hydro_reservoir,2030,6,15,15,-1.5267226303330481
5320,hydro_reservoir,2030,6,16,16,-1.459879596823348
5321,hydro_reservoir,2030,6,17,17,-1.393036563313648
5322,hydro_reservoir,2030,6,18,18,-1.3261935298039478
5323,hydro_reservoir,2030,6,19,19,-1.2593504962942477
5324,hydro_reservoir,2030,6,20,20,-1.1925074627845476
5325,hydro_reservoir,2030,6,21,21,-1.1256644292748474
5326,hydro_reservoir,2030,6,22,22,-1.0588213957651473
5327,hydro_reservoir,2030,6,23,23,-0.9919783622554471
5328,hydro_reservoir,2030,6,24,24,-0.9251353287457469
5329,hydro_reservoir,2030,7,1,1,-0.6247301865783175
5330,hydro_reservoir,2030,7,2,2,-0.5289629908111217
5331,hydro_reservoir,2030,7,3,3,-0.43319579504392597
5332,hydro_reservoir,2030,7,4,4,-0.3374285992767302
5333,hydro_reservoir,2030,7,5,5,-0.2416614035095344
5334,hydro_reservoir,2030,7,6,6,-0.14589420774233863
5335,hydro_reservoir,2030,7,7,7,-0.050127011975142854
5336,hydro_reservoir,2030,7,8,8,0.045640183792052924
5337,hydro_reservoir,2030,7,9,9,0.1414073795592487
5338,hydro_reservoir,2030,7,10,10,0.23717457532644448
5339,hydro_reservoir,2030,7,11,11,0.32333836337765515
5340,hydro_reservoir,2030,7,12,12,0.37916934489548465
5341,hydro_reservoir,2030,7,13,13,0.44482287246408375
5342,hydro_reservoir,2030,7,14,14,-0.4594099317687205
5343,hydro_reservoir,2030,7,15,15,-0.40968586424609943
5344,hydro_reservoir,2030,7,16,16,-0.3518327355234234
5345,hydro_reservoir,2030,7,17,17,-0.25606553975622764
5346,hydro_reservoir,2030,7,18,18,-0.16029834398903187
5347,hydro_reservoir,2030,7,19,19,-0.06453114822183609
5348,hydro_reservoir,2030,7,20,20,0.03123604754535969
5349,hydro_reservoir,2030,7,21,21,0.12700324331255547
5350,hydro_reservoir,2030,7,22,22,0.22277043907975125
5351,hydro_reservoir,2030,7,23,23,0.318537634846947
5352,hydro_reservoir,2030,7,24,24,0.4143048306141428
5353,hydro_reservoir,2030,8,1,1,-0.8482319185037426
5354,hydro_reservoir,2030,8,2,2,-0.7954982324367231
5355,hydro_reservoir,2030,8,3,3,-0.7427645463697037
5356,hydro_reservoir,2030,8,4,4,-0.6900308603026842
5357,hydro_reservoir,2030,8,5,5,-0.6372971742356648
5358,hydro_reservoir,2030,8,6,6,-0.5845634881686453
5359,hydro_reservoir,2030,8,7,7,-0.5318298021016259
5360,hydro_reservoir,2030,8,8,8,-0.4821196644789044
5361,hydro_reservoir,2030,8,9,9,-0.5118161885710549
5362,hydro_reservoir,2030,8,10,10,-0.5556466062255249
5363,hydro_reservoir,2030,8,11,11,-0.5957811697997144
5364,hydro_reservoir,2030,8,12,12,-0.5561921927377731
5365,hydro_reservoir,2030,8,13,13,-0.5034585066707536
5366,hydro_reservoir,2030,8,14,14,-0.4507248206037342
5367,hydro_reservoir,2030,8,15,15,-0.3979911345367148
5368,hydro_reservoir,2030,8,16,16,-0.3452574484696954
5369,hydro_reservoir,2030,8,17,17,-0.292523762402676
5370,hydro_reservoir,2030,8,18,18,-0.23979007633565663
5371,hydro_reservoir,2030,8,19,19,-0.18705639026863724
5372,hydro_reservoir,2030,8,20,20,-0.13432270420161785
5373,hydro_reservoir,2030,8,21,21,-0.08158901813459846
5374,hydro_reservoir,2030,8,22,22,-0.02885533206757905
5375,hydro_reservoir,2030,8,23,23,0.023878353999440355
5376,hydro_reservoir,2030,8,24,24,0.07661204006645976
5377,hydro_reservoir,2030,9,1,1,-0.03624675700791532
5378,hydro_reservoir,2030,9,2,2,0.02548163805381313
5379,hydro_reservoir,2030,9,3,3,-0.03141906555322288
5380,hydro_reservoir,2030,9,4,4,0.03030932950850551
5381,hydro_reservoir,2030,9,5,5,0.0920377245702339
5382,hydro_reservoir,2030,9,6,6,0.1537661196319623
5383,hydro_reservoir,2030,9,7,7,0.2154945146936907
5384,hydro_reservoir,2030,9,8,8,0.2772229097554191
5385,hydro_reservoir,2030,9,9,9,0.33895130481714747
5386,hydro_reservoir,2030,9,10,10,0.40067969987887586
5387,hydro_reservoir,2030,9,11,11,0.46240809494060425
5388,hydro_reservoir,2030,9,12,12,0.5241364900023326
5389,hydro_reservoir,2030,9,13,13,-0.20911585299074203
5390,hydro_reservoir,2030,9,14,14,-0.14738745792901364
5391,hydro_reservoir,2030,9,15,15,-0.08565906286728525
5392,hydro_reservoir,2030,9,16,16,-0.02393066780555686
5393,hydro_reservoir,2030,9,17,17,0.03779772725617153
5394,hydro_reservoir,2030,9,18,18,0.09952612231789992
5395,hydro_reservoir,2030,9,19,19,0.16125451737962831
5396,hydro_reservoir,2030,9,20,20,0.2229829124413567
5397,hydro_reservoir,2030,9,21,21,0.2847113075030851
5398,hydro_reservoir,2030,9,22,22,-0.5482684332436982
5399,hydro_reservoir,2030,9,23,23,-0.4865400381819699
5400,hydro_reservoir,2030,9,24,24,-0.4248116431202415
5401,hydro_reservoir,2030,10,1,1,0.05943562610229278
5402,hydro_reservoir,2030,10,2,2,0.11887125220458555
5403,hydro_reservoir,2030,10,3,3,0.17830687830687833
5404,hydro_reservoir,2030,10,4,4,0.2377425044091711
5405,hydro_reservoir,2030,10,5,5,0.2971781305114639
5406,hydro_reservoir,2030,10,6,6,0.3566137566137567
5407,hydro_reservoir,2030,10,7,7,0.4160493827160495
5408,hydro_reservoir,2030,10,8,8,0.4754850088183423
5409,hydro_reservoir,2030,10,9,9,0.472324298851091
5410,hydro_reservoir,2030,10,10,10,0.44406735610510917
5411,hydro_reservoir,2030,10,11,11,0.4040660251802041
5412,hydro_reservoir,2030,10,12,12,0.359018627224467
5413,hydro_reservoir,2030,10,13,13,0.2922190178257726
5414,hydro_reservoir,2030,10,14,14,-0.6483453560719346
5415,hydro_reservoir,2030,10,15,15,-0.6715660996808088
5416,hydro_reservoir,2030,10,16,16,-0.6403712796790271
5417,hydro_reservoir,2030,10,17,17,-0.5809356535767343
5418,hydro_reservoir,2030,10,18,18,-0.5215000274744415
5419,hydro_reservoir,2030,10,19,19,-0.46206440137214866
5420,hydro_reservoir,2030,10,20,20,-0.40262877526985585
5421,hydro_reservoir,2030,10,21,21,-0.34319314916756305
5422,hydro_reservoir,2030,10,22,22,-0.28375752306527025
5423,hydro_reservoir,2030,10,23,23,-0.22432189696297744
5424,hydro_reservoir,2030,10,24,24,-0.16488627086068466
5425,hydro_reservoir,2030,11,1,1,-0.035949570791143054
5426,hydro_reservoir,2030,11,2,2,0.013256778415206248
5427,hydro_reservoir,2030,11,3,3,0.06246312762155545
5428,hydro_reservoir,2030,11,4,4,0.11166947682790476
5429,hydro_reservoir,2030,11,5,5,0.16087582603425396
5430,hydro_reservoir,2030,11,6,6,0.2100821752406033
5431,hydro_reservoir,2030,11,7,7,0.2592885244469525
5432,hydro_reservoir,2030,11,8,8,0.30849487365330175
5433,hydro_reservoir,2030,11,9,9,-0.07687523177689223
5434,hydro_reservoir,2030,11,10,10,-0.02766888257054302
5435,hydro_reservoir,2030,11,11,11,0.021537466635806184
5436,hydro_reservoir,2030,11,12,12,0.07074381584215539
5437,hydro_reservoir,2030,11,13,13,0.11995016504850459
5438,hydro_reservoir,2030,11,14,14,0.16915651425485378
5439,hydro_reservoir,2030,11,15,15,0.21836286346120298
5440,hydro_reservoir,2030,11,16,16,0.2675692126675522
5441,hydro_reservoir,2030,11,17,17,0.3167755618739014
5442,hydro_reservoir,2030,11,18,18,-0.59785434616259
5443,hydro_reservoir,2030,11,19,19,-0.5486479969562408
5444,hydro_reservoir,2030,11,20,20,-0.4994416477498916
5445,hydro_reservoir,2030,11,21,21,-0.4502352985435424
5446,hydro_reservoir,2030,11,22,22,-0.4010289493371932
5447,hydro_reservoir,2030,11,23,23,-0.351822600130844
5448,hydro_reservoir,2030,11,24,24,-0.3026162509244948
5449,hydro_reservoir,2030,12,1,1,-0.7890952733461181
5450,hydro_reservoir,2030,12,2,2,-0.7222522398364178
5451,hydro_reservoir,2030,12,3,3,-0.6554092063267176
5452,hydro_reservoir,2030,12,4,4,-0.5885661728170174
5453,hydro_reservoir,2030,12,5,5,-0.5217231393073172
5454,hydro_reservoir,2030,12,6,6,-0.454880105797617
5455,hydro_reservoir,2030,12,7,7,-0.38803707228791684
5456,hydro_reservoir,2030,12,8,8,-0.33589129508390225
5457,hydro_reservoir,2030,12,9,9,-1.269048261574202
5458,hydro_reservoir,2030,12,10,10,-1.2909829547973213
5459,hydro_reservoir,2030,12,11,11,-2.224139921287621
5460,hydro_reservoir,2030,12,12,12,-2.2191134986415224
5461,hydro_reservoir,2030,12,13,13,-2.1885059433500382
5462,hydro_reservoir,2030,12,14,14,-2.131625837973054
5463,hydro_reservoir,2030,12,15,15,-2.064782804463354
5464,hydro_reservoir,2030,12,16,16,-1.9979397709536535
5465,hydro_reservoir,2030,12,17,17,-1.9310967374439534
5466,hydro_reservoir,2030,12,18,18,-1.8642537039342533
5467,hydro_reservoir,2030,12,19,19,-1.7974106704245532
5468,hydro_reservoir,2030,12,20,20,-1.730567636914853
5469,hydro_reservoir,2030,12,21,21,-1.663724603405153
5470,hydro_reservoir,2030,12,22,22,-1.5968815698954528
5471,hydro_reservoir,2030,12,23,23,-1.5300385363857527
5472,hydro_reservoir,2030,12,24,24,-1.4631955028760526
5473,hydro_reservoir,2030,13,1,1,0.021042602199265598
5474,hydro_reservoir,2030,13,2,2,0.08418193200526207
5475,hydro_reservoir,2030,13,3,3,0.14732126181125854
5476,hydro_reservoir,2030,13,4,4,0.07152357836487953
5477,hydro_reservoir,2030,13,5,5,0.134662908170876
5478,hydro_reservoir,2030,13,6,6,0.19780223797687246
5479,hydro_reservoir,2030,13,7,7,0.2609415677828689
5480,hydro_reservoir,2030,13,8,8,0.3240808975888654
5481,hydro_reservoir,2030,13,9,9,0.38722022739486184
5482,hydro_reservoir,2030,13,10,10,0.4503595572008583
5483,hydro_reservoir,2030,13,11,11,0.4559455169442112
5484,hydro_reservoir,2030,13,12,12,0.42097350717464294
5485,hydro_reservoir,2030,13,13,13,0.35909289002012634
5486,hydro_reservoir,2030,13,14,14,-0.5777677801738772
5487,hydro_reservoir,2030,13,15,15,-0.6638340806078875
5488,hydro_reservoir,2030,13,16,16,-0.7455934393359293
5489,hydro_reservoir,2030,13,17,17,-0.8365870678843701
5490,hydro_reservoir,2030,13,18,18,-0.9300750463131485
5491,hydro_reservoir,2030,13,19,19,-1.866935716507152
5492,hydro_reservoir,2030,13,20,20,-1.9377154730468262
5493,hydro_reservoir,2030,13,21,21,-1.9574183868203294
5494,hydro_reservoir,2030,13,22,22,-1.912017252720972
5495,hydro_reservoir,2030,13,23,23,-1.9291436666340576
5496,hydro_reservoir,2030,13,24,24,-1.866004336828061
5497,hydro_reservoir,2030,14,1,1,-0.6194495517726513
5498,hydro_reservoir,2030,14,2,2,-0.570243202566302
5499,hydro_reservoir,2030,14,3,3,-0.5210368533599528
5500,hydro_reservoir,2030,14,4,4,-0.47183050415360345
5501,hydro_reservoir,2030,14,5,5,-0.42262415494725425
5502,hydro_reservoir,2030,14,6,6,-0.373417805740905
5503,hydro_reservoir,2030,14,7,7,-0.3242114565345558
5504,hydro_reservoir,2030,14,8,8,-0.2750051073282066
5505,hydro_reservoir,2030,14,9,9,-0.2257987581218574
5506,hydro_reservoir,2030,14,10,10,-0.1765924089155082
5507,hydro_reservoir,2030,14,11,11,-0.127386059709159
5508,hydro_reservoir,2030,14,12,12,-0.07817971050280982
5509,hydro_reservoir,2030,14,13,13,-0.028973361296460616
5510,hydro_reservoir,2030,14,14,14,-0.14558471878496412
5511,hydro_reservoir,2030,14,15,15,-0.09637836957861493
5512,hydro_reservoir,2030,14,16,16,-0.04717202037226571
5513,hydro_reservoir,2030,14,17,17,-0.1827652311230737
5514,hydro_reservoir,2030,14,18,18,-0.1335588819167245
5515,hydro_reservoir,2030,14,19,19,-0.0843525327103753
5516,hydro_reservoir,2030,14,20,20,-0.03514618350402608
5517,hydro_reservoir,2030,14,21,21,0.014060165702323123
5518,hydro_reservoir,2030,14,22,22,0.06326651490867233
5519,hydro_reservoir,2030,14,23,23,0.11247286411502153
5520,hydro_reservoir,2030,14,24,24,0.16167921332137072
5521,hydro_reservoir,2030,15,1,1,-0.3870944621777266
5522,hydro_reservoir,2030,15,2,2,-0.3059657143823121
5523,hydro_reservoir,2030,15,3,3,-0.22483696658689767
5524,hydro_reservoir,2030,15,4,4,-0.1437082187914832
5525,hydro_reservoir,2030,15,5,5,-0.06257947099606875
5526,hydro_reservoir,2030,15,6,6,0.018549276799345704
5527,hydro_reservoir,2030,15,7,7,0.09967802459476016
5528,hydro_reservoir,2030,15,8,8,0.18080677239017462
5529,hydro_reservoir,2030,15,9,9,0.2619355201855891
5530,hydro_reservoir,2030,15,10,10,0.34306426798100353
5531,hydro_reservoir,2030,15,11,11,0.424193015776418
5532,hydro_reservoir,2030,15,12,12,0.47610969734144726
5533,hydro_reservoir,2030,15,13,13,-0.4427615548631383
5534,hydro_reservoir,2030,15,14,14,-0.3843813923159303
5535,hydro_reservoir,2030,15,15,15,-0.30325264452051587
5536,hydro_reservoir,2030,15,16,16,-0.2221238967251014
5537,hydro_reservoir,2030,15,17,17,-0.14099514892968695
5538,hydro_reservoir,2030,15,18,18,-0.059866401134272496
5539,hydro_reservoir,2030,15,19,19,0.021262346661141966
5540,hydro_reservoir,2030,15,20,20,-0.3146155782187224
5541,hydro_reservoir,2030,15,21,21,-0.23348683042330792
5542,hydro_reservoir,2030,15,22,22,-0.15235808262789347
5543,hydro_reservoir,2030,15,23,23,-0.071229334832479
5544,hydro_reservoir,2030,15,24,24,0.009899412962935462
5545,hydro_reservoir,2030,16,1,1,-0.17883616773954192
5546,hydro_reservoir,2030,16,2,2,-0.08800724357728439
5547,hydro_reservoir,2030,16,3,3,0.0028216805849731207
5548,hydro_reservoir,2030,16,4,4,0.09365060474723065
5549,hydro_reservoir,2030,16,5,5,0.18447952890948816
5550,hydro_reservoir,2030,16,6,6,0.2753084530717457
5551,hydro_reservoir,2030,16,7,7,0.3661373772340032
5552,hydro_reservoir,2030,16,8,8,0.4569663013962607
5553,hydro_reservoir,2030,16,9,9,0.5477952255585182
5554,hydro_reservoir,2030,16,10,10,0.6386241497207757
5555,hydro_reservoir,2030,16,11,11,0.7294530738830333
5556,hydro_reservoir,2030,16,12,12,0.8202819980452908
5557,hydro_reservoir,2030,16,13,13,0.9111109222075483
5558,hydro_reservoir,2030,16,14,14,1.0019398463698057
5559,hydro_reservoir,2030,16,15,15,1.0927687705320632
5560,hydro_reservoir,2030,16,16,16,1.1835976946943207
5561,hydro_reservoir,2030,16,17,17,1.2744266188565783
5562,hydro_reservoir,2030,16,18,18,1.3652555430188358
5563,hydro_reservoir,2030,16,19,19,1.4560844671810933
5564,hydro_reservoir,2030,16,20,20,0.6730095346865566
5565,hydro_reservoir,2030,16,21,21,0.7638384588488141
5566,hydro_reservoir,2030,16,22,22,0.8546673830110716
5567,hydro_reservoir,2030,16,23,23,0.1375413782964084
5568,hydro_reservoir,2030,16,24,24,0.22837030245866588
5569,hydro_reservoir,2030,17,1,1,-0.0767296783525063
5570,hydro_reservoir,2030,17,2,2,-0.0331670681232294
5571,hydro_reservoir,2030,17,3,3,0.010395542106047498
5572,hydro_reservoir,2030,17,4,4,0.053958152335324396
5573,hydro_reservoir,2030,17,5,5,0.0975207625646013
5574,hydro_reservoir,2030,17,6,6,0.1410833727938782
5575,hydro_reservoir,2030,17,7,7,0.1846459830231551
5576,hydro_reservoir,2030,17,8,8,0.228208593252432
5577,hydro_reservoir,2030,17,9,9,0.2717712034817089
5578,hydro_reservoir,2030,17,10,10,0.3153338137109858
5579,hydro_reservoir,2030,17,11,11,0.35889642394026267
5580,hydro_reservoir,2030,17,12,12,0.40245903416953954
5581,hydro_reservoir,2030,17,13,13,0.4460216443988164
5582,hydro_reservoir,2030,17,14,14,0.4895842546280933
5583,hydro_reservoir,2030,17,15,15,0.5331468648573702
5584,hydro_reservoir,2030,17,16,16,0.576709475086647
5585,hydro_reservoir,2030,17,17,17,0.6202720853159239
5586,hydro_reservoir,2030,17,18,18,0.6638346955452008
5587,hydro_reservoir,2030,17,19,19,0.7073973057744777
5588,hydro_reservoir,2030,17,20,20,0.7509599160037546
5589,hydro_reservoir,2030,17,21,21,0.7945225262330314
5590,hydro_reservoir,2030,17,22,22,0.8380851364623083
5591,hydro_reservoir,2030,17,23,23,0.4956559781748202
5592,hydro_reservoir,2030,17,24,24,0.5392185884040971
5593,hydro_reservoir,2030,18,1,1,-0.3698542411938484
5594,hydro_reservoir,2030,18,2,2,-0.3171205551268289
5595,hydro_reservoir,2030,18,3,3,-0.2643868690598095
5596,hydro_reservoir,2030,18,4,4,-0.21165318299279007
5597,hydro_reservoir,2030,18,5,5,-0.15891949692577065
5598,hydro_reservoir,2030,18,6,6,-0.10618581085875126
5599,hydro_reservoir,2030,18,7,7,-0.05345212479173186
5600,hydro_reservoir,2030,18,8,8,-0.0007184387247124793
5601,hydro_reservoir,2030,18,9,9,0.052015247342306926
5602,hydro_reservoir,2030,18,10,10,0.1047489334093263
5603,hydro_reservoir,2030,18,11,11,0.1574826194763457
5604,hydro_reservoir,2030,18,12,12,0.21021630554336512
5605,hydro_reservoir,2030,18,13,13,0.2629499916103845
5606,hydro_reservoir,2030,18,14,14,0.3156836776774039
5607,hydro_reservoir,2030,18,15,15,0.3684173637444233
5608,hydro_reservoir,2030,18,16,16,0.42115104981144275
5609,hydro_reservoir,2030,18,17,17,0.47388473587846214
5610,hydro_reservoir,2030,18,18,18,0.5266184219454815
5611,hydro_reservoir,2030,18,19,19,0.5793521080125009
5612,hydro_reservoir,2030,18,20,20,0.6320857940795203
5613,hydro_reservoir,2030,18,21,21,0.6848194801465397
5614,hydro_reservoir,2030,18,22,22,0.737553166213559
5615,hydro_reservoir,2030,18,23,23,0.7902868522805785
5616,hydro_reservoir,2030,18,24,24,0.8430205383475979
5617,hydro_reservoir,2030,19,1,1,-0.47472994678526703
5618,hydro_reservoir,2030,19,2,2,-0.4001267721820925
5619,hydro_reservoir,2030,19,3,3,-0.3255235975789179
5620,hydro_reservoir,2030,19,4,4,-0.2509204229757434
5621,hydro_reservoir,2030,19,5,5,-0.17631724837256882
5622,hydro_reservoir,2030,19,6,6,-0.10171407376939419
5623,hydro_reservoir,2030,19,7,7,-0.027110899166219584
5624,hydro_reservoir,2030,19,8,8,0.04749227543695504
5625,hydro_reservoir,2030,19,9,9,0.12209545004012964
5626,hydro_reservoir,2030,19,10,10,0.19669862464330423
5627,hydro_reservoir,2030,19,11,11,0.27130179924647885
5628,hydro_reservoir,2030,19,12,12,-0.026316319348772724
5629,hydro_reservoir,2030,19,13,13,0.04828685525440188
5630,hydro_reservoir,2030,19,14,14,0.12289002985757648
5631,hydro_reservoir,2030,19,15,15,0.19749320446075108
5632,hydro_reservoir,2030,19,16,16,0.2720963790639257
5633,hydro_reservoir,2030,19,17,17,0.3466995536671003
5634,hydro_reservoir,2030,19,18,18,0.42130272827027493
5635,hydro_reservoir,2030,19,19,19,0.49590590287344954
5636,hydro_reservoir,2030,19,20,20,0.5705090774766242
5637,hydro_reservoir,2030,19,21,21,0.6451122520797987
5638,hydro_reservoir,2030,19,22,22,0.7197154266829733
5639,hydro_reservoir,2030,19,23,23,-0.20568139871385221
5640,hydro_reservoir,2030,19,24,24,-0.1464626205100101
5641,hydro_reservoir,2030,20,1,1,-0.6220780076540995
5642,hydro_reservoir,2030,20,2,2,-0.5714607237034822
5643,hydro_reservoir,2030,20,3,3,-0.520843439752865
5644,hydro_reservoir,2030,20,4,4,-0.4702261558022477
5645,hydro_reservoir,2030,20,5,5,-0.41960887185163037
5646,hydro_reservoir,2030,20,6,6,-0.36899158790101316
5647,hydro_reservoir,2030,20,7,7,-0.31837430395039584
5648,hydro_reservoir,2030,20,8,8,-0.26775701999977863
5649,hydro_reservoir,2030,20,9,9,-0.2171397360491613
5650,hydro_reservoir,2030,20,10,10,-0.1665224520985441
5651,hydro_reservoir,2030,20,11,11,-0.1159051681479268
5652,hydro_reservoir,2030,20,12,12,-0.06528788419730956
5653,hydro_reservoir,2030,20,13,13,-0.014670600246692264
5654,hydro_reservoir,2030,20,14,14,0.03594668370392502
5655,hydro_reservoir,2030,20,15,15,0.08656396765454231
5656,hydro_reservoir,2030,20,16,16,-0.5423977551937808
5657,hydro_reservoir,2030,20,17,17,-0.49178047124316343
5658,hydro_reservoir,2030,20,18,18,-0.441163187292546
5659,hydro_reservoir,2030,20,19,19,-0.3905459033419287
5660,hydro_reservoir,2030,20,20,20,-0.33992861939131136
5661,hydro_reservoir,2030,20,21,21,-0.28931133544069404
5662,hydro_reservoir,2030,20,22,22,-0.23869405149007683
5663,hydro_reservoir,2030,20,23,23,-0.18807676753945954
5664,hydro_reservoir,2030,20,24,24,-0.13745948358884227
5665,hydro_reservoir,2030,21,1,1,-0.25018657828508534
5666,hydro_reservoir,2030,21,2,2,-0.5217809689037799
5667,hydro_reservoir,2030,21,3,3,-0.47557285602900035
5668,hydro_reservoir,2030,21,4,4,-0.4293647431542208
5669,hydro_reservoir,2030,21,5,5,-0.38315663027944125
5670,hydro_reservoir,2030,21,6,6,-0.3369485174046617
5671,hydro_reservoir,2030,21,7,7,-0.29074040452988215
5672,hydro_reservoir,2030,21,8,8,-0.2445322916551026
5673,hydro_reservoir,2030,21,9,9,-0.19832417878032305
5674,hydro_reservoir,2030,21,10,10,-0.6608270637973552
5675,hydro_reservoir,2030,21,11,11,-0.6146189509225757
5676,hydro_reservoir,2030,21,12,12,-0.5684108380477961
5677,hydro_reservoir,2030,21,13,13,-0.5222027251730166
5678,hydro_reservoir,2030,21,14,14,-0.4759946122982371
5679,hydro_reservoir,2030,21,15,15,-0.42978649942345754
5680,hydro_reservoir,2030,21,16,16,-0.9878422183920308
5681,hydro_reservoir,2030,21,17,17,-0.9416341055172512
5682,hydro_reservoir,2030,21,18,18,-0.8954259926424717
5683,hydro_reservoir,2030,21,19,19,-0.8492178797676921
5684,hydro_reservoir,2030,21,20,20,-0.8030097668929126
5685,hydro_reservoir,2030,21,21,21,-0.756801654018133
5686,hydro_reservoir,2030,21,22,22,-0.7105935411433535
5687,hydro_reservoir,2030,21,23,23,-0.6643854282685739
5688,hydro_reservoir,2030,21,24,24,-0.6181773153937944
5689,hydro_reservoir,2030,22,1,1,0.05026455026455027
5690,hydro_reservoir,2030,22,2,2,0.10052910052910054
5691,hydro_reservoir,2030,22,3,3,0.1507936507936508
5692,hydro_reservoir,2030,22,4,4,0.20105820105820107
5693,hydro_reservoir,2030,22,5,5,0.25132275132275134
5694,hydro_reservoir,2030,22,6,6,0.3015873015873016
5695,hydro_reservoir,2030,22,7,7,0.3518518518518519
5696,hydro_reservoir,2030,22,8,8,0.3517548285979773
5697,hydro_reservoir,2030,22,9,9,0.29532474336831904
5698,hydro_reservoir,2030,22,10,10,0.22284742145631317
5699,hydro_reservoir,2030,22,11,11,0.18632332444770852
5700,hydro_reservoir,2030,22,12,12,0.17840655198279376
5701,hydro_reservoir,2030,22,13,13,0.1816379108084572
5702,hydro_reservoir,2030,22,14,14,0.22805274930242483
5703,hydro_reservoir,2030,22,15,15,0.2783172995669751
5704,hydro_reservoir,2030,22,16,16,0.3285818498315254
5705,hydro_reservoir,2030,22,17,17,0.3788464000960757
5706,hydro_reservoir,2030,22,18,18,0.42911095036062596
5707,hydro_reservoir,2030,22,19,19,0.47937550062517625
5708,hydro_reservoir,2030,22,20,20,0.5296400508897265
5709,hydro_reservoir,2030,22,21,21,0.5799046011542768
5710,hydro_reservoir,2030,22,22,22,0.630169151418827
5711,hydro_reservoir,2030,22,23,23,0.6804337016833772
5712,hydro_reservoir,2030,22,24,24,0.7306982519479275
5713,hydro_reservoir,2030,23,1,1,-0.0857623869719662
5714,hydro_reservoir,2030,23,2,2,-0.04096520884145481
5715,hydro_reservoir,2030,23,3,3,0.003831969289056652
5716,hydro_reservoir,2030,23,4,4,0.04862914741956808
5717,hydro_reservoir,2030,23,5,5,-0.24155363251356676
5718,hydro_reservoir,2030,23,6,6,-0.1967564543830553
5719,hydro_reservoir,2030,23,7,7,-0.15195927625254385
5720,hydro_reservoir,2030,23,8,8,-0.1071620981220324
5721,hydro_reservoir,2030,23,9,9,-0.062364919991520926
5722,hydro_reservoir,2030,23,10,10,-0.6341452592107537
5723,hydro_reservoir,2030,23,11,11,-0.5893480810802423
5724,hydro_reservoir,2030,23,12,12,-0.5445509029497309
5725,hydro_reservoir,2030,23,13,13,-0.49975372481921937
5726,hydro_reservoir,2030,23,14,14,-0.4549565466887079
5727,hydro_reservoir,2030,23,15,15,-0.4101593685581964
5728,hydro_reservoir,2030,23,16,16,-0.3653621904276849
5729,hydro_reservoir,2030,23,17,17,-0.32056501229717344
5730,hydro_reservoir,2030,23,18,18,-0.27576783416666195
5731,hydro_reservoir,2030,23,19,19,-0.23097065603615047
5732,hydro_reservoir,2030,23,20,20,-0.186173477905639
5733,hydro_reservoir,2030,23,21,21,-0.14137629977512756
5734,hydro_reservoir,2030,23,22,22,-0.0965791216446161
5735,hydro_reservoir,2030,23,23,23,-0.05178194351410463
5736,hydro_reservoir,2030,23,24,24,-0.006984765383593168
5737,hydro_reservoir,2030,24,1,1,0.04620811287477954
5738,hydro_reservoir,2030,24,2,2,0.09241622574955909
5739,hydro_reservoir,2030,24,3,3,0.13862433862433862
5740,hydro_reservoir,2030,24,4,4,0.18483245149911817
5741,hydro_reservoir,2030,24,5,5,0.23104056437389772
5742,hydro_reservoir,2030,24,6,6,0.27724867724867724
5743,hydro_reservoir,2030,24,7,7,0.3234567901234568
5744,hydro_reservoir,2030,24,8,8,0.36966490299823634
5745,hydro_reservoir,2030,24,9,9,0.34172539770224025
5746,hydro_reservoir,2030,24,10,10,0.3879335105770198
5747,hydro_reservoir,2030,24,11,11,0.20753342233034078
5748,hydro_reservoir,2030,24,12,12,0.2537415352051203
5749,hydro_reservoir,2030,24,13,13,0.2999496480798999
5750,hydro_reservoir,2030,24,14,14,-0.0015901317680898155
5751,hydro_reservoir,2030,24,15,15,0.04461798110668973
5752,hydro_reservoir,2030,24,16,16,0.09082609398146882
5753,hydro_reservoir,2030,24,17,17,0.13703420685624837
5754,hydro_reservoir,2030,24,18,18,0.18324231973102748
5755,hydro_reservoir,2030,24,19,19,0.22945043260580703
5756,hydro_reservoir,2030,24,20,20,0.27565854548058616
5757,hydro_reservoir,2030,24,21,21,0.3218666583553657
5758,hydro_reservoir,2030,24,22,22,0.3680747712301448
5759,hydro_reservoir,2030,24,23,23,0.41428288410492436
5760,hydro_reservoir,2030,24,24,24,0.4604909969797037
5761,hydro_reservoir,2030,25,1,1,0.07830687830687831
5762,hydro_reservoir,2030,25,2,2,0.15661375661375662
5763,hydro_reservoir,2030,25,3,3,0.23492063492063492
5764,hydro_reservoir,2030,25,4,4,0.31322751322751324
5765,hydro_reservoir,2030,25,5,5,0.39153439153439157
5766,hydro_reservoir,2030,25,6,6,0.4698412698412699
5767,hydro_reservoir,2030,25,7,7,0.5481481481481482
5768,hydro_reservoir,2030,25,8,8,0.6264550264550265
5769,hydro_reservoir,2030,25,9,9,0.7047619047619048
5770,hydro_reservoir,2030,25,10,10,0.7830687830687831
5771,hydro_reservoir,2030,25,11,11,0.8613756613756615
5772,hydro_reservoir,2030,25,12,12,0.9396825396825398
5773,hydro_reservoir,2030,25,13,13,1.017989417989418
5774,hydro_reservoir,2030,25,14,14,1.0962962962962963
5775,hydro_reservoir,2030,25,15,15,1.1746031746031746
5776,hydro_reservoir,2030,25,16,16,1.252910052910053
5777,hydro_reservoir,2030,25,17,17,1.3312169312169313
5778,hydro_reservoir,2030,25,18,18,1.4095238095238096
5779,hydro_reservoir,2030,25,19,19,1.487830687830688
5780,hydro_reservoir,2030,25,20,20,1.5661375661375663
5781,hydro_reservoir,2030,25,21,21,1.6444444444444446
5782,hydro_reservoir,2030,25,22,22,1.722751322751323
5783,hydro_reservoir,2030,25,23,23,1.8010582010582012
5784,hydro_reservoir,2030,25,24,24,1.8793650793650796
5785,hydro_reservoir,2030,26,1,1,0.07830687830687831
5786,hydro_reservoir,2030,26,2,2,0.15661375661375662
5787,hydro_reservoir,2030,26,3,3,0.23492063492063492
5788,hydro_reservoir,2030,26,4,4,0.31322751322751324
5789,hydro_reservoir,2030,26,5,5,0.39153439153439157
5790,hydro_reservoir,2030,26,6,6,0.4656281242989324
5791,hydro_reservoir,2030,26,7,7,0.5315038263408692
5792,hydro_reservoir,2030,26,8,8,0.5023673385110309
5793,hydro_reservoir,2030,26,9,9,0.4386374934502371
5794,hydro_reservoir,2030,26,10,10,0.36176860061308946
5795,hydro_reservoir,2030,26,11,11,0.2611349721454143
5796,hydro_reservoir,2030,26,12,12,0.14002019709375618
5797,hydro_reservoir,2030,26,13,13,-0.03347357633149113
5798,hydro_reservoir,2030,26,14,14,-0.15616283332414593
5799,hydro_reservoir,2030,26,15,15,-0.2797422174726898
5800,hydro_reservoir,2030,26,16,16,-0.40105582426613506
5801,hydro_reservoir,2030,26,17,17,-0.4945736178602476
5802,hydro_reservoir,2030,26,18,18,-0.5140210058670669
5803,hydro_reservoir,2030,26,19,19,-0.4786416787431576
5804,hydro_reservoir,2030,26,20,20,-0.4003348004362793
5805,hydro_reservoir,2030,26,21,21,-0.32202792212940096
5806,hydro_reservoir,2030,26,22,22,-0.24372104382252263
5807,hydro_reservoir,2030,26,23,23,-0.1654141655156443
5808,hydro_reservoir,2030,26,24,24,-0.087107287208766
5809,hydro_reservoir,2030,27,1,1,0.04585537918871252
5810,hydro_reservoir,2030,27,2,2,0.09171075837742504
5811,hydro_reservoir,2030,27,3,3,0.13756613756613756
5812,hydro_reservoir,2030,27,4,4,0.18342151675485008
5813,hydro_reservoir,2030,27,5,5,0.2292768959435626
5814,hydro_reservoir,2030,27,6,6,0.2751322751322751
5815,hydro_reservoir,2030,27,7,7,0.32098765432098764
5816,hydro_reservoir,2030,27,8,8,0.24488703312117086
5817,hydro_reservoir,2030,27,9,9,0.08890638784503077
5818,hydro_reservoir,2030,27,10,10,-0.08378110283621179
5819,hydro_reservoir,2030,27,11,11,-0.24310302252856839
5820,hydro_reservoir,2030,27,12,12,-0.3782757809929867
5821,hydro_reservoir,2030,27,13,13,-0.523160445820631
5822,hydro_reservoir,2030,27,14,14,-0.6716587351564492
5823,hydro_reservoir,2030,27,15,15,-0.8203921562087291
5824,hydro_reservoir,2030,27,16,16,-0.9760479124019976
5825,hydro_reservoir,2030,27,17,17,-1.1699256846496666
5826,hydro_reservoir,2030,27,18,18,-1.3751998136157715
5827,hydro_reservoir,2030,27,19,19,-1.630712151832499
5828,hydro_reservoir,2030,27,20,20,-1.8103387209513113
5829,hydro_reservoir,2030,27,21,21,-1.9389086542998173
5830,hydro_reservoir,2030,27,22,22,-1.9987310546385233
5831,hydro_reservoir,2030,27,23,23,-2.12157907390417
5832,hydro_reservoir,2030,27,24,24,-2.1934187368122515
5833,hydro_reservoir,2030,28,1,1,0.07830687830687831
5834,hydro_reservoir,2030,28,2,2,0.15661375661375662
5835,hydro_reservoir,2030,28,3,3,0.23492063492063492
5836,hydro_reservoir,2030,28,4,4,0.31322751322751324
5837,hydro_reservoir,2030,28,5,5,0.39153439153439157
5838,hydro_reservoir,2030,28,6,6,0.4698412698412699
5839,hydro_reservoir,2030,28,7,7,0.5481481481481482
5840,hydro_reservoir,2030,28,8,8,0.6264550264550265
5841,hydro_reservoir,2030,28,9,9,0.7047619047619048
5842,hydro_reservoir,2030,28,10,10,0.7830687830687831
5843,hydro_reservoir,2030,28,11,11,0.8613756613756615
5844,hydro_reservoir,2030,28,12,12,0.9396825396825398
5845,hydro_reservoir,2030,28,13,13,1.017989417989418
5846,hydro_reservoir,2030,28,14,14,1.0962962962962963
5847,hydro_reservoir,2030,28,15,15,1.1746031746031746
5848,hydro_reservoir,2030,28,16,16,1.252910052910053
5849,hydro_reservoir,2030,28,17,17,1.2548064795509446
5850,hydro_reservoir,2030,28,18,18,1.206222523854441
5851,hydro_reservoir,2030,28,19,19,1.1184694548499023
5852,hydro_reservoir,2030,28,20,20,1.039654957639288
5853,hydro_reservoir,2030,28,21,21,0.9441599262597162
5854,hydro_reservoir,2030,28,22,22,0.9310325405646406
5855,hydro_reservoir,2030,28,23,23,0.9457817633727075
5856,hydro_reservoir,2030,28,24,24,1.009358295692873
5857,hydro_reservoir,2030,29,1,1,0.02416225749559083
5858,hydro_reservoir,2030,29,2,2,0.04832451499118166
5859,hydro_reservoir,2030,29,3,3,0.07248677248677249
5860,hydro_reservoir,2030,29,4,4,0.09664902998236331
5861,hydro_reservoir,2030,29,5,5,0.12081128747795414
5862,hydro_reservoir,2030,29,6,6,0.14497354497354498
5863,hydro_reservoir,2030,29,7,7,0.16913580246913582
5864,hydro_reservoir,2030,29,8,8,0.19329805996472665
5865,hydro_reservoir,2030,29,9,9,0.2174603174603175
5866,hydro_reservoir,2030,29,10,10,0.24162257495590833
5867,hydro_reservoir,2030,29,11,11,0.26578483245149914
5868,hydro_reservoir,2030,29,12,12,0.28994708994708995
5869,hydro_reservoir,2030,29,13,13,0.31410934744268076
5870,hydro_reservoir,2030,29,14,14,0.3382716049382716
5871,hydro_reservoir,2030,29,15,15,0.3624338624338624
5872,hydro_reservoir,2030,29,16,16,0.3865961199294532
5873,hydro_reservoir,2030,29,17,17,0.410758377425044
5874,hydro_reservoir,2030,29,18,18,0.4349206349206348
5875,hydro_reservoir,2030,29,19,19,0.45908289241622563
5876,hydro_reservoir,2030,29,20,20,0.48324514991181644
5877,hydro_reservoir,2030,29,21,21,0.5074074074074073
5878,hydro_reservoir,2030,29,22,22,0.5315696649029982
5879,hydro_reservoir,2030,29,23,23,0.555731922398589
5880,hydro_reservoir,2030,29,24,24,0.5798941798941799
5881,hydro_reservoir,2030,30,1,1,0.0472663139329806
5882,hydro_reservoir,2030,30,2,2,0.0945326278659612
5883,hydro_reservoir,2030,30,3,3,0.1417989417989418
5884,hydro_reservoir,2030,30,4,4,0.1890652557319224
5885,hydro_reservoir,2030,30,5,5,0.23633156966490299
5886,hydro_reservoir,2030,30,6,6,0.28359788359788357
5887,hydro_reservoir,2030,30,7,7,0.33086419753086416
5888,hydro_reservoir,2030,30,8,8,0.37813051146384474
5889,hydro_reservoir,2030,30,9,9,0.42539682539682533
5890,hydro_reservoir,2030,30,10,10,0.3992587543105778
5891,hydro_reservoir,2030,30,11,11,0.2659864382694179
5892,hydro_reservoir,2030,30,12,12,0.18103958151816654
5893,hydro_reservoir,2030,30,13,13,0.07014683199512116
5894,hydro_reservoir,2030,30,14,14,-0.06157813922085914
5895,hydro_reservoir,2030,30,15,15,-0.187790856678672
5896,hydro_reservoir,2030,30,16,16,-0.31518987812685567
5897,hydro_reservoir,2030,30,17,17,-0.4986554350026041
5898,hydro_reservoir,2030,30,18,18,-0.6222293493158088
5899,hydro_reservoir,2030,30,19,19,-0.6900496647530943
5900,hydro_reservoir,2030,30,20,20,-0.7126537460680787
5901,hydro_reservoir,2030,30,21,21,-0.68273692952238
5902,hydro_reservoir,2030,30,22,22,-0.6354706155893993
5903,hydro_reservoir,2030,30,23,23,-0.5882043016564187
5904,hydro_reservoir,2030,30,24,24,-0.540937987723438
5905,hydro_reservoir,2030,31,1,1,0.061375661375661375
5906,hydro_reservoir,2030,31,2,2,0.12275132275132275
5907,hydro_reservoir,2030,31,3,3,0.18412698412698414
5908,hydro_reservoir,2030,31,4,4,0.2455026455026455
5909,hydro_reservoir,2030,31,5,5,0.30687830687830686
5910,hydro_reservoir,2030,31,6,6,0.3682539682539682
5911,hydro_reservoir,2030,31,7,7,0.4296296296296296
5912,hydro_reservoir,2030,31,8,8,0.35499324809000754
5913,hydro_reservoir,2030,31,9,9,0.2219938605212235
5914,hydro_reservoir,2030,31,10,10,0.07135744526937221
5915,hydro_reservoir,2030,31,11,11,-0.08565097102002356
5916,hydro_reservoir,2030,31,12,12,-0.14531743446564344
5917,hydro_reservoir,2030,31,13,13,-0.18738345698939574
5918,hydro_reservoir,2030,31,14,14,-0.19847190140182566
5919,hydro_reservoir,2030,31,15,15,-0.21686354809990055
5920,hydro_reservoir,2030,31,16,16,-0.22173146677271216
5921,hydro_reservoir,2030,31,17,17,-0.2204499652850629
5922,hydro_reservoir,2030,31,18,18,-0.2052715368851143
5923,hydro_reservoir,2030,31,19,19,-0.14389587550945293
5924,hydro_reservoir,2030,31,20,20,-0.08252021413379157
5925,hydro_reservoir,2030,31,21,21,-0.021144552758130195
5926,hydro_reservoir,2030,31,22,22,0.04023110861753118
5927,hydro_reservoir,2030,31,23,23,0.10160676999319256
5928,hydro_reservoir,2030,31,24,24,0.16298243136885393
5929,hydro_reservoir,2030,32,1,1,0.02345679012345679
5930,hydro_reservoir,2030,32,2,2,0.04691358024691358
5931,hydro_reservoir,2030,32,3,3,0.07037037037037037
5932,hydro_reservoir,2030,32,4,4,0.09382716049382717
5933,hydro_reservoir,2030,32,5,5,0.11728395061728396
5934,hydro_reservoir,2030,32,6,6,0.14074074074074075
5935,hydro_reservoir,2030,32,7,7,0.16419753086419753
5936,hydro_reservoir,2030,32,8,8,0.18765432098765433
5937,hydro_reservoir,2030,32,9,9,0.21111111111111114
5938,hydro_reservoir,2030,32,10,10,0.23456790123456794
5939,hydro_reservoir,2030,32,11,11,0.25802469135802475
5940,hydro_reservoir,2030,32,12,12,0.28148148148148155
5941,hydro_reservoir,2030,32,13,13,0.30493827160493836
5942,hydro_reservoir,2030,32,14,14,0.32839506172839517
5943,hydro_reservoir,2030,32,15,15,0.35185185185185197
5944,hydro_reservoir,2030,32,16,16,0.3753086419753088
5945,hydro_reservoir,2030,32,17,17,0.3987654320987656
5946,hydro_reservoir,2030,32,18,18,0.4222222222222224
5947,hydro_reservoir,2030,32,19,19,0.4456790123456792
5948,hydro_reservoir,2030,32,20,20,0.469135802469136
5949,hydro_reservoir,2030,32,21,21,0.4925925925925928
5950,hydro_reservoir,2030,32,22,22,0.5160493827160496
5951,hydro_reservoir,2030,32,23,23,0.5395061728395064
5952,hydro_reservoir,2030,32,24,24,0.5629629629629632
5953,hydro_reservoir,2030,33,1,1,0.043738977072310406
5954,hydro_reservoir,2030,33,2,2,0.08747795414462081
5955,hydro_reservoir,2030,33,3,3,0.13121693121693123
5956,hydro_reservoir,2030,33,4,4,0.17495590828924162
5957,hydro_reservoir,2030,33,5,5,0.21869488536155202
5958,hydro_reservoir,2030,33,6,6,0.24893873271993583
5959,hydro_reservoir,2030,33,7,7,0.2926777097922462
5960,hydro_reservoir,2030,33,8,8,0.24816130629572947
5961,hydro_reservoir,2030,33,9,9,0.16755061740796603
5962,hydro_reservoir,2030,33,10,10,0.07759756129058965
5963,hydro_reservoir,2030,33,11,11,4.49667625914002e-05
5964,hydro_reservoir,2030,33,12,12,-0.061852133080075936
5965,hydro_reservoir,2030,33,13,13,-0.14157894486440686
5966,hydro_reservoir,2030,33,14,14,-0.19909925620323965
5967,hydro_reservoir,2030,33,15,15,-0.22983323590884874
5968,hydro_reservoir,2030,33,16,16,-0.204657931676403
5969,hydro_reservoir,2030,33,17,17,-0.1609189546040926
5970,hydro_reservoir,2030,33,18,18,-0.11717997753178222
5971,hydro_reservoir,2030,33,19,19,-0.07344100045947181
5972,hydro_reservoir,2030,33,20,20,-0.029702023387161408
5973,hydro_reservoir,2030,33,21,21,0.014036953685148998
5974,hydro_reservoir,2030,33,22,22,0.057775930757459404
5975,hydro_reservoir,2030,33,23,23,0.10151490782976981
5976,hydro_reservoir,2030,33,24,24,0.14525388490208022
5977,hydro_reservoir,2030,34,1,1,0.032980599647266316
5978,hydro_reservoir,2030,34,2,2,0.06596119929453263
5979,hydro_reservoir,2030,34,3,3,0.09894179894179894
5980,hydro_reservoir,2030,34,4,4,0.13192239858906527
5981,hydro_reservoir,2030,34,5,5,0.1649029982363316
5982,hydro_reservoir,2030,34,6,6,0.1978835978835979
5983,hydro_reservoir,2030,34,7,7,0.23086419753086423
5984,hydro_reservoir,2030,34,8,8,0.26384479717813053
5985,hydro_reservoir,2030,34,9,9,0.2968253968253968
5986,hydro_reservoir,2030,34,10,10,0.3298059964726631
5987,hydro_reservoir,2030,34,11,11,0.3627865961199294
5988,hydro_reservoir,2030,34,12,12,0.3957671957671957
5989,hydro_reservoir,2030,34,13,13,0.428747795414462
5990,hydro_reservoir,2030,34,14,14,0.4617283950617283
5991,hydro_reservoir,2030,34,15,15,0.4947089947089946
5992,hydro_reservoir,2030,34,16,16,0.527689594356261
5993,hydro_reservoir,2030,34,17,17,0.5474486513459146
5994,hydro_reservoir,2030,34,18,18,0.5489402566301841
5995,hydro_reservoir,2030,34,19,19,0.5492464149837499
5996,hydro_reservoir,2030,34,20,20,0.5261721895383384
5997,hydro_reservoir,2030,34,21,21,0.5515748872144098
5998,hydro_reservoir,2030,34,22,22,0.5845554868616761
5999,hydro_reservoir,2030,34,23,23,0.6175360865089424
6000,hydro_reservoir,2030,34,24,24,0.6505166861562087
6001,hydro_reservoir,2030,35,1,1,0.0236331569664903
6002,hydro_reservoir,2030,35,2,2,0.0472663139329806
6003,hydro_reservoir,2030,35,3,3,0.0708994708994709
6004,hydro_reservoir,2030,35,4,4,0.0945326278659612
6005,hydro_reservoir,2030,35,5,5,0.11816578483245149
6006,hydro_reservoir,2030,35,6,6,0.14179894179894179
6007,hydro_reservoir,2030,35,7,7,0.16543209876543208
6008,hydro_reservoir,2030,35,8,8,0.18906525573192237
6009,hydro_reservoir,2030,35,9,9,0.21269841269841266
6010,hydro_reservoir,2030,35,10,10,0.23633156966490296
6011,hydro_reservoir,2030,35,11,11,0.25996472663139325
6012,hydro_reservoir,2030,35,12,12,0.28359788359788357
6013,hydro_reservoir,2030,35,13,13,0.3072310405643739
6014,hydro_reservoir,2030,35,14,14,0.3308641975308642
6015,hydro_reservoir,2030,35,15,15,0.35449735449735453
6016,hydro_reservoir,2030,35,16,16,0.37813051146384485
6017,hydro_reservoir,2030,35,17,17,0.4017636684303352
6018,hydro_reservoir,2030,35,18,18,0.4253968253968255
6019,hydro_reservoir,2030,35,19,19,0.4490299823633158
6020,hydro_reservoir,2030,35,20,20,0.47266313932980614
6021,hydro_reservoir,2030,35,21,21,0.49629629629629646
6022,hydro_reservoir,2030,35,22,22,0.5199294532627867
6023,hydro_reservoir,2030,35,23,23,0.543562610229277
6024,hydro_reservoir,2030,35,24,24,0.5671957671957673
6025,hydro_reservoir,2030,36,1,1,0.07830687830687831
6026,hydro_reservoir,2030,36,2,2,0.15661375661375662
6027,hydro_reservoir,2030,36,3,3,0.23492063492063492
6028,hydro_reservoir,2030,36,4,4,0.31322751322751324
6029,hydro_reservoir,2030,36,5,5,0.39153439153439157
6030,hydro_reservoir,2030,36,6,6,0.4698412698412699
6031,hydro_reservoir,2030,36,7,7,0.5481481481481482
6032,hydro_reservoir,2030,36,8,8,0.6264550264550265
6033,hydro_reservoir,2030,36,9,9,0.6769809058743014
6034,hydro_reservoir,2030,36,10,10,0.7017283564629024
6035,hydro_reservoir,2030,36,11,11,0.6968298820498809
6036,hydro_reservoir,2030,36,12,12,0.7748519360144746
6037,hydro_reservoir,2030,36,13,13,0.7406236577041672
6038,hydro_reservoir,2030,36,14,14,0.68162658260125
6039,hydro_reservoir,2030,36,15,15,0.625630703580219
6040,hydro_reservoir,2030,36,16,16,0.5126389111956255
6041,hydro_reservoir,2030,36,17,17,0.43113838861489573
6042,hydro_reservoir,2030,36,18,18,0.4121812492504264
6043,hydro_reservoir,2030,36,19,19,0.3986643752305721
6044,hydro_reservoir,2030,36,20,20,0.36261822536405486
6045,hydro_reservoir,2030,36,21,21,0.39212505155523986
6046,hydro_reservoir,2030,36,22,22,0.4647776349626662
6047,hydro_reservoir,2030,36,23,23,0.5119010889059884
6048,hydro_reservoir,2030,36,24,24,0.5902079672128667
6049,hydro_reservoir,2030,37,1,1,0.025044091710758377
6050,hydro_reservoir,2030,37,2,2,0.05008818342151675
6051,hydro_reservoir,2030,37,3,3,0.07513227513227513
6052,hydro_reservoir,2030,37,4,4,0.1001763668430335
6053,hydro_reservoir,2030,37,5,5,0.12522045855379188
6054,hydro_reservoir,2030,37,6,6,0.15026455026455027
6055,hydro_reservoir,2030,37,7,7,0.17530864197530865
6056,hydro_reservoir,2030,37,8,8,0.20035273368606704
6057,hydro_reservoir,2030,37,9,9,0.22539682539682543
6058,hydro_reservoir,2030,37,10,10,0.2504409171075838
6059,hydro_reservoir,2030,37,11,11,0.2754850088183422
6060,hydro_reservoir,2030,37,12,12,0.3005291005291006
6061,hydro_reservoir,2030,37,13,13,0.325573192239859
6062,hydro_reservoir,2030,37,14,14,0.35061728395061736
6063,hydro_reservoir,2030,37,15,15,0.37566137566137575
6064,hydro_reservoir,2030,37,16,16,0.40070546737213414
6065,hydro_reservoir,2030,37,17,17,0.4257495590828925
6066,hydro_reservoir,2030,37,18,18,0.4507936507936509
6067,hydro_reservoir,2030,37,19,19,0.4758377425044093
6068,hydro_reservoir,2030,37,20,20,0.5008818342151676
6069,hydro_reservoir,2030,37,21,21,0.525925925925926
6070,hydro_reservoir,2030,37,22,22,0.5509700176366844
6071,hydro_reservoir,2030,37,23,23,0.5760141093474428
6072,hydro_reservoir,2030,37,24,24,0.6010582010582012
6073,hydro_reservoir,2030,38,1,1,0.025044091710758377
6074,hydro_reservoir,2030,38,2,2,0.05008818342151675
6075,hydro_reservoir,2030,38,3,3,0.07513227513227513
6076,hydro_reservoir,2030,38,4,4,0.1001763668430335
6077,hydro_reservoir,2030,38,5,5,0.12522045855379188
6078,hydro_reservoir,2030,38,6,6,0.15026455026455027
6079,hydro_reservoir,2030,38,7,7,0.17530864197530865
6080,hydro_reservoir,2030,38,8,8,0.16479580437007546
6081,hydro_reservoir,2030,38,9,9,0.06605325826520639
6082,hydro_reservoir,2030,38,10,10,-0.09141697419789721
6083,hydro_reservoir,2030,38,11,11,-0.2648912813971506
6084,hydro_reservoir,2030,38,12,12,-0.4717734203987132
6085,hydro_reservoir,2030,38,13,13,-0.679507444485504
6086,hydro_reservoir,2030,38,14,14,-0.8998158031186285
6087,hydro_reservoir,2030,38,15,15,-1.1996065935178764
6088,hydro_reservoir,2030,38,16,16,-1.426135449294259
6089,hydro_reservoir,2030,38,17,17,-1.5752670599055922
6090,hydro_reservoir,2030,38,18,18,-1.7256187548312814
6091,hydro_reservoir,2030,38,19,19,-1.8246733920156917
6092,hydro_reservoir,2030,38,20,20,-1.8448589435330973
6093,hydro_reservoir,2030,38,21,21,-1.819814851822339
6094,hydro_reservoir,2030,38,22,22,-1.7947707601115805
6095,hydro_reservoir,2030,38,23,23,-1.7697266684008222
6096,hydro_reservoir,2030,38,24,24,-1.7446825766900638
6097,hydro_reservoir,2030,39,1,1,0.031216931216931216
6098,hydro_reservoir,2030,39,2,2,0.06243386243386243
6099,hydro_reservoir,2030,39,3,3,0.09365079365079365
6100,hydro_reservoir,2030,39,4,4,0.12486772486772486
6101,hydro_reservoir,2030,39,5,5,0.15608465608465608
6102,hydro_reservoir,2030,39,6,6,0.1873015873015873
6103,hydro_reservoir,2030,39,7,7,0.21851851851851853
6104,hydro_reservoir,2030,39,8,8,0.24973544973544975
6105,hydro_reservoir,2030,39,9,9,0.28095238095238095
6106,hydro_reservoir,2030,39,10,10,0.31216931216931215
6107,hydro_reservoir,2030,39,11,11,0.34338624338624335
6108,hydro_reservoir,2030,39,12,12,0.37460317460317455
6109,hydro_reservoir,2030,39,13,13,0.40582010582010575
6110,hydro_reservoir,2030,39,14,14,0.43703703703703695
6111,hydro_reservoir,2030,39,15,15,0.46825396825396814
6112,hydro_reservoir,2030,39,16,16,0.49947089947089934
6113,hydro_reservoir,2030,39,17,17,0.5306878306878305
6114,hydro_reservoir,2030,39,18,18,0.5619047619047618
6115,hydro_reservoir,2030,39,19,19,0.593121693121693
6116,hydro_reservoir,2030,39,20,20,0.6243386243386243
6117,hydro_reservoir,2030,39,21,21,0.6555555555555556
6118,hydro_reservoir,2030,39,22,22,0.6867724867724868
6119,hydro_reservoir,2030,39,23,23,0.7179894179894181
6120,hydro_reservoir,2030,39,24,24,0.7492063492063493
6121,hydro_reservoir,2030,40,1,1,0.004805157188814538
6122,hydro_reservoir,2030,40,2,2,0.04431133002832071
6123,hydro_reservoir,2030,40,3,3,0.08381750286782688
6124,hydro_reservoir,2030,40,4,4,0.12332367570733305
6125,hydro_reservoir,2030,40,5,5,0.1628298485468392
6126,hydro_reservoir,2030,40,6,6,0.20233602138634538
6127,hydro_reservoir,2030,40,7,7,0.24184219422585154
6128,hydro_reservoir,2030,40,8,8,0.2813483670653577
6129,hydro_reservoir,2030,40,9,9,0.3208545399048639
6130,hydro_reservoir,2030,40,10,10,0.3603607127443701
6131,hydro_reservoir,2030,40,11,11,0.3998668855838763
6132,hydro_reservoir,2030,40,12,12,0.4393730584233825
6133,hydro_reservoir,2030,40,13,13,0.47887923126288867
6134,hydro_reservoir,2030,40,14,14,0.5183854041023949
6135,hydro_reservoir,2030,40,15,15,0.5578915769419011
6136,hydro_reservoir,2030,40,16,16,0.5973977497814073
6137,hydro_reservoir,2030,40,17,17,0.6369039226209134
6138,hydro_reservoir,2030,40,18,18,0.6764100954604196
6139,hydro_reservoir,2030,40,19,19,0.7159162682999258
6140,hydro_reservoir,2030,40,20,20,0.755422441139432
6141,hydro_reservoir,2030,40,21,21,0.7949286139789382
6142,hydro_reservoir,2030,40,22,22,0.8344347868184444
6143,hydro_reservoir,2030,40,23,23,0.8739409596579506
6144,hydro_reservoir,2030,40,24,24,0.9134471324974568
6145,hydro_reservoir,2030,41,1,1,0.0236331569664903
6146,hydro_reservoir,2030,41,2,2,0.0472663139329806
6147,hydro_reservoir,2030,41,3,3,0.0708994708994709
6148,hydro_reservoir,2030,41,4,4,0.0945326278659612
6149,hydro_reservoir,2030,41,5,5,0.11816578483245149
6150,hydro_reservoir,2030,41,6,6,0.14179894179894179
6151,hydro_reservoir,2030,41,7,7,0.16543209876543208
6152,hydro_reservoir,2030,41,8,8,0.18906525573192237
6153,hydro_reservoir,2030,41,9,9,0.21269841269841266
6154,hydro_reservoir,2030,41,10,10,0.23633156966490296
6155,hydro_reservoir,2030,41,11,11,0.25996472663139325
6156,hydro_reservoir,2030,41,12,12,0.28359788359788357
6157,hydro_reservoir,2030,41,13,13,0.3072310405643739
6158,hydro_reservoir,2030,41,14,14,0.3308641975308642
6159,hydro_reservoir,2030,41,15,15,0.35449735449735453
6160,hydro_reservoir,2030,41,16,16,0.37813051146384485
6161,hydro_reservoir,2030,41,17,17,0.4017636684303352
6162,hydro_reservoir,2030,41,18,18,0.4253968253968255
6163,hydro_reservoir,2030,41,19,19,0.4490299823633158
6164,hydro_reservoir,2030,41,20,20,0.47266313932980614
6165,hydro_reservoir,2030,41,21,21,0.49629629629629646
6166,hydro_reservoir,2030,41,22,22,0.5199294532627867
6167,hydro_reservoir,2030,41,23,23,0.543562610229277
6168,hydro_reservoir,2030,41,24,24,0.5671957671957673
6169,hydro_reservoir,2030,42,1,1,0.026278659611992945
6170,hydro_reservoir,2030,42,2,2,0.05255731922398589
6171,hydro_reservoir,2030,42,3,3,0.07883597883597884
6172,hydro_reservoir,2030,42,4,4,0.10511463844797178
6173,hydro_reservoir,2030,42,5,5,0.13139329805996472
6174,hydro_reservoir,2030,42,6,6,0.15767195767195766
6175,hydro_reservoir,2030,42,7,7,0.1839506172839506
6176,hydro_reservoir,2030,42,8,8,0.18915636921953544
6177,hydro_reservoir,2030,42,9,9,0.12081329042306463
6178,hydro_reservoir,2030,42,10,10,-0.005912104635945719
6179,hydro_reservoir,2030,42,11,11,-0.21415144898867805
6180,hydro_reservoir,2030,42,12,12,-0.37856709665295596
6181,hydro_reservoir,2030,42,13,13,-0.5631537897199642
6182,hydro_reservoir,2030,42,14,14,-0.7774233164808365
6183,hydro_reservoir,2030,42,15,15,-0.9472719123306266
6184,hydro_reservoir,2030,42,16,16,-1.0747993055299057
6185,hydro_reservoir,2030,42,17,17,-1.1625756544810397
6186,hydro_reservoir,2030,42,18,18,-1.232203863146264
6187,hydro_reservoir,2030,42,19,19,-1.2600872142354833
6188,hydro_reservoir,2030,42,20,20,-1.2359177842348614
6189,hydro_reservoir,2030,42,21,21,-1.2096391246228684
6190,hydro_reservoir,2030,42,22,22,-1.1833604650108753
6191,hydro_reservoir,2030,42,23,23,-1.1570818053988823
6192,hydro_reservoir,2030,42,24,24,-1.1308031457868892
6193,hydro_reservoir,2030,43,1,1,0.028395061728395062
6194,hydro_reservoir,2030,43,2,2,0.056790123456790124
6195,hydro_reservoir,2030,43,3,3,0.08518518518518518
6196,hydro_reservoir,2030,43,4,4,0.11358024691358025
6197,hydro_reservoir,2030,43,5,5,0.1419753086419753
6198,hydro_reservoir,2030,43,6,6,0.17037037037037037
6199,hydro_reservoir,2030,43,7,7,0.19876543209876543
6200,hydro_reservoir,2030,43,8,8,0.2271604938271605
6201,hydro_reservoir,2030,43,9,9,0.25555555555555554
6202,hydro_reservoir,2030,43,10,10,0.2839506172839506
6203,hydro_reservoir,2030,43,11,11,0.31234567901234567
6204,hydro_reservoir,2030,43,12,12,0.34074074074074073
6205,hydro_reservoir,2030,43,13,13,0.3691358024691358
6206,hydro_reservoir,2030,43,14,14,0.39753086419753086
6207,hydro_reservoir,2030,43,15,15,0.42592592592592593
6208,hydro_reservoir,2030,43,16,16,0.454320987654321
6209,hydro_reservoir,2030,43,17,17,0.48271604938271606
6210,hydro_reservoir,2030,43,18,18,0.5111111111111111
6211,hydro_reservoir,2030,43,19,19,0.5395061728395061
6212,hydro_reservoir,2030,43,20,20,0.5679012345679011
6213,hydro_reservoir,2030,43,21,21,0.5962962962962961
6214,hydro_reservoir,2030,43,22,22,0.6246913580246911
6215,hydro_reservoir,2030,43,23,23,0.6530864197530861
6216,hydro_reservoir,2030,43,24,24,0.6814814814814811
6217,hydro_reservoir,2030,44,1,1,0.032980599647266316
6218,hydro_reservoir,2030,44,2,2,0.06596119929453263
6219,hydro_reservoir,2030,44,3,3,0.09894179894179894
6220,hydro_reservoir,2030,44,4,4,0.13192239858906527
6221,hydro_reservoir,2030,44,5,5,0.1649029982363316
6222,hydro_reservoir,2030,44,6,6,0.1978835978835979
6223,hydro_reservoir,2030,44,7,7,0.23086419753086423
6224,hydro_reservoir,2030,44,8,8,0.26384479717813053
6225,hydro_reservoir,2030,44,9,9,0.2968253968253968
6226,hydro_reservoir,2030,44,10,10,0.3298059964726631
6227,hydro_reservoir,2030,44,11,11,0.3627865961199294
6228,hydro_reservoir,2030,44,12,12,0.3957671957671957
6229,hydro_reservoir,2030,44,13,13,0.428747795414462
6230,hydro_reservoir,2030,44,14,14,0.4617283950617283
6231,hydro_reservoir,2030,44,15,15,0.4947089947089946
6232,hydro_reservoir,2030,44,16,16,0.527689594356261
6233,hydro_reservoir,2030,44,17,17,0.5606701940035272
6234,hydro_reservoir,2030,44,18,18,0.5936507936507935
6235,hydro_reservoir,2030,44,19,19,0.6266313932980598
6236,hydro_reservoir,2030,44,20,20,0.6596119929453261
6237,hydro_reservoir,2030,44,21,21,0.6925925925925924
6238,hydro_reservoir,2030,44,22,22,0.7255731922398587
6239,hydro_reservoir,2030,44,23,23,0.758553791887125
6240,hydro_reservoir,2030,44,24,24,0.7915343915343913
6241,hydro_reservoir,2030,45,1,1,0.02416225749559083
6242,hydro_reservoir,2030,45,2,2,0.04832451499118166
6243,hydro_reservoir,2030,45,3,3,0.07248677248677249
6244,hydro_reservoir,2030,45,4,4,0.09664902998236331
6245,hydro_reservoir,2030,45,5,5,0.12081128747795414
6246,hydro_reservoir,2030,45,6,6,0.14497354497354498
6247,hydro_reservoir,2030,45,7,7,0.16913580246913582
6248,hydro_reservoir,2030,45,8,8,0.17913565676213095
6249,hydro_reservoir,2030,45,9,9,0.12740348469720708
6250,hydro_reservoir,2030,45,10,10,0.06277060154562217
6251,hydro_reservoir,2030,45,11,11,0.006019387545364449
6252,hydro_reservoir,2030,45,12,12,-0.006266638526085178
6253,hydro_reservoir,2030,45,13,13,-0.0013224651128642198
6254,hydro_reservoir,2030,45,14,14,0.02283979238272661
6255,hydro_reservoir,2030,45,15,15,0.04700204987831744
6256,hydro_reservoir,2030,45,16,16,0.07116430737390826
6257,hydro_reservoir,2030,45,17,17,0.09532656486949909
6258,hydro_reservoir,2030,45,18,18,0.11948882236508991
6259,hydro_reservoir,2030,45,19,19,0.14365107986068074
6260,hydro_reservoir,2030,45,20,20,0.16781333735627157
6261,hydro_reservoir,2030,45,21,21,0.1919755948518624
6262,hydro_reservoir,2030,45,22,22,0.21613785234745325
6263,hydro_reservoir,2030,45,23,23,0.2403001098430441
6264,hydro_reservoir,2030,45,24,24,0.26446236733863493
6265,hydro_reservoir,2030,46,1,1,0.026278659611992945
6266,hydro_reservoir,2030,46,2,2,0.05255731922398589
6267,hydro_reservoir,2030,46,3,3,0.07883597883597884
6268,hydro_reservoir,2030,46,4,4,0.10511463844797178
6269,hydro_reservoir,2030,46,5,5,0.13139329805996472
6270,hydro_reservoir,2030,46,6,6,0.15767195767195766
6271,hydro_reservoir,2030,46,7,7,0.1839506172839506
6272,hydro_reservoir,2030,46,8,8,0.18980802795919438
6273,hydro_reservoir,2030,46,9,9,0.11887891274282361
6274,hydro_reservoir,2030,46,10,10,0.01615032320464771
6275,hydro_reservoir,2030,46,11,11,-0.11237084012235296
6276,hydro_reservoir,2030,46,12,12,-0.2472707368015536
6277,hydro_reservoir,2030,46,13,13,-0.3979947445501073
6278,hydro_reservoir,2030,46,14,14,-0.5738103087088453
6279,hydro_reservoir,2030,46,15,15,-0.7119770566140654
6280,hydro_reservoir,2030,46,16,16,-0.8320168719027825
6281,hydro_reservoir,2030,46,17,17,-0.8981158453941969
6282,hydro_reservoir,2030,46,18,18,-0.9672061500068153
6283,hydro_reservoir,2030,46,19,19,-1.0101372221887353
6284,hydro_reservoir,2030,46,20,20,-1.0148466901778253
6285,hydro_reservoir,2030,46,21,21,-0.9934574114173802
6286,hydro_reservoir,2030,46,22,22,-0.9671787518053873
6287,hydro_reservoir,2030,46,23,23,-0.9631226283194593
6288,hydro_reservoir,2030,46,24,24,-0.9368439687074663
6289,hydro_reservoir,2030,47,1,1,0.033156966490299825
6290,hydro_reservoir,2030,47,2,2,0.06631393298059965
6291,hydro_reservoir,2030,47,3,3,0.09947089947089947
6292,hydro_reservoir,2030,47,4,4,0.1326278659611993
6293,hydro_reservoir,2030,47,5,5,0.1657848324514991
6294,hydro_reservoir,2030,47,6,6,0.19894179894179892
6295,hydro_reservoir,2030,47,7,7,0.23209876543209873
6296,hydro_reservoir,2030,47,8,8,0.26525573192239854
6297,hydro_reservoir,2030,47,9,9,0.29841269841269835
6298,hydro_reservoir,2030,47,10,10,0.33156966490299816
6299,hydro_reservoir,2030,47,11,11,0.364726631393298
6300,hydro_reservoir,2030,47,12,12,0.3978835978835978
6301,hydro_reservoir,2030,47,13,13,0.4310405643738976
6302,hydro_reservoir,2030,47,14,14,0.4641975308641974
6303,hydro_reservoir,2030,47,15,15,0.4973544973544972
6304,hydro_reservoir,2030,47,16,16,0.5305114638447971
6305,hydro_reservoir,2030,47,17,17,0.563668430335097
6306,hydro_reservoir,2030,47,18,18,0.5968253968253968
6307,hydro_reservoir,2030,47,19,19,0.6299823633156967
6308,hydro_reservoir,2030,47,20,20,0.6631393298059965
6309,hydro_reservoir,2030,47,21,21,0.6962962962962964
6310,hydro_reservoir,2030,47,22,22,0.7294532627865963
6311,hydro_reservoir,2030,47,23,23,0.7626102292768961
6312,hydro_reservoir,2030,47,24,24,0.795767195767196
6313,hydro_reservoir,2030,48,1,1,0.028747795414462082
6314,hydro_reservoir,2030,48,2,2,0.057495590828924165
6315,hydro_reservoir,2030,48,3,3,0.08624338624338625
6316,hydro_reservoir,2030,48,4,4,0.11499118165784833
6317,hydro_reservoir,2030,48,5,5,0.14373897707231043
6318,hydro_reservoir,2030,48,6,6,0.17248677248677252
6319,hydro_reservoir,2030,48,7,7,0.20123456790123462
6320,hydro_reservoir,2030,48,8,8,0.22998236331569671
6321,hydro_reservoir,2030,48,9,9,0.2587301587301588
6322,hydro_reservoir,2030,48,10,10,0.2874779541446209
6323,hydro_reservoir,2030,48,11,11,0.316225749559083
6324,hydro_reservoir,2030,48,12,12,0.3449735449735451
6325,hydro_reservoir,2030,48,13,13,0.3737213403880072
6326,hydro_reservoir,2030,48,14,14,0.4024691358024693
6327,hydro_reservoir,2030,48,15,15,0.4312169312169314
6328,hydro_reservoir,2030,48,16,16,0.4599647266313935
6329,hydro_reservoir,2030,48,17,17,0.4887125220458556
6330,hydro_reservoir,2030,48,18,18,0.5174603174603176
6331,hydro_reservoir,2030,48,19,19,0.5462081128747797
6332,hydro_reservoir,2030,48,20,20,0.5749559082892417
6333,hydro_reservoir,2030,48,21,21,0.6037037037037037
6334,hydro_reservoir,2030,48,22,22,0.6324514991181658
6335,hydro_reservoir,2030,48,23,23,0.6611992945326278
6336,hydro_reservoir,2030,48,24,24,0.6899470899470899
6337,hydro_reservoir,2030,49,1,1,0.08659611992945326
6338,hydro_reservoir,2030,49,2,2,0.17319223985890653
6339,hydro_reservoir,2030,49,3,3,0.2597883597883598
6340,hydro_reservoir,2030,49,4,4,0.34638447971781305
6341,hydro_reservoir,2030,49,5,5,0.4329805996472663
6342,hydro_reservoir,2030,49,6,6,0.5195767195767196
6343,hydro_reservoir,2030,49,7,7,0.6061728395061728
6344,hydro_reservoir,2030,49,8,8,0.6648443715218075
6345,hydro_reservoir,2030,49,9,9,0.7514404914512608
6346,hydro_reservoir,2030,49,10,10,0.8380366113807141
6347,hydro_reservoir,2030,49,11,11,0.9246327313101673
6348,hydro_reservoir,2030,49,12,12,1.0112288512396206
6349,hydro_reservoir,2030,49,13,13,1.0978249711690737
6350,hydro_reservoir,2030,49,14,14,1.184421091098527
6351,hydro_reservoir,2030,49,15,15,1.27101721102798
6352,hydro_reservoir,2030,49,16,16,1.3576133309574332
6353,hydro_reservoir,2030,49,17,17,1.4442094508868863
6354,hydro_reservoir,2030,49,18,18,1.5308055708163395
6355,hydro_reservoir,2030,49,19,19,1.6174016907457927
6356,hydro_reservoir,2030,49,20,20,1.7039978106752458
6357,hydro_reservoir,2030,49,21,21,1.790593930604699
6358,hydro_reservoir,2030,49,22,22,1.877190050534152
6359,hydro_reservoir,2030,49,23,23,1.9637861704636053
6360,hydro_reservoir,2030,49,24,24,2.0503822903930584
6361,hydro_reservoir,2030,50,1,1,0.039153439153439155
6362,hydro_reservoir,2030,50,2,2,0.07830687830687831
6363,hydro_reservoir,2030,50,3,3,0.11746031746031746
6364,hydro_reservoir,2030,50,4,4,0.15661375661375662
6365,hydro_reservoir,2030,50,5,5,0.19576719576719578
6366,hydro_reservoir,2030,50,6,6,0.23492063492063495
6367,hydro_reservoir,2030,50,7,7,0.2740740740740741
6368,hydro_reservoir,2030,50,8,8,0.2916722201756147
6369,hydro_reservoir,2030,50,9,9,0.2398549332405377
6370,hydro_reservoir,2030,50,10,10,0.14410923955659366
6371,hydro_reservoir,2030,50,11,11,-0.23300851832378577
6372,hydro_reservoir,2030,50,12,12,-0.3373575860230309
6373,hydro_reservoir,2030,50,13,13,-0.4485441229606675
6374,hydro_reservoir,2030,50,14,14,-0.5378854255042778
6375,hydro_reservoir,2030,50,15,15,-0.6010060488737625
6376,hydro_reservoir,2030,50,16,16,-0.6171945263682219
6377,hydro_reservoir,2030,50,17,17,-0.5780410872147828
6378,hydro_reservoir,2030,50,18,18,-0.5388876480613436
6379,hydro_reservoir,2030,50,19,19,-0.49973420890790443
6380,hydro_reservoir,2030,50,20,20,-0.46058076975446527
6381,hydro_reservoir,2030,50,21,21,-0.4214273306010261
6382,hydro_reservoir,2030,50,22,22,-0.38227389144758694
6383,hydro_reservoir,2030,50,23,23,-0.3431204522941478
6384,hydro_reservoir,2030,50,24,24,-0.3039670131407086
6385,hydro_reservoir,2030,51,1,1,-0.3447224325473866
6386,hydro_reservoir,2030,51,2,2,-0.3080381291964165
6387,hydro_reservoir,2030,51,3,3,-0.2713538258454465
6388,hydro_reservoir,2030,51,4,4,-0.23466952249447642
6389,hydro_reservoir,2030,51,5,5,-0.1979852191435064
6390,hydro_reservoir,2030,51,6,6,-0.16130091579253628
6391,hydro_reservoir,2030,51,7,7,-0.12461661244156626
6392,hydro_reservoir,2030,51,8,8,-0.08793230909059616
6393,hydro_reservoir,2030,51,9,9,-0.051248005739626144
6394,hydro_reservoir,2030,51,10,10,-0.014563702388656043
6395,hydro_reservoir,2030,51,11,11,0.022120600962313976
6396,hydro_reservoir,2030,51,12,12,0.058804904313284084
6397,hydro_reservoir,2030,51,13,13,0.0954892076642541
6398,hydro_reservoir,2030,51,14,14,0.13217351101522418
6399,hydro_reservoir,2030,51,15,15,0.1688578143661942
6400,hydro_reservoir,2030,51,16,16,0.20554211771716424
6401,hydro_reservoir,2030,51,17,17,0.24222642106813427
6402,hydro_reservoir,2030,51,18,18,0.2789107244191043
6403,hydro_reservoir,2030,51,19,19,0.25932463360125785
6404,hydro_reservoir,2030,51,20,20,0.18275792496974133
6405,hydro_reservoir,2030,51,21,21,0.08181513151033433
6406,hydro_reservoir,2030,51,22,22,0.007956197858779906
6407,hydro_reservoir,2030,51,23,23,-0.035369283754818834
6408,hydro_reservoir,2030,51,24,24,-0.03527955490730048
6409,hydro_reservoir,2030,52,1,1,-0.9399463767020634
6410,hydro_reservoir,2030,52,2,2,-0.9076712444269311
6411,hydro_reservoir,2030,52,3,3,-0.8753961121517989
6412,hydro_reservoir,2030,52,4,4,-0.8431209798766667
6413,hydro_reservoir,2030,52,5,5,-0.8108458476015344
6414,hydro_reservoir,2030,52,6,6,-0.7785707153264022
6415,hydro_reservoir,2030,52,7,7,-0.74629558305127
6416,hydro_reservoir,2030,52,8,8,-0.7140204507761377
6417,hydro_reservoir,2030,52,9,9,-0.6964548879419378
6418,hydro_reservoir,2030,52,10,10,-0.6895367656776197
6419,hydro_reservoir,2030,52,11,11,-0.6898136639899217
6420,hydro_reservoir,2030,52,12,12,-0.7041502081732338
6421,hydro_reservoir,2030,52,13,13,-0.7423013803319357
6422,hydro_reservoir,2030,52,14,14,-0.7560268404759833
6423,hydro_reservoir,2030,52,15,15,-0.7655859368887434
6424,hydro_reservoir,2030,52,16,16,-0.7751688235026598
6425,hydro_reservoir,2030,52,17,17,-0.7796872123195817
6426,hydro_reservoir,2030,52,18,18,-0.8329818561884864
6427,hydro_reservoir,2030,52,19,19,-0.8791244793647902
6428,hydro_reservoir,2030,52,20,20,-0.8847882214481666
6429,hydro_reservoir,2030,52,21,21,-0.8650618217452231
6430,hydro_reservoir,2030,52,22,22,-0.8327866894700908
6431,hydro_reservoir,2030,52,23,23,-0.8476893345386564
6432,hydro_reservoir,2030,52,24,24,-0.8154142022635241
6433,hydro_reservoir,2030,53,1,1,0.07738571157287899
6434,hydro_reservoir,2030,53,2,2,0.14823580371315884
6435,hydro_reservoir,2030,53,3,3,0.2019649502264756
6436,hydro_reservoir,2030,53,4,4,0.24285641599320765
6437,hydro_reservoir,2030,53,5,5,0.2848411070641227
6438,hydro_reservoir,2030,53,6,6,0.37143722699357595
6439,hydro_reservoir,2030,53,7,7,0.4580333469230292
6440,hydro_reservoir,2030,53,8,8,0.5446294668524825
6441,hydro_reservoir,2030,53,9,9,-0.36877441321806426
6442,hydro_reservoir,2030,53,10,10,-0.2839292358649985
6443,hydro_reservoir,2030,53,11,11,-0.22719174992010005
6444,hydro_reservoir,2030,53,12,12,-0.16188909089077475
6445,hydro_reservoir,2030,53,13,13,-0.07529297096132148
6446,hydro_reservoir,2030,53,14,14,0.011303148968131782
6447,hydro_reservoir,2030,53,15,15,0.09789926889758505
6448,hydro_reservoir,2030,53,16,16,0.1844953888270383
6449,hydro_reservoir,2030,53,17,17,0.2710915087564916
6450,hydro_reservoir,2030,53,18,18,0.35768762868594484
6451,hydro_reservoir,2030,53,19,19,0.4442837486153981
6452,hydro_reservoir,2030,53,20,20,0.5308798685448514
6453,hydro_reservoir,2030,53,21,21,0.6174759884743046
6454,hydro_reservoir,2030,53,22,22,0.7040721084037579
6455,hydro_reservoir,2030,53,23,23,0.7906682283332112
6456,hydro_reservoir,2030,53,24,24,0.8772643482626644
6457,hydro_reservoir,2030,54,1,1,-0.6708482960055406
6458,hydro_reservoir,2030,54,2,2,-0.6355749273988387
6459,hydro_reservoir,2030,54,3,3,-0.6003015587921368
6460,hydro_reservoir,2030,54,4,4,-0.5650281901854348
6461,hydro_reservoir,2030,54,5,5,-0.5297548215787329
6462,hydro_reservoir,2030,54,6,6,-0.494481452972031
6463,hydro_reservoir,2030,54,7,7,-0.45920808436532906
6464,hydro_reservoir,2030,54,8,8,-0.4239347157586271
6465,hydro_reservoir,2030,54,9,9,-0.3886613471519252
6466,hydro_reservoir,2030,54,10,10,-0.35338797854522325
6467,hydro_reservoir,2030,54,11,11,-0.3181146099385213
6468,hydro_reservoir,2030,54,12,12,-0.2828412413318193
6469,hydro_reservoir,2030,54,13,13,-0.2475678727251174
6470,hydro_reservoir,2030,54,14,14,-0.21229450411841547
6471,hydro_reservoir,2030,54,15,15,-0.17702113551171353
6472,hydro_reservoir,2030,54,16,16,-0.1417477669050116
6473,hydro_reservoir,2030,54,17,17,-0.10647439829830965
6474,hydro_reservoir,2030,54,18,18,-0.07120102969160771
6475,hydro_reservoir,2030,54,19,19,-0.035927661084905776
6476,hydro_reservoir,2030,54,20,20,-0.0006542924782038384
6477,hydro_reservoir,2030,54,21,21,0.0346190761284981
6478,hydro_reservoir,2030,54,22,22,0.06989244473520004
6479,hydro_reservoir,2030,54,23,23,0.10516581334190198
6480,hydro_reservoir,2030,54,24,24,0.14043918194860391
6481,hydro_reservoir,2030,55,1,1,0.052028218694885366
6482,hydro_reservoir,2030,55,2,2,0.10405643738977073
6483,hydro_reservoir,2030,55,3,3,0.1560846560846561
6484,hydro_reservoir,2030,55,4,4,0.20811287477954146
6485,hydro_reservoir,2030,55,5,5,0.2601410934744268
6486,hydro_reservoir,2030,55,6,6,0.3121693121693122
6487,hydro_reservoir,2030,55,7,7,0.3641975308641976
6488,hydro_reservoir,2030,55,8,8,0.28020100202799647
6489,hydro_reservoir,2030,55,9,9,0.10726803396208376
6490,hydro_reservoir,2030,55,10,10,-0.11788990227032997
6491,hydro_reservoir,2030,55,11,11,-0.36114242291981935
6492,hydro_reservoir,2030,55,12,12,-0.6359802291890626
6493,hydro_reservoir,2030,55,13,13,-0.9362319265250372
6494,hydro_reservoir,2030,55,14,14,-1.2409612327575572
6495,hydro_reservoir,2030,55,15,15,-1.532205110258145
6496,hydro_reservoir,2030,55,16,16,-1.8145584261837047
6497,hydro_reservoir,2030,55,17,17,-2.086350403356133
6498,hydro_reservoir,2030,55,18,18,-2.3494514430951168
6499,hydro_reservoir,2030,55,19,19,-2.5605991809506783
6500,hydro_reservoir,2030,55,20,20,-2.674206560897451
6501,hydro_reservoir,2030,55,21,21,-2.6384991867668175
6502,hydro_reservoir,2030,55,22,22,-2.586470968071932
6503,hydro_reservoir,2030,55,23,23,-2.534442749377047
6504,hydro_reservoir,2030,55,24,24,-2.4824145306821617
6505,hydro_reservoir,2030,56,1,1,-0.25934074081122105
6506,hydro_reservoir,2030,56,2,2,-0.1743319224690695
6507,hydro_reservoir,2030,56,3,3,-0.08932310412691782
6508,hydro_reservoir,2030,56,4,4,-0.004314285784766142
6509,hydro_reservoir,2030,56,5,5,0.08069453255738554
6510,hydro_reservoir,2030,56,6,6,0.16570335089953725
6511,hydro_reservoir,2030,56,7,7,0.25071216924168893
6512,hydro_reservoir,2030,56,8,8,0.3357209875838406
6513,hydro_reservoir,2030,56,9,9,0.4207298059259923
6514,hydro_reservoir,2030,56,10,10,0.505738624268144
6515,hydro_reservoir,2030,56,11,11,0.5907474426102957
6516,hydro_reservoir,2030,56,12,12,0.6757562609524473
6517,hydro_reservoir,2030,56,13,13,0.7150437990158698
6518,hydro_reservoir,2030,56,14,14,0.7163648035978095
6519,hydro_reservoir,2030,56,15,15,0.6930449474291456
6520,hydro_reservoir,2030,56,16,16,0.6372144936951967
6521,hydro_reservoir,2030,56,17,17,-0.2777766879626517
6522,hydro_reservoir,2030,56,18,18,-0.36213735506713807
6523,hydro_reservoir,2030,56,19,19,-0.4443203356254115
6524,hydro_reservoir,2030,56,20,20,-0.5044761302316747
6525,hydro_reservoir,2030,56,21,21,-0.5113714808774746
6526,hydro_reservoir,2030,56,22,22,-0.4407564704349579
6527,hydro_reservoir,2030,56,23,23,-0.4374015858229338
6528,hydro_reservoir,2030,56,24,24,-0.35239276748078213
6529,hydro_reservoir,2030,57,1,1,-0.5964462355645872
6530,hydro_reservoir,2030,57,2,2,-0.5537654595504778
6531,hydro_reservoir,2030,57,3,3,-0.5110846835363685
6532,hydro_reservoir,2030,57,4,4,-0.4684039075222592
6533,hydro_reservoir,2030,57,5,5,-0.42572313150814983
6534,hydro_reservoir,2030,57,6,6,-0.3830423554940405
6535,hydro_reservoir,2030,57,7,7,-0.3403615794799311
6536,hydro_reservoir,2030,57,8,8,-0.29768080346582176
6537,hydro_reservoir,2030,57,9,9,-0.2550000274517124
6538,hydro_reservoir,2030,57,10,10,-0.21231925143760308
6539,hydro_reservoir,2030,57,11,11,-0.16963847542349372
6540,hydro_reservoir,2030,57,12,12,-0.12695769940938437
6541,hydro_reservoir,2030,57,13,13,-0.08427692339527501
6542,hydro_reservoir,2030,57,14,14,-0.04159614738116566
6543,hydro_reservoir,2030,57,15,15,0.0010846286329436877
6544,hydro_reservoir,2030,57,16,16,0.04376540464705304
6545,hydro_reservoir,2030,57,17,17,0.08644618066116239
6546,hydro_reservoir,2030,57,18,18,0.12912695667527174
6547,hydro_reservoir,2030,57,19,19,0.1718077326893811
6548,hydro_reservoir,2030,57,20,20,0.21448850870349045
6549,hydro_reservoir,2030,57,21,21,0.2571692847175998
6550,hydro_reservoir,2030,57,22,22,0.29985006073170917
6551,hydro_reservoir,2030,57,23,23,0.3425308367458185
6552,hydro_reservoir,2030,57,24,24,0.3852116127599279
6553,hydro_reservoir,2030,58,1,1,-0.6267768331307956
6554,hydro_reservoir,2030,58,2,2,-0.5913270976810602
6555,hydro_reservoir,2030,58,3,3,-0.5558773622313248
6556,hydro_reservoir,2030,58,4,4,-0.5204276267815894
6557,hydro_reservoir,2030,58,5,5,-0.4849778913318539
6558,hydro_reservoir,2030,58,6,6,-0.4495281558821185
6559,hydro_reservoir,2030,58,7,7,-0.414078420432383
6560,hydro_reservoir,2030,58,8,8,-0.37862868498264757
6561,hydro_reservoir,2030,58,9,9,-0.3431789495329121
6562,hydro_reservoir,2030,58,10,10,-0.30772921408317666
6563,hydro_reservoir,2030,58,11,11,-0.2722794786334412
6564,hydro_reservoir,2030,58,12,12,-0.23682974318370575
6565,hydro_reservoir,2030,58,13,13,-0.2013800077339703
6566,hydro_reservoir,2030,58,14,14,-0.16593027228423485
6567,hydro_reservoir,2030,58,15,15,-0.13643922546187492
6568,hydro_reservoir,2030,58,16,16,-0.14153443461119286
6569,hydro_reservoir,2030,58,17,17,-0.12697849644905945
6570,hydro_reservoir,2030,58,18,18,-1.091528760999324
6571,hydro_reservoir,2030,58,19,19,-1.13520556485197
6572,hydro_reservoir,2030,58,20,20,-1.1640279424593136
6573,hydro_reservoir,2030,58,21,21,-1.1804189023148068
6574,hydro_reservoir,2030,58,22,22,-1.1449691668650714
6575,hydro_reservoir,2030,58,23,23,-1.1446766928166765
6576,hydro_reservoir,2030,58,24,24,-1.109226957366941
6577,hydro_reservoir,2030,59,1,1,-0.06975740893797985
6578,hydro_reservoir,2030,59,2,2,-0.033249472430043156
6579,hydro_reservoir,2030,59,3,3,0.0032584640778933506
6580,hydro_reservoir,2030,59,4,4,0.03976640058582993
6581,hydro_reservoir,2030,59,5,5,0.07627433709376644
6582,hydro_reservoir,2030,59,6,6,0.1127822736017029
6583,hydro_reservoir,2030,59,7,7,0.14929021010963942
6584,hydro_reservoir,2030,59,8,8,0.18579814661757588
6585,hydro_reservoir,2030,59,9,9,0.2223060831255124
6586,hydro_reservoir,2030,59,10,10,0.2588140196334489
6587,hydro_reservoir,2030,59,11,11,0.2953219561413854
6588,hydro_reservoir,2030,59,12,12,0.3318298926493219
6589,hydro_reservoir,2030,59,13,13,0.3683378291572584
6590,hydro_reservoir,2030,59,14,14,0.40484576566519487
6591,hydro_reservoir,2030,59,15,15,0.44135370217313136
6592,hydro_reservoir,2030,59,16,16,0.4778616386810678
6593,hydro_reservoir,2030,59,17,17,0.5143695751890043
6594,hydro_reservoir,2030,59,18,18,0.5508775116969408
6595,hydro_reservoir,2030,59,19,19,0.5873854482048773
6596,hydro_reservoir,2030,59,20,20,0.6238933847128137
6597,hydro_reservoir,2030,59,21,21,0.6604013212207502
6598,hydro_reservoir,2030,59,22,22,0.6969092577286867
6599,hydro_reservoir,2030,59,23,23,0.6556336819785931
6600,hydro_reservoir,2030,59,24,24,0.5801990511953811
6601,hydro_reservoir,2030,60,1,1,-0.06483894680824139
6602,hydro_reservoir,2030,60,2,2,-0.11740396351960618
6603,hydro_reservoir,2030,60,3,3,-0.14479582100430438
6604,hydro_reservoir,2030,60,4,4,-0.13796039329109394
6605,hydro_reservoir,2030,60,5,5,-0.10145245678315742
6606,hydro_reservoir,2030,60,6,6,-0.06494452027522091
6607,hydro_reservoir,2030,60,7,7,-0.028436583767284397
6608,hydro_reservoir,2030,60,8,8,0.008071352740652113
6609,hydro_reservoir,2030,60,9,9,0.04457928924858862
6610,hydro_reservoir,2030,60,10,10,0.08108722575652513
6611,hydro_reservoir,2030,60,11,11,0.11759516226446165
6612,hydro_reservoir,2030,60,12,12,0.15410309877239817
6613,hydro_reservoir,2030,60,13,13,0.19061103528033468
6614,hydro_reservoir,2030,60,14,14,0.2271189717882712
6615,hydro_reservoir,2030,60,15,15,0.2636269082962077
6616,hydro_reservoir,2030,60,16,16,0.3001348448041442
6617,hydro_reservoir,2030,60,17,17,0.3366427813120807
6618,hydro_reservoir,2030,60,18,18,0.3731507178200172
6619,hydro_reservoir,2030,60,19,19,0.4096586543279537
6620,hydro_reservoir,2030,60,20,20,0.44616659083589016
6621,hydro_reservoir,2030,60,21,21,0.48267452734382665
6622,hydro_reservoir,2030,60,22,22,0.5191824638517631
6623,hydro_reservoir,2030,60,23,23,0.5556904003596996
6624,hydro_reservoir,2030,60,24,24,0.5921983368676361
6625,hydro_reservoir,2030,61,1,1,-0.05325482737985841
6626,hydro_reservoir,2030,61,2,2,-0.01621779034282149
6627,hydro_reservoir,2030,61,3,3,0.020819246694215546
6628,hydro_reservoir,2030,61,4,4,0.05785628373125247
6629,hydro_reservoir,2030,61,5,5,0.0948933207682895
6630,hydro_reservoir,2030,61,6,6,0.13193035780532641
6631,hydro_reservoir,2030,61,7,7,0.16896739484236345
6632,hydro_reservoir,2030,61,8,8,0.20600443187940037
6633,hydro_reservoir,2030,61,9,9,0.2430414689164374
6634,hydro_reservoir,2030,61,10,10,0.28007850595347433
6635,hydro_reservoir,2030,61,11,11,0.31711554299051137
6636,hydro_reservoir,2030,61,12,12,0.3541525800275484
6637,hydro_reservoir,2030,61,13,13,0.39118961706458544
6638,hydro_reservoir,2030,61,14,14,0.4282266541016225
6639,hydro_reservoir,2030,61,15,15,0.4652636911386595
6640,hydro_reservoir,2030,61,16,16,0.5023007281756966
6641,hydro_reservoir,2030,61,17,17,0.5393377652127336
6642,hydro_reservoir,2030,61,18,18,0.5763748022497706
6643,hydro_reservoir,2030,61,19,19,0.6134118392868076
6644,hydro_reservoir,2030,61,20,20,0.6504488763238447
6645,hydro_reservoir,2030,61,21,21,0.6874859133608817
6646,hydro_reservoir,2030,61,22,22,0.7245229503979187
6647,hydro_reservoir,2030,61,23,23,0.7615599874349558
6648,hydro_reservoir,2030,61,24,24,0.7985970244719929
6649,hydro_reservoir,2030,62,1,1,-0.4315415026222636
6650,hydro_reservoir,2030,62,2,2,-0.4001482045622989
6651,hydro_reservoir,2030,62,3,3,-0.36875490650233417
6652,hydro_reservoir,2030,62,4,4,-0.33736160844236945
6653,hydro_reservoir,2030,62,5,5,-0.30596831038240474
6654,hydro_reservoir,2030,62,6,6,-0.27457501232244
6655,hydro_reservoir,2030,62,7,7,-0.2431817142624753
6656,hydro_reservoir,2030,62,8,8,-0.2117884162025106
6657,hydro_reservoir,2030,62,9,9,-0.18039511814254588
6658,hydro_reservoir,2030,62,10,10,-0.14900182008258117
6659,hydro_reservoir,2030,62,11,11,-0.11760852202261646
6660,hydro_reservoir,2030,62,12,12,-0.08621522396265174
6661,hydro_reservoir,2030,62,13,13,-0.10141714587830061
6662,hydro_reservoir,2030,62,14,14,-0.1590765163293645
6663,hydro_reservoir,2030,62,15,15,-0.25492732323720624
6664,hydro_reservoir,2030,62,16,16,-0.3802915404732902
6665,hydro_reservoir,2030,62,17,17,-0.5035473902064216
6666,hydro_reservoir,2030,62,18,18,-0.5945602730291044
6667,hydro_reservoir,2030,62,19,19,-0.644332731789824
6668,hydro_reservoir,2030,62,20,20,-0.6451536392750516
6669,hydro_reservoir,2030,62,21,21,-0.6137603412150869
6670,hydro_reservoir,2030,62,22,22,-0.5823670431551222
6671,hydro_reservoir,2030,62,23,23,-0.5509737450951575
6672,hydro_reservoir,2030,62,24,24,-0.5195804470351928
6673,hydro_reservoir,2030,63,1,1,-0.02814078150421484
6674,hydro_reservoir,2030,63,2,2,0.010836290806190918
6675,hydro_reservoir,2030,63,3,3,0.049813363116596565
6676,hydro_reservoir,2030,63,4,4,0.08879043542700232
6677,hydro_reservoir,2030,63,5,5,0.12776750773740797
6678,hydro_reservoir,2030,63,6,6,0.16674458004781367
6679,hydro_reservoir,2030,63,7,7,0.08011926988257667
6680,hydro_reservoir,2030,63,8,8,0.11909634219298232
6681,hydro_reservoir,2030,63,9,9,0.15807341450338797
6682,hydro_reservoir,2030,63,10,10,-0.13105633888423218
6683,hydro_reservoir,2030,63,11,11,-0.09207926657382653
6684,hydro_reservoir,2030,63,12,12,-0.05310219426342089
6685,hydro_reservoir,2030,63,13,13,-0.01412512195301524
6686,hydro_reservoir,2030,63,14,14,0.024851950357390407
6687,hydro_reservoir,2030,63,15,15,0.06382902266779605
6688,hydro_reservoir,2030,63,16,16,0.1028060949782017
6689,hydro_reservoir,2030,63,17,17,0.14178316728860735
6690,hydro_reservoir,2030,63,18,18,0.180760239599013
6691,hydro_reservoir,2030,63,19,19,0.21973731190941864
6692,hydro_reservoir,2030,63,20,20,0.2587143842198243
6693,hydro_reservoir,2030,63,21,21,0.29769145653022994
6694,hydro_reservoir,2030,63,22,22,0.3366685288406356
6695,hydro_reservoir,2030,63,23,23,0.37564560115104123
6696,hydro_reservoir,2030,63,24,24,0.4146226734614469
6697,hydro_reservoir,2030,64,1,1,0.032275132275132276
6698,hydro_reservoir,2030,64,2,2,0.06455026455026455
6699,hydro_reservoir,2030,64,3,3,0.09682539682539683
6700,hydro_reservoir,2030,64,4,4,0.1291005291005291
6701,hydro_reservoir,2030,64,5,5,0.1613756613756614
6702,hydro_reservoir,2030,64,6,6,0.19365079365079368
6703,hydro_reservoir,2030,64,7,7,0.22592592592592597
6704,hydro_reservoir,2030,64,8,8,0.25820105820105826
6705,hydro_reservoir,2030,64,9,9,0.29047619047619055
6706,hydro_reservoir,2030,64,10,10,0.32275132275132284
6707,hydro_reservoir,2030,64,11,11,0.35502645502645513
6708,hydro_reservoir,2030,64,12,12,0.3873015873015874
6709,hydro_reservoir,2030,64,13,13,0.4195767195767197
6710,hydro_reservoir,2030,64,14,14,0.451851851851852
6711,hydro_reservoir,2030,64,15,15,0.4841269841269843
6712,hydro_reservoir,2030,64,16,16,0.5164021164021165
6713,hydro_reservoir,2030,64,17,17,0.5486772486772488
6714,hydro_reservoir,2030,64,18,18,0.580952380952381
6715,hydro_reservoir,2030,64,19,19,0.6132275132275132
6716,hydro_reservoir,2030,64,20,20,0.6455026455026455
6717,hydro_reservoir,2030,64,21,21,0.6777777777777777
6718,hydro_reservoir,2030,64,22,22,0.7100529100529099
6719,hydro_reservoir,2030,64,23,23,0.7423280423280422
6720,hydro_reservoir,2030,64,24,24,0.7746031746031744
6721,hydro_reservoir,2030,65,1,1,-0.770259416212248
6722,hydro_reservoir,2030,65,2,2,-0.714880227499726
6723,hydro_reservoir,2030,65,3,3,-0.659501038787204
6724,hydro_reservoir,2030,65,4,4,-0.604121850074682
6725,hydro_reservoir,2030,65,5,5,-0.54874266136216
6726,hydro_reservoir,2030,65,6,6,-0.4933634726496381
6727,hydro_reservoir,2030,65,7,7,-0.437984283937116
6728,hydro_reservoir,2030,65,8,8,-0.38260509522459407
6729,hydro_reservoir,2030,65,9,9,-0.327225906512072
6730,hydro_reservoir,2030,65,10,10,-1.2222943336101828
6731,hydro_reservoir,2030,65,11,11,-1.1669151448976607
6732,hydro_reservoir,2030,65,12,12,-1.1115359561851386
6733,hydro_reservoir,2030,65,13,13,-1.0561567674726164
6734,hydro_reservoir,2030,65,14,14,-1.0007775787600943
6735,hydro_reservoir,2030,65,15,15,-0.9453983900475722
6736,hydro_reservoir,2030,65,16,16,-0.89001920133505
6737,hydro_reservoir,2030,65,17,17,-0.834640012622528
6738,hydro_reservoir,2030,65,18,18,-0.7792608239100057
6739,hydro_reservoir,2030,65,19,19,-0.7238816351974837
6740,hydro_reservoir,2030,65,20,20,-0.6685024464849615
6741,hydro_reservoir,2030,65,21,21,-0.6131232577724395
6742,hydro_reservoir,2030,65,22,22,-0.5577440690599172
6743,hydro_reservoir,2030,65,23,23,-0.5023648803473952
6744,hydro_reservoir,2030,65,24,24,-0.4469856916348733
6745,hydro_reservoir,2030,66,1,1,0.018870693515499373
6746,hydro_reservoir,2030,66,2,2,0.0520276600057992
6747,hydro_reservoir,2030,66,3,3,0.061565488636009955
6748,hydro_reservoir,2030,66,4,4,0.09472245512630978
6749,hydro_reservoir,2030,66,5,5,0.053618090175192756
6750,hydro_reservoir,2030,66,6,6,0.08677505666549258
6751,hydro_reservoir,2030,66,7,7,0.1199320231557924
6752,hydro_reservoir,2030,66,8,8,-0.24850787215444592
6753,hydro_reservoir,2030,66,9,9,-0.2153509056641461
6754,hydro_reservoir,2030,66,10,10,-0.1821939391738463
6755,hydro_reservoir,2030,66,11,11,-0.1490369726835465
6756,hydro_reservoir,2030,66,12,12,-0.11588000619324668
6757,hydro_reservoir,2030,66,13,13,-0.08272303970294685
6758,hydro_reservoir,2030,66,14,14,-0.04956607321264703
6759,hydro_reservoir,2030,66,15,15,-0.016409106722347203
6760,hydro_reservoir,2030,66,16,16,0.016747859767952622
6761,hydro_reservoir,2030,66,17,17,0.04990482625825245
6762,hydro_reservoir,2030,66,18,18,0.08306179274855227
6763,hydro_reservoir,2030,66,19,19,0.1162187592388521
6764,hydro_reservoir,2030,66,20,20,0.14937572572915192
6765,hydro_reservoir,2030,66,21,21,0.18253269221945173
6766,hydro_reservoir,2030,66,22,22,0.21568965870975154
6767,hydro_reservoir,2030,66,23,23,0.24884662520005135
6768,hydro_reservoir,2030,66,24,24,0.28200359169035116
6769,hydro_reservoir,2030,67,1,1,0.0327620528964101
6770,hydro_reservoir,2030,67,2,2,0.07173912520681575
6771,hydro_reservoir,2030,67,3,3,0.11071619751722139
6772,hydro_reservoir,2030,67,4,4,0.14969326982762704
6773,hydro_reservoir,2030,67,5,5,0.1886703421380327
6774,hydro_reservoir,2030,67,6,6,0.22764741444843833
6775,hydro_reservoir,2030,67,7,7,0.266624486758844
6776,hydro_reservoir,2030,67,8,8,0.30560155906924963
6777,hydro_reservoir,2030,67,9,9,0.3445786313796553
6778,hydro_reservoir,2030,67,10,10,0.3835557036900609
6779,hydro_reservoir,2030,67,11,11,0.42253277600046657
6780,hydro_reservoir,2030,67,12,12,0.4615098483108722
6781,hydro_reservoir,2030,67,13,13,0.5004869206212779
6782,hydro_reservoir,2030,67,14,14,0.5394639929316836
6783,hydro_reservoir,2030,67,15,15,0.5784410652420893
6784,hydro_reservoir,2030,67,16,16,0.617418137552495
6785,hydro_reservoir,2030,67,17,17,0.6563952098629007
6786,hydro_reservoir,2030,67,18,18,0.6953722821733064
6787,hydro_reservoir,2030,67,19,19,0.7343493544837121
6788,hydro_reservoir,2030,67,20,20,0.7733264267941178
6789,hydro_reservoir,2030,67,21,21,0.8123034991045235
6790,hydro_reservoir,2030,67,22,22,0.8512805714149292
6791,hydro_reservoir,2030,67,23,23,0.8902576437253349
6792,hydro_reservoir,2030,67,24,24,0.9292347160357405
6793,hydro_reservoir,2030,68,1,1,0.03597883597883598
6794,hydro_reservoir,2030,68,2,2,0.07195767195767196
6795,hydro_reservoir,2030,68,3,3,0.10793650793650794
6796,hydro_reservoir,2030,68,4,4,0.1439153439153439
6797,hydro_reservoir,2030,68,5,5,0.17989417989417988
6798,hydro_reservoir,2030,68,6,6,0.21587301587301586
6799,hydro_reservoir,2030,68,7,7,0.2518518518518518
6800,hydro_reservoir,2030,68,8,8,0.2878306878306878
6801,hydro_reservoir,2030,68,9,9,0.3238095238095238
6802,hydro_reservoir,2030,68,10,10,0.3597883597883598
6803,hydro_reservoir,2030,68,11,11,0.3646557152109847
6804,hydro_reservoir,2030,68,12,12,0.3372371847104463
6805,hydro_reservoir,2030,68,13,13,0.30020958486921373
6806,hydro_reservoir,2030,68,14,14,0.2761205003606922
6807,hydro_reservoir,2030,68,15,15,0.26389918918789473
6808,hydro_reservoir,2030,68,16,16,0.2707078896778693
6809,hydro_reservoir,2030,68,17,17,0.2051332326207577
6810,hydro_reservoir,2030,68,18,18,0.08560955551475542
6811,hydro_reservoir,2030,68,19,19,-0.07315225056499494
6812,hydro_reservoir,2030,68,20,20,-0.21254769855612501
6813,hydro_reservoir,2030,68,21,21,-0.31949491804540714
6814,hydro_reservoir,2030,68,22,22,-0.3693031717086169
6815,hydro_reservoir,2030,68,23,23,-0.47000313305785857
6816,hydro_reservoir,2030,68,24,24,-0.5130233483382087
6817,hydro_reservoir,2030,69,1,1,-0.8625358376407061
6818,hydro_reservoir,2030,69,2,2,-0.8293788711504062
6819,hydro_reservoir,2030,69,3,3,-0.7962219046601063
6820,hydro_reservoir,2030,69,4,4,-0.7630649381698065
6821,hydro_reservoir,2030,69,5,5,-0.7299079716795066
6822,hydro_reservoir,2030,69,6,6,-0.6967510051892067
6823,hydro_reservoir,2030,69,7,7,-0.6635940386989069
6824,hydro_reservoir,2030,69,8,8,-0.630437072208607
6825,hydro_reservoir,2030,69,9,9,-0.5972801057183071
6826,hydro_reservoir,2030,69,10,10,-0.5641231392280073
6827,hydro_reservoir,2030,69,11,11,-0.5309661727377074
6828,hydro_reservoir,2030,69,12,12,-0.49780920624740754
6829,hydro_reservoir,2030,69,13,13,-0.46465223975710773
6830,hydro_reservoir,2030,69,14,14,-0.4314952732668079
6831,hydro_reservoir,2030,69,15,15,-0.3983383067765081
6832,hydro_reservoir,2030,69,16,16,-0.3651813402862083
6833,hydro_reservoir,2030,69,17,17,-0.3320243737959085
6834,hydro_reservoir,2030,69,18,18,-0.2988674073056087
6835,hydro_reservoir,2030,69,19,19,-0.26571044081530887
6836,hydro_reservoir,2030,69,20,20,-0.23255347432500906
6837,hydro_reservoir,2030,69,21,21,-0.19939650783470925
6838,hydro_reservoir,2030,69,22,22,-0.16623954134440944
6839,hydro_reservoir,2030,69,23,23,-0.1330825748541096
6840,hydro_reservoir,2030,69,24,24,-0.09992560836380977
6841,hydro_reservoir,2030,70,1,1,-0.19049864766254124
6842,hydro_reservoir,2030,70,2,2,-0.12242104625160649
6843,hydro_reservoir,2030,70,3,3,-0.054343444840671745
6844,hydro_reservoir,2030,70,4,4,0.013734156570263
6845,hydro_reservoir,2030,70,5,5,0.08181175798119775
6846,hydro_reservoir,2030,70,6,6,0.1498893593921325
6847,hydro_reservoir,2030,70,7,7,0.21796696080306724
6848,hydro_reservoir,2030,70,8,8,0.286044562214002
6849,hydro_reservoir,2030,70,9,9,0.35412216362493676
6850,hydro_reservoir,2030,70,10,10,0.42219976503587153
6851,hydro_reservoir,2030,70,11,11,0.4902773664468063
6852,hydro_reservoir,2030,70,12,12,-0.3475984419981517
6853,hydro_reservoir,2030,70,13,13,-0.27952084058721693
6854,hydro_reservoir,2030,70,14,14,-0.2114432391762822
6855,hydro_reservoir,2030,70,15,15,-0.14336563776534744
6856,hydro_reservoir,2030,70,16,16,-0.0752880363544127
6857,hydro_reservoir,2030,70,17,17,-0.007210434943477957
6858,hydro_reservoir,2030,70,18,18,-0.0034189607285054005
6859,hydro_reservoir,2030,70,19,19,-0.039306717892997556
6860,hydro_reservoir,2030,70,20,20,-0.9712291164820628
6861,hydro_reservoir,2030,70,21,21,-0.9849593204092054
6862,hydro_reservoir,2030,70,22,22,-0.9168817189982706
6863,hydro_reservoir,2030,70,23,23,-0.8618299115392248
6864,hydro_reservoir,2030,70,24,24,-0.7937523101282901
6865,hydro_reservoir,2030,71,1,1,-0.2779455366901656
6866,hydro_reservoir,2030,71,2,2,-0.23879209753672642
6867,hydro_reservoir,2030,71,3,3,-0.19963865838328726
6868,hydro_reservoir,2030,71,4,4,-0.1604852192298481
6869,hydro_reservoir,2030,71,5,5,-0.12133178007640895
6870,hydro_reservoir,2030,71,6,6,-0.08217834092296977
6871,hydro_reservoir,2030,71,7,7,-0.04302490176953062
6872,hydro_reservoir,2030,71,8,8,-0.003871462616091448
6873,hydro_reservoir,2030,71,9,9,0.03528197653734771
6874,hydro_reservoir,2030,71,10,10,0.07443541569078688
6875,hydro_reservoir,2030,71,11,11,0.11358885484422603
6876,hydro_reservoir,2030,71,12,12,0.1527422939976652
6877,hydro_reservoir,2030,71,13,13,0.19189573315110436
6878,hydro_reservoir,2030,71,14,14,0.23104917230454353
6879,hydro_reservoir,2030,71,15,15,0.2702026114579827
6880,hydro_reservoir,2030,71,16,16,0.30935605061142185
6881,hydro_reservoir,2030,71,17,17,0.348509489764861
6882,hydro_reservoir,2030,71,18,18,0.3876629289183002
6883,hydro_reservoir,2030,71,19,19,0.42681636807173934
6884,hydro_reservoir,2030,71,20,20,0.46596980722517845
6885,hydro_reservoir,2030,71,21,21,0.5051232463786176
6886,hydro_reservoir,2030,71,22,22,0.5442766855320568
6887,hydro_reservoir,2030,71,23,23,0.5834301246854959
6888,hydro_reservoir,2030,71,24,24,0.6225835638389351
6889,hydro_reservoir,2030,72,1,1,-0.7919278611744671
6890,hydro_reservoir,2030,72,2,2,-0.7238502597635323
6891,hydro_reservoir,2030,72,3,3,-0.6557726583525976
6892,hydro_reservoir,2030,72,4,4,-0.5876950569416628
6893,hydro_reservoir,2030,72,5,5,-0.519617455530728
6894,hydro_reservoir,2030,72,6,6,-0.45153985411979325
6895,hydro_reservoir,2030,72,7,7,-0.3834622527088585
6896,hydro_reservoir,2030,72,8,8,-0.3153846512979237
6897,hydro_reservoir,2030,72,9,9,-0.26091126751850346
6898,hydro_reservoir,2030,72,10,10,-0.19283366610756872
6899,hydro_reservoir,2030,72,11,11,-0.12475606469663397
6900,hydro_reservoir,2030,72,12,12,-0.05667846328569923
6901,hydro_reservoir,2030,72,13,13,0.01139913812523552
6902,hydro_reservoir,2030,72,14,14,0.07947673953617027
6903,hydro_reservoir,2030,72,15,15,0.147554340947105
6904,hydro_reservoir,2030,72,16,16,0.21563194235803976
6905,hydro_reservoir,2030,72,17,17,0.2837095437689745
6906,hydro_reservoir,2030,72,18,18,0.3517871451799093
6907,hydro_reservoir,2030,72,19,19,0.41986474659084405
6908,hydro_reservoir,2030,72,20,20,0.4879423480017788
6909,hydro_reservoir,2030,72,21,21,0.5560199494127136
6910,hydro_reservoir,2030,72,22,22,0.6240975508236484
6911,hydro_reservoir,2030,72,23,23,0.6921751522345831
6912,hydro_reservoir,2030,72,24,24,0.7602527536455179
6913,hydro_reservoir,2030,73,1,1,0.08465608465608465
6914,hydro_reservoir,2030,73,2,2,0.1693121693121693
6915,hydro_reservoir,2030,73,3,3,0.25396825396825395
6916,hydro_reservoir,2030,73,4,4,0.3386243386243386
6917,hydro_reservoir,2030,73,5,5,0.42328042328042326
6918,hydro_reservoir,2030,73,6,6,0.5079365079365079
6919,hydro_reservoir,2030,73,7,7,0.5925925925925926
6920,hydro_reservoir,2030,73,8,8,0.6772486772486772
6921,hydro_reservoir,2030,73,9,9,0.7619047619047619
6922,hydro_reservoir,2030,73,10,10,0.8465608465608465
6923,hydro_reservoir,2030,73,11,11,0.9312169312169312
6924,hydro_reservoir,2030,73,12,12,1.0158730158730158
6925,hydro_reservoir,2030,73,13,13,1.1005291005291005
6926,hydro_reservoir,2030,73,14,14,1.1851851851851851
6927,hydro_reservoir,2030,73,15,15,1.2698412698412698
6928,hydro_reservoir,2030,73,16,16,1.3544973544973544
6929,hydro_reservoir,2030,73,17,17,1.439153439153439
6930,hydro_reservoir,2030,73,18,18,1.5238095238095237
6931,hydro_reservoir,2030,73,19,19,1.6084656084656084
6932,hydro_reservoir,2030,73,20,20,1.693121693121693
6933,hydro_reservoir,2030,73,21,21,1.7777777777777777
6934,hydro_reservoir,2030,73,22,22,1.8624338624338623
6935,hydro_reservoir,2030,73,23,23,1.947089947089947
6936,hydro_reservoir,2030,73,24,24,2.0317460317460316
6937,hydro_reservoir,2030,74,1,1,0.04444714581093936
6938,hydro_reservoir,2030,74,2,2,0.09825460441565288
6939,hydro_reservoir,2030,74,3,3,0.17227768377663522
6940,hydro_reservoir,2030,74,4,4,0.2539355321011502
6941,hydro_reservoir,2030,74,5,5,0.3355933804256652
6942,hydro_reservoir,2030,74,6,6,0.3927323116960132
6943,hydro_reservoir,2030,74,7,7,0.45738327795670114
6944,hydro_reservoir,2030,74,8,8,0.43617155844348265
6945,hydro_reservoir,2030,74,9,9,0.37163774028137875
6946,hydro_reservoir,2030,74,10,10,0.2889948045120672
6947,hydro_reservoir,2030,74,11,11,0.1987362402524721
6948,hydro_reservoir,2030,74,12,12,0.10814905683871805
6949,hydro_reservoir,2030,74,13,13,-0.001230188515950456
6950,hydro_reservoir,2030,74,14,14,-0.12067105233388352
6951,hydro_reservoir,2030,74,15,15,-0.27223334314618636
6952,hydro_reservoir,2030,74,16,16,-0.43467083479185303
6953,hydro_reservoir,2030,74,17,17,-0.6390362855215701
6954,hydro_reservoir,2030,74,18,18,-1.5573784371970552
6955,hydro_reservoir,2030,74,19,19,-1.770281849665972
6956,hydro_reservoir,2030,74,20,20,-1.9375466863940591
6957,hydro_reservoir,2030,74,21,21,-2.0591308958528187
6958,hydro_reservoir,2030,74,22,22,-2.1223604135950733
6959,hydro_reservoir,2030,74,23,23,-2.233674280114519
6960,hydro_reservoir,2030,74,24,24,-2.309363649380823
6961,hydro_reservoir,2030,75,1,1,0.013484612513951081
6962,hydro_reservoir,2030,75,2,2,0.022335130997009567
6963,hydro_reservoir,2030,75,3,3,0.03834338810359694
6964,hydro_reservoir,2030,75,4,4,0.051099956667786904
6965,hydro_reservoir,2030,75,5,5,0.056670888919530864
6966,hydro_reservoir,2030,75,6,6,0.09670714405202746
6967,hydro_reservoir,2030,75,7,7,0.13332957710247145
6968,hydro_reservoir,2030,75,8,8,0.026110227402298958
6969,hydro_reservoir,2030,75,9,9,-0.9158650812396764
6970,hydro_reservoir,2030,75,10,10,-1.081919742144253
6971,hydro_reservoir,2030,75,11,11,-1.2235925802600711
6972,hydro_reservoir,2030,75,12,12,-1.31085801499917
6973,hydro_reservoir,2030,75,13,13,-1.3546867597060466
6974,hydro_reservoir,2030,75,14,14,-1.307954448501516
6975,hydro_reservoir,2030,75,15,15,-1.2499297571434913
6976,hydro_reservoir,2030,75,16,16,-1.1919050657854666
6977,hydro_reservoir,2030,75,17,17,-1.133880374427442
6978,hydro_reservoir,2030,75,18,18,-1.0758556830694173
6979,hydro_reservoir,2030,75,19,19,-1.0178309917113926
6980,hydro_reservoir,2030,75,20,20,-0.9598063003533679
6981,hydro_reservoir,2030,75,21,21,-0.9017816089953432
6982,hydro_reservoir,2030,75,22,22,-0.8437569176373185
6983,hydro_reservoir,2030,75,23,23,-0.7857322262792938
6984,hydro_reservoir,2030,75,24,24,-0.7277075349212692
6985,hydro_reservoir,2030,76,1,1,-0.07461197312215959
6986,hydro_reservoir,2030,76,2,2,-0.12864215174939686
6987,hydro_reservoir,2030,76,3,3,-0.17112807259656262
6988,hydro_reservoir,2030,76,4,4,-0.201606452292259
6989,hydro_reservoir,2030,76,5,5,-0.2404212168252549
6990,hydro_reservoir,2030,76,6,6,-0.21237553606191464
6991,hydro_reservoir,2030,76,7,7,-0.1994724048822384
6992,hydro_reservoir,2030,76,8,8,-0.3061757839464272
6993,hydro_reservoir,2030,76,9,9,-0.4440036176149265
6994,hydro_reservoir,2030,76,10,10,-0.5926282316537903
6995,hydro_reservoir,2030,76,11,11,-0.7468777692713029
6996,hydro_reservoir,2030,76,12,12,-0.9162958154143738
6997,hydro_reservoir,2030,76,13,13,-1.1002515828146642
6998,hydro_reservoir,2030,76,14,14,-1.2856639033622281
6999,hydro_reservoir,2030,76,15,15,-1.487779535060934
7000,hydro_reservoir,2030,76,16,16,-1.6877880937643177
7001,hydro_reservoir,2030,76,17,17,-1.9244232655541083
7002,hydro_reservoir,2030,76,18,18,-2.1717413185219496
7003,hydro_reservoir,2030,76,19,19,-2.3970057198630204
7004,hydro_reservoir,2030,76,20,20,-2.581611164019709
7005,hydro_reservoir,2030,76,21,21,-2.716726314644315
7006,hydro_reservoir,2030,76,22,22,-2.797675913425884
7007,hydro_reservoir,2030,76,23,23,-2.8970577145670275
7008,hydro_reservoir,2030,76,24,24,-2.9452407956128117
7009,hydro_reservoir,2030,77,1,1,-0.6716122549381677
7010,hydro_reservoir,2030,77,2,2,-0.6370443537035998
7011,hydro_reservoir,2030,77,3,3,-0.6024764524690319
7012,hydro_reservoir,2030,77,4,4,-0.567908551234464
7013,hydro_reservoir,2030,77,5,5,-0.5333406499998962
7014,hydro_reservoir,2030,77,6,6,-0.49877274876532823
7015,hydro_reservoir,2030,77,7,7,-0.46420484753076036
7016,hydro_reservoir,2030,77,8,8,-0.4296369462961925
7017,hydro_reservoir,2030,77,9,9,-0.3950690450616246
7018,hydro_reservoir,2030,77,10,10,-0.3605011438270567
7019,hydro_reservoir,2030,77,11,11,-0.32593324259248885
7020,hydro_reservoir,2030,77,12,12,-0.29136534135792097
7021,hydro_reservoir,2030,77,13,13,-0.2567974401233531
7022,hydro_reservoir,2030,77,14,14,-0.22222953888878524
7023,hydro_reservoir,2030,77,15,15,-0.18766163765421734
7024,hydro_reservoir,2030,77,16,16,-0.1530937364196495
7025,hydro_reservoir,2030,77,17,17,-0.11852583518508158
7026,hydro_reservoir,2030,77,18,18,-0.08395793395051374
7027,hydro_reservoir,2030,77,19,19,-0.04939003271594583
7028,hydro_reservoir,2030,77,20,20,-0.014822131481377978
7029,hydro_reservoir,2030,77,21,21,0.01974576975318992
7030,hydro_reservoir,2030,77,22,22,0.054313670987757835
7031,hydro_reservoir,2030,77,23,23,0.08888157222232573
7032,hydro_reservoir,2030,77,24,24,0.12344947345689364
7033,hydro_reservoir,2030,78,1,1,0.03606516123211946
7034,hydro_reservoir,2030,78,2,2,0.09022461669003055
7035,hydro_reservoir,2030,78,3,3,0.14716122322335556
7036,hydro_reservoir,2030,78,4,4,0.19093838864454843
7037,hydro_reservoir,2030,78,5,5,0.2313185330227881
7038,hydro_reservoir,2030,78,6,6,0.3006307023349574
7039,hydro_reservoir,2030,78,7,7,0.36994287164712675
7040,hydro_reservoir,2030,78,8,8,0.38703264768214124
7041,hydro_reservoir,2030,78,9,9,0.37799949141424694
7042,hydro_reservoir,2030,78,10,10,0.3469188847027399
7043,hydro_reservoir,2030,78,11,11,0.2685022654136953
7044,hydro_reservoir,2030,78,12,12,0.20276721941326864
7045,hydro_reservoir,2030,78,13,13,0.16712631020377672
7046,hydro_reservoir,2030,78,14,14,0.14816787128575548
7047,hydro_reservoir,2030,78,15,15,0.14740214176134614
7048,hydro_reservoir,2030,78,16,16,0.12607917644826558
7049,hydro_reservoir,2030,78,17,17,0.07438526723727332
7050,hydro_reservoir,2030,78,18,18,0.0815867762196671
7051,hydro_reservoir,2030,78,19,19,0.15089894553183641
7052,hydro_reservoir,2030,78,20,20,0.22021111484400574
7053,hydro_reservoir,2030,78,21,21,0.28952328415617506
7054,hydro_reservoir,2030,78,22,22,0.3588354534683444
7055,hydro_reservoir,2030,78,23,23,0.4281476227805137
7056,hydro_reservoir,2030,78,24,24,0.49745979209268304
7057,hydro_reservoir,2030,79,1,1,0.04938271604938271
7058,hydro_reservoir,2030,79,2,2,0.09876543209876543
7059,hydro_reservoir,2030,79,3,3,0.14814814814814814
7060,hydro_reservoir,2030,79,4,4,0.19753086419753085
7061,hydro_reservoir,2030,79,5,5,0.24691358024691357
7062,hydro_reservoir,2030,79,6,6,0.22098630165479427
7063,hydro_reservoir,2030,79,7,7,0.270369017704177
7064,hydro_reservoir,2030,79,8,8,0.3197517337535597
7065,hydro_reservoir,2030,79,9,9,0.3691344498029424
7066,hydro_reservoir,2030,79,10,10,0.4185171658523251
7067,hydro_reservoir,2030,79,11,11,0.46789988190170784
7068,hydro_reservoir,2030,79,12,12,0.5172825979510906
7069,hydro_reservoir,2030,79,13,13,0.5666653140004733
7070,hydro_reservoir,2030,79,14,14,0.616048030049856
7071,hydro_reservoir,2030,79,15,15,0.6654307460992387
7072,hydro_reservoir,2030,79,16,16,0.7115305606797727
7073,hydro_reservoir,2030,79,17,17,0.7609132767291554
7074,hydro_reservoir,2030,79,18,18,0.8102959927785381
7075,hydro_reservoir,2030,79,19,19,0.8596787088279209
7076,hydro_reservoir,2030,79,20,20,0.9090614248773036
7077,hydro_reservoir,2030,79,21,21,0.9584441409266863
7078,hydro_reservoir,2030,79,22,22,0.2539509794610256
7079,hydro_reservoir,2030,79,23,23,0.30333369551040834
7080,hydro_reservoir,2030,79,24,24,0.35271641155979105
7081,hydro_reservoir,2030,80,1,1,-0.5461727553732474
7082,hydro_reservoir,2030,80,2,2,-0.5153085578423832
7083,hydro_reservoir,2030,80,3,3,-0.48444436031151894
7084,hydro_reservoir,2030,80,4,4,-0.4535801627806547
7085,hydro_reservoir,2030,80,5,5,-0.4227159652497905
7086,hydro_reservoir,2030,80,6,6,-0.39185176771892627
7087,hydro_reservoir,2030,80,7,7,-0.36098757018806205
7088,hydro_reservoir,2030,80,8,8,-0.3301233726571978
7089,hydro_reservoir,2030,80,9,9,-0.2992591751263336
7090,hydro_reservoir,2030,80,10,10,-0.9560695489341655
7091,hydro_reservoir,2030,80,11,11,-0.9252053514033013
7092,hydro_reservoir,2030,80,12,12,-0.8943411538724373
7093,hydro_reservoir,2030,80,13,13,-0.8634769563415731
7094,hydro_reservoir,2030,80,14,14,-0.8326127588107091
7095,hydro_reservoir,2030,80,15,15,-0.8017485612798448
7096,hydro_reservoir,2030,80,16,16,-0.7708843637489808
7097,hydro_reservoir,2030,80,17,17,-0.7400201662181166
7098,hydro_reservoir,2030,80,18,18,-0.7091559686872526
7099,hydro_reservoir,2030,80,19,19,-0.6782917711563884
7100,hydro_reservoir,2030,80,20,20,-0.6474275736255244
7101,hydro_reservoir,2030,80,21,21,-0.6165633760946602
7102,hydro_reservoir,2030,80,22,22,-0.5856991785637962
7103,hydro_reservoir,2030,80,23,23,-0.5548349810329319
7104,hydro_reservoir,2030,80,24,24,-0.5239707835020678
7105,hydro_reservoir,2030,81,1,1,-0.28589006664365085
7106,hydro_reservoir,2030,81,2,2,-0.2550258691127867
7107,hydro_reservoir,2030,81,3,3,-0.22416167158192252
7108,hydro_reservoir,2030,81,4,4,-0.19329747405105827
7109,hydro_reservoir,2030,81,5,5,-0.16243327652019407
7110,hydro_reservoir,2030,81,6,6,-0.13156907898932982
7111,hydro_reservoir,2030,81,7,7,-0.10070488145846562
7112,hydro_reservoir,2030,81,8,8,-0.06984068392760137
7113,hydro_reservoir,2030,81,9,9,-0.038976486396737176
7114,hydro_reservoir,2030,81,10,10,-0.008112288865872924
7115,hydro_reservoir,2030,81,11,11,0.02275190866499127
7116,hydro_reservoir,2030,81,12,12,0.05361610619585552
7117,hydro_reservoir,2030,81,13,13,0.08448030372671972
7118,hydro_reservoir,2030,81,14,14,0.11534450125758397
7119,hydro_reservoir,2030,81,15,15,0.14620869878844817
7120,hydro_reservoir,2030,81,16,16,0.17707289631931242
7121,hydro_reservoir,2030,81,17,17,0.2079370938501766
7122,hydro_reservoir,2030,81,18,18,0.23880129138104086
7123,hydro_reservoir,2030,81,19,19,0.26966548891190506
7124,hydro_reservoir,2030,81,20,20,0.30052968644276934
7125,hydro_reservoir,2030,81,21,21,0.3313938839736335
7126,hydro_reservoir,2030,81,22,22,0.3622580815044978
7127,hydro_reservoir,2030,81,23,23,0.39312227903536195
7128,hydro_reservoir,2030,81,24,24,0.4239864765662262
7129,hydro_reservoir,2030,82,1,1,-0.9255084073869063
7130,hydro_reservoir,2030,82,2,2,-0.8863549682334672
7131,hydro_reservoir,2030,82,3,3,-0.847201529080028
7132,hydro_reservoir,2030,82,4,4,-0.8080480899265888
7133,hydro_reservoir,2030,82,5,5,-0.7688946507731497
7134,hydro_reservoir,2030,82,6,6,-0.7297412116197105
7135,hydro_reservoir,2030,82,7,7,-0.6905877724662713
7136,hydro_reservoir,2030,82,8,8,-0.6734623765640545
7137,hydro_reservoir,2030,82,9,9,-0.6717716135860857
7138,hydro_reservoir,2030,82,10,10,-0.6508592863109643
7139,hydro_reservoir,2030,82,11,11,-0.6117058471575252
7140,hydro_reservoir,2030,82,12,12,-0.572552408004086
7141,hydro_reservoir,2030,82,13,13,-0.5333989688506469
7142,hydro_reservoir,2030,82,14,14,-0.49424552969720775
7143,hydro_reservoir,2030,82,15,15,-0.4550920905437686
7144,hydro_reservoir,2030,82,16,16,-0.41593865139032943
7145,hydro_reservoir,2030,82,17,17,-0.37678521223689027
7146,hydro_reservoir,2030,82,18,18,-0.3376317730834511
7147,hydro_reservoir,2030,82,19,19,-0.29847833393001194
7148,hydro_reservoir,2030,82,20,20,-0.2593248947765728
7149,hydro_reservoir,2030,82,21,21,-0.22017145562313362
7150,hydro_reservoir,2030,82,22,22,-0.18101801646969445
7151,hydro_reservoir,2030,82,23,23,-0.1418645773162553
7152,hydro_reservoir,2030,82,24,24,-0.10271113816281614
7153,hydro_reservoir,2030,83,1,1,0.04867724867724868
7154,hydro_reservoir,2030,83,2,2,0.09735449735449736
7155,hydro_reservoir,2030,83,3,3,0.14603174603174604
7156,hydro_reservoir,2030,83,4,4,0.19470899470899472
7157,hydro_reservoir,2030,83,5,5,0.2433862433862434
7158,hydro_reservoir,2030,83,6,6,0.2920634920634921
7159,hydro_reservoir,2030,83,7,7,0.3407407407407408
7160,hydro_reservoir,2030,83,8,8,0.28003837897771455
7161,hydro_reservoir,2030,83,9,9,0.14464071034303486
7162,hydro_reservoir,2030,83,10,10,0.0013226465233926001
7163,hydro_reservoir,2030,83,11,11,-0.13207150517260235
7164,hydro_reservoir,2030,83,12,12,-0.23732981950159085
7165,hydro_reservoir,2030,83,13,13,-0.34104774986684394
7166,hydro_reservoir,2030,83,14,14,-0.4262559120130046
7167,hydro_reservoir,2030,83,15,15,-0.4766334349890298
7168,hydro_reservoir,2030,83,16,16,-0.45074378209699983
7169,hydro_reservoir,2030,83,17,17,-0.4020665334197512
7170,hydro_reservoir,2030,83,18,18,-0.35338928474250253
7171,hydro_reservoir,2030,83,19,19,-0.3047120360652539
7172,hydro_reservoir,2030,83,20,20,-0.25603478738800517
7173,hydro_reservoir,2030,83,21,21,-0.2073575387107565
7174,hydro_reservoir,2030,83,22,22,-0.1586802900335078
7175,hydro_reservoir,2030,83,23,23,-0.11000304135625913
7176,hydro_reservoir,2030,83,24,24,-0.06132579267901045
7177,hydro_reservoir,2030,84,1,1,-0.6115384297862622
7178,hydro_reservoir,2030,84,2,2,-0.5804978654123645
7179,hydro_reservoir,2030,84,3,3,-0.5494573010384668
7180,hydro_reservoir,2030,84,4,4,-0.5184167366645691
7181,hydro_reservoir,2030,84,5,5,-0.4873761722906715
7182,hydro_reservoir,2030,84,6,6,-0.4563356079167738
7183,hydro_reservoir,2030,84,7,7,-0.4252950435428761
7184,hydro_reservoir,2030,84,8,8,-0.39425447916897843
7185,hydro_reservoir,2030,84,9,9,-0.36321391479508075
7186,hydro_reservoir,2030,84,10,10,-0.33217335042118307
7187,hydro_reservoir,2030,84,11,11,-0.3011327860472854
7188,hydro_reservoir,2030,84,12,12,-0.2700922216733877
7189,hydro_reservoir,2030,84,13,13,-0.23905165729949002
7190,hydro_reservoir,2030,84,14,14,-0.2080110929255923
7191,hydro_reservoir,2030,84,15,15,-0.17697052855169465
7192,hydro_reservoir,2030,84,16,16,-0.14592996417779694
7193,hydro_reservoir,2030,84,17,17,-0.11488939980389928
7194,hydro_reservoir,2030,84,18,18,-0.08384883543000157
7195,hydro_reservoir,2030,84,19,19,-0.05280827105610392
7196,hydro_reservoir,2030,84,20,20,-0.02176770668220621
7197,hydro_reservoir,2030,84,21,21,0.009272857691691453
7198,hydro_reservoir,2030,84,22,22,0.04031342206558916
7199,hydro_reservoir,2030,84,23,23,0.07135398643948684
7200,hydro_reservoir,2030,84,24,24,0.10239455081338455
7201,hydro_reservoir,2030,85,1,1,-0.1556435071523062
7202,hydro_reservoir,2030,85,2,2,-0.12372110856324095
7203,hydro_reservoir,2030,85,3,3,-0.09179870997417569
7204,hydro_reservoir,2030,85,4,4,-0.05987631138511043
7205,hydro_reservoir,2030,85,5,5,-0.02795391279604518
7206,hydro_reservoir,2030,85,6,6,0.003968485793020074
7207,hydro_reservoir,2030,85,7,7,0.03589088438208533
7208,hydro_reservoir,2030,85,8,8,0.06781328297115058
7209,hydro_reservoir,2030,85,9,9,0.08577213205801637
7210,hydro_reservoir,2030,85,10,10,0.10565121120275284
7211,hydro_reservoir,2030,85,11,11,0.1375736097918181
7212,hydro_reservoir,2030,85,12,12,0.16949600838088336
7213,hydro_reservoir,2030,85,13,13,0.20141840696994862
7214,hydro_reservoir,2030,85,14,14,0.23334080555901388
7215,hydro_reservoir,2030,85,15,15,0.26526320414807913
7216,hydro_reservoir,2030,85,16,16,0.2971856027371444
7217,hydro_reservoir,2030,85,17,17,0.32910800132620965
7218,hydro_reservoir,2030,85,18,18,0.3610303999152749
7219,hydro_reservoir,2030,85,19,19,0.3929527985043402
7220,hydro_reservoir,2030,85,20,20,0.42487519709340543
7221,hydro_reservoir,2030,85,21,21,0.4567975956824707
7222,hydro_reservoir,2030,85,22,22,0.48871999427153595
7223,hydro_reservoir,2030,85,23,23,0.5206423928606012
7224,hydro_reservoir,2030,85,24,24,0.5525647914496664
7225,hydro_reservoir,2030,86,1,1,-0.41056813418682847
7226,hydro_reservoir,2030,86,2,2,-0.3717674287194563
7227,hydro_reservoir,2030,86,3,3,-0.33296672325208415
7228,hydro_reservoir,2030,86,4,4,-0.294166017784712
7229,hydro_reservoir,2030,86,5,5,-0.25536531231733983
7230,hydro_reservoir,2030,86,6,6,-0.21656460684996773
7231,hydro_reservoir,2030,86,7,7,-0.1777639013825956
7232,hydro_reservoir,2030,86,8,8,-0.13896319591522346
7233,hydro_reservoir,2030,86,9,9,-0.10016249044785133
7234,hydro_reservoir,2030,86,10,10,-0.06136178498047921
7235,hydro_reservoir,2030,86,11,11,-0.022561079513107072
7236,hydro_reservoir,2030,86,12,12,0.01623962595426506
7237,hydro_reservoir,2030,86,13,13,0.055040331421637195
7238,hydro_reservoir,2030,86,14,14,0.09384103688900933
7239,hydro_reservoir,2030,86,15,15,0.13264174235638146
7240,hydro_reservoir,2030,86,16,16,0.1714424478237536
7241,hydro_reservoir,2030,86,17,17,0.21024315329112572
7242,hydro_reservoir,2030,86,18,18,0.24904385875849785
7243,hydro_reservoir,2030,86,19,19,0.28784456422586996
7244,hydro_reservoir,2030,86,20,20,0.3266452696932421
7245,hydro_reservoir,2030,86,21,21,0.3654459751606142
7246,hydro_reservoir,2030,86,22,22,0.40424668062798635
7247,hydro_reservoir,2030,86,23,23,0.4430473860953585
7248,hydro_reservoir,2030,86,24,24,0.4818480915627306
7249,hydro_reservoir,2030,87,1,1,-0.7732152588473172
7250,hydro_reservoir,2030,87,2,2,-0.73265088494961
7251,hydro_reservoir,2030,87,3,3,-0.6920865110519026
7252,hydro_reservoir,2030,87,4,4,-0.6515221371541954
7253,hydro_reservoir,2030,87,5,5,-0.610957763256488
7254,hydro_reservoir,2030,87,6,6,-0.5703933893587808
7255,hydro_reservoir,2030,87,7,7,-0.5298290154610735
7256,hydro_reservoir,2030,87,8,8,-0.4892646415633663
7257,hydro_reservoir,2030,87,9,9,-0.448700267665659
7258,hydro_reservoir,2030,87,10,10,-0.4081358937679518
7259,hydro_reservoir,2030,87,11,11,-0.36757151987024456
7260,hydro_reservoir,2030,87,12,12,-0.3270071459725373
7261,hydro_reservoir,2030,87,13,13,-0.2864427720748301
7262,hydro_reservoir,2030,87,14,14,-0.24587839817712287
7263,hydro_reservoir,2030,87,15,15,-0.20531402427941564
7264,hydro_reservoir,2030,87,16,16,-0.1647496503817084
7265,hydro_reservoir,2030,87,17,17,-0.12418527648400118
7266,hydro_reservoir,2030,87,18,18,-0.08362090258629395
7267,hydro_reservoir,2030,87,19,19,-0.04305652868858672
7268,hydro_reservoir,2030,87,20,20,-0.002492154790879493
7269,hydro_reservoir,2030,87,21,21,0.03807221910682773
7270,hydro_reservoir,2030,87,22,22,0.07863659300453496
7271,hydro_reservoir,2030,87,23,23,0.11920096690224219
7272,hydro_reservoir,2030,87,24,24,0.15976534079994942
7273,hydro_reservoir,2030,88,1,1,0.03738977072310406
7274,hydro_reservoir,2030,88,2,2,0.07477954144620812
7275,hydro_reservoir,2030,88,3,3,0.11216931216931217
7276,hydro_reservoir,2030,88,4,4,0.14955908289241623
7277,hydro_reservoir,2030,88,5,5,0.176941289893211
7278,hydro_reservoir,2030,88,6,6,0.17802503168653344
7279,hydro_reservoir,2030,88,7,7,0.2154148024096375
7280,hydro_reservoir,2030,88,8,8,0.2528045731327416
7281,hydro_reservoir,2030,88,9,9,0.29019434385584564
7282,hydro_reservoir,2030,88,10,10,0.3275841145789497
7283,hydro_reservoir,2030,88,11,11,0.36497388530205377
7284,hydro_reservoir,2030,88,12,12,0.40236365602515783
7285,hydro_reservoir,2030,88,13,13,0.4397534267482619
7286,hydro_reservoir,2030,88,14,14,0.47714319747136597
7287,hydro_reservoir,2030,88,15,15,0.51453296819447
7288,hydro_reservoir,2030,88,16,16,0.551922738917574
7289,hydro_reservoir,2030,88,17,17,0.589312509640678
7290,hydro_reservoir,2030,88,18,18,0.6267022803637821
7291,hydro_reservoir,2030,88,19,19,0.5943302151368406
7292,hydro_reservoir,2030,88,20,20,0.5693092320848258
7293,hydro_reservoir,2030,88,21,21,0.5946387767416851
7294,hydro_reservoir,2030,88,22,22,0.6320285474647891
7295,hydro_reservoir,2030,88,23,23,0.6694183181878931
7296,hydro_reservoir,2030,88,24,24,0.7068080889109971
7297,hydro_reservoir,2030,89,1,1,0.0345679012345679
7298,hydro_reservoir,2030,89,2,2,0.0691358024691358
7299,hydro_reservoir,2030,89,3,3,0.10370370370370369
7300,hydro_reservoir,2030,89,4,4,0.1382716049382716
7301,hydro_reservoir,2030,89,5,5,0.1728395061728395
7302,hydro_reservoir,2030,89,6,6,0.2074074074074074
7303,hydro_reservoir,2030,89,7,7,0.2419753086419753
7304,hydro_reservoir,2030,89,8,8,0.2195577764110932
7305,hydro_reservoir,2030,89,9,9,0.13240229915346932
7306,hydro_reservoir,2030,89,10,10,0.0030404221418394994
7307,hydro_reservoir,2030,89,11,11,-0.17140596724954885
7308,hydro_reservoir,2030,89,12,12,-0.3489326703645321
7309,hydro_reservoir,2030,89,13,13,-0.5370661866650837
7310,hydro_reservoir,2030,89,14,14,-0.728768105904761
7311,hydro_reservoir,2030,89,15,15,-0.8955894493894931
7312,hydro_reservoir,2030,89,16,16,-1.0119600639545228
7313,hydro_reservoir,2030,89,17,17,-1.0499468657868603
7314,hydro_reservoir,2030,89,18,18,-1.0779855741222892
7315,hydro_reservoir,2030,89,19,19,-1.0631192080314438
7316,hydro_reservoir,2030,89,20,20,-1.028551306796876
7317,hydro_reservoir,2030,89,21,21,-0.993983405562308
7318,hydro_reservoir,2030,89,22,22,-0.9594155043277401
7319,hydro_reservoir,2030,89,23,23,-0.9248476030931723
7320,hydro_reservoir,2030,89,24,24,-0.8902797018586044
7321,hydro_reservoir,2030,90,1,1,0.0328042328042328
7322,hydro_reservoir,2030,90,2,2,0.0656084656084656
7323,hydro_reservoir,2030,90,3,3,0.0984126984126984
7324,hydro_reservoir,2030,90,4,4,0.1312169312169312
7325,hydro_reservoir,2030,90,5,5,0.164021164021164
7326,hydro_reservoir,2030,90,6,6,0.19682539682539682
7327,hydro_reservoir,2030,90,7,7,0.22962962962962963
7328,hydro_reservoir,2030,90,8,8,0.2624338624338624
7329,hydro_reservoir,2030,90,9,9,0.2952380952380952
7330,hydro_reservoir,2030,90,10,10,0.32804232804232797
7331,hydro_reservoir,2030,90,11,11,0.36084656084656075
7332,hydro_reservoir,2030,90,12,12,0.39365079365079353
7333,hydro_reservoir,2030,90,13,13,0.4264550264550263
7334,hydro_reservoir,2030,90,14,14,0.4592592592592591
7335,hydro_reservoir,2030,90,15,15,0.49206349206349187
7336,hydro_reservoir,2030,90,16,16,0.5248677248677247
7337,hydro_reservoir,2030,90,17,17,0.5576719576719575
7338,hydro_reservoir,2030,90,18,18,0.5904761904761904
7339,hydro_reservoir,2030,90,19,19,0.6232804232804232
7340,hydro_reservoir,2030,90,20,20,0.656084656084656
7341,hydro_reservoir,2030,90,21,21,0.6888888888888889
7342,hydro_reservoir,2030,90,22,22,0.7216931216931217
7343,hydro_reservoir,2030,90,23,23,0.7544973544973546
7344,hydro_reservoir,2030,90,24,24,0.7873015873015874
7345,hydro_reservoir,2030,91,1,1,0.06931216931216931
7346,hydro_reservoir,2030,91,2,2,0.13862433862433862
7347,hydro_reservoir,2030,91,3,3,0.20793650793650792
7348,hydro_reservoir,2030,91,4,4,0.27724867724867724
7349,hydro_reservoir,2030,91,5,5,0.34656084656084657
7350,hydro_reservoir,2030,91,6,6,0.4158730158730159
7351,hydro_reservoir,2030,91,7,7,0.4851851851851852
7352,hydro_reservoir,2030,91,8,8,0.5544973544973545
7353,hydro_reservoir,2030,91,9,9,0.6238095238095238
7354,hydro_reservoir,2030,91,10,10,0.6656607895734225
7355,hydro_reservoir,2030,91,11,11,0.6844432379385272
7356,hydro_reservoir,2030,91,12,12,0.7328248488641099
7357,hydro_reservoir,2030,91,13,13,0.786462107388467
7358,hydro_reservoir,2030,91,14,14,0.8334748801405274
7359,hydro_reservoir,2030,91,15,15,0.8763325080903719
7360,hydro_reservoir,2030,91,16,16,0.8992688209171149
7361,hydro_reservoir,2030,91,17,17,0.8941869159024988
7362,hydro_reservoir,2030,91,18,18,0.8616816298452321
7363,hydro_reservoir,2030,91,19,19,0.8064521287960897
7364,hydro_reservoir,2030,91,20,20,0.7560691451076242
7365,hydro_reservoir,2030,91,21,21,0.7362122769589667
7366,hydro_reservoir,2030,91,22,22,0.7682566265607512
7367,hydro_reservoir,2030,91,23,23,0.7178852463151966
7368,hydro_reservoir,2030,91,24,24,0.7211809086529634
7369,hydro_reservoir,2030,92,1,1,0.0328042328042328
7370,hydro_reservoir,2030,92,2,2,0.0656084656084656
7371,hydro_reservoir,2030,92,3,3,0.0984126984126984
7372,hydro_reservoir,2030,92,4,4,0.1312169312169312
7373,hydro_reservoir,2030,92,5,5,0.164021164021164
7374,hydro_reservoir,2030,92,6,6,0.19682539682539682
7375,hydro_reservoir,2030,92,7,7,0.22962962962962963
7376,hydro_reservoir,2030,92,8,8,0.2624338624338624
7377,hydro_reservoir,2030,92,9,9,0.2952380952380952
7378,hydro_reservoir,2030,92,10,10,0.32804232804232797
7379,hydro_reservoir,2030,92,11,11,0.3070411549856318
7380,hydro_reservoir,2030,92,12,12,0.2716205576424161
7381,hydro_reservoir,2030,92,13,13,0.2424535053236691
7382,hydro_reservoir,2030,92,14,14,0.1769395016957536
7383,hydro_reservoir,2030,92,15,15,0.05916127679623609
7384,hydro_reservoir,2030,92,16,16,-0.07781543699212204
7385,hydro_reservoir,2030,92,17,17,-0.2056423420170716
7386,hydro_reservoir,2030,92,18,18,-0.3413827689051856
7387,hydro_reservoir,2030,92,19,19,-0.4617161646417804
7388,hydro_reservoir,2030,92,20,20,-0.5363288329795438
7389,hydro_reservoir,2030,92,21,21,-0.5693056017439811
7390,hydro_reservoir,2030,92,22,22,-0.5525599890194851
7391,hydro_reservoir,2030,92,23,23,-0.5197557562152523
7392,hydro_reservoir,2030,92,24,24,-0.48695152341101944
7393,hydro_reservoir,2030,93,1,1,-0.32154530818438365
7394,hydro_reservoir,2030,93,2,2,-0.2883883416940837
7395,hydro_reservoir,2030,93,3,3,-0.2552313752037839
7396,hydro_reservoir,2030,93,4,4,-0.222074408713484
7397,hydro_reservoir,2030,93,5,5,-0.18891744222318416
7398,hydro_reservoir,2030,93,6,6,-0.15576047573288426
7399,hydro_reservoir,2030,93,7,7,-0.12260350924258442
7400,hydro_reservoir,2030,93,8,8,-0.08944654275228452
7401,hydro_reservoir,2030,93,9,9,-0.05628957626198469
7402,hydro_reservoir,2030,93,10,10,-0.023132609771684784
7403,hydro_reservoir,2030,93,11,11,0.010024356718615039
7404,hydro_reservoir,2030,93,12,12,0.04318132320891495
7405,hydro_reservoir,2030,93,13,13,0.07633828969921477
7406,hydro_reservoir,2030,93,14,14,0.10949525618951468
7407,hydro_reservoir,2030,93,15,15,0.1426522226798145
7408,hydro_reservoir,2030,93,16,16,0.1758091891701143
7409,hydro_reservoir,2030,93,17,17,0.20896615566041413
7410,hydro_reservoir,2030,93,18,18,0.2421231221507139
7411,hydro_reservoir,2030,93,19,19,0.2752800886410137
7412,hydro_reservoir,2030,93,20,20,0.30843705513131353
7413,hydro_reservoir,2030,93,21,21,0.34159402162161334
7414,hydro_reservoir,2030,93,22,22,0.37475098811191315
7415,hydro_reservoir,2030,93,23,23,0.40790795460221296
7416,hydro_reservoir,2030,93,24,24,0.4410649210925128
7417,hydro_reservoir,2030,94,1,1,0.06676267260669767
7418,hydro_reservoir,2030,94,2,2,0.15212422463491637
7419,hydro_reservoir,2030,94,3,3,0.23748577666313508
7420,hydro_reservoir,2030,94,4,4,0.3228473286913538
7421,hydro_reservoir,2030,94,5,5,0.4082088807195725
7422,hydro_reservoir,2030,94,6,6,0.4935704327477912
7423,hydro_reservoir,2030,94,7,7,0.5789319847760099
7424,hydro_reservoir,2030,94,8,8,0.6642935368042286
7425,hydro_reservoir,2030,94,9,9,0.7190532372044218
7426,hydro_reservoir,2030,94,10,10,0.8044147892326405
7427,hydro_reservoir,2030,94,11,11,0.8897763412608592
7428,hydro_reservoir,2030,94,12,12,0.975137893289078
7429,hydro_reservoir,2030,94,13,13,1.0604994453172967
7430,hydro_reservoir,2030,94,14,14,1.1458609973455154
7431,hydro_reservoir,2030,94,15,15,1.231222549373734
7432,hydro_reservoir,2030,94,16,16,1.3165841014019528
7433,hydro_reservoir,2030,94,17,17,1.349603160899127
7434,hydro_reservoir,2030,94,18,18,1.3338756844109707
7435,hydro_reservoir,2030,94,19,19,1.2851070203283075
7436,hydro_reservoir,2030,94,20,20,0.3704685723565263
7437,hydro_reservoir,2030,94,21,21,0.31102457434558817
7438,hydro_reservoir,2030,94,22,22,0.27549325558901283
7439,hydro_reservoir,2030,94,23,23,0.24109764451904345
7440,hydro_reservoir,2030,94,24,24,0.23791199956718792
7441,hydro_reservoir,2030,95,1,1,0.081657848324515
7442,hydro_reservoir,2030,95,2,2,0.16331569664903
7443,hydro_reservoir,2030,95,3,3,0.244973544973545
7444,hydro_reservoir,2030,95,4,4,0.32663139329806
7445,hydro_reservoir,2030,95,5,5,0.408289241622575
7446,hydro_reservoir,2030,95,6,6,0.48994708994709
7447,hydro_reservoir,2030,95,7,7,0.5716049382716051
7448,hydro_reservoir,2030,95,8,8,0.65326278659612
7449,hydro_reservoir,2030,95,9,9,0.734920634920635
7450,hydro_reservoir,2030,95,10,10,0.8165784832451499
7451,hydro_reservoir,2030,95,11,11,0.8982363315696649
7452,hydro_reservoir,2030,95,12,12,0.9798941798941798
7453,hydro_reservoir,2030,95,13,13,1.0584522846368625
7454,hydro_reservoir,2030,95,14,14,1.1118866317297724
7455,hydro_reservoir,2030,95,15,15,1.127112249733655
7456,hydro_reservoir,2030,95,16,16,1.11057865170388
7457,hydro_reservoir,2030,95,17,17,1.043336666298731
7458,hydro_reservoir,2030,95,18,18,0.9920006511770494
7459,hydro_reservoir,2030,95,19,19,0.9553896363206942
7460,hydro_reservoir,2030,95,20,20,0.9478039769649821
7461,hydro_reservoir,2030,95,21,21,0.9589915240618712
7462,hydro_reservoir,2030,95,22,22,0.981121562868527
7463,hydro_reservoir,2030,95,23,23,1.0067625842402292
7464,hydro_reservoir,2030,95,24,24,1.0491320883077608
7465,hydro_reservoir,2030,96,1,1,-0.7744132524454799
7466,hydro_reservoir,2030,96,2,2,-0.741609019641247
7467,hydro_reservoir,2030,96,3,3,-0.7088047868370142
7468,hydro_reservoir,2030,96,4,4,-0.6760005540327814
7469,hydro_reservoir,2030,96,5,5,-0.6431963212285485
7470,hydro_reservoir,2030,96,6,6,-0.6103920884243157
7471,hydro_reservoir,2030,96,7,7,-0.5775878556200829
7472,hydro_reservoir,2030,96,8,8,-0.54478362281585
7473,hydro_reservoir,2030,96,9,9,-0.5119793900116172
7474,hydro_reservoir,2030,96,10,10,-0.47917515720738435
7475,hydro_reservoir,2030,96,11,11,-0.44637092440315157
7476,hydro_reservoir,2030,96,12,12,-0.41356669159891873
7477,hydro_reservoir,2030,96,13,13,-0.38076245879468595
7478,hydro_reservoir,2030,96,14,14,-0.3479582259904532
7479,hydro_reservoir,2030,96,15,15,-0.3151539931862204
7480,hydro_reservoir,2030,96,16,16,-0.2823497603819876
7481,hydro_reservoir,2030,96,17,17,-0.24954552757775483
7482,hydro_reservoir,2030,96,18,18,-0.21674129477352208
7483,hydro_reservoir,2030,96,19,19,-0.18393706196928927
7484,hydro_reservoir,2030,96,20,20,-0.15113282916505646
7485,hydro_reservoir,2030,96,21,21,-0.11832859636082367
7486,hydro_reservoir,2030,96,22,22,-0.08552436355659086
7487,hydro_reservoir,2030,96,23,23,-0.05272013075235806
7488,hydro_reservoir,2030,96,24,24,-0.019915897948125254
7489,hydro_reservoir,2030,97,1,1,0.08853615520282188
7490,hydro_reservoir,2030,97,2,2,0.17707231040564375
7491,hydro_reservoir,2030,97,3,3,0.2656084656084656
7492,hydro_reservoir,2030,97,4,4,0.3541446208112875
7493,hydro_reservoir,2030,97,5,5,0.4426807760141094
7494,hydro_reservoir,2030,97,6,6,0.5312169312169313
7495,hydro_reservoir,2030,97,7,7,0.6197530864197531
7496,hydro_reservoir,2030,97,8,8,0.708289241622575
7497,hydro_reservoir,2030,97,9,9,0.7968253968253969
7498,hydro_reservoir,2030,97,10,10,0.8853615520282188
7499,hydro_reservoir,2030,97,11,11,0.9738977072310406
7500,hydro_reservoir,2030,97,12,12,1.0624338624338625
7501,hydro_reservoir,2030,97,13,13,1.1509700176366844
7502,hydro_reservoir,2030,97,14,14,1.2395061728395063
7503,hydro_reservoir,2030,97,15,15,1.3280423280423281
7504,hydro_reservoir,2030,97,16,16,1.41657848324515
7505,hydro_reservoir,2030,97,17,17,1.5051146384479719
7506,hydro_reservoir,2030,97,18,18,1.5936507936507938
7507,hydro_reservoir,2030,97,19,19,1.6821869488536156
7508,hydro_reservoir,2030,97,20,20,1.7707231040564375
7509,hydro_reservoir,2030,97,21,21,1.8592592592592594
7510,hydro_reservoir,2030,97,22,22,1.9477954144620813
7511,hydro_reservoir,2030,97,23,23,2.0363315696649034
7512,hydro_reservoir,2030,97,24,24,2.124867724867725
7513,hydro_reservoir,2030,98,1,1,-0.032886351528800484
7514,hydro_reservoir,2030,98,2,2,-0.06559481089127196
7515,hydro_reservoir,2030,98,3,3,-0.08246832139796383
7516,hydro_reservoir,2030,98,4,4,-0.09317474228162664
7517,hydro_reservoir,2030,98,5,5,-0.09915335436111203
7518,hydro_reservoir,2030,98,6,6,-0.03150637993032793
7519,hydro_reservoir,2030,98,7,7,0.007215649229100512
7520,hydro_reservoir,2030,98,8,8,-0.006763100700190747
7521,hydro_reservoir,2030,98,9,9,-0.059716027453289605
7522,hydro_reservoir,2030,98,10,10,-0.19642003785623063
7523,hydro_reservoir,2030,98,11,11,-0.38291179606435727
7524,hydro_reservoir,2030,98,12,12,-0.6031128890095424
7525,hydro_reservoir,2030,98,13,13,-0.8211944440782448
7526,hydro_reservoir,2030,98,14,14,-1.0465162045118264
7527,hydro_reservoir,2030,98,15,15,-1.2667742273331255
7528,hydro_reservoir,2030,98,16,16,-1.4983330436634044
7529,hydro_reservoir,2030,98,17,17,-1.7043616285707306
7530,hydro_reservoir,2030,98,18,18,-1.9551740952992411
7531,hydro_reservoir,2030,98,19,19,-2.205281914543076
7532,hydro_reservoir,2030,98,20,20,-2.4141384795213763
7533,hydro_reservoir,2030,98,21,21,-2.558039180846616
7534,hydro_reservoir,2030,98,22,22,-2.6370943767796513
7535,hydro_reservoir,2030,98,23,23,-2.6796291290545593
7536,hydro_reservoir,2030,98,24,24,-2.66761088472209
7537,hydro_reservoir,2030,99,1,1,0.04262246251212444
7538,hydro_reservoir,2030,99,2,2,0.09797936142208857
7539,hydro_reservoir,2030,99,3,3,0.16729342210545728
7540,hydro_reservoir,2030,99,4,4,0.23274879369795187
7541,hydro_reservoir,2030,99,5,5,0.3032628470280467
7542,hydro_reservoir,2030,99,6,6,0.39179900223086855
7543,hydro_reservoir,2030,99,7,7,0.4510497736476424
7544,hydro_reservoir,2030,99,8,8,0.5083520379666173
7545,hydro_reservoir,2030,99,9,9,0.425921627121036
7546,hydro_reservoir,2030,99,10,10,0.31581517633545
7547,hydro_reservoir,2030,99,11,11,-0.5956486684617281
7548,hydro_reservoir,2030,99,12,12,-0.7099491288967787
7549,hydro_reservoir,2030,99,13,13,-0.7539472990631498
7550,hydro_reservoir,2030,99,14,14,-0.7562162421586981
7551,hydro_reservoir,2030,99,15,15,-0.7251907816510864
7552,hydro_reservoir,2030,99,16,16,-0.6366546264482645
7553,hydro_reservoir,2030,99,17,17,-0.5481184712454427
7554,hydro_reservoir,2030,99,18,18,-0.4595823160426208
7555,hydro_reservoir,2030,99,19,19,-0.3710461608397989
7556,hydro_reservoir,2030,99,20,20,-0.28251000563697704
7557,hydro_reservoir,2030,99,21,21,-0.19397385043415516
7558,hydro_reservoir,2030,99,22,22,-0.10543769523133328
7559,hydro_reservoir,2030,99,23,23,-0.016901540028511408
7560,hydro_reservoir,2030,99,24,24,0.07163461517431047
7561,hydro_reservoir,2030,100,1,1,-0.3009907317108609
7562,hydro_reservoir,2030,100,2,2,-0.27189020261033187
7563,hydro_reservoir,2030,100,3,3,-0.24278967350980277
7564,hydro_reservoir,2030,100,4,4,-0.21368914440927372
7565,hydro_reservoir,2030,100,5,5,-0.18458861530874462
7566,hydro_reservoir,2030,100,6,6,-0.15548808620821558
7567,hydro_reservoir,2030,100,7,7,-0.12638755710768648
7568,hydro_reservoir,2030,100,8,8,-0.09728702800715743
7569,hydro_reservoir,2030,100,9,9,-0.06818649890662833
7570,hydro_reservoir,2030,100,10,10,-0.03908596980609928
7571,hydro_reservoir,2030,100,11,11,-0.009985440705570187
7572,hydro_reservoir,2030,100,12,12,0.01911508839495886
7573,hydro_reservoir,2030,100,13,13,0.04821561749548796
7574,hydro_reservoir,2030,100,14,14,0.077316146596017
7575,hydro_reservoir,2030,100,15,15,0.1064166756965461
7576,hydro_reservoir,2030,100,16,16,0.12093646406611303
7577,hydro_reservoir,2030,100,17,17,0.1102359629459459
7578,hydro_reservoir,2030,100,18,18,0.08645398773707097
7579,hydro_reservoir,2030,100,19,19,0.07906453091997637
7580,hydro_reservoir,2030,100,20,20,0.10816506002050547
7581,hydro_reservoir,2030,100,21,21,0.13726558912103456
7582,hydro_reservoir,2030,100,22,22,0.16636611822156366
7583,hydro_reservoir,2030,100,23,23,0.19546664732209276
7584,hydro_reservoir,2030,100,24,24,0.22456717642262186
7585,hydro_reservoir,2030,101,1,1,0.030335097001763667
7586,hydro_reservoir,2030,101,2,2,0.060670194003527335
7587,hydro_reservoir,2030,101,3,3,0.091005291005291
7588,hydro_reservoir,2030,101,4,4,0.12134038800705467
7589,hydro_reservoir,2030,101,5,5,0.15167548500881833
7590,hydro_reservoir,2030,101,6,6,0.182010582010582
7591,hydro_reservoir,2030,101,7,7,0.2123456790123457
7592,hydro_reservoir,2030,101,8,8,0.19966175592276442
7593,hydro_reservoir,2030,101,9,9,0.13549756597079302
7594,hydro_reservoir,2030,101,10,10,0.07312682802948237
7595,hydro_reservoir,2030,101,11,11,0.048944649979297136
7596,hydro_reservoir,2030,101,12,12,0.0792797469810608
7597,hydro_reservoir,2030,101,13,13,0.10961484398282446
7598,hydro_reservoir,2030,101,14,14,0.13994994098458813
7599,hydro_reservoir,2030,101,15,15,0.1702850379863518
7600,hydro_reservoir,2030,101,16,16,0.20062013498811548
7601,hydro_reservoir,2030,101,17,17,0.23095523198987916
7602,hydro_reservoir,2030,101,18,18,0.26129032899164284
7603,hydro_reservoir,2030,101,19,19,0.2916254259934065
7604,hydro_reservoir,2030,101,20,20,0.3219605229951702
7605,hydro_reservoir,2030,101,21,21,0.3522956199969339
7606,hydro_reservoir,2030,101,22,22,0.38263071699869755
7607,hydro_reservoir,2030,101,23,23,0.41296581400046123
7608,hydro_reservoir,2030,101,24,24,0.4433009110022249
7609,hydro_reservoir,2030,102,1,1,0.030335097001763667
7610,hydro_reservoir,2030,102,2,2,0.060670194003527335
7611,hydro_reservoir,2030,102,3,3,0.091005291005291
7612,hydro_reservoir,2030,102,4,4,0.12134038800705467
7613,hydro_reservoir,2030,102,5,5,0.15167548500881833
7614,hydro_reservoir,2030,102,6,6,0.182010582010582
7615,hydro_reservoir,2030,102,7,7,0.2123456790123457
7616,hydro_reservoir,2030,102,8,8,0.24268077601410937
7617,hydro_reservoir,2030,102,9,9,0.27301587301587305
7618,hydro_reservoir,2030,102,10,10,0.3033509700176367
7619,hydro_reservoir,2030,102,11,11,0.3336860670194004
7620,hydro_reservoir,2030,102,12,12,0.3640211640211641
7621,hydro_reservoir,2030,102,13,13,0.39435626102292776
7622,hydro_reservoir,2030,102,14,14,0.42469135802469143
7623,hydro_reservoir,2030,102,15,15,0.4550264550264551
7624,hydro_reservoir,2030,102,16,16,0.4853615520282188
7625,hydro_reservoir,2030,102,17,17,0.5156966490299825
7626,hydro_reservoir,2030,102,18,18,0.5460317460317461
7627,hydro_reservoir,2030,102,19,19,0.5763668430335097
7628,hydro_reservoir,2030,102,20,20,0.6067019400352733
7629,hydro_reservoir,2030,102,21,21,0.637037037037037
7630,hydro_reservoir,2030,102,22,22,0.6673721340388006
7631,hydro_reservoir,2030,102,23,23,0.6977072310405642
7632,hydro_reservoir,2030,102,24,24,0.7280423280423278
7633,hydro_reservoir,2030,103,1,1,0.03209876543209877
7634,hydro_reservoir,2030,103,2,2,0.06419753086419754
7635,hydro_reservoir,2030,103,3,3,0.0962962962962963
7636,hydro_reservoir,2030,103,4,4,0.12839506172839507
7637,hydro_reservoir,2030,103,5,5,0.16049382716049385
7638,hydro_reservoir,2030,103,6,6,0.19259259259259262
7639,hydro_reservoir,2030,103,7,7,0.2246913580246914
7640,hydro_reservoir,2030,103,8,8,0.17696292231440752
7641,hydro_reservoir,2030,103,9,9,0.06897479067970064
7642,hydro_reservoir,2030,103,10,10,-0.06495306262035991
7643,hydro_reservoir,2030,103,11,11,-0.2023347515023553
7644,hydro_reservoir,2030,103,12,12,-0.3038486500222702
7645,hydro_reservoir,2030,103,13,13,-0.3759402749272786
7646,hydro_reservoir,2030,103,14,14,-0.38523056103664916
7647,hydro_reservoir,2030,103,15,15,-0.3531317956045504
7648,hydro_reservoir,2030,103,16,16,-0.3210330301724516
7649,hydro_reservoir,2030,103,17,17,-0.28893426474035283
7650,hydro_reservoir,2030,103,18,18,-0.25683549930825406
7651,hydro_reservoir,2030,103,19,19,-0.2247367338761553
7652,hydro_reservoir,2030,103,20,20,-0.19263796844405653
7653,hydro_reservoir,2030,103,21,21,-0.16053920301195776
7654,hydro_reservoir,2030,103,22,22,-0.12844043757985898
7655,hydro_reservoir,2030,103,23,23,-0.09634167214776021
7656,hydro_reservoir,2030,103,24,24,-0.06424290671566144
7657,hydro_reservoir,2030,104,1,1,0.027513227513227514
7658,hydro_reservoir,2030,104,2,2,0.05502645502645503
7659,hydro_reservoir,2030,104,3,3,0.08253968253968254
7660,hydro_reservoir,2030,104,4,4,0.11005291005291006
7661,hydro_reservoir,2030,104,5,5,0.13756613756613756
7662,hydro_reservoir,2030,104,6,6,0.16507936507936508
7663,hydro_reservoir,2030,104,7,7,0.1925925925925926
7664,hydro_reservoir,2030,104,8,8,0.2201058201058201
7665,hydro_reservoir,2030,104,9,9,0.24761904761904763
7666,hydro_reservoir,2030,104,10,10,0.21559657639527618
7667,hydro_reservoir,2030,104,11,11,0.12289951640791372
7668,hydro_reservoir,2030,104,12,12,0.014494627979652092
7669,hydro_reservoir,2030,104,13,13,-0.11100620036379616
7670,hydro_reservoir,2030,104,14,14,-0.24842206622177032
7671,hydro_reservoir,2030,104,15,15,-0.3892471104129348
7672,hydro_reservoir,2030,104,16,16,-0.5637760925959877
7673,hydro_reservoir,2030,104,17,17,-0.7347406398168475
7674,hydro_reservoir,2030,104,18,18,-0.9326024131372632
7675,hydro_reservoir,2030,104,19,19,-1.0898221406701198
7676,hydro_reservoir,2030,104,20,20,-1.1924301901634866
7677,hydro_reservoir,2030,104,21,21,-1.240040610799574
7678,hydro_reservoir,2030,104,22,22,-1.2382911714512497
7679,hydro_reservoir,2030,104,23,23,-1.2761335591700176
7680,hydro_reservoir,2030,104,24,24,-1.2496330328235756
7681,hydro_reservoir,2030,105,1,1,-0.6732002864243302
7682,hydro_reservoir,2030,105,2,2,-0.6405724204631309
7683,hydro_reservoir,2030,105,3,3,-0.6079445545019316
7684,hydro_reservoir,2030,105,4,4,-0.5753166885407324
7685,hydro_reservoir,2030,105,5,5,-0.5426888225795331
7686,hydro_reservoir,2030,105,6,6,-0.510060956618334
7687,hydro_reservoir,2030,105,7,7,-0.47743309065713463
7688,hydro_reservoir,2030,105,8,8,-0.4448052246959354
7689,hydro_reservoir,2030,105,9,9,-0.4121773587347361
7690,hydro_reservoir,2030,105,10,10,-0.3795494927735369
7691,hydro_reservoir,2030,105,11,11,-0.34692162681233757
7692,hydro_reservoir,2030,105,12,12,-0.31429376085113836
7693,hydro_reservoir,2030,105,13,13,-0.28166589488993904
7694,hydro_reservoir,2030,105,14,14,-0.24903802892873977
7695,hydro_reservoir,2030,105,15,15,-0.21641016296754048
7696,hydro_reservoir,2030,105,16,16,-0.18378229700634124
7697,hydro_reservoir,2030,105,17,17,-0.15115443104514195
7698,hydro_reservoir,2030,105,18,18,-0.11852656508394273
7699,hydro_reservoir,2030,105,19,19,-0.08589869912274344
7700,hydro_reservoir,2030,105,20,20,-0.05327083316154414
7701,hydro_reservoir,2030,105,21,21,-0.02064296720034485
7702,hydro_reservoir,2030,105,22,22,0.011984898760854443
7703,hydro_reservoir,2030,105,23,23,0.044612764722053735
7704,hydro_reservoir,2030,105,24,24,0.07724063068325303
7705,hydro_reservoir,2030,106,1,1,0.024691358024691357
7706,hydro_reservoir,2030,106,2,2,0.04938271604938271
7707,hydro_reservoir,2030,106,3,3,0.07407407407407407
7708,hydro_reservoir,2030,106,4,4,0.09876543209876543
7709,hydro_reservoir,2030,106,5,5,0.12345679012345678
7710,hydro_reservoir,2030,106,6,6,0.14814814814814814
7711,hydro_reservoir,2030,106,7,7,0.1728395061728395
7712,hydro_reservoir,2030,106,8,8,0.1491998610993709
7713,hydro_reservoir,2030,106,9,9,0.06289421870992111
7714,hydro_reservoir,2030,106,10,10,-0.05041466261506901
7715,hydro_reservoir,2030,106,11,11,-0.19389821848328131
7716,hydro_reservoir,2030,106,12,12,-0.3063509924650878
7717,hydro_reservoir,2030,106,13,13,-0.40053436978420753
7718,hydro_reservoir,2030,106,14,14,-0.4958508676134662
7719,hydro_reservoir,2030,106,15,15,-0.5503107395427047
7720,hydro_reservoir,2030,106,16,16,-0.5256193815180134
7721,hydro_reservoir,2030,106,17,17,-0.500928023493322
7722,hydro_reservoir,2030,106,18,18,-0.4762366654686306
7723,hydro_reservoir,2030,106,19,19,-0.4515453074439392
7724,hydro_reservoir,2030,106,20,20,-0.42685394941924787
7725,hydro_reservoir,2030,106,21,21,-0.4021625913945565
7726,hydro_reservoir,2030,106,22,22,-0.37747123336986516
7727,hydro_reservoir,2030,106,23,23,-0.3527798753451738
7728,hydro_reservoir,2030,106,24,24,-0.32808851732048244
7729,hydro_reservoir,2030,107,1,1,0.051712628329891625
7730,hydro_reservoir,2030,107,2,2,0.11679199340925671
7731,hydro_reservoir,2030,107,3,3,0.1818713584886218
7732,hydro_reservoir,2030,107,4,4,0.24695072356798686
7733,hydro_reservoir,2030,107,5,5,0.31203008864735193
7734,hydro_reservoir,2030,107,6,6,0.377109453726717
7735,hydro_reservoir,2030,107,7,7,0.4421888188060821
7736,hydro_reservoir,2030,107,8,8,0.5072681838854471
7737,hydro_reservoir,2030,107,9,9,0.5396627229259437
7738,hydro_reservoir,2030,107,10,10,0.4713567265897451
7739,hydro_reservoir,2030,107,11,11,0.3248289738684243
7740,hydro_reservoir,2030,107,12,12,0.15442617493198138
7741,hydro_reservoir,2030,107,13,13,0.04668791120979391
7742,hydro_reservoir,2030,107,14,14,0.03758402666758353
7743,hydro_reservoir,2030,107,15,15,0.09896510178674799
7744,hydro_reservoir,2030,107,16,16,0.16404446686611307
7745,hydro_reservoir,2030,107,17,17,0.22912383194547814
7746,hydro_reservoir,2030,107,18,18,0.2942031970248432
7747,hydro_reservoir,2030,107,19,19,0.3592825621042083
7748,hydro_reservoir,2030,107,20,20,0.42436192718357335
7749,hydro_reservoir,2030,107,21,21,0.4439240763821529
7750,hydro_reservoir,2030,107,22,22,0.43660044015432714
7751,hydro_reservoir,2030,107,23,23,0.407061093905137
7752,hydro_reservoir,2030,107,24,24,0.39140249318589426
7753,hydro_reservoir,2030,108,1,1,0.030335097001763667
7754,hydro_reservoir,2030,108,2,2,0.060670194003527335
7755,hydro_reservoir,2030,108,3,3,0.091005291005291
7756,hydro_reservoir,2030,108,4,4,0.12134038800705467
7757,hydro_reservoir,2030,108,5,5,0.15167548500881833
7758,hydro_reservoir,2030,108,6,6,0.182010582010582
7759,hydro_reservoir,2030,108,7,7,0.2123456790123457
7760,hydro_reservoir,2030,108,8,8,0.24268077601410937
7761,hydro_reservoir,2030,108,9,9,0.20527278318637232
7762,hydro_reservoir,2030,108,10,10,0.1630256468369284
7763,hydro_reservoir,2030,108,11,11,0.10537541150218238
7764,hydro_reservoir,2030,108,12,12,0.053659060741106976
7765,hydro_reservoir,2030,108,13,13,0.028328621541396398
7766,hydro_reservoir,2030,108,14,14,0.008714488975102259
7767,hydro_reservoir,2030,108,15,15,-0.0019237728048119018
7768,hydro_reservoir,2030,108,16,16,0.0014992825259189067
7769,hydro_reservoir,2030,108,17,17,0.029928928904965454
7770,hydro_reservoir,2030,108,18,18,0.03288553511743328
7771,hydro_reservoir,2030,108,19,19,0.06322063211919694
7772,hydro_reservoir,2030,108,20,20,0.0935557291209606
7773,hydro_reservoir,2030,108,21,21,0.12389082612272427
7774,hydro_reservoir,2030,108,22,22,0.15422592312448793
7775,hydro_reservoir,2030,108,23,23,0.1845610201262516
7776,hydro_reservoir,2030,108,24,24,0.2148961171280153
7777,hydro_reservoir,2030,109,1,1,0.03262786596119929
7778,hydro_reservoir,2030,109,2,2,0.06525573192239859
7779,hydro_reservoir,2030,109,3,3,0.09788359788359788
7780,hydro_reservoir,2030,109,4,4,0.13051146384479717
7781,hydro_reservoir,2030,109,5,5,0.16313932980599646
7782,hydro_reservoir,2030,109,6,6,0.19576719576719576
7783,hydro_reservoir,2030,109,7,7,0.22839506172839505
7784,hydro_reservoir,2030,109,8,8,0.26102292768959434
7785,hydro_reservoir,2030,109,9,9,0.2936507936507936
7786,hydro_reservoir,2030,109,10,10,0.32627865961199287
7787,hydro_reservoir,2030,109,11,11,0.35890652557319214
7788,hydro_reservoir,2030,109,12,12,0.3915343915343914
7789,hydro_reservoir,2030,109,13,13,0.42416225749559067
7790,hydro_reservoir,2030,109,14,14,0.45679012345678993
7791,hydro_reservoir,2030,109,15,15,0.4894179894179892
7792,hydro_reservoir,2030,109,16,16,0.5220458553791885
7793,hydro_reservoir,2030,109,17,17,0.5546737213403877
7794,hydro_reservoir,2030,109,18,18,0.587301587301587
7795,hydro_reservoir,2030,109,19,19,0.6199294532627863
7796,hydro_reservoir,2030,109,20,20,0.6525573192239855
7797,hydro_reservoir,2030,109,21,21,0.6851851851851848
7798,hydro_reservoir,2030,109,22,22,0.717813051146384
7799,hydro_reservoir,2030,109,23,23,0.7504409171075833
7800,hydro_reservoir,2030,109,24,24,0.7830687830687826
7801,hydro_reservoir,2030,110,1,1,-0.03505571729769216
7802,hydro_reservoir,2030,110,2,2,-0.050757102860614293
7803,hydro_reservoir,2030,110,3,3,-0.060889731359256044
7804,hydro_reservoir,2030,110,4,4,-0.06720411936434996
7805,hydro_reservoir,2030,110,5,5,-0.06639970695001245
7806,hydro_reservoir,2030,110,6,6,-0.03888523182317565
7807,hydro_reservoir,2030,110,7,7,-0.00026089319883702795
7808,hydro_reservoir,2030,110,8,8,-0.11361610599277167
7809,hydro_reservoir,2030,110,9,9,-0.28805587652389275
7810,hydro_reservoir,2030,110,10,10,-0.45961407761415674
7811,hydro_reservoir,2030,110,11,11,-0.61851048589245
7812,hydro_reservoir,2030,110,12,12,-0.7565849637725535
7813,hydro_reservoir,2030,110,13,13,-0.8760937856647887
7814,hydro_reservoir,2030,110,14,14,-0.9597609467150507
7815,hydro_reservoir,2030,110,15,15,-1.0388011942811681
7816,hydro_reservoir,2030,110,16,16,-1.0632451449462095
7817,hydro_reservoir,2030,110,17,17,-1.0475531404310794
7818,hydro_reservoir,2030,110,18,18,-1.0089288018067408
7819,hydro_reservoir,2030,110,19,19,-0.9703044631824023
7820,hydro_reservoir,2030,110,20,20,-0.9316801245580636
7821,hydro_reservoir,2030,110,21,21,-0.8930557859337249
7822,hydro_reservoir,2030,110,22,22,-0.8544314473093862
7823,hydro_reservoir,2030,110,23,23,-0.8158071086850476
7824,hydro_reservoir,2030,110,24,24,-0.7771827700607089
7825,hydro_reservoir,2030,111,1,1,0.032275132275132276
7826,hydro_reservoir,2030,111,2,2,0.06455026455026455
7827,hydro_reservoir,2030,111,3,3,0.09682539682539683
7828,hydro_reservoir,2030,111,4,4,0.1291005291005291
7829,hydro_reservoir,2030,111,5,5,0.1613756613756614
7830,hydro_reservoir,2030,111,6,6,0.19365079365079368
7831,hydro_reservoir,2030,111,7,7,0.22592592592592597
7832,hydro_reservoir,2030,111,8,8,0.25820105820105826
7833,hydro_reservoir,2030,111,9,9,0.29047619047619055
7834,hydro_reservoir,2030,111,10,10,0.32275132275132284
7835,hydro_reservoir,2030,111,11,11,0.3518230468288674
7836,hydro_reservoir,2030,111,12,12,0.36510246129844304
7837,hydro_reservoir,2030,111,13,13,0.3628646626787013
7838,hydro_reservoir,2030,111,14,14,0.34809525238873706
7839,hydro_reservoir,2030,111,15,15,0.31085610341755343
7840,hydro_reservoir,2030,111,16,16,0.3065402519076204
7841,hydro_reservoir,2030,111,17,17,0.3388153841827527
7842,hydro_reservoir,2030,111,18,18,0.3264559326898175
7843,hydro_reservoir,2030,111,19,19,0.30125325125667723
7844,hydro_reservoir,2030,111,20,20,0.298484258359591
7845,hydro_reservoir,2030,111,21,21,0.3107104752085377
7846,hydro_reservoir,2030,111,22,22,0.34298560748366996
7847,hydro_reservoir,2030,111,23,23,0.31569025992571154
7848,hydro_reservoir,2030,111,24,24,0.3362548086890213
7849,hydro_reservoir,2030,112,1,1,0.02927689594356261
7850,hydro_reservoir,2030,112,2,2,0.05855379188712522
7851,hydro_reservoir,2030,112,3,3,0.08783068783068783
7852,hydro_reservoir,2030,112,4,4,0.11710758377425044
7853,hydro_reservoir,2030,112,5,5,0.14638447971781304
7854,hydro_reservoir,2030,112,6,6,0.17566137566137566
7855,hydro_reservoir,2030,112,7,7,0.20493827160493827
7856,hydro_reservoir,2030,112,8,8,0.23421516754850089
7857,hydro_reservoir,2030,112,9,9,0.2634920634920635
7858,hydro_reservoir,2030,112,10,10,0.2927689594356261
7859,hydro_reservoir,2030,112,11,11,0.3220458553791887
7860,hydro_reservoir,2030,112,12,12,0.35132275132275126
7861,hydro_reservoir,2030,112,13,13,0.38059964726631385
7862,hydro_reservoir,2030,112,14,14,0.40987654320987643
7863,hydro_reservoir,2030,112,15,15,0.439153439153439
7864,hydro_reservoir,2030,112,16,16,0.4684303350970016
7865,hydro_reservoir,2030,112,17,17,0.4977072310405642
7866,hydro_reservoir,2030,112,18,18,0.5269841269841268
7867,hydro_reservoir,2030,112,19,19,0.5562610229276894
7868,hydro_reservoir,2030,112,20,20,0.5855379188712521
7869,hydro_reservoir,2030,112,21,21,0.6148148148148147
7870,hydro_reservoir,2030,112,22,22,0.6440917107583773
7871,hydro_reservoir,2030,112,23,23,0.67336860670194
7872,hydro_reservoir,2030,112,24,24,0.7026455026455026
7873,hydro_reservoir,2030,113,1,1,0.05167548500881835
7874,hydro_reservoir,2030,113,2,2,0.1033509700176367
7875,hydro_reservoir,2030,113,3,3,0.15502645502645504
7876,hydro_reservoir,2030,113,4,4,0.2067019400352734
7877,hydro_reservoir,2030,113,5,5,0.2583774250440917
7878,hydro_reservoir,2030,113,6,6,0.3100529100529101
7879,hydro_reservoir,2030,113,7,7,0.36172839506172844
7880,hydro_reservoir,2030,113,8,8,0.4134038800705468
7881,hydro_reservoir,2030,113,9,9,0.46507936507936515
7882,hydro_reservoir,2030,113,10,10,0.5167548500881834
7883,hydro_reservoir,2030,113,11,11,0.5684303350970018
7884,hydro_reservoir,2030,113,12,12,0.6201058201058202
7885,hydro_reservoir,2030,113,13,13,0.6599399187891487
7886,hydro_reservoir,2030,113,14,14,0.6666647753283642
7887,hydro_reservoir,2030,113,15,15,0.6473415320654755
7888,hydro_reservoir,2030,113,16,16,0.6513907043980707
7889,hydro_reservoir,2030,113,17,17,0.703066189406889
7890,hydro_reservoir,2030,113,18,18,0.7547416744157074
7891,hydro_reservoir,2030,113,19,19,0.8064171594245257
7892,hydro_reservoir,2030,113,20,20,0.8580926444333441
7893,hydro_reservoir,2030,113,21,21,0.9097681294421625
7894,hydro_reservoir,2030,113,22,22,0.9614436144509808
7895,hydro_reservoir,2030,113,23,23,1.0131190994597992
7896,hydro_reservoir,2030,113,24,24,1.0647945844686175
7897,hydro_reservoir,2030,114,1,1,0.03209876543209877
7898,hydro_reservoir,2030,114,2,2,0.06419753086419754
7899,hydro_reservoir,2030,114,3,3,0.0962962962962963
7900,hydro_reservoir,2030,114,4,4,0.12839506172839507
7901,hydro_reservoir,2030,114,5,5,0.1501998975901695
7902,hydro_reservoir,2030,114,6,6,0.18229866302226827
7903,hydro_reservoir,2030,114,7,7,0.21439742845436704
7904,hydro_reservoir,2030,114,8,8,0.24649619388646582
7905,hydro_reservoir,2030,114,9,9,0.2785949593185646
7906,hydro_reservoir,2030,114,10,10,0.31069372475066337
7907,hydro_reservoir,2030,114,11,11,0.34279249018276214
7908,hydro_reservoir,2030,114,12,12,0.3748912556148609
7909,hydro_reservoir,2030,114,13,13,0.4069900210469597
7910,hydro_reservoir,2030,114,14,14,0.43908878647905847
7911,hydro_reservoir,2030,114,15,15,0.47118755191115724
7912,hydro_reservoir,2030,114,16,16,0.503286317343256
7913,hydro_reservoir,2030,114,17,17,0.5353850827753548
7914,hydro_reservoir,2030,114,18,18,0.5613261225218876
7915,hydro_reservoir,2030,114,19,19,0.5782159269107928
7916,hydro_reservoir,2030,114,20,20,0.6103146923428916
7917,hydro_reservoir,2030,114,21,21,0.6424134577749904
7918,hydro_reservoir,2030,114,22,22,0.6745122232070891
7919,hydro_reservoir,2030,114,23,23,0.7066109886391879
7920,hydro_reservoir,2030,114,24,24,0.7387097540712867
7921,hydro_reservoir,2030,115,1,1,0.03139329805996473
7922,hydro_reservoir,2030,115,2,2,0.06278659611992946
7923,hydro_reservoir,2030,115,3,3,0.09417989417989418
7924,hydro_reservoir,2030,115,4,4,0.1255731922398589
7925,hydro_reservoir,2030,115,5,5,0.15696649029982362
7926,hydro_reservoir,2030,115,6,6,0.18835978835978834
7927,hydro_reservoir,2030,115,7,7,0.21975308641975305
7928,hydro_reservoir,2030,115,8,8,0.25114638447971777
7929,hydro_reservoir,2030,115,9,9,0.2825396825396825
7930,hydro_reservoir,2030,115,10,10,0.3139329805996472
7931,hydro_reservoir,2030,115,11,11,0.3453262786596119
7932,hydro_reservoir,2030,115,12,12,0.3767195767195766
7933,hydro_reservoir,2030,115,13,13,0.40811287477954133
7934,hydro_reservoir,2030,115,14,14,0.43950617283950605
7935,hydro_reservoir,2030,115,15,15,0.47089947089947076
7936,hydro_reservoir,2030,115,16,16,0.5022927689594355
7937,hydro_reservoir,2030,115,17,17,0.5336860670194002
7938,hydro_reservoir,2030,115,18,18,0.565079365079365
7939,hydro_reservoir,2030,115,19,19,0.5964726631393297
7940,hydro_reservoir,2030,115,20,20,0.6278659611992944
7941,hydro_reservoir,2030,115,21,21,0.6592592592592591
7942,hydro_reservoir,2030,115,22,22,0.6906525573192238
7943,hydro_reservoir,2030,115,23,23,0.7220458553791885
7944,hydro_reservoir,2030,115,24,24,0.7534391534391532
7945,hydro_reservoir,2030,116,1,1,0.0291005291005291
7946,hydro_reservoir,2030,116,2,2,0.0582010582010582
7947,hydro_reservoir,2030,116,3,3,0.0873015873015873
7948,hydro_reservoir,2030,116,4,4,0.1164021164021164
7949,hydro_reservoir,2030,116,5,5,0.1455026455026455
7950,hydro_reservoir,2030,116,6,6,0.1746031746031746
7951,hydro_reservoir,2030,116,7,7,0.2037037037037037
7952,hydro_reservoir,2030,116,8,8,0.18112496660822516
7953,hydro_reservoir,2030,116,9,9,0.08930764115807505
7954,hydro_reservoir,2030,116,10,10,-0.05088938406256957
7955,hydro_reservoir,2030,116,11,11,-0.20303203147102508
7956,hydro_reservoir,2030,116,12,12,-0.3426182172162128
7957,hydro_reservoir,2030,116,13,13,-0.5055369098825426
7958,hydro_reservoir,2030,116,14,14,-0.6654149120423087
7959,hydro_reservoir,2030,116,15,15,-0.8003543868958045
7960,hydro_reservoir,2030,116,16,16,-0.8920621111594591
7961,hydro_reservoir,2030,116,17,17,-0.9039102812479385
7962,hydro_reservoir,2030,116,18,18,-0.8748097521474094
7963,hydro_reservoir,2030,116,19,19,-0.8457092230468803
7964,hydro_reservoir,2030,116,20,20,-0.8166086939463513
7965,hydro_reservoir,2030,116,21,21,-0.7875081648458222
7966,hydro_reservoir,2030,116,22,22,-0.7584076357452931
7967,hydro_reservoir,2030,116,23,23,-0.7293071066447641
7968,hydro_reservoir,2030,116,24,24,-0.700206577544235
7969,hydro_reservoir,2030,117,1,1,0.03880070546737213
7970,hydro_reservoir,2030,117,2,2,0.07760141093474426
7971,hydro_reservoir,2030,117,3,3,0.1164021164021164
7972,hydro_reservoir,2030,117,4,4,0.15520282186948853
7973,hydro_reservoir,2030,117,5,5,0.19400352733686066
7974,hydro_reservoir,2030,117,6,6,0.2328042328042328
7975,hydro_reservoir,2030,117,7,7,0.2716049382716049
7976,hydro_reservoir,2030,117,8,8,0.31040564373897706
7977,hydro_reservoir,2030,117,9,9,0.3492063492063492
7978,hydro_reservoir,2030,117,10,10,0.3880070546737213
7979,hydro_reservoir,2030,117,11,11,0.40814463703517095
7980,hydro_reservoir,2030,117,12,12,0.36588965143346985
7981,hydro_reservoir,2030,117,13,13,0.2799599467208326
7982,hydro_reservoir,2030,117,14,14,0.16977971103749728
7983,hydro_reservoir,2030,117,15,15,0.0815282521244323
7984,hydro_reservoir,2030,117,16,16,0.016375037418912414
7985,hydro_reservoir,2030,117,17,17,-0.021795980390256986
7986,hydro_reservoir,2030,117,18,18,-0.02077487391552771
7987,hydro_reservoir,2030,117,19,19,0.010869693936293556
7988,hydro_reservoir,2030,117,20,20,0.04967039940366569
7989,hydro_reservoir,2030,117,21,21,0.08847110487103782
7990,hydro_reservoir,2030,117,22,22,0.12727181033840995
7991,hydro_reservoir,2030,117,23,23,0.16607251580578208
7992,hydro_reservoir,2030,117,24,24,0.20487322127315422
7993,hydro_reservoir,2030,118,1,1,0.03262786596119929
7994,hydro_reservoir,2030,118,2,2,0.06525573192239859
7995,hydro_reservoir,2030,118,3,3,0.09788359788359788
7996,hydro_reservoir,2030,118,4,4,0.13051146384479717
7997,hydro_reservoir,2030,118,5,5,0.16313932980599646
7998,hydro_reservoir,2030,118,6,6,0.19576719576719576
7999,hydro_reservoir,2030,118,7,7,0.22839506172839505
8000,hydro_reservoir,2030,118,8,8,0.26102292768959434
8001,hydro_reservoir,2030,118,9,9,0.2936507936507936
8002,hydro_reservoir,2030,118,10,10,0.32627865961199287
8003,hydro_reservoir,2030,118,11,11,0.35890652557319214
8004,hydro_reservoir,2030,118,12,12,0.3915343915343914
8005,hydro_reservoir,2030,118,13,13,0.42416225749559067
8006,hydro_reservoir,2030,118,14,14,0.45679012345678993
8007,hydro_reservoir,2030,118,15,15,0.4894179894179892
8008,hydro_reservoir,2030,118,16,16,0.5220458553791885
8009,hydro_reservoir,2030,118,17,17,0.5546737213403877
8010,hydro_reservoir,2030,118,18,18,0.587301587301587
8011,hydro_reservoir,2030,118,19,19,0.6199294532627863
8012,hydro_reservoir,2030,118,20,20,0.6274016759490924
8013,hydro_reservoir,2030,118,21,21,0.6481954194312814
8014,hydro_reservoir,2030,118,22,22,0.6808232853924807
8015,hydro_reservoir,2030,118,23,23,0.6888203489738358
8016,hydro_reservoir,2030,118,24,24,0.7214482149350351
8017,hydro_reservoir,2030,119,1,1,0.032275132275132276
8018,hydro_reservoir,2030,119,2,2,0.06455026455026455
8019,hydro_reservoir,2030,119,3,3,0.09682539682539683
8020,hydro_reservoir,2030,119,4,4,0.1291005291005291
8021,hydro_reservoir,2030,119,5,5,0.1613756613756614
8022,hydro_reservoir,2030,119,6,6,0.19365079365079368
8023,hydro_reservoir,2030,119,7,7,0.22121917195240454
8024,hydro_reservoir,2030,119,8,8,0.2534943042275368
8025,hydro_reservoir,2030,119,9,9,0.2857694365026691
8026,hydro_reservoir,2030,119,10,10,0.3180445687778014
8027,hydro_reservoir,2030,119,11,11,0.3503197010529337
8028,hydro_reservoir,2030,119,12,12,0.382594833328066
8029,hydro_reservoir,2030,119,13,13,0.4148699656031983
8030,hydro_reservoir,2030,119,14,14,0.44714509787833057
8031,hydro_reservoir,2030,119,15,15,0.47942023015346286
8032,hydro_reservoir,2030,119,16,16,0.5116953624285951
8033,hydro_reservoir,2030,119,17,17,0.5439704947037274
8034,hydro_reservoir,2030,119,18,18,0.5762456269788596
8035,hydro_reservoir,2030,119,19,19,0.6085207592539918
8036,hydro_reservoir,2030,119,20,20,0.6407958915291241
8037,hydro_reservoir,2030,119,21,21,0.6730710238042563
8038,hydro_reservoir,2030,119,22,22,0.7053461560793886
8039,hydro_reservoir,2030,119,23,23,0.7376212883545208
8040,hydro_reservoir,2030,119,24,24,0.769896420629653
8041,hydro_reservoir,2030,120,1,1,-0.4436895393977457
8042,hydro_reservoir,2030,120,2,2,-0.4107089397504794
8043,hydro_reservoir,2030,120,3,3,-0.3777283401032131
8044,hydro_reservoir,2030,120,4,4,-0.3447477404559468
8045,hydro_reservoir,2030,120,5,5,-0.3117671408086805
8046,hydro_reservoir,2030,120,6,6,-0.2787865411614142
8047,hydro_reservoir,2030,120,7,7,-0.2458059415141479
8048,hydro_reservoir,2030,120,8,8,-0.21282534186688157
8049,hydro_reservoir,2030,120,9,9,-0.17984474221961524
8050,hydro_reservoir,2030,120,10,10,-0.14686414257234892
8051,hydro_reservoir,2030,120,11,11,-0.1138835429250826
8052,hydro_reservoir,2030,120,12,12,-0.08090294327781627
8053,hydro_reservoir,2030,120,13,13,-0.04792234363054995
8054,hydro_reservoir,2030,120,14,14,-0.014941743983283635
8055,hydro_reservoir,2030,120,15,15,0.01803885566398268
8056,hydro_reservoir,2030,120,16,16,0.051019455311249
8057,hydro_reservoir,2030,120,17,17,0.08400005495851531
8058,hydro_reservoir,2030,120,18,18,0.11698065460578164
8059,hydro_reservoir,2030,120,19,19,0.14996125425304796
8060,hydro_reservoir,2030,120,20,20,0.18294185390031428
8061,hydro_reservoir,2030,120,21,21,0.2159224535475806
8062,hydro_reservoir,2030,120,22,22,0.24890305319484693
8063,hydro_reservoir,2030,120,23,23,0.28188365284211325
8064,hydro_reservoir,2030,120,24,24,0.31486425248937955
8065,hydro_reservoir,2030,121,1,1,0.08730158730158731
8066,hydro_reservoir,2030,121,2,2,0.17460317460317462
8067,hydro_reservoir,2030,121,3,3,0.2619047619047619
8068,hydro_reservoir,2030,121,4,4,0.34920634920634924
8069,hydro_reservoir,2030,121,5,5,0.43650793650793657
8070,hydro_reservoir,2030,121,6,6,0.5238095238095238
8071,hydro_reservoir,2030,121,7,7,0.6111111111111112
8072,hydro_reservoir,2030,121,8,8,0.6984126984126985
8073,hydro_reservoir,2030,121,9,9,0.7857142857142858
8074,hydro_reservoir,2030,121,10,10,0.8730158730158731
8075,hydro_reservoir,2030,121,11,11,0.9603174603174605
8076,hydro_reservoir,2030,121,12,12,1.0476190476190477
8077,hydro_reservoir,2030,121,13,13,1.1349206349206349
8078,hydro_reservoir,2030,121,14,14,1.222222222222222
8079,hydro_reservoir,2030,121,15,15,1.3095238095238093
8080,hydro_reservoir,2030,121,16,16,1.3968253968253965
8081,hydro_reservoir,2030,121,17,17,1.4841269841269837
8082,hydro_reservoir,2030,121,18,18,1.571428571428571
8083,hydro_reservoir,2030,121,19,19,1.6587301587301582
8084,hydro_reservoir,2030,121,20,20,1.7460317460317454
8085,hydro_reservoir,2030,121,21,21,1.8333333333333326
8086,hydro_reservoir,2030,121,22,22,1.9206349206349198
8087,hydro_reservoir,2030,121,23,23,2.007936507936507
8088,hydro_reservoir,2030,121,24,24,2.0952380952380945
8089,hydro_reservoir,2030,122,1,1,-0.022774045980938504
8090,hydro_reservoir,2030,122,2,2,-0.028271713965683662
8091,hydro_reservoir,2030,122,3,3,-0.009967271687275764
8092,hydro_reservoir,2030,122,4,4,0.011076656492878659
8093,hydro_reservoir,2030,122,5,5,0.03135945849508544
8094,hydro_reservoir,2030,122,6,6,0.11056589294009991
8095,hydro_reservoir,2030,122,7,7,0.108896538508494
8096,hydro_reservoir,2030,122,8,8,0.09025895227416891
8097,hydro_reservoir,2030,122,9,9,-0.08308748580193182
8098,hydro_reservoir,2030,122,10,10,-0.2864148036063232
8099,hydro_reservoir,2030,122,11,11,-0.48070332540917954
8100,hydro_reservoir,2030,122,12,12,-0.70928386797027
8101,hydro_reservoir,2030,122,13,13,-0.8782849998430258
8102,hydro_reservoir,2030,122,14,14,-1.0464125098047332
8103,hydro_reservoir,2030,122,15,15,-1.235476606472323
8104,hydro_reservoir,2030,122,16,16,-1.4227985343783858
8105,hydro_reservoir,2030,122,17,17,-1.5941445460287413
8106,hydro_reservoir,2030,122,18,18,-1.7838388648768888
8107,hydro_reservoir,2030,122,19,19,-1.958038628886534
8108,hydro_reservoir,2030,122,20,20,-2.120594890507103
8109,hydro_reservoir,2030,122,21,21,-2.232367066180698
8110,hydro_reservoir,2030,122,22,22,-2.2835662559397365
8111,hydro_reservoir,2030,122,23,23,-2.262095225345584
8112,hydro_reservoir,2030,122,24,24,-2.300337316183228
8113,hydro_reservoir,2030,123,1,1,0.0291005291005291
8114,hydro_reservoir,2030,123,2,2,0.0582010582010582
8115,hydro_reservoir,2030,123,3,3,0.0873015873015873
8116,hydro_reservoir,2030,123,4,4,0.1164021164021164
8117,hydro_reservoir,2030,123,5,5,0.1455026455026455
8118,hydro_reservoir,2030,123,6,6,0.1746031746031746
8119,hydro_reservoir,2030,123,7,7,0.2037037037037037
8120,hydro_reservoir,2030,123,8,8,0.2328042328042328
8121,hydro_reservoir,2030,123,9,9,0.26190476190476186
8122,hydro_reservoir,2030,123,10,10,0.29100529100529093
8123,hydro_reservoir,2030,123,11,11,0.32010582010582
8124,hydro_reservoir,2030,123,12,12,0.3492063492063491
8125,hydro_reservoir,2030,123,13,13,0.37830687830687815
8126,hydro_reservoir,2030,123,14,14,0.4074074074074072
8127,hydro_reservoir,2030,123,15,15,0.4365079365079363
8128,hydro_reservoir,2030,123,16,16,0.46560846560846536
8129,hydro_reservoir,2030,123,17,17,0.49470899470899443
8130,hydro_reservoir,2030,123,18,18,0.5238095238095235
8131,hydro_reservoir,2030,123,19,19,0.5529100529100526
8132,hydro_reservoir,2030,123,20,20,0.5820105820105816
8133,hydro_reservoir,2030,123,21,21,0.6111111111111107
8134,hydro_reservoir,2030,123,22,22,0.6402116402116398
8135,hydro_reservoir,2030,123,23,23,0.6693121693121689
8136,hydro_reservoir,2030,123,24,24,0.6984126984126979
8137,hydro_reservoir,2030,124,1,1,0.03051146384479718
8138,hydro_reservoir,2030,124,2,2,0.06102292768959436
8139,hydro_reservoir,2030,124,3,3,0.09153439153439154
8140,hydro_reservoir,2030,124,4,4,0.12204585537918872
8141,hydro_reservoir,2030,124,5,5,0.1525573192239859
8142,hydro_reservoir,2030,124,6,6,0.1830687830687831
8143,hydro_reservoir,2030,124,7,7,0.2135802469135803
8144,hydro_reservoir,2030,124,8,8,0.2440917107583775
8145,hydro_reservoir,2030,124,9,9,0.2746031746031747
8146,hydro_reservoir,2030,124,10,10,0.3011760814618192
8147,hydro_reservoir,2030,124,11,11,0.3210926139661704
8148,hydro_reservoir,2030,124,12,12,0.3516040778109676
8149,hydro_reservoir,2030,124,13,13,0.3821155416557648
8150,hydro_reservoir,2030,124,14,14,0.41262700550056197
8151,hydro_reservoir,2030,124,15,15,0.44313846934535916
8152,hydro_reservoir,2030,124,16,16,0.47364993319015636
8153,hydro_reservoir,2030,124,17,17,0.5041613970349536
8154,hydro_reservoir,2030,124,18,18,0.5346728608797507
8155,hydro_reservoir,2030,124,19,19,0.5651843247245479
8156,hydro_reservoir,2030,124,20,20,0.5956957885693451
8157,hydro_reservoir,2030,124,21,21,0.6262072524141423
8158,hydro_reservoir,2030,124,22,22,0.6567187162589395
8159,hydro_reservoir,2030,124,23,23,0.6872301801037367
8160,hydro_reservoir,2030,124,24,24,0.7177416439485339
8161,hydro_reservoir,2030,125,1,1,0.0851851851851852
8162,hydro_reservoir,2030,125,2,2,0.1703703703703704
8163,hydro_reservoir,2030,125,3,3,0.2555555555555556
8164,hydro_reservoir,2030,125,4,4,0.3407407407407408
8165,hydro_reservoir,2030,125,5,5,0.425925925925926
8166,hydro_reservoir,2030,125,6,6,0.5111111111111112
8167,hydro_reservoir,2030,125,7,7,0.5962962962962963
8168,hydro_reservoir,2030,125,8,8,0.6695420300651747
8169,hydro_reservoir,2030,125,9,9,0.560390889336039
8170,hydro_reservoir,2030,125,10,10,0.40797550604810706
8171,hydro_reservoir,2030,125,11,11,0.2656925721781677
8172,hydro_reservoir,2030,125,12,12,0.1479256935339671
8173,hydro_reservoir,2030,125,13,13,0.11206061081209501
8174,hydro_reservoir,2030,125,14,14,0.1972457959972802
8175,hydro_reservoir,2030,125,15,15,0.2824309811824654
8176,hydro_reservoir,2030,125,16,16,0.3676161663676506
8177,hydro_reservoir,2030,125,17,17,0.4528013515528358
8178,hydro_reservoir,2030,125,18,18,0.537986536738021
8179,hydro_reservoir,2030,125,19,19,0.6231717219232062
8180,hydro_reservoir,2030,125,20,20,0.7083569071083915
8181,hydro_reservoir,2030,125,21,21,0.7935420922935768
8182,hydro_reservoir,2030,125,22,22,0.878727277478762
8183,hydro_reservoir,2030,125,23,23,0.9639124626639473
8184,hydro_reservoir,2030,125,24,24,1.0490976478491325
8185,hydro_reservoir,2030,126,1,1,0.02451499118165785
8186,hydro_reservoir,2030,126,2,2,0.0490299823633157
8187,hydro_reservoir,2030,126,3,3,0.07354497354497355
8188,hydro_reservoir,2030,126,4,4,0.0980599647266314
8189,hydro_reservoir,2030,126,5,5,0.12257495590828923
8190,hydro_reservoir,2030,126,6,6,0.14708994708994708
8191,hydro_reservoir,2030,126,7,7,0.17160493827160492
8192,hydro_reservoir,2030,126,8,8,0.19611992945326276
8193,hydro_reservoir,2030,126,9,9,0.2206349206349206
8194,hydro_reservoir,2030,126,10,10,0.24514991181657844
8195,hydro_reservoir,2030,126,11,11,0.2696649029982363
8196,hydro_reservoir,2030,126,12,12,0.29417989417989415
8197,hydro_reservoir,2030,126,13,13,0.318694885361552
8198,hydro_reservoir,2030,126,14,14,0.34320987654320984
8199,hydro_reservoir,2030,126,15,15,0.3677248677248677
8200,hydro_reservoir,2030,126,16,16,0.3922398589065255
8201,hydro_reservoir,2030,126,17,17,0.41675485008818336
8202,hydro_reservoir,2030,126,18,18,0.4412698412698412
8203,hydro_reservoir,2030,126,19,19,0.46578483245149904
8204,hydro_reservoir,2030,126,20,20,0.4902998236331569
8205,hydro_reservoir,2030,126,21,21,0.5148148148148147
8206,hydro_reservoir,2030,126,22,22,0.5393298059964726
8207,hydro_reservoir,2030,126,23,23,0.5638447971781305
8208,hydro_reservoir,2030,126,24,24,0.5883597883597884
8209,hydro_reservoir,2030,127,1,1,0.043738977072310406
8210,hydro_reservoir,2030,127,2,2,0.08747795414462081
8211,hydro_reservoir,2030,127,3,3,0.13121693121693123
8212,hydro_reservoir,2030,127,4,4,0.17495590828924162
8213,hydro_reservoir,2030,127,5,5,0.21869488536155202
8214,hydro_reservoir,2030,127,6,6,0.2624338624338624
8215,hydro_reservoir,2030,127,7,7,0.3061728395061728
8216,hydro_reservoir,2030,127,8,8,0.21440794773314922
8217,hydro_reservoir,2030,127,9,9,0.030815192609816522
8218,hydro_reservoir,2030,127,10,10,-0.17670485741658765
8219,hydro_reservoir,2030,127,11,11,-0.3634121780795749
8220,hydro_reservoir,2030,127,12,12,-0.5145089392837123
8221,hydro_reservoir,2030,127,13,13,-0.6620050932256164
8222,hydro_reservoir,2030,127,14,14,-0.7998545187510826
8223,hydro_reservoir,2030,127,15,15,-0.929321985711258
8224,hydro_reservoir,2030,127,16,16,-0.9883819886693227
8225,hydro_reservoir,2030,127,17,17,-0.9446430115970122
8226,hydro_reservoir,2030,127,18,18,-0.9009040345247018
8227,hydro_reservoir,2030,127,19,19,-0.8571650574523914
8228,hydro_reservoir,2030,127,20,20,-0.8134260803800809
8229,hydro_reservoir,2030,127,21,21,-0.7696871033077705
8230,hydro_reservoir,2030,127,22,22,-0.72594812623546
8231,hydro_reservoir,2030,127,23,23,-0.6822091491631496
8232,hydro_reservoir,2030,127,24,24,-0.6384701720908391
8233,hydro_reservoir,2030,128,1,1,0.03192239858906525
8234,hydro_reservoir,2030,128,2,2,0.0638447971781305
8235,hydro_reservoir,2030,128,3,3,0.09576719576719575
8236,hydro_reservoir,2030,128,4,4,0.127689594356261
8237,hydro_reservoir,2030,128,5,5,0.15961199294532627
8238,hydro_reservoir,2030,128,6,6,0.19153439153439153
8239,hydro_reservoir,2030,128,7,7,0.2234567901234568
8240,hydro_reservoir,2030,128,8,8,0.255379188712522
8241,hydro_reservoir,2030,128,9,9,0.2873015873015873
8242,hydro_reservoir,2030,128,10,10,0.31922398589065254
8243,hydro_reservoir,2030,128,11,11,0.3511463844797178
8244,hydro_reservoir,2030,128,12,12,0.38306878306878306
8245,hydro_reservoir,2030,128,13,13,0.4149911816578483
8246,hydro_reservoir,2030,128,14,14,0.4469135802469136
8247,hydro_reservoir,2030,128,15,15,0.47883597883597884
8248,hydro_reservoir,2030,128,16,16,0.510758377425044
8249,hydro_reservoir,2030,128,17,17,0.5426807760141092
8250,hydro_reservoir,2030,128,18,18,0.5746031746031744
8251,hydro_reservoir,2030,128,19,19,0.5978337290287891
8252,hydro_reservoir,2030,128,20,20,0.5541088967978377
8253,hydro_reservoir,2030,128,21,21,0.5377171661594474
8254,hydro_reservoir,2030,128,22,22,0.5515510194905534
8255,hydro_reservoir,2030,128,23,23,0.5834734180796186
8256,hydro_reservoir,2030,128,24,24,0.6153958166686838
8257,hydro_reservoir,2030,129,1,1,0.0291005291005291
8258,hydro_reservoir,2030,129,2,2,0.0582010582010582
8259,hydro_reservoir,2030,129,3,3,0.0873015873015873
8260,hydro_reservoir,2030,129,4,4,0.1164021164021164
8261,hydro_reservoir,2030,129,5,5,0.1455026455026455
8262,hydro_reservoir,2030,129,6,6,0.1746031746031746
8263,hydro_reservoir,2030,129,7,7,0.2037037037037037
8264,hydro_reservoir,2030,129,8,8,0.2328042328042328
8265,hydro_reservoir,2030,129,9,9,0.26190476190476186
8266,hydro_reservoir,2030,129,10,10,0.29100529100529093
8267,hydro_reservoir,2030,129,11,11,0.32010582010582
8268,hydro_reservoir,2030,129,12,12,0.3492063492063491
8269,hydro_reservoir,2030,129,13,13,0.37830687830687815
8270,hydro_reservoir,2030,129,14,14,0.4074074074074072
8271,hydro_reservoir,2030,129,15,15,0.4365079365079363
8272,hydro_reservoir,2030,129,16,16,0.46560846560846536
8273,hydro_reservoir,2030,129,17,17,0.49470899470899443
8274,hydro_reservoir,2030,129,18,18,0.5238095238095235
8275,hydro_reservoir,2030,129,19,19,0.5529100529100526
8276,hydro_reservoir,2030,129,20,20,0.5820105820105816
8277,hydro_reservoir,2030,129,21,21,0.6111111111111107
8278,hydro_reservoir,2030,129,22,22,0.6402116402116398
8279,hydro_reservoir,2030,129,23,23,0.6693121693121689
8280,hydro_reservoir,2030,129,24,24,0.6984126984126979
8281,hydro_reservoir,2030,130,1,1,0.030335097001763667
8282,hydro_reservoir,2030,130,2,2,0.060670194003527335
8283,hydro_reservoir,2030,130,3,3,0.091005291005291
8284,hydro_reservoir,2030,130,4,4,0.12134038800705467
8285,hydro_reservoir,2030,130,5,5,0.15167548500881833
8286,hydro_reservoir,2030,130,6,6,0.182010582010582
8287,hydro_reservoir,2030,130,7,7,0.2123456790123457
8288,hydro_reservoir,2030,130,8,8,0.24268077601410937
8289,hydro_reservoir,2030,130,9,9,0.27301587301587305
8290,hydro_reservoir,2030,130,10,10,0.3033509700176367
8291,hydro_reservoir,2030,130,11,11,0.3336860670194004
8292,hydro_reservoir,2030,130,12,12,0.3640211640211641
8293,hydro_reservoir,2030,130,13,13,0.39435626102292776
8294,hydro_reservoir,2030,130,14,14,0.42469135802469143
8295,hydro_reservoir,2030,130,15,15,0.4550264550264551
8296,hydro_reservoir,2030,130,16,16,0.4853615520282188
8297,hydro_reservoir,2030,130,17,17,0.5156966490299825
8298,hydro_reservoir,2030,130,18,18,0.5460317460317461
8299,hydro_reservoir,2030,130,19,19,0.5763668430335097
8300,hydro_reservoir,2030,130,20,20,0.6067019400352733
8301,hydro_reservoir,2030,130,21,21,0.637037037037037
8302,hydro_reservoir,2030,130,22,22,0.6673721340388006
8303,hydro_reservoir,2030,130,23,23,0.6977072310405642
8304,hydro_reservoir,2030,130,24,24,0.7280423280423278
8305,hydro_reservoir,2030,131,1,1,0.03474426807760141
8306,hydro_reservoir,2030,131,2,2,0.06948853615520283
8307,hydro_reservoir,2030,131,3,3,0.10423280423280423
8308,hydro_reservoir,2030,131,4,4,0.13897707231040565
8309,hydro_reservoir,2030,131,5,5,0.17372134038800707
8310,hydro_reservoir,2030,131,6,6,0.2084656084656085
8311,hydro_reservoir,2030,131,7,7,0.2432098765432099
8312,hydro_reservoir,2030,131,8,8,0.2779541446208113
8313,hydro_reservoir,2030,131,9,9,0.3126984126984127
8314,hydro_reservoir,2030,131,10,10,0.3474426807760141
8315,hydro_reservoir,2030,131,11,11,0.3821869488536155
8316,hydro_reservoir,2030,131,12,12,0.4169312169312169
8317,hydro_reservoir,2030,131,13,13,0.45167548500881827
8318,hydro_reservoir,2030,131,14,14,0.48641975308641966
8319,hydro_reservoir,2030,131,15,15,0.521164021164021
8320,hydro_reservoir,2030,131,16,16,0.5559082892416225
8321,hydro_reservoir,2030,131,17,17,0.590652557319224
8322,hydro_reservoir,2030,131,18,18,0.6253968253968254
8323,hydro_reservoir,2030,131,19,19,0.6601410934744268
8324,hydro_reservoir,2030,131,20,20,0.6948853615520283
8325,hydro_reservoir,2030,131,21,21,0.7296296296296297
8326,hydro_reservoir,2030,131,22,22,0.7643738977072312
8327,hydro_reservoir,2030,131,23,23,0.7991181657848326
8328,hydro_reservoir,2030,131,24,24,0.8338624338624341
8329,hydro_reservoir,2030,132,1,1,0.03192239858906525
8330,hydro_reservoir,2030,132,2,2,0.0638447971781305
8331,hydro_reservoir,2030,132,3,3,0.09576719576719575
8332,hydro_reservoir,2030,132,4,4,0.127689594356261
8333,hydro_reservoir,2030,132,5,5,0.15961199294532627
8334,hydro_reservoir,2030,132,6,6,0.19153439153439153
8335,hydro_reservoir,2030,132,7,7,0.2234567901234568
8336,hydro_reservoir,2030,132,8,8,0.255379188712522
8337,hydro_reservoir,2030,132,9,9,0.2731093222355408
8338,hydro_reservoir,2030,132,10,10,0.25647322093148994
8339,hydro_reservoir,2030,132,11,11,0.21877623048217737
8340,hydro_reservoir,2030,132,12,12,0.16847548611559177
8341,hydro_reservoir,2030,132,13,13,0.12059562540708352
8342,hydro_reservoir,2030,132,14,14,0.08826786812837155
8343,hydro_reservoir,2030,132,15,15,0.06316659038089212
8344,hydro_reservoir,2030,132,16,16,0.06583771217903281
8345,hydro_reservoir,2030,132,17,17,0.08233498860342164
8346,hydro_reservoir,2030,132,18,18,0.1142573871924869
8347,hydro_reservoir,2030,132,19,19,0.14617978578155216
8348,hydro_reservoir,2030,132,20,20,0.17810218437061742
8349,hydro_reservoir,2030,132,21,21,0.21002458295968268
8350,hydro_reservoir,2030,132,22,22,0.24194698154874794
8351,hydro_reservoir,2030,132,23,23,0.2738693801378132
8352,hydro_reservoir,2030,132,24,24,0.30579177872687846
8353,hydro_reservoir,2030,133,1,1,0.08818342151675485
8354,hydro_reservoir,2030,133,2,2,0.1763668430335097
8355,hydro_reservoir,2030,133,3,3,0.26455026455026454
8356,hydro_reservoir,2030,133,4,4,0.3527336860670194
8357,hydro_reservoir,2030,133,5,5,0.4409171075837742
8358,hydro_reservoir,2030,133,6,6,0.5291005291005291
8359,hydro_reservoir,2030,133,7,7,0.6172839506172839
8360,hydro_reservoir,2030,133,8,8,0.7054673721340388
8361,hydro_reservoir,2030,133,9,9,0.7936507936507936
8362,hydro_reservoir,2030,133,10,10,0.8818342151675485
8363,hydro_reservoir,2030,133,11,11,0.9700176366843033
8364,hydro_reservoir,2030,133,12,12,1.0582010582010581
8365,hydro_reservoir,2030,133,13,13,1.1463844797178129
8366,hydro_reservoir,2030,133,14,14,1.2345679012345676
8367,hydro_reservoir,2030,133,15,15,1.3227513227513223
8368,hydro_reservoir,2030,133,16,16,1.410934744268077
8369,hydro_reservoir,2030,133,17,17,1.4691139350205458
8370,hydro_reservoir,2030,133,18,18,1.4680111203154986
8371,hydro_reservoir,2030,133,19,19,1.4695142684491476
8372,hydro_reservoir,2030,133,20,20,1.4988282139116058
8373,hydro_reservoir,2030,133,21,21,1.5778820247162222
8374,hydro_reservoir,2030,133,22,22,1.666065446232977
8375,hydro_reservoir,2030,133,23,23,1.7542488677497317
8376,hydro_reservoir,2030,133,24,24,1.8424322892664866
8377,hydro_reservoir,2030,134,1,1,0.03015873015873016
8378,hydro_reservoir,2030,134,2,2,0.06031746031746032
8379,hydro_reservoir,2030,134,3,3,0.09047619047619047
8380,hydro_reservoir,2030,134,4,4,0.12063492063492064
8381,hydro_reservoir,2030,134,5,5,0.15079365079365079
8382,hydro_reservoir,2030,134,6,6,0.18095238095238095
8383,hydro_reservoir,2030,134,7,7,0.2111111111111111
8384,hydro_reservoir,2030,134,8,8,0.24126984126984127
8385,hydro_reservoir,2030,134,9,9,0.26751482002825183
8386,hydro_reservoir,2030,134,10,10,0.234030494927603
8387,hydro_reservoir,2030,134,11,11,0.15769145507204052
8388,hydro_reservoir,2030,134,12,12,0.06979765996394943
8389,hydro_reservoir,2030,134,13,13,-0.0076068356994582614
8390,hydro_reservoir,2030,134,14,14,-0.07117909938146011
8391,hydro_reservoir,2030,134,15,15,-0.04102036922272995
8392,hydro_reservoir,2030,134,16,16,-0.010861639063999787
8393,hydro_reservoir,2030,134,17,17,-0.019393806056484626
8394,hydro_reservoir,2030,134,18,18,0.010764924102245534
8395,hydro_reservoir,2030,134,19,19,0.0017859142811615138
8396,hydro_reservoir,2030,134,20,20,0.03194464443989167
8397,hydro_reservoir,2030,134,21,21,0.062103374598621836
8398,hydro_reservoir,2030,134,22,22,0.092262104757352
8399,hydro_reservoir,2030,134,23,23,0.12242083491608216
8400,hydro_reservoir,2030,134,24,24,0.15257956507481232
8401,hydro_reservoir,2030,135,1,1,0.032980599647266316
8402,hydro_reservoir,2030,135,2,2,0.06596119929453263
8403,hydro_reservoir,2030,135,3,3,0.09894179894179894
8404,hydro_reservoir,2030,135,4,4,0.13192239858906527
8405,hydro_reservoir,2030,135,5,5,0.1649029982363316
8406,hydro_reservoir,2030,135,6,6,0.1978835978835979
8407,hydro_reservoir,2030,135,7,7,0.23086419753086423
8408,hydro_reservoir,2030,135,8,8,0.26384479717813053
8409,hydro_reservoir,2030,135,9,9,0.28525238124307084
8410,hydro_reservoir,2030,135,10,10,0.2697478457755169
8411,hydro_reservoir,2030,135,11,11,0.22734139252429336
8412,hydro_reservoir,2030,135,12,12,0.1933216801476573
8413,hydro_reservoir,2030,135,13,13,0.1394809903701458
8414,hydro_reservoir,2030,135,14,14,0.09878528558431471
8415,hydro_reservoir,2030,135,15,15,0.07169701832516923
8416,hydro_reservoir,2030,135,16,16,0.0731499804960366
8417,hydro_reservoir,2030,135,17,17,0.10613058014330293
8418,hydro_reservoir,2030,135,18,18,0.13911117979056925
8419,hydro_reservoir,2030,135,19,19,0.17209177943783557
8420,hydro_reservoir,2030,135,20,20,0.2050723790851019
8421,hydro_reservoir,2030,135,21,21,0.23805297873236822
8422,hydro_reservoir,2030,135,22,22,0.27103357837963454
8423,hydro_reservoir,2030,135,23,23,0.30401417802690084
8424,hydro_reservoir,2030,135,24,24,0.33699477767416713
8425,hydro_reservoir,2030,136,1,1,0.026455026455026454
8426,hydro_reservoir,2030,136,2,2,0.05291005291005291
8427,hydro_reservoir,2030,136,3,3,0.07936507936507936
8428,hydro_reservoir,2030,136,4,4,0.10582010582010581
8429,hydro_reservoir,2030,136,5,5,0.13227513227513227
8430,hydro_reservoir,2030,136,6,6,0.15873015873015872
8431,hydro_reservoir,2030,136,7,7,0.18518518518518517
8432,hydro_reservoir,2030,136,8,8,0.21164021164021163
8433,hydro_reservoir,2030,136,9,9,0.23809523809523808
8434,hydro_reservoir,2030,136,10,10,0.26455026455026454
8435,hydro_reservoir,2030,136,11,11,0.291005291005291
8436,hydro_reservoir,2030,136,12,12,0.31746031746031744
8437,hydro_reservoir,2030,136,13,13,0.3439153439153439
8438,hydro_reservoir,2030,136,14,14,0.37037037037037035
8439,hydro_reservoir,2030,136,15,15,0.3968253968253968
8440,hydro_reservoir,2030,136,16,16,0.42328042328042326
8441,hydro_reservoir,2030,136,17,17,0.4497354497354497
8442,hydro_reservoir,2030,136,18,18,0.47619047619047616
8443,hydro_reservoir,2030,136,19,19,0.5026455026455026
8444,hydro_reservoir,2030,136,20,20,0.5291005291005291
8445,hydro_reservoir,2030,136,21,21,0.5555555555555556
8446,hydro_reservoir,2030,136,22,22,0.5820105820105821
8447,hydro_reservoir,2030,136,23,23,0.6084656084656086
8448,hydro_reservoir,2030,136,24,24,0.6349206349206351
8449,hydro_reservoir,2030,137,1,1,0.03262786596119929
8450,hydro_reservoir,2030,137,2,2,0.06525573192239859
8451,hydro_reservoir,2030,137,3,3,0.09788359788359788
8452,hydro_reservoir,2030,137,4,4,0.13051146384479717
8453,hydro_reservoir,2030,137,5,5,0.16313932980599646
8454,hydro_reservoir,2030,137,6,6,0.19576719576719576
8455,hydro_reservoir,2030,137,7,7,0.22839506172839505
8456,hydro_reservoir,2030,137,8,8,0.26102292768959434
8457,hydro_reservoir,2030,137,9,9,0.2936507936507936
8458,hydro_reservoir,2030,137,10,10,0.32627865961199287
8459,hydro_reservoir,2030,137,11,11,0.35890652557319214
8460,hydro_reservoir,2030,137,12,12,0.3915343915343914
8461,hydro_reservoir,2030,137,13,13,0.42416225749559067
8462,hydro_reservoir,2030,137,14,14,0.45679012345678993
8463,hydro_reservoir,2030,137,15,15,0.4894179894179892
8464,hydro_reservoir,2030,137,16,16,0.5070673566984725
8465,hydro_reservoir,2030,137,17,17,0.5345709515158521
8466,hydro_reservoir,2030,137,18,18,0.5657675465818838
8467,hydro_reservoir,2030,137,19,19,0.562114429638658
8468,hydro_reservoir,2030,137,20,20,0.5947422955998573
8469,hydro_reservoir,2030,137,21,21,0.6273701615610565
8470,hydro_reservoir,2030,137,22,22,0.6599980275222558
8471,hydro_reservoir,2030,137,23,23,0.692625893483455
8472,hydro_reservoir,2030,137,24,24,0.7252537594446543
8473,hydro_reservoir,2030,138,1,1,0.026455026455026454
8474,hydro_reservoir,2030,138,2,2,0.05291005291005291
8475,hydro_reservoir,2030,138,3,3,0.07936507936507936
8476,hydro_reservoir,2030,138,4,4,0.10582010582010581
8477,hydro_reservoir,2030,138,5,5,0.13227513227513227
8478,hydro_reservoir,2030,138,6,6,0.15873015873015872
8479,hydro_reservoir,2030,138,7,7,0.18518518518518517
8480,hydro_reservoir,2030,138,8,8,0.21164021164021163
8481,hydro_reservoir,2030,138,9,9,0.23809523809523808
8482,hydro_reservoir,2030,138,10,10,0.26455026455026454
8483,hydro_reservoir,2030,138,11,11,0.291005291005291
8484,hydro_reservoir,2030,138,12,12,0.31746031746031744
8485,hydro_reservoir,2030,138,13,13,0.3439153439153439
8486,hydro_reservoir,2030,138,14,14,0.37037037037037035
8487,hydro_reservoir,2030,138,15,15,0.3968253968253968
8488,hydro_reservoir,2030,138,16,16,0.42328042328042326
8489,hydro_reservoir,2030,138,17,17,0.4497354497354497
8490,hydro_reservoir,2030,138,18,18,0.47619047619047616
8491,hydro_reservoir,2030,138,19,19,0.5026455026455026
8492,hydro_reservoir,2030,138,20,20,0.5291005291005291
8493,hydro_reservoir,2030,138,21,21,0.5555555555555556
8494,hydro_reservoir,2030,138,22,22,0.5820105820105821
8495,hydro_reservoir,2030,138,23,23,0.6084656084656086
8496,hydro_reservoir,2030,138,24,24,0.6349206349206351
8497,hydro_reservoir,2030,139,1,1,0.026278659611992945
8498,hydro_reservoir,2030,139,2,2,0.05255731922398589
8499,hydro_reservoir,2030,139,3,3,0.07883597883597884
8500,hydro_reservoir,2030,139,4,4,0.10511463844797178
8501,hydro_reservoir,2030,139,5,5,0.13139329805996472
8502,hydro_reservoir,2030,139,6,6,0.15767195767195766
8503,hydro_reservoir,2030,139,7,7,0.1839506172839506
8504,hydro_reservoir,2030,139,8,8,0.1051800407890022
8505,hydro_reservoir,2030,139,9,9,-0.05098688042190477
8506,hydro_reservoir,2030,139,10,10,-0.24198524341498798
8507,hydro_reservoir,2030,139,11,11,-0.4401224414970139
8508,hydro_reservoir,2030,139,12,12,-0.6154497177872361
8509,hydro_reservoir,2030,139,13,13,-0.7701737388389007
8510,hydro_reservoir,2030,139,14,14,-0.927130407929748
8511,hydro_reservoir,2030,139,15,15,-1.061696001600849
8512,hydro_reservoir,2030,139,16,16,-1.186750644972341
8513,hydro_reservoir,2030,139,17,17,-1.3142569234337154
8514,hydro_reservoir,2030,139,18,18,-1.417530264313351
8515,hydro_reservoir,2030,139,19,19,-1.391251604701358
8516,hydro_reservoir,2030,139,20,20,-1.3649729450893648
8517,hydro_reservoir,2030,139,21,21,-1.3386942854773718
8518,hydro_reservoir,2030,139,22,22,-1.3124156258653787
8519,hydro_reservoir,2030,139,23,23,-1.2861369662533857
8520,hydro_reservoir,2030,139,24,24,-1.2598583066413926
8521,hydro_reservoir,2030,140,1,1,0.03015873015873016
8522,hydro_reservoir,2030,140,2,2,0.06031746031746032
8523,hydro_reservoir,2030,140,3,3,0.09047619047619047
8524,hydro_reservoir,2030,140,4,4,0.12063492063492064
8525,hydro_reservoir,2030,140,5,5,0.15079365079365079
8526,hydro_reservoir,2030,140,6,6,0.18095238095238095
8527,hydro_reservoir,2030,140,7,7,0.2111111111111111
8528,hydro_reservoir,2030,140,8,8,0.24126984126984127
8529,hydro_reservoir,2030,140,9,9,0.2714285714285714
8530,hydro_reservoir,2030,140,10,10,0.30158730158730157
8531,hydro_reservoir,2030,140,11,11,0.33174603174603173
8532,hydro_reservoir,2030,140,12,12,0.3619047619047619
8533,hydro_reservoir,2030,140,13,13,0.39206349206349206
8534,hydro_reservoir,2030,140,14,14,0.4222222222222222
8535,hydro_reservoir,2030,140,15,15,0.4523809523809524
8536,hydro_reservoir,2030,140,16,16,0.48253968253968255
8537,hydro_reservoir,2030,140,17,17,0.5126984126984127
8538,hydro_reservoir,2030,140,18,18,0.5428571428571428
8539,hydro_reservoir,2030,140,19,19,0.573015873015873
8540,hydro_reservoir,2030,140,20,20,0.6031746031746031
8541,hydro_reservoir,2030,140,21,21,0.6333333333333333
8542,hydro_reservoir,2030,140,22,22,0.6634920634920635
8543,hydro_reservoir,2030,140,23,23,0.6936507936507936
8544,hydro_reservoir,2030,140,24,24,0.7238095238095238
8545,hydro_reservoir,2030,141,1,1,0.03192239858906525
8546,hydro_reservoir,2030,141,2,2,0.0638447971781305
8547,hydro_reservoir,2030,141,3,3,0.09576719576719575
8548,hydro_reservoir,2030,141,4,4,0.127689594356261
8549,hydro_reservoir,2030,141,5,5,0.15961199294532627
8550,hydro_reservoir,2030,141,6,6,0.19153439153439153
8551,hydro_reservoir,2030,141,7,7,0.2234567901234568
8552,hydro_reservoir,2030,141,8,8,0.255379188712522
8553,hydro_reservoir,2030,141,9,9,0.2873015873015873
8554,hydro_reservoir,2030,141,10,10,0.31922398589065254
8555,hydro_reservoir,2030,141,11,11,0.32684293090935024
8556,hydro_reservoir,2030,141,12,12,0.3022325209173142
8557,hydro_reservoir,2030,141,13,13,0.30920150233131416
8558,hydro_reservoir,2030,141,14,14,0.29613201923698895
8559,hydro_reservoir,2030,141,15,15,0.2600604600158193
8560,hydro_reservoir,2030,141,16,16,0.20170353213961792
8561,hydro_reservoir,2030,141,17,17,0.16505269429763333
8562,hydro_reservoir,2030,141,18,18,0.16319296449172488
8563,hydro_reservoir,2030,141,19,19,0.19511536308079014
8564,hydro_reservoir,2030,141,20,20,0.2270377616698554
8565,hydro_reservoir,2030,141,21,21,0.25896016025892066
8566,hydro_reservoir,2030,141,22,22,0.2908825588479859
8567,hydro_reservoir,2030,141,23,23,0.3228049574370512
8568,hydro_reservoir,2030,141,24,24,0.35472735602611644
8569,hydro_reservoir,2030,142,1,1,0.0291005291005291
8570,hydro_reservoir,2030,142,2,2,0.0582010582010582
8571,hydro_reservoir,2030,142,3,3,0.0873015873015873
8572,hydro_reservoir,2030,142,4,4,0.1164021164021164
8573,hydro_reservoir,2030,142,5,5,0.1455026455026455
8574,hydro_reservoir,2030,142,6,6,0.1746031746031746
8575,hydro_reservoir,2030,142,7,7,0.2037037037037037
8576,hydro_reservoir,2030,142,8,8,0.2328042328042328
8577,hydro_reservoir,2030,142,9,9,0.26190476190476186
8578,hydro_reservoir,2030,142,10,10,0.29100529100529093
8579,hydro_reservoir,2030,142,11,11,0.32010582010582
8580,hydro_reservoir,2030,142,12,12,0.3492063492063491
8581,hydro_reservoir,2030,142,13,13,0.37830687830687815
8582,hydro_reservoir,2030,142,14,14,0.4074074074074072
8583,hydro_reservoir,2030,142,15,15,0.4365079365079363
8584,hydro_reservoir,2030,142,16,16,0.46560846560846536
8585,hydro_reservoir,2030,142,17,17,0.49470899470899443
8586,hydro_reservoir,2030,142,18,18,0.5238095238095235
8587,hydro_reservoir,2030,142,19,19,0.5529100529100526
8588,hydro_reservoir,2030,142,20,20,0.5820105820105816
8589,hydro_reservoir,2030,142,21,21,0.6111111111111107
8590,hydro_reservoir,2030,142,22,22,0.6402116402116398
8591,hydro_reservoir,2030,142,23,23,0.6693121693121689
8592,hydro_reservoir,2030,142,24,24,0.6984126984126979
8593,hydro_reservoir,2030,143,1,1,0.03051146384479718
8594,hydro_reservoir,2030,143,2,2,0.06102292768959436
8595,hydro_reservoir,2030,143,3,3,0.09153439153439154
8596,hydro_reservoir,2030,143,4,4,0.12204585537918872
8597,hydro_reservoir,2030,143,5,5,0.1525573192239859
8598,hydro_reservoir,2030,143,6,6,0.1830687830687831
8599,hydro_reservoir,2030,143,7,7,0.2135802469135803
8600,hydro_reservoir,2030,143,8,8,0.2440917107583775
8601,hydro_reservoir,2030,143,9,9,0.2746031746031747
8602,hydro_reservoir,2030,143,10,10,0.2251386353714493
8603,hydro_reservoir,2030,143,11,11,0.0864797436090089
8604,hydro_reservoir,2030,143,12,12,-0.10520515932312785
8605,hydro_reservoir,2030,143,13,13,-0.334464745353447
8606,hydro_reservoir,2030,143,14,14,-0.6099613941352301
8607,hydro_reservoir,2030,143,15,15,-0.9255453447290365
8608,hydro_reservoir,2030,143,16,16,-1.2329926412972239
8609,hydro_reservoir,2030,143,17,17,-1.5312290457612732
8610,hydro_reservoir,2030,143,18,18,-1.8265894593446022
8611,hydro_reservoir,2030,143,19,19,-2.094132108809476
8612,hydro_reservoir,2030,143,20,20,-2.2934760402388195
8613,hydro_reservoir,2030,143,21,21,-2.447085322633158
8614,hydro_reservoir,2030,143,22,22,-2.527695428158298
8615,hydro_reservoir,2030,143,23,23,-2.5076378668582167
8616,hydro_reservoir,2030,143,24,24,-2.4771264030134197
8617,hydro_reservoir,2030,144,1,1,0.0291005291005291
8618,hydro_reservoir,2030,144,2,2,0.0582010582010582
8619,hydro_reservoir,2030,144,3,3,0.0873015873015873
8620,hydro_reservoir,2030,144,4,4,0.1164021164021164
8621,hydro_reservoir,2030,144,5,5,0.1455026455026455
8622,hydro_reservoir,2030,144,6,6,0.1746031746031746
8623,hydro_reservoir,2030,144,7,7,0.2037037037037037
8624,hydro_reservoir,2030,144,8,8,0.2328042328042328
8625,hydro_reservoir,2030,144,9,9,0.26190476190476186
8626,hydro_reservoir,2030,144,10,10,0.29100529100529093
8627,hydro_reservoir,2030,144,11,11,0.32010582010582
8628,hydro_reservoir,2030,144,12,12,0.3492063492063491
8629,hydro_reservoir,2030,144,13,13,0.37830687830687815
8630,hydro_reservoir,2030,144,14,14,0.4074074074074072
8631,hydro_reservoir,2030,144,15,15,0.4365079365079363
8632,hydro_reservoir,2030,144,16,16,0.46560846560846536
8633,hydro_reservoir,2030,144,17,17,0.49470899470899443
8634,hydro_reservoir,2030,144,18,18,0.5238095238095235
8635,hydro_reservoir,2030,144,19,19,0.5529100529100526
8636,hydro_reservoir,2030,144,20,20,0.5820105820105816
8637,hydro_reservoir,2030,144,21,21,0.6111111111111107
8638,hydro_reservoir,2030,144,22,22,0.6402116402116398
8639,hydro_reservoir,2030,144,23,23,0.6693121693121689
8640,hydro_reservoir,2030,144,24,24,0.6984126984126979
8641,hydro_reservoir,2030,145,1,1,0.09047619047619049
8642,hydro_reservoir,2030,145,2,2,0.18095238095238098
8643,hydro_reservoir,2030,145,3,3,0.27142857142857146
8644,hydro_reservoir,2030,145,4,4,0.36190476190476195
8645,hydro_reservoir,2030,145,5,5,0.45238095238095244
8646,hydro_reservoir,2030,145,6,6,0.5428571428571429
8647,hydro_reservoir,2030,145,7,7,0.6333333333333334
8648,hydro_reservoir,2030,145,8,8,0.7238095238095239
8649,hydro_reservoir,2030,145,9,9,0.8142857142857144
8650,hydro_reservoir,2030,145,10,10,0.9047619047619049
8651,hydro_reservoir,2030,145,11,11,0.9952380952380954
8652,hydro_reservoir,2030,145,12,12,1.0857142857142859
8653,hydro_reservoir,2030,145,13,13,1.1761904761904765
8654,hydro_reservoir,2030,145,14,14,1.266666666666667
8655,hydro_reservoir,2030,145,15,15,1.3571428571428577
8656,hydro_reservoir,2030,145,16,16,1.4476190476190482
8657,hydro_reservoir,2030,145,17,17,1.5380952380952388
8658,hydro_reservoir,2030,145,18,18,1.6285714285714294
8659,hydro_reservoir,2030,145,19,19,1.71904761904762
8660,hydro_reservoir,2030,145,20,20,1.8095238095238106
8661,hydro_reservoir,2030,145,21,21,1.9000000000000012
8662,hydro_reservoir,2030,145,22,22,1.9904761904761918
8663,hydro_reservoir,2030,145,23,23,2.0809523809523824
8664,hydro_reservoir,2030,145,24,24,2.171428571428573
8665,hydro_reservoir,2030,146,1,1,0.03579194565180443
8666,hydro_reservoir,2030,146,2,2,0.08198912614878456
8667,hydro_reservoir,2030,146,3,3,0.13805516932188902
8668,hydro_reservoir,2030,146,4,4,0.1947374348067218
8669,hydro_reservoir,2030,146,5,5,0.24225747633708322
8670,hydro_reservoir,2030,146,6,6,0.27041558384567277
8671,hydro_reservoir,2030,146,7,7,0.20459358470902933
8672,hydro_reservoir,2030,146,8,8,0.12263897690838427
8673,hydro_reservoir,2030,146,9,9,-0.1263374655017846
8674,hydro_reservoir,2030,146,10,10,-0.4151555137793997
8675,hydro_reservoir,2030,146,11,11,-0.6966222727196825
8676,hydro_reservoir,2030,146,12,12,-0.9879344477738381
8677,hydro_reservoir,2030,146,13,13,-1.2539214152918403
8678,hydro_reservoir,2030,146,14,14,-1.5276299623940857
8679,hydro_reservoir,2030,146,15,15,-1.8167145720983688
8680,hydro_reservoir,2030,146,16,16,-2.1007033838477227
8681,hydro_reservoir,2030,146,17,17,-2.364303570182004
8682,hydro_reservoir,2030,146,18,18,-2.6436669296296076
8683,hydro_reservoir,2030,146,19,19,-2.9229413992109827
8684,hydro_reservoir,2030,146,20,20,-3.180162343552043
8685,hydro_reservoir,2030,146,21,21,-3.3956039853478908
8686,hydro_reservoir,2030,146,22,22,-3.54109995089225
8687,hydro_reservoir,2030,146,23,23,-3.6172293706096452
8688,hydro_reservoir,2030,146,24,24,-3.7736549698180717
8689,hydro_reservoir,2030,147,1,1,0.0490299823633157
8690,hydro_reservoir,2030,147,2,2,0.0980599647266314
8691,hydro_reservoir,2030,147,3,3,0.1470899470899471
8692,hydro_reservoir,2030,147,4,4,0.1961199294532628
8693,hydro_reservoir,2030,147,5,5,0.24514991181657847
8694,hydro_reservoir,2030,147,6,6,0.29417989417989415
8695,hydro_reservoir,2030,147,7,7,0.34320987654320984
8696,hydro_reservoir,2030,147,8,8,0.3922398589065255
8697,hydro_reservoir,2030,147,9,9,0.4412698412698412
8698,hydro_reservoir,2030,147,10,10,0.446192820247621
8699,hydro_reservoir,2030,147,11,11,0.3937620230538092
8700,hydro_reservoir,2030,147,12,12,0.2749271861110335
8701,hydro_reservoir,2030,147,13,13,0.1359481625153504
8702,hydro_reservoir,2030,147,14,14,-0.013327326972552678
8703,hydro_reservoir,2030,147,15,15,-0.13702679667640327
8704,hydro_reservoir,2030,147,16,16,-0.19392569158816014
8705,hydro_reservoir,2030,147,17,17,-0.15198082112857877
8706,hydro_reservoir,2030,147,18,18,-0.10295083876526308
8707,hydro_reservoir,2030,147,19,19,-0.05392085640194738
8708,hydro_reservoir,2030,147,20,20,-0.004890874038631685
8709,hydro_reservoir,2030,147,21,21,0.04413910832468401
8710,hydro_reservoir,2030,147,22,22,0.09316909068799971
8711,hydro_reservoir,2030,147,23,23,0.1421990730513154
8712,hydro_reservoir,2030,147,24,24,0.1912290554146311
8713,hydro_reservoir,2030,148,1,1,0.04091710758377425
8714,hydro_reservoir,2030,148,2,2,0.0818342151675485
8715,hydro_reservoir,2030,148,3,3,0.12275132275132275
8716,hydro_reservoir,2030,148,4,4,0.163668430335097
8717,hydro_reservoir,2030,148,5,5,0.20458553791887127
8718,hydro_reservoir,2030,148,6,6,0.24550264550264553
8719,hydro_reservoir,2030,148,7,7,0.28641975308641976
8720,hydro_reservoir,2030,148,8,8,0.327336860670194
8721,hydro_reservoir,2030,148,9,9,0.3682539682539683
8722,hydro_reservoir,2030,148,10,10,0.40917107583774254
8723,hydro_reservoir,2030,148,11,11,0.444066174057289
8724,hydro_reservoir,2030,148,12,12,0.48498328164106325
8725,hydro_reservoir,2030,148,13,13,0.5259003892248375
8726,hydro_reservoir,2030,148,14,14,0.5668174968086117
8727,hydro_reservoir,2030,148,15,15,0.6077346043923859
8728,hydro_reservoir,2030,148,16,16,0.6486517119761601
8729,hydro_reservoir,2030,148,17,17,0.6895688195599343
8730,hydro_reservoir,2030,148,18,18,0.7304859271437085
8731,hydro_reservoir,2030,148,19,19,0.7714030347274827
8732,hydro_reservoir,2030,148,20,20,0.8123201423112569
8733,hydro_reservoir,2030,148,21,21,0.8532372498950311
8734,hydro_reservoir,2030,148,22,22,0.8941543574788053
8735,hydro_reservoir,2030,148,23,23,0.9350714650625795
8736,hydro_reservoir,2030,148,24,24,0.9759885726463537
8737,hydro_reservoir,2030,149,1,1,0.0006116806713943879
8738,hydro_reservoir,2030,149,2,2,0.018903799898536702
8739,hydro_reservoir,2030,149,3,3,0.04740969688677031
8740,hydro_reservoir,2030,149,4,4,0.0840091510460618
8741,hydro_reservoir,2030,149,5,5,0.1290971762588607
8742,hydro_reservoir,2030,149,6,6,0.21904426620595063
8743,hydro_reservoir,2030,149,7,7,0.29066498617619063
8744,hydro_reservoir,2030,149,8,8,0.3806120761232806
8745,hydro_reservoir,2030,149,9,9,0.37723450412907034
8746,hydro_reservoir,2030,149,10,10,0.38668519554904324
8747,hydro_reservoir,2030,149,11,11,0.4766322854961332
8748,hydro_reservoir,2030,149,12,12,0.5665793754432231
8749,hydro_reservoir,2030,149,13,13,0.6565264653903131
8750,hydro_reservoir,2030,149,14,14,0.7464735553374031
8751,hydro_reservoir,2030,149,15,15,0.8364206452844931
8752,hydro_reservoir,2030,149,16,16,0.9263677352315831
8753,hydro_reservoir,2030,149,17,17,1.016314825178673
8754,hydro_reservoir,2030,149,18,18,1.106261915125763
8755,hydro_reservoir,2030,149,19,19,1.196209005072853
8756,hydro_reservoir,2030,149,20,20,1.286156095019943
8757,hydro_reservoir,2030,149,21,21,1.376103184967033
8758,hydro_reservoir,2030,149,22,22,1.466050274914123
8759,hydro_reservoir,2030,149,23,23,1.555997364861213
8760,hydro_reservoir,2030,149,24,24,1.645944454808303
8761,hydro_reservoir,2030,150,1,1,0.08077601410934744
8762,hydro_reservoir,2030,150,2,2,0.16155202821869488
8763,hydro_reservoir,2030,150,3,3,0.24232804232804234
8764,hydro_reservoir,2030,150,4,4,0.32310405643738976
8765,hydro_reservoir,2030,150,5,5,0.4038800705467372
8766,hydro_reservoir,2030,150,6,6,0.4846560846560846
8767,hydro_reservoir,2030,150,7,7,0.5654320987654321
8768,hydro_reservoir,2030,150,8,8,0.6462081128747795
8769,hydro_reservoir,2030,150,9,9,0.726984126984127
8770,hydro_reservoir,2030,150,10,10,0.8077601410934744
8771,hydro_reservoir,2030,150,11,11,0.8885361552028218
8772,hydro_reservoir,2030,150,12,12,0.9693121693121692
8773,hydro_reservoir,2030,150,13,13,1.0371513772777985
8774,hydro_reservoir,2030,150,14,14,1.1115091457869068
8775,hydro_reservoir,2030,150,15,15,1.1714118023291948
8776,hydro_reservoir,2030,150,16,16,1.2298152643913185
8777,hydro_reservoir,2030,150,17,17,1.2893387292353902
8778,hydro_reservoir,2030,150,18,18,1.3701147433447376
8779,hydro_reservoir,2030,150,19,19,1.450890757454085
8780,hydro_reservoir,2030,150,20,20,1.5316667715634324
8781,hydro_reservoir,2030,150,21,21,1.6124427856727799
8782,hydro_reservoir,2030,150,22,22,1.6932187997821273
8783,hydro_reservoir,2030,150,23,23,1.7739948138914747
8784,hydro_reservoir,2030,150,24,24,1.8547708280008222
8785,hydro_reservoir,2030,151,1,1,0.02451499118165785
8786,hydro_reservoir,2030,151,2,2,0.0490299823633157
8787,hydro_reservoir,2030,151,3,3,0.07354497354497355
8788,hydro_reservoir,2030,151,4,4,0.0980599647266314
8789,hydro_reservoir,2030,151,5,5,0.12257495590828923
8790,hydro_reservoir,2030,151,6,6,0.14708994708994708
8791,hydro_reservoir,2030,151,7,7,0.17160493827160492
8792,hydro_reservoir,2030,151,8,8,0.19611992945326276
8793,hydro_reservoir,2030,151,9,9,0.2206349206349206
8794,hydro_reservoir,2030,151,10,10,0.24514991181657844
8795,hydro_reservoir,2030,151,11,11,0.2696649029982363
8796,hydro_reservoir,2030,151,12,12,0.29417989417989415
8797,hydro_reservoir,2030,151,13,13,0.318694885361552
8798,hydro_reservoir,2030,151,14,14,0.34320987654320984
8799,hydro_reservoir,2030,151,15,15,0.3677248677248677
8800,hydro_reservoir,2030,151,16,16,0.3922398589065255
8801,hydro_reservoir,2030,151,17,17,0.41675485008818336
8802,hydro_reservoir,2030,151,18,18,0.4412698412698412
8803,hydro_reservoir,2030,151,19,19,0.46578483245149904
8804,hydro_reservoir,2030,151,20,20,0.4902998236331569
8805,hydro_reservoir,2030,151,21,21,0.5148148148148147
8806,hydro_reservoir,2030,151,22,22,0.5393298059964726
8807,hydro_reservoir,2030,151,23,23,0.5638447971781305
8808,hydro_reservoir,2030,151,24,24,0.5883597883597884
8809,hydro_reservoir,2030,152,1,1,0.05044091710758378
8810,hydro_reservoir,2030,152,2,2,0.10088183421516755
8811,hydro_reservoir,2030,152,3,3,0.15132275132275133
8812,hydro_reservoir,2030,152,4,4,0.2017636684303351
8813,hydro_reservoir,2030,152,5,5,0.2522045855379189
8814,hydro_reservoir,2030,152,6,6,0.3026455026455027
8815,hydro_reservoir,2030,152,7,7,0.3530864197530865
8816,hydro_reservoir,2030,152,8,8,0.4035273368606703
8817,hydro_reservoir,2030,152,9,9,0.45396825396825413
8818,hydro_reservoir,2030,152,10,10,0.5044091710758379
8819,hydro_reservoir,2030,152,11,11,0.5548500881834217
8820,hydro_reservoir,2030,152,12,12,0.6052910052910055
8821,hydro_reservoir,2030,152,13,13,0.6557319223985894
8822,hydro_reservoir,2030,152,14,14,0.7061728395061732
8823,hydro_reservoir,2030,152,15,15,0.756613756613757
8824,hydro_reservoir,2030,152,16,16,0.8070546737213408
8825,hydro_reservoir,2030,152,17,17,0.8574955908289246
8826,hydro_reservoir,2030,152,18,18,0.9079365079365084
8827,hydro_reservoir,2030,152,19,19,0.9583774250440922
8828,hydro_reservoir,2030,152,20,20,1.0088183421516759
8829,hydro_reservoir,2030,152,21,21,1.0592592592592596
8830,hydro_reservoir,2030,152,22,22,1.1097001763668433
8831,hydro_reservoir,2030,152,23,23,1.160141093474427
8832,hydro_reservoir,2030,152,24,24,1.2105820105820106
8833,hydro_reservoir,2030,153,1,1,0.02821869488536155
8834,hydro_reservoir,2030,153,2,2,0.0564373897707231
8835,hydro_reservoir,2030,153,3,3,0.08465608465608465
8836,hydro_reservoir,2030,153,4,4,0.1128747795414462
8837,hydro_reservoir,2030,153,5,5,0.14109347442680775
8838,hydro_reservoir,2030,153,6,6,0.1693121693121693
8839,hydro_reservoir,2030,153,7,7,0.19753086419753085
8840,hydro_reservoir,2030,153,8,8,0.2257495590828924
8841,hydro_reservoir,2030,153,9,9,0.25396825396825395
8842,hydro_reservoir,2030,153,10,10,0.2821869488536155
8843,hydro_reservoir,2030,153,11,11,0.31040564373897706
8844,hydro_reservoir,2030,153,12,12,0.3386243386243386
8845,hydro_reservoir,2030,153,13,13,0.36684303350970016
8846,hydro_reservoir,2030,153,14,14,0.3950617283950617
8847,hydro_reservoir,2030,153,15,15,0.42328042328042326
8848,hydro_reservoir,2030,153,16,16,0.4514991181657848
8849,hydro_reservoir,2030,153,17,17,0.47971781305114636
8850,hydro_reservoir,2030,153,18,18,0.5079365079365079
8851,hydro_reservoir,2030,153,19,19,0.5361552028218695
8852,hydro_reservoir,2030,153,20,20,0.564373897707231
8853,hydro_reservoir,2030,153,21,21,0.5925925925925926
8854,hydro_reservoir,2030,153,22,22,0.6208112874779541
8855,hydro_reservoir,2030,153,23,23,0.6490299823633157
8856,hydro_reservoir,2030,153,24,24,0.6772486772486772
8857,hydro_reservoir,2030,154,1,1,0.02451499118165785
8858,hydro_reservoir,2030,154,2,2,0.0490299823633157
8859,hydro_reservoir,2030,154,3,3,0.07354497354497355
8860,hydro_reservoir,2030,154,4,4,0.0980599647266314
8861,hydro_reservoir,2030,154,5,5,0.12257495590828923
8862,hydro_reservoir,2030,154,6,6,0.14708994708994708
8863,hydro_reservoir,2030,154,7,7,0.17160493827160492
8864,hydro_reservoir,2030,154,8,8,0.19611992945326276
8865,hydro_reservoir,2030,154,9,9,0.2206349206349206
8866,hydro_reservoir,2030,154,10,10,0.22555939462467486
8867,hydro_reservoir,2030,154,11,11,0.20800314267856618
8868,hydro_reservoir,2030,154,12,12,0.20797609784939394
8869,hydro_reservoir,2030,154,13,13,0.19565217315288438
8870,hydro_reservoir,2030,154,14,14,0.21424419514952897
8871,hydro_reservoir,2030,154,15,15,0.2387591863311868
8872,hydro_reservoir,2030,154,16,16,0.26327417751284465
8873,hydro_reservoir,2030,154,17,17,0.2877891686945025
8874,hydro_reservoir,2030,154,18,18,0.31230415987616034
8875,hydro_reservoir,2030,154,19,19,0.3368191510578182
8876,hydro_reservoir,2030,154,20,20,0.361334142239476
8877,hydro_reservoir,2030,154,21,21,0.38584913342113386
8878,hydro_reservoir,2030,154,22,22,0.4103641246027917
8879,hydro_reservoir,2030,154,23,23,0.43487911578444954
8880,hydro_reservoir,2030,154,24,24,0.4593941069661074
8881,hydro_reservoir,2030,155,1,1,0.03527336860670194
8882,hydro_reservoir,2030,155,2,2,0.07054673721340388
8883,hydro_reservoir,2030,155,3,3,0.10582010582010581
8884,hydro_reservoir,2030,155,4,4,0.14109347442680775
8885,hydro_reservoir,2030,155,5,5,0.1763668430335097
8886,hydro_reservoir,2030,155,6,6,0.21164021164021163
8887,hydro_reservoir,2030,155,7,7,0.24691358024691357
8888,hydro_reservoir,2030,155,8,8,0.2821869488536155
8889,hydro_reservoir,2030,155,9,9,0.31746031746031744
8890,hydro_reservoir,2030,155,10,10,0.3527336860670194
8891,hydro_reservoir,2030,155,11,11,0.3880070546737213
8892,hydro_reservoir,2030,155,12,12,0.42328042328042326
8893,hydro_reservoir,2030,155,13,13,0.4585537918871252
8894,hydro_reservoir,2030,155,14,14,0.49382716049382713
8895,hydro_reservoir,2030,155,15,15,0.5291005291005291
8896,hydro_reservoir,2030,155,16,16,0.564373897707231
8897,hydro_reservoir,2030,155,17,17,0.599647266313933
8898,hydro_reservoir,2030,155,18,18,0.6349206349206349
8899,hydro_reservoir,2030,155,19,19,0.6701940035273368
8900,hydro_reservoir,2030,155,20,20,0.7054673721340388
8901,hydro_reservoir,2030,155,21,21,0.7407407407407407
8902,hydro_reservoir,2030,155,22,22,0.7760141093474426
8903,hydro_reservoir,2030,155,23,23,0.8112874779541446
8904,hydro_reservoir,2030,155,24,24,0.8465608465608465
8905,hydro_reservoir,2030,156,1,1,0.08994708994708994
8906,hydro_reservoir,2030,156,2,2,0.17989417989417988
8907,hydro_reservoir,2030,156,3,3,0.2698412698412698
8908,hydro_reservoir,2030,156,4,4,0.35978835978835977
8909,hydro_reservoir,2030,156,5,5,0.4497354497354497
8910,hydro_reservoir,2030,156,6,6,0.5396825396825397
8911,hydro_reservoir,2030,156,7,7,0.6296296296296295
8912,hydro_reservoir,2030,156,8,8,0.7195767195767195
8913,hydro_reservoir,2030,156,9,9,0.8095238095238095
8914,hydro_reservoir,2030,156,10,10,0.8994708994708995
8915,hydro_reservoir,2030,156,11,11,0.9894179894179895
8916,hydro_reservoir,2030,156,12,12,1.0793650793650795
8917,hydro_reservoir,2030,156,13,13,1.1693121693121695
8918,hydro_reservoir,2030,156,14,14,1.2592592592592595
8919,hydro_reservoir,2030,156,15,15,1.3492063492063495
8920,hydro_reservoir,2030,156,16,16,1.4391534391534395
8921,hydro_reservoir,2030,156,17,17,1.5291005291005295
8922,hydro_reservoir,2030,156,18,18,1.6190476190476195
8923,hydro_reservoir,2030,156,19,19,1.7089947089947095
8924,hydro_reservoir,2030,156,20,20,1.7989417989417995
8925,hydro_reservoir,2030,156,21,21,1.8888888888888895
8926,hydro_reservoir,2030,156,22,22,1.9788359788359795
8927,hydro_reservoir,2030,156,23,23,2.0687830687830693
8928,hydro_reservoir,2030,156,24,24,2.158730158730159
8929,hydro_reservoir,2030,157,1,1,0.027160493827160494
8930,hydro_reservoir,2030,157,2,2,0.05432098765432099
8931,hydro_reservoir,2030,157,3,3,0.08148148148148149
8932,hydro_reservoir,2030,157,4,4,0.10864197530864197
8933,hydro_reservoir,2030,157,5,5,0.13580246913580246
8934,hydro_reservoir,2030,157,6,6,0.16296296296296295
8935,hydro_reservoir,2030,157,7,7,0.19012345679012344
8936,hydro_reservoir,2030,157,8,8,0.21728395061728392
8937,hydro_reservoir,2030,157,9,9,0.2444444444444444
8938,hydro_reservoir,2030,157,10,10,0.2716049382716049
8939,hydro_reservoir,2030,157,11,11,0.29876543209876544
8940,hydro_reservoir,2030,157,12,12,0.32592592592592595
8941,hydro_reservoir,2030,157,13,13,0.35308641975308647
8942,hydro_reservoir,2030,157,14,14,0.380246913580247
8943,hydro_reservoir,2030,157,15,15,0.4074074074074075
8944,hydro_reservoir,2030,157,16,16,0.434567901234568
8945,hydro_reservoir,2030,157,17,17,0.4617283950617285
8946,hydro_reservoir,2030,157,18,18,0.48888888888888904
8947,hydro_reservoir,2030,157,19,19,0.5160493827160495
8948,hydro_reservoir,2030,157,20,20,0.54320987654321
8949,hydro_reservoir,2030,157,21,21,0.5703703703703704
8950,hydro_reservoir,2030,157,22,22,0.5975308641975309
8951,hydro_reservoir,2030,157,23,23,0.6246913580246913
8952,hydro_reservoir,2030,157,24,24,0.6518518518518518
8953,hydro_reservoir,2030,158,1,1,0.07707231040564375
8954,hydro_reservoir,2030,158,2,2,0.1541446208112875
8955,hydro_reservoir,2030,158,3,3,0.23121693121693124
8956,hydro_reservoir,2030,158,4,4,0.308289241622575
8957,hydro_reservoir,2030,158,5,5,0.38536155202821876
8958,hydro_reservoir,2030,158,6,6,0.46243386243386253
8959,hydro_reservoir,2030,158,7,7,0.5395061728395063
8960,hydro_reservoir,2030,158,8,8,0.6165784832451501
8961,hydro_reservoir,2030,158,9,9,0.6936507936507939
8962,hydro_reservoir,2030,158,10,10,0.7707231040564376
8963,hydro_reservoir,2030,158,11,11,0.8477954144620814
8964,hydro_reservoir,2030,158,12,12,0.9248677248677252
8965,hydro_reservoir,2030,158,13,13,1.001940035273369
8966,hydro_reservoir,2030,158,14,14,1.0790123456790126
8967,hydro_reservoir,2030,158,15,15,1.1560846560846563
8968,hydro_reservoir,2030,158,16,16,1.2331569664903
8969,hydro_reservoir,2030,158,17,17,1.3102292768959436
8970,hydro_reservoir,2030,158,18,18,1.3873015873015873
8971,hydro_reservoir,2030,158,19,19,1.464373897707231
8972,hydro_reservoir,2030,158,20,20,1.5414462081128746
8973,hydro_reservoir,2030,158,21,21,1.6185185185185182
8974,hydro_reservoir,2030,158,22,22,1.695590828924162
8975,hydro_reservoir,2030,158,23,23,1.7726631393298056
8976,hydro_reservoir,2030,158,24,24,1.8497354497354492
8977,hydro_reservoir,2030,159,1,1,0.027689594356261022
8978,hydro_reservoir,2030,159,2,2,0.055379188712522044
8979,hydro_reservoir,2030,159,3,3,0.08306878306878307
8980,hydro_reservoir,2030,159,4,4,0.11075837742504409
8981,hydro_reservoir,2030,159,5,5,0.1384479717813051
8982,hydro_reservoir,2030,159,6,6,0.16613756613756614
8983,hydro_reservoir,2030,159,7,7,0.19382716049382717
8984,hydro_reservoir,2030,159,8,8,0.2215167548500882
8985,hydro_reservoir,2030,159,9,9,0.24920634920634924
8986,hydro_reservoir,2030,159,10,10,0.27689594356261027
8987,hydro_reservoir,2030,159,11,11,0.3045855379188713
8988,hydro_reservoir,2030,159,12,12,0.3322751322751323
8989,hydro_reservoir,2030,159,13,13,0.3599647266313933
8990,hydro_reservoir,2030,159,14,14,0.3876543209876543
8991,hydro_reservoir,2030,159,15,15,0.4153439153439153
8992,hydro_reservoir,2030,159,16,16,0.4430335097001763
8993,hydro_reservoir,2030,159,17,17,0.4707231040564373
8994,hydro_reservoir,2030,159,18,18,0.4984126984126983
8995,hydro_reservoir,2030,159,19,19,0.5261022927689594
8996,hydro_reservoir,2030,159,20,20,0.5537918871252204
8997,hydro_reservoir,2030,159,21,21,0.5814814814814815
8998,hydro_reservoir,2030,159,22,22,0.6091710758377425
8999,hydro_reservoir,2030,159,23,23,0.6368606701940036
9000,hydro_reservoir,2030,159,24,24,0.6645502645502647
9001,hydro_reservoir,2030,160,1,1,0.027160493827160494
9002,hydro_reservoir,2030,160,2,2,0.05432098765432099
9003,hydro_reservoir,2030,160,3,3,0.08148148148148149
9004,hydro_reservoir,2030,160,4,4,0.10864197530864197
9005,hydro_reservoir,2030,160,5,5,0.13580246913580246
9006,hydro_reservoir,2030,160,6,6,0.16296296296296295
9007,hydro_reservoir,2030,160,7,7,0.19012345679012344
9008,hydro_reservoir,2030,160,8,8,0.21728395061728392
9009,hydro_reservoir,2030,160,9,9,0.2444444444444444
9010,hydro_reservoir,2030,160,10,10,0.2716049382716049
9011,hydro_reservoir,2030,160,11,11,0.29876543209876544
9012,hydro_reservoir,2030,160,12,12,0.32592592592592595
9013,hydro_reservoir,2030,160,13,13,0.35308641975308647
9014,hydro_reservoir,2030,160,14,14,0.380246913580247
9015,hydro_reservoir,2030,160,15,15,0.4074074074074075
9016,hydro_reservoir,2030,160,16,16,0.434567901234568
9017,hydro_reservoir,2030,160,17,17,0.4617283950617285
9018,hydro_reservoir,2030,160,18,18,0.48888888888888904
9019,hydro_reservoir,2030,160,19,19,0.5160493827160495
9020,hydro_reservoir,2030,160,20,20,0.54320987654321
9021,hydro_reservoir,2030,160,21,21,0.5703703703703704
9022,hydro_reservoir,2030,160,22,22,0.5975308641975309
9023,hydro_reservoir,2030,160,23,23,0.6246913580246913
9024,hydro_reservoir,2030,160,24,24,0.6518518518518518
9025,hydro_reservoir,2030,161,1,1,0.02821869488536155
9026,hydro_reservoir,2030,161,2,2,0.0564373897707231
9027,hydro_reservoir,2030,161,3,3,0.08465608465608465
9028,hydro_reservoir,2030,161,4,4,0.1128747795414462
9029,hydro_reservoir,2030,161,5,5,0.14109347442680775
9030,hydro_reservoir,2030,161,6,6,0.1693121693121693
9031,hydro_reservoir,2030,161,7,7,0.19753086419753085
9032,hydro_reservoir,2030,161,8,8,0.2257495590828924
9033,hydro_reservoir,2030,161,9,9,0.25396825396825395
9034,hydro_reservoir,2030,161,10,10,0.2821869488536155
9035,hydro_reservoir,2030,161,11,11,0.31040564373897706
9036,hydro_reservoir,2030,161,12,12,0.3386243386243386
9037,hydro_reservoir,2030,161,13,13,0.36684303350970016
9038,hydro_reservoir,2030,161,14,14,0.3950617283950617
9039,hydro_reservoir,2030,161,15,15,0.42328042328042326
9040,hydro_reservoir,2030,161,16,16,0.4514991181657848
9041,hydro_reservoir,2030,161,17,17,0.47971781305114636
9042,hydro_reservoir,2030,161,18,18,0.5079365079365079
9043,hydro_reservoir,2030,161,19,19,0.5361552028218695
9044,hydro_reservoir,2030,161,20,20,0.564373897707231
9045,hydro_reservoir,2030,161,21,21,0.5925925925925926
9046,hydro_reservoir,2030,161,22,22,0.6208112874779541
9047,hydro_reservoir,2030,161,23,23,0.6490299823633157
9048,hydro_reservoir,2030,161,24,24,0.6772486772486772
9049,hydro_reservoir,2030,162,1,1,0.02486772486772487
9050,hydro_reservoir,2030,162,2,2,0.04973544973544974
9051,hydro_reservoir,2030,162,3,3,0.0746031746031746
9052,hydro_reservoir,2030,162,4,4,0.09947089947089947
9053,hydro_reservoir,2030,162,5,5,0.12433862433862435
9054,hydro_reservoir,2030,162,6,6,0.1492063492063492
9055,hydro_reservoir,2030,162,7,7,0.17407407407407408
9056,hydro_reservoir,2030,162,8,8,0.19894179894179895
9057,hydro_reservoir,2030,162,9,9,0.22380952380952382
9058,hydro_reservoir,2030,162,10,10,0.2486772486772487
9059,hydro_reservoir,2030,162,11,11,0.27354497354497354
9060,hydro_reservoir,2030,162,12,12,0.2984126984126984
9061,hydro_reservoir,2030,162,13,13,0.3232804232804233
9062,hydro_reservoir,2030,162,14,14,0.34814814814814815
9063,hydro_reservoir,2030,162,15,15,0.373015873015873
9064,hydro_reservoir,2030,162,16,16,0.3978835978835979
9065,hydro_reservoir,2030,162,17,17,0.42275132275132277
9066,hydro_reservoir,2030,162,18,18,0.44761904761904764
9067,hydro_reservoir,2030,162,19,19,0.4724867724867725
9068,hydro_reservoir,2030,162,20,20,0.4973544973544974
9069,hydro_reservoir,2030,162,21,21,0.5222222222222223
9070,hydro_reservoir,2030,162,22,22,0.5470899470899471
9071,hydro_reservoir,2030,162,23,23,0.5719576719576719
9072,hydro_reservoir,2030,162,24,24,0.5968253968253967
9073,hydro_reservoir,2030,163,1,1,0.02486772486772487
9074,hydro_reservoir,2030,163,2,2,0.04973544973544974
9075,hydro_reservoir,2030,163,3,3,0.0746031746031746
9076,hydro_reservoir,2030,163,4,4,0.09947089947089947
9077,hydro_reservoir,2030,163,5,5,0.12433862433862435
9078,hydro_reservoir,2030,163,6,6,0.1492063492063492
9079,hydro_reservoir,2030,163,7,7,0.17407407407407408
9080,hydro_reservoir,2030,163,8,8,0.19894179894179895
9081,hydro_reservoir,2030,163,9,9,0.1912264343641535
9082,hydro_reservoir,2030,163,10,10,0.14066376286182833
9083,hydro_reservoir,2030,163,11,11,0.13299969289853406
9084,hydro_reservoir,2030,163,12,12,0.15786741776625893
9085,hydro_reservoir,2030,163,13,13,0.07787851861212816
9086,hydro_reservoir,2030,163,14,14,0.05293417690932495
9087,hydro_reservoir,2030,163,15,15,0.07780190177704982
9088,hydro_reservoir,2030,163,16,16,0.10266962664477469
9089,hydro_reservoir,2030,163,17,17,0.12753735151249956
9090,hydro_reservoir,2030,163,18,18,0.15240507638022444
9091,hydro_reservoir,2030,163,19,19,0.1772728012479493
9092,hydro_reservoir,2030,163,20,20,0.20214052611567418
9093,hydro_reservoir,2030,163,21,21,0.22700825098339905
9094,hydro_reservoir,2030,163,22,22,0.2518759758511239
9095,hydro_reservoir,2030,163,23,23,0.2767437007188488
9096,hydro_reservoir,2030,163,24,24,0.30161142558657367
9097,hydro_reservoir,2030,164,1,1,0.027160493827160494
9098,hydro_reservoir,2030,164,2,2,0.05432098765432099
9099,hydro_reservoir,2030,164,3,3,0.08148148148148149
9100,hydro_reservoir,2030,164,4,4,0.10864197530864197
9101,hydro_reservoir,2030,164,5,5,0.13580246913580246
9102,hydro_reservoir,2030,164,6,6,0.16296296296296295
9103,hydro_reservoir,2030,164,7,7,0.19012345679012344
9104,hydro_reservoir,2030,164,8,8,0.21728395061728392
9105,hydro_reservoir,2030,164,9,9,0.2444444444444444
9106,hydro_reservoir,2030,164,10,10,0.2716049382716049
9107,hydro_reservoir,2030,164,11,11,0.29876543209876544
9108,hydro_reservoir,2030,164,12,12,0.32592592592592595
9109,hydro_reservoir,2030,164,13,13,0.35308641975308647
9110,hydro_reservoir,2030,164,14,14,0.380246913580247
9111,hydro_reservoir,2030,164,15,15,0.4074074074074075
9112,hydro_reservoir,2030,164,16,16,0.434567901234568
9113,hydro_reservoir,2030,164,17,17,0.4617283950617285
9114,hydro_reservoir,2030,164,18,18,0.48888888888888904
9115,hydro_reservoir,2030,164,19,19,0.5160493827160495
9116,hydro_reservoir,2030,164,20,20,0.54320987654321
9117,hydro_reservoir,2030,164,21,21,0.5703703703703704
9118,hydro_reservoir,2030,164,22,22,0.5975308641975309
9119,hydro_reservoir,2030,164,23,23,0.6246913580246913
9120,hydro_reservoir,2030,164,24,24,0.6518518518518518
9121,hydro_reservoir,2030,165,1,1,0.027689594356261022
9122,hydro_reservoir,2030,165,2,2,0.055379188712522044
9123,hydro_reservoir,2030,165,3,3,0.08306878306878307
9124,hydro_reservoir,2030,165,4,4,0.11075837742504409
9125,hydro_reservoir,2030,165,5,5,0.1384479717813051
9126,hydro_reservoir,2030,165,6,6,0.16613756613756614
9127,hydro_reservoir,2030,165,7,7,0.19382716049382717
9128,hydro_reservoir,2030,165,8,8,0.2215167548500882
9129,hydro_reservoir,2030,165,9,9,0.24920634920634924
9130,hydro_reservoir,2030,165,10,10,0.27689594356261027
9131,hydro_reservoir,2030,165,11,11,0.3045855379188713
9132,hydro_reservoir,2030,165,12,12,0.3322751322751323
9133,hydro_reservoir,2030,165,13,13,0.3599647266313933
9134,hydro_reservoir,2030,165,14,14,0.3876543209876543
9135,hydro_reservoir,2030,165,15,15,0.4153439153439153
9136,hydro_reservoir,2030,165,16,16,0.4430335097001763
9137,hydro_reservoir,2030,165,17,17,0.4707231040564373
9138,hydro_reservoir,2030,165,18,18,0.4984126984126983
9139,hydro_reservoir,2030,165,19,19,0.5261022927689594
9140,hydro_reservoir,2030,165,20,20,0.5537918871252204
9141,hydro_reservoir,2030,165,21,21,0.5814814814814815
9142,hydro_reservoir,2030,165,22,22,0.6091710758377425
9143,hydro_reservoir,2030,165,23,23,0.6368606701940036
9144,hydro_reservoir,2030,165,24,24,0.6645502645502647
9145,hydro_reservoir,2030,166,1,1,0.07707231040564375
9146,hydro_reservoir,2030,166,2,2,0.1541446208112875
9147,hydro_reservoir,2030,166,3,3,0.23121693121693124
9148,hydro_reservoir,2030,166,4,4,0.308289241622575
9149,hydro_reservoir,2030,166,5,5,0.38536155202821876
9150,hydro_reservoir,2030,166,6,6,0.46243386243386253
9151,hydro_reservoir,2030,166,7,7,0.5395061728395063
9152,hydro_reservoir,2030,166,8,8,0.6165784832451501
9153,hydro_reservoir,2030,166,9,9,0.6936507936507939
9154,hydro_reservoir,2030,166,10,10,0.7707231040564376
9155,hydro_reservoir,2030,166,11,11,0.8477954144620814
9156,hydro_reservoir,2030,166,12,12,0.9248677248677252
9157,hydro_reservoir,2030,166,13,13,1.001940035273369
9158,hydro_reservoir,2030,166,14,14,1.0790123456790126
9159,hydro_reservoir,2030,166,15,15,1.1560846560846563
9160,hydro_reservoir,2030,166,16,16,1.2331569664903
9161,hydro_reservoir,2030,166,17,17,1.3102292768959436
9162,hydro_reservoir,2030,166,18,18,1.3873015873015873
9163,hydro_reservoir,2030,166,19,19,1.464373897707231
9164,hydro_reservoir,2030,166,20,20,1.5414462081128746
9165,hydro_reservoir,2030,166,21,21,1.6185185185185182
9166,hydro_reservoir,2030,166,22,22,1.695590828924162
9167,hydro_reservoir,2030,166,23,23,1.7726631393298056
9168,hydro_reservoir,2030,166,24,24,1.8497354497354492
9169,hydro_reservoir,2030,167,1,1,0.09047619047619049
9170,hydro_reservoir,2030,167,2,2,0.18095238095238098
9171,hydro_reservoir,2030,167,3,3,0.27142857142857146
9172,hydro_reservoir,2030,167,4,4,0.36190476190476195
9173,hydro_reservoir,2030,167,5,5,0.45238095238095244
9174,hydro_reservoir,2030,167,6,6,0.5428571428571429
9175,hydro_reservoir,2030,167,7,7,0.6333333333333334
9176,hydro_reservoir,2030,167,8,8,0.7238095238095239
9177,hydro_reservoir,2030,167,9,9,0.8142857142857144
9178,hydro_reservoir,2030,167,10,10,0.9047619047619049
9179,hydro_reservoir,2030,167,11,11,0.9952380952380954
9180,hydro_reservoir,2030,167,12,12,1.0857142857142859
9181,hydro_reservoir,2030,167,13,13,1.1761904761904765
9182,hydro_reservoir,2030,167,14,14,1.266666666666667
9183,hydro_reservoir,2030,167,15,15,1.3571428571428577
9184,hydro_reservoir,2030,167,16,16,1.4476190476190482
9185,hydro_reservoir,2030,167,17,17,1.5380952380952388
9186,hydro_reservoir,2030,167,18,18,1.6285714285714294
9187,hydro_reservoir,2030,167,19,19,1.71904761904762
9188,hydro_reservoir,2030,167,20,20,1.8095238095238106
9189,hydro_reservoir,2030,167,21,21,1.9000000000000012
9190,hydro_reservoir,2030,167,22,22,1.9904761904761918
9191,hydro_reservoir,2030,167,23,23,2.0809523809523824
9192,hydro_reservoir,2030,167,24,24,2.171428571428573
9193,hydro_reservoir,2030,168,1,1,0.03015873015873016
9194,hydro_reservoir,2030,168,2,2,0.06031746031746032
9195,hydro_reservoir,2030,168,3,3,0.09047619047619047
9196,hydro_reservoir,2030,168,4,4,0.12063492063492064
9197,hydro_reservoir,2030,168,5,5,0.15079365079365079
9198,hydro_reservoir,2030,168,6,6,0.18095238095238095
9199,hydro_reservoir,2030,168,7,7,0.2111111111111111
9200,hydro_reservoir,2030,168,8,8,0.24126984126984127
9201,hydro_reservoir,2030,168,9,9,0.2714285714285714
9202,hydro_reservoir,2030,168,10,10,0.30158730158730157
9203,hydro_reservoir,2030,168,11,11,0.33174603174603173
9204,hydro_reservoir,2030,168,12,12,0.3619047619047619
9205,hydro_reservoir,2030,168,13,13,0.39206349206349206
9206,hydro_reservoir,2030,168,14,14,0.4222222222222222
9207,hydro_reservoir,2030,168,15,15,0.4523809523809524
9208,hydro_reservoir,2030,168,16,16,0.48253968253968255
9209,hydro_reservoir,2030,168,17,17,0.5126984126984127
9210,hydro_reservoir,2030,168,18,18,0.5428571428571428
9211,hydro_reservoir,2030,168,19,19,0.573015873015873
9212,hydro_reservoir,2030,168,20,20,0.6031746031746031
9213,hydro_reservoir,2030,168,21,21,0.6333333333333333
9214,hydro_reservoir,2030,168,22,22,0.6634920634920635
9215,hydro_reservoir,2030,168,23,23,0.6936507936507936
9216,hydro_reservoir,2030,168,24,24,0.7238095238095238
9217,hydro_reservoir,2030,169,1,1,0.08783068783068783
9218,hydro_reservoir,2030,169,2,2,0.17566137566137566
9219,hydro_reservoir,2030,169,3,3,0.2634920634920635
9220,hydro_reservoir,2030,169,4,4,0.3513227513227513
9221,hydro_reservoir,2030,169,5,5,0.43915343915343913
9222,hydro_reservoir,2030,169,6,6,0.526984126984127
9223,hydro_reservoir,2030,169,7,7,0.6148148148148148
9224,hydro_reservoir,2030,169,8,8,0.7026455026455026
9225,hydro_reservoir,2030,169,9,9,0.7904761904761904
9226,hydro_reservoir,2030,169,10,10,0.8783068783068783
9227,hydro_reservoir,2030,169,11,11,0.9661375661375661
9228,hydro_reservoir,2030,169,12,12,1.053968253968254
9229,hydro_reservoir,2030,169,13,13,1.1417989417989418
9230,hydro_reservoir,2030,169,14,14,1.2296296296296296
9231,hydro_reservoir,2030,169,15,15,1.3174603174603174
9232,hydro_reservoir,2030,169,16,16,1.4052910052910053
9233,hydro_reservoir,2030,169,17,17,1.493121693121693
9234,hydro_reservoir,2030,169,18,18,1.5809523809523809
9235,hydro_reservoir,2030,169,19,19,1.6687830687830687
9236,hydro_reservoir,2030,169,20,20,1.7566137566137565
9237,hydro_reservoir,2030,169,21,21,1.8444444444444443
9238,hydro_reservoir,2030,169,22,22,1.9322751322751321
9239,hydro_reservoir,2030,169,23,23,2.02010582010582
9240,hydro_reservoir,2030,169,24,24,2.107936507936508
9241,hydro_reservoir,2030,170,1,1,0.064124335070283
9242,hydro_reservoir,2030,170,2,2,0.1210350578253934
9243,hydro_reservoir,2030,170,3,3,0.17458394587186113
9244,hydro_reservoir,2030,170,4,4,0.22059771603273925
9245,hydro_reservoir,2030,170,5,5,0.24851084165132575
9246,hydro_reservoir,2030,170,6,6,0.19921733002419
9247,hydro_reservoir,2030,170,7,7,0.16777926540029697
9248,hydro_reservoir,2030,170,8,8,-0.030076498184053002
9249,hydro_reservoir,2030,170,9,9,-0.28923956370972137
9250,hydro_reservoir,2030,170,10,10,-0.5879365274341672
9251,hydro_reservoir,2030,170,11,11,-0.8745720112777867
9252,hydro_reservoir,2030,170,12,12,-1.1399772058652917
9253,hydro_reservoir,2030,170,13,13,-1.4151898116470603
9254,hydro_reservoir,2030,170,14,14,-1.666770330567802
9255,hydro_reservoir,2030,170,15,15,-1.9160809968679915
9256,hydro_reservoir,2030,170,16,16,-2.131098347311214
9257,hydro_reservoir,2030,170,17,17,-2.3294355776408104
9258,hydro_reservoir,2030,170,18,18,-2.467131674462074
9259,hydro_reservoir,2030,170,19,19,-2.5824522572079496
9260,hydro_reservoir,2030,170,20,20,-2.6694807396392313
9261,hydro_reservoir,2030,170,21,21,-2.6982858799019813
9262,hydro_reservoir,2030,170,22,22,-2.6634002614562737
9263,hydro_reservoir,2030,170,23,23,-2.7047473490736045
9264,hydro_reservoir,2030,170,24,24,-2.6989735474084213
9265,hydro_reservoir,2030,171,1,1,0.02451499118165785
9266,hydro_reservoir,2030,171,2,2,0.0490299823633157
9267,hydro_reservoir,2030,171,3,3,0.07354497354497355
9268,hydro_reservoir,2030,171,4,4,0.0980599647266314
9269,hydro_reservoir,2030,171,5,5,0.12257495590828923
9270,hydro_reservoir,2030,171,6,6,0.14708994708994708
9271,hydro_reservoir,2030,171,7,7,0.17160493827160492
9272,hydro_reservoir,2030,171,8,8,0.19611992945326276
9273,hydro_reservoir,2030,171,9,9,0.2206349206349206
9274,hydro_reservoir,2030,171,10,10,0.24514991181657844
9275,hydro_reservoir,2030,171,11,11,0.2696649029982363
9276,hydro_reservoir,2030,171,12,12,0.29417989417989415
9277,hydro_reservoir,2030,171,13,13,0.318694885361552
9278,hydro_reservoir,2030,171,14,14,0.34320987654320984
9279,hydro_reservoir,2030,171,15,15,0.3677248677248677
9280,hydro_reservoir,2030,171,16,16,0.3922398589065255
9281,hydro_reservoir,2030,171,17,17,0.41675485008818336
9282,hydro_reservoir,2030,171,18,18,0.4412698412698412
9283,hydro_reservoir,2030,171,19,19,0.46578483245149904
9284,hydro_reservoir,2030,171,20,20,0.4902998236331569
9285,hydro_reservoir,2030,171,21,21,0.5148148148148147
9286,hydro_reservoir,2030,171,22,22,0.5393298059964726
9287,hydro_reservoir,2030,171,23,23,0.5638447971781305
9288,hydro_reservoir,2030,171,24,24,0.5883597883597884
9289,hydro_reservoir,2030,172,1,1,0.07971781305114639
9290,hydro_reservoir,2030,172,2,2,0.15943562610229278
9291,hydro_reservoir,2030,172,3,3,0.23915343915343917
9292,hydro_reservoir,2030,172,4,4,0.31887125220458556
9293,hydro_reservoir,2030,172,5,5,0.39858906525573196
9294,hydro_reservoir,2030,172,6,6,0.47830687830687835
9295,hydro_reservoir,2030,172,7,7,0.5580246913580247
9296,hydro_reservoir,2030,172,8,8,0.6377425044091711
9297,hydro_reservoir,2030,172,9,9,0.7174603174603176
9298,hydro_reservoir,2030,172,10,10,0.7880461944132092
9299,hydro_reservoir,2030,172,11,11,0.785746944966629
9300,hydro_reservoir,2030,172,12,12,0.690783447272395
9301,hydro_reservoir,2030,172,13,13,0.5840193009641735
9302,hydro_reservoir,2030,172,14,14,0.4435367618337482
9303,hydro_reservoir,2030,172,15,15,0.24730270585804753
9304,hydro_reservoir,2030,172,16,16,0.04732700477610041
9305,hydro_reservoir,2030,172,17,17,-0.15491297387270156
9306,hydro_reservoir,2030,172,18,18,-0.37425510914369287
9307,hydro_reservoir,2030,172,19,19,-0.5790014972713867
9308,hydro_reservoir,2030,172,20,20,-0.7708806580102813
9309,hydro_reservoir,2030,172,21,21,-0.913597158298251
9310,hydro_reservoir,2030,172,22,22,-0.9982675734162836
9311,hydro_reservoir,2030,172,23,23,-1.0404950920219285
9312,hydro_reservoir,2030,172,24,24,-1.1607201057115306
9313,hydro_reservoir,2030,173,1,1,0.0291005291005291
9314,hydro_reservoir,2030,173,2,2,0.0582010582010582
9315,hydro_reservoir,2030,173,3,3,0.0873015873015873
9316,hydro_reservoir,2030,173,4,4,0.1164021164021164
9317,hydro_reservoir,2030,173,5,5,0.1455026455026455
9318,hydro_reservoir,2030,173,6,6,0.1746031746031746
9319,hydro_reservoir,2030,173,7,7,0.2037037037037037
9320,hydro_reservoir,2030,173,8,8,0.1659513058058676
9321,hydro_reservoir,2030,173,9,9,0.06076578077765857
9322,hydro_reservoir,2030,173,10,10,-0.09824109181774887
9323,hydro_reservoir,2030,173,11,11,-0.245516103984994
9324,hydro_reservoir,2030,173,12,12,-0.35919200425120296
9325,hydro_reservoir,2030,173,13,13,-0.4790374630044115
9326,hydro_reservoir,2030,173,14,14,-0.5860365990681509
9327,hydro_reservoir,2030,173,15,15,-0.674404912419689
9328,hydro_reservoir,2030,173,16,16,-0.7198108852298525
9329,hydro_reservoir,2030,173,17,17,-0.7027692360629266
9330,hydro_reservoir,2030,173,18,18,-0.6736687069623976
9331,hydro_reservoir,2030,173,19,19,-0.6445681778618685
9332,hydro_reservoir,2030,173,20,20,-0.6154676487613394
9333,hydro_reservoir,2030,173,21,21,-0.5863671196608103
9334,hydro_reservoir,2030,173,22,22,-0.5572665905602813
9335,hydro_reservoir,2030,173,23,23,-0.5281660614597522
9336,hydro_reservoir,2030,173,24,24,-0.49906553235922313
9337,hydro_reservoir,2030,174,1,1,0.025044091710758377
9338,hydro_reservoir,2030,174,2,2,0.05008818342151675
9339,hydro_reservoir,2030,174,3,3,0.07513227513227513
9340,hydro_reservoir,2030,174,4,4,0.1001763668430335
9341,hydro_reservoir,2030,174,5,5,0.12522045855379188
9342,hydro_reservoir,2030,174,6,6,0.15026455026455027
9343,hydro_reservoir,2030,174,7,7,0.17530864197530865
9344,hydro_reservoir,2030,174,8,8,0.20035273368606704
9345,hydro_reservoir,2030,174,9,9,0.22539682539682543
9346,hydro_reservoir,2030,174,10,10,0.2504409171075838
9347,hydro_reservoir,2030,174,11,11,0.2754850088183422
9348,hydro_reservoir,2030,174,12,12,0.3005291005291006
9349,hydro_reservoir,2030,174,13,13,0.325573192239859
9350,hydro_reservoir,2030,174,14,14,0.35061728395061736
9351,hydro_reservoir,2030,174,15,15,0.37566137566137575
9352,hydro_reservoir,2030,174,16,16,0.40070546737213414
9353,hydro_reservoir,2030,174,17,17,0.4257495590828925
9354,hydro_reservoir,2030,174,18,18,0.4507936507936509
9355,hydro_reservoir,2030,174,19,19,0.4758377425044093
9356,hydro_reservoir,2030,174,20,20,0.5008818342151676
9357,hydro_reservoir,2030,174,21,21,0.525925925925926
9358,hydro_reservoir,2030,174,22,22,0.5509700176366844
9359,hydro_reservoir,2030,174,23,23,0.5760141093474428
9360,hydro_reservoir,2030,174,24,24,0.6010582010582012
9361,hydro_reservoir,2030,175,1,1,0.025044091710758377
9362,hydro_reservoir,2030,175,2,2,0.05008818342151675
9363,hydro_reservoir,2030,175,3,3,0.07513227513227513
9364,hydro_reservoir,2030,175,4,4,0.1001763668430335
9365,hydro_reservoir,2030,175,5,5,0.12522045855379188
9366,hydro_reservoir,2030,175,6,6,0.15026455026455027
9367,hydro_reservoir,2030,175,7,7,0.17530864197530865
9368,hydro_reservoir,2030,175,8,8,0.20035273368606704
9369,hydro_reservoir,2030,175,9,9,0.22539682539682543
9370,hydro_reservoir,2030,175,10,10,0.2504409171075838
9371,hydro_reservoir,2030,175,11,11,0.24821246070755112
9372,hydro_reservoir,2030,175,12,12,0.24833484983910475
9373,hydro_reservoir,2030,175,13,13,0.24918394117719012
9374,hydro_reservoir,2030,175,14,14,0.22426524904194417
9375,hydro_reservoir,2030,175,15,15,0.16586155842896766
9376,hydro_reservoir,2030,175,16,16,0.11278877636849077
9377,hydro_reservoir,2030,175,17,17,0.05852316999420243
9378,hydro_reservoir,2030,175,18,18,-0.007051817923353486
9379,hydro_reservoir,2030,175,19,19,-0.07187722288409962
9380,hydro_reservoir,2030,175,20,20,-0.1155734231795559
9381,hydro_reservoir,2030,175,21,21,-0.16744817836312872
9382,hydro_reservoir,2030,175,22,22,-0.20125906769253823
9383,hydro_reservoir,2030,175,23,23,-0.20622383225995294
9384,hydro_reservoir,2030,175,24,24,-0.18117974054919456
9385,hydro_reservoir,2030,176,1,1,0.08818342151675485
9386,hydro_reservoir,2030,176,2,2,0.1763668430335097
9387,hydro_reservoir,2030,176,3,3,0.26455026455026454
9388,hydro_reservoir,2030,176,4,4,0.3527336860670194
9389,hydro_reservoir,2030,176,5,5,0.4409171075837742
9390,hydro_reservoir,2030,176,6,6,0.5291005291005291
9391,hydro_reservoir,2030,176,7,7,0.6172839506172839
9392,hydro_reservoir,2030,176,8,8,0.7054673721340388
9393,hydro_reservoir,2030,176,9,9,0.7421220311957302
9394,hydro_reservoir,2030,176,10,10,0.7512173878530698
9395,hydro_reservoir,2030,176,11,11,0.7776441516566599
9396,hydro_reservoir,2030,176,12,12,0.8263895864640087
9397,hydro_reservoir,2030,176,13,13,0.8567305738016411
9398,hydro_reservoir,2030,176,14,14,0.8756465616148357
9399,hydro_reservoir,2030,176,15,15,0.8523464636049208
9400,hydro_reservoir,2030,176,16,16,0.8070613961699924
9401,hydro_reservoir,2030,176,17,17,0.7224189243387233
9402,hydro_reservoir,2030,176,18,18,0.5901236999876229
9403,hydro_reservoir,2030,176,19,19,0.45063366033068875
9404,hydro_reservoir,2030,176,20,20,0.30917376273113834
9405,hydro_reservoir,2030,176,21,21,0.20003936283283144
9406,hydro_reservoir,2030,176,22,22,0.15749792971816784
9407,hydro_reservoir,2030,176,23,23,0.03126019387093269
9408,hydro_reservoir,2030,176,24,24,-0.03630169153695033
9409,hydro_reservoir,2030,177,1,1,0.026631393298059965
9410,hydro_reservoir,2030,177,2,2,0.05326278659611993
9411,hydro_reservoir,2030,177,3,3,0.07989417989417989
9412,hydro_reservoir,2030,177,4,4,0.10652557319223986
9413,hydro_reservoir,2030,177,5,5,0.13315696649029982
9414,hydro_reservoir,2030,177,6,6,0.15978835978835979
9415,hydro_reservoir,2030,177,7,7,0.18641975308641975
9416,hydro_reservoir,2030,177,8,8,0.21305114638447972
9417,hydro_reservoir,2030,177,9,9,0.2396825396825397
9418,hydro_reservoir,2030,177,10,10,0.26631393298059963
9419,hydro_reservoir,2030,177,11,11,0.2929453262786596
9420,hydro_reservoir,2030,177,12,12,0.3056074968991143
9421,hydro_reservoir,2030,177,13,13,0.31342769451176145
9422,hydro_reservoir,2030,177,14,14,0.3216420940961023
9423,hydro_reservoir,2030,177,15,15,0.34464553145102406
9424,hydro_reservoir,2030,177,16,16,0.371276924749084
9425,hydro_reservoir,2030,177,17,17,0.397908318047144
9426,hydro_reservoir,2030,177,18,18,0.42453971134520396
9427,hydro_reservoir,2030,177,19,19,0.45117110464326393
9428,hydro_reservoir,2030,177,20,20,0.4778024979413239
9429,hydro_reservoir,2030,177,21,21,0.5044338912393839
9430,hydro_reservoir,2030,177,22,22,0.5310652845374438
9431,hydro_reservoir,2030,177,23,23,0.5576966778355038
9432,hydro_reservoir,2030,177,24,24,0.5843280711335638
9433,hydro_reservoir,2030,178,1,1,0.023809523809523808
9434,hydro_reservoir,2030,178,2,2,0.047619047619047616
9435,hydro_reservoir,2030,178,3,3,0.07142857142857142
9436,hydro_reservoir,2030,178,4,4,0.09523809523809523
9437,hydro_reservoir,2030,178,5,5,0.11904761904761904
9438,hydro_reservoir,2030,178,6,6,0.14285714285714285
9439,hydro_reservoir,2030,178,7,7,0.16666666666666666
9440,hydro_reservoir,2030,178,8,8,0.19047619047619047
9441,hydro_reservoir,2030,178,9,9,0.15595344269294836
9442,hydro_reservoir,2030,178,10,10,0.07657110109602772
9443,hydro_reservoir,2030,178,11,11,-0.0325949351571641
9444,hydro_reservoir,2030,178,12,12,-0.14015575598167881
9445,hydro_reservoir,2030,178,13,13,-0.25290809040431655
9446,hydro_reservoir,2030,178,14,14,-0.3568511317454106
9447,hydro_reservoir,2030,178,15,15,-0.40932864940190067
9448,hydro_reservoir,2030,178,16,16,-0.3963732418127821
9449,hydro_reservoir,2030,178,17,17,-0.37256371800325827
9450,hydro_reservoir,2030,178,18,18,-0.34875419419373443
9451,hydro_reservoir,2030,178,19,19,-0.3249446703842106
9452,hydro_reservoir,2030,178,20,20,-0.30113514657468676
9453,hydro_reservoir,2030,178,21,21,-0.2773256227651629
9454,hydro_reservoir,2030,178,22,22,-0.25351609895563915
9455,hydro_reservoir,2030,178,23,23,-0.22970657514611534
9456,hydro_reservoir,2030,178,24,24,-0.20589705133659153
9457,hydro_reservoir,2030,179,1,1,0.08606701940035273
9458,hydro_reservoir,2030,179,2,2,0.17213403880070546
9459,hydro_reservoir,2030,179,3,3,0.2582010582010582
9460,hydro_reservoir,2030,179,4,4,0.3442680776014109
9461,hydro_reservoir,2030,179,5,5,0.43033509700176364
9462,hydro_reservoir,2030,179,6,6,0.5164021164021164
9463,hydro_reservoir,2030,179,7,7,0.6024691358024692
9464,hydro_reservoir,2030,179,8,8,0.6780595687415583
9465,hydro_reservoir,2030,179,9,9,0.722884935214222
9466,hydro_reservoir,2030,179,10,10,0.7465167665419953
9467,hydro_reservoir,2030,179,11,11,0.7268243597329156
9468,hydro_reservoir,2030,179,12,12,0.6553415300075631
9469,hydro_reservoir,2030,179,13,13,0.5499312391995611
9470,hydro_reservoir,2030,179,14,14,0.4427048809432767
9471,hydro_reservoir,2030,179,15,15,0.3241010448215469
9472,hydro_reservoir,2030,179,16,16,0.21446892857812339
9473,hydro_reservoir,2030,179,17,17,0.07636927428064424
9474,hydro_reservoir,2030,179,18,18,-0.06462492336812681
9475,hydro_reservoir,2030,179,19,19,-0.18465445776299866
9476,hydro_reservoir,2030,179,20,20,-0.2695804889569995
9477,hydro_reservoir,2030,179,21,21,-0.31159773809153135
9478,hydro_reservoir,2030,179,22,22,-0.3142701883440501
9479,hydro_reservoir,2030,179,23,23,-0.3516096129319858
9480,hydro_reservoir,2030,179,24,24,-0.3574596881037041
9481,hydro_reservoir,2030,180,1,1,0.02433862433862434
9482,hydro_reservoir,2030,180,2,2,0.04867724867724868
9483,hydro_reservoir,2030,180,3,3,0.07301587301587302
9484,hydro_reservoir,2030,180,4,4,0.09735449735449736
9485,hydro_reservoir,2030,180,5,5,0.1216931216931217
9486,hydro_reservoir,2030,180,6,6,0.14603174603174604
9487,hydro_reservoir,2030,180,7,7,0.1703703703703704
9488,hydro_reservoir,2030,180,8,8,0.19470899470899472
9489,hydro_reservoir,2030,180,9,9,0.18386803487441025
9490,hydro_reservoir,2030,180,10,10,0.09350646197703535
9491,hydro_reservoir,2030,180,11,11,-0.0668738585707282
9492,hydro_reservoir,2030,180,12,12,-0.24850899090364875
9493,hydro_reservoir,2030,180,13,13,-0.45535977547068346
9494,hydro_reservoir,2030,180,14,14,-0.683727376500137
9495,hydro_reservoir,2030,180,15,15,-0.9053587834229322
9496,hydro_reservoir,2030,180,16,16,-1.0963661861569807
9497,hydro_reservoir,2030,180,17,17,-1.2284259024598567
9498,hydro_reservoir,2030,180,18,18,-1.3666731955516154
9499,hydro_reservoir,2030,180,19,19,-1.4691566635696522
9500,hydro_reservoir,2030,180,20,20,-1.5301902930757647
9501,hydro_reservoir,2030,180,21,21,-1.5452817378690484
9502,hydro_reservoir,2030,180,22,22,-1.520943113530424
9503,hydro_reservoir,2030,180,23,23,-1.5241454790096998
9504,hydro_reservoir,2030,180,24,24,-1.4998068546710754
9505,hydro_reservoir,2030,181,1,1,0.03535816712379469
9506,hydro_reservoir,2030,181,2,2,0.1170160154483097
9507,hydro_reservoir,2030,181,3,3,0.1986738637728247
9508,hydro_reservoir,2030,181,4,4,0.2803317120973397
9509,hydro_reservoir,2030,181,5,5,0.3619895604218547
9510,hydro_reservoir,2030,181,6,6,0.4436474087463697
9511,hydro_reservoir,2030,181,7,7,0.5253052570708847
9512,hydro_reservoir,2030,181,8,8,0.6069631053953997
9513,hydro_reservoir,2030,181,9,9,0.6886209537199146
9514,hydro_reservoir,2030,181,10,10,0.7702788020444296
9515,hydro_reservoir,2030,181,11,11,0.8519366503689445
9516,hydro_reservoir,2030,181,12,12,0.9335944986934595
9517,hydro_reservoir,2030,181,13,13,1.0152523470179744
9518,hydro_reservoir,2030,181,14,14,1.0969101953424893
9519,hydro_reservoir,2030,181,15,15,1.1785680436670043
9520,hydro_reservoir,2030,181,16,16,1.2602258919915192
9521,hydro_reservoir,2030,181,17,17,1.3418837403160342
9522,hydro_reservoir,2030,181,18,18,1.377916596854545
9523,hydro_reservoir,2030,181,19,19,1.399074760188052
9524,hydro_reservoir,2030,181,20,20,1.3600055270366436
9525,hydro_reservoir,2030,181,21,21,1.3227194703175944
9526,hydro_reservoir,2030,181,22,22,1.3181772720511538
9527,hydro_reservoir,2030,181,23,23,1.2279095124735757
9528,hydro_reservoir,2030,181,24,24,1.2015585240576185
9529,hydro_reservoir,2030,182,1,1,0.04814814814814815
9530,hydro_reservoir,2030,182,2,2,0.0962962962962963
9531,hydro_reservoir,2030,182,3,3,0.14444444444444443
9532,hydro_reservoir,2030,182,4,4,0.1925925925925926
9533,hydro_reservoir,2030,182,5,5,0.24074074074074076
9534,hydro_reservoir,2030,182,6,6,0.2888888888888889
9535,hydro_reservoir,2030,182,7,7,0.3370370370370371
9536,hydro_reservoir,2030,182,8,8,0.38518518518518524
9537,hydro_reservoir,2030,182,9,9,0.4333333333333334
9538,hydro_reservoir,2030,182,10,10,0.48148148148148157
9539,hydro_reservoir,2030,182,11,11,0.5296296296296297
9540,hydro_reservoir,2030,182,12,12,0.5777777777777778
9541,hydro_reservoir,2030,182,13,13,0.625925925925926
9542,hydro_reservoir,2030,182,14,14,0.6740740740740742
9543,hydro_reservoir,2030,182,15,15,0.7222222222222223
9544,hydro_reservoir,2030,182,16,16,0.7703703703703705
9545,hydro_reservoir,2030,182,17,17,0.8185185185185186
9546,hydro_reservoir,2030,182,18,18,0.8666666666666668
9547,hydro_reservoir,2030,182,19,19,0.8569459610459289
9548,hydro_reservoir,2030,182,20,20,0.7929562364213313
9549,hydro_reservoir,2030,182,21,21,0.7514394442580551
9550,hydro_reservoir,2030,182,22,22,0.7489963779717326
9551,hydro_reservoir,2030,182,23,23,0.7971445261198807
9552,hydro_reservoir,2030,182,24,24,0.7729916555055878
9553,hydro_reservoir,2030,183,1,1,-0.029166074108058618
9554,hydro_reservoir,2030,183,2,2,-0.043791865702628524
9555,hydro_reservoir,2030,183,3,3,-0.05375172476013981
9556,hydro_reservoir,2030,183,4,4,-0.06841389143178823
9557,hydro_reservoir,2030,183,5,5,-0.0940834245238082
9558,hydro_reservoir,2030,183,6,6,-0.09987375976611797
9559,hydro_reservoir,2030,183,7,7,-0.1186586819837962
9560,hydro_reservoir,2030,183,8,8,-0.2904006802537094
9561,hydro_reservoir,2030,183,9,9,-0.518261264389912
9562,hydro_reservoir,2030,183,10,10,-0.7831328377033229
9563,hydro_reservoir,2030,183,11,11,-1.0526041953565588
9564,hydro_reservoir,2030,183,12,12,-1.2953959769965158
9565,hydro_reservoir,2030,183,13,13,-1.5497167697034018
9566,hydro_reservoir,2030,183,14,14,-1.7912018088262216
9567,hydro_reservoir,2030,183,15,15,-1.9696250201560672
9568,hydro_reservoir,2030,183,16,16,-2.0877055844200942
9569,hydro_reservoir,2030,183,17,17,-2.1017779864999353
9570,hydro_reservoir,2030,183,18,18,-2.085755730454902
9571,hydro_reservoir,2030,183,19,19,-2.0543624323949374
9572,hydro_reservoir,2030,183,20,20,-2.0229691343349727
9573,hydro_reservoir,2030,183,21,21,-1.9915758362750078
9574,hydro_reservoir,2030,183,22,22,-1.960182538215043
9575,hydro_reservoir,2030,183,23,23,-1.9287892401550784
9576,hydro_reservoir,2030,183,24,24,-1.8973959420951136
9577,hydro_reservoir,2030,184,1,1,0.031040564373897708
9578,hydro_reservoir,2030,184,2,2,0.062081128747795415
9579,hydro_reservoir,2030,184,3,3,0.09312169312169312
9580,hydro_reservoir,2030,184,4,4,0.12416225749559083
9581,hydro_reservoir,2030,184,5,5,0.15520282186948853
9582,hydro_reservoir,2030,184,6,6,0.18624338624338624
9583,hydro_reservoir,2030,184,7,7,0.21728395061728395
9584,hydro_reservoir,2030,184,8,8,0.24832451499118166
9585,hydro_reservoir,2030,184,9,9,0.27936507936507937
9586,hydro_reservoir,2030,184,10,10,0.31040564373897706
9587,hydro_reservoir,2030,184,11,11,0.34144620811287474
9588,hydro_reservoir,2030,184,12,12,0.3724867724867724
9589,hydro_reservoir,2030,184,13,13,0.4035273368606701
9590,hydro_reservoir,2030,184,14,14,0.4345679012345678
9591,hydro_reservoir,2030,184,15,15,0.46560846560846547
9592,hydro_reservoir,2030,184,16,16,0.49664902998236315
9593,hydro_reservoir,2030,184,17,17,0.4869596475861577
9594,hydro_reservoir,2030,184,18,18,0.4103722852202448
9595,hydro_reservoir,2030,184,19,19,0.2924486689811111
9596,hydro_reservoir,2030,184,20,20,0.18951072236832317
9597,hydro_reservoir,2030,184,21,21,0.13036304955098654
9598,hydro_reservoir,2030,184,22,22,0.13193553198980598
9599,hydro_reservoir,2030,184,23,23,0.1629760963637037
9600,hydro_reservoir,2030,184,24,24,0.1940166607376014
9601,hydro_reservoir,2030,185,1,1,0.04638447971781305
9602,hydro_reservoir,2030,185,2,2,0.0927689594356261
9603,hydro_reservoir,2030,185,3,3,0.13915343915343914
9604,hydro_reservoir,2030,185,4,4,0.1855379188712522
9605,hydro_reservoir,2030,185,5,5,0.23192239858906527
9606,hydro_reservoir,2030,185,6,6,0.27830687830687834
9607,hydro_reservoir,2030,185,7,7,0.3246913580246914
9608,hydro_reservoir,2030,185,8,8,0.37107583774250447
9609,hydro_reservoir,2030,185,9,9,0.34255565697680135
9610,hydro_reservoir,2030,185,10,10,0.25537474802175897
9611,hydro_reservoir,2030,185,11,11,0.1814700187089341
9612,hydro_reservoir,2030,185,12,12,0.09728330216666166
9613,hydro_reservoir,2030,185,13,13,0.07440375926109648
9614,hydro_reservoir,2030,185,14,14,0.07924741885215003
9615,hydro_reservoir,2030,185,15,15,0.11044760577845708
9616,hydro_reservoir,2030,185,16,16,0.15514612835002506
9617,hydro_reservoir,2030,185,17,17,0.20153060806783812
9618,hydro_reservoir,2030,185,18,18,0.2479150877856512
9619,hydro_reservoir,2030,185,19,19,0.29429956750346425
9620,hydro_reservoir,2030,185,20,20,0.3406840472212773
9621,hydro_reservoir,2030,185,21,21,0.3870685269390904
9622,hydro_reservoir,2030,185,22,22,0.43345300665690345
9623,hydro_reservoir,2030,185,23,23,0.4798374863747165
9624,hydro_reservoir,2030,185,24,24,0.5262219660925296
9625,hydro_reservoir,2030,186,1,1,0.02416225749559083
9626,hydro_reservoir,2030,186,2,2,0.04832451499118166
9627,hydro_reservoir,2030,186,3,3,0.07248677248677249
9628,hydro_reservoir,2030,186,4,4,0.09664902998236331
9629,hydro_reservoir,2030,186,5,5,0.12081128747795414
9630,hydro_reservoir,2030,186,6,6,0.14497354497354498
9631,hydro_reservoir,2030,186,7,7,0.16913580246913582
9632,hydro_reservoir,2030,186,8,8,0.0969466712481478
9633,hydro_reservoir,2030,186,9,9,-0.048597337799236286
9634,hydro_reservoir,2030,186,10,10,-0.23140294767578196
9635,hydro_reservoir,2030,186,11,11,-0.4188869960623204
9636,hydro_reservoir,2030,186,12,12,-0.6111102074316647
9637,hydro_reservoir,2030,186,13,13,-0.821183891637081
9638,hydro_reservoir,2030,186,14,14,-1.0167014277455093
9639,hydro_reservoir,2030,186,15,15,-1.214441731642746
9640,hydro_reservoir,2030,186,16,16,-1.3839341127412088
9641,hydro_reservoir,2030,186,17,17,-1.4953177634301749
9642,hydro_reservoir,2030,186,18,18,-1.638271848567976
9643,hydro_reservoir,2030,186,19,19,-1.7548952313264194
9644,hydro_reservoir,2030,186,20,20,-1.8495613004981784
9645,hydro_reservoir,2030,186,21,21,-1.9086196171523724
9646,hydro_reservoir,2030,186,22,22,-1.9126753977115434
9647,hydro_reservoir,2030,186,23,23,-1.9527518799377084
9648,hydro_reservoir,2030,186,24,24,-1.9285896224421175
9649,hydro_reservoir,2030,187,1,1,0.03474426807760141
9650,hydro_reservoir,2030,187,2,2,0.06948853615520283
9651,hydro_reservoir,2030,187,3,3,0.10423280423280423
9652,hydro_reservoir,2030,187,4,4,0.13897707231040565
9653,hydro_reservoir,2030,187,5,5,0.17372134038800707
9654,hydro_reservoir,2030,187,6,6,0.2084656084656085
9655,hydro_reservoir,2030,187,7,7,0.2432098765432099
9656,hydro_reservoir,2030,187,8,8,0.2779541446208113
9657,hydro_reservoir,2030,187,9,9,0.3126984126984127
9658,hydro_reservoir,2030,187,10,10,0.3474426807760141
9659,hydro_reservoir,2030,187,11,11,0.3821869488536155
9660,hydro_reservoir,2030,187,12,12,0.4169312169312169
9661,hydro_reservoir,2030,187,13,13,0.45167548500881827
9662,hydro_reservoir,2030,187,14,14,0.48641975308641966
9663,hydro_reservoir,2030,187,15,15,0.521164021164021
9664,hydro_reservoir,2030,187,16,16,0.5559082892416225
9665,hydro_reservoir,2030,187,17,17,0.590652557319224
9666,hydro_reservoir,2030,187,18,18,0.6253968253968254
9667,hydro_reservoir,2030,187,19,19,0.6601410934744268
9668,hydro_reservoir,2030,187,20,20,0.6948853615520283
9669,hydro_reservoir,2030,187,21,21,0.7296296296296297
9670,hydro_reservoir,2030,187,22,22,0.7643738977072312
9671,hydro_reservoir,2030,187,23,23,0.7991181657848326
9672,hydro_reservoir,2030,187,24,24,0.8338624338624341
9673,hydro_reservoir,2030,188,1,1,0.08606701940035273
9674,hydro_reservoir,2030,188,2,2,0.17213403880070546
9675,hydro_reservoir,2030,188,3,3,0.2582010582010582
9676,hydro_reservoir,2030,188,4,4,0.3442680776014109
9677,hydro_reservoir,2030,188,5,5,0.43033509700176364
9678,hydro_reservoir,2030,188,6,6,0.5164021164021164
9679,hydro_reservoir,2030,188,7,7,0.6024691358024692
9680,hydro_reservoir,2030,188,8,8,0.688536155202822
9681,hydro_reservoir,2030,188,9,9,0.7746031746031747
9682,hydro_reservoir,2030,188,10,10,0.8606701940035275
9683,hydro_reservoir,2030,188,11,11,0.9467372134038803
9684,hydro_reservoir,2030,188,12,12,1.032804232804233
9685,hydro_reservoir,2030,188,13,13,1.1188712522045858
9686,hydro_reservoir,2030,188,14,14,1.2049382716049386
9687,hydro_reservoir,2030,188,15,15,1.2910052910052914
9688,hydro_reservoir,2030,188,16,16,1.3770723104056442
9689,hydro_reservoir,2030,188,17,17,1.459831350196636
9690,hydro_reservoir,2030,188,18,18,1.5458983695969888
9691,hydro_reservoir,2030,188,19,19,1.625566888592973
9692,hydro_reservoir,2030,188,20,20,1.7116339079933258
9693,hydro_reservoir,2030,188,21,21,1.7977009273936786
9694,hydro_reservoir,2030,188,22,22,1.8837679467940314
9695,hydro_reservoir,2030,188,23,23,1.9698349661943841
9696,hydro_reservoir,2030,188,24,24,2.055901985594737
9697,hydro_reservoir,2030,189,1,1,0.023809523809523808
9698,hydro_reservoir,2030,189,2,2,0.047619047619047616
9699,hydro_reservoir,2030,189,3,3,0.07142857142857142
9700,hydro_reservoir,2030,189,4,4,0.09523809523809523
9701,hydro_reservoir,2030,189,5,5,0.11904761904761904
9702,hydro_reservoir,2030,189,6,6,0.14285714285714285
9703,hydro_reservoir,2030,189,7,7,0.16666666666666666
9704,hydro_reservoir,2030,189,8,8,0.18953076953279463
9705,hydro_reservoir,2030,189,9,9,0.12600669084662058
9706,hydro_reservoir,2030,189,10,10,0.030475286434210318
9707,hydro_reservoir,2030,189,11,11,-0.06108677469048201
9708,hydro_reservoir,2030,189,12,12,-0.12752188493604855
9709,hydro_reservoir,2030,189,13,13,-0.19542219027513058
9710,hydro_reservoir,2030,189,14,14,-0.29244821674335664
9711,hydro_reservoir,2030,189,15,15,-0.371473411043109
9712,hydro_reservoir,2030,189,16,16,-0.42465202743005914
9713,hydro_reservoir,2030,189,17,17,-0.4152384175713917
9714,hydro_reservoir,2030,189,18,18,-0.43008178062185654
9715,hydro_reservoir,2030,189,19,19,-0.4062722568123327
9716,hydro_reservoir,2030,189,20,20,-0.38246273300280886
9717,hydro_reservoir,2030,189,21,21,-0.358653209193285
9718,hydro_reservoir,2030,189,22,22,-0.3348436853837612
9719,hydro_reservoir,2030,189,23,23,-0.31103416157423736
9720,hydro_reservoir,2030,189,24,24,-0.2872246377647136
9721,hydro_reservoir,2030,190,1,1,0.08606701940035273
9722,hydro_reservoir,2030,190,2,2,0.17213403880070546
9723,hydro_reservoir,2030,190,3,3,0.2582010582010582
9724,hydro_reservoir,2030,190,4,4,0.3442680776014109
9725,hydro_reservoir,2030,190,5,5,0.43033509700176364
9726,hydro_reservoir,2030,190,6,6,0.5164021164021164
9727,hydro_reservoir,2030,190,7,7,0.6024691358024692
9728,hydro_reservoir,2030,190,8,8,0.688536155202822
9729,hydro_reservoir,2030,190,9,9,0.7746031746031747
9730,hydro_reservoir,2030,190,10,10,0.8606701940035275
9731,hydro_reservoir,2030,190,11,11,0.9467372134038803
9732,hydro_reservoir,2030,190,12,12,1.032804232804233
9733,hydro_reservoir,2030,190,13,13,1.1188712522045858
9734,hydro_reservoir,2030,190,14,14,1.2049382716049386
9735,hydro_reservoir,2030,190,15,15,1.27843934579847
9736,hydro_reservoir,2030,190,16,16,1.3341670592195616
9737,hydro_reservoir,2030,190,17,17,1.3569130846050834
9738,hydro_reservoir,2030,190,18,18,1.3559445158253616
9739,hydro_reservoir,2030,190,19,19,1.3750171130376485
9740,hydro_reservoir,2030,190,20,20,1.4310652264678543
9741,hydro_reservoir,2030,190,21,21,1.517132245868207
9742,hydro_reservoir,2030,190,22,22,1.6031992652685598
9743,hydro_reservoir,2030,190,23,23,1.6892662846689126
9744,hydro_reservoir,2030,190,24,24,1.7753333040692654
9745,hydro_reservoir,2030,191,1,1,0.03139329805996473
9746,hydro_reservoir,2030,191,2,2,0.06278659611992946
9747,hydro_reservoir,2030,191,3,3,0.09417989417989418
9748,hydro_reservoir,2030,191,4,4,0.1255731922398589
9749,hydro_reservoir,2030,191,5,5,0.15696649029982362
9750,hydro_reservoir,2030,191,6,6,0.18835978835978834
9751,hydro_reservoir,2030,191,7,7,0.21975308641975305
9752,hydro_reservoir,2030,191,8,8,0.1926730833459961
9753,hydro_reservoir,2030,191,9,9,0.04970255263133502
9754,hydro_reservoir,2030,191,10,10,-0.09924616165116028
9755,hydro_reservoir,2030,191,11,11,-0.24114840383407396
9756,hydro_reservoir,2030,191,12,12,-0.32564563727478785
9757,hydro_reservoir,2030,191,13,13,-0.36756210953597335
9758,hydro_reservoir,2030,191,14,14,-0.38134867381276605
9759,hydro_reservoir,2030,191,15,15,-0.3577345952366527
9760,hydro_reservoir,2030,191,16,16,-0.32634129717668797
9761,hydro_reservoir,2030,191,17,17,-0.29494799911672326
9762,hydro_reservoir,2030,191,18,18,-0.26355470105675854
9763,hydro_reservoir,2030,191,19,19,-0.23216140299679383
9764,hydro_reservoir,2030,191,20,20,-0.20076810493682912
9765,hydro_reservoir,2030,191,21,21,-0.1693748068768644
9766,hydro_reservoir,2030,191,22,22,-0.1379815088168997
9767,hydro_reservoir,2030,191,23,23,-0.10658821075693495
9768,hydro_reservoir,2030,191,24,24,-0.07519491269697022
9769,hydro_reservoir,2030,192,1,1,0.02398589065255732
9770,hydro_reservoir,2030,192,2,2,0.04797178130511464
9771,hydro_reservoir,2030,192,3,3,0.07195767195767196
9772,hydro_reservoir,2030,192,4,4,0.09594356261022928
9773,hydro_reservoir,2030,192,5,5,0.1199294532627866
9774,hydro_reservoir,2030,192,6,6,0.1439153439153439
9775,hydro_reservoir,2030,192,7,7,0.16790123456790124
9776,hydro_reservoir,2030,192,8,8,0.10064001406678531
9777,hydro_reservoir,2030,192,9,9,-0.02357003885577076
9778,hydro_reservoir,2030,192,10,10,-0.17703169664552543
9779,hydro_reservoir,2030,192,11,11,-0.3346798560288329
9780,hydro_reservoir,2030,192,12,12,-0.5002286990228633
9781,hydro_reservoir,2030,192,13,13,-0.6833377654637197
9782,hydro_reservoir,2030,192,14,14,-0.8809169492204221
9783,hydro_reservoir,2030,192,15,15,-1.0808962646569742
9784,hydro_reservoir,2030,192,16,16,-1.2389392644520079
9785,hydro_reservoir,2030,192,17,17,-1.3460116792775187
9786,hydro_reservoir,2030,192,18,18,-1.4709583521118046
9787,hydro_reservoir,2030,192,19,19,-1.5754440155517389
9788,hydro_reservoir,2030,192,20,20,-1.6050068065526144
9789,hydro_reservoir,2030,192,21,21,-1.5990299955977292
9790,hydro_reservoir,2030,192,22,22,-1.5750441049451718
9791,hydro_reservoir,2030,192,23,23,-1.6056061718613563
9792,hydro_reservoir,2030,192,24,24,-1.581620281208799
9793,hydro_reservoir,2030,193,1,1,0.08641975308641975
9794,hydro_reservoir,2030,193,2,2,0.1728395061728395
9795,hydro_reservoir,2030,193,3,3,0.25925925925925924
9796,hydro_reservoir,2030,193,4,4,0.345679012345679
9797,hydro_reservoir,2030,193,5,5,0.43209876543209874
9798,hydro_reservoir,2030,193,6,6,0.5185185185185185
9799,hydro_reservoir,2030,193,7,7,0.6049382716049383
9800,hydro_reservoir,2030,193,8,8,0.691358024691358
9801,hydro_reservoir,2030,193,9,9,0.7777777777777777
9802,hydro_reservoir,2030,193,10,10,0.8641975308641974
9803,hydro_reservoir,2030,193,11,11,0.9506172839506171
9804,hydro_reservoir,2030,193,12,12,1.0370370370370368
9805,hydro_reservoir,2030,193,13,13,1.1234567901234565
9806,hydro_reservoir,2030,193,14,14,1.2098765432098761
9807,hydro_reservoir,2030,193,15,15,1.2962962962962958
9808,hydro_reservoir,2030,193,16,16,1.3827160493827155
9809,hydro_reservoir,2030,193,17,17,1.4691358024691352
9810,hydro_reservoir,2030,193,18,18,1.555555555555555
9811,hydro_reservoir,2030,193,19,19,1.6419753086419746
9812,hydro_reservoir,2030,193,20,20,1.7283950617283943
9813,hydro_reservoir,2030,193,21,21,1.814814814814814
9814,hydro_reservoir,2030,193,22,22,1.9012345679012337
9815,hydro_reservoir,2030,193,23,23,1.9876543209876534
9816,hydro_reservoir,2030,193,24,24,2.074074074074073
9817,hydro_reservoir,2030,194,1,1,-0.06062590036468185
9818,hydro_reservoir,2030,194,2,2,-0.14222009418679732
9819,hydro_reservoir,2030,194,3,3,-0.21822171977723792
9820,hydro_reservoir,2030,194,4,4,-0.29285741473619636
9821,hydro_reservoir,2030,194,5,5,-0.37687945491499963
9822,hydro_reservoir,2030,194,6,6,-0.4286778630590904
9823,hydro_reservoir,2030,194,7,7,-0.4786911892131127
9824,hydro_reservoir,2030,194,8,8,-0.6982423423974395
9825,hydro_reservoir,2030,194,9,9,-0.9865069966791236
9826,hydro_reservoir,2030,194,10,10,-1.302048922021661
9827,hydro_reservoir,2030,194,11,11,-1.610134960556049
9828,hydro_reservoir,2030,194,12,12,-1.883432979779477
9829,hydro_reservoir,2030,194,13,13,-2.1830418745137123
9830,hydro_reservoir,2030,194,14,14,-2.468967346721265
9831,hydro_reservoir,2030,194,15,15,-2.732969454523017
9832,hydro_reservoir,2030,194,16,16,-2.993822425871767
9833,hydro_reservoir,2030,194,17,17,-3.2465573214510233
9834,hydro_reservoir,2030,194,18,18,-3.5112329120965224
9835,hydro_reservoir,2030,194,19,19,-3.7653394302526353
9836,hydro_reservoir,2030,194,20,20,-3.9646000911966617
9837,hydro_reservoir,2030,194,21,21,-4.081101384604416
9838,hydro_reservoir,2030,194,22,22,-4.094483173433478
9839,hydro_reservoir,2030,194,23,23,-4.129576785410698
9840,hydro_reservoir,2030,194,24,24,-4.049858972359552
9841,hydro_reservoir,2030,195,1,1,0.0417989417989418
9842,hydro_reservoir,2030,195,2,2,0.0835978835978836
9843,hydro_reservoir,2030,195,3,3,0.1253968253968254
9844,hydro_reservoir,2030,195,4,4,0.1671957671957672
9845,hydro_reservoir,2030,195,5,5,0.208994708994709
9846,hydro_reservoir,2030,195,6,6,0.2507936507936508
9847,hydro_reservoir,2030,195,7,7,0.29259259259259257
9848,hydro_reservoir,2030,195,8,8,0.33439153439153435
9849,hydro_reservoir,2030,195,9,9,0.37619047619047613
9850,hydro_reservoir,2030,195,10,10,0.4179894179894179
9851,hydro_reservoir,2030,195,11,11,0.4597883597883597
9852,hydro_reservoir,2030,195,12,12,0.5015873015873015
9853,hydro_reservoir,2030,195,13,13,0.5433862433862433
9854,hydro_reservoir,2030,195,14,14,0.5851851851851851
9855,hydro_reservoir,2030,195,15,15,0.626984126984127
9856,hydro_reservoir,2030,195,16,16,0.6687830687830688
9857,hydro_reservoir,2030,195,17,17,0.7105820105820106
9858,hydro_reservoir,2030,195,18,18,0.7387580519983628
9859,hydro_reservoir,2030,195,19,19,0.7312191682614877
9860,hydro_reservoir,2030,195,20,20,0.7430412230422513
9861,hydro_reservoir,2030,195,21,21,0.7402995554058137
9862,hydro_reservoir,2030,195,22,22,0.7820984972047555
9863,hydro_reservoir,2030,195,23,23,0.7888623129695858
9864,hydro_reservoir,2030,195,24,24,0.8306612547685276
9865,hydro_reservoir,2030,196,1,1,0.08835978835978836
9866,hydro_reservoir,2030,196,2,2,0.17671957671957672
9867,hydro_reservoir,2030,196,3,3,0.2650793650793651
9868,hydro_reservoir,2030,196,4,4,0.35343915343915344
9869,hydro_reservoir,2030,196,5,5,0.4417989417989418
9870,hydro_reservoir,2030,196,6,6,0.5214405401981459
9871,hydro_reservoir,2030,196,7,7,0.6098003285579342
9872,hydro_reservoir,2030,196,8,8,0.5992906498600962
9873,hydro_reservoir,2030,196,9,9,0.5836201197154056
9874,hydro_reservoir,2030,196,10,10,0.5762323454193194
9875,hydro_reservoir,2030,196,11,11,0.5726740445862989
9876,hydro_reservoir,2030,196,12,12,0.5806055335139972
9877,hydro_reservoir,2030,196,13,13,0.6056833915678257
9878,hydro_reservoir,2030,196,14,14,0.6253248821439645
9879,hydro_reservoir,2030,196,15,15,0.6657709371243868
9880,hydro_reservoir,2030,196,16,16,0.7068393939279402
9881,hydro_reservoir,2030,196,17,17,0.7355198907858453
9882,hydro_reservoir,2030,196,18,18,0.7952661171975356
9883,hydro_reservoir,2030,196,19,19,0.8627884624666149
9884,hydro_reservoir,2030,196,20,20,0.9511482508264033
9885,hydro_reservoir,2030,196,21,21,1.0395080391861917
9886,hydro_reservoir,2030,196,22,22,1.1278678275459801
9887,hydro_reservoir,2030,196,23,23,1.2162276159057686
9888,hydro_reservoir,2030,196,24,24,1.304587404265557
9889,hydro_reservoir,2030,197,1,1,0.02345679012345679
9890,hydro_reservoir,2030,197,2,2,0.04691358024691358
9891,hydro_reservoir,2030,197,3,3,0.07037037037037037
9892,hydro_reservoir,2030,197,4,4,0.09382716049382717
9893,hydro_reservoir,2030,197,5,5,0.11728395061728396
9894,hydro_reservoir,2030,197,6,6,0.14074074074074075
9895,hydro_reservoir,2030,197,7,7,0.15792833188720629
9896,hydro_reservoir,2030,197,8,8,0.16027176779497476
9897,hydro_reservoir,2030,197,9,9,0.05584952556984428
9898,hydro_reservoir,2030,197,10,10,-0.0736947919084805
9899,hydro_reservoir,2030,197,11,11,-0.22554349501706944
9900,hydro_reservoir,2030,197,12,12,-0.3619759542610593
9901,hydro_reservoir,2030,197,13,13,-0.4479186902216845
9902,hydro_reservoir,2030,197,14,14,-0.45718419303356456
9903,hydro_reservoir,2030,197,15,15,-0.43372740291010775
9904,hydro_reservoir,2030,197,16,16,-0.41027061278665095
9905,hydro_reservoir,2030,197,17,17,-0.38681382266319414
9906,hydro_reservoir,2030,197,18,18,-0.36335703253973733
9907,hydro_reservoir,2030,197,19,19,-0.33990024241628053
9908,hydro_reservoir,2030,197,20,20,-0.3164434522928237
9909,hydro_reservoir,2030,197,21,21,-0.2929866621693669
9910,hydro_reservoir,2030,197,22,22,-0.2695298720459101
9911,hydro_reservoir,2030,197,23,23,-0.2460730819224533
9912,hydro_reservoir,2030,197,24,24,-0.22261629179899653
9913,hydro_reservoir,2030,198,1,1,0.026278659611992945
9914,hydro_reservoir,2030,198,2,2,0.05255731922398589
9915,hydro_reservoir,2030,198,3,3,0.07883597883597884
9916,hydro_reservoir,2030,198,4,4,0.10511463844797178
9917,hydro_reservoir,2030,198,5,5,0.13139329805996472
9918,hydro_reservoir,2030,198,6,6,0.15767195767195766
9919,hydro_reservoir,2030,198,7,7,0.1839506172839506
9920,hydro_reservoir,2030,198,8,8,0.21022927689594353
9921,hydro_reservoir,2030,198,9,9,0.23650793650793647
9922,hydro_reservoir,2030,198,10,10,0.26278659611992944
9923,hydro_reservoir,2030,198,11,11,0.2698995705143503
9924,hydro_reservoir,2030,198,12,12,0.2720932789564148
9925,hydro_reservoir,2030,198,13,13,0.27017360589676787
9926,hydro_reservoir,2030,198,14,14,0.28954031593077834
9927,hydro_reservoir,2030,198,15,15,0.3158189755427713
9928,hydro_reservoir,2030,198,16,16,0.3420976351547642
9929,hydro_reservoir,2030,198,17,17,0.36837629476675715
9930,hydro_reservoir,2030,198,18,18,0.3299176353121305
9931,hydro_reservoir,2030,198,19,19,0.23717224569739848
9932,hydro_reservoir,2030,198,20,20,0.13294009204604393
9933,hydro_reservoir,2030,198,21,21,0.07127473013167979
9934,hydro_reservoir,2030,198,22,22,0.08125878785330737
9935,hydro_reservoir,2030,198,23,23,0.05085137429218714
9936,hydro_reservoir,2030,198,24,24,0.060778682991992884
9937,hydro_reservoir,2030,199,1,1,0.025396825396825397
9938,hydro_reservoir,2030,199,2,2,0.050793650793650794
9939,hydro_reservoir,2030,199,3,3,0.0761904761904762
9940,hydro_reservoir,2030,199,4,4,0.10158730158730159
9941,hydro_reservoir,2030,199,5,5,0.12698412698412698
9942,hydro_reservoir,2030,199,6,6,0.15238095238095237
9943,hydro_reservoir,2030,199,7,7,0.17777777777777776
9944,hydro_reservoir,2030,199,8,8,0.20317460317460315
9945,hydro_reservoir,2030,199,9,9,0.22857142857142854
9946,hydro_reservoir,2030,199,10,10,0.25396825396825395
9947,hydro_reservoir,2030,199,11,11,0.27936507936507937
9948,hydro_reservoir,2030,199,12,12,0.3047619047619048
9949,hydro_reservoir,2030,199,13,13,0.3301587301587302
9950,hydro_reservoir,2030,199,14,14,0.3555555555555556
9951,hydro_reservoir,2030,199,15,15,0.38095238095238104
9952,hydro_reservoir,2030,199,16,16,0.40634920634920646
9953,hydro_reservoir,2030,199,17,17,0.4317460317460319
9954,hydro_reservoir,2030,199,18,18,0.4571428571428573
9955,hydro_reservoir,2030,199,19,19,0.4825396825396827
9956,hydro_reservoir,2030,199,20,20,0.5079365079365081
9957,hydro_reservoir,2030,199,21,21,0.5333333333333335
9958,hydro_reservoir,2030,199,22,22,0.558730158730159
9959,hydro_reservoir,2030,199,23,23,0.5841269841269844
9960,hydro_reservoir,2030,199,24,24,0.6095238095238098
9961,hydro_reservoir,2030,200,1,1,0.07742504409171076
9962,hydro_reservoir,2030,200,2,2,0.15485008818342152
9963,hydro_reservoir,2030,200,3,3,0.2322751322751323
9964,hydro_reservoir,2030,200,4,4,0.30970017636684305
9965,hydro_reservoir,2030,200,5,5,0.3871252204585538
9966,hydro_reservoir,2030,200,6,6,0.46455026455026455
9967,hydro_reservoir,2030,200,7,7,0.5419753086419753
9968,hydro_reservoir,2030,200,8,8,0.6194003527336861
9969,hydro_reservoir,2030,200,9,9,0.6968253968253969
9970,hydro_reservoir,2030,200,10,10,0.7742504409171077
9971,hydro_reservoir,2030,200,11,11,0.8516754850088185
9972,hydro_reservoir,2030,200,12,12,0.9291005291005293
9973,hydro_reservoir,2030,200,13,13,1.00652557319224
9974,hydro_reservoir,2030,200,14,14,1.0839506172839508
9975,hydro_reservoir,2030,200,15,15,1.1613756613756616
9976,hydro_reservoir,2030,200,16,16,1.2127760274683137
9977,hydro_reservoir,2030,200,17,17,1.2122267123271073
9978,hydro_reservoir,2030,200,18,18,1.2627727489886242
9979,hydro_reservoir,2030,200,19,19,1.227200484652933
9980,hydro_reservoir,2030,200,20,20,1.1899200097786988
9981,hydro_reservoir,2030,200,21,21,1.2098282785748584
9982,hydro_reservoir,2030,200,22,22,1.2536091769841495
9983,hydro_reservoir,2030,200,23,23,1.3310342210758603
9984,hydro_reservoir,2030,200,24,24,1.3395566375714223
9985,hydro_reservoir,2030,201,1,1,0.044444444444444446
9986,hydro_reservoir,2030,201,2,2,0.08888888888888889
9987,hydro_reservoir,2030,201,3,3,0.13333333333333333
9988,hydro_reservoir,2030,201,4,4,0.17777777777777778
9989,hydro_reservoir,2030,201,5,5,0.22222222222222224
9990,hydro_reservoir,2030,201,6,6,0.26666666666666666
9991,hydro_reservoir,2030,201,7,7,0.3111111111111111
9992,hydro_reservoir,2030,201,8,8,0.35555555555555557
9993,hydro_reservoir,2030,201,9,9,0.3404455465589603
9994,hydro_reservoir,2030,201,10,10,0.28441017740041763
9995,hydro_reservoir,2030,201,11,11,0.21759204831891543
9996,hydro_reservoir,2030,201,12,12,0.19504928206792654
9997,hydro_reservoir,2030,201,13,13,0.239493726512371
9998,hydro_reservoir,2030,201,14,14,0.28393817095681545
9999,hydro_reservoir,2030,201,15,15,0.3283826154012599
10000,hydro_reservoir,2030,201,16,16,0.37282705984570436
10001,hydro_reservoir,2030,201,17,17,0.4172715042901488
10002,hydro_reservoir,2030,201,18,18,0.46171594873459326
10003,hydro_reservoir,2030,201,19,19,0.5061603931790377
10004,hydro_reservoir,2030,201,20,20,0.5506048376234821
10005,hydro_reservoir,2030,201,21,21,0.5950492820679265
10006,hydro_reservoir,2030,201,22,22,0.6394937265123709
10007,hydro_reservoir,2030,201,23,23,0.6839381709568153
10008,hydro_reservoir,2030,201,24,24,0.7283826154012597
10009,hydro_reservoir,2030,202,1,1,0.03139329805996473
10010,hydro_reservoir,2030,202,2,2,0.06278659611992946
10011,hydro_reservoir,2030,202,3,3,0.09417989417989418
10012,hydro_reservoir,2030,202,4,4,0.1255731922398589
10013,hydro_reservoir,2030,202,5,5,0.15696649029982362
10014,hydro_reservoir,2030,202,6,6,0.18835978835978834
10015,hydro_reservoir,2030,202,7,7,0.21975308641975305
10016,hydro_reservoir,2030,202,8,8,0.25114638447971777
10017,hydro_reservoir,2030,202,9,9,0.2825396825396825
10018,hydro_reservoir,2030,202,10,10,0.3139329805996472
10019,hydro_reservoir,2030,202,11,11,0.3453262786596119
10020,hydro_reservoir,2030,202,12,12,0.3767195767195766
10021,hydro_reservoir,2030,202,13,13,0.40811287477954133
10022,hydro_reservoir,2030,202,14,14,0.43950617283950605
10023,hydro_reservoir,2030,202,15,15,0.47089947089947076
10024,hydro_reservoir,2030,202,16,16,0.5022927689594355
10025,hydro_reservoir,2030,202,17,17,0.5336860670194002
10026,hydro_reservoir,2030,202,18,18,0.565079365079365
10027,hydro_reservoir,2030,202,19,19,0.5964726631393297
10028,hydro_reservoir,2030,202,20,20,0.6278659611992944
10029,hydro_reservoir,2030,202,21,21,0.6592592592592591
10030,hydro_reservoir,2030,202,22,22,0.6906525573192238
10031,hydro_reservoir,2030,202,23,23,0.7220458553791885
10032,hydro_reservoir,2030,202,24,24,0.7534391534391532
10033,hydro_reservoir,2030,203,1,1,0.08589065255731923
10034,hydro_reservoir,2030,203,2,2,0.17178130511463846
10035,hydro_reservoir,2030,203,3,3,0.2576719576719577
10036,hydro_reservoir,2030,203,4,4,0.3435626102292769
10037,hydro_reservoir,2030,203,5,5,0.4294532627865961
10038,hydro_reservoir,2030,203,6,6,0.5153439153439153
10039,hydro_reservoir,2030,203,7,7,0.6012345679012345
10040,hydro_reservoir,2030,203,8,8,0.6871252204585537
10041,hydro_reservoir,2030,203,9,9,0.7730158730158729
10042,hydro_reservoir,2030,203,10,10,0.8589065255731921
10043,hydro_reservoir,2030,203,11,11,0.9196409236172268
10044,hydro_reservoir,2030,203,12,12,0.8990294182776208
10045,hydro_reservoir,2030,203,13,13,0.8508486877979965
10046,hydro_reservoir,2030,203,14,14,0.7985527178217019
10047,hydro_reservoir,2030,203,15,15,0.7331569135102118
10048,hydro_reservoir,2030,203,16,16,0.6508387964638187
10049,hydro_reservoir,2030,203,17,17,0.5238467120175792
10050,hydro_reservoir,2030,203,18,18,0.4058832728486689
10051,hydro_reservoir,2030,203,19,19,0.30369514494490546
10052,hydro_reservoir,2030,203,20,20,0.240970161784338
10053,hydro_reservoir,2030,203,21,21,0.22997897695975342
10054,hydro_reservoir,2030,203,22,22,0.27018686896427313
10055,hydro_reservoir,2030,203,23,23,0.35607752152159233
10056,hydro_reservoir,2030,203,24,24,0.4419681740789116
10057,hydro_reservoir,2030,204,1,1,0.0236331569664903
10058,hydro_reservoir,2030,204,2,2,0.0472663139329806
10059,hydro_reservoir,2030,204,3,3,0.0708994708994709
10060,hydro_reservoir,2030,204,4,4,0.0945326278659612
10061,hydro_reservoir,2030,204,5,5,0.11816578483245149
10062,hydro_reservoir,2030,204,6,6,0.14179894179894179
10063,hydro_reservoir,2030,204,7,7,0.16543209876543208
10064,hydro_reservoir,2030,204,8,8,0.18906525573192237
10065,hydro_reservoir,2030,204,9,9,0.21269841269841266
10066,hydro_reservoir,2030,204,10,10,0.23633156966490296
10067,hydro_reservoir,2030,204,11,11,0.25996472663139325
10068,hydro_reservoir,2030,204,12,12,0.28359788359788357
10069,hydro_reservoir,2030,204,13,13,0.3072310405643739
10070,hydro_reservoir,2030,204,14,14,0.3308641975308642
10071,hydro_reservoir,2030,204,15,15,0.35449735449735453
10072,hydro_reservoir,2030,204,16,16,0.37813051146384485
10073,hydro_reservoir,2030,204,17,17,0.4017636684303352
10074,hydro_reservoir,2030,204,18,18,0.4253968253968255
10075,hydro_reservoir,2030,204,19,19,0.4490299823633158
10076,hydro_reservoir,2030,204,20,20,0.47266313932980614
10077,hydro_reservoir,2030,204,21,21,0.49629629629629646
10078,hydro_reservoir,2030,204,22,22,0.5199294532627867
10079,hydro_reservoir,2030,204,23,23,0.543562610229277
10080,hydro_reservoir,2030,204,24,24,0.5671957671957673
10081,hydro_reservoir,2030,205,1,1,0.08589065255731923
10082,hydro_reservoir,2030,205,2,2,0.17178130511463846
10083,hydro_reservoir,2030,205,3,3,0.2576719576719577
10084,hydro_reservoir,2030,205,4,4,0.3435626102292769
10085,hydro_reservoir,2030,205,5,5,0.4294532627865961
10086,hydro_reservoir,2030,205,6,6,0.5153439153439153
10087,hydro_reservoir,2030,205,7,7,0.6012345679012345
10088,hydro_reservoir,2030,205,8,8,0.6871252204585537
10089,hydro_reservoir,2030,205,9,9,0.7730158730158729
10090,hydro_reservoir,2030,205,10,10,0.8589065255731921
10091,hydro_reservoir,2030,205,11,11,0.9447971781305113
10092,hydro_reservoir,2030,205,12,12,1.0306878306878307
10093,hydro_reservoir,2030,205,13,13,1.11657848324515
10094,hydro_reservoir,2030,205,14,14,1.2024691358024693
10095,hydro_reservoir,2030,205,15,15,1.2883597883597886
10096,hydro_reservoir,2030,205,16,16,1.374250440917108
10097,hydro_reservoir,2030,205,17,17,1.4601410934744272
10098,hydro_reservoir,2030,205,18,18,1.5460317460317465
10099,hydro_reservoir,2030,205,19,19,1.6319223985890658
10100,hydro_reservoir,2030,205,20,20,1.7178130511463852
10101,hydro_reservoir,2030,205,21,21,1.8037037037037045
10102,hydro_reservoir,2030,205,22,22,1.8895943562610238
10103,hydro_reservoir,2030,205,23,23,1.975485008818343
10104,hydro_reservoir,2030,205,24,24,2.061375661375662
10105,hydro_reservoir,2030,206,1,1,0.026455026455026454
10106,hydro_reservoir,2030,206,2,2,0.05291005291005291
10107,hydro_reservoir,2030,206,3,3,0.07936507936507936
10108,hydro_reservoir,2030,206,4,4,0.10582010582010581
10109,hydro_reservoir,2030,206,5,5,0.13227513227513227
10110,hydro_reservoir,2030,206,6,6,0.15873015873015872
10111,hydro_reservoir,2030,206,7,7,0.18518518518518517
10112,hydro_reservoir,2030,206,8,8,0.21164021164021163
10113,hydro_reservoir,2030,206,9,9,0.23809523809523808
10114,hydro_reservoir,2030,206,10,10,0.26455026455026454
10115,hydro_reservoir,2030,206,11,11,0.291005291005291
10116,hydro_reservoir,2030,206,12,12,0.31746031746031744
10117,hydro_reservoir,2030,206,13,13,0.3439153439153439
10118,hydro_reservoir,2030,206,14,14,0.37037037037037035
10119,hydro_reservoir,2030,206,15,15,0.3968253968253968
10120,hydro_reservoir,2030,206,16,16,0.42328042328042326
10121,hydro_reservoir,2030,206,17,17,0.4497354497354497
10122,hydro_reservoir,2030,206,18,18,0.47619047619047616
10123,hydro_reservoir,2030,206,19,19,0.5026455026455026
10124,hydro_reservoir,2030,206,20,20,0.5291005291005291
10125,hydro_reservoir,2030,206,21,21,0.5555555555555556
10126,hydro_reservoir,2030,206,22,22,0.5820105820105821
10127,hydro_reservoir,2030,206,23,23,0.6084656084656086
10128,hydro_reservoir,2030,206,24,24,0.6349206349206351
10129,hydro_reservoir,2030,207,1,1,0.02522045855379189
10130,hydro_reservoir,2030,207,2,2,0.05044091710758378
10131,hydro_reservoir,2030,207,3,3,0.07566137566137567
10132,hydro_reservoir,2030,207,4,4,0.10088183421516755
10133,hydro_reservoir,2030,207,5,5,0.12610229276895946
10134,hydro_reservoir,2030,207,6,6,0.15132275132275136
10135,hydro_reservoir,2030,207,7,7,0.17654320987654326
10136,hydro_reservoir,2030,207,8,8,0.20176366843033516
10137,hydro_reservoir,2030,207,9,9,0.20102449476288856
10138,hydro_reservoir,2030,207,10,10,0.1921611690329375
10139,hydro_reservoir,2030,207,11,11,0.18105384074112424
10140,hydro_reservoir,2030,207,12,12,0.1402109349520681
10141,hydro_reservoir,2030,207,13,13,0.14650391907804058
10142,hydro_reservoir,2030,207,14,14,0.16534154021780717
10143,hydro_reservoir,2030,207,15,15,0.19056199877159907
10144,hydro_reservoir,2030,207,16,16,0.19680671121550833
10145,hydro_reservoir,2030,207,17,17,0.20547650517867375
10146,hydro_reservoir,2030,207,18,18,0.20579757136201476
10147,hydro_reservoir,2030,207,19,19,0.23101802991580667
10148,hydro_reservoir,2030,207,20,20,0.25623848846959857
10149,hydro_reservoir,2030,207,21,21,0.28145894702339047
10150,hydro_reservoir,2030,207,22,22,0.3066794055771824
10151,hydro_reservoir,2030,207,23,23,0.3318998641309743
10152,hydro_reservoir,2030,207,24,24,0.3571203226847662
10153,hydro_reservoir,2030,208,1,1,0.02345679012345679
10154,hydro_reservoir,2030,208,2,2,0.04691358024691358
10155,hydro_reservoir,2030,208,3,3,0.07037037037037037
10156,hydro_reservoir,2030,208,4,4,0.09382716049382717
10157,hydro_reservoir,2030,208,5,5,0.11728395061728396
10158,hydro_reservoir,2030,208,6,6,0.14074074074074075
10159,hydro_reservoir,2030,208,7,7,0.16419753086419753
10160,hydro_reservoir,2030,208,8,8,0.18765432098765433
10161,hydro_reservoir,2030,208,9,9,0.21111111111111114
10162,hydro_reservoir,2030,208,10,10,0.23456790123456794
10163,hydro_reservoir,2030,208,11,11,0.25802469135802475
10164,hydro_reservoir,2030,208,12,12,0.28148148148148155
10165,hydro_reservoir,2030,208,13,13,0.30493827160493836
10166,hydro_reservoir,2030,208,14,14,0.32839506172839517
10167,hydro_reservoir,2030,208,15,15,0.35185185185185197
10168,hydro_reservoir,2030,208,16,16,0.3753086419753088
10169,hydro_reservoir,2030,208,17,17,0.3987654320987656
10170,hydro_reservoir,2030,208,18,18,0.4222222222222224
10171,hydro_reservoir,2030,208,19,19,0.4456790123456792
10172,hydro_reservoir,2030,208,20,20,0.469135802469136
10173,hydro_reservoir,2030,208,21,21,0.4925925925925928
10174,hydro_reservoir,2030,208,22,22,0.5160493827160496
10175,hydro_reservoir,2030,208,23,23,0.5395061728395064
10176,hydro_reservoir,2030,208,24,24,0.5629629629629632
10177,hydro_reservoir,2030,209,1,1,0.025396825396825397
10178,hydro_reservoir,2030,209,2,2,0.050793650793650794
10179,hydro_reservoir,2030,209,3,3,0.0761904761904762
10180,hydro_reservoir,2030,209,4,4,0.10158730158730159
10181,hydro_reservoir,2030,209,5,5,0.12698412698412698
10182,hydro_reservoir,2030,209,6,6,0.15238095238095237
10183,hydro_reservoir,2030,209,7,7,0.17777777777777776
10184,hydro_reservoir,2030,209,8,8,0.20317460317460315
10185,hydro_reservoir,2030,209,9,9,0.22857142857142854
10186,hydro_reservoir,2030,209,10,10,0.25396825396825395
10187,hydro_reservoir,2030,209,11,11,0.27936507936507937
10188,hydro_reservoir,2030,209,12,12,0.3047619047619048
10189,hydro_reservoir,2030,209,13,13,0.3301587301587302
10190,hydro_reservoir,2030,209,14,14,0.3555555555555556
10191,hydro_reservoir,2030,209,15,15,0.38095238095238104
10192,hydro_reservoir,2030,209,16,16,0.40634920634920646
10193,hydro_reservoir,2030,209,17,17,0.4317460317460319
10194,hydro_reservoir,2030,209,18,18,0.4571428571428573
10195,hydro_reservoir,2030,209,19,19,0.4825396825396827
10196,hydro_reservoir,2030,209,20,20,0.5079365079365081
10197,hydro_reservoir,2030,209,21,21,0.5333333333333335
10198,hydro_reservoir,2030,209,22,22,0.558730158730159
10199,hydro_reservoir,2030,209,23,23,0.5841269841269844
10200,hydro_reservoir,2030,209,24,24,0.6095238095238098
10201,hydro_reservoir,2030,210,1,1,0.03192239858906525
10202,hydro_reservoir,2030,210,2,2,0.0638447971781305
10203,hydro_reservoir,2030,210,3,3,0.09576719576719575
10204,hydro_reservoir,2030,210,4,4,0.127689594356261
10205,hydro_reservoir,2030,210,5,5,0.15961199294532627
10206,hydro_reservoir,2030,210,6,6,0.19153439153439153
10207,hydro_reservoir,2030,210,7,7,0.2234567901234568
10208,hydro_reservoir,2030,210,8,8,0.255379188712522
10209,hydro_reservoir,2030,210,9,9,0.24396634429574046
10210,hydro_reservoir,2030,210,10,10,0.25539569440391396
10211,hydro_reservoir,2030,210,11,11,0.2503833542382149
10212,hydro_reservoir,2030,210,12,12,0.28230575282728015
10213,hydro_reservoir,2030,210,13,13,0.3142281514163454
10214,hydro_reservoir,2030,210,14,14,0.3461505500054107
10215,hydro_reservoir,2030,210,15,15,0.37807294859447593
10216,hydro_reservoir,2030,210,16,16,0.4099953471835412
10217,hydro_reservoir,2030,210,17,17,0.44191774577260645
10218,hydro_reservoir,2030,210,18,18,0.4738401443616717
10219,hydro_reservoir,2030,210,19,19,0.505762542950737
10220,hydro_reservoir,2030,210,20,20,0.5376849415398022
10221,hydro_reservoir,2030,210,21,21,0.5696073401288674
10222,hydro_reservoir,2030,210,22,22,0.6015297387179326
10223,hydro_reservoir,2030,210,23,23,0.6334521373069978
10224,hydro_reservoir,2030,210,24,24,0.665374535896063
10225,hydro_reservoir,2030,211,1,1,0.031569664902998236
10226,hydro_reservoir,2030,211,2,2,0.06313932980599647
10227,hydro_reservoir,2030,211,3,3,0.09470899470899471
10228,hydro_reservoir,2030,211,4,4,0.12627865961199294
10229,hydro_reservoir,2030,211,5,5,0.15784832451499117
10230,hydro_reservoir,2030,211,6,6,0.1894179894179894
10231,hydro_reservoir,2030,211,7,7,0.22098765432098763
10232,hydro_reservoir,2030,211,8,8,0.2525573192239859
10233,hydro_reservoir,2030,211,9,9,0.2841269841269841
10234,hydro_reservoir,2030,211,10,10,0.31569664902998235
10235,hydro_reservoir,2030,211,11,11,0.3472663139329806
10236,hydro_reservoir,2030,211,12,12,0.3788359788359788
10237,hydro_reservoir,2030,211,13,13,0.41040564373897703
10238,hydro_reservoir,2030,211,14,14,0.44197530864197526
10239,hydro_reservoir,2030,211,15,15,0.4735449735449735
10240,hydro_reservoir,2030,211,16,16,0.5051146384479718
10241,hydro_reservoir,2030,211,17,17,0.5366843033509701
10242,hydro_reservoir,2030,211,18,18,0.5682539682539683
10243,hydro_reservoir,2030,211,19,19,0.5998236331569666
10244,hydro_reservoir,2030,211,20,20,0.6313932980599649
10245,hydro_reservoir,2030,211,21,21,0.6629629629629632
10246,hydro_reservoir,2030,211,22,22,0.6945326278659615
10247,hydro_reservoir,2030,211,23,23,0.7261022927689598
10248,hydro_reservoir,2030,211,24,24,0.757671957671958
10249,hydro_reservoir,2030,212,1,1,0.0236331569664903
10250,hydro_reservoir,2030,212,2,2,0.0472663139329806
10251,hydro_reservoir,2030,212,3,3,0.0708994708994709
10252,hydro_reservoir,2030,212,4,4,0.0945326278659612
10253,hydro_reservoir,2030,212,5,5,0.11816578483245149
10254,hydro_reservoir,2030,212,6,6,0.14179894179894179
10255,hydro_reservoir,2030,212,7,7,0.16543209876543208
10256,hydro_reservoir,2030,212,8,8,0.18906525573192237
10257,hydro_reservoir,2030,212,9,9,0.21269841269841266
10258,hydro_reservoir,2030,212,10,10,0.23633156966490296
10259,hydro_reservoir,2030,212,11,11,0.25996472663139325
10260,hydro_reservoir,2030,212,12,12,0.28359788359788357
10261,hydro_reservoir,2030,212,13,13,0.3072310405643739
10262,hydro_reservoir,2030,212,14,14,0.3308641975308642
10263,hydro_reservoir,2030,212,15,15,0.35449735449735453
10264,hydro_reservoir,2030,212,16,16,0.37813051146384485
10265,hydro_reservoir,2030,212,17,17,0.4017636684303352
10266,hydro_reservoir,2030,212,18,18,0.4253968253968255
10267,hydro_reservoir,2030,212,19,19,0.4490299823633158
10268,hydro_reservoir,2030,212,20,20,0.47266313932980614
10269,hydro_reservoir,2030,212,21,21,0.49629629629629646
10270,hydro_reservoir,2030,212,22,22,0.5199294532627867
10271,hydro_reservoir,2030,212,23,23,0.543562610229277
10272,hydro_reservoir,2030,212,24,24,0.5671957671957673
10273,hydro_reservoir,2030,213,1,1,0.02451499118165785
10274,hydro_reservoir,2030,213,2,2,0.0490299823633157
10275,hydro_reservoir,2030,213,3,3,0.07354497354497355
10276,hydro_reservoir,2030,213,4,4,0.0980599647266314
10277,hydro_reservoir,2030,213,5,5,0.12257495590828923
10278,hydro_reservoir,2030,213,6,6,0.14708994708994708
10279,hydro_reservoir,2030,213,7,7,0.17160493827160492
10280,hydro_reservoir,2030,213,8,8,0.19611992945326276
10281,hydro_reservoir,2030,213,9,9,0.2206349206349206
10282,hydro_reservoir,2030,213,10,10,0.24514991181657844
10283,hydro_reservoir,2030,213,11,11,0.2696649029982363
10284,hydro_reservoir,2030,213,12,12,0.2576483817832755
10285,hydro_reservoir,2030,213,13,13,0.24643934726922184
10286,hydro_reservoir,2030,213,14,14,0.2382196617547801
10287,hydro_reservoir,2030,213,15,15,0.20514342679579267
10288,hydro_reservoir,2030,213,16,16,0.1477932989108037
10289,hydro_reservoir,2030,213,17,17,0.07558032211689492
10290,hydro_reservoir,2030,213,18,18,-0.01036830661069632
10291,hydro_reservoir,2030,213,19,19,-0.05828281167218919
10292,hydro_reservoir,2030,213,20,20,-0.03376782049053134
10293,hydro_reservoir,2030,213,21,21,-0.009252829308873493
10294,hydro_reservoir,2030,213,22,22,0.015262161872784355
10295,hydro_reservoir,2030,213,23,23,0.0397771530544422
10296,hydro_reservoir,2030,213,24,24,0.06429214423610005
10297,hydro_reservoir,2030,214,1,1,0.0236331569664903
10298,hydro_reservoir,2030,214,2,2,0.0472663139329806
10299,hydro_reservoir,2030,214,3,3,0.0708994708994709
10300,hydro_reservoir,2030,214,4,4,0.0945326278659612
10301,hydro_reservoir,2030,214,5,5,0.11816578483245149
10302,hydro_reservoir,2030,214,6,6,0.14179894179894179
10303,hydro_reservoir,2030,214,7,7,0.16543209876543208
10304,hydro_reservoir,2030,214,8,8,0.18906525573192237
10305,hydro_reservoir,2030,214,9,9,0.21269841269841266
10306,hydro_reservoir,2030,214,10,10,0.23633156966490296
10307,hydro_reservoir,2030,214,11,11,0.25996472663139325
10308,hydro_reservoir,2030,214,12,12,0.28359788359788357
10309,hydro_reservoir,2030,214,13,13,0.3072310405643739
10310,hydro_reservoir,2030,214,14,14,0.3308641975308642
10311,hydro_reservoir,2030,214,15,15,0.35449735449735453
10312,hydro_reservoir,2030,214,16,16,0.37813051146384485
10313,hydro_reservoir,2030,214,17,17,0.4017636684303352
10314,hydro_reservoir,2030,214,18,18,0.4253968253968255
10315,hydro_reservoir,2030,214,19,19,0.4490299823633158
10316,hydro_reservoir,2030,214,20,20,0.47266313932980614
10317,hydro_reservoir,2030,214,21,21,0.49629629629629646
10318,hydro_reservoir,2030,214,22,22,0.5199294532627867
10319,hydro_reservoir,2030,214,23,23,0.543562610229277
10320,hydro_reservoir,2030,214,24,24,0.5671957671957673
10321,hydro_reservoir,2030,215,1,1,0.05008818342151675
10322,hydro_reservoir,2030,215,2,2,0.1001763668430335
10323,hydro_reservoir,2030,215,3,3,0.15026455026455027
10324,hydro_reservoir,2030,215,4,4,0.200352733686067
10325,hydro_reservoir,2030,215,5,5,0.25044091710758376
10326,hydro_reservoir,2030,215,6,6,0.30052910052910053
10327,hydro_reservoir,2030,215,7,7,0.3506172839506173
10328,hydro_reservoir,2030,215,8,8,0.38491802319414836
10329,hydro_reservoir,2030,215,9,9,0.3537391701038119
10330,hydro_reservoir,2030,215,10,10,0.3190491672118915
10331,hydro_reservoir,2030,215,11,11,0.3007580522958175
10332,hydro_reservoir,2030,215,12,12,0.30388529413643944
10333,hydro_reservoir,2030,215,13,13,0.3099734545916432
10334,hydro_reservoir,2030,215,14,14,0.3264250246035066
10335,hydro_reservoir,2030,215,15,15,0.36744760078406413
10336,hydro_reservoir,2030,215,16,16,0.4175357842055809
10337,hydro_reservoir,2030,215,17,17,0.44563436377057747
10338,hydro_reservoir,2030,215,18,18,0.4740135333791293
10339,hydro_reservoir,2030,215,19,19,0.5181931460349913
10340,hydro_reservoir,2030,215,20,20,0.5682813294565081
10341,hydro_reservoir,2030,215,21,21,0.6183695128780249
10342,hydro_reservoir,2030,215,22,22,0.6684576962995417
10343,hydro_reservoir,2030,215,23,23,0.7185458797210584
10344,hydro_reservoir,2030,215,24,24,0.7686340631425752
10345,hydro_reservoir,2030,216,1,1,0.030335097001763667
10346,hydro_reservoir,2030,216,2,2,0.060670194003527335
10347,hydro_reservoir,2030,216,3,3,0.091005291005291
10348,hydro_reservoir,2030,216,4,4,0.12134038800705467
10349,hydro_reservoir,2030,216,5,5,0.15167548500881833
10350,hydro_reservoir,2030,216,6,6,0.182010582010582
10351,hydro_reservoir,2030,216,7,7,0.2123456790123457
10352,hydro_reservoir,2030,216,8,8,0.24268077601410937
10353,hydro_reservoir,2030,216,9,9,0.23870110283881918
10354,hydro_reservoir,2030,216,10,10,0.1891941886745223
10355,hydro_reservoir,2030,216,11,11,0.14678015441517606
10356,hydro_reservoir,2030,216,12,12,0.10544135013149201
10357,hydro_reservoir,2030,216,13,13,0.07553352810714575
10358,hydro_reservoir,2030,216,14,14,0.07969390594652213
10359,hydro_reservoir,2030,216,15,15,0.1031400587718473
10360,hydro_reservoir,2030,216,16,16,0.13347515577361097
10361,hydro_reservoir,2030,216,17,17,0.16381025277537464
10362,hydro_reservoir,2030,216,18,18,0.19414534977713832
10363,hydro_reservoir,2030,216,19,19,0.224480446778902
10364,hydro_reservoir,2030,216,20,20,0.2548155437806657
10365,hydro_reservoir,2030,216,21,21,0.28515064078242935
10366,hydro_reservoir,2030,216,22,22,0.31548573778419303
10367,hydro_reservoir,2030,216,23,23,0.3458208347859567
10368,hydro_reservoir,2030,216,24,24,0.3761559317877204
