id,scenario,probability,solution
1,1,0.2,0.0
2,2,0.2,0.0
3,3,0.2,0.0
4,4,0.2,4873196.72158391
5,5,0.2,4274204.265304934
